:020000040800F2
:1000000000000320690F0008650E0008670E000855
:10001000690E00086B0E00086D0E0008B90F00088D
:100020000000000000000000000000006F0E00084B
:10003000710E000800000000730E0008750E000825
:10004000B90F0008B90F0008B90F0008B90F000870
:10005000B90F0008B90F0008B90F0008B90F000860
:10006000B90F0008B90F0008B90F0008B90F000850
:10007000B90F0008B90F0008B90F0008B90F000840
:10008000B90F0008B90F0008B90F0008B90F000830
:10009000B90F0008B90F0008B90F0008B90F000820
:1000A000790E0008B90F0008B90F00087F0E00088C
:1000B000B90F0008B90F0008810E0008B90F000839
:1000C000B90F0008B90F0008B90F0008B90F0008F0
:1000D000B90F0008B90F0008B90F0008B90F0008E0
:1000E000B90F0008B90F0008B90F0008B90F0008D0
:1000F000B90F0008B90F0008B90F0008B90F0008C0
:10010000B90F0008B90F0008B90F0008B90F0008AF
:10011000B90F0008B90F0008B90F0008B90F00089F
:10012000B90F0008B90F0008B90F0008B90F00088F
:10013000B90F0008B90F0008B90F0008B90F00087F
:10014000B90F0008B90F0008B90F0008B90F00086F
:10015000B90F0008B90F0008B90F0008B90F00085F
:10016000B90F0008B90F0008B90F0008B90F00084F
:10017000B90F000800000000B90F000800000000DF
:10018000830E0008B90F0008B90F0008B90F000866
:10019000B90F0008B90F0008B90F0008B90F00081F
:1001A000B90F0008B90F0008850E0008B90F000844
:1001B000B90F000800000000B90F0008B90F0008CF
:1001C000B90F000800000000B90F0008B90F0008BF
:1001D000B90F0008B90F0008B90F0008B90F0008DF
:1001E000B90F0008B90F0008B90F0008B90F0008CF
:0801F000000000000000000007
:1001F80010F8012B11F8013B012A28BF9A42F7D0C9
:10020800D01A704781F0004102E000BF83F000433C
:1002180030B54FEA41044FEA430594EA050F08BF99
:1002280090EA020F1FBF54EA000C55EA020C7FEA5D
:10023800645C7FEA655C00F0E2804FEA5454D4EBDA
:100248005555B8BF6D420CDD2C4480EA020281EAA4
:10025800030382EA000083EA010180EA020281EADC
:100268000303362D88BF30BD11F0004F4FEA01312E
:100278004FF4801C4CEA113102D0404261EB41013D
:1002880013F0004F4FEA03334CEA133302D05242C3
:1002980063EB430394EA050F00F0A780A4F101047F
:1002A800D5F1200E0DDB02FA0EFC22FA05F28018B9
:1002B80041F1000103FA0EF2801843FA05F359419F
:1002C8000EE0A5F120050EF1200E012A03FA0EFC1E
:1002D80028BF4CF0020C43FA05F3C01851EBE37148
:1002E80001F0004507D54FF0000EDCF1000C7EEB65
:1002F80000006EEB0101B1F5801F1BD3B1F5001FA3
:100308000CD349085FEA30004FEA3C0C04F10104C1
:100318004FEA445212F5800F80F09A80BCF1004FEA
:1003280008BF5FEA500C50F1000041EB045141EA6C
:10033800050130BD5FEA4C0C404141EB0101013C35
:1003480028BFB1F5801FE9D291F0000F04BF014624
:100358000020B1FA81F308BF2033A3F10B03B3F1F6
:1003680020020CDA0C3208DD02F1140CC2F10C0286
:1003780001FA0CF021FA02F10CE002F11402D8BFE4
:10038800C2F1200C01FA02F120FA0CFCDCBF41EAB0
:100398000C019040E41AA2BF01EB0451294330BD7F
:1003A8006FEA04041F3C1CDA0C340EDC04F114045C
:1003B800C4F1200220FA04F001FA02F340EA030033
:1003C80021FA04F345EA030130BDC4F10C04C4F179
:1003D800200220FA02F001FA04F340EA0300294659
:1003E80030BD21FA04F0294630BD94F0000F83F4A3
:1003F800801306BF81F480110134013D4EE77FEA86
:10040800645C18BF7FEA655C29D094EA050F08BFD1
:1004180090EA020F05D054EA000C04BF19461046B2
:1004280030BD91EA030F1EBF0021002030BD5FEAF6
:10043800545C05D14000494128BF41F0004130BD1E
:1004480014F580043CBF01F5801130BD01F0004572
:1004580045F0FE4141F470014FF0000030BD7FEAE5
:10046800645C1ABF194610467FEA655C1CBF0B46E0
:10047800024650EA013406BF52EA033591EA030FF7
:1004880041F4002130BD00BF90F0000F04BF0021EF
:10049800704730B54FF4806404F132044FF0000522
:1004A8004FF0000150E700BF90F0000F04BF00219B
:1004B800704730B54FF4806404F1320410F0004501
:1004C80048BF40424FF000013EE700BF42004FEAFC
:1004D800E2014FEA31014FEA02701FBF12F07F4379
:1004E80093F07F4F81F06051704732F07F4208BF30
:1004F800704793F07F4F04BF41F40021704730B537
:100508004FF4607401F0004521F000411CE700BF82
:1005180050EA010208BF704730B54FF000050AE005
:1005280050EA010208BF704730B511F0004502D506
:10053800404261EB41014FF4806404F132045FEA08
:10054800915C3FF4D8AE4FF003025FEADC0C18BFB1
:1005580003325FEADC0C18BF033202EBDC02C2F1A3
:10056800200300FA03FC20FA02F001FA03FE40EA35
:100578000E0021FA02F11444BDE600BF70B54FF039
:10058800FF0C4CF4E06C1CEA11541DBF1CEA135517
:1005980094EA0C0F95EA0C0F00F0DEF82C4481EA7F
:1005A800030621EA4C5123EA4C5350EA013518BF9F
:1005B80052EA033541F4801143F4801338D0A0FB8C
:1005C80002CE4FF00005E1FB02E506F00042E0FB39
:1005D80003E54FF00006E1FB03569CF0000F18BF3F
:1005E8004EF0010EA4F1FF04B6F5007F64F54074E7
:1005F80004D25FEA4E0E6D4146EB060642EAC6217A
:1006080041EA55514FEAC52040EA5E504FEACE2EE6
:10061800B4F1FD0C88BFBCF5E06F1ED8BEF1004FE9
:1006280008BF5FEA500E50F1000041EB045170BD65
:1006380006F0004646EA010140EA020081EA0301A9
:10064800B4EB5C04C2BFD4EB0C0541EA045170BDA5
:1006580041F480114FF0000E013C00F3AB8014F11F
:10066800360FDEBF002001F0004170BDC4F1000468
:10067800203C35DA0C341BDC04F11404C4F12005E9
:1006880000FA05F320FA04F001FA05F240EA020044
:1006980001F0004221F0004110EBD37021FA04F67A
:1006A80042EB06015EEA430E08BF20EAD37070BD34
:1006B800C4F10C04C4F1200500FA04F320FA05F093
:1006C80001FA04F240EA020001F0004110EBD37095
:1006D80041F100015EEA430E08BF20EAD37070BD05
:1006E800C4F1200500FA05F24EEA020E20FA04F3DE
:1006F80001FA05F243EA020321FA04F001F000418D
:1007080021FA04F220EA020000EBD3705EEA430EFD
:1007180008BF20EAD37070BD94F0000F0FD101F02C
:100728000046400041EB010111F4801F08BF013C65
:10073800F7D041EA060195F0000F18BF704703F0A3
:100748000046520043EB030313F4801F08BF013D2A
:10075800F7D043EA0603704794EA0C0F0CEA1355E6
:1007680018BF95EA0C0F0CD050EA410618BF52EAA0
:100778004306D1D181EA030101F000414FF00000A6
:1007880070BD50EA410606BF1046194652EA4306B4
:1007980019D094EA0C0F02D150EA013613D195EA28
:1007A8000C0F05D152EA03361CBF104619460AD170
:1007B80081EA030101F0004141F0FE4141F470017A
:1007C8004FF0000070BD41F0FE4141F4780170BD6A
:1007D80070B54FF0FF0C4CF4E06C1CEA11541DBFCF
:1007E8001CEA135594EA0C0F95EA0C0F00F0A7F8D1
:1007F800A4EB050481EA030E52EA03354FEA0131FE
:1008080000F088804FEA03334FF0805545EA131310
:1008180043EA12634FEA022245EA111545EA1065D8
:100828004FEA00260EF000419D4208BF964244F16F
:10083800FD0404F5407402D25B084FEA3202B61A8E
:1008480065EB03055B084FEA32024FF480104FF462
:10085800002CB6EB020E75EB030E22BFB61A7546D6
:1008680040EA0C005B084FEA3202B6EB020E75EB69
:10087800030E22BFB61A754640EA5C005B084FEAD1
:100888003202B6EB020E75EB030E22BFB61A75469E
:1008980040EA9C005B084FEA3202B6EB020E75EBA9
:1008A800030E22BFB61A754640EADC0055EA060E6A
:1008B80018D04FEA051545EA16754FEA06164FEAAD
:1008C800C30343EA52734FEAC2025FEA1C1CC0D159
:1008D80011F4801F0BD141EA00014FF000004FF0E6
:1008E800004CB6E711F4801F04BF01430020B4F1A7
:1008F800FD0C88BFBCF5E06F3FF6AFAEB5EB030C5F
:1009080004BFB6EB020C5FEA500C50F1000041EB5B
:10091800045170BD0EF0004E4EEA113114EB5C0428
:10092800C2BFD4EB0C0541EA045170BD41F48011FB
:100938004FF0000E013C90E645EA060E8DE60CEA03
:10094800135594EA0C0F08BF95EA0C0F3FF43BAF20
:1009580094EA0C0F0AD150EA01347FF434AF95EAD7
:100968000C0F7FF425AF104619462CE795EA0C0FBB
:1009780006D152EA03353FF4FDAE1046194622E788
:1009880050EA410618BF52EA43067FF4C5AE50EA62
:1009980041047FF40DAF52EA43057FF4EBAE12E752
:1009A8004FF0FF3C06E000BF4FF0010C02E000BF33
:1009B8004FF0010C4DF804CD4FEA410C7FEA6C5C16
:1009C8004FEA430C18BF7FEA6C5C1BD001B050EAB9
:1009D800410C0CBF52EA430C91EA030F02BF90EAA4
:1009E800020F0020704710F1000F91EA030F58BF63
:1009F800994208BF90422CBFD8176FEAE37040F0C5
:100A0800010070474FEA410C7FEA6C5C02D150EA62
:100A1800013C07D14FEA430C7FEA6C5CD6D152EA1D
:100A2800033CD3D05DF8040B704700BF84461046E2
:100A380062468C461946634600E000BF01B5FFF7E1
:100A4800B7FF002848BF10F1000F01BD4DF808EDB1
:100A5800FFF7F4FF0CBF012000205DF808FB00BF82
:100A68004DF808EDFFF7EAFF34BF012000205DF8DC
:100A780008FB00BF4DF808EDFFF7E0FF94BF012029
:100A880000205DF808FB00BF4DF808EDFFF7CEFF2A
:100A980094BF012000205DF808FB00BF4DF808ED69
:100AA800FFF7C4FF34BF012000205DF808FB00BF3A
:100AB8004FEA410C7FEA6C5C02D150EA013C0AD152
:100AC8004FEA430C7FEA6C5C02D152EA033C02D144
:100AD8004FF0000070474FF0010070474FEA4102A5
:100AE80012F5001215D211D56FF47873B3EB625278
:100AF80012D94FEAC12343F0004343EA505311F09F
:100B0800004F23FA02F018BF404270474FF0000030
:100B1800704750EA013005D111F0004008BF6FF06E
:100B2800004070474FF00000704700BF4FEA410295
:100B3800B2F1E04324BFB3F5001CDCF1FE5C0DD933
:100B480001F0004C4FEAC0024CEA5070B2F1004F7D
:100B580040EB830008BF20F00100704711F0804F80
:100B680021D113F13872BCBF01F00040704741F445
:100B780080114FEA5252C2F11802C2F1200C10FA49
:100B88000CF320FA02F018BF40F001004FEAC1232D
:100B98004FEAD32303FA0CFC40EA0C0023FA02F3D1
:100BA8004FEA4303CCE77FEA625307D150EA0133A7
:100BB8001EBF4FF0FE4040F44000704701F0004077
:100BC80040F0FE4040F40000704700BF7BB972B9A6
:100BD8000029BEBF00204FF0004106E008BF0028F2
:100BE8001CBF6FF000414FF0FF3000F057B8ADF177
:100BF800080C6DE904CE002909DB002B1ADB11F083
:100C080019FADDF804E0DDE9022304B07047404238
:100C180061EB4101002B1BDB11F00CFADDF804E05D
:100C2800DDE9022304B0404261EB4101524263EB2B
:100C380043037047524263EB430311F0FBF9DDF8BD
:100C480004E0DDE9022304B0404261EB4101704752
:100C5800524263EB430311F0EDF9DDF804E0DDE9FE
:100C6800022304B0524263EB4303704753B94AB9B5
:100C7800002908BF00281CBF4FF0FF314FF0FF309C
:100C880000F00CB8ADF1080C6DE904CE11F0D2F902
:100C9800DDF804E0DDE9022304B07047704700BFC7
:100CA8004A0011D212F5001211D20DD56FF47873E3
:100CB800B3EB62520ED44FEAC12343F0004343EA38
:100CC800505323FA02F070474FF00000704750EA83
:100CD800013002D14FF0FF3070474FF000007047ED
:100CE80010B5054C237833B9044B13B10448AFF35E
:100CF80000800123237010BD800000200000000048
:100D08008823010808B5034B1BB103490348AFF317
:100D1800008008BD0000000084000020882301082E
:100D280000B599B04822002106A810F05BFA1422F9
:100D3800002101A810F056FA002002F095F908B138
:100D480072B6FEE710230693602301220F93022355
:100D5800CDE90D20CDE91132372013920722CDE9D4
:100D6800140206A8CDE9163301F020FC08B172B6CA
:100D7800FEE70F220323CDE903000590052101A812
:100D8800CDE9012301F02EFF08B172B6FEE719B0D4
:100D98005DF804FB7FB501F041FBFFF7C1FF2C4B69
:100DA8000020DA6C42F00402DA64DA6C02F0040221
:100DB8000192019ADA6C42F02002DA64DA6C02F0ED
:100DC80020020292029ADA6C42F08002DA64DA6C4B
:100DD80002F080020392039ADA6C42F00202DA64AB
:100DE800DA6C02F002020492049ADA6C42F0010210
:100DF800DA64DB6C03F001030593059B02F0CAF982
:100E080008B172B6FEE702F0D5F9044608B172B629
:100E1800FEE702F023FD012002F020FD022002F08F
:100E28001DFD0121204602F079FD4FF4E133094907
:100E38002046C1E900348C608C8102F0F7FD08B1CE
:100E480072B6FEE7044800F09DFF30BFFDE700BF23
:100E5800001002409C000020A4A80220FEE7FEE744
:100E6800FEE7FEE7FEE770477047704701F0E8BA13
:100E7800002002F0A7BD7047704770477047000018
:100E88000B4B82B01A6E42F001021A661A6E02F01B
:100E980001020092009A9A6D42F080529A659B6D09
:100EA80003F080530193019B02B002F0C9B800BF60
:100EB800001002400A4A0346106810B508B90948EC
:100EC80010600949094C0344091B8B4206D910F0EC
:100ED80041FA0C2303604FF0FF3010BD1360FCE7AC
:100EE800AC000020B8AC0220000003200004000081
:100EF8000120704708B510F02DFA162303604FF053
:100F0800FF3008BD08B510F025FA16230360FEE788
:100F180070B50D4614460E46731B9C4201DC2046F4
:100F280070BDAFF3008006F8010BF5E770B50D460C
:100F380014460E46731B9C4201DC204670BD16F811
:100F4800010B02F047FDF5E74FF0FF3070474FF413
:100F5800005300204B607047012070470020704705
:100F6800DFF834D001F0DAF9002103E00B4B5B58CD
:100F7800435004310A480B4B42189A42F6D30A4AA6
:100F880002E0002342F8043B084B9A42F9D310F0E0
:100F9800E7F9FFF7FFFEFEE700000320A0B0020814
:100FA800000000207800002080000020B8AC02205B
:100FB800FEE710B538B1406928B10246046800233D
:100FC80001209C4200DC10BD52F8041F002902DDFC
:100FD80048430133F5E70020F5E70000104B1A6895
:100FE800137F032B16D0092B07D0012B15D11369BA
:100FF80003EB800393ED000A704713691B56D16811
:10100800D2ED027A5B1A00EE103AB8EEC00A20EE72
:10101800270A704713691B5CF1E79FED020A7047C6
:10102800F8020020000080FF7047D0F84C2138B546
:10103800092A06D8002300F580749A4203D10020BB
:1010480008E00FF072FF54F8045F8D4203D14A3371
:1010580050F8230038BD0133EFE72DE9F04104468D
:101068000F4606460025D0F80081A84501D100208A
:101078000BE0B369202B0AD13946F069FFF7B8F8BD
:1010880028B91C2303FB05400430BDE8F081013575
:101098001C36EAE7F8B5154B054618680CF058F801
:1010A800044600BBFFF79AFF114EB0EE407AA6EC5B
:1010B800010A01200F4B1F68874202D88DB9002012
:1010C800F8BDFFF78BFFB4EEC70AF1EE10FAA6ECF5
:1010D800010AD4BFB0EE470A0446B0EE407A0130A8
:1010E800EAE72C60EBE76FF00700E9E70003002070
:1010F800D8020020D00200202029F0B507D0002314
:101108001C25D0F8004100F11806A34201D10020A7
:1011180006E005FB03F2B758B94202D10432104485
:10112800F0BD0133F1E700002DE9F04717463C4ACE
:10113800054692F900002DED028B884678B965B115
:10114800384A1268914208D1374A1668327F032A12
:1011580040D0092A13D0012A05D06FF00600BDEC53
:10116800028BBDE8F0878A003069294610F01FF924
:10117800BDEC028B3846BDE8F047FFF78BBFD6EDD4
:10118800027AF5EEC07AF1EE10FAE6D904469FED40
:10119800278A6FF07F09A045EAD0F5EC017AB0EE16
:1011A800E77AB4EE487AF1EE10FAD6D896ED020A4C
:1011B80087EE800AD6F810A00FF06CF9F36818448F
:1011C8004845B8BF48467F28A8BF7F200AF80400D2
:1011D8000134E0E7D6ED027AF5EEC07AF1EE10FAC6
:1011E800BBD904469FED118AA045C1D0F5EC017A20
:1011F800B0EEE77AB4EE487AF1EE10FAADD896ED93
:10120800020A87EE800AD6F810900FF043F9F368C7
:10121800184480F3080009F804000134E4E700BF2B
:1012280004000020D4020020FC020020FFFF7F7F82
:1012380000487047D8020020024B186800B10069C6
:10124800704700BFF8020020084B186858B1007FAB
:10125800032809D0092807D0431E58425841800066
:10126800034B1B68584370470120F9E7F802002038
:10127800D0020020014B1868704700BFD40200203C
:10128800014B1868704700BFD0020020014B186856
:10129800704700BFCC020020084B186858B1007F87
:1012A800032809D0092807D0431E58425841800016
:1012B800034B1B68584370470120F9E7FC020020E4
:1012C800D402002038B50D4B044693F900001546AA
:1012D80090B97CB1FFF7E0FF884202460AD1084B7B
:1012E80021461B68186910F062F82846BDE83840A6
:1012F800FFF7D0BE6FF0060038BD00BF0400002025
:10130800FC020020024B186800B1007F704700BF44
:10131800FC020020024B186800B1007F704700BF34
:10132800F8020020044B1B6813B193ED020A7047C2
:101338009FED020A704700BFFC0200200000000079
:10134800024B186800B1C068704700BFFC0200205B
:10135800044B1B6813B193ED020A70479FED020A14
:10136800704700BFF802002000000000024B186818
:1013780000B1C068704700BFF802002007289ABF74
:10138800024B53F820000248704700BFA4590208D6
:101398000653020820292DE9F843054688461446D5
:1013A800994608D120480BF007FF20480BF004FFAE
:1013B8000120BDE8F88303681B689847074638B1E1
:1013C8001B480BF0F9FE41461A480BF0F5FEEFE713
:1013D800D5F800C1BCF1080F06D9414616480BF0F4
:1013E800EBFE09211548F0E74FF01C0E0FCC0EFB61
:1013F8000C5E0EF104060FC60CF1010394E8070019
:1014080086E80700CEF81880C5F80031D5F84C31C9
:10141800384605EB83020133C2F80481C2F82891EB
:10142800C5F84C31C5E700BF4026020871260208FE
:1014380086260208B5260208D626020807270208CB
:10144800074B2DE9F0411A684CF240339A428CB0B0
:101458000AD06FF00800034B18700CB0BDE8F0819B
:10146800A023010804000020AB4B1A68D4189B582D
:10147800E31A1A88042A40F246819B88002B00F060
:101488004281E358032B40F03E81A44AA4481368E4
:1014980013F001030BD1C0F80031C0F84C3101231F
:1014A800A04913600160A04AA0490FF039FD05A8C2
:1014B80006F056FF00219E4B994805AAFFF76AFFE0
:1014C800002840F01D8105A803F030F90321994B4D
:1014D800934805AAFFF75EFF002840F0118105A890
:1014E80003F0ECFF0421944B8D4805AAFFF752FF47
:1014F800002840F0058105A804F0C6FB09218F4BA0
:10150800874805AAFFF746FF002840F0F98005A89C
:1015180005F01CFA0E218A4B814805AAFFF73AFF0D
:10152800002840F0ED8005A808F010F81121854B3F
:101538007B4805AAFFF72EFF002840F0E18005A8A8
:1015480009F084F92821804B754805AAFFF722FF86
:10155800002840F0D58005A808F024FA12217B4B1A
:101568006F4805AAFFF716FF002840F0C98005A8B4
:1015780005F0D8FE1921764B694805AAFFF70AFF3E
:10158800002840F0BD80734D2B68DE0713D400237C
:10159800CDE9023301934FF4C0332146604A0093EA
:1015A8006D486E4B0BF042FB01235F4A6C496A4859
:1015B8002B600FF0B5FC68486A4D28600BF0DAFC28
:1015C8000446002840F0A280014628680BF06EFB14
:1015D800654E2146306028680BF08AFBDFF8A4814D
:1015E8000446C8F800003068FFF7E3FC5F4F386036
:1015F8002046FFF7DEFC5E4C2B682060D86E0AF0B0
:1016080029FB5C4B31681860002900F082804B6927
:10161800002B7ED01A68042A7BD15A68012A78D117
:101628009A68202A75D1DA68282A72D11B69012B99
:101638006FD1D8F80020002A6BD05369002B68D0EE
:101648001868022865D15868012862D19B68082B60
:101658005FD13B68B3F5A06F5BD12368082B58D1E5
:101668000D7F6B1EDBB2082B00F28E8040F2051056
:1016780020FA03F3DC0740F18780147F631EDBB296
:10168800082B00F28180D840C3077DD5092D7FF44F
:10169800E0AE092C7FF4DDAED1ED027AF5EEC07A2A
:1016A800F1EE10FA7FF6D5AE9FED337A77EEC77A72
:1016B8009FED327AF0EEE77AF4EEC77AF1EE10FA9F
:1016C8003FF6C7AECB6880337FF4C3AED2ED027A63
:1016D800F5EEC07AF1EE10FA7FF6BBAEDFED286AC0
:1016E80077EEE67AF0EEE77AF4EEC77AF1EE10FAE2
:1016F8003FF6AFAED36880337FF4ABAE0020AAE6E6
:101708006FF00200A7E66FF00100A4E66FF0030097
:10171800A1E66FF004009EE6B023010878010020DE
:101728007C010020905902080000002031100008B8
:10173800E1B5000841B6000803B70008A1B70008E2
:1017480055B50008A7B8000889B500085DB80008B5
:1017580059B90008B0000020B40000201003002090
:1017680025CD000800030020FC020020D402002040
:10177800D0020020CC020020BE784D3C95BFD63365
:101788000000803BF80200206FF0050063E600BF10
:10179800074AD2F8FC3043F08073C2F8FC300022CC
:1017A800044B5A601A6842F001021A60704700BF81
:1017B80000ED00E0001000E000207047000000008D
:1017C8002DE9F04F2DED028B1446074685B0002811
:1017D80000F02F81002A00F02C81B1F57A5F40F0EB
:1017E8002881B3F5A06F40F02481A14D2B7863B90F
:1017F800A0480DF051FA30B16FF0C90005B0BDEC4A
:10180800028BBDE8F08F01232B70DFF89CB29FEDAF
:101818009A8AD946DFED998A994EDFF87082334665
:101828009849994A06F50060B3F57A5F37BF37F9EA
:101838001350F0EE487A07EE905AF8EEE77AB1ECDA
:10184800017A38BF67EEA87A67EE277A01338342B8
:10185800E2EC017AE8D100238C4A8B4985480DF0E7
:10186800FBF9D8ED007A67EEA77A884D98ED017AF2
:10187800C8ED007A2B460122291DD3ED037AD3ED5A
:10188800026A67EEA77A46EEA67A0132B2F5806F51
:10189800E1EC017A03F10803EFD127EE077A7C4BDC
:1018A80040F2014A83ED007A95ED000A0EF0AAF89D
:1018B800BAF1010AA5EC010AF6D14846282575496E
:1018C800DFF8E8C1DFED6C7A3CF8022B0B8808EBF7
:1018D80082020292704A31F802AF02EB830E53453E
:1018E800C0F09D80013DE0EC017AEBD106F5007671
:1018F800B6F5705F09F5007991D104F5A0549FED14
:101908004E7BD8468DED027BA4F5A059D8F800008F
:10191800FEF7DCFD0022614BFEF730FE48A3D3E959
:10192800002306460F46DDE90201FEF727FE46A31F
:10193800D3E90023CDE9020130463946FEF71EFE01
:10194800DDE90223FEF764FC02460B46CDE90223DB
:101958003FA3D3E90023FEF73BFF41EC100B0EF049
:10196800DFFA3DA3D3E9002351EC100BFEF74EFC40
:101978003BA3D3E90023FEF701FE41EC100B0DF069
:1019880053FF304653EC102B3946FEF7F7FD002283
:10199800434BFEF7F3FD41EC100B0EF0C1FA0022A9
:1019A8003F4B51EC100BFEF7E9FD41EC100B0EF02C
:1019B8005BF82DA3D3E9002351EC100BFEF7DEFDF5
:1019C80021F000430193009006460F46DDE900012F
:1019D8004FF0FF32334BFFF76BF800287FF40CAF62
:1019E800DDE900014FF0FF322E4BFFF757F8824632
:1019F80000287FF401AF30463946FFF797F849F8D9
:101A0800A00B4C4508F5007880D10135282D04F14C
:101A180004040BF1040B7FF472AF5046EEE6029A11
:101A2800BEEC017AF2EC016A013346EE877A029243
:101A380055E76FF0C700E1E6000000000000F03F46
:101A480016F4F38F548AED3F4F5F60805BADB33F70
:101A58008DEDB5A0F7C6B03EA0FF8F998AA12B40A7
:101A68005C8FC2F5285CEFBFCD3B7F669EA0F63F3A
:101A780010830120148301200000000000000038BA
:101A880000FCFFFF400602082CE301202CC30120C4
:101A98002CD301209C050208F0E601080000E04173
:101AA8000000E03FFFFFEF7F2C830120EE050208D6
:101AB80030B5084D0A44914200D130BD11F8013BC0
:101AC8005840082340F300042C40013B84EA5000AE
:101AD800F8D1F0E72083B8ED70B51D46144B86B0F9
:101AE800019301238DF8083000230A9E0446CDE9AE
:101AF80003268DF80910324629464FF0FF30ADF81D
:101B08000A30FFF7D5FFC0434FF4FA63059014225B
:101B1800204601A901F04DFD38B936B141F28833AC
:101B280029462046B2B201F044FD06B070BD00BFA0
:101B3800534D543130B50D4600219DB004468DF803
:101B48006F10039219465F2204A80FF065FB642307
:101B58002A460093FF21204603ABFFF7BDFF1DB0C7
:101B680030BD00002DE9F0434FF05C084FF0FF391D
:101B78001F469BB006460D4614460021424603A860
:101B8800CDF808900FF02EFBCDF810904FB10397C9
:101B9800CDF8008082213046AA6803ABFFF79CFF8E
:101BA8000CE074B1FFF778FBEB6883420DD06FF05F
:101BB800640230462D4BA968FFF7BCFF1BB0BDE897
:101BC800F083FFF757FB8000EEE7012001F086FE67
:101BD800274BD3F80480002C3BD0E968254802AA9B
:101BE800FFF770FB0446224B01205F6801F086FE78
:101BF800029BA7EB080704930394059700F0C6FC23
:101C08001D4B984283BF0133B0FBF3F0059B0023C3
:101C180088BFB3FBF0F30693C4B9FFF709FB04468A
:101C2800FFF72EFB234608900AA904EB8002934293
:101C380017D1FFF709FB202828BF20200990FFF7BC
:101C4800FBFA099A014612A80FF0B1FB5C23009336
:101C5800A0E7FFF70FFB02AA01460648FFF764FA60
:101C6800C0E753F8040B41F8040BE0E7B427020877
:101C7800001000E0889402203F420F007FB5084B17
:101C880003921A699B69049205930C230A460093F0
:101C980090216B44FFF720FF07B05DF804FB00BFFD
:101CA800301702202DE9F041ECB002AC154606468B
:101CB80040F2A5120F46204600210FF093FA40F299
:101CC80003132560A380FFF71DFBA071FFF722FB1C
:101CD800274B284AE071C4E902234FF00813236117
:101CE800FFF7C8FA00283FD0FFF7C4FA224B60611B
:101CF8001B680025A3614FF4C033E361FFF7C6FA00
:101D08002062FFF70FFB84ED090AFFF719FBA062B9
:101D1800FFF71EFB84ED0B0AFFF728FB2F2217495C
:101D280020630FA80FF078FA412215491BA80FF07D
:101D38003EFB0DF1AD082846FFF720FB01350146B3
:101D48001F2240460FF068FA082D08F12008F2D14A
:101D580040F2A5133A460093812123463046FFF707
:101D6800BBFE6CB0BDE8F0814FF4A060BEE700BFD9
:101D78002800010001002000A0230108E92702082B
:101D88000F2802082DE9F04F2DED048BABB0044667
:101D9800FFF756FB0646FFF7FBFC002001F0AEFDFF
:101DA800012001F0ABFD022001F0A8FDB6BB3046D2
:101DB80001F094FD324600212046FFF773FF00250D
:101DC800844B0C934FF0000301228DF81B30204602
:101DD8004FF0FF330DF11B0101F046FCB0B905F1DE
:101DE800A8026A449DF81B3012F8781C994217D152
:101DF800032D05F1010002F88C1C16D14FF4FA638B
:101E08001022204608A901F02FFC80B16FF067026C
:101E18000021714B2046FFF78DFED0E70220C7E76F
:101E2800532B04BF01208DF81C300546CAE79DF8E6
:101E38002030012B04D0694B6FF063020999E9E760
:101E4800BDF822300BB1664BF6E741F208430A9A17
:101E58009A4203D9634B6FF06402EFE75AB141F23B
:101E680088332046604992B201F0FEFB18B16FF04A
:101E780067025E4BE2E7DDF828A04FF0FF305246DC
:101E88005949FFF715FEC0430B9B834203D0584BBB
:101E98006FF06502D2E79DF82130013B122B00F26A
:101EA8001D82DFE813F013001D0024001B021B0233
:101EB8001B021B021B021B021B021B021B021B0232
:101EC8001B021B0227006D002F01FA010999BAF1C4
:101ED800000F03D06FF06402464B9BE732466BE776
:101EE80033460022204607A9FFF73CFE67E7334642
:101EF8000122F7E7BAF1100F01D03F4BABE73F4D96
:101F0800394B47F65852D3E900B700212846B3F8B1
:101F18000880B3F80AA0D3F80C900FF063F916B153
:101F28003246099904E0FFF747FC0999024618B1BF
:101F38002046FFF7A3FE42E7BBF57A5F05D1B8F16B
:101F4800010F02D1BAF1000F03D02D4B6FF06802D8
:101F580060E72C4B7A1E9A4204D8B7FBFBF30BFBC5
:101F680013730BB1284BF1E74FF0FF333246C5E945
:101F7800017985F80080EB602E6385F83460D7E737
:101F88001E4D2B781BB9214B6FF0690256E7BAF149
:101F9800040F02D91AF0010901D01D4B5BE7124F5B
:101FA8002B693968994208D16B68AAF104025B1A57
:101FB800B3EB520F4FEA520B01D2164BE4E7E86835
:101FC800391DFFF775FDDFF85080E860CB4525D156
:101FD8000022A6E7534D5431502802086B28020806
:101FE80088280208A328020888940220CB2802081F
:101FF800E7280208FE2802082129020830170220D3
:102008004B2902087E8A1D0073290208A9290208A3
:10201800D4290208032A0208001000E07B793A79E3
:1020280042EA03226B69591C05EB4303DA862B69E4
:10203800B1F57A5F03F1010369612B6152D1D8F8D8
:1020480004A00391FFF716F9A64A03460399A64888
:10205800FFF7B6FBD5E90832D8F804102863A1EBDE
:102068000A015B1842F10002C5E90832024600285D
:1020780045D14FF0010A4FF0FF3350460C9385F8D5
:1020880001A001F02BFCD8F804300593FFF7F2F813
:102098000CAA01469348FFF747F8D8F804100490B3
:1020A8005046039101F02AFC0399059B049AC81A2B
:1020B800D5E90A311B1841F10001C5E90A3185F853
:1020C8003420E2B9FFF7B4F88246FFF7D9F853464F
:1020D800864A0AEB8000984208D1AB690133AB61AC
:1020E80000236B6109F1010902376FE7D2ED007A2D
:1020F800B3EC017A77EE877AE2EC017AEBE700231A
:102108002B700EE7BAF1000F01D0794BA3E6794D99
:102118002B785BB1D5F810906B68994506D16F693B
:1021280027B9D5F81880B8F1000F01D1724B2BE709
:10213800EB68AA68DB43934203D0704B85F800A094
:10214800A6E66C2251460FA80FF04CF8D5E9082CEA
:102158004FF0FF3195F93430CDF894800C932B6B08
:102168000D91CDE92339D5E90A3012EB03084CEB80
:10217800000991427AEB0C0C38BF0A4626920022DD
:10218800994282414FF0FF3238BF134642454FF023
:10219800000272EB09022893434638BF4FF0FF3321
:1021A8000E9300F0F3F9564B984227D90133B0FB50
:1021B800F3FAD5E9080100235246FEF757FD002936
:1021C80008BF0346D5E90A0118BF4FF0FF3352464E
:1021D80027930023FEF74AFD00290CBF03464FF062
:1021E800FF3352462993404600234946FEF73EFDF9
:1021F800002914BF4FF0FF3303460F93239B0C9A1B
:10220800134310D1FFF73CF89FED3E9A6FF07F0B18
:10221800DFF8D89011900DF16B080DF14C0A119B65
:102228009F420BD3129300232B7078239221099A93
:1022380000930CAB2046FFF74FFCC0E5D5ED067ABE
:10224800B9EC017AF8EE677AC7EE278AF4EEC98A04
:10225800F1EE10FAEAEC018AC4BFB0EE689A0D9765
:10226800FFF776F8B0EE408AFFF780F8B5EEC08A3F
:10227800F1EE10FA034606DD88EE880A03900EF0A8
:1022880055F9039B03447F2BA8BF7F235B45B8BF49
:102298005B46013708F8013FC1E7BAF1000F01D0EA
:1022A800194BD8E5134B5A780AB9184B6CE61B6BD7
:1022B800174D2B60FEF7DEFF6860FEF7DBFF09496C
:1022C800820005F108000FF072F8FEF7D3FF023024
:1022D80080002B469121099A0090ABE76FF06602C7
:1022E8000C4BABE52C0302206617022068940220F1
:1022F800312A020830170220552A0208702A0208DB
:102308003F420F00000080FF932A0208BF2A0208FC
:1023180088940220E62A020870470000034AD2F88F
:10232800883043F47003C2F88830704700ED00E04D
:1023380021490B681B0754BFD1F894300B688A6891
:1023480058BFC3F3032302F00C0248BFC3F30313BF
:10235800082A2FD019480C2A50F823300CD01848D6
:10236800042A08BF03468A681649C2F303128A5C26
:10237800D340154A13607047C868CA6800F0030064
:10238800C2F30312022802F101020FD003280FD072
:10239800B3FBF2F2CB68C868C3F306235343C0F318
:1023A800416201325200B3FBF2F3DCE7044BEFE782
:1023B800064BEDE7054BD6E700100240C45902086A
:1023C8000024F4000C5A02080800002000127A00C9
:1023D80038B50F4B05461A780AB9012038BD4FF4B5
:1023E8007A73B3FBF2F30B4A1068B0FBF3F000F01A
:1023F800BDFE04460028F0D1072DEED80246294636
:102408004FF0FF3000F074FE034B20461D60E5E7F7
:102418000C000020080000201000002010B5042047
:1024280000F054FEFFF784FF0020FFF7D1FF0446B9
:1024380018B9FEF725FD204610BD0124FBE7000072
:10244800034A044B11681B780B441360704700BFA4
:1024580090A802200C000020014B1868704700BFAC
:1024680090A8022037B51D4D0446AB6DD90018D58C
:1024780000F0D6FD30F4007323D1802C03D9A02CB2
:102488008CBF0223012316490A6822F00F021A435F
:102498000A60086800F00F00C01A18BF012003B0D6
:1024A80030BDAB6D43F08053AB65AB6D03F080532B
:1024B8000193019B00F0B4FDAB6D23F08053AB6535
:1024C800D8E7802C05D806D0A4F1700253425341B6
:1024D800D9E70323D7E70223D5E700BF001002405E
:1024E80000200240254B9A68D96812F00C0205D0EA
:1024F8000C2A24D101F00301012927D119682048A9
:10250800090755BFD3F894101968C1F30321C1F323
:10251800031150F8210082B3D968DA6801F0030189
:10252800C2F30312022902F1010211D003291ED0BD
:10253800B0FBF2F0D968C1F3062148430FE0042A42
:102548001AD0082A0F4818BF002070470020E3E778
:10255800D8680D49C0F30620B1FBF2F25043DB689E
:10256800C3F3416301335B00B0FBF3F07047D868F5
:102578000449C0F30620EFE7034870470010024003
:10258800C459020800127A000024F40008B5FFF7C5
:10259800A9FF044B044A9B68C3F30313D35CD840D8
:1025A80008BD00BF001002400C5A02082DE9F34193
:1025B800054618B9012002B0BDE8F081904C0368C7
:1025C800A668E768DB0606F00C0607F0030735D5B2
:1025D8001EB10C2E62D1012F60D12368980702D555
:1025E800EB69002BE6D02368686A190756BFD4F850
:1025F800943023681B0903F0F003984237D9FFF79A
:1026080031FF0028D6D1236843F0080323602368EC
:102618006A6A23F0F0031343236063682A6A23F489
:102628007F4343EA02236360FFF7B0FF754B1860EE
:10263800754B1868FFF7CCFE0028BCD12B68DB0768
:1026480069D42B68990700F1AF802B681E0700F149
:10265800F2802B68590700F12F812B689A0600F148
:10266800F081EB6A002B40F020820020A3E723686A
:1026780043F008032360236823F0F0030343236037
:1026880063682A6A23F47F4343EA02236360002EC7
:10269800CAD1FFF7E7FE0028C6D08BE7EB6933B352
:1026A800236843F001032360FFF7D6FE80462368C2
:1026B8009B0711D5236843F00803236023686A6ADF
:1026C80023F0F0031343236063682A6A23F47F43EB
:1026D80043EA02236360B1E7FFF7BEFEA0EB080000
:1026E8000228E4D923689A07E1D4032063E7236822
:1026F80023F001032360FFF7AFFE804623689A07A3
:102708009CD5FFF7A9FEA0EB08000228F6D923689C
:102718009907EAD4F2E7082E03D00C2E08D1032F2C
:1027280006D123689A038CD56B68002B89D141E7C1
:102738006B68B3F5803F14D1236843F4803323607A
:10274800FFF78AFE8046236899033FF57AAFFFF7C3
:1027580083FEA0EB08006428F5D923689B03C4D541
:10276800F1E7B3F5A02F04D1236843F48023236055
:10277800E2E7226822F480322260226822F4802272
:102788002260002BDCD1FFF767FE804623689B039D
:102798007FF557AFFFF760FEA0EB08006428F5D976
:1027A80023689A03A1D4F1E7042E03D00C2E10D18C
:1027B800022F0ED123685E0503D5EB68002B3FF48A
:1027C800F9AE63682A6923F0FE4343EA0263636053
:1027D8003BE7EB68D3B1236843F480732360FFF7CA
:1027E8003BFE064623685A05EBD4FFF735FE801BEF
:1027F8000228F7D9236859057FF577AFF2E700BFBC
:10280800001002400800002010000020236823F474
:1028180080732360FFF720FE064623685F057FF577
:1028280014AFFFF719FE801B0228F6D923685B0551
:102838003FF55BAFF1E76B692BB3AB69F3B9D4F83C
:10284800943023F01003C4F89430D4F8943043F053
:102858000103C4F89430FFF7FFFD0646D4F894301E
:102868009B073FF5F6AEFFF7F7FD801B0728F5D964
:10287800D4F894309A077FF538AFEFE7D4F894305E
:1028880043F01003DFE7D4F8943023F00103C4F8D1
:102898009430FFF7E1FD0646D4F8943099077FF5A8
:1028A800D8AEFFF7D9FD801B0728F5D9D4F89430A6
:1028B8009F073FF51AAFEFE7A36DDA0043D401276E
:1028C800A36D43F08053A365A36D03F08053019378
:1028D800019BA74E3368DB0537D5AB68D80749D4C9
:1028E800D4F8902022F00102C4F89020D4F8902067
:1028F80022F00402C4F89020002B4AD1FFF7ACFD67
:1029080041F288380646D4F89030990700F18D8056
:10291800D4F890301A0655D541F28838D4F890305A
:1029280023F08003C4F89030D4F89030190549D5C5
:10293800FFF792FD801B4045F6D9D4F890301B056F
:102948003FF5D3AEF0E70027C3E7336843F480735D
:102958003360FFF781FD80463368DA05BDD4FFF7A1
:102968007BFDA0EB08000228F6D93368D9057FF56E
:10297800BCAEF1E713F0040FD4F890301EBF43F05B
:102988000403C4F89030D4F8903043F00103C4F83D
:102998009030FFF761FD41F288380646D4F8903050
:1029A800990717D5AB6813F0800FD4F8903027D06B
:1029B80041F2883843F08003C4F89030D4F890305E
:1029C8001B0512D5002F3FF448AEA36D23F08053AA
:1029D800A36542E6FFF740FD801B4045DED9D4F8E9
:1029E80090309B077FF581AED8E7FFF735FD801B58
:1029F8004045E3D9D4F890301A057FF576AEDDE787
:102A080041F2883823F08003C4F89030D4F890302D
:102A18001A05D7D5FFF720FD801B4045F6D9D4F815
:102A2800903019053FF561AEF0E7FFF715FD801B03
:102A380040457FF668AFD4F890309B073FF555AE18
:102A480061E7AB6AC3B1D4F8983043F00103C4F826
:102A58009830FFF701FD0646D4F898309F073FF5F8
:102A680000AEFFF7F9FC801B0228F5D9D4F898309E
:102A78009B077FF53AAEEFE7D4F8983023F00103CF
:102A8800C4F89830FFF7E8FC0646D4F898309A075F
:102A98007FF5E7ADFFF7E0FC801B0228F5D9D4F8F5
:102AA800983099073FF521AEEFE7A26802F00C02D3
:102AB8000C2A63D0022B236823F08073236042D151
:102AC800FFF7CAFC064623689F0132D4E268294B07
:102AD80013402A6B1343AA6B43EA0223EA6B43EAC7
:102AE800C2636A6B013A43EA02132A6C5208013A3C
:102AF80043EA42536A6C5208013A43EA4263E3608C
:102B0800236843F080732360E36843F08073E360D5
:102B1800FFF7A2FC0546236899013FF5A6ADFFF72C
:102B28009BFC401B0228F6D9236898017FF5DDAD90
:102B3800F1E7FFF791FC801B0228C4D923689B01A9
:102B48003FF5D3ADBFE7FFF787FC054623689B0138
:102B580004D4E268084B1340E36086E5FFF77CFC89
:102B6800401B0228F2D923689A013FF5BEADEDE774
:102B7800007000400C809F01FCFFEEFE012B3FF42B
:102B880019ADE3682A6B03F0030191427FF412AD9B
:102B9800696B03F0F0020139B2EB011F7FF40AAD53
:102BA800A96B03F4FE42B2EB012F7FF403ADE96B8E
:102BB80003F07842B2EBC16F7FF4FCAC2A6C03F4EB
:102BC800C0015208013AB1EB425F7FF4F3AC6A6C82
:102BD80003F0C0635208013AB3EB426F14BF0120FF
:102BE8000020E8E42DE9F8430E46054610B9012017
:102BF800BDE8F883724A136803F00F038B4232D39F
:102C0800296888073AD4C9077AD56F686D4C032FAD
:102C1800236840F0A0809A01E9D5E368E26803F0F0
:102C28000303C2F30312022B02F1010233D0032B78
:102C380039D0012B3CD00023E268C2F34162013253
:102C48005200B3FBF2F3604A93423FD9A36813F0F2
:102C5800F00F3BD1A3684FF0800823F0F00343F056
:102C68008003A36034E0136823F00F030B43136061
:102C7800136803F00F038B42B9D1C1E7514AA86822
:102C8800936803F0F003984281BF936823F0F00340
:102C980003439360B7E7E3684C49C3F30623B1FBEA
:102CA800F2F25343C8E7E3684949C3F30623F6E75A
:102CB8002368484A1B0755BFD4F894302368C3F3E8
:102CC8000323C3F3031352F82330B5E74FF000088A
:102CD800A36841F2883923F003033B43A360FFF75D
:102CE800BBFB0746A3686A6803F00C03B3EB820FCB
:102CF80043D1B8F1000F03D0A36823F0F003A36019
:102D0800296888070BD52F4AA868936803F0F00351
:102D180098423FBF936823F0F00303439360284A27
:102D2800136803F00F03B34235D84A073FD40B07A3
:102D380007D5244A2969936823F4605343EAC103F9
:102D48009360FFF723FC244B1860244B1868BDE8F8
:102D5800F843FFF73DBB022F08D113F4003F3FF4BF
:102D680046AFFFF7BFFB184B98426EE717B913F051
:102D7800020FF4E713F4806FF1E7FFF76DFBC01B58
:102D88004845AFD9A3686A6803F00C03B3EB820F18
:102D9800A8D003202CE7136823F00F0333431360F4
:102DA800136803F00F03B3427FF421AFBDE7054A70
:102DB800E868936823F4E06303439360B7E700BFD0
:102DC800002002400010024000B4C4040024F400B3
:102DD80000127A00C45902080800002010000020E0
:102DE80008B5FFF7D3FB044B044A9B68C3F30223DF
:102DF800D35CD84008BD00BF00100240045A020846
:102E080008B5FFF7C3FB044B044A9B68C3F3C2230E
:102E1800D35CD84008BD00BF00100240045A020825
:102E28002DE9F04F00234FF00F0A5E4C0A6832FA82
:102E380003F501D1BDE8F08F012505FA03F919EA78
:102E4800020200F0A18003274E684FEA430806F00B
:102E5800030507FA08FE6F1E012F6FEA0E0ED1F860
:102E680008C031D8876807EA0E0BCF6807FA08F759
:102E780047EA0B078760476827EA0909C6F300177E
:102E88009F4047EA09074760C7680CFA08FC07EA49
:102E98000E074CEA0707022DC7601AD14FEAD30C78
:102EA80000EB8C0C03F00709DCF820704FEA890965
:102EB8000AFA09FB27EA0B0B0F6907FA09F747EA31
:102EC8000B07CCF8207004E0032DDDD1BCF1010F15
:102ED800DAD1076805FA08F507EA0E073D4316F444
:102EE800403F056050D023F0030707F1804707F5FE
:102EF8003D3703F0030C3D6E4FEACC0C0AFA0CFE8A
:102F080025EA0E0E284DA84240D005F58065A84256
:102F18003ED005F58065A8423CD005F58065A842FD
:102F28003AD005F58065A84238D005F58065A842F5
:102F380036D005F58065A84214BF0725062505FA91
:102F48000CF545EA0E053D66D743256816F4801F43
:102F58000CBF3D4015432560656816F4001F0CBF83
:102F68003D4015436560D4F8845016F4003F0CBF0B
:102F78003D401543C4F88450D4F88050F60354BF3C
:102F88003D401543C4F8805001334FE70025D6E78C
:102F98000125D4E70225D2E70325D0E70425CEE7AB
:102FA8000525CCE700F40240000002420AB1816125
:102FB800704781627047012905D0022901D029B9DB
:102FC8004260826000E04260002070470120704744
:102FD80010B10160002070470120704770B50125CD
:102FE8000468064604F01F039D40C4F300440A4BDE
:102FF8006401E2582A4203D0E550436803B1984778
:10300800064BE2582A4205D0E550B36813B1BDE833
:103018007040184770BD00BF0CF4024010F4024025
:10302800024B186800F4C060704700BF0070004091
:10303800024A536843F400735360704700700040BD
:10304800024A936843F480439360704700700040DD
:10305800044B1869C3045ABFC04300F400404FF43E
:103068008050704700700040154A10B5014614683A
:10307800FFF7EEFFB0F5004F20D0D3681B041DD436
:1030880004F4C0648C4201D1002010BD136823F4FD
:10309800C0630B4313600B4B0B491B68B3FBF1F385
:1030A80003EB83035169480501D5591C04D15369C1
:1030B8005B05E9D50320E8E7013BF3E70120E4E7F6
:1030C8000070004008000020A086010007490302A4
:1030D800CA6803F4E06322F4E0621204120C13439A
:1030E80043F0BF6343F40033CB60704700ED00E06A
:1030F800154B30B5DC68C4F30224C4F10703E51CA2
:10310800032B28BF0323062D4FF0FF3594BF00245F
:10311800043C05FA03F321EA0303A54022EA050269
:10312800A340002843EA0203ACBF00F16040074A0D
:103138004FEA4313DBB2ABBF00F5614000F00F006C
:1031480080F80033135430BD00ED00E014ED00E0CA
:10315800002807DB01234109034A00F01F008340D0
:1031680042F82130704700BF00E100E00138B0F1BB
:10317800807F0BD24FF0E023E021054A586182F8A6
:1031880023100020072298611A61704701207047B8
:1031980000ED00E00146064A106810F0010009BF82
:1031A8001368012023F004030B4308BF1360704722
:1031B80000040340034A0020136843F0010313602E
:1031C800704700BF0004034010B5026852E8003F92
:1031D80023F4907342E8003102680029F5D10F4CBE
:1031E80002F1080353E8003F234002F1080C4CE8C1
:1031F80000310029F4D1C36E012B07D152E8003FFA
:1032080023F0100342E800310029F7D12023C0F849
:103218008C300023C366436710BD00BFFEFFFFEF7D
:1032280070470000F8B504462169A26823680A437C
:1032380061691D68C0690A438449024329400A43F9
:103248001A605A68E16822F440520A435A60804A78
:10325800A16993421CBF226A11439A6822F06E4208
:1032680022F430620A439A60DA6A616A22F00F0235
:103278000A43DA62774A934230D1774BD3F88830E1
:1032880003F00303022B00F0D880032B00F0C88062
:10329800012B00F0CC80B0F5004F40F0D380FFF751
:1032A800AFFD002877D06D4B626A616833F8122051
:1032B8004B08B0FBF2F203EB4203B3FBF1F34FF61A
:1032C800EF72A3F11001914220D823F00F02216878
:1032D80092B2C3F342031343CB605CE0604A93426B
:1032E80016D15D4BD3F8883003F00C03082B00F09F
:1032F800A48008D8002B40F09A80B0F5004F78D110
:10330800FFF76EFDCDE70C2B00F08A80012043E02B
:10331800544A93420AD1504BD3F8883003F0300313
:10332800202B00F08A80E5D9302BEDE74E4A9342F6
:1033380009D1494BD3F8883003F0C003802B7CD0E7
:10334800D8D9C02BE0E7494A93420BD1424BD3F876
:10335800883003F44073B3F5007F6ED0CAD9B3F553
:10336800407FD1E73A4A9342D0D13B4BD3F88830DB
:1033780003F44063B3F5006F15D003D843B9FFF7E2
:103388002FFD07E0B3F5406FC0D14FF400400BE0CC
:10339800FFF7A8F840B900204FF00113A3660023F7
:1033A800C4E91D33F8BD32482C4B626A656833F8AE
:1033B800122005EB4501B0FBF2F39942A6D8B3EB16
:1033C800053FA3D800231946FDF750FC0023064605
:1033D80019464FF4807768082A46E6FB0701FDF78F
:1033E80045FC244BA0F540729A428FD82368D860D8
:1033F800D1E7FFF7F5FC0028CDD0616A174A63686A
:1034080032F81120B0FBF2F000EB5300B0FBF3F000
:103418004FF6EF73A0F11002E6E7FFF763F8EAE76B
:10342800B0F5004F3FF43FAF4FF40040E5E7B0F58B
:10343800004FF2D1FFF756F833E7B0F5004F0C48CC
:10344800DBD130E7FFF7DCFCD5E700BFF369FFCF3E
:103458000080004000380140001002401C5A020859
:103468000044004000480040004C0040005000402C
:103478000024F400FFFC0F00836A10B51A0706D574
:103488000168846B4A6822F4004222434A60DC07E0
:1034980006D50168C46A4A6822F4003222434A60A9
:1034A800990706D50168046B4A6822F480322243E2
:1034B8004A605A0706D50168446B4A6822F480229C
:1034C80022434A60DC0606D50168C46B8A6822F488
:1034D800805222438A60990606D50168046C8A687E
:1034E80022F4005222438A605A0610D50168446CBF
:1034F8004A68B4F5801F22F4801242EA04024A6046
:1035080005D14A68846C22F4C00222434A601B0633
:1035180006D50268C16C536823F400230B4353603B
:1035280010BD2DE9F84304460D4617469846DDF8C8
:1035380020902268D36935EA03030CBF01230023D6
:10354800BB4201D0002022E0B9F1FF3FF2D0FEF7E4
:1035580083FFA0EB0800484529D8B9F1000F26D011
:1035680021680B685A07E4D5802DE2D0402DE0D0C1
:10357800CE6916F008060CD0082520460D62FFF724
:1035880023FE00230120C4F8905084F88430BDE85D
:10359800F883CB691B05CCD54FF4006320460B623A
:1035A800FFF712FE202384F88460C4F890300320CB
:1035B800EDE72DE9F7439846D0F888300446202BEC
:1035C8000E4617464ED119B9012003B0BDE8F08365
:1035D800002AF9D021230025C0F89050C0F888307F
:1035E800FEF73AFFA3688146B3F5805FA4F85470EC
:1035F800A4F8567003D123690BB935461E46B4F8B2
:1036080056204B4692B2CDF800804AB94021204658
:10361800FFF787FF2023C4F888300028D5D008E0BA
:10362800002280212046FFF77CFF20B12023C4F828
:1036380088300320C9E722688EB935F8023BC3F306
:1036480008039362D4F8883003F02103212BBBD1FF
:10365800B4F85620013A92B2A4F85620CFE716F8EB
:10366800013BEEE70220B0E72DE9F7439846D0F892
:103678008C300446202B0F46164661D119B901201B
:1036880003B0BDE8F083002AF9D022230025C0F852
:103698009050C0F88C30C566FEF7DEFEA368814600
:1036A800B3F5805FA4F85C60A4F85E600DD123696F
:1036B800DBB1FF221646A4F86020B4F85E0080B2A1
:1036C800E0B92023C4F88C30DAE733B92569002D36
:1036D800EFD07F221D461646EDE7B3F1805F0AD191
:1036E8002369002BF5D03F22E4E740F2FF123D4664
:1036F80016461F46DFE72A462E46DCE74B460022E1
:1037080020212046CDF80080FFF70BFF20B12023B1
:103718000320C4F88C30B3E723685B6A334067B989
:1037280025F8023BD4F88C30222BA8D1B4F85E30AF
:10373800013B9BB2A4F85E30BFE707F8013BF1E715
:1037480002209DE773B500260446C0F89060FEF796
:1037580083FE236805461B681A071CD56FF07E4355
:10376800324600934FF4001103462046FFF7D9FE76
:1037780088B1226852E8003F23F0800342E8003114
:103788000029F6D12023C4F888300320002384F8C8
:10379800843002B070BD23681B685B0724D56FF0C6
:1037A8007E43002200934FF480012B462046FFF70A
:1037B800B8FEC8B1226852E8003F23F4907342E88B
:1037C800003122680029F5D102F1080353E8003FCF
:1037D80023F0010302F1080040E800310029F3D189
:1037E8002023C4F88C30D0E720230020C4F8883088
:1037F800C4F88C30E0662067C8E710B5044650B3BB
:10380800D0F888301BB980F88430FFF709FD2423ED
:103818002268C4F88830136823F001031360A36A90
:1038280013B12046FFF728FE2046FFF7FBFC0128CE
:1038380011D023682046BDE810405A6822F490420F
:103848005A609A6822F02A029A601A6842F00102C5
:103858001A60FFF777BF012010BD000030B51C4B80
:1038680089B0DA6CF8B942F00402DA64DB6C03F070
:1038780004030093009B174B03A933F8105001234E
:10388800CDE9043303230693134B039553F82040E3
:103898002046FFF7C5FA204600222946FFF786FB97
:1038A800002009B030BD012808D142F00202DA64D4
:1038B800DB6C03F002030193019BDCE742F0010299
:1038C800DA64DB6C03F001030293029BD3E700BFC9
:1038D80000100240485A02083C5A020808B5054B35
:1038E800012233F81010044B53F82000FFF75EFB59
:1038F800002008BD485A02083C5A020808B5054B82
:10390800002233F81010044B53F82000FFF74EFB49
:10391800002008BD485A02083C5A020870B5214BDD
:1039280086B0DA6C064642F00402DA64DB6C0020EA
:1039380003F004030093009B4FF400530193022308
:103948000C46CDE9030331B90291174801A9FFF7E5
:1039580067FA002013E00129FBD14FF488131248BD
:1039680001A90293FFF75CFA0C23104D104903FBE1
:1039780006552846FFF72CFB18B16FF0030006B078
:1039880070BD0C4A21462846FFF715FB0246002861
:10399800F3D10F211820FFF7ABFB1820FFF7D8FB56
:1039A800D7E700BF001002400008024298A8022092
:1039B8000D000006C3390008704708B50020FFF75E
:1039C800FBFF08BD0C22024B02FB0030FFF706BBD1
:1039D80098A8022037B59425074B0190074C187812
:1039E80001224FF47A7305FB004001A9FFF7E1FDBE
:1039F800019803B030BD00BF94A80220A4A80220FB
:103A08000A6842604A6882600A89C2604A8902611B
:103A18000C2242618A894FF4004182610022C0E988
:103A280007124262FFF7E9BEFFF7EABF2DE9F0434C
:103A380007460E4695B0002900F097804C4B4D493B
:103A480053F820209423434301EB0308CA504A4902
:103A58004A4B4B4CCDE90B13CDE90D13494B4A4961
:103A6800CDE902134FF4E163ADF80030ADF804304E
:103A7800464B9A4214BF0125002555D1A36D43F04A
:103A88008053A365A36D03F080530493049BFFF751
:103A9800CFFAE36C43F04003E364E36C03F04003C4
:103AA8000593059BE36C43F04003E364E36C03F088
:103AB80040030693069BE36D43F00103E365E36D62
:103AC80003F001030793079B14AB03EB450939F88F
:103AD800483C0FA90F9302231093129301231193CB
:103AE80005F150030DEB030414F8503C139314AB89
:103AF80003EB850555F8240CFFF792F939F8443C97
:103B080055F81C0C0F9314F84C3C0FA91393FFF7AE
:103B180087F9314640462FBBFFF772FF00B36FF0BD
:103B2800030015B0BDE8F083E36C43F00803E364D9
:103B3800E36C03F008030893089BE36C43F0080365
:103B4800E364E36C03F008030993099BA36D43F452
:103B58008023A365A36D03F480230A930A9BB3E72C
:103B68000020DEE7FFF760FFD8E76FF00100D8E735
:103B7800345A0208A4A8022000180242000C02428B
:103B88000010024000010002800000010080004097
:103B9800002908B501DA0DF0C8F903688B42FADD8F
:103BA80000EB8100406808BD03460168002201203F
:103BB80010B5914200DC10BD53F8044F0132604348
:103BC800F7E770B50568049C042D01D00DF0ADF938
:103BD8004568A5B90029F9D18668AEB9002AF5D19A
:103BE800C568B5B9002BF1D10069B8B9002CEDD181
:103BF80001FB062205FB023300FB034070BD0029D0
:103C0800E4DB8D42E8DCE1E7002ADFDB9642E7DC13
:103C1800DCE7002BDADB9D42E6DCD7E7002CD5DBBE
:103C2800A042E5DCD2E770B515461E46FFF7B0FFA7
:103C3800314604462846FFF7ABFF844201D00DF019
:103C480074F970BD2DE9F04F9A464369A1B01593F8
:103C5800B0F90A30CDE91E120D93B0F90C30DDF839
:103C6800ACB00E93B0F90E300F93B0F9103010933A
:103C7800B0F902301193B0F904301293C369169366
:103C8800836A0A93C36A0B93DDE90A32934201DD22
:103C98000DF04BF9DAF80030042BF9D1DBF80030DD
:103CA800042BF5D12F9B1B68042BF1D100232F9AED
:103CB80019465046FFF7B7FF0323199000215846CD
:103CC8002F9AFFF7B0FF2E9BDAF8104008902BB11F
:103CD8002D98FFF769FF089B9842D9D1DAF8083088
:103CE8001A93DAF80C301B93DBF808301C93DBF8D6
:103CF8000C301D93DBF81030069394FBF3F3002B84
:103D0800C6D0069A02FB1344002CC1D1089A92FB34
:103D1800F3F30C93002BBBD0A1462F9B9B68179302
:103D28002F9BDB681893199B994580F29A80129B08
:103D38005B4209930023029310E0119B5B420793B7
:103D480000230393039B189A9342C0F28880029B36
:103D58000E9A01330293099B13440993029B179A05
:103D68009342EADB09F10109DDE70C9B002594FB8E
:103D7800F3F3069A099E534304951493049B1C9AE3
:103D880093422DDB2E9B13B153F824301D441F9B07
:103D9800284653F824201E9B53F8241009F0F4FDFC
:103DA800DDE902230546009449462F98FFF709FFED
:103DB800169B01341D440A9B9D42B8BF1D460B9BB0
:103DC8009D42A8BF1D46309B1D54089B9C42CCDBDE
:103DD800039B0D9A01330393079B13440793B1E7A1
:103DE8000023079F0593059B1D9A934205DB049BBF
:103DF80001330493109B1E44C0E756EA070328D4F6
:103E08001B9BBB4225DD1A9BB34222DD4FF0000805
:103E18001CE0149B324643444946009350463B46B7
:103E2800FFF7CFFEDDE904231390CDF8008021468B
:103E38005846FFF7C6FE139A2A9B08F101089B56BD
:103E4800159A13442C9A125602FB0355069B984563
:103E5800DFDB059B013305930F9B1F44C3E7002459
:103E6800B3E721B0BDE8F08F2DE9F04F2DED048BBD
:103E7800AE4BADF20C4D1A680F46824609F0B3FA04
:103E8800AB4B8046394650461A6809F0ACFA3C6894
:103E980006464CB12368032B14D1A64B394650462D
:103EA8001A6809F0A0FA0446A34B394650461A6826
:103EB80009F09BFAD7F810B00546BBF1000F03D103
:103EC8000DF033F80024EFE7D7F80C90B9F1000FA4
:103ED800F6D098F80800072800F03281092800F089
:103EE8009083012840F01484BCAF4A4659463846AE
:103EF80000F046FC414629A809F085FAD8F80030B8
:103F0800314630A8129309F07EFA002ED8D03368D3
:103F1800214637A8119309F076FA04B124680DF107
:103F2800F8082946404609F06EFA002DC8D02B68DB
:103F3800002145A8209309F066FAB7F90A30D7EDB1
:103F48000C8A1393B7F90C3097ED0D9A1493B7F9BF
:103F58000E3029AD1593B7F910301693B7F9023022
:103F68001793B7F904301893299B042BA8D1309BD9
:103F780030AE042BA4D13E9B042BA1D10023424692
:103F880019462846FFF74FFE0323199042460021A1
:103F98003046FFF748FE2D9D0D902CB137A8FFF74E
:103FA80003FE0D9B83428BD12B9B329A1A932C9B39
:103FB8001C921B93349B339A089395FBF3F31D9241
:103FC800002B3FF47DAF089A02FB1355002D7FF4B8
:103FD80077AF0D9A92FBF3F31093002B3FF470AF79
:103FE800409A419B1E921F93199BAB4240F3538307
:103FF800189B5B420E9300230B9310E0179B5B42C8
:104008000F9300230C931F9B0C9A934200F38B8011
:104018000B9B149A01330B930E9B13440E931E9B18
:104028000B9A9342EADC0135DEE7109B4FF0000A59
:1040380096FBF3F39FED418A089A0E9F5343219311
:104048001C9B53452DDC002C6AD004EB8603D3ED72
:10405800007ADDE90B2338EE278AF4EEC88AF1EE00
:1040680010FAC8BFB0EE688AB4EEC89AF1EE10FA3A
:10407800009629463EA848BFB0EE498AFFF7A1FD41
:10408800209B013603EB800080ED008A0D9BB34234
:10409800CBDC0C9B139A01330C930F9B13440F93A7
:1040A800B1E74FF0000BDDF83C801D9B5B4504DC5D
:1040B800169B0AF1010A1F44C2E757EA08032AD4EB
:1040C8001B9B434527DD1A9BBB4224DD4FF00009AB
:1040D8001EE0219B3A464B442946009329A84346B3
:1040E800FFF76FFD129B524603EB8000D0ED009A5C
:1040F8005B46CDF80090314630A8FFF762FD119B72
:1041080009F1010903EB8000D0ED007AA9EEA78A36
:10411800089B4B45DDDC159B0BF1010B9844C4E76C
:10412800DFED067A95E70026B0E700BF5C5A020883
:10413800585A0208545A0208505A0208000000004F
:104148001CB1207A022840F01F814A465946CAA865
:1041580000F048FBD9F8243041461393D9F82830A9
:104168004CA8149309F04FF9D8F80030314653A8F9
:10417800169309F048F9002E3FF4A2AE33682146A1
:104188005AA8159309F03FF904B1246861AF29468C
:10419800384609F038F9002D3FF492AE2B68269383
:1041A800BDF932331793BDF934331893BDF936335B
:1041B8001993BDF938331A93BDF92A331B93BDF906
:1041C8002C331C93D49B1193D59B1293DDE91132A8
:1041D80093423FF775AE4C9B4CAD042B7FF470AE09
:1041E800539B53AE042B7FF46BAE619B042B7FF47F
:1041F80067AE00233A4619462846FFF714FD032305
:104208001D903A4600213046FFF70DFD509D109055
:1042180034B15AA8FFF7C8FC109B83427FF450AE14
:104228004E9B559A1E934F9B20921F93579B569ACD
:10423800089395FBF3F32192089A02FB1355002D7E
:104248007FF43EAE109AAA4692FBF3F3639A229348
:10425800649B239224931D9B534540F31C821C9B13
:104268005B420E9300230B9310E01B9B5B420F9362
:1042780000230C93249B0C9A934200F383800B9B9E
:10428800189A01330B930E9B13440E93239B0B9A9E
:104298009342EADC0AF1010ADDE70026229BB346D5
:1042A80095FBF3F3089A0E9F53432793209BB34241
:1042B8002BDC14B154F825309B44149B584653F812
:1042C8002520139B53F8251009F05EFBDDE90B232D
:1042D80006460095514661A8FFF773FC119B01350E
:1042E8009E42B8BF1E46129B9E42A8BF1E46269BF2
:1042F80023F81060109BAB42CFDC0C9B179A01335C
:104308000C930F9B13440F93B4E70023DDF83C8014
:104318000D93219B0D9A934203DC1A9B01361F448F
:10432800C4E757EA080327D41F9B434524DD1E9B97
:10433800BB4221DD4FF000091BE0279B3A464B4466
:10434800514600934CA84346FFF73BFC169B324668
:1043580033F9103029462593CDF800900D9B53A8CA
:10436800FFF72FFC159B259A1B5609F1010912FB33
:1043780003BB089B4B45E0DC0D9B01330D93199B58
:104388009844C6E70025B5E7042840F031814A463D
:104398005946D8A800F026FAD9F8243068AF139304
:1043A800D9F8283041463846149309F02CF8D8F843
:1043B800003031466FA8269309F025F8002E3FF407
:1043C8007FAD3368214676A8259309F01CF8294665
:1043D8007DA8D4F8009009F016F8002D3FF470ADD0
:1043E8002B682493BDF96A331593BDF96C33169382
:1043F800BDF96E331793BDF970331893BDF9623365
:104408001993BDF964331A93E29B1193E39B1293BA
:10441800DDE9113293423FF753AD689B042B7FF4DB
:104428004FAD6F9B6FAD042B7FF44AAD7D9B7DAE86
:10443800042B7FF445AD0023324619463846FFF772
:10444800F2FB03231B90324600212846FFF7EBFBC3
:104458003C690E90B9F1000F06D076A8FFF7A4FBCF
:104468000E9B83427FF42CAD6A9B719A1C936B9BC5
:104478001E921D93739B729A0B9394FBF3F31F92F6
:104488000B9A02FB1344002C7FF41AAD0E9A92FB90
:10449800F3F37F9A2093809B219222931B9BA34244
:1044A80040F3F9801A9B4FF0000B5B4210930FE02A
:1044B800199B5B420F9300230C93229B0C9A934207
:1044C80000F39480109B169A0BF1010B1344109380
:1044D800219B5B45ECDC0134E0E7209B0B9A95FBC4
:1044E800F3F353432793002300220D930023CDE9D0
:1044F8000823109E1E9B0D9A934237DCB9F1000FDA
:104508000BD0089959F8353009EBC502CB18526819
:10451800099942EB0102CDE90832DDE90801149B53
:10452800139A53F8253052F8252009F071FA0646F7
:104538000C9B00955A4621467DA8FFF742FB119B2C
:1045480001359E42B8BF1E46129B9E42A8BF1E461A
:10455800249B23F810600E9BAB42BEDC0C9B159A83
:1045680001330C930F9B13440F93A6E74FF0000AF7
:104578000F9F1F9B534505DC0D9B01330D93189B23
:104588001E44B7E757EA06032BD41D9BBB4228DD20
:104598001C9BB34225DD4FF000081FE0279B3246E5
:1045A80043442146009368A83B46FFF70AFB269B35
:1045B800294633F910300D9A2393CDF800805346DD
:1045C8006FA8FFF7FEFA259B239A1B56DDE9080121
:1045D800C2FB8301CDE9080108F101080B9B4345A3
:1045E800DCDC179B0AF1010A1F44C2E70025B2E789
:1045F80006F034FF227A0146494808F0DDFD012023
:104608004AE0307A09284DD012287BD1DAF84430B4
:10461800D9F834105046984731460746F4A8D6F8DA
:1046280000A008F0F0FEF4A8FFF7BEFA3A460146EB
:10463800504609F043FA4A465946E6A800F0D2F82F
:10464800D9E909A9414684A808F0DDFED8F800B0E8
:104658000DF50B783146404692AE08F0D4FE21465F
:10466800304608F0D0FE04B12468294699A808F01D
:10467800CAFE002D3FF424AC4A4651462B68CDE9CA
:104688000276CDE900B899A8CDE904400693E6A8DA
:1046980084ABFFF7D7FA00200DF20C4DBDEC048B6C
:1046A800BDE8F08F4A465946F4A800F09BF8D9E9CE
:1046B80009A94146A0A8A7AF08F0A5FE314638468B
:1046C800D8F8008008F09FFED6F800B0AEAE2146BC
:1046D800304608F098FE04B124682946B5A808F0C9
:1046E80092FE002D3FF4ECAB2B68B5A8CDE9044051
:1046F80006934A465146CDE902B6CDE90087A0ABFC
:10470800F4A8C6E706F0AAFE327A0146054874E71F
:1047180006F0A4FE98F80820014603486DE700BF9C
:10472800072B0208282B02084B2B0208002313B57D
:104738000446CDE90033044A044B054908F02CFE31
:10474800204602B010BD00BF3D4A0008713E000877
:104758003B48000810B50446184623B1012C03D085
:10476800022C06D0002010BD1944013991FBF0F04D
:10477800F9E71944029B013A5A430132891AF5E7CD
:104788000B7B70B5012B04460D4616461AD0032B39
:104798001AD0022B1BD06FF400020F4B28786363EA
:1047A800226308F045FE33682070638073682046F2
:1047B800A3806B686381AB68A3812B69E3816B6914
:1047C800238270BD0022E8E70022044BE6E74FF0A1
:1047D8007E53034AE2E700BFFFFF7F7F0000C0402F
:1047E800000080BF70B51546044613690E465B424B
:1047F800436153695B4283619369C361D36903620F
:10480800136A5B424362087808F012FE6B682070F6
:10481800A3802B6820466380B368A3817368638193
:10482800736923823369E381EB6AA3622B6BE362CA
:1048380070BD836B10B50BB90CF077FB3821BDE860
:10484800104018472DE9F04F9A460B688FB01B6847
:104858000546023B012B0F4616461E9C07D96C4B9A
:104868006C4A0093582344696B49A04711E04B6890
:10487800D3F80090B9F1010F0DD00123CDE90293CF
:10488800664B644A0193664B664900934469592311
:10489800A047012091E0936892F800B00A9353680A
:1048A800D2F810800B9353695146199A0C93CDF89E
:1048B80000800B9B5846FFF74DFF0C9B1A9A1899DE
:1048C8000D90009358460A9BFFF744FF1A9B0C9AD9
:1048D800013B53430A9A0138013302FB0033189A0B
:1048E8000D999B1A199A23EAE373013A08FB02F21D
:1048F80001F1FF380B99013201FB0822A2EB0A02F1
:1049080022EAE2725110D5F80C80216002F001020F
:10491800591003F001036160A26039460022404645
:10492800E36008F0FBF8824638B93F4B00936623F2
:104938006C692846374A384997E74A463946404617
:1049480008F0ECF8814620B9384B00936C6969236C
:10495800EFE739460222404608F0E0F83946834638
:104968000022404608F0EFF8074620B9304B009384
:104978006C696E23DDE79DF87430012B20D1DAF8DD
:104988000C3039462361D9F80C3040466361FB6826
:10499800A361D8F800309B699847D8F80030514691
:1049A80040469B699847D8F80030494640469B697D
:1049B8009847BBF1000F23D100200FB0BDE8F08F5E
:1049C800D9F814300C365B684A460893A36A5146F6
:1049D8000793636ACDE90006069304F13003059353
:1049E80004F12C03049304F12003039304F11C0342
:1049F800029328465B4608F0A3FE0028BFD0DCE7F8
:104A0800D8F80030594640469B699847D4E700BF1C
:104A1800DF2B0208672B0208C82B02081B36020886
:104A28001D2C0208032C0208312C0208422C020813
:104A3800542C02082DE9F04FD1F80CA00446884602
:104A480099B0BAF1000F01D10CF06FFAD1F810B09B
:104A5800BBF1000FF8D0C6680022304608F073F8A2
:104A6800814668B96B4B00939623656920466A4A6C
:104A78006A49A8474FF00108404619B0BDE8F08FD1
:104A880000224146304608F049F8074620B9644BF1
:104A9800009365699923E9E701224146304608F009
:104AA8003DF8054620B95F4B009365699C23DDE717
:104AB8003B7F99F81C2093420CD0CDE902325A4B27
:104AC80001935A4B00939E2365692046524A5849E0
:104AD800A847CFE7012B07D1037F012B0ED0204633
:104AE800636954499847C5E7072B02D1037F092B0F
:104AF800F4E7092BF3D1037F122BF8D17B69204609
:104B0800DA689B6809926A690A93D3680B93936879
:104B18000C93D9F81430D9689B680D915168A26B31
:104B280089000F930E919047A26BCAF824000E9942
:104B3800204690473A7F0F9B092ACAF8280001D0DF
:104B4800072A24D12968012909D00123CDE90213B4
:104B5800394B0193394B00936569B923B5E7696807
:104B680000293FF471AF086800283FF46DAF496829
:104B780000293FF469AF0068012808D069694968CD
:104B8800884204D02E4B00936569C2236EE70493D4
:104B98000D9B414603930C9BCDE9052A02930B9B81
:104BA8005A4601930A9B20460093099BFFF74AFE49
:104BB800804600287FF460AF2B7F122B15D16969DE
:104BC80051F804BBBBF1060F3FF73EAF4FEA8B022B
:104BD80012A80CF0ECFB4346012111AA9B4514DCFA
:104BE8002046236C0AF13402984733682946304638
:104BF8009B6998473368394630469B6998473368BC
:104C0800494630469B69984736E752F8040F013306
:104C18004143E3E7542C0208672B0208C82B02081B
:104C2800312C0208422C0208662C0208732C020858
:104C3800032C02087F2C0208112D02082B2D0208D4
:104C4800452D0208836B10B50BB90CF06EF93821AD
:104C5800BDE8104018472DE9F04F9A46B0F90A30E0
:104C6800A1B00E93B0F90C30CDE91E120F93B0F934
:104C78000E30DDF8BCB01093B0F910301193B0F9D4
:104C880002301293B0F904301393B0F9123008933C
:104C980043691593C3691693836A0B93C36A0C938C
:104CA800DAF80030042B01D00CF03FF92B9B1B687D
:104CB800042BF9D1DBF80030042BF5D1DDE90B32F8
:104CC8009342F1DC00235A4619465046FEF7ABFFE3
:104CD80003235A46194619902B98FEF7A4FFDAF8D1
:104CE80008301793DAF80C301893DAF810300D936F
:104CF8002B9B0D9A9B681A932B9BDB681B93DBF805
:104D080008301C93DBF80C301D93089B02FB03F45E
:104D18008442C9D12D98FEF747FFA042C4D14FF075
:104D280000098EE00025DDF828800695069B1A9A72
:104D3800934234DA0023099F079326E058EA0703D1
:104D48001ED4189BBB421BDD179B434518DD059BF2
:104D580042464946009350463B46FEF732FFDDE99E
:104D68000623149000212B980094FEF72AFF149A2A
:104D78002A9B9B56159A13442C9A125602FB0355EC
:104D8800079B01330793109B1F44079B1B9A934271
:104D9800D4DB069B01330693119B9844C6E72E9BF0
:104DA80013B153F824301D441F9B284653F8242080
:104DB8001E9B53F8241008F0E7FDDDE903230546A0
:104DC800009449465846FEF7FCFE169B01341D44E4
:104DD8000B9B9D42B8BF1D460C9B9D42A8BF1D461C
:104DE800309B1D54089AA31B9A429BDC059B1644D2
:104DF80001330593059B0D9A93420DDB049B0E9A94
:104E080001330493099B13440993049B1D9A93420D
:104E180004DA00260596EDE73446E3E7039B0F9A8C
:104E2800013303930A9B13440A93039B1C9A9342EE
:104E380005DA129B5B42099300230493E5E709F125
:104E48000109199B994505DA139B5B420A930023D4
:104E58000393EAE721B0BDE8F08F00002DE9F04F99
:104E68002DED068BD1F80C9083468846ADF5597D1B
:104E7800B9F1000F01D10CF058F8D1F810A0BAF12F
:104E8800000FF8D0A34B1A6808F0AFFAA24B4146BE
:104E98001A680546584608F0A6FAA04B0746414648
:104EA80058461A6808F09FFAD8F80040064654B1E8
:104EB8002368032B40F08680994B414658461A6870
:104EC80008F091FA0446387A072800F0AE810928DC
:104ED80000F02A81012840F0E4820DF518784A464E
:104EE8005146404600F0FEFA394628A808F08BFAE9
:104EF8003B6831462FA8149308F085FA002EBAD0E3
:104F08003368214636A8139308F07DFA04B1246863
:104F18003DAF2946384608F076FA002DABD02B680D
:104F2800D8ED0C8A2293B8F90A3098ED0D9A1593AA
:104F3800B8F90C3028AE1693B8F90E301793B8F9B3
:104F480010301893B8F902301993B8F904301A934D
:104F5800B8F912300D93289B042B8CD12F9B2FADC1
:104F6800042B88D13D9B042B85D100233A46194652
:104F78003046FEF758FE03233A4619461B9028464A
:104F8800FEF751FE2A9B80461C932B9B1D932C9B5E
:104F98001193319B119A1E93329B1F933F9B209331
:104FA800409B21930D9B534398427FF464AF36A8EE
:104FB800FEF7FAFD80457FF45EAF4FF00008DFEDA5
:104FC800599A9EE000247EE74FF0000B9FED558A2A
:104FD80009EB0503109F12931E9B5B4534DD4FF0D0
:104FE800000A0F9E28E057EA060321D41D9BB3420E
:104FF8001EDD1C9BBB421BDD089B3A4641460093C5
:1050080028A83346FEF7DDFD149B5A4603EB8000C3
:10501800129B90ED00AA002100932FA85346FEF79B
:10502800D0FD139B03EB8000D0ED007AAAEE278A0F
:10503800179B0AF1010A1E441F9B5345D3DC189B9A
:105048000BF1010B1F44C7E7002C36D00E9BD3EDA4
:10505800007A38EE278AF4EEC88AF1EE10FAC8BF53
:10506800B0EE688AB4EEC89AF1EE10FA129B414687
:1050780000933DA8DDE90B3248BFB0EE498AFEF740
:10508800A0FD229B09F1010903EB800080ED008A55
:105098000E9B04330E930D9B4B4595DC089B013307
:1050A80008930D9B1D44119B089A934208DD04EB5D
:1050B80085034FF000090E93EDE7F0EE697AC8E733
:1050C8000B9B159A01330B930F9B13440F93219B52
:1050D8000B9A934202DD00250895E4E70C9B169A8B
:1050E80001330C93109B13441093209B0C9A93420A
:1050F80005DD199B5B420F9300230B93E7E708F14B
:1051080001081B9B434559DD1A9B5B421093002302
:105118000C93EAE7605A02086C5A0208685A0208B7
:10512800645A020800000000307A09284DD012287D
:1051380040F0A881DBF84430D9F834105846984735
:1051480031468046C8A8D6F800B008F05CF9C8A86F
:10515800FEF72AFD42460146584608F0AFFC4A468B
:105168005146A8A800F0F2F9D9E909A9394644A896
:1051780008F049F9D7F800B04BAF3146384652AE7F
:1051880008F041F92146304608F03DF904B1246899
:10519800294659A808F037F9002D3FF46CAE4A4665
:1051A80051462B68CDE90286CDE900B759A8CDE96B
:1051B80004400693A8A844ABFFF74DFD00200DF569
:1051C800597DBDEC068BBDE8F08F4A465146B8A81C
:1051D80000F0BCF9D9E90989394660A808F013F943
:1051E800D7F800A067AF3146384608F00CF9D6F872
:1051F80000B06EAE2146304608F005F904B12468C7
:10520800294675A808F0FFF8002D3FF434AE2B6846
:1052180075A8CDE9044006934A464146CDE902B651
:10522800CDE900A760ABB8A8C6E7307A092840F0F6
:1052380029814A465146C8A800F088F9D9F824308F
:1052480039461593D9F828307CA8169308F0DBF86E
:105258003B68314683A8189308F0D5F8336821468F
:105268008AA8179308F0CFF804B1246891AE2946AC
:10527800304608F0C8F8002D3FF4FDAD2B680DF559
:10528800F87A2793BDF92A331993BDF92C331A9369
:10529800BDF92E331B93BDF930331C93BDF922336E
:1052A8001D93BDF924331E93BDF932330F93D29B5E
:1052B8001293D39B1393DAF80030042B7FF4DBAD01
:1052C800839B83AD042B7FF4D6AD919B042B7FF495
:1052D800D2ADDDE9123293423FF7CDAD002332461D
:1052E80019465046FEF79FFC0323324619461F9085
:1052F8002846FEF798FCDAF8083007462093DAF8D3
:105308000C302193DAF810301493859B149A229369
:10531800869B2393939B2493949B25930F9B5343A2
:1053280098427FF4A8AD8AA8FEF73EFC87427FF436
:10533800A2AD4FF000099BE0002300220E9300234A
:10534800CDE90823DDF84480229B0E9A934237DD8D
:105358000023109F0D9329E057EA080321D4219BCD
:10536800BB421EDD209B43451BDD0B9B4246494645
:10537800009350463B46FEF724FC189B002133F966
:1053880010300095269383A8DDE90D32FEF719FC4D
:10539800179B269A1B56DDE90801C2FB8301CDE95C
:1053A80008010D9B01330D931B9B1F44239B0D9AF2
:1053B8009342D1DC0E9B01330E931C9B9844C3E7A8
:1053C8005CB1089954F8353004EBC502CB18526823
:1053D800099942EB0102CDE90832DDE90801169B83
:1053E800159A53F8253052F8252008F011FB074686
:1053F8000C9B00955A46494691A8FEF7E2FB129B82
:1054080001359F42B8BF1F46139B9F42A8BF1F4646
:10541800279B23F810700F9AAB1B9A428CDC0B9BCE
:10542800164401330B93149B0B9A93420DDC0C9B8F
:10543800199A01330C93109B13441093259B0C9AD3
:10544800934204DD00260B96EDE73546E3E7119B12
:105458001A9A0BF1010B13441193249B5B4505DD4C
:105468001D9B5B42109300230C93E7E709F10109A8
:105478001F9B4B457FF7A2AE1E9B4FF0000B5B4274
:105488001193EAE705F0EAFF0446387A357A05F021
:10549800E5FF2A4603462146064807F08DFE01200F
:1054A8008DE605F0DBFF3A7A0146034807F084FEF3
:1054B800F5E700BFBE2D0208F32D0208002313B53F
:1054C8000446CDE90033044A044B054907F064FF5C
:1054D800204602B010BD00BF99570008654E00086D
:1054E8004D4C00080B7C70B5012B04460D46164642
:1054F8001CD0032B1CD0022B1DD06FF40002104BC4
:1055080028786363226307F093FF33682070638011
:1055180073682046A3806B686381AB68A3816B695D
:10552800E381AB692382EB68638270BD0022E6E702
:105538000022044BE4E74FF07E53034AE0E700BF44
:10554800FFFF7F7F0000C040000080BF70B5154698
:1055580004460E4613695B42436153695B428361AB
:105568009369C361D3690362136A5B424362087833
:1055780007F05EFF6B682070A3802B68204663806D
:10558800B368A38173686381B36923827369E38114
:10559800F3686382EB6AA3622B6BE36270BD000061
:1055A8002DE9F04F99460B688FB01B6806460A93A1
:1055B800023B012B884617461E9C07D9674B684A51
:1055C8000093582344696749A0470FE04B681B685C
:1055D800012B0FD00122CDE90232634B604A0193BF
:1055E800624B6349009344695923A04701200FB0D7
:1055F800BDE8F08F936892F800B00B935368D2E936
:10560800055A4946199A009558460C93FFF7A2F88F
:105618000B9B1A9A18990D90CDF800A05846FFF7E1
:1056280099F81A9B0B9A013B0AFB03F301380133E3
:1056380002FB0033189A0D999B1A199A23EAE3730F
:10564800013A6A434D1E0C99013201FB0522A2EB77
:10565800090222EAE27251102160591003F0010395
:10566800F568E360434B02F001026160A2604146C5
:1056780028461A6807F052FA824638B93E4B00931A
:10568800662374693046364A36499DE73B4B4146A6
:1056980028461A6807F042FA814620B9384B009329
:1056A80074696923EEE7374B41461A68284607F0C4
:1056B80035FA354B414683461A68284607F043FABF
:1056C800804620B9314B009374696E23DAE79DF860
:1056D8007430012B21D1DAF80C3051462361D9F806
:1056E8000C3028466361D8F80C30A3612B689B699D
:1056F80098472B6849469B69284698470A9B032B7D
:1057080004D12B68594628469B6998472B68284638
:1057180041469B699847002069E7D9F8143010374B
:105728001B694A460893A36A51460793636ACDE901
:105738000007069304F13003059304F12C03049346
:1057480004F12003039304F11C03029330465B46E3
:1057580007F0F6FF0028BED049E700BFDF2B02089C
:10576800152E0208C82B02081B3602081D2C020839
:10577800032C02085C5A0208312C0208585A020805
:10578800422C0208545A0208505A0208542C0208A3
:105798002DE9F04FD1F80CA00446884699B0BAF12B
:1057A800000F01D10BF0C1FBD1F810B0BBF1000F15
:1057B800F8D0C6680022304607F0C5F9814660B9BE
:1057C800674B0093962365692046664A6649A84751
:1057D8000124204619B0BDE8F08F0022414630462A
:1057E80007F09CF9074620B9604B00936569992337
:1057F800EAE701224146304607F090F9054620B90C
:105808005B4B009365699C23DEE77B69DA689B68DC
:1058180009920A9343692046DA680B929A680C92B7
:10582800D9F81420D16892680D911969A36B890081
:105838000E920F919847A36BCAF824000F9920463F
:1058480098473B7FCAF82800092B31D12A68012ADA
:105858000DD00123CDE90223464B0193464B00931B
:10586800B023656920463F4A4449A847B0E76A68BB
:10587800002A97D01068002894D05168002991D048
:105888000268012A08D068690069824204D03C4B4A
:1058980000936569B92397E709688A4208D0394BAC
:1058A800CDE902210193384B00936569BE23D9E7FE
:1058B8002A7F934234D0092B2BD1122A32D0092ABD
:1058C80029D1CDF818A03B7F204605930E9B5A4658
:1058D80004930D9B414603930C9B02930B9B0193EE
:1058E8000A9B0093099BFFF75BFE044600287FF4A0
:1058F80070AF3368494630469B69984733683946E4
:1059080030469B6998473368294630469B699847D3
:105918005FE7072BD3D0204663691C49984757E7B0
:10592800122BCED1696951F8043B062B3FF73AAFE9
:105938009A0012A80F930BF03AFD002201210F9B49
:1059480011A8934205DC2046236C0AF134029847DB
:10595800B7E750F804CF01320CFB01F1F1E700BFC3
:10596800542C0208152E0208C82B0208312C0208F4
:10597800422C0208112D02082B2D0208032C0208C4
:10598800802E0208022F0208282F0208492F020839
:10599800836B10B50BB90BF0C8FA3021BDE8104085
:1059A800184700002DE9F04FD1F80CA004460F4627
:1059B800C5688FB0BAF1000F01D10BF0B6FAD1F873
:1059C80010B0BBF1000FF8D0564B28461A6807F004
:1059D800A5F8804660B9544B00933023656920468A
:1059E800524A5349A847012420460FB0BDE8F08F1A
:1059F800504B394628461A6807F090F8064620B9F1
:105A08004D4B009365693323E9E74C4B39461A68D7
:105A1800284607F083F84A4B394681461A682846D3
:105A280007F091F8074620B9464B0093656938237B
:105A3800D5E798F81C003B7F834212D0666905F0D1
:105A48000DFD0546387F05F009FD3F4BCDE90250B5
:105A580001933E4B20460093344A39233C49B047D2
:105A6800C1E70128337F0DD1012B2DD005F0F6FCBD
:105A78000446307F05F0F2FC21460246354807F01F
:105A88009BFBB0E7092819D1092B1DD0122BEDD1AA
:105A9800716951F8043B062B8FDC9A0008A805931E
:105AA8000BF085FC00220121059B07A8934232DCFC
:105AB8002046236C0AF12002984705E0072801D107
:105AC800092BD2E7122BE3D098F81C209BF8001082
:105AD80020464346CDE9027ACDE9006900F0FAFD97
:105AE8000446002880D12B68414628469B69984780
:105AF8002B68314628469B699847B9F1000F04D0B6
:105B08002B68494628469B6998472B68394628469A
:105B18009B69984768E750F804CF01320CFB01F104
:105B2800C4E700BF7C5A0208312C0208E52F02089E
:105B3800C82B0208785A0208422C0208745A020834
:105B4800705A0208542C0208662C0208732C0208AA
:105B58004A30020864300208002938B50346046850
:105B680001DBA14201DB0BF0E0F900220120043344
:105B78008A420CBF012553F822500132944205FB9A
:105B880000F0F5DC38BD2DE9F04F8DB00A930368BD
:105B9800176802934368012F03938368154604939B
:105BA800C368179C05930369099106934369009399
:105BB8008369019301DC0BF0B8F92668002EFADD41
:105BC800DDE900329342F6DC013E31462046FFF71C
:105BD800C3FF314607902046FDF7DAFFB91E044699
:105BE8002846FDF7D5FF8442E5DC2846791E0026C5
:105BF800FDF7CEFFB1460546B246079B53453FDD4C
:105C08004FF00008189B474603EB090B28E01EF9E4
:105C1800012B039908921CF9012B01330A440B92BA
:105C28000299089A0A4411460B9A01FB02009D4208
:105C3800EDDC169B13B153F827301844DDE9051243
:105C480007F0A2FE049B01371844009BA844984221
:105C5800B8BF1846019B9842A8BF18460BF8010B1D
:105C6800BC4208DD099B03EB060E0A9B03EB080CFC
:105C780000231846DBE70AF1010AA1442E44BCE7D9
:105C88000DB0BDE8F08F0000002313B50446CDE940
:105C98000033044A044B054907F07EFB204602B056
:105CA80010BD00BFAD590008C55C0008995900082F
:105CB80008B508B90BF039F9006808BD2DE9F04FAF
:105CC8002DED028BD1F810A081460D46ADF2145D82
:105CD800BAF1000F01D10BF028F9BD4B1A6807F093
:105CE80082FBBC4B29461A688046484607F07BFB76
:105CF800B94B29461A680746484607F074FBB74B64
:105D0800294604461A68484607F06FFBED680646C0
:105D1800002DE0D098F80800072800F0C98109286C
:105D280000F08F80012840F09C84F4AD28469AF852
:105D3800001000F0B3FC414614A807F064FB0DF115
:105D48006C09D8F8003039464846059307F05BFBE4
:105D5800002FC0D03B68214622A81F4607F053FBFE
:105D680004B124680DF1A40A3146504607F04BFBF4
:105D7800002EB0D0336850460793299BD9F80060AD
:105D880003F1FF3B5946FFF7E7FEB11E0690484670
:105D9800FDF7FEFE95ED078AD5ED088A59460546BA
:105DA8005046FDF7F5FE854295D14846711EFDF730
:105DB800EFFE002302469C461846DFED896A0699E5
:105DC800614540F387800026079901EB8009059912
:105DD80001EB8308314622E0BAEC016ABBEC017A98
:105DE800E6EE077A0EF1010E7245F5DC0CB304EB12
:105DF800810E9EED007A77EE877AB4EEE78AF1EEAF
:105E080010FAC8BFF0EE487AF4EEE78AF1EE10FA1D
:105E180048BFF0EE687AE9EC017A01311644A942EC
:105E28000ADAC2464FF0000EDFED6D7A07EB860BFB
:105E3800DAE7B0EE667ADEE70CF1010C2844134489
:105E4800BDE7387A092851D0122840F00084D9F8E3
:105E58004430296A4846984781463846FFF728FF64
:105E6800394682460DF59D6007F0CDFA00230121E1
:105E7800DDF8E8240DF59D6C934232DB4A46504626
:105E880007F01CFE2946FEA800F0F6FB414630A8A4
:105E980007F0B9FA4046FFF70BFF3946054637A821
:105EA80007F0B1FA21463EA807F0ADFA04B124681C
:105EB80045AF3146384607F0A6FA002E3FF40BAF3F
:105EC80033682946CDE901734B46009437AAFEA8EA
:105ED800FFF759FE00200DF2145DBDEC028BBDE802
:105EE800F08F5CF8040F01334143C5E795F82C3077
:105EF8002946002B00F0AF800DF5846000F0BCFB54
:105F08006B6A41460993AB6A4CA80A9307F07BFA7F
:105F18004046FFF7CDFE53AD39460B90284607F0B3
:105F280072FA3846FFF7C4FE21460C905AA807F0CB
:105F38006AFA04B1246861AF3146384607F063FA5B
:105F4800002E3FF4C8AE3368D5F800801093DDF812
:105F58002034B8F1010F0D93DDF828340E93DDF8E5
:105F680034340593DDF8383406937FF7B4AE619E78
:105F7800002E7FF7B0AEDDE9053293423FF7ABAEB6
:105F8800013E31463846FFF7E7FD31460F90384667
:105F9800FDF7FEFDA8F1020106462846FDF7F8FDCB
:105FA80086423FF798AE08F1FF3128464FF00008C7
:105FB800FDF7EEFDC2460746C3460F9B5B4589DDEC
:105FC8004FF00009109B4D465344089333E000BF3F
:105FD8007C5A0208785A0208745A0208705A020851
:105FE8000000000007991CF9012B11F901EB01339E
:105FF80007910D990A440EFB02009F42F2DC14B18E
:1060080054F8253018440A9BB94453F82520099BB5
:1060180053F8251007F0B8FC0E9B01351844059B72
:106028009842B8BF1846069B9842A8BF1846089BD6
:1060380003F8010B0893AE4208DD0B9B03EB080C39
:106048000C9B4B44079300231846D6E70BF1010B32
:10605800B244B844B1E70DF5896000F00DFB414644
:1060680068A807F0D0F94046FFF722FE39460546F2
:106078006FA807F0C8F93846FFF71AFE2146074609
:1060880076A807F0C0F904B124680DF5FA7831460E
:10609800404607F0B8F9002E3FF41DAE3368294694
:1060A800CDE9018300943B466FAA0DF589600FE79F
:1060B800387A092840F0CB821CB1237A022B40F0B1
:1060C800548195F82C302946002B00F0A4800DF55A
:1060D8008E6000F0D1FA6B6A41460993AB6A84A8D6
:1060E8000A938BAD07F08FF9D8F800303946284667
:1060F8000C9307F088F93846FFF7DAFD21460B9034
:1061080092A807F080F904B1246899AF314638465F
:1061180007F079F9002E3FF4DEAD33682E6810934E
:10612800DDF87034012E0D93DDF878340E93DDF828
:1061380084340693DDF8883407937FF7CCAD999BB8
:10614800002B7FF7C8ADDDE906218A423FF7C3ADD2
:1061580003F1FF3841463846FFF7FEFC41460F90F1
:106168003846FDF715FDB11E07462846FDF710FD18
:1061780087423FF7B0AD711E28460026FDF708FD9F
:10618800B2468046B3460F9B5B457FF7A3AE4FF000
:106198000009109B4D4603EB4A0305930C9B03EB48
:1061A8004603119328E008991CF901EB31F9022BF9
:1061B800013308910D990A440EFB02009845F2DC60
:1061C80014B154F8253018440A9BC14453F82520CB
:1061D800099B53F8251007F0D7FB0E9B013518448F
:1061E800069B9842B8BF1846079B9842A8BF184616
:1061F800059B23F8020B0593AF4207DD0B9B03EBCE
:10620800090C119B089300231846D7E70BF1010BE3
:10621800BA444644B7E70DF5936000F02DFA4146BD
:10622800A0A807F0F0F8D8F800303946A7A80993D5
:1062380007F0E9F83846FFF73BFD21460890AEA87D
:1062480007F0E1F804B12468B5AF3146384607F0E5
:10625800DAF8002E3FF43FAD3368A79E1193DDF8BE
:106268009834012E0A93DDF89C34A7AD0B93DDF822
:10627800A0340C93DDF8A4340D93DDF8A8340E9304
:10628800DDF8AC340593DDF8B03406937FF723AD21
:10629800B59B002B7FF71FADDDE905218A423FF74B
:1062A8001AAD03F1FF3841463846FFF755FC414621
:1062B8000F903846FDF76CFCB11E83462846FDF763
:1062C80067FC83453FF707AD2846711E0025FDF79B
:1062D8005FFCA9460646AA460F9B53457FF7FAADD1
:1062E8004FF00008119B474603EB49030793099BAE
:1062F80003EB4503129329E03CF9022B0B9910920A
:106308001EF9012B01330A4413920A99109A0A4480
:106318001146139A01FB02009E42EDDC14B154F8B9
:1063280027301844DDE90D1207F02EFB0C9B0137CE
:106338001844059BB0449842B8BF1846069B98423B
:10634800A8BF1846079B23F8020B0793BB4507DD38
:10635800089BDDF848C003EB080E00231846DBE76E
:106368000AF1010AD9443544B6E7042B7FF4B2ADEB
:1063780095F82C302946002B00F0B2800DF5986076
:1063880000F07AF96B6A41460993AB6ABCA80A9394
:10639800C3AD07F038F8D8F80030394628461193CD
:1063A80007F031F83846FFF783FC21460B90CAA85E
:1063B80007F029F8D4F80090D1AC3146204607F010
:1063C80022F8002E3FF487AC3368C39D1093DDF8A4
:1063D800C034012D0C93DDF8C8340D93DDF8D434A6
:1063E8000693DDF8D83407937FF775ACD19E002E5D
:1063F8007FF771ACDDE9063293423FF76CAC013EA2
:1064080031462046FFF7A8FB31460E902046FDF79F
:10641800BFFBA91E8346C3A8FDF7BAFB83453FF718
:106428005AAC691EC3A80025FDF7B2FBA84606466C
:10643800AA460E9B53457FF74DAD0027109B3C465F
:1064480003EB48030893119B03EB4503129337E0D2
:106458001EF9013B3CF9021B0F930C9B01320B44C4
:106468000F994B430599181841EBE373059396422E
:10647800EEDCB9F1000F0AD059F8343009EBC40248
:10648800C31818465268059B43EB020305930A9B01
:10649800099A53F8243052F82420059907F0B8FADD
:1064A8000D9B01341844069B37449842B8BF1846E0
:1064B800079B9842A8BF1846089B23F8020B08932D
:1064C800A34508DD00220B9B1046DDF848C003EB0E
:1064D800070E0592CBE70AF1010AD8443544A8E72C
:1064E8000DF59D6000F0C8F84146D8A806F08BFF6E
:1064F800DFADD8F8003039462846129306F083FFFE
:106508003846FFF7D5FB21460A90E6A806F07BFF40
:10651800D4F80090EDAC3146204606F074FF002E0A
:106528003FF4D9AB3368DF9D1193DDF8E834012DD2
:106538000B93DDF8EC340C93DDF8F0340D93DDF8B3
:10654800F4340E93DDF8F8340F93DDF8FC34069339
:10655800DDF8003507937FF7BEABED9E002E7FF781
:10656800BAABDDE9063293423FF7B5AB013E31469F
:106578002046FFF7F1FA314610902046FDF708FB58
:10658800A91E8346DFA8FDF703FB83453FF7A3ABAE
:10659800691EDFA80025FDF7FBFAA8460646AA46AD
:1065A800109B53457FF796AC0027119B3C4603EBA5
:1065B80048030993129B03EB4503139337E03EF915
:1065C800023B01321946089B13F901CB08930C9B37
:1065D8009C440B9B194401FB0CF30599181841EBDB
:1065E800E37305939642EADCB9F1000F0AD059F833
:1065F800343009EBC402C31818465268059B43EBB4
:1066080002030593DDE90E23059907F001FA0D9BB6
:1066180001341844069B37449842B8BF1846079B74
:106628009842A8BF1846099B23F8020B0993A34573
:1066380008DD00220A9B10463B44DDF84CE0089335
:106648000592CFE70AF1010AD8443544A8E704F0D7
:1066580005FF98F808200146054806F0ADFD012021
:1066680039E404F0FBFE98F8082001460148F4E7F5
:1066780097300208F32D02084A69524202608A697B
:1066880052424260CA6982600A68C2604A6802610E
:106698008A684261CA68826170470000012909D08E
:1066A800032909D002290AD06FF40002064BC261FF
:1066B800036270470022F9E70022044BF7E74FF026
:1066C8007E53034AF3E700BFFFFF7F7F0000C0400F
:1066D800000080BF2DE9F04F91B009910021DDE95C
:1066E8001CA5012A1E46DDE91A73044685F82C10FC
:1066F80000F0BB803A68012A40F08E80D7F8048009
:10670800B8F1000F00F08880D8F8001051B9584B44
:10671800584A009344694B235749A047012011B0B8
:10672800BDE8F08FD1F80090B9F1010F74DD337F27
:1067380085F82C20092B01D0072B02D13B7F122B87
:1067480008D14E4B2046009365696323494A4A495C
:10675800A847E3E77B69D8F8082003EB82035B6866
:1067680099450CD0CDE90293454B20460193454B02
:10677800404A009365696B234349A847CEE74FEA2F
:10678800890B5946A36B204698475946A36B686204
:1067980020469847D6ED027ACDED057ADAED027AF1
:1067A800D8F80030CDED087A4FF00008A86203F160
:1067B800040BFBEC017A0598CDED067AF9F786FE15
:1067C800CDE90A010698F9F781FE02460B46DDE994
:1067D8000A01F9F7D3FECDE906010898F9F776FE24
:1067E80002460B46DDE90601F9F7F2FF41EC100B12
:1067F8000EA90DA807F07EF96B6A0D9A43F82820B8
:10680800AB6A0E9A43F8282008F10108C145D0D197
:10681800FB68BBB10AF089FB002000210EAACDE974
:106828000E01CDE900A231463A46204606F0A4FE04
:1068380000287FF474AF28469DED0E0B291D07F044
:1068480059F9E5E7F2682046C5E905235246DAF822
:106858000C300999EB6105F10C031A9305F1080353
:1068680011B0BDE8F04F06F0E1BE084657E700BF9B
:1068780026310208BA300208C82B02084131020842
:10688800BD310208FA310208032C0208836B10B5E7
:106898000BB90AF04AFB1021BDE810401847000068
:1068A80080FB0132002A10B50C4CA8BF4FF0804481
:1068B800B0F1004F08BF88420DD0E31842EBE472F4
:1068C800002A04DA6FF000415B1842F10002D80F89
:1068D80040EA420010BD6FF00040FBE7010000C035
:1068E8002DE9F0474FF00009064601254C46D0F83F
:1068F80000A0CA4503DC28462146BDE8F087012DE3
:1069080074F10003F7DB2A4623466FF000400021AC
:10691800FAF75CF956F8048F4FEAE877804577EB89
:10692800010105DB0749084806F046FC0AF0FDFAB4
:106938006F4308FB0477A5FB085409F101093C449F
:10694800D7E700BF1832020868480208002313B5C9
:106958000446CDE90033044A044B054906F01CFD02
:10696800204602B010BD00BF1D710008F96C000878
:10697800956800086FF00042C317801843F10003C0
:10698800B3F1FF3F08BFB0F1FF3F15BF0122024638
:1069980000211946801843EB010370B5DD0F2D184F
:1069A80043F100036D0845EAC37528462C49FFF7F3
:1069B80077FF032600F15A3421462846FFF770FF77
:1069C800C0F100512046FFF76BFFB0F1005F2CDAF1
:1069D800B0F1604F23DD00228000002120EA01038E
:1069E80021F000414B4023EA020302F000425340E9
:1069F800013E1C44E0D1B4F1804F26DAB4F1404F97
:106A08001DDD30462419002624EA060426F0004637
:106A1800744024EA000400F00040604070BD4FF06C
:106A2800FF3208D14FF00040D7E700224FF0FF3186
:106A38006FF00040D2E700214FF00040CEE70AD1C6
:106A48004FF000444FF0FF30DDE730466FF0004470
:106A58004FF0FF36D8E74FF0FF304FF00044D3E750
:106A6800C4C3C3C3704708B5FFF71AFF08BD0000C9
:106A78002DE9F04104461A48FFF7F4FF0546194886
:106A8800FFF7F0FF04F18054074621462046FFF740
:106A9800EAFF21460646FFF7E6FF314680463046C4
:106AA800FFF7E1FFC20F013200F0030183108A42B1
:106AB800B8BF0133394603EB0800FFF7D4FF831949
:106AC80003F00102B2EBD37FCCBF0121002101EB1F
:106AD800630128462144FFF7C6FF2844BDE8F0813A
:106AE80094A8F570ABAAAA2A2DE9F04140F07E449B
:106AF80006462001FFF7BCFF07464148FFF7B2FFF3
:106B080001463846FFF7AFFFA41B04F00075002DBF
:106B180014BF80464FF00008C5F34065013D05EA03
:106B2800070088EA00083748FFF79CFF01464046FF
:106B3800FFF799FF04F08065002D14BF0746002772
:106B48003148FFF78FFFC5F38065013D05EA080569
:106B58006F4001463846FFF786FF04F00065002DB8
:106B680014BF80464FF000082848FFF77BFFC5F3A5
:106B7800C065013D3D4088EA050801464046FFF7EB
:106B880072FF04F08055002D14BF074600272048E7
:106B9800FFF768FFC5F30075013D05EA08056F407A
:106BA800014604F000583846FFF75DFFB8F1000FC2
:106BB80008BF0020C8F34075013D3D4045401548D9
:106BC800FFF750FF04F0804401462846FFF74BFFCB
:106BD800002C08BF0020C4F38073013B002E03EA99
:106BE800050383EA000314BF4FF0FF30002003EAD7
:106BF80000030CBF6FF0004000205840BDE8F08152
:106C08007BBEAF63F2CBA24D6CAC162FA4AA521177
:106C1800B72A580211FE0A002DE9F74F8246894625
:106C28000025CDE90023DFF8C4B00C9B9D4202DBB0
:106C380003B0BDE8F08F0D9BC9F100025857A0EBD7
:106C48000A0082424CDA48454DDADDE9001206F0C6
:106C58009BFE0028D5BF00224FF0FF389046024621
:106C6800D8BFB0FA80F4C0F1000020EA080080EA3A
:106C78000200D8BF6409C0F10000CCBF0024644200
:106C8800FFF732FFFFF776FE06464FF08040FFF72A
:106C9800E9FE6FF0004C6FEA0807ACEB060C0CEA53
:106CA800070108EA060881EA0802204022EA0402ED
:106CB80042400BEBD270C2F31601D2158842B8BF1E
:106CC8000132803A12F1800F07DB802A08BF7F2249
:106CD80052B20E9B5A550135A7E76FF07F02F7E7CE
:106CE8006FF07F02F5E77F22F3E700BFFFFF3F0069
:106CF8002DE9F04F2DED048B6F4B93B01A680446C5
:106D08000D4606F070FB6D4B07461A68204629466B
:106D180006F06BFBEB6804460BB90AF006F9387A03
:106D2800012856D1237A012B40F0A180394604A8C6
:106D380006F069FB21460BA83D6806F064FB049940
:106D48000B9B26689942E8D104AB1C4600200BAA8D
:106D5800814213DC00220127914217DC2C46DFED2B
:106D6800588A0025B7EE008ABAEE029ABD4212DBB5
:106D7800002013B0BDEC048BBDE8F08F52F804CFAF
:106D880054F8047FBC45C8D10130E1E753F8040F3B
:106D980001324743E0E7B4EC010AB4EEE80AF1EE49
:106DA80010FA13DCB4EEC90AF1EE10FA05D508F0B2
:106DB800BDFDA6EC010A0135D8E7B1EE400A08F09E
:106DC800B5FD70EE087A88EE270AF2E7B7EE000AFA
:106DD800EFE7072858D1227A072A48D1D3E9026574
:106DE8007868FFF77DFD002DD7F800E0D4F8008023
:106DF80093DBAEBB0323AB40374635461E46002225
:106E08003049DFF8CCC0304C9042B1DD3EF91290E9
:106E180006FB097949FA05F989EAE97AAAEBE97AD8
:106E2800BAF5FF3F28BF0B464FEA5A2B3FBF3CF845
:106E38001B300BF1010B3CF81BB0CAF3080A3EBF2C
:106E4800ABEB030B5B020AFB0B33B9F1000FACBFD2
:106E580003F50073E31A9B0A28F812300132D3E7CE
:106E68001DB101276B1E9F40C9E72F46C7E704F0F5
:106E7800F5FA0546207A04F0F1FA29460246134845
:106E880006F09AF9012074E70928F0D1227A092A34
:106E9800EDD1D3E90056D3E902897868FFF720FDE0
:106EA8002368424602933B683146CDE900034B46CE
:106EB8002846FFF7B1FE5BE7845C0208805C0208A5
:106EC800CFF3844100FCFF01FF0100024A320208AF
:106ED800805A0208000000002DE9F04FD0F80CB0ED
:106EE800044616465846002287B00F4605F016FE9F
:106EF800054658B9744B0093272365692046734AA1
:106F08007349A847012007B0BDE8F08F3946002231
:106F1800584605F018FE074620B96E4B0093656980
:106F28002A23EBE7287F3B7F834212D0666904F06F
:106F380095FA0546387F04F091FA674BCDE902507F
:106F48000193664B20460093604A2C236449B0475E
:106F5800D8E7092B36D1FB6813F1800F0ED06FF0FC
:106F68007F02CDE902325F4B01935F4B00932E23E2
:106F780065692046554A5D49A847C3E7A868F9F7F7
:106F8800A5FA00225A4BF9F7F9FA41EC100B3046F2
:106F9800EB6840F80C3B08F097FC0022554B51EC8D
:106FA800100BF9F7EBFA41EC100B09F07DFB51ECF3
:106FB800100BF9F793FD1F22B060F168042006F06A
:106FC8005BFE70602B7F072B6AD1EB684BB1002208
:106FD800CDE90232484B0193484B0093656946233B
:106FE800C7E7D7F80CA0BAF1000F08D0CDE902A383
:106FF800414B01933C4B009365694723B9E795EDF5
:10700800020A04A806F07AFE049B0C33F3606BB9FD
:1070180060B1C6F808A097ED020A05A806F06EFE52
:1070280078BB374B00936569652367E7A868F9F76C
:107038004DFA0022334BF9F7A1FA0022324BF9F747
:107048009DFA1FA3D3E9002380468946F9F712FD6C
:1070580010B1BAF11F0F0BD140464946C6F80CA033
:10706800F9F73CFDB0F5004FB060D4DB09F05DFFE7
:1070780042464B46404649460AF1010AF9F7C8F824
:10708800DFE7059B13F10F0F0AD06FF00E02CDE971
:1070980002321E4B01931E4B00936569672368E714
:1070A800DBF80030294658469B699847DBF80030E2
:1070B800584639469B699847002024E7AFF300807B
:1070C80000000000C0FFCF40312C02086D320208DA
:1070D800C82B0208542C0208662C0208732C0208DC
:1070E8004A300208D2320208DE380208032C0208AD
:1070F8000000A0410000E0419F530208F532020859
:107108000E3302080000B040000008404C3302086B
:1071180063330208CA6808B50AB909F006FFBDE872
:107128000840FFF7D9BE2DE9F84304460E469046BD
:1071380000250768BD4212DB002E1DDBBE421BDAAC
:107148000120002304349E420CBF012254F823205E
:1071580001339F4202FB00F0F5DCBDE8F883B5423D
:107168000CD029462046FCF713FD294681464046A7
:10717800FCF70EFD814501D009F0D7FE0135D9E7AE
:10718800C31103F580739BB231F8132001EB43015F
:107198004B8840219B1A00F07F0013FB001302EB81
:1071A800E31000B2704700002DE9F04F0C460F685D
:1071B80089B0013F3946069205461A4620461E46C2
:1071C800FFF7B1FF3B463946049032462046FCF7AC
:1071D8002AFD0027044647F6FF780197019B049A89
:1071E800934202DB09B0BDE8F08F069B002203EB57
:1071F800470B59464A4B7E00A24241DB4FF0000A3A
:10720800D146129A16440596A24540DBB9FA89F28E
:107218004FEAE973501EA2F12101834009FA01F1F6
:107228009246C2F1210229FA02F20B4309FA00F947
:1072380019F5005043EA020343F10003800B40EACA
:107248008340A0F5C03010F5004F3EDB4045A8BF95
:107258004046E96A00B2FFF793FF4FF0010C0021A6
:10726800CAF11F03DBB25A1E0CFA02FC4FEAEC7299
:107278000792A1422BDB019B274401330193ADE721
:1072880031F9020B01328342B8BF0346B4E73BF938
:10729800020BD5E90212C01A079306F075FB4044A9
:1072A80010F5004F079B0EDB4045A8BF4046A96A72
:1072B80000B20793FFF764FF079B26F81A00814482
:1072C8000AF1010AA0E71648F1E71548C1E7079A4D
:1072D800CDF808C00392059ADDE902AB32F8112017
:1072E800C3F12009C2FB80ABB3F1200E2AFA03F2E6
:1072F8000BFA09F942EA09025CBF4BFA0EFE42EAB0
:107308000E02002A08DBB2F5004FB4BF9646C64607
:1073180026F802EB0131ACE74FF0000EF8E700BFAA
:107328000080FFFF002313B50446CDE90033044A6B
:10733800044B054906F030F8204602B010BD00BFE6
:107348005D7E00083D770008497E0008002910B5D9
:1073580006DA4FF4B3710C4B0C4A0D4809F0ECFDFA
:107368001F2904DD40F267110A4B084AF5E701239B
:107378008B40C20F013B03EA000402EB63030841A0
:107388009C42C8BF013010BD7D3302088B33020810
:10739800E5330208653402082DE9F04140F07F44E6
:1073A80007466001FFF764FB80464848FFF75AFB31
:1073B80001464046FFF757FBE41B04F08075002D9B
:1073C80014BF06460026C5F30065013D05EA08001E
:1073D80046403F48FFF746FB01463046FFF743FB70
:1073E80004F00075002D14BF80464FF0000839489E
:1073F800FFF738FBC5F34065013D354088EA0508CD
:1074080001464046FFF72FFB04F08065002D14BFAE
:10741800064600263048FFF725FBC5F38065013D89
:1074280005EA08056E40014604F000653046FFF79E
:107438001AFB002D08BF0020C5F3C065013D35408B
:1074480045402648FFF70EFB04F0805801462846C1
:10745800FFF709FBB8F1000F08BF0020C8F300765A
:10746800013E2E4046401E48FFF7FCFA04F0005843
:1074780001463046FFF7F7FAB8F1000F08BF0020C1
:10748800C8F34075013D35404540F220FFF7EAFA60
:1074980004F0804401462846FFF7E5FA002C08BFAF
:1074A8000020C4F38073013B002F03EA050383EA3D
:1074B800000314BF4FF0FF30002003EA00030CBFA5
:1074C8006FF0004000205840BDE8F0817BBEAF63FC
:1074D800F2CBA24D6CAC162FA4AA5211B72A5802AF
:1074E80011FE0A002DE9F04F0C461D460E68836810
:1074F80087B0013E0093C36831460492D0F818B0B3
:107508002A4620460193FFF70EFE2A46029033468C
:1075180020463146FCF787FB00250446AA46029B15
:107528009A4502DB07B0BDE8F08F049B6FF07F0936
:107538005F193A460023A3421EDB4FF000083B4682
:107548004646A6421FDBB8FA88F608FA06F000F1AC
:107558000040FFF70FFAC6F11B061F2E039027D82D
:10756800109B4FF4004203EB45080023A34221DBA4
:107578000AF1010A2544D2E712F9011B01338945B2
:10758800B8BF8946D7E713F9010BA0EB090083457B
:107598000CDC0393DDE900139840FFF781F9FFF74E
:1075A800FBFE0C21FFF7D2FE039B80440136C8E79F
:1075B80009F0BBFC17F9010BA0EB0900834523DC9C
:1075C8000593DDE900139840FFF76AF9FFF7E4FE39
:1075D80001460398FFF747FA3146FFF7B7FEA0F5D3
:1075E8000040B0F5004F4FF40042059B09DA084906
:1075F8008842B8BF0846A8F80000013308F102081D
:10760800B4E747F6FF70F6E7A8F80020F5E700BFF3
:107618000080FFFF2DE9F04F0C461D460E68836879
:1076280087B0013E0093C36831460492D0F818B081
:107638002A4620460193FFF776FD2A4602903346F4
:1076480020463146FCF7EFFA00250446A946029B7E
:10765800994502DB07B0BDE8F08F049B6FF07F0807
:107668005F193A460023A3421CDB4FF0000A3B4651
:107678005646A6421DDBBAFA8AF60AFA06F000F167
:107688000040FFF777F9C6F123061F2E039025D88F
:107698004FF0000A109B2B44A24521DB09F1010998
:1076A8002544D4E712F9011B01338845B8BF884641
:1076B800D9E713F9010BA0EB080083450CDC039311
:1076C800DDE900139840FFF7EBF8FFF765FE0C21A2
:1076D800FFF73CFE039B82440136CAE709F025FC0C
:1076E80017F9010BA0EB080083451EDC0593DDE9C3
:1076F80000139840FFF7D4F8FFF74EFE01460398B1
:10770800FFF7B1F93146FFF721FE80387F28059B46
:1077180009DC6FF07F029042B8BF104618700AF17A
:10772800010A0133B8E77F20F8E76FF07F021A708B
:10773800F5E700002DE9F04F2DED048B0022B1B0E4
:107748000C46054605F04FFE00220746214628460E
:1077580005F04BFED4F80CC00646BCF1000F01D171
:1077680009F0E3FB654622AC0FCD0FC40FCD0FC463
:107778000FCD0FC495E8030084E80300387A072882
:1077880000F0978009286FD0012840F0A7809CED71
:10779800007B394606A88DED047B05F034FE3B6876
:1077A80031460DA8039305F02EFE002ED8D0069C76
:1077B8003368013C21460DAA06A80293FFF7B3FCE3
:1077C8002346214680460DAA06A8FCF72CFA002677
:1077D80004463746B84505DC002031B0BDEC048BC3
:1077E800BDE8F08F039B9FED428A03EB860B594659
:1077F8000022B50094420EDC029B4FF000091D44A4
:10780800AA46DFED3C8A4C4511DC00239C4223DC70
:1078180001372644DEE7F1EC017AF4EEC87AF1EE9E
:1078280010FA02F10102C8BFB0EE678AE2E7DDE9AB
:107838000401BBEC019AF9F779F939EE489A00EEA0
:10784800100A29EE000A08F071F809F10109AAECFA
:10785800010A78EE808AD6E795ED007AC7EE287A95
:107868000133E5EC017AD1E7337A3946072B1BA8B7
:107878000FD105F0C8FD314614A83C6805F0C3FDDA
:107888003368224600931BA914AB22A8FFF72AFEEF
:10789800A2E705F0B8FD314614A83C6805F0B3FD31
:1078A8003368224600931BA914AB22A8FFF7B2FE47
:1078B80092E739461BA805F0A6FD314614A83C6896
:1078C80005F0A1FD002E3FF44BAF3368224600932C
:1078D8001BA914AB22A8FFF767FC7DE703F0BEFDE8
:1078E8003A7A0146044805F067FC012075E700BFB5
:1078F800FFFF7FFF000000004B2B0208F7EE007A25
:1079080030EE270A87EE800A704708F00FB80000AB
:10791800F8B547F6FF741E46504B15461A1A2DED5A
:107928000C8B0AEE102A221A09EE102AB8EECAAAFF
:10793800B8EEC99A2AEE00AA29EE009ADFED487A35
:1079480079EE4ACA5B1A6CEEA7CA07EE903A631A38
:10795800B8EEE77A07EE903AF8EEE77A67EEA07AA3
:10796800F6EE00AAE7EE607A9FED3E7A2CEEAABA10
:1079780087EE27CA0024DFED3C9ADFED3C8AB71E6C
:1079880007EE904AF0EE4ABAF8EEE77AECEEA7BABC
:10799800B0EE6B0AA8470134B0EE408A3BEE2B0AE2
:1079A800A84707EE904AB0EE40DAF8EEE77AB0EE74
:1079B8004A0AACEEA70AA847F0EE40BA2CEE080A2D
:1079C80008F0C0FEB0EE408AACEE2B0A20EE2A0A80
:1079D80008F0B8FEF0EE40BA2CEE0D0A08F0B2FE40
:1079E8003BEEC00A20EE2A0A08F0ACFE38EE408AC8
:1079F800B4EEE98AF1EE10FA48BFB0EE698AB4EE47
:107A0800E88AF1EE10FAC8BFB0EE688ABDEEC88AFF
:107A180018EE103AB4F5007F27F8023FB0D1B0EE67
:107A2800490AA8472CEE000A08F08CFEB4EEE90AD1
:107A3800F1EE10FA58BFF0EE409AF4EEE89AF1EE43
:107A480010FAD8BFF0EE698AFDEEE88A18EE903A8F
:107A5800BDEC0C8BA6F80034F8BD00BF0080FFFF1A
:107A68000000003B00008047000000C700FEFF4602
:107A78002DE9F0432DED028B99460B7F89B0072B3A
:107A880004460F461546129E1AD140F20241836BF6
:107A9800984740B9AA4B0093272365692046A94A0D
:107AA800A949A84769E0B06240F202412046A36BA9
:107AB800984720B9A54B009365692B23EEE7F06240
:107AC8002A7F3B7F072A0AD1092B00F09281072BD6
:107AD80000F070819E4B009365693123DEE79A427E
:107AE80000F08781CDE902329A4B01939A4B0093BB
:107AF800342365692046934A9849A8473DE0002306
:107B0800CDE90283964B0193964B0093656939231F
:107B1800F0E7EA6842B1CDE90223914B0193914B1A
:107B2800009365695C23E5E7DFED8F7A95ED027ACE
:107B3800B4EEE77AF1EE10FADFED8C6ACCBF77EE9F
:107B4800677A77EEC77AF4EEE67AF1EE10FA7EDD20
:107B58004FF07C53002217EE100ACDE90423F8F702
:107B6800B5FC834BCDE902010193824B00935D2361
:107B780065692046734A8049A847012086E0287F26
:107B8800072832D1EB6813F5004F09D07B4ACDE9BD
:107B980002327B4B0193734B009365696223A9E71B
:107BA800DFED787A95ED027AB4EEE77AF1EE10FA25
:107BB800DFED756ACCBF77EE677A77EEC77AF4EEB9
:107BC800E67AF1EE10FA66DD0022704B17EE100A25
:107BD800CDE90423F8F77AFC6D4BCDE90201019356
:107BE800644B009365696323C3E7092812D066696B
:107BF80003F034FC0546404603F030FC654BCDE904
:107C080002500193534B0093662320464D4A624924
:107C1800B047B2E7EB6813F1800F0AD06FF07F022C
:107C2800CDE902325D4B01934E4B009365696723A2
:107C380060E795ED027ADFED5A7AB4EE677AF1EEF5
:107C480010FA28D0574B00936569682326E7B8686F
:107C5800F8F73CFC0446D9F800000D46F8F736FC66
:107C680002460B4620462946F8F788FC32A3D3E99A
:107C78000023F8F7ADFD06F1080841EC100B40466B
:107C880007A905F037FF079BF360002009B0BDEC9A
:107C9800028BBDE8F083B868F8F718FC41EC180BC4
:107CA800D9F80000F8F712FC06F1080441EC100BB3
:107CB800B0EE481AF0EE681A2146052007AA05F02A
:107CC800A7FF07991F22F160052005F0D5FFF8F7F7
:107CD800EBFB01F10041F8F701FFB061D5E7B8F11E
:107CE800010F0FD04046666903F0B8FB0546012036
:107CF80003F0B4FB2C4BCDE902500193164B0093D3
:107D0800852382E7287F01280ED0666903F0A6FB49
:107D18000546404603F0A2FB234BCDE902500193F0
:107D28000C4B0093862370E7D9F80000F8F7CEFBD8
:107D3800C6E90001A9E700BF140014001400243F9D
:107D4800D834020874340208C82B0208EF34020839
:107D580012350208662C0208732C0208032C02084C
:107D68009F530208DE380208000000386F12033300
:107D78006C350208783502084C3502080080FFFF90
:107D88008D350208000080376F1283320000F03E04
:107D980094350208A03502084A300208AC350208BA
:107DA8000000803BB1350208D33502088000003856
:107DB800A0002039D5F80C80B8F1000F7FF49FAEF1
:107DC80041465FED060A47F6FF701FED070AB36AE2
:107DD800144AFFF79DFDF36A4146DFED130A9FED54
:107DE800130A134A1348FFF793FDEB68F361AB6876
:107DF800336297F81C80B8F1090F3FF4C0AEB8F1B0
:107E0800070F7FF46CAFFB68002B3FF482AE0022B3
:107E1800CDE90232084B0193084B009365695B2357
:107E280068E600BF137900088000003880008037BA
:107E3800057900080080FFFF9F530208F532020809
:107E4800836B10B50BB909F070F83821BDE8104004
:107E5800184700002DE9FF410B6804460D4613B191
:107E68001B68012B11D00122CDE902322E4B019360
:107E78002E4B00939423656920462D4A2D49A84727
:107E88000124204604B0BDE8F0814B6813B11B689B
:107E9800012B09D00122CDE90232234B0193264B55
:107EA800009365699523E7E7C6680022304604F029
:107EB80035FE074640B9214B009397236569204654
:107EC8001B4A1F49A847DBE743691B68002B04DCF2
:107ED8001C4B009365699823F1E700222946304638
:107EE80004F031FE804620B9174B009365699A2348
:107EF800E5E7EB6823B9154B009365699C23DEE73A
:107F08000093024639462B692046FFF7B1FD3368D6
:107F1800394604469B69304698473368414630469F
:107F28009B699847ADE700BF1B360208E235020897
:107F380074340208032C0208F2350208312C0208B6
:107F4800C82B020803360208542C02081D36020802
:107F580008B5D0E90B239A4201DD08F0E6FF426834
:107F6800802AFADC83687F33FF2BF6D87F32F4DB74
:107F780008BD836B10B50BB908F0D7FF3C21BDE8ED
:107F8800104018472DE9F04F0C1E8DB016461D46BF
:107F9800199F099037DD4FF00008179B07EB840BFA
:107FA80003EB840A189B03EB8409013CDBF80030DF
:107FB800984502D30DB0BDE8F08F33680AAA0A933A
:107FC8002B6821460B931D9B099807931C9B08F16E
:107FD800010806931B9B05931A9BCDE90373189B15
:107FE8000293179B0193169B00930BABFFF7CAFFF5
:107FF800DAF800203368134433602B68D9F800207E
:1080080013442B60D2E701D008F08FFF179B196843
:10801800189BD3F800C051EA0C02F5D032681A9BBD
:10802800D7F800B003EB02082A681B9B03EB020990
:10803800169B1A681C9B03EB020A99B9FFF788FF85
:108048005C4504DB2B683A6813442B6015E019F98A
:108058000410099A98F900001D9B98470AF8040033
:108068000134EDE7BCF1000F19D1FFF771FF5C4552
:108078000ADB33683A6813443360169B3A681B6816
:108088001344169A136095E718F90400099A99F9A8
:1080980000101D9B98470AF804000134E7E7FFF732
:1080A80057FF5C4504DB33683A6813443360C9E71B
:1080B80019F9041018F90400099A1D9B98470AF841
:1080C80004000134EDE7F8B51546126804469142FC
:1080D800016001DA08F029FF064600208F1AB8422D
:1080E80008D1231D9200291D03EB800009F05FF9D8
:1080F8002046F8BD8842EDDA46F8043F0130EEE745
:1081080070B50D461646FBF74FFD04462846FBF7AB
:108118004BFD05463046FBF747FDAC4201D008F061
:1081280004FF8442FBD170BD38B580FB0134002CBC
:108138001B4DA8BF4FF08045884208BFB0F1004FE3
:1081480017D0E81844EBE573002B04DA6FF0004110
:10815800401843F10003C00F40EA4300002AC2F16F
:10816800000109DD4FF4B3710E4B0F4A0F4808F0B8
:10817800E3FE6FF00040F1E71F3204DA40F26711C6
:108188000B4B094AF2E701238B40C20F013B03EA7C
:10819800000402EB630308419C42C8BF013038BDAC
:1081A800010000C07D3302088B330208E533020862
:1081B8006534020870B51446936992681144626880
:1081C80001FA03F510449840D4E90712FFF7ACFF11
:1081D800D4E9091206462846FFF7A6FFD4E9041297
:1081E8003044FFF7A1FFE3681844E36A9842B8BF38
:1081F8001846236B9842A8BF184640B270BD2DE9B7
:10820800F04303680C688FB09C42B8BF1C46042337
:10821800062C0D461646137001DD08F086FE024650
:10822800012321466846FFF74EFF01232A462146CF
:1082380007A8FFF748FF009A079B9A420AD19200C5
:1082480008A901A808F0BEFF20B9012333700FB0B8
:10825800BDE8F083013C2546002D10DB2946684621
:10826800FBF796FC2946074607A8FBF791FC8742CF
:1082780001D1013DF0E7012F24D102233370337877
:108288009A1E012AC9D80125032B0CBF6F46E84660
:10829800C6E91555C6E917550CBF0DF11C0807AFFF
:1082A800002C75665ADB21464046FBF771FC2146D7
:1082B80081463846FBF76CFC814507D109FB05F57B
:1082C800013CEDE7012849D10323D7E7002C45DB22
:1082D80021464046FBF75CFC012808D12146384678
:1082E800FBF756FC336E013C43433366EEE7002C44
:1082F80034DB21464046FBF74BFC21460546384611
:10830800FBF746FC854204D1F36D013C6B43F365F2
:10831800EDE7002C22DB21463846FBF739FC012823
:1083280008D121464046FBF733FCB36D013C43437B
:10833800B365EEE7002C11DB21464046FBF728FC2D
:10834800214605463846FBF723FC854204D1736D68
:10835800013C6B437365EDE704233370012076E736
:10836800002313B50446CDE90033044A044B0549FC
:1083780005F012F8204602B010BD00BFB190000809
:10838800958E00087B7F00082DE9F04F93B0CDE96A
:1083980003238046072301201C9A8C4606A9013B2B
:1083A8006DD1072001210CAB01386BD11346012494
:1083B80002F11801994268D1D8F80010DCF80040A1
:1083C8000B46A14228BF2346059308EB810301937E
:1083D8000CEB84030125029300232F469B469A4603
:1083E800059EAE4254D2A14240F2AC80BBF1000FD0
:1083F80000D101334646091B03F18044013C02EBDE
:108408008405013B12AA02EB830356F8044F002CA3
:1084180049D053F8302C0130624343F8302C2A6895
:10842800884204FB02F22A60EFD1012206A80CA9B7
:108438000D46064600231446039F47F8234056F886
:10844800047B7C43049F47F8232055F8047B0133C1
:10845800062B07FB02F2EFD100231A4650F8045B03
:1084680051F8044BA54205D0012D40F08D80039CA6
:1084780044F823200133062BF0D1012014E041F801
:10848800040B8CE743F8041B8EE743F8044B91E791
:10849800019E56F804E90196029E56F80499029640
:1084A800BEF1000F03D1002013B0BDE8F08FB9F181
:1084B800000FF8D0BEF1010F74D1B9F1010F40F0EF
:1084C800938001358CE7013312AE5F1E06EB8707F8
:1084D80057F8186C4FF0010A09FB06FE47F818EC2C
:1084E80003F1804E0EF1FF3E52F82E7009FB07F79C
:1084F80042F82E700027BB46E3E7BAF1000F03D11C
:10850800BBF1000F00D107B1013312AE5F1E06EBBD
:10851800870757F8306C0EFB06F957F8186C47F8C0
:10852800309C0EFB06F947F8189C03F1804909F1C5
:10853800FF3952F829700EFB07F742F82970002717
:10854800BB464FE0BFF471AFBAF1000F00D1013361
:108558006646611A03F18044013C02EB8405013B45
:1085680012AA02EB830356F8044F002C9BD053F851
:10857800182C0130624343F8182C2A68884204FBFF
:1085880002F22A60EFD150E7012C09D1049C6FE771
:10859800BEF1010F98D0B9F1010F0CD0CE45ACD087
:1085A80008F0C3FCBAF1000F22D1B9F1010FF5D1DF
:1085B800BBF1000F00D1013312AE5F1E06EB870737
:1085C80057F8306C4FF0010B0EFB06F947F8309C5A
:1085D80003F18047013F52F827600EFB06FE42F880
:1085E80027E00027BA466CE7BAF1000F3FF46BAFFB
:1085F800BBF1000FCCD04B21024B034A034808F0D3
:108608009BFC00BF383602085F360208FC360208B9
:108618002DE9F04F2DED028B00288BB00D46144646
:10862800B0EE408AF0EE608A169F189E39DD4FF052
:108638000008179A06EB800907EB800A02EB800B0B
:108648000138D9F80020424504D80BB0BDEC028BA4
:10865800BDE8F08F2A6808A908922268F0EE680A37
:1086680009921B9AB0EE480A05921A9A0793049247
:10867800199A0690CDE90262179A08F10108CDE926
:10868800007209AAFFF7C4FFDDE90603DAF8001053
:108698002A680A442A602268DBF800100A4422602B
:1086A800CFE701D008F041FC179AD7F800C0D2F8FC
:1086B80000E05CEA0E02F5D00F68199A1A99D4F80E
:1086C8000080D6F800A002EB870B01EB88001B9A0C
:1086D80019684FEA8A0902EB8101BCF1000F1DD12C
:1086E8008144484503D108EB0A0222603DE0F0ECE2
:1086F800017A9BED007A77EE877AB4EEE78AF1EE9D
:1087080010FAC8BFF0EE487AF4EEE78AF1EE10FAF4
:1087180048BFF0EE687AE1EC017AE2E75A46D944BC
:10872800BEF1000F1DD04A4524D157442F6022685E
:1087380031680A44D9E7F2EC017A90ED007A77EED5
:10874800877AB4EEE78AF1EE10FAC8BFF0EE487AFD
:10875800F4EEE78AF1EE10FA48BFF0EE687AE1EC41
:10876800017A4A45E7D157442F601A6831680A44AC
:108778001A606AE7F2EC017AB0EC017A77EE877A50
:10878800B4EEE78AF1EE10FAC8BFF0EE487AF4EEDC
:10879800E78AF1EE10FA48BFF0EE687AE1EC017A68
:1087A800C1E72DE9F04FB0F1000A8DB00D4614462F
:1087B8001E46DDF8609037DD002709EB8A03099330
:1087C800169B03EB8A08179B03EB8A0B0AF1FF3A07
:1087D800099B1B68BB4202D80DB0BDE8F08F2B681F
:1087E8000BAA0A93236850460B931D9B0AA907936B
:1087F8001C9B013706931B9B05931A9B0493199B9B
:10880800CDE90293179B0193169B00933346FFF71C
:10881800C8FFD8F800202B6813442B602368DBF8C6
:10882800002013442360D3E701D008F07EFB169B99
:108838001868179B196850EA0103F6D01B9B2A6831
:10884800D4F8008003EB820C1C9B376803EB880E7E
:108858001D9B03EB8707D9F80030B0B9834202D1DA
:108868004344236030E05EF82020DCF800100A441E
:1088780019998A42B8BF0A461A998A42D4BF47F85A
:10888800202047F820100130E8E7C9B1534521D12D
:108898001A442A602368D9F800201344E1E75CF8F9
:1088A8002100DEF800402044199CA042B8BF2046B1
:1088B8001A9CA042D4BF47F8210047F82140013153
:1088C8008B42ECD11A442A603368D9F8002013444B
:1088D800336081E75EF82A005CF82A100144199891
:1088E8008142B8BF01461A988142D4BF47F82A107E
:1088F80047F82A000AF1010AC8E700002DE9F04309
:108908002DED028BC9B0549EDDE95254307A01280E
:108918000BD0022800F0818002F0A0FD327A0146D7
:108928006F4804F049FC01203CE01F7893ED0D8A64
:10893800D3ED0E8A2946002F39D009A804F063FD2B
:108948000DB908F0F2FA214610A82F6804F05BFD73
:10895800002CF6D0314641A8D4F8008033AD04F09D
:1089680052FD2CACD6F800903AAE2B462246009623
:1089780010A909A8FFF708FD98B10021F0EE680AD0
:1089880017911E912591B0EE480A0520CDE904897A
:10899800CDE90267CDE9004525AB1EAA17A9FFF767
:1089A80037FE002049B0BDEC028BBDE8F08317A864
:1089B80004F029FD002DC4D021461EA82D6804F01E
:1089C80022FD002CBDD0314641A8D4F8008004F027
:1089D8001AFD346841AA1EA917A8FFF791FB2A4679
:1089E800214645463B469842DBDDF2EC017AB5EC80
:1089F800017A77EE877AB4EEE78AF1EE10FAC8BF0B
:108A0800F0EE487AF4EEE78AF1EE10FA48BFF0EE9D
:108A1800687A0133E1EC017AE5E71F7829460DF120
:108A2800CC080DF1E809002F34D025A804F0EBFCA0
:108A3800002D86D021462CA82D6804F0E4FC002CDB
:108A48003FF47FAF3146276841A81EAC04F0DBFC39
:108A5800366843462246CDF800902CA925A8FFF792
:108A680093FC00289DD000236FF0004209931093D7
:108A780017934FF000430520CDE90332CDE9067680
:108A8800CDE901890595009417AB10AA09A9FFF74C
:108A980088FE86E7404604F0B6FC002D3FF451AF4F
:108AA800214648462D6804F0AEFC002C3FF449AF3F
:108AB800314641A8246804F0A6FC4946404641AA2C
:108AC800FFF71EFB3B46366898427FF76AAF55F8BA
:108AD800232054F823100A4446F823200133F3E7EF
:108AE8004B2B02082DE9F04F04460D4616464FF071
:108AF80000098DB01F46199B03EB81030893179B50
:108B080003EB810A189B03EB810B089B1B684B4501
:108B180002D80DB0BDE8F08F002D24DD3368204663
:108B28000A933B680AAA0B931C9B691E06931B9B1E
:108B380005931A9B0493199B0393189B0293179B05
:108B48000193169B00930BABFFF7CCFFDAF80020DC
:108B5800336809F10109134433603B68DBF80020EE
:108B680013443B60D1E701D008F0DFF93B681B9A5A
:108B7800A06932F91380A3681A9A984408FA00F396
:108B88000993336832F913306268134403FA00F02A
:108B9800D4E90712FFF7C8FAD4E909128046099800
:108BA800FFF7C2FAD4E904124044FFF7BDFAE268BD
:108BB800169B1044E26A1B689042B8BF1046226BAD
:108BC8009042A8BF10461C9A22F81300169A013347
:108BD8001360BBE72DE9F04F1C46EFB06822DDE9D2
:108BE8007897002154A8DDF8E88108F0FBFA636A59
:108BF80046AD5A93A36A49465593636928465B93E1
:108C080063685C93E36A5693A3695D93A3685E9374
:108C1800236B5793E3695893236A5993D4E9032341
:108C2800CDE95F2304F0EFFB39464DA804F0EBFBD8
:108C3800284654AA4DA9FFF7E2FA044698F8080016
:108C480007286AD0092840F011814946002C38D0FD
:108C580015A804F0D8FBB9F1000F01D108F065F9A7
:108C680039461CA8D9F8009004F0CDFB002FF5D0A8
:108C780041464DA83FAE38AC3F6804F0C4FBD8F875
:108C880000803346224600951CA915A8FFF77CFBF7
:108C980098B100217A4B2391CDE9068331AB2A9113
:108CA800319100930521CDE90497CDE9026501943E
:108CB8002AAB23AA54A8FFF765F900206FB0BDE8D6
:108CC800F08F23A804F09FFBB9F1000FC6D03946F6
:108CD8002AA8D9F8009004F096FB002FBED0414690
:108CE8004DA83F6804F08FFB54A8FFF731F94DAA4F
:108CF8002AA923A8FFF704FA054654A8D8F8006063
:108D0800FFF726F9A542D8DD395719F9040054AA06
:108D1800FFF750FA30550134F4E749463FAE002CCE
:108D280031D031A804F06FFBB9F1000F96D0394665
:108D380038A8D9F8009004F066FB002F8ED0414681
:108D48004DA82AAC3F6804F05EFBD8F80080334693
:108D58002246009538A931A8FFF716FB0028ACD0A9
:108D6800002323A915931C9323930091CDE905783B
:108D78000521CDE90359CDE901461CAB15AA54A834
:108D8800FFF7B0FE99E7304604F03DFBB9F1000F5C
:108D98003FF464AFD9F80030394628460C9304F004
:108DA80032FB002F3FF45AAF3B6841464DA80B9366
:108DB80004F029FBD8F80030DDE95F89C8450A933B
:108DC8003FF74CAF304629464DAAFFF799F9559E13
:108DD8002C4B09909E42FFF641AF47F6FE734FF6C3
:108DE800FC72DDF858A10AEB030191423FF636AF59
:108DF8009E423FF733AFDDE95AB30D935C9B0E9368
:108E08005D9B0F935E9B1093589B1193599B1293F4
:108E1800579B099AA2427FF750AFDDE90D121393D1
:108E28000B9B33F914500C9B554433F9140005FA85
:108E38000BF5304400FA0BF0FFF776F9DDE90F1275
:108E480007462846FFF770F9DDE911123844FFF7A5
:108E58006BF9139B0A9A18444045B8BF40464845E9
:108E6800A8BF484622F814000134D2E702F0F6FA07
:108E780098F808200146044804F09EF901201DE7EF
:108E8800BD8100080280FFFF4B2B02082DE9FF4738
:108E9800D1E903A906460C46BAF1000F01D108F042
:108EA80044F81D4B1A6804F09EFA1C4B21461A68B8
:108EB8000746304604F097FA194B80461A6821464F
:108EC800304604F092FA0546007A431E012B0BD86F
:108ED80053464A4621463046CDE901850097FFF7BB
:108EE8000DFD04B0BDE8F087092801D0072809D195
:108EF80053464A4621463046CDE901850097FFF79B
:108F080069FEEEE702F0AAFA2A7A0146054804F05B
:108F180053F90120E5E700BF905C02088C5C020869
:108F2800885C02084B2B02082DE9F04F2DED068BCB
:108F3800834681B08A46DDE91054194610461E461C
:108F4800174604F017FD2B7F80F00100092B2070D5
:108F580002D0072B40F081802A680AB907F0E5FFA4
:108F680097ED02AA96ED028AB4EEC8AA072B14BFA1
:108F78004FF014084FF00F08F1EE10FAFA6854BFDA
:108F88001AEE100A18EE100A5242A262F268524211
:108F9800E262EA68C4F824802263F7F797FA024687
:108FA8000B46F7F735F906460F4618EE100AF7F79D
:108FB8008DFA32463B46F7F70BFC41EC190B0120C2
:108FC80000FA08F0F7F770FA8046A8688946F7F7BC
:108FD8007DFA02460B4640464946F7F7CFFA024665
:108FE8000B4630463946F7F7F3FB41EC180B1AEEFF
:108FF800100AF7F76BFA32463B46F7F7E9FB04F13C
:10900800040904F1140841EC100B4946404604F0E9
:10901800DBFDB0EE490AF0EE690A04F1080104F13B
:10902800180004F0D1FD04F1200104F11C00B0EE99
:10903800480AF0EE680A04F0C7FD2A46584604F1CB
:10904800100310939AF8001004F10C0301B0BDEC62
:10905800068BBDE8F04F04F0E9BA012B0DD19AF860
:109068000030012B03D1002363630C4B04E0032B76
:1090780009D1002363630A4BA363002001B0BDEC50
:10908800068BBDE8F08F022B04D1064B63634FF0CB
:109098007E53F1E76FF40003E6E700BFFFFF7F7F31
:1090A8000000C040000080BF2DE9F043CB680446B3
:1090B8000E4685B00BB907F038FF0B69002BFAD0C4
:1090C800C5680022284603F029FD814660B9304B67
:1090D80000935823656920462E4A2F49A847012640
:1090E800304605B0BDE8F08301223146284603F03A
:1090F80015FD804620B9294B009365695B23EAE793
:1091080000223146284603F01EFD074620B9244BAD
:10911800009365695E23DEE7F3684A46CDE90003FC
:10912800434631692046FFF7FFFE06460028D7D19F
:109138003B7F022B1BD1D9F8003063B1CDE9023057
:10914800184B0193184B0093682365692046114A10
:109158001649A847C3E7D8F8002042B1CDE9022351
:10916800104B0193124B009365696A23EEE72B6855
:10917800494628469B6998472B68414628469B697B
:1091880098472B68394628469B699847A8E700BF47
:10919800BA3702085A370208C82B0208CC37020827
:1091A800542C0208DE370208F4370208032C0208A0
:1091B8000E380208836B10B50BB907F0B6FE2021F4
:1091C800BDE81040184700002DE9F04F0F698146AF
:1091D8008846B7B00FB907F0A8FECE68002EFAD0BF
:1091E8009A4B1A6804F0FFF8994B054641464846E1
:1091F8001A6804F0FAF80446287A072800F0CE80A6
:1092080009280ED0012840F0958133463A46414658
:109218004846CDE9005400F09FFA002037B0BDE879
:10922800F08FBB68294606937B681AA807933B69A9
:109238000A93FB680B93B6F904300893B6F900302B
:109248000993336902937369039304F0DCF82B687C
:10925800214621A8179304F0D6F8002CBBD0236828
:109268001693DDE902329342B5DC8033B3DB7F2A03
:10927800B1DC1A9B042BAED1219B042BABD100236C
:1092880021AA19461AA8FAF7CEFC03230C9019460E
:1092980021AA1AA8FAF7C7FC00211C9B0D900E936F
:1092A8001D9B0F93239B1093249B11930C9B8B4224
:1092B800B3DD089D4FF0000A6B4205935AE0049B0A
:1092C80000944B441AA8CDE91812FAF77AFCDDE9A4
:1092D8001812179B09F101091B569B45B8BF9B46FD
:1092E800139B4B45EBDC08F10108159B43452EDC2D
:1092F8009DF908809DF90C30D845B8BFD8469845E7
:10930800A8BF984600943346524621A81891FAF708
:1093180058FC169B189903F8008001340D9BA34252
:109328001BDC079B079AFF1A049B0136134404931E
:10933800119BB34216DD27EAE77312930F9B0B9A32
:109348003B449342A8BF134600241393E6E7059BCA
:10935800DDF8489008EB0302C2E76FF07F0BDDF8F9
:109368005080C2E7069B0AF1010AED1ADDE90532D1
:1093780013440593109B53450EDD25EAE5731493BA
:109388000E9B0A9A2B449342A8BF1346099F159334
:109398007B4200260493CBE7013187E7BB68294667
:1093A80006937B6828A807933B690A93FB680B938D
:1093B800B6F904300893B6F900300993336903937A
:1093C8007369049304F01FF82B6821462FA817939C
:1093D80004F019F8002C3FF4FEAE23681693DDE97B
:1093E800033293423FF7F7AE13F5004FFFF6F3AEA3
:1093F800B2F5004FBFF6EFAE289B042B7FF4EBAE1F
:109408002F9B042B7FF4E7AE00232FAA194628A828
:10941800FAF709FC03230C9019462FAA28A8FAF793
:1094280002FC00212A9B0D900E932B9B0F93319BDE
:109438001093329B11930C9B8B427FF7EEAE089DE5
:109448004FF0000B6B42059360E000BF985C020888
:10945800945C020809EB0A03009428A8CDE91812C5
:10946800FAF7AFFB179B029A33F9103009F101099B
:109478009A42B8BF1A460292DDE91812139B4B456F
:10948800E8DC08F10108159B43452CDCBDF90C808C
:10949800029B00949845B8BF9846BDF910305A46CB
:1094A8009845A8BF98462FA833460291FAF789FB3A
:1094B800169B029923F8108001340D9BA34218DCF7
:1094C800079B0136FF1A9A44119BB34216DD27EA1F
:1094D800E77312930F9B0B9A3B449342A8BF134622
:1094E80000241393E9E7059BDDF8489008EB030295
:1094F800C4E7144BDDF850800293C4E7069B0BF1D8
:10950800010BED1ADDE9053213440593109B5B4509
:109518000EDD25EAE57314930E9B0A9A2B449342B9
:10952800A8BF1346099F00261593C7F1000ACBE789
:10953800013180E701F092FF0146034803F03CFE49
:1095480001206BE60080FFFF28380208002313B5CE
:109558000446CDE90033044A044B054903F01CFFD7
:10956800204602B010BD00BF01960008D191000846
:10957800BD9100082DE9F04FD1E901794FF0010BB9
:10958800536985B091F800A0D3E902830393D1E928
:1095980003340293DDE902213B465046CDF800B082
:1095A800FBF7D8F84B462246054641465046CDF8CB
:1095B80000B0FBF7CFF8013809FB00440020029BFC
:1095C800013D07FB0533039A0E9E9B1AA4EB080482
:1095D80023EAE37343FA0BF224EAE474326003EA01
:1095E8000B0344FA0BF204EA0B047260B360F460F4
:1095F80005B0BDE8F08F00002DE9F743D1F81090D1
:1096080004460F46B9F1000F01D107F08EFCCD6872
:10961800002DFAD0D0F80C800022404603F07EFAE4
:10962800064658B9424B00933D2365692046414A96
:109638004149A847012003B0BDE8F083394600221C
:10964800404603F080FA074620B93C4B0093656911
:109658004023EBE703463246494620460095FFF78C
:1096680089FF307F092801D007281FD197ED027A9A
:10967800D6ED027A77EEC77AF0EEE77A17EE900A1F
:10968800F6F724FF28A3D3E90023F7F7F3F920B965
:109698002B4B009365694923C8E7F268FB689A4237
:1096A8002CD0284B009365694A23BFE7012831D1A4
:1096B80099F81430012B03D10023AB61224B04E04D
:1096C800032B11D10023AB61204BEB61D8F800309C
:1096D800314640469B699847D8F80030404639469D
:1096E8009B6998470020A6E7022B04D1184BAB6171
:1096F8004FF07E53E9E76FF40003DEE705F114034A
:1097080099F814103A460093204605F1100303F027
:109718008DFFDBE701F0A2FE327F01460D4803F022
:109728004BFD87E7AFF300808DEDB5A0F7C6B03EDF
:10973800312C020849380208C82B0208542C0208A8
:10974800AD380208C2380208FFFF7F7F0000C04022
:10975800000080BF4B2B02082DE9F04F2DED048B44
:109768009168A7B004915168DDE9345405911169F5
:10977800D26808910992B3F9042029460692B3F9F0
:10978800002018A8D3ED068A93ED079A079203F0F4
:109798003AFE0DB907F0C9FB2B6821461FA815939F
:1097A80003F031FE002CF5D023681493189B042B8A
:1097B800F0D11F9B042BEDD100231FAA194618A82E
:1097C800FAF731FA03230A9019461FAA18A8FAF7DC
:1097D8002AFA00211A9B0B900C931B9B0D93219B3B
:1097E8000E93229B0F930A9B8B427EDD069E0025DB
:1097F8007342039364E00AEB0B03009418A8CDE9C5
:109808001612FAF7DEF9DDE91612159B0AF1010ABC
:1098180003EB8000D0ED007AF4EEC87AF1EE10FA8E
:10982800C8BFB0EE678A119B5345E4DC09F1010912
:10983800139B4B4532DCF4EEC88AF1EE10FAC8BF30
:10984800B0EE688AB4EEC89AF1EE10FA3B4600947E
:109858002A461FA848BFB0EE498A1691FAF7B1F90F
:10986800149B169903EB800080ED008A01340B9B52
:10987800A34219DC059B0137A8EB03089B440F9B07
:10988800BB4216DD28EAE87310930D9B099A4344FE
:109898009342A8BF134600241193E8E7039BDDF821
:1098A80040A009EB0302BEE79FED128ADDF848905D
:1098B800BEE7049B0135F61ADDE90332134403932E
:1098C8000E9BAB420FDD26EAE67312930C9B089AB7
:1098D80033449342A8BF1346DDF81C800027139336
:1098E800C8F1000BCBE701317DE727B0BDEC048B55
:1098F800BDE8F08FFFFF7FFF2DE9F043D1F810900E
:1099080006460C4685B0B9F1000F01D107F00DFBF2
:10991800D1F80C80B8F1000FF8D01E4B1A6803F08C
:1099280062FD1D4B05461A682146304603F05BFD73
:109938001A4B07461A682146304603F056FD03467F
:10994800287A421E082A1CD8DFE802F011051B1BE2
:109958001B1B051B0500CDE9007342462B4621461B
:10996800304600F09BFD002005B0BDE8F083CDE94E
:1099780001734A46434621463046009500F004FBF1
:10998800F1E701F06BFD2A7A0146054803F014FC63
:109998000120E9E7A45C0208A05C02089C5C0208BC
:1099A8004B2B0208002313B50446CDE90033044AC3
:1099B800044B054903F0F0FC204602B010BD00BF7F
:1099C800C99E000801990008419C00082DE9F04F44
:1099D80005298FB009930C46DDE91965DDE91B7986
:1099E80092461E9B2FD04FF0000803EB810B4B1CB7
:1099F8000A93DBF80030984529DA336852460C930D
:109A08002B680A990D931E9B039706931D9B0B9039
:109A1800CDE904930DAB02930CAB0193189B08F1AD
:109A280001080093099BFFF7D1FFA11D59F82120D8
:109A380033680B9813441D9A33602B6852F8212021
:109A480013442B60D5E75C690023A34202DB0FB007
:109A5800BDE8F08FD6F800C02968099AD0ED0D7AD4
:109A680002EB81010AEB8C02D1ED006A92ED006AEB
:109A780066EE866AF4EEE67AF1EE10FA90ED0E7A6A
:109A8800D8BFF0EE667AB4EEE77AF1EE10FA58BF76
:109A9800B0EE677A3968189A013302EB8101D9F878
:109AA8002C2081ED007A62441D9932602A68C96AC7
:109AB8000A442A603A6801323A60C6E72DE9F04F55
:109AC80005298DB00C46DDE917659A46DDF86890E2
:109AD80060D01C9B4FF0000803EB810B4B1C1F460A
:109AE800DBF80030984552DA336839460A932B6818
:109AF80009920B931C9B089006931B9B08F1010885
:109B0800CDE90493199B03930BAB02930AAB019322
:109B1800169B00935346FFF7D1FF04F1060C59F842
:109B28002C1033681B9A0B44336052F82C102B68A6
:109B3800DDE908020B442B60D2E7D6F800C02B6899
:109B480052F82C405AF8233019996343C46A0968BB
:109B5800A342B8BF2346076B169C0EF1010EBB4209
:109B6800D4BF44F8213044F82170D9F82C301B991F
:109B7800634433602B68C96A0B442B60199B19999D
:109B88001B6801330B601C9B5B699E45D5DB0DB0E0
:109B9800BDE8F08F4FF0000EF5E72DE9F047D0F85B
:109BA8000090D1F800804D46C14504460E46A8BF36
:109BB800454601277B1E9D420DDC2F4609F1FF3AE1
:109BC8004F4519DB08F1FF3745451EDB2046F9F7FD
:109BD800EBFFBDE8F087A9EB07012046F9F7D8FFAE
:109BE800A8EB070182463046F9F7D2FF824507F114
:109BF8000107DFD007F099F92046AAEB0701F9F72A
:109C0800C7FF0128F6D10137DAE73046791BF9F7A3
:109C1800BFFF0128EED10135D6E770B516460546D7
:109C2800FFF7BBFF314604462846FFF7B6FFA042C0
:109C380001D007F07AF970BD836B10B50BB907F046
:109C480074F92421BDE81040184700002DE9F04FB1
:109C5800C668054692463046002287B08B461C46A9
:109C680002F05CFF814658B9814B00932C236C6944
:109C78002846804A8049A047012007B0BDE8F08FF8
:109C880001225946304602F049FF804620B97B4BF5
:109C980000936C692F23EBE700225946304602F007
:109CA80052FF074620B9764B00936C693223DFE7F1
:109CB800DBF8003013B11B68022B0DD00222CDE96E
:109CC8000232704B0193704B009334236C69284621
:109CD800684A6E49A047CFE7DBF8043013B11B6828
:109CE800012B09D00122CDE90232694B0193694B5E
:109CF80000936C693523EAE799F81C0098F81C3042
:109D0800834213D06E6901F0A9FB044698F81C0041
:109D180001F0A4FB604BCDE9024001935F4B28465C
:109D28000093544A37235E49B047A5E73B7F9AF82A
:109D38000010092B01D0072B59D104F10C03009313
:109D48003A46284604F1080303F070FC82460028CE
:109D580093D1D9F80800F6F7B9FBCDE90401D8F892
:109D68000800F6F7B3FB02460B46DDE90401F6F7F7
:109D780005FCCDE90401B868F6F7A8FB02460B46D6
:109D8800DDE90401F6F724FD04F1180B41EC100B92
:109D9800594604F1140003F0ADFE99F81C00D9F8F7
:109DA8000C20D8F80C30F96807282260636021611C
:109DB8002CD142B13B4BCDE9022A01933A4B009397
:109DC8006C69492383E743B1CDE90232354B0193EE
:109DD800364B00936C694A2379E7B9B1CDE9021390
:109DE800304B0193324B00936C694B236FE7022B86
:109DF80027D101294FF0000303D1A3606FF000437E
:109E080003E0032913D1A3600623E36033684946BE
:109E180030469B6998473368414630469B69984766
:109E28003368304639469B699847002025E7022960
:109E380004D14FF0FF33A3600123E6E74FF000435E
:109E4800DBE7012903D10023E3611A4B04E003296E
:109E580004D10023E361184B2362D7E7022904D118
:109E6800164BE3614FF07E53F6E76FF40003EBE720
:109E7800BA370208F8380208C82B0208CC3702089B
:109E8800542C0208012C0208E2350208032C0208AF
:109E98001B360208F23502085839020865390208EB
:109EA8004A3002089F530208723902088A390208A8
:109EB800A2390208FFFF7F7F0000C040000080BF7A
:109EC8000A6910B50AB907F030F8CB68002BFAD048
:109ED800BDE81040FFF7BABEF8B5064605240127CD
:109EE80001F1180521463046F9F752FE45F8040DF0
:109EF8002146AF613046F9F74BFE013C00FB07F7FE
:109F0800F0D2F8BD2DE9F0430D461C4616468FB039
:109F18000AB907F00AF8002BFBD0024601230621F4
:109F28006846FEF7D0F82A4600250123062107A82F
:109F3800FEF7C9F831466846FFF7CEFF214607A865
:109F4800FFF7CAFFA84606F1180929466846F9F737
:109F58001FFE2946074607A8F9F71AFE874205D0CB
:109F6800012F0BD149F8258046F825000135062D2B
:109F780004F10404E9D10FB0BDE8F0830128C8D189
:109F8800C4F818802760F1E72DE9F04F2DED028B1A
:109F98001D46E1B06822DDE96C49002146A8DDF8DC
:109FA800B8A107F01FF9EB692EAE53932B6A21462F
:109FB80030463AAF549303F026FA4946384603F040
:109FC80022FA3946304646AAFEF719F9054600280E
:109FD80056D012AD2146284603F015FA0CB906F002
:109FE800A4FF0DF1640B49465846D4F8008003F0ED
:109FF8000AFAB9F1000FF2D020AC51462046D9F840
:10A00800009003F000FABAF1000FE8D02B68DAF8F4
:10A0180000A0062BE3DC199B062BE0DC209B062B1B
:10A02800DDDC28463B4632465946FFF76BFF2246A1
:10A038000123062127A8FEF746F80DF1300C6446E7
:10A0480028AD0FCD0FC495E8030084E80300002174
:10A0580009AB0AAA0BA8CDE90132CDE903064B46A4
:10A068004246CDE9057CCDF800A046A809910A91A1
:10A078000B91FFF7ABFC61B0BDEC028BBDE8F08F34
:10A08800214627A803F0BFF9002CA8D0494630463E
:10A09800D4F800B003F0B7F9B9F1000F9FD05146DA
:10A0A8003846D9F8008003F0AEF9BAF1000F96D01F
:10A0B800DAF8004031463A4627A8FFF7AEFD9DED95
:10A0C800538ADDED548A5E46414622462B46984225
:10A0D800D1DDF6EC017AB1EC017A67EE877AB4EE5D
:10A0E800E78AF1EE10FAC8BFF0EE487AF4EEE78A94
:10A0F800F1EE10FA48BFF0EE687A0133E2EC017A2B
:10A10800E5E72DE9F04FBFB01C92044626AA0846A1
:10A11800194632ABFFF7F6FE0123499A06211FA81C
:10A12800FDF7D1FFDDE92367209BDDF894801793C5
:10A13800219B1693229B1493149A169B53437343A3
:10A148007B4308FB03F31893134673437B4308FBD5
:10A1580003F3199307FB06F308FB03F31A9308FBB1
:10A1680007F31B930023CDE902330193179A934217
:10A17800C0F2A4803FB0BDE8F08F119A1D931C9BDC
:10A18800E56813F902C06268489B9444129A98568D
:10A19800A268104400FB0CF0D4E9041203F0F4FBAD
:10A1A800E26A05449542B8BF1546226B159B954255
:10A1B800A8BF154603F8015B319A1593119B134408
:10A1C80011933D9A129B13441293139B01331393DB
:10A1D8001D9B139A4245D0DB309A1099C244114412
:10A1E8003C9A109191440BF1010BBB4510DA4A9A45
:10A1F800CDF8489052441592109A11920022139269
:10A20800E7E70C9A4FF0000BDDE90D9A1092ECE7A6
:10A218002F9A0C9911440C913B9A0D9911440D9168
:10A228000E9A1B990A440E920F9A01320F920F9AB6
:10A23800B242E6DB2E9A0899114408913A9A099994
:10A24800114409910A9A1A990A440A920B9A0132FE
:10A258000B920B9A14998A4220DB2D9A0499114487
:10A268000491399A059911440591069A19990A4455
:10A278000692079A01320792079A16998A4215DBC5
:10A288002C9A0199013311440191389A0299114489
:10A298000291039A18990A44039267E70A9A0E9260
:10A2A800099A0D92089A0C920022BFE7069A0A9220
:10A2B800059A0992049A08920022C9E7039A06921D
:10A2C800029A0592019A04920022D4E72DE9F04FF0
:10A2D800BFB01C92044626AA0846194632ABFFF7BF
:10A2E80011FE0123499A06211FA8FDF7ECFEDDE9BE
:10A2F8002367209BDDF894801793219B1693229B5C
:10A308001493149A169B534373437B4308FB03F33C
:10A318001893134673437B4308FB03F3199307FB16
:10A3280006F308FB03F31A9308FB07F31B930023B8
:10A33800CDE902330193179A9342C0F2A6803FB049
:10A34800BDE8F08F119A1D931C9BE56833F912C084
:10A358006268489B9444129A33F91200A268104428
:10A3680000FB0CF0D4E9041203F00EFBE26A05448A
:10A378009542B8BF1546226B159B9542A8BF154656
:10A3880023F8025B319A1593119B134411933D9A5C
:10A39800129B13441293139B013313931D9B139A1F
:10A3A8004245CFDB309A1099C24411443C9A10912F
:10A3B80091440BF1010BBB4511DA4A9ACDF848904C
:10A3C80002EB4A021592109A119200221392E6E7C4
:10A3D8000C9A4FF0000BDDE90D9A1092EBE72F9ADB
:10A3E8000C9911440C913B9A0D9911440D910E9AB8
:10A3F8001B990A440E920F9A01320F920F9AB24299
:10A40800E6DB2E9A0899114408913A9A0999114461
:10A4180009910A9A1A990A440A920B9A01320B92E4
:10A428000B9A14998A4220DB2D9A049911440491BD
:10A43800399A059911440591069A19990A44069280
:10A44800079A01320792079A16998A4215DB2C9AC5
:10A458000199013311440191389A029911440291EA
:10A46800039A18990A44039265E70A9A0E92099A80
:10A478000D92089A0C920022BFE7069A0A92059A52
:10A488000992049A08920022C9E7039A0692029A4E
:10A498000592019A04920022D4E700002DE9F04FBA
:10A4A80015469A46ADF52D7D6822DDE9B684002172
:10A4B800074692A806F096FEAB6851469D93EB6856
:10A4C80086AE9E932B6AA0932B685B4293936B682E
:10A4D8005B4294932B6995936B699693AB697AADBC
:10A4E8002846979302F08FFF4146304602F08BFFD3
:10A4F8003146284692AAFDF782FE9AF8083081462E
:10A50800092B64D1514628B30AA802F07CFF4146C2
:10A5180011A8DAF8006002F076FFB8F1000F01D157
:10A5280006F003FD18AD21462846D8F8007002F061
:10A538006AFF002CF4D023683246CDE90153009716
:10A5480011AB0AA992A8FFF7DCFD00200DF52D7DBF
:10A55800BDE8F08F1FA802F056FF414626A8DAF89A
:10A56800005002F050FFB8F1000FD9D021462DA8B5
:10A57800D8F8006002F047FF002CD1D0DDE99D2318
:10A588009A422768CCDC2DAA26A91FA8FDF7B8FD9A
:10A598008046C845D9DD15F90930939A16F909009E
:10A5A8001344949A959C10445843DDE9961203F09D
:10A5B800EBF99D9B04449C42B8BF1C469E9B9C4261
:10A5C800A8BF1C4607F8094009F10109E1E7022B79
:10A5D80040F08B8057AF002853D00DF1D009514679
:10A5E800484602F010FFDAF800300DF1EC0A414657
:10A5F8005046099302F007FFB8F1000F90D0D8F841
:10A6080000B00DF584782146404602F0FCFE002C8F
:10A6180086D0349B2468062B82DC3B9B062B3FF7B5
:10A628007FAF429B062B3FF77BAF33462A46514606
:10A638004846FFF767FC424601230DF5D878062106
:10A6480073A8FDF740FDC4460DF5E87EBEE80F008F
:10A65800ACE80F009EE803008CE8030000215EAB25
:10A6680065AA396092A8CDE90325CDE90173CDE942
:10A6780005685B46099A00945E916591FFF71EFA9A
:10A6880063E7514649A802F0BEFE414650A8DAF8F1
:10A69800005002F0B8FEB8F1000F3FF441AF214678
:10A6A8003846D8F8006002F0AEFE002C3FF438AF10
:10A6B8003A4650A949A8D4F800A0DDE99D48FFF71B
:10A6C800ACFA48457FF741AF55F8293056F82920AC
:10A6D8005343A342B8BF23464345D4BF4AF8293061
:10A6E8004AF8298009F10109EBE7072B7FF42DAF20
:10A6F800939A72B10023CDE90223454B0193454B50
:10A7080000939D237C693846434A4449A047012069
:10A718001CE7949B43B1CDE902323D4B0193404B7A
:10A7280000937C699E23EEE7DDF854B2BBF1000F7D
:10A7380008D0CDE902B3364B01933A4B00937C69BC
:10A748009F23E0E7514608B35EA802F05CFE41464D
:10A7580065A8DAF8006002F056FEB8F1000F3FF481
:10A76800DFAE6CAD21462846D8F8007002F04BFEEB
:10A77800002C3FF4D5AE23683246CDE9015300974B
:10A7880065AB5EA992A8FFF7A1FDDEE673A802F00B
:10A798003AFE41462846DAF8007002F034FEB8F175
:10A7A800000F3FF4BDAE21463046D8F8008002F0D5
:10A7B8002AFE002C3FF4B4AEDDE99D239A42D4F87A
:10A7C80000903FF7ADAE2946324673A8FDF798FCD6
:10A7D80005465D457FF7B9AE37F91B30939A38F9CE
:10A7E8001B001344949A959C10445843DDE9961233
:10A7F80003F0CAF89D9B04449C42B8BF1C469E9B2C
:10A808009C42A8BF1C4629F81B400BF1010BE0E74E
:10A818009F530208BA390208F8380208032C0208C4
:10A82800D2390208EA39020810B5836B2821984703
:10A8380004462822002106F0D5FC204610BDCA682F
:10A8480000F0CCB9CA6800F0EBBC0000002313B5D7
:10A858000446CDE90033044A044B054902F09CFD47
:10A86800204602B010BD00BF47A800084DA8000848
:10A8780031A8000830EE200A704700002DE9F047A3
:10A888004FF00009064601254C46D0F800A0CA45FD
:10A8980003DC28462146BDE8F087012D74F100034A
:10A8A800F7DB2A4623466FF000400021F6F78EF9C1
:10A8B80056F8048F4FEAE877804577EB010105DB0E
:10A8C8000749084802F078FC06F02FFB6F4308FBA5
:10A8D8000477A5FB085409F101093C44D7E700BFF8
:10A8E80018320208684802082DE9F84300249C46FB
:10A8F800DDE908E391461C6008BBBDE8F883A8427F
:10A9080015DD00261F68BE4213DB4EF827501D6870
:10A9180001351D60013448F100084C4578EB0C0501
:10A92800EBDA51F82450002DE9DA2D18E9D506F0B4
:10A93800FCFA5EF826209542ECD00136E3E7A04603
:10A94800EBE7F8B59C460546069FD0B109B906F075
:10A95800ECFA002AFBD00024204610E047B100267C
:10A9680004E057F82630A34208D00136B445F8DC95
:10A9780052F8246051F8243003FB00600134A542EA
:10A98800ECDCF8BD2DE9F04F2DED048B0E68044684
:10A99800042E15461F4693B001D006F0C6FA1B6870
:10A9A800042BFADC0A460123314604A8FDF78BFB89
:10A9B80001233A4631460BA8FDF785FB0B9B002B7C
:10A9C800EBDD012B0C9EE8D0022B0D99E5D0032B73
:10A9D8000E9AE2D0049BDDF83CA0012BDDDD022BB2
:10A9E800069FDAD094F90030DDF81C80022BD4D110
:10A9F800B4F90230012B13D1B4F90430022BCCD1B5
:10AA08000129CAD1012AC8D107FB08F3002408EE9E
:10AA1800903AB4423EDB13B0BDEC048BBDE8F08F36
:10AA2800022BBAD1B4F90430012BE8E74A46214693
:10AA3800CDF800B004A80393F9F7C3F805EB80003C
:10AA4800D0ED007A38EE278A039B01334345EDDBCE
:10AA580009F10109B94516DB0023F8EEE87A1A4630
:10AA6800CDF800B021460BA888EE279AF9F7A9F887
:10AA7800209B0BF1010B03EB800080ED009AD3457E
:10AA880003DB0134C5E70023E0E74FF000099FED41
:10AA9800038ADFE74FF0000BF1E700BF000000007A
:10AAA8002DE9F04F8846C56804469246284600229C
:10AAB80085B09B4602F032F8D8F800300646D3F845
:10AAC8000090B9F1020F10D00223CDE90293384B60
:10AAD8000193384B00932F2365692046364A37493E
:10AAE800A847012005B0BDE8F08FD8F804301A68EF
:10AAF800012A09D00123CDE90223314B0193314BBF
:10AB0800009365693023E8E74146284602F006F8D5
:10AB1800074640B92C4B2046009365693423264AE2
:10AB28002A49A847DDE7007F022812D0666900F0AD
:10AB380095FC0546484600F091FC254BCDE90250AE
:10AB48000193244B204600931B4A35232249B047E2
:10AB5800C7E7337F092B1ED100224146284601F062
:10AB6800F2FF0446B068F5F7B1FC8046A068894654
:10AB7800F5F7ACFC0B46024649464046F5F728FE79
:10AB880041EC100B5946504602F0B4FF2B682146A1
:10AB980028469B6998472B68394628469B699847F9
:10ABA8002B68284631469B69984700209AE700BFE2
:10ABB800012C0208653A0208023A0208032C02082E
:10ABC8001B3602081D2C0208783A0208C82B020816
:10ABD800883A0208953A02084A3002082DE9F74FE8
:10ABE800C5681446804600222846894601F096FF2B
:10ABF800002206464946284601F0A5FF01220746DD
:10AC08004946284601F08AFF337F8246092B04F122
:10AC1800040B01D0072B13D1B068F5F757FCCDE929
:10AC28000001B868F5F752FC02460B46DDE9000161
:10AC3800F5F7CEFD41EC100B5946204602F05AFFBD
:10AC48007869FFF71BFE0090DAF81400FFF716FE8C
:10AC5800337F6062092B01D0072B0FD10099D8F8F8
:10AC68004030404604F1080289009847F3682361A0
:10AC7800B3686361FB68A361BB68E36122465B4616
:10AC880049464046FFF70CFF044670B92B68314629
:10AC980028469B6998472B68394628469B699847F8
:10ACA8002B68514628469B699847204603B0BDE863
:10ACB800F08F30B5002314468B4208DB012421EACB
:10ACC800E17302EB4300032B07DD117030BD50F830
:10ACD8002350013324F8025FEEE720F8024F0133D6
:10ACE800F1E708B508B906F020F9006808BD70B5A5
:10ACF800F8B109B906F019F9002AFBD00025431E5E
:10AD080002EB8002002B01DA012010E052F8040C5B
:10AD180051F823600130B042A2F10404EADC04D106
:10AD280042F8045C013B2246ECE72060002080F0FA
:10AD3800010070BD2DE9F04F8FB005939DF8683084
:10AD48001746DDE9189500220C460B93049002F093
:10AD58004AFB214601220646049802F044FB21469C
:10AD680080460022049802F040FB04460EB906F023
:10AD7800DCF80028FBD0D0F804B04046FFF7B1FF5C
:10AD88004FF0010801465B460022DBF800A092451F
:10AD980000F392803368D6F804A00A932B69DAF896
:10ADA8000060089323686A6A0793D5E90043039310
:10ADB800AB69099300231846984540F095805046A2
:10ADC80000239E4200F3978000250DAB0193059B5D
:10ADD80030460093D3170D95FFF786FD0D9B06931C
:10ADE8002B46AE4200F38D804FF0000B0AF10405AC
:10ADF80000233A4629463046CDF800B0FFF7A1FDBA
:10AE0800059B82463A46294600933046069BFFF743
:10AE180098FD0A9B294633F91A2059F82030134423
:10AE280049F820303A463046FFF761FF0028DFD165
:10AE380006464FF0010B8246069BB34265DC5BEA8F
:10AE48000A0336D00B9B5BBBBAF1000F8FDB08BF40
:10AE5800BBFA8BF3039A18BFBAFA8AF302F11F06FA
:10AE680008BF2033202EA8BF2026C3F13F039E42EF
:10AE7800A8BF1E46E117A6F1200304FA03F3C6F1A2
:10AE88002005B140194324FA05F5534604FA06F0A3
:10AE98005A462943F5F79AFE0446039B9B1B0393E6
:10AEA800002647F6FF7A089B2D4F0BFB03FBB045A6
:10AEB80041D10FB0BDE8F08F53F8040FA8FB00ECA8
:10AEC800BCF1000F0CD0274B274A1893049B274945
:10AED8005C69A023A44604980FB0BDE8F04F604712
:10AEE80000FB08F8013252E7079D25F8130049F8DE
:10AEF8002300013360E750F8045F002DD9D00133F7
:10AF08005FE747F8253001356BE7059B5A4653F84C
:10AF180026304FF0FF3055F823706FF0004153464C
:10AF2800F5F754FE8742CED807FB0AF3ABFB07BA06
:10AF380001369A4480E759F826002146039AA0EB87
:10AF48000B0002F021FD099B1844B842B8BF3846EF
:10AF58005045A8BF5046079B23F816000136A6E7C0
:10AF68000080FFFFA03A0208023A0208C82B020834
:10AF78002DE9F04F8FB005939DF868309146DDE9D3
:10AF8800184600220D460B93049002F02CFA29462D
:10AF980001228046049802F026FA29460746002234
:10AFA800049802F022FA0546B8F1000F01D105F025
:10AFB800BCFF0028FBD0D0F804B03846FFF791FE5C
:10AFC800012701465B460022DBF800A0924500F30A
:10AFD8009680D8F80030D8F804A00A933369DAF8D4
:10AFE800008008932B68726A0793D6E9005303938D
:10AFF800B3690993002318469F4240F09780504652
:10B008000023984500F3988000260DAB0193059B1B
:10B0180040460093D3170D96FFF766FC0D9B0693E9
:10B028003346B04500F38E804FF0000B0AF104065A
:10B0380000234A4631464046CDF800B0FFF781FC70
:10B04800059B82464A46314600934046069BFFF7D9
:10B0580078FC0A9B314613F90A2054F8203013442F
:10B0680044F820304A464046FFF741FE0028DFD129
:10B0780080464FF0010B8246069B434566DC5BEA3F
:10B088000A0339D00B9B63BBBAF1000F8FDB08BFF3
:10B09800BBFA8BF3039A18BFBAFA8AF302F11F06B8
:10B0A80008BF2033202EA8BF2026C3F13F039E42AD
:10B0B800A8BF1E46E917A6F1200305FA03F3C6F157
:10B0C800200CB14025FA0CFC194305FA06F053464A
:10B0D8005A4641EA0C01F5F779FD0546039B9B1B8F
:10B0E80003936FF07F08089B04EB87070BFB03FBB8
:10B0F800079B5E1EBC4240D10FB0BDE8F08F53F8ED
:10B10800040FA7FB00ECBCF1000F0CD0244B254A20
:10B118001893049B24495C69A023A44604980FB0A3
:10B12800BDE8F04F6047474301324FE7079EF054B0
:10B1380044F8230001335FE750F8046F002EDBD09A
:10B1480001335EE749F8263001366AE7059B5A461F
:10B1580053F828304FF0FF3056F823906FF0004135
:10B168005346F5F733FD8145D0D809FB0AF3ABFB0D
:10B1780009BA08F101089A447EE754F8040B2946F5
:10B18800039AA0EB0B0002F0FFFB099B1844404513
:10B19800B8BF40467F28A8BF7F2006F8010FA9E75F
:10B1A800A03A0208023A0208C82B02082DE9F74F14
:10B1B8009A460023144681460D461A460D9EA34220
:10B1C80029DB4FF0000B0023324629462046CDF8F4
:10B1D80000B0FFF7B6FB324629460C9B8046CDF8F7
:10B1E80000A02046FFF7ADFB0F9B09EB880803EB97
:10B1F8008007D8ED000A97ED000A0E9B9847324663
:10B2080087ED000A29462046FFF771FD0028DAD1AC
:10B2180003B0BDE8F08F46F823200133CFE70000E4
:10B228002DE9F04F002499B0914622460F46054675
:10B2380002F0D9F8012280463946284602F0D3F8B0
:10B24800224682463946284602F0CFF83B69064630
:10B25800DAF80400049301F0BCFF98F8083083463C
:10B26800072B00F0C380092B00F0B180012B40F0C0
:10B27800CC805046FFF735FD594607AAADF8204067
:10B28800FFF717FDD8F804301F68042F0CD19DF97B
:10B298001C20022A08D1BDF91E20BDF92040012A30
:10B2A80013D1A21E54425441049A127802B3FCB13D
:10B2B80041460AA802F0A7F8314611A8D8F800407C
:10B2C80002F0A1F846B905F030FE022A08BF012CA9
:10B2D8000CBF01240024E7E73368224600930AA93B
:10B2E80011AB07A8FFF74EFB002019B0BDE8F08F9F
:10B2F8000493002EE7D05046FFF7F3FC01220146E5
:10B3080000207468049BD4F8009081453BDCD6F893
:10B3180000A0D8F800000AEB82040590D1465246F6
:10B328000020A24244D15A460026043304930DF16A
:10B33800280806AB38460193CDF80080D317069647
:10B34800FFF7D2FADDE90410324BDDF818B00293AA
:10B3580011ABCDE900B33A464346CDF80CA0FFF750
:10B3680025FF0123B34526DC002BBDD0A145BBD06A
:10B3780007EE903AD9ED006AB8EE677AC6EE877A9A
:10B38800E9EC017AF2E754F804CFA2FB0CAEBEF167
:10B39800000F09D0204B284600936C69D2231F4A1E
:10B3A8001F49A0470120A0E70CFB02F20130ACE7DF
:10B3B80042F8040BB5E7049958F8042B51F82220F9
:10B3C800A3FB02010029E5D153430136CAE76B6CA0
:10B3D800D9F808102846984739460090CDE90194D5
:10B3E80028460AAB11AAFFF7C3FD7DE76B6CD9F8B5
:10B3F80008102846984739460090CDE90194284618
:10B408000AAB11AAFFF796FC6EE728466B69054957
:10B418009847C7E77DA80008A73A0208023A020839
:10B42800C82B0208F13B02080130800070478842AF
:10B4380008B50ED060B171B103680A689A420AD1A2
:10B4480092000431043005F0BDFEB0FA80F04009E6
:10B4580008BD0120FCE70020FAE7000013289ABF86
:10B46800024B53F820000248704700BFA85C02084E
:10B47800943C020820B1431E58425841400070478E
:10B488000120704708B508B905F04FFD0029FBD029
:10B49800002AF9D0002BF7D008BD03685B6818476D
:10B4A8000368C01A03888B428CBF405A002070473B
:10B4B80010B50C210446FFF7F3FF10B123182058EC
:10B4C800184410BD08B503461046122B33D8DFE8E0
:10B4D80003F0100A181C20242614281E122A222CD5
:10B4E8002E1A16300E000A2300200B7008BD1323F5
:10B4F800FAE70123F8E70B23F6E70723F4E711231C
:10B50800F2E70223F0E71023EEE70323ECE7092331
:10B51800EAE70423E8E70D23E6E70523E4E7062343
:10B52800E2E70823E0E70C23DEE70E23DCE70F233E
:10B53800DAE71223D8E700220A701A46024902F015
:10B54800ADFF0120D2E700BF133D0208002070477D
:10B5580038B505461446FFF7A3FF00B12C5820461E
:10B5680038BD38B505461446FFF79AFF00B12C5C84
:10B57800204638BD08B500220A21FFF7F2FF08BDB2
:10B58800F8B5144605461E46FFF77CFF01222368DE
:10B59800114620461B68984700270446077028462E
:10B5A800FFF7E8FF1B280BD12846FFF781FF38B1CA
:10B5B8003A460421FFF7D5FFC01B18BF01202070B1
:10B5C80000203460F8BD38B505461446FFF768FF1B
:10B5D80000B12C56204638BDF8B5144605461E461F
:10B5E800FFF750FF23680122022120461B68984775
:10B5F80000270446077047702846FFF7BBFF0B2853
:10B6080017D12846FFF754FF054690B13A46042162
:10B61800FFF7D9FFC2B2531E042B88BF3A46062152
:10B62800227028460122FFF79CFFC01B18BF01208B
:10B63800607000203460F8BD2DE9F04717460546D4
:10B648008A469846FFF71EFF3B6804221B681C21A8
:10B65800384698471C220021044605F0C3FD2846B9
:10B66800FFF788FF0128814605D00025C8F800406B
:10B678002846BDE8F0872846FFF71AFF0546002848
:10B68800F3D000220421FFF79EFFFFF7F3FE00220C
:10B69800062120702846FFF75BFF00220821606022
:10B6A8002846FFF755FF00220A21A0602846FFF729
:10B6B8008AFFC6B2731E042B88BF00264A460C2197
:10B6C80028462673FFF744FF4A460E212061284684
:10B6D800FFF73EFF0022102160612846FFF773FF45
:10B6E800524604F11801FFF7EDFE05460028BCD0CC
:10B6F80021463846FFF7D1FEBAE770B5144605462D
:10B708001E46FFF7BFFE236804221B681C21204643
:10B7180098471C220021044605F064FD2846FFF7DF
:10B7280029FF022834D12846FFF7C2FE054678B320
:10B7380000220421FFF747FFFFF79CFE00220621A5
:10B7480020702846FFF704FF002208216060284681
:10B75800FFF7FEFE00220A21A0602846FFF7F8FE48
:10B7680000220C21E0602846FFF72DFFC0B2431EDF
:10B77800042B88BF002001220E2120742846FFF7E1
:10B78800E7FE0122606110212846FFF7E1FEA06173
:10B798000020346070BD00002DE9F04717460546CB
:10B7A80088469946FFF76EFE3B68012205211B6813
:10B7B8003846984700260446066006712846FFF773
:10B7C800D9FE082882463DD12846FFF771FE054676
:10B7D800C0B332460421FFF7F6FEC3B25A1E042A4C
:10B7E80088BF33463246237051462846FFF7B9FED4
:10B7F800801B18BF012032460A21A0702846FFF797
:10B80800B0FE801B18BF012032460C21E07028468C
:10B81800FFF7D9FE4246211DFFF754FE024650B9F4
:10B8280006212846FFF7CFFE58B1012809D0404627
:10B83800074902F033FE38462146FFF72EFE012065
:10B8480003E060700020C9F80040BDE8F08700BF41
:10B85800373D0208F8B5144605461E46FFF712FEA6
:10B8680001222368114620461B6898470027044692
:10B8780007702846FFF77EFE15280DD12846FFF7EA
:10B8880017FE48B13A460421FFF79DFEC2B2531E87
:10B89800042B88BF3A46227000203460F8BD70B58A
:10B8A800144605461E46FFF7EDFD236804221B6873
:10B8B80028212046984728220021044605F092FCBA
:10B8C8002846FFF757FE05282ED12846FFF7F0FD3A
:10B8D800054648B300220421FFF775FEFFF7CAFDAD
:10B8E8000022062120702846FFF732FE0022082198
:10B8F80060602846FFF72CFE00220A21A060284637
:10B90800FFF726FE00220C21E0602846FFF720FE04
:10B91800002220610E212846FFF755FEC0B2431EC3
:10B92800042B88BF002020750020346070BD10B53E
:10B938002DED028B0446B0EE408AFFF7B1FD10B141
:10B94800044494ED008AB0EE480ABDEC028B10BDA9
:10B9580070B514462DED028B05461E46FFF792FD85
:10B9680004222368114620461B6898479FED0C8ADD
:10B97800044680ED008A2846FFF7FCFD09280AD115
:10B988002846FFF795FD30B1B0EE480A0421FFF7CD
:10B99800CEFF84ED000ABDEC028B0020346070BD40
:10B9A8000000000010B50446FFF77AFD10B1231817
:10B9B8002058184410BD406803689B6818477047B2
:10B9C80070478068102203689B68184740680368BE
:10B9D8009B68184740680368DB6818474068036835
:10B9E8005B691847406803681B6918478068042228
:10B9F800036820219B681847704770B505460C46B8
:10BA080009B905F092FA0B68012B0CD14E68002E8B
:10BA1800F7D0406871680368DB6898476868314602
:10BA28000368DB68984700236868C4E90033C4E901
:10BA3800043303682146BDE87040DB68184738B511
:10BA480013460C4609B905F070FA826932B180686C
:10BA58009900026895680422A8472060002038BD34
:10BA680010B508210446FFF71BFD10B12318205814
:10BA7800184410BD10B50A210446FFF711FD10B196
:10BA880023182058184410BD10B506210446FFF7A6
:10BA980007FD00B1205610BD10B50E210446FFF772
:10BAA800FFFC00B1205C003818BF012010BD10B5A4
:10BAB80004210446FFF7F4FC10B123182058184459
:10BAC80010BD10B508210446FFF7EAFC10B1231891
:10BAD8002058184410BD000038B50D46082104460A
:10BAE800FFF7DEFC00B120582B68834205D8B0214F
:10BAF8000B4B0C4A0C4805F01FFA013055F8203062
:10BB080005EB80041C4404212046FFF7C9FC2218D9
:10BB180020B12358D058D11800B1081D38BD00BF36
:10BB2800613D02086C3D0208363E0208F8B516462B
:10BB38000023C2E9003346F8083F0F46144605467D
:10BB4800FFF7A2FF314601F094FC064658B9394682
:10BB58002846FFF7C1FF042120602846FFF7A0FC14
:10BB680018B9054B63603046F8BD2A1828581044A8
:10BB780001F072FB6060F6E75C5D020838B50D46BF
:10BB8800044608B905F0D1F90029FBD0036804225E
:10BB980024215B6B9847064AC0E90024002204343C
:10BBA800C0E90325C0E9062284600275026238BD37
:10BBB800005D020870B50D4604461021164601F0D6
:10BBC8004DFB2C44211A02F041FC054600B104301B
:10BBD80086B1012E17D10368042241F20C019B683B
:10BBE8009847044602F0F0F821462846BDE8704020
:10BBF800FFF7C4BF036804222C219B6898470446BA
:10BC080002F068F9F0E70024EEE700002DE9F041C2
:10BC18001D46037D04460E4617462BB90C4801F015
:10BC2800CBFA0120BDE8F081036829461B6C8269C4
:10BC380098470028F6D123683A46D3F83C80314625
:10BC480020462B68C0470028ECD12075EAE700BFE2
:10BC5800BE3E020838B5044640680368DB6A984768
:10BC68000546A0680368DB689847284438BD002368
:10BC780010B50446836140680422036890219B69DB
:10BC88009847E061B0FA80F0400910BDF8B5044665
:10BC98000E4609B905F049F9037D2BB11B4801F09F
:10BCA8008BFA00252846F8BD012303758068042215
:10BCB800036808219B689847A368154AC0E90023D0
:10BCC800E0602046FFF7D3FF0028EAD1A568304698
:10BCD8002B689F68FFF7F5FE016804222846C90013
:10BCE800B847054608B90B48D9E7236802463146E4
:10BCF8002046DB6A98470028D3D123682A46314674
:10BD080020469B6A98470028CCD0CAE7093F02081A
:10BD18004C5D02085E3F02080421C06901F09EBA2A
:10BD28002DE9F8430546894690461F46FFF7F4FF7C
:10BD38000C2604460022A9694E4300EB060C644514
:10BD480008D10B2A0CD90C480C2101F035FA012036
:10BD5800BDE8F88363680C34013308BF0132EEE7AD
:10BD68004FF0FF3340F80690C4E901383960AB69F9
:10BD780000200133AB61EBE78C3F0208036870B524
:10BD88005B6904460D469847C8B92046FFF7C4FFCB
:10BD98000C23A2695A438318984209D16068E16963
:10BDA80003689032DD690423AC46BDE87040604703
:10BDB80041680C30013108BF40F8085CECE770BD01
:10BDC800C068704708B50368994205D3B021054B90
:10BDD800054A064805F0B0F800EBC100D0E90101BA
:10BDE80008BD00BF613D0208C23F0208363E020896
:10BDF8002DE9F04F85B00F9C81468A4693461D4633
:10BE08000CB905F092F820220021204605F0EAF945
:10BE18002846FFF739FE04F11C0101F02AFB07460A
:10BE2800002855D12846FFF737FE0E99A0772846F7
:10BE3800FFF752FE002814BF012302232061637715
:10BE4800284603AA04F1180101F056FA074600280B
:10BE58003ED104212846FFF723FB00283CD02A18AE
:10BE68002858104401F0F8F960610C212846FFF7C2
:10BE780017FB68B32B582E181E443046FFF7F0FD09
:10BE8800054628B303681BB33046FFF7F3FDF8B146
:10BE98000368EBB16B683046A360FFF7EBFD002148
:10BEA800FFF790FFE0603046FFF7DAFDD0F800803A
:10BEB800BBF1000F12D0DAF8003004220C215046F2
:10BEC8009B6898470546F8B92F4801F075F901278E
:10BED800384605B0BDE8F08F2C48C5E7D9F80030E2
:10BEE80004220C2148469B68984705460028EBD059
:10BEF800D9F800304046D3F808A0FFF795FA042295
:10BF080001464846D0470AE0DAF800304046D3F800
:10BF18000890FFF789FA042201465046C84768602E
:10BF280008B91B48D1E73046FFF79AFD01F095F9AB
:10BF38006B684FF0000A99462860C3F80080C24534
:10BF48000ADB10213046FFF7ABFA00B13058012365
:10BF5800A860C4E90035BBE73046FFF78BFD0268EF
:10BF6800834630460192FFF77BFD019A03685846E5
:10BF78009A420CBF51460021FFF724FF0AF1010A3B
:10BF880049F8040FDBE700BF6E4002085C5D020859
:10BF98009C40020808B50368994205D3B021064BB6
:10BFA800064A074804F0C8FF013100EB810250F847
:10BFB8002100104408BD00BF613D0208CA400208C4
:10BFC800363E02082DE9F34180460F461E461446C8
:10BFD80000253846FFF76BFD03689D4201D300201A
:10BFE8001DE02946FFF7D6FFFFF756FDD0B11EB179
:10BFF80056F82530013315D1204601A901F0AFF9D3
:10C0080068B9D8F808001022036801999B68984716
:10C01800206038B90548019901F0CEF8012002B036
:10C02800BDE8F08101350C34D3E700BF9441020824
:10C0380008B50368994205D3B021064B064A07485C
:10C0480004F07AFF013100EB810250F8210010441E
:10C0580008BD00BF613D0208C2410208363E020821
:10C068002DE9F04107460E46154602BB04F05DFF78
:10C078002146FFF7DDFF01F0B9F8BB6841011A68F6
:10C088001846D2F808800422C04728B9094801F0A8
:10C0980093F80120BDE8F08145F8340001343046BA
:10C0A800FFF70FFD03689C42E2D30020F2E700246B
:10C0B800F5E700BF904202082DE9F3470746DDF88F
:10C0C8002890084616461D468846FFF7FAFC49465A
:10C0D800FFF7AEFF3B6838465B6B9847044638B9B4
:10C0E800114801F069F80024204602B0BDE8F08745
:10C0F80000223B68CDE9009241460246D3F838A0B9
:10C1080038462B46D04708B10848EAE7002EEBD05E
:10C118000C235D4306EBC90673685A195B59236102
:10C1280053686361E0E700BFC6420208FC420208A8
:10C138002DE9F3470746DDF82880084616461D46D0
:10C148008946FFF7BEFC4146FFF772FF7868042274
:10C15800036820219B689847044648B94246294607
:10C16800124801F029F80024204602B0BDE8F08703
:10C1780001223B68CDE9008249460246D3F838A03F
:10C1880038462B46D04718B1094801F015F8EAE7B8
:10C19800002EE9D00C235D4306EBC80673685A19D4
:10C1A8005B59236153686361DEE700BF46430208B9
:10C1B800814302082DE9F04F9946436891B0CDE9D3
:10C1C80007130546884616460021182209A805F0D7
:10C1D80009F80023A96907A80F9300F009FA044693
:10C1E800002879D1059005A907A800F059F9044657
:10C1F800002871D1074606F1040A4046FFF761FCA2
:10C208000368059C9F423ED32146324607A800F0AA
:10C2180077FA044600285FD12846FFF77DFD2146BE
:10C2280002464B46009607A800F0F9FA0446002893
:10C2380052D1DDE9096A6868102103681B6B9847C9
:10C24800074668681022036839469B689847804605
:10C25800002800F08A803A46A146374628694146B8
:10C268000368DB699847D5F810B0CA451BD16868E0
:10C2780000270368D5F810B05B6A984739468146AD
:10C288004FF0FF3348E03946FFF7D2FE2B680146EE
:10C29800D3F830B0284623465AF83720D847044602
:10C2A800D0B90137A9E73B7D1BB909F10109183756
:10C2B800DBE71021386800F0DBFFD7E902233C698F
:10C2C8000146B4F1FF3FDBF8000009D18468584605
:10C2D800A04704460028E8D0204611B0BDE8F08FFA
:10C2E8000094C4685846A047F3E7327D92B1DBF862
:10C2F800002058469469069306AA0391A04704466D
:10C308000028E9D14FF0FF33069A706803994A4430
:10C318000260013101371836BA45E6D107A800F0A6
:10C32800B1F8686841460368DB689847686803683D
:10C338005B69984704460028CED16868E9690368B4
:10C348001B6A984704460028C6D1286903681B69F8
:10C358009847296A102281423CBF014628626868D2
:10C3680003689B6A98470446B6E70124B4E72DE9B9
:10C37800F047D0E901761C46084615468946FFF77E
:10C38800A0FB0899FFF754FEFFF791FB2146FFF742
:10C3980001FE0C21044648469DF82480FFF780F8EA
:10C3A80020B109EB000359F800001844CDE908054D
:10C3B8002346424639463046BDE8F047FFF718BDE8
:10C3C8002DE9F74F80460C461746002A47D104F05E
:10C3D800ACFD3146FFF72CFE0190FFF768FBD0F863
:10C3E80000B0D8F808000AFB0BF5036804222946B8
:10C3F8009B689847814680BB29461B4800F0DCFEB5
:10C40800012003B0BDE8F08F0198FFF750FB2946E3
:10C41800FFF7C0FD0C2100902046FFF741F858B106
:10C428002158221811440AFB05920098FFF77EFB59
:10C4380020B129460D48E1E70146F4E701355D459D
:10C44800E2D13A1D42F8369001362046FFF739FB13
:10C4580003689E42BDD30020D3E70025EFE70026FE
:10C468004FF00C0AF1E700BFC54302080C4402086C
:10C4780008B58B68934201DD04F057FD013308BF0E
:10C488008A6008BD10B504464068A1680368DB6887
:10C498009847606821690368DB689847002010BDE9
:10C4A8002DE9F84305680746884628461021FEF717
:10C4B800F7FFE8B90020BDE8F883013304EB8302F5
:10C4C80054F82340042114442046FEF7E9FF0028CD
:10C4D80053D0225823181344D968BA6910338A42B2
:10C4E800C8F8003005D0274800F066FE0120E2E7D2
:10C4F800002610212846FEF7D3FF00283FD02B58EE
:10C508002A18D118D3589E42D4D2013651F8263071
:10C5180001EB8609994404214846FEF7C1FF00282B
:10C52800E7D059F8003009EB0002D458D018172C7E
:10C538002246154928BF1722043004F05BFE002864
:10C54800D7D1172CD5D10C212846FEF7A9FF0446D0
:10C5580010B12C582B181C4406214846FEF7A0FFA2
:10C56800034608B159F8003022689A42A5D8B0218C
:10C57800064B074A074804F0DFFCC368FFDE036880
:10C58800FCE700BF2B440208605D0208613D020819
:10C598006C3D0208363E020808B50368994205D387
:10C5A800B021044B044A054804F0C6FC013150F898
:10C5B800210008BD613D020876440208363E0208A3
:10C5C80008B50368994205D3B021064B064A0748C7
:10C5D80004F0B2FC013100EB810250F82100104454
:10C5E80008BD00BF613D020818450208363E020832
:10C5F8002DE9F843054600688846FFF762FA0468A3
:10C608006868A4000368042221469B689847074687
:10C618002861C8B100263446D5F800904846FFF78F
:10C6280050FA03689E4216D31823C5E905444444CA
:10C638006868EC605C430368042221469B68C5F87F
:10C648001C809847A860A0B90B48214600F0B4FDAB
:10C658000120BDE8F88347F826404846FFF731FA3D
:10C668003146FFF7E5FCFFF722FA036801361C4460
:10C67800D4E70020EDE700BFE64502082DE9F347BF
:10C6880008460C46174600F0B1FD002506464FF057
:10C69800FF38B54201D1002027E00A212046FEF7E5
:10C6A800FFFE10B12318205818442946FFF788FFC9
:10C6B8004FF0000A814614214846FFF773F9D0B1BC
:10C6C80003689A4517D25146FFF766FF0C2301A964
:10C6D80003FB0070CDF8048000F041FE28B90199F1
:10C6E80031B1064800F068FD012002B0BDE8F087CE
:10C6F8000AF1010ADFE70135CBE700BF2746020848
:10C708002DE9F04F00260446B2464FF0FF3B836800
:10C7180085B00093131D019102932068FFF7D1F9AA
:10C7280003689E4211D3182263690099E06902FBED
:10C738000313012400224FF0FF31904203F1180344
:10C7480065D1002005B0BDE8F08F3146FFF770FCD9
:10C75800029B074653F83680236901464246204625
:10C7680053F82650FFF78AFF0028EBD11823009AC8
:10C7780003FB0529454680463846FFF798F90268C5
:10C78800904501D30136C8E749462846C9F8045000
:10C7980000F0E5FD0028D5D12A68C9E902BB52BBE3
:10C7A80038460392FFF783F94146FFF7F3FBFFF79B
:10C7B80073F9039A20B9D9F80020003A18BF01226A
:10C7C800019B89F81420FBB153F82A203846C9F890
:10C7D80010200392FFF76BF94146FFF7DBFBFFF7E9
:10C7E8005BF9039A48B90AF1010A08F1010809F14D
:10C7F80018090C35C0E70246E2E70132F3D04FF0E2
:10C80800010389F81430EEE7C9F810B0EDE743E901
:10C81800041103F8044C43F8081C01328DE72DE994
:10C82800F04F894604468BB00068CDE90523FFF731
:10C8380048F94946FFF7FCFB4FF01808A36807467C
:10C84800049323694FF0000A53F82960049B08FBFE
:10C85800063600F0CBFC079006213846FFF7A2F811
:10C868000546002800F0CC8003689A4580F0C78010
:10C878005146FFF791FE08FB0065D4F820B0294621
:10C888005A462046FFF7F4FDEB689B4501DA04F0B1
:10C898004CFBC5F80CB00AF1010ADDE7236A0A214E
:10C8A8000133384623620393FEF7FAFD10B13B18B3
:10C8B800385818442946FFF783FE4FF0000A80468F
:10C8C80008214046FFF76EF800BB149B41460093D1
:10C8D8002046DDE9052300F09BF84FF0000A062109
:10C8E8004046FFF75FF800B303689A451DD25146EA
:10C8F800FFF752FE002806DB0BFB0060236AC168C5
:10C908008B42C4DBC3600AF1010AE8E7026892457A
:10C91800DBD25146FFF740FE039A0BFB006120462D
:10C92800FFF7A6FD0AF1010ACAE74FF0000A0EE078
:10C938000268924511D25146FFF72EFE0BFB0060AC
:10C94800226AC1688A42A2DBC2600AF1010A082190
:10C958004046FFF727F80028EAD1049B6169DDF813
:10C9680014800BFB01310023E2699A4225D8013576
:10C97800079B9D4292D14FF000084FF018090821FB
:10C988003846FFF70FF800283DD0036898453AD29B
:10C998004146FFF701FE09FB0065D4F820A02946AF
:10C9A80052462046FFF764FDEB689A45FFF66FAFE5
:10C9B800C5F80CA008F10108E1E7D8F80420AA425C
:10C9C80018D1D8F80820914514D10698D8F8002035
:10C9D80000EB8300C1E900202046039A08910993DF
:10C9E800FFF746FD0899226AC8688242FFF64FAFF2
:10C9F800099BCA600133183108F10C08B4E7002517
:10CA08004FF0180BB4E700200BB0BDE8F08F000022
:10CA18002DE9F347056807460E4628460621904645
:10CA28009946FEF73DFDDDF828A0044610B12C58C4
:10CA38002B181C4404213046FEF732FD054600B190
:10CA480035582368AB4205D8B021314B314A3248BA
:10CA580004F072FA013554F8253004EB8500002201
:10CA68000A211844FEF774FD77284AD0812834D06B
:10CA780076282ED13046FEF77DFD5C2846D130461B
:10CA8800FEF716FD0546002204212846FEF760FD44
:10CA98000022044606212846FEF75AFD621C054678
:10CAA8000AD03B6A424601333B6221464B46384630
:10CAB800CDF800A0FFF7B3FE6B1C0AD03B6A4246D4
:10CAC80001333B6229464B463846CDF800A0FFF7B4
:10CAD800A6FE002002B0BDE8F0873046FEF74AFD0A
:10CAE80067280CD13046FEF7E3FC04210022FEF74C
:10CAF8002FFD411C0446ECD04FF0FF35D1E7002054
:10CB0800F3E73046FEF736FD5D28B7E70025BAE7BC
:10CB1800613D020863460208363E02080968002A99
:10CB280010B451F8044B0ADB944208DD51F8221086
:10CB3800002904DB03685DF8044B5B691847002093
:10CB48005DF8044B70474968002A10B451F8044B4B
:10CB58000ADB944208DD51F82210002904DB03683F
:10CB68005DF8044B5B69184700205DF8044B70477B
:10CB78000EB403B503A951F8040B019100F012FBA0
:10CB880002B05DF804EB03B07047C06803689B68A7
:10CB98001847C0680368DB681847C06803681B69E2
:10CBA8001847C06803685B691847C06803685B6A10
:10CBB8001847C0680368DB6A18470000D1289ABF85
:10CBC800024B53F820000248704700BF785D020806
:10CBD8000653020870B5044600F1A4060D46304617
:10CBE800002101F025FF0A4B6661E361094BE5630B
:10CBF800A365094BE365094BA364094B2363094B00
:10CC08002364094BE364002384F8953070BD00BFAA
:10CC180079CB0008ABCB0008B3CB00089BCB00084E
:10CC2800BBCB000893CB0008A3CB0008F7B51E4682
:10CC380000F108070446C0E900120D4664220021ED
:10CC4800384604F0CFFA9DF82C2008993046FEF7B4
:10CC5800B1FF099A04F17006E0660346394600926E
:10CC680030462A4601F072FD4FF480732046A4F83E
:10CC78009430002350F8A42BC4E92633E16EC4F89D
:10CC8800A030334601F0C4FE20460A99FFF7A2FF00
:10CC9800204603B0F0BD08B5FEF713FF0021FFF7EB
:10CCA800C7F90621FEF77EFE006808BD38B50546BF
:10CCB80000680C46FFF7EFFFA042024605D805487A
:10CCC800214600F079FA002038BDD5F89C3053F899
:10CCD8002400F9E73947020808B5FEF7F2FE0021FB
:10CCE800FFF7A6F90821FEF75DFE006808BD000001
:10CCF80038B5054600680C46FFF7EEFFA04202462D
:10CD080005D80548214600F057FA002038BDD5F867
:10CD1800A03053F82400F9E76447020838B5D0F882
:10CD28008030044600F1700513B1284601F026FC56
:10CD380004F1A40001F0F7FD284601F0BFFB2046EE
:10CD480038BD00002DE9F04F06464FF0000A8BB0C1
:10CD580006F1700001F08EFC504501DC00236FE005
:10CD680035682846FEF7ADFE5146FFF761F9062102
:10CD780000902846FEF794FB044610B12C582B1857
:10CD88001C44F06EFFF71CF80390009800F02EFA90
:10CD980000274FEACA0304900193049B9F4202D1E3
:10CDA8000AF1010AD4E70A210098FEF779FB002866
:10CDB80000F0BF80009B1A5819188B188A589742A0
:10CDC80005D3B0215C4B5D4A5D4804F0B5F80137E6
:10CDD80003EB870553F8273004211D442846FEF746
:10CDE8005FFB50B155F800802368434507D841469A
:10CDF800544800F0E1F9012322E08046F4E708F105
:10CE0800010304EB830B54F82330019A9B44D6F8B2
:10CE180080304FEA47199A58A9F120094A445846E0
:10CE280071681C3201F006FE70B10090584600F09F
:10CE380006FBFFF7C3FE0146434800F0BDF9009B1F
:10CE480018460BB0BDE8F08FD6F8802001995258EB
:10CE58004A44D26912B941463C48CAE7D2F814801C
:10CE680009900E212846FEF71BFBB8F1200F44D18C
:10CE780000283AD14FF0000BCDF808B0062128461B
:10CE8800FEF790FD00F0E8F9082105902846FEF726
:10CE980089FD00F0E1F9019AD6F8803000219B580D
:10CEA800069003EB09081C224046079304F09AF900
:10CEB800079B059A142143F80920069B2846C8F8C1
:10CEC8000430099BC8F81030029BC8E9053BFEF7FF
:10CED80069FD00283FF461AF0368002B3FF45DAFA4
:10CEE80000F0BAF9C8F8080057E72B582A18D118E3
:10CEF800043152F803B00291C0E728B14046FFF769
:10CF08005DFE0146124874E77068414603689B68F5
:10CF1800984728B94046FFF751FE01460D4868E793
:10CF280009AB2946039A00F0B0FA03460028A1D0BD
:10CF380086E70368FFDE00BF613D02081845020866
:10CF4800363E020890470208BA470208E747020837
:10CF5800084802084E48020810B500F1700420463F
:10CF680001F0E0FA20B92046BDE8104001F008BC05
:10CF780010BD00002DE9F04F0168054685B0C06E70
:10CF8800FEF784FE014650B96C4800F015F90123FC
:10CF980085F895300124204605B0BDE8F08F05F1ED
:10CFA8007007384601F0EAFB2846FFF7CBFE044637
:10CFB8000028F0D105F1A4060146304601F038FDFD
:10CFC800384601F07CFA04460028E4D101213046B5
:10CFD80001F02EFD384601F00DFB04460028DAD199
:10CFE8000221304601F024FDD5F880202968E86E3A
:10CFF80005F19803FEF70AFE04460028CBD1D5F8C0
:10D008009810304601F012FDEF6E28683B68D3F89F
:10D018001C80FFF740FE81003846C047C5F89C00D9
:10D02800002847D12868FFF736FE8100444800F001
:10D03800C3F8AFE7D5F880203846D3F800B003929C
:10D04800FEF73FFD0021FEF7F3FF0621FEF7AAFCDD
:10D058002146FFF7A1FAD5F89CA003463946404679
:10D06800039ACDF80090D847D5F89C304AF82400A8
:10D0780053F8243013B921463248D8E701342F68D1
:10D088003846FFF708FED5F86C80A042D8F8003083
:10D09800D0D83846DC69FFF71FFE81004046A0471C
:10D0A800C5F8A000002845D12868FFF715FE8100C3
:10D0B8002548BCE7A146E2E7D5F86C80D5F8802082
:10D0C800D8F800303846D3F800B00392FEF7F9FCE0
:10D0D8000021FEF7ADFF0821FEF764FC2146FFF7AB
:10D0E8005BFAD5F8A0A0034639464046039ACDF826
:10D0F8000090D847D5F8A0304AF8240053F82430D7
:10D1080013B92146114892E701342F683846FFF7D2
:10D11800E3FDA042D0D82846FFF71EFF04460028AA
:10D128007FF439AF01230321304685F8943001F0AC
:10D138007FFC30E70024A146E7E700BF6B48020800
:10D148008E480208D7480208FC48020846490208E7
:10D1580090F8953010B5044623B10A4800F02CF831
:10D16800012010BD90F8943033B104F17000002113
:10D17800BDE8104001F08EBAFFF7FCFE0028F4D09D
:10D18800EFE700BF6C4902080FB407B5044805A9CA
:10D198000191F5F7C1F803B05DF804EB04B07047EE
:10D1A8000453020808B5F5F7B7F8BDE80840014888
:10D1B800FFF7EABF045302080FB407B504A951F8F2
:10D1C800040B0191FFF7EEFF03B05DF804EB04B028
:10D1D8007047034601680022012010B5914200DC27
:10D1E80010BD53F8044F01326043F7E70368C31AD0
:10D1F8001A880A2A05D95B89C21813B1C358D058AE
:10D208007047002070470000036810B5C31A1A88D9
:10D21800082A17D91B89C418A3B1C258A318A25841
:10D22800914205D3B021094B094A0A4803F084FE0C
:10D23800013103EB810053F82130BDE81040184458
:10D24800FFF7D4BF00231B68FFDE00BF613D020863
:10D25800C2410208363E0208704770474B1E184408
:10D26800B0FBF1F048437047B0FBF1F0484370471A
:10D27800431E0B44B3FBF1F301FB03F070470000BE
:10D28800132804D8092804D8022826D868BB012006
:10D2980070470A380928FAD801A353F820F000BFCC
:10D2A800DBD20008F7D20008FBD20008F7D200084A
:10D2B800F3D2000897D20008F3D20008DBD20008A6
:10D2C800EFD20008DBD2000812F4887F0FD10728BC
:10D2D800DDD1022300200B607047012303FA00F21E
:10D2E80012F4127FF0D00123F4E70423F2E70823B5
:10D2F800F0E71023EEE700BFF7B5144602680346CF
:10D30800821A17880D46042F26D99188461809B322
:10D31800405831183058012601EB8000884214D15A
:10D32800062F1AD9D08800B118560DF1070100F060
:10D33800A0F840B921469DF80700FFF7A1FF10B9F2
:10D34800236873432B6003B0F0BD51F804CF0CFB86
:10D3580006F6E3E70126E3E701260020E5E773B5D3
:10D368000C4609B903F0E1FD43689BB10022012591
:10D378001968914209DC007A01A9FFF781FF10B909
:10D38800019B6B43236002B070BD53F8046F0132F8
:10D398007543EEE70125EEE710B5C360039B016016
:10D3A800036100230299C0E90533C0E9011210BDE9
:10D3B80070B508B903F0B9FD0029FBD00B68002A45
:10D3C800194651F8045B0CDB95420ADD51F822102E
:10D3D800002906DBBDE8704003EB82035968426D03
:10D3E8001047002070BDFFF7E3BF10B508B903F080
:10D3F8009CFD0029FBD0BDE810404968436D01EB56
:10D4080082025168184710B5044609B1496819B92C
:10D4180000232360204610BD51F8042B062A026021
:10D4280001DD03F082FD9200043003F0C0FFF1E754
:10D43800012803D0831E58425841400070470246D5
:10D4480008B508B903F071FD0168411A0B880A2B69
:10D4580009D94B8903B1C358888800B1105698423E
:10D46800B8BF184608BD042B4FF00003F4D818467F
:10D47800F5E738B504460D4601F042FB2946024659
:10D488002046BDE83840FEF71DB82DE9F0410D46AD
:10D49800044616461F4601F033FB3B46014632461A
:10D4A8002846A446BDE8F0416047000073B580EE09
:10D4B800800A04460E46154603F044F9DFED107A5B
:10D4C800B4EEE70AF1EE10FA0FDBDFED0E7AB4EEF8
:10D4D800E70AF1EE10FA08D8BDEEC00A10EE103ACD
:10D4E800002033442B6002B070BD074B20460093E8
:10D4F80065694FF4AF73054A0549A8470120F2E76B
:10D50800000000CF0000004F6253020807530208D2
:10D51800C82B0208D1ED027A92ED027A67EE877A7B
:10D52800F5EEC07AF1EE10FA73B51E460ADA0F4B23
:10D538000F4A009344694FF4A8730E49A04701208D
:10D5480002B070BD17EE900AF2F7C0FF0446B0684B
:10D558000D46F2F7BBFF0B46024629462046F3F775
:10D5680037F9069BC3E900010020E9E78853020860
:10D5780007530208C82B02082DE9F74F0446DDE9D6
:10D588000C7B886816469A460D46F2F79FFF804640
:10D59800B0688946F2F79AFF02460B46404649466C
:10D5A800F2F7ECFF80468946BAF1000F1BD0DAF893
:10D5B8000800F2F78BFF02460B4640464946F2F751
:10D5C80025FE8046B86821F00049F2F77FFF024641
:10D5D8000B4640464946F3F7FBF812A3D3E900236C
:10D5E800F3F748FA50B13B46324629462046CDF873
:10D5F80030B003B0BDE8F04FFFF78CBF064B2046B4
:10D608000093656940F24313044A0549A84701207D
:10D6180003B0BDE8F08F00BFA1530208075302080A
:10D62800C82B02087B14AE47E17A943F2DE9F043FA
:10D638002DED028B1E46137F85B0072B0446DDF8BF
:10D64800389011D0092B2BD0032B2DD0374B384ACB
:10D65800009344694FF4CB733649A047012005B0C5
:10D66800BDEC028BBDE8F08347F6FF75324F012908
:10D6780092ED028AD2F80C8019D1DFED300A4146CA
:10D68800B0EE480A204603AAFFF710FF0028E5D1AC
:10D69800039BBB42ACBF33603760C9F800502AE037
:10D6A8007F256FF07F07E2E7FF250027DFE70329E3
:10D6B80023D1DFED220A4146B0EE480A204603AAEC
:10D6C800FFF7F4FE0028C9D1F1EE080A039B03AA6C
:10D6D800BB42ACBF336037604146B0EE480A2046D3
:10D6E800FFF7E4FE0028B9D1039BAB42D4BFC9F8C9
:10D6F8000030C9F800500020B1E7022913D1FFEE2D
:10D70800000A4146B0EE480A204603AAFFF7CEFEBB
:10D718000028A3D1039BF7EE000ABB42ACBF3360DD
:10D72800376003AAD8E73760B7E700BFC3530208DA
:10D7380007530208C82B02080080FFFF0000000002
:10D748002DE9F04F97B00893209B04460493219B42
:10D758008B460993229B92460A93239B0B93249B07
:10D768000C93259B0D93269B0E93279B0F93289B29
:10D7780005930B68012B0FD00122CDE90232704BC3
:10D788000193704B0093DE2344696F4A6F49A047A9
:10D79800012017B0BDE8F08F1268012A08D0CDE942
:10D7A8000223674B01936A4B00934469E023ECE73B
:10D7B800DAF804203AB9674B0093EB234469624ACC
:10D7C8006549A047E4E7176827B9644B00934469A3
:10D7D800EC23F4E73D68012D39DD0B7F092B06D0DA
:10D7E800072B04D05E4B00934469F023E7E79AF8CF
:10D7F8001C30092B0AD0122B08D05A4B2046009314
:10D808006569F223504A5449A847C1E7059B9D42E0
:10D818000CD0CDE90253544B0193544B0093F4239D
:10D8280065692046484A4949A847B1E7DAF81430FB
:10D83800926803EB82035B68AB4208D0CDE90253E0
:10D848004B4B0193484B00936569F523E9E7DBED02
:10D85800027A049BCDED067AD3ED027A0026CDED4F
:10D86800077A07F10408059B9E4235DB9BF81C30BC
:10D87800032B1AD100220023CDE9142314AB019302
:10D88800049B5246009359462046089BFFF774FEB6
:10D8980000287FF47DAF9DED140B0A9813A900F0C2
:10D8A80029F9139B0B9A5B4213609BF81C30092BD8
:10D8B80043D84FF42270D84010F001003FF469AF0C
:10D8C80020460D9B09992093049A0C9B097817B060
:10D8D800BDE8F04FFFF7AABE012D0698CCBFD8F8D7
:10D8E8000090D7F80490F2F7F1FDCDE91001484611
:10D8F800F2F7ECFD02460B46DDE91001F2F73EFEB9
:10D90800CDE910010798F2F7E1FD02460B46DDE983
:10D918001001F2F75DFF41EC100B14A913A800F0F9
:10D92800E9F8139B0E9A08F1040842F82630149B74
:10D938000F9A42F82630013695E7002029E700BF04
:10D94800112D0208C953020807530208032C0208C4
:10D958002B2D0208E2530208C82B020826310208C0
:10D9680012350208F653020831540208282F02081B
:10D97800BD31020808B549694069FDF758FD00380E
:10D9880018BF012008BD000022EAE273984070B574
:10D9980080FB0134002C1A4DA8BF4FF08045884207
:10D9A80008BFB1F1004FC2F1000626EAE67615D0AD
:10D9B800EB1844EBE571002904DA6FF000401B18FE
:10D9C80041F10001DB0F43EA41031F3209DA40F25B
:10D9D80067110C4B0C4A0D4803F0AEFA6FF0004388
:10D9E800F3E70122B240013AD90F02EA030443FAED
:10D9F80006F001EB62029442C8BF013070BD00BF5F
:10DA0800010000C0653402088B330208E5330208C0
:10DA1800002A70B505DA5821224B234A234803F01F
:10DA28008BFA03F11F04262C03D95921204B1E4AD7
:10DA3800F4E701F50044B4F5803F03D35A211D4BA8
:10DA4800194AEBE71C4CC3F10E05A242CEBF47F6BC
:10DA5800FF7202F5004212145143D41700FB04115F
:10DA6800A2FB002001440120A5F12004C5F12006F5
:10DA780020FA06F600FA04F4A8403443801841EB73
:10DA88000401C3F10F041133B4F1200220FA04F0A9
:10DA980001FA03F340EA03005CBF41FA02F21043C3
:10DAA80070BD00BF3E540208585402089D54020835
:10DAB800FC54020816550208FFFFFE7F0023F0B54C
:10DAC80001EBD1746410561C9C4208DCCB0741BFA3
:10DAD800035D521843F3030302F8013CF0BDC55639
:10DAE80045F303072D1102F8137006F8135001339C
:10DAF800EAE70000F8B500222DED028B06460C4639
:10DB0800002351EC100BB0EE408AF0EE608AF2F779
:10DB18009DFF054628B1002333602360BDEC028BCE
:10DB2800F8BD2046B0EE480AF0EE680A01F0CCFED7
:10DB38000022134B51EC100BF2F720FD41EC100BB7
:10DB480002F0B2FD51EC100B04F03EFA4FF0004227
:10DB5800824275EB0107034601DA03F0E6F9A942B0
:10DB680008BF904202BF236801332360226808BFC0
:10DB78004FF080431F32BCBF002323603360CDE7E2
:10DB88000000E04138B500222DED028B05460C4619
:10DB98000C4B51EC100BB0EE408AF0EE608AF2F7B5
:10DBA8007DFF08B903F0C1F921462846B0EE480ABE
:10DBB800F0EE680AFFF79EFF2368002BF2DBBDEC4E
:10DBC800028B38BD0000F03FF7B555EC104B074607
:10DBD8000E460022204629460C4BF2F741FF08B9B1
:10DBE80003F0A3F90022002320462946F2F756FF46
:10DBF8000028F5D0384645EC104B01A9FFF77AFF0D
:10DC0800019B002BECDC336003B0F0BD0000F03F5B
:10DC18002DE9F84F4FF0004323FA00F057EC106B52
:10DC280059EC118B93468A46F2F73EFC424604466D
:10DC38000D464B4630463946F2F7A0FC02460B46E5
:10DC480020462946F2F79AFC09A3D3E900230446A3
:10DC58000D46F2F723FF38B19FED050B59465046A4
:10DC6800BDE8F84FFFF78EBF45EC104BF6E700BF55
:10DC78000000C0FFFFFFDF412DE9F8430124814682
:10DC880004FA00F0013888461546F2F70DFC0646FE
:10DC9800A5EB09000F46C0F12003A0F1200124FAEA
:10DCA80003F304FA01F104FA00F01943F2F738FC1F
:10DCB80002460B4630463946F2F760FCC8F12003AD
:10DCC8000F46A8F1200124FA03F304FA01F10646ED
:10DCD800194304FA08F0F2F723FC02460B463046D3
:10DCE8003946F2F775FD41EC100B02F059FC51EC86
:10DCF800100BF2F7F3FEBDE8F883000010B52DED28
:10DD0800028B044601F04EFEDFED0D7A20EE278AE5
:10DD1800B0EE480A02F016FDFDEEC07A38EE408AF1
:10DD2800C4ED007AB0EEC88ADFED067AB4EEE78A71
:10DD3800BDEC028BF1EE10FA4CBF0120002010BDA3
:10DD48003BAAB83F6F12833A012070470020704702
:10DD5800704701207047704700F580508068704711
:10DD680000F580504068704700F58052536810B540
:10DD7800B3F5806F06DB08484FF48061FFF71CFAA3
:10DD8800012010BD946800EB8300214401334460F6
:10DD9800002091605360F4E763550208002910B52C
:10DDA80000F5805302DB5C688C4205DC05485A6844
:10DDB800FFF702FA012010BD00EB81004368002044
:10DDC8001360F8E780550208034A00F580530260A3
:10DDD8000022C3E901227047CC6002080020704786
:10DDE8003E23092802DC3030C0B27047232801DC0A
:10DDF8005730F9E73D2801DC1D30F5E7B0FBF3F2B9
:10DE080003FB1200EDE7034610B5012483F8284010
:10DE18002824B2FBF4F20C240020D96001EB021193
:10DE2800196101EB8201596101EB8201996104FBDF
:10DE3800021198605A60596210BD704770B5D0E9F8
:10DE480002650468A468A04720B9049B05EB061581
:10DE58006B6070BD0120FCE780687047F8B50E461E
:10DE6800D0E901148C4204DB0A48FFF7A5F9012028
:10DE7800F8BDC168270101EB0415CE51C5E902239D
:10DE88004FF0FF336B6001230134846080F8283041
:10DE98000020EDE763550208F0B503460C4601255E
:10DEA8000026954202DB002EF7D1F0BDD3E9007CB5
:10DEB8006745B8BFC3E900C705F10105B8BFD4E994
:10DEC800006703F10403BCBFC4E9007601260434EB
:10DED800E7E70000014B0360704700BFFC600208E1
:10DEE80010B54C68C16801EB04118868984205DCDC
:10DEF800C8689042B4BF0020012010BD0020FCE794
:10DF080070B5054689B9016A0C200C26AC6900FB7E
:10DF1800014421462846FFF7E3FF50B9A1684C1C8D
:10DF280009D0AC6906FB0144F3E789684E1CEBD1C4
:10DF38000024204670BD0446FBE72DE9F04F90F819
:10DF48002830044685B093B3D0F808C0BCF1000F60
:10DF58002DD0D0E904E700231A4680F82830A568B8
:10DF68000EEB82009D4207EB820123DCAA1AFFF721
:10DF780093FF01230022C4E907324FF0FF33A6695B
:10DF88004FF0010AB146B3603B68D4F80C80D4F86E
:10DF980024B008EB031149687360013108BF4BF8DE
:10DFA80023205BF823303360A368534520DC05B099
:10DFB800BDE8F08FE668180106EB0315696830586C
:10DFC800B1F1FF3FD4F824801EBF4EF8220047F875
:10DFD800223069684FEA830605BF0CF1FF3C4EF812
:10DFE8002C00013247F82C3048F806100133B6E708
:10DFF80057F82A3000931A0108EB03135D68691C6F
:10E008001FD10020054658F802200192D3E90223C7
:10E01800029301460390029B2046FFF771FF039984
:10E0280049B14B6809684FEA031C58F80CC08C4486
:10E038006545B8BF654620B10168019B491B8B4205
:10E04800E7DC009B4BF823500C23E1694B43F55068
:10E05800F218009B53604B1CE361D9F80030AB42C7
:10E0680006DD236A9360216291460AF1010A9BE763
:10E078004846D0F808C0BCF1FF3F06D18160C2F81D
:10E0880008C04A46F0E77046F3E70C2303FB0CF39D
:10E0980006EB030EF358AB42F5DDC2F808C0816009
:10E0A800EFE770B50446FFF748FFA06830B10C25CC
:10E0B8000020A169236A05FB031303B970BD5A68E0
:10E0C800E6681201B2581E689B683244904238BF15
:10E0D80010465A1CF2D005FB0313EEE72DE9F04F6A
:10E0E8009DB004460025FFF728FFA168A9420ADC75
:10E0F800002350279946994222DC0026B14531DA9F
:10E108001DB0BDE8F08FE6684FEA051906EB051368
:10E11800D3E90278474511D02846FFF761FE01464A
:10E12800CDE90178636A2A4653F8253037480093C9
:10E1380056F80930FFF740F80135D6E72A21EFE70E
:10E14800E068626A1E0100EB031552F8232080592B
:10E15800013302449742B8BF1746EA689145B8BFF1
:10E168009146C8E70025AA460DF11C0850222E2129
:10E17800404603F037F8A3680493049BAB4210DCD5
:10E1880000238DF86C300AF2FF33002BB8BF0AF277
:10E19800FE73314642461E489B12FFF70DF80136C2
:10E1A800ACE7E268280102EB051BDBF80830B34254
:10E1B80019DCDBF80C30B34215DB636A53F8251021
:10E1C8004B1C10D0135850229A440B4453435143CC
:10E1D80093FBF7F391FBF7F105934144059AA1EB03
:10E1E80008039A4201DC0135C7E70B782E2B09D1C9
:10E1F800DBE902239A4207D02846FFF7F1FD01F830
:10E20800010BEBE72120FAE72A20F8E7A9550208D5
:10E21800E455020870B50C4605461646FFF78DFE14
:10E22800002C02DBAB68A34206DC06482146AA683C
:10E23800FEF7C2FF012070BD6B6A002053F824303E
:10E248003360F8E7805502087047036810B4DC694A
:10E258000022A44601235DF8044B6047C369594076
:10E26800036AC161013B03627047806870470269B5
:10E2780083688069824234BFC01AD01A7047C26866
:10E288004069101A7047A0F10400FFF7F8BF2DE9A4
:10E29800F04104460F46806811461646FEF7DEFF39
:10E2A800236805460146D3F81C803A463346204683
:10E2B800C04700280CBF28460020BDE8F0812DE9A2
:10E2C800F04104460E46806811461546FEF7C6FF23
:10E2D80023680146DF6932462B462046BC46BDE826
:10E2E800F0416047F8B504460F4680681946154660
:10E2F8001E46FEF7B3FF2269A3699A4201D1B842CC
:10E3080004D00C48FEF758FF0120F8BD3146A0683C
:10E31800FEF7A4FF6269121AAA4205D229460648E6
:10E32800AB1AFEF749FFEFE728442061A0610020FF
:10E33800EBE700BFF25502086056020838B50446FC
:10E348000D4680691146FEF789FF6269121AAA42D2
:10E3580006D208482946AB1AFEF72EFF002038BD22
:10E36800E36905444340E361236AA56101332362FD
:10E37800F5E700BFA256020808B5D0E9072151EA1F
:10E38800020307D0B2FA82F203485209FEF714FFDB
:10E39800002008BD0120FCE7EB560208036810B511
:10E3A8001B690446984720B90448FEF705FF012079
:10E3B80010BD23690020A361FAE700BF2D570208AA
:10E3C80038B50D46044640691146401BFEF74CFF20
:10E3D8002369834207D91B1A29460448EA1AFEF71B
:10E3E800EBFE002038BD6061FCE700BF72570208F1
:10E3F800A0F10400FFF7E4BF70B5044680690E463B
:10E40800FEF72CFF314605466069FEF72DFF401BDD
:10E4180070BD0438704704387047000010B5C0E973
:10E428000321C0E905210022034CC0E9072204604A
:10E438004434C0E9014110BD2C61020808B5034607
:10E448000A44FFF7EBFF184608BD000000B50A466E
:10E458008BB0014608B902F068FD01A8FFF7EEFF8E
:10E46800042224210DEB0200FFF7AAFF0A4A0260EA
:10E4780044324260039A8260049AC260059A02613B
:10E48800069A4261079A8261089AC261099A0262F1
:10E498000BB05DF804FB00BF2C6102080EB403B595
:10E4A80003AA52F8041B036801929B68984702B0BC
:10E4B8005DF804EB03B07047C069704770472DE9F9
:10E4C800F047D0E9059804460026236A1B689E4257
:10E4D80004D30020C4E90598BDE8F0873146A06858
:10E4E8006661FEF791FE002507464FEAC60AAF426D
:10E4F800A56101D80136E8E7236953F80A3003EB30
:10E508004515EB69D5E904105A691B68202A0ABF2A
:10E5180001460022AA6913B160689847E860A569B6
:10E528000135E4E72DE9F843D0E9057604460025EE
:10E53800236A1B689D4204D30020C4E90576BDE820
:10E54800F8832946A0686561FEF75EFE00238046D1
:10E558004FEAC5099845A36101D80135E8E7226962
:10E5680052F8092002EB4313DA6922B1126912B199
:10E57800D96860689047A3690133EBE72DE9F84350
:10E58800D0E9057604460025236A1B689D4204D31A
:10E598000020C4E90576BDE8F8832946A0686561CE
:10E5A800FEF732FE002380464FEAC5099845A3616D
:10E5B80001D80135E8E7226952F8092002EB431334
:10E5C800DA6922B1526812B1D96860689047A369C4
:10E5D8000133EBE74369202B01D180697047D12BC8
:10E5E8009ABF024A52F8230001487047785D020832
:10E5F800065302082DE9F84FD0E90587044600259F
:10E60800236A1B689D4203D30020C4E9058725E0DF
:10E618002946A0686561FEF7F7FD002306464FEA24
:10E62800C5099E42A36101D80135E9E7226952F87C
:10E63800091001EB4311D1F81CB0DBF808307BB1AD
:10E6480060689847824658B15846FFF7C3FF53465B
:10E658000146A2690648FEF7AFFD0120BDE8F88F24
:10E66800A169E068FDF78AFBA3690133D9E700BF18
:10E67800BB57020808B58068FDF723FA006808BD93
:10E6880010B50446406818B103682168DB689847EC
:10E69800204610BD036A2DE9F74FD0E905981A689E
:10E6A800044691420E46416107D32648FEF784FD91
:10E6B8000125284603B0BDE8F08F8068FEF7A4FD69
:10E6C800002307469A46F6009F42A36103D8002517
:10E6D800C4E90598EDE72269955905EB4315D5F886
:10E6E8001CB05846FFF776FF63680146586BCDE9C2
:10E6F80000A018B103689B6898470090DBF80C30BD
:10E708000BB902F012FC2946606898470546E06894
:10E7180003685B69984775B10F2D08D05846FFF715
:10E7280059FF2B460146A2690748FEF745FD684692
:10E73800FFF7A6FFBDE76846FFF7A2FFA36901330D
:10E74800C2E700BFF15702082358020810B5044673
:10E758001046C4E902030023074AC4E90433C4E9A4
:10E768000021029AA361C4E9072310B1FDF7A9F9B2
:10E778002062204610BD00BF886102080161704711
:10E788002DE9F04F054600274FF00C0B85B0286A9D
:10E7980003689F4207D3E869002869D10023184617
:10E7A80005B0BDE8F08F3946FDF742FC00268046EB
:10E7B8004FEAC70A04214046FCF772FE00285AD0E7
:10E7C80058F8003008EB0002D118D3589E4201D304
:10E7D8000137DCE7013651F8263001EB86041C448A
:10E7E8000E212046FCF75CFE0028E3D0235C002BBA
:10E7F800E0D02B690BFB06F953445868A9F10C09C2
:10E8080003A94844FEF7ABFD03460028C7D10621FB
:10E8180001902046FCF744FE0146F0B12256019BC8
:10E82800092A23D10C212046FCF73AFE90B123187F
:10E8380024581C440A212046FCF732FED8B123583C
:10E848002218D118D3583BB9B0210C4B0C4A0D48AB
:10E8580002F072FB0446EDE749682B69039A5344BA
:10E868005B6853F8090002F0BDFCA3E71946F4E71A
:10E8780000F02AF992E70368FFDE00BF613D020855
:10E88800C23F0208363E020870B50C4616460546D9
:10E898008068FDF716F92146FDF7CAFB0621FDF74A
:10E8A80081F83146FDF778FE0C222B6903EBC4038F
:10E8B8005B6802FB003070BD70B50C461646054615
:10E8C8008068FDF7FEF82146FDF7B2FB0821FDF749
:10E8D80069F83146FDF760FE0C222B6903EBC4038F
:10E8E8005B6802FB003070BD10B50C468068FDF710
:10E8F800E8F82146FDF79CFB0621FDF753F8006870
:10E9080010BD10B50C468068FDF7DBF82146FDF711
:10E918008FFB0821FDF746F800B1006810BD80693B
:10E92800704780687047704737B50446D0E90102E0
:10E9380055690B46016800954D681269E168A8475A
:10E9480003B030BD406803689B68184783680C2093
:10E95800D3E9043203EBC2035B6800FB0130704764
:10E96800C16100207047C0697047036910B5012B69
:10E9780001D902F0DAFA4068BDE810400368DB69A3
:10E98800184708B50369032B01D002F0CEFA436992
:10E9980053F8210008BD036910B5012B01D002F01E
:10E9A800C4FA4068BDE810400368DB68184703698B
:10E9B80010B5012B01D002F0B8FA4068BDE810404C
:10E9C80003681B6918471346026910B5012A01D06C
:10E9D80002F0ABFA8268BDE8104052694068FDF762
:10E9E8009FB9000008B50369012B03D9032B01D097
:10E9F80002F09BFA09B183692BB182690348FEF7DB
:10EA0800DBFB012008BD81611846FBE75758020867
:10EA180030B5C0E902320023034DC0E90433C0E930
:10EA28000051C0E9063330BDC86102084161704732
:10EA3800016170472DE9F0410024146007460E4635
:10EA48009046FEF7FCFCD128054606DD014619482C
:10EA5800FEF7B2FB0120BDE8F08120280FD0336813
:10EA680001461B6830469847C8F8000000BB002DD7
:10EA7800AABF114B114953F825101148E8E73B6824
:10EA8800FB1A1A88062A0FD9DB88F91863B1FB58D4
:10EA9800326804333046526819449047C8F8000079
:10EAA800B0FA80F04009D6E70648FEF785FBD1E7C3
:10EAB8002046D0E796580208785D020806530208F7
:10EAC800B8580208DF58020870B505460024142615
:10EAD800AB68A34201DC002070BD2B6806FB043341
:10EAE800DA6893F91010986802F07CFB0134EFE7BC
:10EAF800704708B508461146FEF754FB002008BDCC
:10EB0800034B186818B90348034A18600260704735
:10EB1800CCA90220D0A902200C620208D1ED007A0B
:10EB280091ED017A77EEA77A37EE077AF6EE006A6A
:10EB380037EE876A77EEC77A26EE266A67EEA67AF8
:10EB4800038810B54469013B04F1100001F1100479
:10EB580001EBC30182ED006AC2ED017A0839103277
:10EB680091ED034A91ED027A54ED023A54ED017A9F
:10EB780050ED025A50ED014A37EE635A34EE276AD7
:10EB880037EE237A77EEC47A05EE857A44EE857AF5
:10EB980004EE867A45EEC67A27EE267A67EEA67ADE
:10EBA800013B02ED027A42ED017A00F1080002F120
:10EBB800080204F10804A1F10801D1D110BDD1ED7A
:10EBC800007A91ED016AF6EE006A37EE867A77EE02
:10EBD800C67A27EE267A67EEA67A038830B54469A6
:10EBE8005D1E82ED007AC2ED017A04F10800083258
:10EBF80001F1080401EBC501013B02F1080200F133
:10EC0800080004F10804A1F1080100D130BD91ED1C
:10EC1800034A91ED027A54ED023A54ED017A50ED2F
:10EC2800025A50ED014A33EEC75A34EE276A37EEDE
:10EC3800237A77EEC47A05EEC57A44EE857A04EE37
:10EC4800C67A45EEC67A27EE267A67EEA67A02EDF0
:10EC5800027A42ED017ACFE72DE9F041058A0446B0
:10EC68006D0805800F4616461D464BB1FFF7A7FFF6
:10EC78002A4631462046BDE8F041012300F0D9BAC2
:10EC88002A46012300F0D5FA324639462046BDE827
:10EC9800F041FFF743BF000080B14FF48063038069
:10ECA8004FF4006303824FF4E1638381054B836073
:10ECB800054B4360054B4361002070474FF0FF3020
:10ECC800704700BF188202082890020818620208DC
:10ECD8002DE9F04780460846B8F80070D8F80420B7
:10ECE80001EB87092DED028B06464B4694467908C1
:10ECF800FF0800EB810509EB810402EB0717BC450F
:10ED080006F1100605F1100504F1100403F11003D3
:10ED18000FD18CB22146022300F0F4FABDEC028B2D
:10ED280021464846D8F804200223BDE8F04700F001
:10ED3800E9BA13ED040A16ED046A53ED030A16ED59
:10ED4800034A36EE008A53ED011A54ED046A54ED75
:10ED5800034A13ED021A55ED032A15ED023A55ED53
:10ED6800013A54ED027A54ED015A16ED027A15ED86
:10ED7800042A06ED048A34EE208A16ED015A06EDBF
:10ED8800038A37EE018A06ED028A35EE218A35EECE
:10ED9800615A72EE261A06ED018A45ED041A72EEE2
:10EDA800A41A45ED031A73EE271A45ED021A73EEFD
:10EDB800A51A45ED011A75EEE35A34EE604ADCED0A
:10EDC800013A74EEE24A77EEC37A36EE406A9CED79
:10EDD800003A64EE232A46EE032A26EE236A14EE4E
:10EDE800036A76EEC26A03ED036A24EE836A16EEBE
:10EDF800A36A66EE836A44EEA36A43ED042A04ED2F
:10EE0800046A44ED036A0CF1100C1CED026A5CED17
:10EE1800016A37EE417A65EE264A47EE064A27EE42
:10EE2800267A15EE067A43ED024A03ED017A25EEBD
:10EE3800867A17EEA67A67EE867A45EEA67A04ED0C
:10EE4800027A44ED017A5AE703882DE9F04F5B080E
:10EE580001EBC305D1ED007A95ED007AD1ED015AA9
:10EE680037EE876A77EEC77A95ED017A01EB83066C
:10EE780075EE876A75EEC75A96ED007A05EB83043E
:10EE8800D4ED004A37EE065A2DED048B35EE245AA0
:10EE98008FB04268D6ED013A94ED014A81ED005AEF
:10EEA80096ED015A94ED013A36EE855A35EE035A3D
:10EEB80002925A080A920A4681ED015A33EEA75A7D
:10EEC80008320692324635EE445A08320B922A46E8
:10EED80086ED005A36EE476A35EEC75A76EEE36A93
:10EEE80077EEE37A37EE257A08320C92224635EE31
:10EEF800245A36EE646A76EEC46A77EE847A37EE80
:10EF0800647A08320D925A08023A86ED015A009145
:10EF180085ED006AC5ED016A4FEA5208C4ED007A32
:10EF280084ED017A029A834608320792029AA4F184
:10EF3800040910320892029AA6F1040A18320992BA
:10EF48000998009A0190089802F1100E0490079809
:10EF58002F1F09EB830306F1100105F1100C04F1D2
:10EF680010020390CDF814801CED023A5CED013AD2
:10EF78001EED026A5EED017A51ED026A11ED014A59
:10EF880036EE437A77EEE35A36EE036A77EEA37AE3
:10EF980012ED025A52ED014A75EEE62A34EE072ABE
:10EFA80036EE663A76EEA55A77EEC43A37EE447AEC
:10EFB80076EE866A039832EE642A08300390049845
:10EFC80072EE852A10300490019833EE453A1830D5
:10EFD8000190059873EEE43A37EE247A75EEC55A37
:10EFE80076EE856AAAF1080A083FA9F10809083BE4
:10EFF8000EF1080E08310CF1080C0832002873D104
:10F00800182709980D9B07FB0807089803EBC80207
:10F0180000EB081C0C9B079803EBC80100EBC80E1B
:10F028000B9B069803EBC80300EBC808C8ED006A01
:10F03800D3ED016A77EEA67AD2ED016A77EEA67A69
:10F04800C8ED017ADEED017A9EED006A67EEA26AEC
:10F0580067EE827A46EE026A56EE227AC3ED006ABD
:10F06800C3ED017ADCED017A9CED006A67EEA36AD4
:10F0780067EE837A46EE036A56EE237AC1ED006A9C
:10F08800C1ED017AD7ED017A97ED006A67EEA56ABE
:10F0980067EE877A46EE076A56EE257ABDF828703D
:10F0A800C2ED006AC2ED017A3946029A009804233B
:10F0B80000F028F939463046DBF80420042300F034
:10F0C80021F939462846DBF80420042300F01AF910
:10F0D800042339462046DBF804200FB0BDEC048B2E
:10F0E800BDE8F04F00F00EB94EED046A51ED036A29
:10F0F80077EEA67A52ED036A77EEA67A4EED037A9A
:10F10800D9ED017A9AED011ADAED024A31EE275A61
:10F1180031EE671AD9ED027A93ED028A97ED026A09
:10F1280034EEA79A76EE481A79EE460A36EE096A60
:10F1380036EE086A93ED014AD7ED018A8AED026A34
:10F1480097ED016A74EEE74A75EE687A35EE065A6D
:10F1580093ED016A35EE065A74EEE86A8AED015AB3
:10F16800039877EEC47A10ED016A76EE846A34EE7D
:10F17800684A10ED025A34EE644A66EE224A31EECD
:10F18800810A45EE024A41ED044A60EE054A26EE40
:10F19800022A56EE864A66EE856A15EE222A40EE67
:10F1A800066A01ED032AC7ED024AC7ED016A049811
:10F1B80070EEC80A10ED036A50ED046A26EE235A71
:10F1C80006EE835A26EE033A0CED045A27EE865AC9
:10F1D80016EEA33A10EEE65A67EEA66A50EE866A75
:10F1E8000CED033A89ED025AC9ED016A019871EEF6
:10F1F800C11A50ED067A50ED056A26EEA56A07EEAB
:10F20800876A26EE877A17EEA57A02ED037A21EE51
:10F21800A77A64EE277A14EE267A41EEA67A059844
:10F2280002ED046A013883ED027AC3ED017A059094
:10F238009AE6012A2DE9F04106460C4617469846FB
:10F2480005883ED0B5F5807F49D026D8402D31D0ED
:10F258001CD8102D1CD0202D41D0B8F1000F04D09F
:10F268002046B268B18900F0BDFA012F0CD107EE33
:10F27800905AF7EE006AF8EE677A002386EEA77ACE
:10F28800AB4204F108042FD3BDE8F081802DE4D10E
:10F2980021463046FFF71CFDDFE7B5F5006F1ED0AD
:10F2A80005D8B5F5007F05D0B5F5806FEFE7B5F562
:10F2B800805FD2D1012329462046726800F022F8E7
:10F2C800CBE700230A1DAB4202F10802BAD252ED85
:10F2D800027AF1EE677A013342ED027AF3E72146CA
:10F2E8003046FFF7B1FDB8E754ED027A67EE877A4A
:10F2F80044ED027A54ED017A67EEC77A013344EDA2
:10F30800017ABDE72DE9F04F2DED108B9FEDB05A36
:10F318008DB002910B9203930191019B4FF0000A6B
:10F32800D908CA0008926FF0170202FB01F92822D7
:10F338004A4307920A010692302200EB411C4A43D5
:10F348000CEB090707EB411606EB090505EB411421
:10F35800059204EB0902009238224A43049204EB16
:10F368000902DB004FEA411B02EB411800F1040ED1
:10F37800DCED007A1EED017A97ED006A77EE276AD8
:10F3880037EE677AD6ED007A009AD4ED004A92ED0E
:10F39800003AD8ED003A76EE275A36EE676AD5ED90
:10F3A800007A37EEA44A77EEE47A73EE234A36EE13
:10F3B800C40A75EEE40A76EE846A75EEA45A76EE0F
:10F3C800A54A76EEE56A4EED014ACCED006ADCED21
:10F3D800016ADEED004A96ED014A74EEA65A74EE13
:10F3E800E64AD7ED016A33EE633A76EE842AD4ED25
:10F3F800013A76EEC46A95ED014A98ED012A74EE59
:10F40800231A34EE634AD2ED013A33EE821A73EED0
:10F41800C23A35EEE12A75EEA15A72EEC11A72EEC1
:10F42800812A35EEA21A75EEE25A8EED001ACCED5D
:10F43800015A70EE215A70EE612AC5ED005A72EE3B
:10F44800605AC4ED002AC5ED015A70EE825AC4ED27
:10F45800015A76EE435A36EE036A36EEE33A76EE12
:10F46800A36A65EE855A26EE056A23EE053A66EE2E
:10F47800856A77EE653A74EEC32A37EE257A77EE19
:10F48800C65A77EE867A34EE836A74EE664A74EE6C
:10F49800266A37EE264A37EE667A87ED004A88ED07
:10F4A800007A33EEA47A73EEE43A86ED007A36EE0B
:10F4B800677A77EE867AC2ED003A87ED017AC8ED71
:10F4C800017A72EEE57A75EEA25AC6ED017AC2EDBE
:10F4D800015A019A9C449244009A1F441A4400928B
:10F4E800029A1E4452451D441C4498449E443FF6CB
:10F4F8003FAF072940F271810BEB00020992089A8D
:10F50800012402440892079A02440792069A024488
:10F518000692059A02440592A0EB09020A92049AFF
:10F528000244049200223026A346039D00EBC40A3D
:10F538002A440B9D05EBC205D5ED001A05EBC20563
:10F5480095ED008A05EBC205D5ED004A05EBC2052D
:10F5580095ED009A05EBC205D5ED003A05EBC2051D
:10F56800D5ED000A05EBC20506FB1256D5ED002ABB
:10F5780095ED012A099D96ED011A05EBC409089D30
:10F5880006EBC20605EBC408079DD6ED018A05EB1C
:10F59800C40E069D06EBC20605EBC40C059D96ED50
:10F5A800014A06EBC206D6ED019A05EBC40706EB45
:10F5B800C2060A9D96ED013A06EBC20696ED010ACF
:10F5C80005EBC406049D05EBC405009502E000BFE9
:10F5D800F304353F99ED007A9EED006ADAED007A82
:10F5E800D8ED006ADCED005A37EE87AA77EEC77AC5
:10F5F80036EE867A76EEC66A97ED006A009D96ED3D
:10F6080000DA35EE86BA75EEC6AA95ED006A7DEE8B
:10F61800065A3DEE46DA77EE65DA3AEE4B6A37EE91
:10F62800257A3AEE0BAA7AEE075ACAED005ADAEDB5
:10F6380001BA3AEE47AA99ED017ADEED015A3BEE9E
:10F6480087FA7BEEC7BA98ED017AD5ED01EA9CED11
:10F6580001BAD6ED01CA37EE25EA37EE657AD7ED5D
:10F66800015A3BEE25CA3BEE65BA7CEEAE5A7CEEFB
:10F67800EECA7FEE4CEA3FEE0CCA3EEE65FA3EEE6D
:10F6880025EA76EE0F5A36EE4F6A3CEE0EFA3CEE5D
:10F698004ECA3EEEEDEA7DEEAEDA69EE8CEA49EE50
:10F6A8000AEA29EE8AAA19EE0CAA8AED01FA89ED6E
:10F6B80001AA28EE8EAA08EE25AA68EEA55A58EEE9
:10F6C8000E5AC9ED00EACCED015A60EE2D5A40EE13
:10F6D800865A20EE066A10EEAD6A8CED00AA37EE67
:10F6E8006CCA87ED016A37EE2C7A36EECD6A76EE73
:10F6F8008D6A26EE056A66EE856A2CEE05CA27EE47
:10F70800057AC7ED005A37EEC6AA7AEEA65A77EE02
:10F71800867A3BEECCDA3BEE8C6A7BEE47BA7AEE21
:10F72800E6CA3BEE077A7AEE2BAA3AEE6BAA76EE99
:10F7380065BA77EE876A21EE2BBA01EEA6BA61EEBA
:10F74800266A77EEC77A51EEAB6A35EE867AC8ED4F
:10F75800016A62EE076A7DEE6C5A42EEA76A88ED8E
:10F7680000BAC5ED006A62EE276A63EE257A3CEEC0
:10F778008D6A52EE876A43EEAA7AC5ED016A23EED6
:10F788002A7ACEED007A64EE067A13EEA57A44EE74
:10F798008A7A8EED017AC6ED007A64EE0A7A54EE22
:10F7A800867AC6ED017A019D9A44AB44009D99443E
:10F7B8001D440095029D98445D459E449C441F4409
:10F7C8001E443FF607AF0134A1427FF4ACAE039B61
:10F7D8000191DB009BB203939FE50DB0BDEC108B4C
:10F7E800BDE8F08F2DE9F0410023884602F1020CB4
:10F7F800984501D8BDE8F08132F813503CF8134021
:10F80800AD08A40850F825E050F82410AF00A60071
:10F8180040F8251040F824E03D1D341D475906598D
:10F82800023346510751E3E708B52DED048BB0EEDE
:10F83800408AF0EE608A00F08BFFB0EE409AF0EE5E
:10F84800609AB0EE480AF0EE680A00F0FDF878B168
:10F8580019A3D3E9002351EC180BF1F71FF970B97C
:10F8680017A3D3E9002351EC180BF1F7F9F898B96D
:10F87800B0EE490AF0EE690ABDEC048B08BD9FEDB5
:10F888000A9B01F067FD2223B0EE490AF0EE690AEF
:10F898000360BDEC048B08BD01F05CFD22239FEDE5
:10F8A800049B0360E4E700BF000000000000F07F55
:10F8B8000000000000000000EF39FAFE422E8640EA
:10F8C80051302DD5104987C0002170B555EC104B2B
:10F8D800064625F000430160114883421DD82046A2
:10F8E80018431AD00F482A46284058B900220E4B10
:10F8F80020462946F0F742FE0A4621F00043044616
:10F908006FF035016FF31E521B1542F07F55A3F2BD
:10F91800FE3345F400150B44336045EC104B70BDC5
:10F92800FFFFEF7F0000F07F0000504308B52DED8A
:10F93800028BB0EE408A01F0DBF8F0EE408AB0EEC0
:10F94800480A00F097FD68B1DFED127AB4EEE78A55
:10F95800F1EE10FA0BDCDFED107AB4EEE78AF1EE87
:10F9680010FA0FD4B0EE680ABDEC028B08BDDFEDCB
:10F978000B8A01F0EFFC2223B0EE680A0360BDECAD
:10F98800028B08BD01F0E6FC2223DFED058A036047
:10F99800E8E700BF1772B142B5F1CFC20000807F1F
:10F9A8000000000008B52DED028BB0EE408A01F092
:10F9B80091F9B4EE488AF1EE10FA0FD6B5EEC08A86
:10F9C800F1EE10FA0ADCB5EE408AF1EE10FA08D131
:10F9D80001F0C0FC22239FED090A0360BDEC028BF5
:10F9E80008BD01F0B7FC212203460548BDEC028B97
:10F9F8001A60BDE8084000F047BD00BF000080FF66
:10FA080028B0020808B52DED028BB0EE408A00F050
:10FA1800C1FDB4EE488AF1EE10FA06D6DFED098A88
:10FA2800B4EEE88AF1EE10FA02D4BDEC028B08BD00
:10FA380001F090FC88EEA80A21230360BDEC028B3C
:10FA480008BD00BF0000000082B005488DED000B26
:10FA5800019B23F000431844C00F02B0704700BF59
:10FA680000001080000000002DE9F04D5BEC10ABA9
:10FA78002BF00043D84984B00BF000448B4216D9D0
:10FA8800D6498B4240F2D680D5498B4240F2C88095
:10FA9800CBF3130253461A4300F0EB8152465B4600
:10FAA80050465946F0F7B4FB41EC100BEEE0CD4A56
:10FAB800934200F2EE80CC4A934240F251814FF0DB
:10FAC80000080022C94B50465946F0F757FD044636
:10FAD8000D465046224659462B46F0F74FFD06463E
:10FAE8000F46A5A3D3E90023F0F748FDA4A3D3E963
:10FAF8000023F0F78DFB32463B46F0F73FFDA2A30B
:10FB0800D3E90023F0F782FB32463B46F0F736FD97
:10FB18009FA3D3E90023F0F77BFB32463B46F0F77F
:10FB28002DFD9DA3D3E90023F0F770FB32463B4639
:10FB3800F0F724FD0022AE4BF0F76AFB02460B46B5
:10FB480020462946CDE90023F0F718FD02460B466A
:10FB58000020A849F0F75AFB04460D4622462B46DA
:10FB6800DDE90001F0F752FB22462B4604460D461C
:10FB780050465946F0F702FD02460B4600209E49C2
:10FB8800F0F744FB02460B4620462946F0F720FED4
:10FB980032463B46F0F7F2FC02460B46B8F1000F3E
:10FBA80064D0DDE9024522462B46F0F72FFB52468A
:10FBB8005B46F0F7E3FC22462B46F0F727FB32467C
:10FBC8003B46F0F723FBB8F1FF3F04460D4600F033
:10FBD8003F81B8F1010F00F0158108F101034FEAE8
:10FBE8000854392B00F2AA80B8F1130F00F354819E
:10FBF8004FF40015002652465B4645FA08F5F0F723
:10FC080005FB02460B46C5F17F57304607F54017FE
:10FC18003946F0F7FBFA0246631843EC102B35E03F
:10FC28005FA3D3E9002350465946F0F737FF002871
:10FC380040F05A81002C56D0504659465AA3D3E971
:10FC48000023F0F7E5FA00220023F0F709FF002867
:10FC580040F012815046594655A3D3E90023F0F7E6
:10FC68008DFC02460B460020644947E05046594641
:10FC7800F0F784FC32463B46F0F7C8FA02460B46DA
:10FC880050465946F0F7C2FA41EC100B04B0BDE8F3
:10FC9800F08D5B4A934200F2F2805046594646A3E3
:10FCA800D3E90023002C00F0C980F0F7B1FA4FF037
:10FCB800FF3804460D4642A7D7E9006732463B465F
:10FCC80020462946F0F7A2FA82468B46204652463D
:10FCD80029465B46F0F79AFA32463B46F0F796FA21
:10FCE800CDE90201EDE632A3D3E900235046594697
:10FCF800F0F744FC02460B4600203C49F0F788FA2E
:10FD0800F0F7ECFE8046F0F7CFFB06460F462AA335
:10FD1800D3E90023F0F732FC02460B465046594619
:10FD2800F0F774FA04460D463046394626A3D3E95F
:10FD38000023F0F723FC06460F46BFE752465B4612
:10FD4800F0F764FA02460B4600202949F0F75EFAFC
:10FD580000226118264BF0F759FA41EC100B95E791
:10FD68001BA3D3E9002350465946F0F751FA02463F
:10FD78000B4681E7AFF300802DC3096EB7FD8ABE3D
:10FD88003952E686CACFD03EB7DBAA9E19CE143FB9
:10FD98008555FE19A0015A3FF41011111111A13F08
:10FDA800EF39FAFE422E864059F3F8C21F6EA501BC
:10FDB800FE822B654715F73F0000E0FE422EE63F26
:10FDC800763C7935EF39EABD763C7935EF39EA3D4D
:10FDD8009C7500883CE4377E79684340412E864014
:10FDE800FFFFEF7F422ED63FFFFF8F3C0000E03F32
:10FDF8000000F03F00000840000018400000E0BF8D
:10FE0800B1A2F03F0022424B50465946F0F728FE77
:10FE1800002858D000223F4B50465946F0F7F8F9D1
:10FE280002460B4620462946F0F7F0F900224FF02B
:10FE38004043F0F7A3FB41EC100B27E7F0F7E6F996
:10FE48004FF0010804460D462BA7D7E9006735E7B0
:10FE580002460B4650465946F0F7D8F900222D4B7A
:10FE6800F0F78CFB00222B4BF0F7D0F941EC100B8C
:10FE78000CE7002C3FF40AAF9FED210B06E722A305
:10FE8800D3E9002350465946F0F778FB02460B4663
:10FE980000207CB3204931E740F2FF350022A5EB72
:10FEA80008052B05F0F7B4F902460B4650465946AB
:10FEB800F0F7ACF90022194BF0F7AAF902466318DB
:10FEC80043EC102BE2E622462B4650465946F0F703
:10FED8009DF902460B46F0F79BF900220F4BF0F70D
:10FEE80097F941EC100BD1E6002004B0BDE8F04DC5
:10FEF80000F072BA074901E7763C7935EF39EA3DF7
:10FF0800000000000000F0BFFE822B654715F73F98
:10FF18000000D0BF0000E03F0000E0BF0000F03F5D
:10FF2800D14B2DE9F04F5BEC10AB9B4585B05C469F
:10FF380013DC2BF00045CD4B9D426BD90022CC4BF6
:10FF480050465946F0F782FD002800F0A5800120B0
:10FF580005B0BDE8F04F00F047BAC64B9B4500F32B
:10FF68009080C54B9B455DDD2515C44BC4F3130438
:10FF78005646A5F2FF359C429FEDA57B8DED027B91
:10FF880074DC44F07F57304647F440173946002266
:10FF9800BB4BF0F73BF906460F460022B94B8246A9
:10FFA8008B46F0F7EBFA32463B46F0F7E7FA804625
:10FFB8008946CDE90089002C40F0A8800022002362
:10FFC80030463946F0F742FD002800F00281002D46
:10FFD80000F090812846F0F767FA06460F468EA390
:10FFE800D3E90023F0F7CAFADDE90223F0F710F9A4
:08FFF80004460D46304639466F
:020000040801F1
:1000000089A3D3E90023F0F7BDFA02460B46204648
:100010002946F0F701F941EC100B3EE0A3F1E8733B
:100020009D4244D99A4B1C449C4266D80022964B70
:1000300050465946F0F7F0F806460D150F460C46A7
:10004000A5F2FF35002D40F37C8152465B46F0F768
:10005000E1F802460B4600208B49F0F7DBF83B46FF
:100060003246F0F7B9FBC4F31304864B9C42CDE94A
:1000700002018ADD44F07F57C4F580140135304613
:1000800047F40017A410394685E752465B465046B0
:100090002146F0F7C1F841EC100B05B0BDE8F08F38
:1000A0004BEC10AB05B0BDE8F04F00F0BDB900223D
:1000B000784B50465946F0F7AFF800220023F0F78E
:1000C000F1FC28B1744B9D4202D84BEC10ABE4E735
:1000D00052465B4650465946F0F754FA00226B4BA5
:1000E000F0F750FA02460B4650465946F0F792F8A0
:1000F00041EC100B05B0BDE8F08F0022634B504679
:1001000059460025F0F73EFA52465B46F0F73AFAB8
:10011000CDE9000100224FF0804350465946F0F7E8
:100120007BF802460B4650465946F0F755FB02460F
:100130000B4680468946F0F725FA06460F463CA353
:10014000D3E90023F0F71EFA3BA3D3E90023F0F72D
:1001500063F832463B46F0F715FA39A3D3E900239A
:10016000F0F75AF832463B46F0F70CFA36A3D3E9DB
:100170000023F0F751F832463B46F0F703FA34A378
:10018000D3E90023F0F748F832463B46F0F7FAF996
:1001900031A3D3E90023F0F73FF832463B46F0F7AE
:1001A000F1F92FA3D3E90023F0F736F832463B46A6
:1001B000F0F7E8F9DDE90023F0F72EF842464B4668
:1001C000F0F7E0F906460F46002D67D102460B46D0
:1001D000DDE90001F0F71EF884E723A3D3E900234B
:1001E00030463946F0F7CEF902460B460020264944
:1001F000F0F710F842464B46F0F7C4F980468946BE
:10020000002D7ED102460B4630463946F0F702F803
:1002100041EC100B41E700BF0000000000000000AF
:10022000763C7935EF39EA3D0000E0FE422EE63FAC
:1002300044523EDF12F1C23F9FC678D0099AC33FB5
:10024000DE03CB966446C73FAF788E1DC571CC3FA9
:10025000599322942449D23F04FA97999999D93F06
:10026000935555555555E53F555555555555E53F0C
:100270007982DA3FFFFFEF3F0000F0BFFFFFEF7F23
:10028000FFFF3F439DA006000000F03F0000E03F5D
:100290003C412D4000005043FFFF8F3C2846F0F7C3
:1002A00007F9804689462FA3D3E90023F0F76AF9BE
:1002B00004460D46404649462CA3D3E90023F0F7F7
:1002C00061F9DDE90223EFF7A7FF32463B46EFF77E
:1002D000A3FF02460B46DDE90001EFF79BFF524604
:1002E0005B46EFF797FF02460B4620462946EFF79D
:1002F00091FF41EC100B05B0BDE8F08F9FED160BA0
:10030000CBE62846F0F7D4F882468B4615A3D3E90E
:100310000023F0F737F904460D465046594613A31B
:10032000D3E90023F0F72EF9DDE90223EFF774FF9C
:1003300002460B4640464946EFF76CFF32463B46C5
:10034000CFE70022064BEFF765FF02460B4650460B
:100350005946EFF75FFF82E6000000000000000052
:100360000000F03F0000E0FE422EE63F763C79358B
:10037000EF39EA3D10B52DED028BB0EE408AF0EE7C
:10038000608A044600F0EAFF0460B0EE480AF0EE2E
:10039000680ABDEC028B10BD00B553EC102B83B086
:1003A00090B1104603F10041CDE900011046194615
:1003B000DDE90023F0F7E6F841EC100B222003B052
:1003C0005DF804EBFFF7D6BF10461946ECE700BF17
:1003D0009FED010BFFF7E0BF0000000000000010E0
:1003E0009FED010BFFF7D8BF000000000000007078
:1003F00000B5002283B080B1094BCDE90023DDE9CF
:10040000000100220023F0F7E7F941EC100B222055
:1004100003B05DF804EBFFF7ADBF024BEDE700BFA3
:100420000000F0BF0000F03F38B555EC104B2DED4B
:10043000028B22462B4620462946EFF7EBFE02466A
:100440000B46F0F7C9F922462B4641EC180B204623
:100450002946F0F731FB50B9B0EE480AF0EE680AD1
:100460002120BDEC028BBDE83840FFF783BFB0EE22
:10047000480AF0EE680ABDEC028B38BD10EE103A67
:1004800023F00040B0F1FF4F2CBF00200120704747
:100490009FED010A704700BF0000C07F10B485B017
:1004A0008DED010A019BC3F3C752A2F17F011E2902
:1004B00031DC16294FEAD37425DC1D4BDDED017AC2
:1004C00003EB840393ED007A77EE277ACDED037A80
:1004D000DDED037A77EEC77A17EE903A33F00040FD
:1004E0000DD0C3F3C7507F381FD4C3F31603C0F138
:1004F000170043F4000323FA00F004B1404205B0B2
:100500005DF8044B7047C3F31603963A43F40003B7
:1005100003FA02F0F1E7DDED017AFDEEE77A17EE7E
:10052000900A05B05DF8044B70470020E5E700BF76
:100530002CB0020810EE101AC1F3C7520029A2F124
:100540007F0CACBF01204FF0FF30BCF11E0F0FDC61
:10055000BCF1000F1CDBC1F31603BCF1160F43F412
:1005600000030ADD963A03FA02F202FB00F070473C
:10057000FDEEC07A17EE900A70474FF48002CCF17E
:10058000170142FA0CF21A44CA4002FB00F070470D
:10059000BCF1FF3F18BF0020704700BFB1EEC00A9A
:1005A000704700BF0000000051EC100BC1F30A536C
:1005B0002DE9F041A3F2FF350C460646132D22DC4F
:1005C000002D41DB384B0F4643FA05F801EA0803DA
:1005D00003431DD032A3D3E90023EFF71DFE002211
:1005E0000023F0F75FFA40B1002C03DA4FF48013D8
:1005F0002B411F4427EA080400262346324643ECD9
:10060000102BBDE8F081332D06DDB5F5806F2BD0C2
:1006100041EC100BBDE8F081A3F213434FF0FF371C
:10062000DF403842F4D01EA3D3E90023EFF7F4FDF6
:1006300000220023F0F736FA0028DED0002C3346E3
:1006400020DB23EA0706D8E715A3D3E90023EFF759
:10065000E3FD00220023F0F725FA0028CDD0002C7E
:1006600009DB00263446C8E702460B46EFF7D4FD07
:1006700041EC100BCEE724F0004426430DD14FF09F
:100680000044BAE7142D06D0C5F134050122AA4072
:1006900013449E42D5D90134D3E70026034CACE77E
:1006A0009C7500883CE4377EFFFF0F000000F0BF20
:1006B00053EC102BC3F30A509C46A0F2FF311329D0
:1006C00010B5964613DC00292BDB1F4C0C4104EAC5
:1006D0000300104310D04FF4002300200B4163446B
:1006E00023EA040C6346024643EC102B10BD332969
:1006F00005DDB1F5806F1AD043EC102B10BDA0F2D0
:1007000013404FF0FF34C4401442F5D0C1F133011F
:1007100001208840801828BF03F1010C20EA040062
:10072000E0E7013103F0004C08D00020DAE7104682
:100730001946EFF771FD41EC100B10BD4CF07F5CDA
:1007400000204CF4401CCDE7FFFF0F00B8FE400A2C
:10075000704700BF000000002DE9F04755EC104B3A
:1007600025F00042D84986B0EE0F8A420DD9D7490C
:100770008A4271D9C5F313032246234340F05381C3
:10078000002E66D09FEDB80B63E0D14B9A4200F289
:100790001881D04B9A4240F22F8122462B462046A8
:1007A0002946EFF7EFFE06460F46B1A3D3E9002333
:1007B000EFF7E8FEB0A3D3E90023EFF72BFD3246B5
:1007C0003B46EFF7DFFEAEA3D3E90023EFF724FDAE
:1007D00032463B46EFF7D6FEABA3D3E90023EFF753
:1007E00019FD32463B46EFF7CDFEA9A3D3E900231E
:1007F000EFF712FD32463B46EFF7C4FE02460B46CA
:1008000020462946EFF706FDCDE90201DDE9028920
:100810002046294642464B46EFF7B4FE06460F46B1
:1008200000224FF0804340464946EFF7F3FC024672
:100830000B4630463946EFF7CFFF22462B46EFF7FF
:10084000E9FC02460B460020A349EFF7E3FC41EC2C
:10085000100B06B0BDE8F0878FA3D3E90023204634
:100860002946F0F71FF90746002840F0E6802046A9
:1008700029468BA3D3E90023F0F7F6F8002840F0CF
:100880003581964B2046294603EBC60686A3D3E95D
:100890000023EFF777FED6E90023EFF7BDFCF0F772
:1008A00021F98246EFF704FE06460F4680A3D3E9FE
:1008B0000023EFF767FE02460B4620462946EFF776
:1008C000A9FC80468946304639467BA3D3E90023FC
:1008D000EFF758FECDE90001DDE900234046494627
:1008E000EFF798FC02460B4604460D46EFF74AFE2A
:1008F00006460F465EA3D3E90023EFF743FE5EA34F
:10090000D3E90023EFF786FC32463B46EFF73AFE89
:100910005BA3D3E90023EFF77FFC32463B46EFF7BA
:1009200031FE59A3D3E90023EFF774FC32463B466E
:10093000EFF728FE56A3D3E90023EFF76DFC32460C
:100940003B46EFF71FFE02460B4620462946EFF7CF
:1009500061FC06460F462046294632463B46CDE915
:100960000267EFF70FFECDE90401BAF1000F3FF483
:100970004DAF32463B4600204FF08041EFF74AFC36
:1009800002460B46DDE90401EFF726FF02460B465F
:10099000DDE90001EFF73EFC42464B46EFF73AFC3B
:1009A00002460B4600204C49EFF734FC6FF47F728F
:1009B000924548DB01EB0A5141EC100B06B0BDE853
:1009C000F087474B9A423FF65CAF464B204629469C
:1009D000F40003EBC60386F0010AD3E90023EFF726
:1009E00019FC414B804689462344AAEB060A93ED45
:1009F000007B8DED007B6FE731A3D3E90023204618
:100A00002946EFF709FC0022334BF0F74BF800289A
:100A10003FF4C3AE0022304B20462946EFF7FCFBE3
:100A200041EC100B15E72B4620462946EFF7F4FB67
:100A300041EC100B06B0BDE8F087002006B0BDE821
:100A4000F047FFF7CDBC0AF57A7A00224FF0B87371
:100A500001EB0A51EFF796FD41EC100B06B0BDE833
:100A6000F08700BFAFF3008000000000000000002E
:100A7000D0A4BE726937663EF16BD2C541BDBB3EA4
:100A80002CDE25AF6A56113F93BDBE166CC1663F82
:100A90003E5555555555C53FEF39FAFE422E864015
:100AA00051302DD5104987C0FE822B654715F73F81
:100AB0000000E0FE422EE63F763C7935EF39EA3D14
:100AC0009C7500883CE4377E412E8640FFFFEF7F17
:100AD000422ED63FFFFFEF3D0000F03F58B0020826
:100AE000B1A2F03F48B0020838B00208384606B05C
:100AF000BDE8F047FFF76CBC10EE103A23F000425F
:100B0000B2F1FF4F58D84FEAD37100F0938061489B
:100B1000834200F3898019B15F4B9A4200F28780CB
:100B20005E4B9A424BD95E4B9A4200F295805D48EB
:100B300081F001035C4A00EB81005B1A02EB810249
:100B4000D0ED004AD2ED007A70EE644A34EEE70A46
:100B50009FED564A9FED565ADFED565A20EE007A29
:100B6000DFED556A9FED556AA7EE045AE5EE075A88
:100B7000E5EE876AA6EE876AF0EE406AE6EE476A1F
:100B800020EE266A002B42D0B0EE007A13F17D0FE2
:100B9000B7EE000A37EE667AC6EE076A77EEE67AB7
:100BA00077EEE47A30EE670A4ADB10EE102A02EBA9
:100BB000C35300EE103A704730EE000A7047B2F1AE
:100BC000505F0AD2DFED3E7AB7EE007A70EE277AF8
:100BD000F4EEC77AF1EE10FA58DC60EE007A9FED81
:100BE000335ADFED335A9FED336AE7EE855ADFED76
:100BF000326A9FED327AA7EEA56AE7EE866AA7EE23
:100C0000A67AF0EE406AE7EEC76A20EE266AF0EEBA
:100C1000007AB7EE007A76EEE76AC6EE267A77EECD
:100C2000C07A37EE670A7047002000F077B90020DD
:100C300000F06EB9DFED237A002900FE270A704725
:100C400010EE102A6433DFED207A02EBC35300EE7E
:100C5000103A20EE270A70471C4BF0EE404A9FEDF9
:100C60001C6A03EB8103DFED1B6A9FED1B7AD3ED5A
:100C7000007AE0EE067AFDEEE77A17EE903AF8EEAB
:100C8000E77AE7EEE64A67EE877A5FE730EE070A33
:100C9000704700BF1772B142B5F1CF421872B13E32
:100CA0009115853F70B0020868B002084CBB313323
:100CB0000EEADDB555B38A38610B36BBABAA2A3EC6
:100CC000CAF24971000000000000800D78B00208EF
:100CD0003BAAB83F8071313FD1F7173710EE102A89
:100CE00032F0004330D0002A134634DBB2F1FF4F1C
:100CF00041DAB2F5000F00B534DB4FF0000EC3F35C
:100D000016016348DB15F7EE007A084401F10F0C79
:100D10007F3B00F40002734482F07E5203EBD05319
:100D20005C480A430CEA000000EE102A30EE670A25
:100D300020BBB5EE400AF1EE10FA61D1002B40F075
:100D40008F809FED550A59E09FED547ADFED527A7E
:100D500087EE270A704770EE407A9FED4F7A87EE54
:100D6000870A7047DFED4E7A6FF0180E60EE277A33
:100D700017EE903AC3E730EE000A7047B0EE007A03
:100D800006EE103ADFED472AB8EEC63ADFED464AE6
:100D900030EE077ADFED455ADFED453A9FED455AD3
:100DA00080EE074ADFED447ADFED446A4448454A65
:100DB0000844521A0243002A24EE046A26EE067AF8
:100DC000E7EE224AA7EE235AE4EE875AE5EE076AD9
:100DD000E5EE877A67EE867AE6EE877A2BDDB6EE69
:100DE000007A20EE077A27EE007A77EE877A67EEB0
:100DF000847A43BB37EE677A30EE470A5DF804FB2E
:100E0000F6EE007ADFED306A20EE007AE0EE667AE8
:100E100027EE277A002BEFD007EE903A9FED2B6A52
:100E2000DFED2B6AF8EEE77AA7EEC67A37EE400AD6
:100E300097EEA60AE2E770EE677A67EE847AE3B986
:100E400030EE670ADAE79FED216ADFED216AE3EE13
:100E5000067A37EE677A37EE400A93EE260ACDE738
:100E600007EE903A9FED190A9FED197AF8EEE77AAE
:100E700027EE800AA7EE870AC0E7DFED146A9FED30
:100E8000147AE3EE667A37EEC00A93EE070AB5E706
:100E900020FB4A00F0FF7F0000000000000000CCB3
:100EA0000000004C9788173E25333A3E2549923E74
:100EB0004FD01C3E298E633EABAA2A3FCDCCCC3E00
:100EC000305CCFFF88C23500ABAAAA3ED1F71737F6
:100ED0008071313F10B52DED028BB0EE408A044693
:100EE00000F03CFA0460B0EE480ABDEC028B10BD85
:100EF00030B1F1EE407A222027EE800AFFF7EABFF8
:100F0000F0EE407A222027EE800AFFF7E3BF00BF11
:100F10009FED010AFFF7ECBF000000109FED010AF2
:100F2000FFF7E6BF000000700B460146184600F0D0
:100F300025B8062008B500F0AFF90120EFF7E6FF6D
:100F40001FB514461A46094B05461B68D8684CB1B4
:100F5000074B00910749CDE901342B4600F0C2F858
:100F6000FFF7E7FF044B1C46F3E700BF200000201B
:100F700016590208235902080653020810B5044600
:100F80000448134620B10A460220214600F020FA08
:100F900010BD00BFD1130108002310B504468360C3
:100FA000818119464366C28108228361C0E900330A
:100FB000C0E904335C3000F019F90D4B2462636220
:100FC0000C4BA3620C4BE3620C4B23630C4B9C4217
:100FD00006D003F16802944202D0D0339C4205D17E
:100FE00004F15800BDE8104000F0E2B910BD00BFA8
:100FF00045110108671101089F110108C511010879
:10100000D4A90220024A0349034800F07DB800BF7A
:1010100014000020211D01082400002041680C4B11
:10102000994210B5044601D000F07AFEA168094B40
:10103000994202D0204600F073FEE168064B9942C7
:1010400004D02046BDE8104000F06ABE10BD00BFCD
:10105000D4A902203CAA0220A4AA02200C4B0421FD
:101060000C4A0D4810B51A600022FFF795FF0A4B95
:10107000012209211C4603F16800FFF78DFF0222BF
:1010800004F1D0001221BDE81040FFF785BF00BF7A
:101090000CAB022005100108D4A90220014800F081
:1010A00088B900BF16AB0220014800F083B900BF29
:1010B00016AB022010B50446FFF7F0FF236A1BB100
:1010C000BDE81040FFF7F0BF044B2362044B1B68E0
:1010D000002BF5D1FFF7C2FFF2E700BF1D1001089A
:1010E0000CAB02200EB403B503AB0146054853F820
:1010F000042B0068019300F0E9FA02B05DF804EBFC
:1011000003B07047200000202DE9F84307468846C9
:1011100014460026D4E90195B9F1010905D52468E2
:10112000002CF7D13046BDE8F883AB89012B07D9F5
:10113000B5F90E30013303D029463846C04706437F
:101140006835E9E710B50C46B1F90E1000F0CEF89D
:101150000028ABBF636DA3891B1823F48053ACBF79
:101160006365A38110BD2DE9F0411F468B890546BB
:101170000C46DB05164605D502230022B1F90E10F8
:1011800000F0A2F8A3893246B4F90E10284623F4E1
:101190008053A3813B46BDE8F04100F0CDB810B5C7
:1011A0000C46B1F90E1000F08FF8421CB4F90C3067
:1011B00015BF606523F4805343F48053A38118BFA7
:1011C000A38110BDB1F90E1000F06EB801390244D0
:1011D00010B5904201D1002005E0037811F8014FCD
:1011E000A34201D0181B10BD0130F2E702440346B0
:1011F000934200D1704703F8011BF9E710B56AB1BB
:101200000139841810F8012B11F8013F9A4203D1DB
:10121000A04201D0002AF5D1D01A10BD1046FCE73B
:101220000139034610B532B111F8014F013A03F804
:10123000014B002CF7D11A440021934200D110BD7C
:1012400003F8011BF9E71F2938B505460C4604D9F8
:10125000162303604FF0FF3038BDC26B12B152F855
:1012600021304BB9284600F065F822460146284651
:10127000BDE8384000F04CB8012B0AD0591C03D10E
:10128000162303600120E7E70021204642F82410DE
:1012900098470020E0E70000024B01461868FFF77E
:1012A000D2BF00BF2000002038B50023054D044602
:1012B00008462B60EFF74CFE431C02D12B6803B1AC
:1012C000236038BD10AB022038B50446064D0846F1
:1012D000114600222A601A46EFF744FE431C02D151
:1012E0002B6803B1236038BD10AB022038B504462B
:1012F000064D0846114600222A601A46EFF70CFEFA
:10130000431C02D12B6803B1236038BD10AB02200F
:1013100038B50023064D0446084611462B60EFF70A
:10132000EDFD431C02D12B6803B1236038BD00BF23
:1013300010AB0220EFF7E0BD38B50446064D084675
:10134000114600222A601A46EFF7F4FD431C02D131
:101350002B6803B1236038BD10AB0220014B186825
:10136000704700BF2000002070B50D4B00260D4DCA
:101370005B1B9C10A64209D10B4D01F005F80B4BED
:1013800000265B1B9C10A64205D170BD55F8043B9E
:1013900001369847EEE755F8043B01369847F2E7E7
:1013A00090B0020890B0020890B0020894B0020811
:1013B0007047704770470A44431E914200D17047FE
:1013C00010B511F8014B914203F8014FF9D110BD4E
:1013D0002DE9F047274E07469246884630689946E1
:1013E000FFF7E7FF244A15683DB9244B1360244AF0
:1013F00012B11268C3F88820204D6C681F2C06DDDE
:101400003068FFF7D7FF4FF0FF30BDE8F0873FB3FC
:10141000D5F8880068B91B4B002BF1D04FF48470CD
:10142000AFF300800028EBD00023C0E94033C5F8BB
:1014300088006C680122022F40F824A002FA04F20E
:10144000D0F8003100EB840143EA0203C0F8003118
:10145000C1F8809002BFD0F804311343C0F80431C2
:10146000631C023430686B6045F82480FFF7A2FFEC
:101470000020CAE770000020A4AB022018AB0220B5
:1014800080B002080000000038B50546002941D0B0
:1014900051F8043C0C1F002BB8BFE41800F0E0F832
:1014A0001D4A136833B9636014602846BDE83840AC
:1014B00000F0DCB8A34208D9206821188B4201BF94
:1014C00019685B6809182160EDE71A465B680BB183
:1014D000A342FAD911685018A0420BD120680144E8
:1014E000501811608342E0D118685B68084453606B
:1014F0001060DAE702D90C232B60D6E720682118A8
:101500008B4202BF19685B680918636008BF2160DD
:101510005460CAE738BD00BFACAB022070B50F4EB7
:101520000C460546316811B900F0B4FC3060214624
:10153000284600F0AFFC431C03D14FF0FF34204697
:1015400070BDC41C24F00304A042F8D0211A284620
:1015500000F0A0FC0130F2D1EFE700BFA8AB022001
:101560002DE9F843CD1C064625F0030508350C2D62
:1015700038BF0C25002D01DBA94204D90C233360B0
:101580000020BDE8F883DFF8D48000F069F8D8F8CF
:1015900000301C4644BB29463046FFF7BFFF431CC2
:1015A000044658D1D8F800402746002F43D1002CDC
:1015B0004BD023683946304604EB030900F06AFC3F
:1015C000814542D1216830466D1A2946FFF7A6FFB2
:1015D00001303AD023682B442360D8F800305A6891
:1015E00062BBC8F800700FE02268521B20D40B2A9F
:1015F00017D96119A342256018BF5960636808BFF5
:10160000C8F8001062514B60304600F02FF804F12A
:101610000B00231D20F00700C21A1CBF1B1AA35089
:10162000AFE76268A3420CBFC8F800205A60EBE73E
:1016300023466468AEE73C467F68B6E71A465B68B7
:10164000A342FBD100235360DEE70C233046336016
:1016500000F00CF894E70560D6E700BFACAB0220C1
:101660000148FFF7A6BE00BF14AB02200148FFF7F8
:10167000A1BE00BF14AB02209368013B002B10B445
:10168000936008DA9469A34201DB0A2903D15DF86B
:10169000044B00F06DBB1368581C106008461970AD
:1016A0005DF8044B7047F8B506460F461446D5184A
:1016B000AC4201D1002007E03A4614F8011B304645
:1016C000FFF7DAFF431CF3D1F8BD00002DE9F04F1E
:1016D0000D469DB014469846064618B1036A0BB9EC
:1016E000FFF7E8FC6B6ED90705D4AB899A0502D4E5
:1016F000A86DFFF75EFEAB891B0701D52B699BB96F
:101700002946304600F072FB70B16B6EDC0704D5E1
:101710004FF0FF301DB0BDE8F08FAB899805F7D4CE
:10172000A86DFFF747FEF3E70023CDF80C804FF0DC
:101730000109DFF8B481099320238DF82930302383
:101740008DF82A3023469A4613F8012B0AB1252A30
:10175000F9D1BAEB040B0BD05B4622462946304642
:10176000FFF7A1FF013000F0A780099A5A440992BF
:101770009AF80030002B00F09F8000234FF0FF32DA
:101780000AF1010A049307938DF853301A93CDE9B7
:10179000052354460522544814F8011B00F08AFB27
:1017A000049AD8B9D10644BF20238DF853301307CB
:1017B00044BF2B238DF853309AF800302A2B15D0D4
:1017C000079A544600204FF00A0C214611F8013BBD
:1017D000303B092B4BD9B0B1079214E0A0EB0803C2
:1017E000A24609FA03F313430493D2E7039B191D9E
:1017F0001B68002B0391BBBF5B4242F002020793C0
:101800000793B8BF049223782E2B0AD163782A2B32
:1018100032D1039B02341A1D1B6843EAE37303921F
:101820000593DFF8D4A003222178504600F042FB54
:1018300038B1A0EB0A004022049B013482401343DC
:10184000049314F8011B062228488DF8281000F094
:1018500031FB00283FD0264B1BBB039B073323F0F3
:10186000070308330393099B3B4409936AE70CFB86
:1018700002320C460120A8E7002301344FF00A0C85
:1018800019460593204610F8012B303A092A03D94E
:10189000002BC6D00591C4E70CFB012104460123AF
:1018A000F0E703AB2A4604A930460093114BAFF38F
:1018B00000800746781CD6D16B6ED90705D4AB895A
:1018C0009A0502D4A86DFFF775FDAB895B063FF55D
:1018D0001FAF09981EE703AB2A4604A930460093C0
:1018E000044B00F07DF8E4E7525902085C59020805
:1018F00000000000A7160108585902082DE9F0471A
:10190000164698468A6807460B690C46DDF8209013
:101910009342B8BF1346336091F843200AB10133B4
:1019200033602368990642BF336802333360256809
:1019300015F0060506D104F1190AE36832689B1A0E
:10194000AB422BDC94F843302268003B18BF0123E4
:10195000920630D404F1430241463846C84701306C
:1019600023D023681A3454F80A2C03F00603042BFE
:101970000ABF54F80E5C002533684FF0000608BF1C
:10198000ED1A54F8123C08BF25EAE5759342C4BF2E
:101990009B1AED18B5421AD1002008E001235246E7
:1019A00041463846C847013003D14FF0FF30BDE80B
:1019B000F0870135C1E7E1185A1C30200233224478
:1019C00081F8430094F8451082F84310C2E70123E0
:1019D000224641463846C8470130E6D00136D9E7AD
:1019E0002DE9FF470F7E914680460C46782F9A4698
:1019F0000C9E01F1430207D8622F0AD8002F00F095
:101A0000D280582F00F0B78004F1420684F842706B
:101A10003AE0A7F16303152BF6D801A151F823F0A2
:101A2000791A01088D1A0108091A0108091A010812
:101A3000091A0108091A01088D1A0108091A010872
:101A4000091A0108091A0108091A01088D1B010861
:101A5000B71A0108431B0108091A0108091A0108ED
:101A6000AF1B0108091A0108B71A0108091A010871
:101A7000091A01084B1B010833681A1D1B683260E4
:101A800004F1420684F8423001239DE03368206867
:101A9000191D3160060601D51D6803E04506FBD51A
:101AA000B3F90050002D03DA2D236D4284F8433042
:101AB00059480A2310E021683368080653F8045B8C
:101AC00002D4490648BFADB26F2F5348336059D195
:101AD0000823002184F843106668002EA66005DB09
:101AE00021682E4321F0040121604DD01646B5FB3C
:101AF000F3F103FB1157C75D06F8017D2F460D4634
:101B0000BB42F4D9082B0BD12368DF0708D5236922
:101B100061689942DEBF302306F8013C06F1FF36CA
:101B2000921B22614B4603AA21464046CDF800A0F5
:101B3000FFF7E4FE01304CD14FF0FF3004B0BDE8B8
:101B4000F087236843F02003236078273348236815
:101B500084F845701F06316851F8045B02D45F06B3
:101B600048BFADB23160D90744BF43F020032360C2
:101B70001DB11023ADE72848E9E7236823F02003CF
:101B80002360F6E70A23A4E71646BBE73368256817
:101B9000181D616930602E061B6801D5196002E0CE
:101BA0006806FBD51980002316462361BAE733681F
:101BB00000211A1D32601E686268304600F07AF912
:101BC00008B1801B606063682361002384F84330A0
:101BD000A8E72369324649464046D0470130ABD09A
:101BE00023689B0713D4E068039B9842B8BF18464C
:101BF000A4E70123324649464046D04701309BD0F6
:101C00000135E36803995B1AAB42F2DCEBE7002590
:101C100004F11906F5E700BF635902087459020878
:101C2000B1F90C202DE9F041160705460C4651D4B8
:101C30004B68002B02DC0B6C002B49DDE66A002EA2
:101C400046D0002312F480522F682B6031D0626D91
:101C5000A389590705D56368D21A636B0BB1236C4E
:101C6000D21A0023E66A216A2846B047421CB4F91A
:101C70000C3006D129681D2945D8284ACA40D60704
:101C800041D50022D90462602269226004D5421C39
:101C900001D12B6803B96065616B2F60C1B104F19C
:101CA0004403994202D02846FFF7EEFB002363630A
:101CB0000EE00123216A2846B0470246501CC7D1D6
:101CC0002B68002BC4D01D2B01D0162B19D12F60EF
:101CD00000201DE00F69002FFAD093070E680F60F7
:101CE0000CBF4B690023A6EB07088B60B8F1000F0F
:101CF000EEDD43463A46216A2846A66AB0470028E8
:101D000008DCB4F90C3043F040034FF0FF30A381FE
:101D1000BDE8F0810744A8EB0008E7E70100402098
:101D200038B50B6905460C4613B90025284638BD61
:101D300018B1036A0BB9FFF7BDF9B4F90C30002BE9
:101D4000F3D0626ED00704D4990502D4A06DFFF7DA
:101D500030FB28462146FFF763FF636E0546DA072E
:101D6000E4D4A3899B05E1D4A06DFFF723FBDDE755
:101D7000F8B50E461446054618B1036A0BB9FFF7CD
:101D800099F9A369A360A3891A0701D5236943B907
:101D90002146284600F02AF818B14FF0FF373846A0
:101DA000F8BD2368F6B222693746981A6369834200
:101DB00005DC21462846FFF7B3FF0028EDD1A368D4
:101DC000013BA36023685A1C22601E70431C626999
:101DD0009A4204D0A389DB07E1D50A2EDFD1214640
:101DE0002846FFF79DFF0028D9D0D6E738B5284B05
:101DF00005460C46186818B1036A0BB9FFF75AF983
:101E0000B4F90C301A0721D4D80607D409222A6065
:101E100043F040034FF0FF30A38130E0590712D563
:101E2000616B41B104F14403994202D02846FFF7A7
:101E30002BFB002363630022B4F90C30626023F0B3
:101E400024032269226043F00803A38122693AB97E
:101E50009A0501D5180603D52146284600F05CF8FE
:101E6000B4F90C3013F001020AD00022A2606269BA
:101E70005242A261226942B913F08000C8D138BD34
:101E8000990758BF6269A260F4E70020F7E700BF36
:101E90002000002038B50023054D044608462B607D
:101EA000EFF70CF8431C02D12B6803B1236038BD57
:101EB00010AB0220C9B20346024410B59342184643
:101EC00001D1002003E0047801338C42F6D110BD2B
:101ED00070B50C46B1F90E1096B0154600291E4695
:101EE0000ADAA18911F0800113D14FF48062002039
:101EF00031602A6016B070BD6A4600F047F80028CD
:101F0000EFDB019901F47041A1F5005359425941A9
:101F1000EBE700214022EAE78B8973B59E0705466F
:101F20000C4607D504F14703236023610123636155
:101F300002B070BD01AB6A46FFF7CAFF009E28469B
:101F40003146FFF70DFBB4F90C3038B99A05EFD4E0
:101F500023F0030343F00203A381E3E743F080038C
:101F60002060A381019BC4E90406002BE0D0B4F9F2
:101F70000E10284600F01CF80028D9D0A38923F0C1
:101F8000030343F00103A381D2E7000038B5002327
:101F9000064D0446084611462B60EEF7DCFF431C55
:101FA00002D12B6803B1236038BD00BF10AB022003
:101FB00038B50023054D044608462B60EEF7D0FFE8
:101FC000431C02D12B6803B1236038BD10AB022043
:101FD00038B50022002304460D46EEF745FD28B92A
:101FE00020462946BDE8384000F00AB8204605F1F1
:101FF000004100F005F8404261EB410138BD00BFEF
:10200000D0B500220B4B06460F46EEF7BBFAEEF7B3
:102010004BFE0446EEF73CFA0022074BEEF7B2FA0D
:1020200002460B4630463946EEF7F4F8EEF73CFE32
:102030002146D0BD0000F03D0000F0412DE9F04FF9
:102040008C46099E04460F46002B48D18A4215460D
:102050005ED9B2FA82F33BB1C3F120029F409D40AA
:102060009C4020FA02F217434FEA154E1FFA85FCF6
:10207000220CB7FBFEF10EFB117701FB0CF042EADC
:102080000742904207D9AA1801F1FF3702D29042C5
:1020900000F258813946121AA4B2B2FBFEF00EFBD0
:1020A000102200FB0CFC44EA0244A4450BD92C1975
:1020B00000F1FF322CBF01270027A44502D9002FD1
:1020C00000F04381104640EA0140A4EB0C040021DB
:1020D0001EB1DC400023C6E90043BDE8F08F8B420F
:1020E00006D90EB1C6E9000100210846BDE8F08F0F
:1020F000B3FA83F1002951D16345C0F016818242C1
:1021000040F213810846002EE7D0C6E90047E4E715
:10211000002A00F0AF80B2FA82F3002B40F0C280B8
:102120008A1A4FEA154EAFB20121200CB2FBFEFC19
:102130000EFB1C2240EA024207FB0CF090420ED933
:10214000AA180CF1FF382CBF4FF001094FF000091D
:10215000904203D9B9F1000F00F0F080C446121A82
:10216000A4B2B2FBFEF00EFB102200FB07F744EA1C
:102170000244A7420ED92C1900F1FF322CBF4FF0B8
:10218000010E4FF0000EA74203D9BEF1000F00F080
:10219000D2801046E41B40EA0C4099E7C1F12005CB
:1021A0008B400CFA01F400FA01F922FA05F72CFA37
:1021B00005FC8A401F4320FA05F3380C23431FFA1D
:1021C00087FE1C0CBCFBF0F800FB18CC44EA0C4466
:1021D00008FB0EFCA4450ED93C1908F1FF3A2CBFB0
:1021E0004FF0010B4FF0000BA44503D9BBF1000FDA
:1021F00000F0B880D046A4EB0C041FFA83FCB4FBBB
:10220000F0F300FB134403FB0EFE4CEA0444A64526
:102210000ED93C1903F1FF302CBF4FF0010C4FF0E9
:10222000000CA64503D9BCF1000F00F09F800346C7
:1022300043EA0840A4EB0E04A0FB02EC644573469D
:10224000E04602D307D1F14505D2BEEB02036CEBA9
:10225000070C0138E0465EB1B9EB030264EB0804F9
:1022600004FA05F522FA01F3CC401D43C6E90054F7
:10227000002132E742082F464B08AC4642EAC172C1
:10228000AE46C407110C92B241EA034142EA014250
:10229000B1FBF5F1B3FBF5F01F23A2EB0C0241EA11
:1022A000004142E79D40C3F1200299409C402CFA36
:1022B00002FC4FEA154E20FA02F2AFB2BCFBFEF868
:1022C0000A430EFB18CC110C41EA0C4108FB07FC39
:1022D0008C4550D9691808F1FF302CBF4FF0010927
:1022E0004FF000098C4502D9B9F1000F30D0A1EBB5
:1022F0000C01B1FBFEF808FB07FC0EFB181192B2B3
:1023000042EA0142624534D2AA1808F1FF312CBFDB
:102310004FF001094FF000096245BED2B9F1000F3C
:10232000BBD1A8F102012A44B7E7841A6CEB03027F
:1023300001201746E7E62C4402382BE7ACF1020CEB
:102340002A440CE702392A44A5E62C440238BAE6AE
:10235000A5EB0C0CA8F102006144B1FBFEF808FBF0
:1023600007FCCAE7A8F102083C4444E7023B3C44AE
:102370005EE7414691E7A1EB0C014046B1FBFEF858
:1023800008FB07FCB9E700BFF8B500BFF8BC08BC04
:102390009E467047F8B500BFF8BC08BC9E46704723
:1023A00040C300000000000000000000000000002A
:1023B0001C00000054464C33140020001C00180080
:1023C000140010000C0000000800040014000000BD
:1023D0001C00000094000000140100001C7D00009F
:1023E0002C7D000050C2000003000000010000002E
:1023F0001000000000000A0010000C00080004009B
:102400000A0000000C0000001C0000003C0000005E
:102410000F00000073657276696E675F64656661C0
:10242000756C740001000000040000006CFFFFFFE9
:102430002700000004000000080000006F757470A1
:1024400075745F300000000001000000040000000F
:10245000A282FFFF040000000B000000696E70758F
:10246000745F6C6179657200030000005C0000001D
:102470002C00000004000000B8FFFFFF2B0000004C
:102480000400000013000000434F4E5645525349CC
:102490004F4E5F4D4554414441544100DCFFFFFF26
:1024A0002A00000004000000130000006D696E5F48
:1024B00072756E74696D655F76657273696F6E00B3
:1024C00008000C00080004000800000029000000BB
:1024D00004000000130000006D696E5F72756E7479
:1024E000696D655F76657273696F6E002C00000020
:1024F000047C0000FC7B0000E47B0000B47B000057
:10250000A47700009475000084350000F4340000C6
:102510006434000054320000441200003411000002
:10252000E40E0000940E0000440E0000340D000084
:10253000240500009404000064030000340300003C
:102540000403000074020000440100003C0100008C
:10255000340100002C010000240100001C010000D7
:10256000140100000C01000004010000FC00000048
:10257000F4000000EC000000E4000000DC000000BB
:10258000D4000000CC000000C4000000BC0000002B
:10259000B40000009400000074000000040000007B
:1025A000F283FFFF04000000600000000C00000048
:1025B00008000E00080004000800000010000000E1
:1025C00028000000000006000800040006000000CB
:1025D0000400000001000000EB0300000C001800E4
:1025E000140010000C0004000C0000009CBAFC0D4C
:1025F000358D96CF020000000200000004000000AC
:1026000006000000322E31392E3000005E84FFFFBC
:1026100004000000100000000000000000000000A6
:1026200000000000000000007A84FFFF04000000AA
:1026300010000000312E31342E3000000000000068
:1026400000000000E840FFFFEC40FFFFF040FFFF0C
:10265000F440FFFFF840FFFFFC40FFFF0041FFFF99
:102660000441FFFF0841FFFF0C41FFFF1041FFFF46
:102670001441FFFF1841FFFF1C41FFFF2041FFFFF6
:102680002441FFFF2841FFFF2C41FFFFDE84FFFFB5
:1026900004000000200100007FA89E62722BB8C2D7
:1026A000252FD8FC7FC9FC64B29F8581B7E332A097
:1026B0006E45584B81BBDBCC7B5F17F699F509362D
:1026C000117FEACDD710D74B6F1A8115D7DA1EAF1D
:1026D0007F09B547FDE279253669C481F908D1BD86
:1026E000CE817884F36D1834B3131BA50F3581FEAA
:1026F00011F293BFE58137D1052F0DE2C081DD9640
:10270000C020AB017F6EE647A7C89ECB54EAC8271E
:10271000E381C9872290FC0208B109C6819E9248D4
:10272000BC81437E38A5143F819FA2F53AF7EA1495
:10273000E09E2E483060D9477F1E1C0F81FAFD6154
:10274000EFFE6FAD19DAE87FAF9F38408981B55D44
:10275000CADC8F389A278581A6DC5C7063657F2C84
:1027600048A8FE8A89DF4DC1552CA07FF291720BDB
:102770003E0B24CDA5A1107F3C8BC1FD81D6D49DFD
:10278000AA1524B5CBAF81FF3826650697447FB3E1
:10279000A0F12511A65121687FDC04A4BAB25D81A5
:1027A000C5B4BEAF8C198DB17F3CFA204217754C71
:1027B00016E1D927CD810C0D0A86FFFF0400000029
:1027C000800000007A060000FF150000B3FAFFFF4A
:1027D00004030000AC0B00008D0500006C09000034
:1027E00053040000F10E0000D4100000EBFDFFFFC9
:1027F0009A0C00000F0D0000F0F4FFFF53FDFFFFE7
:102800002801000086F4FFFF7C06000073F0FFFF44
:10281000EF05000012F6FFFF0204000098230000FD
:10282000FE070000FA00000084FAFFFFDEF6FFFF5B
:10283000F30800006010000027F7FFFFAEEEFFFF77
:10284000D70300009686FFFF040000002000000070
:10285000F1FF35191A11BC2725277F79BA787EEC4C
:1028600068A003367AE4E2D2EC7A5F31DC7AC856AB
:10287000C286FFFF0400000020000000AC93693214
:10288000FC02876C51527C74CA7A7AC97AA7566165
:102890007A2580BDEE7B7A4CB77AF97FEE86FFFF12
:1028A00004000000200100006AFF56011CD75CB83C
:1028B000C6BAF84C2F2B29AF255AAE38377FEF54C4
:1028C0002360DCC31811C40E613BD3D4DAB3BC9CC3
:1028D000B32B117FF77F81DAB5BCFD1E67FF7F2127
:1028E0002D7F433F15BCAAF6D5EEF1D2F7F53A7F1E
:1028F000EA063C2D7FB1278B68F67F703DFD871B74
:10290000EAD08157B16FDAA3C6D85C0FFA96138468
:102910003BD1811DAC9F99F21A74A26AB2120DCEFE
:1029200004D288811A82F13CD4F0D512F34CF1F232
:1029300081E5C413D977F752D6E5DE842B2452C241
:10294000E86459B2FEDE4CF99AE2B728477F816A03
:1029500064601A3F7A957AE2FA7F11AAF4CD360ABA
:1029600009F1B057DB5E811DCA43817F3B3DBF3714
:10297000CB05F15F13CCE981D80BFDCC1851A581B3
:1029800098CD219810DE3844818EB921DA34DD4F9C
:1029900035F90E4CEF2E2B9F59DCF46F81E66594D0
:1029A00081BBD2114AAA72E87F81F5C8815CA36419
:1029B000267F310B48ED1165813C7F7FBE57BEF30A
:1029C000F6BD93F77F7FE1811A88FFFF04000000C6
:1029D0008000000000000000000000000000000077
:1029E00000000000000000000000000000000000E7
:1029F00000000000000000000000000000000000D7
:102A000000000000000000000000000000000000C6
:102A100000000000000000000000000000000000B6
:102A200000000000000000000000000000000000A6
:102A30000000000000000000000000000000000096
:102A40000000000000000000000000000000000086
:102A500000000000A688FFFF04000000000800003E
:102A600054A2E0B6C32D1C7FA1C954607D3CE30C89
:102A70008CEA512A30B350EDE449FABC3516BFF167
:102A8000D6A981ABD07B0DCFCC1834FCF0B1156149
:102A90008A993510B42DFABD431DFEB5C25D7F661F
:102AA000E7B43A3A33152A0320464F42ACF4DE81AC
:102AB00029CB0B03F4CE1340EF245EF5022A5A22F1
:102AC00005F705C9C3CB7FBCF016FEE32030CF0766
:102AD0002DBDB5FDD5D95134DCF4C7F1AE1CF2FFE4
:102AE0001B204ED80C4303E9BCFB1809430CD23A17
:102AF0000DDB1DDDF3EDC4E47FD0DFD6E4EEDC15A5
:102B000035F321E5EE1CD6F9EFEC25FCFBE22F2591
:102B1000000BDFF2DFB7F5C27FF118222DF8EA07CC
:102B2000E23317CF3481E529C50D2D0B2924C1C40B
:102B300035F9E7E811B7F04906FFD76114E2E3FB86
:102B40008188445AC36014F1AB27EF904195FFA7E9
:102B5000B30B810A181B7F7002B116CD16A04C541E
:102B600081ED042509DAD3B99B160DB7DDDE17DA3E
:102B7000FFB2CE3AC8EE14B6EBC53F0B02BFC71882
:102B8000AD81DFBC24375FB2792F2B19FA15AC3633
:102B9000F3E0CE00C4F5EE00FCFF765242D620E909
:102BA000CC1D7FE4E621DDB422E4E25A9B24F8A4A4
:102BB000CD36EFCF1A0DBBF3D6BF3F0A1516E5E0B1
:102BC00047590B174381D7C7EE9A3414D833DA31FB
:102BD00024441F4C29B3242CE20C0BF4F924AB152C
:102BE000F1FFD2CFBD7F118AFF453DC0F24E2813C1
:102BF00023F71229221FAACCDA08551940A81EC5AE
:102C00007FFF31EBBF3FE319D2F37A49DFD1DCE339
:102C100003FBCFD94CDB1A0CD13635E55FE751D336
:102C2000221E1FFF0EB20D94E9B3161FC919C7FC6F
:102C3000F70DC2D8EC4D53A5FF46FCD103C22F7F40
:102C4000D53C00F8E3FC2331DBC96114E0100EDD54
:102C5000CBF315034203E2FBBB442121EFD2EF810A
:102C6000F41F09D5FAF78126062732E7E807CC02D8
:102C7000E6F341E30DBBFC0803F6E44EB531B9F5CC
:102C8000211445BE44B57FF7D0D3109DC8AEDA0EEF
:102C90001B0FE628B201016CF501101B8A04B9E391
:102CA000EAF435E381E83F0BFB0BE82CD8CB4CEC86
:102CB000D6D624E5F63A4AFFF6034B2A1BF1BC2B85
:102CC0001E946602E5D6A3F15F4C0446241AE40282
:102CD0000EEDF6B8130B317FA8DCDACEE2389E1386
:102CE0008118C7013FE425ADC2B8C68F5026D34036
:102CF000D292B0DEC83CB24CCCB9B4C60A3A1C3948
:102D000075021B94CBC85B2F4EDAEE02DA71F97FA5
:102D100053021AEE313E14FF00DFA508F9BF6C0B19
:102D2000F326032A5A42DD0959CAE1811D22E6AC85
:102D3000FFD1F10AD8AFDB24B8AF1BC61BE156EEBA
:102D4000B781CFBAECF42136E2A733C07105C8D5FC
:102D5000AAE208AF4DD1FB67C4640B1BE8F9D4436A
:102D6000ADED10C66CB1D17F19F941B46444EC5F8C
:102D70009ACCA5EACD95EF0463051BD63A966CAACA
:102D80003E2917C3E9C48E606BD2AF38E568E9818C
:102D900098E15500482DC80FF6FA37AE4239DFDB0F
:102DA00009DDBD003B5C81D6F5DBF53DD404B810F0
:102DB000E9611CA5202DAAC0AC37FD514D37C531A6
:102DC000F7B294DD33B4F0C5B32AE073C9DEF3C5BE
:102DD000179D06DA456EB77FBD3EC1A4B668D22204
:102DE00070E7D8F9EE0D3A037F57FBF6F8FCD911DE
:102DF000EF3ACEABEF33A741C7F5FD2B1E1EA3AFB5
:102E0000BFF716009D5CAFA02B0D2E42EFD8F0DB74
:102E100049A8F940E5F5502EC8812C04481F07E366
:102E20003DF31CFF12052CD624FE1021B9D6EF81EC
:102E300006CFCE2B0D85F9EAF5A4E6ED11C8543A7C
:102E400007BA633828D6A9CAADEBE6F73C29EB1DD3
:102E5000D9E72FD71824F28C2DF9C37F0B00E4108B
:102E6000DDC1E19D53FD177FE4A417DE4231DEE6AC
:102E700061C946C2200DC1DA22FBE2D8E7C7A9FC2E
:102E8000FF4D0F4806C1A5BFB681BA789CF231E369
:102E9000B6E4225A46DE78B2DF2017BCCFF51130F7
:102EA000244F1D8600164819DB19B65E1508E5DFAC
:102EB00013D47FC9FB5212E003FCEB1DACF7EC0C02
:102EC0001BEEEA18041CF4C7E5023320C7D9DB4324
:102ED000D38120F61DBB130DEBCDF312EAE80A0DEA
:102EE0004639FA53E981B0B15FBB2D66ACF6253F98
:102EF000053D0956ECFFA40BE631391BC9F75FF716
:102F00000ECB3F51F4B6AB2D41C78105D720110739
:102F100022A1462A2CED23BB213C0E99ED97BCF053
:102F2000DBCF2E1FA505E00301E5B07FDB19DF9A9B
:102F3000470FF6EFE53C723EF8F024C614D2F8E1F4
:102F4000FD0DC3102DCDA22617300886F70E2907D8
:102F50004573FD2B3D4F29078E1881126815851C7E
:102F6000264867015523F10F041802EF1AF7E16CA8
:102F7000192542FBFD5981E7B9EFF6F3001434F04F
:102F800072DFDD81341ED15557A7CFC9FE1460F31F
:102F900009F2FAD805E3E4DFC128BC1846973AF6EF
:102FA000C09B08B4851739C51D1DEBC73C4038CA06
:102FB000E2B4C2EE27B7DD81081D254EF3D7289B6A
:102FC000BF181B372DD11AF22B905A04F4B044F1DC
:102FD00039C009EDFDB9BDE77F5CB993F63DCC067C
:102FE00046E0022B45102219E82C282A4308ECFA67
:102FF000E129D5C4C40513160D097F203945D5280C
:1030000001C64F99E47FE8A51C409EB5572AFDCD27
:10301000CAA0CF28FFCADDA1FCEE493FEC2AD95A4D
:103020001FDFE000FACFF7A4FFB944811E0C21A0F6
:103030002FFEE121B8E45C10EECBD84E28D32CEF64
:103040003248305A410EFF42DAF7C2E613F2D02E70
:10305000139DDED5454AFCABAF290FE87FBC07FACC
:103060002BE7490A0E3A32AF3018F60806ABE36D8B
:103070000AE31FE8CFE0D9101DFE1C702C3F5C81D5
:103080002AA7E57FE6F81C5EB8F59B210927C9FE53
:1030900021C7E50A1114505D023942B709B863B877
:1030A0009AE811486EB9F1AEB82BE7C44965703C97
:1030B000BCE1AF1DEC03AF36CF24F081ECA28C6FE6
:1030C000F6062CF1BB2240D8EF7F1CFDE5EED304C1
:1030D000BDD63B1A011A2D69E1CBCCEDDBD1E888D6
:1030E0001215504CB63719B29DF0EBC8A6D6BC35B8
:1030F000EF812B631AE3D7E9D61F0EA2C404F0F6C2
:103100002A43E4C85DDE4C42D298403C2EFD26D3D3
:10311000D341E9222F97F7D3F4FA8151052F952057
:10312000F4B7BF103EEFDD3DEE374F2A0ED83031F9
:103130005C880823BED197C408B73B58813A224B1C
:10314000CCFC1E1EE72CE8EAC7CE080455270DEB81
:1031500015FCF72BCAA95E2D322B5A7F01CEF8ED54
:1031600048B975C32A22C1023A5D107781F810C4AC
:10317000DFB705EFD01322293DB45F0E573CC94796
:10318000941E7506EBBC85A6F1D9F01E0A5416E212
:103190000ADEF57F24F528D916D435D6DF2232C8C9
:1031A000304FD235350772034F29EDE135E2AD7F5F
:1031B00036D63A2EFFB4080104BEB606F6251DBA6F
:1031C00013183720C708500904F1E50C1C2CF51A18
:1031D0002AD3D74FCAF9B71801F1EEFF3905CD81CF
:1031E0002D1C2EC847C600F329F83405FE32D21A2A
:1031F0000A241C0032811F15F9F81AD5FB3929253C
:10320000E2C728A30202E163543F7F5E20060BC59C
:10321000D7C35A4AC724D209C3CF511CEF160F7126
:103220004B53AAA335814D0CB7F31C3A1CC6DEB034
:103230000D07E5DA172EF3531345EF235C1F4FC933
:10324000D463DEF6FAA92901C3E3F0E1B2120F213B
:10325000DF2781CFDF2DF7EB011C5CFEE312C1DE1F
:10326000B290FFFF0400000000010000B001000068
:10327000A0FAFFFFC2000000D5FFFFFFFAFEFFFF2C
:10328000D4000000C3FEFFFFFC030000BDFFFFFFF2
:1032900051FEFFFF07000000D2010000D401000032
:1032A000FAFFFFFF9EFEFFFFBC01000017FEFFFFBD
:1032B00050000000C101000072FEFFFFCDFEFFFFC5
:1032C000C100000019FBFFFF99010000C7000000CA
:1032D000C2000000B8FBFFFF93FEFFFF8900000063
:1032E000CEF9FFFF9EFDFFFF13FFFFFFECFCFFFF8A
:1032F0004D000000DEFFFFFFAEFEFFFF8DFFFFFF72
:103300004E02000038000000E2FCFFFFD800000081
:10331000510500005EFEFFFFB00100003DFFFFFF12
:10332000FEFEFFFF14FFFFFF4F000000190000002A
:1033300007010000C1000000F5010000F9FEFFFFD9
:1033400023FDFFFF7CFEFFFF63FCFFFF3E0100004B
:1033500088010000F8FEFFFF2401000046FDFFFF8A
:1033600064FEFFFF1AFFFFFFC8FEFFFFBE91FFFFD5
:103370000400000040000000BDE2E6CD1602EAB401
:10338000CEECD9DEB9DBEFDC1CDCC3EE09DA23C6F8
:1033900004BABEC7C7F85AD5CFE6C5E6D3E0B1AD8B
:1033A000F1D4D2FFCDD5BAD1DFBEDEC5FE050A0607
:1033B000CFDCE7C57FCCDB240A92FFFF04000000CE
:1033C00040000000CA12F9F8400E0D89FB2DE707F6
:1033D000DD111AC160E39FFE323D690A7FDC571898
:1033E000D4523D5C391128503EB192190ADD29931F
:1033F000D92623FFDD80E78AD91D1E4308C1229B01
:103400004A3718505692FFFF0400000040020000A7
:103410006D16BB0D5C23277FCF20052415D8F6A39E
:10342000C40A2CABA30F4901B60DFBBC7FF67FEAA3
:10343000D52A557FCCBC432C3728FF775B56D58FD8
:10344000AE920FB917E41A294C403D2E542054C7B0
:10345000812D375D0CFBE5B7CA49E41960DAE47FDA
:1034600052B0817EB92EE30DEE1AC44325E12A192C
:10347000CA16B6F8064DD3C522E17F662B3DF2B3DE
:10348000D206EF4FAD7D33493221DDA11FD6DB9649
:103490006543459F1907BFD1E952E581F216C7354B
:1034A00077DFDEE4E4CB53DD24CF05C6F357AEC4AB
:1034B000E1038A312646B6CFAECF46DB09ACB10D6B
:1034C000F05DA4B83594FC6FFE31CEB8156DF3DB1A
:1034D0003281814E58600036817FD4778D1BAF6C6E
:1034E000812FF48E81FF42D081C6B7C43CFC5EAC14
:1034F0003C080957818177B1AC7FB8BE77E8810479
:103500003919CBE93E307F7809C8C2416E267FBCAD
:1035100001AA386C0203F3FE6B5ED9ABF77F7F58CC
:103520005B99AC4130FFB1480615815D28C802CFD8
:1035300054F6C0A5FC676A7F1C9D28175B312302E7
:103540007FFCBF1AA623C6EE547F4595D4FEE281C8
:10355000421F5581F6B2AB3736DB43A4B1D8213BCD
:1035600073B38850DA817F8111E7C5C6077FA381D5
:103570001D72D234FBE6B5F206A27EC61B7F147F15
:10358000526031C113EDB22E283CD2B2E4112700B3
:10359000C9BBBBB477AFCAA219177F4D7FFA19FF19
:1035A000D43033BAC3EEC3DDFEFD2F81F83CF0AF5B
:1035B0001FD27F568D0225D4B428B7D981B5B80D56
:1035C000B8E452817F43E80A7FEE637FD67F46D31B
:1035D000C15853D17F8181A469C0E2A80675BF415B
:1035E0007C54347FDCFF54CBA70DB446CFD53CD9F7
:1035F0008181A39EB426D3267FE05FEC9DEF0CB3C0
:103600001B99E84BFC6EF98108D47FD3E9BFC4FC59
:10361000E6DEFEF30B95F5760B91445809C6DFB450
:10362000C17F8BF56BE47D31D47F0C1578201BCEE8
:103630006D47C3A1EA1281183265827F067DBB2DDA
:103640008B8181DB5281D142218FC0FD81D9ABCCEE
:10365000A294FFFF04000000000100000000000031
:10366000000000000000000000000000000000005A
:10367000000000000000000000000000000000004A
:10368000000000000000000000000000000000003A
:10369000000000000000000000000000000000002A
:1036A000000000000000000000000000000000001A
:1036B000000000000000000000000000000000000A
:1036C00000000000000000000000000000000000FA
:1036D00000000000000000000000000000000000EA
:1036E00000000000000000000000000000000000DA
:1036F00000000000000000000000000000000000CA
:1037000000000000000000000000000000000000B9
:1037100000000000000000000000000000000000A9
:103720000000000000000000000000000000000099
:103730000000000000000000000000000000000089
:103740000000000000000000000000000000000079
:10375000000000000000000000000000AE95FFFF28
:10376000040000000020000019E5E9E3BFECF24A84
:10377000F822E2138F531EFD81F60DB3E7F7F11B1C
:1037800048120CC5FC0B0F42FE37E52D63DCDB1441
:10379000D123B0C327F8C22BFB080715F5D80BF4CB
:1037A0000B03DBF408E4F7D3061D33EBDE3B5DDCF3
:1037B0001782EAF6B7330DECB324D4C9352C392679
:1037C000172136F2123B310D0348EDD0FED1E69DB4
:1037D000FA10CAEA1AA8E231E0E43308F581D8F613
:1037E000290EB23EF1031B3405BEB6E5F1E71F21F9
:1037F000F20FDFB5B8F211DFC0BF081217F4C3C86B
:10380000E02C3AE413D3DA450FC9D9D9FBF91703F1
:103810003C3DE4EA9DBBF91C17111781E3FA071D33
:10382000E0B1CD20C027FAECCD4BE9AA3820520FE9
:10383000C6B8D5D502A813D01CEBF0ABCEB2F1DEE2
:1038400000F74A2EEA12A66FE1E329097F42C55C20
:1038500020F1CF8BC0955E0B98F813D6D33AC4CC29
:10386000F409D810189FBFF7DED318550D57FFE69F
:103870001BFDCE0A250F732E223F012F4C6BE43720
:103880003E0515DEBEE50C97E1B6FE2E45EB47245E
:1038900011F4AF1D1CB32FE69F340704EFCB3BE1BF
:1038A000E7F0DC7FBB261B26B10149F709A945D10A
:1038B00022C49A2BD7F72BECBBA70823D3F855DFEC
:1038C0001CF2EA04B131E7E1CFFA2BF5D3F9CDEDE3
:1038D000663A219693EED1C62E1811D607EF2ED94F
:1038E000C913A41881130A8CDEDA11ADC5CD22E408
:1038F000BAB0253D1D87C926F305FE1348DABD8100
:10390000E4A13DE0A51BB34D0F390CB022DBDFCEA7
:10391000B69002130F20353FC94C182E8C0909F7B9
:10392000EDFAFDCDF54FC71CDE2F906198009CF19C
:10393000D8DEEFEFDE5B05B7A2EF07090223C5AEC5
:10394000040BDA19DD29F4DCF0231234548B1B0448
:10395000EEB9E00A7F67CBD6BD0BD2ACBB18064CE4
:10396000F51F921B5DEE1BE91625000799100C054B
:103970001B32D5D9FAF5FD2F22342FFDEC0DDE1FB9
:10398000FED417EDDF2D367F2B122E1EFE1123FAEB
:1039900014EB5DF30A4CD503185D0CF4013B2700D2
:1039A000DB63FEE4D40EDD49D3DF2FEEFBCDDA3D41
:1039B0004F07C603B7A3CBB11CC559DED7E00FDF55
:1039C000540A534D11E8CB0F0605EE442CDAFB47A1
:1039D000D81D30F821EB380301CAF11881C7D72E62
:1039E00017022316970CDC022615FB259A3826E8C9
:1039F000EF2E4EB8F621D72FE306CB124A1CFE1944
:103A0000F6A73E748FD8E6EB811F49E8A8D41DD9EC
:103A1000CDD22E04360F2410475321E345D2B0B740
:103A2000E30EE6BD221CC7BE10BEE30A44FAC4DDA5
:103A3000EFFFAE3406F2C51903F40015F0E55C099A
:103A400066E8246E16CBE376C9E2ADB53A9CE8D5BC
:103A5000191402D5E0DE04B6D1AB0EEFC77FF11525
:103A600086C2B6EC35E3DCD0FD3E5852F22748174B
:103A7000C491C660F0902B101D026A6C82FCFA00A3
:103A8000B047FF0441FAA3F9C4036DD9F764DF1E00
:103A9000269F7B81392404F03A112A7FFA1016A060
:103AA000A2D310D4F8D11DA83CD70611CDE308212C
:103AB000B559B02127843E8640FAF41B1AE2394DED
:103AC0000D162D4CDDDADEFCE30F3A8117AA49DD35
:103AD0001508F7241607F60B0F21140BFA3BF70D08
:103AE0000BB11648ECC0F0F7D20615ED25B5DABAE1
:103AF0009931FC182B342CDB4B0A79B9E846D548B0
:103B0000F9B9EDEBB87BFD2A81B72C0852C5B3BAE1
:103B1000001AEED735DED4D21AFB285BDD5EDE9CC0
:103B2000F3DFA72D33890820D63FE1471D47BF05A6
:103B300015BCF1D20D062D18B837164432FFA3304C
:103B400046F64F08B3EF5EE957050D0514AB314655
:103B50002FD8A938581F114C2A6BEF3081962202BA
:103B6000F762D6AC06D88EF62008A4E7C6CBC538D7
:103B7000AECCA643EB0EE938D553EDB546F4C913E8
:103B8000F9D77FE5151DFF2048ED460A12CF13F443
:103B900017134E1637DA3C230D39041933C5BCFA16
:103BA000093EE4B2C741E5F7E50FF0A6FB1727E9A8
:103BB000A6EB81613DF0EF0BE71855221B28E1D7FA
:103BC0005CF4E1361CA71E2FEABEE52004C2E60421
:103BD0005D10F2B6411724C21A4331260E0E191990
:103BE000DDEB13F1C8EED61CE6A82C36070F2DF33B
:103BF000F9172B29A70E699EBCDC1F014C48003C1D
:103C000065F6E943AEDA37F3B2741E58F8BDE63C08
:103C1000C0FB491B0DE37F12F72019EC523361D42E
:103C2000A0CAEFFE08E4B14A2F03D63BC8D905E984
:103C3000EBD52D1AF1D92C16F3FB08E3FB7F31E508
:103C400011F2FBDF2B2DF1E5BD162B262710E1E04D
:103C5000071E1C381EC31606EEDEFAF9B927E82D3A
:103C6000E906F90611F4F1170BF2EBF9035312C848
:103C70000FF6D02A0E30F245B7F6FE2D0DDAEE53D0
:103C80000AE9E72ED0E9B12EFE3C68D725CCE6E65E
:103C9000DC0CA411FA0DDEEF7F46EDD5FE31360FB8
:103CA000F34F481EB5031367466E3571531F6BC53E
:103CB00045810C9A953725D6150017F9463AE44008
:103CC0001AB001CE5D49EC384C2AEBF17F3D16ACC1
:103CD000DCD618A128D1E64EE518E411FB07C60092
:103CE00039CE9B00FB00362D08E464E89A416C2B2A
:103CF00022D6CF143EE4A0F81720A7B30A18E5CCCB
:103D000073EA2B7FF42FEB2434DDEDD644131BFF35
:103D100036FBB33420CBF55309455817A0F4E80619
:103D2000CB25D3CE34129112BD84E12B87F53CED27
:103D300040130E003AF11AD4CB1C15816A270F5993
:103D40004CC7334A0C001436BAFF2D11E4E815A80D
:103D5000493A0AC5FEC948F4FB4117CF5AC2F1F0EF
:103D60001427D2D7E10196C9CD67F023E533650A60
:103D700014071CBDE8C848D0FFDCE9FB01D6C30925
:103D80000A0FD948FA02BCFAD41BF3FB26E38123BD
:103D90004305F6D7C6F122221AE0DD45DBDBF0163B
:103DA000C2A94B1E3EDD3CFD193AEC05C52F08604B
:103DB000C2C8A60F901ABDC9A012F2C6640BCC1ED1
:103DC0001D12EFEB1F2CBD141BDD5704FACF4E164E
:103DD00022BEDB9F4A28C63247203F81230AB6EC29
:103DE0000CFECEC64844BDF91BF4A5A0DCB84BF2CE
:103DF00005D4AE0CF4B40AB8FD024FB50F09112F6B
:103E0000C728CBE1A92BE0D310330DE304B72FF47F
:103E1000A8D6097FAE3436460D4435F2F521C6E208
:103E2000D510450E9521D70FF5C4D15714025993DB
:103E30005A22A81D0AE11015BFEDF9CD0CFF34FB85
:103E4000E620022CD9A00063C1E3EFE80881B93F66
:103E50001632ABF636D02B0DAD12FAC9F72C613BFA
:103E6000F1BC37EE28FCDF09DBF9E50D384DABF08E
:103E7000020412D7FCBAC9D23A8902C7EA122AD47C
:103E80002E200E50DE05A7FC0058FED129CFC20817
:103E9000022281D430B7C3C3D9D9FB27A418D22FAB
:103EA000C7C7560E42C962E511FBCC3EEBFD0F17AA
:103EB000E4DDFD3D0ADDFAD1F9E1F3E31343C55535
:103EC000E718DD0BC2DFDF3725F5BBC3F41615227B
:103ED0000E01E70B11C934D5220D5837F23A00060E
:103EE000F1CD1211F1FFD57FB751F0F927F5E006BA
:103EF00026E7BD5CF0BD1610222813253CF2812A6E
:103F0000FA03E53DF0BC8127B99C536F26B422DB50
:103F1000FF0B08E50CDED5750307D3FEDEE44D305C
:103F2000153E341CD2B40A3013F5DE1ADB16E4EF6A
:103F3000F50D0115170C0FE3DDEFFB550933F11FEC
:103F400023260A7CFFEE4B3D4F2725B52606E67F4C
:103F5000F7E2F116EDE53F270AF04323CC36F2C530
:103F6000DD4D1BE51DEADB0BFFCF102504FF2312FF
:103F7000E11CBDB0CCD81418A418268107E3E530A5
:103F8000CCDB10E43321F91AE9F00039F1E721CD57
:103F9000BB451E270BFAE521063B47FC04020A0A33
:103FA000FA09BDDA45FEE41A120EF70363D3F5D31E
:103FB0001517A10CD6484ECD354D19EDEA25F7E77A
:103FC0001DDDD5E303BA1F43E950586FECEFEBDA80
:103FD000814F000BC1EFE1362A1A244C0D0E1893C5
:103FE0002FD4F44DEBB71E034D3D1F4D0B3DE71B8A
:103FF000DCE9F710BD4932433DE2DE060AE5360A48
:10400000221B35F506028127DD0A459453173B3BF9
:1040100024D3A50139DFCB4D2E1326330A19D3FF44
:10402000A0E4DE0A1A3037E407E4F4D5CB3E145D91
:10403000A8B1DE49D5E9D41616A3CBE3FD451AD7BE
:1040400008FD421A51CA297FF842A6EF66C9640AE0
:10405000FA0DB8A234A3E5DCFDFC050B9DFC030EB4
:10406000E019BE3CDE5B24180CF811F0F93EE17F4C
:1040700007E3A0F855CF16ADCABD308EC1FB3EE4B4
:104080005F934EE3FC0639370C1071533D177217DE
:1040900093E6DFED3CEFA8B8F7A407E95E03B3BCF5
:1040A000AE1B0A469E2236D82F16151BD510E9EBFB
:1040B0003FE0E7CD27E54B31272F4C1FFA3C1E0090
:1040C000F8F630FB04EE241FD0D6731E1539387F66
:1040D000EDE82C2B33220807BCF0F662CA07F71272
:1040E00003F2204D1409A854B930072AF115150C14
:1040F00097304237141604BA031B71FFC33C1FE00C
:104100001E644A0600E22EDE06DAB5DA1EAFE207CA
:10411000161BC4220136DDE1F7D41E24EC367F16CF
:10412000A81C0C5B649ECF292ECEC3E0DE19DDD91E
:10413000FA0C30B812220AFC0A123ED22DD3FBE947
:10414000F60F0288F8358121172B2466EDB80CC2D2
:1041500034CAEE7BF2C0D150E1EEC630D6A034C7EF
:10416000AFC9310B491364EAC505D002D618EE2356
:10417000F90005E4FCD201B503EE620D10221B7FAD
:10418000FF2016A6F8FA06FFF7E3341BD0E81CB3AD
:10419000122321412735F7C11C402C0ED80DDAC857
:1041A000D6DDF331FDEDE405D1059556950626B52E
:1041B0003101301E20E4E2123FB823651FD1B42B39
:1041C000F755490A90B9D822CEF41A08EEFFE1114A
:1041D000AF3CE32CE681010AC878075EF1B1C6D195
:1041E00007976421EEDECEEAD2DEEDC0E73D103661
:1041F0009601E3C33581048DC2E370B5F216362F04
:1042000062003ECCE9D63AD237377CFDE3F73B95E6
:10421000072D19BB49EE1807FD16F405D0C817F491
:10422000D3ED0C24D4D8E1090416C41C2A2545E991
:10423000B62CFC075E17AEFBB76BDDC9399A0E488A
:104240003A2D60423FCE40F1DF414108E8047FE56E
:10425000F3E7D27DE5D8DAF5E3291E0AC909FEB0F5
:10426000EB3B523A5DFA1924C817C835F3D22BEA52
:10427000391F3316139D22AD023852F2F75DBA137F
:104280002231B2E7D563AF1AD313F22409A4EE1F8B
:10429000CA4F22AE95375134BB34F6EE12B8428184
:1042A000B1089A22F7A1DD3371A5ECBB141C31F8DB
:1042B000BBC8C02B2FF1E4A62A0260DDEEB690B891
:1042C000E4360537D6CA394897E8AB89562525FD27
:1042D0000F408133A000D1FC87E76FAD4F5A7F12AA
:1042E0009F9DBCE1F726BBBD2667D41BB3EE1BD058
:1042F000AF2D34006A2EEED9DF23F71AF9F9F11247
:10430000FEFAF34FEE988127E7F921010D1E510FB8
:10431000054616DB0FAD41C82C50FB11F0F4F6FD3D
:104320003FF4ADD514F2D705DE10A0860A100A02BC
:104330001C810D0A02032621E69DD40E3A3CCBDAFD
:104340002ECE0524C9086C2ACCC9B9444BC4F4FB51
:104350000EAEE959BAC82D23131EFD7E3650FCD887
:10436000AD0100B430830523E7BDFA1CE1AAF222B7
:1043700036E2EAD141EDC6A68139DEF64202C950E5
:10438000F609F6021AD3E403094AFEF315DBEA49FB
:104390000727EA1102DF0E0DBEE1F1F9E8C8F011BE
:1043A000DAF2BEF9DD86404CF93EBFC801451BB1CB
:1043B00039DF0BF3D4ED01C808295FC9F4332913A1
:1043C00007F0E8ACCDF937E409F765E800A9EEE5B8
:1043D000B4F9FB441E88101B350B71E12BD0CE08BD
:1043E00011F34A0781E0A4EDDCDCE63CF40D07D1D3
:1043F000E5DC0326EEFD122A1CFF0ED6017FE24CFF
:10440000EBD60C01E6F9E00516CC4F1DF2D602D929
:10441000EAD2211C06D8E10FFF02042709D20611B7
:10442000040AD12AEC0AF6E427DD50E7B3E61709BF
:104430001927BE24F81CD510EF2BFFF979E3C9C06A
:104440004C01494602ABEC32DB1815D01F17DDC614
:1044500013C9D6F2070347E2297FD9BC010C15A086
:10446000F9E642B6F81A97E339E6DFD33F0C054D7B
:10447000F2FC67D7D808FD18B5D2149802C327817B
:104480003FDE572F4CD6DBB51A1003CC5B914601AB
:10449000D368C8D220F7E36BE11007F72F8FA6236C
:1044A000F7DD993E3B63FBFA0F1A16ACD1EA0D1CFF
:1044B000911E25FF09302AD3DF1EFBF7E7CB81F6DB
:1044C0002D33242316BEAF1CB64033BC08F410179E
:1044D0002C1CF1CB14A00CDE4016CB1BEF52BC0001
:1044E000F602E5E1970BD33581C20FD3D18819A825
:1044F0003B3FDE3DB38E019AC77BC0AB4C10C2067A
:10450000EF296BE0FCDEF2CCB1DC4041A10B9E0454
:10451000C658333CB61B1E2F322516F4D654736191
:1045200029C19726E3AF92E5D93AE51424F020E3B8
:1045300012242CC530E97FB1D9C3D5181A02003531
:104540001BF0F7BB17CC36124CF9011821C74CC928
:10455000B9E0D3EFDB10466413D93401124A1CCA08
:10456000EA57EDCD0EBD1C2901F0BDE1F3DBEED520
:10457000E1A3DB0F122311C0091439D218EF12D1B5
:10458000039837F509E0F62F02007F115DF244E74A
:10459000E7019B063BDBE19BB9C7E2C72000C8F3FC
:1045A0008C532B64D9AF7D03E9E6B211DED981F7D4
:1045B0001CBF5EED091D1CD2B80C3EAF04E4F5DB58
:1045C00048021414F42112030A38684004FD4AF02A
:1045D000DD01C3383B01B553DE05C7DCF4A95265E4
:1045E000D6D0D7F5EB311DDAD7FFE517E9EE10DDB0
:1045F00015DED5ED11225E0DEE9C7F44EA3A1F0ACE
:10460000DAEB02C3D8E6DBF2F4B5371A1DF0264721
:10461000FFD51A2BF8DEE4E4EAF93303B9033ED6FA
:10462000FD01DB1C1AF40517F8C9B4F0A3F737F63F
:10463000FA9AC7ABE454F74AE27FF1CA7F0989F1DD
:10464000B8263C2783B6055EAAA906D9D606FDB6CC
:10465000B020A48E4DF449B14D1B63F7F71BE2B3B4
:1046600020CD291929FBFBF60A7FF103E9EFFCE5D0
:10467000C5D427336D2547EBE1D4F81AF828EAF8BA
:10468000DD050D53E8DD9D07F91A291E0B1030EDED
:10469000EC0829012A0101A31E1B1F160802E7E7E7
:1046A000F6B5CBBCFCE50012FEF0020EF41C4EB9D0
:1046B000171B0B061CD4DB083F05D6DBCC17E31019
:1046C00006361800D0ECFB142535441D7F382C37F6
:1046D000E3D0E1B5CACB4FC2FFCCEC42093C19CACA
:1046E0001DFD12402EC3D52CDED6FEF41DE002EADD
:1046F000D3BCF0CD0AC7F40A0926E7D358C3A2E910
:1047000058DDFB34C89A8118E2DF0EC91CEBDE0DC0
:1047100059E320D4E82029CD23FCD318061EE0223B
:10472000DC0FEFEDDBD0DA1AE4DECF572463206430
:104730000FE9E800551060DC821E062EE9535B810C
:104740000CB8685F45EF89CCEEAEC8F9CD87672914
:104750001AD2B6EB2FF7CA7F10F233D87DFBD14DBA
:10476000A31ACA3216B2F95B1A15E6DCF90B25F862
:10477000CEE718FD1232111F06E9001D090BFC04DB
:1047800006EB28C4EE15D2014326102AEAB4DFFC5A
:104790001D1C13041E16D6F381FD220EFAF7FFEB43
:1047A000E6E6FF1FF3EE010804034B09D7F0CA2524
:1047B000D4FC2664399B35E77FBAF6D70C49CC2860
:1047C0004BF2ED2CB4B8EE56E41AEEB10B352EDEFA
:1047D000E728DEEC051414DE1602DC20BE16D8F441
:1047E0002DEB157B0DBF3F35BE08810A06D4CDE009
:1047F000519E5E16A2B453D32D0F24860A41FCFFAE
:1048000056350BEBE8DB513EB15D288C1799FBD890
:10481000E814D159A614135DAA3B6209EC8B2BFF57
:1048200013FADFFB32904EF11F1D69BCD5534AE5E8
:10483000033CE0CFF02FCE2F32BCABEC72C2D31FC3
:10484000EBB1284CF381A72ABFCEF8A6082FF9B206
:104850009FD18ADB04FC53FFEE5205D3D38EB5C241
:10486000E1DB2BEDEA42A2131ECB06D4BF01F3E439
:10487000D61CC61EEC268112FD1614B7C36ADD0DC8
:10488000004B3989F717FB3FA83CE02967C21DE5BB
:104890001CBD424D2A11EBDC0913FE11336BF69D52
:1048A000D0C5F6B71E96245C0FD313483430E8AF5A
:1048B000F6FB350E34C866ECE8E768F6027FF22DA9
:1048C000FA302BF89C1BEA131CC52F071B0CDA05CA
:1048D0003DEFD132F43813EB293540092D031FC4C5
:1048E000EFE52AD045D9D445F58142CF2D1C1BC117
:1048F00008DCC85203C6308BF3064CFBDDEDF4E751
:1049000037D868E94318A2E9F4C0FD1EC0F70FFCD0
:104910005EF92C2B571A2A19FB52E104D9C7BE3B6A
:1049200018D84B3052BC5555FE0CC53E0FFA2EBC64
:10493000C6C6E8E438FA2F073CCF0BFCF834E97F11
:104940002EF00BBCA939D6EF00EBFC1423DBD1AF62
:104950000818D9EAC53426072012EFFCFBEEEE1149
:10496000D503DB18201F215116280DDBEB3E20FF5D
:10497000BF16146245AA1D0EF4E8EB16073ADA04D6
:1049800022DCFFE3BFDE3DDA0F0A02A10B813AED24
:104990000C15EB193C29F7FAF6303B011B2F07E306
:1049A000DB98C7D5F4EFD60C6331A234C12D0DC10D
:1049B000D00220FEE1CAE912292C2D782542815827
:1049C000E9C70FFD131E2C1F315AD1F80046E9DF4D
:1049D000E01F44F7FACB6119D0B54673E3025E0FCE
:1049E000C5D201D4D532152ACBFB49A6D5140F1B4D
:1049F0004C09E17CC015F4A46F4C5E1EED0B35CC68
:104A00004E55E1A23CE1051800AF11CE1B0108CEC6
:104A1000181D06EFF6CB62C0144BFD2A15810D124E
:104A20008F361CE65BB7E9C6E3B615F6B5091E3C42
:104A3000302A0912452B6447DF1F22064E5FE156DC
:104A4000EAC30D08A6E9F525019C15B81DBBFA2B94
:104A50009BF5B11CB1FD0D0B4139B2F7DF3F1831A9
:104A6000AEEC8136D0F9EB18B8124D4BDDDE1DF2FD
:104A700040E5BDE3CE4FF6F50A18BC0BC5C033C503
:104A8000E8E5F41594C1273207FCEEA26321F30F89
:104A9000C41F2C0B9E10D817C520D4EDDBD0FC060C
:104AA000AF452F2481DB4FFE81B82643EE1019233A
:104AB0001D223CFED1F8F512B2BF0CC813693206B4
:104AC0003436E5AFCB3D021FEA1C2B0EFC10F8D0AC
:104AD0000A400BEBD6EB1B2CE02A130908F94CC556
:104AE000A6E5D227D525C616CB3CCAF2EBDDD10F01
:104AF0000718F6D1F59CA6DBB6D139FD25FBD869A0
:104B0000F231422F1602B021672CFFC5C94A253564
:104B10002E7FBCDCF3FEF73FE9250BDFC3D43EEF6D
:104B2000EC261C20B3F4DA3EDA14FA11E8EDF7C9EA
:104B3000FB9DE221EB2445FCF2FC0F2C3124290CD7
:104B40000ED1FF24A816EE290DC9D6FB6704E6FF97
:104B5000C0DF2917DDF1E7FBE649FE27A7FDFFFFD0
:104B6000811297AEFD02E4202CEA3BE33E211CA516
:104B700016C212621DBFCEC50DCD22283942FD10CE
:104B8000E2FF6565A92B3C2D1FC23AB4394090A4C1
:104B9000ECC0497FFD85449BCF01C74ACFFB1CFE7B
:104BA000D8A525B23FE4FD240AF6FA0DEB3E131E0C
:104BB0000E44CEC5191575DAFB03201E550D18F9E4
:104BC000C7CD120D12E81EE52112F7CD2281E416A1
:104BD0000519033E21F4DA79E929CF50CEB9E6FA76
:104BE000CC022C460FE8F213E99AFC468EAC404901
:104BF0005D4728FFF6077473B1101ECF6641144E4F
:104C0000DC4107FCF3DD2031F41319F3E3E5314C0B
:104C100005932B810AFDECF6213C0788753885E267
:104C2000E1C84445DBCF2D208DDF7F0522444A03B8
:104C30000DED5F47DB08220FFBBD41E04028F1F09E
:104C400052CF2E04A410CA30FEE360E8F7063417F2
:104C5000C3C1F12D0CC1EC98BA3735F03E18A0FC59
:104C6000CC01DEC554AD2F3DE2125DB111FE36C25E
:104C700027B6F8D60101ED0253F4FC59FBF50FE518
:104C80002DB61A4FF90F94F1E2C2D2DB2100C31FF7
:104C9000BD9DC481DABB65E0541DC201200852C12C
:104CA00007F78E27AEDF0D07CCF45514DCEF2FA2EB
:104CB00024BDEEB43FDBAAD4311F4E58FA11332F76
:104CC000FFC52405CEE3E81DE62521BF2CCF18C87B
:104CD0002C2214F8BC2A030801E0DA7FD608E9FA8E
:104CE00009EB571FDEDD01D107E34927D9717FC0EA
:104CF000BCD11FD3A352B7A44D31BFE3BC258F0B4A
:104D00006CA9DD350FA3B168F498C5A43D1948D549
:104D1000E5BCE500D5873DC14E57989BBFF13BFBF5
:104D2000C108DAEFF811C0E53823DACCB10306E1A7
:104D300022D025C5EAAB46B4F57FDAFD0508E528A3
:104D400078D74F16D2201BDEE007ADD1160DC2F981
:104D5000BFD012DEF8AB2BF9BBB41BEDB31248CEBB
:104D6000A209A724B2EB380A810BFABDC03135A6DF
:104D70001EE4B403FD23F93015FD21E50325E3F816
:104D800030DCDCE1EA1DC33CD12B35FBF217B4DF8C
:104D9000FFF0FC07E2C5E3CC09C856CCBA2713D60E
:104DA000EA4D372009B3F83B1D1081F41037DDAB15
:104DB0002105051C374AFCFE0A13DE0821D8C21E55
:104DC00018CD0FBB0F030D07C71B21B2E5F61AFE66
:104DD00094EBC90436F2D34AC005101F223BE60506
:104DE000C1F3C62FFAB9BBE535D5200719474438BA
:104DF000DCA7215AA2FC02E3B0094E1ECA1C2A25D8
:104E000019A010BAA81B3ECFF5D9DFCC23ACE90C12
:104E1000F33CF87FE3FAE8E5D663B14E1AA0A2DCD2
:104E2000F42C022CBF05BAB9E3DE72032B0D0D087A
:104E300033DDE11F211F30AA10EC5F57333AF6042F
:104E400054B320F71CDCDEC11DC03D1166819710F4
:104E5000E5F8D0DBF3CA4417F73B106B37BCC52B22
:104E600024D8E847D3AFD201C0DAC3C4B9454A2930
:104E7000E41F48CC54A045000AEC0CCAD0FF151E14
:104E800062F20ED6DD34F0CE812A222EC8071CC471
:104E9000B3A640F6E476EC3EEC5B2A44CEC4BB8875
:104EA0002FEB04A2DF31ED0F1615E8570EDC05DEFF
:104EB00000D50CF0E52CB303F2D430F6457FC1E603
:104EC00041D1F2FB1F02E326EB0C27F518D7115155
:104ED000E91892F7FBF7D3C6FEBED935DC2CD527EF
:104EE000C21E197D10A3190E937D29E5DB9B54305A
:104EF00002FAFBB11FFC38D76DF9D041C6DA3B6826
:104F0000D9D9FE70CECCD0320F0218FD38212B1C1F
:104F100036FF10DA81C235F72176A02FE346E29101
:104F2000D7161CCC0D9E409E1DFFB1BF59D6B8DAD6
:104F3000B0EAE123070A23F2A41B1233002ADCD5CE
:104F4000DEE8494A2D901359C11E52BD4F0000D8CA
:104F50002ED2F92039D4F9D2A837D240DBEC177F12
:104F6000EB675DF6ECCE4F25F73A7979B3A6EA33D5
:104F70003A03B8EFE87609C4FC3ACDC9DCF8333619
:104F8000CFEEDD6E0DEA37712B7FBE1C6870ECEA48
:104F9000FEC51F44A0084AC5D0FFF06EA566B2E466
:104FA000BEEE1F59BABE144DF7BD148EE1122AF79A
:104FB000C107EE1B43D1E8E117A02F1830DDDE0E4C
:104FC00032ECEF64D381AD2DBFE7DF8E1513DACA63
:104FD0004710272187A2F92DD7E51529DF28E416E8
:104FE0009EE381E8DACD120A1B2AF2E8DB4D0716B0
:104FF000C000BF12ED0CAA1ADE5C19BB7F17F50AC0
:10500000F8B00733EF1F18EBF204282B07EB043D31
:1050100004E1270A292D14FBF702F4EDFB12F2F745
:10502000CE2B06ED10F2DA0AE9EB3833192DBF0466
:10503000D21FD8BCFDD6CDE3CC16E0077F2FC1F040
:1050400049DA4C03F8DF8CEC4A5EDAF77E0E383C26
:105050000E34DEE322C9E8402640150BCD1D10EFCB
:10506000F7014CC3FB13F2F2F6D2E9150EEEB421B0
:10507000EDFCB4FBDBF54017CE0731F2F1C71A02A5
:1050800035C8392E1DF6122F0BFEF2D257D744D752
:1050900081EE2D24E4FB052B001F2ACF0C1D0516E5
:1050A000D71FC700E411DED2EF4240F24840FFD2E2
:1050B000BAEEBC1FE418F9E3EC0D100763E106CE6D
:1050C000310212F6CD2DA1EBE904427F34B7D5FEB3
:1050D00032EE1FFD3C212D3BE3FFEB3E0FA008C944
:1050E000194397D80C231A02E465990AADACE32959
:1050F0008127176EE1E8835992DBAB93462DC4E616
:10510000CC39F00CFDDDF7C50429E604FCFEFD6B8F
:1051100010779F1F674538EFB40447F5DD04A9D920
:10512000141ECB2C07D714D128BEE2FB3444DEAECC
:105130000A9FFF111ED7CCD83B1504CE2F04C4F113
:10514000DFC67FDC2BFFFF4406E84C0E122A00016D
:105150003F0A0B14F0FC25C6FE32F4D93239AD31CA
:10516000FBE8E7FA695616FEED0FD4DC0AEF201FC4
:10517000FD3AE54FC4C212D77FFAE8420354F23B2E
:1051800064445D660DE9192DB9E1C92D1D62E4BACB
:105190001E28D627D3F03114F3F929C61EDF2AEBD7
:1051A000F6F329D2AAECBBF9D6D0141207EEC9D770
:1051B0009C9E291254380615F120A118EC35DE64A6
:1051C000591C495A06B31344423206294AF8005B77
:1051D00038CCC638F8E2462EA7AC092A3F03D008DF
:1051E000FCECE018E081C0AD2BF6C4D10407F1B9A6
:1051F00011F40106EF45FAAF600D462FEC35AEAF66
:10520000281407D1D5EA1E16D32522C60A20F9C1D3
:10521000D22DE306F8FDFCE020374135E7B49ED2FD
:105220000329F325CB4A0D7F03F7D2CA332BD1399B
:105230000222BC7317CC3BE23235150136F6D9D1C8
:105240003AD40BFCF9C91C21C490ECE92BC67FF2BF
:105250001E2BADE61C1505DC11CE1800056DFFC434
:105260009F243664EECAFB1EF7CEC9DC102B2CEF50
:1052700009E8310CD5EF0722162552150C10EA3B30
:10528000ED2D1CF43A9CF330218125EA443803F9D2
:105290000D0019EAFB0A3713F4B8493E0CFFEEE49F
:1052A0000601F9FFBBCA0501B81DCA1BF833350E4C
:1052B000EDDF42342717CFD10BE27F46FB2CE914F8
:1052C0002214D034DB03FC29EAE649F5F2072B1659
:1052D00006E6D1FBC5CA14010BC031FC06CA092D74
:1052E000E1D6EF6E28D215EEECF3CAC308F811E24E
:1052F000E81CC5F6D9132EDF0F5204CA352EDED5B1
:1053000024B113E21F81ECC7EB3A43FE310E273480
:10531000DAE117EBF11C1B210BD8295634F7F912EF
:10532000E91AFC4415DFE54930CD2BFB021DF2D90B
:105330007CFBFFF7DD1125C6E2F1BCEF69E7A03D7C
:105340005CBB44FDC0B0A23B411AE381E30330F2F1
:105350000AB00C0C37BB2F00455D337387E0EC2996
:10536000B803FCBB9ECE82A5FF9FE768F134B3E291
:10537000E51D5430E7C5DCAA030308052C2B0717ED
:10538000CECE7FDEC740F72DBDBD1CC13A282BCA4B
:1053900008E0E7520D9CC3E0297521783CF146A84E
:1053A000EDCCDEBE6F174DFAD0F2380BD9E136D90D
:1053B0003BB36BD759E2EFAF24AFBD77213CC200BE
:1053C000199FEC7FE62BBC02136DEEA3B4CB4BC848
:1053D000E72837F5ED26FDC51C093ED9206E26E1EC
:1053E000F2DCBAD40BEEDD1F9AFDE211FA11312E78
:1053F00047031D06D4BBE5C7CCBD14810BFDFA4D98
:105400004339E4ABF3F0DE24933A1DE2FCD1833B55
:10541000F4D3F2193D000B51CD3204EFF0DA95F7D9
:10542000E510040813B7E3032CE69AC3FC3CEE1422
:1054300034AC4827BFF50B05B033E5E502CC202F8F
:10544000194B45FD7A18954A3F07320728ACD9BD5C
:10545000F6F988F32F32EC0E4203D6EDFCEAB5F7ED
:10546000F919BAFF7FECF3F5E623B9DD01EF151F5B
:10547000582C0DB308B5BEF1F62649852AC10700A0
:10548000CEB116E5DAF041CA7FCF1FD44B87F3F2D5
:105490003AF43623FEE36A16932F1BF70EDBC4069D
:1054A000EFBB25694708D7440B23DADC030F1A4703
:1054B0000E261FE5ACF3E2EE815DEDB718BAACED58
:1054C00007FE45C9CCF8360E45E0190BD2AEC837F9
:1054D000B4E2DB3BF6DB1C5BEAEA26C817C4F50E38
:1054E00014FA0A07D3A9FD1CEA2AE8B324020C2502
:1054F000CDB5C0AAAECF10BA7F163C04E05B1AF956
:1055000042A300B1F5F023DE022FE1F22200D9FA26
:1055100023E91BD1131316F702316BCDE9DE1EEB25
:10552000BA15140901C4441CD6097EC7BF92C9C06C
:10553000C7F4F7EEDFE8E98114518A33FAAB078C40
:105540000FF2A6BFB4FEEA33D80629B1453609C822
:1055500074E4F7B6FFD823D69E7F583FCCD136DE11
:10556000BB0035B317CFEBDEFB5A1924D015E5602D
:10557000F641EE1502DFD8F525E46645DD65191E16
:10558000F1D0ED130AE5F72DF3B9E90210EBF1685C
:105590006AF410B2DF1A5020DE7F1A59CBD5D9E158
:1055A000F231275432C2F74BE7C2C75C287FA77B92
:1055B000BC4EBC454CEB08E2F0C664224E733BE2A5
:1055C0000D2C495E10C5C5042BE15A51FBEF2F2469
:1055D000A84C0D4E2A94F715D618F2263E302958BD
:1055E00005C6DE1CDDA898E9CFEC09A4D3EBE8548E
:1055F000DB8FBEA78105BFEEE81439E072D9413CCC
:10560000BCD8EBF5B54E2B44F5C533BFFFDB8F336C
:10561000F752AF2A8BCC1813100909C7FC0E60D3C0
:10562000C2AF0E40B3ECF1FE4C0BE638CADB1EED08
:10563000C7E0EA1C0E032CE70E28DE4F714000C9BC
:10564000FB2D077F22CC1B1BD1E5EFFDE92F23208B
:10565000DF39F01E451811172DE61B5DC2A2020EA0
:10566000F437F6BCE0C0091C8E0F9E14BA4A7FF7CF
:1056700051222C9CB4CEFC3CEECC4EDEF7CEBA438D
:105680002C2FD9B23BBDE3E6A4ED152B56EFCECFC0
:10569000AE39401DDB2629F2ED1759FAB325638890
:1056A000F80FE624FE36F9E9D6DA2412F005E547CC
:1056B0002D111FC5A0BE5EF4B3EAC5EC280F488EBD
:1056C000E2FD127F1ADFDA35F6100BB533FA583ADD
:1056D000C3210D1BC4C1F35ECF37F02FF4DCB5B18D
:1056E000F91E2A0AEBCAD2F5A128B042CD92D3D234
:1056F0003423F6B132BAAEC320E91618F7AE390535
:10570000C8DEDFC8B7D292EF1F81F7EEB9E31C08FD
:10571000D8D0ED2E0607DE4F47F83427F5E027F303
:10572000BA27B65E52F0F3452149DFD933E2365D40
:10573000C3C58D30911430E10F361AFEF9FBC11547
:10574000618E31A5B03501FAF3032B237FCDEF290C
:10575000DEDB12B738270AEECCEDEBDFF203F4FB09
:105760001010FF42C1CE582FBAB5FFFF0400000051
:10577000000200003DFBFFFF850100004BFFFFFF23
:10578000050000002302000028FFFFFFFEFDFFFFD1
:10579000FC000000A5FBFFFF13FEFFFF66000000FA
:1057A000C9FAFFFF9EFBFFFF81FFFFFF58FFFFFFCE
:1057B000E1FCFFFF6FFEFFFF2F000000FCF9FFFF81
:1057C0006B000000BDFCFFFFD0040000ACFEFFFF3B
:1057D00092FEFFFFCEFDFFFFC2FDFFFFE3FAFFFFDA
:1057E0008802000026FCFFFFF7FEFFFF38FEFFFFE8
:1057F000B4FDFFFF2C010000AEFFFFFFDDFEFFFF49
:105800002AFFFFFF7CFDFFFFE3FFFFFF41000000D9
:1058100023FDFFFF93FEFFFF0E00000080FEFFFF51
:1058200013010000DAFEFFFF67FDFFFFAC00000080
:1058300080FCFFFFB6FEFFFF9BFDFFFF1DFEFFFF8D
:10584000EEFEFFFFF8FEFFFF3FFFFFFF99FFFFFFA8
:105850003BFFFFFFC4FFFFFF4EFDFFFFA6FDFFFF65
:10586000A3FFFFFF220100009A010000F0FFFFFFED
:105870007B010000170100002CFEFFFF4300000029
:105880002F000000CAFFFFFFC4FEFFFFA5FEFFFFC1
:10589000EEFDFFFF27FEFFFFC2FEFFFF75FCFFFFCF
:1058A00006FEFFFF3902000086FCFFFF54FEFFFFEB
:1058B0000CFCFFFF80FEFFFF6BFEFFFFB9F8FFFF50
:1058C0001E01000039010000C600000060FFFFFF5C
:1058D000CD000000D1FFFFFF2EFDFFFF49010000BA
:1058E00016FEFFFFD6010000BCFFFFFF2AFFFFFFEF
:1058F0005CFCFFFF8E010000B5FDFFFFC9FFFFFF4D
:105900009500000076FCFFFF8CFFFFFF9501000073
:1059100098FAFFFFFEFDFFFFF5FFFFFF71FCFFFFA1
:1059200031FDFFFF99FFFFFF69FFFFFF0EFEFFFF45
:1059300000FFFFFF1D010000F9FDFFFF79FEFFFFE3
:105940008DF8FFFFAAFEFFFF0F0000007CFEFFFFA7
:1059500041FAFFFF1EFFFFFF7DFEFFFF44FDFFFF3B
:1059600049FCFFFF0C00000099000000EEFCFFFF67
:10597000C4FEFFFFC6B7FFFF040000008000000068
:105980000FB9C2DACDA1CC99EBEEA9F2BCEE4AE98F
:10599000BFED30AEE4A1CBF5D6BF21AAC57F053F50
:1059A000A5C5B8D0C2CACCC9130D04A624E5C1361A
:1059B000DCE1F6B69CC1BBD4D4ABDFEEB3E2BAA354
:1059C000AF3BF0A3D03EB525D4F0F029A8F3E936DB
:1059D0001FC1C7E5A5DCD51AFFD0BC13A3E5AFC135
:1059E000B214BCB4D0B19CD5C1D227D205F404C640
:1059F000E0ABE1E5F6ABC4C107BF10BEC0AABEF67E
:105A000052B8FFFF040000008000000040A5DED176
:105A1000F102FDA9372D9E44281855F7CE1664B81B
:105A20003D94CF2510E355F022623756BB0AF6F7B6
:105A300022E50E354DF94A966E1DC7572F4A2AB2F8
:105A4000B8E9D40BF3CC3107CED4EBA9B55E2B96D5
:105A50002A55DA6812453459805E1E4E1DFD370600
:105A600092F3CDF63502F33AC001BDE8EC50F2CD29
:105A70002FB68D2F2AB94F3B374125F012F13A321C
:105A80002BD724FA46FF3FF5F0D61E2DDEB8FFFFD8
:105A90000400000000400000253DD9F6F914291546
:105AA000A745B7E6DC01C2ABB0313C0FFA3617E9C7
:105AB00014A901DFDC12143DDA190D0243C0B9D577
:105AC0004D0461324992FE6E0EF41A0DF52E0881D6
:105AD00007F6A8B3F61EFEDF12C4F5F8044033B58E
:105AE000CF1504DEF82BF10334F7DE2D5CD5323808
:105AF000B2FC3519F5BBF55DCEEDAF1306CF183FFF
:105B00001CBA9B4CFDFA34CD2D1DF8C2B6D8430EFD
:105B1000DE30DF080EF10BFAB3FD09EBB00FBBC1AD
:105B200007F808C539FBD8E081F923F71D4DF9E0E6
:105B30000DFADAC7CFB1BD34DB2FA5D7EB4CC1DEF0
:105B4000BFEDF5B1D9A712DAF6434028F1DCFF1A10
:105B5000F1E3CBF7E9EC26F31C28CA1BEEBC16ECEC
:105B6000ED081E121E0E0307461ED426120D460D0A
:105B7000C7010E57321C1BF9F24BC7C8D3F7FEEB17
:105B800011DF2FE75D463AB2C93C43C99EC460F2BB
:105B900030431F10152AC6FEB2EBEC1330D635BECB
:105BA00076EF23E9351AAF3EF4FAF419EDECD60A94
:105BB000520F11E2C7811A2BF70DB9A5CB331CCABE
:105BC000CE29F8EAC714D7212AE0403808BFA51328
:105BD00018CE2CF3EFF6ED140C0B0108209F12F7F2
:105BE0001A0E455417AFC716DA14130300632ACBF5
:105BF0000AFBCE19E740E4FADCE425C0F40BF5A576
:105C00000B164FF21C4F0CFF9EEA35F8E6D4FA0B48
:105C10002649D5F6FD08AD2C33C819D4B308C21CEB
:105C2000D0D70A8EEAF6820BD01CEC512C23F11946
:105C3000CDE90F37F4C0D7A41BEF0CDB011DF742F1
:105C4000C8F215C3BCDE38F8D54C0C0E03F7F815B6
:105C5000471B4A433BAABC132901E42442C20E223B
:105C60003F2FF3EBD006EE81D211F0CC4539CEF7C1
:105C7000FDA742FD2DF7FED4F0DD30F2BC04190E75
:105C8000E6104A8E3BA9C6A30453B0194927D8078A
:105C90009FDA2BD70B0BF6D434E0AD0F46BE08DBF2
:105CA000DBB7DFC6021391212FF80B3A39DA32E065
:105CB0001A09FFC8E00527D7074D812514C0E00465
:105CC000FF3707FD202D302EEED1D3A52B0A12E190
:105CD000EF4BECE313081CE0C0024B94E127E70C08
:105CE000F2EEA4FEAB333B25EE1723A7B2A6D40CED
:105CF00028F10CF220FA8D139FF00DF714DB07F357
:105D0000E6C6F9D2E9E534C1FE122314E5DE198CAA
:105D1000C6EEEFFB0CD9FC1ADC481312BEE90FAB40
:105D20001DEF0A1AE7D9EAE18B22FD9A01CD1BDDAE
:105D300011A3C710E17F0136FA17F3B8FA96FBDC1E
:105D4000CA14E8E225A7B00FCEE4AACCFB09AB9BAE
:105D50003F97BEE015E61CFDD2D4D8B315241DEA4A
:105D6000BFDAEAEBEF211437E9DBB46215FD056B0E
:105D7000EC99C2E20CE42A623638BD151F2DCAEB3D
:105D8000E1F3BBE321C0E5DB2BFBEBB5EE93F714AE
:105D90003E0139AD0BC7D500351CCFF127070940AF
:105DA000F9022511F41D2E1C0CA8F010DFE944C4E3
:105DB00067E727EF1CFB18F80919033152EC13C8E9
:105DC00020030AD119DBA9E505C939E438ECCEE492
:105DD000F83E7FD9E030D2DEBE24241FE160CF2020
:105DE00021FBBCCB1F043B3917E7F7160F0525F83D
:105DF000F713FC4BA711CAF8FBF1352E02CC111595
:105E0000A04A0203D72C2B20D6C03C66F4E3F21A3A
:105E100000321518BF01BEF42AEC1114DAD913218F
:105E20001CF7FECAF5EF38F106E7B604BCD9FB2330
:105E3000B5101C2704810FE0EAF5DE01F7F2001B24
:105E400024B0E1C9A0E312D4260D561FDEFFD926E7
:105E50002F271D0124DFEC20E5031FEC08D5FB14E0
:105E60001A1EDF25FF000BBEDA1120CFFE0B11B882
:105E700016E713110DE018E601180E00D3E1FEF944
:105E8000F8215CB80D1A0E2BC61DC9E3341634096F
:105E9000080347FC23F5FE08FCFA47DDDBE79F1EFD
:105EA000F50913DEFAC3E4B5023AF101DC27F2F991
:105EB000B925F22AA1ABE001F2F1E4BF2905D2280D
:105EC000DE190AE2CC12600A0855B23DD9EECD1AAD
:105ED00033B4B312331903AD36F8C7DE2D8BF10698
:105EE0001B4024E42717FBE1ECE0D58837FDE1D81F
:105EF000EDE10B31441630AB1605FA048117E9CEFB
:105F0000323E6EA313E139D635EB99F43B1542E8E6
:105F100019116A1F3EF51C1C17F2CFFFEBE1FFF3CE
:105F2000762101E125BE172F45DBAAB017D019C88D
:105F30001FF9A8F30684DFE9140D0941EC3519B8FF
:105F4000011AA1EDB5FD09F5D9B0E74F01E4E8501C
:105F5000F1ECF3D7F9EBE9F4BF22EB091E11D3A75B
:105F6000F3CE0EEE36DEEF37E413FE6501331EA9E5
:105F70005BE281CE132D50A23E18E80852B51DF603
:105F8000FC200E1AD305E502EBE55010DFD7D00256
:105F900023DC43244802FDD3F6E1F0011AC7182A96
:105FA00039E34DD104FBE56230C7DF3B2AF83AE81C
:105FB000C61D511A32A3F5B41B03CCC7B34E10143F
:105FC000F3EEBD13BFED1CFF5D185A5D10E0A16834
:105FD000460F77EBFFCF0CF0B9FF3205EDBF9641CE
:105FE000144CB436FDE22C1EE03C3931DB1D3EA7DB
:105FF0002BD2DBF422030BD6E0EB0B1BC83A30BCF0
:10600000D44C4D81E30DB3E3A11CAE39FDD6FFDBCB
:10601000C8F950F8F93BDE5E2E09DE20DEC9BB224E
:1060200036E0C2E5351001CDF7D8DFF127DAD1D55A
:1060300033D912FFDECACE030012FF283F0005004D
:106040003E5FCA81DD3C2B0CAA15D5A6B6D2F4FF63
:1060500032EEF1050AF5EF001B5C0BA2581EBDF3F2
:10606000E0CA1726F828BEFA691BF2F4E1F10A0823
:106070003134F1AAF71E09E2DCD9FDA048971E2AA7
:106080004327F21DA1ECABF0FCE4F6A5DAF119C050
:1060900038D9250AD02BECFCCC0A0513F8F40BC830
:1060A000F1E6AFABD61A49151AC655C9CE260FF977
:1060B00012F4E601FFEEDA0BDF08C61946BEFEFA5F
:1060C0003B150A2422F2BDFC29F91422AE1A399399
:1060D0002EFA1595C222F3B6FEB20321D557E90375
:1060E000B61122C9351D33595BC810384981025F8A
:1060F000D803DB10DDA6E75A2DFECEEFBB1D0665EB
:106100003BE3A706F52AF0FD55D6582FC3BF3AC189
:10611000142CA200DCBF110A81E4F416A1F0CCE03B
:10612000DC11D30D610CF512E81829285AF3370059
:10613000C8EE154B0948DE46E847D3C8AE2CF3EC51
:10614000F5EE12F1FCD92A32BAC325D7E30CDABA3C
:1061500038E6A0B9C4CC17F01AE3CFEFDC01E02198
:10616000D5F2323CE2FCD7673B02551B5DBD9F393F
:10617000DFD6C05CF69A0568F9F812E3E13E022822
:1061800014D72BEC13FB168CE2239FEFBCC406182C
:10619000FD17AB41F2BB0F361FACDDA1B2DF05F43A
:1061A000F40A1CBEE9F3C7ED03371FE016ABFBFA98
:1061B0001EE20E1FD51D0ABF1636FCE829D3EB4799
:1061C000EE3B18EC1FE11809F4EEE4D119D60811E2
:1061D0004619BABFE7F5C821F3CA0BCB12A23A257C
:1061E000FEF60A149609DCE8C7E41706DBFA810418
:1061F0001043D1121BEDA037A59E17FFEF250DF020
:1062000011972335FFBE0EE15404F905120A14F468
:10621000EEDFDBD932B300181109FE3FE1FBDFF2FC
:10622000D301067D19622F4EB8E8E7AC093425FA90
:1062300010F0E721076F0B17F22C2836D405462201
:10624000AF812C04D65FDC15FEF8E3F355AFC746EB
:1062500099E1EEDBE3E0F9F4D91BFB32EFE8FC2235
:10626000FE99C81E3D8D1100C63D242C23F0F6B4C6
:106270003852FA3508141FB7E9ECF7FF6D0BFCE94B
:10628000FD0F3DEFCE2EC31EC5E1C1FC341310310E
:1062900026F20901DC3025E04F0F1DDEEE111C3126
:1062A000BC50F32A124B0FF8ECC8B4E5A3D6E5EACC
:1062B00000CC4DE01BF6FCACF8292DFF2F0D0A1B7E
:1062C0004DDA0CE90B32CBB5CC022DFE2101D1CB3E
:1062D000EB1613D80209DC12E622E2FBF1201222AF
:1062E00001EF410C14DE0EEAE5FC00EC163421B699
:1062F000B94419EC111027B6F5DCC1E82FE5CA1E28
:10630000302647E881C2D609E0EAA93410E9F4CE84
:106310000C0819CED40DDEAD01F30D0EF9A7352B07
:10632000E32FFABAA7CAF23C1C02B7E20D99FE1499
:10633000D9CA0FF413E9D681C60ACB14DB1DE4DAFF
:10634000831FCBDDB938E0D94B51543ACCFF9A20AA
:10635000E0573FDD07C11007D9DD08F9C4D2EDFFD2
:10636000E2E81A4200BEDD99D9F5BCEEC339CFCFC1
:106370001201B817D534E4E0CEF3CE0EDB09D428F1
:10638000D0EB3AB80D17DB0806A8BAF7FB3FB822E6
:10639000B8F12414F9BA13E913DFCFEAEAEC141EBA
:1063A00017DDE92CD6F4EFCC16360EFE1AFFDC0C06
:1063B000DE061B05E856F6E72AF6EAE30F08DA3FA1
:1063C000DB2AF4F702D1F3060E1BC2C909D2130A65
:1063D0001E05070B22C4EAF816A92ADD05DF3DF9E0
:1063E0000715FA1CF605E7DBD5D5352BD70081D785
:1063F000FCEEDD110D03A13912BDF4F8F633023FB6
:10640000F210CE2A16B22EB716CCDDF03AF12CC817
:10641000002F130401DEE60A4A5E241C0D0D1C1138
:106420000A29EFD5FA20301BC7C0213096DE4EB8BE
:1064300006F80106C5A1E2F8D2FA0755CA144C10B5
:1064400022A77FE6DC08C99EF2554E0BF24530FBD1
:10645000D3064AEB099CD4D921F6195EDC48EE1C20
:106460003CE5EE8D174D6FCB9DF8C2F54008FCBDA5
:10647000EDF04DE0EA2A03D3FDB0DCE3E1FD0A24B0
:10648000F20A1DFB971AA13DD74CEB624212DF11B5
:10649000F64F2DA3CECC25A20CA8D6DBA6BD21FCA1
:1064A00027B117EDCF09E2E038F42A1B59DC0C11B3
:1064B000DC2B153FE12C159C1605C1CA4FCDA00D54
:1064C000C851CBE4F816EBE20CF4CFE1E2D534038B
:1064D0002326F1C01FCBC4341E102EB9EE920A063B
:1064E0000C13B01D8141E1CC04E728FCF2FD96E9D4
:1064F000C53B2CC04EEDF62BB88C5013EE40FA0D78
:10650000D6CC05F3FCDF44EC38E8E3ED203219E2A9
:10651000E4BD07102BEBD217251E3DF8F901E41658
:10652000EE2ABD52EA07E631F7AEE4D7078125AD82
:1065300022F6FF373EE6DDFA03FC090D22D8F8E427
:10654000E824D62CB656DB4EB00DF1D300D8DBA92B
:106550004202E9F6A922D0DE07EB00F8E1B7D60F38
:106560002493D9230707C7382C1C16C0EE152DEB32
:106570000A4DE9DDFF271F1907BEF6D53BEB0003E7
:106580000A44F5E5A3F8C9F807E6A9039FFF2FF42D
:10659000120919D3EEFDFCD9CFAF3C062BF5C2F79B
:1065A0000602C6DF0A1F53B9DC0FDFBF40CA10EE78
:1065B00017D9CEFFE44CFC9EDE06DFCA00CBD4DF49
:1065C000E910DAD8E348F2D1E6EAFAC40D1ED405A0
:1065D00035C2FE170AE8E1A081DF14CD2236E04380
:1065E000C9BBD81BF9B3FE1DE8DF1434F812DBF188
:1065F000D10523FE22E3250DD01AACE7180CDCD31D
:10660000219D0A04CB3E0CE7210206FD1703FAC5C3
:10661000E01A44B01606E9F5E90BF952472031A912
:106620005FEF1DA9DDC5EC9F16CF40DA2DFF12D517
:1066300028298EC90BA0B7FF02DCB7F40400F7B518
:10664000232E030ECDBD19D91DAA0B500324C0EC77
:1066500028C126A9CC203DEADDECF341F0F2DA4670
:106660009C1D51FAF04F30622F23F64E19A95B039F
:1066700081DFB64AD9003934E651D222BBC9DD10D8
:1066800043FC1335E7384D0235265DFDAE973F0DCF
:10669000F100C03C1A08E10D1707F91AFBD1320AC4
:1066A00013CFD8ECF8DD114305CD0DF3E2FE24D86D
:1066B000FC38E8B8DEA6B1AB31271CEC1CF64DB9AE
:1066C00004C7D7300314D720D724534BE4E081FD0F
:1066D000F1CD57C5EAF82E2CF311F13AEB3510390C
:1066E00028C1FEEB0C0D5003F02D2B26F336E4B33E
:1066F0003007B10AEA6A092A28011E2E29CB391768
:10670000A5203DAB015BF008E0C72631F01CC8D2E4
:106710002BE518051512FFD63F14160F24D8062AAC
:106720002B0AF7AF81E0E00650F23FFCF4DD693060
:1067300009170804E91DC2B51013CF2841E2DFE1B3
:106740003833F62C40D30F03C9DB23C2D623EEFC2B
:10675000770F3212A3DBFC0DECB8F8BFD04B24FF4F
:1067600008F0F004DB37695932D836501CA1277283
:10677000A9F607EBD32DE543B8D8E01BD522CC18FA
:1067800011B4DC24044513C34AFF70F7F7EF4F033D
:10679000CB0ADE32BFE0C70825DF49EDE42EEE323A
:1067A00019E424F8DB1037E6E41D261AB946BE1AB0
:1067B000DDF9EAC9F80BD529B8E8D9EA96D0FB1A71
:1067C0002C8151CDEE1D06E02E0D5046FA1F0B1206
:1067D000E9BFEEC7E7B12DE9FC1AD331B436C0FBEF
:1067E00040F7ECDE2E1310A3E2ECC2E41CB714C495
:1067F00007DD310703F0F8DC163DF902FEEC37F750
:10680000644C39CE17D6C12BCF3E0ED4451D112F67
:1068100017E233F7F0F71D1B2DC6139AF306C8D401
:10682000F518E5B2C1F3E0A2F3331AEF21D9A48140
:106830001021DCDAD1DF4747D00BDC0DD034D0EBB0
:1068400007DBE5DF27DF96175D05E9C92B4201CF9E
:10685000E20AF1DDE5B7E42709C0FC26EE2FE724C4
:10686000FA21C0C816B923FCBE23CD00CED2F8262B
:10687000B2C8DF2B1CDFCEDC0FC3FFADFDD7F3E3C7
:1068800022B017E7E4E434090714CAD040171AFD10
:106890002BAEDD13FAB33F0DD7CC1ED4FC00CCD108
:1068A00059D403EB150CBDD4DDDCE4CE04E307952D
:1068B0001F35E1F2EAA60D0DEDFDDAFFD744CCE479
:1068C0001D6BC2B31CF005D2D7FDE0F314CAF5E18D
:1068D0002C371BD6FA06CFF8032F2204EEF2193814
:1068E000E512EE28DB06E52871D72404360F1D09D2
:1068F000E3FB810C304616F3AC078CD5C009CD26DE
:10690000EA1D32D745E232F1DFC2311BE3CA53DA66
:10691000143E0A08FD14F3404D4311F6FB233827BB
:10692000D1E5D6C1CFFD2FF015D62F1DB542621986
:10693000941B35F1F781E18504FD03DA1820EDEAB7
:106940003C9F3E0DB13921B2123B68462AEEF81445
:10695000E21455F823DBD42029BADC46DD28BB57E6
:1069600010FDE5A0DAED48FC8CFC5CCD114827B5A4
:1069700022141518CF043B17E1E9FDF5C2ECF7121C
:1069800019312D9F0B28A617DFE8D6671306F6CA24
:1069900011D93A1722DA0A21F918B4EBEEFE1AE4FB
:1069A000531ED12DF017C7DEA1A9FFDB20C902D3EA
:1069B000FAB110ECD0E7E9EBB7F8C1F61DB7E33256
:1069C0002B09F0E1D1C1E19BF97F0BCCE60A3848F5
:1069D00011BFEA28E10110E6F1FFDB08AFE6B8F4E9
:1069E000F3C5FA15DB164036F0BA050D0457E61F5D
:1069F0001EB1DE00D1FC2F04FE33029D0F02D9E947
:106A0000DEED33B9473E2A0D3716F0EFD31BF4FE07
:106A1000160244D8F6D0EADBDFDBC5431D23650D43
:106A2000310803D0CEC6FF144426323618FE6F1943
:106A3000FDCE0CDCB9D8DBC621AEE2C403DE07D143
:106A40004283274117FE972632F37176E501C43E53
:106A5000C5DC31EE2FC7EA54B9E8332EDC440A3FD7
:106A60000B13F1F3E32759E3F8E20DBBF5C60F4131
:106A70002BC3CCBB059A12280F3AE630C6EC2D0882
:106A80000A139B1A165DA07FE9F000ED39DCDE5B8E
:106A9000DB35C63F36241E36ED0081525F1448EBCD
:106AA0001B47EFE1EC12F9383E978A2B0ACA2013F4
:106AB0002B38BAED2EDEAD01F027E427DED053915E
:106AC000F022FF4DE7CDFF240DB1346923E1B32659
:106AD000D5F75DC2BBF79F03AC284105F7F21B1F3A
:106AE0003BC4D5220AD71F47A12B201F24211512F2
:106AF0005E0BB33CC65AF314130B2C1340D6BFFDE8
:106B0000E9E7C53623309E43D5C42E37C60FB35BA5
:106B1000D311DC5B2FF9F2CB0528A8C5C0AC9C993A
:106B2000C40ADED5CA511CCBAA6400C5E64332F0C4
:106B3000D70BD5EDC516FE52BCF403FE59259510B2
:106B40003A054C2507B1F7F3B203B116FD0408BEB0
:106B5000642B94DE3102FE11EF1B13D4D49374DC4A
:106B60001A1869E3CC1E0D4A453CB96D06E60E15B0
:106B7000E700B2F84C15D878E7E2B41A0929AF5209
:106B8000D3E72C171AA16D81F4E8C1C00AC32A12F9
:106B9000697EDE90231A21FA40321A811FDA4D00F5
:106BA000F4FAA32DCFDE3CFE05A430CBD0004FC4B9
:106BB00002EC52071D2B0FB3131840452ADDD53CBC
:106BC000D0FF26FB16E9C00ACE06CDE027D8FAABE7
:106BD0003F54FC9DE923EE07D03DE706261F2C0914
:106BE00019EB04C301021F2814DE001BEE0AD507AF
:106BF000DD3BE70CF006E54ACE010E1654240352A5
:106C0000CE2EE90CEFF3F5DB2CAA113103E0BD9D8C
:106C10003727E0D8BE210A2EF4D1E3FD0E0FF8206D
:106C2000CF99E2EDA81D1D17FEE615E74F253C1C88
:106C300022073EE914DAFBB52DFBE7034D07BCF153
:106C4000E348ED1B14FE0423E9CE1AA1DDDFC907DA
:106C5000670DE0E310160806F8F460B419D8484B45
:106C600009E40CF19335DAD5F8E60E18E8D1DD2702
:106C7000F828F3042BF28141A2DD01F126F304058B
:106C8000D5FF063FBCFB25CE2CE10428EFBE1894AF
:106C90002000C7FA0BE821FB1DFD5AC6DA29F1E8EE
:106CA000C8E73BCAF8ABB50202060830FED1FFF8D0
:106CB000B6F028F416F9FDBF27D403DF0BE3D60B9B
:106CC000F2030804E100FD810AF630D80D051F1516
:106CD000F418130BEBD5EF172EDA0B0A03F4D418C4
:106CE000472DD5F4DE371BB211D92503DA25FDD5A2
:106CF00007F201DFF7C0E8EBF6D001E9EFCF12E0D1
:106D0000451E20BE35BFDBE90B29F8E9FAD4FD0AA0
:106D1000AEF66C0AF91323BEF1FCE1E6D814DBDD14
:106D2000D8167C04F7C4B4399A3DFD154E22430FA2
:106D3000B5083ADF13273DD8F8AC099E9A05E0C89C
:106D4000A591DEBAA84EF9FF5F3728102E06CFDCDA
:106D5000E017F115D781FA3130E0080A27DCED029F
:106D6000FA33ED7B3019E3E6825422F30DF507CBBD
:106D700035CAF3D905DCD5DDD412503DBD5320BA58
:106D80005724F90F36109E089C43B79F50D14223D9
:106D9000C931231E4B0A11BEDF22FA06D82181E732
:106DA00007C0E5D5002B1CEDD83B19AD17F8BCE9A1
:106DB000223B4D01DD1AF7F0162FA5D519F122EC73
:106DC000E74BE8F9252E0400DDB3AF23EC1B072DBC
:106DD0000CD0DC2EDF0120CFEC1857D5322D6BB64E
:106DE00004D4E6C489032CE6F3E02351FEF8CACFAD
:106DF000D14E00D814EDF019DAE614CD3F099FF01A
:106E000004B5F0DFABF017F62ED826C51E08EC9EB1
:106E100078D5ED98E2C514B41304D1ABE4D2390EA1
:106E2000F5EEC4C3D3E80E0B0FFE30D03FDE0A4FA1
:106E30000C51F0CB1B1701B2201BCA1130C581FECB
:106E4000AE3703EC1F03ECEEC10AB7DA1641FAECD9
:106E50002558D2A34001D80525C300FF3C15372192
:106E6000BC1329019143E2FA0EBADFC9D4C0EE5F28
:106E700000FC1A2ADDFE8931A2BA0FD65645FE2B38
:106E80000DFAD766130C17824C094720D3F11AF478
:106E9000E2CAE1D822E82238F9250A1D0222F4FCD0
:106EA000E445D44118633CCC9DFA12E0D21A3BE190
:106EB0001EDB9FFEEB4AFE04DDCAF4CB0FE4010C9F
:106EC00024FA7F13E7D7E00BDFC604151B5C5FAD28
:106ED000CD1BC2DBECFA2DE6DBB001F3A3F047D902
:106EE000DAC143CB014C03301202EF200F1B0045E7
:106EF000D8C5E73DFDB20F31F935A4E8C038B0EF91
:106F000000CFD2ECFFFFCCDE0CEEFBF104BB0BC7D5
:106F10002A04CEB00BFA391FE305FC2314C54FF049
:106F20005BE604011805EE632310CDE024FD01ECBF
:106F3000D2F2E7D1FDD4C8EEF7D0E51BDAD92AB3F7
:106F4000B702B213DB34FD121DA86C3D2A93BCF7C7
:106F5000FAC34FD8CDE2BD189E1E38F0F581D70098
:106F60003BF2FC49EAAF1C3FEEFD58FAF2310199C1
:106F700077EAE4E4055D22BFEA15E0EC533BE292D8
:106F8000F31CF4F7252D0414D21B11113DE5C54067
:106F9000EF2C4A1B4951CEE323E5DCF41324001106
:106FA000F710FB1BE4DFF5EBB72A13EB0613052103
:106FB0000E0EF6E1EF27F112FBAE2204D6023FE2FD
:106FC000CFB10803D9390C221A21121000F108168A
:106FD000FEE41723F981FE1BE1E3E407EFE1092654
:106FE0003414031AEDDD30F3E0EE01E41CEE1AD5A3
:106FF00048E61CFB0CD11EE9EA14F2F1D62200C4CB
:107000001024FE28143CEC2EFF44DDD34603FE0C76
:10701000B6F616F60A0D27F926C2F11BB5DA0DEE03
:10702000F9EC1D68DE3AF040FEF39DA2F9D5F43686
:10703000EDD7BCE4F658D9E90AF5220D0CE4FBF8CB
:107040000D9011CCAF4AD2FA492F013C1403E5FB55
:1070500092E3D7C6E6D2E91EE410103DEAB60D2D44
:107060002B02001E1EC7EEC0BF38CDE5FFE9179208
:1070700044E41B14E00111B80E31E9256711120434
:1070800020F4EFD4C15C19488120E5BE36E0C8E4A5
:10709000F0CC3AEA415430CAED249B3012ED7F0F18
:1070A00016DF09D9C2EC571C44F1183F702D22F0AD
:1070B00012241BEEBFB1F99B1C14FC10E7DC14F981
:1070C000D9FAC9181FF3C4E918EF05472A23E2BB10
:1070D000184471CCD6C812E9B9E4DEE9E13FC73300
:1070E000CEE5C005E7564534FCDB2120CEC0E05498
:1070F0000DA8D3C3E8391B2ADB14E225C308120606
:10710000B6F8B33CD16AEC462E1029110BB8FC1E20
:10711000D13AD950EE05F1EB1F231EDF0AB44B061E
:1071200003C0F184A50025DF1C2D1E3CF80D3DDFBA
:1071300025E751EC460FD1C3210DEF084924A0EFFC
:107140001A2F01F31DDB0525FBC4270F20DF44C2E6
:1071500047230681BAF7EEF0DD1C69EDDC24F73E2B
:10716000CD044694D15E005254FE227262D536633D
:10717000F928213BC7B58D71A7FBFDE625D4DC1CA2
:1071800026E7B740CA470F1726E6444ADCC7EFB6E2
:10719000003306250CFFDB2632F9F9C5BDE4CAE849
:1071A000EAF3B1AE87DE21CA0D2F7F12F0010A3259
:1071B0001C342BF3DF0C23CD3D40CF12660AA61DF5
:1071C0001A3B35054D10ED08E20B10DF185F0EE994
:1071D00045CB0DC20EDCF9B8D427F302E2ECDA2776
:1071E000E243FCD9DA563B28380B343616FADE1B5C
:1071F00098E73228D6FAFA26F1E7260FFA36B35581
:107200004196E32EFB17EBD941D049F1EDFD38FA59
:10721000DDDF10DCE6F9C7104F213423DE0030F843
:107220001C09F9AACDB4F72633142A263137360FB4
:107230000A3F1EE3E58F3981DDE50102DEDBECFA72
:10724000F3B4E9EC2E080999223A321D032B06D03B
:10725000CAB331C2F600F5EB4208EF312343D14700
:107260000F08BFAED04544CA05F0220705DC470829
:10727000E7D301CE16A8E937D616D8BCD9D824361C
:10728000FCDA1C061814EF0648212B0316083FEE03
:10729000F12B2AEFECB920DE46E703EC15F12114BF
:1072A000D9AA02FFE7F00E00BF9AFF090B2B542F5B
:1072B000F9FD2D0231DBF0E1D23B34FF54F3D8115C
:1072C000696429472CE0C6F4F52941000CCC0C2355
:1072D0001316FCA1D314EFFD22F42A1909C7F102F9
:1072E00010CD2DF5B90E2830D7E5DDDF222BEE3C91
:1072F000F01DE10EF1C5D3D4D281BC32F5F119D81D
:1073000006C4B0F8DE0106BE17CEE1ECDFC903CF3C
:10731000E21CB4EDDD1F260DF1060BE9180CDEFCB6
:10732000A4D9DAABB8EFB508E81BF70B01F7CEE745
:10733000D70FED0ADA343E810531150320D9DF1865
:10734000DD40F91626BE18F9C41B97A9CFE4DC0F5F
:10735000382ED60B382CCFF7F4F0609320B6F4EE2D
:107360002B021DF8A36EDEF6C022FFF2CAB3EF2A8D
:107370002E56ED0016E0B029B4CC18FA112624EFF1
:107380002409E5F8F5CE37B727A4FD52011912ED0F
:107390003D00F8F4F100F6FE1B224A50E62E2FE6DF
:1073A000F917089187C0E2BE3E307F24FF4F0218D4
:1073B0001AE43F09E5BFAEFB82E1EDD7CBA236A0D0
:1073C0004F955B20E60916B600303E3A205CEE2B66
:1073D00017E2F3E70DCF3123D3078E41E7489C5ADC
:1073E000482E03E6191B5A1D09FE29E62DC7EB237B
:1073F000DAEF2897A4BBD6122D72CB2CA8FB410B39
:1074000033FA1CC7064EE840ED176EE5E9DDE4E20D
:107410009ADB281304DCFDDC02FD5D03812BFFD128
:10742000EB32E43F58D52A1EDBA6EBB9E9CEFEC00D
:107430000E1A14E61FF4C60E312621321E011FC992
:10744000FD3806F4B810D9D92702F01B3BC3090652
:10745000CB063FB9144AC826D349CA033ADFFAD14A
:107460000FA855C712C905293C4D20FEF81BEBD3C8
:107470000B5EECE9C8E62DB4EC9A98EA13DFF63A15
:1074800018437630AC030CFEADA81B40CF111EE9AB
:1074900026D8FF93D60A3991ACD2D45525C57FE4BE
:1074A0003EF737A5CCF10D0A43EB4DE958F85426C9
:1074B00023EFEDE7D6B8D4FFDFBA0205C4F939C22D
:1074C0000FAFF61427F1A446FBBB2E32123AF71F7A
:1074D00008151BEDD5E2C50081CA13F1FE7AC44739
:1074E00027381C143C35731EBBC1C3F437CFF32FB0
:1074F0001BC9FE00DCEFF3383E3506312D1301E4E5
:10750000CEF3D548D761F8632CFD6C02BCC7D9FF18
:10751000E607DE2D09F5D8DF0B05EF1C10D0392961
:1075200010EC219603E5E73D1F04F0210ADD540627
:107530000335520CE1BFE981F9E8E6DFEB09EC071E
:10754000C4F3EAD42E0B1D0C1AFCF505F41D030E32
:107550004E242D0526EA092318BE50200FDED82818
:107560001D11A50ACD2B3EFBB3244ED912DBE20A36
:1075700022D0D512F509E930D9CEFFD3DB2D02F7A1
:10758000D6001CF4024AF2DEDD3306FA1EEA1A12B5
:10759000FA240426162500172901F4FF0EDCD01961
:1075A000E5F7CCD2D808D4F933F4221911E2E9F185
:1075B000FC200DE91A1947DCF010ED0439B5D7337A
:1075C000E926132E16F3D8BDF72CCEC614E700011A
:1075D0004C35ECA7D3FAD4DD00DC038102DF29119E
:1075E0001AF9DBC9D217DD11FFBDECFAE415BFECC7
:1075F000E10706DCF90CAB2F87B1FFEE2126F72956
:10760000E9FCE90924CE12F936FE2123031DFCD43E
:10761000ECE8D61D01E3FA1FC2B2D1FCD4CC12DED5
:1076200016A7EEEAF452D3C5E421EE4B3017DEA8DC
:10763000F23B27FD049F18F0E7EE11D0FC1098E90B
:10764000106AA5A34025BFF8FB45ABD1E3A7E39D96
:107650001121B74E5B27D6D44E4738DA02AB1F65EF
:10766000E3F3E8BEB5FC990C2D514CC73DD1F61B98
:10767000D774CA26F1241F26E2D2D4F1392DCA3E8E
:1076800030C4FE6420CC7FB427DF2B27F81D4E1CAE
:107690006247DFB9FCFECCE8561429EAEAC7EE0BD4
:1076A000A613D8F1F93E38B7A012E5EFFBE518C9EB
:1076B000E208E4ECF234E2520F01DD334D110E2109
:1076C00044246625B3190827DBE3F60934010BD8F7
:1076D000BE2DB43801080B1E1C35BC06E51C3FD777
:1076E000E7D830EB2BF3D12B30E6B02AE80E3AE89E
:1076F000FC1E1C23F8E6C7C2FCC917F51523CA30C7
:107700000510460CACAEF4DC1BF5F7161AD4E500F8
:107710007F1A2DE50F0BDDED21181AF4301905FB4A
:10772000DE18163C230E4F05C9B00D8281F5F5A277
:1077300038FA44DAE4F6E6C00431E73D2100F5D238
:10774000341E00F2F437C2DBB5ECFCE119B227C5F8
:10775000100F0D05DB44D0D1124404472EEF23EA6D
:107760000CDB2EFD08C1AE265121D3FBE32D2EE804
:107770000161FAD6E7E5FAF2C3C5F5E93CCCF63E7D
:10778000F3D2F8E1C3C1D1E9F7E006FDF4FF22CF5F
:10779000490833B29006C2D1DBD997092DE46DFFB9
:1077A0000F1EF8EED843FB261FD8FDD647164FED27
:1077B0004FAECAC8FE071ECCB42224401BB640A55B
:1077C0002AD0D5782737B3DC10B3113CCF082DD1A0
:1077D000A6073FF7B302C835BF013650F05C26203C
:1077E00024481FCC533E4E6CDB0835EE13811B4CF6
:1077F00000DAA803DDACF73C1A21206725CDD601BD
:10780000D5F3866FD4191E30140452EF29C8E9FF4E
:10781000BB248743F001F0D01C0C59110F14D02E5B
:107820008D63DB332A5E483D93CEFEB911FA02DF49
:1078300026A6F5E0DB78CA34A9C00A3F350C1AF257
:1078400041034A0B03EA243B0820D031110239C11D
:10785000B42F81C1220923E32703D1F5F2E2EFCC53
:107860000C0B5E361FE9F31A0E08D21A37FA46EFF0
:10787000E137E351D6B1ED1B080DD7BFFF09E91C75
:107880001202D629DFB922E81E3CF2DB0BF12C0CE8
:107890003CADDBD5ABDA41E300EAC72BBCDDAA0483
:1078A000DA04C60C0DEAFFE535112D0348F819DCA2
:1078B0003AD40F150929DFA93600EE21520500350B
:1078C000B654141704FC43E0B2E9D7A61DEC27D444
:1078D000FCE1FD2816D4F2D416B0F89B31D716FB84
:1078E0000E1BE0D9FF05C420FDE7FF03E28AC1209B
:1078F000370FFC1324E5814830DB29B8083AE3143C
:10790000DB01AA28FBB54BA31EE1E807FC030ED45C
:10791000081816FF0DE3103C4BC1E4CFF700F60545
:1079200016B90381DCE9B9AD400AE43542C005FC73
:107930000F131925FB3DF4D01D18F5014AECC415B1
:10794000E840D91838EEDB28C612BCD103162E0544
:107950001A3DE3D2D2F2D5E706DF0CB22DD243179F
:10796000EDE0C7F2A6FBE1BBBEDD213FDEFDD302A9
:10797000CB29D4ED0D3AA414F198F9C3264206366A
:1079800006CECAEAE20E0D862A2E11D22C1811EF6D
:10799000CD01D2E8FAF9FB281D100AADC6210B4033
:1079A000109252FBF00BCB23CAF73D1523264C2037
:1079B000B6FA26ABBCEFDE1E07F6E0D6E8B0C5117E
:1079C000FED4D4C3EEEB0AA925E407F903FFF32C98
:1079D000D3374A072E810B10ECC9F1DCD91FED51CA
:1079E000361AEC26B00851E8B1FB34F9D9241C153D
:1079F00023F1F3D51EA4CCD9292C39DBDEF13908CB
:107A0000FDF420C2CC25D79E130CFB0B05D311FB34
:107A1000A9EB04E9031D130752243981D6F2051C92
:107A2000F9EBE316E41A071511C60A040226F32A35
:107A3000DE27341D0DD6F5BDF71C48FE1C05E205FA
:107A40003CF30C053813CFC53427FDECE8380E1392
:107A5000F81E24BEFDDDD118F425CFF5D059264AF5
:107A6000EDF4E0D9D41D2AB2FDDF2B2F2CD7DF0E89
:107A7000C135F30EE0E1EB19E0DF1FD71BFE013E3D
:107A8000022FE9E00FF3DE35FFF6CF03D834E5D15E
:107A90000F2735DC06C605F3373E4AF7C2FEF20D66
:107AA000F1F4239FD1E941D5263C1F420735FFF36E
:107AB000AD4121C9F8F4F5C20C0A1313E5F901FE32
:107AC0002AC8F4FF04EE04D51A2356200F162BDB28
:107AD000DBB11CCD1081F11709ED2834E9ED065911
:107AE0002B01A1E5BB225A8DE944E50309E403D546
:107AF000E8D500DD14B5BAF3D322EE040CBC501265
:107B0000282565DDF213A2E6D0140F2410C8D1D5C4
:107B1000AF1107CCCCCF37B1EBE7FEADD031EA18CF
:107B2000E051C430D544F9E5C13600BF09E009266B
:107B30003CA8BC161772283308AB0218DDBD0A3505
:107B4000DDE542EBA6192F46020C91E7E12FF4E8A0
:107B5000A812A0CB0EC220D12BF1FE0AE6E1CAD5B5
:107B6000D50CFFEEEFEC263DBD04D82220FFDA0F46
:107B700026BCF71BE4202EE0E65001D50F071FB707
:107B80000A16F717D6DEC2212A31CB8625C5F23E6A
:107B9000D202F80AEAB57FF4E61BEC11FEF4439D2D
:107BA0003A14083A1DB9011FFCD3C01549CB0CE0AB
:107BB000171FC5FCCC81C2303432CEB2DC403BEE64
:107BC000E0360FDBA0D5D719339B1417E5B3FA487D
:107BD000DFA5120BFA1CCB4DDC1647342AED040A44
:107BE000F3D2276E48BB072AFD40190A165755AF36
:107BF00007BAB9F4F25E3B19551F0BBF05CCEBDC9D
:107C0000ED33F4EC3161CB1CC8CDEDCBEBDD1C0DBD
:107C1000280F1B3CDD58C5D1DB0501BE10FAC8E4B6
:107C20003CEC25F4E440EE1E0CC3E51A07FDA74624
:107C3000FFB8FBCE01042CF1FD2CFDBAD510E7D422
:107C40002620C30B12BD20FBD80EFDCEF81824034E
:107C5000E9D7221414DD1EFA242408FCD3280DB71A
:107C6000F3E4C71B81E24F00D7FA071408CCCBF826
:107C7000153FE20F0626D9B1B7C2F0CBAB080AF028
:107C8000FCF80BA8C1DB26B82431E2FDDEF5C0DE2E
:107C900000EA17D8F6FF2DADD0ED3EF89816D51FA7
:107CA0000DEA1DC417E2C20B000BEA1BCCFDE8DE97
:107CB000A7FD4CFAC3B013D42DF1E0CBECEEC6BA5D
:107CC000FCE0C6C4D8BB2CC936270D49240DDA20E8
:107CD000CB1FF42DF5CFFEF9E42821F40DB5B50E38
:107CE00028340906A0BD0C81321EBAFFE52F09A079
:107CF00040381FCCF30DFFB3EAFB205EE409FC160D
:107D00004C6364A014360C27D750CEA8FB2439133B
:107D10005102471F322DCC4C21102A1814053D0B5F
:107D2000F5EC361DEBD12B3426D7F73DF4F153FD9E
:107D3000C7361BDAE2FFCACD15F02B00D4EF25C6FB
:107D400001B810FB2F45BCCF3F3246372C4811D429
:107D5000DBCA0FC5230EFECFE4460324E67FF910ED
:107D6000E72BCCCCE20E6AEECA2B19F7A7BC09E4CC
:107D70004FD0F4ACBEC5F8F0235CCD3438FE2D16E0
:107D8000E965DFFA134FDE5EF51D2A1B00ECF62EC7
:107D9000E12ED6062308D6CC0B3137F1C200D632FD
:107DA000F0E705C115DCFCEF1A2D1E0EDCE6F83BF2
:107DB000F3293AFDE1F7F3811E0B14D6DF0AF5FE35
:107DC000ECF0F5C806E3F7D10046FC241007DB1100
:107DD0001C13201427E9F4DBFED1EB231DDA042267
:107DE00007F2D4FAE02711DED50BE90DFA08F9D233
:107DF000F0FEF3D6EFF70123F7F7FA1AD32812F5BE
:107E00001930211120E207EDC900B3EAF7141C0A6A
:107E1000F5EC2815EDF23015382208E202E8F102FF
:107E2000C6520406DA3C1CE2D9150E150DCCBA0F69
:107E3000DFEE0137B5482B5BDCD10B27D1EC04E931
:107E40002FED0D0BC711F95100E58118CD3500AFAD
:107E5000E30BA327260E10C3241DABC90A06ECF6BC
:107E600031FD323A29C515495DEC0DF927DD181DA4
:107E7000F0E3EAFEEB0C35CF1A0109D5FFDF2BF951
:107E80000B3C1237E9C1E00D2BDCF3C1110B60157F
:107E90003FDF30F8FAB51AFE373762E29C30C2078E
:107EA0001505B9EDDB9219C12809B7E23DC22200E0
:107EB000E4EE2A30A8BBE2E2F009F91F001BACD4C3
:107EC000DC14C7BBFF2715B11FF429FE103B11E5D9
:107ED000E8812DEEE1CFC2E623F78FD9503CB807F9
:107EE00027D9F614F118D391290CFBBAC3E020EF7F
:107EF0002533F1D4E4FA05FBFABF3C16D2A5EC0E0B
:107F0000B724B8B718D3E41D71E108E31D3D03039E
:107F100092D209133154F3F4DD22E416343359CAF2
:107F200074FAE9D401EAD3EEDB29BC025C0A19BF7A
:107F30003830970C20D7FE1BEBAF2398DD300BB702
:107F400001FD18560F1FF1D8E1A3B8FCFBE9BBA84F
:107F5000DCDCFA54BA4B163400E605F9B3D3F9C2A7
:107F6000E4E91B3BFAA6EE60024D170A1DFE22440F
:107F7000C8E58128FC053568F3DFF41ECDEABAB701
:107F80000D1FFD2A2F3902E0F6B53817A3EA2B2D75
:107F9000EA162A01E2F6E2B1C8F5E9B245D1B4E940
:107FA00033BB25194FD5DFAE31F104172BEABF12D1
:107FB000122521B3E201DE34D10E0812029F01B670
:107FC00013D013E5F5F5DBF0E606F7F345E7B80463
:107FD00043A8F8B5F2BC8E45FAF01BDF113D0CD476
:107FE000C12FFA0FE9902D2301FE04B3CD81F3C117
:107FF0002925D8321BFD2F2F0608E6CAF0CC1AD44B
:1080000029C2CC1BDD3A28A5C0083AD919EE334164
:108010003DCFF138CACD3555F20EF0FAE8FD15D452
:108020001DBAE6AEC005F5F8381212F1F0E44712B9
:10803000FB2933F7DCD5FAB1E12D0CFE3615DDDE78
:108040000854FDDA03F8E6CB1BDDE807090AF2C89D
:1080500012201DDC14EEF4FDEAEC011D2038FC2F8B
:10806000EB310BE5F05516EC3610F2211AEC1B7FC4
:10807000D71EC3E0F3DD082E12F6BACAF2E50645B4
:10808000E2EAD6E6202D0BF1130A2726B70E17D009
:108090000713CDD6070BF90236DD37F9E04095F925
:1080A000A01811E938DA8D99923A37F74F1FE3E2B9
:1080B00013F1F404900EF66B00A3BBDDE601000C97
:1080C0001AE0FEDCF712010BD44ED20B1B51B5F8AF
:1080D000BFB9BBF8DBF81ED051E687D8ADA3F4EEEC
:1080E0005043EE1131C8F93663F7B4E5322929045B
:1080F000C301335A22C516C9B81BDE00A0C8DF91E0
:108100003242300B4CF00AFEFD2444A8FDE85E5AD2
:1081100016191A1AD6813DE326F31CAFA3E5281BD6
:10812000CC341B07180AEEF8E5D2C0C8BB1FD60135
:10813000F4E83D5D0244DBB417111E49E1F5FEE9A8
:10814000FEB8EAF4E764F6D225121436FCC3211512
:10815000CA181806EDECDB3A122BF1F53DF2FE1DC4
:1081600029AE0EF1E4C20ECBCA3B12F6EA30D6813C
:1081700016F62531D701F5DD0516CEEB3EF5F22BCF
:10818000E6292CE098D50D06C3DBFF051FE9D9DAF7
:10819000343544F513F1E8E445ED2F9C01D4F004A7
:1081A00013ECFCF0BC0B5724298E51E5E4D6780C77
:1081B0001A57F44223E7FD85E3FA110D1CBDE90CC3
:1081C0002303E0310F01B9E1EDEED61B0AF7D5E04C
:1081D000D71922A5BA10E72CD9E3F32A16321F4982
:1081E000FE0A1981F129600D3DE7EF0BF3C0DF2F87
:1081F000AD11F1D8C106CA342CD417DC04D8F95912
:10820000DD0F0001D50823243C014C27B70348EBC0
:108210001C5A03E4A301EBD9E6F41A2BFBE3330564
:1082200014D7E2E1C59851F215D55E0433D564F157
:108230001A3C30D0CCA3EFA8DF30124414C311E2B3
:10824000F5C0083F07E0DA81FF480C2D1139FED94F
:10825000BAFE3F99E30F46C91450D926EE79F910BA
:10826000EC2318AB104D46524AD916DBF9D31E70D9
:10827000F040E80EA1DA014A4D1725F506E2563323
:108280000F13C8FCE742084924D14BF7CEE5E2C002
:10829000D615CBDDB0182EB1EDEFF12A17EA25CCBB
:1082A0000EED0D99E1FE15BC173B5AF81AFCF31FB1
:1082B00019D1F2EEB4EEF9069B000AAF33C405D330
:1082C00030070C1022021313D5160802E73AF2A069
:1082D000401FD89D0B254705C5F5EB10FF1F2B2729
:1082E0000005520EEB7C45577FE8EA13239E145994
:1082F000A6F6C022DD022B071CE7CDE4DE01CE4F3F
:10830000F79615CD151E43E5FAED421DDDEB4FDF67
:1083100040E7DA13D7F328302E231BD4E5F3E0EB44
:10832000DF48E33317585AF4BAE102C5811A34C65C
:10833000180D14ECFC1CF517EA24F93B56C3211C5C
:10834000581DFC0FDC40D21E2811E3FA18F1FCE0A6
:10835000C13D1CACC722D43EEC6C091A243404087D
:10836000DCB5F904FDBBE5242A26CE34E4FA16DF99
:10837000A33DD4FCD8E921BD0BBBB9EE3C2BFA2DB3
:1083800026F7FFF59FBDC902F4C6E1FD1414C8C26B
:1083900043F827D9B617FE00358C2ED1091DC90028
:1083A000B01603C93109EFCCDE38F7E8EC07BE0997
:1083B000E1EF0CFDF3C9D2DB281EFAED1B1E400BCA
:1083C0000A84A8DDF919C1C020BFFCF930DEFB45E5
:1083D000D9001BB3D6E4EC3336E3E7E214DDE31552
:1083E000F9FADCE52F091995DF200CC309D4D18FE8
:1083F00012CC1C1A31DEF300F6F3E51D1D18D92C42
:10840000F433F4FB0EE317399941A2D74E280BFD44
:108410003E8117E3F83306E52A2D39C8E6F4DE1964
:10842000C41A17EFEB181F14EDBEF4E3D810FE16B4
:10843000F025E73A225746282B7F47251B12A947EC
:1084400029EE4732BBED99D9F4511BFB26E63EE4F9
:108450001D31CAB5D0D6BC3631FEBFE7BF0031E50D
:108460000EBBD5C1BDB2F300AC39052F6407B3EE26
:10847000EB36F642DCB80B23C7B1DC170C3FC61D48
:1084800020063624E0E2FE0F28D3DD44EB1EC308AD
:10849000E8132E97ECCD2BDD47EF37E3FBFC0F1EE7
:1084A000A52019151B072217D01CEBCD0B18FC1AA1
:1084B000E4A4F617FD7FFA2AD3D73A0F2710F11359
:1084C000F7A13E2BA967FF0B2E17F1E217FA29FE41
:1084D000C7DEDC261DB60316F1F5FA16F9EE10110B
:1084E00025BF130900B8FAFE9ACBE6EBFB05F8B6F8
:1084F00033052C040AEE08BF0523D2DC1610E21463
:10850000F605F517A8E0D720DE14C8F25AD8E7E937
:1085100004C038A31BDA2EBF48FD1886D6254BD8D9
:1085200024DCEE97B8F525E735EBFBCACDB812C7CA
:10853000D11B4002AFCF2EDAFE5892E83790054D9E
:108540000EFA07F6B8D5B5DF4527DCE619FF0E1E93
:10855000EAE8B931C9B3C6F73CB005042325FD816B
:10856000C8DC0712D6FE3B1DE6E7FCD6D5DBCC0601
:10857000DBC1DE22AFF523BBE7DBEBBBC6D313D6F3
:108580001BD1BFEC1D09D4E454DEF2FCEB42C53133
:108590008CBA061816AEFEBE04FB7AE6CC35DDF6C4
:1085A000EC3B1807230D5CF806B5160C97DFC80ED8
:1085B000E0D31A1A0F6DC0FBD91FFB10BAE62AE1EF
:1085C00008AA1CF8D54110DB2B3EEADB04DA1D18A3
:1085D000AF29F8E0EBEA0F1EE161B22ED521E3F0FE
:1085E0003FC5F002D9B52088DC2BDDDFE828DB9E13
:1085F000FC141622E9CEC0CA2C00D6084AE0D544A5
:10860000D339430F81EEDA079E0ED815191DE9EE16
:1086100028C326A1D8EA40BA0CDEE7F7CC0905FC4E
:10862000D419DE27EF4A101FB640F6BC1C11E12614
:108630000DCC14E4047F0A20F9DD0B02F1E843E6D7
:1086400018B62818D01A115616DAD1FF0EED2C08DC
:10865000E3DCA3DC05DE072800F8C6F5FEDBC9D2A3
:1086600005F5F8C0E7C1410EF4EDF8092BEAFBD798
:1086700004F0DF00E8ECE2DE2F2BC2FA2906FDD37E
:108680000EEAFDFFD60DE836B2FECAB643CDDBF2E8
:10869000FEF63423B21B1CBB0B0414BEFEB6091D30
:1086A000FEFFB526E9F03AB329FE2A3FEB122390EC
:1086B000B110FCFC1BF0DA17E2C4F03F2102CCCB76
:1086C0002C2827E8D3082A40A3C4EADC0B02E9BD22
:1086D000413D3A3FC9E4AEFEF9E0F4D4FBFCADE520
:1086E00004C2DEB60F2AA15E011007A50DDBCA0386
:1086F000313A11DDE51FC5F90DD546F9D3B12EB6D6
:10870000F22EF3E21DD17FC128B2C70DC13726A1D9
:10871000EEEBF3A2D30CEA282427D2068CF8BBBFD9
:10872000260FF21637FEF2FDD52D15F434DDE78164
:1087300017EE0CFEAB08EF2BCDF9C72F0CE4D6D209
:1087400033F717FD1C95F7E3B832BDD8E605D3E340
:10875000E32524D3112941AD23EDEA0934F822FCA5
:10876000CB0D41C0EE28CF2E4E13C40039E71C01BB
:10877000AFDD01320DF7085CF531DBAFC037020029
:108780000E0C2EC90201F1EEF923E2C9D7E61D1243
:108790000F1828F21DD4E03B2CB30CE8DDE70F04E2
:1087A00004E4FC0AEE33F51CDA2808EC2CD7F82E8A
:1087B000F4A8FAFE1F7F1B1DC7E22320EEC50CEABA
:1087C000DF051116E42E10161D07AAC7F21937DFB0
:1087D000E4E4C5D241D910E703F9DAF7BE0CF7E9B2
:1087E00011160406EDEA33020FF1171210CDFCEE5C
:1087F000133129FDE3E11FCEEF2D09B3F1E11ED4C2
:10880000090AF61DDBFBE9F500019DCA1300F5E638
:10881000EFF9190CF5F832CFA3C3060300961FEF4A
:1088200031FD5BDF19D5D524F1D2A83E1CC01EEE68
:10883000F9D22B10E114C3DE34C8A7D3D40C20D155
:1088400019A3D2F7FF01F7DC631A7F3FD315ABFB07
:10885000420F3B1D2D01260AF704693830C3C7D9E2
:10886000DD21144BC1E62DD8F30B1AD10E3FF8D7FA
:1088700036C3BF24F01530F6FFDF0F1CDBFD08F315
:10888000373E4FDD22570D11E91CB8193BEAC5E907
:10889000BB41E40533F8BBFF25F91823C3011410CD
:1088A000DAEE0AFDF820B5B5EA4F46CE1F18F07F84
:1088B00022E504F1D124EA4AA9EB08B814CF3233F7
:1088C00001FB16130E120038240F0E11034AF01983
:1088D000E126BAD213E90625EDBEAF07A723E83794
:1088E000DBFC1BE6094537E720FFC7D2FEB5E413E2
:1088F00020D007C4D9B32B1AF471CE18F9CFC7D33F
:108900004CF6E30B1F292829C913E39E35DAFA51E7
:10891000D52408D7DAA732D302CFD10FFCE108E67D
:10892000DBDE182EE609DAFF8125F6C213CFF82127
:108930002CBA39D3C4590F40A5B91CB0DDAA280FF1
:10894000F501C71DEED90052FA14C3E5F3AFDFD924
:10895000DEC4A4B8DEA6F504FAD3D6B5BD172AE660
:10896000B5A81FB741FA4D4C11D3E0C540ADCB407F
:1089700030ECD4BFB52227F84804ADF398D3E3F523
:108980000527BFD036BEB11AE42AC2FBD2E2E0EF1F
:108990004DC01D11190910BEB3EC1EE4BFD2BDC4F9
:1089A0002ACC07A11617CBA4CBEEE6FDF5FBA7E179
:1089B000FB32DE00C583EB482424CCCDF747813061
:1089C0000A2AB1D6DB0516C4D641DD43D4F0E2AFA6
:1089D0003FDFEA3819FDC7F63E0ABE4F020410C158
:1089E00016302A583920F03F4769E5C4DF3E10DAD7
:1089F000D047EEFA1728459EBEBEF1A1EBD2FA1C75
:108A000061682FD11DED41C5C32DC8E817D25D3E69
:108A100039FF2003E9171A2A31D9220220F6260548
:108A2000E853E94B2226583DF8E3C0C8C3D6F88185
:108A300032D4CD19FA37E134F849EE4A5AEC4FB442
:108A400001E6CAEBD5FDB60020E91F041CE0E8F6FC
:108A5000BA1E39D8DD1DFF0FC7450343463B0A291F
:108A6000E5AC1C9859BEB53ED70FFF470B01FBEC98
:108A70000466F43DF2EDA73E23ECFF15483DD7F028
:108A8000D743DCEEBCD195B8D404183BB4CFD01F8B
:108A90000F1B3127AB0809041693F4A8CE2BCC2E5C
:108AA000D2F526A21814C8D5330535EA52F3C0050D
:108AB0000812F8FFF83212E90F3D8AEF2CD9B44FB3
:108AC000D20FF2F7F5F5001C18DBAFFEEDEBFDFF62
:108AD000222C1ED72CC2B11C23BE1CDF22A93D06AE
:108AE000E212C50395F6F8E1BDA8DC1417CE81FCAF
:108AF000F7EA01CE32F1A63C98A82202173FF12DE9
:108B0000FBD7C70610BF41C0290E12B3F33845F199
:108B1000FAF9E9F727CC101D09EC040DC3F5A5FF00
:108B2000ED18B9FEF09228E82DE307B9299BC33868
:108B3000E0F25B2D81B5A3291719FFD82A0B0CE2AF
:108B400033FB1B0DCA2016F8C5EB2EADA81BB82AA7
:108B5000FAD4D4B608EB028D35B7BFD90F2C1B0C55
:108B60002AB90E283D48290C0F1716D4B2BD3EE491
:108B7000D2F9D9A7EC8FE0AA36DDD9AC0AEEF9DC40
:108B80000F4224A6E5E206B321EA3411D1B9AB3194
:108B9000F8D97017BB23F2ECB2CF9AFEF8D31121AB
:108BA000100D0034C8EB3AFD72CED52DBB0D15A3C8
:108BB00008F312D70AB5F347FC0DC824CFA3D6019A
:108BC00041DCF58123E3B40402F1DC050305CEFFAB
:108BD000EEB9E6AFBFD9C7DB30FBD9EE40F6B72020
:108BE000FA4414C106BB9F1F481DE33FF8D9CF18B4
:108BF000F8E6CAF3E71BDE15330625CDD9CE42B31E
:108C00000C2BE1EE3BF36609EC320D1719CCD1CFFA
:108C1000AC8EFF2CF2EFFB96C1DAD30531C06FEFBB
:108C20005BFE29E51B1CDC0113E1FDE036DD57305E
:108C300044D5CBECFCC71E13E1940FADC237EB81DA
:108C4000DF08C32FAA14A41D270145E4EDCA8E2E08
:108C500038CB1950EBF90E2D8F0F30FDEDD6F0D239
:108C6000FF1E2767E600312EFC5355B4451DFB2F30
:108C70002CAFA30FD8583660FD43C74C05CAF099F6
:108C800019F1BB3AEE529D37D3012CD1DE1CE32CF7
:108C9000BF1B0422101FE3E12CE4091EF8F9F716AC
:108CA000F9F03320FB2A81F8C74BF1AE0C0C0B23F3
:108CB000D3C10FB603F2C22D1BB52EE0E5EBCECE2D
:108CC000FA97FB11B363E8223A0E14FBEB25391C2B
:108CD000B416C10F10AE1A0CD5E9D907AA9C171308
:108CE00014013826F3DB0A0CC0D7E6F0DAC7EE022F
:108CF0002DDEC505D4F5DD10252A07F22FC717F3A1
:108D0000533CDA371151160E1752B1A631D1DC5946
:108D1000CDADDE1315100DD533FDD81E1AA81CC11C
:108D2000EDF72299F00F2A7257E0CA4BF1FF6F1B43
:108D3000FB1F4BC418D1CB9631FD1F0FE6F4FBBAD5
:108D4000E9B2140F27CCDBFB35EE7F2D41E6E20EB6
:108D5000AD2B6CCECFE3E216DDDD1509347E972214
:108D60001136ECDC1C3A793BE9BA46E603E13AFA03
:108D70004BB0DBB0F2E1EE2546D5ED4515DD173001
:108D8000AD1EFEE8E744A442C01B47660A0AECE5B4
:108D9000C31FFA101E2D1A13E18BF7CC9FF9233B4A
:108DA00029D71BB1FB02CADAE7570D2E63F401285D
:108DB00007010927EC0E59A70F37E3DC15ED8329CE
:108DC000D32EEF06FA01ECDFD408D2B3D72508D7AB
:108DD0001314BBE7ECEAB0EC1C0044E1FAB52B102D
:108DE0000C26EB37992DCC0F9906100AE4B684F6C1
:108DF0001428EEF626E6DD08F98807E6F836F015C1
:108E0000279BB83C11C94A812A07F43309F447EA81
:108E100023C3F3EBEDDB184D0FBD12F8841CF3E612
:108E20001DFEEE3A1EAD3FDFD0B8E9D13ED8E8BA1C
:108E300037F3EAED9ACBF3E6D4E3D434FDE7D6E595
:108E4000E542E1C814E5330D1623D009EFE0B6CBB7
:108E5000F5B9EF47F813A5ABA2D9E70D28D821E75C
:108E6000D9AA30CE1C0C370F29E9E231D4F323C044
:108E7000CA1BE381BCD924292DDC03B411C2D3F76A
:108E8000C1FE04044ED8DEF83B12F2E5D80EEB2604
:108E9000CDDD5BD7350DCCE60514A821D73B3ED2FE
:108EA000F1FFF30B3D0E95DA8C5A163C634800B681
:108EB000EFCBD920E63DF833B7C021F9ADBCFFB008
:108EC000F74923F3EC362B2ACEF717B31FE608F049
:108ED000BABFC9F3E4EAF91311B6B6E0A7F1E8BEE8
:108EE000D5675F3708FB4128C629FE253FA32BEA3B
:108EF00027D8ECD710FD2054CB3103E5CFEDEF811F
:108F0000181A131F3047CCF52806EA84E9BB0A4A31
:108F1000A2FCFE19DCFF4CF1F8243DDD81F2B5DA4C
:108F200001EBE6F600CBC5E6CCE7F1090ABB0BC9BD
:108F30003DFA11D5C6BD29D3E206DBBDF2E4CDD0A2
:108F4000F90EC6CDF8F1EBC9E9F707E4BA19E70D58
:108F5000C9DD0BEBF30401D9CCEDD4A8D7E1D319CB
:108F6000EE1424FB0B1DF83C20B60AF6F412EC08B4
:108F700026D0D3C1DEBC3057090B0FBDEFE1F71A85
:108F8000E52904E5FE1E021635EF090DBDE5ED17D6
:108F9000F2CDFA05283E142CC0059A1651B01429BA
:108FA00071E3DFECCB00CE5F560881C315BD18D04E
:108FB00035FFC7F651E80FB8FAEDE5C8FDDF359A81
:108FC000F717B2E0EEA7E907F0C141232CD38345A0
:108FD0003A5B2F06EEC3EE3D12FA2A0811D2F9E5EC
:108FE00041F9095803FA3652180229341F40172F45
:108FF0004813B705ED55BE16B2B84D122B1810A286
:10900000E115B857AC3CECBE9FD71AFF0906010228
:10901000E6152E07E0DCF51FB321A1111FE939F099
:109020004B2FE723E9FDDCFBBA34FFFC41F12DE1D6
:109030001FC08E18F21B141E14C122DBF6EF2694FB
:1090400009FFDF46B5FAD031F8B7023A11D8FA0F66
:10905000C005223020F5D70DA9D03B16AE12B9C3FA
:1090600009EF2D3859CD2206C8074D1C1225EF38BF
:10907000E5BFE242D52AD03C0DEA181307F0EC8197
:1090800004E9B92008339A2300260DDFD0E0184107
:10909000CC303CF6CBF71FABA410CE2FE52721C078
:1090A00057EFF5D93E22D22D191FD1C454E335BE56
:1090B0000609A7D20512DC20D5A217C0A70A219A5B
:1090C000F33C4713E819BA1213E428060CDBB9196C
:1090D00011B9D70BDAE8F72CA5F1C3DCAFD6E2D78C
:1090E00013475E2312BF353BEA1C4820201D3D2458
:1090F0000D0C8AD70554F328FB2DEBED1FFBEF95E4
:109100002A19C305484BF63FB21F12D8B5B3EE7FFC
:10911000BA55FEF42B0BAFB6E0E8C1350C1F4F304B
:1091200049D831C109B4EE400A01A913E2DCE323B6
:10913000EF37F107BD89D7F729E9ECB5E3131F94A1
:109140000D94FB97F8B3F6FE25FA610F33E7BD09DE
:109150006ACD7F292DA5EC46E3060B0D50A198F7AB
:109160004619D625E5D932BB99F91F290E5B481E51
:1091700063EFE2393006DECF42E7540BE8FBFADF5B
:10918000082A44E31A23DBDBCC0AC01A10D5F8F511
:109190000E245F29040DA33219623410A427250D73
:1091A000E800ED11DE1B7916FABA0EF7C70CF511BF
:1091B0000D1B63EEDF08E30DBA1BE2E009063B0B73
:1091C0005BEA49C4C2F61CB1037F2DE6F61FE10736
:1091D0009DEBF5C02A4C5014482F003ADC01EA40C0
:1091E000D6E1FBA947D527BE4905C11E2F2741E47B
:1091F000E1102705C39D1DB8EA1CD5C0ECEA39E48F
:1092000000C370F0060806E8D5ECC00D26463BC248
:10921000462149FBE6CE30957FF84DA8AA1C372F92
:1092200037FFAA19FBEE24FE17C5DDB98CE53FCE4A
:10923000C0E812370005DF9FE1E8F52C1521392D34
:10924000FC1FD02AD134B6BDB5E1FE151AA7C9E47A
:109250001B004EF3A5F11128AED90A3CF1BAD9D2C0
:1092600020A4EFDD1A060B28DEFD24FECF4D38A129
:10927000DB29EC48D92D04FDF611C0B03B34E26384
:10928000DBE7FCE002E6B5E3BBB5E2581CCBDCE172
:1092900038C762EDCCE02C8F4FF51BC7CF0224EB13
:1092A000D83BC73421EEFFF8EB93FDE086F227E0D0
:1092B000F7E6171C48F50AFDF64E1224FDE00038CB
:1092C000F1F7DCEBC44BC5F218F9FA0A28B8FCDF59
:1092D000F322E3A4A01AEA32DD39DB45F72AF6FFD0
:1092E00010B71DF6DA811B01184CF244F9390EEA69
:1092F0000F71221EF3F61CFDE7C000F6301FBEFF03
:10930000D0232FF8DAF2FAE42FCEE755FFFFF8DE8C
:10931000DD29FCE6DD09E4DA14BAF5FBDCED11E346
:10932000E4FF0C10C3474910CE36DEBD1C08E51B18
:10933000EAE4D317167FFB61CCA4F203A3CA560D4F
:109340002CD2E5EB0D08DC43FECECEEFE3EB2EE1B5
:10935000EBCFB9D91C032CE8F2EEEDE5C624F5E617
:1093600020F2F3F5DBE22CF1E70E094214D3ECD83E
:109370003E361E070CF30FF81609E8C20BDD00F3AA
:10938000D9F2F2EEDCDC0115F4E3CECFF9E6EE2003
:1093900006D33A0CFDE047E7E6EAFB1DF62FE9FBB2
:1093A000BB42F7111A5405F7C33DEAD628D7169EDB
:1093B00023AFD0CEC6450F51B3AB03FB08AFF7F6D2
:1093C000164213E8111E112A010D81BAD340C6CBF3
:1093D00004CBA2EE46F420D5281F1BC20E1E031597
:1093E00028014D19024CB7227E11D3BF56B6471D36
:1093F000EF4FD4ECFECBD936FEF9DF1915C7EAE200
:1094000047F70829C79338EC2110F5F3E5E0434B03
:1094100009BAEF2002D73CFC090CB4D0022CD6C408
:10942000D333033F401103BAD417CFE5E743D60443
:109430007F13E63BEB03FC9FB921B7020C1216B970
:10944000C8FB2F9CE8A6E467D62616E100E20D05CE
:10945000C50DDADC29144C31D3F81ED4F5FD33D414
:1094600004DF0BCD2C20EE0DC9F200493B1BFC0B99
:1094700004EE20FFDF05112334F0A8FBDB0EEFE73D
:10948000BF1304CF05D8D5FBE81D20139EA8F30613
:10949000FA1712CED2DFF2F0D91D3D1BCD28A4D58C
:1094A00035DDB1FF23153BA0CC0BCC233F3ACC815B
:1094B000E9D788DBEDD11014CF1DBA3E061AA10101
:1094C0004717E7BF0BC037AECB3381C5161F080E59
:1094D0002EDDDA2F472B0E0425EC130231B4FCD617
:1094E000C3F93EF73DE2B9631C0295E816FB30E094
:1094F000E227E1F4DFF632280EBBD1A7E313130213
:10950000182829070ABC3BD029EFEEE18ABE67394B
:1095100026210FE7CEEB1AF30EF6F0DBF217E2137B
:10952000AE30FD0AF7DD9B032A08E80D01B5ED1A00
:109530000805FB00357F218AF931F1F32497CEFD30
:10954000B04405D71FF0EDE5E62CCCB6F1F909CE15
:10955000334EADCCEEFDD93B2FFC45B6DD9050D05F
:10956000090B112AF00ADEE7C614EC07A3C0D8E401
:10957000EE4BD11C2CFB9AFBDE983BC43F5CDB140A
:10958000F1EDBF1BF9EB19EF1AECEA4C0721FCD8FF
:10959000E2FE001C21E4EC3ADD12D05031FB381120
:1095A00053FA14A10DDAD41510A7DF3B05CF06FB43
:1095B000E63F10020C81DCDAE925BBFFF240F10B3B
:1095C0001417F3C7D5F2F80E1FEA2AE2FB01B82EF2
:1095D000F8FC46F61FF0EE29F62B1FDFED9AC3329A
:1095E0000619CAF818FC1E1C12153234E9263DEA89
:1095F0001FE2EFE819FFF8E6FFF0F813D4D145D0E9
:10960000F71939DC1D3A01D3DEF90DEAE7ED17F25F
:109610000319101D03E4CC0A58A8A08EA3ED09E499
:10962000CA1A429B1912B0123DDF023C2CFCFD21EC
:10963000C9420C2DCCF729F71248D9D904DCA41162
:10964000EA0CF3F4D6272D2CD710E7CD0D20FE1908
:109650004B2B1B2012CDB2D0E7D40BA813DF52C77F
:10966000EC1AFD18BE0C0EF0C5D6F0EB06FE872EE8
:10967000DDBD1A0709C6145FC3960BA5255D0F262D
:10968000D8B4C348020A37810B0723D4CCEFF1DEEC
:10969000B19CFF0BD9D1FC13BF10C342DCDF17EC28
:1096A000173625232209DC670D9FCADA00240CD661
:1096B00037D2ECF247D815D8F3F3EBF3CDE0CE2454
:1096C0000329CE36E124031EC6153E3928DC845416
:1096D000133657BBE7EEF1F29AFBFB4912E4B60EE4
:1096E00015CC2CFA44985451FB4B2D08D427E00498
:1096F00045F4DEE6D72806F02DDC36FB7F23D1CCFF
:10970000C03FE82CDF57C0FE9D9BED4CD5C3E35F07
:109710000B2F1F44DE25CAAA0B1F0506D9F81B2AEA
:10972000F414C245DC3FB50AAC2F27D41E23F153F5
:1097300025810A0ED572011AB5D81F26BF92F407EB
:1097400036D242DCD6F31F6FC704EA0AE3EDF3F228
:10975000CCB4C81D0BBC3CEEBDE4E90BC91EB7B4CC
:10976000B1F04AD119CF5156D4E3081A47C2C54ABD
:1097700051E69F0CDBDCB24B245FD8FFE19CB8D3F1
:10978000E711EAE81D0B9B07F403D1970908F5F5EB
:10979000DDAD2728E8FDF2F810DBF1D4D7ED162671
:1097A00012CA2CBA04D4FF2E4817D3FD110D445B06
:1097B000C61F260E095905903DD930B8DED3C40224
:1097C000B9D1BAF332F1209BF7FEEA2F2CF6FF2431
:1097D0001A0224172AD0F72A30FC5823EF0EFEF87D
:1097E0001D08C41A98194AB881FE41C204CD09F86F
:1097F00000E8EC2646F7DEEB17D54BCC0D3F3508DD
:10980000E6DE26DCF613DFD4EAEC06F80417F7DF11
:10981000F4DDEB3BFDF2F8042E2B6F0EF24AD8CFAD
:10982000DAD8ECC009FFEBD3EC2521F80DE12607CF
:10983000C1E84CB3D2C017D10B07000FF7E5CCFF3E
:109840005BCBF5BA13E97F90434A0B08DE4740EF44
:1098500099C4DAA723D4029741679A14CF5FE251E3
:10986000260B3DB0F7174DC24AD5210614C6012478
:10987000DFFF0F20BCAF2032C52D0212EDBB321E20
:10988000453D72AFCD2EF62802D2C4E3CE1D23187B
:10989000F742621427F921A74307EA8F041641FB18
:1098A000AF07BA3BC3F64F3629827F99B8C76AF132
:1098B000FDF339013ED25494FE3C243E64C8DD10D1
:1098C0003FE54BEFE729DAC499F50BE8229B38C254
:1098D000E723F1E5CD31C50B1704D923E5220F0BA2
:1098E000CECD0CCF17A0F4FC05FBAF670544E71FF6
:1098F000FB79221AE3BDFAD6E3CEA81CE801E350B7
:109900000E22DA24E1D436F762F3DC5AF8D2A3A6A9
:10991000F72DEAF4A0C6D404340814B6DE1EEC1207
:10992000F1C149C8FACCB5C11230F7EE16E9CC0E38
:10993000B51F1BF6DA5032DBFBDCF8D915F9B02085
:10994000FCD0CDEFE7490A0AF906BEFE2914F71547
:109950003A0EF51627BEC008F9E7FC1BE9B90CF072
:10996000020CDE2DDA100381B920D4F427F1C8F0FF
:1099700033FFEFE234F3E7D202D71F09E431EAFD07
:10998000391A1FEDFDF317211032F10717ED19FEFB
:10999000D1E753E543282E1FBAC81F251D5367CAB8
:1099A0007ED4EB244F33F5DFE952430761E406C868
:1099B0003CE18634F8E40D2DA7F54AA6C30FE4B7C1
:1099C0000D052025E529D5E70DD9C4EFD02ADBBB4D
:1099D000E5FFA4F4C3F8FE47F0E404ECCBFADBEABD
:1099E000CC7650FB15D9F15EE53340013DAF4E46D4
:1099F000EDDFF742CB1009044728C6DE0228BB8101
:109A000024DAB5213B5436FCD60231F0DFF2317B4B
:109A1000ED21CF33DA0FD8F1DDDD0DE2BF01F5E73F
:109A2000D618AF11064AB9BF9C60EE0C164A220246
:109A30001A059B181A3E35FFB1CB03CAFCBCFBFFCD
:109A4000122C19120307CE0DECE903F9FF08C3EF3E
:109A50000FD7852DDA1D364305A3F9EAAC20601631
:109A6000D6FC6B3D35F9DC041306AB041FD8F63287
:109A7000B4F72047E5150E7F1E2DC4F4E41239B566
:109A800043E1D50C30AE12D806ED2D87C6A1435662
:109A9000E31DCD12E9B50DD5EAF8FFFF0400000083
:109AA0000002000045FFFFFFE7FEFFFF30FEFFFF63
:109AB0006CFCFFFFC3FDFFFFEDFDFFFF96FEFFFF08
:109AC0008BFEFFFFF2FEFFFFB8FAFFFF620100000E
:109AD00033FDFFFF31FEFFFF21F9FFFF9DFBFFFF7D
:109AE00048FEFFFF47FEFFFF26FDFFFF18FBFFFFBD
:109AF000B0FDFFFFF6F9FFFF19FCFFFFB2FEFFFF0D
:109B000032000000B2FDFFFF72FAFFFF57FFFFFFB8
:109B100092FBFFFF89FFFFFFA7FDFFFFBBFAFFFFDF
:109B20000F00000079FBFFFF51FEFFFF1700000050
:109B300019FFFFFF0DFEFFFF45FFFFFF09FDFFFFC0
:109B400064FEFFFFBDFFFFFF39FDFFFF4EFFFFFF7C
:109B5000D2FFFFFFD3FCFFFF4100000066FDFFFFC7
:109B6000F7FCFFFF11FDFFFF31FEFFFF29FDFFFFA7
:109B700073FBFFFF5BFEFFFF4BFDFFFF5FFFFFFF80
:109B800024FFFFFFD6FEFFFF7AFFFFFF3F0000002C
:109B9000B4FFFFFF2C00000032FAFFFFBDFEFFFF05
:109BA0008EFEFFFF66FFFFFF6CFEFFFFA5FDFFFFC0
:109BB00085FDFFFFDFFEFFFF3DFFFFFFD7FFFFFF3C
:109BC000A8FDFFFF0BFFFFFF490000008BFBFFFF1D
:109BD0005AFFFFFFDBFEFFFFA6FDFFFF88FFFFFF31
:109BE00079FBFFFFDDFFFFFF26FFFFFF19FFFFFFF0
:109BF00039FEFFFFB4FFFFFF06FBFFFFE2FDFFFFA3
:109C00004AFFFFFFCCFDFFFFDAFDFFFF24FFFFFF50
:109C10001AFCFFFFB30000008CFCFFFFA2FEFFFF59
:109C2000BFFDFFFF83FCFFFF9BF9FFFF07FBFFFF6B
:109C300091FCFFFF7F01000009FEFFFFC5FBFFFF56
:109C400035FBFFFFC8FEFFFF4FFDFFFFD5FFFFFF06
:109C5000C9FFFFFF1000000084FEFFFFD7FFFFFFDA
:109C60009CF9FFFF18FAFFFFE3FEFFFFE40100008D
:109C700091FDFFFFD1FEFFFF2FFEFFFFFCFFFFFF67
:109C80005DFDFFFF9AFAFFFFBEFBFFFFC40000006F
:109C9000FFFDFFFF59FEFFFF7F00000043010000B2
:109CA0001A020000F6FAFFFF0400000000040000A2
:109CB000E5180F39DBC6D93D23E72AAFE217E906DD
:109CC0001829DD2C19CFF6EE19D832C9E83A00214F
:109CD000C7CBF0A94E1ADFC8C5FC200BFFDA052759
:109CE000E5D11AC1E82FCCD8E8C9CFD0DC1B2A2493
:109CF0002FE4E8EF45112BF417D6DFFB1E1CE5FD22
:109D0000E18131EE1ED820EFC807F8241AD615D10C
:109D1000EB1BCADE1015F604F2E7D7C6E12A1909D3
:109D2000C5BBB0E6CDFB2C22CED52A23C637CCDE70
:109D3000DCE3B7CD14EA36F5D91EFC04FCD7125982
:109D400070C3EE2A121CF8C438D91FD2E538C9F006
:109D500015F43805F1A221CE1207E127E51CFDE636
:109D60001F09E35DCAEC24F74A56E21E00E8B42C52
:109D7000021AED28E908CA23D5CAECF6EE481907FD
:109D8000BA652F3A4B886B29FBD237B7E6FECF5C1A
:109D9000C1E1F581F80FC0E1ABB4EFC4AACB3152F9
:109DA0005B31F0E2F324EAD026E10C144BF0D6B894
:109DB000255C3CD716EED20A3620F4582521D3FE76
:109DC000F81626CD23542B47E0CB08E46AD116CBF6
:109DD000BB2EF8FFFAC7F60D1CE0AC9CCA060ACAF7
:109DE0001D1AE635ACD0034C2F4F96173201BFD168
:109DF000AAA125E321CBF71A4A252221439DBCDDE8
:109E00003512A89AAEB4E3844157D7F0FFBD55048C
:109E1000C05D4EFEB4B80248100433DA16FB20CE03
:109E2000DE8114F357FC34EAD896E52BF7E73727A1
:109E300023D8DD28521A04C105B2F3F41C1B64EACE
:109E4000050246D8521108C9C82EB0D600E3F5B8AD
:109E5000D822361D30F73C47FDB1AD81163C36FCAB
:109E60002F2EAEE5C330281D22F7D7C33F58042557
:109E7000E1C8BA54F0B228C50214032CBDE020D5C5
:109E800002080D38E3EBDCF117EE24E3D8FFF00510
:109E90003AEEEAF4C9F94C21D6EA100CD7F5D0F223
:109EA00026D1D3DEFF4B005A2ACD47CE2B32DB0C16
:109EB00027FEF4E21AF681CDE006FBE6E7F2204148
:109EC000FADBCBF5F4FFA106D9A52A4DD9DBCE2EBE
:109ED00015CC98912E2FA0FA1D212E1D0B85CACFCF
:109EE000BEF112F31EE7F2E8FBF317210B04F9E7CA
:109EF0000E3F02BEE808C429DC124B9D27E298E41D
:109F0000D4CF45EB4E232234F0D84DE94322DE0A6C
:109F100001DC022735F3DFEA3AD2CA2D27D4F189D2
:109F2000D41D16F1ED10CF0E313815F6BD41362E89
:109F30006B27F219F567F0C7F7C7A3172222F43091
:109F40002CC4F12BDAE4E61CD3211FE3D4FB48F345
:109F5000E027F3D1FAEA1FBD56B319E7C9141BA2D3
:109F600008F301CDD0B4BED4421DF935FE0DC5E5D0
:109F7000AC4AE911A6CACF30DA17F0F439BED2C61E
:109F8000171C084C42430D2FC5483F9A4857BE2E18
:109F9000DC0BC1F925BCA3413525B92913D80A9298
:109FA0000226207F15CCD0FEC843ABF128DE304D11
:109FB000D4043CC5172D1FF89E3531D7FFB02C3681
:109FC000B815FDF11BD522364C28E3101418F93EC4
:109FD00051C2F6E4C610F619ED3D02174906EADF54
:109FE000D9E70A00253F08F0DACD1B9FF92D02C4FE
:109FF000C2BD36F8EE109A82AE2664FECDD0EA02DB
:10A00000F1E428ACD7E6C5DEBDE29230B50BBF3F28
:10A01000DAB3F02CF837FDE610C94B40324A8FFC1A
:10A02000F481A424CA16482358C8309CDBDA320CC9
:10A0300044DD98E8091431D3CDEBFFF46AF481CE06
:10A0400003F4AA28D0CA6B482D4118B4F235253D37
:10A05000F6D126F712B7211522BDB4AF44473B38DD
:10A060002EEF2BDB1A24D5DEFDFF260800F8E9339E
:10A0700033E7B424DD1EEECA06E30652EECD3C46BD
:10A080002AF8E912C623FCDEFE0203CA27D791187C
:10A0900086FC4DB9BE2891F2CBB5CFBDCAE41CEC0D
:10A0A000D9FBF3C7B3B01F07E7DE2B302DD4DDEEAD
:10A0B00002FFFFFF04000000200000002004000059
:10A0C0001DFDFFFF3F03000031FBFFFF9400000078
:10A0D0006E02000027FBFFFFAE0100002EFFFFFF16
:10A0E0000400000008000000010000000200000061
:10A0F00094BBFFFF98BBFFFF0F0000004D4C49527F
:10A1000020436F6E7665727465642E000100000056
:10A110001400000000000E001800140010000C00D5
:10A12000080004000E000000140000001C000000E5
:10A13000B8040000BC040000C004000004000000DB
:10A140006D61696E00000000120000005004000004
:10A150000C040000C803000074030000200300008A
:10A16000DC020000A80200007402000030020000BF
:10A17000E00100009C0100006801000034010000C3
:10A18000F0000000BC00000078000000400000006B
:10A190000400000046FCFFFF1C0000000000000956
:10A1A0001C00000020000000070000000000060066
:10A1B00008000400060000000000803F01000000CD
:10A1C0002700000001000000260000007EFCFFFFC9
:10A1D000140000000000000810000000140000003F
:10A1E0000600000088BCFFFF010000002600000000
:10A1F0000300000025000000030000000200000032
:10A20000B2FCFFFF1C000000000000081C00000062
:10A210002000000006000000000006000800070003
:10A220000600000000000001010000002500000001
:10A2300003000000240000000500000004000000EE
:10A24000F2FCFFFF140000000000001B10000000E3
:10A250001400000005000000FCBCFFFF010000002E
:10A2600024000000020000002300000001000000A4
:10A2700022FDFFFF14000000000000052400000084
:10A280002800000003000000A2FDFFFF0200000004
:10A2900001000000020000000100000000000001B9
:10A2A0000100000023000000010000002200000067
:10A2B00062FDFFFF140000000000000B1000000012
:10A2C00014000000020000006CBDFFFF0100000050
:10A2D0002200000002000000210000000600000033
:10A2E00092FDFFFF140000000000001510000000A8
:10A2F00014000000010000009CBDFFFF01000000F1
:10A300002100000002000000200000000700000003
:10A3100082FDFFFF10000000000000011C00000093
:10A320002000000074FDFFFF00000001010000009C
:10A3300001000000000000010100000020000000FA
:10A34000030000001F0000000900000008000000DA
:10A3500002FEFFFF200000000000000228000000B5
:10A360002C000000040000000C00100000000C0095
:10A37000080004000C0000000100000001000000C3
:10A3800001000000010000001F00000003000000A9
:10A390001E0000000B0000000A0000004EFEFFFF40
:10A3A0001400000000000005240000002800000048
:10A3B00003000000CEFEFFFF0200000002000000CC
:10A3C0000200000002000000000000010100000087
:10A3D0001E000000010000001D0000008EFEFFFFB7
:10A3E000140000000000000B10000000140000002A
:10A3F0000200000098BEFFFF010000001D000000E9
:10A40000020000001C0000000C000000BEFEFFFF68
:10A4100014000000000000151000000014000000EF
:10A4200001000000C8BEFFFF010000001C0000008A
:10A43000020000001B0000000D000000AEFEFFFF48
:10A4400010000000000000011C00000020000000BF
:10A45000A0FEFFFF0000000101000000010000005D
:10A4600000000001010000001B00000003000000CC
:10A470001A0000000F0000000E0000002EFFFFFF7A
:10A4800020000000000000022C000000300000004E
:10A49000040000000C00140013000C00080004006D
:10A4A0000C0000000100000001000000010000009D
:10A4B00000000001010000001A000000030000007D
:10A4C0001900000011000000100000007EFFFFFFD7
:10A4D00024000000000000053400000038000000E7
:10A4E0000300000000000E001800170010000C0010
:10A4F000080004000E00000002000000020000003E
:10A500000200000002000000000000010100000045
:10A51000190000000100000018000000CEFFFFFF3E
:10A52000140000000000000B1000000014000000E8
:10A5300002000000D8BFFFFF01000000180000006B
:10A5400002000000170000001200000000000E00D2
:10A550001800140010000C000B0004000E00000096
:10A56000140000000000001510000000140000009E
:10A570000100000018C0FFFF0100000017000000EC
:10A5800002000000160000001300000000000E0092
:10A590001400000010000C000B0004000E0000006E
:10A5A0001C00000000000001280000002C0000003A
:10A5B0000C00140013000C00080007000C00000041
:10A5C0000000000101000000010000000000000187
:10A5D0000100000016000000030000000000000061
:10A5E000150000001400000001000000270000001A
:10A5F0000100000000000000280000009C3F000057
:10A60000403F0000703E0000B43D00006037000095
:10A6100004310000A03000003C300000E8290000B8
:10A620008423000030200000B41C0000501C0000F7
:10A63000EC1B0000981800003415000060130000A7
:10A640007811000018110000B4100000E00E0000A6
:10A65000FC0C0000080C00005C0B0000B00A0000BD
:10A66000140A0000600900003C0800009007000088
:10A67000E40600004806000094050000680400009D
:10A68000BC0300001003000074020000E0010000A1
:10A690002401000080000000040000001AC1FFFF38
:10A6A0000000000118000000200000003C00000035
:10A6B0002800000000000009500000000200000017
:10A6C000FFFFFFFF08000000FCC0FFFF08000000C4
:10A6D000100000000100000080FFFFFFFFFFFFFFF0
:10A6E000010000000000803B1B00000053746174F7
:10A6F0006566756C506172746974696F6E656443E8
:10A70000616C6C5F313A3000020000000100000013
:10A710000800000092C1FFFF0000000118000000C7
:10A72000200000003C00000027000000000000099D
:10A730007800000002000000FFFFFFFF080000009B
:10A7400074C1FFFF080000001000000001000000BD
:10A75000D0FFFFFFFFFFFFFF01000000D3FAC03D65
:10A760004000000044535F434E4E5F4D6F64656C84
:10A770005F312F64656E73655F315F322F4D617499
:10A780004D756C3B44535F434E4E5F4D6F64656C3B
:10A790005F312F64656E73655F315F322F4269618F
:10A7A000734164640000000002000000010000002A
:10A7B0000800000032C2FFFF000000011800000086
:10A7C000200000003C0000002600000000000009FE
:10A7D0009000000002000000FFFFFFFF800000006B
:10A7E00014C2FFFF0800000010000000010000007C
:10A7F00080FFFFFFFFFFFFFF010000003CE39F3CE5
:10A800005800000044535F434E4E5F4D6F64656CCB
:10A810005F312F64656E73655F312F4D61744D75C7
:10A820006C3B44535F434E4E5F4D6F64656C5F31CC
:10A830002F64656E73655F312F52656C753B4453B1
:10A840005F434E4E5F4D6F64656C5F312F64656E84
:10A8500073655F312F4269617341646400000000D9
:10A86000020000000100000080000000EAC2FFFFBB
:10A87000000000011800000020000000400000005F
:10A880002500000000000009680000000200000030
:10A89000FFFFFFFF80000000CCC2FFFF08000000A8
:10A8A000140000000100000098FFFFFFFFFFFFFF02
:10A8B0000000000001000000B824EA3C2E00000067
:10A8C00044535F434E4E5F4D6F64656C5F312F673D
:10A8D0006C6F62616C5F617665726167655F706FF6
:10A8E0006F6C696E6732645F312F4D65616E000079
:10A8F0000200000001000000800000007AC3FFFF9A
:10A9000000000001180000002800000044000000C2
:10A91000240000000000000968000000040000009E
:10A92000FFFFFFFF030000000800000080000000A0
:10A9300064C3FFFF080000001000000001000000D9
:10A9400084FFFFFFFFFFFFFF0100000033DD523EE9
:10A950002A00000044535F434E4E5F4D6F64656CA8
:10A960005F312F6D61785F706F6F6C696E673264F5
:10A970005F325F312F4D6178506F6F6C3264000031
:10A9800004000000010000000300000008000000B7
:10A990008000000012C4FFFF00000001180000004A
:10A9A000280000004800000023000000000000090B
:10A9B0007800000004000000FFFFFFFF0600000019
:10A9C0000800000080000000FCC3FFFF080000003A
:10A9D000140000000100000084FFFFFFFFFFFFFFE5
:10A9E000000000000100000033DD523E3600000090
:10A9F00044535F434E4E5F4D6F64656C5F312F6211
:10AA0000617463685F6E6F726D616C697A6174699D
:10AA10006F6E5F325F312F62617463686E6F726D4B
:10AA20002F6164645F310000040000000100000039
:10AA3000060000000800000080000000BAC4FFFF0C
:10AA4000000000011800000028000000480000007D
:10AA5000220000000000000978000000040000004F
:10AA6000FFFFFFFF0600000008000000800000005C
:10AA7000A4C4FFFF08000000140000000100000053
:10AA800084FFFFFFFFFFFFFF000000000100000048
:10AA90004334533E3600000044535F434E4E5F4DF7
:10AAA0006F64656C5F312F62617463685F6E6F7293
:10AAB0006D616C697A6174696F6E5F325F312F62AC
:10AAC000617463686E6F726D2F6D756C5F3100001D
:10AAD0000400000001000000060000000800000063
:10AAE0008000000062C5FFFF0000000118000000A8
:10AAF00028000000480000002100000000000009BC
:10AB0000F800000004000000FFFFFFFF0600000047
:10AB100008000000800000004CC5FFFF0800000096
:10AB2000140000000100000080FFFFFFFFFFFFFF97
:10AB30000000000001000000093D503EB50000008B
:10AB400044535F434E4E5F4D6F64656C5F312F73AE
:10AB50006570617261626C655F636F6E7632645FAF
:10AB6000315F322F52656C753B44535F434E4E5FED
:10AB70004D6F64656C5F312F736570617261626CDB
:10AB8000655F636F6E7632645F315F322F42696159
:10AB9000734164643B44535F434E4E5F4D6F646545
:10ABA0006C5F312F736570617261626C655F636F9A
:10ABB0006E7632645F315F322F73657061726162ED
:10ABC0006C655F636F6E7632643B44535F434E4EF9
:10ABD0005F4D6F64656C5F312F7365706172616288
:10ABE0006C655F636F6E7632645F315F322F5371D5
:10ABF0007565657A65000000040000000100000032
:10AC00000600000008000000800000008AC6FFFF68
:10AC100000000001180000002800000048000000AB
:10AC20002000000000000009800000000400000077
:10AC3000FFFFFFFF060000000800000040000000CA
:10AC400074C6FFFF080000001400000001000000AF
:10AC500006000000000000000000000001000000ED
:10AC6000E6E57C3D3E00000044535F434E4E5F4DA1
:10AC70006F64656C5F312F736570617261626C65C2
:10AC80005F636F6E7632645F315F322F7365706120
:10AC90007261626C655F636F6E7632642F6465709B
:10ACA000746877697365000004000000010000000B
:10ACB0000600000008000000400000003AC7FFFF47
:10ACC00000000001180000002800000044000000FF
:10ACD0001F000000000000096800000004000000E0
:10ACE000FFFFFFFF0600000008000000400000001A
:10ACF00024C7FFFF08000000100000000100000052
:10AD000088FFFFFFFFFFFFFF010000002164EE3D11
:10AD10002A00000044535F434E4E5F4D6F64656CE4
:10AD20005F312F6D61785F706F6F6C696E67326431
:10AD30005F315F322F4D6178506F6F6C326400006D
:10AD400004000000010000000600000008000000F0
:10AD500040000000D2C7FFFF000000011800000003
:10AD600028000000480000001E000000000000094C
:10AD70007800000004000000FFFFFFFF0D0000004E
:10AD80001100000040000000BCC7FFFF08000000E9
:10AD9000140000000100000088FFFFFFFFFFFFFF1D
:10ADA00000000000010000002164EE3D36000000BC
:10ADB00044535F434E4E5F4D6F64656C5F312F624D
:10ADC000617463685F6E6F726D616C697A617469DA
:10ADD0006F6E5F315F322F62617463686E6F726D88
:10ADE0002F6164645F310000040000000100000076
:10ADF0000D00000011000000400000007AC8FFFFB5
:10AE000000000001180000002800000048000000B9
:10AE10001D00000000000009780000000400000090
:10AE2000FFFFFFFF0D0000001100000040000000C8
:10AE300064C8FFFF080000001400000001000000CB
:10AE400088FFFFFFFFFFFFFF000000000100000080
:10AE50007ED6EF3D3600000044535F434E4E5F4DBB
:10AE60006F64656C5F312F62617463685F6E6F72CF
:10AE70006D616C697A6174696F6E5F315F322F62E8
:10AE8000617463686E6F726D2F6D756C5F31000059
:10AE900004000000010000000D000000110000008F
:10AEA0004000000022C9FFFF000000011800000060
:10AEB00028000000480000001C00000000000009FD
:10AEC000F000000004000000FFFFFFFF0D00000085
:10AED00011000000400000000CC9FFFF0800000046
:10AEE000140000000100000080FFFFFFFFFFFFFFD4
:10AEF0000000000001000000D624E83DAD00000085
:10AF000044535F434E4E5F4D6F64656C5F312F73EA
:10AF10006570617261626C655F636F6E7632645FEB
:10AF2000312F52656C753B44535F434E4E5F4D6FFE
:10AF300064656C5F312F736570617261626C655F0F
:10AF4000636F6E7632645F312F426961734164646E
:10AF50003B44535F434E4E5F4D6F64656C5F312FD2
:10AF6000736570617261626C655F636F6E76326487
:10AF70005F312F736570617261626C655F636F6EC4
:10AF80007632643B44535F434E4E5F4D6F64656C55
:10AF90005F312F736570617261626C655F636F6EA4
:10AFA0007632645F312F53717565657A65000000F4
:10AFB00004000000010000000D000000110000006E
:10AFC0004000000042CAFFFF00000001180000001E
:10AFD00028000000480000001B00000000000009DD
:10AFE0008000000004000000FFFFFFFF0D000000D4
:10AFF00011000000200000002CCAFFFF0800000024
:10B000001400000001000000150000000000000016
:10B010000000000001000000160D603D3C00000033
:10B0200044535F434E4E5F4D6F64656C5F312F73C9
:10B030006570617261626C655F636F6E7632645FCA
:10B04000312F736570617261626C655F636F6E76DC
:10B0500032642F646570746877697365000000005E
:10B0600004000000010000000D00000011000000BD
:10B0700020000000F2CAFFFF0000000118000000DD
:10B0800028000000440000001A0000000000000931
:10B090006800000004000000FFFFFFFF0F00000039
:10B0A0001300000020000000DCCAFFFF08000000C1
:10B0B000100000000100000094FFFFFFFFFFFFFFF2
:10B0C00001000000FC45CA3D2800000044535F43D6
:10B0D0004E4E5F4D6F64656C5F312F6D61785F70B0
:10B0E0006F6F6C696E6732645F312F4D6178506F9E
:10B0F0006F6C3264000000000400000001000000DA
:10B100000F00000013000000200000008ACBFFFFAA
:10B1100000000001180000002800000048000000A6
:10B120001900000000000009780000000400000081
:10B13000FFFFFFFF1E0000002600000020000000AF
:10B1400074CBFFFF080000001400000001000000A5
:10B1500094FFFFFFFFFFFFFF000000000100000061
:10B16000FC45CA3D3400000044535F434E4E5F4DE2
:10B170006F64656C5F312F62617463685F6E6F72BC
:10B180006D616C697A6174696F6E5F312F62617491
:10B1900063686E6F726D2F6164645F310000000040
:10B1A00004000000010000001E0000002600000056
:10B1B0002000000032CCFFFF00000001180000005A
:10B1C00028000000480000001800000000000009EE
:10B1D0007800000004000000FFFFFFFF1E000000D9
:10B1E00026000000200000001CCCFFFF080000002B
:10B1F000140000000100000093FFFFFFFFFFFFFFAE
:10B2000000000000010000000553CB3D34000000A9
:10B2100044535F434E4E5F4D6F64656C5F312F62E8
:10B22000617463685F6E6F726D616C697A61746975
:10B230006F6E5F312F62617463686E6F726D2F6D18
:10B24000756C5F3100000000040000000100000088
:10B250001E0000002600000020000000DACCFFFFE6
:10B260000000000118000000280000004400000059
:10B270001700000000000009C000000004000000EA
:10B28000FFFFFFFF1E00000026000000200000005E
:10B29000C4CCFFFF08000000100000000100000007
:10B2A00080FFFFFFFFFFFFFF01000000A8D4BB3DB0
:10B2B0008100000044535F434E4E5F4D6F64656CE8
:10B2C0005F312F636F6E7632645F312F52656C751C
:10B2D0003B44535F434E4E5F4D6F64656C5F312F4F
:10B2E000636F6E7632645F312F42696173416464CB
:10B2F0003B44535F434E4E5F4D6F64656C5F312F2F
:10B30000636F6E7632645F312F636F6E766F6C752C
:10B3100074696F6E3B44535F434E4E5F4D6F64657F
:10B320006C5F312F636F6E7632645F312F537175AE
:10B3300065657A653100000004000000010000002E
:10B340001E000000260000002000000022CEFFFFAB
:10B350000000000114000000A80100001600000019
:10B3600000000009B40100009CCDFFFF08000000B0
:10B370000C010000200000000000000000000000A0
:10B3800000000000000000000000000000000000BD
:10B3900000000000000000000000000000000000AD
:10B3A000000000000000000000000000000000009D
:10B3B000000000000000000000000000000000008D
:10B3C000000000000000000000000000000000007D
:10B3D000000000000000000000000000000000006D
:10B3E000000000000000000000000000000000005D
:10B3F000000000000000000000000000000000004D
:10B40000000000000000000000000000000000003C
:10B41000000000000000000000000000000000002C
:10B42000000000000000000000000000000000001C
:10B43000000000000000000000000000000000000C
:10B4400000000000000000000000000000000000FC
:10B4500000000000000000000000000000000000EC
:10B4600000000000000000000000000000000000DC
:10B4700000000000000000000000000020000000AC
:10B48000C15FA43ABD91C23AF198B63A364FD63A66
:10B49000B2200B3B703FE43A3321DA3A490AEB3AE7
:10B4A000C90AAB3A5866D63AAABB063BF206003B3D
:10B4B000047ED43AC563583A2B2E963A73B5B03A07
:10B4C0009A33C23AC83AE63A14FEBD3AF339F23A30
:10B4D00005879F3AB8D4B23AA5E9B83A20AEC23A45
:10B4E000C18CCA3A6ECA8B3AED93BD3A8A96D63A67
:10B4F000B0AEAE3A0334973AE492AE3A11D9303B4B
:10B500001300000074666C2E70736575646F5F7154
:10B51000636F6E7374313900040000002000000076
:10B5200003000000030000000100000002D0FFFF44
:10B530000000000114000000A4010000150000003C
:10B5400000000002B00100007CCFFFFF08000000F7
:10B5500008010000200000000000000000000000C2
:10B5600000000000000000000000000000000000DB
:10B5700000000000000000000000000000000000CB
:10B5800000000000000000000000000000000000BB
:10B5900000000000000000000000000000000000AB
:10B5A000000000000000000000000000000000009B
:10B5B000000000000000000000000000000000008B
:10B5C000000000000000000000000000000000007B
:10B5D000000000000000000000000000000000006B
:10B5E000000000000000000000000000000000005B
:10B5F000000000000000000000000000000000004B
:10B60000000000000000000000000000000000003A
:10B61000000000000000000000000000000000002A
:10B62000000000000000000000000000000000001A
:10B63000000000000000000000000000000000000A
:10B6400000000000000000000000000000000000FA
:10B6500000000000000000002000000034EE8337EE
:10B66000792A9C37988E92378202AC379A55DF3709
:10B670007432B7377713AF3718A6BC374F488937BE
:10B680001415AC37A647D837E483CD37228DAA37B7
:10B69000F4AD2D379B137137A5D48D37EBDE9B3777
:10B6A000A9C9B837127E9837A76AC2375D0A8037B2
:10B6B000B0888F37506A943742419C373F92A23707
:10B6C00011666037DF289837C23BAC3746348C3779
:10B6D000EEB77237F71D8C373CF10D3813000000C0
:10B6E00074666C2E70736575646F5F71636F6E73D3
:10B6F000743138000100000020000000D2D1FFFFAB
:10B7000000000001140000003400000014000000DC
:10B7100000000009400000004CD1FFFF08000000BD
:10B72000140000000100000080FFFFFFFFFFFFFF8B
:10B730000000000001000000FBD1FE3D13000000EE
:10B7400074666C2E70736575646F5F71636F6E7372
:10B7500074313700010000002000000032D2FFFFEA
:10B760000000000114000000300000001300000081
:10B77000000000093C000000ACD1FFFF0800000001
:10B7800010000000010000007A000000000000002E
:10B7900001000000D8FFFC3B1300000074666C2E13
:10B7A00070736575646F5F71636F6E7374313600AB
:10B7B00001000000200000008ED2FFFF0000000109
:10B7C00014000000AC01000012000000000000099D
:10B7D000B8010000DAF4FFFF0300000008000000D9
:10B7E0000C0100002000000000000000000000002C
:10B7F0000000000000000000000000000000000049
:10B800000000000000000000000000000000000038
:10B810000000000000000000000000000000000028
:10B820000000000000000000000000000000000018
:10B830000000000000000000000000000000000008
:10B8400000000000000000000000000000000000F8
:10B8500000000000000000000000000000000000E8
:10B8600000000000000000000000000000000000D8
:10B8700000000000000000000000000000000000C8
:10B8800000000000000000000000000000000000B8
:10B8900000000000000000000000000000000000A8
:10B8A0000000000000000000000000000000000098
:10B8B0000000000000000000000000000000000088
:10B8C0000000000000000000000000000000000078
:10B8D0000000000000000000000000000000000068
:10B8E0000000000000000000000000002000000038
:10B8F00039C3E73A879CD03A07C9DB3AEF410C3BA2
:10B90000BC65203B9063E13A353BE83A3093A83A76
:10B91000C29FBE3A9465C13ACCC60F3B5E0BC83A93
:10B92000C60FBF3AEE8C8C3AE335513A1FF4D13A48
:10B93000439B813A9091C03A67C6C53ABE918F3A0F
:10B94000A5E09A3A331D053B4962B73AA7C3EF3ADF
:10B950002040BF3A6073A73A2E8B8E3AA61B883AD6
:10B96000B31B083B3ADB893A2F08B03A8BF8FA3A16
:10B970001300000074666C2E70736575646F5F71E0
:10B98000636F6E7374313500040000000100000025
:10B9900003000000030000002000000072D4FFFF3D
:10B9A0000000000114000000A401000011000000CC
:10B9B00000000002B0010000ECD3FFFF080000000F
:10B9C000080100002000000000000000000000004E
:10B9D0000000000000000000000000000000000067
:10B9E0000000000000000000000000000000000057
:10B9F0000000000000000000000000000000000047
:10BA00000000000000000000000000000000000036
:10BA10000000000000000000000000000000000026
:10BA20000000000000000000000000000000000016
:10BA30000000000000000000000000000000000006
:10BA400000000000000000000000000000000000F6
:10BA500000000000000000000000000000000000E6
:10BA600000000000000000000000000000000000D6
:10BA700000000000000000000000000000000000C6
:10BA800000000000000000000000000000000000B6
:10BA900000000000000000000000000000000000A6
:10BAA0000000000000000000000000000000000096
:10BAB0000000000000000000000000000000000086
:10BAC000000000000000000020000000671F373960
:10BAD0008AD42439B5A82D39BDA45D393F787D3984
:10BAE0002D163239347E3739393205392C9E1639C4
:10BAF00006CF183956346339A80F1E39AEF61639F9
:10BB0000401BDE38B74DA53806E42539E3CFCC38E5
:10BB1000802718399E441C397FE0E23832BFF43860
:10BB2000DC5A5239B0E51039EE713D39E21C173953
:10BB3000D14E04399441E1380D16D73821165739C2
:10BB400057D9D93895160B39BA4C4639130000002D
:10BB500074666C2E70736575646F5F71636F6E735E
:10BB600074313400010000002000000042D6FFFFC5
:10BB70000000000114000000280300001000000075
:10BB80000000000934030000BCD5FFFF08000000DE
:10BB90000C02000040000000000000000000000057
:10BBA0000000000000000000000000000000000095
:10BBB0000000000000000000000000000000000085
:10BBC0000000000000000000000000000000000075
:10BBD0000000000000000000000000000000000065
:10BBE0000000000000000000000000000000000055
:10BBF0000000000000000000000000000000000045
:10BC00000000000000000000000000000000000034
:10BC10000000000000000000000000000000000024
:10BC20000000000000000000000000000000000014
:10BC30000000000000000000000000000000000004
:10BC400000000000000000000000000000000000F4
:10BC500000000000000000000000000000000000E4
:10BC600000000000000000000000000000000000D4
:10BC700000000000000000000000000000000000C4
:10BC800000000000000000000000000000000000B4
:10BC900000000000000000000000000000000000A4
:10BCA0000000000000000000000000000000000094
:10BCB0000000000000000000000000000000000084
:10BCC0000000000000000000000000000000000074
:10BCD0000000000000000000000000000000000064
:10BCE0000000000000000000000000000000000054
:10BCF0000000000000000000000000000000000044
:10BD00000000000000000000000000000000000033
:10BD10000000000000000000000000000000000023
:10BD20000000000000000000000000000000000013
:10BD30000000000000000000000000000000000003
:10BD400000000000000000000000000000000000F3
:10BD500000000000000000000000000000000000E3
:10BD600000000000000000000000000000000000D3
:10BD700000000000000000000000000000000000C3
:10BD800000000000000000000000000000000000B3
:10BD90000000000000000000000000004000000063
:10BDA0000E8A183B37301D3B3D31363B89EC7E3BDC
:10BDB0006A8E753BD11B8B3BF85B7B3BDD840B3B79
:10BDC000B8B6673BAA182F3BAB7C503B81F43E3B97
:10BDD00043D5443BED63683B19AC4D3B29946B3B29
:10BDE00077946C3BA5DB4B3B2B67713B65852F3B09
:10BDF0006FC7173B1C0A383B45014D3BF201433BE3
:10BE00005B5E143B32BC303B6ACF1C3B08392A3B9B
:10BE10000F53453BF6A03E3B38D7403BEC0A513B25
:10BE20000B00413B63B7213B35184A3BF489873B04
:10BE3000EC9B3A3BEF11463B3BEB513B2518353B26
:10BE400091CC4B3BB672303BFA30393BD29A4A3BED
:10BE5000C8CB833B0881213B91AF803B3203523BEF
:10BE60008897433BCA753D3B1B62293B69973F3B23
:10BE7000766A2C3BA3E92A3B7D7B433BD2614F3B57
:10BE80006ACC313B18C03E3BBEE53F3B3303863BAB
:10BE90005D3B8C3B00C1423BF4DD243B9B68473B50
:10BEA0001300000074666C2E70736575646F5F71AB
:10BEB000636F6E73743133000400000040000000B3
:10BEC000010000000100000020000000A2D9FFFFD7
:10BED0000000000114000000240300000F00000017
:10BEE00000000002300300001CD9FFFF0800000022
:10BEF00008020000400000000000000000000000F8
:10BF00000000000000000000000000000000000031
:10BF10000000000000000000000000000000000021
:10BF20000000000000000000000000000000000011
:10BF30000000000000000000000000000000000001
:10BF400000000000000000000000000000000000F1
:10BF500000000000000000000000000000000000E1
:10BF600000000000000000000000000000000000D1
:10BF700000000000000000000000000000000000C1
:10BF800000000000000000000000000000000000B1
:10BF900000000000000000000000000000000000A1
:10BFA0000000000000000000000000000000000091
:10BFB0000000000000000000000000000000000081
:10BFC0000000000000000000000000000000000071
:10BFD0000000000000000000000000000000000061
:10BFE0000000000000000000000000000000000051
:10BFF0000000000000000000000000000000000041
:10C000000000000000000000000000000000000030
:10C010000000000000000000000000000000000020
:10C020000000000000000000000000000000000010
:10C030000000000000000000000000000000000000
:10C0400000000000000000000000000000000000F0
:10C0500000000000000000000000000000000000E0
:10C0600000000000000000000000000000000000D0
:10C0700000000000000000000000000000000000C0
:10C0800000000000000000000000000000000000B0
:10C0900000000000000000000000000000000000A0
:10C0A0000000000000000000000000000000000090
:10C0B0000000000000000000000000000000000080
:10C0C0000000000000000000000000000000000070
:10C0D0000000000000000000000000000000000060
:10C0E0000000000000000000000000000000000050
:10C0F00000000000000000004000000098800539AA
:10C100003992093966741F39001C5F392AE956399A
:10C11000E67E733952FD5B39C636F438B9CB4A39FD
:10C12000883E1939BE773639B41F2739AA442C39CD
:10C1300050634B3919013439AF2D4E39000E4F3948
:10C140009C6A32399D465339B19D193943D6043919
:10C1500041122139976B3339ACAB2A3925DA0139D1
:10C16000B4AD1A39813D09399BFA1439C3B22C395F
:10C1700096D626392DC628393EF43639E7E92839CE
:10C18000BB880D3983DF3039463F6D39F85123398B
:10C19000D1592D398FB83739627E1E396A5D3239EF
:10C1A000646D1A3952142239D351313917B26639B4
:10C1B00028590D396640613988CD3739972E2B398A
:10C1C000C0D02539803E143947AE2739F7E51639F6
:10C1D0002B9515390B162B3932803539F39B1B39CA
:10C1E000D5F12639D5F227394D936A393976753923
:10C1F000D5722A39A34A1039B9852E3913000000A7
:10C2000074666C2E70736575646F5F71636F6E73A7
:10C21000743132000100000040000000F2DCFFFF3A
:10C220000000000114000000340000000E000000B7
:10C2300000000009400000006CDCFFFF0800000067
:10C24000140000000100000080FFFFFFFFFFFFFF60
:10C2500000000000010000005E1F973D1300000079
:10C2600074666C2E70736575646F5F71636F6E7347
:10C2700074313100010000004000000052DDFFFF7A
:10C280000000000114000000340000000D00000058
:10C290000000000940000000CCDCFFFF08000000A7
:10C2A0001400000001000000790000000000000000
:10C2B0000000000001000000ED2A7C3B130000009C
:10C2C00074666C2E70736575646F5F71636F6E73E7
:10C2D000743130000100000040000000B2DDFFFFBB
:10C2E0000000000128000000400300000C000000D6
:10C2F000000000094C0300000000120010000000C4
:10C3000000000C0008000000000004001200000003
:10C3100003000000080000000C02000040000000C4
:10C32000000000000000000000000000000000000D
:10C3300000000000000000000000000000000000FD
:10C3400000000000000000000000000000000000ED
:10C3500000000000000000000000000000000000DD
:10C3600000000000000000000000000000000000CD
:10C3700000000000000000000000000000000000BD
:10C3800000000000000000000000000000000000AD
:10C39000000000000000000000000000000000009D
:10C3A000000000000000000000000000000000008D
:10C3B000000000000000000000000000000000007D
:10C3C000000000000000000000000000000000006D
:10C3D000000000000000000000000000000000005D
:10C3E000000000000000000000000000000000004D
:10C3F000000000000000000000000000000000003D
:10C40000000000000000000000000000000000002C
:10C41000000000000000000000000000000000001C
:10C42000000000000000000000000000000000000C
:10C4300000000000000000000000000000000000FC
:10C4400000000000000000000000000000000000EC
:10C4500000000000000000000000000000000000DC
:10C4600000000000000000000000000000000000CC
:10C4700000000000000000000000000000000000BC
:10C4800000000000000000000000000000000000AC
:10C49000000000000000000000000000000000009C
:10C4A000000000000000000000000000000000008C
:10C4B000000000000000000000000000000000007C
:10C4C000000000000000000000000000000000006C
:10C4D000000000000000000000000000000000005C
:10C4E000000000000000000000000000000000004C
:10C4F000000000000000000000000000000000003C
:10C50000000000000000000000000000000000002B
:10C51000000000000000000000000000000000001B
:10C520000000000040000000C87AAC3A5934C33A19
:10C530001DE2EB3AB25AAE3ACE8A8B3A738B743A1A
:10C54000E061ED3A15EBC03A7D98C63ADB9A983A2D
:10C550002E7AEE3ABCDBB03A57BD963AC6D5D23AFF
:10C56000A0DADF3A9E67A13AB8348D3A6491AD3AC9
:10C57000C17CC83AE605AC3AF7E6B03A4FA6263B8E
:10C5800073F89A3AAD15003BD5CFD73AE452FF3A4B
:10C590001D85AA3A37A5F93A3FDDC53A675CDC3A12
:10C5A000F630B13AAE36C53ACC21D63AAA10D73ACF
:10C5B00046E2A93A1CA4B43AB784D93ABF0DB63AB8
:10C5C00076CE973A475CD93A9802C03AA8C1AF3ABA
:10C5D00021C08D3A262AB53ABF54B23A93D9AB3A24
:10C5E0008D8BAA3A1EDCED3AD8A2B63A9FF8D83A1B
:10C5F000FE99AA3ABEBFEC3AD6A7D03A0E32A83A74
:10C600004BC7F33A55088B3ADDA7D03AB4B2B43AE7
:10C6100098B5B93AC4E2D23A4C12CD3A87F2DC3A34
:10C620002E89AD3A8F2FA23A1200000074666C2E4C
:10C6300070736575646F5F71636F6E73743900003A
:10C6400004000000010000000300000003000000DF
:10C65000400000002AE1FFFF00000001140000007C
:10C66000240300000B000000000000023003000063
:10C67000A4E0FFFF080000000802000040000000E6
:10C6800000000000000000000000000000000000AA
:10C69000000000000000000000000000000000009A
:10C6A000000000000000000000000000000000008A
:10C6B000000000000000000000000000000000007A
:10C6C000000000000000000000000000000000006A
:10C6D000000000000000000000000000000000005A
:10C6E000000000000000000000000000000000004A
:10C6F000000000000000000000000000000000003A
:10C700000000000000000000000000000000000029
:10C710000000000000000000000000000000000019
:10C720000000000000000000000000000000000009
:10C7300000000000000000000000000000000000F9
:10C7400000000000000000000000000000000000E9
:10C7500000000000000000000000000000000000D9
:10C7600000000000000000000000000000000000C9
:10C7700000000000000000000000000000000000B9
:10C7800000000000000000000000000000000000A9
:10C790000000000000000000000000000000000099
:10C7A0000000000000000000000000000000000089
:10C7B0000000000000000000000000000000000079
:10C7C0000000000000000000000000000000000069
:10C7D0000000000000000000000000000000000059
:10C7E0000000000000000000000000000000000049
:10C7F0000000000000000000000000000000000039
:10C800000000000000000000000000000000000028
:10C810000000000000000000000000000000000018
:10C820000000000000000000000000000000000008
:10C8300000000000000000000000000000000000F8
:10C8400000000000000000000000000000000000E8
:10C8500000000000000000000000000000000000D8
:10C8600000000000000000000000000000000000C8
:10C8700000000000000000000000000000000000B8
:10C88000400000009C9D203904C735397AA85B39E7
:10C89000835C2239A0F101394BB9E338D70D5D39FA
:10C8A00002A6333971EF3839A81B0E39DD125E3913
:10C8B00075B12439FC5E0C3935554439CF74503983
:10C8C000764D16393E7E03390EA1213966B23A39CA
:10C8D000C4302039EBBB2439CC2F9B39984F103909
:10C8E000808C6E39A1F74839EDC26D3973CA1E3993
:10C8F0003E7968391541383918344D39D300253916
:10C90000F9A537392C6747399C454839CF321E394C
:10C9100039372839768E4A39FC872939525D0D39E5
:10C92000CE684A3983CD3239C8AA23391000043978
:10C930000BB428398A1026397E07203972D01E3967
:10C94000AD7F5D39D4122A39010C4A39E4DD1E3934
:10C95000DC765C39A54D423952A01C39A1026339FD
:10C9600020780139AC4D4239D044283976EF2C3942
:10C970004E61443938F73E39E5BF4D39699921395F
:10C98000A60717391200000074666C2E7073657567
:10C99000646F5F71636F6E73743800000100000094
:10C9A000400000007AE4FFFF0000000114000000D6
:10C9B000280600000A0000000000000934060000FC
:10C9C000F4E3FFFF080000000C04000080000000FA
:10C9D0000000000000000000000000000000000057
:10C9E0000000000000000000000000000000000047
:10C9F0000000000000000000000000000000000037
:10CA00000000000000000000000000000000000026
:10CA10000000000000000000000000000000000016
:10CA20000000000000000000000000000000000006
:10CA300000000000000000000000000000000000F6
:10CA400000000000000000000000000000000000E6
:10CA500000000000000000000000000000000000D6
:10CA600000000000000000000000000000000000C6
:10CA700000000000000000000000000000000000B6
:10CA800000000000000000000000000000000000A6
:10CA90000000000000000000000000000000000096
:10CAA0000000000000000000000000000000000086
:10CAB0000000000000000000000000000000000076
:10CAC0000000000000000000000000000000000066
:10CAD0000000000000000000000000000000000056
:10CAE0000000000000000000000000000000000046
:10CAF0000000000000000000000000000000000036
:10CB00000000000000000000000000000000000025
:10CB10000000000000000000000000000000000015
:10CB20000000000000000000000000000000000005
:10CB300000000000000000000000000000000000F5
:10CB400000000000000000000000000000000000E5
:10CB500000000000000000000000000000000000D5
:10CB600000000000000000000000000000000000C5
:10CB700000000000000000000000000000000000B5
:10CB800000000000000000000000000000000000A5
:10CB90000000000000000000000000000000000095
:10CBA0000000000000000000000000000000000085
:10CBB0000000000000000000000000000000000075
:10CBC0000000000000000000000000000000000065
:10CBD0000000000000000000000000000000000055
:10CBE0000000000000000000000000000000000045
:10CBF0000000000000000000000000000000000035
:10CC00000000000000000000000000000000000024
:10CC10000000000000000000000000000000000014
:10CC20000000000000000000000000000000000004
:10CC300000000000000000000000000000000000F4
:10CC400000000000000000000000000000000000E4
:10CC500000000000000000000000000000000000D4
:10CC600000000000000000000000000000000000C4
:10CC700000000000000000000000000000000000B4
:10CC800000000000000000000000000000000000A4
:10CC90000000000000000000000000000000000094
:10CCA0000000000000000000000000000000000084
:10CCB0000000000000000000000000000000000074
:10CCC0000000000000000000000000000000000064
:10CCD0000000000000000000000000000000000054
:10CCE0000000000000000000000000000000000044
:10CCF0000000000000000000000000000000000034
:10CD00000000000000000000000000000000000023
:10CD10000000000000000000000000000000000013
:10CD20000000000000000000000000000000000003
:10CD300000000000000000000000000000000000F3
:10CD400000000000000000000000000000000000E3
:10CD500000000000000000000000000000000000D3
:10CD600000000000000000000000000000000000C3
:10CD700000000000000000000000000000000000B3
:10CD800000000000000000000000000000000000A3
:10CD90000000000000000000000000000000000093
:10CDA0000000000000000000000000000000000083
:10CDB0000000000000000000000000000000000073
:10CDC0000000000000000000000000000000000063
:10CDD0000000000080000000F7DF533B1920353BC6
:10CDE000DC4D4E3B1535243B130C253B6A711A3B39
:10CDF00010B2243B8A0F1C3B2896403BD8C8413BCD
:10CE00009B88293B01ED233BA92A073B44284F3B44
:10CE1000E4A31E3B9E291F3B8ABC353B307C403B34
:10CE20003CAC183B4608803B12C9353BD30E0F3B48
:10CE3000949F193B9FEF273B6EFA4D3B28CA1D3B41
:10CE4000DAEA273B52B5263B46D4273BF9767A3BB4
:10CE5000160E1E3B02085D3B992A5C3BDF8C263B8D
:10CE6000796E2D3BCC78233B59060D3BBEC2453B2A
:10CE7000782B3A3B84612B3B2AE85A3BF0A6293BAE
:10CE800019393A3B0FBC243B35581D3B00F5093B93
:10CE9000D18D383B18EF213B6B624D3B5DD2393B66
:10CEA000EBA38C3BBA78333BF5B00E3B9933313B67
:10CEB00071080B3B06413E3B257C213B79632C3BB3
:10CEC0009EAC6E3B7229173B5D63523BF04B513B6E
:10CED000BBDD503B435A123B58C08D3B7C6F263B19
:10CEE000615F1A3B74AC113B38C91C3B7B0B513B57
:10CEF00091C6233BA5D35B3BC586663B9FE8273B9A
:10CF0000AE00163BE316373BB43B2A3BC2F3493B2A
:10CF1000DF383D3B1B7C4E3B5E13233B684F4C3B55
:10CF20002FB30A3B2FB62A3B4F412E3BC2B4413BA5
:10CF30002661083BFE9A333BB020483BF17F503BD3
:10CF400039EA263BD91A193B85331D3B65B0433B73
:10CF5000F3A91B3B857B1A3B3BB20A3BFE23253BD7
:10CF60002518733BAD2E313BC92A603BE4CB333BE4
:10CF70006A57103B89BD323BB0C1273B2B711D3B2B
:10CF80000C883C3B5B4A2D3B1CCE623B2AFE6A3B35
:10CF90006BBF503B737C1C3BE5A1163B15DD293B69
:10CFA0002C10313B34B2273BB21F253B6295413BED
:10CFB0008A2E343B7088063B1973393B979D203B82
:10CFC000DA08233B36F23C3BA7D9183BE4083B3B4D
:10CFD00099761F3BF7752D3B1200000074666C2E8E
:10CFE00070736575646F5F71636F6E737437000083
:10CFF00004000000800000000100000001000000AB
:10D0000040000000DAEAFFFF000000011400000009
:10D0100024060000090000000000000230060000A5
:10D0200054EAFFFF08000000080400008000000030
:10D0300000000000000000000000000000000000F0
:10D0400000000000000000000000000000000000E0
:10D0500000000000000000000000000000000000D0
:10D0600000000000000000000000000000000000C0
:10D0700000000000000000000000000000000000B0
:10D0800000000000000000000000000000000000A0
:10D090000000000000000000000000000000000090
:10D0A0000000000000000000000000000000000080
:10D0B0000000000000000000000000000000000070
:10D0C0000000000000000000000000000000000060
:10D0D0000000000000000000000000000000000050
:10D0E0000000000000000000000000000000000040
:10D0F0000000000000000000000000000000000030
:10D10000000000000000000000000000000000001F
:10D11000000000000000000000000000000000000F
:10D1200000000000000000000000000000000000FF
:10D1300000000000000000000000000000000000EF
:10D1400000000000000000000000000000000000DF
:10D1500000000000000000000000000000000000CF
:10D1600000000000000000000000000000000000BF
:10D1700000000000000000000000000000000000AF
:10D18000000000000000000000000000000000009F
:10D19000000000000000000000000000000000008F
:10D1A000000000000000000000000000000000007F
:10D1B000000000000000000000000000000000006F
:10D1C000000000000000000000000000000000005F
:10D1D000000000000000000000000000000000004F
:10D1E000000000000000000000000000000000003F
:10D1F000000000000000000000000000000000002F
:10D20000000000000000000000000000000000001E
:10D21000000000000000000000000000000000000E
:10D2200000000000000000000000000000000000FE
:10D2300000000000000000000000000000000000EE
:10D2400000000000000000000000000000000000DE
:10D2500000000000000000000000000000000000CE
:10D2600000000000000000000000000000000000BE
:10D2700000000000000000000000000000000000AE
:10D28000000000000000000000000000000000009E
:10D29000000000000000000000000000000000008E
:10D2A000000000000000000000000000000000007E
:10D2B000000000000000000000000000000000006E
:10D2C000000000000000000000000000000000005E
:10D2D000000000000000000000000000000000004E
:10D2E000000000000000000000000000000000003E
:10D2F000000000000000000000000000000000002E
:10D30000000000000000000000000000000000001D
:10D31000000000000000000000000000000000000D
:10D3200000000000000000000000000000000000FD
:10D3300000000000000000000000000000000000ED
:10D3400000000000000000000000000000000000DD
:10D3500000000000000000000000000000000000CD
:10D3600000000000000000000000000000000000BD
:10D3700000000000000000000000000000000000AD
:10D38000000000000000000000000000000000009D
:10D39000000000000000000000000000000000008D
:10D3A000000000000000000000000000000000007D
:10D3B000000000000000000000000000000000006D
:10D3C000000000000000000000000000000000005D
:10D3D000000000000000000000000000000000004D
:10D3E000000000000000000000000000000000003D
:10D3F000000000000000000000000000000000002D
:10D40000000000000000000000000000000000001C
:10D41000000000000000000000000000000000000C
:10D4200000000000000000000000000000000000FC
:10D4300080000000BD4E513941EE3239EACD4B3902
:10D44000B83722391B0C2339579218392FB3223998
:10D45000722B1A39C3403E39BB6F3F39B87A27392E
:10D4600083F0213961870539ACA54C39CCB71C391B
:10D47000E73B1D39CD8833391B273E39A6D21639F3
:10D480003FF67C392E95333910530D390BC31739BC
:10D49000B1E625397E7B4B39B3E01B39FBE12539F9
:10D4A00033B02439ADCB25390B6E7739CE231C39F7
:10D4B000615A5A39A77F59393D8824397F542B390D
:10D4C000B77D2139E5500B394C5D4339FAE93739DD
:10D4D000E64D293920415839AF98273971F7373946
:10D4E0000FBD223921701B39104908395651363980
:10D4F000C8F81F3953E54A39F4913739A8EF8A390A
:10D50000034C313956F60C39ED0D2F392B590939A9
:10D51000DDF23B393A871F39BB4C2A3942C86B3997
:10D520008C541539BFD64F39B5C24E39D6554E3900
:10D5300048941039A3088C39356B24398580183903
:10D5400094E80F39E0E21A3908834E398BCA213941
:10D55000C0295939B0BB6339C6DF2539612F143969
:10D56000F3DE3439A62B28394F814739E9ED3A39B2
:10D5700099FB4B3983192139A5D54939F10409396A
:10D58000A5A42839C7242C39E45B3F391BBA0639D6
:10D59000DD6D3139E6B345392FF94D3976E424395B
:10D5A000EC3F1739E34B1B396051413916C7193924
:10D5B000529C183900040939BC23233913267039C9
:10D5C00010092F396E735D392B9E3139AC970E39A6
:10D5D0001793303950B92539CA881B393B3F3A393E
:10D5E000D1302B39920E60393A256839E4374E39FB
:10D5F00009971A39A4CE14392CCE2739EEEA2E39E0
:10D6000004AA25397D1F2339E53C3F399FFF313975
:10D610001FE70439D73337395EAB1E39200F213964
:10D620001CA83A3984FF1639B7C43839F3871D3935
:10D63000E65B2B391200000074666C2E7073657502
:10D64000646F5F71636F6E737436000001000000D9
:10D65000800000002AF1FFFF00000001140000001C
:10D660003400000008000000000000094000000035
:10D67000A4F0FFFF080000001400000001000000FB
:10D6800080FFFFFFFFFFFFFF000000000100000020
:10D6900066DBE53D1200000074666C2E70736575E4
:10D6A000646F5F71636F6E7374350000010000007A
:10D6B000800000008AF1FFFF00000001140000005C
:10D6C00034000000070000000000000940000000D6
:10D6D00004F1FFFF0800000014000000010000003A
:10D6E0007F000000000000000000000001000000BA
:10D6F000A2CE3D3B1200000074666C2E70736575FF
:10D70000646F5F71636F6E7374340000010000001A
:10D7100080000000EAF1FFFF00000001140000009B
:10D720002806000006000000000000093406000082
:10D7300064F1FFFF080000000C04000080000000FE
:10D7400000000000000000000000000000000000D9
:10D7500000000000000000000000000000000000C9
:10D7600000000000000000000000000000000000B9
:10D7700000000000000000000000000000000000A9
:10D780000000000000000000000000000000000099
:10D790000000000000000000000000000000000089
:10D7A0000000000000000000000000000000000079
:10D7B0000000000000000000000000000000000069
:10D7C0000000000000000000000000000000000059
:10D7D0000000000000000000000000000000000049
:10D7E0000000000000000000000000000000000039
:10D7F0000000000000000000000000000000000029
:10D800000000000000000000000000000000000018
:10D810000000000000000000000000000000000008
:10D8200000000000000000000000000000000000F8
:10D8300000000000000000000000000000000000E8
:10D8400000000000000000000000000000000000D8
:10D8500000000000000000000000000000000000C8
:10D8600000000000000000000000000000000000B8
:10D8700000000000000000000000000000000000A8
:10D880000000000000000000000000000000000098
:10D890000000000000000000000000000000000088
:10D8A0000000000000000000000000000000000078
:10D8B0000000000000000000000000000000000068
:10D8C0000000000000000000000000000000000058
:10D8D0000000000000000000000000000000000048
:10D8E0000000000000000000000000000000000038
:10D8F0000000000000000000000000000000000028
:10D900000000000000000000000000000000000017
:10D910000000000000000000000000000000000007
:10D9200000000000000000000000000000000000F7
:10D9300000000000000000000000000000000000E7
:10D9400000000000000000000000000000000000D7
:10D9500000000000000000000000000000000000C7
:10D9600000000000000000000000000000000000B7
:10D9700000000000000000000000000000000000A7
:10D980000000000000000000000000000000000097
:10D990000000000000000000000000000000000087
:10D9A0000000000000000000000000000000000077
:10D9B0000000000000000000000000000000000067
:10D9C0000000000000000000000000000000000057
:10D9D0000000000000000000000000000000000047
:10D9E0000000000000000000000000000000000037
:10D9F0000000000000000000000000000000000027
:10DA00000000000000000000000000000000000016
:10DA10000000000000000000000000000000000006
:10DA200000000000000000000000000000000000F6
:10DA300000000000000000000000000000000000E6
:10DA400000000000000000000000000000000000D6
:10DA500000000000000000000000000000000000C6
:10DA600000000000000000000000000000000000B6
:10DA700000000000000000000000000000000000A6
:10DA80000000000000000000000000000000000096
:10DA90000000000000000000000000000000000086
:10DAA0000000000000000000000000000000000076
:10DAB0000000000000000000000000000000000066
:10DAC0000000000000000000000000000000000056
:10DAD0000000000000000000000000000000000046
:10DAE0000000000000000000000000000000000036
:10DAF0000000000000000000000000000000000026
:10DB00000000000000000000000000000000000015
:10DB10000000000000000000000000000000000005
:10DB200000000000000000000000000000000000F5
:10DB300000000000000000000000000000000000E5
:10DB40000000000080000000C60A2B3B7ACF373B64
:10DB5000DEE4363B579F293B01B6363B2EFC223B89
:10DB600048942F3B75A46B3BECB3293B81EA203BE7
:10DB7000EB170D3BCBBE313BE8122E3BD36D0C3B7C
:10DB80007641493BB392293B9AB64F3B9A33213BAE
:10DB9000F0EC633BCA95193BF9C3383B3B944D3BD2
:10DBA00053C6533B6DD60B3BA2C9293BAE0D1E3B62
:10DBB0006436353BAA073A3B0210363BC4870D3B1F
:10DBC00037522F3BCC2D163BEB95173BA6DC123B77
:10DBD0001A94283B80514C3BED445D3BFFF0163BD3
:10DBE00088062F3B0FFA203B1E33393B04961E3B21
:10DBF000FD25783BE94E2C3B9D7F233BEF70153B89
:10DC00003771313B190A383B8503433B0137343BBD
:10DC1000F63C093B1B43283B84ED173BFB114F3B74
:10DC20002E4F753B23FF0F3B9A342F3B38E4393B93
:10DC3000AA49193B4289273B2B3A333BD29A3F3BB7
:10DC4000C688453B2CFA3B3B7980423B90BB3F3B2F
:10DC500015C8293BE531443B303C2A3BE5972F3B37
:10DC60008D11863B3E01413B3ADA1F3B711A223B44
:10DC700050CB333BDDC0663B3F74123BCAE2543BA2
:10DC8000A8D8283B6B2D1D3BD2512C3B1CD4403BCC
:10DC9000BE404E3BFEA8293BE2243A3BAB522D3B13
:10DCA000AEB62A3B1B0F4D3B6332273B45B04C3B86
:10DCB00093BC7A3BA758343B74FD323B7EE9233B4F
:10DCC000D735323B8A0E1B3BD896363B8BF61D3B35
:10DCD0008F91263BE93A193B39B8343B513F143B0D
:10DCE00084593C3B66C21F3B3279283BCF89503B6D
:10DCF0008B63223B8A60313B8C10303BAD57193B24
:10DD00008C71253BEFC31A3B238C353B0BA4683B3E
:10DD100039A72E3B78AC483B4757233B9C67333BA6
:10DD2000C706553B485F2B3B9C881A3B064F163B6A
:10DD30002E86383BFB03153BD52A1C3B2E2E5F3B22
:10DD4000D999103BF4712D3B1200000074666C2EC3
:10DD500070736575646F5F71636F6E737433000009
:10DD600002000000800000008000000042F8FFFF79
:10DD7000000000011400000024060000050000005F
:10DD80000000000230060000BCF7FFFF08000000A2
:10DD900008040000800000000000000000000000F7
:10DDA0000000000000000000000000000000000073
:10DDB0000000000000000000000000000000000063
:10DDC0000000000000000000000000000000000053
:10DDD0000000000000000000000000000000000043
:10DDE0000000000000000000000000000000000033
:10DDF0000000000000000000000000000000000023
:10DE00000000000000000000000000000000000012
:10DE10000000000000000000000000000000000002
:10DE200000000000000000000000000000000000F2
:10DE300000000000000000000000000000000000E2
:10DE400000000000000000000000000000000000D2
:10DE500000000000000000000000000000000000C2
:10DE600000000000000000000000000000000000B2
:10DE700000000000000000000000000000000000A2
:10DE80000000000000000000000000000000000092
:10DE90000000000000000000000000000000000082
:10DEA0000000000000000000000000000000000072
:10DEB0000000000000000000000000000000000062
:10DEC0000000000000000000000000000000000052
:10DED0000000000000000000000000000000000042
:10DEE0000000000000000000000000000000000032
:10DEF0000000000000000000000000000000000022
:10DF00000000000000000000000000000000000011
:10DF10000000000000000000000000000000000001
:10DF200000000000000000000000000000000000F1
:10DF300000000000000000000000000000000000E1
:10DF400000000000000000000000000000000000D1
:10DF500000000000000000000000000000000000C1
:10DF600000000000000000000000000000000000B1
:10DF700000000000000000000000000000000000A1
:10DF80000000000000000000000000000000000091
:10DF90000000000000000000000000000000000081
:10DFA0000000000000000000000000000000000071
:10DFB0000000000000000000000000000000000061
:10DFC0000000000000000000000000000000000051
:10DFD0000000000000000000000000000000000041
:10DFE0000000000000000000000000000000000031
:10DFF0000000000000000000000000000000000021
:10E000000000000000000000000000000000000010
:10E010000000000000000000000000000000000000
:10E0200000000000000000000000000000000000F0
:10E0300000000000000000000000000000000000E0
:10E0400000000000000000000000000000000000D0
:10E0500000000000000000000000000000000000C0
:10E0600000000000000000000000000000000000B0
:10E0700000000000000000000000000000000000A0
:10E080000000000000000000000000000000000090
:10E090000000000000000000000000000000000080
:10E0A0000000000000000000000000000000000070
:10E0B0000000000000000000000000000000000060
:10E0C0000000000000000000000000000000000050
:10E0D0000000000000000000000000000000000040
:10E0E0000000000000000000000000000000000030
:10E0F0000000000000000000000000000000000020
:10E10000000000000000000000000000000000000F
:10E1100000000000000000000000000000000000FF
:10E1200000000000000000000000000000000000EF
:10E1300000000000000000000000000000000000DF
:10E1400000000000000000000000000000000000CF
:10E1500000000000000000000000000000000000BF
:10E1600000000000000000000000000000000000AF
:10E17000000000000000000000000000000000009F
:10E18000000000000000000000000000000000008F
:10E1900000000000000000008000000061709C385A
:10E1A000031EA8386F47A738FA239B38921CA7385C
:10E1B000E3119538B996A0381F86D738CD369B38ED
:10E1C0006F2D93381A0C8138E491A23840369F386D
:10E1D00087708038B412B8386A189B38B4FABD38E2
:10E1E0004A7093384577D038F2788C38A2FDA83839
:10E1F000FB06BC38A8B1C1381DCC7F38A84A9B3873
:10E200002D8F9038B5BDA538B025AA38BF84A63863
:10E21000667281384C5AA038675B8938C7A48A383F
:10E22000C05286388E2F9A38CDDFBA38BD60CA38D2
:10E23000EF0D8A381315A038A93B93384A63A938E3
:10E24000DF0B913851F6E238D8989D38198A953805
:10E25000AAAE8838F04AA238A153A838305DB23847
:10E2600020D4A438D00A7B3879E59938E5F48A3887
:10E270002364BD388F5DE038DDB38338363FA03886
:10E280004505AA3852338C387E3B9938E0ECA338E8
:10E29000FF3EAF385AABB438A3EDAB3854E5B138D4
:10E2A000F25CAF383D499B38BF71B3386FB39B38D0
:10E2B000079AA0388B3EF538D286B038673492384A
:10E2C0006C439438A171A438630DD33843F3853877
:10E2D000D6B5C238416E9A380FC28F38819B9D38AF
:10E2E0008A5DB038C3A4BC38CE2C9B386A40AA38AB
:10E2F0006D869E3877239C38388DBB380AEC983869
:10E300007B36BB385554E538E7F2A43858B5A33806
:10E31000F0EA9538C6FEA23888D18D381200A738A9
:10E32000037A9038F1589838D3258C38504AA5385C
:10E3300023978738D744AC389B1E9238F2169A3808
:10E34000E0BBBE3848869438AF3BA2386108A1389C
:10E3500023408C38855197384B8D8D38220CA63848
:10E3600050C7D438E7BD9F386E8AB73835659538C1
:10E370007016A438C0D6C238ACBD9C3809578D3849
:10E38000CB7989381EC5A838034B88388DD58E388F
:10E390003920CC385E4184380AA39E381200000030
:10E3A00074666C2E70736575646F5F71636F6E73E6
:10E3B00074320000010000008000000092FEFFFFA8
:10E3C00000000001140000008800000004000000AC
:10E3D00000000009940000000CFEFFFF0800000090
:10E3E0004C000000080000000000000000000000D9
:10E3F000000000000000000000000000000000001D
:10E40000000000000000000000000000000000000C
:10E4100000000000000000000000000000000000FC
:10E4200000000000000000000000000008000000E4
:10E430007BD98C3B67825C3B48324C3B6788703BA6
:10E440000A2B543BD59D403BF891563BE705563B84
:10E450001200000074666C2E70736575646F5F71D6
:10E46000636F6E737431000002000000080000004A
:10E47000800000004AFFFFFF0000000114000000C0
:10E48000880000000300000000000002940000006B
:10E49000C4FEFFFF080000004C0000000800000060
:10E4A000000000000000000000000000000000006C
:10E4B000000000000000000000000000000000005C
:10E4C000000000000000000000000000000000004C
:10E4D000000000000000000000000000000000003C
:10E4E000000000000800000033F0AF38B9B88938E8
:10E4F000F6107F38393A96380F838438019A70388D
:10E500001F038638A4AB85381100000074666C2E9A
:10E5100070736575646F5F71636F6E737400000074
:10E520000100000008000000000016001C00180098
:10E53000170010000C000800000000000000070099
:10E540001600000000000001180000001800000084
:10E55000020000000000000220000000040004008F
:10E56000040000000E00000061726974682E636F81
:10E570006E7374616E740000010000000200000000
:10E580000000160020001C001B00140010000C00EE
:10E590000000000008000700160000000000000155
:10E5A00018000000340000005400000001000000CA
:10E5B000000000096C00000004000000FFFFFFFFE6
:10E5C0002000000028000000010000000C000C00EA
:10E5D00000000000080004000C000000080000001B
:10E5E000140000000100000080FFFFFFFFFFFFFF9D
:10E5F0000000000001000000BE784D3C1D0000003E
:10E6000073657276696E675F64656661756C745F69
:10E61000696E7075745F6C617965723A30000000E4
:10E62000040000000100000020000000280000009D
:10E630000100000008000000A800000088000000A1
:10E640007C00000060000000400000002C00000082
:10E65000180000000400000084FFFFFF1900000004
:10E66000020000000000001994FFFFFF09000000F5
:10E670000400000000000009A4FFFFFF28000000C4
:10E680000200000000000028B4FFFFFF04000000AB
:10E6900003000000000000040C000E000D0000004C
:10E6A000080004000C00000011000000020000003F
:10E6B00000110A0008000000000004000A00000029
:10E6C00002000000F0FFFFFF120000000200000047
:10E6D000000000120C0010000F00000008000400F1
:10E6E0000C00000003000000030000000000000315
:10E6F0007A30BD3A7A303D3B5BE48D3B7A30BD3BAE
:10E70000987CEC3B5BE40D3C6A8A253C7A303D3CCE
:10E7100089D6543C4EE9503C3F43393C309D213C26
:10E7200020F7093C22A2E43B0456B53BE609863BB0
:10E730008E7B2D3BA3C69D3A519A5C3AD2BE153BC7
:10E740000F57743BA577A93BC4C3D83BF107043CE2
:10E7500000AE1B3C0F54333C1FFA4A3CB8C55A3C30
:10E76000A91F433C9A792B3C8BD3133CF65AF83BB8
:10E77000D90EC93BBAC2993B37ED543BF4A9EC3AE8
:10E78000E7E5BD39BC4E7B39519ADC3A66E54C3B36
:10E79000D2BE953BF00AC53B0F57F43B96D1113CD6
:10E7A000A577293CB51D413CC4C3583C13FC4C3CE7
:10E7B0000456353CF5AF1D3CE609063CADC7DC3BD5
:10E7C0008E7BAD3BDF5E7C3BA3C61D3B96B97C3A9E
:10E7D00000B78D3ABD73253BFD05823B1C52B13B12
:10E7E000399EE03B2CF5073C3C9B1F3C4B41373CA2
:10E7F0005AE74E3C7ED8563C6E323F3C5F8C273CFD
:10E8000050E60F3C8180F03B6234C13B44E8913BD1
:10E810004B38453B1C40CD3A127D0039BC4EFB398C
:10E820002904FC3A519A5C3B47999D3B66E5CC3BF9
:10E830008331FC3BD2BE153CE1642D3CF00A453CE3
:10E84000FFB05C3CD90E493CC968313CBAC2193CA6
:10E85000AB1C023C37EDD43B18A1A53BF4A96C3BA3
:10E86000B7110E3BE7E53D3AD820AD3AA928353B34
:10E8700073E0893B912CB93BAF78E83B67E20B3CF6
:10E880007788233C862E3B3C95D4523C43EB523C4C
:10E8900034453B3C249F233C15F90B3C0BA6E83B3D
:10E8A000ED59B93BCE0D8A3B6083353B45D6AD3A39
:10E8B0000C7B3C3A00B70D3B3D4F6C3BBD73A53B19
:10E8C000DBBFD43BFD05023C0CAC193C1C52313C77
:10E8D0002BF8483CADC75C3C9E21453C8E7B2D3CD3
:10E8E0007FD5153CDF5EFC3BC112CD3BA3C69D3BF3
:10E8F00008F55C3B96B9FC3A7024FE3953A3F53811
:10E90000AF8ACC3A95DD443BE9BA913B0807C13B5D
:10E910002653F03BA2CF0F3CB175273CC11B3F3CB7
:10E92000D0C1563C07FE4E3CF857373CE9B11F3C7E
:10E93000D90B083C95CBE03B777FB13B5833823B0A
:10E9400074CE253B6D6C8E3ABC4E7B3AEC6B1D3B16
:10E9500029047C3B334EAD3B519ADC3B38F3053CFC
:10E9600047991D3C563F353C66E54C3C71DA583CB6
:10E970006234413C538E293C44E8113C6984F43BA9
:10E980004B38C53B2CEC953B1C404D3BBF4FDD3A13
:10E99000127D80393310BB3987F4EB3A8092543BB7
:10E9A0005F95993B7DE1C83B9C2DF83BDDBC133C5A
:10E9B000EC622B3CFB08433C0AAF5A3CCC104B3C6E
:10E9C000BD6A333CAEC41B3C9F1E043C1FF1D83BC8
:10E9D00001A5A93BC4B1743B8819163B2C055E3ACE
:10E9E00036119D3AD8202D3B8ADC853BA928B53BC2
:10E9F000C674E43B73E0093C8286213C912C393C8F
:10EA0000A0D2503C37ED543C27473D3C18A1253C53
:10EA100009FB0D3CF4A9EC3BD55DBD3BB7118E3B2A
:10EA2000318B3D3BE7E5BD3A136DB536C85B1C3A0B
:10EA30002FAF053B6C47643BD46FA13BF2BBD03B8F
:10EA40000804003C18AA173C27502F3C36F6463CD9
:10EA5000459C5E3C9223473C827D2F3C73D7173CFC
:10EA60006431003CAA16D13B8BCAA13BD9FC643B64
:10EA70009C64063B7D311F3A9DADBA3A75073B3B1E
:10EA80000F5C8C3B6234BB3BB50CEA3B84720C3CA4
:10EA9000AFDE233CD84A3B3C02B7523C1E424F3CBF
:10EAA0008E47383CFD4C213C6C520A3CB9AFE63BEA
:10EAB00098BAB83B77C58A3BACA0393BD36CBB3A1C
:10EAC000CE13E637CD714A3A1BFB093BC459613B73
:10EAD000365C9C3B8A0BC83BDFBAF33B19B50F3C55
:10EAE000C38C253C6E643B3C173C513C80E83D3C6C
:10EAF000B2C2293CE49C153C1677013C8EA2DA3B5D
:10EB0000F256B23B550B8A3B717F433B70D0E53ADE
:10EB1000FC43093A9723923AB298133B971F5E3B06
:10EB20003F53943BB296B93B25DADE3BCC0E023C18
:10EB300085B0143C3F52273CF9F3393C59F8373C37
:10EB40001FB3263CE56D153CAA28043CE0C6E53B16
:10EB50006C3CC33BF8B1A03B074F7C3B1D3A373BB5
:10EB6000674AE43A2B41343A3812133AA89AC93A20
:10EB70001AD6243BE0DE643BD373923B3678B23B3B
:10EB80009A7CD23BFD80F23BB042093CE144193C07
:10EB90001347293CAF8F2E3CECB81F3C2AE2103CB7
:10EBA000660B023C4869E63BC1BBC83B3B0EAB3B36
:10EBB000B6608D3B60665F3B530B243B9060D13A5F
:10EBC000F054353AA9079939924B943A9D2A013B62
:10EBD000722F383B46346F3B8D1C933BF89EAE3B07
:10EBE0006121CA3BCCA3E53B1B93003C50540E3C37
:10EBF00085151C3CBF93233CD0D3163CE1130A3C43
:10EC0000E5A7FA3B0728E13B2AA8C73B4E28AE3BC5
:10EC100070A8943B2551763B6A51433BB051103B61
:10EC2000E9A3BA3AE948293AA6B0323972C3693A37
:10EC30005D6DD33A81FC183B5242483B2588773BB7
:10EC4000FB66933BE409AB3BCDACC23BB64FDA3B32
:10EC50009FF2F13BC4CA043C399C103CB28D183C75
:10EC60004B990D3CE4A4023CFA60EF3B2C78D93B75
:10EC70005F8FC33B90A6AD3BC3BD973BF5D4813BB3
:10EC80004ED8573BB3062C3B1735003BF6C6A83A87
:10EC90007C47223AD528DD381B1D3E3A8E4AB03AD1
:10ECA00047C3003B4861293B47FF513B489D7A3BA6
:10ECB000A49D913BA4ECA53BA43BBA3BA58ACE3BCB
:10ECC000A4D9E23BA428F73BD2BB053CEC6F0E3C39
:10ECD0005A06053C9039F73B6D66E43B4A93D13BBD
:10ECE00026C0BE3B03EDAB3BDF19993BBC46863BE0
:10ECF00030E7663BEA40413BA29A1B3BB7E8EB3A60
:10ED0000299CA03A369F2A3AD030A038049B253857
:10ED1000F0F1153A18C5903A3891D63AAC2E0E3B20
:10ED2000BC14313BCCFA533BDCE0763B76E38C3BC6
:10ED30007E569E3B86C9AF3B8E3CC13B96AFD23BD5
:10ED40009E22E43BA595F53B5784033C8654FB3B50
:10ED5000E027EB3B39FBDA3B93CECA3BEDA1BA3B54
:10ED60004575AA3B9F489A3BF91B8A3BA5DE733B3E
:10ED70005885533B0A2C333BBED2123BE2F2E43AB5
:10ED80004840A43A5C1B473A516C8B39AEFCCF39F2
:10ED900044EF5F3A19F0AB3A90E8E73A84F0113B60
:10EDA000BFEC2F3BFAE84D3B36E56B3BB9F0843BBB
:10EDB000D6EE933BF4ECA23B12EBB13B30E9C03B07
:10EDC0004EE7CF3B6BE5DE3B89E3ED3B548EEF3BFB
:10EDD000A4A8E13BF4C2D33B44DDC53B95F7B73B68
:10EDE000E511AA3B352C9C3B85468E3BD560803B8C
:10EDF0004BF6643BEC2A493B8C5F2D3B2D94113B39
:10EE00009B91EB3ADCFAB33A3AC8783ABC9A093AA1
:10EE1000F169D338E2223E39B196163AA9A47D3A77
:10EE20005159B23A4EE0E53AA5B30C3B2377263B65
:10EE3000A13A403B1FFE593B9DC1733B8EC2863BAE
:10EE40004CA4933B0C86A03BCB67AD3B8A49BA3BB5
:10EE5000492BC73B080DD43BC7EEE03B71E4DA3BDE
:10EE6000A5F3CE3BD902C33B0C12B73B4021AB3BD1
:10EE700073309F3BA73F933BDA4E873B1CBC763BEE
:10EE800083DA5E3BEAF8463B51172F3BB935173B17
:10EE90003FA8FE3A0EE5CE3ADC219F3A54BD5E3AD9
:10EEA000E26DFE396D84FD382DFF86393B0B1C3A2F
:10EEB000E096743A4291A63A15D7D23AE61CFF3A48
:10EEC0005DB1153B45D42B3B2FF7413B181A583BFE
:10EED000023D6E3BF52F823B6A418D3BDE52983BF3
:10EEE0005364A33BC875AE3B3C87B93BB198C43B68
:10EEF00026AACF3BFE7ACC3B8F38C23B21F6B73BEC
:10EF0000B3B3AD3B4471A33BD62E993B68EC8E3B2B
:10EF1000F9A9843B17CF743B3B4A603B5DC54B3B33
:10EF20008140373BA5BB223BC8360E3BD863F33A42
:10EF30001E5ACA3A6550A13A578D703AE6791E3A80
:10EF4000E7CC9839A45C4B39D5D6FD39ACFF4A3AA9
:10EF5000F7898B3A1894B13A399ED73A5AA8FD3AB4
:10EF60003ED9113B4EDE243B5FE3373B6FE84A3B23
:10EF70007FED5D3B91F2703BD0FB813B587E8B3B3C
:10EF8000E100953B69839E3BF105A83B7A88B13B44
:10EF9000020BBB3B2249C33B7A78BA3BD3A7B13BB8
:10EFA0002BD7A83B8406A03BDC35973B34658E3BD2
:10EFB0008C94853BC987793B7AE6673B2B45563B6A
:10EFC000DCA3443B8D02333B3E61213BEFBF0F3B53
:10EFD000403DFC3AA2FAD83A04B8B53A6575923A7F
:10EFE0008D655E3A51E0173A29B6A2397D5D2D381C
:10EFF000C9A69037CCC68B399741073AC69F483A85
:10F00000FBFE843A14AEA53A2B5DC63A430CE73AB0
:10F01000AEDD033B3935143BC68C243B52E4343B14
:10F02000DE3B453B6A93553BF6EA653B8242763BC5
:10F03000074D833BCD788B3B93A4933B59D09B3BAF
:10F040001FFCA33BE527AC3BAB53B43B0A2CAF3BC7
:10F050001A99A73B2906A03B3973983B48E0903B9F
:10F06000584D893B67BA813BEE4E743B0C29653B9A
:10F070002C03563B4BDD463B6AB7373B8991283B17
:10F08000A86B193BC7450A3BCC3FF63A0BF4D73A7D
:10F0900048A8B93A875C9B3A8A217A3A068A3D3A6F
:10F0A00083F2003AFEB588395E6FF837FE233E39A9
:10F0B0005966CF3959DD1F3A8607583ADA18883A27
:10F0C000F02DA43A0643C03A1D58DC3A336DF83AA5
:10F0D00025410A3BB04B183B3B56263BC760343BAF
:10F0E000516B423BDD75503B68805E3BF48A6C3B64
:10F0F0007E957A3B0550843B4B558B3B905A923B17
:10F10000D65F993B1B65A03B616AA73B2AA4A23B43
:10F1100036229C3B41A0953B4C1E8F3B589C883B24
:10F12000631A823BDD30773BF52C6A3B0B295D3B54
:10F130002225503B3921433B501D363B6619293B64
:10F140007D151C3B94110F3BAB0D023B8413EA3A37
:10F15000B20BD03AE003B63A0EFC9B3A3BF4813A4C
:10F16000D1D84F3A2DC91B3A1173CF3990A74E39D8
:10F17000E54B2839AFA9B439B5960A3A93D83A3A4B
:10F18000701A6B3A27AE8D3A16CFA53A06F0BD3A03
:10F19000F410D63AE331EE3A6929033BE0390F3BEC
:10F1A000584A1B3BCF5A273B476B333BBF7B3F3B08
:10F1B000358C4B3BAD9C573B25AD633B9CBD6F3BBA
:10F1C00014CE7B3B46EF833B81F7893BBDFF8F3BF2
:10F1D000F907963B7CF99B3B1562963BAECA903B88
:10F1E00045338B3BDE9B853B7704803B1DDA743BCC
:10F1F0004EAB693B7E7C5E3BB04D533BE11E483BD2
:10F2000011F03C3B42C1313B7392263BA3631B3B55
:10F21000D434103B0506053B6BAEF33ACC50DD3AD7
:10F220002EF3C63A8F95B03AF0379A3A52DA833ACB
:10F2300066F95A3A2A3E2E3AEC82013A5E8FA93993
:10F24000C8312039CB13A235661E2739527CA63926
:10F250007269F939482B263AD9A14F3A6818793A98
:10F260007B47913AC302A63A0CBEBA3A5479CF3AD8
:10F270009B34E43AE3EFF83A95D5063B3933113B3A
:10F28000DD901B3B82EE253B254C303BC9A93A3B28
:10F290006D07453B11654F3BB4C2593B5920643B58
:10F2A000FC7D6E3BA1DB783BA29C813B74CB863B13
:10F2B00046FA8B3B711D903B904F8B3BB081863B58
:10F2C000CFB3813BDECB793B1D30703B5C94663B1A
:10F2D0009BF85C3BDB5C533B1AC1493B5925403BE7
:10F2E0009889363BD7ED2C3B1652233B55B6193B3C
:10F2F000941A103BD37E063B23C6F93AA28EE63A17
:10F300002057D33A9E1FC03A1CE8AC3A9AB0993ABB
:10F310001979863A2D83663A2914403A26A5193A76
:10F32000446CE6393C8E99396A60193982B06E377F
:10F33000916B1D390CF695395136DD394A3B123A3D
:10F340006DDB353A8E7B593AB01B7D3AE95D903AD8
:10F35000FB2DA23A0CFEB33A1CCEC53A2D9ED73AED
:10F360003E6EE93A503EFB3A3087063B396F0F3B21
:10F370004257183B4A3F213B53272A3B5B0F333B05
:10F3800063F73B3B6BDF443B74C74D3B7DAF563B64
:10F3900085975F3B8E7F683B9667713B9F4F7A3BBB
:10F3A000D49B813BBB0A863B02EA813B91927B3B2B
:10F3B0002051733BAF0F6B3B3DCE623BCB8C5A3B36
:10F3C000594B523BE8094A3B76C8413B0487393BDD
:10F3D0009345313B2004293BAFC2203B3E81183B83
:10F3E000CC3F103B5AFE073BD179FF3AEDF6EE3A9F
:10F3F0000B74DE3A27F1CD3A446EBD3A60EBAC3A7D
:10F400007D689C3A9AE58B3A6CC5763AA6BF553A28
:10F41000DFB9343A19B4133AA45CE5391751A3396A
:10F42000138B4239DFCF793815FA9134D372F5381E
:10F43000D629753922CDB7395805F539C71E193A7D
:10F44000E2BA373AFD56563A18F3743A9AC7893AEF
:10F45000A815993AB663A83AC3B1B73AD1FFC63AEC
:10F46000DE4DD63AEC9BE53AF9E9F43A031C023B4F
:10F470000AC3093B116A113B1811193B1EB8203B06
:10F48000265F283B2C06303B33AD373B39543F3B9E
:10F4900041FB463B47A24E3B4E49563B55F05D3B38
:10F4A0005C97653B623E6D3B6AE5743B52C6743BBC
:10F4B0006EAE6D3B8A96663BA67E5F3BC166583B4F
:10F4C000DD4E513BF9364A3B151F433B31073C3B70
:10F4D0004CEF343B68D72D3B84BF263BA0A71F3B96
:10F4E000BB8F183BD777113BF35F0A3B0F48033BB9
:10F4F0005660F83A8D30EA3AC500DC3AFCD0CD3A95
:10F5000034A1BF3A6B71B13AA341A33ADA11953AEB
:10F5100012E2863A9364713A0205553A71A5383A77
:10F52000E1451C3A9FCCFF397D0DC7395C4E8E39C1
:10F53000741E2B39C280663869D85D3889A9203994
:10F540007CEE84393288B939EA21EE39D15D113A3D
:10F55000ACAA2B3A88F7453A6444603A40917A3A2B
:10F560000E6F8A3A7B95973AE9BBA43A57E2B13AD3
:10F57000C408BF3A322FCC3AA055D93A0F7CE63AAC
:10F580007CA2F33A7564003BACF7063BE38A0D3B83
:10F59000191E143B50B11A3B8744213BBED7273B71
:10F5A000F56A2E3B2CFE343B63913B3B9A24423B55
:10F5B000D0B7483B074B4F3B3EDE553B75715C3B3C
:10F5C000AC04633B4A5B633B0F435D3BD32A573B31
:10F5D0009812513B5DFA4A3B21E2443BE7C93E3B6E
:10F5E000ABB1383B7099323B35812C3BFA68263BF6
:10F5F000BE50203B83381A3B4820143B0C080E3B7E
:10F60000D1EF073B96D7013BB67EF73A3F4EEB3A38
:10F61000C81DDF3A52EDD23ADCBCC63A658CBA3A24
:10F62000EF5BAE3A792BA23A01FB953A8BCA893A45
:10F6300029347B3A3CD3623A4F724A3A6311323AE8
:10F6400076B0193A884F013A37DDD1395D1BA139BF
:10F6500006B36039A45EFE38EF5CED3784FA3138CA
:10F660005FE206391E466139EFD49D39CE06CB39AB
:10F67000AE38F83946B5123A364E293A25E73F3AC0
:10F680001680563A05196D3AFAD8813A72258D3AA4
:10F69000EA71983A62BEA33AD90AAF3A5257BA3AD7
:10F6A000CAA3C53A41F0D03AB83CDC3A3189E73ACE
:10F6B000AAD5F23A2022FE3A4DB7043B885D0A3BB8
:10F6C000C403103B00AA153B3C501B3B77F6203B84
:10F6D000B49C263BF0422C3B2CE9313B688F373BF6
:10F6E000A3353D3BE0DB423B1B82483B57284E3B6A
:10F6F00093CE533BF0E1513B5FA54C3BCF68473B7A
:10F700003D2C423BADEF3C3B1CB3373B8B76323B51
:10F71000FA392D3B6AFD273BD8C0223B48841D3B6C
:10F72000B747183B260B133B95CE0D3B0492083B85
:10F730007455033BC531FC3AA4B8F13A813FE73A2E
:10F7400061C6DC3A3E4DD23A1CD4C73AFB5ABD3AA8
:10F75000D9E1B23AB768A83A96EF9D3A7476933AEF
:10F7600053FD883A60087D3A1D16683ADA23533A09
:10F7700096313E3A533F293A104D143A99B5FE3925
:10F7800011D1D4398BECAA3903088139FA462E39C4
:10F79000D8FBB438C99BD6360022583864B2033936
:10F7A000485C513917838F390858B639FB2CDD393D
:10F7B000F600023A6F6B153AE8D5283A62403C3AB7
:10F7C000DBAA4F3A5415633ACD7F763A23F5843A53
:10F7D0005FAA8E3A9C5F983AD814A23A15CAAB3AFF
:10F7E000527FB53A8E34BF3ACBE9C83A079FD23A36
:10F7F0004454DC3A8109E63ABDBEEF3AFA73F93A6D
:10F800009B94013B396F063BD7490B3B7624103B59
:10F8100014FF143BB2D9193B50B41E3BEF8E233B6F
:10F820008D69283B2B442D3BCA1E323B68F9363B81
:10F8300006D43B3BA4AE403B4389453B18C9413B02
:10F8400045493D3B70C9383B9D49343BC9C92F3BB5
:10F85000F6492B3B22CA263B4E4A223B7ACA1D3B25
:10F86000A64A193BD3CA143BFF4A103B2CCB0B3B97
:10F87000584B073B84CB023B6097FC3AB997F33A6D
:10F880001298EA3A6A98E13AC398D83A1A99CF3A64
:10F890007399C63ACC99BD3A259AB43A7D9AAB3A57
:10F8A000D69AA23A2E9B993A869B903ADF9B873A4A
:10F8B00070387D3A20396B3AD139593A833A473A10
:10F8C000343B353AE43B233A963C113A8E7AFE3982
:10F8D000EF7BDA39527DB639B47E92392D005D392D
:10F8E000F10215396A0B9A38230FA136608D7538ED
:10F8F0000F1E0039C5D84239BEC982391927A4392B
:10F900007584C539CFE1E639951F043A43CE143AE0
:10F91000F07C253A9E2B363A4BDA463AFA88573A2B
:10F92000A737683A54E6783A81CA843AD8218D3AA2
:10F930002F79953A86D09D3ADC27A63A337FAE3AA6
:10F940008AD6B63AE12DBF3A3785C73A8EDCCF3A30
:10F95000E533D83A3D8BE03A93E2E83AEA39F13AB6
:10F960004091F93A4BF4003BF71F053BA34B093B91
:10F970004E770D3BF9A2113BA5CE153B50FA193B32
:10F98000FB251E3BA751223B527D263BFEA82A3B6E
:10F99000A9D42E3B5400333B002C373B2DDE333BA8
:10F9A0008400303BDB222C3B3145283B8867243BDD
:10F9B000DF89203B36AC1C3B8DCE183BE4F0143B7A
:10F9C0003B13113B91350D3BE857093B3F7A053B13
:10F9D000969C013BD87DFB3A86C2F33A3407EC3A59
:10F9E000E24BE43A8F90DC3A3DD5D43AEB19CD3A6C
:10F9F000975EC53A45A3BD3AF3E7B53AA12CAE3AB6
:10FA00004F71A63AFCB59E3AAAFA963A573F8F3AFA
:10FA10000484873A65917F3ABF1A703A1BA4603A12
:10FA2000762D513AD2B6413A2C40323A88C9223A20
:10FA3000E352133A3EDC033A33CBE839EADDC93905
:10FA4000A0F0AA3957038C391B2C5A3987511C391D
:10FA5000E8EDBC3883710238CE4D55382A52DD3876
:10FA6000B6FE273959546139FD548D39CEFFA93975
:10FA70009EAAC6396F55E3392000003A88550E3AE0
:10FA8000F1AA1C3A5A002B3AC155393A2AAB473AE7
:10FA90009200563AFB55643A63AB723A6680803AFC
:10FAA0001AAB873ACED58E3A8300963A372B9D3AD9
:10FAB000EB55A43A9F80AB3A53ABB23A08D6B93A69
:10FAC000BC00C13A702BC83A2356CF3AD980D63AF7
:10FAD0008CABDD3A40D6E43AF500EC3AA92BF33A88
:10FAE0005D56FA3A88C0003BE355043B3DEB073BCB
:10FAF00097800B3BF1150F3B4BAB123BA540163BE0
:10FB0000FFD5193B5A6B1D3BB400213B0E96243B9D
:10FB1000682B283B0B7D283BB82A253B64D8213B2A
:10FB200010861E3BBD331B3B69E1173B168F143B10
:10FB3000C23C113B6FEA0D3B1C980A3BC845073B92
:10FB400074F3033B21A1003B9B9DFA3AF4F8F33A8E
:10FB50004C54ED3AA6AFE63AFF0AE03A5766D93A76
:10FB6000B1C1D23A091DCC3A6378C53ABCD3BE3A8A
:10FB7000142FB83A6E8AB13AC7E5AA3A1F41A43A9F
:10FB8000799C9D3AD2F7963A2B53903A83AE893AB4
:10FB9000DD09833A6BCA783A1D816B3ACF375E3AFA
:10FBA00080EE503A33A5433AE55B363A9712293A4C
:10FBB00049C91B3AFB7F0E3AAD36013ABDDAE73947
:10FBC0002248CD3985B5B239E92298399B207B3955
:10FBD00063FB45392BD61039E561B738EB2E1A385F
:10FBE000FA51BA37D21A913824A1F338BB132B3902
:10FBF000E5565C3907CD86399C6E9F393110B8398E
:10FC0000C6B1D0395A53E93978FA003A424B0D3A25
:10FC10000C9C193AD7EC253AA03D323A6B8E3E3A0D
:10FC200036DF4A3A0030573ACB80633A95D16F3A83
:10FC30005F227C3A9539843AFA618A3A5F8A903A2F
:10FC4000C4B2963A2ADB9C3A8F03A33AF42BA93A22
:10FC50005A54AF3ABE7CB53A23A5BB3A89CDC13AD6
:10FC6000EEF5C73A541ECE3AB846D43A1D6FDA3A8A
:10FC70008397E03AE8BFE63A4CE8EC3AB210F33A40
:10FC80001739F93A7D61FF3AF1C4023B23D9053BAC
:10FC900056ED083B89010C3BBB150F3BEE29123B8F
:10FCA000203E153B5352183B86661B3B7DD91C3BBF
:10FCB000E1FE193B4524173BAA49143B0E6F113B4B
:10FCC00072940E3BD6B90B3B3BDF083B9F04063BCF
:10FCD000032A033B684F003B97E9FA3A6034F53A50
:10FCE000287FEF3AF1C9E93AB914E43A815FDE3A84
:10FCF0004AAAD83A13F5D23ADB3FCD3AA38AC73A9B
:10FD00006BD5C13A3520BC3AFD6AB63AC5B5B03AB2
:10FD10008D00AB3A574BA53A1F969F3AE7E0993AC8
:10FD2000B02B943A79768E3A41C1883A090C833ADD
:10FD3000A3AD7A3A35436F3AC5D8633A576E583A0D
:10FD4000E7034D3A7899413A092F363A9AC42A3A4C
:10FD50002A5A1F3ABCEF133A4D85083ABC35FA3996
:10FD6000DE60E339FF8BCC3921B7B53943E29E39E8
:10FD7000650D88390D71623951C73439951D0739C0
:10FD8000B1E7B23872282F38810A3A3728D157386C
:10FD9000D78FC0388D9B0A392FEF3439D1425F3964
:10FDA00039CB84390AF59939DB1EAF39AC48C439EF
:10FDB0007D72D9394E9CEE390FE3013AF8770C3A4F
:10FDC000E00C173AC8A1213AB1362C3A99CB363A11
:10FDD0008260413A6AF54B3A538A563A3B1F613A80
:10FDE00024B46B3A0C49763AFA6E803A6EB9853A89
:10FDF000E3038B3A574E903ACB98953A40E39A3AC0
:10FE0000B32DA03A2878A53A9CC2AA3A100DB03A70
:10FE10008457B53AF9A1BA3A6DECBF3AE136C53A22
:10FE20005581CA3ACACBCF3A3E16D53AB260DA3AD1
:10FE300026ABDF3A9BF5E43A0F40EA3A838AEF3A81
:10FE4000F7D4F43A6C1FFA3AE069FF3A2A5A023BB7
:10FE500064FF043B9EA4073BD8490A3B12EF0C3BCE
:10FE60004C940F3BFC03123B3D900F3B7E1C0D3B23
:10FE7000BFA80A3B0035083B41C1053B824D033B0F
:10FE8000C3D9003B08CCFC3A8BE4F73A0CFDF23ABC
:10FE90008F15EE3A112EE93A9346E43A165FDF3AAF
:10FEA0009777DA3A1A90D53A9CA8D03A1EC1CB3A45
:10FEB000A0D9C63A22F2C13AA40ABD3A2723B83AD9
:10FEC000A93BB33A2B54AE3AAD6CA93A2F85A43A6C
:10FED000B29D9F3A33B69A3AB6CE953A38E7903A01
:10FEE000BAFF8B3A3C18873ABE30823A80927A3A0F
:10FEF00084C3703A89F4663A8E255D3A9256533A35
:10FF00009687493A9AB83F3A9FE9353AA31A2C3A6C
:10FF1000A74B223AAB7C183AB0AD0E3AB4DE043AA5
:10FF2000701FF6397981E23981E3CE398A45BB39D0
:10FF300093A7A7399B099439A46B8039599B5939E8
:10FF4000695F32397B230B3918CFC73875AE7238E9
:10FF5000747DAB3776FEBE35447017384B749438D9
:10FF60007430DD384EF612396254373977B25B3966
:10FF700045088039503792395A66A4396395B639A5
:10FF80006EC4C83978F3DA398222ED398D51FF39E0
:10FF90004CC0083AD1D7113A56EF1A3ADA06243A49
:10FFA0005F1E2D3AE435363A6A4D3F3AEF64483ADF
:10FFB000747C513AF9935A3A7EAB633A03C36C3A74
:10FFC00089DA753A0DF27E3AC904843A8C90883AFF
:10FFD0004E1C8D3A10A8913AD333963A95BF9A3A6F
:10FFE000584B9F3A1BD7A33ADE62A83AA0EEAC3A30
:10FFF000637AB13A2506B63AE891BA3AAA1DBF3AF1
:020000040802F0
:100000006CA9C33A2F35C83AF1C0CC3AB44CD13AB6
:1000100076D8D53A3A64DA3AFCEFDE3ABF7BE33A77
:100020008107E83A4393EC3A061FF13AC8AAF53A39
:100030008B36FA3A4DC2FE3A08A7013BE9EC033B86
:10004000CB32063B0A7C063BAC60043B4F45023B8F
:10005000F129003B271DFC3A6CE6F73AB2AFF33AC0
:10006000F778EF3A3B42EB3A810BE73AC6D4E23AF3
:100070000A9EDE3A5067DA3A9530D63AD9F9D13A43
:100080001EC3CD3A648CC93AA855C53AED1EC13A93
:1000900033E8BC3A78B1B83ABC7AB43A0244B03AE0
:1000A000470DAC3A8BD6A73AD09FA33A16699F3A30
:1000B0005A329B3A9FFB963AE5C4923A298E8E3A81
:1000C0006E578A3AB320863AF9E9813A7A667B3AE2
:1000D00005F9723A8F8B6A3A191E623AA3B0593AFF
:1000E0002C43513AB7D5483A4168403ACBFA373AAF
:1000F000558D2F3ADE1F273A69B21E3AF344163A5D
:100100007CD70D3A066A053A22F9F939351EE939E4
:100110004943D8395D68C739728DB63985B2A5397A
:1001200099D79439ADFC833982436639AA8D443915
:10013000D1D72239FA21013944D8BE3827D97638A7
:100140008E03E037EACB623738B03538BA56993883
:1001500059D5D738FC290B394B692A399AA849391E
:10016000EAE768399D13843944B39339EB52A339D4
:1001700093F2B2393B92C239E331D2398AD1E139B3
:100180003271F1396D88003A4158083A1428103A12
:10019000E9F7173ABCC71F3A9097273A64672F3A96
:1001A0003737373A0C073F3ADFD6463AB2A64E3ACF
:1001B0008776563A5A465E3A2F16663A02E66D3A06
:1001C000D6B5753AA9857D3ABFAA823AA992863AF0
:1001D000937A8A3A7C628E3A674A923A5132963AD8
:1001E0003A1A9A3A24029E3A0EEAA13AF8D1A53A6E
:1001F000E2B9A93ACCA1AD3AB689B13A9F71B53A04
:100200008A59B93A7441BD3A5D29C13A4711C53A94
:1002100031F9C83A1BE1CC3A05C9D03AEFB0D43A2B
:10022000D998D83AC380DC3AAD68E03A9750E43ABE
:100230008038E83A6A20EC3A5508F03A3EF0F33A52
:1002400028D8F73AC979FA3AEEDAF63A133CF33A93
:10025000389DEF3A5DFEEB3A825FE83AA7C0E43A98
:10026000CC21E13AF182DD3A16E4D93A3B45D63A5F
:1002700060A6D23A8507CF3AAA68CB3ACFC9C73A27
:10028000F42AC43A198CC03A3EEDBC3A624EB93AEF
:1002900087AFB53AAC10B23AD171AE3AF6D2AA3ABB
:1002A0001B34A73A4095A33A65F69F3A8A579C3A81
:1002B000AFB8983AD419953AF97A913A1EDC8D3A4A
:1002C000433D8A3A689E863A8DFF823A64C17E3AFF
:1002D000AE83773AF845703A4208693A8CCA613A77
:1002E000D68C5A3A204F533A6A114C3AB4D3443A16
:1002F000FE953D3A4758363A911A2F3ADBDC273AB9
:10030000259F203A6F61193AB923123A02E60A3A58
:100310004CA8033A2DD5F839C159EA3955DEDB39F5
:10032000E962CD397DE7BE39116CB039A4F0A1394D
:1003300038759339CCF98439BFFC6C39E7055039ED
:100340000F0F333936181639BB42F2380B55B8380F
:10035000B5CE7C3853F3083891BFA836FB7C913674
:10036000EA27FB374BF86838502EAA387CE0DF3894
:1003700053C90A3969A225397E7B403993545B39C8
:10038000A92D76395F838839EAEF9539755CA339F1
:10039000FFC8B0398A35BE3915A2CB399F0ED9397D
:1003A0002A7BE639B6E7F33920AA003A6560073AB6
:1003B000AB160E3AF0CC143A36831B3A7B39223A0C
:1003C000C0EF283A06A62F3A4B5C363A90123D3AD7
:1003D000D6C8433A1B7F4A3A6035513AA6EB573AA2
:1003E000EBA15E3A3058653A760E6C3ABBC4723A6D
:1003F000007B793AA318803AC673833AE8CE863AEE
:100400000B2A8A3A2E858D3A50E0903A733B943A03
:100410009696973AB8F19A3ADB4C9E3AFEA7A13AE3
:100420002003A53A435EA83A66B9AB3A8814AF3ABE
:10043000AB6FB23ACECAB53AF025B93A1381BC3A9D
:1004400036DCBF3A5837C33A7B92C63A9EEDC93A7A
:10045000C048CD3AE3A3D03A06FFD33A285AD73A58
:100460004BB5DA3A6E10DE3A906BE13AB3C6E43A35
:10047000D621E83AE232E63A8516E33A28FADF3A3C
:10048000CBDDDC3A6EC1D93A11A5D63AB388D33A5E
:10049000576CD03AFA4FCD3A9D33CA3A4017C73A13
:1004A000E3FAC33A86DEC03A29C2BD3ACCA5BA3ACD
:1004B0006F89B73A126DB43AB550B13A5834AE3A82
:1004C000FB17AB3A9EFBA73A41DFA43AE4C2A13A3C
:1004D00087A69E3A2A8A9B3ACD6D983A7051953AF2
:1004E0001335923AB6188F3A59FC8B3AFCDF883AAA
:1004F0009FC3853A42A7823AC9157F3A11DD783AFF
:1005000056A4723A9D6B6C3AE232663A28FA5F3A28
:100510006EC1593AB388533AFA4F4D3A4017473AA9
:1005200086DE403ACCA53A3A126D343A58342E3A27
:100530009EFB273AE4C2213A2A8A1B3A7051153AA7
:10054000B6180F3AFCDF083A42A7023A11DDF83933
:100550009D6BEC3928FADF39B388D3394017C73996
:10056000CCA5BA395834AE39E4C2A13970519539A5
:10057000FCDF883911DD783928FA5F3940174739AF
:1005800058342E397051153911DDF8384017C738F5
:1005900070519538401747384017C7370000120090
:1005A000250038004B005E00700083009600A90013
:1005B000BC00CF00E200F50009011E0135014E012B
:1005C00069018701A701C901EE01150240026F020E
:1005D000A002D5020F034E039203DB032A047F041B
:1005E000DA043C05A605190695061B07AB070100B2
:1005F0000A0013001D0026003000390042004C00A4
:1006000055005F00680072007B0085008F009A0033
:10061000A600B300C100D100E100F30006011A01F9
:100620003101490162017E019C01BD01E001060228
:100630002F025B028A02BD02F40230037003000045
:1006400000000000DEE91D36C6E91D37D1A6B1372E
:1006500064E91D383BBC7638DAA5B138C8CBF1382F
:10066000DFE71D39C7D8473984B876397B439539D8
:1006700000A2B139BF77D039A5C4F1394EC40A3AC6
:10068000C8E11D3AB53A323A07CF473AB29E5E3AD0
:10069000A7A9763AECF7873A9A38953AD616A33A4C
:1006A0009892B13AD6ABC03A8762D03AA1B6E03A56
:1006B0001AA8F13A749B013B80B10A3B2C16143BFB
:1006C00071C91D3B49CB273BAF1B323B9DBA3C3B1D
:1006D0000AA8473BF2E3523B4C6E5E3B12476A3B33
:1006E0003C6E763BE271813BD0D3873BE55C8E3B31
:1006F0001D0D953B73E49B3BE3E2A23B6A08AA3BDA
:100700000255B13BA7C8B83B5563C03B0625C83B63
:10071000B60DD03B611DD83B0154E03B90B1E83BA6
:100720000B36F13B6BE1F93BD659013C64D6053CF5
:100730005C660A3CBD090F3C82C0133CA98A183C88
:1007400030681D3C1359223C4F5D273CE0742C3C23
:10075000C59F313CF9DD363C7A2F3C3C4494413C0A
:10076000540C473CA6974C3C3736523C04E8573C67
:1007700009AD5D3C4285633CAC70693C436F6F3CA6
:100780000481753CEBA57B3CFAEE803C8D14843CE7
:10079000AE43873C5A7C8A3C8FBE8D3C4B0A913CD1
:1007A0008C5F943C51BE973C96269B3C5A989E3C4D
:1007B0009C13A23C5798A53C8C26A93C36BEAC3C69
:1007C000555FB03CE509B43CE5BDB73C527BBB3C52
:1007D0002A42BF3C6B12C33C12ECC63C1DCFCA3C44
:1007E0008ABBCE3C55B1D23C7EB0D63C00B9DA3C97
:1007F000DACADE3C0AE6E23C8C0AE73C5E38EB3CB7
:100800007E6FEF3CE8AFF33C9BF9F73C934CFC3C2C
:100810006754003D2587023D82BE043D7CFA063DBB
:10082000123B093D43800B3D0DCA0D3D6F18103D35
:10083000676B123DF5C2143D161F173DC97F193D68
:100840000CE51B3DDF4E1E3D3FBD203D2C30233DC2
:10085000A3A7253DA323283D2BA42A3D39292D3DBF
:10086000CCB22F3DE140323D78D3343D8E6A373DE6
:1008700023063A3D34A63C3DC04A3F3DC6F3413DC8
:1008800043A1443D3653473D9E094A3D78C44C3D03
:10089000C3834F3D7D47523DA60F553D3ADC573D42
:1008A00038AD5A3D9E825D3D6B5C603D9E3A633D36
:1008B000331D663D2A04693D80EF6B3D34DF6E3D9C
:1008C00044D3713DAECB743D70C8773D89C97A3D44
:1008D000F6CE7D3D5B6C803D64F3813D947C833D31
:1008E000EA07853D6795863D0725883DCCB6893D5D
:1008F000B34A8B3DBCE08C3DE6788E3D2F13903D96
:1009000097AF913D1D4E933DC0EE943D7F91963D36
:100910005836983D4BDD993D57869B3D7B319D3D3B
:10092000B5DE9E3D058EA03D693FA23DE2F2A33DAE
:100930006CA8A53D0860A73DB519A93D71D5AA3D94
:100940003B93AC3D1253AE3DF614B03DE4D8B13DFF
:10095000DD9EB33DDE66B53DE730B73DF7FCB83D03
:100960000CCBBA3D269BBC3D436DBE3D6241C03DB4
:100970008217C23DA2EFC33DC1C9C53DDEA5C73D3B
:10098000F783C93D0B64CB3D1A46CD3D222ACF3DAE
:100990002110D13D18F8D23D03E2D43DE4CDD63D3F
:1009A000B7BBD83D7CABDA3D329DDC3DD890DE3D17
:1009B0006C86E03DED7DE23D5A77E43DB172E63D67
:1009C000F36FE83D1C6FEA3D2D70EC3D2373EE3D67
:1009D000FE77F03DBC7EF23D5D87F43DDE91F63D55
:1009E0003F9EF83D7EACFA3D9ABCFC3D91CEFE3D6B
:1009F0003271003E087C013EC987023E7694033E78
:100A00000EA2043E90B0053EFBBF063E4ED0073E10
:100A10008AE1083EADF3093EB7060B3EA71A0C3E2D
:100A20007D2F0D3E37450E3ED55B0F3E5673103E73
:100A3000BB8B113E01A5123E29BF133E31DA143E95
:100A40001AF6153EE112173E8830183E0C4F193E3B
:100A50006E6E1A3EAC8E1B3EC6AF1C3EBBD11D3E19
:100A60008BF41E3E3418203EB73C213E1262223EDB
:100A70004488233E4EAF243E2DD7253EE3FF263E3D
:100A80006D29283ECB53293EFC7E2A3E01AB2B3EEE
:100A9000D7D72C3E7E052E3EF6332F3E3E63303EAA
:100AA0005493313E39C4323EECF5333E6B28353E2B
:100AB000B65B363ECD8F373EAEC4383E59FA393E2E
:100AC000CE303B3E0A683C3E0FA03D3EDAD83E3E6B
:100AD0006B12403EC14C413EDC87423EBBC3433EAD
:100AE0005D00453EC23D463EE87B473ECEBA483EAD
:100AF00075FA493EDB3A4B3EFF7B4C3EE1BD4D3E35
:100B000080004F3EDB43503EF287513EC3CC523E05
:100B10004E12543E9158553E8E9F563E41E7573EE9
:100B2000AB2F593ECB785A3EA0C25B3E2A0D5D3EAC
:100B300066585E3E56A45F3EF7F0603E4A3E623E17
:100B40004C8C633EFFDA643E5F2A663E6E7A673EF7
:100B50002ACB683E921C6A3EA56E6B3E63C16C3E1A
:100B6000CB146E3EDB686F3E94BD703EF412723E55
:100B7000FB68733EA8BF743EF916763EEE6E773E74
:100B800086C7783EC1207A3E9E7A7B3E1BD57C3E4E
:100B900038307E3EF38B7F3E2774803EA322813E19
:100BA0006DD1813E8480823EEA2F833E9CDF833E6E
:100BB0009B8F843EE63F853E7CF0853E5EA1863E6F
:100BC0008B52873E0204883EC4B5883ECF67893E7B
:100BD000231A8A3EBFCC8A3EA47F8B3ED1328C3E04
:100BE00046E68C3E019A8D3E034E8E3E4B028F3E72
:100BF000D9B68F3EAC6B903EC320913E20D6913E3D
:100C0000C08B923EA441933ECAF7933E34AE943ECD
:100C1000DF64953ECD1B963EFBD2963E6B8A973E97
:100C20001B42983E0BFA983E3AB2993EA96A9A3E08
:100C300056239B3E42DC9B3E6B959C3ED24E9D3E96
:100C400075089E3E55C29E3E717C9F3EC936A03EB1
:100C50005BF1A03E28ACA13E3067A23E7122A33ECC
:100C6000EBDDA33E9E99A43E8A55A53EAE11A63E5D
:100C700009CEA63E9B8AA73E6347A83E6204A93ED2
:100C800096C1A93E007FAA3E9E3CAB3E71FAAB3EA8
:100C900077B8AC3EB176AD3E1D35AE3EBDF3AE3E4F
:100CA0008EB2AF3E9071B03EC430B13E28F0B13E3E
:100CB000BDAFB23E816FB33E752FB43E97EFB43EE9
:100CC000E7AFB53E6670B63E1131B73EEAF1B73ECA
:100CD000EFB2B83E2074B93E7D35BA3E04F7BA3E55
:100CE000B6B8BB3E937ABC3E993CBD3EC8FEBD3E05
:100CF00020C1BE3EA083BF3E4846C03E1709C13E4C
:100D00000DCCC13E298FC23E6C52C33ED415C43EA9
:100D100060D9C43E119DC53EE760C63EDF24C73E94
:100D2000FBE8C73E3AADC83E9A71C93E1C36CA3E82
:100D3000C0FACA3E84BFCB3E6884CC3E6C49CD3EEF
:100D4000900ECE3ED2D3CE3E3299CF3EB15ED03E53
:100D50004C24D13E05EAD13EDAAFD23ECB75D33E2C
:100D6000D73BD43EFF01D53E41C8D53E9D8ED63EF1
:100D70001355D73EA11BD83E49E2D83E08A9D93E1B
:100D8000DF6FDA3ECD36DB3ED2FDDB3EEDC4DC3E2E
:100D90001E8CDD3E6553DE3EBF1ADF3E2FE2DF3E96
:100DA000B2A9E03E4871E13EF138E23EAD00E33EDB
:100DB0007AC8E33E5990E43E4958E53E4920E63E74
:100DC00059E8E63E79B0E73EA878E83EE540E93EDE
:100DD0003009EA3E89D1EA3EEF99EB3E6162EC3E92
:100DE000DF2AED3E6AF3ED3EFFBBEE3E9F84EF3E11
:100DF000494DF03EFD15F13EB9DEF13E7FA7F23ED2
:100E00004D70F33E2339F43E0002F53EE3CAF53E51
:100E1000CD93F63EBD5CF73EB225F83EACEEF83E13
:100E2000ABB7F93EAD80FA3EB249FB3EBB12FC3E89
:100E3000C6DBFC3ED3A4FD3EE16DFE3EF036FF3E38
:100E40000000003F8864003F10C9003F972D013F1C
:100E50001D92013FA3F6013F275B023FAABF023F5D
:100E60002B24033FAA88033F27ED033FA151043FF2
:100E700019B6043F8E1A053F007F053F6FE3053F1B
:100E8000D947063F40AC063FA310073F0275073F16
:100E90005CD9073FB13D083F01A2083F4B06093F1F
:100EA000906A093FD0CE093F09330A3F3C970A3F79
:100EB00068FB0A3F8E5F0B3FACC30B3FC4270C3F60
:100EC000D38B0C3FDBEF0C3FDC530D3FD3B70D3F13
:100ED000C31B0E3FAA7F0E3F87E30E3F5C470F3FC9
:100EE00027AB0F3FE90E103FA072103F4ED6103FC8
:100EF000F139113F899D113F1701123F9964123F4B
:100F000010C8123F7C2B133FDC8E133F2FF2133F90
:100F10007755143FB1B8143FE01B153F017F153FD3
:100F200014E2153F1B45163F13A8163FFE0A173F54
:100F3000DA6D173FA8D0173F6733183F1796183F51
:100F4000B8F8183F4A5B193FCCBD193F3E201A3F05
:100F5000A0821A3FF2E41A3F33471B3F63A91B3FAD
:100F6000820B1C3F906D1C3F8DCF1C3F77311D3F86
:100F700050931D3F16F51D3FCA561E3F6BB81E3FCE
:100F8000F9191F3F757B1F3FDCDC1F3F303E203FC0
:100F9000709F203F9C00213FB461213FB7C2213F99
:100FA000A523223F7E84223F42E5223FF045233F96
:100FB00088A6233F0B07243F7767243FCDC7243FF4
:100FC0000C28253F3588253F46E8253F3F48263FEA
:100FD00022A8263FEC07273F9E67273F38C7273FB9
:100FE000B926283F2286283F71E5283FA844293F9B
:100FF000C5A3293FC8022A3FB1612A3F80C02A3FCA
:10100000351F2B3FCF7D2B3F4EDC2B3FB33A2C3F80
:10101000FC982C3F29F72C3F3B552D3F31B32D3FFA
:101020000A112E3FC86E2E3F68CC2E3FEC292F3F71
:1010300052872F3F9CE42F3FC741303FD59E303F22
:10104000C5FB303F9758313F4AB5313FDF11323F42
:10105000556E323FABCA323FE326333FFB82333F0C
:10106000F3DE333FCB3A343F8296343F1AF2343FBB
:10107000904D353FE6A8353F1B04363F2E5F363F87
:1010800020BA363FF014373F9E6F373F2ACA373FAA
:101090009424383FDB7E383FFFD8383F0033393F58
:1010A000DD8C393F97E6393F2E403A3FA0993A3FD1
:1010B000EFF23A3F194C3B3F1EA53B3FFFFD3B3F44
:1010C000BA563C3F51AF3C3FC2073D3F0D603D3FEC
:1010D00033B83D3F32103E3F0B683E3FBEBF3E3F00
:1010E0004A173F3FAF6E3F3FEDC53F3F031D403FB7
:1010F000F273403FB9CA403F5921413FD077413F49
:101100001ECE413F4524423F427A423F16D0423FE5
:10111000C125433F437B433F9BD0433FC925443FC9
:10112000CD7A443FA7CF443F5724453FDC78453F25
:1011300036CD453F6421463F6875463F40C9463F2E
:10114000ED1C473F6E70473FC2C3473FEB16483F19
:10115000E669483FB6BC483F580F493FCD61493F1B
:1011600015B4493F30064A3F1D584A3FDCA94A3F63
:101170006DFB4A3FCF4C4B3F049E4B3F09EF4B3F2B
:10118000E03F4C3F88904C3F00E14C3F49314D3FA0
:1011900063814D3F4CD14D3F06214E3F90704E3FF5
:1011A000E9BF4E3F110F4F3F095E4F3FD0AC4F3F5D
:1011B00065FB4F3FCA49503FFC97503FFDE5503F0C
:1011C000CD33513F6A81513FD4CE513F0D1C523F28
:1011D0001269523FE5B5523F8502533FF24E533FED
:1011E0002B9B533F31E7533F0233543FA07E543F84
:1011F0000ACA543F4015553F4160553F0DAB553F1E
:10120000A5F5553F0740563F358A563F2DD4563FEA
:10121000EF1D573F7C67573FD2B0573FF3F9573F19
:10122000DD42583F918B583F0FD4583F551C593FD2
:101230006564593F3DAC593FDEF3593F483B5A3F47
:101240007A825A3F74C95A3F36105B3FC0565B3FA3
:10125000119D5B3F2AE35B3F0B295C3FB26E5C3F15
:1012600021B45C3F56F95C3F523E5D3F15835D3FC4
:101270009DC75D3FEC0B5E3F01505E3FDC935E3FE0
:101280007DD75E3FE21A5F3F0E5E5F3FFEA05F3F8D
:10129000B4E35F3F2E26603F6D68603F70AA603FF9
:1012A00038EC603FC42D613F146F613F28B0613F4F
:1012B00000F1613F9C31623FFA71623F1CB2623FB4
:1012C00002F2623FAA31633F1571633F42B0633F50
:1012D00033EF633FE52D643F5A6C643F90AA643F4F
:1012E00089E8643F4426653FC063653FFDA0653FD4
:1012F000FCDD653FBC1A663F3D57663F7F93663F06
:1013000081CF663F440B673FC846673F0C82673F0B
:1013100010BD673FD4F7673F5832683F9B6C683F0A
:101320009FA6683F61E0683FE319693F2453693F26
:10133000248C693FE3C4693F61FD693F9E356A3F84
:10134000996D6A3F52A56A3FC9DC6A3FFF136B3F44
:10135000F24A6B3FA4816B3F13B86B3F3FEE6B3F8C
:1013600029246C3FD1596C3F358F6C3F57C46C3F7B
:1013700035F96C3FD02D6D3F28626D3F3C966D3F37
:101380000DCA6D3F9AFD6D3FE3306E3FE8636E3FDF
:10139000AA966E3F27C96E3F5FFB6E3F532D6F3F8E
:1013A000035F6F3F6E906F3F94C16F3F75F26F3F69
:1013B0001123703F6753703F7983703F45B3703F8F
:1013C000CCE2703F0D12713F0841713FBD6F713F1C
:1013D0002D9E713F56CC713F39FA713FD627723F2F
:1013E0002D55723F3C82723F06AF723F88DB723FE1
:1013F000C407733FB933733F665F733FCD8A733F52
:10140000ECB5733FC4E0733F540B743F9D35743F9C
:101410009E5F743F5789743FC9B2743FF2DB743FDB
:10142000D304753F6C2D753FBD55753FC67D753F27
:1014300086A5753FFDCC753F2CF4753F121B763F9A
:10144000AF41763F0368763F0F8E763FD1B3763F4C
:101450004AD9763F79FE763F5F23773FFC47773F57
:101460004F6C773F5890773F18B4773F8ED7773FD0
:10147000BAFA773F9B1D783F3340783F8162783FCF
:101480008484783F3DA6783FACC7783FD0E8783F6A
:10149000A909793F382A793F7C4A793F756A793FB3
:1014A000248A793F87A9793F9FC8793F6DE7793FC3
:1014B000EF057A3F25247A3F11427A3FB15F7A3FA8
:1014C000057D7A3F0E9A7A3FCCB67A3F3DD37A3F7C
:1014D00063EF7A3F3D0B7B3FCB267B3F0D427B3F4B
:1014E000045D7B3FAE777B3F0C927B3F1DAC7B3F27
:1014F000E3C57B3F5CDF7B3F88F87B3F68117C3F27
:10150000FC297C3F43427C3F3D5A7C3FEB717C3F52
:101510004C897C3F60A07C3F27B77C3FA1CD7C3FBE
:10152000CFE37C3FAFF97C3F420F7D3F88247D3F76
:1015300081397D3F2C4E7D3F8B627D3F9C767D3F88
:101540005F8A7D3FD59D7D3FFEB07D3FD9C37D3F06
:1015500067D67D3FA6E87D3F99FA7D3F3D0C7E3FF3
:10156000941D7E3F9D2E7E3F583F7E3FC54F7E3F60
:10157000E55F7E3FB66F7E3F397F7E3F6F8E7E3F59
:10158000569D7E3FEFAB7E3F3ABA7E3F37C87E3FE7
:10159000E6D57E3F46E37E3F58F07E3F1CFD7E3F12
:1015A00092097F3FB9157F3F92217F3F1C2D7F3FDE
:1015B00058387F3F45437F3FE44D7F3F35587F3F5D
:1015C00037627F3FEA6B7F3F4E757F3F657E7F3F8F
:1015D0002C877F3FA58F7F3FCF977F3FAA9F7F3F7D
:1015E00037A77F3F75AE7F3F64B57F3F04BC7F3F29
:1015F00056C27F3F58C87F3F0CCE7F3F71D37F3F9D
:1016000088D87F3F4FDD7F3FC7E17F3FF1E57F3FD8
:10161000CCE97F3F58ED7F3F94F07F3F82F37F3FDF
:1016200022F67F3F72F87F3F73FA7F3F25FC7F3FB2
:1016300088FD7F3F9DFE7F3F62FF7F3FD9FF7F3F59
:101640000000803FD9FF7F3F62FF7F3F9DFE7F3FCD
:1016500088FD7F3F25FC7F3F73FA7F3F72F87F3F15
:1016600022F67F3F82F37F3F94F07F3F58ED7F3F2C
:10167000CCE97F3FF1E57F3FC7E17F3F4FDD7F3F13
:1016800088D87F3F71D37F3F0CCE7F3F58C87F3FC4
:1016900056C27F3F04BC7F3F64B57F3F75AE7F3F3E
:1016A00037A77F3FAA9F7F3FCF977F3FA58F7F3F81
:1016B0002C877F3F657E7F3F4E757F3FEA6B7F3F84
:1016C00037627F3F35587F3FE44D7F3F45437F3F43
:1016D00058387F3F1C2D7F3F92217F3FB9157F3FB8
:1016E00092097F3F1CFD7E3F58F07E3F46E37E3FE0
:1016F000E6D57E3F37C87E3F3ABA7E3FEFAB7E3FAE
:10170000569D7E3F6F8E7E3F397F7E3FB66F7E3F18
:10171000E55F7E3FC54F7E3F583F7E3F9D2E7E3F1B
:10172000941D7E3F3D0C7E3F99FA7D3FA6E87D3FAC
:1017300067D67D3FD9C37D3FFEB07D3FD59D7D3FC0
:101740005F8A7D3F9C767D3F8B627D3F2C4E7D3F47
:1017500081397D3F88247D3F420F7D3FAFF97C3F3B
:10176000CFE37C3FA1CD7C3F27B77C3F60A07C3F8F
:101770004C897C3FEB717C3F3D5A7C3F43427C3F30
:10178000FC297C3F68117C3F88F87B3F5CDF7B3F16
:10179000E3C57B3F1DAC7B3F0C927B3FAE777B3F2D
:1017A000045D7B3F0D427B3FCB267B3F3D0B7B3F68
:1017B00063EF7A3F3DD37A3FCCB67A3F0E9A7A3FB9
:1017C000057D7A3FB15F7A3F11427A3F25247A3F07
:1017D000EF057A3F6DE7793F9FC8793F87A9793F49
:1017E000248A793F756A793F7C4A793F382A793F64
:1017F000A909793FD0E8783FACC7783F3DA6783F4C
:101800008484783F8162783F3340783F9B1D783FE6
:10181000BAFA773F8ED7773F18B4773F5890773F23
:101820004F6C773FFC47773F5F23773F79FE763FEA
:101830004AD9763FD1B3763F0F8E763F0368763F25
:10184000AF41763F121B763F2CF4753FFDCC753FC0
:1018500086A5753FC67D753FBD55753F6C2D753F9F
:10186000D304753FF2DB743FC9B2743F5789743FAC
:101870009E5F743F9D35743F540B743FC4E0733FCB
:10188000ECB5733FCD8A733F665F733FB933733FE7
:10189000C407733F88DB723F06AF723F3C82723FE2
:1018A0002D55723FD627723F39FA713F56CC713FA2
:1018B0002D9E713FBD6F713F0841713F0D12713F09
:1018C000CCE2703F45B3703F7983703F6753703F00
:1018D0001123703F75F26F3F94C16F3F6E906F3F61
:1018E000035F6F3F532D6F3F5FFB6E3F27C96E3F16
:1018F000AA966E3FE8636E3FE3306E3F9AFD6D3F00
:101900000DCA6D3F3C966D3F28626D3FD02D6D3FF7
:1019100035F96C3F57C46C3F358F6C3FD1596C3FE4
:1019200029246C3F3FEE6B3F13B86B3FA4816B3FA4
:10193000F24A6B3FFF136B3FC9DC6A3F52A56A3F17
:10194000996D6A3F9E356A3F61FD693FE3C4693F17
:10195000248C693F2453693FE319693F61E0683F84
:101960009FA6683F9B6C683F5832683FD4F7673F3B
:1019700010BD673F0C82673FC846673F440B673F17
:1019800081CF663F7F93663F3D57663FBC1A663FF7
:10199000FCDD653FFDA0653FC063653F4426653FB4
:1019A00089E8643F90AA643F5A6C643FE52D643F28
:1019B00033EF633F42B0633F1571633FAA31633F2A
:1019C00002F2623F1CB2623FFA71623F9C31623F99
:1019D00000F1613F28B0613F146F613FC42D613F4A
:1019E00038EC603F70AA603F6D68603F2E26603F14
:1019F000B4E35F3FFEA05F3F0E5E5F3FE21A5F3FD2
:101A00007DD75E3FDC935E3F01505E3FEC0B5E3F57
:101A10009DC75D3F15835D3F523E5D3F56F95C3F7C
:101A200021B45C3FB26E5C3F0B295C3F2AE35B3F15
:101A3000119D5B3FC0565B3F36105B3F74C95A3FF8
:101A40007A825A3F483B5A3FDEF3593F3DAC593FFB
:101A50006564593F551C593F0FD4583F918B583FEF
:101A6000DD42583FF3F9573FD2B0573F7C67573FAD
:101A7000EF1D573F2DD4563F358A563F0740563FFE
:101A8000A5F5553F0DAB553F4160553F4015553FBE
:101A90000ACA543FA07E543F0233543F31E7533FBC
:101AA0002B9B533FF24E533F8502533FE5B5523FC8
:101AB0001269523F0D1C523FD4CE513F6A81513FB3
:101AC000CD33513FFDE5503FFC97503FCA49503F51
:101AD00065FB4F3FD0AC4F3F095E4F3F110F4F3F6B
:101AE000E9BF4E3F90704E3F06214E3F4CD14D3FD7
:101AF00063814D3F49314D3F00E14C3F88904C3F61
:101B0000E03F4C3F09EF4B3F049E4B3FCF4C4B3FD8
:101B10006DFB4A3FDCA94A3F1D584A3F30064A3F09
:101B200015B4493FCD61493F580F493FB6BC483FC6
:101B3000E669483FEB16483FC2C3473F6E70473FD8
:101B4000ED1C473F40C9463F6875463F6421463F0C
:101B500036CD453FDC78453F5724453FA7CF443F2E
:101B6000CD7A443FC925443F9BD0433F437B433F0D
:101B7000C125433F16D0423F427A423F4524423F6F
:101B80001ECE413FD077413F5921413FB9CA403F26
:101B9000F273403F031D403FEDC53F3FAF6E3F3FF7
:101BA0004A173F3FBEBF3E3F0B683E3F32103E3FAD
:101BB00033B83D3F0D603D3FC2073D3F51AF3C3F15
:101BC000BA563C3FFFFD3B3F1EA53B3F194C3B3FF8
:101BD000EFF23A3FA0993A3F2E403A3F97E6393F1D
:101BE000DD8C393F0033393FFFD8383FDB7E383F4B
:101BF0009424383F2ACA373F9E6F373FF014373F4F
:101C000020BA363F2E5F363F1B04363FE6A8353FED
:101C1000904D353F1AF2343F8296343FCB3A343FF1
:101C2000F3DE333FFB82333FE326333FABCA323F21
:101C3000556E323FDF11323F4AB5313F9758313F41
:101C4000C5FB303FD59E303FC741303F9CE42F3F1E
:101C500052872F3FEC292F3F68CC2E3FC86E2E3F76
:101C60000A112E3F31B32D3F3B552D3F29F72C3F15
:101C7000FC982C3FB33A2C3F4EDC2B3FCF7D2B3FC3
:101C8000351F2B3F80C02A3FB1612A3FC8022A3F3F
:101C9000C5A3293FA844293F71E5283F2286283F54
:101CA000B926283F38C7273F9E67273FEC07273FC5
:101CB00022A8263F3F48263F46E8253F3588253F56
:101CC0000C28253FCDC7243F7767243F0B07243FCF
:101CD00088A6233FF045233F42E5223F7E84223FF2
:101CE000A523223FB7C2213FB461213F9C00213F81
:101CF000709F203F303E203FDCDC1F3F757B1F3F45
:101D0000F9191F3F6BB81E3FCA561E3F16F51D3FFF
:101D100050931D3F77311D3F8DCF1C3F906D1C3F71
:101D2000820B1C3F63A91B3F33471B3FF2E41A3F62
:101D3000A0821A3F3E201A3FCCBD193F4A5B193F93
:101D4000B8F8183F1796183F6733183FA8D0173FC9
:101D5000DA6D173FFE0A173F13A8163F1B45163FC3
:101D600014E2153F017F153FE01B153FB1B8143F4A
:101D70007755143F2FF2133FDC8E133F7C2B133F1C
:101D800010C8123F9964123F1701123F899D113FFD
:101D9000F139113F4ED6103FA072103FE90E103FAF
:101DA00027AB0F3F5C470F3F87E30E3FAA7F0E3FF5
:101DB000C31B0E3FD3B70D3FDC530D3FDBEF0C3F92
:101DC000D38B0C3FC4270C3FACC30B3F8E5F0B3F44
:101DD00068FB0A3F3C970A3F09330A3FD0CE093FD0
:101DE000906A093F4B06093F01A2083FB13D083FF9
:101DF0005CD9073F0275073FA310073F40AC063F81
:101E0000D947063F6FE3053F007F053F8E1A053F28
:101E100019B6043FA151043F27ED033FAA88033FB1
:101E20002B24033FAABF023F275B023FA3F6013FDB
:101E30001D92013F972D013F10C9003F8864003F6C
:101E40000000003FF036FF3EE16DFE3ED3A4FD3EB4
:101E5000C6DBFC3EBB12FC3EB249FB3EAD80FA3E07
:101E6000ABB7F93EACEEF83EB225F83EBD5CF73EAE
:101E7000CD93F63EE3CAF53E0002F53E2339F43E2B
:101E80004D70F33E7FA7F23EB9DEF13EFD15F13E07
:101E9000494DF03E9F84EF3EFFBBEE3E6AF3ED3EC0
:101EA000DF2AED3E6162EC3EEF99EB3E89D1EA3EDE
:101EB0003009EA3EE540E93EA878E83E79B0E73EE1
:101EC00059E8E63E4920E63E4958E53E5990E43E51
:101ED0007AC8E33EAD00E33EF138E23E4871E13EB0
:101EE000B2A9E03E2FE2DF3EBF1ADF3E6553DE3E81
:101EF0001E8CDD3EEDC4DC3ED2FDDB3ECD36DB3E4E
:101F0000DF6FDA3E08A9D93E49E2D83EA11BD83E90
:101F10001355D73E9D8ED63E41C8D53EFF01D53ED6
:101F2000D73BD43ECB75D33EDAAFD23E05EAD13EA5
:101F30004C24D13EB15ED03E3299CF3ED2D3CE3E7C
:101F4000900ECE3E6C49CD3E6884CC3E84BFCB3EE5
:101F5000C0FACA3E1C36CA3E9A71C93E3AADC83E66
:101F6000FBE8C73EDF24C73EE760C63E119DC53E85
:101F700060D9C43ED415C43E6C52C33E298FC23EC4
:101F80000DCCC13E1709C13E4846C03EA083BF3EAE
:101F900020C1BE3EC8FEBD3E993CBD3E937ABC3ECC
:101FA000B6B8BB3E04F7BA3E7D35BA3E2074B93EA2
:101FB000EFB2B83EEAF1B73E1131B73E6670B63EB9
:101FC000E7AFB53E97EFB43E752FB43E816FB33E99
:101FD000BDAFB23E28F0B13EC430B13E9071B03ECC
:101FE0008EB2AF3EBDF3AE3E1D35AE3EB176AD3ED8
:101FF00077B8AC3E71FAAB3E9E3CAB3E007FAA3E4A
:1020000096C1A93E6204A93E6347A83E9B8AA73EAB
:1020100009CEA63EAE11A63E8A55A53E9E99A43E87
:10202000EBDDA33E7122A33E3067A23E28ACA13E69
:102030005BF1A03EC936A03E717C9F3E55C29E3EDC
:1020400075089E3ED24E9D3E6B959C3E42DC9B3E6B
:1020500056239B3EA96A9A3E3AB2993E0BFA983EA5
:102060001B42983E6B8A973EFBD2963ECD1B963E16
:10207000DF64953E34AE943ECAF7933EA441933E4E
:10208000C08B923E20D6913EC320913EAC6B903ED9
:10209000D9B68F3E4B028F3E034E8E3E019A8D3E47
:1020A00046E68C3ED1328C3EA47F8B3EBFCC8A3E2E
:1020B000231A8A3ECF67893EC4B5883E0204883E13
:1020C0008B52873E5EA1863E7CF0853EE63F853E94
:1020D0009B8F843E9CDF833EEA2F833E8480823E3A
:1020E0006DD1813EA322813E2774803EF38B7F3EDB
:1020F00038307E3E1BD57C3E9E7A7B3EC1207A3EA8
:1021000086C7783EEE6E773EF916763EA8BF743EDF
:10211000FB68733EF412723E94BD703EDB686F3E06
:10212000CB146E3E63C16C3EA56E6B3E921C6A3E44
:102130002ACB683E6E7A673E5F2A663EFFDA643ECF
:102140004C8C633E4A3E623EF7F0603E56A45F3ED2
:1021500066585E3E2A0D5D3EA0C25B3ECB785A3E7D
:10216000AB2F593E41E7573E8E9F563E9158553E04
:102170004E12543EC3CC523EF287513EDB43503E9A
:1021800080004F3EE1BD4D3EFF7B4C3EDB3A4B3E77
:1021900075FA493ECEBA483EE87B473EC23D463ED0
:1021A0005D00453EBBC3433EDC87423EC14C413EE1
:1021B0006B12403EDAD83E3E0FA03D3E0A683C3EE0
:1021C000CE303B3E59FA393EAEC4383ECD8F373E15
:1021D000B65B363E6B28353EECF5333E39C4323EB5
:1021E0005493313E3E63303EF6332F3E7E052E3E05
:1021F000D7D72C3E01AB2B3EFC7E2A3ECB53293E4B
:102200006D29283EE3FF263E2DD7253E4EAF243EC6
:102210004488233E1262223EB73C213E3418203EC1
:102220008BF41E3EBBD11D3EC6AF1C3EAC8E1B3E8A
:102230006E6E1A3E0C4F193E8830183EE112173E62
:102240001AF6153E31DA143E29BF133E01A5123E9F
:10225000BB8B113E5673103ED55B0F3E37450E3E8D
:102260007D2F0D3EA71A0C3EB7060B3EADF3093E7F
:102270008AE1083E4ED0073EFBBF063E90B0053EC9
:102280000EA2043E7694033EC987023E087C013EBE
:102290003271003E91CEFE3D9ABCFC3D7EACFA3DD3
:1022A0003F9EF83DDE91F63D5D87F43DBC7EF23DFC
:1022B000FE77F03D2373EE3D2D70EC3D1C6FEA3D43
:1022C000F36FE83DB172E63D5A77E43DED7DE23DC6
:1022D0006C86E03DD890DE3D329DDC3D7CABDA3D46
:1022E000B7BBD83DE4CDD63D03E2D43D18F8D23D8E
:1022F0002110D13D222ACF3D1A46CD3D0B64CB3D66
:10230000F783C93DDEA5C73DC1C9C53DA2EFC33DA9
:102310008217C23D6241C03D436DBE3D269BBC3D20
:102320000CCBBA3DF7FCB83DE730B73DDE66B53DB6
:10233000DD9EB33DE4D8B13DF614B03D1253AE3D41
:102340003B93AC3D71D5AA3DB519A93D0860A73DA9
:102350006CA8A53DE2F2A33D693FA23D058EA03DDC
:10236000B5DE9E3D7B319D3D57869B3D4BDD993DC6
:102370005836983D7F91963DC0EE943D1D4E933D5D
:1023800097AF913D2F13903DE6788E3DBCE08C3D9C
:10239000B34A8B3DCCB6893D0725883D6795863D80
:1023A000EA07853D947C833D64F3813D5B6C803D11
:1023B000F6CE7D3D89C97A3D70C8773DAECB743D80
:1023C00044D3713D34DF6E3D80EF6B3D2A04693D9F
:1023D000331D663D9E3A633D6B5C603D9E825D3D74
:1023E00038AD5A3D3ADC573DA60F553D7D47523D2D
:1023F000C3834F3D78C44C3D9E094A3D3653473D0B
:1024000043A1443DC6F3413DC04A3F3D34A63C3D57
:1024100023063A3D8E6A373D78D3343DE140323D64
:10242000CCB22F3D39292D3D2BA42A3DA323283D95
:10243000A3A7253D2C30233D3FBD203DDF4E1E3D53
:102440000CE51B3DC97F193D161F173DF5C2143D14
:10245000676B123D6F18103D0DCA0D3D43800B3D5B
:10246000123B093D7CFA063D82BE043D2587023DB4
:102470006754003D934CFC3C9BF9F73CE8AFF33CC0
:102480007E6FEF3C5E38EB3C8C0AE73C0AE6E23CB0
:10249000DACADE3C00B9DA3C7EB0D63C55B1D23C5B
:1024A0008ABBCE3C1DCFCA3C12ECC63C6B12C33C6F
:1024B0002A42BF3C527BBB3CE5BDB73CE509B43C7E
:1024C000555FB03C36BEAC3C8C26A93C5798A53C29
:1024D0009C13A23C5A989E3C96269B3C51BE973C2E
:1024E0008C5F943C4B0A913C8FBE8D3C5A7C8A3C5D
:1024F000AE43873C8D14843CFAEE803CEBA57B3CDC
:102500000481753C436F6F3CAC70693C4285633C11
:1025100009AD5D3C04E8573C3736523CA6974C3C2D
:10252000540C473C4494413C7A2F3C3CF9DD363C0A
:10253000C59F313CE0742C3C4F5D273C1359223C35
:1025400030681D3CA98A183C82C0133CBD090F3C71
:102550005C660A3C64D6053CD659013C6BE1F93B0C
:102560000B36F13B90B1E83B0154E03B611DD83B99
:10257000B60DD03B0625C83B5563C03BA7C8B83B4A
:102580000255B13B6A08AA3BE3E2A23B73E49B3BE2
:102590001D0D953BE55C8E3BD0D3873BE271813BC3
:1025A0003C6E763B12476A3B4C6E5E3BF2E3523B1D
:1025B0000AA8473B9DBA3C3BAF1B323B49CB273B6C
:1025C00071C91D3B2C16143B80B10A3B749B013B27
:1025D0001AA8F13AA1B6E03A8762D03AD6ABC03A2F
:1025E0009892B13AD616A33A9A38953AECF7873AC8
:1025F000A7A9763AB29E5E3A07CF473AB53A323A41
:10260000C8E11D3A4EC40A3AA5C4F139BF77D039A2
:1026100000A2B1397B43953984B87639C7D8473998
:10262000DFE71D39C8CBF138DAA5B1383BBC7638C5
:1026300064E91D38D1A6B137C6E91D37DEE91D367C
:10264000496E76616C696420706172616D65746554
:1026500072204275696C74696E4F70657261746F37
:10266000725F435553544F4D20746F20746865203A
:10267000004164644275696C74696E2066756E63AE
:1026800074696F6E2E0043616C6C696E67204164E3
:10269000644275696C74696E207769746820746827
:1026A000652073616D65206F70206D6F7265207499
:1026B00068616E20006F6E6365206973206E6F74B1
:1026C00020737570706F7274656420284F703A20A3
:1026D000232564292E00436F756C646E2774207265
:1026E00065676973746572206275696C74696E20C0
:1026F0006F70202325642C207265736F6C76657271
:102700002073697A652000697320746F6F20736D80
:10271000616C6C20282564292E004167656C616915
:1027200075735F70686F656E69636575730043618B
:102730007264696E616C69735F63617264696E6112
:102740006C697300436572746869615F616D65727D
:102750006963616E6100436F727675735F62726167
:102760006368797268796E63686F73005365746F1C
:1027700070686167615F6165737469766100536554
:10278000746F70686167615F7275746963696C6C9E
:1027900061005370696E75735F74726973746973E5
:1027A000005475726475735F6D69677261746F72DE
:1027B00069757300496E707574207061796C6F6112
:1027C00064206C656E67746820646F6573206E6F3B
:1027D00074206D6174636820746865206D6F646532
:1027E0006C2074656E736F7200646233765F73740D
:1027F000726963745F323073686F745F7063656EA3
:102800005F66756C6C5F736565645F31323300645D
:1028100030353066376163666232386366386563C7
:1028200063396232613139666365316231323563F1
:10283000323965356663653031343263333732623D
:1028400031333030306431346235376432633900CB
:1028500055415254206865616465722072656365F4
:10286000697665206661696C656400556E73757084
:10287000706F727465642070726F746F636F6C2018
:1028800076657273696F6E00556E737570706F72D6
:102890007465642070726F746F636F6C20666C6116
:1028A0006773005061796C6F61642065786365655A
:1028B0006473206669726D77617265207265636505
:1028C00069766520627566666572005541525420CE
:1028D0007061796C6F6164207265636569766520EB
:1028E0006661696C6564005061796C6F6164204356
:1028F00052433332206D69736D61746368004745DC
:10290000545F494E464F20646F6573206E6F74208C
:102910006163636570742061207061796C6F6164BC
:1029200000415544494F5F424547494E2072657109
:10293000756972657320612031362D627974652066
:1029400064657363726970746F7200457870656353
:10295000746564206D6F6E6F2031363030302D48D5
:102960007A2050434D5F5331365F4C45206175648A
:10297000696F00417564696F206D75737420636FB2
:102980006E7461696E20312E2E31323020636F6D8E
:10299000706C657465206F6E652D7365636F6E6412
:1029A0002077696E646F777300415544494F5F42E9
:1029B0004547494E20697320726571756972656477
:1029C000206265666F726520415544494F5F4348F8
:1029D000554E4B00415544494F5F4348554E4B209F
:1029E0007265717569726573206F666673657420B0
:1029F000706C75732050434D31362073616D706C6F
:102A0000657300415544494F5F4348554E4B206F15
:102A10006666736574206F722073616D706C6520DB
:102A200072616E676520697320696E76616C696496
:102A300000415544494F5F52554E20646F657320E5
:102A40006E6F7420616363657074206120706179BA
:102A50006C6F616400417564696F2075706C6F61A3
:102A60006420697320696E636F6D706C65746500B6
:102A7000436F6D706C6574652050434D20737472A4
:102A800065616D204352433332206D69736D61740B
:102A9000636800415544494F5F4745545F4645418F
:102AA0005455524520646F6573206E6F74206163C6
:102AB000636570742061207061796C6F6164004E91
:102AC0006F20636F6D706C657465642061756469F7
:102AD0006F2077696E646F77206973206176616912
:102AE0006C61626C6500556E737570706F727465A1
:102AF000642073657269616C206D6F64656C20631E
:102B00006F6D6D616E6400426961732074797065E8
:102B10002025732028256429206E6F74207375701A
:102B2000706F727465642E005765696768742074ED
:102B30007970652025732028256429206E6F742004
:102B4000737570706F727465642E005479706520AF
:102B500025732028256429206E6F7420737570708A
:102B60006F727465642E002F686F6D652F63792F07
:102B7000636F64652F70726F6772616D2F4C45448F
:102B80005F544553542F447269766572732F74668F
:102B90006C6974652D6D6963726F2F74656E736FE8
:102BA00072666C6F772F6C6974652F6D6963726FD5
:102BB0002F6B65726E656C732F636F6E765F636FDC
:102BC0006D6D6F6E2E63630025733A256420257347
:102BD00020776173206E6F7420747275652E0068A3
:102BE00061735F62696173207C7C206E6F64652D08
:102BF0003E696E707574732D3E73697A65203D3D34
:102C000020320025733A256420257320213D20259C
:102C1000732028256420213D20256429006E6F64DF
:102C2000652D3E6F7574707574732D3E73697A658A
:102C300000696E70757420213D206E756C6C707427
:102C4000720066696C74657220213D206E756C6C33
:102C5000707472006F757470757420213D206E75EC
:102C60006C6C707472006F75747075742D3E74792D
:102C7000706500696E7075742D3E74797065002FF3
:102C8000686F6D652F63792F636F64652F70726F46
:102C90006772616D2F4C45445F544553542F447205
:102CA00069766572732F74666C6974652D6D6963DE
:102CB000726F2F74656E736F72666C6F772F6C69AD
:102CC00074652F6D6963726F2F6B65726E656C73BF
:102CD0002F636F6E765F636F6D6D6F6E2E63632013
:102CE000487962726964206D6F64656C73206172EB
:102CF00065206E6F7420737570706F7274656420D8
:102D00006F6E2054464C697465204D6963726F2E56
:102D1000006B54664C697465416666696E655175F1
:102D2000616E74697A6174696F6E0066696C74654E
:102D3000722D3E7175616E74697A6174696F6E2E61
:102D40007479706500616666696E655F7175616E44
:102D500074697A6174696F6E2D3E7363616C652D61
:102D60003E73697A65203D3D2031207C7C20616680
:102D700066696E655F7175616E74697A6174696F99
:102D80006E2D3E7363616C652D3E73697A65203DDF
:102D90003D2066696C7465722D3E64696D732D3ECD
:102DA000646174615B6B436F6E765175616E7469BB
:102DB0007A656444696D656E73696F6E5D0046691E
:102DC0006C746572207479706520257320282564E1
:102DD0002920666F7220696E707574207479706531
:102DE000202573206E6F7420737570706F72746518
:102DF000642E00496E707574207479706520257397
:102E00002028256429206E6F7420737570706F728E
:102E10007465642E002F686F6D652F63792F636F63
:102E200064652F70726F6772616D2F4C45445F54FB
:102E30004553542F447269766572732F74666C69BA
:102E400074652D6D6963726F2F74656E736F726632
:102E50006C6F772F6C6974652F6D6963726F2F6B60
:102E600065726E656C732F646570746877697365DD
:102E70005F636F6E765F636F6D6D6F6E2E63630061
:102E8000616666696E655F7175616E74697A617499
:102E9000696F6E2D3E7363616C652D3E73697A6553
:102EA000203D3D2031207C7C20616666696E655F37
:102EB0007175616E74697A6174696F6E2D3E7363AA
:102EC000616C652D3E73697A65203D3D2066696CB5
:102ED0007465722D3E64696D732D3E646174615B2F
:102EE0006B446570746877697365436F6E7651756E
:102EF000616E74697A656444696D656E73696F6E3D
:102F00005D00616666696E655F7175616E74697A90
:102F10006174696F6E2D3E7A65726F5F706F696E56
:102F2000742D3E73697A6500616666696E655F71CE
:102F300075616E74697A6174696F6E2D3E73636139
:102F40006C652D3E73697A65002F686F6D652F6320
:102F5000792F636F64652F70726F6772616D2F4C8C
:102F600045445F544553542F447269766572732FFC
:102F700074666C6974652D6D6963726F2F74656E0C
:102F8000736F72666C6F772F6C6974652F6D6963F0
:102F9000726F2F6B65726E656C732F6465707468E9
:102FA000776973655F636F6E765F636F6D6D6F6E6C
:102FB0002E636320487962726964206D6F64656C6A
:102FC0007320617265206E6F7420737570706F72FC
:102FD000746564206F6E2054464C697465204D6999
:102FE00063726F2E002F686F6D652F63792F636F8B
:102FF00064652F70726F6772616D2F4C45445F542A
:103000004553542F447269766572732F74666C69E8
:1030100074652D6D6963726F2F74656E736F726660
:103020006C6F772F6C6974652F6D6963726F2F6B8E
:1030300065726E656C732F66756C6C795F636F6E0D
:103040006E65637465642E63630025733A2564209E
:10305000257320213D2025732028257320213D2024
:1030600025732900496E70757420747970653A2053
:10307000257320776974682066696C7465722074A2
:103080007970653A202573206E6F742073757070A7
:103090006F727465642E0046696C74657220747971
:1030A00070652025732028256429206E6F74207395
:1030B0007570706F727465642E002F686F6D652F68
:1030C00063792F636F64652F70726F6772616D2F04
:1030D0004C45445F544553542F447269766572736E
:1030E0002F74666C6974652D6D6963726F2F7465DA
:1030F0006E736F72666C6F772F6C6974652F6D6974
:1031000063726F2F6B65726E656C732F66756C6C76
:10311000795F636F6E6E65637465645F636F6D6D19
:103120006F6E2E636300616666696E655F717561BF
:103130006E74697A6174696F6E2D3E7363616C653C
:103140000028696E7075742D3E74797065203D3D60
:10315000206B54664C697465496E743820262620AD
:1031600066696C7465722D3E7479706520213D200E
:103170006B54664C697465496E743429207C7C20DC
:1031800028696E7075742D3E74797065203D3D2000
:103190006B54664C697465496E743136202626205E
:1031A00066696C7465722D3E7479706520213D20CE
:1031B0006B54664C697465496E7434290066696C99
:1031C0007465722D3E64696D732D3E646174615B3C
:1031D000616666696E655F7175616E74697A617446
:1031E000696F6E2D3E7175616E74697A65645F6496
:1031F000696D656E73696F6E5D007065725F63689F
:10320000616E6E656C5F7175616E74697A61746907
:103210006F6E5F73697A650064696D735B695D20C9
:103220003C207374643A3A6E756D657269635F6CC5
:10323000696D6974733C696E743E3A3A6D617828C1
:1032400029202F20636F756E7400496E707574208D
:1032500025732C206F7574707574202573206E6F24
:103260007420737570706F727465642E002F686FB0
:103270006D652F63792F636F64652F70726F67724E
:10328000616D2F4C45445F544553542F4472697609
:103290006572732F74666C6974652D6D6963726FE6
:1032A0002F74656E736F72666C6F772F6C697465BF
:1032B0002F6D6963726F2F6B65726E656C732F6C07
:1032C0006F6769737469635F636F6D6D6F6E2E6393
:1032D00063007374643A3A6E756D657269635F6C0E
:1032E000696D6974733C696E74385F743E3A3A6D07
:1032F000696E282900696E7075742D3E7061726167
:103300006D732E7A65726F5F706F696E74004368BB
:1033100065636B65644C6F6732286F757470757484
:103320002D3E706172616D732E7363616C652C202C
:10333000266F75747075745F7363616C655F6C6F15
:1033400067325F726F756E64656429002D6B4F750F
:10335000747075744672616374696F6E616C4269F2
:103360007473006F75747075745F7363616C655FFF
:103370006C6F67325F726F756E646564006578703C
:103380006F6E656E74203E3D203000496E74656737
:103390006572547970652067656D6D6C6F77703AF2
:1033A0003A526F756E64696E674469766964654206
:1033B00079504F5428496E74656765725479706509
:1033C0002C20696E7429205B7769746820496E74BB
:1033D0006567657254797065203D206C6F6E67205B
:1033E000696E745D002F686F6D652F63792F636F51
:1033F00064652F70726F6772616D2F4C45445F5426
:103400004553542F447269766572732F74666C69E4
:1034100074652D6D6963726F2F74656E736F72665C
:103420006C6F772F6C6974652F6D6963726F2F7481
:103430006F6F6C732F6D616B652F646F776E6C6F40
:103440006164732F67656D6D6C6F77702F66697837
:103450006564706F696E742F6669786564706F69F2
:103460006E742E68006578706F6E656E74203C3DDA
:10347000203331002F686F6D652F63792F636F6480
:10348000652F70726F6772616D2F4C45445F5445B4
:1034900053542F447269766572732F74666C697425
:1034A000652D6D6963726F2F74656E736F72666CD4
:1034B0006F772F6C6974652F6D6963726F2F6B6501
:1034C000726E656C732F736F66746D61785F636F76
:1034D0006D6D6F6E2E6363007261775F6578705FEC
:1034E0006C757420213D206E756C6C707472006F69
:1034F0006E655F6F7665725F6F6E655F706C75731A
:103500005F785F6C757420213D206E756C6C7074F3
:103510007200696E7075742D3E74797065203D3D42
:10352000206B54664C697465496E7438207C7C202D
:10353000696E7075742D3E74797065203D3D206B09
:1035400054664C697465496E7431360025733A25AA
:1035500064202573206E6F74206E65617220257360
:103560002028256620213D2025662900312E662051
:103570002F203332373638006F75747075742D3ED6
:10358000706172616D732E7363616C65002D3332EF
:1035900037363800312E66202F2036353533360049
:1035A0006B54664C697465496E7438002D3132383D
:1035B000006F75747075742D3E706172616D732E3D
:1035C0007363616C65203D3D20312E66202F2032D3
:1035D0003536006B54664C697465466C6F617433A4
:1035E00032004E756D496E70757473286E6F646528
:1035F00029004E756D4F757470757473286E6F6405
:103600006529004E756D44696D656E73696F6E73E3
:1036100028696E70757429203E3D2031006E6F64FC
:10362000652D3E757365725F6461746120213D2074
:103630006E756C6C707472002162726F616463618C
:1036400073745F696E70757431207C7C20216272A6
:103650006F6164636173745F696E70757432006268
:103660006F6F6C2074666C6974653A3A5265647564
:10367000636544696D656E73696F6E73466F724200
:10368000726F61646361737428636F6E7374205228
:10369000756E74696D655368617065262C20636F63
:1036A0006E73742052756E74696D655368617065D0
:1036B000262C2073697A655F742A2C2073697A65D9
:1036C0005F742A2C2073697A655F742A29205B77DE
:1036D00069746820696E74204D41585F44494D20DB
:1036E0003D20363B2073697A655F74203D20756EFE
:1036F0007369676E656420696E745D002F686F6D15
:10370000652F63792F636F64652F70726F677261C5
:103710006D2F4C45445F544553542F447269766570
:1037200072732F74666C6974652D6D6963726F2F87
:1037300074656E736F72666C6F772F6C6974652F2A
:103740006B65726E656C732F696E7465726E616CF9
:103750002F636F6D6D6F6E2E68002F686F6D652F14
:1037600063792F636F64652F70726F6772616D2F5D
:103770004C45445F544553542F44726976657273C7
:103780002F74666C6974652D6D6963726F2F746533
:103790006E736F72666C6F772F6C6974652F6D69CD
:1037A00063726F2F6B65726E656C732F6164645FFB
:1037B000636F6D6D6F6E2E636300696E707574312B
:1037C00020213D206E756C6C70747200696E70758E
:1037D000743220213D206E756C6C707472006B54D5
:1037E000664C6974654E6F5175616E74697A617467
:1037F000696F6E00696E707574312D3E7175616E02
:1038000074697A6174696F6E2E7479706500696E7F
:10381000707574322D3E7175616E74697A61746968
:103820006F6E2E7479706500547970652025732051
:103830006E6F742063757272656E746C7920737527
:1038400070706F727465642E002F686F6D652F63E2
:10385000792F636F64652F70726F6772616D2F4C83
:1038600045445F544553542F447269766572732FF3
:1038700074666C6974652D6D6963726F2F74656E03
:10388000736F72666C6F772F6C6974652F6D6963E7
:10389000726F2F6B65726E656C732F706F6F6C69D2
:1038A0006E675F636F6D6D6F6E2E63630073636130
:1038B0006C655F64696666203C3D20312E30652D65
:1038C0003600696E7075742D3E706172616D732E75
:1038D0007A65726F5F706F696E74203D3D206F7501
:1038E000747075742D3E706172616D732E7A65729D
:1038F0006F5F706F696E74002F686F6D652F6379ED
:103900002F636F64652F70726F6772616D2F4C4506
:10391000445F544553542F447269766572732F7413
:10392000666C6974652D6D6963726F2F74656E7353
:103930006F72666C6F772F6C6974652F6D69637237
:103940006F2F6B65726E656C732F6D756C5F636F37
:103950006D6D6F6E2E636300696E707574322D3EEF
:103960007479706500696E707574312D3E7479706C
:103970006500646174612D3E696E707574315F7AA3
:1039800065726F5F706F696E7400646174612D3E63
:10399000696E707574325F7A65726F5F706F696E91
:1039A0007400646174612D3E6F75747075745F7A14
:1039B00065726F5F706F696E74006F705F706172B7
:1039C000616D732E696E707574315F6F66667365B5
:1039D00074006F705F706172616D732E696E7075C7
:1039E00074325F6F6666736574006F705F706172CA
:1039F000616D732E6F75747075745F6F6666736535
:103A000074002F686F6D652F63792F636F64652F66
:103A100070726F6772616D2F4C45445F544553540B
:103A20002F447269766572732F74666C6974652DA4
:103A30006D6963726F2F74656E736F72666C6F77EA
:103A40002F6C6974652F6D6963726F2F6B65726E71
:103A5000656C732F7265647563655F636F6D6D6F01
:103A60006E2E6363006E6F64652D3E696E707574B3
:103A7000732D3E73697A65006178697320213D205A
:103A80006E756C6C707472006B54664C6974654929
:103A90006E74333200617869732D3E7479706500FD
:103AA000726573756C74007265666572656E6365C8
:103AB0005F6F70733A3A4D65616E282074666C6969
:103AC00074653A3A6D6963726F3A3A476574546542
:103AD0006E736F72446174613C666C6F61743E28F2
:103AE000696E707574292C20696E7075742D3E6432
:103AF000696D732D3E646174612C20696E707574FC
:103B00002D3E64696D732D3E73697A652C20746651
:103B10006C6974653A3A6D6963726F3A3A476574D5
:103B200054656E736F72446174613C666C6F61744E
:103B30003E286F7574707574292C206F75747075BC
:103B4000742D3E64696D732D3E646174612C206F29
:103B500075747075742D3E64696D732D3E73697A4A
:103B6000652C2074666C6974653A3A6D6963726F8E
:103B70003A3A47657454656E736F72446174613C80
:103B8000696E743E2861786973292C206E756D5FAB
:103B9000617869732C20706172616D732D3E6B6565
:103BA00065705F64696D732C2074656D705F696EFC
:103BB0006465782C207265736F6C7665645F6178DC
:103BC00069732C2074666C6974653A3A6D69637226
:103BD0006F3A3A47657454656E736F7244617461ED
:103BE0003C666C6F61743E286F757470757429291A
:103BF000002F686F6D652F63792F636F64652F7079
:103C0000726F6772616D2F4C45445F544553542F5A
:103C1000447269766572732F74666C6974652D6D74
:103C20006963726F2F74656E736F72666C6F772F36
:103C30006C6974652F6D6963726F2F6B65726E6549
:103C40006C732F7265647563655F636F6D6D6F6E06
:103C50002E63632043757272656E746C792C206FCD
:103C60006E6C7920666C6F617433322C20696E74CF
:103C700038206F7220696E74313620696E707574E9
:103C8000207479706520697320737570706F727419
:103C900065642E00556E6B6E6F776E20747970655B
:103CA000004E4F5459504500464C4F41543332005A
:103CB00055494E543800535452494E4700424F4FD5
:103CC0004C00434F4D504C4558363400464C4F4104
:103CD00054363400434F4D504C455831323800551E
:103CE000494E543634005245534F555243450056C1
:103CF000415249414E540055494E543332005549C2
:103D00004E54313600494E54340042464C4F4154D3
:103D1000313600556E737570706F7274656420640F
:103D2000617461207479706520256420696E207447
:103D3000656E736F720A00556E68616E646C6564BF
:103D40002066756C6C792D636F6E6E656374656447
:103D5000207765696768747320666F726D61742E71
:103D60000069203C2073697A65282900666C6174BB
:103D7000627566666572733A3A566563746F723C33
:103D8000542C2053697A65543E3A3A7265747572C0
:103D90006E5F7479706520666C61746275666665C5
:103DA00072733A3A566563746F723C542C205369AF
:103DB0007A65543E3A3A4765742853697A655429BE
:103DC00020636F6E7374205B776974682054203DA4
:103DD00020666C6174627566666572733A3A4F6606
:103DE000667365743C74666C6974653A3A427566CC
:103DF0006665723E3B2053697A6554203D206C6FA6
:103E00006E6720756E7369676E656420696E743BBA
:103E10002072657475726E5F74797065203D2063E1
:103E20006F6E73742074666C6974653A3A42756695
:103E30006665722A5D002F686F6D652F63792F6349
:103E40006F64652F70726F6772616D2F4C45445FB0
:103E5000544553542F447269766572732F74666C9F
:103E60006974652D6D6963726F2F74656E736F72FF
:103E7000666C6F772F6C6974652F6D6963726F2F35
:103E8000746F6F6C732F6D616B652F646F776E6CE1
:103E90006F6164732F666C617462756666657273B8
:103EA0002F696E636C7564652F666C6174627566EC
:103EB000666572732F766563746F722E68004D6944
:103EC00063726F416C6C6F6361746F723A204D6FF7
:103ED00064656C20616C6C6F636174696F6E2066E1
:103EE000696E6973686564206265666F72652073C8
:103EF00074617274696E6720616C6C6F6361746960
:103F00006E67206D6F64656C004D6963726F416C04
:103F10006C6F6361746F723A204D6F64656C2061E1
:103F20006C6C6F636174696F6E2073746172746519
:103F300064206265666F72652066696E6973686980
:103F40006E672070726576696F75736C7920616C2D
:103F50006C6F6361746564206D6F64656C004661AD
:103F6000696C656420746F20616C6C6F636174654B
:103F7000206D656D6F727920666F72206D6F64655C
:103F80006C206D657461646174612E0053637261AD
:103F90007463682062756666657220726571756506
:103FA000737420657865656473206C696D6974202D
:103FB000706572206F70657261746F72202825645D
:103FC0002900666C6174627566666572733A3A566A
:103FD0006563746F723C542C2053697A65543E3A81
:103FE0003A72657475726E5F7479706520666C6183
:103FF00074627566666572733A3A566563746F7279
:104000003C542C2053697A65543E3A3A47657428EB
:1040100053697A65542920636F6E7374205B7769E6
:1040200074682054203D206C6F6E67206C6F6E6743
:1040300020696E743B2053697A6554203D206C6F73
:104040006E6720756E7369676E656420696E743B78
:104050002072657475726E5F74797065203D206C96
:104060006F6E67206C6F6E6720696E745D00556EB1
:1040700061626C6520746F20616C6C6F6361746544
:104080002054664C697465416666696E6551756158
:104090006E74697A6174696F6E2E0A00556E616282
:1040A0006C6520746F20616C6C6F63617465207146
:1040B00075616E74697A6174696F6E2D3E7A65728E
:1040C0006F5F706F696E742E0A00666C6174627542
:1040D00066666572733A3A566563746F723C542C27
:1040E0002053697A65543E3A3A72657475726E5F10
:1040F0007479706520666C6174627566666572734A
:104100003A3A566563746F723C542C2053697A6551
:10411000543E3A3A4765742853697A6554292063B6
:104120006F6E7374205B776974682054203D20663D
:104130006C6174627566666572733A3A4F6666734F
:1041400065743C74666C6974653A3A54656E736F55
:10415000723E3B2053697A6554203D206C6F6E6738
:1041600020756E7369676E656420696E743B20729A
:10417000657475726E5F74797065203D20636F6E33
:1041800073742074666C6974653A3A54656E736F23
:10419000722A5D004661696C656420746F20616CF1
:1041A0006C6F63617465207661726961626C652011
:1041B00074656E736F72206F662073697A6520254F
:1041C0006400666C6174627566666572733A3A562D
:1041D0006563746F723C542C2053697A65543E3A7F
:1041E0003A72657475726E5F7479706520666C6181
:1041F00074627566666572733A3A566563746F7277
:104200003C542C2053697A65543E3A3A47657428E9
:1042100053697A65542920636F6E7374205B7769E4
:1042200074682054203D20666C6174627566666512
:1042300072733A3A4F66667365743C74666C69745F
:10424000653A3A53756247726170683E3B20536924
:104250007A6554203D206C6F6E6720756E736967B8
:104260006E656420696E743B2072657475726E5F52
:1042700074797065203D20636F6E73742074666C72
:104280006974653A3A53756247726170682A5D00D5
:104290004661696C656420746F20616C6C6F63614A
:1042A0007465206D656D6F727920666F72206E6F18
:1042B00064655F616E645F7265676973747261746F
:1042C000696F6E732E004661696C656420746F209F
:1042D000616C6C6F63617465206D656D6F727920C0
:1042E000666F722070657273697374656E742054A2
:1042F000664C69746554656E736F72004661696CD3
:10430000656420746F20706F70756C6174652061D6
:104310002070657273697374656E742054664C699D
:10432000746554656E736F72207374727563742054
:1043300066726F6D20666C61746275666665722068
:104340006461746121004661696C656420746F204A
:10435000616C6C6F636174652074656D702E206D87
:10436000656D6F727920666F722074656E736F72FF
:104370002025642C20737562677261706820256443
:10438000004661696C656420746F20706F70756C95
:1043900061746520612074656D702054664C697489
:1043A0006554656E736F72207374727563742066E2
:1043B000726F6D20666C61746275666665722064EA
:1043C00061746121004661696C656420746F2061CD
:1043D0006C6C6F63617465206D656D6F72792066BA
:1043E0006F7220636F6E746578742D3E6576616CB4
:1043F0005F74656E736F72732C202564206279740C
:104400006573207265717569726564004661696CD7
:10441000656420746F20696E697469616C697A657E
:104420002074656E736F72202564004E6272206F77
:1044300066206F66666C696E652062756666657279
:10444000206F666673657473202825642920696E61
:10445000206D65746164617461206E6F7420657194
:1044600075616C206E62722074656E736F7273205A
:10447000282564290A00666C617462756666657237
:10448000733A3A566563746F723C542C2053697AC0
:1044900065543E3A3A72657475726E5F74797065F0
:1044A00020666C6174627566666572733A3A566529
:1044B00063746F723C542C2053697A65543E3A3AC7
:1044C0004765742853697A65542920636F6E737445
:1044D000205B776974682054203D206C6F6E6720E4
:1044E000696E743B2053697A6554203D206C6F6E71
:1044F0006720756E7369676E656420696E743B2012
:1045000072657475726E5F74797065203D206C6F92
:104510006E6720696E745D00666C617462756666B4
:104520006572733A3A566563746F723C542C20532B
:10453000697A65543E3A3A72657475726E5F747941
:10454000706520666C6174627566666572733A3A6E
:10455000566563746F723C542C2053697A65543EDF
:104560003A3A4765742853697A65542920636F6E17
:104570007374205B776974682054203D20666C61F9
:1045800074627566666572733A3A4F6666736574EF
:104590003C74666C6974653A3A4F70657261746F09
:1045A000723E3B2053697A6554203D206C6F6E67E4
:1045B00020756E7369676E656420696E743B207246
:1045C000657475726E5F74797065203D20636F6EDF
:1045D00073742074666C6974653A3A4F70657261E1
:1045E000746F722A5D004661696C656420746F2087
:1045F000616C6C6F63617465206D656D6F7279209D
:10460000666F72206D656D6F727920706C616E6E71
:10461000696E672C20256420627974657320726549
:1046200071756972656400446F6573206E6F7420E4
:10463000737570706F727420696E7465726D6564E5
:10464000696174652074656E736F72207769746830
:10465000206E6F6E2D7A65726F2073697A653A20CD
:10466000256400666C6174627566666572733A3AB9
:10467000566563746F723C542C2053697A65543EBE
:104680003A3A72657475726E5F7479706520666C03
:104690006174627566666572733A3A566563746FE3
:1046A000723C542C2053697A65543E3A3A476574FB
:1046B0002853697A65542920636F6E7374205B7781
:1046C0006974682054203D20666C6174627566666A
:1046D0006572733A3A4F66667365743C74666C69CA
:1046E00074653A3A4F70657261746F72436F6465B6
:1046F0003E3B2053697A6554203D206C6F6E6720E5
:10470000756E7369676E656420696E743B207265AF
:104710007475726E5F74797065203D20636F6E737F
:10472000742074666C6974653A3A4F70657261748E
:104730006F72436F64652A5D00496E7075742069FD
:104740006E646578202564206F7574206F66207212
:10475000616E676520286C656E67746820697320D8
:10476000256429004F757470757420696E646578CE
:10477000202564206F7574206F662072616E6765F6
:1047800020286C656E677468206973202564290091
:104790004D697373696E67207265676973747261BE
:1047A00074696F6E20666F72206F70636F64655FEF
:1047B000696E6465782025640A004661696C6564E9
:1047C00020746F2067657420726567697374726105
:1047D00074696F6E2066726F6D206F7020636F64F6
:1047E000652025730A2000536B697070696E67201D
:1047F0006F7020666F72206F70636F64655F696EA3
:104800006465782025640A00556E737570706F7248
:10481000746564206265686176696F723A20666FBC
:10482000756E64206275696C74696E206F70657254
:1048300061746F72202573207769746820637573C3
:10484000746F6D206F7074696F6E732E0A00446907
:1048500064206E6F742066696E64206120706172DE
:1048600073657220666F72202573004661696C65FE
:1048700064207374617274696E67206D6F64656C17
:1048800020616C6C6F636174696F6E2E0A00466103
:10489000696C656420746F20616C6C6F6361746512
:1048A000206D656D6F727920666F7220636F6E7414
:1048B0006578742D3E696E7075745F74656E736F84
:1048C00072735F2C20256420627974657320726591
:1048D000717569726564004661696C656420746F06
:1048E00020696E697469616C697A6520696E70759A
:1048F000742074656E736F72202564004661696C64
:10490000656420746F20616C6C6F63617465206DE9
:10491000656D6F727920666F7220636F6E74657853
:10492000742D3E6F75747075745F74656E736F72FD
:10493000735F2C2025642062797465732072657121
:104940007569726564004661696C656420746F20E6
:10495000696E697469616C697A65206F75747075C8
:10496000742074656E736F7220256400496E766FD3
:104970006B6528292063616C6C65642061667465D1
:104980007220696E697469616C697A6174696F6EAD
:10499000206661696C65640A00415645524147458D
:1049A0005F504F4F4C5F324400434F4E434154459C
:1049B0004E4154494F4E0044455054485749534581
:1049C0005F434F4E565F32440044455054485F5455
:1049D0004F5F53504143450044455155414E544962
:1049E0005A4500454D42454444494E475F4C4F4F60
:1049F0004B55500046554C4C595F434F4E4E454326
:104A000054454400484153485441424C455F4C4F43
:104A10004F4B5550004C325F4E4F524D414C495A0E
:104A20004154494F4E004C325F504F4F4C5F32441F
:104A3000004C4F43414C5F524553504F4E53455FDE
:104A40004E4F524D414C495A4154494F4E004C53E0
:104A5000485F50524F4A454354494F4E004D4158CC
:104A60005F504F4F4C5F32440052454C555F4E31C2
:104A70005F544F5F310052454C5536005245534903
:104A80005A455F42494C494E4541520053504143BB
:104A9000455F544F5F4445505448005356444600C8
:104AA000434F4E4341545F454D42454444494E4770
:104AB0005300534B49505F4752414D0043555354A7
:104AC0004F4D00454D42454444494E475F4C4F4F82
:104AD0004B55505F53504152534500554E49444940
:104AE00052454354494F4E414C5F53455155454EF5
:104AF00043455F524E4E0042415443485F544F5F1E
:104B000053504143455F4E440053504143455F5429
:104B10004F5F42415443485F4E44004D45414E0073
:104B20005355420053515545455A4500554E494449
:104B30004952454354494F4E414C5F5345515545A9
:104B40004E43455F4C53544D0053545249444544E1
:104B50005F534C49434500424944495245435449F7
:104B60004F4E414C5F53455155454E43455F524E64
:104B70004E0045585000544F504B5F563200535032
:104B80004C4954004C4F475F534F46544D415800D9
:104B900044454C45474154450042494449524543E8
:104BA00054494F4E414C5F53455155454E43455F27
:104BB0004C53544D005052454C55004152475F4DA7
:104BC0004158004C455353004E4547005041445610
:104BD00032004752454154455200475245415445E1
:104BE000525F455155414C004C4553535F4551551B
:104BF000414C0053494E005452414E53504F53457F
:104C00005F434F4E56005350415253455F544F5FE0
:104C100044454E53450054494C4500455850414E7B
:104C2000445F44494D53004E4F545F455155414CEC
:104C300000504F57004152475F4D494E0046414B8F
:104C4000455F5155414E54005245445543455F50D0
:104C5000524F44005245445543455F4D4158004C26
:104C60004F474943414C5F4F52004F4E455F484FBD
:104C700054004C4F474943414C5F414E44004C4F18
:104C8000474943414C5F4E4F5400554E5041434BB2
:104C9000005245445543455F4D494E00464C4F4FE9
:104CA000525F444956005245445543455F414E5971
:104CB00000535155415245005A45524F535F4C499C
:104CC0004B450046494C4C00464C4F4F525F4D4FB0
:104CD000440052414E474500524553495A455F4EA4
:104CE0004541524553545F4E45494748424F520053
:104CF0004C45414B595F52454C550053515541521B
:104D000045445F444946464552454E4345004D495A
:104D100052524F525F5041440053504C49545F56D9
:104D200000554E49515545004345494C00524556A2
:104D3000455253455F5632004144445F4E0047415F
:104D4000544845525F4E4400434F53005748455224
:104D5000450052414E4B00524556455253455F5314
:104D6000455155454E4345004D41545249585F44C5
:104D7000494147004D41545249585F5345545F449F
:104D800049414700524F554E4400484152445F53F9
:104D900057495348004946004E4F4E5F4D41585FBA
:104DA0005355505052455353494F4E5F5634004E61
:104DB0004F4E5F4D41585F535550505245535349E4
:104DC0004F4E5F563500534341545445525F4E4455
:104DD0000053454C4543545F56320044454E5349B9
:104DE00046590042415443485F4D41544D554C0093
:104DF000504C414345484F4C4445525F464F525FEB
:104E0000475245415445525F4F505F434F444553CD
:104E10000043554D53554D0043414C4C5F4F4E435D
:104E2000450042524F4144434153545F544F005256
:104E3000464654324400434F4E565F334400494D7A
:104E40004147005245414C00434F4D504C45585F3F
:104E500041425300484153485441424C4500484167
:104E600053485441424C455F46494E4400484153E3
:104E7000485441424C455F494D504F5254004841BF
:104E800053485441424C455F53495A4500524544AA
:104E90005543455F414C4C00434F4E565F33445F92
:104EA0005452414E53504F5345005641525F484172
:104EB0004E444C4500524541445F5641524941429F
:104EC0004C450041535349474E5F56415249414278
:104ED0004C450042524F4144434153545F41524775
:104EE000530052414E444F4D5F5354414E44415242
:104EF000445F4E4F524D414C004255434B4554493F
:104F00005A450052414E444F4D5F554E49464F520F
:104F10004D004D554C54494E4F4D49414C0047456D
:104F20004C550052454C555F305F544F5F31005532
:104F30004E534F525445445F5345474D454E545F81
:104F400050524F4400554E534F525445445F5345C1
:104F5000474D454E545F4D415800554E534F5254A6
:104F600045445F5345474D454E545F53554D0041B1
:104F700054414E3200554E534F525445445F5345B1
:104F8000474D454E545F4D494E005349474E0042F0
:104F900049544341535400424954574953455F587B
:104FA0004F520052494748545F53484946540053B2
:104FB0005441424C45484C4F5F4C4F47495354492C
:104FC0004300535441424C45484C4F5F41444400D8
:104FD000535441424C45484C4F5F4449564944451F
:104FE00000535441424C45484C4F5F4D554C544939
:104FF000504C5900535441424C45484C4F5F4D4131
:1050000058494D554D00535441424C45484C4F5F13
:105010005245534841504500535441424C45484C39
:105020004F5F434C414D5000535441424C45484C16
:105030004F5F434F4E434154454E415445005354F6
:1050400041424C45484C4F5F42524F4144434153CB
:10505000545F494E5F44494D00535441424C4548CA
:105060004C4F5F434F4E564F4C5554494F4E005393
:105070005441424C45484C4F5F534C4943450053C3
:105080005441424C45484C4F5F435553544F4D5F3C
:1050900043414C4C00535441424C45484C4F5F52A5
:1050A000454455434500535441424C45484C4F5F9D
:1050B00041425300535441424C45484C4F5F414E8E
:1050C0004400535441424C45484C4F5F434F534971
:1050D0004E4500535441424C45484C4F5F45585053
:1050E0004F4E454E5449414C00535441424C454863
:1050F0004C4F5F464C4F4F5200535441424C454831
:105100004C4F5F4C4F4700535441424C45484C4F25
:105110005F4D494E494D554D00535441424C454811
:105120004C4F5F4E454741544500535441424C4516
:10513000484C4F5F4F5200535441424C45484C4FEE
:105140005F504F57455200535441424C45484C4FD5
:105150005F52454D41494E44455200535441424CE3
:1051600045484C4F5F525351525400535441424CA6
:1051700045484C4F5F53454C4543540053544142BE
:105180004C45484C4F5F5355425452414354005391
:105190005441424C45484C4F5F54414E4800535493
:1051A00041424C45484C4F5F534341545445520093
:1051B000535441424C45484C4F5F434F4D50415230
:1051C0004500535441424C45484C4F5F434F4E5667
:1051D00045525400535441424C45484C4F5F44594A
:1051E0004E414D49435F534C49434500535441425E
:1051F0004C45484C4F5F44594E414D49435F5550D3
:10520000444154455F534C49434500535441424C3B
:1052100045484C4F5F50414400535441424C45482F
:105220004C4F5F494F544100535441424C45484C08
:105230004F5F444F545F47454E4552414C005354D5
:1052400041424C45484C4F5F5245445543455F579A
:10525000494E444F5700535441424C45484C4F5FD0
:10526000534F525400535441424C45484C4F5F57A2
:1052700048494C4500535441424C45484C4F5F47C8
:10528000415448455200535441424C45484C4F5FAD
:105290005452414E53504F53450044494C4154459C
:1052A00000535441424C45484C4F5F524E475F4279
:1052B00049545F47454E455241544F520053544163
:1052C000424C45484C4F5F434F4D504F5349544516
:1052D00000535441424C45484C4F5F534849465453
:1052E0005F4C45465400535441424C45484C4F5F37
:1052F0004342525400535441424C45484C4F5F4343
:10530000415345000D0A002F686F6D652F63792F9B
:10531000636F64652F70726F6772616D2F4C4544C7
:105320005F544553542F447269766572732F7466C7
:105330006C6974652D6D6963726F2F74656E736F20
:1053400072666C6F772F6C6974652F6B65726E6512
:105350006C732F6B65726E656C5F7574696C2E6310
:1053600063006E6F5F696E74656765725F6F766507
:1053700072666C6F775F66726F6D5F7175616E7468
:10538000697A6174696F6E00696E7075745F7072AE
:105390006F647563745F7363616C65203E3D20309C
:1053A000007363616C655F64696666202F206F75AA
:1053B000747075745F7363616C65203C3D20302EA2
:1053C00030320066616C736500696E7075742D3ED5
:1053D0007175616E74697A6174696F6E2E7479701B
:1053E0006500616666696E655F7175616E74697A84
:1053F0006174696F6E0066696C7465722D3E7479B4
:105400007065203D3D206B54664C697465496E742F
:1054100038207C7C2066696C7465722D3E747970CE
:1054200065203D3D206B54664C697465496E74344B
:10543000006E756D5F6368616E6E656C730071758B
:10544000616E74697A65645F6D756C7469706C699E
:105450006572203E3D203000696E7433325F7420E7
:1054600074666C6974653A3A4D756C7469706C79E0
:1054700042795175616E74697A65644D756C7469B1
:10548000706C69657228696E7436345F742C20699B
:105490006E7433325F742C20696E7429002F686F2C
:1054A0006D652F63792F636F64652F70726F6772FC
:1054B000616D2F4C45445F544553542F44726976B7
:1054C0006572732F74666C6974652D6D6963726F94
:1054D0002F74656E736F72666C6F772F6C6974656D
:1054E0002F6B65726E656C732F696E7465726E6179
:1054F0006C2F636F6D6D6F6E2E63630073686966EA
:1055000074203E3D202D33312026262073686966A5
:1055100074203C20380078203E3D202D2873746193
:105520007469635F636173743C696E7436345F746D
:105530003E283129203C3C2034372920262620785B
:10554000203C20287374617469635F636173743CE9
:10555000696E7436345F743E283129203C3C203417
:10556000372900546F6F206D616E79206275666611
:1055700065727320286D6178206973202564290085
:1055800062756666657220696E64657820256420A0
:105590006973206F7574736964652072616E6765E5
:1055A000203020746F202564002563202869643D25
:1055B0002564293A2073697A653D25642C206F663D
:1055C000667365743D25642C2066697273745F751B
:1055D0007365643D2564206C6173745F75736564E5
:1055E0003D2564002534643A202573202825646B0A
:1055F0002900496E7465726E616C206572726F72FB
:105600003A20656974686572206275666665722005
:105610006973206E6F7420726573697A61626C655C
:10562000206F7220526573657454656D70416C6CA7
:105630006F636174696F6E732829206973206E6FC0
:10564000742063616C6C6564206265666F726520AE
:10565000526573697A6542756666657228292E00FF
:105660004661696C656420746F20726573697A6540
:10567000206275666665722E205265717565737459
:1056800065643A2025752C20617661696C61626CD5
:10569000652025752C206D697373696E673A202526
:1056A00075004661696C656420746F20616C6C6F75
:1056B000636174652074656D70206D656D6F7279BE
:1056C0002E205265717565737465643A2025752CBA
:1056D00020617661696C61626C652025752C206D96
:1056E000697373696E673A202575004E756D626542
:1056F00072206F6620616C6C6F63617465642074E6
:10570000656D7020627566666572733A2025642E39
:1057100020436865636B73756D2070617373696E88
:1057200067207374617475733A20256400416C6C52
:105730002074656D702062756666657273206D7584
:105740007374206265206672656564206265666FA9
:1057500072652063616C6C696E6720526573657455
:1057600054656D70416C6C6F636174696F6E732802
:1057700029004661696C656420746F20616C6C6FF0
:1057800063617465207461696C206D656D6F7279F9
:105790002E205265717565737465643A2025752CE9
:1057A00020617661696C61626C652025752C206DC5
:1057B000697373696E673A202575004E6F646520C2
:1057C000257320286E756D62657220256466292018
:1057D0006661696C656420746F20707265706172B7
:1057E000652077697468207374617475732025640B
:1057F00000416363657373696E67207375626772D6
:1058000061706820256420627574206F6E6C792049
:1058100025642073756267726170687320666F75A6
:105820006E64004E6F646520257320286E756D626E
:10583000657220256429206661696C656420746F37
:1058400020696E766F6B6520776974682073746168
:1058500074757320256400417474656D7074696E8D
:105860006720746F207365742065787465726E614B
:105870006C20636F6E7465787420746F20257820B7
:105880006275742069742077617320257820616CBB
:105890007265616479004F70206275696C74696E1D
:1058A0005F636F6465206F7574206F662072616E30
:1058B00067653A2025642E004469646E277420666B
:1058C000696E64206F7020666F72206275696C74F7
:1058D000696E206F70636F64652027257327004F02
:1058E00070657261746F72207769746820435553D4
:1058F000544F4D206275696C74696E5F636F6465A7
:1059000020686173206E6F20637573746F6D5F63C1
:105910006F64652E0A002C2066756E6374696F6E65
:105920003A2000617373657274696F6E202225736B
:1059300022206661696C65643A2066696C65202284
:105940002573222C206C696E6520256425732573D0
:105950000A00232D302B2000686C4C0065666745DB
:1059600046470030313233343536373839414243D7
:105970004445460030313233343536373839616288
:105980006364656600000000000000000000000085
:1059900001110008631000083310000831100008DE
:1059A000311000081A2702082E270208442702088F
:1059B000562702086C2702087E2702089227020851
:1059C000A1270208A0860100400D0300801A0600EE
:1059D00000350C0040420F0080841E0000093D008D
:1059E00000127A000024F40000366E010048E8013D
:1059F000006CDC020000000000000000000000005D
:105A0000000000000000000001020304000000008C
:105A1000000000000102030406070809010002005B
:105A20000400060008000A000C00100020004000DE
:105A30008000000100800040004800400008024251
:105A400000040242000002428000800000020000C8
:105A50000000000002000000010000000000000043
:105A60000000000002000000010000000000000033
:105A70000000000002000000010000000000000023
:105A80000080AB825585FD87A58A498DEB8F899271
:105A90002495B9974A9AD59C5A9FD8A150A4C0A6DC
:105AA00028A988ABDFAD2EB073B2AFB4E1B609B9A7
:105AB00027BB3BBD44BF43C137C320C5FEC6D1C8C9
:105AC00099CA57CC09CEB1CF4DD1DFD266D4E3D538
:105AD00055D7BDD81ADA6EDBB7DCF7DD2DDF59E01C
:105AE0007CE197E2A8E3B0E4B0E5A8E698E77FE8B8
:105AF0005FE937EA08EBD2EB95EC51ED07EEB6EE35
:105B00005FEF01F09FF036F1C8F154F2DCF25EF382
:105B1000DCF355F4CAF43AF5A6F50EF672F6D2F6B1
:105B20002FF788F7DEF730F87FF8CBF815F95BF937
:105B30009FF9E0F91EFA5AFA94FACCFA01FB34FB09
:105B400065FB95FBC2FBEEFB18FC40FC66FC8CFC85
:105B5000AFFCD1FCF2FC12FD30FD4DFD69FD84FD72
:105B60009EFDB6FDCEFDE5FDFBFD0FFE24FE37FEDE
:105B700049FE5BFE6CFE7DFE8CFE9BFEAAFEB8FE1F
:105B8000C5FED2FEDEFEEAFEF5FE00FF0BFF15FFAE
:105B90001EFF27FF30FF39FF41FF48FF50FF57FF2F
:105BA0005EFF65FF6BFF71FF77FF7CFF82FF87FF62
:105BB0008CFF91FF95FF99FF9EFFA2FFA5FFA9FF14
:105BC000ADFFB0FFB3FFB6FFB9FFBCFFBFFFC2FF21
:105BD000C4FFC7FFC9FFCBFFCDFFD0FFD1FFD3FF6D
:105BE000D5FFD7FFD9FFDAFFDCFFDDFFDFFFE0FFE6
:105BF000E1FFE3FFE4FFE5FFE6FFE7FFE8FFE9FF82
:105C0000EAFFEBFFECFFEDFFEDFFEEFFEFFFF0FF34
:105C1000F0FFF1FFF2FFF2FFF3FFF3FFF4FFF4FFF9
:105C2000F5FFF5FFF6FFF6FFF6FFF7FFF7FFF8FFCA
:105C3000F8FFF8FFF9FFF9FFF9FFF9FFFAFFFAFFA4
:105C4000FAFFFAFFFBFFFBFFFBFFFBFFFBFFFCFF85
:105C5000FCFFFCFFFCFFFCFFFCFFFDFFFDFFFDFF69
:105C6000FDFFFDFFFDFFFDFFFDFFFEFFFEFFFEFF51
:105C7000FEFFFEFFFEFFFEFFFEFFFEFFFEFFFFFF3B
:105C80000000000000000000000000000100000013
:105C90000000000000000000000000000000000004
:105CA0000100000000000000A13C0208A83C02081E
:105CB000F83C0208B03C0208E03C0208B63C02088E
:105CC000BD3C0208FF3C0208C23C0208B13C02088D
:105CD0000B3D0208CC3C0208D43C0208DF3C020821
:105CE000E63C0208EF3C0208F73C0208FE3C0208D2
:105CF000053D02080A3D0208000000000000000007
:105D0000C1C0000839C1000803BA0008D5B90008AD
:105D1000DDB90008E5B90008EDB90008CBB9000805
:105D2000C9B90008C9B9000869C00008C9C300089A
:105D3000CDBF0008F5B9000877C30008BDC1000851
:105D400047BA00080000000000000000BFB90008CA
:105D5000C7B9000801BA000801BA00080000000035
:105D60004F66666C696E654D656D6F7279416C6CDE
:105D70006F636174696F6E00CC4F02089949020825
:105D8000A9490208C1490208B7490208C9490208DD
:105D9000D8490208E3490208F3500208F44902080E
:105DA000044A0208154A0208264A0208314A020833
:105DB000B94F02084E4A0208B04B02085D4A020879
:105DC000EC4D0208B64B0208694A0208764A0208FE
:105DD000105002087C4A02086E4B0208884B0208E9
:105DE0008C4A02089B4A020899510208A04A0208FC
:105DF000B24A020890500208BC4A0208C34A02088C
:105E000015520208DB4A02087F520208F74A0208CC
:105E1000094B0208A04E02081B4B0208204B020847
:105E2000A24C0208244B02082C4B0208494B0208E2
:105E3000574B0208724B0208764B02087E4B020851
:105E4000844B0208904B0208994B0208924F0208BB
:105E5000B54B0208FE4F0208BB4B02081151020865
:105E6000C34B0208C84B0208CC4B0208D24B0208B5
:105E7000DA4B0208E84B020875510208E6510208A5
:105E8000F34B0208F74B0208064C0208164C0208B6
:105E90001B4C0208E24B0208274C0208035102087F
:105EA000144E020866510208655102081250020899
:105EB000314C0208354C02083D4C0208484C02089F
:105EC000544C02088C4C02085F4C02086A4C0208D1
:105ED000724C02087E4C02088A4C0208914C02085F
:105EE0009C4C0208A64C0208B14C0208B84C0208AF
:105EF000C34C0208C84C0208D24C0208D84C020815
:105F0000F04C0208FB4C02080E4D0208B05002088B
:105F1000194D0208214D0208284D02082D4D020896
:105F2000384D02083E4D0208484D02084C4D02080B
:105F3000524D02081F4F0208574D0208684D0208D3
:105F4000DA490208744D0208844D02088A4D02089D
:105F5000954D02086F520208984D0208AF4D020895
:105F6000C64D0208D14D0208DB4D0208634F0208FE
:105F7000E34D0208F04D0208114E0208184E0208C7
:105F8000224E02082F4E0208364E02083E4E0208EC
:105F9000434E0208484E0208544E02085E4E020864
:105FA0006D4E02087E4E02088D4E0208984E020881
:105FB000AA4E0208B54E0208C34E0208D34E02088C
:105FC000E24E0208F94E0208034F0208124F02087F
:105FD0001E4F0208F6510208234F02082F4F0208F5
:105FE000454F02085A4F02086F4F0208754F0208CA
:105FF0008A4F02088F4F0208974F0208A34F0208EA
:10600000AF4F0208C24F0208D04F0208E14F02080A
:10601000F44F0208065002081850020828500208DF
:106020003E500208595002086F5002087F50020883
:1060300095500208A6500208B4500208C250020847
:10604000D3500208E9500208F9500208075102082B
:10605000195102082A510208375102084751020813
:106060005B5102086B5102087C5102088F510208F3
:106070009E510208B0510208C2510208D4510208D0
:10608000EC5102080B520208195202082852020869
:106090003E52020856520208655202087552020822
:1060A000865202089A520208A15202084852020877
:1060B000BD520208D1520208E6520208F552020807
:1060C0000000000000000000000000005FDD00088C
:1060D0005FDD000871DD000851DD000861DD0008AA
:1060E00069DD0008A5DD000855DD00085BDD00085E
:1060F00059DD0008000000000000000043DE000839
:1061000043DE000865DE000845DE0008ABE000085D
:1061100061DE00081DE200080FDE0008E5DD000872
:10612000E5E00008000000000000000051E2000867
:1061300051E2000845E3000865E2000881E3000839
:10614000A5E3000897E20008EDE2000853E200082A
:1061500073E20008C7E2000877E2000801E40008E3
:10616000C9E3000887E20008FCFFFFFF0000000011
:106170001BE400081FE40008F9E300088FE20008B0
:106180000000000000000000C5E40008C5E40008AD
:106190009DE60008F1E8000891E800080BE9000816
:1061A000C1E800087DE60008C1E40008C7E4000873
:1061B000FDE500082DE5000885E5000889E70008F1
:1061C00000000000000000002FE900082FE900088F
:1061D00073E90008CFE900088BE9000831E90008FD
:1061E0004DE900089FE90008B7E9000855E90008F3
:1061F000EDE9000827E900082BE9000869E9000833
:106200006FE900080000000000000000F9EA000843
:10621000F9EA0008FBEA0008000000000000803FE7
:10622000C70F493BB1FF7F3F890FC93BC4FE7F3F8A
:1062300059CB163C39FD7F3F900E493C11FB7F3F07
:106240004B517B3C4AF87F3FB6C9963CE6F47F3F12
:1062500069EAAF3CE3F07F3FB00AC93C43EC7F3FC3
:106260007B2AE23C05E77F3FB949FB3C29E17F3FC0
:106270002F340A3DAFDA7F3F2CC3163D98D37F3FC2
:10628000CC51233DE2CB7F3F07E02F3D8FC37F3FC3
:10629000D56D3C3D9EBA7F3F2FFB483D0FB17F3F00
:1062A0000E88553DE3A67F3F6814623D189C7F3FF2
:1062B00038A06E3DB1907F3F742B7B3DAB847F3F18
:1062C0000ADB833D08787F3F0A208A3DC76A7F3F0B
:1062D000B464903DE95C7F3F05A9963D6D4E7F3FDC
:1062E000F9EC9C3D543F7F3F8C30A33D9D2F7F3F79
:1062F000BA73A93D491F7F3F80B6AF3D580E7F3F1F
:10630000DAF8B53DC9FC7E3FC33ABC3D9DEA7E3F0D
:10631000397CC23DD4D77E3F36BDC83D6DC47E3F7B
:10632000B7FDCE3D69B07E3FB93DD53DC99B7E3FAF
:10633000377DDB3D8B867E3F2EBCE13DB0707E3FDE
:106340009AFAE73D385A7E3F7638EE3D23437E3F4A
:10635000C075F43D722B7E3F73B2FA3D24137E3F2D
:106360004577003E38FA7D3F0295033EB1E07D3F20
:106370006EB2063E8CC67D3F86CF093ECCAB7D3FDC
:106380004AEC0C3E6E907D3FB708103E74747D3F22
:10639000CA24133EDE577D3F8340163EAC3A7D3F14
:1063A000E05B193EDD1C7D3FDE761C3E73FE7C3FCC
:1063B0007B911F3E6CDF7C3FB6AB223EC9BF7C3F6A
:1063C0008CC5253E8A9F7C3FFCDE283EB07E7C3F0C
:1063D00004F82B3E3A5D7C3FA2102F3E283B7C3FC9
:1063E000D428323E7A187C3F9840353E31F57B3FC9
:1063F000EC57383E4DD17B3FCF6E3B3ECDAC7B3F23
:106400003E853E3EB2877B3F379B413EFC617B3FF2
:10641000B9B0443EAB3B7B3FC2C5473EBE147B3F59
:106420004FDA4A3E37ED7A3F60EE4D3E16C57A3F71
:10643000F101513E599C7A3F0115543E02737A3F57
:106440008F27573E10497A3F97395A3E841E7A3F2C
:106450001A4B5D3E5EF3793F135C603E9DC7793F0A
:10646000836C633E439B793F667C663E4E6E793F0C
:10647000BA8B693EC040793F7F9A6C3E9812793F53
:10648000B2A86F3ED6E3783F51B6723E7BB4783FF8
:106490005AC3753E8684783FCCCF783EF853783F18
:1064A000A4DB7B3ED122783FE1E67E3E10F1773FD0
:1064B000C0F8803EB7BE773FC07D823EC58B773F38
:1064C0007002843E3A58773FCE86853E1724773F48
:1064D000DA0A873E5BEF763F938E883E07BA763FB7
:1064E000F8118A3E1B84763F07958B3E974D763F89
:1064F000C0178D3E7A16763F229A8E3EC6DE753FD5
:106500002C1C903E7BA6753FDD9D913E976D753F9F
:10651000351F933E1D34753F31A0943E0BFA743FF6
:10652000D220963E62BF743F17A1973E2284743FEB
:10653000FE20993E4B48743F86A09A3EDD0B743F87
:10654000AF1F9C3ED9CE733F789E9D3E3F91733FD7
:10655000DF1C9F3E0E53733FE59AA03E4714733FE6
:106560008718A23EEBD4723FC595A33EF894723FC4
:106570009F12A53E7054723F128FA63E5213723F77
:106580001F0BA83E9FD1713FC486A93E578F713F14
:106590000102AB3E7A4C713FD47CAC3E0809713F9E
:1065A0003CF7AD3E02C5703F3A71AF3E6680703F2A
:1065B000CBEAB03E373B703FEF63B23E73F56F3FBF
:1065C000A5DCB33E1BAF6F3FEC54B53E30686F3F68
:1065D000C3CCB63EB0206F3F2A44B83E9ED86E3F33
:1065E0001EBBB93EF88F6E3FA031BB3EBE466E3F2C
:1065F000AFA7BC3EF2FC6D3F4A1DBE3E93B26D3F5D
:106600006F92BF3EA1676D3F1E07C13E1D1C6D3FCF
:10661000557BC23E07D06C3F15EFC33E5E836C3F97
:106620005C62C53E24366C3F29D5C63E58E86B3FB8
:106630007C47C83EFB996B3F53B9C93E0C4B6B3F3F
:10664000AE2ACB3E8CFB6A3F8B9BCC3E7BAB6A3F3A
:10665000EA0BCE3ED95A6A3FCA7BCF3EA7096A3FB2
:106660002AEBD03EE4B7693F095AD23E9165693FB3
:1066700067C8D33EAE12693F4136D53E3CBF683F46
:1066800099A3D63E396B683F6B10D83EA816683F79
:10669000B97CD93E87C1673F80E8DA3ED86B673F57
:1066A000C153DC3E9915673F79BEDD3ECCBE663FE7
:1066B000A928DF3E7167663F4F92E03E880F663F34
:1066C0006AFBE13E10B7653FFA63E33E0B5E653F50
:1066D000FECBE43E7904653F7533E63E59AA643F3C
:1066E0005D9AE73EAC4F643FB700E93E73F4633F09
:1066F0008166EA3EAC98633FBBCBEB3E5A3C633FBE
:106700006330ED3E7BDF623F7994EE3E1082623F64
:10671000FBF7EF3E1A24623FEA5AF13E98C5613F0B
:1067200043BDF23E8A66613F071FF43EF206613FB9
:106730003580F53ECFA6603FCBE0F63E2146603F78
:10674000C840F83EE9E45F3F2DA0F93E27835F3F54
:10675000F7FEFA3EDB205F3F275DFC3E05BE5E3F55
:10676000BBBAFD3EA65A5E3FB217FF3EBEF65D3F86
:10677000063A003F4D925D3FE4E7003F532D5D3FF9
:106780007395013FD1C75C3FB142023FC7615C3F97
:106790009FEF023F34FB5B3F3D9C033F1A945B3FFE
:1067A0008948043F792C5B3F84F4043F50C45A3F2E
:1067B0002CA0053FA05B5A3F824B063F6AF2593F2F
:1067C00086F6063FAD88593F36A1073F6A1E593FFE
:1067D000924B083FA1B3583F9BF5083F5348583FA1
:1067E0004E9F093F7FDC573FAD480A3F2670573F19
:1067F000B7F10A3F4803573F6B9A0B3FE595563F69
:10680000C9420C3FFE27563FD0EA0C3F93B9553F93
:1068100081920D3FA44A553FDA390E3F31DB543F98
:10682000DBE00E3F3B6B543F84870F3FC3FA533F7F
:10683000D52D103FC789533FCDD3103F4918533F43
:106840006B79113F49A6523FB01E123FC633523FEB
:106850009AC3123FC2C0513F2A68133F3D4D513F7A
:106860005F0C143F37D9503F39B0143FAF64503FED
:10687000B753153FA8EF4F3FD9F6153F1F7A4F3F4B
:106880009F99163F17044F3F073C173F908D4E3F8F
:1068900012DE173F89164E3FC07F183F029F4D3FC3
:1068A0000F21193FFD264D3F00C2193F79AE4C3FE5
:1068B00093621A3F78354C3FC6021B3FF8BB4B3FF3
:1068C00099A21B3FFA414B3F0C421C3F7FC74A3FF6
:1068D0001FE11C3F874C4A3FD17F1D3F12D1493FEA
:1068E000221E1E3F2155493F12BC1E3FB3D8483FD0
:1068F0009F591F3FCA5B483FCBF61F3F65DE473FAE
:106900009393203F8560473FF92F213F2AE2463F7E
:10691000FBCB213F5463463F9967223F03E4453F49
:10692000D302233F3964453FA99D233FF5E3443F0C
:106930001A38243F3763443F25D2243F00E2433FC7
:10694000CB6B253F5160433F0A05263F29DE423F7E
:10695000E39D263F895B423F5636273F70D8413F33
:1069600061CE273FE154413F0566283FDAD0403FE2
:1069700041FD283F5C4C403F1594293F67C73F3F8E
:10698000802A2A3FFC413F3F82C02A3F1BBC3E3F3A
:106990001B562B3FC5353E3F4AEB2B3FF9AE3D3FE3
:1069A0000F802C3FB8273D3F69142D3F03A03C3F8B
:1069B00059A82D3FD9173C3FDE3B2E3F3B8F3B3F35
:1069C000F7CE2E3F29063B3FA5612F3FA47C3A3FDF
:1069D000E6F32F3FACF2393FBB85303F4268393F89
:1069E0002217313F65DD383F1DA8313F1652383F31
:1069F000AA38323F55C6373FC9C8323F233A373FDE
:106A00007A58333F7FAD363FBCE7333F6C20363F8B
:106A10008F76343FE792353FF304353FF304353F3B
:106A2000E792353F8F76343F6C20363FBCE7333FEB
:106A30007FAD363F7A58333F233A373FC9C8323F9C
:106A400055C6373FAA38323F1652383F1DA8313F4E
:106A500065DD383F2217313F4268393FBB85303F03
:106A6000ACF2393FE6F32F3FA47C3A3FA5612F3FBC
:106A700029063B3FF7CE2E3F3B8F3B3FDE3B2E3F71
:106A8000D9173C3F59A82D3F03A03C3F69142D3F27
:106A9000B8273D3F0F802C3FF9AE3D3F4AEB2B3FDF
:106AA000C5353E3F1B562B3F1BBC3E3F82C02A3F95
:106AB000FC413F3F802A2A3F67C73F3F1594293F4B
:106AC0005C4C403F41FD283FDAD0403F0566283FFF
:106AD000E154413F61CE273F70D8413F5636273FB2
:106AE000895B423FE39D263F29DE423F0A05263F60
:106AF0005160433FCB6B253F00E2433F25D2243F0B
:106B00003763443F1A38243FF5E3443FA99D233FB0
:106B10003964453FD302233F03E4453F9967223F51
:106B20005463463FFBCB213F2AE2463FF92F213FEA
:106B30008560473F9393203F65DE473FCBF61F3F7D
:106B4000CA5B483F9F591F3FB3D8483F12BC1E3F06
:106B50002155493F221E1E3F12D1493FD17F1D3F83
:106B6000874C4A3F1FE11C3F7FC74A3F0C421C3FF6
:106B7000FA414B3F99A21B3FF8BB4B3FC6021B3F5C
:106B800078354C3F93621A3F79AE4C3F00C2193FB3
:106B9000FD264D3F0F21193F029F4D3FC07F183FFB
:106BA00089164E3F12DE173F908D4E3F073C173F30
:106BB00017044F3F9F99163F1F7A4F3FD9F6153F55
:106BC000A8EF4F3FB753153FAF64503F39B0143F64
:106BD00037D9503F5F0C143F3D4D513F2A68133F5A
:106BE000C2C0513F9AC3123FC633523FB01E123F3C
:106BF00049A6523F6B79113F4918533FCDD3103FFF
:106C0000C789533FD52D103FC3FA533F84870F3FA9
:106C10003B6B543FDBE00E3F31DB543FDA390E3F34
:106C2000A44A553F81920D3F93B9553FD0EA0C3F9E
:106C3000FE27563FC9420C3FE595563F6B9A0B3FE6
:106C40004803573FB7F10A3F2670573FAD480A3F08
:106C50007FDC573F4E9F093F5348583F9BF5083F05
:106C6000A1B3583F924B083F6A1E593F36A1073FD8
:106C7000AD88593F86F6063F6AF2593F824B063F80
:106C8000A05B5A3F2CA0053F50C45A3F84F4043FF8
:106C9000792C5B3F8948043F1A945B3F3D9C033F3E
:106CA00034FB5B3F9FEF023FC7615C3FB142023F55
:106CB000D1C75C3F7395013F532D5D3FE4E7003F33
:106CC0004D925D3F063A003FBEF65D3FB217FF3E74
:106CD000A65A5E3FBBBAFD3E05BE5E3F275DFC3E49
:106CE000DB205F3FF7FEFA3E27835F3F2DA0F93E92
:106CF000E9E45F3FC840F83E2146603FCBE0F63E06
:106D0000CFA6603F3580F53EF206613F071FF43E97
:106D10008A66613F43BDF23E98C5613FEA5AF13E43
:106D20001A24623FFBF7EF3E1082623F7994EE3EF9
:106D30007BDF623F6330ED3E5A3C633FBBCBEB3EB3
:106D4000AC98633F8166EA3E73F4633FB700E93E67
:106D5000AC4F643F5D9AE73E59AA643F7533E63E07
:106D60007904653FFECBE43E0B5E653FFA63E33E8C
:106D700010B7653F6AFBE13E880F663F4F92E03EE9
:106D80007167663FA928DF3ECCBE663F79BEDD3E17
:106D90009915673FC153DC3ED86B673F80E8DA3E08
:106DA00087C1673FB97CD93EA816683F6B10D83EB3
:106DB000396B683F99A3D63E3CBF683F4136D53E0C
:106DC000AE12693F67C8D33E9165693F095AD23E0A
:106DD000E4B7693F2AEBD03EA7096A3FCA7BCF3EA2
:106DE000D95A6A3FEA0BCE3E7BAB6A3F8B9BCC3EC7
:106DF0008CFB6A3FAE2ACB3E0C4B6B3F53B9C93E6E
:106E0000FB996B3F7C47C83E58E86B3F29D5C63E8F
:106E100024366C3F5C62C53E5E836C3F15EFC33E1B
:106E200007D06C3F557BC23E1D1C6D3F1E07C13E07
:106E3000A1676D3F6F92BF3E93B26D3F4A1DBE3E4C
:106E4000F2FC6D3FAFA7BC3EBE466E3FA031BB3EDD
:106E5000F88F6E3F1EBBB93E9ED86E3F2A44B83EA7
:106E6000B0206F3FC3CCB63E30686F3FEC54B53EA8
:106E70001BAF6F3FA5DCB33E73F56F3FEF63B23ED0
:106E8000373B703FCBEAB03E6680703F3A71AF3E11
:106E900002C5703F3CF7AD3E0809713FD47CAC3E63
:106EA0007A4C713F0102AB3E578F713FC486A93EB9
:106EB0009FD1713F1F0BA83E5213723F128FA63E07
:106EC0007054723F9F12A53EF894723FC595A33E41
:106ED000EBD4723F8718A23E4714733FE59AA03E59
:106EE0000E53733FDF1C9F3E3F91733F789E9D3E44
:106EF000D9CE733FAF1F9C3EDD0B743F86A09A3EF8
:106F00004B48743FFE20993E2284743F17A1973E60
:106F100062BF743FD220963E0BFA743F31A0943E7C
:106F20001D34753F351F933E976D753FDD9D913E36
:106F30007BA6753F2C1C903EC6DE753F229A8E3E86
:106F40007A16763FC0178D3E974D763F07958B3E5C
:106F50001B84763FF8118A3E07BA763F938E883EAF
:106F60005BEF763FDA0A873E1724773FCE86853E71
:106F70003A58773F7002843EC58B773FC07D823E92
:106F8000B7BE773FC0F8803E10F1773FE1E67E3E26
:106F9000D122783FA4DB7B3EF853783FCCCF783EBC
:106FA0008684783F5AC3753E7BB4783F51B6723EB3
:106FB000D6E3783FB2A86F3E9812793F7F9A6C3E35
:106FC000C040793FBA8B693E4E6E793F667C663E23
:106FD000439B793F836C633E9DC7793F135C603E62
:106FE0005EF3793F1A4B5D3E841E7A3F97395A3ED5
:106FF00010497A3F8F27573E02737A3F0115543E5E
:10700000599C7A3FF101513E16C57A3F60EE4D3EE4
:1070100037ED7A3F4FDA4A3EBE147B3FC2C5473E4A
:10702000AB3B7B3FB9B0443EFC617B3F379B413E6D
:10703000B2877B3F3E853E3ECDAC7B3FCF6E3B3E35
:107040004DD17B3FEC57383E31F57B3F9840353E84
:107050007A187C3FD428323E283B7C3FA2102F3E3A
:107060003A5D7C3F04F82B3EB07E7C3FFCDE283E40
:107070008A9F7C3F8CC5253EC9BF7C3FB6AB223E74
:107080006CDF7C3F7B911F3E73FE7C3FDE761C3EB7
:10709000DD1C7D3FE05B193EAC3A7D3F8340163EF0
:1070A000DE577D3FCA24133E74747D3FB708103EFF
:1070B0006E907D3F4AEC0C3ECCAB7D3F86CF093EC7
:1070C0008CC67D3F6EB2063EB1E07D3F0295033E29
:1070D00038FA7D3F4577003E24137E3F73B2FA3D78
:1070E000722B7E3FC075F43D23437E3F7638EE3DE4
:1070F000385A7E3F9AFAE73DB0707E3F2EBCE13DA4
:107100008B867E3F377DDB3DC99B7E3FB93DD53DBC
:1071100069B07E3FB7FDCE3D6DC47E3F36BDC83DF4
:10712000D4D77E3F397CC23D9DEA7E3FC33ABC3D09
:10713000C9FC7E3FDAF8B53D580E7F3F80B6AF3DC3
:10714000491F7F3FBA73A93D9D2F7F3F8C30A33DE0
:10715000543F7F3FF9EC9C3D6D4E7F3F05A9963D26
:10716000E95C7F3FB464903DC76A7F3F0A208A3D57
:1071700008787F3F0ADB833DAB847F3F742B7B3DE8
:10718000B1907F3F38A06E3D189C7F3F6814623DF0
:10719000E3A67F3F0E88553D0FB17F3F2FFB483D53
:1071A0009EBA7F3FD56D3C3D8FC37F3F07E02F3DAB
:1071B000E2CB7F3FCC51233D98D37F3F2CC3163D7C
:1071C000AFDA7F3F2F340A3D29E17F3FB949FB3CCD
:1071D00005E77F3F7B2AE23C43EC7F3FB00AC93C96
:1071E000E3F07F3F69EAAF3CE6F47F3FB6C9963CE7
:1071F0004AF87F3F4B517B3C11FB7F3F900E493C4F
:1072000039FD7F3F59CB163CC4FE7F3F890FC93BF8
:10721000B1FF7F3FC70F493B0000803F00000000E7
:10722000B1FF7F3FC70F49BBC4FE7F3F890FC9BB7A
:1072300039FD7F3F59CB16BC11FB7F3F900E49BCF7
:107240004AF87F3F4B517BBCE6F47F3FB6C996BC02
:10725000E3F07F3F69EAAFBC43EC7F3FB00AC9BCB3
:1072600005E77F3F7B2AE2BC29E17F3FB949FBBCB0
:10727000AFDA7F3F2F340ABD98D37F3F2CC316BDB2
:10728000E2CB7F3FCC5123BD8FC37F3F07E02FBDB3
:107290009EBA7F3FD56D3CBD0FB17F3F2FFB48BDF0
:1072A000E3A67F3F0E8855BD189C7F3F681462BDE2
:1072B000B1907F3F38A06EBDAB847F3F742B7BBD08
:1072C00008787F3F0ADB83BDC76A7F3F0A208ABDFB
:1072D000E95C7F3FB46490BD6D4E7F3F05A996BDCC
:1072E000543F7F3FF9EC9CBD9D2F7F3F8C30A3BD69
:1072F000491F7F3FBA73A9BD580E7F3F80B6AFBD0F
:10730000C9FC7E3FDAF8B5BD9DEA7E3FC33ABCBDFD
:10731000D4D77E3F397CC2BD6DC47E3F36BDC8BD6B
:1073200069B07E3FB7FDCEBDC99B7E3FB93DD5BD9F
:107330008B867E3F377DDBBDB0707E3F2EBCE1BDCE
:10734000385A7E3F9AFAE7BD23437E3F7638EEBD3A
:10735000722B7E3FC075F4BD24137E3F73B2FABD1D
:1073600038FA7D3F457700BEB1E07D3F029503BE10
:107370008CC67D3F6EB206BECCAB7D3F86CF09BECC
:107380006E907D3F4AEC0CBE74747D3FB70810BE12
:10739000DE577D3FCA2413BEAC3A7D3F834016BE04
:1073A000DD1C7D3FE05B19BE73FE7C3FDE761CBEBC
:1073B0006CDF7C3F7B911FBEC9BF7C3FB6AB22BE5A
:1073C0008A9F7C3F8CC525BEB07E7C3FFCDE28BEFC
:1073D0003A5D7C3F04F82BBE283B7C3FA2102FBEB9
:1073E0007A187C3FD42832BE31F57B3F984035BEB9
:1073F0004DD17B3FEC5738BECDAC7B3FCF6E3BBE13
:10740000B2877B3F3E853EBEFC617B3F379B41BEE2
:10741000AB3B7B3FB9B044BEBE147B3FC2C547BE49
:1074200037ED7A3F4FDA4ABE16C57A3F60EE4DBE61
:10743000599C7A3FF10151BE02737A3F011554BE47
:1074400010497A3F8F2757BE841E7A3F97395ABE1C
:107450005EF3793F1A4B5DBE9DC7793F135C60BEFA
:10746000439B793F836C63BE4E6E793F667C66BEFC
:10747000C040793FBA8B69BE9812793F7F9A6CBE43
:10748000D6E3783FB2A86FBE7BB4783F51B672BEE8
:107490008684783F5AC375BEF853783FCCCF78BE08
:1074A000D122783FA4DB7BBE10F1773FE1E67EBEC0
:1074B000B7BE773FC0F880BEC58B773FC07D82BE28
:1074C0003A58773F700284BE1724773FCE8685BE38
:1074D0005BEF763FDA0A87BE07BA763F938E88BEA7
:1074E0001B84763FF8118ABE974D763F07958BBE79
:1074F0007A16763FC0178DBEC6DE753F229A8EBEC5
:107500007BA6753F2C1C90BE976D753FDD9D91BE8F
:107510001D34753F351F93BE0BFA743F31A094BEE6
:1075200062BF743FD22096BE2284743F17A197BEDB
:107530004B48743FFE2099BEDD0B743F86A09ABE77
:10754000D9CE733FAF1F9CBE3F91733F789E9DBEC7
:107550000E53733FDF1C9FBE4714733FE59AA0BED6
:10756000EBD4723F8718A2BEF894723FC595A3BEB4
:107570007054723F9F12A5BE5213723F128FA6BE67
:107580009FD1713F1F0BA8BE578F713FC486A9BE04
:107590007A4C713F0102ABBE0809713FD47CACBE8E
:1075A00002C5703F3CF7ADBE6680703F3A71AFBE1A
:1075B000373B703FCBEAB0BE73F56F3FEF63B2BEAF
:1075C0001BAF6F3FA5DCB3BE30686F3FEC54B5BE58
:1075D000B0206F3FC3CCB6BE9ED86E3F2A44B8BE23
:1075E000F88F6E3F1EBBB9BEBE466E3FA031BBBE1C
:1075F000F2FC6D3FAFA7BCBE93B26D3F4A1DBEBE4D
:10760000A1676D3F6F92BFBE1D1C6D3F1E07C1BEBF
:1076100007D06C3F557BC2BE5E836C3F15EFC3BE87
:1076200024366C3F5C62C5BE58E86B3F29D5C6BEA8
:10763000FB996B3F7C47C8BE0C4B6B3F53B9C9BE2F
:107640008CFB6A3FAE2ACBBE7BAB6A3F8B9BCCBE2A
:10765000D95A6A3FEA0BCEBEA7096A3FCA7BCFBEA2
:10766000E4B7693F2AEBD0BE9165693F095AD2BEA3
:10767000AE12693F67C8D3BE3CBF683F4136D5BE36
:10768000396B683F99A3D6BEA816683F6B10D8BE69
:1076900087C1673FB97CD9BED86B673F80E8DABE47
:1076A0009915673FC153DCBECCBE663F79BEDDBED7
:1076B0007167663FA928DFBE880F663F4F92E0BE24
:1076C00010B7653F6AFBE1BE0B5E653FFA63E3BE40
:1076D0007904653FFECBE4BE59AA643F7533E6BE2C
:1076E000AC4F643F5D9AE7BE73F4633FB700E9BEF9
:1076F000AC98633F8166EABE5A3C633FBBCBEBBEAE
:107700007BDF623F6330EDBE1082623F7994EEBE54
:107710001A24623FFBF7EFBE98C5613FEA5AF1BEFB
:107720008A66613F43BDF2BEF206613F071FF4BEA9
:10773000CFA6603F3580F5BE2146603FCBE0F6BE68
:10774000E9E45F3FC840F8BE27835F3F2DA0F9BE44
:10775000DB205F3FF7FEFABE05BE5E3F275DFCBE45
:10776000A65A5E3FBBBAFDBEBEF65D3FB217FFBE76
:107770004D925D3F063A00BF532D5D3FE4E700BFE9
:10778000D1C75C3F739501BFC7615C3FB14202BF87
:1077900034FB5B3F9FEF02BF1A945B3F3D9C03BFEE
:1077A000792C5B3F894804BF50C45A3F84F404BF1E
:1077B000A05B5A3F2CA005BF6AF2593F824B06BF1F
:1077C000AD88593F86F606BF6A1E593F36A107BFEE
:1077D000A1B3583F924B08BF5348583F9BF508BF91
:1077E0007FDC573F4E9F09BF2670573FAD480ABF09
:1077F0004803573FB7F10ABFE595563F6B9A0BBF59
:10780000FE27563FC9420CBF93B9553FD0EA0CBF83
:10781000A44A553F81920DBF31DB543FDA390EBF88
:107820003B6B543FDBE00EBFC3FA533F84870FBF6F
:10783000C789533FD52D10BF4918533FCDD310BF33
:1078400049A6523F6B7911BFC633523FB01E12BFDB
:10785000C2C0513F9AC312BF3D4D513F2A6813BF6A
:1078600037D9503F5F0C14BFAF64503F39B014BFDD
:10787000A8EF4F3FB75315BF1F7A4F3FD9F615BF3B
:1078800017044F3F9F9916BF908D4E3F073C17BF7F
:1078900089164E3F12DE17BF029F4D3FC07F18BFB3
:1078A000FD264D3F0F2119BF79AE4C3F00C219BFD5
:1078B00078354C3F93621ABFF8BB4B3FC6021BBFE3
:1078C000FA414B3F99A21BBF7FC74A3F0C421CBFE6
:1078D000874C4A3F1FE11CBF12D1493FD17F1DBFDA
:1078E0002155493F221E1EBFB3D8483F12BC1EBFC0
:1078F000CA5B483F9F591FBF65DE473FCBF61FBF9E
:107900008560473F939320BF2AE2463FF92F21BF6E
:107910005463463FFBCB21BF03E4453F996722BF39
:107920003964453FD30223BFF5E3443FA99D23BFFC
:107930003763443F1A3824BF00E2433F25D224BFB7
:107940005160433FCB6B25BF29DE423F0A0526BF6E
:10795000895B423FE39D26BF70D8413F563627BF23
:10796000E154413F61CE27BFDAD0403F056628BFD2
:107970005C4C403F41FD28BF67C73F3F159429BF7E
:10798000FC413F3F802A2ABF1BBC3E3F82C02ABF2A
:10799000C5353E3F1B562BBFF9AE3D3F4AEB2BBFD3
:1079A000B8273D3F0F802CBF03A03C3F69142DBF7B
:1079B000D9173C3F59A82DBF3B8F3B3FDE3B2EBF25
:1079C00029063B3FF7CE2EBFA47C3A3FA5612FBFCF
:1079D000ACF2393FE6F32FBF4268393FBB8530BF79
:1079E00065DD383F221731BF1652383F1DA831BF21
:1079F00055C6373FAA3832BF233A373FC9C832BFCE
:107A00007FAD363F7A5833BF6C20363FBCE733BF7B
:107A1000E792353F8F7634BFF304353FF30435BF2B
:107A20008F76343FE79235BFBCE7333F6C2036BFDB
:107A30007A58333F7FAD36BFC9C8323F233A37BF8C
:107A4000AA38323F55C637BF1DA8313F165238BF3E
:107A50002217313F65DD38BFBB85303F426839BFF3
:107A6000E6F32F3FACF239BFA5612F3FA47C3ABFAC
:107A7000F7CE2E3F29063BBFDE3B2E3F3B8F3BBF61
:107A800059A82D3FD9173CBF69142D3F03A03CBF17
:107A90000F802C3FB8273DBF4AEB2B3FF9AE3DBFCF
:107AA0001B562B3FC5353EBF82C02A3F1BBC3EBF85
:107AB000802A2A3FFC413FBF1594293F67C73FBF3B
:107AC00041FD283F5C4C40BF0566283FDAD040BFEF
:107AD00061CE273FE15441BF5636273F70D841BFA2
:107AE000E39D263F895B42BF0A05263F29DE42BF50
:107AF000CB6B253F516043BF25D2243F00E243BFFB
:107B00001A38243F376344BFA99D233FF5E344BFA0
:107B1000D302233F396445BF9967223F03E445BF41
:107B2000FBCB213F546346BFF92F213F2AE246BFDA
:107B30009393203F856047BFCBF61F3F65DE47BF6D
:107B40009F591F3FCA5B48BF12BC1E3FB3D848BFF6
:107B5000221E1E3F215549BFD17F1D3F12D149BF73
:107B60001FE11C3F874C4ABF0C421C3F7FC74ABFE6
:107B700099A21B3FFA414BBFC6021B3FF8BB4BBF4C
:107B800093621A3F78354CBF00C2193F79AE4CBFA3
:107B90000F21193FFD264DBFC07F183F029F4DBFEB
:107BA00012DE173F89164EBF073C173F908D4EBF20
:107BB0009F99163F17044FBFD9F6153F1F7A4FBF45
:107BC000B753153FA8EF4FBF39B0143FAF6450BF54
:107BD0005F0C143F37D950BF2A68133F3D4D51BF4A
:107BE0009AC3123FC2C051BFB01E123FC63352BF2C
:107BF0006B79113F49A652BFCDD3103F491853BFEF
:107C0000D52D103FC78953BF84870F3FC3FA53BF99
:107C1000DBE00E3F3B6B54BFDA390E3F31DB54BF24
:107C200081920D3FA44A55BFD0EA0C3F93B955BF8E
:107C3000C9420C3FFE2756BF6B9A0B3FE59556BFD6
:107C4000B7F10A3F480357BFAD480A3F267057BFF8
:107C50004E9F093F7FDC57BF9BF5083F534858BFF5
:107C6000924B083FA1B358BF36A1073F6A1E59BFC8
:107C700086F6063FAD8859BF824B063F6AF259BF70
:107C80002CA0053FA05B5ABF84F4043F50C45ABFE8
:107C90008948043F792C5BBF3D9C033F1A945BBF2E
:107CA0009FEF023F34FB5BBFB142023FC7615CBF45
:107CB0007395013FD1C75CBFE4E7003F532D5DBF23
:107CC000063A003F4D925DBFB217FF3EBEF65DBF64
:107CD000BBBAFD3EA65A5EBF275DFC3E05BE5EBF39
:107CE000F7FEFA3EDB205FBF2DA0F93E27835FBF82
:107CF000C840F83EE9E45FBFCBE0F63E214660BFF6
:107D00003580F53ECFA660BF071FF43EF20661BF87
:107D100043BDF23E8A6661BFEA5AF13E98C561BF33
:107D2000FBF7EF3E1A2462BF7994EE3E108262BFE9
:107D30006330ED3E7BDF62BFBBCBEB3E5A3C63BFA3
:107D40008166EA3EAC9863BFB700E93E73F463BF57
:107D50005D9AE73EAC4F64BF7533E63E59AA64BFF7
:107D6000FECBE43E790465BFFA63E33E0B5E65BF7C
:107D70006AFBE13E10B765BF4F92E03E880F66BFD9
:107D8000A928DF3E716766BF79BEDD3ECCBE66BF07
:107D9000C153DC3E991567BF80E8DA3ED86B67BFF8
:107DA000B97CD93E87C167BF6B10D83EA81668BFA3
:107DB00099A3D63E396B68BF4136D53E3CBF68BFFC
:107DC00067C8D33EAE1269BF095AD23E916569BFFA
:107DD0002AEBD03EE4B769BFCA7BCF3EA7096ABF92
:107DE000EA0BCE3ED95A6ABF8B9BCC3E7BAB6ABFB7
:107DF000AE2ACB3E8CFB6ABF53B9C93E0C4B6BBF5E
:107E00007C47C83EFB996BBF29D5C63E58E86BBF7F
:107E10005C62C53E24366CBF15EFC33E5E836CBF0B
:107E2000557BC23E07D06CBF1E07C13E1D1C6DBFF7
:107E30006F92BF3EA1676DBF4A1DBE3E93B26DBF3C
:107E4000AFA7BC3EF2FC6DBFA031BB3EBE466EBFCD
:107E50001EBBB93EF88F6EBF2A44B83E9ED86EBF97
:107E6000C3CCB63EB0206FBFEC54B53E30686FBF98
:107E7000A5DCB33E1BAF6FBFEF63B23E73F56FBFC0
:107E8000CBEAB03E373B70BF3A71AF3E668070BF01
:107E90003CF7AD3E02C570BFD47CAC3E080971BF53
:107EA0000102AB3E7A4C71BFC486A93E578F71BFA9
:107EB0001F0BA83E9FD171BF128FA63E521372BFF7
:107EC0009F12A53E705472BFC595A33EF89472BF31
:107ED0008718A23EEBD472BFE59AA03E471473BF49
:107EE000DF1C9F3E0E5373BF789E9D3E3F9173BF34
:107EF000AF1F9C3ED9CE73BF86A09A3EDD0B74BFE8
:107F0000FE20993E4B4874BF17A1973E228474BF50
:107F1000D220963E62BF74BF31A0943E0BFA74BF6C
:107F2000351F933E1D3475BFDD9D913E976D75BF26
:107F30002C1C903E7BA675BF229A8E3EC6DE75BF76
:107F4000C0178D3E7A1676BF07958B3E974D76BF4C
:107F5000F8118A3E1B8476BF938E883E07BA76BF9F
:107F6000DA0A873E5BEF76BFCE86853E172477BF61
:107F70007002843E3A5877BFC07D823EC58B77BF82
:107F8000C0F8803EB7BE77BFE1E67E3E10F177BF16
:107F9000A4DB7B3ED12278BFCCCF783EF85378BFAC
:107FA0005AC3753E868478BF51B6723E7BB478BFA3
:107FB000B2A86F3ED6E378BF7F9A6C3E981279BF25
:107FC000BA8B693EC04079BF667C663E4E6E79BF13
:107FD000836C633E439B79BF135C603E9DC779BF52
:107FE0001A4B5D3E5EF379BF97395A3E841E7ABFC5
:107FF0008F27573E10497ABF0115543E02737ABF4E
:10800000F101513E599C7ABF60EE4D3E16C57ABFD4
:108010004FDA4A3E37ED7ABFC2C5473EBE147BBF3A
:10802000B9B0443EAB3B7BBF379B413EFC617BBF5D
:108030003E853E3EB2877BBFCF6E3B3ECDAC7BBF25
:10804000EC57383E4DD17BBF9840353E31F57BBF74
:10805000D428323E7A187CBFA2102F3E283B7CBF2A
:1080600004F82B3E3A5D7CBFFCDE283EB07E7CBF30
:108070008CC5253E8A9F7CBFB6AB223EC9BF7CBF64
:108080007B911F3E6CDF7CBFDE761C3E73FE7CBFA7
:10809000E05B193EDD1C7DBF8340163EAC3A7DBFE0
:1080A000CA24133EDE577DBFB708103E74747DBFEF
:1080B0004AEC0C3E6E907DBF86CF093ECCAB7DBFB7
:1080C0006EB2063E8CC67DBF0295033EB1E07DBF19
:1080D0004577003E38FA7DBF73B2FA3D24137EBF68
:1080E000C075F43D722B7EBF7638EE3D23437EBFD4
:1080F0009AFAE73D385A7EBF2EBCE13DB0707EBF94
:10810000377DDB3D8B867EBFB93DD53DC99B7EBFAC
:10811000B7FDCE3D69B07EBF36BDC83D6DC47EBFE4
:10812000397CC23DD4D77EBFC33ABC3D9DEA7EBFF9
:10813000DAF8B53DC9FC7EBF80B6AF3D580E7FBFB3
:10814000BA73A93D491F7FBF8C30A33D9D2F7FBFD0
:10815000F9EC9C3D543F7FBF05A9963D6D4E7FBF16
:10816000B464903DE95C7FBF0A208A3DC76A7FBF47
:108170000ADB833D08787FBF742B7B3DAB847FBFD8
:1081800038A06E3DB1907FBF6814623D189C7FBFE0
:108190000E88553DE3A67FBF2FFB483D0FB17FBF43
:1081A000D56D3C3D9EBA7FBF07E02F3D8FC37FBF9B
:1081B000CC51233DE2CB7FBF2CC3163D98D37FBF6C
:1081C0002F340A3DAFDA7FBFB949FB3C29E17FBFBD
:1081D0007B2AE23C05E77FBFB00AC93C43EC7FBF86
:1081E00069EAAF3CE3F07FBFB6C9963CE6F47FBFD7
:1081F0004B517B3C4AF87FBF900E493C11FB7FBF3F
:1082000059CB163C39FD7FBF890FC93BC4FE7FBFE8
:10821000C70F493BB1FF7FBF0800001010000002EC
:10822000180000122000000428000014300000068E
:108230003800001640000008480000185000000AEE
:108240005800001A6000000C6800001C7000000E4E
:108250007800001E80000008880040109000400256
:1082600098004012A0004004A8004014B00040064E
:10827000B8004016C0004008C8004018D000400AAE
:10828000D800401AE000400CE800401CF000400E0E
:10829000F800401E00010008080180101001800253
:1082A000180180122001800428018014300180060A
:1082B0003801801640018008480180185001800A6A
:1082C0005801801A6001800C6801801C7001800ECA
:1082D0007801801E800140088801C0109001C00212
:1082E0009801C012A001C004A801C014B001C006CA
:1082F000B801C016C001C008C801C018D001C00A2A
:10830000D801C01AE001C00CE801C01CF001C00E89
:10831000F801C01E0002000808020011100200034C
:108320001802001320020005280200153002000781
:108330003802001740020009480200195002000BE1
:108340005802001B6002000D6802001D7002000F41
:108350007802001F800280088802401190024003CA
:1083600098024013A0024005A8024015B002400741
:10837000B8024017C0024009C8024019D002400BA1
:10838000D802401BE002400DE802401DF002400F01
:10839000F802401F00034008080380111003800307
:1083A00018038013200380052803801530038007FD
:1083B0003803801740038009480380195003800B5D
:1083C0005803801B6003800D6803801D7003800FBD
:1083D0007803801F8003C0088803C0119003C00386
:1083E0009803C013A003C005A803C015B003C007BD
:1083F000B803C017C003C009C803C019D003C00B1D
:10840000D803C01BE003C00DE803C01DF003C00F7C
:10841000F803C01F00040010080408101004001125
:108420001804081220040810280408143004080650
:108430003804081640040808480408185004080ABC
:108440005804081A6004080C6804081C7004080E1C
:108450007804081E8004001888044810900400194D
:1084600098044812A0040818A8044814B004480648
:10847000B8044816C0044808C8044818D004480A7C
:10848000D804481AE004480CE804481CF004480EDC
:10849000F804481E0005401008058810100540111A
:1084A000180588122005481028058814300588060C
:1084B0003805881640058808480588185005880A38
:1084C0005805881A6005880C6805881C7005880E98
:1084D0007805881E800540188805C8109005401949
:1084E0009805C812A0054818A805C814B005C80604
:1084F000B805C816C005C808C805C818D005C80AF8
:10850000D805C81AE005C80CE805C81CF005C80E57
:10851000F805C81E00068010080608111006801114
:1085200018060813200688102806081530060807C4
:108530003806081740060809480608195006080BAF
:108540005806081B6006080D6806081D7006080F0F
:108550007806081F80068018880648119006801942
:1085600098064813A0068818A8064815B0064807BC
:10857000B8064817C0064809C8064819D006480B6F
:10858000D806481BE006480DE806481DF006480FCF
:10859000F806481F0007C010080788111007C0110F
:1085A000180788132007C810280788153007880780
:1085B0003807881740078809480788195007880B2B
:1085C0005807881B6007880D6807881D7007880F8B
:1085D0007807881F8007C0188807C8119007C0193E
:1085E0009807C813A007C818A807C815B007C80778
:1085F000B807C817C007C809C807C819D007C80BEB
:10860000D807C81BE007C80DE807C81DF007C80F4A
:10861000F807C81F080810101008400818081012A2
:10862000200800112808101430088011380810168E
:10863000480810185008100A5808101A6008100C42
:108640006808101C7008100E7808101E8008000AB8
:10865000880850109008000B98085012A008080ACB
:10866000A8085014B008080BB8085016C008100A23
:10867000C8085018D008500AD808501AE008500C02
:10868000E808501CF008500EF808501E0809901019
:10869000100980091809901220090019280990145E
:1086A00030098019380990164009000B48099018C4
:1086B0005009900A5809901A6009900C6809901C9A
:1086C0007009900E7809901E8009400A8809D01020
:1086D0009009400B9809D012A009480AA809D014A3
:1086E000B009480BB809D016C009500AC809D018FB
:1086F000D009D00AD809D01AE009D00CE809D01C5A
:10870000F009D00EF809D01E080A1011180A10132B
:10871000200A4011280A1015300AC011380A101713
:10872000480A1019500A100B580A101B600A100D45
:10873000680A101D700A100F780A101F880A50115D
:10874000900A800B980A5013A00A5011A80A5015DD
:10875000B00A880BB80A5017C00A800BC80A501913
:10876000D00A500BD80A501BE00A500DE80A501DE1
:10877000F00A500FF80A501F080B9011180B9013B5
:10878000200B4019280B9015300BC019380B90178F
:10879000480B9019500B900B580B901B600B900DD1
:1087A000680B901D700B900F780B901F880BD011E9
:1087B000900BC00B980BD013A00B5019A80BD01521
:1087C000B00BC80BB80BD017C80BD019D80BD01BE7
:1087D000E00BD00DE80BD01DF00BD00FF80BD01F25
:1087E000000C0012080C1810100C0013180C1812B2
:1087F000200C0812280C1814300C0813380C18160A
:10880000400C1012480C1818500C1013580C181A61
:10881000600C1812680C181C700C180E780C181EBE
:10882000800C001A880C5810900C001B980C5812E1
:10883000A00C081AA80C5814B00C081BB80C581639
:10884000C00C101AC80C5818D00C101BD80C581A91
:10885000E00C181AE80C581CF00C580EF80C581EB6
:10886000000D4012080D9810100D4013180D9812AD
:10887000200D4812280D9814300D4813380D981605
:10888000400D5012480D9818500D5013580D981A5D
:10889000600D5812680D981C700D980E780D981E7A
:1088A000800D401A880DD810900D401B980DD812DD
:1088B000A00D481AA80DD814B00D481BB80DD81635
:1088C000C00D501AC80DD818D00D501BD80DD81A8D
:1088D000E00D581AE80DD81CF00DD80EF80DD81E72
:1088E000000E8012080E1811100E8013180E1813A7
:1088F000200E8812280E1815300E8813380E1817FF
:10890000400E9012480E1819500E9013580E181B56
:10891000600E9812680E181D700E180F780E181F32
:10892000800E801A880E5811900E801B980E5813D6
:10893000A00E881AA80E5815B00E881BB80E58172E
:10894000C00E901AC80E5819D00E901BD80E581B86
:10895000E00E981AE80E581DF00E580FF80E581F2A
:10896000000FC012080F9811100FC013180F9813A2
:10897000200FC812280F9815300FC813380F9817FA
:10898000400FD012480F9819500FD013580F981B52
:10899000600FD812680F981D700F980F780F981FEE
:1089A000800FC01A880FD811900FC01B980FD813D2
:1089B000A00FC81AA80FD815B00FC81BB80FD8172A
:1089C000C00FD01AC80FD819D00FD01BD80FD81B82
:1089D000E00FD81AE80FD81DF00FD81BF80FD81FDA
:1089E0000810201010104010181020122810201409
:1089F0003010881038102016401000114810201830
:108A0000501040115810201A601008126810201CD5
:108A1000701088127810201E801000128810081222
:108A20009010401298106012A0102012A81060142C
:108A3000B0106012B8106016C0100013C810601893
:108A4000D0104013D810601AE0101812E810601C03
:108A5000F0109812F810601E081120121011401129
:108A60001811A012201108182811A014301188180C
:108A70003811A0164811A0185811A01A6011081A30
:108A80006811A01C7011881A7811A01E8011101294
:108A900088111812901150129811E012A011181894
:108AA000A811E014B0119818B811E016C0111013F5
:108AB000C811E018D0115013D811E01AE011181A9B
:108AC000E811E01CF011981AF811E01E00120018CD
:108AD000081208181012401818122013201220181B
:108AE0002812201530126018381220174012001971
:108AF00048122019501240195812201B60122019D8
:108B00006812201D7012C8127812201F8012001ADD
:108B10008812081A9012401A98126013A012201A94
:108B2000A8126015B012601AB8126017C012001BAC
:108B3000C8126019D012401BD812601BE012201B13
:108B4000E812601DF012601BF812601F001310186D
:108B500008131818101350181813A01320134818CE
:108B60002813A0153013C8183813A0174013101974
:108B70004813A019501350195813A01B6013481A1A
:108B80006813A01D7013C81A7813A01F8013101A41
:108B90008813181A9013501A9813E013A01358183A
:108BA000A813E015B013D818B813E017C013101BA2
:108BB000C813E019D013501BD813E01BE013581A48
:108BC000E813E01DF013D81AF813E01F081420145E
:108BD0001014001518142015301408153814281610
:108BE0004014001548142818501410155814281A49
:108BF000601420156814281C701418157814281E89
:108C00008014001C8814201C9014001D9814201D32
:108C1000A014081CA814281CB014081DB814681649
:108C2000C014101CC8146818D014101DD814681A69
:108C3000E014181CE814681CF014181DF814681EC1
:108C40000815201510154015181560152015281841
:108C50002815281C301548153815A8164815A818C9
:108C60005815A81A6015281A6815A81C7015A81A96
:108C70007815A81E8015401C8815601C9015401D95
:108C80009815601DA015481CA815681CB015481D36
:108C9000B815E816C015501CC815E818D015501D99
:108CA000D815E81AE015581CE815E81CF015581DF1
:108CB000F815E81E0016001C0816081C1016401CAB
:108CC0001816481C2016201C2816281C3016601C5C
:108CD000381628174016001D481628195016401D32
:108CE0005816281B6016201D6816281D7016601D5A
:108CF0007816281F8016801C8816A01C9016801DD0
:108D00009816A01DA016881CA816A81CB016881DB1
:108D1000B8166817C016901CC8166819D016901D92
:108D2000D816681BE016981CE816681DF016981DEA
:108D3000F816681F0017101C0817181C1017501C75
:108D40001817581C201768182817681C3017E818BF
:108D50003817A8174017101D4817A8195017501D8D
:108D60005817A81B6017681A6817A81D7017E81A0B
:108D70007817A81F8017C01C8817E01C9017C01D0B
:108D80009817E01DA017C81CA817E81CB017C81D2D
:108D9000B817E817C017D01CC817E819D017D01D8E
:108DA000D817E81BE017D81CE817E81DF017D81DE6
:108DB000F817E81F18186018301848183818601C81
:108DC0005818301A6818301C7018181A7818301E85
:108DD0008018001A8818081A9018001B9818601933
:108DE000A018201AA818281AB018201BB818601D3F
:108DF000C018101AC818181AD018101BD818701AD2
:108E0000E018301AE818701CF018581AF818701E7C
:108E1000081920191819601A2819081D30198819FD
:108E20003819881D4819201B5819B01A6019081BD9
:108E30006819B01C7019881B7819B01E8019401A67
:108E40008819481A9019401B9819601BA019601ABC
:108E5000A819181DB019601BB819981DC019501A0F
:108E6000C819581AD019501BD819F01AE019181B34
:108E7000E819F01CF019981BF819F01E381A701C2C
:108E8000581A301B681A301D701A181B781A301FB8
:108E9000901AC01A981AC81AB01AE01AB81AE81A22
:108EA000C01A801BC81A881BD01AC01BD81A701B86
:108EB000E01AA01BE81A701DF01AE01BF81A701FC8
:108EC000281B481D381BC81D481B601B581BB01BA6
:108ED000681BB01D701BC81B781BB01F901BC01BEC
:108EE000981BC81BA81B581DB01BE01BB81BD81D26
:108EF000D81BF01BE81BF01DF81BF01F081C201CE2
:108F0000181C301C381C681C481C601C581C701C29
:108F1000781C381E801C001E881C201E901C001F00
:108F2000981C201FA01C081EA81C281EB01C081F6F
:108F3000B81C281FC01C101EC81C301ED01C101FBF
:108F4000D81C301FE01C181EE81C381EF01C181F0F
:108F5000F81C781E081D201D181D301D381DA81D69
:108F6000481D601D581D701D681D281F781DB81EE6
:108F7000801D401E881D601E901D401F981D601F93
:108F8000A01D481EA81D681EB01D481FB81D681FE3
:108F9000C01D501EC81D701ED01D501FD81D701F33
:108FA000E01D581EE81D781EF01D581FF81DF81E04
:108FB000081E201E181E301E481E601E581E701EE1
:108FC000781E381F881EA01E901E801F981EA01F8E
:108FD000B01E881FB81EA81FC01E801FC81E881F75
:108FE000D01E901FD81EB01FE01EA01FE81EA81F95
:108FF000F01E981FF81E781F081F201F181F301F13
:10900000481F601F581F701F781FB81F881FA01FA0
:10901000901FC01F981FE01FB01FC81FB81FE81F78
:10902000C81FE01FD81FF01F0000803F0000000095
:10903000C4FE7F3F890FC93B11FB7F3F900E493C27
:10904000E6F47F3FB6C9963C43EC7F3FB00AC93C8B
:1090500029E17F3FB949FB3C98D37F3F2CC3163DA4
:109060008FC37F3F07E02F3D0FB17F3F2FFB483D70
:10907000189C7F3F6814623DAB847F3F742B7B3D1F
:10908000C76A7F3F0A208A3D6D4E7F3F05A9963D06
:109090009D2F7F3F8C30A33D580E7F3F80B6AF3D64
:1090A0009DEA7E3FC33ABC3D6DC47E3F36BDC83DA0
:1090B000C99B7E3FB93DD53DB0707E3F2EBCE13DA2
:1090C00023437E3F7638EE3D24137E3F73B2FA3D54
:1090D000B1E07D3F0295033ECCAB7D3F86CF093E9C
:1090E00074747D3FB708103EAC3A7D3F8340163E16
:1090F00073FE7C3FDE761C3EC9BF7C3FB6AB223E92
:10910000B07E7C3FFCDE283E283B7C3FA2102F3EF9
:1091100031F57B3F9840353ECDAC7B3FCF6E3B3E3B
:10912000FC617B3F379B413EBE147B3FC2C5473E3F
:1091300016C57A3F60EE4D3E02737A3F0115543EEC
:10914000841E7A3F97395A3E9DC7793F135C603E33
:109150004E6E793F667C663E9812793F7F9A6C3EF0
:109160007BB4783F51B6723EF853783FCCCF783E0F
:1091700010F1773FE1E67E3EC58B773FC07D823EB2
:109180001724773FCE86853E07BA763F938E883E7A
:10919000974D763F07958B3EC6DE753F229A8E3EF1
:1091A000976D753FDD9D913E0BFA743F31A0943E63
:1091B0002284743F17A1973EDD0B743F86A09A3E30
:1091C0003F91733F789E9D3E4714733FE59AA03EC2
:1091D000F894723FC595A33E5213723F128FA63E7C
:1091E000578F713FC486A93E0809713FD47CAC3EBD
:1091F0006680703F3A71AF3E73F56F3FEF63B23EEA
:1092000030686F3FEC54B53E9ED86E3F2A44B83E5E
:10921000BE466E3FA031BB3E93B26D3F4A1DBE3E7F
:109220001D1C6D3F1E07C13E5E836C3F15EFC33EA4
:1092300058E86B3F29D5C63E0C4B6B3F53B9C93E2E
:109240007BAB6A3F8B9BCC3EA7096A3FCA7BCF3E74
:109250009165693F095AD23E3CBF683F4136D53ED1
:10926000A816683F6B10D83ED86B673F80E8DA3E9F
:10927000CCBE663F79BEDD3E880F663F4F92E03E32
:109280000B5E653FFA63E33E59AA643F7533E63EE1
:1092900073F4633FB700E93E5A3C633FBBCBEB3E00
:1092A0001082623F7994EE3E98C5613FEA5AF13EE2
:1092B000F206613F071FF43E2146603FCBE0F63ED9
:1092C00027835F3F2DA0F93E05BE5E3F275DFC3E34
:1092D000BEF65D3FB217FF3E532D5D3FE4E7003F12
:1092E000C7615C3FB142023F1A945B3F3D9C033F24
:1092F00050C45A3F84F4043F6AF2593F824B063F00
:109300006A1E593F36A1073F5348583F9BF5083F17
:109310002670573FAD480A3FE595563F6B9A0B3F85
:1093200093B9553FD0EA0C3F31DB543FDA390E3F59
:10933000C3FA533F84870F3F4918533FCDD3103FA3
:10934000C633523FB01E123F3D4D513F2A68133F76
:10935000AF64503F39B0143F1F7A4F3FD9F6153FE5
:10936000908D4E3F073C173F029F4D3FC07F183FF7
:1093700079AE4C3F00C2193FF8BB4B3FC6021B3FC2
:109380007FC74A3F0C421C3F12D1493FD17F1D3F4E
:10939000B3D8483F12BC1E3F65DE473FCBF61F3FA8
:1093A0002AE2463FF92F213F03E4453F9967223FD8
:1093B000F5E3443FA99D233F00E2433F25D2243FEC
:1093C00029DE423F0A05263F70D8413F5636273FE7
:1093D000DAD0403F0566283F67C73F3F1594293FD5
:1093E0001BBC3E3F82C02A3FF9AE3D3F4AEB2B3FBC
:1093F00003A03C3F69142D3F3B8F3B3FDE3B2E3F9C
:10940000A47C3A3FA5612F3F4268393FBB85303F7E
:109410001652383F1DA8313F233A373FC9C8323F63
:109420006C20363FBCE7333FF304353FF304353F50
:10943000BCE7333F6C20363FC9C8323F233A373F41
:109440001DA8313F1652383FBB85303F4268393F37
:10945000A5612F3FA47C3A3FDE3B2E3F3B8F3B3F35
:1094600069142D3F03A03C3F4AEB2B3FF9AE3D3F33
:1094700082C02A3F1BBC3E3F1594293F67C73F3F30
:109480000566283FDAD0403F5636273F70D8413F27
:109490000A05263F29DE423F25D2243F00E2433F12
:1094A000A99D233FF5E3443F9967223F03E4453FED
:1094B000F92F213F2AE2463FCBF61F3F65DE473FAB
:1094C00012BC1E3FB3D8483FD17F1D3F12D1493F48
:1094D0000C421C3F7FC74A3FC6021B3FF8BB4B3FB5
:1094E00000C2193F79AE4C3FC07F183F029F4D3FED
:1094F000073C173F908D4E3FD9F6153F1F7A4F3FDF
:1095000039B0143FAF64503F2A68133F3D4D513F7F
:10951000B01E123FC633523FCDD3103F4918533FC0
:1095200084870F3FC3FA533FDA390E3F31DB543F94
:10953000D0EA0C3F93B9553F6B9A0B3FE595563FE8
:10954000AD480A3F2670573F9BF5083F5348583FA8
:1095500036A1073F6A1E593F824B063F6AF2593FC8
:1095600084F4043F50C45A3F3D9C033F1A945B3F30
:10957000B142023FC7615C3FE4E7003F532D5D3FCE
:10958000B217FF3EBEF65D3F275DFC3E05BE5E3F67
:109590002DA0F93E27835F3FCBE0F63E2146603F9A
:1095A000071FF43EF206613FEA5AF13E98C5613F5B
:1095B0007994EE3E1082623FBBCBEB3E5A3C633F58
:1095C000B700E93E73F4633F7533E63E59AA643F42
:1095D000FA63E33E0B5E653F4F92E03E880F663FC5
:1095E00079BEDD3ECCBE663F80E8DA3ED86B673F91
:1095F0006B10D83EA816683F4136D53E3CBF683F49
:10960000095AD23E9165693FCA7BCF3EA7096A3F9E
:109610008B9BCC3E7BAB6A3F53B9C93E0C4B6B3F37
:1096200029D5C63E58E86B3F15EFC33E5E836C3FBD
:109630001E07C13E1D1C6D3F4A1DBE3E93B26D3FCD
:10964000A031BB3EBE466E3F2A44B83E9ED86E3F18
:10965000EC54B53E30686F3FEF63B23E73F56F3F39
:109660003A71AF3E6680703FD47CAC3E0809713FD2
:10967000C486A93E578F713F128FA63E5213723F88
:10968000C595A33EF894723FE59AA03E4714733FF8
:10969000789E9D3E3F91733F86A09A3EDD0B743FBE
:1096A00017A1973E2284743F31A0943E0BFA743F79
:1096B000DD9D913E976D753F229A8E3EC6DE753FC9
:1096C00007958B3E974D763F938E883E07BA763F3F
:1096D000CE86853E1724773FC07D823EC58B773F7F
:1096E000E1E67E3E10F1773FCCCF783EF853783FED
:1096F00051B6723E7BB4783F7F9A6C3E9812793FA8
:10970000667C663E4E6E793F135C603E9DC7793F36
:1097100097395A3E841E7A3F0115543E02737A3FB0
:1097200060EE4D3E16C57A3FC2C5473EBE147B3F34
:10973000379B413EFC617B3FCF6E3B3ECDAC7B3FD8
:109740009840353E31F57B3FA2102F3E283B7C3FB1
:10975000FCDE283EB07E7C3FB6AB223EC9BF7C3FDC
:10976000DE761C3E73FE7C3F8340163EAC3A7D3F66
:10977000B708103E74747D3F86CF093ECCAB7D3F69
:109780000295033EB1E07D3F73B2FA3D24137E3F64
:109790007638EE3D23437E3F2EBCE13DB0707E3FE8
:1097A000B93DD53DC99B7E3F36BDC83D6DC47E3FAA
:1097B000C33ABC3D9DEA7E3F80B6AF3D580E7F3F29
:1097C0008C30A33D9D2F7F3F05A9963D6D4E7F3F79
:1097D0000A208A3DC76A7F3F742B7B3DAB847F3F65
:1097E0006814623D189C7F3F2FFB483D0FB17F3FBF
:1097F00007E02F3D8FC37F3F2CC3163D98D37F3F9B
:10980000B949FB3C29E17F3FB00AC93C43EC7F3FAB
:10981000B6C9963CE6F47F3F900E493C11FB7F3F72
:10982000890FC93BC4FE7F3F000000000000803F5D
:10983000890FC9BBC4FE7F3F900E49BC11FB7F3F1F
:10984000B6C996BCE6F47F3FB00AC9BC43EC7F3F83
:10985000B949FBBC29E17F3F2CC316BD98D37F3F9C
:1098600007E02FBD8FC37F3F2FFB48BD0FB17F3F68
:10987000681462BD189C7F3F742B7BBDAB847F3F17
:109880000A208ABDC76A7F3F05A996BD6D4E7F3FFE
:109890008C30A3BD9D2F7F3F80B6AFBD580E7F3F5C
:1098A000C33ABCBD9DEA7E3F36BDC8BD6DC47E3F98
:1098B000B93DD5BDC99B7E3F2EBCE1BDB0707E3F9A
:1098C0007638EEBD23437E3F73B2FABD24137E3F4C
:1098D000029503BEB1E07D3F86CF09BECCAB7D3F94
:1098E000B70810BE74747D3F834016BEAC3A7D3F0E
:1098F000DE761CBE73FE7C3FB6AB22BEC9BF7C3F8A
:10990000FCDE28BEB07E7C3FA2102FBE283B7C3FF1
:10991000984035BE31F57B3FCF6E3BBECDAC7B3F33
:10992000379B41BEFC617B3FC2C547BEBE147B3F37
:1099300060EE4DBE16C57A3F011554BE02737A3FE4
:1099400097395ABE841E7A3F135C60BE9DC7793F2B
:10995000667C66BE4E6E793F7F9A6CBE9812793FE8
:1099600051B672BE7BB4783FCCCF78BEF853783F07
:10997000E1E67EBE10F1773FC07D82BEC58B773FAA
:10998000CE8685BE1724773F938E88BE07BA763F72
:1099900007958BBE974D763F229A8EBEC6DE753FE9
:1099A000DD9D91BE976D753F31A094BE0BFA743F5B
:1099B00017A197BE2284743F86A09ABEDD0B743F28
:1099C000789E9DBE3F91733FE59AA0BE4714733FBA
:1099D000C595A3BEF894723F128FA6BE5213723F74
:1099E000C486A9BE578F713FD47CACBE0809713FB5
:1099F0003A71AFBE6680703FEF63B2BE73F56F3FE2
:109A0000EC54B5BE30686F3F2A44B8BE9ED86E3F56
:109A1000A031BBBEBE466E3F4A1DBEBE93B26D3F77
:109A20001E07C1BE1D1C6D3F15EFC3BE5E836C3F9C
:109A300029D5C6BE58E86B3F53B9C9BE0C4B6B3F26
:109A40008B9BCCBE7BAB6A3FCA7BCFBEA7096A3F6C
:109A5000095AD2BE9165693F4136D5BE3CBF683FC9
:109A60006B10D8BEA816683F80E8DABED86B673F97
:109A700079BEDDBECCBE663F4F92E0BE880F663F2A
:109A8000FA63E3BE0B5E653F7533E6BE59AA643FD9
:109A9000B700E9BE73F4633FBBCBEBBE5A3C633FF8
:109AA0007994EEBE1082623FEA5AF1BE98C5613FDA
:109AB000071FF4BEF206613FCBE0F6BE2146603FD1
:109AC0002DA0F9BE27835F3F275DFCBE05BE5E3F2C
:109AD000B217FFBEBEF65D3FE4E700BF532D5D3F0A
:109AE000B14202BFC7615C3F3D9C03BF1A945B3F1C
:109AF00084F404BF50C45A3F824B06BF6AF2593FF8
:109B000036A107BF6A1E593F9BF508BF5348583F0F
:109B1000AD480ABF2670573F6B9A0BBFE595563F7D
:109B2000D0EA0CBF93B9553FDA390EBF31DB543F51
:109B300084870FBFC3FA533FCDD310BF4918533F9B
:109B4000B01E12BFC633523F2A6813BF3D4D513F6E
:109B500039B014BFAF64503FD9F615BF1F7A4F3FDD
:109B6000073C17BF908D4E3FC07F18BF029F4D3FEF
:109B700000C219BF79AE4C3FC6021BBFF8BB4B3FBA
:109B80000C421CBF7FC74A3FD17F1DBF12D1493F46
:109B900012BC1EBFB3D8483FCBF61FBF65DE473FA0
:109BA000F92F21BF2AE2463F996722BF03E4453FD0
:109BB000A99D23BFF5E3443F25D224BF00E2433FE4
:109BC0000A0526BF29DE423F563627BF70D8413FDF
:109BD000056628BFDAD0403F159429BF67C73F3FCD
:109BE00082C02ABF1BBC3E3F4AEB2BBFF9AE3D3FB4
:109BF00069142DBF03A03C3FDE3B2EBF3B8F3B3F94
:109C0000A5612FBFA47C3A3FBB8530BF4268393F76
:109C10001DA831BF1652383FC9C832BF233A373F5B
:109C2000BCE733BF6C20363FF30435BFF304353F48
:109C30006C2036BFBCE7333F233A37BFC9C8323F39
:109C4000165238BF1DA8313F426839BFBB85303F2F
:109C5000A47C3ABFA5612F3F3B8F3BBFDE3B2E3F2D
:109C600003A03CBF69142D3FF9AE3DBF4AEB2B3F2B
:109C70001BBC3EBF82C02A3F67C73FBF1594293F28
:109C8000DAD040BF0566283F70D841BF5636273F1F
:109C900029DE42BF0A05263F00E243BF25D2243F0A
:109CA000F5E344BFA99D233F03E445BF9967223FE5
:109CB0002AE246BFF92F213F65DE47BFCBF61F3FA3
:109CC000B3D848BF12BC1E3F12D149BFD17F1D3F40
:109CD0007FC74ABF0C421C3FF8BB4BBFC6021B3FAD
:109CE00079AE4CBF00C2193F029F4DBFC07F183FE5
:109CF000908D4EBF073C173F1F7A4FBFD9F6153FD7
:109D0000AF6450BF39B0143F3D4D51BF2A68133F77
:109D1000C63352BFB01E123F491853BFCDD3103FB8
:109D2000C3FA53BF84870F3F31DB54BFDA390E3F8C
:109D300093B955BFD0EA0C3FE59556BF6B9A0B3FE0
:109D4000267057BFAD480A3F534858BF9BF5083FA0
:109D50006A1E59BF36A1073F6AF259BF824B063FC0
:109D600050C45ABF84F4043F1A945BBF3D9C033F28
:109D7000C7615CBFB142023F532D5DBFE4E7003FC6
:109D8000BEF65DBFB217FF3E05BE5EBF275DFC3E5F
:109D900027835FBF2DA0F93E214660BFCBE0F63E92
:109DA000F20661BF071FF43E98C561BFEA5AF13E53
:109DB000108262BF7994EE3E5A3C63BFBBCBEB3E50
:109DC00073F463BFB700E93E59AA64BF7533E63E3A
:109DD0000B5E65BFFA63E33E880F66BF4F92E03EBD
:109DE000CCBE66BF79BEDD3ED86B67BF80E8DA3E89
:109DF000A81668BF6B10D83E3CBF68BF4136D53E41
:109E0000916569BF095AD23EA7096ABFCA7BCF3E96
:109E10007BAB6ABF8B9BCC3E0C4B6BBF53B9C93E2F
:109E200058E86BBF29D5C63E5E836CBF15EFC33EB5
:109E30001D1C6DBF1E07C13E93B26DBF4A1DBE3EC5
:109E4000BE466EBFA031BB3E9ED86EBF2A44B83E10
:109E500030686FBFEC54B53E73F56FBFEF63B23E31
:109E6000668070BF3A71AF3E080971BFD47CAC3ECA
:109E7000578F71BFC486A93E521372BF128FA63E80
:109E8000F89472BFC595A33E471473BFE59AA03EF0
:109E90003F9173BF789E9D3EDD0B74BF86A09A3EB6
:109EA000228474BF17A1973E0BFA74BF31A0943E71
:109EB000976D75BFDD9D913EC6DE75BF229A8E3EC1
:109EC000974D76BF07958B3E07BA76BF938E883E37
:109ED000172477BFCE86853EC58B77BFC07D823E77
:109EE00010F177BFE1E67E3EF85378BFCCCF783EE5
:109EF0007BB478BF51B6723E981279BF7F9A6C3EA0
:109F00004E6E79BF667C663E9DC779BF135C603E2E
:109F1000841E7ABF97395A3E02737ABF0115543EA8
:109F200016C57ABF60EE4D3EBE147BBFC2C5473E2C
:109F3000FC617BBF379B413ECDAC7BBFCF6E3B3ED0
:109F400031F57BBF9840353E283B7CBFA2102F3EA9
:109F5000B07E7CBFFCDE283EC9BF7CBFB6AB223ED4
:109F600073FE7CBFDE761C3EAC3A7DBF8340163E5E
:109F700074747DBFB708103ECCAB7DBF86CF093E61
:109F8000B1E07DBF0295033E24137EBF73B2FA3D5C
:109F900023437EBF7638EE3DB0707EBF2EBCE13DE0
:109FA000C99B7EBFB93DD53D6DC47EBF36BDC83DA2
:109FB0009DEA7EBFC33ABC3D580E7FBF80B6AF3D21
:109FC0009D2F7FBF8C30A33D6D4E7FBF05A9963D71
:109FD000C76A7FBF0A208A3DAB847FBF742B7B3D5D
:109FE000189C7FBF6814623D0FB17FBF2FFB483DB7
:109FF0008FC37FBF07E02F3D98D37FBF2CC3163D93
:10A0000029E17FBFB949FB3C43EC7FBFB00AC93CA3
:10A01000E6F47FBFB6C9963C11FB7FBF900E493C6A
:10A02000C4FE7FBF890FC93B000080BF0000000055
:10A03000C4FE7FBF890FC9BB11FB7FBF900E49BC17
:10A04000E6F47FBFB6C996BC43EC7FBFB00AC9BC7B
:10A0500029E17FBFB949FBBC98D37FBF2CC316BD94
:10A060008FC37FBF07E02FBD0FB17FBF2FFB48BD60
:10A07000189C7FBF681462BDAB847FBF742B7BBD0F
:10A08000C76A7FBF0A208ABD6D4E7FBF05A996BDF6
:10A090009D2F7FBF8C30A3BD580E7FBF80B6AFBD54
:10A0A0009DEA7EBFC33ABCBD6DC47EBF36BDC8BD90
:10A0B000C99B7EBFB93DD5BDB0707EBF2EBCE1BD92
:10A0C00023437EBF7638EEBD24137EBF73B2FABD44
:10A0D000B1E07DBF029503BECCAB7DBF86CF09BE8C
:10A0E00074747DBFB70810BEAC3A7DBF834016BE06
:10A0F00073FE7CBFDE761CBEC9BF7CBFB6AB22BE82
:10A10000B07E7CBFFCDE28BE283B7CBFA2102FBEE9
:10A1100031F57BBF984035BECDAC7BBFCF6E3BBE2B
:10A12000FC617BBF379B41BEBE147BBFC2C547BE2F
:10A1300016C57ABF60EE4DBE02737ABF011554BEDC
:10A14000841E7ABF97395ABE9DC779BF135C60BE23
:10A150004E6E79BF667C66BE981279BF7F9A6CBEE0
:10A160007BB478BF51B672BEF85378BFCCCF78BEFF
:10A1700010F177BFE1E67EBEC58B77BFC07D82BEA2
:10A18000172477BFCE8685BE07BA76BF938E88BE6A
:10A19000974D76BF07958BBEC6DE75BF229A8EBEE1
:10A1A000976D75BFDD9D91BE0BFA74BF31A094BE53
:10A1B000228474BF17A197BEDD0B74BF86A09ABE20
:10A1C0003F9173BF789E9DBE471473BFE59AA0BEB2
:10A1D000F89472BFC595A3BE521372BF128FA6BE6C
:10A1E000578F71BFC486A9BE080971BFD47CACBEAD
:10A1F000668070BF3A71AFBE73F56FBFEF63B2BEDA
:10A2000030686FBFEC54B5BE9ED86EBF2A44B8BE4E
:10A21000BE466EBFA031BBBE93B26DBF4A1DBEBE6F
:10A220001D1C6DBF1E07C1BE5E836CBF15EFC3BE94
:10A2300058E86BBF29D5C6BE0C4B6BBF53B9C9BE1E
:10A240007BAB6ABF8B9BCCBEA7096ABFCA7BCFBE64
:10A25000916569BF095AD2BE3CBF68BF4136D5BEC1
:10A26000A81668BF6B10D8BED86B67BF80E8DABE8F
:10A27000CCBE66BF79BEDDBE880F66BF4F92E0BE22
:10A280000B5E65BFFA63E3BE59AA64BF7533E6BED1
:10A2900073F463BFB700E9BE5A3C63BFBBCBEBBEF0
:10A2A000108262BF7994EEBE98C561BFEA5AF1BED2
:10A2B000F20661BF071FF4BE214660BFCBE0F6BEC9
:10A2C00027835FBF2DA0F9BE05BE5EBF275DFCBE24
:10A2D000BEF65DBFB217FFBE532D5DBFE4E700BF02
:10A2E000C7615CBFB14202BF1A945BBF3D9C03BF14
:10A2F00050C45ABF84F404BF6AF259BF824B06BFF0
:10A300006A1E59BF36A107BF534858BF9BF508BF07
:10A31000267057BFAD480ABFE59556BF6B9A0BBF75
:10A3200093B955BFD0EA0CBF31DB54BFDA390EBF49
:10A33000C3FA53BF84870FBF491853BFCDD310BF93
:10A34000C63352BFB01E12BF3D4D51BF2A6813BF66
:10A35000AF6450BF39B014BF1F7A4FBFD9F615BFD5
:10A36000908D4EBF073C17BF029F4DBFC07F18BFE7
:10A3700079AE4CBF00C219BFF8BB4BBFC6021BBFB2
:10A380007FC74ABF0C421CBF12D149BFD17F1DBF3E
:10A39000B3D848BF12BC1EBF65DE47BFCBF61FBF98
:10A3A0002AE246BFF92F21BF03E445BF996722BFC8
:10A3B000F5E344BFA99D23BF00E243BF25D224BFDC
:10A3C00029DE42BF0A0526BF70D841BF563627BFD7
:10A3D000DAD040BF056628BF67C73FBF159429BFC5
:10A3E0001BBC3EBF82C02ABFF9AE3DBF4AEB2BBFAC
:10A3F00003A03CBF69142DBF3B8F3BBFDE3B2EBF8C
:10A40000A47C3ABFA5612FBF426839BFBB8530BF6E
:10A41000165238BF1DA831BF233A37BFC9C832BF53
:10A420006C2036BFBCE733BFF30435BFF30435BF40
:10A43000BCE733BF6C2036BFC9C832BF233A37BF31
:10A440001DA831BF165238BFBB8530BF426839BF27
:10A45000A5612FBFA47C3ABFDE3B2EBF3B8F3BBF25
:10A4600069142DBF03A03CBF4AEB2BBFF9AE3DBF23
:10A4700082C02ABF1BBC3EBF159429BF67C73FBF20
:10A48000056628BFDAD040BF563627BF70D841BF17
:10A490000A0526BF29DE42BF25D224BF00E243BF02
:10A4A000A99D23BFF5E344BF996722BF03E445BFDD
:10A4B000F92F21BF2AE246BFCBF61FBF65DE47BF9B
:10A4C00012BC1EBFB3D848BFD17F1DBF12D149BF38
:10A4D0000C421CBF7FC74ABFC6021BBFF8BB4BBFA5
:10A4E00000C219BF79AE4CBFC07F18BF029F4DBFDD
:10A4F000073C17BF908D4EBFD9F615BF1F7A4FBFCF
:10A5000039B014BFAF6450BF2A6813BF3D4D51BF6F
:10A51000B01E12BFC63352BFCDD310BF491853BFB0
:10A5200084870FBFC3FA53BFDA390EBF31DB54BF84
:10A53000D0EA0CBF93B955BF6B9A0BBFE59556BFD8
:10A54000AD480ABF267057BF9BF508BF534858BF98
:10A5500036A107BF6A1E59BF824B06BF6AF259BFB8
:10A5600084F404BF50C45ABF3D9C03BF1A945BBF20
:10A57000B14202BFC7615CBFE4E700BF532D5DBFBE
:10A58000B217FFBEBEF65DBF275DFCBE05BE5EBF57
:10A590002DA0F9BE27835FBFCBE0F6BE214660BF8A
:10A5A000071FF4BEF20661BFEA5AF1BE98C561BF4B
:10A5B0007994EEBE108262BFBBCBEBBE5A3C63BF48
:10A5C000B700E9BE73F463BF7533E6BE59AA64BF32
:10A5D000FA63E3BE0B5E65BF4F92E0BE880F66BFB5
:10A5E00079BEDDBECCBE66BF80E8DABED86B67BF81
:10A5F0006B10D8BEA81668BF4136D5BE3CBF68BF39
:10A60000095AD2BE916569BFCA7BCFBEA7096ABF8E
:10A610008B9BCCBE7BAB6ABF53B9C9BE0C4B6BBF27
:10A6200029D5C6BE58E86BBF15EFC3BE5E836CBFAD
:10A630001E07C1BE1D1C6DBF4A1DBEBE93B26DBFBD
:10A64000A031BBBEBE466EBF2A44B8BE9ED86EBF08
:10A65000EC54B5BE30686FBFEF63B2BE73F56FBF29
:10A660003A71AFBE668070BFD47CACBE080971BFC2
:10A67000C486A9BE578F71BF128FA6BE521372BF78
:10A68000C595A3BEF89472BFE59AA0BE471473BFE8
:10A69000789E9DBE3F9173BF86A09ABEDD0B74BFAE
:10A6A00017A197BE228474BF31A094BE0BFA74BF69
:10A6B000DD9D91BE976D75BF229A8EBEC6DE75BFB9
:10A6C00007958BBE974D76BF938E88BE07BA76BF2F
:10A6D000CE8685BE172477BFC07D82BEC58B77BF6F
:10A6E000E1E67EBE10F177BFCCCF78BEF85378BFDD
:10A6F00051B672BE7BB478BF7F9A6CBE981279BF98
:10A70000667C66BE4E6E79BF135C60BE9DC779BF26
:10A7100097395ABE841E7ABF011554BE02737ABFA0
:10A7200060EE4DBE16C57ABFC2C547BEBE147BBF24
:10A73000379B41BEFC617BBFCF6E3BBECDAC7BBFC8
:10A74000984035BE31F57BBFA2102FBE283B7CBFA1
:10A75000FCDE28BEB07E7CBFB6AB22BEC9BF7CBFCC
:10A76000DE761CBE73FE7CBF834016BEAC3A7DBF56
:10A77000B70810BE74747DBF86CF09BECCAB7DBF59
:10A78000029503BEB1E07DBF73B2FABD24137EBF54
:10A790007638EEBD23437EBF2EBCE1BDB0707EBFD8
:10A7A000B93DD5BDC99B7EBF36BDC8BD6DC47EBF9A
:10A7B000C33ABCBD9DEA7EBF80B6AFBD580E7FBF19
:10A7C0008C30A3BD9D2F7FBF05A996BD6D4E7FBF69
:10A7D0000A208ABDC76A7FBF742B7BBDAB847FBF55
:10A7E000681462BD189C7FBF2FFB48BD0FB17FBFAF
:10A7F00007E02FBD8FC37FBF2CC316BD98D37FBF8B
:10A80000B949FBBC29E17FBFB00AC9BC43EC7FBF9B
:10A81000B6C996BCE6F47FBF900E49BC11FB7FBF62
:10A82000890FC9BBC4FE7FBF00000080000080BF4D
:10A83000890FC93BC4FE7FBF900E493C11FB7FBF0F
:10A84000B6C9963CE6F47FBFB00AC93C43EC7FBF73
:10A85000B949FB3C29E17FBF2CC3163D98D37FBF8C
:10A8600007E02F3D8FC37FBF2FFB483D0FB17FBF58
:10A870006814623D189C7FBF742B7B3DAB847FBF07
:10A880000A208A3DC76A7FBF05A9963D6D4E7FBFEE
:10A890008C30A33D9D2F7FBF80B6AF3D580E7FBF4C
:10A8A000C33ABC3D9DEA7EBF36BDC83D6DC47EBF88
:10A8B000B93DD53DC99B7EBF2EBCE13DB0707EBF8A
:10A8C0007638EE3D23437EBF73B2FA3D24137EBF3C
:10A8D0000295033EB1E07DBF86CF093ECCAB7DBF84
:10A8E000B708103E74747DBF8340163EAC3A7DBFFE
:10A8F000DE761C3E73FE7CBFB6AB223EC9BF7CBF7A
:10A90000FCDE283EB07E7CBFA2102F3E283B7CBFE1
:10A910009840353E31F57BBFCF6E3B3ECDAC7BBF23
:10A92000379B413EFC617BBFC2C5473EBE147BBF27
:10A9300060EE4D3E16C57ABF0115543E02737ABFD4
:10A9400097395A3E841E7ABF135C603E9DC779BF1B
:10A95000667C663E4E6E79BF7F9A6C3E981279BFD8
:10A9600051B6723E7BB478BFCCCF783EF85378BFF7
:10A97000E1E67E3E10F177BFC07D823EC58B77BF9A
:10A98000CE86853E172477BF938E883E07BA76BF62
:10A9900007958B3E974D76BF229A8E3EC6DE75BFD9
:10A9A000DD9D913E976D75BF31A0943E0BFA74BF4B
:10A9B00017A1973E228474BF86A09A3EDD0B74BF18
:10A9C000789E9D3E3F9173BFE59AA03E471473BFAA
:10A9D000C595A33EF89472BF128FA63E521372BF64
:10A9E000C486A93E578F71BFD47CAC3E080971BFA5
:10A9F0003A71AF3E668070BFEF63B23E73F56FBFD2
:10AA0000EC54B53E30686FBF2A44B83E9ED86EBF46
:10AA1000A031BB3EBE466EBF4A1DBE3E93B26DBF67
:10AA20001E07C13E1D1C6DBF15EFC33E5E836CBF8C
:10AA300029D5C63E58E86BBF53B9C93E0C4B6BBF16
:10AA40008B9BCC3E7BAB6ABFCA7BCF3EA7096ABF5C
:10AA5000095AD23E916569BF4136D53E3CBF68BFB9
:10AA60006B10D83EA81668BF80E8DA3ED86B67BF87
:10AA700079BEDD3ECCBE66BF4F92E03E880F66BF1A
:10AA8000FA63E33E0B5E65BF7533E63E59AA64BFC9
:10AA9000B700E93E73F463BFBBCBEB3E5A3C63BFE8
:10AAA0007994EE3E108262BFEA5AF13E98C561BFCA
:10AAB000071FF43EF20661BFCBE0F63E214660BFC1
:10AAC0002DA0F93E27835FBF275DFC3E05BE5EBF1C
:10AAD000B217FF3EBEF65DBFE4E7003F532D5DBFFA
:10AAE000B142023FC7615CBF3D9C033F1A945BBF0C
:10AAF00084F4043F50C45ABF824B063F6AF259BFE8
:10AB000036A1073F6A1E59BF9BF5083F534858BFFF
:10AB1000AD480A3F267057BF6B9A0B3FE59556BF6D
:10AB2000D0EA0C3F93B955BFDA390E3F31DB54BF41
:10AB300084870F3FC3FA53BFCDD3103F491853BF8B
:10AB4000B01E123FC63352BF2A68133F3D4D51BF5E
:10AB500039B0143FAF6450BFD9F6153F1F7A4FBFCD
:10AB6000073C173F908D4EBFC07F183F029F4DBFDF
:10AB700000C2193F79AE4CBFC6021B3FF8BB4BBFAA
:10AB80000C421C3F7FC74ABFD17F1D3F12D149BF36
:10AB900012BC1E3FB3D848BFCBF61F3F65DE47BF90
:10ABA000F92F213F2AE246BF9967223F03E445BFC0
:10ABB000A99D233FF5E344BF25D2243F00E243BFD4
:10ABC0000A05263F29DE42BF5636273F70D841BFCF
:10ABD0000566283FDAD040BF1594293F67C73FBFBD
:10ABE00082C02A3F1BBC3EBF4AEB2B3FF9AE3DBFA4
:10ABF00069142D3F03A03CBFDE3B2E3F3B8F3BBF84
:10AC0000A5612F3FA47C3ABFBB85303F426839BF66
:10AC10001DA8313F165238BFC9C8323F233A37BF4B
:10AC2000BCE7333F6C2036BFF304353FF30435BF38
:10AC30006C20363FBCE733BF233A373FC9C832BF29
:10AC40001652383F1DA831BF4268393FBB8530BF1F
:10AC5000A47C3A3FA5612FBF3B8F3B3FDE3B2EBF1D
:10AC600003A03C3F69142DBFF9AE3D3F4AEB2BBF1B
:10AC70001BBC3E3F82C02ABF67C73F3F159429BF18
:10AC8000DAD0403F056628BF70D8413F563627BF0F
:10AC900029DE423F0A0526BF00E2433F25D224BFFA
:10ACA000F5E3443FA99D23BF03E4453F996722BFD5
:10ACB0002AE2463FF92F21BF65DE473FCBF61FBF93
:10ACC000B3D8483F12BC1EBF12D1493FD17F1DBF30
:10ACD0007FC74A3F0C421CBFF8BB4B3FC6021BBF9D
:10ACE00079AE4C3F00C219BF029F4D3FC07F18BFD5
:10ACF000908D4E3F073C17BF1F7A4F3FD9F615BFC7
:10AD0000AF64503F39B014BF3D4D513F2A6813BF67
:10AD1000C633523FB01E12BF4918533FCDD310BFA8
:10AD2000C3FA533F84870FBF31DB543FDA390EBF7C
:10AD300093B9553FD0EA0CBFE595563F6B9A0BBFD0
:10AD40002670573FAD480ABF5348583F9BF508BF90
:10AD50006A1E593F36A107BF6AF2593F824B06BFB0
:10AD600050C45A3F84F404BF1A945B3F3D9C03BF18
:10AD7000C7615C3FB14202BF532D5D3FE4E700BFB6
:10AD8000BEF65D3FB217FFBE05BE5E3F275DFCBE4F
:10AD900027835F3F2DA0F9BE2146603FCBE0F6BE82
:10ADA000F206613F071FF4BE98C5613FEA5AF1BE43
:10ADB0001082623F7994EEBE5A3C633FBBCBEBBE40
:10ADC00073F4633FB700E9BE59AA643F7533E6BE2A
:10ADD0000B5E653FFA63E3BE880F663F4F92E0BEAD
:10ADE000CCBE663F79BEDDBED86B673F80E8DABE79
:10ADF000A816683F6B10D8BE3CBF683F4136D5BE31
:10AE00009165693F095AD2BEA7096A3FCA7BCFBE86
:10AE10007BAB6A3F8B9BCCBE0C4B6B3F53B9C9BE1F
:10AE200058E86B3F29D5C6BE5E836C3F15EFC3BEA5
:10AE30001D1C6D3F1E07C1BE93B26D3F4A1DBEBEB5
:10AE4000BE466E3FA031BBBE9ED86E3F2A44B8BE00
:10AE500030686F3FEC54B5BE73F56F3FEF63B2BE21
:10AE60006680703F3A71AFBE0809713FD47CACBEBA
:10AE7000578F713FC486A9BE5213723F128FA6BE70
:10AE8000F894723FC595A3BE4714733FE59AA0BEE0
:10AE90003F91733F789E9DBEDD0B743F86A09ABEA6
:10AEA0002284743F17A197BE0BFA743F31A094BE61
:10AEB000976D753FDD9D91BEC6DE753F229A8EBEB1
:10AEC000974D763F07958BBE07BA763F938E88BE27
:10AED0001724773FCE8685BEC58B773FC07D82BE67
:10AEE00010F1773FE1E67EBEF853783FCCCF78BED5
:10AEF0007BB4783F51B672BE9812793F7F9A6CBE90
:10AF00004E6E793F667C66BE9DC7793F135C60BE1E
:10AF1000841E7A3F97395ABE02737A3F011554BE98
:10AF200016C57A3F60EE4DBEBE147B3FC2C547BE1C
:10AF3000FC617B3F379B41BECDAC7B3FCF6E3BBEC0
:10AF400031F57B3F984035BE283B7C3FA2102FBE99
:10AF5000B07E7C3FFCDE28BEC9BF7C3FB6AB22BEC4
:10AF600073FE7C3FDE761CBEAC3A7D3F834016BE4E
:10AF700074747D3FB70810BECCAB7D3F86CF09BE51
:10AF8000B1E07D3F029503BE24137E3F73B2FABD4C
:10AF900023437E3F7638EEBDB0707E3F2EBCE1BDD0
:10AFA000C99B7E3FB93DD5BD6DC47E3F36BDC8BD92
:10AFB0009DEA7E3FC33ABCBD580E7F3F80B6AFBD11
:10AFC0009D2F7F3F8C30A3BD6D4E7F3F05A996BD61
:10AFD000C76A7F3F0A208ABDAB847F3F742B7BBD4D
:10AFE000189C7F3F681462BD0FB17F3F2FFB48BDA7
:10AFF0008FC37F3F07E02FBD98D37F3F2CC316BD83
:10B0000029E17F3FB949FBBC43EC7F3FB00AC9BC93
:10B01000E6F47F3FB6C996BC11FB7F3F900E49BC5A
:10B02000C4FE7F3F890FC9BB000000000000004B39
:10B03000000000CB00000000763C7935EF39EA3D96
:10B04000763C7935EF39EABD0000E0FE422EE63F5E
:10B050000000E0FE422EE6BF000000000000E03FDE
:10B06000000000000000E0BFD1F71737D1F717B795
:10B070008071313F807131BF0000003F000000BF90
:08B08000B0AB0220000000004B
:08B088007051FD7F0100000082
:08B090000D0D00080000000096
:08B09800E90C000800000000B3
:10B0A00000000000FF00000000093D00010000005A
:10B0B000080000000000000003000000D4A90220E6
:10B0C0002400002000000000D4A902203CAA022095
:10B0D000A4AA022000000000000000000000000000
:10B0E0000000000000000000000000000000000060
:10B0F0000000000000000000000000000000000050
:10B10000000000000000000000000000000000003F
:08B1100015AB02200000000055
:0400000508000F6977
:00000001FF
