:020000040800F2
:10000000000003203D0F0008390E00083B0E0008D9
:100010003D0E00083F0E0008410E00088D0F00083D
:10002000000000000000000000000000430E000877
:10003000450E000800000000470E0008490E0008A9
:100040008D0F00088D0F00088D0F00088D0F000820
:100050008D0F00088D0F00088D0F00088D0F000810
:100060008D0F00088D0F00088D0F00088D0F000800
:100070008D0F00088D0F00088D0F00088D0F0008F0
:100080008D0F00088D0F00088D0F00088D0F0008E0
:100090008D0F00088D0F00088D0F00088D0F0008D0
:1000A0004D0E00088D0F00088D0F0008530E00083C
:1000B0008D0F00088D0F0008550E00088D0F0008E9
:1000C0008D0F00088D0F00088D0F00088D0F0008A0
:1000D0008D0F00088D0F00088D0F00088D0F000890
:1000E0008D0F00088D0F00088D0F00088D0F000880
:1000F0008D0F00088D0F00088D0F00088D0F000870
:100100008D0F00088D0F00088D0F00088D0F00085F
:100110008D0F00088D0F00088D0F00088D0F00084F
:100120008D0F00088D0F00088D0F00088D0F00083F
:100130008D0F00088D0F00088D0F00088D0F00082F
:100140008D0F00088D0F00088D0F00088D0F00081F
:100150008D0F00088D0F00088D0F00088D0F00080F
:100160008D0F00088D0F00088D0F00088D0F0008FF
:100170008D0F0008000000008D0F00080000000037
:10018000570E00088D0F00088D0F00088D0F000816
:100190008D0F00088D0F00088D0F00088D0F0008CF
:1001A0008D0F00088D0F0008590E00088D0F0008F4
:1001B0008D0F0008000000008D0F00088D0F000853
:1001C0008D0F0008000000008D0F00088D0F000843
:1001D0008D0F00088D0F00088D0F00088D0F00088F
:1001E0008D0F00088D0F00088D0F00088D0F00087F
:0801F000000000000000000007
:1001F80010F8012B11F8013B012A28BF9A42F7D0C9
:10020800D01A704781F0004102E000BF83F000433C
:1002180030B54FEA41044FEA430594EA050F08BF99
:1002280090EA020F1FBF54EA000C55EA020C7FEA5D
:10023800645C7FEA655C00F0E2804FEA5454D4EBDA
:100248005555B8BF6D420CDD2C4480EA020281EAA4
:10025800030382EA000083EA010180EA020281EADC
:100268000303362D88BF30BD11F0004F4FEA01312E
:100278004FF4801C4CEA113102D0404261EB41013D
:1002880013F0004F4FEA03334CEA133302D05242C3
:1002980063EB430394EA050F00F0A780A4F101047F
:1002A800D5F1200E0DDB02FA0EFC22FA05F28018B9
:1002B80041F1000103FA0EF2801843FA05F359419F
:1002C8000EE0A5F120050EF1200E012A03FA0EFC1E
:1002D80028BF4CF0020C43FA05F3C01851EBE37148
:1002E80001F0004507D54FF0000EDCF1000C7EEB65
:1002F80000006EEB0101B1F5801F1BD3B1F5001FA3
:100308000CD349085FEA30004FEA3C0C04F10104C1
:100318004FEA445212F5800F80F09A80BCF1004FEA
:1003280008BF5FEA500C50F1000041EB045141EA6C
:10033800050130BD5FEA4C0C404141EB0101013C35
:1003480028BFB1F5801FE9D291F0000F04BF014624
:100358000020B1FA81F308BF2033A3F10B03B3F1F6
:1003680020020CDA0C3208DD02F1140CC2F10C0286
:1003780001FA0CF021FA02F10CE002F11402D8BFE4
:10038800C2F1200C01FA02F120FA0CFCDCBF41EAB0
:100398000C019040E41AA2BF01EB0451294330BD7F
:1003A8006FEA04041F3C1CDA0C340EDC04F114045C
:1003B800C4F1200220FA04F001FA02F340EA030033
:1003C80021FA04F345EA030130BDC4F10C04C4F179
:1003D800200220FA02F001FA04F340EA0300294659
:1003E80030BD21FA04F0294630BD94F0000F83F4A3
:1003F800801306BF81F480110134013D4EE77FEA86
:10040800645C18BF7FEA655C29D094EA050F08BFD1
:1004180090EA020F05D054EA000C04BF19461046B2
:1004280030BD91EA030F1EBF0021002030BD5FEAF6
:10043800545C05D14000494128BF41F0004130BD1E
:1004480014F580043CBF01F5801130BD01F0004572
:1004580045F0FE4141F470014FF0000030BD7FEAE5
:10046800645C1ABF194610467FEA655C1CBF0B46E0
:10047800024650EA013406BF52EA033591EA030FF7
:1004880041F4002130BD00BF90F0000F04BF0021EF
:10049800704730B54FF4806404F132044FF0000522
:1004A8004FF0000150E700BF90F0000F04BF00219B
:1004B800704730B54FF4806404F1320410F0004501
:1004C80048BF40424FF000013EE700BF42004FEAFC
:1004D800E2014FEA31014FEA02701FBF12F07F4379
:1004E80093F07F4F81F06051704732F07F4208BF30
:1004F800704793F07F4F04BF41F40021704730B537
:100508004FF4607401F0004521F000411CE700BF82
:1005180050EA010208BF704730B54FF000050AE005
:1005280050EA010208BF704730B511F0004502D506
:10053800404261EB41014FF4806404F132045FEA08
:10054800915C3FF4D8AE4FF003025FEADC0C18BFB1
:1005580003325FEADC0C18BF033202EBDC02C2F1A3
:10056800200300FA03FC20FA02F001FA03FE40EA35
:100578000E0021FA02F11444BDE600BF70B54FF039
:10058800FF0C4CF4E06C1CEA11541DBF1CEA135517
:1005980094EA0C0F95EA0C0F00F0DEF82C4481EA7F
:1005A800030621EA4C5123EA4C5350EA013518BF9F
:1005B80052EA033541F4801143F4801338D0A0FB8C
:1005C80002CE4FF00005E1FB02E506F00042E0FB39
:1005D80003E54FF00006E1FB03569CF0000F18BF3F
:1005E8004EF0010EA4F1FF04B6F5007F64F54074E7
:1005F80004D25FEA4E0E6D4146EB060642EAC6217A
:1006080041EA55514FEAC52040EA5E504FEACE2EE6
:10061800B4F1FD0C88BFBCF5E06F1ED8BEF1004FE9
:1006280008BF5FEA500E50F1000041EB045170BD65
:1006380006F0004646EA010140EA020081EA0301A9
:10064800B4EB5C04C2BFD4EB0C0541EA045170BDA5
:1006580041F480114FF0000E013C00F3AB8014F11F
:10066800360FDEBF002001F0004170BDC4F1000468
:10067800203C35DA0C341BDC04F11404C4F12005E9
:1006880000FA05F320FA04F001FA05F240EA020044
:1006980001F0004221F0004110EBD37021FA04F67A
:1006A80042EB06015EEA430E08BF20EAD37070BD34
:1006B800C4F10C04C4F1200500FA04F320FA05F093
:1006C80001FA04F240EA020001F0004110EBD37095
:1006D80041F100015EEA430E08BF20EAD37070BD05
:1006E800C4F1200500FA05F24EEA020E20FA04F3DE
:1006F80001FA05F243EA020321FA04F001F000418D
:1007080021FA04F220EA020000EBD3705EEA430EFD
:1007180008BF20EAD37070BD94F0000F0FD101F02C
:100728000046400041EB010111F4801F08BF013C65
:10073800F7D041EA060195F0000F18BF704703F0A3
:100748000046520043EB030313F4801F08BF013D2A
:10075800F7D043EA0603704794EA0C0F0CEA1355E6
:1007680018BF95EA0C0F0CD050EA410618BF52EAA0
:100778004306D1D181EA030101F000414FF00000A6
:1007880070BD50EA410606BF1046194652EA4306B4
:1007980019D094EA0C0F02D150EA013613D195EA28
:1007A8000C0F05D152EA03361CBF104619460AD170
:1007B80081EA030101F0004141F0FE4141F470017A
:1007C8004FF0000070BD41F0FE4141F4780170BD6A
:1007D80070B54FF0FF0C4CF4E06C1CEA11541DBFCF
:1007E8001CEA135594EA0C0F95EA0C0F00F0A7F8D1
:1007F800A4EB050481EA030E52EA03354FEA0131FE
:1008080000F088804FEA03334FF0805545EA131310
:1008180043EA12634FEA022245EA111545EA1065D8
:100828004FEA00260EF000419D4208BF964244F16F
:10083800FD0404F5407402D25B084FEA3202B61A8E
:1008480065EB03055B084FEA32024FF480104FF462
:10085800002CB6EB020E75EB030E22BFB61A7546D6
:1008680040EA0C005B084FEA3202B6EB020E75EB69
:10087800030E22BFB61A754640EA5C005B084FEAD1
:100888003202B6EB020E75EB030E22BFB61A75469E
:1008980040EA9C005B084FEA3202B6EB020E75EBA9
:1008A800030E22BFB61A754640EADC0055EA060E6A
:1008B80018D04FEA051545EA16754FEA06164FEAAD
:1008C800C30343EA52734FEAC2025FEA1C1CC0D159
:1008D80011F4801F0BD141EA00014FF000004FF0E6
:1008E800004CB6E711F4801F04BF01430020B4F1A7
:1008F800FD0C88BFBCF5E06F3FF6AFAEB5EB030C5F
:1009080004BFB6EB020C5FEA500C50F1000041EB5B
:10091800045170BD0EF0004E4EEA113114EB5C0428
:10092800C2BFD4EB0C0541EA045170BD41F48011FB
:100938004FF0000E013C90E645EA060E8DE60CEA03
:10094800135594EA0C0F08BF95EA0C0F3FF43BAF20
:1009580094EA0C0F0AD150EA01347FF434AF95EAD7
:100968000C0F7FF425AF104619462CE795EA0C0FBB
:1009780006D152EA03353FF4FDAE1046194622E788
:1009880050EA410618BF52EA43067FF4C5AE50EA62
:1009980041047FF40DAF52EA43057FF4EBAE12E752
:1009A8004FF0FF3C06E000BF4FF0010C02E000BF33
:1009B8004FF0010C4DF804CD4FEA410C7FEA6C5C16
:1009C8004FEA430C18BF7FEA6C5C1BD001B050EAB9
:1009D800410C0CBF52EA430C91EA030F02BF90EAA4
:1009E800020F0020704710F1000F91EA030F58BF63
:1009F800994208BF90422CBFD8176FEAE37040F0C5
:100A0800010070474FEA410C7FEA6C5C02D150EA62
:100A1800013C07D14FEA430C7FEA6C5CD6D152EA1D
:100A2800033CD3D05DF8040B704700BF84461046E2
:100A380062468C461946634600E000BF01B5FFF7E1
:100A4800B7FF002848BF10F1000F01BD4DF808EDB1
:100A5800FFF7F4FF0CBF012000205DF808FB00BF82
:100A68004DF808EDFFF7EAFF34BF012000205DF8DC
:100A780008FB00BF4DF808EDFFF7E0FF94BF012029
:100A880000205DF808FB00BF4DF808EDFFF7CEFF2A
:100A980094BF012000205DF808FB00BF4DF808ED69
:100AA800FFF7C4FF34BF012000205DF808FB00BF3A
:100AB8004FEA410212F5001215D211D56FF478737E
:100AC800B3EB625212D94FEAC12343F0004343EA21
:100AD800505311F0004F23FA02F018BF40427047FC
:100AE8004FF00000704750EA013005D111F0004086
:100AF80008BF6FF0004070474FF00000704700BF1C
:100B08004FEA4102B2F1E04324BFB3F5001CDCF127
:100B1800FE5C0DD901F0004C4FEAC0024CEA50705F
:100B2800B2F1004F40EB830008BF20F0010070478E
:100B380011F0804F21D113F13872BCBF01F0004091
:100B4800704741F480114FEA5252C2F11802C2F1C3
:100B5800200C10FA0CF320FA02F018BF40F0010044
:100B68004FEAC1234FEAD32303FA0CFC40EA0C00F6
:100B780023FA02F34FEA4303CCE77FEA625307D133
:100B880050EA01331EBF4FF0FE4040F4400070476A
:100B980001F0004040F0FE4040F40000704700BF04
:100BA8007BB972B90029BEBF00204FF0004106E0B2
:100BB80008BF00281CBF6FF000414FF0FF3000F065
:100BC80057B8ADF1080C6DE904CE002909DB002BFC
:100BD8001ADB10F0F3FADDF804E0DDE9022304B0D3
:100BE8007047404261EB4101002B1BDB10F0E6FA35
:100BF800DDF804E0DDE9022304B0404261EB410185
:100C0800524263EB43037047524263EB430310F0D5
:100C1800D5FADDF804E0DDE9022304B0404261EBD7
:100C280041017047524263EB430310F0C7FADDF805
:100C380004E0DDE9022304B0524263EB430370474A
:100C480053B94AB9002908BF00281CBF4FF0FF312B
:100C58004FF0FF3000F00CB8ADF1080C6DE904CE90
:100C680010F0ACFADDF804E0DDE9022304B07047C7
:100C7800704700BF4A0011D212F5001211D20DD5EB
:100C88006FF47873B3EB62520ED44FEAC12343F08A
:100C9800004343EA505323FA02F070474FF0000034
:100CA800704750EA013002D14FF0FF3070474FF0E3
:100CB8000000704710B5054C237833B9044B13B1C5
:100CC8000448AFF300800123237010BD800000208A
:100CD800000000001015010808B5034B1BB10349BB
:100CE8000348AFF3008008BD000000008400002026
:100CF8001015010800B599B04822002106A80FF088
:100D080035FB1422002101A80FF030FB002002F06F
:100D18003DF908B172B6FEE710230693602301225D
:100D28000F930223CDE90D20CDE91132372013921C
:100D38000722CDE9140206A8CDE9163301F0C8FB55
:100D480008B172B6FEE70F220323CDE90300059030
:100D5800052101A8CDE9012301F0D6FE08B172B63C
:100D6800FEE719B05DF804FB7FB501F0E9FAFFF77B
:100D7800C1FF2C4B0020DA6C42F00402DA64DA6C12
:100D880002F004020192019ADA6C42F02002DA645D
:100D9800DA6C02F020020292029ADA6C42F08002C7
:100DA800DA64DA6C02F080020392039ADA6C42F099
:100DB8000202DA64DA6C02F002020492049ADA6C33
:100DC80042F00102DA64DB6C03F001030593059B32
:100DD80002F072F908B172B6FEE702F07DF9044636
:100DE80008B172B6FEE702F0CBFC012002F0C8FCA5
:100DF800022002F0C5FC0121204602F021FD4FF43B
:100E0800E13309492046C1E900348C608C8102F045
:100E18009FFD08B172B6FEE7044800F037FF30BF07
:100E2800FDE700BF001002409C000020A4A802209B
:100E3800FEE7FEE7FEE7FEE7FEE77047704770470C
:100E480001F090BA002002F04FBD7047704770471C
:100E5800704700000B4B82B01A6E42F001021A660E
:100E68001A6E02F001020092009A9A6D42F08052C6
:100E78009A659B6D03F080530193019B02B002F0C9
:100E880071B800BF001002400A4A0346106810B546
:100E980008B9094810600949094C0344091B8B42E9
:100EA80006D90FF01BFB0C2303604FF0FF3010BD79
:100EB8001360FCE7AC000020B8AC0220000003205F
:100EC800000400000120704708B50FF007FB162347
:100ED80003604FF0FF3008BD08B50FF0FFFA162386
:100EE8000360FEE770B50D4614460E46731B9C4220
:100EF80001DC204670BDAFF3008006F8010BF5E772
:100F080070B50D4614460E46731B9C4201DC204604
:100F180070BD16F8010B02F0EFFCF5E74FF0FF305B
:100F280070474FF4005300204B6070470120704712
:100F380000207047DFF834D001F082F9002103E087
:100F48000B4B5B58435004310A480B4B42189A42EA
:100F5800F6D30A4A02E0002342F8043B084B9A42BF
:100F6800F9D30FF0C1FAFFF7FFFEFEE700000320F8
:100F7800F0A1020800000020780000208000002076
:100F8800B8AC0220FEE710B538B1406928B1024676
:100F98000468002301209C4200DC10BD52F8041FA5
:100FA800002902DD48430133F5E70020F5E700009A
:100FB800104B1A68137F032B16D0092B07D0012B6F
:100FC80015D1136903EB800393ED000A7047136989
:100FD8001B56D168D2ED027A5B1A00EE103AB8EED1
:100FE800C00A20EE270A704713691B5CF1E79FEDE2
:100FF800020A7047F8020020000080FF7047D0F80E
:101008004C2138B5092A06D8002300F580749A4285
:1010180003D1002008E00FF04CF854F8045F8D422B
:1010280003D14A3350F8230038BD0133EFE72DE9E7
:10103800F04104460F4606460025D0F80081A84531
:1010480001D100200BE0B369202B0AD13946F069A1
:10105800FFF7CEF828B91C2303FB05400430BDE890
:10106800F08101351C36EAE7F8B5154B05461868D6
:101078000BF0FEFF044600BBFFF79AFF114EB0EEDF
:10108800407AA6EC010A01200F4B1F68874202D85C
:101098008DB90020F8BDFFF78BFFB4EEC70AF1EE5B
:1010A80010FAA6EC010AD4BFB0EE470A0446B0EE27
:1010B800407A0130EAE72C60EBE76FF00700E9E7D8
:1010C80000030020D8020020D00200202029F0B51B
:1010D80007D000231C25D0F8004100F11806A342D0
:1010E80001D1002006E005FB03F2B758B94202D14E
:1010F80004321044F0BD0133F1E700002DE9F04758
:1011080017463C4A054692F900002DED028B8846A9
:1011180078B965B1384A1268914208D1374A1668D9
:10112800327F032A40D0092A13D0012A05D06FF054
:101138000600BDEC028BBDE8F0878A0030692946BD
:101148000FF0F9F9BDEC028B3846BDE8F047FFF720
:101158008BBFD6ED027AF5EEC07AF1EE10FAE6D939
:1011680004469FED278A6FF07F09A045EAD0F5EC89
:10117800017AB0EEE77AB4EE487AF1EE10FAD6D8F2
:1011880096ED020A87EE800AD6F810A00EF0BAFB98
:10119800F36818444845B8BF48467F28A8BF7F2051
:1011A8000AF804000134E0E7D6ED027AF5EEC07AD9
:1011B800F1EE10FABBD904469FED118AA045C1D0C3
:1011C800F5EC017AB0EEE77AB4EE487AF1EE10FA6F
:1011D800ADD896ED020A87EE800AD6F810900EF088
:1011E80091FBF368184480F3080009F804000134FF
:1011F800E4E700BF04000020D4020020FC02002025
:10120800FFFF7F7F00487047D8020020024B186814
:1012180000B10069704700BFF8020020084B186849
:1012280058B1007F032809D0092807D0431E584227
:1012380058418000034B1B68584370470120F9E769
:10124800F8020020D0020020014B1868704700BF48
:10125800D4020020014B1868704700BFD00200205C
:10126800014B1868704700BFCC020020084B186873
:1012780058B1007F032809D0092807D0431E5842D7
:1012880058418000034B1B68584370470120F9E719
:10129800FC020020D402002038B50D4B044693F917
:1012A8000000154690B97CB1FFF7E0FF884202467E
:1012B8000AD1084B21461B6818690FF03CF92846EB
:1012C800BDE83840FFF7D0BE6FF0060038BD00BF5C
:1012D80004000020FC020020024B186800B1007FC7
:1012E800704700BFFC020020024B186800B1007F65
:1012F800704700BFF8020020044B1B6813B193ED40
:10130800020A70479FED020A704700BFFC020020E6
:1013180000000000024B186800B1C068704700BFA9
:10132800FC020020044B1B6813B193ED020A7047BE
:101338009FED020A704700BFF8020020000000007D
:10134800024B186800B1C068704700BFF80200205F
:1013580007289ABF024B53F820000248704700BF85
:10136800284B02088C44020820292DE9F843054639
:1013780088461446994608D120480BF0ADFE20480F
:101388000BF0AAFE0120BDE8F88303681B689847A4
:10139800074638B11B480BF09FFE41461A480BF030
:1013A8009BFEEFE7D5F800C1BCF1080F06D941460E
:1013B80016480BF091FE09211548F0E74FF01C0E76
:1013C8000FCC0EFB0C5E0EF104060FC60CF10103E8
:1013D80094E8070086E80700CEF81880C5F80031C1
:1013E800D5F84C31384605EB83020133C2F8048145
:1013F800C2F82891C5F84C31C5E700BFC0170208EC
:10140800F1170208061802083518020856180208CB
:1014180087180208074B2DE9F0411A684CF230335F
:101428009A428CB00AD06FF00800034B18700CB0C9
:10143800BDE8F0813015010804000020AB4B1A68A4
:10144800D4189B58E31A1A88042A40F246819B88CC
:10145800002B00F04281E358032B40F03E81A44A60
:10146800A448136813F001030BD1C0F80031C0F889
:101478004C310123A04913600160A04AA0490EF035
:1014880013FE05A806F0FCFE00219E4B994805AA0C
:10149800FFF76AFF002840F01D8105A803F0D8F87F
:1014A8000321994B934805AAFFF75EFF002840F0F7
:1014B800118105A803F094FF0421944B8D4805AAD7
:1014C800FFF752FF002840F0058105A804F06EFBE5
:1014D80009218F4B874805AAFFF746FF002840F0EF
:1014E800F98005A805F0C4F90E218A4B814805AAA0
:1014F800FFF73AFF002840F0ED8005A807F0B6FF97
:101508001121854B7B4805AAFFF72EFF002840F0E4
:10151800E18005A809F02AF92821804B754805AA19
:10152800FFF722FF002840F0D58005A808F0CAF987
:1015380012217B4B6F4805AAFFF716FF002840F0E1
:10154800C98005A805F07EFE1921764B694805AAD1
:10155800FFF70AFF002840F0BD80734D2B68DE07B7
:1015680013D40023CDE9023301934FF4C03321464D
:10157800604A00936D486E4B0BF0E8FA01235F4A0E
:101588006C496A482B600EF08FFD68486A4D2860E8
:101598000BF080FC0446002840F0A2800146286831
:1015A8000BF014FB654E2146306028680BF030FBC9
:1015B800DFF8A4810446C8F800003068FFF7E3FCB0
:1015C8005F4F38602046FFF7DEFC5E4C2B682060DA
:1015D800D86E0AF0CFFA5C4B31681860002900F029
:1015E80082804B69002B7ED01A68042A7BD15A6806
:1015F800012A78D19A68202A75D1DA68282A72D106
:101608001B69012B6FD1D8F80020002A6BD05369D1
:10161800002B68D01868022865D15868012862D163
:101628009B68082B5FD13B68B3F5A06F5BD123683B
:10163800082B58D10D7F6B1EDBB2082B00F28E8071
:1016480040F2051020FA03F3DC0740F18780147F8D
:10165800631EDBB2082B00F28180D840C3077DD51A
:10166800092D7FF4E0AE092C7FF4DDAED1ED027ACE
:10167800F5EEC07AF1EE10FA7FF6D5AE9FED337A2B
:1016880077EEC77A9FED327AF0EEE77AF4EEC77A12
:10169800F1EE10FA3FF6C7AECB687F2B7FF4C3AEEE
:1016A800D2ED027AF5EEC07AF1EE10FA7FF6BBAE13
:1016B800DFED286A77EEE67AF0EEE77AF4EEC77A9D
:1016C800F1EE10FA3FF6AFAED36880337FF4ABAEDD
:1016D8000020AAE66FF00200A7E66FF00100A4E67A
:1016E8006FF00300A1E66FF004009EE640150108C4
:1016F800780100207C010020144B02080000002023
:101708000510000801B5000861B5000823B60008F7
:10171800C1B6000875B40008C7B70008A9B4000826
:101728007DB7000879B80008B0000020B400002098
:101738001003002045CC000800030020FC02002014
:10174800D4020020D0020020CC020020A1A0A03E9C
:1017580095BFD6330000803BF80200206FF00500EB
:1017680063E600BF074AD2F8FC3043F08073C2F842
:10177800FC300022044B5A601A6842F001021A60D9
:10178800704700BF00ED00E0001000E00020704747
:101798002DE9F04F2DED048B1746804683B00028C5
:1017A80000F0D180002A00F0CE80B1F57A5F40F0D9
:1017B800CA80B3F5A06F40F0C680664C23783BB969
:1017C80065480DF0F9F9002840F0C0800123237026
:1017D800624E9FED638AB246DFED628A624DDFF8A2
:1017E80094912B466149624A05F50060B3F57A5F2A
:1017F80037BF38F91340F0EE487A07EE904AF8EE12
:10180800E77AB1EC017A38BF67EEA87A67EE277AF3
:1018180001338342E2EC017AE8D10023554A544966
:101828004D480DF0A9F9D9ED007A67EEA77A99ED40
:10183800017AC9ED007A01224E4B191DD3ED037AC6
:10184800D3ED026A67EEA77A46EEA67A0132B2F5C0
:10185800806FE1EC017A03F10803EFD127EE077AF4
:10186800454B504683ED007A28244449DFF820C1CF
:10187800DFED3B7A3CF8022B0B8809EB82020192E0
:101888003F4A31F802BF02EB830E5B4551D3013C5E
:10189800E0EC017AECD105F50075B5F5705F0AF555
:1018A800007A9ED19FED378ADFED378AB2EE049A2F
:1018B800DFF8A890C846282598ED000AB4EEE80A93
:1018C800F1EE10FA48BFB0EE680A0DF0DBFF20EE2B
:1018D800090AB4EEC80AF1EE10FAC8BFB0EE408AA1
:1018E800013DA8EC010AE7D10134202C09F5007963
:1018F800E0D19FED267A3346282007EB8502F3ECEA
:10190800017A77EEC87AF4EEC77AF1EE10FA48BF9A
:10191800F0EE477A0138E2EC017AF0D12835B5F5D6
:10192800A06F06F50076E6D103B0BDEC048BBDE8E8
:10193800F08F019ABEEC017AF2EC016A013346EEAF
:10194800877A0192A1E76FF0C700EDE76FF0C90051
:10195800EAE700BF10830120148301202C830120B3
:10196800000000000000003800FCFFFFC0F701087D
:101978002CE301202CC301202CD301201CF70108E3
:1019880070D80108000080FFFFE6DB2E0000A0C22F
:101998006EF7010830B5084D0A44914200D130BDB8
:1019A80011F8013B5840082340F300042C40013B48
:1019B80084EA5000F8D1F0E72083B8ED70B51D46F1
:1019C800144B86B0019301238DF8083000230A9E3A
:1019D8000446CDE903268DF80910324629464FF012
:1019E800FF30ADF80A30FFF7D5FFC0434FF4FA6374
:1019F80005901422204601A901F06DFD38B936B1D1
:101A080041F2883329462046B2B201F064FD06B09F
:101A180070BD00BF534D543130B50D4600219DB007
:101A280004468DF86F10039219465F2204A80EF041
:101A3800B7FC64232A460093FF21204603ABFFF737
:101A4800BDFF1DB030BD00002DE9F0434FF05C082C
:101A58004FF0FF391E469BB007460D46144600213D
:101A6800424603A8CDF808900EF080FCCDF81090FF
:101A78004EB10396CDF8008082213846AA6803ABA0
:101A8800FFF79CFF0CE074B1FFF7F0FBEB688342B3
:101A98000DD06FF064023846364BA968FFF7BCFFDB
:101AA8001BB0BDE8F083FFF7CFFB8000EEE7012015
:101AB80001F0A6FE304BD3F80480002C41D0E96831
:101AC8002E4802AAFFF7E8FB04462B4B01205E686C
:101AD80001F0A6FE029BA6EB080604930394059664
:101AE80000F0E6FC264B984283BF0133B0FBF3F0CD
:101AF800059B002388BFB3FBF0F30693F4B9FFF707
:101B080081FB0646FFF7A6FB33462246B6EE007A6F
:101B18000126079908900DF1280C904219D104B1BB
:101B28000791FFF77BFB202828BF20200990FFF7AB
:101B38006DFB099A014612A80EF0FDFC5C23009388
:101B48009AE7FFF781FB02AA01460C48FFF7D6FA8D
:101B5800BAE7F3EC017AF4EEC77AF1EE10FAA4BF13
:101B680006FA02F42143ECEC017AA8BF0124013201
:101B7800D3E700BF34190208001000E0889402205F
:101B88003F420F007FB5084B03921A699B69049284
:101B980005930C230A46009390216B44FFF70EFF30
:101BA80007B05DF804FB00BF301702202DE9F041B3
:101BB800ECB002AC1546064640F2A5120F46204688
:101BC80000210EF0D3FB40F202232560A380FFF72B
:101BD80083FBA071FFF788FB274B284AE071C4E913
:101BE80002234FF008132361FFF72EFB00283FD094
:101BF800FFF72AFB224B60611B680025A3614FF4A5
:101C0800C033E361FFF72CFB2062FFF775FB84ED1F
:101C1800090AFFF77FFBA062FFF784FB84ED0B0A3C
:101C2800FFF78EFB2F22174920630FA80EF0B8FB91
:101C3800412215491BA80EF07EFC0DF1AD0828467F
:101C4800FFF786FB013501461F2240460EF0A8FB30
:101C5800082D08F12008F2D140F2A5133A46009366
:101C6800812123463046FFF7A9FE6CB0BDE8F0811C
:101C78004FF4A060BEE700BF28000100010020006B
:101C88003015010869190208951902082DE9F04F65
:101C98002DED048BABB00446FFF7BCFB0646FFF7FF
:101CA80061FD002001F0BCFD012001F0B9FD02201A
:101CB80001F0B6FDB6BB304601F0A2FD3246002168
:101CC8002046FFF773FF0025844B0C934FF0000369
:101CD80001228DF81B3020464FF0FF330DF11B0118
:101CE80001F054FCB0B905F1A8026A449DF81B3014
:101CF80012F8781C994217D1032D05F1010002F85A
:101D08008C1C16D14FF4FA631022204608A901F062
:101D18003DFC80B16FF067020021714B2046FFF750
:101D28007BFED0E70220C7E7532B04BF01208DF8C4
:101D38001C300546CAE79DF82030012B04D0694BBA
:101D48006FF063020999E9E7BDF822300BB1664BE1
:101D5800F6E741F208430A9A9A4203D9634B6FF0B7
:101D68006402EFE75AB141F288332046604992B2E3
:101D780001F00CFC18B16FF067025E4BE2E7DDF88A
:101D880028A04FF0FF3052465949FFF703FEC043E1
:101D98000B9B834203D0584B6FF06502D2E79DF846
:101DA8002130013B122B00F22A82DFE813F01300E6
:101DB8001D002400280228022802280228022802DE
:101DC80028022802280228022802280227006D007B
:101DD8002F0107020999BAF1000F03D06FF06402CE
:101DE800464B9BE732466BE733460022204607A95D
:101DF800FFF72AFE67E733460122F7E7BAF1100F2B
:101E080001D03F4BABE73F4D394B47F65852D3E92A
:101E180000B700212846B3F80880B3F80AA0D3F821
:101E28000C900EF0A3FA16B13246099904E0FFF7B8
:101E3800ADFC0999024618B12046FFF7A3FE42E718
:101E4800BBF57A5F05D1B8F1010F02D1BAF1000FE5
:101E580003D02D4B6FF0680260E72C4B7A1E9A4234
:101E680004D8B7FBFBF30BFB13730BB1284BF1E75B
:101E78004FF0FF333246C5E9017985F80080EB6001
:101E88002E6385F83460D7E71E4D2B781BB9214B9C
:101E98006FF0690256E7BAF1040F02D91AF0010986
:101EA80001D01D4B5BE7124F2B693968994208D165
:101EB8006B68AAF104025B1AB3EB520F4FEA520B9C
:101EC80001D2164BE4E7E868391DFFF763FDDFF838
:101ED8005080E860CB4525D10022A6E7534D543108
:101EE800D6190208F11902080E1A0208291A02085E
:101EF80088940220511A02086D1A0208841A0208EE
:101F0800A71A020830170220D11A02087E8A1D007B
:101F1800F91A02082F1B02085A1B0208891B02081B
:101F2800001000E07B793A7942EA03226B69591C78
:101F380005EB4303DA862B69B1F57A5F03F10103F8
:101F480069612B6152D1D8F804A00391FFF77CF99D
:101F5800AD4A03460399AD48FFF71AFCD5E90832A4
:101F6800D8F804102863A1EB0A015B1842F10002BB
:101F7800C5E908320246002845D14FF0010A4FF062
:101F8800FF3350460C9385F801A001F039FCD8F8CE
:101F980004300593FFF758F90CAA01469A48FFF751
:101FA800ADF8D8F8041004905046039101F038FCBD
:101FB8000399059B049AC81AD5E90A311B1841F1FF
:101FC8000001C5E90A3185F83420E2B9FFF71AF9AA
:101FD8008246FFF73FF953468D4A0AEB8000984244
:101FE80008D1AB690133AB6100236B6109F10109C9
:101FF80002376FE7D2ED007AB3EC017A77EE877A91
:10200800E2EC017AEBE700232B700EE7BAF1000F40
:1020180001D0804BA3E6804D2B785BB1D5F81090AA
:102028006B68994506D16F6927B9D5F81880B8F15A
:10203800000F01D1794B2BE7EB68AA68DB43934289
:1020480003D0774B85F800A0A6E66C2251460FA86E
:102058000EF08CF9D5E9082C4FF0FF3195F93430A2
:10206800CDF894800C932B6B0D91CDE92339D5E9EC
:102078000A3012EB03084CEB000991427AEB0C0C86
:1020880038BF0A4626920022994282414FF0FF3219
:1020980038BF134642454FF0000272EB09022893FD
:1020A800434638BF4FF0FF330E9300F001FA5D4B03
:1020B800984227D90133B0FBF3FAD5E90801002388
:1020C8005246FEF7BDFD002908BF0346D5E90A01BF
:1020D80018BF4FF0FF33524627930023FEF7B0FD99
:1020E80000290CBF03464FF0FF3352462993404660
:1020F80000234946FEF7A4FD002914BF4FF0FF3323
:1021080003460F93239B0C9A134312D1FFF7A2F8AF
:102118009FED459AF6EE009A6FF07F0BDFF8F0908E
:1021280011900DF16B080DF14C0A119B9F420BD3D6
:10213800129300232B7078239221099A00930CABF9
:102148002046FFF73BFCBEE5D5ED067AB9EC017AEF
:10215800F8EE677A87EE278AB4EEC98AF1EE10FAAC
:10216800B4EEE98AAAEC018AC4BFB0EE489A0D978A
:10217800F1EE10FA05DB012303FA07F2109B134373
:102188001093FFF7CFF8F0EE408AFFF7D9F8F5EE95
:10219800C08AF1EE10FA034606DD88EE280A03909D
:1021A8000DF0FCFB039B03447F2BA8BF7F235B45FB
:1021B800B8BF5B46013708F8013FB6E7BAF1000F30
:1021C80001D01A4BCBE5144B5A780AB9184B5FE685
:1021D8001B6B184D2B60FFF737F86860FFF734F872
:1021E8000949820005F108000EF0A5F9FFF72CF85F
:1021F800023080002B469121099A0090A0E76FF0E9
:1022080066020D4B9EE500BF2C03022066170220D4
:1022180068940220B71B020830170220DB1B020853
:10222800F61B02083F420F00000080FF191C02083D
:10223800451C0208889402206C1C020870470000A4
:10224800034AD2F8883043F47003C2F888307047E4
:1022580000ED00E021490B681B0754BFD1F894300A
:102268000B688A6858BFC3F3032302F00C0248BF07
:10227800C3F30313082A2FD019480C2A50F8233027
:102288000CD01848042A08BF03468A681649C2F3C6
:1022980003128A5CD340154A13607047C868CA683D
:1022A80000F00300C2F30312022802F101020FD06A
:1022B80003280FD0B3FBF2F2CB68C868C3F3062338
:1022C8005343C0F3416201325200B3FBF2F3DCE73F
:1022D800044BEFE7064BEDE7054BD6E7001002404D
:1022E800484B02080024F400904B02080800002024
:1022F80000127A0038B50F4B05461A780AB9012042
:1023080038BD4FF47A73B3FBF2F30B4A1068B0FB95
:10231800F3F000F0BDFE04460028F0D1072DEED8FA
:10232800024629464FF0FF3000F074FE034B20466A
:102338001D60E5E70C0000200800002010000020C8
:1023480010B5042000F054FEFFF784FF0020FFF7CB
:10235800D1FF044618B9FEF77DFD204610BD0124C3
:10236800FBE70000034A044B11681B780B44136019
:10237800704700BF90A802200C000020014B18688D
:10238800704700BF90A8022037B51D4D0446AB6DBD
:10239800D90018D500F0D6FD30F4007323D1802C75
:1023A80003D9A02C8CBF0223012316490A6822F006
:1023B8000F021A430A60086800F00F00C01A18BF1D
:1023C800012003B030BDAB6D43F08053AB65AB6DFE
:1023D80003F080530193019B00F0B4FDAB6D23F033
:1023E8008053AB65D8E7802C05D806D0A4F17002DD
:1023F80053425341D9E70323D7E70223D5E700BF68
:102408000010024000200240254B9A68D96812F05B
:102418000C0205D00C2A24D101F00301012927D18F
:1024280019682048090755BFD3F894101968C1F3F3
:102438000321C1F3031150F8210082B3D968DA6887
:1024480001F00301C2F30312022902F1010211D0C3
:1024580003291ED0B0FBF2F0D968C1F30621484326
:102468000FE0042A1AD0082A0F4818BF0020704726
:102478000020E3E7D8680D49C0F30620B1FBF2F26B
:102488005043DB68C3F3416301335B00B0FBF3F0F7
:102498007047D8680449C0F30620EFE7034870473F
:1024A80000100240484B020800127A000024F40091
:1024B80008B5FFF7A9FF044B044A9B68C3F303134D
:1024C800D35CD84008BD00BF00100240904B020802
:1024D8002DE9F341054618B9012002B0BDE8F081A5
:1024E800904C0368A668E768DB0606F00C0607F060
:1024F800030735D51EB10C2E62D1012F60D1236898
:10250800980702D5EB69002BE6D02368686A19079B
:1025180056BFD4F8943023681B0903F0F00398429F
:1025280037D9FFF731FF0028D6D1236843F00803D5
:10253800236023686A6A23F0F00313432360636807
:102548002A6A23F47F4343EA02236360FFF7B0FF5C
:10255800754B1860754B1868FFF7CCFE0028BCD186
:102568002B68DB0769D42B68990700F1AF802B68CB
:102578001E0700F1F2802B68590700F12F812B68A4
:102588009A0600F1F081EB6A002B40F020820020CF
:10259800A3E7236843F008032360236823F0F003CC
:1025A8000343236063682A6A23F47F4343EA0223D0
:1025B8006360002ECAD1FFF7E7FE0028C6D08BE77C
:1025C800EB6933B3236843F001032360FFF7D6FEBA
:1025D800804623689B0711D5236843F008032360CE
:1025E80023686A6A23F0F0031343236063682A6A46
:1025F80023F47F4343EA02236360B1E7FFF7BEFE9B
:10260800A0EB08000228E4D923689A07E1D4032044
:1026180063E7236823F001032360FFF7AFFE8046DA
:1026280023689A079CD5FFF7A9FEA0EB08000228AB
:10263800F6D923689907EAD4F2E7082E03D00C2EBE
:1026480008D1032F06D123689A038CD56B68002B19
:1026580089D141E76B68B3F5803F14D1236843F40F
:1026680080332360FFF78AFE8046236899033FF58D
:102678007AAFFFF783FEA0EB08006428F5D923683A
:102688009B03C4D5F1E7B3F5A02F04D1236843F425
:1026980080232360E2E7226822F4803222602268E5
:1026A80022F480222260002BDCD1FFF767FE8046EF
:1026B80023689B037FF557AFFFF760FEA0EB080088
:1026C8006428F5D923689A03A1D4F1E7042E03D02E
:1026D8000C2E10D1022F0ED123685E0503D5EB68AE
:1026E800002B3FF4F9AE63682A6923F0FE4343EAFE
:1026F800026363603BE7EB68D3B1236843F48073FC
:102708002360FFF73BFE064623685A05EBD4FFF724
:1027180035FE801B0228F7D9236859057FF577AF66
:10272800F2E700BF0010024008000020100000205F
:10273800236823F480732360FFF720FE064623688E
:102748005F057FF514AFFFF719FE801B0228F6D945
:1027580023685B053FF55BAFF1E76B692BB3AB69AA
:10276800F3B9D4F8943023F01003C4F89430D4F8B3
:10277800943043F00103C4F89430FFF7FFFD064698
:10278800D4F894309B073FF5F6AEFFF7F7FD801BB2
:102798000728F5D9D4F894309A077FF538AFEFE7D2
:1027A800D4F8943043F01003DFE7D4F8943023F0E2
:1027B8000103C4F89430FFF7E1FD0646D4F89430DD
:1027C80099077FF5D8AEFFF7D9FD801B0728F5D903
:1027D800D4F894309F073FF51AAFEFE7A36DDA00FE
:1027E80043D40127A36D43F08053A365A36D03F081
:1027F80080530193019BA74E3368DB0537D5AB683F
:10280800D80749D4D4F8902022F00102C4F89020C7
:10281800D4F8902022F00402C4F89020002B4AD16A
:10282800FFF7ACFD41F288380646D4F89030990796
:1028380000F18D80D4F890301A0655D541F28838C9
:10284800D4F8903023F08003C4F89030D4F8903056
:10285800190549D5FFF792FD801B4045F6D9D4F8F4
:1028680090301B053FF5D3AEF0E70027C3E7336888
:1028780043F480733360FFF781FD80463368DA05DF
:10288800BDD4FFF77BFDA0EB08000228F6D933681A
:10289800D9057FF5BCAEF1E713F0040FD4F89030FA
:1028A8001EBF43F00403C4F89030D4F8903043F0CE
:1028B8000103C4F89030FFF761FD41F288380646FD
:1028C800D4F89030990717D5AB6813F0800FD4F877
:1028D800903027D041F2883843F08003C4F8903014
:1028E800D4F890301B0512D5002F3FF448AEA36DE5
:1028F80023F08053A36542E6FFF740FD801B404567
:10290800DED9D4F890309B077FF581AED8E7FFF782
:1029180035FD801B4045E3D9D4F890301A057FF582
:1029280076AEDDE741F2883823F08003C4F89030B2
:10293800D4F890301A05D7D5FFF720FD801B404505
:10294800F6D9D4F8903019053FF561AEF0E7FFF7F6
:1029580015FD801B40457FF668AFD4F890309B0783
:102968003FF555AE61E7AB6AC3B1D4F8983043F090
:102978000103C4F89830FFF701FD0646D4F89830F3
:102988009F073FF500AEFFF7F9FC801B0228F5D939
:10299800D4F898309B077FF53AAEEFE7D4F8983033
:1029A80023F00103C4F89830FFF7E8FC0646D4F892
:1029B80098309A077FF5E7ADFFF7E0FC801B022807
:1029C800F5D9D4F8983099073FF521AEEFE7A2681A
:1029D80002F00C020C2A63D0022B236823F08073C8
:1029E800236042D1FFF7CAFC064623689F0132D410
:1029F800E268294B13402A6B1343AA6B43EA02236C
:102A0800EA6B43EAC2636A6B013A43EA02132A6C2F
:102A18005208013A43EA42536A6C5208013A43EABF
:102A28004263E360236843F080732360E36843F004
:102A38008073E360FFF7A2FC0546236899013FF520
:102A4800A6ADFFF79BFC401B0228F6D92368980126
:102A58007FF5DDADF1E7FFF791FC801B0228C4D9B3
:102A680023689B013FF5D3ADBFE7FFF787FC054619
:102A780023689B0104D4E268084B1340E36086E5B1
:102A8800FFF77CFC401B0228F2D923689A013FF526
:102A9800BEADEDE7007000400C809F01FCFFEEFE2C
:102AA800012B3FF419ADE3682A6B03F0030191424F
:102AB8007FF412AD696B03F0F0020139B2EB011F2C
:102AC8007FF40AADA96B03F4FE42B2EB012F7FF449
:102AD80003ADE96B03F07842B2EBC16F7FF4FCAC55
:102AE8002A6C03F4C0015208013AB1EB425F7FF44B
:102AF800F3AC6A6C03F0C0635208013AB3EB426F5F
:102B080014BF01200020E8E42DE9F8430E460546ED
:102B180010B90120BDE8F883724A136803F00F0367
:102B28008B4232D3296888073AD4C9077AD56F68A7
:102B38006D4C032F236840F0A0809A01E9D5E36823
:102B4800E26803F00303C2F30312022B02F101024D
:102B580033D0032B39D0012B3CD00023E268C2F3D9
:102B6800416201325200B3FBF2F3604A93423FD90B
:102B7800A36813F0F00F3BD1A3684FF0800823F04F
:102B8800F00343F08003A36034E0136823F00F03DD
:102B98000B431360136803F00F038B42B9D1C1E7ED
:102BA800514AA868936803F0F003984281BF93687C
:102BB80023F0F00303439360B7E7E3684C49C3F39A
:102BC8000623B1FBF2F25343C8E7E3684949C3F36C
:102BD8000623F6E72368484A1B0755BFD4F8943004
:102BE8002368C3F30323C3F3031352F82330B5E771
:102BF8004FF00008A36841F2883923F003033B43F0
:102C0800A360FFF7BBFB0746A3686A6803F00C03E1
:102C1800B3EB820F43D1B8F1000F03D0A36823F0C0
:102C2800F003A360296888070BD52F4AA868936822
:102C380003F0F00398423FBF936823F0F003034387
:102C48009360284A136803F00F03B34235D84A0744
:102C58003FD40B0707D5244A2969936823F46053A6
:102C680043EAC1039360FFF723FC244B1860244B0D
:102C78001868BDE8F843FFF73DBB022F08D113F4ED
:102C8800003F3FF446AFFFF7BFFB184B98426EE793
:102C980017B913F0020FF4E713F4806FF1E7FFF7A9
:102CA8006DFBC01B4845AFD9A3686A6803F00C03E5
:102CB800B3EB820FA8D003202CE7136823F00F038F
:102CC80033431360136803F00F03B3427FF421AF5B
:102CD800BDE7054AE868936823F4E063034393601B
:102CE800B7E700BF002002400010024000B4C4044F
:102CF8000024F40000127A00484B02080800002063
:102D08001000002008B5FFF7D3FB044B044A9B686A
:102D1800C3F30223D35CD84008BD00BF00100240B3
:102D2800884B020808B5FFF7C3FB044B044A9B68AD
:102D3800C3F3C223D35CD84008BD00BF00100240D3
:102D4800884B02082DE9F04F00234FF00F0A5E4C24
:102D58000A6832FA03F501D1BDE8F08F012505FABA
:102D680003F919EA020200F0A18003274E684FEA2E
:102D7800430806F0030507FA08FE6F1E012F6FEAE5
:102D88000E0ED1F808C031D8876807EA0E0BCF6855
:102D980007FA08F747EA0B078760476827EA09092F
:102DA800C6F300179F4047EA09074760C7680CFA4F
:102DB80008FC07EA0E074CEA0707022DC7601AD17C
:102DC8004FEAD30C00EB8C0C03F00709DCF82070F9
:102DD8004FEA89090AFA09FB27EA0B0B0F6907FA78
:102DE80009F747EA0B07CCF8207004E0032DDDD182
:102DF800BCF1010FDAD1076805FA08F507EA0E07F2
:102E08003D4316F4403F056050D023F0030707F117
:102E1800804707F53D3703F0030C3D6E4FEACC0CB5
:102E28000AFA0CFE25EA0E0E284DA84240D005F5F8
:102E38008065A8423ED005F58065A8423CD005F5DE
:102E48008065A8423AD005F58065A84238D005F5D6
:102E58008065A84236D005F58065A84214BF0725CD
:102E6800062505FA0CF545EA0E053D66D7432568A3
:102E780016F4801F0CBF3D4015432560656816F4A5
:102E8800001F0CBF3D4015436560D4F8845016F40C
:102E9800003F0CBF3D401543C4F88450D4F880501F
:102EA800F60354BF3D401543C4F8805001334FE743
:102EB8000025D6E70125D4E70225D2E70325D0E788
:102EC8000425CEE70525CCE700F4024000000242C5
:102ED8000AB18161704781627047012905D00229D2
:102EE80001D029B94260826000E04260002070474A
:102EF8000120704710B10160002070470120704721
:102F080070B501250468064604F01F039D40C4F30C
:102F180000440A4B6401E2582A4203D0E550436852
:102F280003B19847064BE2582A4205D0E550B368EA
:102F380013B1BDE87040184770BD00BF0CF40240E3
:102F480010F40240024B186800F4C060704700BFDC
:102F580000700040024A536843F40073536070479E
:102F680000700040024A936843F4804393607047BE
:102F780000700040044B1869C3045ABFC04300F4F2
:102F880000404FF48050704700700040154A10B55B
:102F980001461468FFF7EEFFB0F5004F20D0D36864
:102FA8001B041DD404F4C0648C4201D1002010BD60
:102FB800136823F4C0630B4313600B4B0B491B6866
:102FC800B3FBF1F303EB83035169480501D5591CA1
:102FD80004D153695B05E9D50320E8E7013BF3E732
:102FE8000120E4E70070004008000020A0860100EE
:102FF80007490302CA6803F4E06322F4E06212049A
:10300800120C134343F0BF6343F40033CB607047A3
:1030180000ED00E0154B30B5DC68C4F30224C4F1C0
:103028000703E51C032B28BF0323062D4FF0FF35AC
:1030380094BF0024043C05FA03F321EA0303A540E6
:1030480022EA0502A340002843EA0203ACBF00F1CC
:103058006040074A4FEA4313DBB2ABBF00F561405B
:1030680000F00F0080F80033135430BD00ED00E08D
:1030780014ED00E0002807DB01234109034A00F0B2
:103088001F00834042F82130704700BF00E100E094
:103098000138B0F1807F0BD24FF0E023E021054AE0
:1030A800586182F823100020072298611A6170473E
:1030B8000120704700ED00E00146064A106810F054
:1030C800010009BF1368012023F004030B4308BF64
:1030D8001360704700040340034A0020136843F05C
:1030E80001031360704700BF0004034010B5026875
:1030F80052E8003F23F4907342E800310268002947
:10310800F5D10F4C02F1080353E8003F234002F1C8
:10311800080C4CE800310029F4D1C36E012B07D10B
:1031280052E8003F23F0100342E800310029F7D1AC
:103138002023C0F88C300023C366436710BD00BF4E
:10314800FEFFFFEF70470000F8B504462169A2684A
:1031580023680A4361691D68C0690A4384490243B8
:1031680029400A431A605A68E16822F440520A4327
:103178005A60804AA16993421CBF226A11439A6827
:1031880022F06E4222F430620A439A60DA6A616A77
:1031980022F00F020A43DA62774A934230D1774B22
:1031A800D3F8883003F00303022B00F0D880032BF8
:1031B80000F0C880012B00F0CC80B0F5004F40F043
:1031C800D380FFF7AFFD002877D06D4B626A616846
:1031D80033F812204B08B0FBF2F203EB4203B3FBC7
:1031E800F1F34FF6EF72A3F11001914220D823F0CA
:1031F8000F02216892B2C3F342031343CB605CE031
:10320800604A934216D15D4BD3F8883003F00C0323
:10321800082B00F0A48008D8002B40F09A80B0F565
:10322800004F78D1FFF76EFDCDE70C2B00F08A80B8
:10323800012043E0544A93420AD1504BD3F88830D6
:1032480003F03003202B00F08A80E5D9302BEDE71E
:103258004E4A934209D1494BD3F8883003F0C00352
:10326800802B7CD0D8D9C02BE0E7494A93420BD1B8
:10327800424BD3F8883003F44073B3F5007F6ED027
:10328800CAD9B3F5407FD1E73A4A9342D0D13B4BF4
:10329800D3F8883003F44063B3F5006F15D003D832
:1032A80043B9FFF72FFD07E0B3F5406FC0D14FF4E6
:1032B80000400BE0FFF7A8F840B900204FF00113D9
:1032C800A3660023C4E91D33F8BD32482C4B626A5B
:1032D800656833F8122005EB4501B0FBF2F399421B
:1032E800A6D8B3EB053FA3D800231946FDF7A8FCE1
:1032F8000023064619464FF4807768082A46E6FBFD
:103308000701FDF79DFC244BA0F540729A428FD827
:103318002368D860D1E7FFF7F5FC0028CDD0616AB3
:10332800174A636832F81120B0FBF2F000EB530043
:10333800B0FBF3F04FF6EF73A0F11002E6E7FFF7EA
:1033480063F8EAE7B0F5004F3FF43FAF4FF40040B1
:10335800E5E7B0F5004FF2D1FFF756F833E7B0F5DF
:10336800004F0C48DBD130E7FFF7DCFCD5E700BFA6
:10337800F369FFCF00800040003801400010024090
:10338800A04B02080044004000480040004C0040A8
:10339800005000400024F400FFFC0F00836A10B5C1
:1033A8001A0706D50168846B4A6822F40042224352
:1033B8004A60DC0706D50168C46A4A6822F400320C
:1033C80022434A60990706D50168046B4A6822F4CB
:1033D800803222434A605A0706D50168446B4A681E
:1033E80022F4802222434A60DC0606D50168C46BB9
:1033F8008A6822F4805222438A60990606D50168B9
:10340800046C8A6822F4005222438A605A0610D556
:103418000168446C4A68B4F5801F22F4801242EABD
:1034280004024A6005D14A68846C22F4C00222432F
:103438004A601B0606D50268C16C536823F4002352
:103448000B43536010BD2DE9F84304460D4617465B
:103458009846DDF820902268D36935EA03030CBF4B
:1034680001230023BB4201D0002022E0B9F1FF3F35
:10347800F2D0FEF783FFA0EB0800484529D8B9F140
:10348800000F26D021680B685A07E4D5802DE2D0BA
:10349800402DE0D0CE6916F008060CD0082520464D
:1034A8000D62FFF723FE00230120C4F8905084F832
:1034B8008430BDE8F883CB691B05CCD54FF4006395
:1034C80020460B62FFF712FE202384F88460C4F8BC
:1034D80090300320EDE72DE9F7439846D0F888307F
:1034E8000446202B0E4617464ED119B9012003B0C9
:1034F800BDE8F083002AF9D021230025C0F89050B8
:10350800C0F88830FEF73AFFA3688146B3F5805FBC
:10351800A4F85470A4F8567003D123690BB9354642
:103528001E46B4F856204B4692B2CDF800804AB9F0
:1035380040212046FFF787FF2023C4F88830002861
:10354800D5D008E0002280212046FFF77CFF20B17B
:103558002023C4F888300320C9E722688EB935F8DB
:10356800023BC3F308039362D4F8883003F02103C5
:10357800212BBBD1B4F85620013A92B2A4F85620B8
:10358800CFE716F8013BEEE70220B0E72DE9F74355
:103598009846D0F88C300446202B0F46164661D149
:1035A80019B9012003B0BDE8F083002AF9D022231D
:1035B8000025C0F89050C0F88C30C566FEF7DEFED6
:1035C800A3688146B3F5805FA4F85C60A4F85E60E8
:1035D8000DD12369DBB1FF221646A4F86020B4F8A8
:1035E8005E0080B2E0B92023C4F88C30DAE733B942
:1035F8002569002DEFD07F221D461646EDE7B3F171
:10360800805F0AD12369002BF5D03F22E4E740F21E
:10361800FF123D4616461F46DFE72A462E46DCE7E0
:103628004B46002220212046CDF80080FFF70BFFF3
:1036380020B120230320C4F88C30B3E723685B6AE9
:10364800334067B925F8023BD4F88C30222BA8D137
:10365800B4F85E30013B9BB2A4F85E30BFE707F8D0
:10366800013BF1E702209DE773B500260446C0F848
:103678009060FEF783FE236805461B681A071CD571
:103688006FF07E43324600934FF400110346204604
:10369800FFF7D9FE88B1226852E8003F23F0800383
:1036A80042E800310029F6D12023C4F888300320ED
:1036B800002384F8843002B070BD23681B685B0760
:1036C80024D56FF07E43002200934FF480012B46EF
:1036D8002046FFF7B8FEC8B1226852E8003F23F43D
:1036E800907342E8003122680029F5D102F10803FD
:1036F80053E8003F23F0010302F1080040E80031DD
:103708000029F3D12023C4F88C30D0E720230020EF
:10371800C4F88830C4F88C30E0662067C8E710B574
:10372800044650B3D0F888301BB980F88430FFF7CE
:1037380009FD24232268C4F88830136823F00103A4
:103748001360A36A13B12046FFF728FE2046FFF74F
:10375800FBFC012811D023682046BDE810405A68B8
:1037680022F490425A609A6822F02A029A601A68F3
:1037780042F001021A60FFF777BF012010BD000078
:1037880030B51C4B89B0DA6CF8B942F00402DA643F
:10379800DB6C03F004030093009B174B03A933F879
:1037A80010500123CDE9043303230693134B0395EB
:1037B80053F820402046FFF7C5FA20460022294644
:1037C800FFF786FB002009B030BD012808D142F080
:1037D8000202DA64DB6C03F002030193019BDCE76D
:1037E80042F00102DA64DB6C03F001030293029BEE
:1037F800D3E700BF00100240CC4B0208C04B0208C0
:1038080008B5054B012233F81010044B53F820007B
:10381800FFF75EFB002008BDCC4B0208C04B020836
:1038280008B5054B002233F81010044B53F820005C
:10383800FFF74EFB002008BDCC4B0208C04B020826
:1038480070B5214B86B0DA6C064642F00402DA64A1
:10385800DB6C002003F004030093009B4FF400533B
:10386800019302230C46CDE9030331B902911748AD
:1038780001A9FFF767FA002013E00129FBD14FF4F3
:103888008813124801A90293FFF75CFA0C23104D24
:10389800104903FB06552846FFF72CFB18B16FF0BB
:1038A800030006B070BD0C4A21462846FFF715FBF9
:1038B80002460028F3D10F211820FFF7ABFB182090
:1038C800FFF7D8FBD7E700BF00100240000802420C
:1038D80098A802200D000006E7380008704708B5D0
:1038E8000020FFF7FBFF08BD0C22024B02FB003053
:1038F800FFF706BB98A8022037B59425074B01901F
:10390800074C187801224FF47A7305FB004001A98F
:10391800FFF7E1FD019803B030BD00BF94A8022075
:10392800A4A802200A6842604A6882600A89C260C4
:103938004A8902610C2242618A894FF400418261FE
:103948000022C0E907124262FFF7E9BEFFF7EABFAB
:103958002DE9F04307460E4695B0002900F0978000
:103968004C4B4D4953F820209423434301EB030863
:10397800CA504A494A4B4B4CCDE90B13CDE90D13BC
:10398800494B4A49CDE902134FF4E163ADF80030E1
:10399800ADF80430464B9A4214BF0125002555D195
:1039A800A36D43F08053A365A36D03F08053049384
:1039B800049BFFF7CFFAE36C43F04003E364E36C46
:1039C80003F040030593059BE36C43F04003E36475
:1039D800E36C03F040030693069BE36D43F0010399
:1039E800E365E36D03F001030793079B14AB03EB57
:1039F800450939F8483C0FA90F93022310931293F5
:103A08000123119305F150030DEB030414F8503C06
:103A1800139314AB03EB850555F8240CFFF792F9C3
:103A280039F8443C55F81C0C0F9314F84C3C0FA97A
:103A38001393FFF787F9314640462FBBFFF772FF14
:103A480000B36FF0030015B0BDE8F083E36C43F0FA
:103A58000803E364E36C03F008030893089BE36C32
:103A680043F00803E364E36C03F008030993099B3C
:103A7800A36D43F48023A365A36D03F480230A9305
:103A88000A9BB3E70020DEE7FFF760FFD8E76FF097
:103A98000100D8E7B84B0208A4A802200018024287
:103AA800000C0242001002400001000280000001E8
:103AB80000800040002908B501DA0CF0FAFA036822
:103AC8008B42FADD00EB8100406808BD03460168BF
:103AD8000022012010B5914200DC10BD53F8044FBC
:103AE80001326043F7E770B50568049C042D01D0E6
:103AF8000CF0DFFA4568A5B90029F9D18668AEB996
:103B0800002AF5D1C568B5B9002BF1D10069B8B95B
:103B1800002CEDD101FB062205FB023300FB03401C
:103B280070BD0029E4DB8D42E8DCE1E7002ADFDB39
:103B38009642E7DCDCE7002BDADB9D42E6DCD7E7E0
:103B4800002CD5DBA042E5DCD2E770B515461E4651
:103B5800FFF7B0FF314604462846FFF7ABFF844223
:103B680001D00CF0A6FA70BD2DE9F04F9A464369D2
:103B7800A1B01593B0F90A30CDE91E120D93B0F932
:103B88000C30DDF8ACB00E93B0F90E300F93B0F9ED
:103B980010301093B0F902301193B0F90430129339
:103BA800C3691693836A0A93C36A0B93DDE90A32E1
:103BB800934201DD0CF07DFADAF80030042BF9D1DC
:103BC800DBF80030042BF5D12F9B1B68042BF1D1B7
:103BD80000232F9A19465046FFF7B7FF0323199081
:103BE800002158462F9AFFF7B0FF2E9BDAF81040B5
:103BF80008902BB12D98FFF769FF089B9842D9D1FF
:103C0800DAF808301A93DAF80C301B93DBF808302E
:103C18001C93DBF80C301D93DBF81030069394FBF3
:103C2800F3F3002BC6D0069A02FB1344002CC1D133
:103C3800089A92FBF3F30C93002BBBD0A1462F9B61
:103C48009B6817932F9BDB681893199B994580F203
:103C58009A80129B5B4209930023029310E0119B08
:103C68005B42079300230393039B189A9342C0F285
:103C78008880029B0E9A01330293099B134409938F
:103C8800029B179A9342EADB09F10109DDE70C9BD5
:103C9800002594FBF3F3069A099E53430495149365
:103CA800049B1C9A93422DDB2E9B13B153F82430AE
:103CB8001D441F9B284653F824201E9B53F82410AC
:103CC80009F0F2FDDDE902230546009449462F98E4
:103CD800FFF709FF169B01341D440A9B9D42B8BF9C
:103CE8001D460B9B9D42A8BF1D46309B1D54089B3B
:103CF8009C42CCDB039B0D9A01330393079B13442F
:103D08000793B1E70023079F0593059B1D9A9342EC
:103D180005DB049B01330493109B1E44C0E756EA5D
:103D2800070328D41B9BBB4225DD1A9BB34222DD27
:103D38004FF000081CE0149B324643444946009368
:103D480050463B46FFF7CFFEDDE904231390CDF83C
:103D5800008021465846FFF7C6FE139A2A9B08F1B1
:103D680001089B56159A13442C9A125602FB0355C8
:103D7800069B9845DFDB059B013305930F9B1F448A
:103D8800C3E70024B3E721B0BDE8F08F2DE9F04F79
:103D98002DED048BAE4BADF20C4D1A680F468246E2
:103DA80009F0B1FAAB4B8046394650461A6809F01B
:103DB800AAFA3C6806464CB12368032B14D1A64BDB
:103DC800394650461A6809F09EFA0446A34B39460C
:103DD80050461A6809F099FAD7F810B00546BBF1B1
:103DE800000F03D10CF065F90024EFE7D7F80C9029
:103DF800B9F1000FF6D098F80800072800F03281D2
:103E0800092800F09083012840F01484BCAF4A468A
:103E18005946384600F046FC414629A809F083FA7D
:103E2800D8F80030314630A8129309F07CFA002EF9
:103E3800D8D03368214637A8119309F074FA04B131
:103E480024680DF1F8082946404609F06CFA002D5F
:103E5800C8D02B68002145A8209309F064FAB7F967
:103E68000A30D7ED0C8A1393B7F90C3097ED0D9AF9
:103E78001493B7F90E3029AD1593B7F9103016938E
:103E8800B7F902301793B7F904301893299B042B1C
:103E9800A8D1309B30AE042BA4D13E9B042BA1D1DA
:103EA8000023424619462846FFF74FFE0323199080
:103EB800424600213046FFF748FE2D9D0D902CB15B
:103EC80037A8FFF703FE0D9B83428BD12B9B329AB9
:103ED8001A932C9B1C921B93349B339A089395FB43
:103EE800F3F31D92002B3FF47DAF089A02FB1355A4
:103EF800002D7FF477AF0D9A92FBF3F31093002B0C
:103F08003FF470AF409A419B1E921F93199BAB429E
:103F180040F35383189B5B420E9300230B9310E0EE
:103F2800179B5B420F9300230C931F9B0C9A9342A1
:103F380000F38B800B9B149A01330B930E9B134455
:103F48000E931E9B0B9A9342EADC0135DEE7109B29
:103F58004FF0000A96FBF3F39FED418A089A0E9FF3
:103F6800534321931C9B53452DDC002C6AD004EB52
:103F78008603D3ED007ADDE90B2338EE278AF4EEC9
:103F8800C88AF1EE10FAC8BFB0EE688AB4EEC89AD3
:103F9800F1EE10FA009629463EA848BFB0EE498ACD
:103FA800FFF7A1FD209B013603EB800080ED008A1E
:103FB8000D9BB342CBDC0C9B139A01330C930F9BE4
:103FC80013440F93B1E74FF0000BDDF83C801D9BC5
:103FD8005B4504DC169B0AF1010A1F44C2E757EA55
:103FE80008032AD41B9B434527DD1A9BBB4224DDCB
:103FF8004FF000091EE0219B3A464B4429460093A6
:1040080029A84346FFF76FFD129B524603EB800039
:10401800D0ED009A5B46CDF80090314630A8FFF706
:1040280062FD119B09F1010903EB8000D0ED007AD4
:10403800A9EEA78A089B4B45DDDC159B0BF1010B0C
:104048009844C4E7DFED067A95E70026B0E700BF9D
:10405800E04B0208DC4B0208D84B0208D44B02089C
:10406800000000001CB1207A022840F01F814A4657
:104078005946CAA800F048FBD9F8243041461393A2
:10408800D9F828304CA8149309F04DF9D8F8003025
:10409800314653A8169309F046F9002E3FF4A2AE14
:1040A800336821465AA8159309F03DF904B12468EC
:1040B80061AF2946384609F036F9002D3FF492AE33
:1040C8002B682693BDF932331793BDF9343318930F
:1040D800BDF936331993BDF938331A93BDF92A332C
:1040E8001B93BDF92C331C93D49B1193D59B12932E
:1040F800DDE9113293423FF775AE4C9B4CAD042B72
:104108007FF470AE539B53AE042B7FF46BAE619B70
:10411800042B7FF467AE00233A4619462846FFF77A
:1041280014FD03231D903A4600213046FFF70DFD8C
:10413800509D109034B15AA8FFF7C8FC109B8342D9
:104148007FF450AE4E9B559A1E934F9B20921F931F
:10415800579B569A089395FBF3F32192089A02FB12
:104168001355002D7FF43EAE109AAA4692FBF3F346
:10417800639A2293649B239224931D9B534540F397
:104188001C821C9B5B420E9300230B9310E01B9B2D
:104198005B420F9300230C93249B0C9A934200F3E9
:1041A80083800B9B189A01330B930E9B13440E9339
:1041B800239B0B9A9342EADC0AF1010ADDE7002609
:1041C800229BB34695FBF3F3089A0E9F534327931C
:1041D800209BB3422BDC14B154F825309B44149B2C
:1041E800584653F82520139B53F8251009F05CFB1B
:1041F800DDE90B2306460095514661A8FFF773FCDD
:10420800119B01359E42B8BF1E46129B9E42A8BF15
:104218001E46269B23F81060109BAB42CFDC0C9BFC
:10422800179A01330C930F9B13440F93B4E70023A1
:10423800DDF83C800D93219B0D9A934203DC1A9B79
:1042480001361F44C4E757EA080327D41F9B434598
:1042580024DD1E9BBB4221DD4FF000091BE0279B9C
:104268003A464B44514600934CA84346FFF73BFC63
:10427800169B324633F9103029462593CDF8009025
:104288000D9B53A8FFF72FFC159B259A1B5609F188
:10429800010912FB03BB089B4B45E0DC0D9B013376
:1042A8000D93199B9844C6E70025B5E7042840F00C
:1042B80031814A465946D8A800F026FAD9F8243060
:1042C80068AF1393D9F8283041463846149309F05B
:1042D8002AF8D8F8003031466FA8269309F023F859
:1042E800002E3FF47FAD3368214676A8259309F068
:1042F8001AF829467DA8D4F8009009F014F8002D82
:104308003FF470AD2B682493BDF96A331593BDF95A
:104318006C331693BDF96E331793BDF97033189348
:10432800BDF962331993BDF964331A93E29B119373
:10433800E39B1293DDE9113293423FF753AD689B3B
:10434800042B7FF44FAD6F9B6FAD042B7FF44AAD08
:104358007D9B7DAE042B7FF445AD00233246194684
:104368003846FFF7F2FB03231B903246002128460C
:10437800FFF7EBFB3C690E90B9F1000F06D076A869
:10438800FFF7A4FB0E9B83427FF42CAD6A9B719AC6
:104398001C936B9B1E921D93739B729A0B9394FBB9
:1043A800F3F31F920B9A02FB1344002C7FF41AAD0F
:1043B8000E9A92FBF3F37F9A2093809B219222938B
:1043C8001B9BA34240F3F9801A9B4FF0000B5B4202
:1043D80010930FE0199B5B420F9300230C93229BD1
:1043E8000C9A934200F39480109B169A0BF1010BE0
:1043F80013441093219B5B45ECDC0134E0E7209BE0
:104408000B9A95FBF3F353432793002300220D9354
:104418000023CDE90823109E1E9B0D9A934237DC9A
:10442800B9F1000F0BD0089959F8353009EBC502DE
:10443800CB185268099942EB0102CDE90832DDE94F
:104448000801149B139A53F8253052F8252009F0D7
:104458006FFA06460C9B00955A4621467DA8FFF741
:1044680042FB119B01359E42B8BF1E46129B9E42DD
:10447800A8BF1E46249B23F810600E9BAB42BEDCEF
:104488000C9B159A01330C930F9B13440F93A6E7CB
:104498004FF0000A0F9F1F9B534505DC0D9B01330E
:1044A8000D93189B1E44B7E757EA06032BD41D9BB0
:1044B800BB4228DD1C9BB34225DD4FF000081FE0FE
:1044C800279B324643442146009368A83B46FFF7A2
:1044D8000AFB269B294633F910300D9A2393CDF811
:1044E800008053466FA8FFF7FEFA259B239A1B56B8
:1044F800DDE90801C2FB8301CDE9080108F10108E3
:104508000B9B4345DCDC179B0AF1010A1F44C2E7F9
:104518000025B2E706F032FF227A0146494808F042
:10452800DBFD01204AE0307A09284DD012287BD1E2
:10453800DAF84430D9F834105046984731460746DF
:10454800F4A8D6F800A008F0EEFEF4A8FFF7BEFA2B
:104558003A460146504609F041FA4A465946E6A805
:1045680000F0D2F8D9E909A9414684A808F0DBFE91
:10457800D8F800B00DF50B783146404692AE08F0F9
:10458800D2FE2146304608F0CEFE04B12468294602
:1045980099A808F0C8FE002D3FF424AC4A465146BD
:1045A8002B68CDE90276CDE900B899A8CDE9044099
:1045B8000693E6A884ABFFF7D7FA00200DF20C4D5E
:1045C800BDEC048BBDE8F08F4A465946F4A800F0CC
:1045D8009BF8D9E909A94146A0A8A7AF08F0A3FE0E
:1045E80031463846D8F8008008F09DFED6F800B06D
:1045F800AEAE2146304608F096FE04B1246829463E
:10460800B5A808F090FE002D3FF4ECAB2B68B5A8D8
:10461800CDE9044006934A465146CDE902B6CDE9B4
:104628000087A0ABF4A8C6E706F0A8FE327A0146D8
:10463800054874E706F0A2FE98F8082001460348EA
:104648006DE700BF8D1C0208AE1C0208D11C0208D1
:10465800002313B50446CDE90033044A044B054949
:1046680008F02AFE204602B010BD00BF61490008CC
:10467800953D00085F47000810B50446184623B169
:10468800012C03D0022C06D0002010BD194401399A
:1046980091FBF0F0F9E71944029B013A5A430132C1
:1046A800891AF5E70B7B70B5012B04460D461646B3
:1046B8001AD0032B1AD0022B1BD06FF400020F4B19
:1046C80028786363226308F043FE336820706380B0
:1046D80073682046A3806B686381AB68A3812B69EC
:1046E800E3816B69238270BD0022E8E70022044B56
:1046F800E6E74FF07E53034AE2E700BFFFFF7F7F04
:104708000000C040000080BF70B51546044613691C
:104718000E465B42436153695B4283619369C3619F
:10472800D3690362136A5B424362087808F010FE9B
:104738006B682070A3802B6820466380B368A381D0
:1047480073686381736923823369E381EB6AA362C7
:104758002B6BE36270BD836B10B50BB90BF0A9FC32
:104768003821BDE8104018472DE9F04F9A460B68EC
:104778008FB01B680546023B012B0F4616461E9C50
:1047880007D96C4B6C4A0093582344696B49A0477E
:1047980011E04B68D3F80090B9F1010F0DD0012357
:1047A800CDE90293664B644A0193664B66490093D0
:1047B80044695923A047012091E0936892F800B01A
:1047C8000A935368D2F810800B9353695146199A8B
:1047D8000C93CDF800800B9B5846FFF74DFF0C9BC0
:1047E8001A9A18990D90009358460A9BFFF744FFB0
:1047F8001A9B0C9A013B53430A9A0138013302FB76
:104808000033189A0D999B1A199A23EAE373013A0F
:1048180008FB02F201F1FF380B99013201FB082273
:10482800A2EB0A0222EAE2725110D5F80C8021604C
:1048380002F00102591003F001036160A2603946D9
:1048480000224046E36008F0F9F8824638B93F4B49
:10485800009366236C692846374A384997E74A46E1
:104868003946404608F0EAF8814620B9384B0093AB
:104878006C696923EFE739460222404608F0DEF802
:10488800394683460022404608F0EDF8074620B92D
:10489800304B00936C696E23DDE79DF87430012B73
:1048A80020D1DAF80C3039462361D9F80C3040466B
:1048B8006361FB68A361D8F800309B699847D8F812
:1048C8000030514640469B699847D8F80030494621
:1048D80040469B699847BBF1000F23D100200FB0D9
:1048E800BDE8F08FD9F814300C365B684A46089357
:1048F800A36A51460793636ACDE90006069304F15B
:104908003003059304F12C03049304F1200303936B
:1049180004F11C03029328465B4608F0A1FE002818
:10492800BFD0DCE7D8F80030594640469B69984725
:10493800D4E700BF651D0208ED1C02084E1D0208E1
:10494800A1270208A31D0208891D0208B71D020835
:10495800C81D0208DA1D02082DE9F04FD1F80CA095
:104968000446884699B0BAF1000F01D10BF0A1FBBB
:10497800D1F810B0BBF1000FF8D0C668002230465D
:1049880008F071F8814668B96B4B00939623656906
:1049980020466A4A6A49A8474FF00108404619B0BC
:1049A800BDE8F08F00224146304608F047F8074638
:1049B80020B9644B009365699923E9E701224146D0
:1049C800304608F03BF8054620B95F4B009365690F
:1049D8009C23DDE73B7F99F81C2093420CD0CDE95E
:1049E80002325A4B01935A4B00939E236569204625
:1049F800524A5849A847CFE7012B07D1037F012B1B
:104A08000ED02046636954499847C5E7072B02D161
:104A1800037F092BF4E7092BF3D1037F122BF8D17D
:104A28007B692046DA689B6809926A690A93D368A9
:104A38000B9393680C93D9F81430D9689B680D913F
:104A48005168A26B89000F930E919047A26BCAF828
:104A580024000E99204690473A7F0F9B092ACAF8EE
:104A6800280001D0072A24D12968012909D0012367
:104A7800CDE90213394B0193394B00936569B9238A
:104A8800B5E7696800293FF471AF086800283FF46A
:104A98006DAF496800293FF469AF0068012808D064
:104AA80069694968884204D02E4B00936569C2231E
:104AB8006EE704930D9B414603930C9BCDE9052AB1
:104AC80002930B9B5A4601930A9B20460093099B2D
:104AD800FFF74AFE804600287FF460AF2B7F122B39
:104AE80015D1696951F804BBBBF1060F3FF73EAF1A
:104AF8004FEA8B0212A80BF01EFD4346012111AAB2
:104B08009B4514DC2046236C0AF13402984733682D
:104B1800294630469B6998473368394630469B6931
:104B280098473368494630469B69984736E752F8B4
:104B3800040F01334143E3E7DA1D0208ED1C0208C4
:104B48004E1D0208B71D0208C81D0208EC1D020808
:104B5800F91D0208891D0208051E0208971E020891
:104B6800B11E0208CB1E0208836B10B50BB90BF0FF
:104B7800A0FA3821BDE8104018472DE9F04F9A46B1
:104B8800B0F90A30A1B00E93B0F90C30CDE91E127D
:104B98000F93B0F90E30DDF8BCB01093B0F91030B7
:104BA8001193B0F902301293B0F904301393B0F9AD
:104BB8001230089343691593C3691693836A0B935C
:104BC800C36A0C93DAF80030042B01D00BF071FAA9
:104BD8002B9B1B68042BF9D1DBF80030042BF5D193
:104BE800DDE90B329342F1DC00235A461946504660
:104BF800FEF7ABFF03235A46194619902B98FEF788
:104C0800A4FFDAF808301793DAF80C301893DAF8BA
:104C180010300D932B9B0D9A9B681A932B9BDB6886
:104C28001B93DBF808301C93DBF80C301D93089BB2
:104C380002FB03F48442C9D12D98FEF747FFA04236
:104C4800C4D14FF000098EE00025DDF828800695D4
:104C5800069B1A9A934234DA0023099F079326E0A9
:104C680058EA07031ED4189BBB421BDD179B43451C
:104C780018DD059B42464946009350463B46FEF7E1
:104C880032FFDDE90623149000212B980094FEF7EB
:104C98002AFF149A2A9B9B56159A13442C9A12564B
:104CA80002FB0355079B01330793109B1F44079B87
:104CB8001B9A9342D4DB069B01330693119B9844BD
:104CC800C6E72E9B13B153F824301D441F9B28467A
:104CD80053F824201E9B53F8241008F0E5FDDDE965
:104CE80003230546009449465846FEF7FCFE169BEA
:104CF80001341D440B9B9D42B8BF1D460C9B9D4231
:104D0800A8BF1D46309B1D54089AA31B9A429BDCE2
:104D1800059B164401330593059B0D9A93420DDBC1
:104D2800049B0E9A01330493099B13440993049B33
:104D38001D9A934204DA00260596EDE73446E3E728
:104D4800039B0F9A013303930A9B13440A93039B13
:104D58001C9A934205DA129B5B4209930023049341
:104D6800E5E709F10109199B994505DA139B5B42AF
:104D78000A9300230393EAE721B0BDE8F08F00000F
:104D88002DE9F04F2DED068BD1F80C90834688461F
:104D9800ADF5597DB9F1000F01D10BF08AF9D1F8C1
:104DA80010A0BAF1000FF8D0A34B1A6808F0ADFABA
:104DB800A24B41461A680546584608F0A4FAA04B8B
:104DC8000746414658461A6808F09DFAD8F8004048
:104DD800064654B12368032B40F08680994B414620
:104DE80058461A6808F08FFA0446387A072800F0FF
:104DF800AE81092800F02A81012840F0E4820DF5EF
:104E080018784A465146404600F0FEFA394628A826
:104E180008F089FA3B6831462FA8149308F083FA02
:104E2800002EBAD03368214636A8139308F07BFACF
:104E380004B124683DAF2946384608F074FA002DBD
:104E4800ABD02B68D8ED0C8A2293B8F90A3098EDCC
:104E58000D9A1593B8F90C3028AE1693B8F90E30A0
:104E68001793B8F910301893B8F902301993B8F9B4
:104E780004301A93B8F912300D93289B042B8CD167
:104E88002F9B2FAD042B88D13D9B042B85D100236C
:104E98003A4619463046FEF758FE03233A46194665
:104EA8001B902846FEF751FE2A9B80461C932B9B9D
:104EB8001D932C9B1193319B119A1E93329B1F9328
:104EC8003F9B2093409B21930D9B534398427FF433
:104ED80064AF36A8FEF7FAFD80457FF45EAF4FF069
:104EE8000008DFED599A9EE000247EE74FF0000BA2
:104EF8009FED558A09EB0503109F12931E9B5B4596
:104F080034DD4FF0000A0F9E28E057EA060321D44B
:104F18001D9BB3421EDD1C9BBB421BDD089B3A4612
:104F28004146009328A83346FEF7DDFD149B5A46F8
:104F380003EB8000129B90ED00AA002100932FA89C
:104F48005346FEF7D0FD139B03EB8000D0ED007AAB
:104F5800AAEE278A179B0AF1010A1E441F9B534594
:104F6800D3DC189B0BF1010B1F44C7E7002C36D08C
:104F78000E9BD3ED007A38EE278AF4EEC88AF1EE5C
:104F880010FAC8BFB0EE688AB4EEC89AF1EE10FA0B
:104F9800129B414600933DA8DDE90B3248BFB0EEB5
:104FA800498AFEF7A0FD229B09F1010903EB800065
:104FB80080ED008A0E9B04330E930D9B4B4595DCC8
:104FC800089B013308930D9B1D44119B089A93423B
:104FD80008DD04EB85034FF000090E93EDE7F0EED2
:104FE800697AC8E70B9B159A01330B930F9B1344FF
:104FF8000F93219B0B9A934202DD00250895E4E765
:105008000C9B169A01330C93109B13441093209B0E
:105018000C9A934205DD199B5B420F9300230B9377
:10502800E7E708F101081B9B434559DD1A9B5B42E2
:10503800109300230C93EAE7E44B0208F04B0208B4
:10504800EC4B0208E84B020800000000307A0928FF
:105058004DD0122840F0A881DBF84430D9F834103C
:105068005846984731468046C8A8D6F800B008F098
:105078005AF9C8A8FEF72AFD42460146584608F0E4
:10508800ADFC4A465146A8A800F0F2F9D9E909A9A9
:10509800394644A808F047F9D7F800B04BAF314675
:1050A800384652AE08F03FF92146304608F03BF941
:1050B80004B12468294659A808F035F9002D3FF4B1
:1050C8006CAE4A4651462B68CDE90286CDE900B759
:1050D80059A8CDE904400693A8A844ABFFF74DFDB5
:1050E80000200DF5597DBDEC068BBDE8F08F4A46D2
:1050F8005146B8A800F0BCF9D9E90989394660A831
:1051080008F011F9D7F800A067AF3146384608F023
:105118000AF9D6F800B06EAE2146304608F003F919
:1051280004B12468294675A808F0FDF8002D3FF45D
:1051380034AE2B6875A8CDE9044006934A4641462B
:10514800CDE902B6CDE900A760ABB8A8C6E7307ACA
:10515800092840F029814A465146C8A800F088F934
:10516800D9F8243039461593D9F828307CA81693F5
:1051780008F0D9F83B68314683A8189308F0D3F8AB
:10518800336821468AA8179308F0CDF804B124683B
:1051980091AE2946304608F0C6F8002D3FF4FDAD23
:1051A8002B680DF5F87A2793BDF92A331993BDF9C1
:1051B8002C331A93BDF92E331B93BDF930331C934E
:1051C800BDF922331D93BDF924331E93BDF9323343
:1051D8000F93D29B1293D39B1393DAF80030042BCE
:1051E8007FF4DBAD839B83AD042B7FF4D6AD919B1D
:1051F800042B7FF4D2ADDDE9123293423FF7CDADF7
:105208000023324619465046FEF79FFC03233246D8
:1052180019461F902846FEF798FCDAF8083007462A
:105228002093DAF80C302193DAF810301493859B28
:10523800149A2293869B2393939B2493949B259360
:105248000F9B534398427FF4A8AD8AA8FEF73EFC13
:1052580087427FF4A2AD4FF000099BE000230022B3
:105268000E930023CDE90823DDF84480229B0E9A93
:10527800934237DD0023109F0D9329E057EA080376
:1052880021D4219BBB421EDD209B43451BDD0B9B8C
:1052980042464946009350463B46FEF724FC189B7D
:1052A800002133F910300095269383A8DDE90D32EB
:1052B800FEF719FC179B269A1B56DDE90801C2FB6D
:1052C8008301CDE908010D9B01330D931B9B1F44FE
:1052D800239B0D9A9342D1DC0E9B01330E931C9BAA
:1052E8009844C3E75CB1089954F8353004EBC5021B
:1052F800CB185268099942EB0102CDE90832DDE981
:105308000801169B159A53F8253052F8252008F005
:105318000FFB07460C9B00955A46494691A8FEF795
:10532800E2FB129B01359F42B8BF1F46139B9F4269
:10533800A8BF1F46279B23F810700F9AAB1B9A42F1
:105348008CDC0B9B164401330B93149B0B9A9342F2
:105358000DDC0C9B199A01330C93109B134410938A
:10536800259B0C9A934204DD00260B96EDE7354603
:10537800E3E7119B1A9A0BF1010B13441193249B39
:105388005B4505DD1D9B5B42109300230C93E7E70B
:1053980009F101091F9B4B457FF7A2AE1E9B4FF0F9
:1053A800000B5B421193EAE705F0E8FF0446387A00
:1053B800357A05F0E3FF2A4603462146064807F0FA
:1053C8008BFE01208DE605F0D9FF3A7A01460348A5
:1053D80007F082FEF5E700BF441F0208791F0208A4
:1053E800002313B50446CDE90033044A044B0549AC
:1053F80007F062FF204602B010BD00BFBD5600088E
:10540800894D0008714B00080B7C70B5012B0446D0
:105418000D4616461CD0032B1CD0022B1DD06FF452
:105428000002104B28786363226307F091FF33680A
:105438002070638073682046A3806B686381AB68C3
:10544800A3816B69E381AB692382EB68638270BDDA
:105458000022E6E70022044BE4E74FF07E53034ABC
:10546800E0E700BFFFFF7F7F0000C040000080BF73
:1054780070B5154604460E4613695B42436153698D
:105488005B4283619369C361D3690362136A5B42B8
:105498004362087807F05CFF6B682070A3802B6874
:1054A80020466380B368A38173686381B3692382EC
:1054B8007369E381F3686382EB6AA3622B6BE3622F
:1054C80070BD00002DE9F04F99460B688FB01B683E
:1054D80006460A93023B012B884617461E9C07D9AD
:1054E800674B684A0093582344696749A0470FE00F
:1054F8004B681B68012B0FD00122CDE90232634BA8
:10550800604A0193624B6349009344695923A04759
:1055180001200FB0BDE8F08F936892F800B00B93AC
:105528005368D2E9055A4946199A009558460C938A
:10553800FFF7A2F80B9B1A9A18990D90CDF800A0C6
:105548005846FFF799F81A9B0B9A013B0AFB03F39D
:105558000138013302FB0033189A0D999B1A199AE6
:1055680023EAE373013A6A434D1E0C99013201FBA9
:105578000522A2EB090222EAE272511021605910B9
:1055880003F00103F568E360434B02F00102616038
:10559800A260414628461A6807F050FA824638B990
:1055A8003E4B0093662374693046364A36499DE778
:1055B8003B4B414628461A6807F040FA814620B915
:1055C800384B009374696923EEE7374B41461A68F4
:1055D800284607F033FA354B414683461A68284671
:1055E80007F041FA804620B9314B009374696E2365
:1055F800DAE79DF87430012B21D1DAF80C305146E6
:105608002361D9F80C3028466361D8F80C30A361BF
:105618002B689B6998472B6849469B692846984799
:105628000A9B032B04D12B68594628469B69984747
:105638002B68284641469B699847002069E7D9F8B6
:10564800143010371B694A460893A36A51460793DA
:10565800636ACDE90007069304F13003059304F16A
:105668002C03049304F12003039304F11C03029315
:1056780030465B4607F0F4FF0028BED049E700BF7C
:10568800651D02089B1F02084E1D0208A12702087B
:10569800A31D0208891D0208E04B0208B71D020875
:1056A800DC4B0208C81D0208D84B0208D44B02087C
:1056B800DA1D02082DE9F04FD1F80CA004468846FF
:1056C80099B0BAF1000F01D10AF0F3FCD1F810B08B
:1056D800BBF1000FF8D0C6680022304607F0C3F9C6
:1056E800814660B9674B0093962365692046664AF0
:1056F8006649A8470124204619B0BDE8F08F00226A
:105708004146304607F09AF9074620B9604B0093A6
:1057180065699923EAE701224146304607F08EF988
:10572800054620B95B4B009365699C23DEE77B69DE
:10573800DA689B6809920A9343692046DA680B92F3
:105748009A680C92D9F81420D16892680D91196959
:10575800A36B89000E920F919847A36BCAF8240097
:105768000F99204698473B7FCAF82800092B31D16A
:105778002A68012A0DD00123CDE90223464B019363
:10578800464B0093B023656920463F4A4449A847E1
:10579800B0E76A68002A97D01068002894D051684A
:1057A800002991D00268012A08D0686900698242FC
:1057B80004D03C4B00936569B92397E709688A428E
:1057C80008D0394BCDE902210193384B0093656924
:1057D800BE23D9E72A7F934234D0092B2BD1122A32
:1057E80032D0092A29D1CDF818A03B7F204605934D
:1057F8000E9B5A4604930D9B414603930C9B0293C0
:105808000B9B01930A9B0093099BFFF75BFE0446E1
:1058180000287FF470AF3368494630469B69984743
:105828003368394630469B6998473368294630467D
:105838009B6998475FE7072BD3D0204663691C49CB
:10584800984757E7122BCED1696951F8043B062BCC
:105858003FF73AAF9A0012A80F930AF06CFE0022A5
:1058680001210F9B11A8934205DC2046236C0AF105
:1058780034029847B7E750F804CF01320CFB01F126
:10588800F1E700BFDA1D02089B1F02084E1D02083F
:10589800B71D0208C81D0208971E0208B11E02089B
:1058A800891D02080620020888200208AE20020886
:1058B800CF200208836B10B50BB90AF0FAFB302130
:1058C800BDE81040184700002DE9F04FD1F80CA0B2
:1058D80004460F46C5688FB0BAF1000F01D10AF02F
:1058E800E8FBD1F810B0BBF1000FF8D0564B2846B2
:1058F8001A6807F0A3F8804660B9544B0093302328
:1059080065692046524A5349A847012420460FB0EA
:10591800BDE8F08F504B394628461A6807F08EF8D4
:10592800064620B94D4B009365693323E9E74C4B94
:1059380039461A68284607F081F84A4B39468146A5
:105948001A68284607F08FF8074620B9464B009397
:1059580065693823D5E798F81C003B7F834212D04D
:10596800666905F00BFD0546387F05F007FD3F4BDE
:10597800CDE9025001933E4B20460093344A392327
:105988003C49B047C1E70128337F0DD1012B2DD009
:1059980005F0F4FC0446307F05F0F0FC2146024691
:1059A800354807F099FBB0E7092819D1092B1DD014
:1059B800122BEDD1716951F8043B062B8FDC9A004C
:1059C80008A805930AF0B7FD00220121059B07A846
:1059D800934232DC2046236C0AF12002984705E006
:1059E800072801D1092BD2E7122BE3D098F81C2005
:1059F8009BF8001020464346CDE9027ACDE90069BC
:105A080000F0FAFD0446002880D12B68414628465C
:105A18009B6998472B68314628469B699847B9F196
:105A2800000F04D02B68494628469B6998472B6885
:105A3800394628469B69984768E750F804CF0132F1
:105A48000CFB01F1C4E700BF004C0208B71D0208B7
:105A58006B2102084E1D0208FC4B0208C81D0208F3
:105A6800F84B0208F44B0208DA1D0208EC1D020884
:105A7800F91D0208D0210208EA210208002938B5D8
:105A88000346046801DBA14201DB0AF012FB002295
:105A9800012004338A420CBF012553F822500132F9
:105AA800944205FB00F0F5DC38BD2DE9F04F8DB0D0
:105AB8000A930368176802934368012F0393836866
:105AC80015460493C368179C0593036909910693C7
:105AD800436900938369019301DC0AF0EAFA2668B6
:105AE800002EFADDDDE900329342F6DC013E314654
:105AF8002046FFF7C3FF314607902046FDF7DAFF3F
:105B0800B91E04462846FDF7D5FF8442E5DC284641
:105B1800791E0026FDF7CEFFB1460546B246079B23
:105B280053453FDD4FF00008189B474603EB090B30
:105B380028E01EF9012B039908921CF9012B013367
:105B48000A440B920299089A0A4411460B9A01FBDF
:105B580002009D42EDDC169B13B153F82730184420
:105B6800DDE9051207F0A0FE049B01371844009BED
:105B7800A8449842B8BF1846019B9842A8BF184647
:105B88000BF8010BBC4208DD099B03EB060E0A9BD0
:105B980003EB080C00231846DBE70AF1010AA144CD
:105BA8002E44BCE70DB0BDE8F08F0000002313B50C
:105BB8000446CDE90033044A044B054907F07CFB51
:105BC800204602B010BD00BFD1580008E95B0008AC
:105BD800BD58000808B508B90AF06BFA006808BD96
:105BE8002DE9F04F2DED028BD1F810A081460D461E
:105BF800ADF2145DBAF1000F01D10AF05AFABD4BAB
:105C08001A6807F080FBBC4B29461A68804648464C
:105C180007F079FBB94B29461A680746484607F04A
:105C280072FBB74B294604461A68484607F06DFBD5
:105C3800ED680646002DE0D098F80800072800F027
:105C4800C981092800F08F80012840F09C84F4ADB8
:105C580028469AF8001000F0B3FC414614A807F053
:105C680062FB0DF16C09D8F80030394648460593B7
:105C780007F059FB002FC0D03B68214622A81F46D9
:105C880007F051FB04B124680DF1A40A31465046CF
:105C980007F049FB002EB0D0336850460793299B84
:105CA800D9F8006003F1FF3B5946FFF7E7FEB11E44
:105CB80006904846FDF7FEFE95ED078AD5ED088A61
:105CC800594605465046FDF7F5FE854295D14846AA
:105CD800711EFDF7EFFE002302469C461846DFEDD5
:105CE800896A0699614540F387800026079901EB88
:105CF8008009059901EB8308314622E0BAEC016A74
:105D0800BBEC017AE6EE077A0EF1010E7245F5DC7E
:105D18000CB304EB810E9EED007A77EE877AB4EE31
:105D2800E78AF1EE10FAC8BFF0EE487AF4EEE78A97
:105D3800F1EE10FA48BFF0EE687AE9EC017A013129
:105D48001644A9420ADAC2464FF0000EDFED6D7A1A
:105D580007EB860BDAE7B0EE667ADEE70CF1010CAA
:105D680028441344BDE7387A092851D0122840F056
:105D78000084D9F84430296A48469847814638460D
:105D8800FFF728FF394682460DF59D6007F0CBFAEC
:105D980000230121DDF8E8240DF59D6C934232DBE8
:105DA8004A46504607F01AFE2946FEA800F0F6FBC0
:105DB800414630A807F0B7FA4046FFF70BFF3946CF
:105DC800054637A807F0AFFA21463EA807F0ABFA18
:105DD80004B1246845AF3146384607F0A4FA002ECE
:105DE8003FF40BAF33682946CDE901734B46009465
:105DF80037AAFEA8FFF759FE00200DF2145DBDEC8E
:105E0800028BBDE8F08F5CF8040F01334143C5E70E
:105E180095F82C302946002B00F0AF800DF58460F2
:105E280000F0BCFB6B6A41460993AB6A4CA80A9325
:105E380007F079FA4046FFF7CDFE53AD39460B908F
:105E4800284607F070FA3846FFF7C4FE21460C9042
:105E58005AA807F068FA04B1246861AF3146384699
:105E680007F061FA002E3FF4C8AE3368D5F8008019
:105E78001093DDF82034B8F1010F0D93DDF82834C4
:105E88000E93DDF834340593DDF8383406937FF744
:105E9800B4AE619E002E7FF7B0AEDDE905329342C5
:105EA8003FF7ABAE013E31463846FFF7E7FD3146D6
:105EB8000F903846FDF7FEFDA8F102010646284678
:105EC800FDF7F8FD86423FF798AE08F1FF31284606
:105ED8004FF00008FDF7EEFDC2460746C3460F9B8C
:105EE8005B4589DD4FF00009109B4D4653440893EC
:105EF80033E000BF004C0208FC4B0208F84B0208D4
:105F0800F44B02080000000007991CF9012B11F955
:105F180001EB013307910D990A440EFB02009F42E1
:105F2800F2DC14B154F8253018440A9BB94453F8EC
:105F38002520099B53F8251007F0B6FC0E9B013568
:105F48001844059B9842B8BF1846069B9842A8BFBC
:105F58001846089B03F8010B0893AE4208DD0B9B1B
:105F680003EB080C0C9B4B44079300231846D6E719
:105F78000BF1010BB244B844B1E70DF5896000F0AC
:105F88000DFB414668A807F0CEF94046FFF722FE10
:105F9800394605466FA807F0C6F93846FFF71AFED6
:105FA8002146074676A807F0BEF904B124680DF526
:105FB800FA783146404607F0B6F9002E3FF41DAE98
:105FC80033682946CDE9018300943B466FAA0DF555
:105FD80089600FE7387A092840F0CB821CB1237A10
:105FE800022B40F0548195F82C302946002B00F004
:105FF800A4800DF58E6000F0D1FA6B6A41460993D2
:10600800AB6A84A80A938BAD07F08DF9D8F80030F5
:10601800394628460C9307F086F93846FFF7DAFD2B
:1060280021460B9092A807F07EF904B1246899AF35
:106038003146384607F077F9002E3FF4DEAD336875
:106048002E681093DDF87034012E0D93DDF8783446
:106058000E93DDF884340693DDF8883407937FF7D0
:10606800CCAD999B002B7FF7C8ADDDE906218A42AC
:106078003FF7C3AD03F1FF3841463846FFF7FEFC52
:1060880041460F903846FDF715FDB11E07462846D4
:10609800FDF710FD87423FF7B0AD711E2846002678
:1060A800FDF708FDB2468046B3460F9B5B457FF778
:1060B800A3AE4FF00009109B4D4603EB4A0305932E
:1060C8000C9B03EB4603119328E008991CF901EB9C
:1060D80031F9022B013308910D990A440EFB020095
:1060E8009845F2DC14B154F8253018440A9BC14491
:1060F80053F82520099B53F8251007F0D5FB0E9B74
:1061080001351844069B9842B8BF1846079B984229
:10611800A8BF1846059B23F8020B0593AF4207DD7D
:106128000B9B03EB090C119B089300231846D7E738
:106138000BF1010BBA444644B7E70DF5936000F044
:106148002DFA4146A0A807F0EEF8D8F800303946F5
:10615800A7A8099307F0E7F83846FFF73BFD214663
:106168000890AEA807F0DFF804B12468B5AF31464F
:10617800384607F0D8F8002E3FF43FAD3368A79EA5
:106188001193DDF89834012E0A93DDF89C34A7ADFD
:106198000B93DDF8A0340C93DDF8A4340D93DDF8EF
:1061A800A8340E93DDF8AC340593DDF8B0340693CB
:1061B8007FF723ADB59B002B7FF71FADDDE90521E8
:1061C8008A423FF71AAD03F1FF3841463846FFF7D8
:1061D80055FC41460F903846FDF76CFCB11E8346CE
:1061E8002846FDF767FC83453FF707AD2846711E33
:1061F8000025FDF75FFCA9460646AA460F9B5345B6
:106208007FF7FAAD4FF00008119B474603EB4903AF
:106218000793099B03EB4503129329E03CF9022BF2
:106228000B9910921EF9012B01330A4413920A9913
:10623800109A0A441146139A01FB02009E42EDDCB3
:1062480014B154F827301844DDE90D1207F02CFB7F
:106258000C9B01371844059BB0449842B8BF1846B8
:10626800069B9842A8BF1846079B23F8020B079382
:10627800BB4507DD089BDDF848C003EB080E00238B
:106288001846DBE70AF1010AD9443544B6E7042B7E
:106298007FF4B2AD95F82C302946002B00F0B2807F
:1062A8000DF5986000F07AF96B6A41460993AB6A7C
:1062B800BCA80A93C3AD07F036F8D8F800303946C1
:1062C8002846119307F02FF83846FFF783FC21463C
:1062D8000B90CAA807F027F8D4F80090D1AC314643
:1062E800204607F020F8002E3FF487AC3368C39DA2
:1062F8001093DDF8C034012D0C93DDF8C8340D93EC
:10630800DDF8D4340693DDF8D83407937FF775ACFD
:10631800D19E002E7FF771ACDDE9063293423FF73C
:106328006CAC013E31462046FFF7A8FB31460E9083
:106338002046FDF7BFFBA91E8346C3A8FDF7BAFB9D
:1063480083453FF75AAC691EC3A80025FDF7B2FB89
:10635800A8460646AA460E9B53457FF74DAD002733
:10636800109B3C4603EB48030893119B03EB450342
:10637800129337E01EF9013B3CF9021B0F930C9B6B
:1063880001320B440F994B430599181841EBE373FD
:1063980005939642EEDCB9F1000F0AD059F8343073
:1063A80009EBC402C31818465268059B43EB020365
:1063B80005930A9B099A53F8243052F8242005992A
:1063C80007F0B6FA0D9B01341844069B37449842EF
:1063D800B8BF1846079B9842A8BF1846089B23F8E1
:1063E800020B0893A34508DD00220B9B1046DDF83D
:1063F80048C003EB070E0592CBE70AF1010AD8441F
:106408003544A8E70DF59D6000F0C8F84146D8A8C6
:1064180006F089FFDFADD8F80030394628461293D8
:1064280006F081FF3846FFF7D5FB21460A90E6A81B
:1064380006F079FFD4F80090EDAC3146204606F01E
:1064480072FF002E3FF4D9AB3368DF9D1193DDF85E
:10645800E834012D0B93DDF8EC340C93DDF8F034BF
:106468000D93DDF8F4340E93DDF8F8340F93DDF86E
:10647800FC340693DDF8003507937FF7BEABED9E3D
:10648800002E7FF7BAABDDE9063293423FF7B5AB92
:10649800013E31462046FFF7F1FA3146109020467A
:1064A800FDF708FBA91E8346DFA8FDF703FB83451C
:1064B8003FF7A3AB691EDFA80025FDF7FBFAA84646
:1064C8000646AA46109B53457FF796AC0027119BBA
:1064D8003C4603EB48030993129B03EB45031393D4
:1064E80037E03EF9023B01321946089B13F901CB0C
:1064F80008930C9B9C440B9B194401FB0CF30599D6
:10650800181841EBE37305939642EADCB9F1000FE2
:106518000AD059F8343009EBC402C3181846526837
:10652800059B43EB02030593DDE90E23059907F06C
:10653800FFF90D9B01341844069B37449842B8BFB5
:106548001846079B9842A8BF1846099B23F8020BD8
:106558000993A34508DD00220A9B10463B44DDF859
:106568004CE008930592CFE70AF1010AD844354474
:10657800A8E704F003FF98F808200146054806F04C
:10658800ABFD012039E404F0F9FE98F80820014633
:106598000148F4E71D220208791F02084A6952429D
:1065A80002608A6952424260CA6982600A68C260AF
:1065B8004A6802618A684261CA688261704700005D
:1065C800012909D0032909D002290AD06FF4000251
:1065D800064BC261036270470022F9E70022044BB0
:1065E800F7E74FF07E53034AF3E700BFFFFF7F7FD3
:1065F8000000C040000080BF2DE9F04F91B0099124
:106608000021DDE91CA5012A1E46DDE91A730446AE
:1066180085F82C1000F0BB803A68012A40F08E8083
:10662800D7F80480B8F1000F00F08880D8F800107F
:1066380051B9584B584A009344694B235749A047CE
:10664800012011B0BDE8F08FD1F80090B9F1010F29
:1066580074DD337F85F82C20092B01D0072B02D15C
:106668003B7F122B08D14E4B20460093656963236C
:10667800494A4A49A847E3E77B69D8F8082003EB69
:1066880082035B6899450CD0CDE90293454B2046BF
:106698000193454B404A009365696B234349A847DA
:1066A800CEE74FEA890B5946A36B204698475946CF
:1066B800A36B686220469847D6ED027ACDED057A3D
:1066C800DAED027AD8F80030CDED087A4FF00008FC
:1066D800A86203F1040BFBEC017A0598CDED067A6C
:1066E800F9F7F4FECDE90A010698F9F7EFFE02463C
:1066F8000B46DDE90A01F9F741FFCDE906010898E3
:10670800F9F7E4FE02460B46DDE90601FAF760F800
:1067180041EC100B0EA90DA807F07CF96B6A0D9AD5
:1067280043F82820AB6A0E9A43F8282008F101089C
:10673800C145D0D1FB68BBB109F0BBFC00200021EA
:106748000EAACDE90E01CDE900A231463A4620460F
:1067580006F0A2FE00287FF474AF28469DED0E0BCC
:10676800291D07F057F9E5E7F2682046C5E9052332
:106778005246DAF80C300999EB6105F10C031A93CB
:1067880005F1080311B0BDE8F04F06F0DFBE08467A
:1067980057E700BFAC220208402202084E1D02083B
:1067A800C72202084323020880230208891D020821
:1067B800836B10B50BB909F07CFC1021BDE81040C3
:1067C8001847000080FB0132002A10B50C4CA8BF06
:1067D8004FF08044B0F1004F08BF88420DD0E31855
:1067E80042EBE472002A04DA6FF000415B1842F1D0
:1067F8000002D80F40EA420010BD6FF00040FBE7EE
:10680800010000C02DE9F0474FF0000906460125B8
:106818004C46D0F800A0CA4503DC28462146BDE80E
:10682800F087012D74F10003F7DB2A4623466FF049
:1068380000400021FAF7B4F956F8048F4FEAE877D8
:10684800804577EB010105DB0749084806F044FC61
:1068580009F02FFC6F4308FB0477A5FB085409F1E6
:1068680001093C44D7E700BF9E230208EE3902081D
:10687800002313B50446CDE90033044A044B054907
:1068880006F01AFD204602B010BD00BF3D7000089A
:106898001D6C0008B96700086FF00042C317801824
:1068A80043F10003B3F1FF3F08BFB0F1FF3F15BF4D
:1068B8000122024600211946801843EB010370B5F6
:1068C800DD0F2D1843F100036D0845EAC37528460E
:1068D8002C49FFF777FF032600F15A342146284652
:1068E800FFF770FFC0F100512046FFF76BFFB0F1D2
:1068F800005F2CDAB0F1604F23DD00228000002118
:1069080020EA010321F000414B4023EA020302F090
:1069180000425340013E1C44E0D1B4F1804F26DAD6
:10692800B4F1404F1DDD30462419002624EA060440
:1069380026F00046744024EA000400F0004060405D
:1069480070BD4FF0FF3208D14FF00040D7E700226A
:106958004FF0FF316FF00040D2E700214FF00040C8
:10696800CEE70AD14FF000444FF0FF30DDE7304664
:106978006FF000444FF0FF36D8E74FF0FF304FF08C
:106988000044D3E7C4C3C3C3704708B5FFF71AFF71
:1069980008BD00002DE9F04104461A48FFF7F4FF4E
:1069A80005461948FFF7F0FF04F1805407462146D1
:1069B8002046FFF7EAFF21460646FFF7E6FF314685
:1069C80080463046FFF7E1FFC20F013200F00301B5
:1069D80083108A42B8BF0133394603EB0800FFF73A
:1069E800D4FF831903F00102B2EBD37FCCBF01219E
:1069F800002101EB630128462144FFF7C6FF284424
:106A0800BDE8F08194A8F570ABAAAA2A2DE9F04157
:106A180040F07E4406462001FFF7BCFF0746414888
:106A2800FFF7B2FF01463846FFF7AFFFA41B04F09B
:106A38000075002D14BF80464FF00008C5F340656F
:106A4800013D05EA070088EA00083748FFF79CFF80
:106A580001464046FFF799FF04F08065002D14BFFA
:106A6800074600273148FFF78FFFC5F38065013DD2
:106A780005EA08056F4001463846FFF786FF04F02F
:106A88000065002D14BF80464FF000082848FFF726
:106A98007BFFC5F3C065013D3D4088EA0508014616
:106AA8004046FFF772FF04F08055002D14BF0746DB
:106AB80000272048FFF768FFC5F30075013D05EA88
:106AC80008056F40014604F000583846FFF75DFF9F
:106AD800B8F1000F08BF0020C8F34075013D3D40E4
:106AE80045401548FFF750FF04F08044014628460A
:106AF800FFF74BFF002C08BF0020C4F38073013B55
:106B0800002E03EA050383EA000314BF4FF0FF30A9
:106B1800002003EA00030CBF6FF00040002058403B
:106B2800BDE8F0817BBEAF63F2CBA24D6CAC162FF3
:106B3800A4AA5211B72A580211FE0A002DE9F74FEC
:106B4800824689460025CDE90023DFF8C4B00C9BB6
:106B58009D4202DB03B0BDE8F08F0D9BC9F1000236
:106B68005857A0EB0A0082424CDA48454DDADDE975
:106B7800001206F099FE0028D5BF00224FF0FF381A
:106B880090460246D8BFB0FA80F4C0F1000020EA6F
:106B9800080080EA0200D8BF6409C0F10000CCBF39
:106BA80000246442FFF732FFFFF776FE06464FF0F7
:106BB8008040FFF7E9FE6FF0004C6FEA0807ACEB86
:106BC800060C0CEA070108EA060881EA08022040D8
:106BD80022EA040242400BEBD270C2F31601D2152E
:106BE8008842B8BF0132803A12F1800F07DB802A51
:106BF80008BF7F2252B20E9B5A550135A7E76FF0A6
:106C08007F02F7E76FF07F02F5E77F22F3E700BF27
:106C1800FFFF3F002DE9F04F2DED048B6F4B93B034
:106C28001A6804460D4606F06EFB6D4B07461A6857
:106C38002046294606F069FBEB6804460BB909F0C3
:106C480038FA387A012856D1237A012B40F0A180EE
:106C5800394604A806F067FB21460BA83D6806F0F4
:106C680062FB04990B9B26689942E8D104AB1C4649
:106C780000200BAA814213DC00220127914217DC75
:106C88002C46DFED588A0025B7EE008ABAEE029A44
:106C9800BD4212DB002013B0BDEC048BBDE8F08FC1
:106CA80052F804CF54F8047FBC45C8D10130E1E75D
:106CB80053F8040F01324743E0E7B4EC010AB4EE9D
:106CC800E80AF1EE10FA13DCB4EEC90AF1EE10FA94
:106CD80005D508F06BFDA6EC010A0135D8E7B1EE41
:106CE800400A08F063FD70EE087A88EE270AF2E79A
:106CF800B7EE000AEFE7072858D1227A072A48D1C9
:106D0800D3E902657868FFF77DFD002DD7F800E02C
:106D1800D4F8008093DBAEBB0323AB40374635463F
:106D28001E4600223049DFF8CCC0304C9042B1DD1D
:106D38003EF9129006FB097949FA05F989EAE97AD8
:106D4800AAEBE97ABAF5FF3F28BF0B464FEA5A2B60
:106D58003FBF3CF81B300BF1010B3CF81BB0CAF3EA
:106D6800080A3EBFABEB030B5B020AFB0B33B9F11E
:106D7800000FACBF03F50073E31A9B0A28F8123022
:106D88000132D3E71DB101276B1E9F40C9E72F468B
:106D9800C7E704F0F3FA0546207A04F0EFFA29462B
:106DA8000246134806F098F9012074E70928F0D143
:106DB800227A092AEDD1D3E90056D3E90289786805
:106DC800FFF720FD2368424602933B683146CDE930
:106DD80000034B462846FFF7B1FE5BE7084E020862
:106DE800044E0208CFF3844100FCFF01FF010002BA
:106DF800D0230208044C02082DE9F04FD0F80CB05B
:106E0800044616465846002287B00F4605F016FE7F
:106E1800054658B9744B0093272365692046734A81
:106E28007349A847012007B0BDE8F08F3946002212
:106E3800584605F018FE074620B96E4B0093656961
:106E48002A23EBE7287F3B7F834212D0666904F050
:106E580095FA0546387F04F091FA674BCDE9025060
:106E68000193664B20460093604A2C236449B0473F
:106E7800D8E7092B36D1FB6813F1800F0ED06FF0DD
:106E88007F02CDE902325F4B01935F4B00932E23C3
:106E980065692046554A5D49A847C3E7A868F9F7D8
:106EA80015FB00225A4BF9F769FB41EC100B3046F1
:106EB800EB6840F80C3B08F047FC0022554B51ECBE
:106EC800100BF9F75BFB41EC100B08F021FE51ECBD
:106ED800100BF9F7EDFD1F22B060F168042006F0F1
:106EE8005BFE70602B7F072B6AD1EB684BB10022E9
:106EF800CDE90232484B0193484B0093656946231C
:106F0800C7E7D7F80CA0BAF1000F08D0CDE902A363
:106F1800414B01933C4B009365694723B9E795EDD5
:106F2800020A04A806F07AFE049B0C33F3606BB9DE
:106F380060B1C6F808A097ED020A05A806F06EFE33
:106F480078BB374B00936569652367E7A868F9F74D
:106F5800BDFA0022334BF9F711FB0022324BF9F747
:106F68000DFB1FA3D3E9002380468946F9F782FD6C
:106F780010B1BAF11F0F0BD140464946C6F80CA014
:106F8800F9F796FDB0F5004FB060D4DB09F091F841
:106F980042464B46404649460AF1010AF9F738F994
:106FA800DFE7059B13F10F0F0AD06FF00E02CDE952
:106FB80002321E4B01931E4B00936569672368E7F5
:106FC800DBF80030294658469B699847DBF80030C3
:106FD800584639469B699847002024E7AFF300805C
:106FE80000000000C0FFCF40B71D0208F3230208CD
:106FF8004E1D0208DA1D0208EC1D0208F91D0208E0
:10700800D021020858240208642A0208891D0208AF
:107018000000A0410000E041254502087B24020849
:10702800942402080000B04000000840D22402085E
:10703800E9240208CA6808B50AB909F03AF8BDE8AF
:107048000840FFF7D9BE2DE9F84304460E4690469E
:1070580000250768BD4212DB002E1DDBBE421BDA8D
:107068000120002304349E420CBF012254F823203F
:1070780001339F4202FB00F0F5DCBDE8F883B5421E
:107088000CD029462046FCF715FD29468146404686
:10709800FCF710FD814501D009F00BF80135D9E75F
:1070A800C31103F580739BB231F8132001EB430140
:1070B8004B8840219B1A00F07F0013FB001302EB62
:1070C800E31000B2704700002DE9F04F0C460F683E
:1070D80089B0013F3946069205461A4620461E46A3
:1070E800FFF7B1FF3B463946049032462046FCF78D
:1070F8002CFD0027044647F6FF780197019B049A68
:10710800934202DB09B0BDE8F08F069B002203EB37
:10711800470B59464A4B7E00A24241DB4FF0000A1A
:10712800D146129A16440596A24540DBB9FA89F26F
:107138004FEAE973501EA2F12101834009FA01F1D7
:107148009246C2F1210229FA02F20B4309FA00F928
:1071580019F5005043EA020343F10003800B40EAAB
:107168008340A0F5C03010F5004F3EDB4045A8BF76
:107178004046E96A00B2FFF793FF4FF0010C002187
:10718800CAF11F03DBB25A1E0CFA02FC4FEAEC727A
:107198000792A1422BDB019B274401330193ADE702
:1071A80031F9020B01328342B8BF0346B4E73BF919
:1071B800020BD5E90212C01A079306F075FB40448A
:1071C80010F5004F079B0EDB4045A8BF4046A96A53
:1071D80000B20793FFF764FF079B26F81A00814463
:1071E8000AF1010AA0E71648F1E71548C1E7079A2E
:1071F800CDF808C00392059ADDE902AB32F81120F8
:10720800C3F12009C2FB80ABB3F1200E2AFA03F2C6
:107218000BFA09F942EA09025CBF4BFA0EFE42EA90
:107228000E02002A08DBB2F5004FB4BF9646C646E8
:1072380026F802EB0131ACE74FF0000EF8E700BF8B
:107248000080FFFF002313B50446CDE90033044A4C
:10725800044B054906F030F8204602B010BD00BFC7
:107268007D7D00085D760008697D0008002910B55D
:1072780006DA4FF4B3710C4B0C4A0D4808F020FFA6
:107288001F2904DD40F267110A4B084AF5E701237C
:107298008B40C20F013B03EA000402EB6303084181
:1072A8009C42C8BF013010BD032502081125020801
:1072B8006B250208EB2502082DE9F04140F07F44D8
:1072C80007466001FFF766FB80464848FFF75CFB0E
:1072D80001464046FFF759FBE41B04F08075002D7A
:1072E80014BF06460026C5F30065013D05EA0800FF
:1072F80046403F48FFF748FB01463046FFF745FB4D
:1073080004F00075002D14BF80464FF0000839487E
:10731800FFF73AFBC5F34065013D354088EA0508AB
:1073280001464046FFF731FB04F08065002D14BF8D
:10733800064600263048FFF727FBC5F38065013D68
:1073480005EA08056E40014604F000653046FFF77F
:107358001CFB002D08BF0020C5F3C065013D35406A
:1073680045402648FFF710FB04F0805801462846A0
:10737800FFF70BFBB8F1000F08BF0020C8F3007639
:10738800013E2E4046401E48FFF7FEFA04F0005822
:1073980001463046FFF7F9FAB8F1000F08BF0020A0
:1073A800C8F34075013D35404540F220FFF7ECFA3F
:1073B80004F0804401462846FFF7E7FA002C08BF8E
:1073C8000020C4F38073013B002F03EA050383EA1E
:1073D800000314BF4FF0FF30002003EA00030CBF86
:1073E8006FF0004000205840BDE8F0817BBEAF63DD
:1073F800F2CBA24D6CAC162FA4AA5211B72A580290
:1074080011FE0A002DE9F04F0C461D460E688368F0
:1074180087B0013E0093C36831460492D0F818B093
:107428002A4620460193FFF70EFE2A46029033466D
:1074380020463146FCF789FB00250446AA46029BF4
:107448009A4502DB07B0BDE8F08F049B6FF07F0917
:107458005F193A460023A3421EDB4FF000083B4663
:107468004646A6421FDBB8FA88F608FA06F000F18D
:107478000040FFF711FAC6F11B061F2E039027D80C
:10748800109B4FF4004203EB45080023A34221DB85
:107498000AF1010A2544D2E712F9011B0133894593
:1074A800B8BF8946D7E713F9010BA0EB090083455C
:1074B8000CDC0393DDE900139840FFF783F9FFF72D
:1074C800FBFE0C21FFF7D2FE039B80440136C8E780
:1074D80008F0EFFD17F9010BA0EB0900834523DC49
:1074E8000593DDE900139840FFF76CF9FFF7E4FE18
:1074F80001460398FFF749FA3146FFF7B7FEA0F5B2
:107508000040B0F5004F4FF40042059B09DA0849E6
:107518008842B8BF0846A8F80000013308F10208FD
:10752800B4E747F6FF70F6E7A8F80020F5E700BFD4
:107538000080FFFF2DE9F04F0C461D460E6883685A
:1075480087B0013E0093C36831460492D0F818B062
:107558002A4620460193FFF776FD2A4602903346D5
:1075680020463146FCF7F1FA00250446A946029B5D
:10757800994502DB07B0BDE8F08F049B6FF07F08E8
:107588005F193A460023A3421CDB4FF0000A3B4632
:107598005646A6421DDBBAFA8AF60AFA06F000F148
:1075A8000040FFF779F9C6F123061F2E039025D86E
:1075B8004FF0000A109B2B44A24521DB09F1010979
:1075C8002544D4E712F9011B01338845B8BF884622
:1075D800D9E713F9010BA0EB080083450CDC0393F2
:1075E800DDE900139840FFF7EDF8FFF765FE0C2181
:1075F800FFF73CFE039B82440136CAE708F059FDB9
:1076080017F9010BA0EB080083451EDC0593DDE9A3
:1076180000139840FFF7D6F8FFF74EFE014603988F
:10762800FFF7B3F93146FFF721FE80387F28059B25
:1076380009DC6FF07F029042B8BF104618700AF15B
:10764800010A0133B8E77F20F8E76FF07F021A706C
:10765800F5E700002DE9F04F2DED048B0022B1B0C5
:107668000C46054605F04FFE0022074621462846EF
:1076780005F04BFED4F80CC00646BCF1000F01D152
:1076880008F017FD654622AC0FCD0FC40FCD0FC40F
:107698000FCD0FC495E8030084E80300387A072863
:1076A80000F0978009286FD0012840F0A7809CED52
:1076B800007B394606A88DED047B05F034FE3B6857
:1076C80031460DA8039305F02EFE002ED8D0069C57
:1076D8003368013C21460DAA06A80293FFF7B3FCC4
:1076E8002346214680460DAA06A8FCF72EFA002656
:1076F80004463746B84505DC002031B0BDEC048BA4
:10770800BDE8F08F039B9FED428A03EB860B594639
:107718000022B50094420EDC029B4FF000091D4484
:10772800AA46DFED3C8A4C4511DC00239C4223DC51
:1077380001372644DEE7F1EC017AF4EEC87AF1EE7F
:1077480010FA02F10102C8BFB0EE678AE2E7DDE98C
:107758000401BBEC019AF9F7D3F939EE489A00EE27
:10776800100A29EE000A08F021F809F10109AAEC2B
:10777800010A78EE808AD6E795ED007AC7EE287A76
:107788000133E5EC017AD1E7337A3946072B1BA898
:107798000FD105F0C8FD314614A83C6805F0C3FDBB
:1077A8003368224600931BA914AB22A8FFF72AFED0
:1077B800A2E705F0B8FD314614A83C6805F0B3FD12
:1077C8003368224600931BA914AB22A8FFF7B2FE28
:1077D80092E739461BA805F0A6FD314614A83C6877
:1077E80005F0A1FD002E3FF44BAF3368224600930D
:1077F8001BA914AB22A8FFF767FC7DE703F0BEFDC9
:107808003A7A0146044805F067FC012075E700BF95
:10781800FFFF7FFF00000000D11C0208F7EE007A8E
:1078280030EE270A87EE800A704707F0BFBF0000D6
:10783800F8B547F6FF741E46504B15461A1A2DED3B
:107848000C8B0AEE102A221A09EE102AB8EECAAAE0
:10785800B8EEC99A2AEE00AA29EE009ADFED487A16
:1078680079EE4ACA5B1A6CEEA7CA07EE903A631A19
:10787800B8EEE77A07EE903AF8EEE77A67EEA07A84
:10788800F6EE00AAE7EE607A9FED3E7A2CEEAABAF1
:1078980087EE27CA0024DFED3C9ADFED3C8AB71E4D
:1078A80007EE904AF0EE4ABAF8EEE77AECEEA7BA9D
:1078B800B0EE6B0AA8470134B0EE408A3BEE2B0AC3
:1078C800A84707EE904AB0EE40DAF8EEE77AB0EE55
:1078D8004A0AACEEA70AA847F0EE40BA2CEE080A0E
:1078E80008F064F9B0EE408AACEE2B0A20EE2A0AC2
:1078F80008F05CF9F0EE40BA2CEE0D0A08F056F9E3
:107908003BEEC00A20EE2A0A08F050F938EE408A09
:10791800B4EEE98AF1EE10FA48BFB0EE698AB4EE27
:10792800E88AF1EE10FAC8BFB0EE688ABDEEC88AE0
:1079380018EE103AB4F5007F27F8023FB0D1B0EE48
:10794800490AA8472CEE000A08F030F9B4EEE90A13
:10795800F1EE10FA58BFF0EE409AF4EEE89AF1EE24
:1079680010FAD8BFF0EE698AFDEEE88A18EE903A70
:10797800BDEC0C8BA6F80034F8BD00BF0080FFFFFB
:107988000000003B00008047000000C700FEFF46E3
:107998002DE9F0432DED028B99460B7F89B0072B1B
:1079A80004460F461546129E1AD140F20241836BD7
:1079B800984740B9AA4B0093272365692046A94AEE
:1079C800A949A84769E0B06240F202412046A36B8A
:1079D800984720B9A54B009365692B23EEE7F06221
:1079E8002A7F3B7F072A0AD1092B00F09281072BB7
:1079F80000F070819E4B009365693123DEE79A425F
:107A080000F08781CDE902329A4B01939A4B00939B
:107A1800342365692046934A9849A8473DE00023E6
:107A2800CDE90283964B0193964B00936569392300
:107A3800F0E7EA6842B1CDE90223914B0193914BFB
:107A4800009365695C23E5E7DFED8F7A95ED027AAF
:107A5800B4EEE77AF1EE10FADFED8C6ACCBF77EE80
:107A6800677A77EEC77AF4EEE67AF1EE10FA7EDD01
:107A78004FF07C53002217EE100ACDE90423F8F7E3
:107A880025FD834BCDE902010193824B00935D23D1
:107A980065692046734A8049A847012086E0287F07
:107AA800072832D1EB6813F5004F09D07B4ACDE99E
:107AB80002327B4B0193734B009365696223A9E7FC
:107AC800DFED787A95ED027AB4EEE77AF1EE10FA06
:107AD800DFED756ACCBF77EE677A77EEC77AF4EE9A
:107AE800E67AF1EE10FA66DD0022704B17EE100A06
:107AF800CDE90423F8F7EAFC6D4BCDE902010193C7
:107B0800644B009365696323C3E7092812D066694B
:107B180003F034FC0546404603F030FC654BCDE9E4
:107B280002500193534B0093662320464D4A624905
:107B3800B047B2E7EB6813F1800F0AD06FF07F020D
:107B4800CDE902325D4B01934E4B00936569672383
:107B580060E795ED027ADFED5A7AB4EE677AF1EED6
:107B680010FA28D0574B00936569682326E7B86850
:107B7800F8F7ACFC0446D9F800000D46F8F7A6FC67
:107B880002460B4620462946F8F7F8FC32A3D3E90B
:107B98000023F8F71DFE06F1080841EC100B4046DB
:107BA80007A905F037FF079BF360002009B0BDEC7B
:107BB800028BBDE8F083B868F8F788FC41EC180B35
:107BC800D9F80000F8F782FC06F1080441EC100B24
:107BD800B0EE481AF0EE681A2146052007AA05F00B
:107BE800A7FF07991F22F160052005F0D5FFF8F7D8
:107BF8005BFC01F10041F8F75BFFB061D5E7B8F134
:107C0800010F0FD04046666903F0B8FB0546012016
:107C180003F0B4FB2C4BCDE902500193164B0093B3
:107C2800852382E7287F01280ED0666903F0A6FB2A
:107C38000546404603F0A2FB234BCDE902500193D1
:107C48000C4B0093862370E7D9F80000F8F73EFC48
:107C5800C6E90001A9E700BF140014001400243F7E
:107C68005E260208FA2502084E1D0208752602083B
:107C780098260208EC1D0208F91D0208891D020851
:107C880025450208642A0208000000386F120333F1
:107C9800F2260208FE260208D22602080080FFFF0C
:107CA80013270208000080376F1283320000F03E6D
:107CB8001A27020826270208D021020832270208BC
:107CC8000000803B37270208592702088000003847
:107CD800A0002039D5F80C80B8F1000F7FF49FAED2
:107CE80041465FED060A47F6FF701FED070AB36AC3
:107CF800144AFFF79DFDF36A4146DFED130A9FED35
:107D0800130A134A1348FFF793FDEB68F361AB6856
:107D1800336297F81C80B8F1090F3FF4C0AEB8F190
:107D2800070F7FF46CAFFB68002B3FF482AE002294
:107D3800CDE90232084B0193084B009365695B2338
:107D480068E600BF3378000880000038800080377C
:107D5800257800080080FFFF254502087B240208DB
:107D6800836B10B50BB908F0A4F93821BDE81040B1
:107D7800184700002DE9FF410B6804460D4613B172
:107D88001B68012B11D00122CDE902322E4B019341
:107D98002E4B00939423656920462D4A2D49A84708
:107DA8000124204604B0BDE8F0814B6813B11B687C
:107DB800012B09D00122CDE90232234B0193264B36
:107DC800009365699523E7E7C6680022304604F00A
:107DD80035FE074640B9214B009397236569204635
:107DE8001B4A1F49A847DBE743691B68002B04DCD3
:107DF8001C4B009365699823F1E700222946304619
:107E080004F031FE804620B9174B009365699A2328
:107E1800E5E7EB6823B9154B009365699C23DEE71A
:107E28000093024639462B692046FFF7B1FD3368B7
:107E3800394604469B693046984733684146304680
:107E48009B699847ADE700BFA12702086827020889
:107E5800FA250208891D020878270208B71D0208BA
:107E68004E1D020889270208DA1D0208A327020806
:107E780008B5D0E90B239A4201DD08F01AF94268E7
:107E8800802AFADC83687F33FF2BF6D87F32F4DB55
:107E980008BD836B10B50BB908F00BF93C21BDE8A0
:107EA800104018472DE9F04F0C1E8DB016461D46A0
:107EB800199F099037DD4FF00008179B07EB840BDB
:107EC80003EB840A189B03EB8409013CDBF80030C0
:107ED800984502D30DB0BDE8F08F33680AAA0A931B
:107EE8002B6821460B931D9B099807931C9B08F14F
:107EF800010806931B9B05931A9BCDE90373189BF6
:107F08000293179B0193169B00930BABFFF7CAFFD5
:107F1800DAF800203368134433602B68D9F800205E
:107F280013442B60D2E701D008F0C3F8179B1968F7
:107F3800189BD3F800C051EA0C02F5D032681A9B9E
:107F4800D7F800B003EB02082A681B9B03EB020971
:107F5800169B1A681C9B03EB020A99B9FFF788FF66
:107F68005C4504DB2B683A6813442B6015E019F96B
:107F78000410099A98F900001D9B98470AF8040014
:107F88000134EDE7BCF1000F19D1FFF771FF5C4533
:107F98000ADB33683A6813443360169B3A681B68F7
:107FA8001344169A136095E718F90400099A99F989
:107FB80000101D9B98470AF804000134E7E7FFF713
:107FC80057FF5C4504DB33683A6813443360C9E7FC
:107FD80019F9041018F90400099A1D9B98470AF822
:107FE80004000134EDE7F8B51546126804469142DD
:107FF800016001DA08F05DF8064600208F1AB842E1
:1080080008D1231D9200291D03EB800008F093FA84
:108018002046F8BD8842EDDA46F8043F0130EEE725
:1080280070B50D461646FBF751FD04462846FBF78A
:108038004DFD05463046FBF749FDAC4201D008F03E
:1080480038F88442FBD170BD38B580FB0134002C70
:108058001B4DA8BF4FF08045884208BFB0F1004FC4
:1080680017D0E81844EBE573002B04DA6FF00041F1
:10807800401843F10003C00F40EA4300002AC2F150
:10808800000109DD4FF4B3710E4B0F4A0F4808F099
:1080980017F86FF00040F1E71F3204DA40F2671179
:1080A8000B4B094AF2E701238B40C20F013B03EA5D
:1080B800000402EB630308419C42C8BF013038BD8D
:1080C800010000C003250208112502086B250208DB
:1080D800EB25020870B514469369926811446268EA
:1080E80001FA03F510449840D4E90712FFF7ACFFF2
:1080F800D4E9091206462846FFF7A6FFD4E9041278
:108108003044FFF7A1FFE3681844E36A9842B8BF18
:108118001846236B9842A8BF184640B270BD2DE997
:10812800F04303680C688FB09C42B8BF1C46042318
:10813800062C0D461646137001DD07F0BAFF0246FD
:10814800012321466846FFF74EFF01232A462146B0
:1081580007A8FFF748FF009A079B9A420AD19200A6
:1081680008A901A808F0F2F820B9012333700FB06C
:10817800BDE8F083013C2546002D10DB2946684602
:10818800FBF798FC2946074607A8FBF793FC8742AC
:1081980001D1013DF0E7012F24D102233370337858
:1081A8009A1E012AC9D80125032B0CBF6F46E84641
:1081B800C6E91555C6E917550CBF0DF11C0807AFE0
:1081C800002C75665ADB21464046FBF773FC2146B6
:1081D80081463846FBF76EFC814507D109FB05F55A
:1081E800013CEDE7012849D10323D7E7002C45DB03
:1081F80021464046FBF75EFC012808D12146384657
:10820800FBF758FC336E013C43433366EEE7002C22
:1082180034DB21464046FBF74DFC214605463846EF
:10822800FBF748FC854204D1F36D013C6B43F365D1
:10823800EDE7002C22DB21463846FBF73BFC012802
:1082480008D121464046FBF735FCB36D013C43435A
:10825800B365EEE7002C11DB21464046FBF72AFC0C
:10826800214605463846FBF725FC854204D1736D47
:10827800013C6B437365EDE704233370012076E717
:10828800002313B50446CDE90033044A044B0549DD
:1082980005F012F8204602B010BD00BFD18F0008CB
:1082A800B58D00089B7E00082DE9F04F93B0CDE90D
:1082B80003238046072301201C9A8C4606A9013B0C
:1082C8006DD1072001210CAB01386BD11346012475
:1082D80002F11801994268D1D8F80010DCF8004082
:1082E8000B46A14228BF2346059308EB810301935F
:1082F8000CEB84030125029300232F469B469A46E4
:10830800059EAE4254D2A14240F2AC80BBF1000FB0
:1083180000D101334646091B03F18044013C02EBBE
:108328008405013B12AA02EB830356F8044F002C84
:1083380049D053F8302C0130624343F8302C2A6876
:10834800884204FB02F22A60EFD1012206A80CA998
:108358000D46064600231446039F47F8234056F867
:10836800047B7C43049F47F8232055F8047B0133A2
:10837800062B07FB02F2EFD100231A4650F8045BE4
:1083880051F8044BA54205D0012D40F08D80039C87
:1083980044F823200133062BF0D1012014E041F8E2
:1083A800040B8CE743F8041B8EE743F8044B91E772
:1083B800019E56F804E90196029E56F80499029621
:1083C800BEF1000F03D1002013B0BDE8F08FB9F162
:1083D800000FF8D0BEF1010F74D1B9F1010F40F0D0
:1083E800938001358CE7013312AE5F1E06EB8707D9
:1083F80057F8186C4FF0010A09FB06FE47F818EC0D
:1084080003F1804E0EF1FF3E52F82E7009FB07F77C
:1084180042F82E700027BB46E3E7BAF1000F03D1FC
:10842800BBF1000F00D107B1013312AE5F1E06EB9E
:10843800870757F8306C0EFB06F957F8186C47F8A1
:10844800309C0EFB06F947F8189C03F1804909F1A6
:10845800FF3952F829700EFB07F742F829700027F8
:10846800BB464FE0BFF471AFBAF1000F00D1013342
:108478006646611A03F18044013C02EB8405013B26
:1084880012AA02EB830356F8044F002C9BD053F832
:10849800182C0130624343F8182C2A68884204FBE0
:1084A80002F22A60EFD150E7012C09D1049C6FE752
:1084B800BEF1010F98D0B9F1010F0CD0CE45ACD068
:1084C80007F0F7FDBAF1000F22D1B9F1010FF5D18C
:1084D800BBF1000F00D1013312AE5F1E06EB870718
:1084E80057F8306C4FF0010B0EFB06F947F8309C3B
:1084F80003F18047013F52F827600EFB06FE42F861
:1085080027E00027BA466CE7BAF1000F3FF46BAFDB
:10851800BBF1000FCCD04B21024B034A034807F0B4
:10852800CFFD00BFBE270208E527020882280208FF
:108538002DE9F04F2DED028B00288BB00D46144627
:10854800B0EE408AF0EE608A169F189E39DD4FF033
:108558000008179A06EB800907EB800A02EB800BEC
:108568000138D9F80020424504D80BB0BDEC028B85
:10857800BDE8F08F2A6808A908922268F0EE680A18
:1085880009921B9AB0EE480A05921A9A0793049228
:10859800199A0690CDE90262179A08F10108CDE907
:1085A800007209AAFFF7C4FFDDE90603DAF8001034
:1085B8002A680A442A602268DBF800100A4422600C
:1085C800CFE701D007F075FD179AD7F800C0D2F8A9
:1085D80000E05CEA0E02F5D00F68199A1A99D4F8EF
:1085E8000080D6F800A002EB870B01EB88001B9AED
:1085F80019684FEA8A0902EB8101BCF1000F1DD10D
:108608008144484503D108EB0A0222603DE0F0ECC2
:10861800017A9BED007A77EE877AB4EEE78AF1EE7D
:1086280010FAC8BFF0EE487AF4EEE78AF1EE10FAD5
:1086380048BFF0EE687AE1EC017AE2E75A46D9449D
:10864800BEF1000F1DD04A4524D157442F6022683F
:1086580031680A44D9E7F2EC017A90ED007A77EEB6
:10866800877AB4EEE78AF1EE10FAC8BFF0EE487ADE
:10867800F4EEE78AF1EE10FA48BFF0EE687AE1EC22
:10868800017A4A45E7D157442F601A6831680A448D
:108698001A606AE7F2EC017AB0EC017A77EE877A31
:1086A800B4EEE78AF1EE10FAC8BFF0EE487AF4EEBD
:1086B800E78AF1EE10FA48BFF0EE687AE1EC017A49
:1086C800C1E72DE9F04FB0F1000A8DB00D46144610
:1086D8001E46DDF8609037DD002709EB8A03099311
:1086E800169B03EB8A08179B03EB8A0B0AF1FF3AE8
:1086F800099B1B68BB4202D80DB0BDE8F08F2B6800
:108708000BAA0A93236850460B931D9B0AA907934B
:108718001C9B013706931B9B05931A9B0493199B7B
:10872800CDE90293179B0193169B00933346FFF7FD
:10873800C8FFD8F800202B6813442B602368DBF8A7
:10874800002013442360D3E701D007F0B2FC169B46
:108758001868179B196850EA0103F6D01B9B2A6812
:10876800D4F8008003EB820C1C9B376803EB880E5F
:108778001D9B03EB8707D9F80030B0B9834202D1BB
:108788004344236030E05EF82020DCF800100A44FF
:1087980019998A42B8BF0A461A998A42D4BF47F83B
:1087A800202047F820100130E8E7C9B1534521D10E
:1087B8001A442A602368D9F800201344E1E75CF8DA
:1087C8002100DEF800402044199CA042B8BF204692
:1087D8001A9CA042D4BF47F8210047F82140013134
:1087E8008B42ECD11A442A603368D9F8002013442C
:1087F800336081E75EF82A005CF82A100144199872
:108808008142B8BF01461A988142D4BF47F82A105E
:1088180047F82A000AF1010AC8E700002DE9F043E9
:108828002DED028BC9B0549EDDE95254307A0128EF
:108838000BD0022800F0818002F0A0FD327A0146B8
:108848006F4804F049FC01203CE01F7893ED0D8A45
:10885800D3ED0E8A2946002F39D009A804F063FD0C
:108868000DB907F026FC214610A82F6804F05BFD1F
:10887800002CF6D0314641A8D4F8008033AD04F07E
:1088880052FD2CACD6F800903AAE2B462246009604
:1088980010A909A8FFF708FD98B10021F0EE680AB1
:1088A80017911E912591B0EE480A0520CDE904895B
:1088B800CDE90267CDE9004525AB1EAA17A9FFF748
:1088C80037FE002049B0BDEC028BBDE8F08317A845
:1088D80004F029FD002DC4D021461EA82D6804F0FF
:1088E80022FD002CBDD0314641A8D4F8008004F008
:1088F8001AFD346841AA1EA917A8FFF791FB2A465A
:10890800214645463B469842DBDDF2EC017AB5EC60
:10891800017A77EE877AB4EEE78AF1EE10FAC8BFEB
:10892800F0EE487AF4EEE78AF1EE10FA48BFF0EE7E
:10893800687A0133E1EC017AE5E71F7829460DF101
:10894800CC080DF1E809002F34D025A804F0EBFC81
:10895800002D86D021462CA82D6804F0E4FC002CBC
:108968003FF47FAF3146276841A81EAC04F0DBFC1A
:10897800366843462246CDF800902CA925A8FFF773
:1089880093FC00289DD000236FF0004209931093B8
:1089980017934FF000430520CDE90332CDE9067661
:1089A800CDE901890595009417AB10AA09A9FFF72D
:1089B80088FE86E7404604F0B6FC002D3FF451AF30
:1089C800214648462D6804F0AEFC002C3FF449AF20
:1089D800314641A8246804F0A6FC4946404641AA0D
:1089E800FFF71EFB3B46366898427FF76AAF55F89B
:1089F800232054F823100A4446F823200133F3E7D0
:108A0800D11C02082DE9F04F04460D4616464FF0DA
:108A180000098DB01F46199B03EB81030893179B30
:108A280003EB810A189B03EB810B089B1B684B45E2
:108A380002D80DB0BDE8F08F002D24DD3368204644
:108A48000A933B680AAA0B931C9B691E06931B9BFF
:108A580005931A9B0493199B0393189B0293179BE6
:108A68000193169B00930BABFFF7CCFFDAF80020BD
:108A7800336809F10109134433603B68DBF80020CF
:108A880013443B60D1E701D007F013FB3B681B9A06
:108A9800A06932F91380A3681A9A984408FA00F377
:108AA8000993336832F913306268134403FA00F00B
:108AB800D4E90712FFF7C8FAD4E9091280460998E1
:108AC800FFF7C2FAD4E904124044FFF7BDFAE2689E
:108AD800169B1044E26A1B689042B8BF1046226B8E
:108AE8009042A8BF10461C9A22F81300169A013328
:108AF8001360BBE72DE9F04F1C46EFB06822DDE9B3
:108B08007897002154A8DDF8E88107F02FFC636A04
:108B180046AD5A93A36A49465593636928465B93C1
:108B280063685C93E36A5693A3695D93A3685E9355
:108B3800236B5793E3695893236A5993D4E9032322
:108B4800CDE95F2304F0EFFB39464DA804F0EBFBB9
:108B5800284654AA4DA9FFF7E2FA044698F80800F7
:108B680007286AD0092840F011814946002C38D0DE
:108B780015A804F0D8FBB9F1000F01D107F099FA54
:108B880039461CA8D9F8009004F0CDFB002FF5D089
:108B980041464DA83FAE38AC3F6804F0C4FBD8F856
:108BA80000803346224600951CA915A8FFF77CFBD8
:108BB80098B100217A4B2391CDE9068331AB2A91F4
:108BC800319100930521CDE90497CDE9026501941F
:108BD8002AAB23AA54A8FFF765F900206FB0BDE8B7
:108BE800F08F23A804F09FFBB9F1000FC6D03946D7
:108BF8002AA8D9F8009004F096FB002FBED0414671
:108C08004DA83F6804F08FFB54A8FFF731F94DAA2F
:108C18002AA923A8FFF704FA054654A8D8F8006043
:108C2800FFF726F9A542D8DD395719F9040054AAE7
:108C3800FFF750FA30550134F4E749463FAE002CAF
:108C480031D031A804F06FFBB9F1000F96D0394646
:108C580038A8D9F8009004F066FB002F8ED0414662
:108C68004DA82AAC3F6804F05EFBD8F80080334674
:108C78002246009538A931A8FFF716FB0028ACD08A
:108C8800002323A915931C9323930091CDE905781C
:108C98000521CDE90359CDE901461CAB15AA54A815
:108CA800FFF7B0FE99E7304604F03DFBB9F1000F3D
:108CB8003FF464AFD9F80030394628460C9304F0E5
:108CC80032FB002F3FF45AAF3B6841464DA80B9347
:108CD80004F029FBD8F80030DDE95F89C8450A931C
:108CE8003FF74CAF304629464DAAFFF799F9559EF4
:108CF8002C4B09909E42FFF641AF47F6FE734FF6A4
:108D0800FC72DDF858A10AEB030191423FF636AF39
:108D18009E423FF733AFDDE95AB30D935C9B0E9348
:108D28005D9B0F935E9B1093589B1193599B1293D5
:108D3800579B099AA2427FF750AFDDE90D121393B2
:108D48000B9B33F914500C9B554433F9140005FA66
:108D58000BF5304400FA0BF0FFF776F9DDE90F1256
:108D680007462846FFF770F9DDE911123844FFF786
:108D78006BF9139B0A9A18444045B8BF40464845CA
:108D8800A8BF484622F814000134D2E702F0F6FAE8
:108D980098F808200146044804F09EF901201DE7D0
:108DA800DD8000080280FFFFD11C02082DE9FF4783
:108DB800D1E903A906460C46BAF1000F01D107F024
:108DC80078F91D4B1A6804F09EFA1C4B21461A6864
:108DD8000746304604F097FA194B80461A68214630
:108DE800304604F092FA0546007A431E012B0BD850
:108DF80053464A4621463046CDE901850097FFF79C
:108E08000DFD04B0BDE8F087092801D0072809D175
:108E180053464A4621463046CDE901850097FFF77B
:108E280069FEEEE702F0AAFA2A7A0146054804F03C
:108E380053F90120E5E700BF144E0208104E02085E
:108E48000C4E0208D11C02082DE9F04F2DED068BBF
:108E5800834681B08A46DDE91054194610461E46FD
:108E6800174604F017FD2B7F80F00100092B2070B6
:108E780002D0072B40F081802A680AB907F019F957
:108E880097ED02AA96ED028AB4EEC8AA072B14BF82
:108E98004FF014084FF00F08F1EE10FAFA6854BFBB
:108EA8001AEE100A18EE100A5242A262F2685242F2
:108EB800E262EA68C4F824802263F7F707FB0246F7
:108EC8000B46F7F7A5F906460F4618EE100AF7F70E
:108ED800FDFA32463B46F7F77BFC41EC190B0120C3
:108EE80000FA08F0F7F7E0FA8046A8688946F7F72D
:108EF800EDFA02460B4640464946F7F73FFB024665
:108F08000B4630463946F7F763FC41EC180B1AEE6E
:108F1800100AF7F7DBFA32463B46F7F759FC04F13B
:108F2800040904F1140841EC100B4946404604F0CA
:108F3800DBFDB0EE490AF0EE690A04F1080104F11C
:108F4800180004F0D1FD04F1200104F11C00B0EE7A
:108F5800480AF0EE680A04F0C7FD2A46584604F1AC
:108F6800100310939AF8001004F10C0301B0BDEC43
:108F7800068BBDE8F04F04F0E9BA012B0DD19AF841
:108F88000030012B03D1002363630C4B04E0032B57
:108F980009D1002363630A4BA363002001B0BDEC31
:108FA800068BBDE8F08F022B04D1064B63634FF0AC
:108FB8007E53F1E76FF40003E6E700BFFFFF7F7F12
:108FC8000000C040000080BF2DE9F043CB68044694
:108FD8000E4685B00BB907F06CF80B69002BFAD078
:108FE800C5680022284603F029FD814660B9304B48
:108FF80000935823656920462E4A2F49A847012621
:10900800304605B0BDE8F08301223146284603F01A
:1090180015FD804620B9294B009365695B23EAE773
:1090280000223146284603F01EFD074620B9244B8E
:10903800009365695E23DEE7F3684A46CDE90003DD
:10904800434631692046FFF7FFFE06460028D7D180
:109058003B7F022B1BD1D9F8003063B1CDE9023038
:10906800184B0193184B0093682365692046114AF1
:109078001649A847C3E7D8F8002042B1CDE9022332
:10908800104B0193124B009365696A23EEE72B6836
:10909800494628469B6998472B68414628469B695C
:1090A80098472B68394628469B699847A8E700BF28
:1090B80040290208E02802084E1D02085229020829
:1090C800DA1D0208642902087A290208891D0208A3
:1090D80094290208836B10B50BB906F0EAFF20212A
:1090E800BDE81040184700002DE9F04F0F69814690
:1090F8008846B7B00FB906F0DCFFCE68002EFAD06C
:109108009A4B1A6804F0FFF8994B054641464846C1
:109118001A6804F0FAF80446287A072800F0CE8086
:1091280009280ED0012840F0958133463A46414639
:109138004846CDE9005400F09FFA002037B0BDE85A
:10914800F08FBB68294606937B681AA807933B698A
:109158000A93FB680B93B6F904300893B6F900300C
:109168000993336902937369039304F0DCF82B685D
:10917800214621A8179304F0D6F8002CBBD0236809
:109188001693DDE902329342B5DC8033B3DB7F2AE4
:10919800B1DC1A9B042BAED1219B042BABD100234D
:1091A80021AA19461AA8FAF7D0FC03230C901946ED
:1091B80021AA1AA8FAF7C9FC00211C9B0D900E934E
:1091C8001D9B0F93239B1093249B11930C9B8B4205
:1091D800B3DD089D4FF0000A6B4205935AE0049BEB
:1091E80000944B441AA8CDE91812FAF77CFCDDE983
:1091F8001812179B09F101091B569B45B8BF9B46DE
:10920800139B4B45EBDC08F10108159B43452EDC0D
:109218009DF908809DF90C30D845B8BFD8469845C7
:10922800A8BF984600943346524621A81891FAF7E9
:109238005AFC169B189903F8008001340D9BA34231
:109248001BDC079B079AFF1A049B013613440493FF
:10925800119BB34216DD27EAE77312930F9B0B9A13
:109268003B449342A8BF134600241393E6E7059BAB
:10927800DDF8489008EB0302C2E76FF07F0BDDF8DA
:109288005080C2E7069B0AF1010AED1ADDE90532B2
:1092980013440593109B53450EDD25EAE57314939B
:1092A8000E9B0A9A2B449342A8BF1346099F159315
:1092B8007B4200260493CBE7013187E7BB68294648
:1092C80006937B6828A807933B690A93FB680B936E
:1092D800B6F904300893B6F900300993336903935B
:1092E8007369049304F01FF82B6821462FA817937D
:1092F80004F019F8002C3FF4FEAE23681693DDE95C
:10930800033293423FF7F7AE13F5004FFFF6F3AE83
:10931800B2F5004FBFF6EFAE289B042B7FF4EBAEFF
:109328002F9B042B7FF4E7AE00232FAA194628A809
:10933800FAF70BFC03230C9019462FAA28A8FAF772
:1093480004FC00212A9B0D900E932B9B0F93319BBD
:109358001093329B11930C9B8B427FF7EEAE089DC6
:109368004FF0000B6B42059360E000BF1C4E0208F3
:10937800184E020809EB0A03009428A8CDE9181230
:10938800FAF7B1FB179B029A33F9103009F101097A
:109398009A42B8BF1A460292DDE91812139B4B4550
:1093A800E8DC08F10108159B43452CDCBDF90C806D
:1093B800029B00949845B8BF9846BDF910305A46AC
:1093C8009845A8BF98462FA833460291FAF78BFB19
:1093D800169B029923F8108001340D9BA34218DCD8
:1093E800079B0136FF1A9A44119BB34216DD27EA00
:1093F800E77312930F9B0B9A3B449342A8BF134603
:1094080000241393E9E7059BDDF8489008EB030275
:10941800C4E7144BDDF850800293C4E7069B0BF1B8
:10942800010BED1ADDE9053213440593109B5B45EA
:109438000EDD25EAE57314930E9B0A9A2B4493429A
:10944800A8BF1346099F00261593C7F1000ACBE76A
:10945800013180E701F092FF0146034803F03CFE2A
:1094680001206BE60080FFFFAE290208002313B538
:109478000446CDE90033044A044B054903F01CFFB8
:10948800204602B010BD00BF21950008F1900008E9
:10949800DD9000082DE9F04FD1E901794FF0010B7B
:1094A800536985B091F800A0D3E902830393D1E909
:1094B80003340293DDE902213B465046CDF800B063
:1094C800FBF7DAF84B462246054641465046CDF8AA
:1094D80000B0FBF7D1F8013809FB00440020029BDB
:1094E800013D07FB0533039A0E9E9B1AA4EB080463
:1094F80023EAE37343FA0BF224EAE474326003EAE2
:109508000B0344FA0BF204EA0B047260B360F460D4
:1095180005B0BDE8F08F00002DE9F743D1F81090B1
:1095280004460F46B9F1000F01D106F0C2FDCD681F
:10953800002DFAD0D0F80C800022404603F07EFAC5
:10954800064658B9424B00933D2365692046414A77
:109558004149A847012003B0BDE8F08339460022FD
:10956800404603F080FA074620B93C4B00936569F2
:109578004023EBE703463246494620460095FFF76D
:1095880089FF307F092801D007281FD197ED027A7B
:10959800D6ED027A77EEC77AF0EEE77A17EE900A00
:1095A800F6F794FF28A3D3E90023F7F763FA20B965
:1095B8002B4B009365694923C8E7F268FB689A4218
:1095C8002CD0284B009365694A23BFE7012831D185
:1095D80099F81430012B03D10023AB61224B04E02E
:1095E800032B11D10023AB61204BEB61D8F800307D
:1095F800314640469B699847D8F80030404639467E
:109608009B6998470020A6E7022B04D1184BAB6151
:109618004FF07E53E9E76FF40003DEE705F114032A
:1096280099F814103A460093204605F1100303F008
:109638008DFFDBE701F0A2FE327F01460D4803F003
:109648004BFD87E7AFF300808DEDB5A0F7C6B03EC0
:10965800B71D0208CF2902084E1D0208DA1D0208AC
:10966800332A0208482A0208FFFF7F7F0000C04013
:10967800000080BFD11C02082DE9F04F2DED048BAE
:109688009168A7B004915168DDE9345405911169D6
:10969800D26808910992B3F9042029460692B3F9D1
:1096A800002018A8D3ED068A93ED079A079203F0D5
:1096B8003AFE0DB906F0FDFC2B6821461FA815934C
:1096C80003F031FE002CF5D023681493189B042B6B
:1096D800F0D11F9B042BEDD100231FAA194618A80F
:1096E800FAF733FA03230A9019461FAA18A8FAF7BB
:1096F8002CFA00211A9B0B900C931B9B0D93219B1A
:109708000E93229B0F930A9B8B427EDD069E0025BB
:109718007342039364E00AEB0B03009418A8CDE9A5
:109728001612FAF7E0F9DDE91612159B0AF1010A9B
:1097380003EB8000D0ED007AF4EEC87AF1EE10FA6F
:10974800C8BFB0EE678A119B5345E4DC09F10109F3
:10975800139B4B4532DCF4EEC88AF1EE10FAC8BF11
:10976800B0EE688AB4EEC89AF1EE10FA3B4600945F
:109778002A461FA848BFB0EE498A1691FAF7B3F9EE
:10978800149B169903EB800080ED008A01340B9B33
:10979800A34219DC059B0137A8EB03089B440F9BE8
:1097A800BB4216DD28EAE87310930D9B099A4344DF
:1097B8009342A8BF134600241193E8E7039BDDF802
:1097C80040A009EB0302BEE79FED128ADDF848903E
:1097D800BEE7049B0135F61ADDE90332134403930F
:1097E8000E9BAB420FDD26EAE67312930C9B089A98
:1097F80033449342A8BF1346DDF81C800027139317
:10980800C8F1000BCBE701317DE727B0BDEC048B35
:10981800BDE8F08FFFFF7FFF2DE9F043D1F81090EE
:1098280006460C4685B0B9F1000F01D106F041FC9F
:10983800D1F80C80B8F1000FF8D01E4B1A6803F06D
:1098480062FD1D4B05461A682146304603F05BFD54
:109858001A4B07461A682146304603F056FD034660
:10986800287A421E082A1CD8DFE802F011051B1BC3
:109878001B1B051B0500CDE9007342462B462146FC
:10988800304600F09BFD002005B0BDE8F083CDE92F
:1098980001734A46434621463046009500F004FBD2
:1098A800F1E701F06BFD2A7A0146054803F014FC44
:1098B8000120E9E7284E0208244E0208204E02083B
:1098C800D11C0208002313B50446CDE90033044A2D
:1098D800044B054903F0F0FC204602B010BD00BF60
:1098E800E99D000821980008619B00082DE9F04FC8
:1098F80005298FB009930C46DDE91965DDE91B7967
:1099080092461E9B2FD04FF0000803EB810B4B1C97
:109918000A93DBF80030984529DA336852460C93ED
:109928002B680A990D931E9B039706931D9B0B901A
:10993800CDE904930DAB02930CAB0193189B08F18E
:1099480001080093099BFFF7D1FFA11D59F82120B9
:1099580033680B9813441D9A33602B6852F8212002
:1099680013442B60D5E75C690023A34202DB0FB0E8
:10997800BDE8F08FD6F800C02968099AD0ED0D7AB5
:1099880002EB81010AEB8C02D1ED006A92ED006ACC
:1099980066EE866AF4EEE67AF1EE10FA90ED0E7A4B
:1099A800D8BFF0EE667AB4EEE77AF1EE10FA58BF57
:1099B800B0EE677A3968189A013302EB8101D9F859
:1099C8002C2081ED007A62441D9932602A68C96AA8
:1099D8000A442A603A6801323A60C6E72DE9F04F36
:1099E80005298DB00C46DDE917659A46DDF86890C3
:1099F80060D01C9B4FF0000803EB810B4B1C1F46EB
:109A0800DBF80030984552DA336839460A932B68F8
:109A180009920B931C9B089006931B9B08F1010865
:109A2800CDE90493199B03930BAB02930AAB019303
:109A3800169B00935346FFF7D1FF04F1060C59F823
:109A48002C1033681B9A0B44336052F82C102B6887
:109A5800DDE908020B442B60D2E7D6F800C02B687A
:109A680052F82C405AF8233019996343C46A09689C
:109A7800A342B8BF2346076B169C0EF1010EBB42EA
:109A8800D4BF44F8213044F82170D9F82C301B9900
:109A9800634433602B68C96A0B442B60199B19997E
:109AA8001B6801330B601C9B5B699E45D5DB0DB0C1
:109AB800BDE8F08F4FF0000EF5E72DE9F047D0F83C
:109AC8000090D1F800804D46C14504460E46A8BF17
:109AD800454601277B1E9D420DDC2F4609F1FF3AC2
:109AE8004F4519DB08F1FF3745451EDB2046F9F7DE
:109AF800EDFFBDE8F087A9EB07012046F9F7DAFF8B
:109B0800A8EB070182463046F9F7D4FF824507F1F2
:109B18000107DFD006F0CDFA2046AAEB0701F9F7D6
:109B2800C9FF0128F6D10137DAE73046791BF9F782
:109B3800C1FF0128EED10135D6E770B516460546B6
:109B4800FFF7BBFF314604462846FFF7B6FFA042A1
:109B580001D006F0AEFA70BD836B10B50BB906F0F4
:109B6800A8FA2421BDE81040184700002DE9F04F5D
:109B7800C668054692463046002287B08B461C468A
:109B880002F05CFF814658B9814B00932C236C6925
:109B98002846804A8049A047012007B0BDE8F08FD9
:109BA80001225946304602F049FF804620B97B4BD6
:109BB80000936C692F23EBE700225946304602F0E8
:109BC80052FF074620B9764B00936C693223DFE7D2
:109BD800DBF8003013B11B68022B0DD00222CDE94F
:109BE8000232704B0193704B009334236C69284602
:109BF800684A6E49A047CFE7DBF8043013B11B6809
:109C0800012B09D00122CDE90232694B0193694B3E
:109C180000936C693523EAE799F81C0098F81C3022
:109C2800834213D06E6901F0A9FB044698F81C0022
:109C380001F0A4FB604BCDE9024001935F4B28463D
:109C48000093544A37235E49B047A5E73B7F9AF80B
:109C58000010092B01D0072B59D104F10C030093F4
:109C68003A46284604F1080303F070FC82460028AF
:109C780093D1D9F80800F6F729FCCDE90401D8F802
:109C88000800F6F723FC02460B46DDE90401F6F767
:109C980075FCCDE90401B868F6F718FC02460B46D6
:109CA800DDE90401F6F794FD04F1180B41EC100B03
:109CB800594604F1140003F0ADFE99F81C00D9F8D8
:109CC8000C20D8F80C30F9680728226063602161FD
:109CD8002CD142B13B4BCDE9022A01933A4B009378
:109CE8006C69492383E743B1CDE90232354B0193CF
:109CF800364B00936C694A2379E7B9B1CDE9021371
:109D0800304B0193324B00936C694B236FE7022B66
:109D180027D101294FF0000303D1A3606FF000435E
:109D280003E0032913D1A3600623E360336849469F
:109D380030469B6998473368414630469B69984747
:109D48003368304639469B699847002025E7022941
:109D580004D14FF0FF33A3600123E6E74FF000433F
:109D6800DBE7012903D10023E3611A4B04E003294F
:109D780004D10023E361184B2362D7E7022904D1F9
:109D8800164BE3614FF07E53F6E76FF40003EBE701
:109D9800402902087E2A02084E1D0208522902089C
:109DA800DA1D0208871D020868270208891D0208B3
:109DB800A127020878270208DE2A0208EB2A0208EF
:109DC800D021020825450208F82A0208102B0208AB
:109DD800282B0208FFFF7F7F0000C040000080BFE3
:109DE8000A6910B50AB906F064F9CB68002BFAD0F5
:109DF800BDE81040FFF7BABEF8B5064605240127AE
:109E080001F1180521463046F9F754FE45F8040DCE
:109E18002146AF613046F9F74DFE013C00FB07F7DC
:109E2800F0D2F8BD2DE9F0430D461C4616468FB01A
:109E38000AB906F03EF9002BFBD0024601230621A1
:109E48006846FEF7D0F82A4600250123062107A810
:109E5800FEF7C9F831466846FFF7CEFF214607A846
:109E6800FFF7CAFFA84606F1180929466846F9F718
:109E780021FE2946074607A8F9F71CFE874205D0A8
:109E8800012F0BD149F8258046F825000135062D0C
:109E980004F10404E9D10FB0BDE8F0830128C8D16A
:109EA800C4F818802760F1E72DE9F04F2DED028BFB
:109EB8001D46E1B06822DDE96C49002146A8DDF8BD
:109EC800B8A106F053FAEB692EAE53932B6A2146DC
:109ED80030463AAF549303F026FA4946384603F021
:109EE80022FA3946304646AAFEF719F905460028EF
:109EF80056D012AD2146284603F015FA0CB906F0E3
:109F0800D8F80DF1640B49465846D4F8008003F0A0
:109F18000AFAB9F1000FF2D020AC51462046D9F820
:109F2800009003F000FABAF1000FE8D02B68DAF8D5
:109F380000A0062BE3DC199B062BE0DC209B062BFC
:109F4800DDDC28463B4632465946FFF76BFF224682
:109F58000123062127A8FEF746F80DF1300C6446C8
:109F680028AD0FCD0FC495E8030084E80300002155
:109F780009AB0AAA0BA8CDE90132CDE903064B4685
:109F88004246CDE9057CCDF800A046A809910A9182
:109F98000B91FFF7ABFC61B0BDEC028BBDE8F08F15
:109FA800214627A803F0BFF9002CA8D0494630461F
:109FB800D4F800B003F0B7F9B9F1000F9FD05146BB
:109FC8003846D9F8008003F0AEF9BAF1000F96D000
:109FD800DAF8004031463A4627A8FFF7AEFD9DED76
:109FE800538ADDED548A5E46414622462B46984206
:109FF800D1DDF6EC017AB1EC017A67EE877AB4EE3E
:10A00800E78AF1EE10FAC8BFF0EE487AF4EEE78A74
:10A01800F1EE10FA48BFF0EE687A0133E2EC017A0B
:10A02800E5E72DE9F04FBFB01C92044626AA084682
:10A03800194632ABFFF7F6FE0123499A06211FA8FD
:10A04800FDF7D1FFDDE92367209BDDF894801793A6
:10A05800219B1693229B1493149A169B5343734384
:10A068007B4308FB03F31893134673437B4308FBB6
:10A0780003F3199307FB06F308FB03F31A9308FB92
:10A0880007F31B930023CDE902330193179A9342F8
:10A09800C0F2A4803FB0BDE8F08F119A1D931C9BBD
:10A0A800E56813F902C06268489B9444129A98566E
:10A0B800A268104400FB0CF0D4E9041203F0F4FB8E
:10A0C800E26A05449542B8BF1546226B159B954236
:10A0D800A8BF154603F8015B319A1593119B1344E9
:10A0E80011933D9A129B13441293139B01331393BC
:10A0F8001D9B139A4245D0DB309A1099C2441144F3
:10A108003C9A109191440BF1010BBB4510DA4A9A25
:10A11800CDF8489052441592109A11920022139249
:10A12800E7E70C9A4FF0000BDDE90D9A1092ECE787
:10A138002F9A0C9911440C913B9A0D9911440D9149
:10A148000E9A1B990A440E920F9A01320F920F9A97
:10A15800B242E6DB2E9A0899114408913A9A099975
:10A16800114409910A9A1A990A440A920B9A0132DF
:10A178000B920B9A14998A4220DB2D9A0499114468
:10A188000491399A059911440591069A19990A4436
:10A198000692079A01320792079A16998A4215DBA6
:10A1A8002C9A0199013311440191389A029911446A
:10A1B8000291039A18990A44039267E70A9A0E9241
:10A1C800099A0D92089A0C920022BFE7069A0A9201
:10A1D800059A0992049A08920022C9E7039A0692FE
:10A1E800029A0592019A04920022D4E72DE9F04FD1
:10A1F800BFB01C92044626AA0846194632ABFFF7A0
:10A2080011FE0123499A06211FA8FDF7ECFEDDE99E
:10A218002367209BDDF894801793219B1693229B3C
:10A228001493149A169B534373437B4308FB03F31D
:10A238001893134673437B4308FB03F3199307FBF7
:10A2480006F308FB03F31A9308FB07F31B93002399
:10A25800CDE902330193179A9342C0F2A6803FB02A
:10A26800BDE8F08F119A1D931C9BE56833F912C065
:10A278006268489B9444129A33F91200A268104409
:10A2880000FB0CF0D4E9041203F00EFBE26A05446B
:10A298009542B8BF1546226B159B9542A8BF154637
:10A2A80023F8025B319A1593119B134411933D9A3D
:10A2B800129B13441293139B013313931D9B139A00
:10A2C8004245CFDB309A1099C24411443C9A109110
:10A2D80091440BF1010BBB4511DA4A9ACDF848902D
:10A2E80002EB4A021592109A119200221392E6E7A5
:10A2F8000C9A4FF0000BDDE90D9A1092EBE72F9ABC
:10A308000C9911440C913B9A0D9911440D910E9A98
:10A318001B990A440E920F9A01320F920F9AB24279
:10A32800E6DB2E9A0899114408913A9A0999114442
:10A3380009910A9A1A990A440A920B9A01320B92C5
:10A348000B9A14998A4220DB2D9A0499114404919E
:10A35800399A059911440591069A19990A44069261
:10A36800079A01320792079A16998A4215DB2C9AA6
:10A378000199013311440191389A029911440291CB
:10A38800039A18990A44039265E70A9A0E92099A61
:10A398000D92089A0C920022BFE7069A0A92059A33
:10A3A8000992049A08920022C9E7039A0692029A2F
:10A3B8000592019A04920022D4E700002DE9F04F9B
:10A3C80015469A46ADF52D7D6822DDE9B684002153
:10A3D800074692A805F0CAFFAB6851469D93EB6803
:10A3E80086AE9E932B6AA0932B685B4293936B680F
:10A3F8005B4294932B6995936B699693AB697AAD9D
:10A408002846979302F08FFF4146304602F08BFFB3
:10A418003146284692AAFDF782FE9AF8083081460E
:10A42800092B64D1514628B30AA802F07CFF4146A3
:10A4380011A8DAF8006002F076FFB8F1000F01D138
:10A4480005F037FE18AD21462846D8F8007002F00E
:10A458006AFF002CF4D023683246CDE901530097F7
:10A4680011AB0AA992A8FFF7DCFD00200DF52D7DA0
:10A47800BDE8F08F1FA802F056FF414626A8DAF87B
:10A48800005002F050FFB8F1000FD9D021462DA896
:10A49800D8F8006002F047FF002CD1D0DDE99D23F9
:10A4A8009A422768CCDC2DAA26A91FA8FDF7B8FD7B
:10A4B8008046C845D9DD15F90930939A16F909007F
:10A4C8001344949A959C10445843DDE9961203F07E
:10A4D800EBF99D9B04449C42B8BF1C469E9B9C4242
:10A4E800A8BF1C4607F8094009F10109E1E7022B5A
:10A4F80040F08B8057AF002853D00DF1D00951465A
:10A50800484602F010FFDAF800300DF1EC0A414637
:10A518005046099302F007FFB8F1000F90D0D8F821
:10A5280000B00DF584782146404602F0FCFE002C70
:10A5380086D0349B2468062B82DC3B9B062B3FF796
:10A548007FAF429B062B3FF77BAF33462A465146E7
:10A558004846FFF767FC424601230DF5D8780621E7
:10A5680073A8FDF740FDC4460DF5E87EBEE80F0070
:10A57800ACE80F009EE803008CE8030000215EAB06
:10A5880065AA396092A8CDE90325CDE90173CDE923
:10A5980005685B46099A00945E916591FFF71EFA7B
:10A5A80063E7514649A802F0BEFE414650A8DAF8D2
:10A5B800005002F0B8FEB8F1000F3FF441AF214659
:10A5C8003846D8F8006002F0AEFE002C3FF438AFF1
:10A5D8003A4650A949A8D4F800A0DDE99D48FFF7FC
:10A5E800ACFA48457FF741AF55F8293056F829208D
:10A5F8005343A342B8BF23464345D4BF4AF8293042
:10A608004AF8298009F10109EBE7072B7FF42DAF00
:10A61800939A72B10023CDE90223454B0193454B30
:10A6280000939D237C693846434A4449A04701204A
:10A638001CE7949B43B1CDE902323D4B0193404B5B
:10A6480000937C699E23EEE7DDF854B2BBF1000F5E
:10A6580008D0CDE902B3364B01933A4B00937C699D
:10A668009F23E0E7514608B35EA802F05CFE41462E
:10A6780065A8DAF8006002F056FEB8F1000F3FF462
:10A68800DFAE6CAD21462846D8F8007002F04BFECC
:10A69800002C3FF4D5AE23683246CDE9015300972C
:10A6A80065AB5EA992A8FFF7A1FDDEE673A802F0EC
:10A6B8003AFE41462846DAF8007002F034FEB8F156
:10A6C800000F3FF4BDAE21463046D8F8008002F0B6
:10A6D8002AFE002C3FF4B4AEDDE99D239A42D4F85B
:10A6E80000903FF7ADAE2946324673A8FDF798FCB7
:10A6F80005465D457FF7B9AE37F91B30939A38F9AF
:10A708001B001344949A959C10445843DDE9961213
:10A7180003F0CAF89D9B04449C42B8BF1C469E9B0C
:10A728009C42A8BF1C4629F81B400BF1010BE0E72F
:10A7380025450208402B02087E2A0208891D0208C6
:10A74800582B0208702B020810B5836B28219847F4
:10A7580004462822002105F009FE204610BDCA68DB
:10A7680000F0CCB9CA6800F0EBBC0000002313B5B8
:10A778000446CDE90033044A044B054902F09CFD28
:10A78800204602B010BD00BF67A700086DA70008EB
:10A7980051A7000830EE200A704700002DE9F04765
:10A7A8004FF00009064601254C46D0F800A0CA45DE
:10A7B80003DC28462146BDE8F087012D74F100032B
:10A7C800F7DB2A4623466FF000400021F6F7E8F948
:10A7D80056F8048F4FEAE877804577EB010105DBEF
:10A7E8000749084802F078FC05F063FC6F4308FB52
:10A7F8000477A5FB085409F101093C44D7E700BFD9
:10A808009E230208EE3902082DE9F84300249C46ED
:10A81800DDE908E391461C6008BBBDE8F883A8425F
:10A8280015DD00261F68BE4213DB4EF827501D6851
:10A8380001351D60013448F100084C4578EB0C05E2
:10A84800EBDA51F82450002DE9DA2D18E9D505F096
:10A8580030FC5EF826209542ECD00136E3E7A046AE
:10A86800EBE7F8B59C460546069FD0B109B905F057
:10A8780020FC002AFBD00024204610E047B1002627
:10A8880004E057F82630A34208D00136B445F8DC76
:10A8980052F8246051F8243003FB00600134A542CB
:10A8A800ECDCF8BD2DE9F04F2DED048B0E68044665
:10A8B800042E15461F4693B001D005F0FAFB1B681D
:10A8C800042BFADC0A460123314604A8FDF78BFB6A
:10A8D80001233A4631460BA8FDF785FB0B9B002B5D
:10A8E800EBDD012B0C9EE8D0022B0D99E5D0032B54
:10A8F8000E9AE2D0049BDDF83CA0012BDDDD022B93
:10A90800069FDAD094F90030DDF81C80022BD4D1F0
:10A91800B4F90230012B13D1B4F90430022BCCD195
:10A928000129CAD1012AC8D107FB08F3002408EE7F
:10A93800903AB4423EDB13B0BDEC048BBDE8F08F17
:10A94800022BBAD1B4F90430012BE8E74A46214674
:10A95800CDF800B004A80393F9F7C5F805EB80001B
:10A96800D0ED007A38EE278A039B01334345EDDBAF
:10A9780009F10109B94516DB0023F8EEE87A1A4611
:10A98800CDF800B021460BA888EE279AF9F7ABF866
:10A99800209B0BF1010B03EB800080ED009AD3455F
:10A9A80003DB0134C5E70023E0E74FF000099FED22
:10A9B800038ADFE74FF0000BF1E700BF000000005B
:10A9C8002DE9F04F8846C56804469246284600227D
:10A9D80085B09B4602F032F8D8F800300646D3F826
:10A9E8000090B9F1020F10D00223CDE90293384B41
:10A9F8000193384B00932F2365692046364A37491F
:10AA0800A847012005B0BDE8F08FD8F804301A68CF
:10AA1800012A09D00123CDE90223314B0193314B9F
:10AA2800009365693023E8E74146284602F006F8B6
:10AA3800074640B92C4B2046009365693423264AC3
:10AA48002A49A847DDE7007F022812D0666900F08E
:10AA580095FC0546484600F091FC254BCDE902508F
:10AA68000193244B204600931B4A35232249B047C3
:10AA7800C7E7337F092B1ED100224146284601F043
:10AA8800F2FF0446B068F5F721FD8046A0688946C4
:10AA9800F5F71CFD0B46024649464046F5F798FE79
:10AAA80041EC100B5946504602F0B4FF2B68214682
:10AAB80028469B6998472B68394628469B699847DA
:10AAC8002B68284631469B69984700209AE700BFC3
:10AAD800871D0208EB2B0208882B0208891D020833
:10AAE800A1270208A31D0208FE2B02084E1D02081A
:10AAF8000E2C02081B2C0208D02102082DE9F74F62
:10AB0800C5681446804600222846894601F096FF0B
:10AB1800002206464946284601F0A5FF01220746BD
:10AB28004946284601F08AFF337F8246092B04F103
:10AB3800040B01D0072B13D1B068F5F7C7FCCDE99A
:10AB48000001B868F5F7C2FC02460B46DDE90001D2
:10AB5800F5F73EFE41EC100B5946204602F05AFF2D
:10AB68007869FFF71BFE0090DAF81400FFF716FE6D
:10AB7800337F6062092B01D0072B0FD10099D8F8D9
:10AB88004030404604F1080289009847F368236181
:10AB9800B3686361FB68A361BB68E36122465B46F7
:10ABA80049464046FFF70CFF044670B92B6831460A
:10ABB80028469B6998472B68394628469B699847D9
:10ABC8002B68514628469B699847204603B0BDE844
:10ABD800F08F30B5002314468B4208DB012421EAAC
:10ABE800E17302EB4300032B07DD117030BD50F811
:10ABF8002350013324F8025FEEE720F8024F0133B7
:10AC0800F1E708B508B905F054FA006808BD70B551
:10AC1800F8B109B905F04DFA002AFBD00025431E0A
:10AC280002EB8002002B01DA012010E052F8040C3C
:10AC380051F823600130B042A2F10404EADC04D1E7
:10AC480042F8045C013B2246ECE72060002080F0DB
:10AC5800010070BD2DE9F04F8FB005939DF8683065
:10AC68001746DDE9189500220C460B93049002F074
:10AC78004AFB214601220646049802F044FB21467D
:10AC880080460022049802F040FB04460EB905F005
:10AC980010FA0028FBD0D0F804B04046FFF7B1FF07
:10ACA8004FF0010801465B460022DBF800A0924500
:10ACB80000F392803368D6F804A00A932B69DAF877
:10ACC8000060089323686A6A0793D5E900430393F1
:10ACD800AB69099300231846984540F09580504683
:10ACE80000239E4200F3978000250DAB0193059B3E
:10ACF80030460093D3170D95FFF786FD0D9B0693FD
:10AD08002B46AE4200F38D804FF0000B0AF104058C
:10AD180000233A4629463046CDF800B0FFF7A1FD9A
:10AD2800059B82463A46294600933046069BFFF724
:10AD380098FD0A9B294633F91A2059F82030134404
:10AD480049F820303A463046FFF761FF0028DFD146
:10AD580006464FF0010B8246069BB34265DC5BEA70
:10AD68000A0336D00B9B5BBBBAF1000F8FDB08BF21
:10AD7800BBFA8BF3039A18BFBAFA8AF302F11F06DB
:10AD880008BF2033202EA8BF2026C3F13F039E42D0
:10AD9800A8BF1E46E117A6F1200304FA03F3C6F183
:10ADA8002005B140194324FA05F5534604FA06F084
:10ADB8005A462943F5F7F4FE0446039B9B1B03936D
:10ADC800002647F6FF7A089B2D4F0BFB03FBB04587
:10ADD80041D10FB0BDE8F08F53F8040FA8FB00EC89
:10ADE800BCF1000F0CD0274B274A1893049B274926
:10ADF8005C69A023A44604980FB0BDE8F04F6047F3
:10AE080000FB08F8013252E7079D25F8130049F8BE
:10AE18002300013360E750F8045F002DD9D00133D7
:10AE28005FE747F8253001356BE7059B5A4653F82D
:10AE380026304FF0FF3055F823706FF0004153462D
:10AE4800F5F7AEFE8742CED807FB0AF3ABFB07BA8D
:10AE580001369A4480E759F826002146039AA0EB68
:10AE68000B0002F021FD099B1844B842B8BF3846D0
:10AE78005045A8BF5046079B23F816000136A6E7A1
:10AE88000080FFFF262C0208882B02084E1D0208AE
:10AE98002DE9F04F8FB005939DF868309146DDE9B4
:10AEA800184600220D460B93049002F02CFA29460E
:10AEB80001228046049802F026FA29460746002215
:10AEC800049802F022FA0546B8F1000F01D105F006
:10AED800F0F80028FBD0D0F804B03846FFF791FE10
:10AEE800012701465B460022DBF800A0924500F3EB
:10AEF8009680D8F80030D8F804A00A933369DAF8B5
:10AF0800008008932B68726A0793D6E9005303936D
:10AF1800B3690993002318469F4240F09780504632
:10AF28000023984500F3988000260DAB0193059BFC
:10AF380040460093D3170D96FFF766FC0D9B0693CA
:10AF48003346B04500F38E804FF0000B0AF104063B
:10AF580000234A4631464046CDF800B0FFF781FC51
:10AF6800059B82464A46314600934046069BFFF7BA
:10AF780078FC0A9B314613F90A2054F82030134410
:10AF880044F820304A464046FFF741FE0028DFD10A
:10AF980080464FF0010B8246069B434566DC5BEA20
:10AFA8000A0339D00B9B63BBBAF1000F8FDB08BFD4
:10AFB800BBFA8BF3039A18BFBAFA8AF302F11F0699
:10AFC80008BF2033202EA8BF2026C3F13F039E428E
:10AFD800A8BF1E46E917A6F1200305FA03F3C6F138
:10AFE800200CB14025FA0CFC194305FA06F053462B
:10AFF8005A4641EA0C01F5F7D3FD0546039B9B1B16
:10B0080003936FF07F08089B04EB87070BFB03FB98
:10B01800079B5E1EBC4240D10FB0BDE8F08F53F8CD
:10B02800040FA7FB00ECBCF1000F0CD0244B254A01
:10B038001893049B24495C69A023A44604980FB084
:10B04800BDE8F04F6047474301324FE7079EF05491
:10B0580044F8230001335FE750F8046F002EDBD07B
:10B0680001335EE749F8263001366AE7059B5A4600
:10B0780053F828304FF0FF3056F823906FF0004116
:10B088005346F5F78DFD8145D0D809FB0AF3ABFB94
:10B0980009BA08F101089A447EE754F8040B2946D6
:10B0A800039AA0EB0B0002F0FFFB099B18444045F4
:10B0B800B8BF40467F28A8BF7F2006F8010FA9E740
:10B0C800262C0208882B02084E1D02082DE9F74F8E
:10B0D8009A460023144681460D461A460D9EA34201
:10B0E80029DB4FF0000B0023324629462046CDF8D5
:10B0F80000B0FFF7B6FB324629460C9B8046CDF8D8
:10B1080000A02046FFF7ADFB0F9B09EB880803EB77
:10B118008007D8ED000A97ED000A0E9B9847324643
:10B1280087ED000A29462046FFF771FD0028DAD18D
:10B1380003B0BDE8F08F46F823200133CFE70000C5
:10B148002DE9F04F002499B0914622460F46054656
:10B1580002F0D9F8012280463946284602F0D3F891
:10B16800224682463946284602F0CFF83B69064611
:10B17800DAF80400049301F0BCFF98F8083083461D
:10B18800072B00F0C380092B00F0B180012B40F0A1
:10B19800CC805046FFF735FD594607AAADF8204048
:10B1A800FFF717FDD8F804301F68042F0CD19DF95C
:10B1B8001C20022A08D1BDF91E20BDF92040012A11
:10B1C80013D1A21E54425441049A127802B3FCB11E
:10B1D80041460AA802F0A7F8314611A8D8F800405D
:10B1E80002F0A1F846B904F064FF022A08BF012C56
:10B1F8000CBF01240024E7E73368224600930AA91C
:10B2080011AB07A8FFF74EFB002019B0BDE8F08F7F
:10B218000493002EE7D05046FFF7F3FC01220146C5
:10B2280000207468049BD4F8009081453BDCD6F874
:10B2380000A0D8F800000AEB82040590D1465246D7
:10B248000020A24244D15A460026043304930DF14B
:10B25800280806AB38460193CDF80080D317069628
:10B26800FFF7D2FADDE90410324BDDF818B002938B
:10B2780011ABCDE900B33A464346CDF80CA0FFF731
:10B2880025FF0123B34526DC002BBDD0A145BBD04B
:10B2980007EE903AD9ED006AB8EE677AC6EE877A7B
:10B2A800E9EC017AF2E754F804CFA2FB0CAEBEF148
:10B2B800000F09D0204B284600936C69D2231F4AFF
:10B2C8001F49A0470120A0E70CFB02F20130ACE7C0
:10B2D80042F8040BB5E7049958F8042B51F82220DA
:10B2E800A3FB02010029E5D153430136CAE76B6C81
:10B2F800D9F808102846984739460090CDE90194B6
:10B3080028460AAB11AAFFF7C3FD7DE76B6CD9F895
:10B3180008102846984739460090CDE901942846F8
:10B328000AAB11AAFFF796FC6EE728466B69054938
:10B338009847C7E79DA700082D2C0208882B02080C
:10B348004E1D0208772D02080130800070478842A0
:10B3580008B50ED060B171B103680A689A420AD183
:10B3680092000431043004F0F1FFB0FA80F0400993
:10B3780008BD0120FCE70020FAE7000013289ABF67
:10B38800024B53F820000248704700BF2C4E0208B9
:10B398001A2E020820B1431E5842584140007047F7
:10B3A8000120704708B508B904F083FE0029FBD0D6
:10B3B800002AF9D0002BF7D008BD03685B6818474E
:10B3C8000368C01A03888B428CBF405A002070471C
:10B3D80010B50C210446FFF7F3FF10B123182058CD
:10B3E800184410BD08B503461046122B33D8DFE8C1
:10B3F80003F0100A181C20242614281E122A222CB6
:10B408002E1A16300E000A2300200B7008BD1323D5
:10B41800FAE70123F8E70B23F6E70723F4E71123FC
:10B42800F2E70223F0E71023EEE70323ECE7092312
:10B43800EAE70423E8E70D23E6E70523E4E7062324
:10B44800E2E70823E0E70C23DEE70E23DCE70F231F
:10B45800DAE71223D8E700220A701A46024902F0F6
:10B46800ADFF0120D2E700BF992E020800207047E7
:10B4780038B505461446FFF7A3FF00B12C582046FF
:10B4880038BD38B505461446FFF79AFF00B12C5C65
:10B49800204638BD08B500220A21FFF7F2FF08BD93
:10B4A800F8B5144605461E46FFF77CFF01222368BF
:10B4B800114620461B68984700270446077028460F
:10B4C800FFF7E8FF1B280BD12846FFF781FF38B1AB
:10B4D8003A460421FFF7D5FFC01B18BF0120207092
:10B4E80000203460F8BD38B505461446FFF768FFFC
:10B4F80000B12C56204638BDF8B5144605461E4600
:10B50800FFF750FF23680122022120461B68984755
:10B5180000270446077047702846FFF7BBFF0B2833
:10B5280017D12846FFF754FF054690B13A46042143
:10B53800FFF7D9FFC2B2531E042B88BF3A46062133
:10B54800227028460122FFF79CFFC01B18BF01206C
:10B55800607000203460F8BD2DE9F04717460546B5
:10B568008A469846FFF71EFF3B6804221B681C2189
:10B57800384698471C220021044604F0F7FE284666
:10B58800FFF788FF0128814605D00025C8F800404C
:10B598002846BDE8F0872846FFF71AFF0546002829
:10B5A800F3D000220421FFF79EFFFFF7F3FE0022ED
:10B5B800062120702846FFF75BFF00220821606003
:10B5C8002846FFF755FF00220A21A0602846FFF70A
:10B5D8008AFFC6B2731E042B88BF00264A460C2178
:10B5E80028462673FFF744FF4A460E212061284665
:10B5F800FFF73EFF0022102160612846FFF773FF26
:10B60800524604F11801FFF7EDFE05460028BCD0AC
:10B6180021463846FFF7D1FEBAE770B5144605460D
:10B628001E46FFF7BFFE236804221B681C21204624
:10B6380098471C220021044604F098FE2846FFF78C
:10B6480029FF022834D12846FFF7C2FE054678B301
:10B6580000220421FFF747FFFFF79CFE0022062186
:10B6680020702846FFF704FF002208216060284662
:10B67800FFF7FEFE00220A21A0602846FFF7F8FE29
:10B6880000220C21E0602846FFF72DFFC0B2431EC0
:10B69800042B88BF002001220E2120742846FFF7C2
:10B6A800E7FE0122606110212846FFF7E1FEA06154
:10B6B8000020346070BD00002DE9F04717460546AC
:10B6C80088469946FFF76EFE3B68012205211B68F4
:10B6D8003846984700260446066006712846FFF754
:10B6E800D9FE082882463DD12846FFF771FE054657
:10B6F800C0B332460421FFF7F6FEC3B25A1E042A2D
:10B7080088BF33463246237051462846FFF7B9FEB4
:10B71800801B18BF012032460A21A0702846FFF777
:10B72800B0FE801B18BF012032460C21E07028466D
:10B73800FFF7D9FE4246211DFFF754FE024650B9D5
:10B7480006212846FFF7CFFE58B1012809D0404608
:10B75800074902F033FE38462146FFF72EFE012046
:10B7680003E060700020C9F80040BDE8F08700BF22
:10B77800BD2E0208F8B5144605461E46FFF712FE10
:10B7880001222368114620461B6898470027044673
:10B7980007702846FFF77EFE15280DD12846FFF7CB
:10B7A80017FE48B13A460421FFF79DFEC2B2531E68
:10B7B800042B88BF3A46227000203460F8BD70B56B
:10B7C800144605461E46FFF7EDFD236804221B6854
:10B7D80028212046984728220021044604F0C6FD67
:10B7E8002846FFF757FE05282ED12846FFF7F0FD1B
:10B7F800054648B300220421FFF775FEFFF7CAFD8E
:10B808000022062120702846FFF732FE0022082178
:10B8180060602846FFF72CFE00220A21A060284617
:10B82800FFF726FE00220C21E0602846FFF720FEE5
:10B83800002220610E212846FFF755FEC0B2431EA4
:10B84800042B88BF002020750020346070BD10B51F
:10B858002DED028B0446B0EE408AFFF7B1FD10B122
:10B86800044494ED008AB0EE480ABDEC028B10BD8A
:10B8780070B514462DED028B05461E46FFF792FD66
:10B8880004222368114620461B6898479FED0C8ABE
:10B89800044680ED008A2846FFF7FCFD09280AD1F6
:10B8A8002846FFF795FD30B1B0EE480A0421FFF7AE
:10B8B800CEFF84ED000ABDEC028B0020346070BD21
:10B8C8000000000010B50446FFF77AFD10B12318F8
:10B8D8002058184410BD406803689B681847704793
:10B8E80070478068102203689B681847406803689F
:10B8F8009B68184740680368DB6818474068036816
:10B908005B691847406803681B6918478068042208
:10B91800036820219B681847704770B505460C4698
:10B9280009B904F0C6FB0B68012B0CD14E68002E38
:10B93800F7D0406871680368DB68984768683146E3
:10B948000368DB68984700236868C4E90033C4E9E2
:10B95800043303682146BDE87040DB68184738B5F2
:10B9680013460C4609B904F0A4FB826932B1806819
:10B978009900026895680422A8472060002038BD15
:10B9880010B508210446FFF71BFD10B123182058F5
:10B99800184410BD10B50A210446FFF711FD10B177
:10B9A80023182058184410BD10B506210446FFF787
:10B9B80007FD00B1205610BD10B50E210446FFF753
:10B9C800FFFC00B1205C003818BF012010BD10B585
:10B9D80004210446FFF7F4FC10B12318205818443A
:10B9E80010BD10B508210446FFF7EAFC10B1231872
:10B9F8002058184410BD000038B50D4608210446EB
:10BA0800FFF7DEFC00B120582B68834205D8B0212F
:10BA18000B4B0C4A0C4804F053FB013055F820300E
:10BA280005EB80041C4404212046FFF7C9FC2218BA
:10BA380020B12358D058D11800B1081D38BD00BF17
:10BA4800E72E0208F22E0208BC2F0208F8B51646A7
:10BA58000023C2E9003346F8083F0F46144605465E
:10BA6800FFF7A2FF314601F094FC064658B9394663
:10BA78002846FFF7C1FF042120602846FFF7A0FCF5
:10BA880018B9054B63603046F8BD2A182858104489
:10BA980001F072FB6060F6E7E04E020838B50D462B
:10BAA800044608B904F005FB0029FBD0036804220A
:10BAB80024215B6B9847064AC0E90024002204341D
:10BAC800C0E90325C0E9062284600275026238BD18
:10BAD800844E020870B50D4604461021164601F042
:10BAE8004DFB2C44211A02F041FC054600B10430FC
:10BAF80086B1012E17D10368042241F20C019B681C
:10BB08009847044602F0F0F821462846BDE8704000
:10BB1800FFF7C4BF036804222C219B68984704469A
:10BB280002F068F9F0E70024EEE700002DE9F041A3
:10BB38001D46037D04460E4617462BB90C4801F0F6
:10BB4800CBFA0120BDE8F081036829461B6C8269A5
:10BB580098470028F6D123683A46D3F83C80314606
:10BB680020462B68C0470028ECD12075EAE700BFC3
:10BB78004430020838B5044640680368DB6A9847D1
:10BB88000546A0680368DB689847284438BD002349
:10BB980010B50446836140680422036890219B69BC
:10BBA8009847E061B0FA80F0400910BDF8B5044646
:10BBB8000E4609B904F07DFA037D2BB11B4801F04C
:10BBC8008BFA00252846F8BD0123037580680422F6
:10BBD800036808219B689847A368154AC0E90023B1
:10BBE800E0602046FFF7D3FF0028EAD1A568304679
:10BBF8002B689F68FFF7F5FE016804222846C900F4
:10BC0800B847054608B90B48D9E7236802463146C4
:10BC18002046DB6A98470028D3D123682A46314654
:10BC280020469B6A98470028CCD0CAE78F30020884
:10BC3800D04E0208E43002080421C06901F09EBA1F
:10BC48002DE9F8430546894690461F46FFF7F4FF5D
:10BC58000C2604460022A9694E4300EB060C6445F5
:10BC680008D10B2A0CD90C480C2101F035FA012017
:10BC7800BDE8F88363680C34013308BF0132EEE78E
:10BC88004FF0FF3340F80690C4E901383960AB69DA
:10BC980000200133AB61EBE712310208036870B58D
:10BCA8005B6904460D469847C8B92046FFF7C4FFAC
:10BCB8000C23A2695A438318984209D16068E16944
:10BCC80003689032DD690423AC46BDE870406047E4
:10BCD80041680C30013108BF40F8085CECE770BDE2
:10BCE800C068704708B50368994205D3B021054B71
:10BCF800054A064804F0E4F900EBC100D0E9010167
:10BD080008BD00BFE72E020848310208BC2F020810
:10BD18002DE9F04F85B00F9C81468A4693461D4613
:10BD28000CB904F0C6F920220021204604F01EFBBD
:10BD38002846FFF739FE04F11C0101F02AFB0746EB
:10BD4800002855D12846FFF737FE0E99A0772846D8
:10BD5800FFF752FE002814BF0123022320616377F6
:10BD6800284603AA04F1180101F056FA07460028EC
:10BD78003ED104212846FFF723FB00283CD02A188F
:10BD88002858104401F0F8F960610C212846FFF7A3
:10BD980017FB68B32B582E181E443046FFF7F0FDEA
:10BDA800054628B303681BB33046FFF7F3FDF8B127
:10BDB8000368EBB16B683046A360FFF7EBFD002129
:10BDC800FFF790FFE0603046FFF7DAFDD0F800801B
:10BDD800BBF1000F12D0DAF8003004220C215046D3
:10BDE8009B6898470546F8B92F4801F075F901276F
:10BDF800384605B0BDE8F08F2C48C5E7D9F80030C3
:10BE080004220C2148469B68984705460028EBD039
:10BE1800D9F800304046D3F808A0FFF795FA042275
:10BE280001464846D0470AE0DAF800304046D3F8E1
:10BE38000890FFF789FA042201465046C84768600F
:10BE480008B91B48D1E73046FFF79AFD01F095F98C
:10BE58006B684FF0000A99462860C3F80080C24515
:10BE68000ADB10213046FFF7ABFA00B13058012346
:10BE7800A860C4E90035BBE73046FFF78BFD0268D0
:10BE8800834630460192FFF77BFD019A03685846C6
:10BE98009A420CBF51460021FFF724FF0AF1010A1C
:10BEA80049F8040FDBE700BFF4310208E04E02084E
:10BEB8002232020808B50368994205D3B021064B1F
:10BEC800064A074804F0FCF8013100EB810250F8FB
:10BED8002100104408BD00BFE72E020850320208B6
:10BEE800BC2F02082DE9F34180460F461E46144632
:10BEF80000253846FFF76BFD03689D4201D30020FB
:10BF08001DE02946FFF7D6FFFFF756FDD0B11EB159
:10BF180056F82530013315D1204601A901F0AFF9B3
:10BF280068B9D8F808001022036801999B689847F7
:10BF3800206038B90548019901F0CEF8012002B017
:10BF4800BDE8F08101350C34D3E700BF1A3302088D
:10BF580008B50368994205D3B021064B064A07483D
:10BF680004F0AEF8013100EB810250F821001044D2
:10BF780008BD00BFE72E020848330208BC2F02089C
:10BF88002DE9F04107460E46154602BB04F091F82C
:10BF98002146FFF7DDFF01F0B9F8BB6841011A68D7
:10BFA8001846D2F808800422C04728B9094801F089
:10BFB80093F80120BDE8F08145F83400013430469B
:10BFC800FFF70FFD03689C42E2D30020F2E700244C
:10BFD800F5E700BF163402082DE9F3470746DDF8F8
:10BFE8002890084616461D468846FFF7FAFC49463B
:10BFF800FFF7AEFF3B6838465B6B9847044638B995
:10C00800114801F069F80024204602B0BDE8F08725
:10C0180000223B68CDE9009241460246D3F838A099
:10C0280038462B46D04708B10848EAE7002EEBD03F
:10C038000C235D4306EBC90673685A195B592361E3
:10C0480053686361E0E700BF4C3402088234020899
:10C058002DE9F3470746DDF82880084616461D46B1
:10C068008946FFF7BEFC4146FFF772FF7868042255
:10C07800036820219B689847044648B942462946E8
:10C08800124801F029F80024204602B0BDE8F087E4
:10C0980001223B68CDE9008249460246D3F838A020
:10C0A80038462B46D04718B1094801F015F8EAE799
:10C0B800002EE9D00C235D4306EBC80673685A19B5
:10C0C8005B59236153686361DEE700BFCC34020823
:10C0D800073502082DE9F04F9946436891B0CDE93C
:10C0E80007130546884616460021182209A804F0B9
:10C0F8003DF90023A96907A80F9300F009FA04463F
:10C10800002879D1059005A907A800F059F9044637
:10C11800002871D1074606F1040A4046FFF761FC82
:10C128000368059C9F423ED32146324607A800F08B
:10C1380077FA044600285FD12846FFF77DFD21469F
:10C1480002464B46009607A800F0F9FA0446002874
:10C1580052D1DDE9096A6868102103681B6B9847AA
:10C16800074668681022036839469B6898478046E6
:10C17800002800F08A803A46A14637462869414699
:10C188000368DB699847D5F810B0CA451BD16868C1
:10C1980000270368D5F810B05B6A9847394681468E
:10C1A8004FF0FF3348E03946FFF7D2FE2B680146CF
:10C1B800D3F830B0284623465AF83720D8470446E3
:10C1C800D0B90137A9E73B7D1BB909F10109183737
:10C1D800DBE71021386800F0DBFFD7E902233C6970
:10C1E8000146B4F1FF3FDBF8000009D184685846E6
:10C1F800A04704460028E8D0204611B0BDE8F08FDB
:10C208000094C4685846A047F3E7327D92B1DBF842
:10C21800002058469469069306AA0391A04704464D
:10C228000028E9D14FF0FF33069A706803994A4411
:10C238000260013101371836BA45E6D107A800F087
:10C24800B1F8686841460368DB689847686803681E
:10C258005B69984704460028CED16868E969036895
:10C268001B6A984704460028C6D1286903681B69D9
:10C278009847296A102281423CBF014628626868B3
:10C2880003689B6A98470446B6E70124B4E72DE99A
:10C29800F047D0E901761C46084615468946FFF75F
:10C2A800A0FB0899FFF754FEFFF791FB2146FFF723
:10C2B80001FE0C21044648469DF82480FFF780F8CB
:10C2C80020B109EB000359F800001844CDE908052E
:10C2D8002346424639463046BDE8F047FFF718BDC9
:10C2E8002DE9F74F80460C461746002A47D103F040
:10C2F800E0FE3146FFF72CFE0190FFF768FBD0F80F
:10C3080000B0D8F808000AFB0BF503680422294698
:10C318009B689847814680BB29461B4800F0DCFE95
:10C32800012003B0BDE8F08F0198FFF750FB2946C4
:10C33800FFF7C0FD0C2100902046FFF741F858B1E7
:10C348002158221811440AFB05920098FFF77EFB3A
:10C3580020B129460D48E1E70146F4E701355D457E
:10C36800E2D13A1D42F8369001362046FFF739FBF4
:10C3780003689E42BDD30020D3E70025EFE70026DF
:10C388004FF00C0AF1E700BF4B350208923502085E
:10C3980008B58B68934201DD03F08BFE013308BFBB
:10C3A8008A6008BD10B504464068A1680368DB6868
:10C3B8009847606821690368DB689847002010BDCA
:10C3C8002DE9F84305680746884628461021FEF7F8
:10C3D800F7FFE8B90020BDE8F883013304EB8302D6
:10C3E80054F82340042114442046FEF7E9FF0028AE
:10C3F80053D0225823181344D968BA6910338A4293
:10C40800C8F8003005D0274800F066FE0120E2E7B2
:10C41800002610212846FEF7D3FF00283FD02B58CE
:10C428002A18D118D3589E42D4D2013651F8263052
:10C4380001EB8609994404214846FEF7C1FF00280C
:10C44800E7D059F8003009EB0002D458D018172C5F
:10C458002246154928BF1722043003F08FFF002811
:10C46800D7D1172CD5D10C212846FEF7A9FF0446B1
:10C4780010B12C582B181C4406214846FEF7A0FF83
:10C48800034608B159F8003022689A42A5D8B0216D
:10C49800064B074A074803F013FEC368FFDE03682C
:10C4A800FCE700BFB1350208E44E0208E72E020897
:10C4B800F22E0208BC2F020808B50368994205D37A
:10C4C800B021044B044A054803F0FAFD013150F845
:10C4D800210008BDE72E0208FC350208BC2F02081F
:10C4E80008B50368994205D3B021064B064A0748A8
:10C4F80003F0E6FD013100EB810250F82100104401
:10C5080008BD00BFE72E02089E360208BC2F0208AD
:10C518002DE9F843054600688846FFF762FA046883
:10C528006868A4000368042221469B689847074668
:10C538002861C8B100263446D5F800904846FFF770
:10C5480050FA03689E4216D31823C5E905444444AB
:10C558006868EC605C430368042221469B68C5F860
:10C568001C809847A860A0B90B48214600F0B4FD8C
:10C578000120BDE8F88347F826404846FFF731FA1E
:10C588003146FFF7E5FCFFF722FA036801361C4441
:10C59800D4E70020EDE700BF6C3702082DE9F34728
:10C5A80008460C46174600F0B1FD002506464FF038
:10C5B800FF38B54201D1002027E00A212046FEF7C6
:10C5C800FFFE10B12318205818442946FFF788FFAA
:10C5D8004FF0000A814614214846FFF773F9D0B19D
:10C5E80003689A4517D25146FFF766FF0C2301A945
:10C5F80003FB0070CDF8048000F041FE28B90199D2
:10C6080031B1064800F068FD012002B0BDE8F087AE
:10C618000AF1010ADFE70135CBE700BFAD370208B1
:10C628002DE9F04F00260446B2464FF0FF3B8368E1
:10C6380085B00093131D019102932068FFF7D1F98B
:10C6480003689E4211D3182263690099E06902FBCE
:10C658000313012400224FF0FF31904203F1180325
:10C6680065D1002005B0BDE8F08F3146FFF770FCBA
:10C67800029B074653F83680236901464246204606
:10C6880053F82650FFF78AFF0028EBD11823009AA9
:10C6980003FB0529454680463846FFF798F90268A6
:10C6A800904501D30136C8E749462846C9F80450E1
:10C6B80000F0E5FD0028D5D12A68C9E902BB52BBC4
:10C6C80038460392FFF783F94146FFF7F3FBFFF77C
:10C6D80073F9039A20B9D9F80020003A18BF01224B
:10C6E800019B89F81420FBB153F82A203846C9F871
:10C6F80010200392FFF76BF94146FFF7DBFBFFF7CA
:10C708005BF9039A48B90AF1010A08F1010809F12D
:10C7180018090C35C0E70246E2E70132F3D04FF0C2
:10C72800010389F81430EEE7C9F810B0EDE743E9E2
:10C73800041103F8044C43F8081C01328DE72DE975
:10C74800F04F894604468BB00068CDE90523FFF712
:10C7580048F94946FFF7FCFB4FF01808A36807465D
:10C76800049323694FF0000A53F82960049B08FBDF
:10C77800063600F0CBFC079006213846FFF7A2F8F2
:10C788000546002800F0CC8003689A4580F0C780F1
:10C798005146FFF791FE08FB0065D4F820B0294602
:10C7A8005A462046FFF7F4FDEB689B4501DA03F093
:10C7B80080FCC5F80CB00AF1010ADDE7236A0A21FA
:10C7C8000133384623620393FEF7FAFD10B13B1894
:10C7D800385818442946FFF783FE4FF0000A804670
:10C7E80008214046FFF76EF800BB149B41460093B2
:10C7F8002046DDE9052300F09BF84FF0000A0621EA
:10C808004046FFF75FF800B303689A451DD25146CA
:10C81800FFF752FE002806DB0BFB0060236AC168A5
:10C828008B42C4DBC3600AF1010AE8E7026892455B
:10C83800DBD25146FFF740FE039A0BFB006120460E
:10C84800FFF7A6FD0AF1010ACAE74FF0000A0EE059
:10C858000268924511D25146FFF72EFE0BFB00608D
:10C86800226AC1688A42A2DBC2600AF1010A082171
:10C878004046FFF727F80028EAD1049B6169DDF8F4
:10C8880014800BFB01310023E2699A4225D8013557
:10C89800079B9D4292D14FF000084FF018090821DC
:10C8A8003846FFF70FF800283DD0036898453AD27C
:10C8B8004146FFF701FE09FB0065D4F820A0294690
:10C8C80052462046FFF764FDEB689A45FFF66FAFC6
:10C8D800C5F80CA008F10108E1E7D8F80420AA423D
:10C8E80018D1D8F80820914514D10698D8F8002016
:10C8F80000EB8300C1E900202046039A08910993C0
:10C90800FFF746FD0899226AC8688242FFF64FAFD2
:10C91800099BCA600133183108F10C08B4E70025F7
:10C928004FF0180BB4E700200BB0BDE8F08F000003
:10C938002DE9F347056807460E4628460621904626
:10C948009946FEF73DFDDDF828A0044610B12C58A5
:10C958002B181C4404213046FEF732FD054600B171
:10C9680035582368AB4205D8B021314B314A32489B
:10C9780003F0A6FB013554F8253004EB85000022AE
:10C988000A211844FEF774FD77284AD0812834D04C
:10C9980076282ED13046FEF77DFD5C2846D13046FC
:10C9A800FEF716FD0546002204212846FEF760FD25
:10C9B8000022044606212846FEF75AFD621C054659
:10C9C8000AD03B6A424601333B6221464B46384611
:10C9D800CDF800A0FFF7B3FE6B1C0AD03B6A4246B5
:10C9E80001333B6229464B463846CDF800A0FFF795
:10C9F800A6FE002002B0BDE8F0873046FEF74AFDEB
:10CA080067280CD13046FEF7E3FC04210022FEF72C
:10CA18002FFD411C0446ECD04FF0FF35D1E7002034
:10CA2800F3E73046FEF736FD5D28B7E70025BAE79D
:10CA3800E72E0208E9370208BC2F02080968002A15
:10CA480010B451F8044B0ADB944208DD51F8221067
:10CA5800002904DB03685DF8044B5B691847002074
:10CA68005DF8044B70474968002A10B451F8044B2C
:10CA78000ADB944208DD51F82210002904DB036820
:10CA88005DF8044B5B69184700205DF8044B70475C
:10CA98000EB403B503A951F8040B019100F012FB81
:10CAA80002B05DF804EB03B07047C06803689B6888
:10CAB8001847C0680368DB681847C06803681B69C3
:10CAC8001847C06803685B691847C06803685B6AF1
:10CAD8001847C0680368DB6A18470000D1289ABF66
:10CAE800024B53F820000248704700BFFC4E020872
:10CAF8008C44020870B5044600F1A4060D46304681
:10CB0800002101F025FF0A4B6661E361094BE563EB
:10CB1800A365094BE365094BA364094B2363094BE0
:10CB28002364094BE364002384F8953070BD00BF8B
:10CB380099CA0008CBCA0008D3CA0008BBCA0008B3
:10CB4800DBCA0008B3CA0008C3CA0008F7B51E4606
:10CB580000F108070446C0E900120D4664220021CE
:10CB6800384603F003FC9DF82C2008993046FEF760
:10CB7800B1FF099A04F17006E0660346394600924F
:10CB880030462A4601F072FD4FF480732046A4F81F
:10CB98009430002350F8A42BC4E92633E16EC4F87E
:10CBA800A030334601F0C4FE20460A99FFF7A2FFE1
:10CBB800204603B0F0BD08B5FEF713FF0021FFF7CC
:10CBC800C7F90621FEF77EFE006808BD38B50546A0
:10CBD80000680C46FFF7EFFFA042024605D805485B
:10CBE800214600F079FA002038BDD5F89C3053F87A
:10CBF8002400F9E7BF38020808B5FEF7F2FE002165
:10CC0800FFF7A6F90821FEF75DFE006808BD0000E1
:10CC180038B5054600680C46FFF7EEFFA04202460D
:10CC280005D80548214600F057FA002038BDD5F848
:10CC3800A03053F82400F9E7EA38020838B5D0F8EC
:10CC48008030044600F1700513B1284601F026FC37
:10CC580004F1A40001F0F7FD284601F0BFFB2046CF
:10CC680038BD00002DE9F04F06464FF0000A8BB0A2
:10CC780006F1700001F08EFC504501DC00236FE0E6
:10CC880035682846FEF7ADFE5146FFF761F90621E3
:10CC980000902846FEF794FB044610B12C582B1838
:10CCA8001C44F06EFFF71CF80390009800F02EFA71
:10CCB80000274FEACA0304900193049B9F4202D1C4
:10CCC8000AF1010AD4E70A210098FEF779FB002847
:10CCD80000F0BF80009B1A5819188B188A58974281
:10CCE80005D3B0215C4B5D4A5D4803F0E9F9013793
:10CCF80003EB870553F8273004211D442846FEF727
:10CD08005FFB50B155F800802368434507D841467A
:10CD1800544800F0E1F9012322E08046F4E708F1E5
:10CD2800010304EB830B54F82330019A9B44D6F893
:10CD380080304FEA47199A58A9F120094A445846C1
:10CD480071681C3201F006FE70B10090584600F080
:10CD580006FBFFF7C3FE0146434800F0BDF9009B00
:10CD680018460BB0BDE8F08FD6F8802001995258CC
:10CD78004A44D26912B941463C48CAE7D2F81480FD
:10CD880009900E212846FEF71BFBB8F1200F44D16D
:10CD980000283AD14FF0000BCDF808B006212846FC
:10CDA800FEF790FD00F0E8F9082105902846FEF707
:10CDB80089FD00F0E1F9019AD6F8803000219B58EE
:10CDC800069003EB09081C224046079303F0CEFAAD
:10CDD800079B059A142143F80920069B2846C8F8A2
:10CDE8000430099BC8F81030029BC8E9053BFEF7E0
:10CDF80069FD00283FF461AF0368002B3FF45DAF85
:10CE080000F0BAF9C8F8080057E72B582A18D118C3
:10CE1800043152F803B00291C0E728B14046FFF749
:10CE28005DFE0146124874E77068414603689B68D6
:10CE3800984728B94046FFF751FE01460D4868E774
:10CE480009AB2946039A00F0B0FA03460028A1D09E
:10CE580086E70368FFDE00BFE72E02089E36020859
:10CE6800BC2F020816390208403902086D39020839
:10CE78008E390208D439020810B500F17004204632
:10CE880001F0E0FA20B92046BDE8104001F008BCE6
:10CE980010BD00002DE9F04F0168054685B0C06E51
:10CEA800FEF784FE014650B96C4800F015F90123DD
:10CEB80085F895300124204605B0BDE8F08F05F1CE
:10CEC8007007384601F0EAFB2846FFF7CBFE044618
:10CED8000028F0D105F1A4060146304601F038FDDE
:10CEE800384601F07CFA04460028E4D10121304696
:10CEF80001F02EFD384601F00DFB04460028DAD17A
:10CF08000221304601F024FDD5F880202968E86E1A
:10CF180005F19803FEF70AFE04460028CBD1D5F8A0
:10CF28009810304601F012FDEF6E28683B68D3F880
:10CF38001C80FFF740FE81003846C047C5F89C00BA
:10CF4800002847D12868FFF736FE8100444800F0E2
:10CF5800C3F8AFE7D5F880203846D3F800B003927D
:10CF6800FEF73FFD0021FEF7F3FF0621FEF7AAFCBE
:10CF78002146FFF7A1FAD5F89CA00346394640465A
:10CF8800039ACDF80090D847D5F89C304AF8240089
:10CF980053F8243013B921463248D8E701342F68B2
:10CFA8003846FFF708FED5F86C80A042D8F8003064
:10CFB800D0D83846DC69FFF71FFE81004046A047FD
:10CFC800C5F8A000002845D12868FFF715FE8100A4
:10CFD8002548BCE7A146E2E7D5F86C80D5F8802063
:10CFE800D8F800303846D3F800B00392FEF7F9FCC1
:10CFF8000021FEF7ADFF0821FEF764FC2146FFF78C
:10D008005BFAD5F8A0A0034639464046039ACDF806
:10D018000090D847D5F8A0304AF8240053F82430B7
:10D0280013B92146114892E701342F683846FFF7B3
:10D03800E3FDA042D0D82846FFF71EFF044600288B
:10D048007FF439AF01230321304685F8943001F08D
:10D058007FFC30E70024A146E7E700BFF13902086A
:10D06800143A02085D3A0208823A0208CC3A0208E9
:10D0780090F8953010B5044623B10A4800F02CF812
:10D08800012010BD90F8943033B104F170000021F4
:10D09800BDE8104001F08EBAFFF7FCFE0028F4D07E
:10D0A800EFE700BFF23A02080FB407B5044805A934
:10D0B8000191F5F7C3F803B05DF804EB04B07047CD
:10D0C8008A44020808B5F5F7B9F8BDE808400148F0
:10D0D800FFF7EABF8A4402080FB407B504A951F85C
:10D0E800040B0191FFF7EEFF03B05DF804EB04B009
:10D0F8007047034601680022012010B5914200DC08
:10D1080010BD53F8044F01326043F7E70368C31AB0
:10D118001A880A2A05D95B89C21813B1C358D0588E
:10D128007047002070470000036810B5C31A1A88BA
:10D13800082A17D91B89C418A3B1C258A318A25822
:10D14800914205D3B021094B094A0A4802F0B8FFB9
:10D15800013103EB810053F82130BDE81040184439
:10D16800FFF7D4BF00231B68FFDE00BFE72E0208CD
:10D1780048330208BC2F0208704770474B1E1844FA
:10D18800B0FBF1F048437047B0FBF1F048437047FB
:10D19800431E0B44B3FBF1F301FB03F0704700009F
:10D1A800132804D8092804D8022826D868BB0120E7
:10D1B80070470A380928FAD801A353F820F000BFAD
:10D1C800FBD1000817D200081BD2000817D20008AC
:10D1D80013D20008B7D1000813D20008FBD1000809
:10D1E8000FD20008FBD1000812F4887F0FD107285E
:10D1F800DDD1022300200B607047012303FA00F2FF
:10D2080012F4127FF0D00123F4E70423F2E7082395
:10D21800F0E71023EEE700BFF7B5144602680346AF
:10D22800821A17880D46042F26D99188461809B303
:10D23800405831183058012601EB8000884214D13B
:10D24800062F1AD9D08800B118560DF1070100F041
:10D25800A0F840B921469DF80700FFF7A1FF10B9D3
:10D26800236873432B6003B0F0BD51F804CF0CFB67
:10D2780006F6E3E70126E3E701260020E5E773B5B4
:10D288000C4609B902F015FF43689BB1002201253D
:10D298001968914209DC007A01A9FFF781FF10B9EA
:10D2A800019B6B43236002B070BD53F8046F0132D9
:10D2B8007543EEE70125EEE710B5C360039B0160F7
:10D2C800036100230299C0E90533C0E9011210BDCA
:10D2D80070B508B902F0EDFE0029FBD00B68002AF2
:10D2E800194651F8045B0CDB95420ADD51F822100F
:10D2F800002906DBBDE8704003EB82035968426DE4
:10D308001047002070BDFFF7E3BF10B508B902F061
:10D31800D0FE0029FBD0BDE810404968436D01EB01
:10D3280082025168184710B5044609B1496819B90D
:10D3380000232360204610BD51F8042B062A026002
:10D3480001DD02F0B6FE9200043003F0F4F8F1E7D4
:10D35800012803D0831E58425841400070470246B6
:10D3680008B508B902F0A5FE0168411A0B880A2B16
:10D3780009D94B8903B1C358888800B1105698421F
:10D38800B8BF184608BD042B4FF00003F4D8184660
:10D39800F5E738B504460D4601F042FB294602463A
:10D3A8002046BDE83840FEF71DB82DE9F0410D468E
:10D3B800044616461F4601F033FB3B4601463246FB
:10D3C8002846A446BDE8F0416047000073B580EEEA
:10D3D800800A04460E46154602F0E8FBDFED107A97
:10D3E800B4EEE70AF1EE10FA0FDBDFED0E7AB4EED9
:10D3F800E70AF1EE10FA08D8BDEEC00A10EE103AAE
:10D40800002033442B6002B070BD074B20460093C8
:10D4180065694FF4AF73054A0549A8470120F2E74B
:10D42800000000CF0000004FE84402088D440208C5
:10D438004E1D0208D1ED027A92ED027A67EE877AE4
:10D44800F5EEC07AF1EE10FA73B51E460ADA0F4B04
:10D458000F4A009344694FF4A8730E49A04701206E
:10D4680002B070BD17EE900AF3F730F80446B068C2
:10D478000D46F3F72BF80B46024629462046F3F7EC
:10D48800A7F9069BC3E900010020E9E70E45020859
:10D498008D4402084E1D02082DE9F74F0446DDE9C8
:10D4A8000C7B886816469A460D46F3F70FF88046B7
:10D4B800B0688946F3F70AF802460B4640464946E3
:10D4C800F3F75CF880468946BAF1000F1BD0DAF80A
:10D4D8000800F2F7FBFF02460B4640464946F2F7C2
:10D4E80095FE8046B86821F00049F2F7EFFF024642
:10D4F8000B4640464946F3F76BF912A3D3E90023DC
:10D50800F3F7B8FA50B13B46324629462046CDF8E3
:10D5180030B003B0BDE8F04FFFF78CBF064B204694
:10D528000093656940F24313044A0549A84701205E
:10D5380003B0BDE8F08F00BF274502088D440208FC
:10D548004E1D02087B14AE47E17A943F2DE9F04363
:10D558002DED028B1E46137F85B0072B0446DDF8A0
:10D56800389011D0092B2BD0032B2DD0374B384AAC
:10D57800009344694FF4CB733649A047012005B0A6
:10D58800BDEC028BBDE8F08347F6FF75324F0129E9
:10D5980092ED028AD2F80C8019D1DFED300A4146AB
:10D5A800B0EE480A204603AAFFF710FF0028E5D18D
:10D5B800039BBB42ACBF33603760C9F800502AE018
:10D5C8007F256FF07F07E2E7FF250027DFE70329C4
:10D5D80023D1DFED220A4146B0EE480A204603AACD
:10D5E800FFF7F4FE0028C9D1F1EE080A039B03AA4D
:10D5F800BB42ACBF336037604146B0EE480A2046B4
:10D60800FFF7E4FE0028B9D1039BAB42D4BFC9F8A9
:10D618000030C9F800500020B1E7022913D1FFEE0D
:10D62800000A4146B0EE480A204603AAFFF7CEFE9C
:10D638000028A3D1039BF7EE000ABB42ACBF3360BE
:10D64800376003AAD8E73760B7E700BF4945020843
:10D658008D4402084E1D02080080FFFF00000000F4
:10D668002DE9F04F97B00893209B04460493219B23
:10D678008B460993229B92460A93239B0B93249BE8
:10D688000C93259B0D93269B0E93279B0F93289B0A
:10D6980005930B68012B0FD00122CDE90232704BA4
:10D6A8000193704B0093DE2344696F4A6F49A0478A
:10D6B800012017B0BDE8F08F1268012A08D0CDE923
:10D6C8000223674B01936A4B00934469E023ECE71C
:10D6D800DAF804203AB9674B0093EB234469624AAD
:10D6E8006549A047E4E7176827B9644B0093446984
:10D6F800EC23F4E73D68012D39DD0B7F092B06D0BB
:10D70800072B04D05E4B00934469F023E7E79AF8AF
:10D718001C30092B0AD0122B08D05A4B20460093F4
:10D728006569F223504A5449A847C1E7059B9D42C1
:10D738000CD0CDE90253544B0193544B0093F4237E
:10D7480065692046484A4949A847B1E7DAF81430DC
:10D75800926803EB82035B68AB4208D0CDE90253C1
:10D768004B4B0193484B00936569F523E9E7DBEDE3
:10D77800027A049BCDED067AD3ED027A0026CDED30
:10D78800077A07F10408059B9E4235DB9BF81C309D
:10D79800032B1AD100220023CDE9142314AB0193E3
:10D7A800049B5246009359462046089BFFF774FE97
:10D7B80000287FF47DAF9DED140B0A9813A900F0A3
:10D7C80029F9139B0B9A5B4213609BF81C30092BB9
:10D7D80043D84FF42270D84010F001003FF469AFED
:10D7E80020460D9B09992093049A0C9B097817B041
:10D7F800BDE8F04FFFF7AABE012D0698CCBFD8F8B8
:10D808000090D7F80490F2F761FECDE91001484680
:10D81800F2F75CFE02460B46DDE91001F2F7AEFEB8
:10D82800CDE910010798F2F751FE02460B46DDE9F3
:10D838001001F2F7CDFF41EC100B14A913A800F06A
:10D84800E9F8139B0E9A08F1040842F82630149B55
:10D858000F9A42F82630013695E7002029E700BFE5
:10D86800971E02084F4502088D440208891D0208C8
:10D87800B11E0208684502084E1D0208AC220208C3
:10D88800982602087C450208B7450208AE2002081F
:10D898004323020808B549694069FDF758FD003877
:10D8A80018BF012008BD000022EAE273984070B555
:10D8B80080FB0134002C1A4DA8BF4FF080458842E8
:10D8C80008BFB1F1004FC2F1000626EAE67615D08E
:10D8D800EB1844EBE571002904DA6FF000401B18DF
:10D8E80041F10001DB0F43EA41031F3209DA40F23C
:10D8F80067110C4B0C4A0D4802F0E2FB6FF0004335
:10D90800F3E70122B240013AD90F02EA030443FACD
:10D9180006F001EB62029442C8BF013070BD00BF3F
:10D92800010000C0EB250208112502086B2502083A
:10D93800002A70B505DA5821224B234A234802F001
:10D94800BFFB03F11F04262C03D95921204B1E4A83
:10D95800F4E701F50044B4F5803F03D35A211D4B89
:10D96800194AEBE71C4CC3F10E05A242CEBF47F69D
:10D97800FF7202F5004212145143D41700FB041140
:10D98800A2FB002001440120A5F12004C5F12006D6
:10D9980020FA06F600FA04F4A8403443801841EB54
:10D9A8000401C3F10F041133B4F1200220FA04F08A
:10D9B80001FA03F340EA03005CBF41FA02F21043A4
:10D9C80070BD00BFC4450208DE45020823460208B0
:10D9D800824602089C460208FFFFFE7F0023F0B53E
:10D9E80001EBD1746410561C9C4208DCCB0741BF84
:10D9F800035D521843F3030302F8013CF0BDC5561A
:10DA080045F303072D1102F8137006F8135001337C
:10DA1800EAE70000F8B500222DED028B06460C4619
:10DA2800002351EC100BB0EE408AF0EE608AF3F759
:10DA38000DF8054628B1002333602360BDEC028B46
:10DA4800F8BD2046B0EE480AF0EE680A01F07CFE08
:10DA58000022134B51EC100BF2F790FD41EC100B28
:10DA680002F056F851EC100B03F072FB4FF0004235
:10DA7800824275EB0107034601DA02F01AFBA9425C
:10DA880008BF904202BF236801332360226808BFA1
:10DA98004FF080431F32BCBF002323603360CDE7C3
:10DAA8000000E04138B500222DED028B05460C46FA
:10DAB8000C4B51EC100BB0EE408AF0EE608AF2F796
:10DAC800EDFF08B902F0F5FA21462846B0EE480AFB
:10DAD800F0EE680AFFF79EFF2368002BF2DBBDEC2F
:10DAE800028B38BD0000F03FF7B555EC104B0746E8
:10DAF8000E460022204629460C4BF2F7B1FF08B922
:10DB080002F0D7FA0022002320462946F2F7C6FF82
:10DB18000028F5D0384645EC104B01A9FFF77AFFED
:10DB2800019B002BECDC336003B0F0BD0000F03F3C
:10DB38002DE9F84F4FF0004323FA00F057EC106B33
:10DB480059EC118B93468A46F2F7AEFC42460446DE
:10DB58000D464B4630463946F2F710FD02460B4655
:10DB680020462946F2F70AFD09A3D3E90023044613
:10DB78000D46F2F793FF38B19FED050B5946504615
:10DB8800BDE8F84FFFF78EBF45EC104BF6E700BF36
:10DB98000000C0FFFFFFDF412DE9F8430124814663
:10DBA80004FA00F0013888461546F2F77DFC06466F
:10DBB800A5EB09000F46C0F12003A0F1200124FACB
:10DBC80003F304FA01F104FA00F01943F2F7A8FC90
:10DBD80002460B4630463946F2F7D0FCC8F120031E
:10DBE8000F46A8F1200124FA03F304FA01F10646CE
:10DBF800194304FA08F0F2F793FC02460B46304644
:10DC08003946F2F7E5FD41EC100B01F0FDFE51EC51
:10DC1800100BF2F74DFFBDE8F883000010B52DEDAD
:10DC2800028B044601F0FEFDDFED0D7A20EE278A17
:10DC3800B0EE480A01F0BAFFFDEEC07A38EE408A2D
:10DC4800C4ED007AB0EEC88ADFED067AB4EEE78A52
:10DC5800BDEC028BF1EE10FA4CBF0120002010BD84
:10DC68003BAAB83F6F12833A0120704700207047E3
:10DC7800704701207047704700F5805080687047F2
:10DC880000F580504068704700F58052536810B521
:10DC9800B3F5806F06DB08484FF48061FFF71CFA84
:10DCA800012010BD946800EB8300214401334460D7
:10DCB800002091605360F4E7E9460208002910B596
:10DCC80000F5805302DB5C688C4205DC05485A6825
:10DCD800FFF702FA012010BD00EB81004368002025
:10DCE8001360F8E706470208034A00F5805302600C
:10DCF8000022C3E9012270475052020800207047F1
:10DD08003E23092802DC3030C0B27047232801DCEA
:10DD18005730F9E73D2801DC1D30F5E7B0FBF3F299
:10DD280003FB1200EDE7034610B5012483F82840F1
:10DD38002824B2FBF4F20C240020D96001EB021174
:10DD4800196101EB8201596101EB8201996104FBC0
:10DD5800021198605A60596210BD704770B5D0E9D9
:10DD680002650468A468A04720B9049B05EB061562
:10DD78006B6070BD0120FCE780687047F8B50E46FF
:10DD8800D0E901148C4204DB0A48FFF7A5F9012009
:10DD9800F8BDC168270101EB0415CE51C5E902237E
:10DDA8004FF0FF336B6001230134846080F8283022
:10DDB8000020EDE7E9460208F0B503460C460125C8
:10DDC8000026954202DB002EF7D1F0BDD3E9007C96
:10DDD8006745B8BFC3E900C705F10105B8BFD4E975
:10DDE800006703F10403BCBFC4E9007601260434CC
:10DDF800E7E70000014B0360704700BF805202084C
:10DE080010B54C68C16801EB04118868984205DCBC
:10DE1800C8689042B4BF0020012010BD0020FCE774
:10DE280070B5054689B9016A0C200C26AC6900FB5F
:10DE3800014421462846FFF7E3FF50B9A1684C1C6E
:10DE480009D0AC6906FB0144F3E789684E1CEBD1A5
:10DE58000024204670BD0446FBE72DE9F04F90F8FA
:10DE68002830044685B093B3D0F808C0BCF1000F41
:10DE78002DD0D0E904E700231A4680F82830A56899
:10DE88000EEB82009D4207EB820123DCAA1AFFF702
:10DE980093FF01230022C4E907324FF0FF33A6693C
:10DEA8004FF0010AB146B3603B68D4F80C80D4F84F
:10DEB80024B008EB031149687360013108BF4BF8BF
:10DEC80023205BF823303360A368534520DC05B07A
:10DED800BDE8F08FE668180106EB0315696830584D
:10DEE800B1F1FF3FD4F824801EBF4EF8220047F856
:10DEF800223069684FEA830605BF0CF1FF3C4EF8F3
:10DF08002C00013247F82C3048F806100133B6E7E8
:10DF180057F82A3000931A0108EB03135D68691C4F
:10DF28001FD10020054658F802200192D3E90223A8
:10DF3800029301460390029B2046FFF771FF039965
:10DF480049B14B6809684FEA031C58F80CC08C4467
:10DF58006545B8BF654620B10168019B491B8B42E6
:10DF6800E7DC009B4BF823500C23E1694B43F55049
:10DF7800F218009B53604B1CE361D9F80030AB42A8
:10DF880006DD236A9360216291460AF1010A9BE744
:10DF98004846D0F808C0BCF1FF3F06D18160C2F8FE
:10DFA80008C04A46F0E77046F3E70C2303FB0CF37E
:10DFB80006EB030EF358AB42F5DDC2F808C08160EA
:10DFC800EFE770B50446FFF748FFA06830B10C25AD
:10DFD8000020A169236A05FB031303B970BD5A68C1
:10DFE800E6681201B2581E689B683244904238BFF6
:10DFF80010465A1CF2D005FB0313EEE72DE9F04F4B
:10E008009DB004460025FFF728FFA168A9420ADC55
:10E01800002350279946994222DC0026B14531DA7F
:10E028001DB0BDE8F08FE6684FEA051906EB051349
:10E03800D3E90278474511D02846FFF761FE01462B
:10E04800CDE90178636A2A4653F8253037480093AA
:10E0580056F80930FFF740F80135D6E72A21EFE7EF
:10E06800E068626A1E0100EB031552F8232080590C
:10E07800013302449742B8BF1746EA689145B8BFD2
:10E088009146C8E70025AA460DF11C0850222E210A
:10E09800404602F06BF9A3680493049BAB4210DC82
:10E0A80000238DF86C300AF2FF33002BB8BF0AF258
:10E0B800FE73314642461E489B12FFF70DF80136A3
:10E0C800ACE7E268280102EB051BDBF80830B34235
:10E0D80019DCDBF80C30B34215DB636A53F8251002
:10E0E8004B1C10D0135850229A440B4453435143AD
:10E0F80093FBF7F391FBF7F105934144059AA1EBE4
:10E1080008039A4201DC0135C7E70B782E2B09D1A9
:10E11800DBE902239A4207D02846FFF7F1FD01F810
:10E12800010BEBE72120FAE72A20F8E72F4702083E
:10E138006A47020870B50C4605461646FFF78DFE7D
:10E14800002C02DBAB68A34206DC06482146AA681D
:10E15800FEF7C2FF012070BD6B6A002053F824301F
:10E168003360F8E7064702087047036810B4DC69B3
:10E178000022A44601235DF8044B6047C369594057
:10E18800036AC161013B0362704780687047026996
:10E1980083688069824234BFC01AD01A7047C26847
:10E1A8004069101A7047A0F10400FFF7F8BF2DE985
:10E1B800F04104460F46806811461646FEF7DEFF1A
:10E1C800236805460146D3F81C803A463346204664
:10E1D800C04700280CBF28460020BDE8F0812DE983
:10E1E800F04104460E46806811461546FEF7C6FF04
:10E1F80023680146DF6932462B462046BC46BDE807
:10E20800F0416047F8B504460F4680681946154640
:10E218001E46FEF7B3FF2269A3699A4201D1B842AC
:10E2280004D00C48FEF758FF0120F8BD3146A0681D
:10E23800FEF7A4FF6269121AAA4205D229460648C7
:10E24800AB1AFEF749FFEFE728442061A0610020E0
:10E25800EBE700BF78470208E647020838B50446EE
:10E268000D4680691146FEF789FF6269121AAA42B3
:10E2780006D208482946AB1AFEF72EFF002038BD03
:10E28800E36905444340E361236AA56101332362DE
:10E29800F5E700BF2848020808B5D0E9072151EA88
:10E2A800020307D0B2FA82F203485209FEF714FFBC
:10E2B800002008BD0120FCE771480208036810B57A
:10E2C8001B690446984720B90448FEF705FF01205A
:10E2D80010BD23690020A361FAE700BFB348020814
:10E2E80038B50D46044640691146401BFEF74CFF01
:10E2F8002369834207D91B1A29460448EA1AFEF7FC
:10E30800EBFE002038BD6061FCE700BFF84802085A
:10E31800A0F10400FFF7E4BF70B5044680690E461B
:10E32800FEF72CFF314605466069FEF72DFF401BBE
:10E3380070BD0438704704387047000010B5C0E954
:10E348000321C0E905210022034CC0E9072204602B
:10E358004434C0E9014110BDB052020808B5034673
:10E368000A44FFF7EBFF184608BD000000B50A464F
:10E378008BB0014608B901F09CFE01A8FFF7EEFF3B
:10E38800042224210DEB0200FFF7AAFF0A4A0260CB
:10E3980044324260039A8260049AC260059A02611C
:10E3A800069A4261079A8261089AC261099A0262D2
:10E3B8000BB05DF804FB00BFB05202080EB403B501
:10E3C80003AA52F8041B036801929B68984702B09D
:10E3D8005DF804EB03B07047C069704770472DE9DA
:10E3E800F047D0E9059804460026236A1B689E4238
:10E3F80004D30020C4E90598BDE8F0873146A06839
:10E408006661FEF791FE002507464FEAC60AAF424D
:10E41800A56101D80136E8E7236953F80A3003EB10
:10E428004515EB69D5E904105A691B68202A0ABF0B
:10E4380001460022AA6913B160689847E860A56997
:10E448000135E4E72DE9F843D0E9057604460025CF
:10E45800236A1B689D4204D30020C4E90576BDE801
:10E46800F8832946A0686561FEF75EFE00238046B2
:10E478004FEAC5099845A36101D80135E8E7226943
:10E4880052F8092002EB4313DA6922B1126912B17A
:10E49800D96860689047A3690133EBE72DE9F84331
:10E4A800D0E9057604460025236A1B689D4204D3FB
:10E4B8000020C4E90576BDE8F8832946A0686561AF
:10E4C800FEF732FE002380464FEAC5099845A3614E
:10E4D80001D80135E8E7226952F8092002EB431315
:10E4E800DA6922B1526812B1D96860689047A369A5
:10E4F8000133EBE74369202B01D180697047D12BA9
:10E508009ABF024A52F8230001487047FC4E02089D
:10E518008C4402082DE9F84FD0E905870446002508
:10E52800236A1B689D4203D30020C4E9058725E0C0
:10E538002946A0686561FEF7F7FD002306464FEA05
:10E54800C5099E42A36101D80135E9E7226952F85D
:10E55800091001EB4311D1F81CB0DBF808307BB18E
:10E5680060689847824658B15846FFF7C3FF53463C
:10E578000146A2690648FEF7AFFD0120BDE8F88F05
:10E58800A169E068FDF78AFBA3690133D9E700BFF9
:10E598004149020808B58068FDF723FA006808BDFC
:10E5A80010B50446406818B103682168DB689847CD
:10E5B800204610BD036A2DE9F74FD0E905981A687F
:10E5C800044691420E46416107D32648FEF784FD72
:10E5D8000125284603B0BDE8F08F8068FEF7A4FD4A
:10E5E800002307469A46F6009F42A36103D80025F8
:10E5F800C4E90598EDE72269955905EB4315D5F867
:10E608001CB05846FFF776FF63680146586BCDE9A2
:10E6180000A018B103689B6898470090DBF80C309D
:10E628000BB901F046FD2946606898470546E06841
:10E6380003685B69984775B10F2D08D05846FFF7F6
:10E6480059FF2B460146A2690748FEF745FD684673
:10E65800FFF7A6FFBDE76846FFF7A2FFA3690133EE
:10E66800C2E700BF77490208A949020810B5044665
:10E678001046C4E902030023074AC4E90433C4E985
:10E688000021029AA361C4E9072310B1FDF7A9F993
:10E698002062204610BD00BF0C530208016170477C
:10E6A8002DE9F04F054600274FF00C0B85B0286A7E
:10E6B80003689F4207D3E869002869D100231846F8
:10E6C80005B0BDE8F08F3946FDF742FC00268046CC
:10E6D8004FEAC70A04214046FCF772FE00285AD0C8
:10E6E80058F8003008EB0002D118D3589E4201D3E5
:10E6F8000137DCE7013651F8263001EB86041C446B
:10E708000E212046FCF75CFE0028E3D0235C002B9A
:10E71800E0D02B690BFB06F953445868A9F10C09A2
:10E7280003A94844FEF7ABFD03460028C7D10621DC
:10E7380001902046FCF744FE0146F0B12256019BA9
:10E74800092A23D10C212046FCF73AFE90B1231860
:10E7580024581C440A212046FCF732FED8B123581D
:10E768002218D118D3583BB9B0210C4B0C4A0D488C
:10E7780001F0A6FC0446EDE749682B69039A534467
:10E788005B6853F8090001F0F1FDA3E71946F4E7C7
:10E7980000F02AF992E70368FFDE00BFE72E0208BF
:10E7A80048310208BC2F020870B50C4616460546CB
:10E7B8008068FDF716F92146FDF7CAFB0621FDF72B
:10E7C80081F83146FDF778FE0C222B6903EBC40370
:10E7D8005B6802FB003070BD70B50C4616460546F6
:10E7E8008068FDF7FEF82146FDF7B2FB0821FDF72A
:10E7F80069F83146FDF760FE0C222B6903EBC40370
:10E808005B6802FB003070BD10B50C468068FDF7F0
:10E81800E8F82146FDF79CFB0621FDF753F8006850
:10E8280010BD10B50C468068FDF7DBF82146FDF7F2
:10E838008FFB0821FDF746F800B1006810BD80691C
:10E84800704780687047704737B50446D0E90102C1
:10E8580055690B46016800954D681269E168A8473B
:10E8680003B030BD406803689B68184783680C2074
:10E87800D3E9043203EBC2035B6800FB0130704745
:10E88800C16100207047C0697047036910B5012B4A
:10E8980001D901F00EFC4068BDE810400368DB694F
:10E8A800184708B50369032B01D001F002FC43693E
:10E8B80053F8210008BD036910B5012B01D001F000
:10E8C800F8FB4068BDE810400368DB681847036937
:10E8D80010B5012B01D001F0ECFB4068BDE81040F9
:10E8E80003681B6918471346026910B5012A01D04D
:10E8F80001F0DFFB8268BDE8104052694068FDF70F
:10E908009FB9000008B50369012B03D9032B01D077
:10E9180001F0CFFB09B183692BB182690348FEF787
:10E92800DBFB012008BD81611846FBE7DD490208D1
:10E9380030B5C0E902320023034DC0E90433C0E911
:10E948000051C0E9063330BD4C530208416170479D
:10E95800016170472DE9F0410024146007460E4616
:10E968009046FEF7FCFCD128054606DD014619480D
:10E97800FEF7B2FB0120BDE8F08120280FD03368F4
:10E9880001461B6830469847C8F8000000BB002DB8
:10E99800AABF114B114953F825101148E8E73B6805
:10E9A800FB1A1A88062A0FD9DB88F91863B1FB58B5
:10E9B800326804333046526819449047C8F800005A
:10E9C800B0FA80F04009D6E70648FEF785FBD1E7A4
:10E9D8002046D0E71C4A0208FC4E02088C44020874
:10E9E8003E4A0208654A020870B505460024142606
:10E9F800AB68A34201DC002070BD2B6806FB043322
:10EA0800DA6893F91010986801F0B0FC0134EFE768
:10EA1800704708B508461146FEF754FB002008BDAC
:10EA2800034B186818B90348034A18600260704716
:10EA3800CCA90220D0A9022090530208D1ED007A77
:10EA480091ED017A77EEA77A37EE077AF6EE006A4B
:10EA580037EE876A77EEC77A26EE266A67EEA67AD9
:10EA6800038810B54469013B04F1100001F110045A
:10EA780001EBC30182ED006AC2ED017A0839103258
:10EA880091ED034A91ED027A54ED023A54ED017A80
:10EA980050ED025A50ED014A37EE635A34EE276AB8
:10EAA80037EE237A77EEC47A05EE857A44EE857AD6
:10EAB80004EE867A45EEC67A27EE267A67EEA67ABF
:10EAC800013B02ED027A42ED017A00F1080002F101
:10EAD800080204F10804A1F10801D1D110BDD1ED5B
:10EAE800007A91ED016AF6EE006A37EE867A77EEE3
:10EAF800C67A27EE267A67EEA67A038830B5446987
:10EB08005D1E82ED007AC2ED017A04F10800083238
:10EB180001F1080401EBC501013B02F1080200F113
:10EB2800080004F10804A1F1080100D130BD91EDFD
:10EB3800034A91ED027A54ED023A54ED017A50ED10
:10EB4800025A50ED014A33EEC75A34EE276A37EEBF
:10EB5800237A77EEC47A05EEC57A44EE857A04EE18
:10EB6800C67A45EEC67A27EE267A67EEA67A02EDD1
:10EB7800027A42ED017ACFE72DE9F041058A044691
:10EB88006D0805800F4616461D464BB1FFF7A7FFD7
:10EB98002A4631462046BDE8F041012300F0D9BAA3
:10EBA8002A46012300F0D5FA324639462046BDE808
:10EBB800F041FFF743BF000080B14FF4806303804A
:10EBC8004FF4006303824FF4E1638381054B836054
:10EBD800054B4360054B4361002070474FF0FF3001
:10EBE800704700BF9C730208AC8102089C5302085E
:10EBF8002DE9F04780460846B8F80070D8F8042098
:10EC080001EB87092DED028B06464B4694467908A1
:10EC1800FF0800EB810509EB810402EB0717BC45EF
:10EC280006F1100605F1100504F1100403F11003B4
:10EC38000FD18CB22146022300F0F4FABDEC028B0E
:10EC480021464846D8F804200223BDE8F04700F0E2
:10EC5800E9BA13ED040A16ED046A53ED030A16ED3A
:10EC6800034A36EE008A53ED011A54ED046A54ED56
:10EC7800034A13ED021A55ED032A15ED023A55ED34
:10EC8800013A54ED027A54ED015A16ED027A15ED67
:10EC9800042A06ED048A34EE208A16ED015A06EDA0
:10ECA800038A37EE018A06ED028A35EE218A35EEAF
:10ECB800615A72EE261A06ED018A45ED041A72EEC3
:10ECC800A41A45ED031A73EE271A45ED021A73EEDE
:10ECD800A51A45ED011A75EEE35A34EE604ADCEDEB
:10ECE800013A74EEE24A77EEC37A36EE406A9CED5A
:10ECF800003A64EE232A46EE032A26EE236A14EE2F
:10ED0800036A76EEC26A03ED036A24EE836A16EE9E
:10ED1800A36A66EE836A44EEA36A43ED042A04ED0F
:10ED2800046A44ED036A0CF1100C1CED026A5CEDF8
:10ED3800016A37EE417A65EE264A47EE064A27EE23
:10ED4800267A15EE067A43ED024A03ED017A25EE9E
:10ED5800867A17EEA67A67EE867A45EEA67A04EDED
:10ED6800027A44ED017A5AE703882DE9F04F5B08EF
:10ED780001EBC305D1ED007A95ED007AD1ED015A8A
:10ED880037EE876A77EEC77A95ED017A01EB83064D
:10ED980075EE876A75EEC75A96ED007A05EB83041F
:10EDA800D4ED004A37EE065A2DED048B35EE245A81
:10EDB8008FB04268D6ED013A94ED014A81ED005AD0
:10EDC80096ED015A94ED013A36EE855A35EE035A1E
:10EDD80002925A080A920A4681ED015A33EEA75A5E
:10EDE80008320692324635EE445A08320B922A46C9
:10EDF80086ED005A36EE476A35EEC75A76EEE36A74
:10EE080077EEE37A37EE257A08320C92224635EE11
:10EE1800245A36EE646A76EEC46A77EE847A37EE60
:10EE2800647A08320D925A08023A86ED015A009126
:10EE380085ED006AC5ED016A4FEA5208C4ED007A13
:10EE480084ED017A029A834608320792029AA4F165
:10EE5800040910320892029AA6F1040A183209929B
:10EE68000998009A0190089802F1100E04900798EA
:10EE78002F1F09EB830306F1100105F1100C04F1B3
:10EE880010020390CDF814801CED023A5CED013AB3
:10EE98001EED026A5EED017A51ED026A11ED014A3A
:10EEA80036EE437A77EEE35A36EE036A77EEA37AC4
:10EEB80012ED025A52ED014A75EEE62A34EE072A9F
:10EEC80036EE663A76EEA55A77EEC43A37EE447ACD
:10EED80076EE866A039832EE642A08300390049826
:10EEE80072EE852A10300490019833EE453A1830B6
:10EEF8000190059873EEE43A37EE247A75EEC55A18
:10EF080076EE856AAAF1080A083FA9F10809083BC4
:10EF18000EF1080E08310CF1080C0832002873D1E4
:10EF2800182709980D9B07FB0807089803EBC802E8
:10EF380000EB081C0C9B079803EBC80100EBC80EFC
:10EF48000B9B069803EBC80300EBC808C8ED006AE2
:10EF5800D3ED016A77EEA67AD2ED016A77EEA67A4A
:10EF6800C8ED017ADEED017A9EED006A67EEA26ACD
:10EF780067EE827A46EE026A56EE227AC3ED006A9E
:10EF8800C3ED017ADCED017A9CED006A67EEA36AB5
:10EF980067EE837A46EE036A56EE237AC1ED006A7D
:10EFA800C1ED017AD7ED017A97ED006A67EEA56A9F
:10EFB80067EE877A46EE076A56EE257ABDF828701E
:10EFC800C2ED006AC2ED017A3946029A009804231C
:10EFD80000F028F939463046DBF80420042300F015
:10EFE80021F939462846DBF80420042300F01AF9F1
:10EFF800042339462046DBF804200FB0BDEC048B0F
:10F00800BDE8F04F00F00EB94EED046A51ED036A09
:10F0180077EEA67A52ED036A77EEA67A4EED037A7A
:10F02800D9ED017A9AED011ADAED024A31EE275A42
:10F0380031EE671AD9ED027A93ED028A97ED026AEA
:10F0480034EEA79A76EE481A79EE460A36EE096A41
:10F0580036EE086A93ED014AD7ED018A8AED026A15
:10F0680097ED016A74EEE74A75EE687A35EE065A4E
:10F0780093ED016A35EE065A74EEE86A8AED015A94
:10F08800039877EEC47A10ED016A76EE846A34EE5E
:10F09800684A10ED025A34EE644A66EE224A31EEAE
:10F0A800810A45EE024A41ED044A60EE054A26EE21
:10F0B800022A56EE864A66EE856A15EE222A40EE48
:10F0C800066A01ED032AC7ED024AC7ED016A0498F2
:10F0D80070EEC80A10ED036A50ED046A26EE235A52
:10F0E80006EE835A26EE033A0CED045A27EE865AAA
:10F0F80016EEA33A10EEE65A67EEA66A50EE866A56
:10F108000CED033A89ED025AC9ED016A019871EED6
:10F11800C11A50ED067A50ED056A26EEA56A07EE8B
:10F12800876A26EE877A17EEA57A02ED037A21EE32
:10F13800A77A64EE277A14EE267A41EEA67A059825
:10F1480002ED046A013883ED027AC3ED017A059075
:10F158009AE6012A2DE9F04106460C4617469846DC
:10F1680005883ED0B5F5807F49D026D8402D31D0CE
:10F178001CD8102D1CD0202D41D0B8F1000F04D080
:10F188002046B268B18900F0BDFA012F0CD107EE14
:10F19800905AF7EE006AF8EE677A002386EEA77AAF
:10F1A800AB4204F108042FD3BDE8F081802DE4D1EF
:10F1B80021463046FFF71CFDDFE7B5F5006F1ED08E
:10F1C80005D8B5F5007F05D0B5F5806FEFE7B5F543
:10F1D800805FD2D1012329462046726800F022F8C8
:10F1E800CBE700230A1DAB4202F10802BAD252ED66
:10F1F800027AF1EE677A013342ED027AF3E72146AB
:10F208003046FFF7B1FDB8E754ED027A67EE877A2A
:10F2180044ED027A54ED017A67EEC77A013344ED82
:10F22800017ABDE72DE9F04F2DED108B9FEDB05A17
:10F238008DB002910B9203930191019B4FF0000A4C
:10F24800D908CA0008926FF0170202FB01F92822B8
:10F258004A4307920A010692302200EB411C4A43B6
:10F268000CEB090707EB411606EB090505EB411402
:10F27800059204EB0902009238224A43049204EBF7
:10F288000902DB004FEA411B02EB411800F1040EB2
:10F29800DCED007A1EED017A97ED006A77EE276AB9
:10F2A80037EE677AD6ED007A009AD4ED004A92EDEF
:10F2B800003AD8ED003A76EE275A36EE676AD5ED71
:10F2C800007A37EEA44A77EEE47A73EE234A36EEF4
:10F2D800C40A75EEE40A76EE846A75EEA45A76EEF0
:10F2E800A54A76EEE56A4EED014ACCED006ADCED02
:10F2F800016ADEED004A96ED014A74EEA65A74EEF4
:10F30800E64AD7ED016A33EE633A76EE842AD4ED05
:10F31800013A76EEC46A95ED014A98ED012A74EE39
:10F32800231A34EE634AD2ED013A33EE821A73EEB1
:10F33800C23A35EEE12A75EEA15A72EEC11A72EEA2
:10F34800812A35EEA21A75EEE25A8EED001ACCED3E
:10F35800015A70EE215A70EE612AC5ED005A72EE1C
:10F36800605AC4ED002AC5ED015A70EE825AC4ED08
:10F37800015A76EE435A36EE036A36EEE33A76EEF3
:10F38800A36A65EE855A26EE056A23EE053A66EE0F
:10F39800856A77EE653A74EEC32A37EE257A77EEFA
:10F3A800C65A77EE867A34EE836A74EE664A74EE4D
:10F3B800266A37EE264A37EE667A87ED004A88EDE8
:10F3C800007A33EEA47A73EEE43A86ED007A36EEEC
:10F3D800677A77EE867AC2ED003A87ED017AC8ED52
:10F3E800017A72EEE57A75EEA25AC6ED017AC2ED9F
:10F3F800015A019A9C449244009A1F441A4400926C
:10F40800029A1E4452451D441C4498449E443FF6AB
:10F418003FAF072940F271810BEB00020992089A6D
:10F42800012402440892079A02440792069A024469
:10F438000692059A02440592A0EB09020A92049AE0
:10F448000244049200223026A346039D00EBC40A1E
:10F458002A440B9D05EBC205D5ED001A05EBC20544
:10F4680095ED008A05EBC205D5ED004A05EBC2050E
:10F4780095ED009A05EBC205D5ED003A05EBC205FE
:10F48800D5ED000A05EBC20506FB1256D5ED002A9C
:10F4980095ED012A099D96ED011A05EBC409089D11
:10F4A80006EBC20605EBC408079DD6ED018A05EBFD
:10F4B800C40E069D06EBC20605EBC40C059D96ED31
:10F4C800014A06EBC206D6ED019A05EBC40706EB26
:10F4D800C2060A9D96ED013A06EBC20696ED010AB0
:10F4E80005EBC406049D05EBC405009502E000BFCA
:10F4F800F304353F99ED007A9EED006ADAED007A63
:10F50800D8ED006ADCED005A37EE87AA77EEC77AA5
:10F5180036EE867A76EEC66A97ED006A009D96ED1D
:10F5280000DA35EE86BA75EEC6AA95ED006A7DEE6C
:10F53800065A3DEE46DA77EE65DA3AEE4B6A37EE72
:10F54800257A3AEE0BAA7AEE075ACAED005ADAED96
:10F5580001BA3AEE47AA99ED017ADEED015A3BEE7F
:10F5680087FA7BEEC7BA98ED017AD5ED01EA9CEDF2
:10F5780001BAD6ED01CA37EE25EA37EE657AD7ED3E
:10F58800015A3BEE25CA3BEE65BA7CEEAE5A7CEEDC
:10F59800EECA7FEE4CEA3FEE0CCA3EEE65FA3EEE4E
:10F5A80025EA76EE0F5A36EE4F6A3CEE0EFA3CEE3E
:10F5B8004ECA3EEEEDEA7DEEAEDA69EE8CEA49EE31
:10F5C8000AEA29EE8AAA19EE0CAA8AED01FA89ED4F
:10F5D80001AA28EE8EAA08EE25AA68EEA55A58EECA
:10F5E8000E5AC9ED00EACCED015A60EE2D5A40EEF4
:10F5F800865A20EE066A10EEAD6A8CED00AA37EE48
:10F608006CCA87ED016A37EE2C7A36EECD6A76EE53
:10F618008D6A26EE056A66EE856A2CEE05CA27EE27
:10F62800057AC7ED005A37EEC6AA7AEEA65A77EEE3
:10F63800867A3BEECCDA3BEE8C6A7BEE47BA7AEE02
:10F64800E6CA3BEE077A7AEE2BAA3AEE6BAA76EE7A
:10F6580065BA77EE876A21EE2BBA01EEA6BA61EE9B
:10F66800266A77EEC77A51EEAB6A35EE867AC8ED30
:10F67800016A62EE076A7DEE6C5A42EEA76A88ED6F
:10F6880000BAC5ED006A62EE276A63EE257A3CEEA1
:10F698008D6A52EE876A43EEAA7AC5ED016A23EEB7
:10F6A8002A7ACEED007A64EE067A13EEA57A44EE55
:10F6B8008A7A8EED017AC6ED007A64EE0A7A54EE03
:10F6C800867AC6ED017A019D9A44AB44009D99441F
:10F6D8001D440095029D98445D459E449C441F44EA
:10F6E8001E443FF607AF0134A1427FF4ACAE039B42
:10F6F8000191DB009BB203939FE50DB0BDEC108B2D
:10F70800BDE8F08F2DE9F0410023884602F1020C94
:10F71800984501D8BDE8F08132F813503CF8134001
:10F72800AD08A40850F825E050F82410AF00A60052
:10F7380040F8251040F824E03D1D341D475906596E
:10F74800023346510751E3E7002170B555EC104BE1
:10F75800064625F000430160114883421DD8204623
:10F7680018431AD00F482A46284058B900220E4B91
:10F7780020462946F0F702FF0A4621F000430446D6
:10F788006FF035016FF31E521B1542F07F55A3F23F
:10F79800FE3345F400150B44336045EC104B70BD47
:10F7A800FFFFEF7F0000F07F0000504308B52DED0C
:10F7B800028BB0EE408A00F0FDF9F0EE408AB0EE20
:10F7C800480A00F08FF868B1DFED127AB4EEE78AE4
:10F7D800F1EE10FA0BDCDFED107AB4EEE78AF1EE09
:10F7E80010FA0FD4B0EE680ABDEC028B08BDDFED4D
:10F7F8000B8A00F073FE2223B0EE680A0360BDECAA
:10F80800028B08BD00F06AFE2223DFED058A036043
:10F81800E8E700BF1772B142B5F1CFC20000807FA0
:10F828000000000008B52DED028BB0EE408A00F014
:10F83800B3FAB4EE488AF1EE10FA0FD6B5EEC08AE4
:10F84800F1EE10FA0ADCB5EE408AF1EE10FA08D1B2
:10F8580000F044FE22239FED090A0360BDEC028BF1
:10F8680008BD00F03BFE212203460548BDEC028B93
:10F878001A60BDE8084000F03FB800BF000080FFF4
:10F88800ACA1020808B52DED028BB0EE408A00F05D
:10F898007FFBB4EE488AF1EE10FA0FD6B5EEC08AB7
:10F8A800F1EE10FA0AD8B5EE408AF1EE10FA08D156
:10F8B80000F014FE22239FED090A0360BDEC028BC1
:10F8C80008BD00F00BFE212203460548BDEC028B63
:10F8D8001A60BDE8084000F00FB800BF000080FFC4
:10F8E800ACA1020810EE103A23F00040B0F1FF4F2F
:10F8F8002CBF0020012070479FED010A704700BF10
:10F908000000C07F10B485B08DED010A019BC3F3E0
:10F91800C752A2F17F011E2931DC16294FEAD374A0
:10F9280025DC1D4BDDED017A03EB840393ED007AB2
:10F9380077EE277ACDED037ADDED037A77EEC77A95
:10F9480017EE903A33F000400DD0C3F3C7507F381C
:10F958001FD4C3F31603C0F1170043F4000323FABE
:10F9680000F004B1404205B05DF8044B7047C3F3A2
:10F978001603963A43F4000303FA02F0F1E7DDEDCB
:10F98800017AFDEEE77A17EE900A05B05DF8044BB0
:10F9980070470020E5E700BFB0A1020810EE101A7A
:10F9A800C1F3C7520029A2F17F0CACBF01204FF070
:10F9B800FF30BCF11E0F0FDCBCF1000F1CDBC1F3E4
:10F9C8001603BCF1160F43F400030ADD963A03FA56
:10F9D80002F202FB00F07047FDEEC07A17EE900AC3
:10F9E80070474FF48002CCF1170142FA0CF21A4426
:10F9F800CA4002FB00F07047BCF1FF3F18BF00206F
:10FA0800704700BF0000000051EC100BC1F30A530F
:10FA18002DE9F041A3F2FF350C460646132D22DCF2
:10FA2800002D41DB384B0F4643FA05F801EA08037D
:10FA380003431DD032A3D3E90023F0F7E9FB0022EA
:10FA48000023F1F72BF840B1002C03DA4FF48013B0
:10FA58002B411F4427EA080400262346324643EC7C
:10FA6800102BBDE8F081332D06DDB5F5806F2BD066
:10FA780041EC100BBDE8F081A3F213434FF0FF37C0
:10FA8800DF403842F4D01EA3D3E90023F0F7C0FBCF
:10FA980000220023F1F702F80028DED0002C3346BC
:10FAA80020DB23EA0706D8E715A3D3E90023F0F7FC
:10FAB800AFFB00220023F0F7F1FF0028CDD0002C87
:10FAC80009DB00263446C8E702460B46F0F7A0FBE0
:10FAD80041EC100BCEE724F0004426430DD14FF043
:10FAE8000044BAE7142D06D0C5F134050122AA4016
:10FAF80013449E42D5D90134D3E70026034CACE722
:10FB08009C7500883CE4377EFFFF0F000000F0BFC3
:10FB180053EC102BC3F30A509C46A0F2FF31132973
:10FB280010B5964613DC00292BDB1F4C0C4104EA68
:10FB38000300104310D04FF4002300200B4163440E
:10FB480023EA040C6346024643EC102B10BD33290C
:10FB580005DDB1F5806F1AD043EC102B10BDA0F273
:10FB680013404FF0FF34C4401442F5D0C1F13301C3
:10FB780001208840801828BF03F1010C20EA040006
:10FB8800E0E7013103F0004C08D00020DAE7104626
:10FB98001946F0F73DFB41EC100B10BD4CF07F5CB3
:10FBA80000204CF4401CCDE7FFFF0F00B8FE400AD0
:10FBB800704700BF10EE103A23F00042B2F1FF4F39
:10FBC80058D84FEAD37100F093806148834200F31C
:10FBD800898019B15F4B9A4200F287805E4B9A4246
:10FBE8004BD95E4B9A4200F295805D4881F0010343
:10FBF8005C4A00EB81005B1A02EB8102D0ED004AFF
:10FC0800D2ED007A70EE644A34EEE70A9FED564A68
:10FC18009FED565ADFED565A20EE007ADFED556A11
:10FC28009FED556AA7EE045AE5EE075AE5EE876A96
:10FC3800A6EE876AF0EE406AE6EE476A20EE266A8C
:10FC4800002B42D0B0EE007A13F17D0FB7EE000A18
:10FC580037EE667AC6EE076A77EEE67A77EEE47AEA
:10FC680030EE670A4ADB10EE102A02EBC35300EEAF
:10FC7800103A704730EE000A7047B2F1505F0AD26E
:10FC8800DFED3E7AB7EE007A70EE277AF4EEC77AA7
:10FC9800F1EE10FA58DC60EE007A9FED335ADFED92
:10FCA800335A9FED336AE7EE855ADFED326A9FEDEE
:10FCB800327AA7EEA56AE7EE866AA7EEA67AF0EE94
:10FCC800406AE7EEC76A20EE266AF0EE007AB7EEE1
:10FCD800007A76EEE76AC6EE267A77EEC07A37EED5
:10FCE800670A7047002000F0D9B9002000F0D0B9A9
:10FCF800DFED237A002900FE270A704710EE102A4C
:10FD08006433DFED207A02EBC35300EE103A20EEA5
:10FD1800270A70471C4BF0EE404A9FED1C6A03EB24
:10FD28008103DFED1B6A9FED1B7AD3ED007AE0EECD
:10FD3800067AFDEEE77A17EE903AF8EEE77AE7EE04
:10FD4800E64A67EE877A5FE730EE070A704700BF3A
:10FD58001772B142B5F1CF421872B13E9115853F85
:10FD6800C0A10208B8A102084CBB31330EEADDB5C8
:10FD780055B38A38610B36BBABAA2A3ECAF2497121
:10FD8800000000000000800DC8A102083BAAB83F8F
:10FD98008071313FD1F7173710EE102A32F0004347
:10FDA80030D0002A134634DBB2F1FF4F41DAB2F506
:10FDB800000F00B534DB4FF0000EC3F316016348A3
:10FDC800DB15F7EE007A084401F10F0C7F3B00F4D5
:10FDD8000002734482F07E5203EBD0535C480A431E
:10FDE8000CEA000000EE102A30EE670A20BBB5EEE0
:10FDF800400AF1EE10FA61D1002B40F08F809FEDA0
:10FE0800550A59E09FED547ADFED527A87EE270ABA
:10FE1800704770EE407A9FED4F7A87EE870A7047F9
:10FE2800DFED4E7A6FF0180E60EE277A17EE903AF3
:10FE3800C3E730EE000A7047B0EE007A06EE103ADB
:10FE4800DFED472AB8EEC63ADFED464A30EE077ACC
:10FE5800DFED455ADFED453A9FED455A80EE074AFA
:10FE6800DFED447ADFED446A4448454A0844521AB3
:10FE78000243002A24EE046A26EE067AE7EE224AB6
:10FE8800A7EE235AE4EE875AE5EE076AE5EE877A8D
:10FE980067EE867AE6EE877A2BDDB6EE007A20EEFC
:10FEA800077A27EE007A77EE877A67EE847A43BB83
:10FEB80037EE677A30EE470A5DF804FBF6EE007A13
:10FEC800DFED306A20EE007AE0EE667A27EE277AD8
:10FED800002BEFD007EE903A9FED2B6ADFED2B6AEF
:10FEE800F8EEE77AA7EEC67A37EE400A97EEA60A4A
:10FEF800E2E770EE677A67EE847AE3B930EE670A74
:10FF0800DAE79FED216ADFED216AE3EE067A37EE44
:10FF1800677A37EE400A93EE260ACDE707EE903A65
:10FF28009FED190A9FED197AF8EEE77A27EE800A15
:10FF3800A7EE870AC0E7DFED146A9FED147AE3EEB7
:10FF4800667A37EEC00A93EE070AB5E720FB4A0047
:10FF5800F0FF7F0000000000000000CC0000004C13
:10FF68009788173E25333A3E2549923E4FD01C3E8E
:10FF7800298E633EABAA2A3FCDCCCC3E305CCFFF66
:10FF880088C23500ABAAAA3ED1F717378071313F36
:10FF980008B510EE103A33F000422DED028B2CD04C
:10FFA800002B1A4632DBB3F1FF4F41DAB3F5000FED
:10FFB80035DB0021D315C2F316027F3B0B44D90F62
:10FFC80003EBD373C1F17F0107EE903A42EAC153C4
:10FFD800B8EEE78A00EE103AFFF7DEFEDFED176AAB
:10FFE8009FED177A20EE260ADFED167AA8EE070AAB
:08FFF800A8EE270ABDEC028B04
:020000040801F1
:1000000008BD9FED137ADFED137ABDEC028B87EE0E
:10001000270A08BD70EE407A9FED0E7ABDEC028B88
:1000200087EE870A08BDDFED0C7A6FF0180160EEED
:10003000277A17EE902AC1E7BDEC028B30EE000A5A
:1000400008BD00BFD95BDE3EDB27543580209A3ED9
:10005000000000CC000000000000004C10B52DEDA9
:10006000028BB0EE408A044600F03CFA0460B0EE29
:10007000480ABDEC028B10BD30B1F1EE407A22206F
:1000800027EE800AFFF7EABFF0EE407A222027EE43
:10009000800AFFF7E3BF00BF9FED010AFFF7ECBF47
:1000A000000000109FED010AFFF7E6BF000000709E
:1000B0000B460146184600F025B8062008B500F0AA
:1000C000AFF90120F0F70CFF1FB514461A46094B93
:1000D00005461B68D8684CB1074B00910749CDE92C
:1000E00001342B4600F0C2F8FFF7E7FF044B1C4633
:1000F000F3E700BF200000209C4A0208A94A02083A
:100100008C44020810B504460448134620B10A4640
:100110000220214600F020FA10BD00BF5905010859
:10012000002310B504468360818119464366C2816D
:1001300008228361C0E90033C0E904335C3000F079
:1001400019F90D4B246263620C4BA3620C4BE36202
:100150000C4B23630C4B9C4206D003F16802944283
:1001600002D0D0339C4205D104F15800BDE81040C4
:1001700000F0E2B910BD00BFCD020108EF02010896
:10018000270301084D030108D4A90220024A0349AC
:10019000034800F07DB800BF14000020A90E01083C
:1001A0002400002041680C4B994210B5044601D050
:1001B00000F07AFEA168094B994202D0204600F077
:1001C00073FEE168064B994204D02046BDE810401A
:1001D00000F06ABE10BD00BFD4A902203CAA0220D4
:1001E000A4AA02200C4B04210C4A0D4810B51A6039
:1001F0000022FFF795FF0A4B012209211C4603F15B
:100200006800FFF78DFF022204F1D0001221BDE843
:100210001040FFF785BF00BF0CAB02208D01010825
:10022000D4A90220014800F088B900BF16AB022013
:10023000014800F083B900BF16AB022010B5044698
:10024000FFF7F0FF236A1BB1BDE81040FFF7F0BFD6
:10025000044B2362044B1B68002BF5D1FFF7C2FF50
:10026000F2E700BFA50101080CAB02200EB403B5F4
:1002700003AB0146054853F8042B0068019300F0D6
:10028000E9FA02B05DF804EB03B0704720000020EB
:100290002DE9F8430746884614460026D4E901951F
:1002A000B9F1010905D52468002CF7D13046BDE825
:1002B000F883AB89012B07D9B5F90E30013303D090
:1002C00029463846C04706436835E9E710B50C466D
:1002D000B1F90E1000F0CEF80028ABBF636DA38912
:1002E0001B1823F48053ACBF6365A38110BD2DE9B7
:1002F000F0411F468B8905460C46DB05164605D5A1
:1003000002230022B1F90E1000F0A2F8A3893246B0
:10031000B4F90E10284623F48053A3813B46BDE870
:10032000F04100F0CDB810B50C46B1F90E1000F058
:100330008FF8421CB4F90C3015BF606523F480536C
:1003400043F48053A38118BFA38110BDB1F90E10EF
:1003500000F06EB80139024410B5904201D100207E
:1003600005E0037811F8014FA34201D0181B10BD1E
:100370000130F2E702440346934200D1704703F88C
:10038000011BF9E710B56AB10139841810F8012B87
:1003900011F8013F9A4203D1A04201D0002AF5D1C1
:1003A000D01A10BD1046FCE70139034610B532B132
:1003B00011F8014F013A03F8014B002CF7D11A4410
:1003C0000021934200D110BD03F8011BF9E71F295A
:1003D00038B505460C4604D9162303604FF0FF30AC
:1003E00038BDC26B12B152F821304BB9284600F02B
:1003F00065F8224601462846BDE8384000F04CB872
:10040000012B0AD0591C03D1162303600120E7E712
:100410000021204642F8241098470020E0E7000021
:10042000024B01461868FFF7D2BF00BF2000002032
:1004300038B50023054D044608462B60F0F772FDE1
:10044000431C02D12B6803B1236038BD10AB0220DE
:1004500038B50446064D0846114600222A601A4661
:10046000F0F76AFD431C02D12B6803B1236038BD4D
:1004700010AB022038B50446064D0846114600224E
:100480002A601A46F0F732FD431C02D12B6803B1F3
:10049000236038BD10AB022038B50023064D04465A
:1004A000084611462B60F0F713FD431C02D12B6860
:1004B00003B1236038BD00BF10AB0220F0F706BDCA
:1004C00038B50446064D0846114600222A601A46F1
:1004D000F0F71AFD431C02D12B6803B1236038BD2D
:1004E00010AB0220014B1868704700BF20000020AD
:1004F00070B50D4B00260D4D5B1B9C10A64209D11B
:100500000B4D01F005F80B4B00265B1B9C10A6421F
:1005100005D170BD55F8043B01369847EEE755F814
:10052000043B01369847F2E7E0A10208E0A1020887
:10053000E0A10208E4A102087047704770470A442E
:10054000431E914200D1704710B511F8014B914202
:1005500003F8014FF9D110BD2DE9F047274E0746AA
:100560009246884630689946FFF7E7FF244A1568A7
:100570003DB9244B1360244A12B11268C3F8882095
:10058000204D6C681F2C06DD3068FFF7D7FF4FF059
:10059000FF30BDE8F0873FB3D5F8880068B91B4B42
:1005A000002BF1D04FF48470AFF300800028EBD023
:1005B0000023C0E94033C5F888006C680122022F8F
:1005C00040F824A002FA04F2D0F8003100EB8401D4
:1005D00043EA0203C0F80031C1F8809002BFD0F8AE
:1005E00004311343C0F80431631C023430686B607B
:1005F00045F82480FFF7A2FF0020CAE77000002022
:10060000A4AB022018AB0220D0A102080000000019
:1006100038B50546002941D051F8043C0C1F002B89
:10062000B8BFE41800F0E0F81D4A136833B96360FE
:1006300014602846BDE8384000F0DCB8A34208D971
:10064000206821188B4201BF19685B680918216076
:10065000EDE71A465B680BB1A342FAD9116850184E
:10066000A0420BD120680144501811608342E0D1B0
:1006700018685B68084453601060DAE702D90C23FD
:100680002B60D6E7206821188B4202BF19685B688F
:100690000918636008BF21605460CAE738BD00BF15
:1006A000ACAB022070B50F4E0C460546316811B94F
:1006B00000F0B4FC30602146284600F0AFFC431C3B
:1006C00003D14FF0FF34204670BDC41C24F0030456
:1006D000A042F8D0211A284600F0A0FC0130F2D147
:1006E000EFE700BFA8AB02202DE9F843CD1C06467A
:1006F00025F0030508350C2D38BF0C25002D01DB36
:10070000A94204D90C2333600020BDE8F883DFF848
:10071000D48000F069F8D8F800301C4644BB294664
:100720003046FFF7BFFF431C044658D1D8F80040BD
:100730002746002F43D1002C4BD023683946304642
:1007400004EB030900F06AFC814542D12168304680
:100750006D1A2946FFF7A6FF01303AD023682B44D3
:100760002360D8F800305A6862BBC8F800700FE008
:100770002268521B20D40B2A17D96119A342256085
:1007800018BF5960636808BFC8F8001062514B6019
:10079000304600F02FF804F10B00231D20F0070075
:1007A000C21A1CBF1B1AA350AFE76268A3420CBF5A
:1007B000C8F800205A60EBE723466468AEE73C4681
:1007C0007F68B6E71A465B68A342FBD100235360FB
:1007D000DEE70C233046336000F00CF894E7056048
:1007E000D6E700BFACAB02200148FFF7A6BE00BFB2
:1007F00014AB02200148FFF7A1BE00BF14AB0220DA
:100800009368013B002B10B4936008DA9469A3420B
:1008100001DB0A2903D15DF8044B00F06DBB1368BE
:10082000581C1060084619705DF8044B7047F8B505
:1008300006460F461446D518AC4201D1002007E009
:100840003A4614F8011B3046FFF7DAFF431CF3D198
:10085000F8BD00002DE9F04F0D469DB014469846B6
:10086000064618B1036A0BB9FFF7E8FC6B6ED907AF
:1008700005D4AB899A0502D4A86DFFF75EFEAB895B
:100880001B0701D52B699BB92946304600F072FB46
:1008900070B16B6EDC0704D54FF0FF301DB0BDE8C2
:1008A000F08FAB899805F7D4A86DFFF747FEF3E703
:1008B0000023CDF80C804FF00109DFF8B4810993D3
:1008C00020238DF8293030238DF82A3023469A468C
:1008D00013F8012B0AB1252AF9D1BAEB040B0BD07E
:1008E0005B46224629463046FFF7A1FF013000F063
:1008F000A780099A5A4409929AF80030002B00F018
:100900009F8000234FF0FF320AF1010A04930793FE
:100910008DF853301A93CDE90523544605225448E7
:1009200014F8011B00F08AFB049AD8B9D10644BF21
:1009300020238DF85330130744BF2B238DF85330F9
:100940009AF800302A2B15D0079A544600204FF011
:100950000A0C214611F8013B303B092B4BD9B0B1B1
:10096000079214E0A0EB0803A24609FA03F313432D
:100970000493D2E7039B191D1B68002B0391BBBF97
:100980005B4242F0020207930793B8BF04922378B8
:100990002E2B0AD163782A2B32D1039B02341A1DE5
:1009A0001B6843EAE37303920593DFF8D4A00322A4
:1009B0002178504600F042FB38B1A0EB0A004022FB
:1009C000049B013482401343049314F8011B062254
:1009D00028488DF8281000F031FB00283FD0264B26
:1009E0001BBB039B073323F0070308330393099BC7
:1009F0003B4409936AE70CFB02320C460120A8E74E
:100A0000002301344FF00A0C19460593204610F8D4
:100A1000012B303A092A03D9002BC6D00591C4E72F
:100A20000CFB012104460123F0E703AB2A4604A98D
:100A300030460093114BAFF300800746781CD6D1A7
:100A40006B6ED90705D4AB899A0502D4A86DFFF760
:100A500075FDAB895B063FF51FAF09981EE703AB39
:100A60002A4604A930460093044B00F07DF8E4E7E1
:100A7000D84A0208E24A0208000000002F080108D4
:100A8000DE4A02082DE9F047164698468A6807466E
:100A90000B690C46DDF820909342B8BF13463360D3
:100AA00091F843200AB1013333602368990642BFAD
:100AB000336802333360256815F0060506D104F16A
:100AC000190AE36832689B1AAB422BDC94F8433076
:100AD0002268003B18BF0123920630D404F1430280
:100AE00041463846C847013023D023681A3454F8A9
:100AF0000A2C03F00603042B0ABF54F80E5C0025F1
:100B000033684FF0000608BFED1A54F8123C08BFD6
:100B100025EAE5759342C4BF9B1AED18B5421AD178
:100B2000002008E00123524641463846C8470130BC
:100B300003D14FF0FF30BDE8F0870135C1E7E11880
:100B40005A1C30200233224481F8430094F84510A7
:100B500082F84310C2E70123224641463846C8477F
:100B60000130E6D00136D9E72DE9FF470F7E9146E7
:100B700080460C46782F9A460C9E01F1430207D816
:100B8000622F0AD8002F00F0D280582F00F0B780D3
:100B900004F1420684F842703AE0A7F16303152B92
:100BA000F6D801A151F823F0010C0108150C010839
:100BB000910B0108910B0108910B0108910B0108A1
:100BC000150C0108910B0108910B0108910B01080C
:100BD000910B0108150D01083F0C0108CB0C010811
:100BE000910B0108910B0108370D0108910B0108C9
:100BF0003F0C0108910B0108910B0108D30C01086F
:100C000033681A1D1B68326004F1420684F84230D2
:100C100001239DE033682068191D3160060601D567
:100C20001D6803E04506FBD5B3F90050002D03DA3B
:100C30002D236D4284F8433059480A2310E021687F
:100C40003368080653F8045B02D4490648BFADB2C6
:100C50006F2F5348336059D10823002184F8431083
:100C60006668002EA66005DB21682E4321F0040192
:100C700021604DD01646B5FBF3F103FB1157C75D5C
:100C800006F8017D2F460D46BB42F4D9082B0BD147
:100C90002368DF0708D5236961689942DEBF3023E6
:100CA00006F8013C06F1FF36921B22614B4603AA6F
:100CB00021464046CDF800A0FFF7E4FE01304CD1BC
:100CC0004FF0FF3004B0BDE8F087236843F0200305
:100CD000236078273348236884F845701F063168FD
:100CE00051F8045B02D45F0648BFADB23160D9074A
:100CF00044BF43F0200323601DB11023ADE7284813
:100D0000E9E7236823F020032360F6E70A23A4E73A
:100D10001646BBE733682568181D616930602E06EA
:100D20001B6801D5196002E06806FBD51980002315
:100D300016462361BAE7336800211A1D32601E6827
:100D40006268304600F07AF908B1801B6060636821
:100D50002361002384F84330A8E7236932464946DB
:100D60004046D0470130ABD023689B0713D4E068DE
:100D7000039B9842B8BF1846A4E701233246494670
:100D80004046D04701309BD00135E36803995B1A98
:100D9000AB42F2DCEBE7002504F11906F5E700BFF2
:100DA000E94A0208FA4A0208B1F90C202DE9F0419B
:100DB000160705460C4651D44B68002B02DC0B6C21
:100DC000002B49DDE66A002E46D0002312F4805243
:100DD0002F682B6031D0626DA389590705D56368F0
:100DE000D21A636B0BB1236CD21A0023E66A216A14
:100DF0002846B047421CB4F90C3006D129681D2999
:100E000045D8284ACA40D60741D50022D904626095
:100E10002269226004D5421C01D12B6803B96065A8
:100E2000616B2F60C1B104F14403994202D028469E
:100E3000FFF7EEFB002363630EE00123216A2846DF
:100E4000B0470246501CC7D12B68002BC4D01D2BC5
:100E500001D0162B19D12F6000201DE00F69002F43
:100E6000FAD093070E680F600CBF4B690023A6EB06
:100E700007088B60B8F1000FEEDD43463A46216A61
:100E80002846A66AB047002808DCB4F90C3043F0C5
:100E900040034FF0FF30A381BDE8F0810744A8EB89
:100EA0000008E7E70100402038B50B6905460C460D
:100EB00013B90025284638BD18B1036A0BB9FFF7EE
:100EC000BDF9B4F90C30002BF3D0626ED00704D416
:100ED000990502D4A06DFFF730FB28462146FFF7A5
:100EE00063FF636E0546DA07E4D4A3899B05E1D46A
:100EF000A06DFFF723FBDDE7F8B50E461446054667
:100F000018B1036A0BB9FFF799F9A369A360A38924
:100F10001A0701D5236943B92146284600F02AF86B
:100F200018B14FF0FF373846F8BD2368F6B2226992
:100F30003746981A6369834205DC21462846FFF745
:100F4000B3FF0028EDD1A368013BA36023685A1CBE
:100F500022601E70431C62699A4204D0A389DB0799
:100F6000E1D50A2EDFD121462846FFF79DFF002854
:100F7000D9D0D6E738B5284B05460C46186818B1C5
:100F8000036A0BB9FFF75AF9B4F90C301A0721D4E8
:100F9000D80607D409222A6043F040034FF0FF30FF
:100FA000A38130E0590712D5616B41B104F14403CC
:100FB000994202D02846FFF72BFB002363630022EF
:100FC000B4F90C30626023F024032269226043F0FC
:100FD0000803A38122693AB99A0501D5180603D5F9
:100FE0002146284600F05CF8B4F90C3013F00102F9
:100FF0000AD00022A26062695242A261226942B90B
:1010000013F08000C8D138BD990758BF6269A2604B
:10101000F4E70020F7E700BF2000002038B50023E8
:10102000054D044608462B60EFF732FF431C02D102
:101030002B6803B1236038BD10AB0220C9B2034650
:10104000024410B59342184601D1002003E0047811
:1010500001338C42F6D110BD70B50C46B1F90E10BB
:1010600096B0154600291E460ADAA18911F08001C2
:1010700013D14FF48062002031602A6016B070BD39
:101080006A4600F047F80028EFDB019901F470414F
:10109000A1F5005359425941EBE700214022EAE70C
:1010A0008B8973B59E0705460C4607D504F14703A7
:1010B000236023610123636102B070BD01AB6A4606
:1010C000FFF7CAFF009E28463146FFF70DFBB4F933
:1010D0000C3038B99A05EFD423F0030343F0020330
:1010E000A381E3E743F080032060A381019BC4E96F
:1010F0000406002BE0D0B4F90E10284600F01CF8CE
:101100000028D9D0A38923F0030343F00103A3816E
:10111000D2E7000038B50023064D044608461146C4
:101120002B60EFF702FF431C02D12B6803B1236051
:1011300038BD00BF10AB022038B50023054D044672
:1011400008462B60EFF7F6FE431C02D12B6803B173
:10115000236038BD10AB022038B5002200230446BE
:101160000D46EFF781FC28B920462946BDE83840F6
:1011700000F00AB8204605F1004100F005F84042B1
:1011800061EB410138BD00BFD0B500220B4B0646D4
:101190000F46EFF7F7F9EFF771FD0446EFF778F92F
:1011A0000022074BEFF7EEF902460B463046394670
:1011B000EFF730F8EFF762FD2146D0BD0000F03DBB
:1011C0000000F0412DE9F04F8C46099E04460F4681
:1011D000002B48D18A4215465ED9B2FA82F33BB160
:1011E000C3F120029F409D409C4020FA02F2174329
:1011F0004FEA154E1FFA85FC220CB7FBFEF10EFBE1
:10120000117701FB0CF042EA0742904207D9AA1875
:1012100001F1FF3702D2904200F258813946121A8A
:10122000A4B2B2FBFEF00EFB102200FB0CFC44EA61
:101230000244A4450BD92C1900F1FF322CBF012721
:101240000027A44502D9002F00F04381104640EA50
:101250000140A4EB0C0400211EB1DC400023C6E9D0
:101260000043BDE8F08F8B4206D90EB1C6E90001FC
:1012700000210846BDE8F08FB3FA83F1002951D16F
:101280006345C0F01681824240F213810846002E69
:10129000E7D0C6E90047E4E7002A00F0AF80B2FAE1
:1012A00082F3002B40F0C2808A1A4FEA154EAFB28B
:1012B0000121200CB2FBFEFC0EFB1C2240EA024284
:1012C00007FB0CF090420ED9AA180CF1FF382CBF86
:1012D0004FF001094FF00009904203D9B9F1000F16
:1012E00000F0F080C446121AA4B2B2FBFEF00EFB6E
:1012F000102200FB07F744EA0244A7420ED92C193A
:1013000000F1FF322CBF4FF0010E4FF0000EA7424C
:1013100003D9BEF1000F00F0D2801046E41B40EA72
:101320000C4099E7C1F120058B400CFA01F400FA5A
:1013300001F922FA05F72CFA05FC8A401F4320FA2E
:1013400005F3380C23431FFA87FE1C0CBCFBF0F896
:1013500000FB18CC44EA0C4408FB0EFCA4450ED953
:101360003C1908F1FF3A2CBF4FF0010B4FF0000B76
:10137000A44503D9BBF1000F00F0B880D046A4EB20
:101380000C041FFA83FCB4FBF0F300FB134403FBD3
:101390000EFE4CEA0444A6450ED93C1903F1FF3079
:1013A0002CBF4FF0010C4FF0000CA64503D9BCF147
:1013B000000F00F09F80034643EA0840A4EB0E04B0
:1013C000A0FB02EC64457346E04602D307D1F14529
:1013D00005D2BEEB02036CEB070C0138E0465EB1B0
:1013E000B9EB030264EB080404FA05F522FA01F3F1
:1013F000CC401D43C6E90054002132E742082F4685
:101400004B08AC4642EAC172AE46C407110C92B218
:1014100041EA034142EA0142B1FBF5F1B3FBF5F0C9
:101420001F23A2EB0C0241EA004142E79D40C3F1B9
:10143000200299409C402CFA02FC4FEA154E20FAFB
:1014400002F2AFB2BCFBFEF80A430EFB18CC110C43
:1014500041EA0C4108FB07FC8C4550D9691808F19A
:10146000FF302CBF4FF001094FF000098C4502D925
:10147000B9F1000F30D0A1EB0C01B1FBFEF808FB75
:1014800007FC0EFB181192B242EA0142624534D2C7
:10149000AA1808F1FF312CBF4FF001094FF00009E5
:1014A0006245BED2B9F1000FBBD1A8F102012A44B6
:1014B000B7E7841A6CEB030201201746E7E62C44D9
:1014C00002382BE7ACF1020C2A440CE702392A441B
:1014D000A5E62C440238BAE6A5EB0C0CA8F10200F4
:1014E0006144B1FBFEF808FB07FCCAE7A8F102085B
:1014F0003C4444E7023B3C445EE7414691E7A1EBB4
:101500000C014046B1FBFEF808FB07FCB9E700BF41
:10151000F8B500BFF8BC08BC9E467047F8B500BFE0
:08152000F8BC08BC9E467047B0
:1015300030C30000000000000000000000000000B8
:101540001C00000054464C33140020001C001800FE
:10155000140010000C00000008000400140000003B
:101560001C0000008800000008010000187D000039
:10157000287D000040C200000300000001000000C0
:10158000040000006282FFFF0C0000001C0000004D
:101590003C0000000F00000073657276696E675FA3
:1015A00064656661756C7400010000000400000051
:1015B0006CFFFFFF2700000004000000080000008F
:1015C0006F75747075745F300000000001000000DA
:1015D000040000007283FFFF040000000B00000005
:1015E000696E7075745F6C6179657200030000004C
:1015F0005C0000002C00000004000000B8FFFFFFAA
:101600002B0000000400000013000000434F4E5662
:10161000455253494F4E5F4D45544144415441005A
:10162000DCFFFFFF2A0000000400000013000000A0
:101630006D696E5F72756E74696D655F76657273E4
:10164000696F6E0008000C0008000400080000002C
:101650002900000004000000130000006D696E5FA7
:1016600072756E74696D655F76657273696F6E0011
:101670002C0000000C7C0000047C0000EC7B0000CF
:10168000B47B0000A477000094750000843500004E
:10169000F4340000643400005432000044120000AE
:1016A00034110000E40E0000940E0000440E00000F
:1016B000340D0000240500009404000064030000C1
:1016C0003403000004030000740200004401000021
:1016D0003C010000340100002C0100002401000046
:1016E0001C010000140100000C01000004010000B6
:1016F000FC000000F4000000EC000000E40000002A
:10170000DC000000D4000000CC000000C400000099
:10171000BC000000B4000000940000007400000051
:1017200004000000C284FFFF04000000600000000D
:101730000C00000008000E00080004000800000073
:10174000100000002800000000000600080004004F
:10175000060000000400000001000000EB03000090
:101760000C001800140010000C0004000C00000015
:101770009CBAFC0D358D96CF0200000002000000DF
:101780000400000006000000322E31392E30000027
:101790002E85FFFF04000000100000000000000084
:1017A0000000000000000000000000004A85FFFF6C
:1017B0000400000010000000312E31342E300000F3
:1017C0000000000000000000EC40FFFFF040FFFFC1
:1017D000F440FFFFF840FFFFFC40FFFF0041FFFF28
:1017E0000441FFFF0841FFFF0C41FFFF1041FFFFD5
:1017F0001441FFFF1841FFFF1C41FFFF2041FFFF85
:101800002441FFFF2841FFFF2C41FFFF3041FFFF34
:10181000AE85FFFF04000000200100007F9EAC4861
:1018200009F8E8F10E6010607FD8436118DAF2C35E
:1018300081C8048170A1025181D592AD5C4E1C37E4
:10184000D1585A6E0D7F9F868D66F67F5117A0DEA8
:1018500098CF7F403217DB6349D96A8D277B818A15
:10186000180A142D04CA3A9B0C0A97E6815417876C
:10187000783A8116C2CE94CC06810EF10E1B04DBA1
:10188000B98E8381D26DE870797F654ADDFDD5E937
:101890004359477F53FE2EF530E20C3F5FBA3811B3
:1018A00081DACC36A981184F4CBF1A37ADA081120E
:1018B00056FF1D6C13D542737E20B27FE779140466
:1018C00081FFF958FF087A9A29C9C87F8292727BF2
:1018D000BC9DA36AF1B6EF7FD11AA6BF81C2606832
:1018E00072497F606AD118A29FA209BA563FCE7F83
:1018F000B0B15EFD1BDF0AF9B4AE3C7F24BF047DAE
:1019000081C52AA1FC67F2D363A1D14914FE7F41AE
:10191000A11472A5811A02F9FE5BFE7F69CED7BDC4
:10192000A3C8998126C8C62DDC10B8EB672B7F3180
:101930001625CA6E5B15BC4BC4814838DA86FFFF9A
:101940000400000080000000AF0000002FFFFFFF38
:10195000370000005901000009FFFFFFFC010000F3
:10196000E0FFFFFF020300003AFFFFFF200000003E
:101970001C0000000CFEFFFFB3FFFFFFFAFFFFFF9C
:10198000B80100002801000052020000BDFFFFFF67
:10199000F2010000F0FEFFFFA3FFFFFF8100000047
:1019A0004301000033010000C7010000EBFFFFFF0F
:1019B000F4000000BCFFFFFF2A010000120000003D
:1019C00003010000BEFEFFFF6687FFFF040000006A
:1019D000200000008B7D81878C8E7F8481868182B0
:1019E00079768494877DA886829291969083988355
:1019F00098812CFC9287FFFF04000000200000006B
:101A00002669B4B44B4369D580F3A0BC7169C8534F
:101A1000F06969EC875A5E5B59C95CAF5B867F6D84
:101A2000BE87FFFF04000000200100006802690D6E
:101A3000768140F3A3C89BCFCD3B9BC9142915E306
:101A40005D56024E0E421FC345DADC495C7F818D34
:101A5000A38EA495B14D0F43767FCCD6DCCA1D3A38
:101A60007BDB2C342B7FF7F11FD6CC25FC68EBA059
:101A70004E9B7FFA812E497F7FBF52BC1BDF7F5375
:101A80005B49D8CABFBE9C7FE570B3810FC87B415C
:101A9000F2AB34FD6FCF81A4D6A681F6217FDA1F89
:101AA000C740F2A92AD8F7D3518C0B5AAED5DB1513
:101AB000992C1FB8C781D1F3586D1503DBBADDAE81
:101AC000252C22DF045E71C011E54A3FAFE3C33D20
:101AD0003D42CF7F38353741C49657FBD84D3BBA8E
:101AE000FCB323DC01CE8C74FB657F34C136DE7F12
:101AF0007FEDAD4B4DFAFEDF38D18AB313C7A4900A
:101B00000D7FB08C81AB7FAF25D17AF981ADA20179
:101B1000BC49E1D6503CE80FE0252BC743FFD96C08
:101B2000810F7F8191C8D7FD55BC7FBF67B5DAAC07
:101B30008C51EC49FC3BDECA58E8E77F81E2757FB7
:101B40009F5DD9DC3295B3277F7F30DEEA88FFFFC7
:101B50000400000080000000000000000000000001
:101B60000000000000000000000000000000000075
:101B70000000000000000000000000000000000065
:101B80000000000000000000000000000000000055
:101B90000000000000000000000000000000000045
:101BA0000000000000000000000000000000000035
:101BB0000000000000000000000000000000000025
:101BC0000000000000000000000000000000000015
:101BD00000000000000000007689FFFF0400000004
:101BE0000008000016CFB8ADE961D52AB5123367F9
:101BF00007FFF8EDE8FD54067FEEFCBBF5FFB1FBF7
:101C00002859024623BFCED0FB391ED9C6E172B592
:101C10004ED37F639AB53208C73CDB175846EBD6E4
:101C2000D24612F821BF476022FE0FEC7D1BFEC892
:101C3000BBF1DEAF36C60CCBC6D3027F167B3CCFE2
:101C4000FFE75CDAD7153CD2ABFE3DB36720F0A7C7
:101C50004B16C5F9350FF6DB86CB7F3DCEF9011F5C
:101C6000BD3117F9023D43480743E9EEBBD83EEAD0
:101C700057F8C71EFFD701091CE702BC4CE51181CC
:101C8000BBA1BD1F130128D61D42C7BAB1F71A0266
:101C9000F8F2581DFC17BFDBC0C4F8CA4DDEE03CAB
:101CA000103281CF812F47BF299EC4EAA004493E4C
:101CB0002D3DB6901DECE2BA2AB7B11B3B28E51BBF
:101CC0002FD5C5DFE3C53B79C645EEC717C6DFEFA5
:101CD00017DA06AEEDED9FD7FB812D4601B6D20097
:101CE00004982F5D81D611EBD6DAEB83B94707D084
:101CF000ACFB2CA90CC9CA47D5D82FD7D6008E4427
:101D0000DB9FB01CBA8BD8022E263EA15A5BF3F79C
:101D10001101832A0CC18149E4BBE6C8F818570DAC
:101D200070A92DCEEBC57B0AC043C885B92A1F64B4
:101D3000C065EE848D48C7E27F42911ED34C140CDF
:101D4000D8F3AAE431380C4E7FC5D0E5FEF010FC84
:101D5000DB40BE0C1F262FEFF6951502ECD3221F99
:101D6000F52FE0FDD3FADCE0C232F5D2F04D2CDEE7
:101D7000213C2AD27FFFEC241810B7FDE92505305D
:101D800050C807CB75FD35529F19B92781F0616B9B
:101D90009FB7CE91C4DFEE856C94E1F415FE839677
:101DA0004A1DFEE4F11CFCE10EBE0FBF59D34721D2
:101DB0000607D1D61110D0E6F14E7FB3D71905E44E
:101DC000F8D1FD60E8320341810A4128D3D83A1F97
:101DD0000D240B19E4F103C72DB9E2B0A42B0DF3C8
:101DE0000BD00DABCF1EEB81FBFC82421C10FDB370
:101DF000E14C9B8A1B2537ECF672274EC12F36BC6F
:101E0000910A90B6391A350C368B66A7AEC628D91A
:101E1000B6F2D3DD311EE6FC81DDDF510DFCED00B5
:101E20009CF5EAC0D1DE270081B947EA0343E21DF1
:101E3000C8AE4B02DFCF3BC7072E1BDBEC110323E1
:101E400010D4D12FF3A22716CDCCED087261D84063
:101E5000513DB64001329191E9F42E66C2DBE3F0C8
:101E6000CC5081EAC7059CF74BC81AD5A7A68EC2ED
:101E70000903C16CB281AF3F82538347FC8DCB16FF
:101E80000A6471003E2F3493F2D141445B81E1F446
:101E90001956F439532EEFD92E2C1C34FFB0D7B27B
:101EA000B7991EF2F9FF0E7F0B24AAE21707E4D3BD
:101EB0001D1DF0C028EFE60DCAC1CE27E0F822E6CE
:101EC0001CD32E0AD8A1C2AAF4CD4347C4DB4BDFF2
:101ED000070FF3A49EC0CF8B061C46619971364054
:101EE000CB218140ACCEF3D307E9B76BEDD01DCB4E
:101EF000564F00F6BF9E0154EF815B051CDEEE904D
:101F0000FBA4441C5EFE1A0600C5A32245F3E4CCE4
:101F10002045DABBA10D28F4437F262F6C12FCBAB2
:101F2000220306C80BC5E6233824ADDA2FF9AA3DF3
:101F30004500DE28E63810D32071B9A9E87F014BAF
:101F4000EB279BF911E7FA1CE781C2EC862D5A605A
:101F5000D2E51F12FABCF6B41C3FC71BC66B1EC8E5
:101F6000E071D72CF7ECCCD009FC3D074B5CD1D706
:101F7000CCE6DBFA2525BE97A836FD7EE1B1D07F01
:101F80002349A2C2BBADEEDCC67FC9C83614174DCB
:101F9000540155E92E92CC780FDF366DAAAAF225AE
:101FA0002742FDBF15FAFC031BEB40C3699F0DF0F0
:101FB00096E504D25CB3F6231C81E9D729C1EBCDA9
:101FC00054A2256453B96C587FC9B1CDE5BCEAB9B8
:101FD000356FE332C4BC3499401826927D35FB6FCF
:101FE000D9A1B52496BDCAE41FF22970E98133470F
:101FF000381C13EB2ED00DF3E9F1A104EFC400C59A
:1020000000E0D6041328B51B07F0DE0D81D6AF4FD4
:102010009FE52B01C51809320EDD0DF0090420C320
:10202000D7211B2A52555381615853C851D4DB180C
:10203000EE40EED240A941BABC74220E2B4E1E9E39
:10204000C1B0862A21E8132EE82CDDE620C830F343
:10205000D4DBEB7FA5AB4BED23E1F6FD10CB3132AA
:10206000EDD7260E7F4D0C10DDB5C6A82DD7151760
:10207000D424355AD4786B680AFCE5CF166E1D5E01
:1020800088F647A812AB365DE5D9D9F856ECAFB063
:10209000A13A19F9719F04FB0C13FFBE484FFDAF25
:1020A0009E81B1F11BFA24D5B225E1DC22C1F236C2
:1020B000F41813B36E44FD19CE365D6BFFF31A812D
:1020C00093918EE5D1D6FF1C5CF9B22F0B4627C940
:1020D000C4F92F327439BD1F193A2821ED0F81E65A
:1020E0005633C52A26253E4C2166C928E74A4C01AD
:1020F000ECEDFB29222BE2E7E74381FBFEE5CB1366
:1021000027232AEA74030F9A274FF907709DFFA926
:10211000FA077FC63D3A1012CBE84A0FDA4C340872
:1021200030C92506CABCF9CDCA224E97DC11226CF3
:102130002E7924D481BAEEF779BDBDC2EF56DC52B8
:10214000D4080EB0D0FF401F3109030430815A2952
:10215000F2CD27D44EDB0AF32AD6B8F30438F0B513
:10216000064DFC1313F0C71F38223D512C7F612010
:10217000E1F719DBCE1BF4CBAF1925370FE8F237A7
:102180005D4AE51E0ED92ADF0726E1F23F46D9A9AE
:102190004A31E081D897C60D15BCE098D0EC1A2DD5
:1021A000D754A9640EDCE91F03DFF1F81CDC3EC341
:1021B000061622DD57E8FA2A81D8F93DE2B2B81FA7
:1021C00058D05BFB243737372002E122C1E3DE3DE4
:1021D00041F9D11BF4C9FAD82A31EABBD41EF0CD9B
:1021E00037DBD08179D851D8C3267FBE5E70FD1F02
:1021F00003BAE25CE611FDD79EC201C503F3B173D9
:102200005C7427A969BACE5521C4FD03EBA99219C4
:102210001823B12736EF91C0EADF364D32703F8187
:10222000219F36C791EB213B03DBFBCCBCCFCFF624
:10223000E6266757C9B89A01EEE1AF6FE3F8F98176
:1022400062CC95171A611599BB373711D73B14E348
:102250000FE7C41EBA0EDD5025EC377FE4988FFEE1
:1022600028F91682DD1D5741817C4A97D5D2B9A243
:1022700094B2D6F5EFB12F651BEFE2CBF25F46B714
:10228000CAC7CA505425A3C7EFD832E8B1815962F2
:1022900035DA6A22C624D528369408C9F22DC60636
:1022A0001D4FB516EDD8BF152CF7DE2FEB404C4F68
:1022B000F4D334241AC4BFDDCF15B3F4F6C7337F8B
:1022C000C275DA4DA7CC02606447B626B2D8C0F713
:1022D0001C3A2C81E21B871FD00E2E015C1BB353CE
:1022E00070B3B0F634BB22CB7122BF030A3D004B62
:1022F000D3E60FD8CAB3E312B312342B4381C8B468
:102300005F48F03481EF4F382AF1D3D49A09F2357F
:102310003158EEF107FFC31E3CFA18E206E3341011
:10232000FC3D10C7032BD14850E965356930AFC279
:1023300013E0A33227DB470AAB812DFEDE929254D5
:10234000371C490824372C36CA7F3FEBB87BB3D6FD
:102350002F440A2956C4B17C9DECF30F4900BD0FF0
:1023600047F3FDD65A222EC07FB41D1E5ACF71FBF3
:10237000ED44EA00153630CCFEC93B28D3C9E19DB7
:10238000EB4B3E3416EE368DF2CAF10F67105E3419
:10239000590C07E3D6BC4B18811B4318C1E8E83C35
:1023A0001923EE34BD2D0AE532D3FD938845462A24
:1023B000ECC117BFD2D2021CDC0CC81FFE7FF30E8B
:1023C0005B4A4C31D234EC0DD5A829E4B5EF491362
:1023D00081162826A12DCA19035D8DD03F314DC528
:1023E0000B16CCE88291FFFF040000000001000002
:1023F00070FFFFFF6E020000750200002D0200005A
:10240000B4FFFFFF08FEFFFF4CFFFFFFB00200001C
:102410004B02000084010000B8FFFFFF0101000033
:102420000C01000084FFFFFF9DFFFFFF15FFFFFF72
:1024300074FFFFFF10FFFFFF4BFDFFFFA90300002C
:1024400083FCFFFFE10100007E000000CAFAFFFFED
:102450009101000088FDFFFF3C0400002B010000FB
:1024600094FCFFFF1F0600003BFEFFFF46FDFFFF41
:10247000670000002FFEFFFFC4FDFFFF00FEFFFF0F
:102480004A0000008FFCFFFFA1FEFFFFB1FBFFFF32
:10249000F1FFFFFFAEFDFFFF6F010000B5FDFFFF85
:1024A000E5FFFFFFAE000000E9FEFFFFDDFFFFFFDD
:1024B0008FFEFFFF380200002EFEFFFFA0FEFFFF91
:1024C0002BFFFFFF96000000CAFEFFFFC9FEFFFFC3
:1024D00099000000DBFFFFFF7AFDFFFFCE01000047
:1024E00001FFFFFFED04000041010000BDFEFFFF02
:1024F0008E92FFFF0400000040000000BFF4FEF0D9
:10250000107FE3F7E9D5E1E8C2DAD302F41CE90D64
:1025100001F1E728E7CED5F110D7EA0DE4080C1356
:10252000EE34000BE9FFDB3FC2E6D0C9EBE507F66E
:10253000EBFC02CDC8E6E3E7FFC7C7F0DA92FFFF86
:1025400004000000400000003E16CAD03A4F36F7A3
:10255000D620FF2D30183F3D4B2A1ED7292B1A5F5E
:102560000218EB0044B03A6A157A5668306D30367E
:102570002930D22D091F2D7F0F22452F46E037111C
:1025800041F62C232080DE542693FFFF0400000038
:102590004002000058CBC2213E1B64D5C822EF6424
:1025A000EBA1E6B09E265F24E333254AB6094281BB
:1025B00075EBEEEE88D6451CC6EF297FDFF8E826DE
:1025C000181181E6A8CBE4AA4F2747E6673B0B35F5
:1025D000516B28D50E1B007F2DF8ACFD0544882CCF
:1025E0002BB0A37F20F5B443BFE8EAF9CC44C3592C
:1025F0001DDB761A2E06ECFAE26055F40DB356E0B8
:102600001436DB81C5A2DB46AA5336D116FDE1CDD7
:10261000288FD4265A63290FA7D6B62A066A4CD724
:10262000E178A7ED34E6F08100A55EE424AA110468
:10263000F42E58F1CA088107DF73FE9FE8D644D311
:10264000C2B60D1AF445C9DD19A2D6FD912BC4C638
:10265000F77D0BEB169381F3394C7FC6A848AA7F10
:102660009460CC28817FBFEA81022EF481C3F9AC4B
:102670007FC889A5D3240C2EA7817FC6C06C8EB4D9
:102680004EA4D89243EE81D37F167F7F13D510419D
:1026900065777FCC2FD0265B68B1D5433B2AC0AD90
:1026A0001A477F3672D8D3E43FCAD411E749D571AF
:1026B00067BEFA8148FC38812D514D2DCBB9D3B47A
:1026C0003E09E6EE43A3B2E8B32224CA115366E5FD
:1026D00064A4BA1C7F7F60B9B581D1603A7F448819
:1026E0002D8140EB31B9B6B11B814C81D6983602B1
:1026F0002B7F81F57F7FC2BEAB20CEA92BD47FA5D7
:102700002F3E3376467F408C4DD9BE39100CC681A2
:102710008C0C2B8103C5C7E536D08BB7C07E70E02B
:102720007F35F24CC80D1BD0CD290BE9EDF60BAE71
:10273000013A099989F32035E515A4BB8136B732F2
:10274000A181EF32C1B41BA45B482F2C24BB0960CC
:102750008176FBAA2E3E42F47FD1ECA77FCAB71F39
:102760001229DB2E1A2C7F01E3EE26C1DC26812BF9
:10277000E9D065E1E3C09EE5E139ABD501CBA6F92F
:1027800081E117AF76DFED7FFF12FC9AFDE87F0154
:10279000F081DA1229F614CEDDD3E57F03B97F0F7D
:1027A0002498E3ACA823B0EA69C77FF6DF7F160F51
:1027B000401E52F13D64EE998114B91C487F817F1F
:1027C000FB7DF1E581A0FFEC0F81CC577F81FF3CC1
:1027D000A1F2F9CC7295FFFF040000000001000097
:1027E00000000000000000000000000000000000E9
:1027F00000000000000000000000000000000000D9
:1028000000000000000000000000000000000000C8
:1028100000000000000000000000000000000000B8
:1028200000000000000000000000000000000000A8
:102830000000000000000000000000000000000098
:102840000000000000000000000000000000000088
:102850000000000000000000000000000000000078
:102860000000000000000000000000000000000068
:102870000000000000000000000000000000000058
:102880000000000000000000000000000000000048
:102890000000000000000000000000000000000038
:1028A0000000000000000000000000000000000028
:1028B0000000000000000000000000000000000018
:1028C0000000000000000000000000000000000008
:1028D00000000000000000000000000000000000F8
:1028E0007E96FFFF040000000020000006B4DA0E10
:1028F0000BD2072514E4E016F85C3CEFCF1001E59D
:10290000F4DEBF1532F302E8E71B17200681CBFF88
:102910003B26F808CDE4AEE330D9F658FBFB2F2672
:10292000E1A5E9F12E3711E1EBF102DB81B737DBED
:102930003F5539CB28BBFAC4CC63D7D5F142DD3C37
:10294000165E231521384BFFFAFDF9F4EF15DE9BD7
:1029500012C8EC0E11E2D5CCC38CF148C31A1A1080
:10296000E7C4F7E10D45BBF9AEEB3F3B3BA0C4D557
:1029700015C51CD3F903D9BEC9D316DAE5FEFF3C51
:1029800031C7BFE4E7033AD10ADAD13823BFCCE933
:1029900019AE1B037FF62337EB0108392A1025F403
:1029A00010E6D42BE5C7A31C12F905E5C0693CE489
:1029B000540A7028D2ADFBB83FBE133312C90DF2D2
:1029C000C5C917E1FE3A2C5CF47FE9492B37222573
:1029D0001A16CD4D2511CEDCEE093632A7C14CB901
:1029E00009ECDBC0EADEA8F24083AE0FF30AC704AD
:1029F000DA27351A0703A9521C28D43DE159EF40C4
:102A00006D4EDF7921EA27C799BC31C918D32C292B
:102A1000E49B14CC2AA01EE823FE31E9F2E7FCD0A7
:102A2000F3AC01CD811EF023C815FF119BE51CFC02
:102A300029D404F10DD7DC11E3EF211CDEF23C2593
:102A4000EBC046D30119FAE6D71A5BF5CF9123F90B
:102A50001014B60B0FCD28E8B144C1E014EBEA46E0
:102A600017C80FB0E039B07FBAD704E6D8CCEAABCC
:102A70008AB009F6B9C7DD260BCFF02F2FF1F16C24
:102A800048EEBB09F1CDF5A3D13631356F1803CD32
:102A90002C0BA10AA5EF07EB05393211B81D6FEC1D
:102AA00081CA07B2F43CF2F0FC350D6AAB9BDF7FC4
:102AB000E210DA1728FEDCF2EAF925F718B9E9473F
:102AC000D9C805C6C82BE01CD4FF03E5E81ACE28F8
:102AD00005FEF2340FAEEE001618C9AEB30CE0E1FD
:102AE000D8660332F93BCF03110ADEC72609093342
:102AF000DE3708ED220FFDD600EBF34448CBFCD8BF
:102B0000A71E921E27D857209F009219E82A3C2121
:102B1000DEE11DC67F293E0E1009351CCC54DA0CAF
:102B20000A2BDDDD9930F418EDFDBA1CBFC57FF32B
:102B3000B5DBEA0752C0C5E8AB07D21C1EA2361CA3
:102B4000FDDBE7EB282A23271CEA0DF0413BD6FAF0
:102B50000119F6621AEE1D1C33262E21EED3EB0A64
:102B6000A313A40D43E23246EC1DD4050DFAC22492
:102B7000CC24EFFBFCF525BAC54C3C0EEA2901FF3D
:102B80006A2439DA1BFE317FAF4BE8C705075A1BB1
:102B9000D61AF42FE1D61B1C311CF03016FDE8E1EB
:102BA00019FFC4F3FE3CF1EA0DDABFC516DADF15F2
:102BB000D4E319C6ADC31413EA27B4354BCF3C4A4E
:102BC000CD3CF2FA5AD4D751200D0347C6048115E3
:102BD00044EED1DE1F0A47DBF2D0F01FD8FE0534E9
:102BE000FD46AFFCC906B53B15E720E9CF1D4B32CA
:102BF0000BFD09F325BF811B2CF34016B81D3E6465
:102C0000EE27A7E0C94824F34918FCD0B4F478C0F3
:102C1000183312EC17C92B9C20EC1C4A77C61A5AA1
:102C2000D7F4A4E6D7F7FCD3D1BB17DFE2ED4CBD58
:102C3000FCE5F9EE9D2DDD370E15B5EA4EE7F6F60B
:102C4000550F300C1E240975C4E8A8C508141DA72B
:102C500018914026F7F33B19CF3FE30D15071B43AF
:102C6000FB30A3180EE7F3460981B11DC2B001F68F
:102C7000C9EB0705BFF68115053A2ACF4334001387
:102C8000D8F21241F2F18CEAAEEC144900091B2A89
:102C90000A91EACCE656A40C46DFBE02203FE2F7DA
:102CA000FA2D32F6BD22EFDB0EA30F0CD53C0056F9
:102CB0002709D90DC2D0F0B60DFAFB1DFFF4F1299A
:102CC00006CFB61443C00723B04F1CE27D0DC70AE0
:102CD00027FA2D021C81E2EBFE181F24113BE1C6EE
:102CE000C5E216DAAB12E9D8AF189FE4C7CCBE2B09
:102CF000810FF707CADAED3CAC115D3C0543942621
:102D000055D702FD030A363C32CE1B211132235522
:102D100046C1066019F4440E6CFD30182538280FA2
:102D200025F6BDE8FA35F9C1171A0F66D5F2E1A903
:102D3000E32117DBB933B0FE1E3BF52CF3E6182C6C
:102D4000FF0DFAE40C9EB41CFE810209C60CD10EE4
:102D500004F636281A0BF5E11F0015E80733F825AD
:102D6000090C3311DF3A1405CBF2EA1012F2CBBF93
:102D7000A0103C8129180A31F8F85DE836A103F06B
:102D800073420F364E01D43C06EC42D7F9320F3B6A
:102D9000F4BBD12CC7FB404604E3680A1825D5CF05
:102DA00009EC4213C216FEE2E40BE16D122FD0EBE8
:102DB000F1C900ABD8E447DBD7FF1005DBD92EF50E
:102DC000C82D2BDF3AFB111FE92ED4E6D01D6D3341
:102DD0003A05EFE21C037F3AEEB4F924EFEBCD287D
:102DE000D43FC026D3E5D2E7F0FDEFF0E1C807FFFE
:102DF000060B23B91FCDD5220827EA45F2AB5F1495
:102E000045D5101E0150D9FF88F309E8FDEE72FD8B
:102E100042EAB8212E81A00FFBD22D2D5333E00FB3
:102E20001F4E45F5C42358540AED09700F2F390E73
:102E30001B536708E6A5B4EA810E5EFC501642D427
:102E400024060628FD12E4B52E240A470C03073E8B
:102E5000202645121DE0330116F6F112E522D913A2
:102E6000BFE40FE1F0EF29F0460F6CFB04CC2181A9
:102E70003B5C24CD680DBCA0DBC3D33428F9B7C8B4
:102E80003E43CCF31FB9F71DD239343C6FE30F3FFB
:102E9000FEAF1B2832FEFA6F16FC53590CF31DA926
:102EA0000FA4E2EADAE9CC959DF70921B7A3F3274D
:102EB000A9E209131F0BFC2F17F307CFEE1002CC6A
:102EC000370207F736B6F72816372A108112DC10BA
:102ED000F81FCAF71D21402516F20733194F1A09AA
:102EE00011FB1C10FE33DEB70FD905C9CE6BFD11E7
:102EF000B11B645014074EDFA2047FD617D60A37E1
:102F00001DFE8E571BF9D83C04BEF722C00EF103FC
:102F10002C178D1C3EF20A030C70180D1387EE3629
:102F2000D3DA2714AFF915FE4B276406B7033A1618
:102F3000E3557F09B69CE723B23D3D38C8EC2BA38F
:102F40006202CD1D3153E90C5F45CE5A8A1A434FB8
:102F5000FCD441D2FF962BC6072183231ED147A95B
:102F6000FF04B3CA0555C7924048B656F1ECE2815A
:102F70000BF6FB0D28EDED0812C8CEBE2BD32A02AE
:102F8000E004081BCF05CFE2A34800EA23CDF623D7
:102F900018EE23F5EECD1350D9D12A2D343304E4A5
:102FA000FF272DBAFA2D11E0E920DC150C99CEEDA2
:102FB0003BC160F4FE44D443BE0F150F1825D0D298
:102FC000E2361EBCBAEBF8DEE3F3EC668123E4C91B
:102FD00034CDAD61D74BD5FF27E4F0560442E598D8
:102FE000FD574E41F03B2DA3F7E1DF03FCE2F2ACCD
:102FF0002819DEFBFB0523B2EAA9C51D34ADC7FFC6
:10300000130613B529F9E6F0DAF1B7F2100FC51877
:10301000FCB6E7D9F32A0BC319F3C081262C18217B
:10302000A90B9630C8B9330BD21155E61D93123D4A
:10303000E932F50E02D600E605E316D735CC0F05CA
:103040007F4FFF3CFF37EAE5C5F2B82707E8C0B578
:10305000F3E7FF5AFB1B0BC52CF119CA20343207CA
:103060001321130BCADEE060CB30E90CD15605E228
:103070000ADB0B18FDE3CA36F203323362EF052D8B
:103080001629B70A00D8AFF3B781C62C2F9339FFA2
:103090005D99373060022BECEFD50A160356BCE27F
:1030A000ED141031FF051D67FBA0BE01BBEDBECDC9
:1030B000DAECE0AFE20EECC1242BB9E5492FD5469E
:1030C000F231BB350F427FE2A92335184E2D44C99A
:1030D000B70B15420E2000078E410C14FB0B1A3A59
:1030E000B129DFA7CE4A42CD6B0D272EBAD8E4C551
:1030F00030102D0FF9DED6C3A6D863F1974353DB0A
:10310000F6B4ADDBFDD0E4E8393E50210FC4717F49
:103110000522F2C4FA0E3E432415EE21153612663E
:10312000E25AA11DF50783B52EEC0320D6F0F20C70
:10313000EE323A0BD60FB707BF16E3CF592425FA64
:10314000012E0D0320E5D7B80D141D432B2B163B84
:1031500014E5EDD2EA3C1119FE2DCE08E738033311
:10316000D7291CF9123328D91F047F0B114E20F0E8
:10317000247307F5A992DB1DC50D755C7D1FE72F34
:10318000F7C614F2411325F19EDFC52FCE0348EB9D
:1031900052FE6F571AD1FA50DFE2E642D70927D91B
:1031A0000FF2F4A781DAFA2017DBC5CFEA1520CA9F
:1031B000955D2445AC1833E2DE150E2C7FD70DFD4E
:1031C000D7481C0514244306FA974D580BD497BDD5
:1031D0001E260B320D0FD2DA19A5300818E2EE3F89
:1031E000F929EB088BD6931CD908522A2CD909E867
:1031F000192B3D53A505EC24EBDC10D8E2E50DCDF1
:10320000C5003FBC4C86021C28FFBF3DC7B0226CE6
:1032100017810A050CE3273320D824E316DDEFD904
:103220004615BA08B20D161A9E3A17FBD636181B69
:10323000CA2E0F071DB9EACBD3F527591439242715
:10324000ADF4FC1231DF53C81719255A3EC6616927
:103250003326375055CB11103631401F982BE95F7C
:10326000A530AD0001F4D5426710177F82F2312EF0
:10327000F7D0133CBE525FF70B26109FFA11625233
:10328000BC4C42CCD40477F032DBF620BA96F21371
:1032900079B3AD3438D5F0141F26ED0AB38126E694
:1032A000FC1F17E2D2FAE32628D8E9033BC19CC2EF
:1032B000FD0C1B09B70260CB16DA20E224F32F23A2
:1032C00038BC00EC2916E6B5024CE61807B32958BD
:1032D00003DE41D746ED0F400FCACF0FF2E0FE3AB2
:1032E000E1AE1F26EDD21BD93D7F5C12DEF0B81691
:1032F000D0EF18ED19D108EAC4D00FE325EE06E6A9
:103300002530E74D01390BAC080A12FCFFD1251E10
:10331000D1B32FEC0F122D020F4EE2F81D0EFAF36F
:10332000BBE081D9E3CF1114E2DDE900C5DE19F27B
:1033300089400FBB22C61A01EEF60226DA0D7F0283
:1033400017F00E18054E67E8AFA7102FFCA62B212B
:103350002532E439F5FC0924CEC70452F51C264673
:10336000090CC1ED26F44446EC10E8EECD8100D501
:10337000EA29FF479BF7B8FE04C01EF0B32F3AF9C5
:10338000D4D51B4703184A9505B64BD1EF25291F05
:10339000F1D416B9F71521C62E102043571BF2CAD7
:1033A000D21A1F14DE1C0C4FE72D1839E416D20672
:1033B0001BE05EB88C20F0FE4E11C26FC62FB7DC4A
:1033C00031F41E0A7F551E5A57F7212F28BB0F2AAA
:1033D0002FB7232825E4E9561CFFEB4BD94613F6FB
:1033E000ACCFEBBF11E92EAF0509ED0AB32CFAB152
:1033F000F3D7BCF74EFD42C42A00FA06262C120071
:10340000E247E3E4F12EE3C7E65EB30D17CEF40B1B
:1034100000810A0F056EFDBEFF1901153308DFF6A6
:10342000E4CD43D802EFD4371012062E0DDCE3288A
:103430005CFD2825DBD08C073E24B8D70AEC2C593C
:10344000D2C8ED0FC533E10DAAF3284398ECB8E9D3
:103450003C7F00003C44C17F12E5C9E6E1DF11FA80
:10346000315A25F5A4C610E9D5EEE1C11BFF064E81
:10347000C09E20C9072406EF5F3C5DFCC3640D5F5E
:10348000E92CE99B4DA9DD5EE0B4AE1D3014143D7E
:103490004D012B2C431C05AF0E2F4F1207492A4418
:1034A0008423A7080019B61C7FBFC2F9C665DC904B
:1034B000EAFED5B4B4F939D5EB6114FE42AC03BCD5
:1034C0005E1DD71D00CDEDDBF333222108F0C301D3
:1034D0001EA1E93228810311F9EAF5F63822F61B1C
:1034E0003322FAADF2E0F0EBCB9BB0F0ECEF390316
:1034F00001C5FEF42BF2E8A81B52DDE4EE4BD3C26B
:103500001B13AC1EF9C5C9B3EF31FDADC1432DC8C6
:103510001C0C44152150F239047FF00F020AECC351
:10352000EE08A2FCB61CBAC7E0DC1846130FE8CBC5
:10353000E52915E636CF2118BE8AFFEC3C7F3BDF3C
:1035400002080311441219B6EA004DC5B7E12EFD79
:103550007BF92D39F133E05548BA095D472A5ECB36
:10356000F3F2E63A475B44DC96F6C616BBB5DDF9E6
:1035700007FE1CEDCCF8FAF90E173C271A1BCB1DE1
:103580000A35D328050122FDD4CFEA1DFA8152CC99
:103590000DC500BC1C1821EC22EFCEF92F37E82115
:1035A000DD1E090A111AE719FA1A072220C6451A60
:1035B000ADDD071B5341F4FF1AF87DFC1AEFE55906
:1035C0004BD0E4C93921072AEFA1AFFF3F0B21619E
:1035D00009F1C4FF1EF4D6D8492F1030397FE4C555
:1035E000F4330197E82414D2B1F4B4D2DBA6D5EDBC
:1035F0003C564A05FA061EF9BF3DDD47DFE7B21823
:10360000F43941B90D182F541FE1EAD43808CABB68
:103610001AEB1642041F10B3EAE2364C15FDE1DC4A
:103620000681950749D30D501D00FDFEF23B36CCB7
:10363000D1163717D7E8EAD00F4E19EF1DD4BAFCD0
:10364000F1C3CB043AFAFD15E0E7F936B53619F1C6
:1036500002D70801CB2DD3053094E9DF07FEEA2914
:10366000C97FF1D21C39E0CCD74EF143C6E417CC68
:10367000B3B81DE3202CE23581E236CF0059B916EC
:10368000080CAE13E8D046FD36BBFDCBF5EC083692
:1036900026E5094CE2F7E956F5182E1C584052C8A9
:1036A000DE38292E21DFF82C0ECBDDE5C92051D7DD
:1036B000FEF742290123F1E207CD44B5CBCE0C2819
:1036C0001926E56E29DBFAA6EBDD3A193BC337D79D
:1036D00061E85C05E9BE9437FA22383D51EF104CA1
:1036E000157F05DBEA3202B207011E08FAEEC2D5E9
:1036F000D9F73AC5D8EE011AC34EF4DB0B0DE7FF3C
:103700001BE0F8030881DF031BD9BC1D49BC274D12
:1037100049CC03E144E02D223ADF18CB04C71FCD8A
:103720001593A225DC17F613E021111CE4DBFC0243
:103730000706C9DC21F566EDF20E0FB9EFE0E8F6F9
:10374000E51ED6D214D7141C0403083CF61B280E21
:10375000F9EC17210608D27FF131025CC926E4D0CA
:10376000F2C04A13E1C30B090001BCD8A6DC23ED6B
:10377000FA1E1FD2D5EF8E0D1E327F0BCACD472801
:10378000FC093B24B2EF4DA20BE0DBCB19A25E3962
:103790000A93552FD8F10D254592E6E7F9063BF53A
:1037A000B62A35C72CFDE15E3B03235CE6A6BFEBE2
:1037B000E9F563E3F59FD6FA963949450F37F902E3
:1037C0003619BBF4E0492D59AF003675D781022E6A
:1037D0001154BFBB022AECD8391B64C24F004CEE17
:1037E0000050E7BA229DE6FB2C1C9237F1C2BC4C7C
:1037F000E6E123ACB8C92B2A31F13A8ED4AEAE70D3
:10380000297F9E0C07341E5ABEC6DFE8D2A72429A2
:103810001B53320654C945CB302B1FACFDF9353D47
:103820003AEEEE44ECB31AECE7EDC744D49F3253C2
:10383000D7FA37C30FED45481AED651944FEA67F48
:10384000EC589EE36E1A40B986F305E695D86B03F3
:10385000750468392720E2ACC9B30FFE57DBCA7E76
:10386000246ED8240DE8262E4AB80D1AA388C9BCA8
:1038700014E4C3DA45ED45814D99FB540207C3CFEB
:103880001CC5C3A53BC0AFD59AB5F6173FD03BC109
:1038900067C60FFC40E45296244D02981AF488083B
:1038A000F62821171819CCD9BEE7D83CA9D3F718A8
:1038B0000E142E0BCAB6EEC71E36F9EC00C49B5F81
:1038C000027F3EE020EA31E934ABE1D9FA8D9EB1C6
:1038D000D9F1453732D924AD0DC3D90E2DE12B13C3
:1038E0004BBE8E44D54CF253E0CFCF593614D9BDE0
:1038F000D63B22F0BDEC43F33611E8120C27C95831
:1039000048E5174E3EBE5BE2F4D881FA62FFCC0B6D
:10391000E5E5B0D9DE3348FF560CDBDFF2263C4448
:10392000FD090EE4DD54E522E7F81815EE33141115
:10393000B4BBDF43090D31456EF67CCC2AB9CD030B
:10394000985DB1212130CDE91DF0E67FBFC2EFF8CF
:10395000154227C7CC224F19F8FB2FFE0DFF0F424F
:103960008F0903D013C71A3A0EA94258BA1FAA41A9
:103970000FE00CBB5EB86238EBBA42B61FFB2F26D5
:10398000DA600AB03F0A2221FC087F1CD203ECD582
:1039900000C526BEDDE2F446C739115CACF0470E27
:1039A000EEB20D1404E9BAF675F40EEEEBE223EC78
:1039B0000B5F3FEFFE0FD6AFC862BD3008B3FA43CE
:1039C0007F23DA72DDEC0B2CEE8DCF08B5C6FFFC41
:1039D000130715F4F0E2BD2710072ACB024CF7D2EB
:1039E000CEC500CAFE8AB909D524DC372FF0FC22E7
:1039F000C3EC299DE90F94271923E61B131AD6DE81
:103A0000E21FB2DB3E2FF9B910410702C75ECC219D
:103A1000308B5CCE2D0A28292D28F10E1D4D672AEA
:103A2000DAEC0CEEECEF88D17FCCC456DF83651B5B
:103A3000D32DC81008DE2FFB02C45F0EF93BD22F36
:103A4000AB1908BBF1DD3D2088C5BB3141CC75BE4B
:103A50001304E5ECD2B806E00116FF380F6D4F9C59
:103A6000247FF2DEFF050E05E8CAE545D581C4AC2A
:103A700016F018C3F3ECAC04E9F5A2C4DDC91632A4
:103A8000F2A0FE06413A751832F2D2F714FEEEE7C4
:103A9000CA1C10E815BACFE151E60A410B4800F400
:103AA000BFB7ECFA3F0415130AC86642B2CFB90D8E
:103AB0001BD920CBEEF9F9D3F028021B0DD9062E25
:103AC000EA2BF614401713CDD3CE0207FE94CAE5B5
:103AD00052CCDAD417270CEBE9FF3B1826FBECF5A8
:103AE000C6DFDD3BE5FBC800E02B7F5707192ADF67
:103AF000D82631FECB281A0629B05601E9D3DA0EB2
:103B0000FB1EBC1C43ACFCC9DCFE2EE8FDEB1BE736
:103B100036A612E4280F1A2D1F553344DA7F14D627
:103B2000E00B0CF1CFC99FC6CE05DA2F1F3EDCEFAC
:103B300008F70FD2DFC0F539CDFE5D244D41720A82
:103B4000F61DBD5C081EE4F61638C60D0D3BC2C15D
:103B5000E862EBE41E5F7681CD1D2E17C9DEF654B8
:103B6000FF23200FD81507E6AD22C3E5D8E5DFD047
:103B7000B9EF203A0BD1F935E6F7E9B2311FE43E4F
:103B80001DFE0BE07F02FFD71EB8EDE504B9F14939
:103B900048F3F7DBDC16B9112BC4FDF0EC5DEA0647
:103BA000E1072714E23FF9DE1310F6C612DB491EC7
:103BB000EA2749232840D004200B6422F8A6EEED22
:103BC0000815D930D5B5D42081F5F349361B2A0F15
:103BD00026D3FAD2C6D64943ECF62E2EEE37EEC5E2
:103BE000D76E3618CA11C219BF0AC8F8BD45281EBB
:103BF000FEEB0FFF4CCF8D5AF37F4A07560B112374
:103C0000F9DC17D9DC59C609E4EB4C223DF4EEDBB4
:103C100007EDC94F36E1F613B4FAFF20D53803E9B2
:103C2000C881C4DFD11DD5C5F7AE003D9ADF52D89B
:103C3000BEDFD8FBEA0635DCCC01C010CBC5D622EE
:103C4000D256F10814FEC6A9E934E825E88122FD20
:103C500078E3F996F629ECE6D80547FC3D29190AE0
:103C6000BAF12BF4AC14AA14DE60F845E52210F08A
:103C70000D04BA5036F7E681F4E6E0164EC1322361
:103C80003F0008FCD5E93754D135C810471E070B53
:103C9000DE321F4328F90617CF1521310F39E8B35B
:103CA000EEE128BCD83909FAD91CB1489F47CFE8C2
:103CB000A1D804209CEF0B21B2E163BDE1C7570BF3
:103CC000C5DB0B0C29D125A38906415A14E9BB0099
:103CD0007FD286DBADE1012A9FB61FFDED6D51BBA2
:103CE000EEC00FAFAE1FBCCF3624B958F1E34E3152
:103CF000183EFDBA4B96DC000AF626EB3BBEA72623
:103D00000530D525001D1E1E1937D57C20E223ED78
:103D1000014EECD07FD2043B16124909F8F3E82893
:103D2000E72CF2E716FA16AD11A3F5EE277D4BDD71
:103D3000EE30F5521632E2DE053059E460344DFCC7
:103D40005EDAF544D0E1D023F6E446E74F13B9DC60
:103D500013FF9B3C5BF02A251D1D094ACA30CE2962
:103D6000CD81F2DDDFAE272438F0F12EC8A9EEF0C8
:103D7000BF403BF8FE041A27D6463C6DF5230102EE
:103D80007F4BBB18FC580DF422E1001F020BEF29FA
:103D9000FFBCFD5604DA2EE3FEF915C31D1C25E019
:103DA0000A3CB31100E5041116D30E1384CA2CDAB1
:103DB0003F5932F0ABFA6D56DF3FECF034FE5B4119
:103DC0003D27D0F46D4A36FDF4FE234E03122A88B7
:103DD000033DDC5692D4AA0F241604BC81F734ECC0
:103DE000CD14DB00AA262DFC1DF87C30C9F53AB9AC
:103DF000397F6A9EC9BD02CBF9DED92C5FD9334128
:103E0000E031EBE62E9C0ED31125B0F1CAD2AD34D1
:103E10002EF4292303A2DEE3C7ED47D4162AD335B7
:103E200005E537CBFF299D4A1BEB253FEBD739C86A
:103E3000F23315A41581CFF9F4EFBDE9F22F372342
:103E400023610B751CD61FDA03F50C2B09FA3EE82B
:103E500026002AE95A0C1A22D842FC2831DDDC60FF
:103E6000BFE1E001F60D210DC821F2E4D6F21D21DB
:103E7000D75546AAECEA14FF8A458699E2FDDA2B6B
:103E8000DE05990F3E15CA0A1BE9205724A3ABD4BF
:103E9000294520C92AF3E215F29618FC3C23FDFFC0
:103EA00081F008ECDB130D14CF1E210B0D1E0DBD90
:103EB000DEE9F5FBF181FC0AEFEBEAFC123A0A5865
:103EC000F4E9EB4B77CD1E14AE3F0CEA17D4C6FFD6
:103ED000D04EE4DA20FA4F489AF64C27E8D91DC3B1
:103EE000A109F1A18B09A212CB212747813310F13F
:103EF000DB04213D12129BC857BB132934413507FF
:103F0000440031012C0D08102630BD06C32F74D992
:103F1000FA9AB41AB198FAD539BD99DA370D7517EE
:103F2000C1407903B1292A3934EBE4511E218112B1
:103F3000D22733ABFCE330CB2DE22BD31918D33887
:103F40003CEB9A4C27BE4AC6233B4D16F43407136C
:103F5000E016E30FBCF7DB1F17A10759E54A3B2723
:103F6000F9FC0AE5DFC4861F1822EAE44E9701EA4D
:103F7000457F524595DC3D1CA92C15E3D6062E4401
:103F8000CDFC212E06B043A7DD0001D1DDB4C4076E
:103F90001ED6041CAD63D45D26ABABF02D219C0B6B
:103FA000B9F4D9FDCA34FCB5C64D2397B2E05633F7
:103FB0006FF6FF0A2D20EC48235344C4FFB61F249C
:103FC000313FBBD23EE1F75FF3B10EB9BBA7F42896
:103FD000608CECF575ECC7F43BA22EBA8F7FF378BA
:103FE000E6CEACDCD1F0F32F48B89CDBDAFA03A0C4
:103FF00095471C3DC4285B11DCA3FC1C2BEADEDBCF
:10400000A6EA3AD763C0281BE04613F6E9240DCC94
:10401000EFC360D281A928FA2836CDE31A2E0938D9
:104020008ED688D8F8ED6AC71C153A20DCFBCFE5A0
:1040300003E7D6EB32AF008EE1EBF2ADFEABE81357
:104040007564B6DD7FE4D50C4BE7330F53EC1026D7
:10405000530AFC1C1523D9F2171ED1D93ADBEC43C5
:10406000B40ED706A808EAC331CDE912C6244B1016
:1040700002E831D6F319BAD409077FEB4CE40FEB11
:10408000C30EED38D64AD606BACCF234271604420F
:1040900077023BF0430D1539AA990915C711D60BC4
:1040A000F1E7C8A201FD21EC18A9DEECEED42FCF78
:1040B00011010BBBC7EBCAD5C2EA44C7B909BB0C97
:1040C000EF10F033F0D326190BDD103A01E81C0F86
:1040D0000D81BFBC08F133E83DDB6705FA30D40140
:1040E000CAD3CB4FFF29281CACE4610DF001337F0C
:1040F000E1DAE42A031BD739D6342FF6B221E55D85
:1041000001370B60EE30F255FD1528135E40B92ED5
:10411000FE23EAEBF0C91F270C0EFCEFBFFE083AA6
:104120000902F421FC27FF51F4CDB2180DF81EBB93
:10413000A435212A1BCD0A28392E510737ED252217
:104140001E16C0251C97DA26E6FB05F8F5E1EBFB09
:104150003F09C10C00EF4911E006033BDFEB1324DC
:10416000171A00E48138D6FFF7F3052AD918DF1CA7
:10417000F2F30FC423F5171011B8F533FB59EFF321
:10418000287F04E12BDA1A2A05FB08FE07491826C6
:1041900032ECA92C22F81F075A3707DDA5C71421D6
:1041A000D2D7110ADD1B423706ADDCFCC436502ADB
:1041B000011402FE161DFCFA13F481C6E7FEF23666
:1041C0001009E3F755EDFEFDC8F0ABD7223ACB104E
:1041D0004FEED323F034E5EE1EADB00B3F650EEF8E
:1041E000D4121FD8C5A61FACB602A9CDFA0819F380
:1041F0000623C822E4E0EBB5FA246C0C06CE644238
:10420000BCDC1C251FC61A31D17F2B5121F8F1F8D7
:104210001CE810CEE0A73EF8C2002840334A41AB6C
:104220003C581C2DCF15FD38A9D0D8FFE81B0DD95F
:104230002134ECFFD0F60603E1DA2BFE541ADA49FA
:104240002B2316E6D6F1E4BEEDFEC1F646B1FF7FA4
:10425000E3AFC81B2F4D32D319235A3321E2ED2D82
:10426000E0D603DC2257D0F2F30B3407BCEEE4A413
:10427000EAE5EC43CE124B0EAEEC302FA302C4BEE7
:104280002040E7BCB71B2719CAF1FAAFD8EFFB21D2
:1042900014F4276C4354B74B490758C7F72520241B
:1042A00005E9C9A21855C47F0BBC38BB04DFD8F29E
:1042B000383DEEE9EEB15130EFC8C2DD0511B7F877
:1042C0000219CADEF7E352E22903FDF604E7FA65B4
:1042D0000B260C0F7C371702F6D452EF0922091F68
:1042E00012D5EC32F8DDF2323B7F1AFAD70CAD81F1
:1042F0001EC42BFDF965F05FC6CE09FB1BFC24E74D
:10430000C53FE72921434602EAD34739D1280906A8
:104310003247F4DFDC32D660E4E2045606FA2CF3CE
:1043200009FAFC3C195349E7889BFA2AEC17F50572
:10433000CC0DD6DEA5ED1DFC01F8CA1AFDFCADF8CA
:10434000F77AB1497FDA4831300CD63D3D3EF3DA99
:1043500052C9C03E38F724833EA5F7F1E7DC1A279F
:104360000E02BF312429D500CAAF8BED2BD0850FAB
:10437000FAB3F4A95ACE9C15F855439911163A2E62
:10438000E71FA3F85324DDE3FBFAA43CEB132381DE
:10439000F148CBA1CD31D0DAEEF0CC13FA4300E4F2
:1043A000A0D5C38A11303331BF1D182BEA03D2A523
:1043B000472CC33EB1F2DD2317134CDB5FF04615EB
:1043C00049E4C4CF323FE2EBF3812648E3C6D2088A
:1043D00024F15F07C547EFB3E645FC0885CE16F329
:1043E000F86038C0C1F63827E1AFE300CB1707BB50
:1043F000125158350BED261F819A25003AEE48E8F8
:1044000007D74033E5F44BD12C898B4333DA02C311
:1044100058FDEA221C507BA933142F4B2607462F48
:10442000FDB400E9F94AE4F3D8D238F8AE0AC5C9B8
:10443000230C04AF17BF281E4662F10C0C425E60CD
:104440001034F2FE4634F044811C4F2160EC0A34F3
:10445000F052381A020911F6B8E342D30C9B7DDB07
:10446000F4B0DE00E91F9F1E34B81AE1E0ECB79FFC
:104470002AE1301DFB0BEC0C8CF83CDF373004BB21
:1044800031FDF83332C346A83E8FE8DCC0FB170A83
:10449000F71C0BEEF7C27CCDEE2855591B0C507F54
:1044A00002ED58209824D309F5C817790EEDF8EAE3
:1044B000F2E8EE1745EAEBF604EF25DC1EC9E3FE51
:1044C0007F1BAD2A70FB3BF1E904DB1C480EBDC825
:1044D000050909D412F613D51C2FF1BC27140826A0
:1044E0009ECFF52C0FFE0504CAE2B7DAB996206F0D
:1044F000184D22FDBC1659EDD3D14182A51908EE05
:1045000039F0D338D81C1DC1E434261EC9BACDF405
:10451000206B42203DFFC07F21AFFC2348035A2F70
:1045200054EC4DC3D9D8C4BC40262FB8B72460FD85
:10453000BD410D2B2AB858CF561C2CF47AC7FE1853
:104540002E4AC5254297E13CCC4913232341F2F87A
:104550003DD336BED5E27F209446F1DA311B27EFFA
:1045600026DDE5CBA5CEC8EB0FBCA936DED3E6022F
:104570008116392C03D5BCE9ABE5CD07FB34FDA092
:104580000CF9E11F1B1C04B016F4EF2FFB032845A8
:1045900002B8BC0105BE11023517E4323804D42A32
:1045A0009E13C606175C3FE1C4100BCF26A698F0F9
:1045B000E10D1A8862850003C1330A2E81F3B73DED
:1045C00020B628F92AF815FE77D2D7617FDB23BF02
:1045D000609A2DB365BA00351C7DF4E97D59C6D9C2
:1045E000D9358ED456DB962F451CD7E6EB2EEA2222
:1045F0000FE8BC220AFBD8ACD3F8E2F235122CF15A
:104600000CC00420E2DE2AFBE00622D42A4250F944
:1046100024B81B4109812BC3EC1B6634F32BF0D962
:10462000060FCFFF9C031D4B03CBA7230701E88197
:10463000E7F4FD0008F3E7EAE5C9D303031FDBF65F
:1046400010E4AA0F13DE4F48FD101A17DCAD154415
:10465000F7D9EB2A11EC170904FA443D1D0425DDB6
:10466000FCB3F61205082F02E1D0F210C6E6D9EA33
:1046700029D71FFDA5B41BE9B4E426E40DFB2A0CE1
:10468000CC23CFFC18D0451781C70CA8F1112122EB
:1046900020F9F133260501E2EA0C222E9D4065E265
:1046A000CBD5F530853C021611E6310DE61663CD0B
:1046B000EAC609C2F30EE0DDB2F1D5C55911DCEE50
:1046C000EB2ED1FF3B3DA69CDE0DC205130A08B4BC
:1046D00034390E9A2BDDE5DA23DB62BF9B5C7F0762
:1046E000FAD9F12C034560C1F79BD11023102DACF2
:1046F000CD4E985938F8D20CF404F24E36051E2AE5
:10470000493B37DE2FD2DAA64901207F31D6F63178
:10471000FCDBF73B342B1DADFA624012424D0C1707
:1047200085ED02A22A189F07F20CEE5EEAB57E62C2
:10473000E62FEE3BFF0AD72FFB1518E234DDFF40D2
:104740001B7F1DFDEE0540481DB4C93C1EF92C1B06
:1047500021C7D5450739403D4FEC1F25ECC005FD6D
:10476000040F21491AFC1606270516FDF8FB3AA28C
:10477000EBCBCA3C1996B4BD84D9B5FB32F5F9D65A
:1047800050274EF9EED0CDD3A33F7F2DFDC029B0E9
:1047900024DA9F66E92C0ADE0B1E2BEFC32258DABF
:1047A000BBFC2B11CF38EB71B7D83E3BED50D43466
:1047B000C5F135FED8D488592ADF5412E82CFCD430
:1047C0003C1AFB96D84B0C4F3F12D522F407F3400E
:1047D000CD2E5F07DB7F21AB3B330710F7FA072AAB
:1047E00094EBD174075CFCE681DD37ECA00E04028B
:1047F000FA6B412A1CF40EE3B701EBD86D0954178C
:1048000003C4DC2F282BEBD11AF1DF01E6D80F49C6
:104810000A05D0FBFF277FBD10440412441A2A0961
:10482000F3FA10D3E40C2AAC241D4C088E554AEB45
:104830000EF9E02ECF2C21E7B922F525C8810CF323
:10484000DC2D52F0EDFB215F3AADD63EECE965C3BD
:10485000E8CB4700CAFF020ABCC1BEE6DB11D13972
:10486000FA10D501FA1BDC3718A6E8F3C0FA0701E5
:10487000E5D4ECFC2C4919FFF8CCD9A929092B3631
:104880000EBC2847CF16BCB39CB3A41C0B81F1E22D
:10489000040F274B21DBC0520F10E1202C09E03818
:1048A0000BC40F15D1432272098FE10A03E3F4B65A
:1048B00028EE2C19CEEDCE24EF251610EC13266031
:1048C000FBE7D20C130035E0B60CB9FFDF290A2450
:1048D0006BB1CF29304717B6FECE3B04C501070C9C
:1048E000F1E5F3252241F77FB2AB17358AB6FFFF1A
:1048F0000400000000020000E5FCFFFF99F9FFFF43
:1049000029FEFFFFCBFFFFFFB2F6FFFFC6FFFFFF51
:104910005C00000069010000E0FAFFFFD2FDFFFF2C
:1049200005030000CDFDFFFFA6FEFFFF8D01000087
:10493000C1FBFFFF02FFFFFFD5FAFFFF1D010000D3
:1049400017FFFFFFC1FDFFFF7FFFFFFF05FCFFFF1C
:1049500045FDFFFFCDFDFFFF9FFDFFFF9CF7FFFF24
:104960001DFDFFFFA90100008601000055FEFFFFAD
:104970006600000063FFFFFF2C000000D3FCFFFF78
:1049800093FBFFFFEB000000E1F7FFFFF3FFFFFFEA
:104990008CFAFFFF0B0000003BFEFFFFEDFDFFFF69
:1049A000BAFDFFFF51F6FFFF7CFFFFFF8FF9FFFF0E
:1049B0008EFAFFFFB0FFFFFF45FFFFFF03FEFFFF83
:1049C000F0FDFFFF47FEFFFF67F7FFFFDDFDFFFF85
:1049D00009FBFFFF2AFEFFFF92FFFFFFD9FBFFFF4E
:1049E000CCFFFFFF5CFCFFFF87000000FBFCFFFF2C
:1049F000260100003DF7FFFF9EFDFFFF9DFBFFFF2F
:104A000095020000D8FDFFFF4FFDFFFFA5FCFFFF53
:104A1000F6FAFFFF41FEFFFFD8FCFFFFC3FCFFFFDC
:104A20000FFCFFFF5B0100000203000098FCFFFF8A
:104A30006801000050FFFFFF67F9FFFF3D00000025
:104A40004BFDFFFFD4FEFFFF3CFBFFFF5AFEFFFFC5
:104A500024FFFFFFCBFBFFFF8CFDFFFF8AFFFFFF63
:104A6000E3FEFFFFC1040000E6F6FFFF8C0000003C
:104A700009FEFFFFEEFBFFFF79FEFFFFE1FEFFFFF8
:104A80005BFBFFFF1DFDFFFF3FFBFFFF1DFDFFFF6A
:104A90001BFCFFFF23FFFFFFA2FDFFFFC4FDFFFF85
:104AA00039F7FFFFC2F9FFFF4EFAFFFF1BFCFFFFC4
:104AB00057FCFFFF220200005C00000026FEFFFF03
:104AC000D1FEFFFF09F1FFFF19FEFFFF10FFFFFFFF
:104AD0002A050000A0FFFFFFD8F7FFFFF5FCFFFF4E
:104AE00058F9FFFF8AF6FFFF7FFBFFFFE50000009C
:104AF00028FDFFFF5600000096B8FFFF04000000ED
:104B000080000000F37FCBB0FCB1E398E4B49F1ABF
:104B1000AEA9DCA614A0CFDDB4C8D6C0E8F6CA9F03
:104B20009DC70FEEE7C418B7CA21E9B7DE2FA4FC72
:104B3000C9AFEDBBA3F70BA1BBBFEB36D1D7A9091A
:104B4000DB0CB113BBF4BFE0D8D3C92A06B2EFB572
:104B5000AF4AA01EF599F8E70D41E8D8B3BAA2C54F
:104B6000CB1AD801A213DEC7C4F1BBDFD917D8EB2B
:104B7000EBE4F4A9BAD3D0D0ADCFF6BEF9DDF2AEF6
:104B800013A1C0F422B9FFFF040000008000000060
:104B90003664399D55E60BA346039B542C0017073A
:104BA0003F1011400C183F1B064918D4210E2C2130
:104BB000F02068074B3A45F42A37136123FD4E086D
:104BC000F7402E2334145C3D2435E13B174C024A58
:104BD0001160F82A4629235F570646BCAC63801F44
:104BE0003ACB2F20554D3F4016FE1B0C4F40284D11
:104BF0001E4D352F1B251723313C544223302422D0
:104C0000C02E165BC24DDE255836322725FDF32413
:104C1000AEB9FFFF04000000004000003007BC47B1
:104C20000BDAF60CAF04FABC06C3D9C1AD55FA0BCA
:104C30001E4BD41E11952C9DCBB4072C03CF39F8F5
:104C4000E9F28E8B110524011AAC18F922DD361D0C
:104C5000EBE21F0DB00CFBBB2C2AB89065EC1BFFE0
:104C6000ECE02A85EA0AE9EC3BCEEE07DE3D810165
:104C7000122D1520BD0F2026EA0E1034C8629B4F5E
:104C8000EAB415D3EFCCC22513DE62041658F0BA8D
:104C9000B0CB0718DA01D5380FEA0BCA00893932D0
:104CA000A0CDB3C1ACF6D9EB1D041CDE87DB17CB5E
:104CB0000A1E16FDFD8311E28DFA9424F918DFDC3B
:104CC000062515B081D3C8B9B7F7F1F2012121F952
:104CD000CCCA30542CBDD1060D1BD2910662AA1944
:104CE000C0E836AD1BE8D8FC78E248364127A4D3AB
:104CF0000D264A5DCBACE83EE24968C7207938A171
:104D0000D692E2BE2DFC0705691639C7DAFE24AB40
:104D100099E0040206B5BA20252FFFA90ECB253253
:104D20003509D9E71E290E3B34F6B5FAF8B8201537
:104D3000B0B1080018D94101C414B61103F28AAE0B
:104D4000CFF9B7CCA3550BF6A253E2E915D3021B5A
:104D500021B1C60F1DBB0A301912B711111ABFE0DD
:104D6000234249814EE4104117E40F293B0006F924
:104D70000B39EAEFC7E3B2F3D6EEE7FDD9BB1DAAC4
:104D80001719E2E5430EFFC216400BEDD4F8F02FE1
:104D9000DAD5D9362B12E3F6A509FE2523CB17C3A6
:104DA000CF028129F7D702FAEC17F129EAFF141292
:104DB0005129E114AFF04233F60B25B13004FECC9B
:104DC000D338EB1EC0D8E8CAF2EE1917DE1DF40F77
:104DD0001AF7443811231F762BD9030F1E02E6243D
:104DE000213C34CA11231F22FF04D88C94E9039379
:104DF0000A0813E1EAED16E118F6D59B3392462135
:104E0000C80C002F0A420CE63AC200D01CF2CA13AA
:104E10002635A69BB1F2B7DCE50A2ED8FEE6A50939
:104E200060DA0CAF39E7D41E2E148A3B5C051801FA
:104E30003BD458A82CF7DAC9D9EAF21738F0811A0E
:104E4000DDDBECB50D31E71C2D455840DDDFFCED19
:104E500042F6E9DCA435E52034EB4C14B0E6FFA7BC
:104E6000C472D2BAEE0A9B101351154E670875EA48
:104E7000D0F5E0EC23B4B2AC27298DDFE206FC15B7
:104E8000340FFBE3C60AF2C82A47C0F8A83EE83E42
:104E9000F7D205EE150D47E313DC96CFB8040CEA04
:104EA0000B02F3B57AB92BE0BAB7C12DE30CF15080
:104EB00004D644BFFBE6E7E8FB13A122D01794C752
:104EC000F681DECFA25D13E30B85A19D3E2CE002AF
:104ED000232600DD46CFE4B02CB8F0FB02D598BC09
:104EE000F2E7ED033CF4D11BD33C21D3FA0CE00FE5
:104EF0001B0DBD2A39AD1ECB2ADE2511283EB35627
:104F0000441DFFE2E320A1DA150FDECC1210FBBB3B
:104F100013D10D415D255FBC28D1DD272204A33DBF
:104F2000F307E305EC1C3BE7E510520E00EAC7B4BB
:104F3000DDD23BFB7FEB40CDD7C00031F5FFEF0565
:104F40004DF813B5035107E82BC4CD0D06AD4CEE5B
:104F500039FDE3BA233123FD0F39C3EBCA354522AE
:104F6000D948F63C4102D7A81E3B4A6B36E0F614FE
:104F7000A9EB5416D3BEDC0AA1F8AC27D8D9123C51
:104F8000021318149FF0DBD0D67B4C10E7D24F3BB6
:104F9000DB16C222212534FD21FCA3EC32DF090AF5
:104FA000C2DEF0ED3C24AEB9EB07FCC30FB8EC0257
:104FB000C3D62D03F2031D14BD09C907FC1281FFDE
:104FC0000DCEAE0F163FC3ACAACBF4A6360DEE0045
:104FD000C10EB6394AFEEFEF1A0ABC15E44205AD20
:104FE000170E2BD4212ACD2C28D637F365E80CE1F7
:104FF000F00C19F3FFC8D010F1C829F1E91409C960
:10500000D8BAB9F0FDFB2BC11A113C05C8FAF31749
:10501000FB2C1D34FCF21227F0B322F8FECE1BDB72
:1050200027D29A3509E21820EAD139CF363E31C667
:10503000B24BFF23CC240435D0C8F0FEC5C7E781AE
:1050400013ECFE22D23E00E0101550361614936485
:10505000E2BF33511F27A4065DFB00A22FCBF29EB7
:1050600016B748E1E50753D5220201BFC79909C425
:105070002F0FBCC402D4F14C2B03FEC005B02E4947
:105080008D5FEAD75506000AFAA359DD0BB3E2306B
:105090000C32EDC9B13FEA4B6DAA34F5605EE6B75C
:1050A000C6C1F01246401C02F9CEFE0F5A2096F5FA
:1050B000351526E0E9FFA42B3B3235103DD01851C1
:1050C0001E5CDCE1F133EF1DC4E720DDF403DC01FD
:1050D0002102E9E81ECFCFAADDABDB47C9F99FEA81
:1050E0001C3F13FAEBDAF8153F1B153DF6F9F36F89
:1050F0001735FBD538C7D48159463BF434DBC80596
:1051000030DB312DF21E4238E2ABF417242A0917A6
:1051100017BA1B0317B95D41CCF4EFD90001DACE01
:105120004DF2DD223C684719282CA24741E744FD97
:105130003FCB45F6DEEC4C30212FE9D22AEABFE81E
:10514000FE36DB09D1491E41DD1A0215300FEB2F67
:1051500031DFE949160143EEEDB5EF0EABF8C5EFCF
:10516000D7170208122BE24A00224A45113E35EBBE
:10517000112116CF21C3D3C922E20AEFDF91EFF24A
:10518000E549331AD8D221A7E8D3C2CFCFF39F4144
:105190000CCA05C7DE1158F4812AE0E05ED8AE2DB6
:1051A00002ECD0252B08D1F728F7BABCCBC0D140F0
:1051B000D9F5BED201ECF6F4F9B1B3E1AB1EC4FCF3
:1051C0002B8118390862CFF4DD221B87C15123AE31
:1051D000D2ED1BF847C09CB0FEFC05FE2036E4CDA6
:1051E00058D0C2FBC4F81610EA07EF13621AEED9C2
:1051F000D515BE030FF22DC6532B16C89F2A07E7FD
:10520000EDB81A332C181641F92B8AF8C5C900D706
:10521000DE04FB05DC112C1BF313105D951AEC2644
:1052200017E7E6D801B4029BF3326DE921CEF7B15E
:10523000BF14E4006625F6D200E2FF66FA34D10A14
:1052400029B81A01400B0B071A0CBA4018E73C2882
:10525000E50E1CC0334B24D10616EBAF43E05607D6
:10526000E9F90EE9F4CF10D80C10FF52F9D9190A58
:10527000AB81CDF7072AE629FCA2F54D061F16DD06
:10528000DD5B08182016C2E6FC2116E11FEF50175F
:10529000E90DFBE823368FF61EC50421E4EB140963
:1052A000C117B13B0FFFFF08370D0C49C0E1EC45BA
:1052B00015F51C17B7F546353B13CAF3180CAE9B12
:1052C000BB69F1EAB50A0FD50F022D1B0215BEDB33
:1052D000DA092A2C3CF3E21AA4DE1BD111FDECFB07
:1052E000EEDBFB1D07DC283AF40608FCB60A40DFBB
:1052F0002CF8D91E09E0DC47DFA5F40A0CCE2B08F8
:10530000F037162827EAE807A3D621A6A9E3B7F3C2
:10531000F00CF20C8100D312F0DAFB151AFEF581C5
:10532000BFF0D6A8F90A0FA6EDD0E8AB05F43B1202
:10533000EED3E0ED14EAEC02C02516EF10280E03C0
:10534000FAF0FF2633CBF211003EEFDC1BAD0FDA93
:1053500024A1E3533C1BB3E808B1DE3F15DF15E69B
:105360000A05402D05331421AAB0D09BBB14F821A7
:10537000DEF8A610EA67C41CF601DA10B4E6F610EF
:10538000BF015BF407EF431273D4103474F6B6D741
:10539000D9D4D9ECF1A3FAE678B73205DDD6C92C19
:1053A000F6EDC8E7D2CA1534E356302181E037C4A0
:1053B0001562F9E70F0CCA0F0A0422E5DA22392F29
:1053C000DAF2350DD2E726DCFF64DD14E828FACDE9
:1053D000299FBE0F8CBAEC120BFD0CE629DD154897
:1053E000C2F4C9E0F703EBF529C0E502D13E25F987
:1053F0006FF3FEF68C31382AD2393196AA29F32878
:10540000F38B31E51C370BEB06F5C81B0C08228E1D
:10541000D7E7013902E0AE1414FE35E0653806EC3A
:10542000CAFC3509D332FB16042202D2171CD83924
:10543000E6D5C8D417D00FDE091C0D09382031EF8E
:105440003429F635FDE9D0F8100DFABAF8CEF6EDAC
:10545000273BC4F10E81EBB212D0FD06060AA50B64
:1054600003281F29F2144A260EF81B06DCDDE20F82
:1054700004200CAFD82019CF1D2F1BCBFC09DEF266
:1054800014DDE92020001E0AEEBDE804FDFAC02A62
:1054900000C7DBEFF3CD1A10291CDDBBDD31FEF8B0
:1054A00039E611361E41221700EE812B2BF2EED881
:1054B00039A52CF8F8F63AF5002415FC22D9EAF1C2
:1054C00011330BBAB02FED1DF1301B18401F232EE6
:1054D000F5FD135DDE1142030DCD34479F03DA065F
:1054E000E1141BD717D41A55101507E61A02EB085A
:1054F000F70CE6CDF9B2D4FFFE12E0F6FFD0B9ED1D
:10550000F0400045FA0F1FDDF5E0E3FBF0AEDC29CB
:1055100005FEDDF8EAFB284188EC17F51A21E9B011
:10552000D7B6E2261695AD17C2C600D24C3203DDBF
:10553000FC49B8EFAF2A10E8E20B01033D0DDCE8AF
:10554000EA08C642E7F2F040EA04CDB2154AA9F4EF
:105550003BFCFA14F54121363A9516DD36C150353B
:105560001A5077E6FA3EFA570D88ABB49BAB43531B
:10557000F10FAC89D714E71928D7D90F1C90B7457C
:105580000B4CEE57FB35E4237FA625DAF5C7F70D64
:10559000C8D915A8D94BDB2550EA0AFC3044CC50B9
:1055A00015102B143E43FC331039FA4027DFDC552D
:1055B000F4AC58D7DDC8DA3DDEFC382902D50B152E
:1055C000053C3E32BB1C01C80E07F50CE11CF5F68C
:1055D000FF4B312B47C816DC8FC3F0E0F20CC84AF2
:1055E000D43203593EE444342C7F4614EEE2A4073F
:1055F0000F2035A0FCAC49C4E127EB01039001C1A9
:105600000BFD2C40F0E8DC08A5F6D107190BAF2103
:105610003ADDBEEDB1302CB91B23E1B717FEDCAD8E
:10562000C7D2FFD7FCE608D1F0D720EC3DE24F37D8
:10563000272DFC19C1311F2506EB07C64FE09FD36C
:10564000122FA1F3F514C9E1D847D8CA0CD3C3036C
:10565000F4BB39E7131FE52E2A81F21D400437ED14
:10566000CCED2ADECD28D6FBB4DBD0ADF9EE1C178D
:10567000EBE9EFA8CC4328C84DB8EFF4F5AC3BFEFE
:10568000E2360E22040F00D330E6480F41ACDAD9DF
:10569000F62F04D805D20E3559F9F5ECF3370ED7AD
:1056A00032260A18F430F745DA19AE3E23E426CF45
:1056B00038B92DCC21E61B2A26FEEC04F9C8CEF918
:1056C000B2CD2B81280B042ECB140F1E26165B0C9B
:1056D00005CB23DF00FA2D2E051C30290DD70D41F7
:1056E000B80DF5C045CF923D055607021A315EA1AF
:1056F00027FA1D0202099EF50A163312E3E3F0EEC3
:1057000033FCDDD8E32EE1CFB7E1E9F3B84DB5FDC9
:10571000DBCE192B323432D1DBD60DCABEB92DE621
:105720003BDADE281940DA9DFDD7D8E3E017EEE931
:1057300026EB4FF7353A0504C724E3DFC3E7D8E982
:10574000DDC1B6FF01F009D208D3C581EE2FABE76A
:1057500035C9E12A35F7BCE416E0B5BAB4EBF8D5A3
:10576000311BFA080ECDF608F8E3091EF421F428DF
:10577000E223B2C9BE161EE224C4191204F5E9DA06
:105780000D2EF2EC2186F9F0034953DD0906F316DC
:105790002910EAE706533BF5E021E30B47EB106ED7
:1057A0002830B3D4F2FB16FEE7DB84C9F5E4F81821
:1057B0000FF705EA2813CBC80CECAD0305BEF84083
:1057C000202B81E6D2540322ABD9289D3D15CE1063
:1057D0001CFE0B1971CEC1D7B256E6B2F11D0B23D8
:1057E000E8C9033E9C093FE4EB2B4B191A42B70F63
:1057F0000CEB3CEAA5B1FF46ABEB3234E52BCD26F2
:10580000B8ED07FF4BD9393BDFF855E90C13F01021
:10581000F601F5FFE8C4F14ECA181605FE1FBCECF0
:1058200017D835104DF1080DEFF2D93008EFE0EF41
:10583000D8102FE4C427BFAAFAF8C0D01AF3FDD6B7
:1058400061C2EAD7FB3DFE6FE81AD043C71F4A3852
:10585000FFDEACEF06E7DAD2E3DF233D0500A62F3B
:10586000E2292A322DF322F4FF1D2930453D2B2257
:105870002110BFB506C4C5F3033AE356FEF11B4041
:10588000170E722581E54ABCFA5B11CBFCF7F516C1
:10589000F62DEABD55E23C28E00101E41DFE251489
:1058A000FDC4CF15E20FF5BCB2D536EA231ED5EF05
:1058B000B2F30F1A372901E210F6E6E9162DC330CC
:1058C00013F1F0E3320F13451BF400FEC4D630D2BF
:1058D000043CC9DD304AFC1BEABE400BFED924CE95
:1058E000DD2234FC0CE5EE10D5CC18231EE5152A7C
:1058F000C1B5FCF401162FFF01D8E47FAA1BF71AEB
:105900000E44C5D8E4D2FEE5401A14D33119560925
:105910001BF1F1F4EB4AEF09FDF4B81820BB0F6757
:105920000939EC2A22CD2106E81025F615032A2391
:10593000DC08D00E04D20EF2CE29C80CC6F5DACAA5
:10594000BF942B38DFDD2DCFFE0406070AD82719B8
:1059500002F216121AAD1A01AEED15BBFA2C135055
:10596000BEF6A1E136D609F4266805D6D7E1B8E23D
:105970001AC24315209722FFBCE4ECED2A074E150E
:105980003FCA3F094436E2D9E7EDD1EBEB2610AD33
:1059900050418104F4E4E9B90E362202ECAECDCBDD
:1059A000202DFBB5061EECBEF01FDFEC242835C110
:1059B0002506F9C72D2DD4D3E8EBF727E60F261ED1
:1059C000B6E6FC8B23FC022507D8B039470359EE15
:1059D000191DF3DCD1FA5F231E1CE91037CE2548D0
:1059E000DC32E8F9284981B621F92455DD4F1D192B
:1059F000340AE11EEDF1B61B28EEE6FF020D14BBE2
:105A000040A8CCA3CB01F2A10C133632F053DE0533
:105A10004201083D6DF3FFEFF1E72AFF13EB20D6BB
:105A20002C2AD919471D08071A0BA22AFDEBFED410
:105A300026D226B30E28E3FFE5D90DEAE6D1EC27FE
:105A4000E61B98CBEF4E3D04D5ECC0E81217DCEB1B
:105A500033B5171613072591B9D4E210DC18BEF23E
:105A6000E4102F3C0809B2200D16193C55FB0D1708
:105A70002D26E0F32FE4C8023039FCF8B5F8B2E285
:105A8000DD250035B7EB29D849EC21D0FDE5FC1622
:105A900030E027D90C094E2281F0EE3A760306F663
:105AA0000156393815EA04DDECC012C9569AFC0DCE
:105AB000C6D621278BFD19C6C120FADA3DC5DEB353
:105AC0003B2DCFD3D80C1707BD415506EDF61E630D
:105AD0004E000F120CEEF259D7E5F800F997E115D8
:105AE000DC351926D60C1D03E228474CF4F54ED4BC
:105AF000E41A01CC08100D0DDF071A16BEA4BEDE95
:105B0000DD290047EDE8F1A80C358107239BD06122
:105B1000EC149FA20BCA163326F832D1F6FAF8F12C
:105B2000050427C830EA0DFB04D3C8F2D2E107FD13
:105B30003FF0FD9CD3F217E3FFF6F81BB6A9E8058A
:105B4000F0FCFF142911A6A7E5C7D2A3035821EF43
:105B50000EE31349DCC4D51309EA09D046F6E12661
:105B6000C2C6CE0B30E408C8D203020B02D9B00A79
:105B7000033BE94BFAECB227AB2217B3CD5701FC3C
:105B80000B0BEBF8D1E331DE10F5453D09211B2E5F
:105B90008109FC461BFC10EA17D3B7D3AEE2D8212B
:105BA0002F3B0C54602D0234F4DB10FF5F102DC826
:105BB00022BC62CDEBBC27DDD12F06912BE2BDB616
:105BC00003DC0BC019D3253409DABB6331F6755FEA
:105BD000C1F30C3AB3D32C7033072559DFCC3839D5
:105BE000EB3BD61C33D3113DB97F2A0F040859C0B3
:105BF00059183F224FA8BEC100960BE93824EEDBAE
:105C0000CE194916D127B4C6BCF6963CD3D3C9BB2E
:105C100048EBC5183B6DFB24E41642080DECA520AB
:105C20007F1E1DE5CB3CE10EF3DED01140CCAE2B48
:105C30001DDE11281D42CDD81E05CD25C50EDB2B3E
:105C4000FDC7DFC9F81A315707E83122079D25360D
:105C50002ED7B6A9E83F1E9BE9F0D93DB7EF2FE854
:105C6000BE322E3318D4C2F0F106EB7A0027302969
:105C70003414E4220CC2C511D840CE1EE91AFA052C
:105C80001A07E016D503E9EE1902E32D25ED1323DB
:105C90000712E42C0E0FFE2434E0EBB8506DD5CD86
:105CA0009894D0C3CF3FE1FBAF0D35F60A3BAB0A6A
:105CB000B369E6022C31CAFDDC143336B8FC2E3D44
:105CC0004B4CCC16FAE92652EE14E7CCD5FEF3FD88
:105CD00029FDBBF64816D28AEDB1312AFD13F2B781
:105CE000F2115B3DFC0736FEE0CE172DB32E81543A
:105CF000E70A1AE81802E2916A4D3F52E324C138DC
:105D000035EAE915F0E34A0921CF0CBEF2F1D3DF01
:105D100030BC10383FFE4BBAFC201742075B148D95
:105D20002B1639D82E0889B3E3BF3FE201C0A6EE97
:105D30001D34CBAEE6DB26D3F03C0BB2311A024B5E
:105D4000DED5D32BEE22371515CDCCF2F1ECC4EF16
:105D5000013B00D2647FF2A0FADE1218E40DED03DD
:105D6000223A522305E6E002E2F0C50EBC92EF3380
:105D7000ADEC95BB1431C71EFFB3F34E9EE409078B
:105D800035333D55ADED0DE4341EE2BA5D8A2CBDD0
:105D900009F2DF8B0AC9F3C649FFEB4B31FE0BFB5F
:105DA000052D3218F8F7B71ABA0A3E4011F8DE0886
:105DB000100947261A10F7DBF7F3BCC736F5D633C0
:105DC0004DEFD0DB18780A5EC0073E2D198236D120
:105DD000F66F9AC13A9BDEA1DFE8391CB9B8C7F368
:105DE00015F74E500FCC263BF71307FF3EFC1B4A1E
:105DF00006FDAFDF1DAFF98738EAB056FA50CE0A7C
:105E000045E602BFB2F04C4EE5F505D9F400F54A7F
:105E1000F5A1C2C94B812C28DEE8FE04E6D04E086D
:105E2000BE0005CCD0F110C719E2CA3019C3204713
:105E30002DAC0BFDEDDB3C11FC0BC81122F2CAA707
:105E4000FF06F8F7CFEAD2CEC808DAB71BD109D6D9
:105E5000FD012276451BF517B943310E4D19F1EAC4
:105E6000E63FE8AD6215FB2A0D12FD3237D718EC7C
:105E7000D77934DC2149A4E0EA0136D5E89C08EB67
:105E8000F49F9BCF3F4435194AB51BD7F80500F75F
:105E9000ECE0DF45EBF50C3F81F145EEE119EED882
:105EA000F735EAF4250A3F41F0032C25BBE8190831
:105EB000412D0B0BF8B91E3622384DD6FF1B20F9A9
:105EC000BAF3E81797BF06ADD331080913EA12FFFA
:105ED000FC3AEFE0BAFE1741CF9520F765F1E400F8
:105EE00017FEBFF3E43612671351CBDC8132311950
:105EF00024A738FAF716EFCDD2CAD7D00EFC780B0C
:105F0000DDF70B0D3567930B2910C2F01D16BDC7C9
:105F10004F01DEC5A730D2C7470227AEC13FF5AF5C
:105F2000CE0EB2EF08BAC5D59BF30CE0BC34CDD68B
:105F300013C3F2EF0C7F12F9EF0D06F8035CB713F1
:105F400039D00F1CA636026030F0BF59B196B62387
:105F50000F22F1F92B22301DA5C039EA0AF334CA09
:105F60005A3D50D12FB4130AC256DCFD1BD7610431
:105F7000EDB2C5C7F250ECC95635AE4FC248E32C5E
:105F80004818D3F8D0CD1409DF241F2D660411FB67
:105F9000B2FBEFA67DEC3FDBE50DE3D6BC3CEB9717
:105FA00029CDDC07E7CAB5AAECBC3D0B0B0024A247
:105FB000F813E1583154FAD3F8BC34EB2335C21D41
:105FC000DDF3D9E306E7410CF20FCBBCDE03F505A8
:105FD0001143ECF6075C0F0A3FD908F02BDB2A10BF
:105FE000284341E0F4100C04A01CBCDEE4D007ED13
:105FF00081DA1BFF130A192CDBAAE13CC5F2F5CEAE
:106000003641EA06172703205C0626BA2EFD35EB3B
:10601000D1EE0507003BD5143E1B2430415B19042B
:10602000CB053CF4013DE9370A244BE232F9E12784
:10603000D20522FBE6EADD4E19670720FFF237F9A9
:106040002013F04DF2FB1AF6EB09EFF3FED8102106
:10605000405117E1EDD8C88A9AA3160EF1EFE2106D
:10606000D9EA2C24F7C4341EEE1D0CFFDA18E52201
:10607000D4F216CC2D030A8110E1383AF306FCE580
:106080001AD1E2F30EEE0901C60AE5E4FCDCD337CF
:106090001CD7F0D900BF41D7241806D6AA1D02D9B3
:1060A00021F4550C450BDF0C131DAA153F5C2DADDB
:1060B00038F6069FD6F7DBEAE52FF20734C7E02A69
:1060C000B2CF319B06040A28F11F0F0117D2652CAD
:1060D0002CB8ECC0C8076700210DFB7FC7C8DCF7F0
:1060E000C6E8F4CA481A8118B309093149E5641EA3
:1060F0007A5CDDC040EEC7E00E6416DBA810CBB3BF
:10610000466604CFDB2FEDAC24EE330F0C6BE808B2
:1061100040ECE43D444B4F09BB32F7E64BBDB8C2FF
:1061200026311234183AE371C0B854F1F21B3F071C
:10613000D900E22810DD170AFE37EDEEECD34D1042
:10614000A4ED39F0B6B414C7F3221601E8340A14EA
:10615000CBE42215BBC44232DAAF3AF019BEC92BE8
:10616000C4F1E72638273F31E0F02801E4E004C11C
:106170006BD34CD62DEF49E7E40744B2E310EEE8C9
:10618000CC19FEA4014DB0431D0ADF23304CA88E6C
:1061900044FC81DDBFF1E2E2FFFC4DE90608BB2FC4
:1061A000D60114F904F7197FDE210A1826EDE3EB76
:1061B000FFF8D81903E5CB18E53D02E30646400198
:1061C00012F12A2A22E12FDED71FD4062025FE064F
:1061D000F90C9EBDC0C011F5EBFE0A0E0EEEE845AF
:1061E000E10A1537331B182DFFEFC1BFD81F1A0B5B
:1061F0003FEF40E7B5FE33FBD60A41D0173B1F0304
:1062000031E90CFD3722F3B5DF4A0722EC3A2CBC0A
:106210000FB9ADE7C2D60EB9202C37D10372E0E535
:10622000DF49321AFC1CF103CE1737FD37E809E7C6
:1062300044FEEF32E40C33F0E735E2DA2B16080BBC
:10624000FAF6F33DBF37E6090325BBFECFC9C849BF
:106250002709D1E41A49FE0EA5A951CFC9E9E5E104
:10626000E717082104D5C423E17F0DF8FEE91436B1
:106270008BAFFB12EEFAF7D5F6D1EE13D2E8FDF3B1
:10628000E02F2922C209CA00D730DF0F620BD6EFF8
:1062900026EB0ADCE616FF0C2AED0D020E53402F0A
:1062A000C0B039FA0901E4BCAF0062CF1C12942DD2
:1062B000ED29E1D80BEF14E8234DE51D3316190144
:1062C0000F47E71D0A14FE18F90CCB3500C21AF36C
:1062D00032D6F5B3531C118E81D2DE13E3502CE17C
:1062E000F303E737D1DB23E4E512EB340C19155443
:1062F0000CE340E4290A35FAE9D3F76BB63F07D639
:1063000022B0F10114C3CE1ED336F7D70DFF2432CD
:106310002EE8D4DD04E736084E08C34B09FAEE8EAA
:10632000E822D1E5E110A38EBFBB55B12324F004D0
:10633000FF41952E1C3DECCAFDE308D64D63A71323
:1063400017FEB32B02130616344BAD10D1D823F130
:106350003050EFB63C33352137AEFEC80C0C22CDA1
:10636000EDF80C25B845E7DBAEE6DF0AF2E04B1DA1
:10637000BECC81C1FD081313D5CAC349F007242F31
:10638000374CCA2B03CE08044AD9259750B546F19D
:106390000AEC2801FCB8DFC83BFBD036493A2E682E
:1063A00009B123C711E41CC69DD9374A492320F0FF
:1063B000F629F8F66215FBE2CD0F1134A8DE21E5CF
:1063C000DED32F1AC9FAE2EA5C06DEEA0B22450B9D
:1063D0001AED16DE09FD4E9A8102D4B03E2C262815
:1063E000F0F9D947E2BAE4DAAF4430EDE5E6E01877
:1063F000A8C94AF919EDD0D2F591027F99480AB897
:1064000026E50D1507BC011AA93121D51637F70766
:1064100050170303025AF5C31CC8B51530DCF54B01
:106420002BF20215C5FFFCFADBDDCAF2B3E2E10C88
:10643000201C0F0E2BF034D502BDD5379F3538C246
:106440001B31EF0F0E38FD0B1C9ED3B9124EFDE130
:10645000E9B0FC2A03F7EAECDC46CCB2322B4B0164
:1064600017B811BC11CE540201072B2521239CC55E
:106470000F48F85CD1ED0C16F2E1FBE6DE1FE228D6
:10648000AD09E3D428CAE4F50706FFC0D8FD0EF82D
:10649000BBF8EF08F8D4EB2F81062D2108162C232A
:1064A0005825FC11FC1D04D1E1C1FB51E9EC1C0F86
:1064B000FDFEE82E19E61F17B148EDF0F66731DB57
:1064C000B1D0543717E003FA0FEB0C0C1438D0D8C6
:1064D000B01FDDEAF1F0D337E81FF6C9ED0BF4E0A9
:1064E000FBB8BAC6461B3B3FA33110C9E31F041CCF
:1064F000CFD9544C362CD8D5C681E002E6385207A5
:1065000035C219F4287037B7BC0702EF0ECF1E0E44
:106510003739E136C6ECE90212FBCED01ADCF57F42
:10652000012921F0440F2DAFAC29CFE54B05010126
:10653000F4FA0CE619DA38071114E718D1F4F5A0CB
:10654000E8B758D5DF0624FEF0DC2C2CD1F21C086D
:1065500028080F2C2D0AD40CBA0F2CEDD136CD62A1
:10656000C525BA3246D642FD06522C530F241BDFF6
:10657000FDEAF826DDBE10D6A9DDD22623F61108E5
:10658000FD173625F5CB10C0BE351C1AF2FB31F4D1
:106590002D0986C9EFEA33EC0A12D6EEE2B150E9D2
:1065A000E21A0AD4CA17A70237E4E1E1031B00F597
:1065B00059FDD69F1D182DD513F0E11B3C29D3EEB4
:1065C00015EF02F2EB5C2CF8CCD3ECD11E180210C4
:1065D000173A2C5BEAD627C33C5BF61BC04C9AE407
:1065E00047D80CF228CF1CEAD0EB093D7C1E329F25
:1065F00013478CDD4E1620BBEEC64001D1B8BFEB71
:10660000AED5064E25145A2AF0C23AE9C3BD7F150D
:10661000AD272F1335F7FEE627C7FF16A2BFE418F4
:106620004BDE13132C1C30EAE6D6BC0152D132C526
:106630001CC7441E2D1A2FEFEFDFF1DFD5E5FF2E2B
:10664000BBCF20C923B6E7260BF9EC56DCD64C09A4
:10665000F53BEB061F1DDB4B22F7E602C0C127F717
:10666000202CAB105C36E240F97F511FC9CA18F5E7
:1066700033FCF91628E606E7F2BDDA1A40D771E6D0
:1066800033292BD5B54103FAC04BDD122B0C300753
:106690000712BDD5271C20F21AE4E0CFD4F1FF2D5C
:1066A0004EB2E63B2B2E30C3FBE2DF2519DCEFB107
:1066B000FBB83DFE051C4101EAD30B92F1FCBECCB8
:1066C000DD0405EFF3EBFEEF3C3EFA74D0F3E41982
:1066D000D5212D0F2C3ACB630AE9461C13C3572D45
:1066E000110CCEC34C0BB521C07F2A1FD81B6E00E6
:1066F000F3AF01D3EDDDD90CD9D9BB0DE8D321CF50
:106700003260F922A538F3FBEE32D1DBD12DF7DA76
:106710002CF312D439530CF22F3FE2D4125E083F0F
:106720001FB705110264E9FEDE19E9F037D9FF1C35
:10673000DFD103B1452CC9D1062C143E99E8093D9F
:1067400007DA072C177F1C5625BEE800110341CD40
:10675000302FB49F252FEAA3A11202EEDF02E1E65B
:10676000E417F86930DCD7B6311347745DD9F750B8
:10677000D95AE3E001D5EB93D7F9C931CB2FF0BF5C
:1067800029F81200B7F01FCEF2F3EE17085D3C1D9A
:106790003B1C96173FDF322B0924D2F0E6B6EC14EF
:1067A00013F4E4BBDB14E8E6FE3402CC0DFE206DEE
:1067B0002E2DE39F1A0A1DE0C2B1FA30BAE6C2DC00
:1067C000E3CDAAE20443F0D71215BA994A33D7BCF5
:1067D000F5B7ECE814FCAC0B603FCAEB215A12A4ED
:1067E00010D7100FD3F6C1B7DAB2D31949441AC281
:1067F00035028754C020C63799062412132F04F897
:106800000D10A3EF16E7E5301DD56CA616EB3BF295
:10681000F6360A7F280EFECAC2D7D509703A53F35E
:10682000B9D91F0BA3F2D9DCFC3230A0F533BB0F72
:10683000F1E3ED0CD403ECD81E25DF306A0605F336
:106840004129D441021F0931AC032405ECD9F502DA
:106850001B08F6E9E705D3E91DAE20271FFEB6EABF
:10686000EF23301CB3C2361841C0AB3910C881F1D8
:1068700003FB05CFE6122D24163BD7B6DFE9E72848
:10688000ECF5D425EFF91446E79DF625EC0D1B3405
:10689000E8D0E6FE11D61E171808EB13FD13F623F9
:1068A00036021B08A72C17EE1BDE42F9E3E0F1B21B
:1068B000E608DBCF77F23DE0AB0ECB37C641293E91
:1068C000E1D81AD20600EDE00917A48CDBEE4CB536
:1068D00023EE1AC9440623F8EE4EB8CB3A353F3DB5
:1068E00036C7030A12E729E4002EFB433F34EBCD01
:1068F000B7041D2E1632E8C0B5DCF77FCC3BFDD1C6
:1069000018CBD91AE1B9D0F2F4DE24E2F50E3CBD81
:1069100021132E3721201BEFD910E320D3C1BC0B4C
:1069200034D337E8C903FA06DF172BF3E2EA038111
:106930000016300763C8E6D9EEE321F5A3492E2EF1
:10694000119F32CB39D7F1372728C8E707C15D0D32
:10695000CC15F2ADC537481AD70AB32426FE5A6CB7
:10696000D83600FB321404C810194D37FA42321ED3
:10697000FFB6133932E6C116DDCCD83606460737E6
:106980000716EEC6C10EB605DF1EFFEF151C34CE8E
:106990004903B6F52543ECD1100F09FE0E291A2C38
:1069A000BECCE4039A30CCE821420725A2FFDD05E6
:1069B000E80CC808309902D7D70E020CD7E64F274B
:1069C0002B22FC0BCBEA10DD07B412F80C061CF2EC
:1069D000DCBF141CDF0ED981FF0CEDC82802FEE5D8
:1069E000CCCEFE04F10040FF4210041DD61FB40DB2
:1069F000E22F53F2F908DB23B9100B40FD39DCE933
:106A0000BCEED7DB010EFF1618BE270C293AF1E4C5
:106A1000F6E7FB2F1BE1CEE7B9083FD91CFBF61ABE
:106A2000F1FEAFD2FE0DE7BB2F27BE28200133F6C3
:106A300011F326AF2BEAFDDAF5AAA0C8D4E1DD20D8
:106A400048FA0520C631581DC6C91BA7F6F20AD060
:106A500044BAED0DE3FA18BAD0F1EFFB0204B2C468
:106A60002ED3E20E121031D40AF700062FDF14D70E
:106A70002CE8DD22F7B6002F1E81CA4202EFDFDCD0
:106A8000E416F719F1C2CA0FEED537A49B07CC1153
:106A900004D4032002E12208F3FAE6114A5A25DE63
:106AA000E42B07FA0307D4F4FCD9F4D745F6AB324C
:106AB00045E523C3FAED1239F8360CF243F53500FB
:106AC0001F410105DC37D6F72CFEED30E40AB0F4A7
:106AD000F51919111C1846DE89F346EDE316DAE1C3
:106AE000F9293930EBBCC80FEFE8F4C7F9F2F438F4
:106AF000020C20F4EE33CAD6EC05ED171397CEF155
:106B00003EF73A7F3301FFD8BE15E7D51C00F2CB24
:106B10002811F9DDD703DEEF1CF5F7EFDA0706F4ED
:106B2000100ADA3744CA2EF3F7180130ECFD26BC00
:106B3000E40A4A4A17BE33D7CCFCCEE9E616EBDCB2
:106B4000DADB08EF12C2E2CA0E0D1B10E7DC070009
:106B5000D6F9FE05074C272123B933D2D7ECEBF445
:106B6000D012FAFE53164B4A9B1C3D3DE2EC19F540
:106B7000C6E84C421122D7D9E281C4212E256EE904
:106B8000101F3B2C09EEE91CC638F8EF2AC9F3EEBA
:106B900008F30AABD35FC9C81E2DD5D04A48510AA5
:106BA000EEFBDA142903ED08CC3F1811FBC3D63CE9
:106BB0000D4EDB450D0F45371E07FDE0EC2E72092B
:106BC0000A172D1D44B4EDD55C11D440320BC9CB4E
:106BD000E64EE9EC361919E7CF81ED0AE61EEAD157
:106BE000C3263747EECFF539AB1517ACD7CF3C5B93
:106BF00021DF1811F92CEEFDF1A9EB1CDFF279C8A9
:106C0000470A0A1A1050B7EBF921D6220CDFF5F427
:106C1000192CE6DDE2D108E537F1F41D767B5A51F7
:106C20008DB3E6D8374A69E7EC1348D5761046624B
:106C3000E32EDBF7CB44DBC9D72A0CEEEC0E0DEDCF
:106C40004E052D45D9E7F111E6BA6CFBC4A2082226
:106C50001E0F252636C99A819C890012B1E31D4F6B
:106C6000B7F6413749CDDC32BE3A17C9B625A5651E
:106C7000EC00499FBEC4D19725A1BF58DE230BEC81
:106C80005CAF656E414113B99ECDB4CACCE1F92A1F
:106C900033E28E1398C431C7F7D994B1C7D4FDD469
:106CA000CA14EB32F011CD52CA023BFA1302E8C407
:106CB000CD13E0FB3DECE935200049F2140AFF3426
:106CC000D4C2192EEFEE26B6C4300FE7E117041236
:106CD000D91BCE25B7F53AFEF626FEEC7FAC125056
:106CE000FCD08AD5EC3AF5C8D7EA1029AA4810B9E1
:106CF00059F00E40B8D00403AE3E48B3F7570DFB31
:106D000013DB2F9E344FACF90DF8E3303D39098980
:106D1000F6C9B43AD7FEC60C0CCC5D0DEC4103FCB1
:106D2000C3E51CB1ED38F12205E7ECD9D5DCED1F48
:106D30003DC416D9183101F5CC4597374D24A5D35C
:106D4000272FFAE6E5592C08CED3D6F25BE1CED454
:106D5000F6C21C1E0591C7080B13CA4BED2A020987
:106D600042302AFB0EE1FC3234DF374C2E44FAE38A
:106D7000247F01EDF7B8C596FD53351C2B16249CD6
:106D8000EDC0DD27D72865B4361BF8FDC9EC05FD3D
:106D9000F9B9152839D5233B8518F4DE237F58DE51
:106DA000DED025CF3A2CD226C34960E6F5099601FC
:106DB0000329A51F18ABA1FD0A0A71093664372300
:106DC0001E55E0E3EBC5BFD625DE051BDD1D15DE38
:106DD0001324D1D329A91E02BCD126F937FBD32213
:106DE000E6212EE4B0E00D0726E61F3AE2F3D8F2E2
:106DF00018D12A19FA3C3B42CF5D1DB2E40DA827F9
:106E00009FE0F30F0E1EE51A1FC4EFDB4514163189
:106E1000B0C6B3EBF8D11DE2493710CB09DF4461AE
:106E2000ECFFEEE508081194FBD5D40B51AC2AEE2B
:106E3000ABD5F6FC21C4651181E4F7EE41E4B792CD
:106E400034C206B4F1DAEFF0E6BB04F32B1A8F1765
:106E50003604072FFC57A433BBA5A5CEB04F0BEFCC
:106E6000DEEDEAF44CFD1B02C01632076D2DB6169E
:106E7000D11805391F31CCAFB7BB1D12E0DD6B094E
:106E800006F4D73E520D09D2B74C48EED9F60FEBB7
:106E9000096115F2E91DD116101BC92A2A4EF85EA8
:106EA000331D1F110F00573BD7E0FA2622E10C34A7
:106EB000EBD260F3FB081C10D040D7FD130A2EC0A4
:106EC000E50F5A07C82331184904D4F9351E54D3A5
:106ED0001D4A0AEEF4ACBEC8D805F9D1DD3AEE265B
:106EE000D13E03111FF9EF25BB7055E0C3282A439B
:106EF000DAEB34E62CBFFDA0A981D22719F3FED12D
:106F000046F23C29ED32C8ACBC30DFF9313BF5EA42
:106F10003F0AC31BA02113D8DE1DBFBFF64339CAE9
:106F200011E7856D28E600F648F4111C1A21370D8B
:106F3000E6F5B851FA4261F9E3D015C97221E7AC20
:106F4000BA5B1EFECEFE01C31BEFEFFACF45B226A1
:106F500043E71747F53A237F23E7EFBFD3C8C71DA1
:106F600034CF60EEB3F04B41A828DDF182EC2BF773
:106F7000070A159DE6CEE5CFF10BD4FE05C92D5CC1
:106F8000BB30243B5026CD633AAF33C1D793B0D446
:106F9000C10E1EDFD20D043802AE2FB73CFFFEFE3D
:106FA000D6FA04F5D3370711D505DFD9B8EF231486
:106FB000BE1EBEF905FD1830AE0CE921D8E5431917
:106FC000E00B120112BDE1F7EB4181120D22F9E253
:106FD000D0FCD9B706E3FC072141FBDF4B0FE418D7
:106FE00006EE012F3E2CDD0D2D9B342D09F81BC51F
:106FF0003BFC3E59B6DCE6D6CD064BE50416F7C39E
:10700000F2B12203F330E32A13EAFB0B21F437BC7D
:10701000F00A1B33FECEE1F7F9E91C15241105E354
:10702000F748B80A3A20193AFED9CF103B1AFDF7B3
:107030001CD63C05D2E7250B07CEF9C4E2D7F9C729
:10704000F11DE8D10422F3B7421247EEF52A0F12E0
:1070500015FA6636F2EE2C11D4EC17D9E4F2CED83C
:10706000210EE4FF08AE4C15F62B0EDCBA19FA819E
:107070001C111FDF16160B17EFF5E71CE3A64E1DBC
:10708000DCD8DD100C3DB6F9ABC80F1FC8D8E9DF5E
:107090002219EF08ADE1EC2F0030D40E0BFBCBE74B
:1070A0005036210223F2E2C0BFFDD107E706F634D5
:1070B00038350B060D461AE43505EE36DBD3D3B171
:1070C000CFF011EC0AF0173510F40DCFE8FCEADB35
:1070D0000525D0DBC8F21143FB4B2BF72E24A8DF8C
:1070E00002C00CD41FB6B630BBA2D8171920F0E0EE
:1070F000D70E9940DDCCC71BF2D6431BF0E1FF262B
:10710000DDD881C20843FED5DDF403E7B6D7282CCD
:10711000C5E9271EF7AB4EFB079DD00BA50501EC7B
:1071200018B6DA0B3417214E1FCED9E8EBF5120250
:1071300005F2E31AFCFDCDD3F7DEE813E124694143
:10714000B2D0E6B229E73015B427B91CE43343F6D0
:1071500021D0C0EEE1A8F2410C36CC67C0A6EC58B5
:10716000C72FE1ABD84EA9E6ECC63048E01F3EBDC4
:1071700061D8F63EC015E00502173EE1016BC4C5BB
:10718000FB8102D32E2CBDE04322DEE3444662A401
:10719000F7DC1F5126D1F9FED2BF5A11AB01C7E867
:1071A000F6D3DEE8FDD6E0B0CFFA1B0C4B2104CCC1
:1071B000BEFBF6330E333DE6B7D4DF04D25AD8E532
:1071C0001F0EEEDE4BF81CFB1CEDC1AF22F4F726C0
:1071D0000715F1C9267FF21562C2EAE000D746F929
:1071E0002F2D3C1CFE2A11FC9824FBDF34FDE72EDA
:1071F000D9C6EA13DE53BDE3E684F7431CE500A1DC
:1072000004440033CFD9CBB73D2E22D00209692FD9
:107210009E36E2B71040B8D242F1CD0411D213FB32
:10722000F000CDE7CA08050D24FAC1BF971AF40F84
:10723000123EE7E4EFD10720B004233E05C929251B
:107240000A38172421FCD6FEF71DB6DDFF5513C101
:107250001B08BB01E1A209B2DF2B99EC24FEC62872
:10726000C2DE1C02263AB2EF3BD2352F1341CEDCF0
:107270002265115C9903472B30ED23C5E824F7F50F
:10728000B781EAB6182C25155DFE0108F6FA5DB542
:10729000D4F7FD4D0FCFD631C5ED58DFE700C1CA99
:1072A000E6FB20EDCFFB2FC90ECFBBEF17F702DEB9
:1072B000FC7DB009F3FD1835E62037E1193CED28D7
:1072C000C33FE2C60FD3BF001235EAE14900E02612
:1072D000BACD2C24EF7FE3413AF0DB3040EA29E6D7
:1072E0005DEB290AF0ECC2E0A29AC6D6DED1161FE9
:1072F000E221ABAE1F0D292CF9D8F4EFD7FBE0F358
:10730000F914CB21E23B26F928D13709DFAD35C28C
:10731000CDE102E9E33527307CD3EB5928DF2EDAC3
:10732000E4E0CEE61BA81705CBE53A356DC3FDFEBC
:10733000C7AD3F454165F8223840DEBAADD90D12E0
:1073400002B6C05A43D1973F15CEE028D0D6BF3001
:1073500011359A1D0415B681EED61D3AB2AF441808
:107360005EF0347A3F0A0CC2D2FB2C0D07AFF82234
:10737000DEBBB608D7E4D0B1E7F2824B18B829A03B
:1073800031F22B58A48D32A4F01AF10413251507FD
:10739000D0F20EDB23086FDCF9F3B0F1DED40F710D
:1073A00012D80B001ADAFDD9BBBE2004FDD045EF80
:1073B00010BD37283E0F34EEC925B20DD83C0DC69E
:1073C0002CBF3916ABEEEF1F01CCF20FD83F1314D0
:1073D000121DEC0C0A090CECB1C720B50E31F729CF
:1073E000D2110FE9111002DFAB7F425346DA01BB25
:1073F000D3E31D422C19DC0592B8F2482BE64EDC93
:1074000025F62F203120B7D986493625FAD435D92B
:10741000F306A6BCCF39C2B2F42CC6CFB6EDE02934
:1074200029E5F7F2D0DD1D81FBF538ED2F2705D9D1
:10743000F8F1D72A6EF911D0C7F7DD16BE0EE00DB0
:10744000FBC61DD748EE1A1F0F000CFED90B02F029
:10745000FA33E4D53455D807541B2AE8161536F606
:107460001BF7290031FF0AE7D22918155DD2F6096A
:1074700092C9EF4CE344BC22F4D4FF261EE918D095
:10748000E440C903C9AA16D9201B5AECE4E24E1BFA
:10749000E920FBF82310E512F6D2FE3000700DD97A
:1074A000E9CF12D01E42E0F41023CDD9D435E9E063
:1074B000FC4BF0A638DCDEDBB9030B13E2C0F91C91
:1074C0004010100F0923C8D6FB0CB0FB453CF8C395
:1074D00007DDE3EDF81C0E81BC12E333FF533E1DC4
:1074E000F8E70925BFDCD6F8FAF7D464221AA54FCD
:1074F000CE251F12E930CFF8AF1827D7E5D4D7E94A
:10750000DD0B130A20C2F61FF6DEED1CFEDDBFCD3B
:107510002F0FF1ECFBC91100010AE94935E456C20D
:10752000DFEFCAF4F651041C1A3030C9E8EBD72853
:10753000E9FFB5E61D18C4FAF30C0CE94B54FAFE4A
:10754000632628484596951EBDEF05B4FFCE4BEE49
:107550005DFFDD05B6BC1DBFB223E82846029CE2F4
:107560004145D31FD63CF909469D2ABEB31B3F00B7
:10757000310ECAE4EAF13FCE61D0EC2E0B24AC020E
:1075800045DBB835D130E3FD1C9A10468431C43553
:107590003BEAC9FC06D729E8BE22C381DE622D0979
:1075A000C7B9CC1ECF2716D3AE4D4CE7E2ECBE21B7
:1075B00027558D3E306ACB53093D7F014465505CB1
:1075C000E21EC73E00AD200FCEFDA141F11428FB05
:1075D000020812AD3630EA0BF98EF52C39D5C4C944
:1075E000ED085A18DCC38911BFCDD10A9A22404157
:1075F00004BAE1073205EA0615920A27D943C62ED6
:10760000F740D4DF0630F933DCADF31766F10E0F27
:10761000160C8720F3FA279D64EA2E29347F0CE3A9
:1076200003DBFE34DD4A0C54FCD512232B1B3C2417
:107630000B27F4FFEEB4E63EFA5C282AECAF724961
:107640002226DF1CEE981243B754091024FE1DC7F2
:10765000341B1210B3B200FC21CE114010F6012AE7
:10766000281A1A443ED4353035EFE50D98F2141D32
:1076700014103493F7FA27DE1E1924ED2C39D0E7C5
:10768000F1FCF048ECDFE213E1BBD00FE03CB4F0DA
:10769000478CB9E4EEC03DC7F4C73997F1C8F3D8B9
:1076A000C21FDE1A1215EF26D33A41D9FB31DCA9ED
:1076B000AE179FD9F512F5FD1AFD74D1194D0510BD
:1076C000E89A5205199416C7BE3105040F033AED26
:1076D00029E6DFF59805E231150B03097C893F099E
:1076E000FC4FF5B0BCC42FD703270EC5BDFE159ABD
:1076F00029EDAE29F0B4053AD65A43CA0027E90A63
:10770000C8032781124EC4D31FD8D50B534219B5D5
:10771000E1D6B441F1FCD4D5250E5AAC1D52262633
:10772000B254F5E419322C1419D5423C43CE2B7FC8
:10773000CA17E120F1DF3033136DC1F70C18FFF4E5
:10774000E717510CECD9F1070E2B3309FE1DEAC4E3
:1077500007F2F43FDBF4D3F3A5EA3229ED23D93263
:10776000DB28EEF366F63B47CFFCEAB4BC14CEFD53
:10777000064D33E5D2ED2CCAE1A2CAF73A0E371B0B
:1077800056F9F54AE446F61DC5DC0FF5ECF8CD1FB9
:10779000292BA71AB4DA07F1E70F1FAF1C30F9E75E
:1077A0000AE9AF3307040051D04EA8470236250935
:1077B0002CEAD426D30C1D03FB7D5BE628DFFAEC14
:1077C000E9F812D520EB003520EC1C7F33D34D2B8C
:1077D00008F2412CF9CFB9F6DDDC1262CDACC9213B
:1077E0004D23C0195517E34EC44F4CD401F37046D6
:1077F000281C30BBABDFB8D6FCCCC7F762C0DAC4FC
:1078000049382FE5F24F3BB3B41ACB36B8E5CBC2BB
:1078100064C0D0A0D7366E2A9D71B8B2F12116A2ED
:1078200018EED8F2F3FEE1BE1EBBE3D0070122142E
:10783000EF72F0D9AE2BE3C213EE051033BF071978
:10784000F426D5EF19FEDBF0E7E6ECEDF9EBD7D344
:1078500019F90D1B307F1500DFB1CD221ECF1ED5CB
:10786000F51310C113FDEDBEDCCAD1FCF3E4100E1C
:107870001CFC9FE91B18051CF3DFE229EFF3170B33
:10788000CDF11501CF240CF65DFF60D80AD735E5A0
:10789000A233E8BBE6ECE2D7411FD12961EEBE2658
:1078A00089AFAAC3F4050A1C1603252BB23212D7DE
:1078B000E5D1E5220DD233FCF500031D16BBF21D08
:1078C000E50EAAAEE71CF3F80EA8E6ECC3CCDFF198
:1078D000D0C5F405F93E08F8232518812E1400259B
:1078E000CCF775BDC30C45C90DE7E529144195B921
:1078F0000FCDED1EDFD6F744E5670027D159C30150
:10790000B22FC4BB140BDFFDFACF001EDC33DEC781
:10791000CCCBCD29082C150034DAFBEE0BEE290573
:10792000C6E70EE124DC0001F41E9A14BB18F9121C
:107930001E2A0EEE2E9EF4D6FE1E3C01BBEA5A42D3
:10794000FD221AEBE705BBDDD128CBD7FA29DA8176
:10795000E2E7E7D41CE4F793FC19CCF611111A1BEB
:10796000B9E71F2AF636C6F2F7C6F018F518172B36
:10797000281C700EA8301113B3053CC0D927E2C1F2
:10798000DED61AB701FC1B2543F82A0E0AEEC7B053
:107990001DD2E502EBBFEC13F4350CF3B9B9B8E135
:1079A00039C517FD335B611112F2C628EFA02E36E0
:1079B0000DA24FD8F78641F7D60FF4AD16DB95032D
:1079C00093E4DCE406E0E1274801A7F458383139B4
:1079D000A7D5D6FD0931C87FEC4746D80004044935
:1079E000241AE2A0F02F0F37B94F20DA56F50A9C7F
:1079F000635113340EB7F22AC9AF039C07BD6E085A
:107A000026EFCE1946410CE0B0F45900E4E12329F9
:107A100020D09CD4966DCB10C7E1D4B021FB167F4B
:107A2000E4DE40F1CDE603DACC062DEC2828079FF2
:107A3000EF3EFC1539D813CCBEF4BD39C11518C9B9
:107A400010DE5644BE12C1E81BE9DBE406B85A1B3F
:107A50002846E00B16142AB8D43BA8E2310FF26393
:107A6000D4DDF222F6B113931561510728268AE678
:107A7000A5AE013436DDDAF1A3C23B49EB5FDB3E54
:107A8000F9C5BFF8410B0314072D341CD3D6C7CC5E
:107A90007C1AA750123FE2A703F313EED7BDBB2712
:107AA00035DC19140CE02830FA242804E9F7F8A78B
:107AB00013FBDDD61EED0EFDDFEE20D5C2D224E98C
:107AC0009A812DDBF3F5E946274DFB30160E460073
:107AD000D302F0A7C0DBF91927FDE628268FD60DC3
:107AE000E61CF5CA24EBFAFF35112129E8FD1BF647
:107AF00067A4EA1E000321DCAE4926E3313FF017FC
:107B0000D309EEDAC538A2C426F8A91F172BE7F56A
:107B1000F5D8CFE4262111DF0B3B29160AFA0CDB3E
:107B2000ACF1BFD71F09E3B20318CDD4FBC23503B4
:107B3000F4C9E0161E082B1FB2E89F211D4B81C11E
:107B400022EDAF22E20AE70B0402F1A01C44B915B2
:107B5000D4F132FF34ECD518EBE1ADDF1516C011CE
:107B6000F54936B6362822383C021D41393FCF1A36
:107B7000D94AD2ECFDF504D5E2EA35EAE3B723D4DD
:107B800006F1CB3C3B220A4604FB72C3E302A0F79A
:107B9000F3FBFB49CC1B1317A2C7351161DB527FE6
:107BA000129A15E0BC40F51BF2D73CF9D809AE2576
:107BB000E400C6C664C6A82ADF1EC168F91A0254CA
:107BC000631A22C91D01E03CD0CFACEB29B751B6F6
:107BD00012FBC0980DD203BDEB36CF28E652F12A36
:107BE0003C1E2455A9C3489272E5F05CF21DC854AE
:107BF000E91CDEF60223E3B236F9B95104E9FD02CD
:107C0000EC21D6D0E32325EAE3D4E7BBFC5165277A
:107C1000D3BFEA3A061A5C340F2CF102E21517B70B
:107C20000BF08118E5CFF6BE18EF2ACA34E41ECE59
:107C30001B3CAE0C1639EEF510F52ED70E2E97071D
:107C4000E7EBC10C06C1F321CB1E02E322C5E52CF4
:107C500003ED04FF163E1A266C9FE42150C62E2326
:107C6000270F5902E417C922B8ACE2C0ABD4082FE1
:107C7000F29BBFBDD214FFE91908CC1DC3C4244A2E
:107C800025240221F61CBDEB3AA944C33BF826BAD1
:107C9000DB19E7E5F72205222EDF28FE32961B1FAF
:107CA000B7CC9CD0AE0FC7D4E5D733F0E20BD3EE00
:107CB0000205CEECDCB44407A418D220110E29D062
:107CC0000844EEC8C40AE1E6BC190EEAC3BD12B905
:107CD000BA3AC54F0BD0CEBA4212E2B05D1E81D285
:107CE000B3EF4BA526B92C2258B22A295840B2E747
:107CF000DDD94918DBDE9E38BFE90DCE2620A1E391
:107D0000F3FD92A31A1F04FA0CD559ADDD022D2004
:107D1000C4D28C3A17EC0223E8D310982624FA3305
:107D2000C1D919E0CC0F10EECD1027172BF9D501D2
:107D3000AC24FD0551D9C8FD22FB1D49ED201D0ACB
:107D40000FEB033D2EFF0CE9F9F1D7D706D647DE3E
:107D50001610B3B521EC048581EDF429180A220729
:107D600015FA0D56DFF721C11CEAF4010611BE5CBD
:107D7000ECFD081041F7F0E610000950072BCFDDAD
:107D8000FCCE00EF030E31F6FEF01418F0281107B8
:107D90002CF5B31FE8CB31E62B24E2F805CDDBCD83
:107DA000F9E12C2205DE2A07010CECE622D71FE0C0
:107DB00020F84C24FAEAD4EFEDE2F8152BC51AD6D8
:107DC000C1F8ABA329E5D215C909BA0506FE4DF3E2
:107DD000E909E0EFB3E12D7F25113A2B01D20A0F1B
:107DE000F734FDAB1425BD1CC737FD0E382F4CB141
:107DF0006DFEE047EEABBFC8012A3D25ED68B62F0A
:107E000026AFD0B00E12B6FAE3FC8C3CFA5B01C48C
:107E1000F1FDF91AF9DA34FB05DAFA13400FFA1812
:107E2000301EC52527DA1646F0F69BDDDF203BFF26
:107E3000EFAF0119B4DE4706F3EECCE230D3FAA27D
:107E40000E20C7C59E2EDFFDD931C303211EE0E5FC
:107E5000F4134554C1F31626E7F70D02E7E39FEE4E
:107E6000E611330331E15734ED1F20FEFFEFD00B55
:107E7000FAEACE281DE2E8DFC735EADF3FCD2BDB8B
:107E80001AB70E495E23F53410E941C3EC088DD8CA
:107E90001DE29F1CBCDCED0F811712B1340DF416EE
:107EA0003A8190DF253E579CED1C1F493EF0E13B97
:107EB000DFEE483B0BD611CC38349EDDDFE106B156
:107EC0002B22F6E1F8E0FCE301DC17621FDB37133D
:107ED0005BF00D48FA56BEC7A9D2E018B0F811F40D
:107EE0003A5DC4C73E2C1A4A205C3C1DF8E53C12A2
:107EF000E5C75BF426A8BF86DBE6B55344B019326C
:107F000027FD3D52F402DDE2B9FBC907DB32F3394C
:107F10004A000BDBD5164AEA2223CBD9BDF52799B7
:107F2000E7F3DE1AE5CF13CB1D12FAD6F052371461
:107F30001557DC3E0221011F08B75DD5F01FCF0F9A
:107F4000DB1D891821160D3DB428D8ABCB24F7EDE5
:107F5000D4391DEE1032B3FA0922CEE721123425AE
:107F60000B221DFBFB35EF1EBCC398C2A70C3AD7F2
:107F700015F2B1B6071FFE303CA80CFB12AEBC11C7
:107F8000FC49EBEC1ADB002F67814AC407E1132997
:107F9000E9EA080342063003F9C23B5C5BABE0FB55
:107FA000DDBA2FFAD4DC1E17F8C53A18D0C2FC0A85
:107FB0000D28ECCE3912E2D7B8FE091919D3EE0A12
:107FC000BD22FDE1ED2EB4EB26B822E80A0FF41035
:107FD00009DEFC25D5D1D03B0437BFBCFC11FC2DFC
:107FE000E5D850A0F2CE18CE539D1FF4EE43AA2040
:107FF000D42522FA2302EDE5B8080FD0081E28E2A6
:10800000FEAB81BEE0C41A491B9F2C23C21A01FD9E
:1080100095FEC237F9F525031BD2DAD3254EDC29AC
:10802000B9FD4BD1F2140E2E214509E6D02BEA52B0
:10803000FC6CC7FD17DAE823FFED2008CB2C5E2F80
:10804000DEFBD0E7D8E402E8CB3C2CE5D0062EBD21
:108050001FDE1619CA9A12C6EA36FAF75BB2CB339C
:10806000CBF6B0C9D86A6205EDCD1EFACE4AC20C75
:108070007FC833DC091000DCF14747D6D419E5FB93
:10808000DBE2DBD0ED5D38114806E9494C10D4AE97
:10809000E5A6B937E3A9E605E73E4DFE4C4617DCF9
:1080A0009320FEED49DC0A31C009A7D9B2B7FB54D1
:1080B00029A956DCC22253EAD50A1BDA4702BA8143
:1080C0001873E1AFB247CFD0E9E1EC9ABFD5DB231B
:1080D000D8DFEA5511CB551DEAE52CF11B0ACAE998
:1080E00098090C2263C31350362D00266FE7F7FB67
:1080F0000B17FE1832D8B84DD9E02F00DB323BCF3A
:10810000C1ED10361664FFFACB003419FF24EE2BB4
:10811000B0EC0A28D41C0A27C14F0D11E3FBA9FCBF
:1081200043E2F617473ED2F707FFD439650DB8ADE5
:1081300028A323CEECDCC7E62323ECFE17B8B6C594
:10814000F7CF0C810936E91FACAC3E0D06D62237BD
:1081500021E4CB201B2015141AD21F5510ECCEE3BE
:10816000DF1C2DE339F6EC372240415C56FE3D3AE8
:108170003C15C83523BD8FE2F355AC01B6D01EECDB
:108180001B10F8D1AE19EA13F221D5D6DA00E218A5
:108190002B22E015072349E6B1D0062C8CE3CBF85F
:1081A000E8B418F4C4F7154CE4FB25E0CF294806E1
:1081B0000C3153CF37CB9728E5DF1C1A1FF74BFF45
:1081C0001DD825A0F9E3C51BDB26AE49F8DF3A43ED
:1081D0003AC23EBFA5F82C525405F82226ADC94A32
:1081E0009C2DA78104FBA0013F171CE6E51B4AF26A
:1081F0000F01D32EBAAAEC2DC650DD06E733F43FAB
:1082000048D4DCA71A24A13011EE9971CD5409F796
:10821000D8C814285F0727C3DBD124E6A0E1D6170E
:108220000D08EACE0F0BF1F62635CA0143F416A568
:108230002DBC29B6D309FFD31719CC35E9B3CAD75A
:10824000C0C52195F32451492BFBDFF4441746EABE
:1082500004AE0D29FB09E91348F204499E07E6E341
:10826000C429E799381EE0FBE954542D3B196700F7
:108270001C4914080BEAA9E31949C6F6E71AFACB18
:108280003717DAEBFDFACBB82907DB3A814E09093B
:1082900009BAED5B265C69C5C4DBD5E2E4C8B2F17E
:1082A00039271C2234E31927F2D3CA4525F4FAB33F
:1082B000CEAF0B22251DF3F5EFE2E01A32B3B3AADD
:1082C000F6DDED812FEC52C34CC3BD0F19E7170A41
:1082D0001FFC07F019CA2A2F5DABE52E97F3C9CE14
:1082E0002B46F4B47600EB01CF663EED67FE1551E8
:1082F0000211F7326002AA3521D1A5C12AC444F681
:108300000D2CCF1DF8F8D00FC152EECCDD1607268C
:10831000D2D0F9F62F434006C9EAA5E8F435175143
:108320008DA93BFCF1D0E00CB40D683A0FB7CC9AA4
:10833000DE6BEB296B01FD15832C1BF9DE2961EE49
:10834000142D5E241AC02B98B01EF7D0DD157FBB0C
:10835000F0079A32E3AA1FA8CA3AADF5623D136648
:1083600085D36256A0D1F8C33EDF24FCFA3C97EED9
:10837000FE356502CED6220287F617E0CC4DE6A385
:10838000E0FF1397D5C8374B031D19D6FAADFB1D77
:10839000321E16C40506980CF7BB06C7554315C810
:1083A000B82BEA4F34090534F8DD08EE3E211B0EE8
:1083B00003E23912B8DF1147E74EDF0635CEB909BF
:1083C000434BCD2BC148D237E70AFDD4E4D3ACF6FA
:1083D00027270B1F31CD0F16B5BC203FAAF2FB0A91
:1083E000FCE9EFCD25E2F0434F3956082DF00AF7AE
:1083F000EE4039AFD20410DB1E3316F619D0E5BAC1
:10840000CD200276180414F8FDA9D0E5E2EFBC45B2
:108410000BB716051F8F392DB3D113815C4800BCF3
:1084200081132AD2B9589513DCEAC0E9FEFAE04874
:10843000A4E1D71CB80408E162F616E8323D113A0F
:10844000C9F3ED75F8C4ADF4CA33D9153ECBA5EC2C
:1084500009F7839FE7B7A589B7EA24701C1EF16F5F
:108460001E40BF111BE8E428B3C82FB8AF37083649
:10847000D7602DE1094A57CF17F11012ED15221DD3
:108480001206E000831A00F14CCA09EE71F4E71BF2
:1084900008C7EAD5C5CC14FC3B0906C962FB33F614
:1084A000B727F3F9FDF32F37CA4A1227C72DEDF787
:1084B000040BB8D7C00AE638281B312617C5DCFEE6
:1084C000D7C77F443EA2C902263AC00224021FF346
:1084D000FCB60CE6F89DEDF2D7DF4B111AE7F81267
:1084E000E409FD020D20E812D0C0F9B2C40C212825
:1084F0002CF1DFF40D0031D03BCC421145EECAD255
:1085000045DB0501FB1604E92AEF0E1808D8E3F451
:10851000E7D69A028FFAF1EE022C5AD2DEEEEE3E48
:10852000063AD1A5F6130A812F30D30AE52112FBB2
:10853000F8DF0F9E2BD007BDE6ECBC19A3EAEEFBDB
:10854000EABEF30FE72C330900DDDAB6291FF99FE5
:10855000C0F7E53127EC08E01512E6EB244032CDF8
:108560000905263C450B34E70343F5E9480DDEDDFC
:10857000FC060F361000F9E2F9BCDD34E2CB000C4A
:10858000E0FAC6CA2DD622FFF4C146F61108F91248
:10859000E807104FFCC5E827FB0A27F932E5DBFBAB
:1085A0007F14E4B5FF272A342DECE2FF65FA07C5F6
:1085B000DCFBC21228283816DCDBEDF7C8E6950B89
:1085C000F3F1E797EB181406FAF20F2F0F34352466
:1085D000F59F173FFB1FF71346293237C01845D9BF
:1085E000F90D3DF225ED06C41A781A2BDD1E220A7C
:1085F0001430F1E80BDB0BD5E929FA070DE8FEE8AA
:10860000DB372D04BDD41A94CD34CC1DD608CE1240
:10861000DECED5F5EFFA4CEAB1EC2B2AF9E93C476E
:1086200008FEEAE4E80CF2DAFA1407AECB0DF535F1
:108630001F4FF3BE1BCEBCDADD1CD201C90FA91936
:10864000F5EDB8012322CC07FBC925810B2FB6D548
:1086500025EB32394DF1BE203623DDF4FA03100943
:1086600017F630F9D207EDF62FC5114032FCB0E114
:10867000F247FB1EF7F3FAD9CBD8252CFFE40FC243
:10868000D111E30E2CBE3423D5F322ED22E8F616E9
:10869000B8EB234302261122CBFB25F31523E92750
:1086A000DB2F8BEC12FBD02100F4D010F233EF184B
:1086B000E405DDB917E513CF16D4FD94D040EAD513
:1086C000EE8D11E0A22822E3D8DBFFBE16471390FF
:1086D000D02303EA1028E99EF91EEE473D2A03F055
:1086E000E1813CEF031422C52EF9F4F11D36E92C8B
:1086F000DBA11DCBA4D9F611EC02FAD6F3CD0CD731
:10870000F21DE4E825F8003A1BD913EBD6F99D3E9B
:108710002D25ED15F3BC0A3B1DF9E14DE0F3E70F04
:1087200046152A113A3905E31AF58FF9FBDB36F5C0
:108730001DC52B09BD20220911DAFFCFEEF1AED203
:10874000E031CF0AEF2D30DCEC06F20F040FEF031F
:10875000EDEBFF3BE2140CFAFEE4F82EED10CDE356
:10876000DE0F2EF3050AD4FF15312D1549FB340316
:10877000171C0DCF0EC3F0DC16F6E6F5FCC6E30CB5
:10878000EE0D231310EE0821131028E0E6F3F5E3B5
:10879000DB1701ED122A102281DEECF4FBF1E7D8A1
:1087A000E4CCF8E2E6F7218EFE25592E18C3F40139
:1087B0000B52ED4CF3436450CA024FFFD37F63C0AA
:1087C000D9B5F3EAB9B93604A862381CC7C610088F
:1087D000274109FC3A4955533094E6B6F6DD0EA818
:1087E000062C38D7E90936448148FDD9BDD21AD1C3
:1087F000CC96E940EEE22615BFAB0231E70D3B0F08
:10880000112F3638EA43AC47BA0954A835EE3DD0AB
:108810000EE5C7A59AF0AFFD36E0F6F39914C2FA5B
:10882000EFBACED900512938F5EBAF2921C1F2D8E2
:10883000014510D614FADF0900362EFEF7BAB6F05D
:10884000E6E0C10E3565E366290F314CBB06192BF6
:1088500021FBBD0E385F33DF25B11F1EBCE5E436BA
:10886000134AE7DA2BF3EE1B1CE7304B521950E6A4
:10887000CE11B2030AB4EE8F2008DF2C1E9419BE6D
:108880005C67E6D381391128D252FDDAF0EED33F8E
:10889000F5AFFD32475A4530A7E89A9FC1F8F12D50
:1088A00028EDC43D10EB0B08FE160E08CED929C4E6
:1088B0009C12D04554810C0B15EE2DD4AE45F527F6
:1088C000AFB55CE826D20FC022F41904D8075311C3
:1088D000F9D357DCB5F758131B010BE224F23A3FEA
:1088E000C31DBBAEEBEE54D025463019C315D2DA0A
:1088F0001FC3FA2E29EDF20CEE1DEA213E6D133F47
:10890000C9F7EFD8FA27DAD41311D3221F10E0B930
:10891000191DD8E5EF0A02F90B4D15F7CEF3DBDC94
:108920001EF9C22A493911F102F9213419EF0EF862
:10893000170B443FD9C5451612162CB614FCFEC4BD
:10894000B401E2DDD4A3DFE75DF3110FDE12DB2219
:1089500009F22C42FB05135204D8230FF6D91D004F
:10896000CC3113C716EE0A3B99474F11C8F055FAA0
:1089700012091DEBEAD5EAEE05A9BCE94AAD63D9B7
:1089800023592E4BF227F8F6FE28E3DBF981F0D7C6
:10899000F516D4AEDA34D22A18FA05E66718033889
:1089A000E94AB4E624081A16F3DFE712D71926E9D4
:1089B0001ADA430BD1A16E04C01DD3E94A17CCCDFE
:1089C000F425D10EB7DAD3B02DF641F81DF3B2F08D
:1089D000E0E54848F0C9E902D4BFD1811143ADEECA
:1089E00098160A273AD57B0B094739F22ED904E2AB
:1089F0001CD80610E2DCF13182BA3D34D829490393
:108A000016C9014B434D18CDBFFF46FFE2B698DEB5
:108A1000E71DEFE7D2500E2CD00BD1B5DAEC158F55
:108A20003645F5BFDCE481AEBBAB39EF58EE16211D
:108A300006310FE9FAEF20E7109E1CDC0624D2294C
:108A400029C9FC2E6DF064E122189DA0E80609C832
:108A50000D3934FD2A33F0E806CFEFEA0CD70814BD
:108A600005CD0427D7CCDD23DACDBA94BBA0B82935
:108A7000FE199A04203F1616F29DFF26D4C4E8047E
:108A8000D8262E4715ED180D0DDE3EAD4EEA1D0918
:108A9000D2E9D8E0A6F6121465C2BF4B2947FF9071
:108AA000C71DA20FF2D01A04EA00FFA3132BEDE7B3
:108AB000D8E6A62E91453009E15B7796271AF52670
:108AC000141A8A0CE2A4B3D7CE52F62FB9CF900471
:108AD0003249C8E12127D9345B81E2130DCE072B3F
:108AE000D52B39C5D040046DF6E3F389A335FC13CB
:108AF00016A9BB0A0C3703DC59F3EBBD3CD60113B6
:108B0000F72DC3EF2B14FEFA77E1203A47F3430A1F
:108B100002CEE6C7CBF010F449387026A3B41D1A74
:108B2000211724CF0C0C00EC2814DEF4F3143D1CA8
:108B300041DBF3E6F0D1FB14E0E1D824CB451AD6B3
:108B4000CF03D6CC2BDB0E40C6E1C5AB3C1E0BA53C
:108B5000D0E5F6AFE204E4CE1F1EE743070126038B
:108B6000E735E9B8DE4FE1B1E8A12A50215C3EF3D8
:108B700021160A41BCD71A26AD13FAA5232BD59886
:108B8000FBFBCED3E4E2ECC525FE3AF4F8486818C6
:108B900017D9237F2D01F52484F9E4E38DF61EA86F
:108BA00003D8810ABCF6BF23F003E7AFE22CDF2A2B
:108BB000D366EF6AF142CC3D07E06CDDDD1EC8C72D
:108BC000DEF0D6EDF807F9C9D572D0ED103AFC41C8
:108BD000E90CC5042525AC62471535233BB8162999
:108BE000093E67E2CA01282DC98CABC3F9B70AAAAE
:108BF000EFF2CBDCB500353707EE221D1009C8E3D4
:108C0000B64021F42F3911F37DDD55BE0FC74BAEB1
:108C1000C0DF28F71A20D51C29ABFB49BAF9FFFFA2
:108C20000400000000020000D4FFFFFF8BFEFFFFE6
:108C3000D1FEFFFFE8FEFFFFE6F7FFFFC3FDFFFFEA
:108C400090FBFFFF38FAFFFF42FDFFFFA0F9FFFF97
:108C500055FFFFFFFFFBFFFFB5FBFFFF910000008B
:108C600029F9FFFF8CF9FFFF08FDFFFF61FFFFFF00
:108C70009CF9FFFF1F0300005EFFFFFF37FCFFFFB3
:108C8000DCFCFFFF22FEFFFF02FCFFFF32FBFFFFC9
:108C900087FEFFFF88FFFFFF4DFCFFFF3CFAFFFF51
:108CA00040FDFFFF4DFFFFFFA7FDFFFFBFFDFFFFE3
:108CB000F0FEFFFF00F9FFFF1101000098FFFFFF2A
:108CC0009AFBFFFFE5FBFFFFBEFCFFFF58FCFFFF29
:108CD0006FFCFFFF77FEFFFF65FCFFFFF5FEFFFF68
:108CE00072FCFFFF0FF9FFFFCFFCFFFF77F9FFFFDB
:108CF00046FEFFFF29FDFFFFF00000008CFEFFFF96
:108D000090020000D0FEFFFFF3FDFFFF4AFBFFFFD4
:108D1000A90000003001000024FCFFFF4DFEFFFF12
:108D200000FDFFFFC30200009EFAFFFFEEFDFFFF04
:108D30003900000020FEFFFF9AFBFFFF85020000C4
:108D400055FAFFFF42FEFFFF89FBFFFFF0FCFFFF2C
:108D500048FEFFFFB2FDFFFF6AFDFFFF02000000BB
:108D60005401000069FAFFFFBAFEFFFF3AFDFFFF62
:108D70007EF8FFFFFC0000003AFDFFFF35FEFFFF1D
:108D800071FCFFFF34FEFFFF38FFFFFFBE00000055
:108D900097FCFFFFAAFCFFFFE0FEFFFF3901000088
:108DA000A8F9FFFFAFFFFFFF5BF8FFFF1FFBFFFF0F
:108DB0007AFEFFFF30FBFFFF44FEFFFF46FBFFFF95
:108DC00081FEFFFF79FFFFFF00FFFFFFF3FDFFFFC5
:108DD00015FAFFFFCEFBFFFFC2FDFFFFBEFCFFFF4A
:108DE00042F9FFFF48FDFFFF97FBFFFF92FBFFFFEC
:108DF000FD00000098FEFFFFB8FDFFFF2DFAFFFF0A
:108E0000E2FDFFFFF9FAFFFFFDF9FFFFFA000000A6
:108E10000E02000079FFFFFFB0FFFFFFF900000026
:108E2000FD000000F0FCFFFFC6FBFFFF0400000098
:108E300000040000BB233B52E5D2C9180CF82FC533
:108E4000DE44D8031A44ED413423FDF317AD2781E6
:108E5000DC66B72CAE83D8B24D23CB9B2BCE11F161
:108E600024D8E701CF111BE0ED24C087F0B69FA204
:108E7000DE4027202EE4CCDB23192DCE43B7B8F1FA
:108E8000BDCFEC29979D12A72BBE4E1DC5F7A42A76
:108E900003D840A3C82E9FB93E25AD00EF40E1C3E3
:108EA000D319CA2EDBF69507B9BC3F1FD9F352760A
:108EB000EC1390BBD50FC8CDF2B3E9CB994A1AE8B1
:108EC000C3E439167F03E42AFC9701034B10079F84
:108ED000371FE4EF04315737D7EF30AC5ADCE524C5
:108EE0001A451A11DEDAE241C7ED1BC551D7910FC1
:108EF0002054BA2C44D10D50D20FB008AEBE08CFCA
:108F000022E925D18F6B602549AC3F24F7C74FA1DB
:108F100013CADA43AB004884F219BBCA0ABDC9C6FA
:108F200096981B2B510C90B6D701F8CE3884F0C31D
:108F30000C10D4C22A2431D7EC37D34702F90238B7
:108F4000161BF50AFDF010F10B064E49FBE7F6FD86
:108F50002CB727D9EFF8F8DC4581DBF2EBF7B3BB90
:108F6000AFFB03DC3AEEE349A5AAF6391335B41298
:108F70004802A5D1D1D81DD514DFEC110B311B1639
:108F80003313BED01E20EFBABDBCE4A316121A0BD9
:108F900013D43A21C132EDF00B9C0C2AF71201E2F6
:108FA0000C09FEEFD0C22E083E4625D2C1A2D51B29
:108FB00011D42B1923D1BA1E2730E4BB1CBACDBF64
:108FC000340A4102DDCF41BC4B04EBAAD629A3C62B
:108FD000C9D439CDD80C32CC22050F50CFB6CB81B5
:108FE000111A3FE8EFF8A302DF17C01825CFE4A756
:108FF000E81E0625E2B9B016F1AA259BE31AE13571
:10900000BF19FBD421A31443C6E1E6EB3904E9C13F
:109010009ED1D4E13EBFEE1AABF42E19BCC1DE10D6
:10902000EAFEBAD401D1D4C5D4DBDB370AD623C0DB
:10903000293ADA4100FAE2FD1BEF9EAAC4BCEAF825
:10904000BADA2754F6CB8AF40A42BEE6CA813C2536
:10905000DDC9FD3A0592998D362E8EEFDA2436233E
:10906000D997D09CE41AEAC11713DAE3A71A2702AA
:1090700041B3FDF7B952E7E8C2FEB224D9084DA5C5
:1090800025F182D6DFD140FD365B291BA4D82A0DFD
:109090001F2CE819CAC7F11FFEC9EFEE2997FE1E63
:1090A0001AC2FE9F171F29E8C151E3330F151ED8BE
:1090B000E11D32255F33FE0801E311C40FFCA21A43
:1090C0000EEDC04836B4E0FBC706AF33F1F8100030
:1090D000E22511E7FA0EACC4FDF3F0A30FF50E0381
:1090E000D212E1F442C4F4BA8ABEDEF44E23052E55
:1090F000BEF481CDB946F445B6CEFC2502F34393C8
:1091000032C9B2C9DE0BE8161B5EA2BEBC64329146
:109110003B1BB037D646150AF4D4B3362BE8B6233A
:10912000E9CA31D7EBEBEC15FC09E404AA23AAE465
:10913000AA0B180CEDC53D9E7F3234E4CE2A49F5CA
:1091400013B2DEE7C93FF307D84A36015AF5F126D4
:109150004241E34343CEED12DBA94500D044D5BEE6
:10916000F9A5DD9BF4A212D6103E0BE0BABB1AB3F0
:10917000DBF6F793BEAB0F9FE30096BBD3E8281353
:10918000AFCA0BFE06C5E399FDB2D82CDD00B611BF
:10919000C243C808CE88BB0BFF23D8D5E0EE6514C8
:1091A0004B4CA30AB8C6BE3FC5C95CCC5A0128B017
:1091B00012CF1B14F0CE94C6EE0C3EC4CBC3DCEC35
:1091C0004BFC91DFE1B38818C8B44C131C232CE589
:1091D000D4FEF706020613EAB1DB2B16228BB4D7B6
:1091E0002D3C18540B223DB4102F1EFDE26226FBCD
:1091F000251D1D2C2EE5A6FC2D16CC99E5ECB949B4
:10920000C5A0264035F7091FA8D121EFB0D0F5EF52
:109210004EE3D7289CDC3D81A9229DBEBBACC3890F
:10922000C80A18ACC7D61214E9F2CF2C0F072003D6
:10923000178FF9C7D2FFFFFF0400000020000000D5
:109240007B01000045F1FFFF63FDFFFFCFFBFFFF48
:109250000CFDFFFFCF020000DAF4FFFF46FEFFFF28
:1092600000000600080004000600000004000000E2
:10927000080000000100000002000000A0BBFFFF8A
:10928000A4BBFFFF0F0000004D4C495220436F6EFE
:109290007665727465642E00010000001400000001
:1092A00000000E001800140010000C00080004005C
:1092B0000E000000140000001C000000AC040000C0
:1092C000B0040000B4040000040000006D61696E89
:1092D0000000000012000000440400000004000030
:1092E000BC0300006803000014030000D00200006B
:1092F0009C0200006802000024020000D40100006B
:10930000900100005C01000028010000E400000062
:10931000B00000006C0000003400000010000000ED
:1093200000000A0010000C00080004000A00000001
:109330000C00000010000000070000000100000009
:109340002700000001000000260000007EFCFFFF57
:1093500014000000000000081000000014000000CD
:109360000600000088BCFFFF01000000260000008E
:1093700003000000250000000300000002000000C0
:10938000B2FCFFFF1C000000000000081C000000F1
:109390002000000006000000000006000800070092
:1093A0000600000000000001010000002500000090
:1093B000030000002400000005000000040000007D
:1093C000F2FCFFFF140000000000001B1000000072
:1093D0001400000005000000FCBCFFFF01000000BD
:1093E0002400000002000000230000000100000033
:1093F00022FDFFFF14000000000000052400000013
:109400002800000003000000A2FDFFFF0200000092
:109410000100000002000000010000000000000147
:1094200001000000230000000100000022000000F5
:1094300062FDFFFF140000000000000B10000000A0
:1094400014000000020000006CBDFFFF01000000DE
:1094500022000000020000002100000006000000C1
:1094600092FDFFFF14000000000000151000000036
:1094700014000000010000009CBDFFFF010000007F
:109480002100000002000000200000000700000092
:1094900082FDFFFF10000000000000011C00000022
:1094A0002000000074FDFFFF00000001010000002B
:1094B0000100000000000001010000002000000089
:1094C000030000001F000000090000000800000069
:1094D00002FEFFFF20000000000000022800000044
:1094E0002C000000040000000C00100000000C0024
:1094F000080004000C000000010000000100000052
:1095000001000000010000001F0000000300000037
:109510001E0000000B0000000A0000004EFEFFFFCE
:1095200014000000000000052400000028000000D6
:1095300003000000CEFEFFFF02000000020000005A
:109540000200000002000000000000010100000015
:109550001E000000010000001D0000008EFEFFFF45
:10956000140000000000000B1000000014000000B8
:109570000200000098BEFFFF010000001D00000077
:10958000020000001C0000000C000000BEFEFFFFF7
:10959000140000000000001510000000140000007E
:1095A00001000000C8BEFFFF010000001C00000019
:1095B000020000001B0000000D000000AEFEFFFFD7
:1095C00010000000000000011C000000200000004E
:1095D000A0FEFFFF000000010100000001000000EC
:1095E00000000001010000001B000000030000005B
:1095F0001A0000000F0000000E0000002EFFFFFF09
:1096000020000000000000022C00000030000000DC
:10961000040000000C00140013000C0008000400FB
:109620000C0000000100000001000000010000002B
:1096300000000001010000001A000000030000000B
:109640001900000011000000100000007EFFFFFF65
:109650002400000000000005340000003800000075
:109660000300000000000E001800170010000C009E
:10967000080004000E0000000200000002000000CC
:1096800002000000020000000000000101000000D4
:10969000190000000100000018000000CEFFFFFFCD
:1096A000140000000000000B100000001400000077
:1096B00002000000D8BFFFFF0100000018000000FA
:1096C00002000000170000001200000000000E0061
:1096D0001800140010000C000B0004000E00000025
:1096E000140000000000001510000000140000002D
:1096F0000100000018C0FFFF01000000170000007B
:1097000002000000160000001300000000000E0020
:109710001400000010000C000B0004000E000000FC
:109720001C00000000000001280000002C000000C8
:109730000C00140013000C00080007000C000000CF
:109740000000000101000000010000000000000115
:1097500001000000160000000300000000000000EF
:1097600015000000140000000100000027000000A8
:109770000100000000000000280000009C3F0000E5
:10978000403F0000703E0000B43D00006037000024
:1097900004310000A03000003C300000E829000047
:1097A0008423000030200000B41C0000501C000086
:1097B000EC1B000098180000341500006013000036
:1097C0007811000018110000B4100000E00E000035
:1097D000FC0C0000080C00005C0B0000B00A00004C
:1097E000140A0000600900003C0800009007000017
:1097F000E40600004806000094050000680400002C
:10980000BC0300001003000074020000E00100002F
:109810002401000080000000040000001AC1FFFFC6
:109820000000000118000000200000003C000000C3
:1098300028000000000000095000000002000000A5
:10984000FFFFFFFF08000000FCC0FFFF0800000052
:10985000100000000100000080FFFFFFFFFFFFFF7E
:10986000010000000000803B1B0000005374617485
:109870006566756C506172746974696F6E65644376
:10988000616C6C5F313A30000200000001000000A2
:109890000800000092C1FFFF000000011800000056
:1098A000200000003C00000027000000000000092C
:1098B0007800000002000000FFFFFFFF080000002A
:1098C00074C1FFFF0800000010000000010000004C
:1098D000130000000000000001000000C550713DB1
:1098E0004000000044535F434E4E5F4D6F64656C13
:1098F0005F312F64656E73655F315F322F4D617428
:109900004D756C3B44535F434E4E5F4D6F64656CC9
:109910005F312F64656E73655F315F322F4269611D
:1099200073416464000000000200000001000000B8
:109930000800000032C2FFFF000000011800000014
:10994000200000003C00000026000000000000098C
:109950009000000002000000FFFFFFFF80000000F9
:1099600014C2FFFF0800000010000000010000000A
:1099700080FFFFFFFFFFFFFF01000000EC6B5A3C80
:109980005800000044535F434E4E5F4D6F64656C5A
:109990005F312F64656E73655F312F4D61744D7556
:1099A0006C3B44535F434E4E5F4D6F64656C5F315B
:1099B0002F64656E73655F312F52656C753B445340
:1099C0005F434E4E5F4D6F64656C5F312F64656E13
:1099D00073655F312F426961734164640000000068
:1099E000020000000100000080000000EAC2FFFF4A
:1099F00000000001180000002000000040000000EE
:109A000025000000000000096800000002000000BE
:109A1000FFFFFFFF80000000CCC2FFFF0800000036
:109A2000140000000100000099FFFFFFFFFFFFFF8F
:109A30000000000001000000B67BCA3C2E000000C0
:109A400044535F434E4E5F4D6F64656C5F312F67CB
:109A50006C6F62616C5F617665726167655F706F84
:109A60006F6C696E6732645F312F4D65616E000007
:109A70000200000001000000800000007AC3FFFF28
:109A80000000000118000000280000004400000051
:109A9000240000000000000968000000040000002D
:109AA000FFFFFFFF0300000008000000800000002F
:109AB00064C3FFFF08000000100000000100000068
:109AC00086FFFFFFFFFFFFFF0100000009620D3E60
:109AD0002A00000044535F434E4E5F4D6F64656C37
:109AE0005F312F6D61785F706F6F6C696E67326484
:109AF0005F325F312F4D6178506F6F6C32640000C0
:109B00000400000001000000030000000800000045
:109B10008000000012C4FFFF0000000118000000D8
:109B20002800000048000000230000000000000999
:109B30007800000004000000FFFFFFFF06000000A7
:109B40000800000080000000FCC3FFFF08000000C8
:109B5000140000000100000086FFFFFFFFFFFFFF71
:109B6000000000000100000009620D3E3600000008
:109B700044535F434E4E5F4D6F64656C5F312F629F
:109B8000617463685F6E6F726D616C697A6174692C
:109B90006F6E5F325F312F62617463686E6F726DDA
:109BA0002F6164645F3100000400000001000000C8
:109BB000060000000800000080000000BAC4FFFF9B
:109BC000000000011800000028000000480000000C
:109BD00022000000000000097800000004000000DE
:109BE000FFFFFFFF060000000800000080000000EB
:109BF000A4C4FFFF080000001400000001000000E2
:109C000086FFFFFFFFFFFFFF0000000001000000D4
:109C100051D20D3E3600000044535F434E4E5F4D1F
:109C20006F64656C5F312F62617463685F6E6F7221
:109C30006D616C697A6174696F6E5F325F312F623A
:109C4000617463686E6F726D2F6D756C5F310000AB
:109C500004000000010000000600000008000000F1
:109C60008000000062C5FFFF000000011800000036
:109C7000280000004800000021000000000000094A
:109C8000F800000004000000FFFFFFFF06000000D6
:109C900008000000800000004CC5FFFF0800000025
:109CA000140000000100000080FFFFFFFFFFFFFF26
:109CB000000000000100000059560A3EB5000000F7
:109CC00044535F434E4E5F4D6F64656C5F312F733D
:109CD0006570617261626C655F636F6E7632645F3E
:109CE000315F322F52656C753B44535F434E4E5F7C
:109CF0004D6F64656C5F312F736570617261626C6A
:109D0000655F636F6E7632645F315F322F426961E7
:109D1000734164643B44535F434E4E5F4D6F6465D3
:109D20006C5F312F736570617261626C655F636F28
:109D30006E7632645F315F322F736570617261627B
:109D40006C655F636F6E7632643B44535F434E4E87
:109D50005F4D6F64656C5F312F7365706172616216
:109D60006C655F636F6E7632645F315F322F537163
:109D70007565657A650000000400000001000000C0
:109D80000600000008000000800000008AC6FFFFF7
:109D9000000000011800000028000000480000003A
:109DA0002000000000000009800000000400000006
:109DB000FFFFFFFF06000000080000004000000059
:109DC00074C6FFFF0800000014000000010000003E
:109DD000040000000000000000000000010000007E
:109DE00032673C3D3E00000044535F434E4E5F4DA2
:109DF0006F64656C5F312F736570617261626C6551
:109E00005F636F6E7632645F315F322F73657061AE
:109E10007261626C655F636F6E7632642F64657029
:109E20007468776973650000040000000100000099
:109E30000600000008000000400000003AC7FFFFD5
:109E4000000000011800000028000000440000008D
:109E50001F0000000000000968000000040000006E
:109E6000FFFFFFFF060000000800000040000000A8
:109E700024C7FFFF080000001000000001000000E0
:109E80008AFFFFFFFFFFFFFF01000000D61E123E0A
:109E90002A00000044535F434E4E5F4D6F64656C73
:109EA0005F312F6D61785F706F6F6C696E673264C0
:109EB0005F315F322F4D6178506F6F6C32640000FC
:109EC000040000000100000006000000080000007F
:109ED00040000000D2C7FFFF000000011800000092
:109EE00028000000480000001E00000000000009DB
:109EF0007800000004000000FFFFFFFF0D000000DD
:109F00001100000040000000BCC7FFFF0800000077
:109F100014000000010000008AFFFFFFFFFFFFFFA9
:109F20000000000001000000D61E123E36000000B6
:109F300044535F434E4E5F4D6F64656C5F312F62DB
:109F4000617463685F6E6F726D616C697A61746968
:109F50006F6E5F315F322F62617463686E6F726D16
:109F60002F6164645F310000040000000100000004
:109F70000D00000011000000400000007AC8FFFF43
:109F80000000000118000000280000004800000048
:109F90001D0000000000000978000000040000001F
:109FA000FFFFFFFF0D000000110000004000000057
:109FB00064C8FFFF0800000014000000010000005A
:109FC0008AFFFFFFFFFFFFFF00000000010000000D
:109FD0005696123E3600000044535F434E4E5F4D8E
:109FE0006F64656C5F312F62617463685F6E6F725E
:109FF0006D616C697A6174696F6E5F315F322F6277
:10A00000617463686E6F726D2F6D756C5F310000E7
:10A0100004000000010000000D000000110000001D
:10A020004000000022C9FFFF0000000118000000EE
:10A0300028000000480000001C000000000000098B
:10A04000F000000004000000FFFFFFFF0D00000013
:10A0500011000000400000000CC9FFFF08000000D4
:10A06000140000000100000080FFFFFFFFFFFFFF62
:10A0700000000000010000000BC50C3EAD00000018
:10A0800044535F434E4E5F4D6F64656C5F312F7379
:10A090006570617261626C655F636F6E7632645F7A
:10A0A000312F52656C753B44535F434E4E5F4D6F8D
:10A0B00064656C5F312F736570617261626C655F9E
:10A0C000636F6E7632645F312F42696173416464FD
:10A0D0003B44535F434E4E5F4D6F64656C5F312F61
:10A0E000736570617261626C655F636F6E76326416
:10A0F0005F312F736570617261626C655F636F6E53
:10A100007632643B44535F434E4E5F4D6F64656CE3
:10A110005F312F736570617261626C655F636F6E32
:10A120007632645F312F53717565657A6500000082
:10A1300004000000010000000D00000011000000FC
:10A140004000000042CAFFFF0000000118000000AC
:10A1500028000000480000001B000000000000096B
:10A160008000000004000000FFFFFFFF0D00000062
:10A1700011000000200000002CCAFFFF08000000B2
:10A180001400000001000000EBFFFFFFFFFFFFFFD6
:10A1900000000000010000001A46A33D3C00000042
:10A1A00044535F434E4E5F4D6F64656C5F312F7358
:10A1B0006570617261626C655F636F6E7632645F59
:10A1C000312F736570617261626C655F636F6E766B
:10A1D00032642F64657074687769736500000000ED
:10A1E00004000000010000000D000000110000004C
:10A1F00020000000F2CAFFFF00000001180000006C
:10A2000028000000440000001A00000000000009BF
:10A210006800000004000000FFFFFFFF0F000000C7
:10A220001300000020000000DCCAFFFF080000004F
:10A23000100000000100000086FFFFFFFFFFFFFF8E
:10A2400001000000528BB63E2800000044535F43DB
:10A250004E4E5F4D6F64656C5F312F6D61785F703E
:10A260006F6F6C696E6732645F312F4D6178506F2C
:10A270006F6C326400000000040000000100000068
:10A280000F00000013000000200000008ACBFFFF39
:10A290000000000118000000280000004800000035
:10A2A0001900000000000009780000000400000010
:10A2B000FFFFFFFF1E00000026000000200000003E
:10A2C00074CBFFFF08000000140000000100000034
:10A2D00086FFFFFFFFFFFFFF0000000001000000FE
:10A2E000528BB63E3400000044535F434E4E5F4DE8
:10A2F0006F64656C5F312F62617463685F6E6F724B
:10A300006D616C697A6174696F6E5F312F6261741F
:10A3100063686E6F726D2F6164645F3100000000CE
:10A3200004000000010000001E00000026000000E4
:10A330002000000032CCFFFF0000000118000000E8
:10A34000280000004800000018000000000000097C
:10A350007800000004000000FFFFFFFF1E00000067
:10A3600026000000200000001CCCFFFF08000000B9
:10A37000140000000100000086FFFFFFFFFFFFFF49
:10A380000000000001000000528BB63E34000000C7
:10A3900044535F434E4E5F4D6F64656C5F312F6277
:10A3A000617463685F6E6F726D616C697A61746904
:10A3B0006F6E5F312F62617463686E6F726D2F6DA7
:10A3C000756C5F3100000000040000000100000017
:10A3D0001E0000002600000020000000DACCFFFF75
:10A3E00000000001180000002800000044000000E8
:10A3F0001700000000000009C00000000400000079
:10A40000FFFFFFFF1E0000002600000020000000EC
:10A41000C4CCFFFF08000000100000000100000095
:10A4200080FFFFFFFFFFFFFF01000000F7D0B13EFC
:10A430008100000044535F434E4E5F4D6F64656C76
:10A440005F312F636F6E7632645F312F52656C75AA
:10A450003B44535F434E4E5F4D6F64656C5F312FDD
:10A46000636F6E7632645F312F4269617341646459
:10A470003B44535F434E4E5F4D6F64656C5F312FBD
:10A48000636F6E7632645F312F636F6E766F6C75BB
:10A4900074696F6E3B44535F434E4E5F4D6F64650E
:10A4A0006C5F312F636F6E7632645F312F5371753D
:10A4B00065657A65310000000400000001000000BD
:10A4C0001E000000260000002000000022CEFFFF3A
:10A4D0000000000114000000A801000016000000A8
:10A4E00000000009B40100009CCDFFFF080000003F
:10A4F0000C0100002000000000000000000000002F
:10A50000000000000000000000000000000000004B
:10A51000000000000000000000000000000000003B
:10A52000000000000000000000000000000000002B
:10A53000000000000000000000000000000000001B
:10A54000000000000000000000000000000000000B
:10A5500000000000000000000000000000000000FB
:10A5600000000000000000000000000000000000EB
:10A5700000000000000000000000000000000000DB
:10A5800000000000000000000000000000000000CB
:10A5900000000000000000000000000000000000BB
:10A5A00000000000000000000000000000000000AB
:10A5B000000000000000000000000000000000009B
:10A5C000000000000000000000000000000000008B
:10A5D000000000000000000000000000000000007B
:10A5E000000000000000000000000000000000006B
:10A5F000000000000000000000000000200000003B
:10A6000067E1BF3A050F8B3A21C5943AE440B93A65
:10A610004996A43A5184AE3AECAE973AD0C1993AF1
:10A620001A29EB3AE7BD863AAEFB163B1E5A8B3A27
:10A630007656043B45E7963ACB8CCF3A31C3BA3ACB
:10A64000C4DAB23A72429F3A4179BA3A939BA73A36
:10A65000ECC8DB3AF438BB3AE84BB83A35E3CC3ACD
:10A66000FC76BE3AB54FB03A0363C93A10A2C43A79
:10A670007D5EA43A23D8E63A22BCD83A3789C43A58
:10A680001300000074666C2E70736575646F5F71E3
:10A69000636F6E7374313900040000002000000005
:10A6A00003000000030000000100000002D0FFFFD3
:10A6B0000000000114000000A401000015000000CB
:10A6C00000000002B00100007CCFFFFF0800000086
:10A6D0000801000020000000000000000000000051
:10A6E000000000000000000000000000000000006A
:10A6F000000000000000000000000000000000005A
:10A700000000000000000000000000000000000049
:10A710000000000000000000000000000000000039
:10A720000000000000000000000000000000000029
:10A730000000000000000000000000000000000019
:10A740000000000000000000000000000000000009
:10A7500000000000000000000000000000000000F9
:10A7600000000000000000000000000000000000E9
:10A7700000000000000000000000000000000000D9
:10A7800000000000000000000000000000000000C9
:10A7900000000000000000000000000000000000B9
:10A7A00000000000000000000000000000000000A9
:10A7B0000000000000000000000000000000000099
:10A7C0000000000000000000000000000000000089
:10A7D0000000000000000000200000008CCAF039DA
:10A7E0004881AE391BB1BA399779E839668ACE39D2
:10A7F0006600DB390059BE3938F3C0393E8D133A53
:10A800007816A93912783D3A85DFAE392612263AF4
:10A81000755EBD39393A023A5C5EEA39E771E03972
:10A82000EADAC7399301EA39CD54D2397BE7093ADC
:10A8300024F2EA392946E739908E003ABF03EF390E
:10A84000E440DD397DB8FC3956C1F6396144CE3972
:10A85000EED7103A93FD073A27A2F639130000000D
:10A8600074666C2E70736575646F5F71636F6E7361
:10A87000743138000100000020000000D2D1FFFF39
:10A88000000000011400000034000000140000006B
:10A8900000000009400000004CD1FFFF080000004C
:10A8A000140000000100000080FFFFFFFFFFFFFF1A
:10A8B00000000000010000007D79FC3D1300000055
:10A8C00074666C2E70736575646F5F71636F6E7301
:10A8D00074313700010000002000000032D2FFFF79
:10A8E0000000000114000000300000001300000010
:10A8F000000000093C000000ACD1FFFF0800000090
:10A9000010000000010000006900000000000000CD
:10A9100001000000529A223C1300000074666C2E65
:10A9200070736575646F5F71636F6E737431360039
:10A9300001000000200000008ED2FFFF0000000197
:10A9400014000000AC01000012000000000000092B
:10A95000B8010000DAF4FFFF030000000800000067
:10A960000C010000200000000000000000000000BA
:10A9700000000000000000000000000000000000D7
:10A9800000000000000000000000000000000000C7
:10A9900000000000000000000000000000000000B7
:10A9A00000000000000000000000000000000000A7
:10A9B0000000000000000000000000000000000097
:10A9C0000000000000000000000000000000000087
:10A9D0000000000000000000000000000000000077
:10A9E0000000000000000000000000000000000067
:10A9F0000000000000000000000000000000000057
:10AA00000000000000000000000000000000000046
:10AA10000000000000000000000000000000000036
:10AA20000000000000000000000000000000000026
:10AA30000000000000000000000000000000000016
:10AA40000000000000000000000000000000000006
:10AA500000000000000000000000000000000000F6
:10AA600000000000000000000000000020000000C6
:10AA7000A4EAE93A685F5B3AB33A743A8186CC3A21
:10AA80008589BB3A388FA13A819F9F3AD067993A1E
:10AA9000ECAAC93A6C3BDF3A03BDC73A1D77B33A1B
:10AAA00014A5853A11899D3A88DAA63A5739FF3AB2
:10AAB00024D2093B562C973A004D9F3A5A0AC83A7D
:10AAC000EE9DC33A8EE0B53A4407043B7DF6AD3ABD
:10AAD00051648B3AAC03DB3AF82D3D3A921BD33AE2
:10AAE000068BED3AA20CC93AA48C5F3AE703813A8F
:10AAF0001300000074666C2E70736575646F5F716F
:10AB0000636F6E73743135000400000001000000B3
:10AB100003000000030000002000000072D4FFFFCB
:10AB20000000000114000000A4010000110000005A
:10AB300000000002B0010000ECD3FFFF080000009D
:10AB400008010000200000000000000000000000DC
:10AB500000000000000000000000000000000000F5
:10AB600000000000000000000000000000000000E5
:10AB700000000000000000000000000000000000D5
:10AB800000000000000000000000000000000000C5
:10AB900000000000000000000000000000000000B5
:10ABA00000000000000000000000000000000000A5
:10ABB0000000000000000000000000000000000095
:10ABC0000000000000000000000000000000000085
:10ABD0000000000000000000000000000000000075
:10ABE0000000000000000000000000000000000065
:10ABF0000000000000000000000000000000000055
:10AC00000000000000000000000000000000000044
:10AC10000000000000000000000000000000000034
:10AC20000000000000000000000000000000000024
:10AC30000000000000000000000000000000000014
:10AC40000000000000000000200000001ECC263A9A
:10AC5000376D9C39A526AE39EED6113AD4B9053AEE
:10AC60007D67E63989A4E33995C6DA3944CD0F3AD0
:10AC7000BC2D1F3A146D0E3AB4F0FF392F98BE392F
:10AC80005CAAE03956F4ED39AAFD353ACE8C443A47
:10AC90009597D739E02EE3393AA40E3ABD7C0B3AAA
:10ACA000A0B0013A094A3C3AD317F8395BCAC63911
:10ACB000CD2B1C3AA3E586397D88163A1D62293AC8
:10ACC000655C0F3AA6679F39F9FDB739130000009C
:10ACD00074666C2E70736575646F5F71636F6E73ED
:10ACE00074313400010000002000000042D6FFFF54
:10ACF0000000000114000000280300001000000004
:10AD00000000000934030000BCD5FFFF080000006C
:10AD10000C020000400000000000000000000000E5
:10AD20000000000000000000000000000000000023
:10AD30000000000000000000000000000000000013
:10AD40000000000000000000000000000000000003
:10AD500000000000000000000000000000000000F3
:10AD600000000000000000000000000000000000E3
:10AD700000000000000000000000000000000000D3
:10AD800000000000000000000000000000000000C3
:10AD900000000000000000000000000000000000B3
:10ADA00000000000000000000000000000000000A3
:10ADB0000000000000000000000000000000000093
:10ADC0000000000000000000000000000000000083
:10ADD0000000000000000000000000000000000073
:10ADE0000000000000000000000000000000000063
:10ADF0000000000000000000000000000000000053
:10AE00000000000000000000000000000000000042
:10AE10000000000000000000000000000000000032
:10AE20000000000000000000000000000000000022
:10AE30000000000000000000000000000000000012
:10AE40000000000000000000000000000000000002
:10AE500000000000000000000000000000000000F2
:10AE600000000000000000000000000000000000E2
:10AE700000000000000000000000000000000000D2
:10AE800000000000000000000000000000000000C2
:10AE900000000000000000000000000000000000B2
:10AEA00000000000000000000000000000000000A2
:10AEB0000000000000000000000000000000000092
:10AEC0000000000000000000000000000000000082
:10AED0000000000000000000000000000000000072
:10AEE0000000000000000000000000000000000062
:10AEF0000000000000000000000000000000000052
:10AF00000000000000000000000000000000000041
:10AF100000000000000000000000000040000000F1
:10AF2000F9704A3B3B98403B4179293B7C8C593B2B
:10AF3000E4F4483B821D593BA1603C3B14B1303BDB
:10AF400033BA333B576D0E3B0037183BE9DD583BB6
:10AF50009C13583BA83C1F3B1D115B3BB2CD483BAB
:10AF6000CDF6063B014B363BE466543B63040E3B97
:10AF70005C1BFD3A6F89383B0C63883B79641E3B50
:10AF80007020333B7B3C493B7B2F2E3B8EF33C3B7D
:10AF9000CDDE313BB060273BA7FA3D3BC9C20C3B3D
:10AFA000D56B5D3B73806B3B76EB133B6F054C3B86
:10AFB000DEF91E3B3933303B1380243BF5DA303B5E
:10AFC000B99B5D3BF40B273B901D4B3B513A693BD2
:10AFD0009564403BA108203B71D37C3B10DA773B62
:10AFE0009006153BFC3A1C3BD3EA1B3B937B223B70
:10AFF00010DA0F3B26CD273B2149563B85F20F3B0C
:10B00000368C353B3181653B4DEA2C3B384F323B2A
:10B0100020E03D3B0373503BE416403BFD2A2C3BB4
:10B020001300000074666C2E70736575646F5F7139
:10B03000636F6E7374313300040000004000000041
:10B04000010000000100000020000000A2D9FFFF65
:10B050000000000114000000240300000F000000A5
:10B0600000000002300300001CD9FFFF08000000B0
:10B070000802000040000000000000000000000086
:10B0800000000000000000000000000000000000C0
:10B0900000000000000000000000000000000000B0
:10B0A00000000000000000000000000000000000A0
:10B0B0000000000000000000000000000000000090
:10B0C0000000000000000000000000000000000080
:10B0D0000000000000000000000000000000000070
:10B0E0000000000000000000000000000000000060
:10B0F0000000000000000000000000000000000050
:10B10000000000000000000000000000000000003F
:10B11000000000000000000000000000000000002F
:10B12000000000000000000000000000000000001F
:10B13000000000000000000000000000000000000F
:10B1400000000000000000000000000000000000FF
:10B1500000000000000000000000000000000000EF
:10B1600000000000000000000000000000000000DF
:10B1700000000000000000000000000000000000CF
:10B1800000000000000000000000000000000000BF
:10B1900000000000000000000000000000000000AF
:10B1A000000000000000000000000000000000009F
:10B1B000000000000000000000000000000000008F
:10B1C000000000000000000000000000000000007F
:10B1D000000000000000000000000000000000006F
:10B1E000000000000000000000000000000000005F
:10B1F000000000000000000000000000000000004F
:10B20000000000000000000000000000000000003E
:10B21000000000000000000000000000000000002E
:10B22000000000000000000000000000000000001E
:10B23000000000000000000000000000000000000E
:10B2400000000000000000000000000000000000FE
:10B2500000000000000000000000000000000000EE
:10B2600000000000000000000000000000000000DE
:10B270000000000000000000400000005E1D813959
:10B2800056AB75393A2D583905C08A39F52A8039B7
:10B290003E798A39384A7039446261398B4165395F
:10B2A0003EAD353967294239AE508A39A8CF893940
:10B2B000731E4B39E2B78B39F511803933282C399D
:10B2C00059876839AD7787395D273539BB6D2139A5
:10B2D00014646B39D3F8AD39B10A4A39697D6439E0
:10B2E0009D588039DC2F5E39A205713923E362391C
:10B2F000CB8055393C557239238D33394B388D39D4
:10B3000046339639DBAE3C39541F823942C94A393B
:10B31000BAC1603930D55139B0976139D6568D39B7
:10B32000B5145539718B8139FFBF943974697539FA
:10B33000A2224C39DC3FA139B7139E39F9173E39A7
:10B34000AD4847396DE246395A424F39797E37392F
:10B35000250B56393EAB8839AB9D3739FA9367399F
:10B360001B60923911915C39897263396633723985
:10B3700050F284395A067539099D5B391300000073
:10B3800074666C2E70736575646F5F71636F6E7336
:10B39000743132000100000040000000F2DCFFFFC9
:10B3A0000000000114000000340000000E00000046
:10B3B00000000009400000006CDCFFFF08000000F6
:10B3C000140000000100000080FFFFFFFFFFFFFFEF
:10B3D000000000000100000012CA493D13000000F7
:10B3E00074666C2E70736575646F5F71636F6E73D6
:10B3F00074313100010000004000000052DDFFFF09
:10B400000000000114000000340000000D000000E6
:10B410000000000940000000CCDCFFFF0800000035
:10B4200014000000010000006100000000000000A6
:10B430000000000001000000B8C4D23B130000006F
:10B4400074666C2E70736575646F5F71636F6E7375
:10B45000743130000100000040000000B2DDFFFF49
:10B460000000000128000000400300000C00000064
:10B47000000000094C030000000012001000000052
:10B4800000000C0008000000000004001200000092
:10B4900003000000080000000C0200004000000053
:10B4A000000000000000000000000000000000009C
:10B4B000000000000000000000000000000000008C
:10B4C000000000000000000000000000000000007C
:10B4D000000000000000000000000000000000006C
:10B4E000000000000000000000000000000000005C
:10B4F000000000000000000000000000000000004C
:10B50000000000000000000000000000000000003B
:10B51000000000000000000000000000000000002B
:10B52000000000000000000000000000000000001B
:10B53000000000000000000000000000000000000B
:10B5400000000000000000000000000000000000FB
:10B5500000000000000000000000000000000000EB
:10B5600000000000000000000000000000000000DB
:10B5700000000000000000000000000000000000CB
:10B5800000000000000000000000000000000000BB
:10B5900000000000000000000000000000000000AB
:10B5A000000000000000000000000000000000009B
:10B5B000000000000000000000000000000000008B
:10B5C000000000000000000000000000000000007B
:10B5D000000000000000000000000000000000006B
:10B5E000000000000000000000000000000000005B
:10B5F000000000000000000000000000000000004B
:10B60000000000000000000000000000000000003A
:10B61000000000000000000000000000000000002A
:10B62000000000000000000000000000000000001A
:10B63000000000000000000000000000000000000A
:10B6400000000000000000000000000000000000FA
:10B6500000000000000000000000000000000000EA
:10B6600000000000000000000000000000000000DA
:10B6700000000000000000000000000000000000CA
:10B6800000000000000000000000000000000000BA
:10B6900000000000000000000000000000000000AA
:10B6A000000000004000000026E4C33AEA55E83AF2
:10B6B000808FD83AAB52EF3A33A07F3AC9CC953A53
:10B6C000DC62AD3A6363A83A146BC63A94E38D3AF0
:10B6D0003598AB3A6E009A3A0CD7A33AAFE0803A6D
:10B6E0007D3EF43A86A4BD3AF727B13AD41FD03A4A
:10B6F000D5B3B33AB865AB3AD215DA3AD8F9D03AFD
:10B70000EC9EA13AB2A6AE3AD3A1D03ABAD9B13A98
:10B71000013AEA3A555DC53A6CB5A43A2144EF3A8C
:10B72000AD9A5A3A4985BB3AAFC6A53ADE1AEB3A0A
:10B730007BF0D33ADEF9CD3A1D39B13AF1F6A03AB1
:10B740007B3A9C3AE402AF3A4AE2D63A7FDDCC3A01
:10B750009BE38F3A0697B13A2D25C13A8A45B33A11
:10B760007E3CDA3A3735B83A1298B43AFEEFA13A4D
:10B7700065797B3AF7ABA73ABAA5B03A2A27D33A0C
:10B780002ECBB63A48FE973A6AF2A93A7DF2C03A11
:10B79000DCA3A33A6961D63A96D6833A7B8B8F3A7B
:10B7A0007177EF3AD69CA83A1200000074666C2EAE
:10B7B00070736575646F5F71636F6E7374390000C9
:10B7C000040000000100000003000000030000006E
:10B7D000400000002AE1FFFF00000001140000000B
:10B7E000240300000B0000000000000230030000F2
:10B7F000A4E0FFFF08000000080200004000000075
:10B800000000000000000000000000000000000038
:10B810000000000000000000000000000000000028
:10B820000000000000000000000000000000000018
:10B830000000000000000000000000000000000008
:10B8400000000000000000000000000000000000F8
:10B8500000000000000000000000000000000000E8
:10B8600000000000000000000000000000000000D8
:10B8700000000000000000000000000000000000C8
:10B8800000000000000000000000000000000000B8
:10B8900000000000000000000000000000000000A8
:10B8A0000000000000000000000000000000000098
:10B8B0000000000000000000000000000000000088
:10B8C0000000000000000000000000000000000078
:10B8D0000000000000000000000000000000000068
:10B8E0000000000000000000000000000000000058
:10B8F0000000000000000000000000000000000048
:10B900000000000000000000000000000000000037
:10B910000000000000000000000000000000000027
:10B920000000000000000000000000000000000017
:10B930000000000000000000000000000000000007
:10B9400000000000000000000000000000000000F7
:10B9500000000000000000000000000000000000E7
:10B9600000000000000000000000000000000000D7
:10B9700000000000000000000000000000000000C7
:10B9800000000000000000000000000000000000B7
:10B9900000000000000000000000000000000000A7
:10B9A0000000000000000000000000000000000097
:10B9B0000000000000000000000000000000000087
:10B9C0000000000000000000000000000000000077
:10B9D0000000000000000000000000000000000067
:10B9E0000000000000000000000000000000000057
:10B9F0000000000000000000000000000000000047
:10BA0000400000006C9F5F39FC9C8439DA3777393D
:10BA1000F999883928E81139AC012B3988EE453974
:10BA2000EE394039F0816239C3F92139F3E2433903
:10BA300097CD2F39C2083B39541F13390F698B3901
:10BA4000587D5839433C4A3971966D396A244D39CD
:10BA500050A943396DF57839528F6E3935803839B0
:10BA600036604739D72A6E3931074B394BB18539A2
:10BA7000014E61399D063C39AD918839178DF938F1
:10BA8000341156398F3E3D39A43186395BF1713915
:10BA9000A0226B39D74F4A3972C0373957583239DB
:10BAA00075C94739E14D7539FFDD69394742243998
:10BAB0000BBB4A39EF7C5C3981A64C39932179392B
:10BAC00013495239F6284E39C1DC383986890F3985
:10BAD0008A683F3996A749398A0B7139CAAB503900
:10BAE000A8822D397201423912435C3953CE3A395A
:10BAF000C1BA743986801639ADDD2339F7AE88397D
:10BB0000837B40391200000074666C2E707365757B
:10BB1000646F5F71636F6E73743800000100000022
:10BB2000400000007AE4FFFF000000011400000064
:10BB3000280600000A00000000000009340600008A
:10BB4000F4E3FFFF080000000C0400008000000088
:10BB500000000000000000000000000000000000E5
:10BB600000000000000000000000000000000000D5
:10BB700000000000000000000000000000000000C5
:10BB800000000000000000000000000000000000B5
:10BB900000000000000000000000000000000000A5
:10BBA0000000000000000000000000000000000095
:10BBB0000000000000000000000000000000000085
:10BBC0000000000000000000000000000000000075
:10BBD0000000000000000000000000000000000065
:10BBE0000000000000000000000000000000000055
:10BBF0000000000000000000000000000000000045
:10BC00000000000000000000000000000000000034
:10BC10000000000000000000000000000000000024
:10BC20000000000000000000000000000000000014
:10BC30000000000000000000000000000000000004
:10BC400000000000000000000000000000000000F4
:10BC500000000000000000000000000000000000E4
:10BC600000000000000000000000000000000000D4
:10BC700000000000000000000000000000000000C4
:10BC800000000000000000000000000000000000B4
:10BC900000000000000000000000000000000000A4
:10BCA0000000000000000000000000000000000094
:10BCB0000000000000000000000000000000000084
:10BCC0000000000000000000000000000000000074
:10BCD0000000000000000000000000000000000064
:10BCE0000000000000000000000000000000000054
:10BCF0000000000000000000000000000000000044
:10BD00000000000000000000000000000000000033
:10BD10000000000000000000000000000000000023
:10BD20000000000000000000000000000000000013
:10BD30000000000000000000000000000000000003
:10BD400000000000000000000000000000000000F3
:10BD500000000000000000000000000000000000E3
:10BD600000000000000000000000000000000000D3
:10BD700000000000000000000000000000000000C3
:10BD800000000000000000000000000000000000B3
:10BD900000000000000000000000000000000000A3
:10BDA0000000000000000000000000000000000093
:10BDB0000000000000000000000000000000000083
:10BDC0000000000000000000000000000000000073
:10BDD0000000000000000000000000000000000063
:10BDE0000000000000000000000000000000000053
:10BDF0000000000000000000000000000000000043
:10BE00000000000000000000000000000000000032
:10BE10000000000000000000000000000000000022
:10BE20000000000000000000000000000000000012
:10BE30000000000000000000000000000000000002
:10BE400000000000000000000000000000000000F2
:10BE500000000000000000000000000000000000E2
:10BE600000000000000000000000000000000000D2
:10BE700000000000000000000000000000000000C2
:10BE800000000000000000000000000000000000B2
:10BE900000000000000000000000000000000000A2
:10BEA0000000000000000000000000000000000092
:10BEB0000000000000000000000000000000000082
:10BEC0000000000000000000000000000000000072
:10BED0000000000000000000000000000000000062
:10BEE0000000000000000000000000000000000052
:10BEF0000000000000000000000000000000000042
:10BF00000000000000000000000000000000000031
:10BF10000000000000000000000000000000000021
:10BF20000000000000000000000000000000000011
:10BF30000000000000000000000000000000000001
:10BF400000000000000000000000000000000000F1
:10BF50000000000080000000DF1D663B9AF91A3BDC
:10BF600086603E3B2B28223B628E1D3B94563B3B1A
:10BF70007B7E243B7CEB393BE13E263BF2053C3BA0
:10BF80008E65433B348B313B03AB1A3B50D92E3B80
:10BF9000D213213B2AB6313B473F2E3BCA895B3B3C
:10BFA00055D2233BB9EC4B3BB0131E3BED3E3D3B22
:10BFB000B166103BA2CD4D3BE41F203B0F3BF33A53
:10BFC0001F2C583B79CF123B6FF8353B6F233A3B20
:10BFD0003867203B18A8213BCD681E3B30FC423B14
:10BFE000A5671E3B4D8A2E3B82AF233BC6BB243B3D
:10BFF000CC03273B4505303BA140543B1A763B3BE5
:10C00000CEC9333B48691A3BFDC43C3BAEB6173B37
:10C0100039920C3B76462E3B2495263BAD49263B78
:10C02000881C6F3B7261243B3B31153B1914323B3A
:10C030006A01363BCB08263B42333B3B86D15D3B16
:10C040000C55133B1C741A3B13F9143B0C3F093B72
:10C050008B100B3BB10C1E3B57B6313BACF0173B82
:10C060007A472D3B72C7303B81A11D3B724E113B7D
:10C0700046552D3B6E685E3BEA3D543BD9591E3B0D
:10C0800037E7443BB2AB383B13BE373B79193C3BF7
:10C0900008A7463B2F43103BB0702C3BBD2E1F3BE7
:10C0A000F03C4B3BB25D1C3BA46D263B0E1C4B3B56
:10C0B0008BDD2C3B28CB1E3BD3C6053B7ADD333BC7
:10C0C0002BC8103BBD8A043BE421173B8C73343BE7
:10C0D0003F443D3B045F353B0A7A3C3BC2BB663B79
:10C0E000AC3D463B1B26303BB33F2C3B13A0453BAE
:10C0F000FF911A3B0DE7463B19A82B3B94781F3B59
:10C100003A0B073B80C81E3B0AD9263B733D253BB3
:10C110008E711A3BFED5483B04E60F3B9429243B25
:10C1200034B4373B9769EA3ABAC0373BC2945A3BBA
:10C130006D3F263B5915233BB4B7113BA4BD483B8B
:10C14000B256163B768D0D3BF336483B1F73253BAD
:10C1500095AC303B31503C3B1200000074666C2EB5
:10C1600070736575646F5F71636F6E737437000011
:10C170000400000080000000010000000100000039
:10C1800040000000DAEAFFFF000000011400000098
:10C190002406000009000000000000023006000034
:10C1A00054EAFFFF080000000804000080000000BF
:10C1B000000000000000000000000000000000007F
:10C1C000000000000000000000000000000000006F
:10C1D000000000000000000000000000000000005F
:10C1E000000000000000000000000000000000004F
:10C1F000000000000000000000000000000000003F
:10C20000000000000000000000000000000000002E
:10C21000000000000000000000000000000000001E
:10C22000000000000000000000000000000000000E
:10C2300000000000000000000000000000000000FE
:10C2400000000000000000000000000000000000EE
:10C2500000000000000000000000000000000000DE
:10C2600000000000000000000000000000000000CE
:10C2700000000000000000000000000000000000BE
:10C2800000000000000000000000000000000000AE
:10C29000000000000000000000000000000000009E
:10C2A000000000000000000000000000000000008E
:10C2B000000000000000000000000000000000007E
:10C2C000000000000000000000000000000000006E
:10C2D000000000000000000000000000000000005E
:10C2E000000000000000000000000000000000004E
:10C2F000000000000000000000000000000000003E
:10C30000000000000000000000000000000000002D
:10C31000000000000000000000000000000000001D
:10C32000000000000000000000000000000000000D
:10C3300000000000000000000000000000000000FD
:10C3400000000000000000000000000000000000ED
:10C3500000000000000000000000000000000000DD
:10C3600000000000000000000000000000000000CD
:10C3700000000000000000000000000000000000BD
:10C3800000000000000000000000000000000000AD
:10C39000000000000000000000000000000000009D
:10C3A000000000000000000000000000000000008D
:10C3B000000000000000000000000000000000007D
:10C3C000000000000000000000000000000000006D
:10C3D000000000000000000000000000000000005D
:10C3E000000000000000000000000000000000004D
:10C3F000000000000000000000000000000000003D
:10C40000000000000000000000000000000000002C
:10C41000000000000000000000000000000000001C
:10C42000000000000000000000000000000000000C
:10C4300000000000000000000000000000000000FC
:10C4400000000000000000000000000000000000EC
:10C4500000000000000000000000000000000000DC
:10C4600000000000000000000000000000000000CC
:10C4700000000000000000000000000000000000BC
:10C4800000000000000000000000000000000000AC
:10C49000000000000000000000000000000000009C
:10C4A000000000000000000000000000000000008C
:10C4B000000000000000000000000000000000007C
:10C4C000000000000000000000000000000000006C
:10C4D000000000000000000000000000000000005C
:10C4E000000000000000000000000000000000004C
:10C4F000000000000000000000000000000000003C
:10C50000000000000000000000000000000000002B
:10C51000000000000000000000000000000000001B
:10C52000000000000000000000000000000000000B
:10C5300000000000000000000000000000000000FB
:10C5400000000000000000000000000000000000EB
:10C5500000000000000000000000000000000000DB
:10C5600000000000000000000000000000000000CB
:10C5700000000000000000000000000000000000BB
:10C5800000000000000000000000000000000000AB
:10C59000000000000000000000000000000000009B
:10C5A000000000000000000000000000000000008B
:10C5B00080000000B35A29398C1BE438A01B0C39C9
:10C5C000BBADEE3826E8E73819DF0939631EF238CB
:10C5D000E1D3083962B2F43829600A3958CD0F39ED
:10C5E000CCA90239DEA7E33812AE0039F916ED38CE
:10C5F0006AC90239B63C0039B09121390021F138BD
:10C600000C1416395CACE8387F460B393F8BD438B4
:10C61000F9751739EFAFEB386B01B3388B171F394A
:10C620001617D838CCEB05390EFD0839EC18EC3864
:10C6300038F1ED38A329E938CD7F0F39F027E938F3
:10C64000EC730039BEEDF0389A78F2383AD4F53808
:10C65000D38A013906351C394CF60939AD500439F5
:10C660001F47E338C2EC0A39A04EDF3818E8CE384D
:10C67000FF4100395A31F53846C2F43857F92F399D
:10C68000A6F3F1389798DB388B0E033968F2053939
:10C69000C662F4381BC50939493F2339B2DBD838A3
:10C6A0000F57E338EF45DB384003CA386AB0CC385F
:10C6B00010A2E8388BC90239FCA3DF38AE0CFF3872
:10C6C000BA1902394B04E8385DE0D538FD20FF384F
:10C6D00058AE233906331C39A113E9382CE9103937
:10C6E00088E80739A7390739886E0A39BE32123906
:10C6F000FB56D43889D0FD38FB4CEA38AD92153959
:10C70000AE27E63836F7F4387A7A1539C270FE3833
:10C7100068BAE938E0E7C438275F0439B91AD53870
:10C72000A116C3389F73DE3899CD04396A4A0B3994
:10C73000E47A053999B50A39E5CE293934E5113954
:10C74000FEA201396D88FD38387111390C83E33848
:10C75000DB61123949A9FC38ABB9EA385DC5C63886
:10C760007FB6E9384B95F5387937F3384C53E338D1
:10C770001CCE1339D9CDD3386BA1F13864320739C7
:10C780000984AC389B3B07395BDD203930B3F43882
:10C79000D60AF0384B7BD63830BC13398A48DD389E
:10C7A000E459D038105913397986F338F505023930
:10C7B000CD960A391200000074666C2E7073657590
:10C7C000646F5F71636F6E73743600000100000068
:10C7D000800000002AF1FFFF0000000114000000AB
:10C7E00034000000080000000000000940000000C4
:10C7F000A4F0FFFF0800000014000000010000008A
:10C8000080FFFFFFFFFFFFFF0000000001000000AE
:10C810009D4DED3D1200000074666C2E70736575C1
:10C82000646F5F71636F6E73743500000100000008
:10C83000800000008AF1FFFF0000000114000000EA
:10C840003400000007000000000000094000000064
:10C8500004F1FFFF080000001400000001000000C8
:10C860007F00000000000000000000000100000048
:10C8700012FE5E3B1200000074666C2E70736575CC
:10C88000646F5F71636F6E737434000001000000A9
:10C8900080000000EAF1FFFF00000001140000002A
:10C8A0002806000006000000000000093406000011
:10C8B00064F1FFFF080000000C040000800000008D
:10C8C0000000000000000000000000000000000068
:10C8D0000000000000000000000000000000000058
:10C8E0000000000000000000000000000000000048
:10C8F0000000000000000000000000000000000038
:10C900000000000000000000000000000000000027
:10C910000000000000000000000000000000000017
:10C920000000000000000000000000000000000007
:10C9300000000000000000000000000000000000F7
:10C9400000000000000000000000000000000000E7
:10C9500000000000000000000000000000000000D7
:10C9600000000000000000000000000000000000C7
:10C9700000000000000000000000000000000000B7
:10C9800000000000000000000000000000000000A7
:10C990000000000000000000000000000000000097
:10C9A0000000000000000000000000000000000087
:10C9B0000000000000000000000000000000000077
:10C9C0000000000000000000000000000000000067
:10C9D0000000000000000000000000000000000057
:10C9E0000000000000000000000000000000000047
:10C9F0000000000000000000000000000000000037
:10CA00000000000000000000000000000000000026
:10CA10000000000000000000000000000000000016
:10CA20000000000000000000000000000000000006
:10CA300000000000000000000000000000000000F6
:10CA400000000000000000000000000000000000E6
:10CA500000000000000000000000000000000000D6
:10CA600000000000000000000000000000000000C6
:10CA700000000000000000000000000000000000B6
:10CA800000000000000000000000000000000000A6
:10CA90000000000000000000000000000000000096
:10CAA0000000000000000000000000000000000086
:10CAB0000000000000000000000000000000000076
:10CAC0000000000000000000000000000000000066
:10CAD0000000000000000000000000000000000056
:10CAE0000000000000000000000000000000000046
:10CAF0000000000000000000000000000000000036
:10CB00000000000000000000000000000000000025
:10CB10000000000000000000000000000000000015
:10CB20000000000000000000000000000000000005
:10CB300000000000000000000000000000000000F5
:10CB400000000000000000000000000000000000E5
:10CB500000000000000000000000000000000000D5
:10CB600000000000000000000000000000000000C5
:10CB700000000000000000000000000000000000B5
:10CB800000000000000000000000000000000000A5
:10CB90000000000000000000000000000000000095
:10CBA0000000000000000000000000000000000085
:10CBB0000000000000000000000000000000000075
:10CBC0000000000000000000000000000000000065
:10CBD0000000000000000000000000000000000055
:10CBE0000000000000000000000000000000000045
:10CBF0000000000000000000000000000000000035
:10CC00000000000000000000000000000000000024
:10CC10000000000000000000000000000000000014
:10CC20000000000000000000000000000000000004
:10CC300000000000000000000000000000000000F4
:10CC400000000000000000000000000000000000E4
:10CC500000000000000000000000000000000000D4
:10CC600000000000000000000000000000000000C4
:10CC700000000000000000000000000000000000B4
:10CC800000000000000000000000000000000000A4
:10CC90000000000000000000000000000000000094
:10CCA0000000000000000000000000000000000084
:10CCB0000000000000000000000000000000000074
:10CCC0000000000080000000440E213B6F3F123B3B
:10CCD000DC222A3BBF05363BF294163B2121163B52
:10CCE0003C9D153BEDE14B3B76D00E3B6A471C3B30
:10CCF000FA5B1D3B0944153BF9FE373B1D652A3B9A
:10CD0000E08C1E3B87CD213B3F765F3BFE773F3B70
:10CD10008660193BB0721C3B7D9E3E3BA2D82C3BEB
:10CD200042B9453B9103193BD431193BA69E303B98
:10CD300050582C3B72DF2F3B718D353B98D1113B06
:10CD40006BCC2A3BDD7B003B61C1233B4AD81D3BBA
:10CD50006386143BFC94163B121E2D3B24B22D3BE4
:10CD600051E40F3BAA792D3B65DC463BC4570E3B93
:10CD70001278193BDA89323BBDC6383BA82E273BD7
:10CD8000C314243BCD30163B5D453A3BAB3E303BB4
:10CD9000896F2F3B465D273BF9602A3B085F1B3BB1
:10CDA00050B8283B99461D3BCD363B3B6D1A313B75
:10CDB0007BBB3A3BAF32443BA15D483B51994A3B78
:10CDC00018C9343BB6061D3B4327F83ACA36333BF5
:10CDD0000383203BBDF5203BB96D0D3B2D941D3BDE
:10CDE00048850F3B1284443B4672383B3509343B3F
:10CDF0000730213B7A5B313BE2B0293BA9A9233BB9
:10CE0000BE7E053BFA6F213B4BE74C3B28E2403BA3
:10CE1000E124163B9B2E113BD90F133B517F273B3F
:10CE20000CA9263BF775033B0814443B48E1303B13
:10CE3000C1D3423BE3EB013B6876173B0533393BFB
:10CE40005644323B1F220A3B2E5A303B1232193BCA
:10CE5000A827513B6F182D3BAFA3293B29F6113B67
:10CE6000AA3F273BDB23293BE8411F3B92801C3B29
:10CE7000702A1E3B76070D3BB60F2C3BA9F0113BE9
:10CE8000B05AFE3A3B8C233BA26C053BA5F12C3BF0
:10CE900078AC543B04382D3B51C7413B42DE303B1C
:10CEA000E3C5693B216F0C3B2EEC0D3BDA5E283B62
:10CEB0002D4C2E3B6AE91D3B38001B3BA50A153B58
:10CEC000517C203B28E4213B1200000074666C2E4C
:10CED00070736575646F5F71636F6E737433000098
:10CEE00002000000800000008000000042F8FFFF08
:10CEF00000000001140000002406000005000000EE
:10CF00000000000230060000BCF7FFFF0800000030
:10CF10000804000080000000000000000000000085
:10CF20000000000000000000000000000000000001
:10CF300000000000000000000000000000000000F1
:10CF400000000000000000000000000000000000E1
:10CF500000000000000000000000000000000000D1
:10CF600000000000000000000000000000000000C1
:10CF700000000000000000000000000000000000B1
:10CF800000000000000000000000000000000000A1
:10CF90000000000000000000000000000000000091
:10CFA0000000000000000000000000000000000081
:10CFB0000000000000000000000000000000000071
:10CFC0000000000000000000000000000000000061
:10CFD0000000000000000000000000000000000051
:10CFE0000000000000000000000000000000000041
:10CFF0000000000000000000000000000000000031
:10D000000000000000000000000000000000000020
:10D010000000000000000000000000000000000010
:10D020000000000000000000000000000000000000
:10D0300000000000000000000000000000000000F0
:10D0400000000000000000000000000000000000E0
:10D0500000000000000000000000000000000000D0
:10D0600000000000000000000000000000000000C0
:10D0700000000000000000000000000000000000B0
:10D0800000000000000000000000000000000000A0
:10D090000000000000000000000000000000000090
:10D0A0000000000000000000000000000000000080
:10D0B0000000000000000000000000000000000070
:10D0C0000000000000000000000000000000000060
:10D0D0000000000000000000000000000000000050
:10D0E0000000000000000000000000000000000040
:10D0F0000000000000000000000000000000000030
:10D10000000000000000000000000000000000001F
:10D11000000000000000000000000000000000000F
:10D1200000000000000000000000000000000000FF
:10D1300000000000000000000000000000000000EF
:10D1400000000000000000000000000000000000DF
:10D1500000000000000000000000000000000000CF
:10D1600000000000000000000000000000000000BF
:10D1700000000000000000000000000000000000AF
:10D18000000000000000000000000000000000009F
:10D19000000000000000000000000000000000008F
:10D1A000000000000000000000000000000000007F
:10D1B000000000000000000000000000000000006F
:10D1C000000000000000000000000000000000005F
:10D1D000000000000000000000000000000000004F
:10D1E000000000000000000000000000000000003F
:10D1F000000000000000000000000000000000002F
:10D20000000000000000000000000000000000001E
:10D21000000000000000000000000000000000000E
:10D2200000000000000000000000000000000000FE
:10D2300000000000000000000000000000000000EE
:10D2400000000000000000000000000000000000DE
:10D2500000000000000000000000000000000000CE
:10D2600000000000000000000000000000000000BE
:10D2700000000000000000000000000000000000AE
:10D28000000000000000000000000000000000009E
:10D29000000000000000000000000000000000008E
:10D2A000000000000000000000000000000000007E
:10D2B000000000000000000000000000000000006E
:10D2C000000000000000000000000000000000005E
:10D2D000000000000000000000000000000000004E
:10D2E000000000000000000000000000000000003E
:10D2F000000000000000000000000000000000002E
:10D30000000000000000000000000000000000001D
:10D310000000000000000000800000002CC67E38E5
:10D3200074596738B99186387FF88F3897346E38DA
:10D33000617D6D38BDAC6C38CC42A13802EB6138F0
:10D34000BE3777383DED7838A21F6C381B8891388E
:10D3500021C686388ECF7A38BBF47F384ABFB038C2
:10D360003571973890A07238327C77382CC5963852
:10D3700077B68838BB639C38840D7238B2567238E1
:10D3800089B28B38F85088384D1B8B3857998F38B5
:10D39000B3AB6638D6178738A63F4B38B985813886
:10D3A000E3B17938A1F36A38A7346E3863ED883871
:10D3B00080628938629F6338D5358938014A9D3843
:10D3C000142C6138D0C572380D378D381C26923830
:10D3D0009B3B8438ACC781382C966D38BF5493384A
:10D3E0009E668B38C9C28A387A608438DAC2863839
:10D3F00023C87538F87285386BCB7838B6139438F3
:10D4000070148C382CB29338CE2E9B38B47A9E3858
:10D41000E23EA0380AFE8E385B667838E64644382D
:10D42000D6BF8D38E3E97D385F9F7E38D8B95F3845
:10D43000234679380C0963382D6F9B384DE39138BA
:10D4400044668E3894FB7E38E3478C3893378638B1
:10D45000F6728138092D5338BE607F388611A238A4
:10D46000A98F983850836D38DEA9653825A36838B0
:10D47000677B8438EDD1833838F54F388F169B3869
:10D480003DE78B383D199A38D4854D383F996F3830
:10D49000C17B923811008D385A835A38617C8B38A1
:10D4A000145772385D6EA538EDE88838222D86381D
:10D4B0008BE566380F49843807C88538EEED7B3830
:10D4C00028927738D6337A3814185F388B17883813
:10D4D000D7DC6638792E4938AF5B81386410533811
:10D4E0003FCA8838DD36A838E8018938EA449938D7
:10D4F000D9E48B381DE7B8381B275E38E3816038E4
:10D50000352C853856DC8938FACC7938273275388D
:10D51000D9C46B384BDF7D38430C803812000000D3
:10D5200074666C2E70736575646F5F71636F6E7374
:10D5300074320000010000008000000092FEFFFF36
:10D54000000000011400000088000000040000003A
:10D5500000000009940000000CFEFFFF080000001E
:10D560004C00000008000000000000000000000067
:10D5700000000000000000000000000000000000AB
:10D58000000000000000000000000000000000009B
:10D59000000000000000000000000000000000008B
:10D5A0000000000000000000000000000800000073
:10D5B00056D73C3B10DA383BC63D833BF85F7D3B9A
:10D5C0007624353BE7244E3B8930333B8C5E443B2D
:10D5D0001200000074666C2E70736575646F5F7165
:10D5E000636F6E73743100000200000008000000D9
:10D5F000800000004AFFFFFF00000001140000004F
:10D6000088000000030000000000000294000000F9
:10D61000C4FEFFFF080000004C00000008000000EE
:10D6200000000000000000000000000000000000FA
:10D6300000000000000000000000000000000000EA
:10D6400000000000000000000000000000000000DA
:10D6500000000000000000000000000000000000CA
:10D660000000000008000000FB1E21389FB71D3895
:10D67000DDF35F388A2E58386A8D1A3854E22F3815
:10D68000DFE218384C8B27381100000074666C2ECE
:10D6900070736575646F5F71636F6E737400000003
:10D6A0000100000008000000000016001C00180027
:10D6B000170010000C000800000000000000070028
:10D6C0001600000000000001180000001800000013
:10D6D000020000000000000220000000040004001E
:10D6E000040000000E00000061726974682E636F10
:10D6F0006E7374616E74000001000000020000008F
:10D700000000160020001C001B00140010000C007C
:10D7100000000000080007001600000000000001E3
:10D720001800000034000000540000000100000058
:10D73000000000096C00000004000000FFFFFFFF74
:10D740002000000028000000010000000C000C0078
:10D7500000000000080004000C00000008000000A9
:10D7600014000000010000007F0000000000000025
:10D770000000000001000000A1A0A03E1D0000006C
:10D7800073657276696E675F64656661756C745FF8
:10D79000696E7075745F6C617965723A3000000073
:10D7A000040000000100000020000000280000002C
:10D7B0000100000008000000A80000008800000030
:10D7C0007C00000060000000400000002C00000011
:10D7D000180000000400000084FFFFFF0E0000009E
:10D7E000020000000000000E94FFFFFF090000008F
:10D7F0000400000000000009A4FFFFFF2800000053
:10D800000200000000000028B4FFFFFF0400000039
:10D8100003000000000000040C000E000D000000DA
:10D82000080004000C0000001100000002000000CD
:10D8300000110A0008000000000004000A000000B7
:10D8400002000000F0FFFFFF1200000002000000D5
:10D85000000000120C0010000F000000080004007F
:10D860000C000000030000000300000000000003A3
:10D870007A30BD3A7A303D3B5BE48D3B7A30BD3B3C
:10D88000987CEC3B5BE40D3C6A8A253C7A303D3C5D
:10D8900089D6543C4EE9503C3F43393C309D213CB5
:10D8A00020F7093C22A2E43B0456B53BE609863B3F
:10D8B0008E7B2D3BA3C69D3A519A5C3AD2BE153B56
:10D8C0000F57743BA577A93BC4C3D83BF107043C71
:10D8D00000AE1B3C0F54333C1FFA4A3CB8C55A3CBF
:10D8E000A91F433C9A792B3C8BD3133CF65AF83B47
:10D8F000D90EC93BBAC2993B37ED543BF4A9EC3A77
:10D90000E7E5BD39BC4E7B39519ADC3A66E54C3BC4
:10D91000D2BE953BF00AC53B0F57F43B96D1113C64
:10D92000A577293CB51D413CC4C3583C13FC4C3C75
:10D930000456353CF5AF1D3CE609063CADC7DC3B63
:10D940008E7BAD3BDF5E7C3BA3C61D3B96B97C3A2C
:10D9500000B78D3ABD73253BFD05823B1C52B13BA0
:10D96000399EE03B2CF5073C3C9B1F3C4B41373C30
:10D970005AE74E3C7ED8563C6E323F3C5F8C273C8B
:10D9800050E60F3C8180F03B6234C13B44E8913B60
:10D990004B38453B1C40CD3A127D0039BC4EFB391B
:10D9A0002904FC3A519A5C3B47999D3B66E5CC3B88
:10D9B0008331FC3BD2BE153CE1642D3CF00A453C72
:10D9C000FFB05C3CD90E493CC968313CBAC2193C35
:10D9D000AB1C023C37EDD43B18A1A53BF4A96C3B32
:10D9E000B7110E3BE7E53D3AD820AD3AA928353BC3
:10D9F00073E0893B912CB93BAF78E83B67E20B3C85
:10DA00007788233C862E3B3C95D4523C43EB523CDA
:10DA100034453B3C249F233C15F90B3C0BA6E83BCB
:10DA2000ED59B93BCE0D8A3B6083353B45D6AD3AC7
:10DA30000C7B3C3A00B70D3B3D4F6C3BBD73A53BA7
:10DA4000DBBFD43BFD05023C0CAC193C1C52313C05
:10DA50002BF8483CADC75C3C9E21453C8E7B2D3C61
:10DA60007FD5153CDF5EFC3BC112CD3BA3C69D3B81
:10DA700008F55C3B96B9FC3A7024FE3953A3F5389F
:10DA8000AF8ACC3A95DD443BE9BA913B0807C13BEC
:10DA90002653F03BA2CF0F3CB175273CC11B3F3C46
:10DAA000D0C1563C07FE4E3CF857373CE9B11F3C0D
:10DAB000D90B083C95CBE03B777FB13B5833823B99
:10DAC00074CE253B6D6C8E3ABC4E7B3AEC6B1D3BA5
:10DAD00029047C3B334EAD3B519ADC3B38F3053C8B
:10DAE00047991D3C563F353C66E54C3C71DA583C45
:10DAF0006234413C538E293C44E8113C6984F43B38
:10DB00004B38C53B2CEC953B1C404D3BBF4FDD3AA1
:10DB1000127D80393310BB3987F4EB3A8092543B45
:10DB20005F95993B7DE1C83B9C2DF83BDDBC133CE8
:10DB3000EC622B3CFB08433C0AAF5A3CCC104B3CFC
:10DB4000BD6A333CAEC41B3C9F1E043C1FF1D83B56
:10DB500001A5A93BC4B1743B8819163B2C055E3A5C
:10DB600036119D3AD8202D3B8ADC853BA928B53B50
:10DB7000C674E43B73E0093C8286213C912C393C1D
:10DB8000A0D2503C37ED543C27473D3C18A1253CE2
:10DB900009FB0D3CF4A9EC3BD55DBD3BB7118E3BB9
:10DBA000318B3D3BE7E5BD3A136DB536C85B1C3A9A
:10DBB0002FAF053B6C47643BD46FA13BF2BBD03B1E
:10DBC0000804003C18AA173C27502F3C36F6463C68
:10DBD000459C5E3C9223473C827D2F3C73D7173C8B
:10DBE0006431003CAA16D13B8BCAA13BD9FC643BF3
:10DBF0009C64063B7D311F3A9DADBA3A75073B3BAD
:10DC00000F5C8C3B6234BB3BB50CEA3B84720C3C32
:10DC1000AFDE233CD84A3B3C02B7523C1E424F3C4D
:10DC20008E47383CFD4C213C6C520A3CB9AFE63B78
:10DC300098BAB83B77C58A3BACA0393BD36CBB3AAA
:10DC4000CE13E637CD714A3A1BFB093BC459613B01
:10DC5000365C9C3B8A0BC83BDFBAF33B19B50F3CE3
:10DC6000C38C253C6E643B3C173C513C80E83D3CFA
:10DC7000B2C2293CE49C153C1677013C8EA2DA3BEB
:10DC8000F256B23B550B8A3B717F433B70D0E53A6D
:10DC9000FC43093A9723923AB298133B971F5E3B95
:10DCA0003F53943BB296B93B25DADE3BCC0E023CA7
:10DCB00085B0143C3F52273CF9F3393C59F8373CC6
:10DCC0001FB3263CE56D153CAA28043CE0C6E53BA5
:10DCD0006C3CC33BF8B1A03B074F7C3B1D3A373B44
:10DCE000674AE43A2B41343A3812133AA89AC93AAF
:10DCF0001AD6243BE0DE643BD373923B3678B23BCA
:10DD00009A7CD23BFD80F23BB042093CE144193C95
:10DD10001347293CAF8F2E3CECB81F3C2AE2103C45
:10DD2000660B023C4869E63BC1BBC83B3B0EAB3BC4
:10DD3000B6608D3B60665F3B530B243B9060D13AED
:10DD4000F054353AA9079939924B943A9D2A013BF0
:10DD5000722F383B46346F3B8D1C933BF89EAE3B95
:10DD60006121CA3BCCA3E53B1B93003C50540E3CC5
:10DD700085151C3CBF93233CD0D3163CE1130A3CD1
:10DD8000E5A7FA3B0728E13B2AA8C73B4E28AE3B54
:10DD900070A8943B2551763B6A51433BB051103BF0
:10DDA000E9A3BA3AE948293AA6B0323972C3693AC6
:10DDB0005D6DD33A81FC183B5242483B2588773B46
:10DDC000FB66933BE409AB3BCDACC23BB64FDA3BC1
:10DDD0009FF2F13BC4CA043C399C103CB28D183C04
:10DDE0004B990D3CE4A4023CFA60EF3B2C78D93B04
:10DDF0005F8FC33B90A6AD3BC3BD973BF5D4813B42
:10DE00004ED8573BB3062C3B1735003BF6C6A83A15
:10DE10007C47223AD528DD381B1D3E3A8E4AB03A5F
:10DE200047C3003B4861293B47FF513B489D7A3B34
:10DE3000A49D913BA4ECA53BA43BBA3BA58ACE3B59
:10DE4000A4D9E23BA428F73BD2BB053CEC6F0E3CC7
:10DE50005A06053C9039F73B6D66E43B4A93D13B4B
:10DE600026C0BE3B03EDAB3BDF19993BBC46863B6E
:10DE700030E7663BEA40413BA29A1B3BB7E8EB3AEE
:10DE8000299CA03A369F2A3AD030A038049B2538E6
:10DE9000F0F1153A18C5903A3891D63AAC2E0E3BAF
:10DEA000BC14313BCCFA533BDCE0763B76E38C3B55
:10DEB0007E569E3B86C9AF3B8E3CC13B96AFD23B64
:10DEC0009E22E43BA595F53B5784033C8654FB3BDF
:10DED000E027EB3B39FBDA3B93CECA3BEDA1BA3BE3
:10DEE0004575AA3B9F489A3BF91B8A3BA5DE733BCD
:10DEF0005885533B0A2C333BBED2123BE2F2E43A44
:10DF00004840A43A5C1B473A516C8B39AEFCCF3980
:10DF100044EF5F3A19F0AB3A90E8E73A84F0113BEE
:10DF2000BFEC2F3BFAE84D3B36E56B3BB9F0843B49
:10DF3000D6EE933BF4ECA23B12EBB13B30E9C03B95
:10DF40004EE7CF3B6BE5DE3B89E3ED3B548EEF3B89
:10DF5000A4A8E13BF4C2D33B44DDC53B95F7B73BF6
:10DF6000E511AA3B352C9C3B85468E3BD560803B1A
:10DF70004BF6643BEC2A493B8C5F2D3B2D94113BC7
:10DF80009B91EB3ADCFAB33A3AC8783ABC9A093A30
:10DF9000F169D338E2223E39B196163AA9A47D3A06
:10DFA0005159B23A4EE0E53AA5B30C3B2377263BF4
:10DFB000A13A403B1FFE593B9DC1733B8EC2863B3D
:10DFC0004CA4933B0C86A03BCB67AD3B8A49BA3B44
:10DFD000492BC73B080DD43BC7EEE03B71E4DA3B6D
:10DFE000A5F3CE3BD902C33B0C12B73B4021AB3B60
:10DFF00073309F3BA73F933BDA4E873B1CBC763B7D
:10E0000083DA5E3BEAF8463B51172F3BB935173BA5
:10E010003FA8FE3A0EE5CE3ADC219F3A54BD5E3A67
:10E02000E26DFE396D84FD382DFF86393B0B1C3ABD
:10E03000E096743A4291A63A15D7D23AE61CFF3AD6
:10E040005DB1153B45D42B3B2FF7413B181A583B8C
:10E05000023D6E3BF52F823B6A418D3BDE52983B81
:10E060005364A33BC875AE3B3C87B93BB198C43BF6
:10E0700026AACF3BFE7ACC3B8F38C23B21F6B73B7A
:10E08000B3B3AD3B4471A33BD62E993B68EC8E3BBA
:10E09000F9A9843B17CF743B3B4A603B5DC54B3BC2
:10E0A0008140373BA5BB223BC8360E3BD863F33AD1
:10E0B0001E5ACA3A6550A13A578D703AE6791E3A0F
:10E0C000E7CC9839A45C4B39D5D6FD39ACFF4A3A38
:10E0D000F7898B3A1894B13A399ED73A5AA8FD3A43
:10E0E0003ED9113B4EDE243B5FE3373B6FE84A3BB2
:10E0F0007FED5D3B91F2703BD0FB813B587E8B3BCB
:10E10000E100953B69839E3BF105A83B7A88B13BD2
:10E11000020BBB3B2249C33B7A78BA3BD3A7B13B46
:10E120002BD7A83B8406A03BDC35973B34658E3B60
:10E130008C94853BC987793B7AE6673B2B45563BF8
:10E14000DCA3443B8D02333B3E61213BEFBF0F3BE1
:10E15000403DFC3AA2FAD83A04B8B53A6575923A0D
:10E160008D655E3A51E0173A29B6A2397D5D2D38AA
:10E17000C9A69037CCC68B399741073AC69F483A13
:10E18000FBFE843A14AEA53A2B5DC63A430CE73A3F
:10E19000AEDD033B3935143BC68C243B52E4343BA3
:10E1A000DE3B453B6A93553BF6EA653B8242763B54
:10E1B000074D833BCD788B3B93A4933B59D09B3B3E
:10E1C0001FFCA33BE527AC3BAB53B43B0A2CAF3B56
:10E1D0001A99A73B2906A03B3973983B48E0903B2E
:10E1E000584D893B67BA813BEE4E743B0C29653B29
:10E1F0002C03563B4BDD463B6AB7373B8991283BA6
:10E20000A86B193BC7450A3BCC3FF63A0BF4D73A0B
:10E2100048A8B93A875C9B3A8A217A3A068A3D3AFD
:10E2200083F2003AFEB588395E6FF837FE233E3937
:10E230005966CF3959DD1F3A8607583ADA18883AB5
:10E24000F02DA43A0643C03A1D58DC3A336DF83A33
:10E2500025410A3BB04B183B3B56263BC760343B3D
:10E26000516B423BDD75503B68805E3BF48A6C3BF2
:10E270007E957A3B0550843B4B558B3B905A923BA5
:10E28000D65F993B1B65A03B616AA73B2AA4A23BD2
:10E2900036229C3B41A0953B4C1E8F3B589C883BB3
:10E2A000631A823BDD30773BF52C6A3B0B295D3BE3
:10E2B0002225503B3921433B501D363B6619293BF3
:10E2C0007D151C3B94110F3BAB0D023B8413EA3AC6
:10E2D000B20BD03AE003B63A0EFC9B3A3BF4813ADB
:10E2E000D1D84F3A2DC91B3A1173CF3990A74E3967
:10E2F000E54B2839AFA9B439B5960A3A93D83A3ADA
:10E30000701A6B3A27AE8D3A16CFA53A06F0BD3A91
:10E31000F410D63AE331EE3A6929033BE0390F3B7A
:10E32000584A1B3BCF5A273B476B333BBF7B3F3B96
:10E33000358C4B3BAD9C573B25AD633B9CBD6F3B48
:10E3400014CE7B3B46EF833B81F7893BBDFF8F3B80
:10E35000F907963B7CF99B3B1562963BAECA903B16
:10E3600045338B3BDE9B853B7704803B1DDA743B5A
:10E370004EAB693B7E7C5E3BB04D533BE11E483B60
:10E3800011F03C3B42C1313B7392263BA3631B3BE4
:10E39000D434103B0506053B6BAEF33ACC50DD3A66
:10E3A0002EF3C63A8F95B03AF0379A3A52DA833A5A
:10E3B00066F95A3A2A3E2E3AEC82013A5E8FA93922
:10E3C000C8312039CB13A235661E2739527CA639B5
:10E3D0007269F939482B263AD9A14F3A6818793A27
:10E3E0007B47913AC302A63A0CBEBA3A5479CF3A67
:10E3F0009B34E43AE3EFF83A95D5063B3933113BC9
:10E40000DD901B3B82EE253B254C303BC9A93A3BB6
:10E410006D07453B11654F3BB4C2593B5920643BE6
:10E42000FC7D6E3BA1DB783BA29C813B74CB863BA1
:10E4300046FA8B3B711D903B904F8B3BB081863BE6
:10E44000CFB3813BDECB793B1D30703B5C94663BA8
:10E450009BF85C3BDB5C533B1AC1493B5925403B75
:10E460009889363BD7ED2C3B1652233B55B6193BCA
:10E47000941A103BD37E063B23C6F93AA28EE63AA5
:10E480002057D33A9E1FC03A1CE8AC3A9AB0993A4A
:10E490001979863A2D83663A2914403A26A5193A05
:10E4A000446CE6393C8E99396A60193982B06E370E
:10E4B000916B1D390CF695395136DD394A3B123ACC
:10E4C0006DDB353A8E7B593AB01B7D3AE95D903A67
:10E4D000FB2DA23A0CFEB33A1CCEC53A2D9ED73A7C
:10E4E0003E6EE93A503EFB3A3087063B396F0F3BB0
:10E4F0004257183B4A3F213B53272A3B5B0F333B94
:10E5000063F73B3B6BDF443B74C74D3B7DAF563BF2
:10E5100085975F3B8E7F683B9667713B9F4F7A3B49
:10E52000D49B813BBB0A863B02EA813B91927B3BB9
:10E530002051733BAF0F6B3B3DCE623BCB8C5A3BC4
:10E54000594B523BE8094A3B76C8413B0487393B6B
:10E550009345313B2004293BAFC2203B3E81183B11
:10E56000CC3F103B5AFE073BD179FF3AEDF6EE3A2D
:10E570000B74DE3A27F1CD3A446EBD3A60EBAC3A0B
:10E580007D689C3A9AE58B3A6CC5763AA6BF553AB7
:10E59000DFB9343A19B4133AA45CE5391751A339F9
:10E5A000138B4239DFCF793815FA9134D372F538AD
:10E5B000D629753922CDB7395805F539C71E193A0C
:10E5C000E2BA373AFD56563A18F3743A9AC7893A7E
:10E5D000A815993AB663A83AC3B1B73AD1FFC63A7B
:10E5E000DE4DD63AEC9BE53AF9E9F43A031C023BDE
:10E5F0000AC3093B116A113B1811193B1EB8203B95
:10E60000265F283B2C06303B33AD373B39543F3B2C
:10E6100041FB463B47A24E3B4E49563B55F05D3BC6
:10E620005C97653B623E6D3B6AE5743B52C6743B4A
:10E630006EAE6D3B8A96663BA67E5F3BC166583BDD
:10E64000DD4E513BF9364A3B151F433B31073C3BFE
:10E650004CEF343B68D72D3B84BF263BA0A71F3B24
:10E66000BB8F183BD777113BF35F0A3B0F48033B47
:10E670005660F83A8D30EA3AC500DC3AFCD0CD3A23
:10E6800034A1BF3A6B71B13AA341A33ADA11953A7A
:10E6900012E2863A9364713A0205553A71A5383A06
:10E6A000E1451C3A9FCCFF397D0DC7395C4E8E3950
:10E6B000741E2B39C280663869D85D3889A9203923
:10E6C0007CEE84393288B939EA21EE39D15D113ACC
:10E6D000ACAA2B3A88F7453A6444603A40917A3ABA
:10E6E0000E6F8A3A7B95973AE9BBA43A57E2B13A62
:10E6F000C408BF3A322FCC3AA055D93A0F7CE63A3B
:10E700007CA2F33A7564003BACF7063BE38A0D3B11
:10E71000191E143B50B11A3B8744213BBED7273BFF
:10E72000F56A2E3B2CFE343B63913B3B9A24423BE3
:10E73000D0B7483B074B4F3B3EDE553B75715C3BCA
:10E74000AC04633B4A5B633B0F435D3BD32A573BBF
:10E750009812513B5DFA4A3B21E2443BE7C93E3BFC
:10E76000ABB1383B7099323B35812C3BFA68263B84
:10E77000BE50203B83381A3B4820143B0C080E3B0C
:10E78000D1EF073B96D7013BB67EF73A3F4EEB3AC7
:10E79000C81DDF3A52EDD23ADCBCC63A658CBA3AB3
:10E7A000EF5BAE3A792BA23A01FB953A8BCA893AD4
:10E7B00029347B3A3CD3623A4F724A3A6311323A77
:10E7C00076B0193A884F013A37DDD1395D1BA1394E
:10E7D00006B36039A45EFE38EF5CED3784FA313859
:10E7E0005FE206391E466139EFD49D39CE06CB393A
:10E7F000AE38F83946B5123A364E293A25E73F3A4F
:10E800001680563A05196D3AFAD8813A72258D3A32
:10E81000EA71983A62BEA33AD90AAF3A5257BA3A65
:10E82000CAA3C53A41F0D03AB83CDC3A3189E73A5C
:10E83000AAD5F23A2022FE3A4DB7043B885D0A3B46
:10E84000C403103B00AA153B3C501B3B77F6203B12
:10E85000B49C263BF0422C3B2CE9313B688F373B84
:10E86000A3353D3BE0DB423B1B82483B57284E3BF8
:10E8700093CE533BF0E1513B5FA54C3BCF68473B08
:10E880003D2C423BADEF3C3B1CB3373B8B76323BE0
:10E89000FA392D3B6AFD273BD8C0223B48841D3BFB
:10E8A000B747183B260B133B95CE0D3B0492083B14
:10E8B0007455033BC531FC3AA4B8F13A813FE73ABD
:10E8C00061C6DC3A3E4DD23A1CD4C73AFB5ABD3A37
:10E8D000D9E1B23AB768A83A96EF9D3A7476933A7E
:10E8E00053FD883A60087D3A1D16683ADA23533A98
:10E8F00096313E3A533F293A104D143A99B5FE39B4
:10E9000011D1D4398BECAA3903088139FA462E3952
:10E91000D8FBB438C99BD6360022583864B20339C4
:10E92000485C513917838F390858B639FB2CDD39CB
:10E93000F600023A6F6B153AE8D5283A62403C3A45
:10E94000DBAA4F3A5415633ACD7F763A23F5843AE1
:10E950005FAA8E3A9C5F983AD814A23A15CAAB3A8D
:10E96000527FB53A8E34BF3ACBE9C83A079FD23AC4
:10E970004454DC3A8109E63ABDBEEF3AFA73F93AFB
:10E980009B94013B396F063BD7490B3B7624103BE8
:10E9900014FF143BB2D9193B50B41E3BEF8E233BFE
:10E9A0008D69283B2B442D3BCA1E323B68F9363B10
:10E9B00006D43B3BA4AE403B4389453B18C9413B91
:10E9C00045493D3B70C9383B9D49343BC9C92F3B44
:10E9D000F6492B3B22CA263B4E4A223B7ACA1D3BB4
:10E9E000A64A193BD3CA143BFF4A103B2CCB0B3B26
:10E9F000584B073B84CB023B6097FC3AB997F33AFC
:10EA00001298EA3A6A98E13AC398D83A1A99CF3AF2
:10EA10007399C63ACC99BD3A259AB43A7D9AAB3AE5
:10EA2000D69AA23A2E9B993A869B903ADF9B873AD8
:10EA300070387D3A20396B3AD139593A833A473A9E
:10EA4000343B353AE43B233A963C113A8E7AFE3910
:10EA5000EF7BDA39527DB639B47E92392D005D39BB
:10EA6000F10215396A0B9A38230FA136608D75387B
:10EA70000F1E0039C5D84239BEC982391927A439B9
:10EA80007584C539CFE1E639951F043A43CE143A6F
:10EA9000F07C253A9E2B363A4BDA463AFA88573ABA
:10EAA000A737683A54E6783A81CA843AD8218D3A31
:10EAB0002F79953A86D09D3ADC27A63A337FAE3A35
:10EAC0008AD6B63AE12DBF3A3785C73A8EDCCF3ABF
:10EAD000E533D83A3D8BE03A93E2E83AEA39F13A45
:10EAE0004091F93A4BF4003BF71F053BA34B093B20
:10EAF0004E770D3BF9A2113BA5CE153B50FA193BC1
:10EB0000FB251E3BA751223B527D263BFEA82A3BFC
:10EB1000A9D42E3B5400333B002C373B2DDE333B36
:10EB20008400303BDB222C3B3145283B8867243B6B
:10EB3000DF89203B36AC1C3B8DCE183BE4F0143B08
:10EB40003B13113B91350D3BE857093B3F7A053BA1
:10EB5000969C013BD87DFB3A86C2F33A3407EC3AE7
:10EB6000E24BE43A8F90DC3A3DD5D43AEB19CD3AFA
:10EB7000975EC53A45A3BD3AF3E7B53AA12CAE3A44
:10EB80004F71A63AFCB59E3AAAFA963A573F8F3A89
:10EB90000484873A65917F3ABF1A703A1BA4603AA1
:10EBA000762D513AD2B6413A2C40323A88C9223AAF
:10EBB000E352133A3EDC033A33CBE839EADDC93994
:10EBC000A0F0AA3957038C391B2C5A3987511C39AC
:10EBD000E8EDBC3883710238CE4D55382A52DD3805
:10EBE000B6FE273959546139FD548D39CEFFA93904
:10EBF0009EAAC6396F55E3392000003A88550E3A6F
:10EC0000F1AA1C3A5A002B3AC155393A2AAB473A75
:10EC10009200563AFB55643A63AB723A6680803A8A
:10EC20001AAB873ACED58E3A8300963A372B9D3A67
:10EC3000EB55A43A9F80AB3A53ABB23A08D6B93AF7
:10EC4000BC00C13A702BC83A2356CF3AD980D63A85
:10EC50008CABDD3A40D6E43AF500EC3AA92BF33A16
:10EC60005D56FA3A88C0003BE355043B3DEB073B59
:10EC700097800B3BF1150F3B4BAB123BA540163B6E
:10EC8000FFD5193B5A6B1D3BB400213B0E96243B2C
:10EC9000682B283B0B7D283BB82A253B64D8213BB9
:10ECA00010861E3BBD331B3B69E1173B168F143B9F
:10ECB000C23C113B6FEA0D3B1C980A3BC845073B21
:10ECC00074F3033B21A1003B9B9DFA3AF4F8F33A1D
:10ECD0004C54ED3AA6AFE63AFF0AE03A5766D93A05
:10ECE000B1C1D23A091DCC3A6378C53ABCD3BE3A19
:10ECF000142FB83A6E8AB13AC7E5AA3A1F41A43A2E
:10ED0000799C9D3AD2F7963A2B53903A83AE893A42
:10ED1000DD09833A6BCA783A1D816B3ACF375E3A88
:10ED200080EE503A33A5433AE55B363A9712293ADA
:10ED300049C91B3AFB7F0E3AAD36013ABDDAE739D5
:10ED40002248CD3985B5B239E92298399B207B39E3
:10ED500063FB45392BD61039E561B738EB2E1A38ED
:10ED6000FA51BA37D21A913824A1F338BB132B3990
:10ED7000E5565C3907CD86399C6E9F393110B8391C
:10ED8000C6B1D0395A53E93978FA003A424B0D3AB4
:10ED90000C9C193AD7EC253AA03D323A6B8E3E3A9C
:10EDA00036DF4A3A0030573ACB80633A95D16F3A12
:10EDB0005F227C3A9539843AFA618A3A5F8A903ABE
:10EDC000C4B2963A2ADB9C3A8F03A33AF42BA93AB1
:10EDD0005A54AF3ABE7CB53A23A5BB3A89CDC13A65
:10EDE000EEF5C73A541ECE3AB846D43A1D6FDA3A19
:10EDF0008397E03AE8BFE63A4CE8EC3AB210F33ACF
:10EE00001739F93A7D61FF3AF1C4023B23D9053B3A
:10EE100056ED083B89010C3BBB150F3BEE29123B1D
:10EE2000203E153B5352183B86661B3B7DD91C3B4D
:10EE3000E1FE193B4524173BAA49143B0E6F113BD9
:10EE400072940E3BD6B90B3B3BDF083B9F04063B5D
:10EE5000032A033B684F003B97E9FA3A6034F53ADE
:10EE6000287FEF3AF1C9E93AB914E43A815FDE3A12
:10EE70004AAAD83A13F5D23ADB3FCD3AA38AC73A29
:10EE80006BD5C13A3520BC3AFD6AB63AC5B5B03A41
:10EE90008D00AB3A574BA53A1F969F3AE7E0993A57
:10EEA000B02B943A79768E3A41C1883A090C833A6C
:10EEB000A3AD7A3A35436F3AC5D8633A576E583A9C
:10EEC000E7034D3A7899413A092F363A9AC42A3ADB
:10EED0002A5A1F3ABCEF133A4D85083ABC35FA3925
:10EEE000DE60E339FF8BCC3921B7B53943E29E3977
:10EEF000650D88390D71623951C73439951D07394F
:10EF0000B1E7B23872282F38810A3A3728D15738FA
:10EF1000D78FC0388D9B0A392FEF3439D1425F39F2
:10EF200039CB84390AF59939DB1EAF39AC48C4397D
:10EF30007D72D9394E9CEE390FE3013AF8770C3ADD
:10EF4000E00C173AC8A1213AB1362C3A99CB363A9F
:10EF50008260413A6AF54B3A538A563A3B1F613A0E
:10EF600024B46B3A0C49763AFA6E803A6EB9853A17
:10EF7000E3038B3A574E903ACB98953A40E39A3A4E
:10EF8000B32DA03A2878A53A9CC2AA3A100DB03AFF
:10EF90008457B53AF9A1BA3A6DECBF3AE136C53AB1
:10EFA0005581CA3ACACBCF3A3E16D53AB260DA3A60
:10EFB00026ABDF3A9BF5E43A0F40EA3A838AEF3A10
:10EFC000F7D4F43A6C1FFA3AE069FF3A2A5A023B46
:10EFD00064FF043B9EA4073BD8490A3B12EF0C3B5D
:10EFE0004C940F3BFC03123B3D900F3B7E1C0D3BB2
:10EFF000BFA80A3B0035083B41C1053B824D033B9E
:10F00000C3D9003B08CCFC3A8BE4F73A0CFDF23A4A
:10F010008F15EE3A112EE93A9346E43A165FDF3A3D
:10F020009777DA3A1A90D53A9CA8D03A1EC1CB3AD3
:10F03000A0D9C63A22F2C13AA40ABD3A2723B83A67
:10F04000A93BB33A2B54AE3AAD6CA93A2F85A43AFA
:10F05000B29D9F3A33B69A3AB6CE953A38E7903A8F
:10F06000BAFF8B3A3C18873ABE30823A80927A3A9D
:10F0700084C3703A89F4663A8E255D3A9256533AC3
:10F080009687493A9AB83F3A9FE9353AA31A2C3AFB
:10F09000A74B223AAB7C183AB0AD0E3AB4DE043A34
:10F0A000701FF6397981E23981E3CE398A45BB395F
:10F0B00093A7A7399B099439A46B8039599B593977
:10F0C000695F32397B230B3918CFC73875AE723878
:10F0D000747DAB3776FEBE35447017384B74943868
:10F0E0007430DD384EF612396254373977B25B39F5
:10F0F00045088039503792395A66A4396395B63934
:10F100006EC4C83978F3DA398222ED398D51FF396E
:10F110004CC0083AD1D7113A56EF1A3ADA06243AD7
:10F120005F1E2D3AE435363A6A4D3F3AEF64483A6D
:10F13000747C513AF9935A3A7EAB633A03C36C3A02
:10F1400089DA753A0DF27E3AC904843A8C90883A8D
:10F150004E1C8D3A10A8913AD333963A95BF9A3AFD
:10F16000584B9F3A1BD7A33ADE62A83AA0EEAC3ABE
:10F17000637AB13A2506B63AE891BA3AAA1DBF3A7F
:10F180006CA9C33A2F35C83AF1C0CC3AB44CD13A45
:10F1900076D8D53A3A64DA3AFCEFDE3ABF7BE33A06
:10F1A0008107E83A4393EC3A061FF13AC8AAF53AC8
:10F1B0008B36FA3A4DC2FE3A08A7013BE9EC033B15
:10F1C000CB32063B0A7C063BAC60043B4F45023B1E
:10F1D000F129003B271DFC3A6CE6F73AB2AFF33A4F
:10F1E000F778EF3A3B42EB3A810BE73AC6D4E23A82
:10F1F0000A9EDE3A5067DA3A9530D63AD9F9D13AD2
:10F200001EC3CD3A648CC93AA855C53AED1EC13A21
:10F2100033E8BC3A78B1B83ABC7AB43A0244B03A6E
:10F22000470DAC3A8BD6A73AD09FA33A16699F3ABE
:10F230005A329B3A9FFB963AE5C4923A298E8E3A0F
:10F240006E578A3AB320863AF9E9813A7A667B3A70
:10F2500005F9723A8F8B6A3A191E623AA3B0593A8D
:10F260002C43513AB7D5483A4168403ACBFA373A3D
:10F27000558D2F3ADE1F273A69B21E3AF344163AEB
:10F280007CD70D3A066A053A22F9F939351EE93973
:10F290004943D8395D68C739728DB63985B2A53909
:10F2A00099D79439ADFC833982436639AA8D4439A4
:10F2B000D1D72239FA21013944D8BE3827D9763836
:10F2C0008E03E037EACB623738B03538BA56993812
:10F2D00059D5D738FC290B394B692A399AA84939AD
:10F2E000EAE768399D13843944B39339EB52A33963
:10F2F00093F2B2393B92C239E331D2398AD1E13942
:10F300003271F1396D88003A4158083A1428103AA0
:10F31000E9F7173ABCC71F3A9097273A64672F3A24
:10F320003737373A0C073F3ADFD6463AB2A64E3A5D
:10F330008776563A5A465E3A2F16663A02E66D3A94
:10F34000D6B5753AA9857D3ABFAA823AA992863A7E
:10F35000937A8A3A7C628E3A674A923A5132963A66
:10F360003A1A9A3A24029E3A0EEAA13AF8D1A53AFC
:10F37000E2B9A93ACCA1AD3AB689B13A9F71B53A92
:10F380008A59B93A7441BD3A5D29C13A4711C53A23
:10F3900031F9C83A1BE1CC3A05C9D03AEFB0D43ABA
:10F3A000D998D83AC380DC3AAD68E03A9750E43A4D
:10F3B0008038E83A6A20EC3A5508F03A3EF0F33AE1
:10F3C00028D8F73AC979FA3AEEDAF63A133CF33A22
:10F3D000389DEF3A5DFEEB3A825FE83AA7C0E43A27
:10F3E000CC21E13AF182DD3A16E4D93A3B45D63AEE
:10F3F00060A6D23A8507CF3AAA68CB3ACFC9C73AB6
:10F40000F42AC43A198CC03A3EEDBC3A624EB93A7D
:10F4100087AFB53AAC10B23AD171AE3AF6D2AA3A49
:10F420001B34A73A4095A33A65F69F3A8A579C3A0F
:10F43000AFB8983AD419953AF97A913A1EDC8D3AD8
:10F44000433D8A3A689E863A8DFF823A64C17E3A8D
:10F45000AE83773AF845703A4208693A8CCA613A05
:10F46000D68C5A3A204F533A6A114C3AB4D3443AA4
:10F47000FE953D3A4758363A911A2F3ADBDC273A47
:10F48000259F203A6F61193AB923123A02E60A3AE7
:10F490004CA8033A2DD5F839C159EA3955DEDB3984
:10F4A000E962CD397DE7BE39116CB039A4F0A139DC
:10F4B00038759339CCF98439BFFC6C39E70550397C
:10F4C0000F0F333936181639BB42F2380B55B8389E
:10F4D000B5CE7C3853F3083891BFA836FB7C913603
:10F4E000EA27FB374BF86838502EAA387CE0DF3823
:10F4F00053C90A3969A225397E7B403993545B3957
:10F50000A92D76395F838839EAEF9539755CA3397F
:10F51000FFC8B0398A35BE3915A2CB399F0ED9390B
:10F520002A7BE639B6E7F33920AA003A6560073A44
:10F53000AB160E3AF0CC143A36831B3A7B39223A9A
:10F54000C0EF283A06A62F3A4B5C363A90123D3A65
:10F55000D6C8433A1B7F4A3A6035513AA6EB573A30
:10F56000EBA15E3A3058653A760E6C3ABBC4723AFB
:10F57000007B793AA318803AC673833AE8CE863A7C
:10F580000B2A8A3A2E858D3A50E0903A733B943A92
:10F590009696973AB8F19A3ADB4C9E3AFEA7A13A72
:10F5A0002003A53A435EA83A66B9AB3A8814AF3A4D
:10F5B000AB6FB23ACECAB53AF025B93A1381BC3A2C
:10F5C00036DCBF3A5837C33A7B92C63A9EEDC93A09
:10F5D000C048CD3AE3A3D03A06FFD33A285AD73AE7
:10F5E0004BB5DA3A6E10DE3A906BE13AB3C6E43AC4
:10F5F000D621E83AE232E63A8516E33A28FADF3ACB
:10F60000CBDDDC3A6EC1D93A11A5D63AB388D33AEC
:10F61000576CD03AFA4FCD3A9D33CA3A4017C73AA1
:10F62000E3FAC33A86DEC03A29C2BD3ACCA5BA3A5B
:10F630006F89B73A126DB43AB550B13A5834AE3A10
:10F64000FB17AB3A9EFBA73A41DFA43AE4C2A13ACA
:10F6500087A69E3A2A8A9B3ACD6D983A7051953A80
:10F660001335923AB6188F3A59FC8B3AFCDF883A38
:10F670009FC3853A42A7823AC9157F3A11DD783A8D
:10F6800056A4723A9D6B6C3AE232663A28FA5F3AB7
:10F690006EC1593AB388533AFA4F4D3A4017473A38
:10F6A00086DE403ACCA53A3A126D343A58342E3AB6
:10F6B0009EFB273AE4C2213A2A8A1B3A7051153A36
:10F6C000B6180F3AFCDF083A42A7023A11DDF839C2
:10F6D0009D6BEC3928FADF39B388D3394017C73925
:10F6E000CCA5BA395834AE39E4C2A1397051953934
:10F6F000FCDF883911DD783928FA5F39401747393E
:10F7000058342E397051153911DDF8384017C73883
:10F7100070519538401747384017C737000012001E
:10F72000250038004B005E00700083009600A900A1
:10F73000BC00CF00E200F50009011E0135014E01B9
:10F7400069018701A701C901EE01150240026F029C
:10F75000A002D5020F034E039203DB032A047F04A9
:10F76000DA043C05A605190695061B07AB07010040
:10F770000A0013001D0026003000390042004C0032
:10F7800055005F00680072007B0085008F009A00C2
:10F79000A600B300C100D100E100F30006011A0188
:10F7A0003101490162017E019C01BD01E0010602B7
:10F7B0002F025B028A02BD02F402300370030000D4
:10F7C00000000000DEE91D36C6E91D37D1A6B137BD
:10F7D00064E91D383BBC7638DAA5B138C8CBF138BE
:10F7E000DFE71D39C7D8473984B876397B43953967
:10F7F00000A2B139BF77D039A5C4F1394EC40A3A55
:10F80000C8E11D3AB53A323A07CF473AB29E5E3A5E
:10F81000A7A9763AECF7873A9A38953AD616A33ADA
:10F820009892B13AD6ABC03A8762D03AA1B6E03AE4
:10F830001AA8F13A749B013B80B10A3B2C16143B89
:10F8400071C91D3B49CB273BAF1B323B9DBA3C3BAB
:10F850000AA8473BF2E3523B4C6E5E3B12476A3BC1
:10F860003C6E763BE271813BD0D3873BE55C8E3BBF
:10F870001D0D953B73E49B3BE3E2A23B6A08AA3B68
:10F880000255B13BA7C8B83B5563C03B0625C83BF2
:10F89000B60DD03B611DD83B0154E03B90B1E83B35
:10F8A0000B36F13B6BE1F93BD659013C64D6053C84
:10F8B0005C660A3CBD090F3C82C0133CA98A183C17
:10F8C00030681D3C1359223C4F5D273CE0742C3CB2
:10F8D000C59F313CF9DD363C7A2F3C3C4494413C99
:10F8E000540C473CA6974C3C3736523C04E8573CF6
:10F8F00009AD5D3C4285633CAC70693C436F6F3C35
:10F900000481753CEBA57B3CFAEE803C8D14843C75
:10F91000AE43873C5A7C8A3C8FBE8D3C4B0A913C5F
:10F920008C5F943C51BE973C96269B3C5A989E3CDB
:10F930009C13A23C5798A53C8C26A93C36BEAC3CF7
:10F94000555FB03CE509B43CE5BDB73C527BBB3CE0
:10F950002A42BF3C6B12C33C12ECC63C1DCFCA3CD2
:10F960008ABBCE3C55B1D23C7EB0D63C00B9DA3C25
:10F97000DACADE3C0AE6E23C8C0AE73C5E38EB3C45
:10F980007E6FEF3CE8AFF33C9BF9F73C934CFC3CBB
:10F990006754003D2587023D82BE043D7CFA063D4A
:10F9A000123B093D43800B3D0DCA0D3D6F18103DC4
:10F9B000676B123DF5C2143D161F173DC97F193DF7
:10F9C0000CE51B3DDF4E1E3D3FBD203D2C30233D51
:10F9D000A3A7253DA323283D2BA42A3D39292D3D4E
:10F9E000CCB22F3DE140323D78D3343D8E6A373D75
:10F9F00023063A3D34A63C3DC04A3F3DC6F3413D57
:10FA000043A1443D3653473D9E094A3D78C44C3D91
:10FA1000C3834F3D7D47523DA60F553D3ADC573DD0
:10FA200038AD5A3D9E825D3D6B5C603D9E3A633DC4
:10FA3000331D663D2A04693D80EF6B3D34DF6E3D2A
:10FA400044D3713DAECB743D70C8773D89C97A3DD2
:10FA5000F6CE7D3D5B6C803D64F3813D947C833DBF
:10FA6000EA07853D6795863D0725883DCCB6893DEB
:10FA7000B34A8B3DBCE08C3DE6788E3D2F13903D24
:10FA800097AF913D1D4E933DC0EE943D7F91963DC5
:10FA90005836983D4BDD993D57869B3D7B319D3DCA
:10FAA000B5DE9E3D058EA03D693FA23DE2F2A33D3D
:10FAB0006CA8A53D0860A73DB519A93D71D5AA3D23
:10FAC0003B93AC3D1253AE3DF614B03DE4D8B13D8E
:10FAD000DD9EB33DDE66B53DE730B73DF7FCB83D92
:10FAE0000CCBBA3D269BBC3D436DBE3D6241C03D43
:10FAF0008217C23DA2EFC33DC1C9C53DDEA5C73DCA
:10FB0000F783C93D0B64CB3D1A46CD3D222ACF3D3C
:10FB10002110D13D18F8D23D03E2D43DE4CDD63DCD
:10FB2000B7BBD83D7CABDA3D329DDC3DD890DE3DA5
:10FB30006C86E03DED7DE23D5A77E43DB172E63DF5
:10FB4000F36FE83D1C6FEA3D2D70EC3D2373EE3DF5
:10FB5000FE77F03DBC7EF23D5D87F43DDE91F63DE3
:10FB60003F9EF83D7EACFA3D9ABCFC3D91CEFE3DF9
:10FB70003271003E087C013EC987023E7694033E06
:10FB80000EA2043E90B0053EFBBF063E4ED0073E9F
:10FB90008AE1083EADF3093EB7060B3EA71A0C3EBC
:10FBA0007D2F0D3E37450E3ED55B0F3E5673103E02
:10FBB000BB8B113E01A5123E29BF133E31DA143E24
:10FBC0001AF6153EE112173E8830183E0C4F193ECA
:10FBD0006E6E1A3EAC8E1B3EC6AF1C3EBBD11D3EA8
:10FBE0008BF41E3E3418203EB73C213E1262223E6A
:10FBF0004488233E4EAF243E2DD7253EE3FF263ECC
:10FC00006D29283ECB53293EFC7E2A3E01AB2B3E7C
:10FC1000D7D72C3E7E052E3EF6332F3E3E63303E38
:10FC20005493313E39C4323EECF5333E6B28353EB9
:10FC3000B65B363ECD8F373EAEC4383E59FA393EBC
:10FC4000CE303B3E0A683C3E0FA03D3EDAD83E3EF9
:10FC50006B12403EC14C413EDC87423EBBC3433E3B
:10FC60005D00453EC23D463EE87B473ECEBA483E3B
:10FC700075FA493EDB3A4B3EFF7B4C3EE1BD4D3EC3
:10FC800080004F3EDB43503EF287513EC3CC523E94
:10FC90004E12543E9158553E8E9F563E41E7573E78
:10FCA000AB2F593ECB785A3EA0C25B3E2A0D5D3E3B
:10FCB00066585E3E56A45F3EF7F0603E4A3E623EA6
:10FCC0004C8C633EFFDA643E5F2A663E6E7A673E86
:10FCD0002ACB683E921C6A3EA56E6B3E63C16C3EA9
:10FCE000CB146E3EDB686F3E94BD703EF412723EE4
:10FCF000FB68733EA8BF743EF916763EEE6E773E03
:10FD000086C7783EC1207A3E9E7A7B3E1BD57C3EDC
:10FD100038307E3EF38B7F3E2774803EA322813EA7
:10FD20006DD1813E8480823EEA2F833E9CDF833EFC
:10FD30009B8F843EE63F853E7CF0853E5EA1863EFD
:10FD40008B52873E0204883EC4B5883ECF67893E09
:10FD5000231A8A3EBFCC8A3EA47F8B3ED1328C3E92
:10FD600046E68C3E019A8D3E034E8E3E4B028F3E00
:10FD7000D9B68F3EAC6B903EC320913E20D6913ECB
:10FD8000C08B923EA441933ECAF7933E34AE943E5C
:10FD9000DF64953ECD1B963EFBD2963E6B8A973E26
:10FDA0001B42983E0BFA983E3AB2993EA96A9A3E97
:10FDB00056239B3E42DC9B3E6B959C3ED24E9D3E25
:10FDC00075089E3E55C29E3E717C9F3EC936A03E40
:10FDD0005BF1A03E28ACA13E3067A23E7122A33E5B
:10FDE000EBDDA33E9E99A43E8A55A53EAE11A63EEC
:10FDF00009CEA63E9B8AA73E6347A83E6204A93E61
:10FE000096C1A93E007FAA3E9E3CAB3E71FAAB3E36
:10FE100077B8AC3EB176AD3E1D35AE3EBDF3AE3EDD
:10FE20008EB2AF3E9071B03EC430B13E28F0B13ECC
:10FE3000BDAFB23E816FB33E752FB43E97EFB43E77
:10FE4000E7AFB53E6670B63E1131B73EEAF1B73E58
:10FE5000EFB2B83E2074B93E7D35BA3E04F7BA3EE3
:10FE6000B6B8BB3E937ABC3E993CBD3EC8FEBD3E93
:10FE700020C1BE3EA083BF3E4846C03E1709C13EDA
:10FE80000DCCC13E298FC23E6C52C33ED415C43E38
:10FE900060D9C43E119DC53EE760C63EDF24C73E23
:10FEA000FBE8C73E3AADC83E9A71C93E1C36CA3E11
:10FEB000C0FACA3E84BFCB3E6884CC3E6C49CD3E7E
:10FEC000900ECE3ED2D3CE3E3299CF3EB15ED03EE2
:10FED0004C24D13E05EAD13EDAAFD23ECB75D33EBB
:10FEE000D73BD43EFF01D53E41C8D53E9D8ED63E80
:10FEF0001355D73EA11BD83E49E2D83E08A9D93EAA
:10FF0000DF6FDA3ECD36DB3ED2FDDB3EEDC4DC3EBC
:10FF10001E8CDD3E6553DE3EBF1ADF3E2FE2DF3E24
:10FF2000B2A9E03E4871E13EF138E23EAD00E33E69
:10FF30007AC8E33E5990E43E4958E53E4920E63E02
:10FF400059E8E63E79B0E73EA878E83EE540E93E6C
:10FF50003009EA3E89D1EA3EEF99EB3E6162EC3E20
:10FF6000DF2AED3E6AF3ED3EFFBBEE3E9F84EF3E9F
:10FF7000494DF03EFD15F13EB9DEF13E7FA7F23E60
:10FF80004D70F33E2339F43E0002F53EE3CAF53EE0
:10FF9000CD93F63EBD5CF73EB225F83EACEEF83EA2
:10FFA000ABB7F93EAD80FA3EB249FB3EBB12FC3E18
:10FFB000C6DBFC3ED3A4FD3EE16DFE3EF036FF3EC7
:10FFC0000000003F8864003F10C9003F972D013FAB
:10FFD0001D92013FA3F6013F275B023FAABF023FEC
:10FFE0002B24033FAA88033F27ED033FA151043F81
:10FFF00019B6043F8E1A053F007F053F6FE3053FAA
:020000040802F0
:10000000D947063F40AC063FA310073F0275073FA4
:100010005CD9073FB13D083F01A2083F4B06093FAD
:10002000906A093FD0CE093F09330A3F3C970A3F07
:1000300068FB0A3F8E5F0B3FACC30B3FC4270C3FEE
:10004000D38B0C3FDBEF0C3FDC530D3FD3B70D3FA1
:10005000C31B0E3FAA7F0E3F87E30E3F5C470F3F57
:1000600027AB0F3FE90E103FA072103F4ED6103F56
:10007000F139113F899D113F1701123F9964123FD9
:1000800010C8123F7C2B133FDC8E133F2FF2133F1F
:100090007755143FB1B8143FE01B153F017F153F62
:1000A00014E2153F1B45163F13A8163FFE0A173FE3
:1000B000DA6D173FA8D0173F6733183F1796183FE0
:1000C000B8F8183F4A5B193FCCBD193F3E201A3F94
:1000D000A0821A3FF2E41A3F33471B3F63A91B3F3C
:1000E000820B1C3F906D1C3F8DCF1C3F77311D3F15
:1000F00050931D3F16F51D3FCA561E3F6BB81E3F5D
:10010000F9191F3F757B1F3FDCDC1F3F303E203F4E
:10011000709F203F9C00213FB461213FB7C2213F27
:10012000A523223F7E84223F42E5223FF045233F24
:1001300088A6233F0B07243F7767243FCDC7243F82
:100140000C28253F3588253F46E8253F3F48263F78
:1001500022A8263FEC07273F9E67273F38C7273F47
:10016000B926283F2286283F71E5283FA844293F29
:10017000C5A3293FC8022A3FB1612A3F80C02A3F58
:10018000351F2B3FCF7D2B3F4EDC2B3FB33A2C3F0F
:10019000FC982C3F29F72C3F3B552D3F31B32D3F89
:1001A0000A112E3FC86E2E3F68CC2E3FEC292F3F00
:1001B00052872F3F9CE42F3FC741303FD59E303FB1
:1001C000C5FB303F9758313F4AB5313FDF11323FD1
:1001D000556E323FABCA323FE326333FFB82333F9B
:1001E000F3DE333FCB3A343F8296343F1AF2343F4A
:1001F000904D353FE6A8353F1B04363F2E5F363F16
:1002000020BA363FF014373F9E6F373F2ACA373F38
:100210009424383FDB7E383FFFD8383F0033393FE6
:10022000DD8C393F97E6393F2E403A3FA0993A3F5F
:10023000EFF23A3F194C3B3F1EA53B3FFFFD3B3FD2
:10024000BA563C3F51AF3C3FC2073D3F0D603D3F7A
:1002500033B83D3F32103E3F0B683E3FBEBF3E3F8E
:100260004A173F3FAF6E3F3FEDC53F3F031D403F45
:10027000F273403FB9CA403F5921413FD077413FD7
:100280001ECE413F4524423F427A423F16D0423F74
:10029000C125433F437B433F9BD0433FC925443F58
:1002A000CD7A443FA7CF443F5724453FDC78453FB4
:1002B00036CD453F6421463F6875463F40C9463FBD
:1002C000ED1C473F6E70473FC2C3473FEB16483FA8
:1002D000E669483FB6BC483F580F493FCD61493FAA
:1002E00015B4493F30064A3F1D584A3FDCA94A3FF2
:1002F0006DFB4A3FCF4C4B3F049E4B3F09EF4B3FBA
:10030000E03F4C3F88904C3F00E14C3F49314D3F2E
:1003100063814D3F4CD14D3F06214E3F90704E3F83
:10032000E9BF4E3F110F4F3F095E4F3FD0AC4F3FEB
:1003300065FB4F3FCA49503FFC97503FFDE5503F9A
:10034000CD33513F6A81513FD4CE513F0D1C523FB6
:100350001269523FE5B5523F8502533FF24E533F7B
:100360002B9B533F31E7533F0233543FA07E543F12
:100370000ACA543F4015553F4160553F0DAB553FAC
:10038000A5F5553F0740563F358A563F2DD4563F79
:10039000EF1D573F7C67573FD2B0573FF3F9573FA8
:1003A000DD42583F918B583F0FD4583F551C593F61
:1003B0006564593F3DAC593FDEF3593F483B5A3FD6
:1003C0007A825A3F74C95A3F36105B3FC0565B3F32
:1003D000119D5B3F2AE35B3F0B295C3FB26E5C3FA4
:1003E00021B45C3F56F95C3F523E5D3F15835D3F53
:1003F0009DC75D3FEC0B5E3F01505E3FDC935E3F6F
:100400007DD75E3FE21A5F3F0E5E5F3FFEA05F3F1B
:10041000B4E35F3F2E26603F6D68603F70AA603F87
:1004200038EC603FC42D613F146F613F28B0613FDD
:1004300000F1613F9C31623FFA71623F1CB2623F42
:1004400002F2623FAA31633F1571633F42B0633FDE
:1004500033EF633FE52D643F5A6C643F90AA643FDD
:1004600089E8643F4426653FC063653FFDA0653F62
:10047000FCDD653FBC1A663F3D57663F7F93663F94
:1004800081CF663F440B673FC846673F0C82673F9A
:1004900010BD673FD4F7673F5832683F9B6C683F99
:1004A0009FA6683F61E0683FE319693F2453693FB5
:1004B000248C693FE3C4693F61FD693F9E356A3F13
:1004C000996D6A3F52A56A3FC9DC6A3FFF136B3FD3
:1004D000F24A6B3FA4816B3F13B86B3F3FEE6B3F1B
:1004E00029246C3FD1596C3F358F6C3F57C46C3F0A
:1004F00035F96C3FD02D6D3F28626D3F3C966D3FC6
:100500000DCA6D3F9AFD6D3FE3306E3FE8636E3F6D
:10051000AA966E3F27C96E3F5FFB6E3F532D6F3F1C
:10052000035F6F3F6E906F3F94C16F3F75F26F3FF7
:100530001123703F6753703F7983703F45B3703F1D
:10054000CCE2703F0D12713F0841713FBD6F713FAA
:100550002D9E713F56CC713F39FA713FD627723FBD
:100560002D55723F3C82723F06AF723F88DB723F6F
:10057000C407733FB933733F665F733FCD8A733FE0
:10058000ECB5733FC4E0733F540B743F9D35743F2B
:100590009E5F743F5789743FC9B2743FF2DB743F6A
:1005A000D304753F6C2D753FBD55753FC67D753FB6
:1005B00086A5753FFDCC753F2CF4753F121B763F29
:1005C000AF41763F0368763F0F8E763FD1B3763FDB
:1005D0004AD9763F79FE763F5F23773FFC47773FE6
:1005E0004F6C773F5890773F18B4773F8ED7773F5F
:1005F000BAFA773F9B1D783F3340783F8162783F5E
:100600008484783F3DA6783FACC7783FD0E8783FF8
:10061000A909793F382A793F7C4A793F756A793F41
:10062000248A793F87A9793F9FC8793F6DE7793F51
:10063000EF057A3F25247A3F11427A3FB15F7A3F36
:10064000057D7A3F0E9A7A3FCCB67A3F3DD37A3F0A
:1006500063EF7A3F3D0B7B3FCB267B3F0D427B3FD9
:10066000045D7B3FAE777B3F0C927B3F1DAC7B3FB5
:10067000E3C57B3F5CDF7B3F88F87B3F68117C3FB5
:10068000FC297C3F43427C3F3D5A7C3FEB717C3FE1
:100690004C897C3F60A07C3F27B77C3FA1CD7C3F4D
:1006A000CFE37C3FAFF97C3F420F7D3F88247D3F05
:1006B00081397D3F2C4E7D3F8B627D3F9C767D3F17
:1006C0005F8A7D3FD59D7D3FFEB07D3FD9C37D3F95
:1006D00067D67D3FA6E87D3F99FA7D3F3D0C7E3F82
:1006E000941D7E3F9D2E7E3F583F7E3FC54F7E3FEF
:1006F000E55F7E3FB66F7E3F397F7E3F6F8E7E3FE8
:10070000569D7E3FEFAB7E3F3ABA7E3F37C87E3F75
:10071000E6D57E3F46E37E3F58F07E3F1CFD7E3FA0
:1007200092097F3FB9157F3F92217F3F1C2D7F3F6C
:1007300058387F3F45437F3FE44D7F3F35587F3FEB
:1007400037627F3FEA6B7F3F4E757F3F657E7F3F1D
:100750002C877F3FA58F7F3FCF977F3FAA9F7F3F0B
:1007600037A77F3F75AE7F3F64B57F3F04BC7F3FB7
:1007700056C27F3F58C87F3F0CCE7F3F71D37F3F2B
:1007800088D87F3F4FDD7F3FC7E17F3FF1E57F3F67
:10079000CCE97F3F58ED7F3F94F07F3F82F37F3F6E
:1007A00022F67F3F72F87F3F73FA7F3F25FC7F3F41
:1007B00088FD7F3F9DFE7F3F62FF7F3FD9FF7F3FE8
:1007C0000000803FD9FF7F3F62FF7F3F9DFE7F3F5C
:1007D00088FD7F3F25FC7F3F73FA7F3F72F87F3FA4
:1007E00022F67F3F82F37F3F94F07F3F58ED7F3FBB
:1007F000CCE97F3FF1E57F3FC7E17F3F4FDD7F3FA2
:1008000088D87F3F71D37F3F0CCE7F3F58C87F3F52
:1008100056C27F3F04BC7F3F64B57F3F75AE7F3FCC
:1008200037A77F3FAA9F7F3FCF977F3FA58F7F3F0F
:100830002C877F3F657E7F3F4E757F3FEA6B7F3F12
:1008400037627F3F35587F3FE44D7F3F45437F3FD1
:1008500058387F3F1C2D7F3F92217F3FB9157F3F46
:1008600092097F3F1CFD7E3F58F07E3F46E37E3F6E
:10087000E6D57E3F37C87E3F3ABA7E3FEFAB7E3F3C
:10088000569D7E3F6F8E7E3F397F7E3FB66F7E3FA7
:10089000E55F7E3FC54F7E3F583F7E3F9D2E7E3FAA
:1008A000941D7E3F3D0C7E3F99FA7D3FA6E87D3F3B
:1008B00067D67D3FD9C37D3FFEB07D3FD59D7D3F4F
:1008C0005F8A7D3F9C767D3F8B627D3F2C4E7D3FD6
:1008D00081397D3F88247D3F420F7D3FAFF97C3FCA
:1008E000CFE37C3FA1CD7C3F27B77C3F60A07C3F1E
:1008F0004C897C3FEB717C3F3D5A7C3F43427C3FBF
:10090000FC297C3F68117C3F88F87B3F5CDF7B3FA4
:10091000E3C57B3F1DAC7B3F0C927B3FAE777B3FBB
:10092000045D7B3F0D427B3FCB267B3F3D0B7B3FF6
:1009300063EF7A3F3DD37A3FCCB67A3F0E9A7A3F47
:10094000057D7A3FB15F7A3F11427A3F25247A3F95
:10095000EF057A3F6DE7793F9FC8793F87A9793FD7
:10096000248A793F756A793F7C4A793F382A793FF2
:10097000A909793FD0E8783FACC7783F3DA6783FDA
:100980008484783F8162783F3340783F9B1D783F75
:10099000BAFA773F8ED7773F18B4773F5890773FB2
:1009A0004F6C773FFC47773F5F23773F79FE763F79
:1009B0004AD9763FD1B3763F0F8E763F0368763FB4
:1009C000AF41763F121B763F2CF4753FFDCC753F4F
:1009D00086A5753FC67D753FBD55753F6C2D753F2E
:1009E000D304753FF2DB743FC9B2743F5789743F3B
:1009F0009E5F743F9D35743F540B743FC4E0733F5A
:100A0000ECB5733FCD8A733F665F733FB933733F75
:100A1000C407733F88DB723F06AF723F3C82723F70
:100A20002D55723FD627723F39FA713F56CC713F30
:100A30002D9E713FBD6F713F0841713F0D12713F97
:100A4000CCE2703F45B3703F7983703F6753703F8E
:100A50001123703F75F26F3F94C16F3F6E906F3FEF
:100A6000035F6F3F532D6F3F5FFB6E3F27C96E3FA4
:100A7000AA966E3FE8636E3FE3306E3F9AFD6D3F8E
:100A80000DCA6D3F3C966D3F28626D3FD02D6D3F86
:100A900035F96C3F57C46C3F358F6C3FD1596C3F73
:100AA00029246C3F3FEE6B3F13B86B3FA4816B3F33
:100AB000F24A6B3FFF136B3FC9DC6A3F52A56A3FA6
:100AC000996D6A3F9E356A3F61FD693FE3C4693FA6
:100AD000248C693F2453693FE319693F61E0683F13
:100AE0009FA6683F9B6C683F5832683FD4F7673FCA
:100AF00010BD673F0C82673FC846673F440B673FA6
:100B000081CF663F7F93663F3D57663FBC1A663F85
:100B1000FCDD653FFDA0653FC063653F4426653F42
:100B200089E8643F90AA643F5A6C643FE52D643FB6
:100B300033EF633F42B0633F1571633FAA31633FB8
:100B400002F2623F1CB2623FFA71623F9C31623F27
:100B500000F1613F28B0613F146F613FC42D613FD8
:100B600038EC603F70AA603F6D68603F2E26603FA2
:100B7000B4E35F3FFEA05F3F0E5E5F3FE21A5F3F60
:100B80007DD75E3FDC935E3F01505E3FEC0B5E3FE6
:100B90009DC75D3F15835D3F523E5D3F56F95C3F0B
:100BA00021B45C3FB26E5C3F0B295C3F2AE35B3FA4
:100BB000119D5B3FC0565B3F36105B3F74C95A3F87
:100BC0007A825A3F483B5A3FDEF3593F3DAC593F8A
:100BD0006564593F551C593F0FD4583F918B583F7E
:100BE000DD42583FF3F9573FD2B0573F7C67573F3C
:100BF000EF1D573F2DD4563F358A563F0740563F8D
:100C0000A5F5553F0DAB553F4160553F4015553F4C
:100C10000ACA543FA07E543F0233543F31E7533F4A
:100C20002B9B533FF24E533F8502533FE5B5523F56
:100C30001269523F0D1C523FD4CE513F6A81513F41
:100C4000CD33513FFDE5503FFC97503FCA49503FDF
:100C500065FB4F3FD0AC4F3F095E4F3F110F4F3FF9
:100C6000E9BF4E3F90704E3F06214E3F4CD14D3F65
:100C700063814D3F49314D3F00E14C3F88904C3FEF
:100C8000E03F4C3F09EF4B3F049E4B3FCF4C4B3F67
:100C90006DFB4A3FDCA94A3F1D584A3F30064A3F98
:100CA00015B4493FCD61493F580F493FB6BC483F55
:100CB000E669483FEB16483FC2C3473F6E70473F67
:100CC000ED1C473F40C9463F6875463F6421463F9B
:100CD00036CD453FDC78453F5724453FA7CF443FBD
:100CE000CD7A443FC925443F9BD0433F437B433F9C
:100CF000C125433F16D0423F427A423F4524423FFE
:100D00001ECE413FD077413F5921413FB9CA403FB4
:100D1000F273403F031D403FEDC53F3FAF6E3F3F85
:100D20004A173F3FBEBF3E3F0B683E3F32103E3F3B
:100D300033B83D3F0D603D3FC2073D3F51AF3C3FA3
:100D4000BA563C3FFFFD3B3F1EA53B3F194C3B3F86
:100D5000EFF23A3FA0993A3F2E403A3F97E6393FAB
:100D6000DD8C393F0033393FFFD8383FDB7E383FD9
:100D70009424383F2ACA373F9E6F373FF014373FDD
:100D800020BA363F2E5F363F1B04363FE6A8353F7C
:100D9000904D353F1AF2343F8296343FCB3A343F80
:100DA000F3DE333FFB82333FE326333FABCA323FB0
:100DB000556E323FDF11323F4AB5313F9758313FD0
:100DC000C5FB303FD59E303FC741303F9CE42F3FAD
:100DD00052872F3FEC292F3F68CC2E3FC86E2E3F05
:100DE0000A112E3F31B32D3F3B552D3F29F72C3FA4
:100DF000FC982C3FB33A2C3F4EDC2B3FCF7D2B3F52
:100E0000351F2B3F80C02A3FB1612A3FC8022A3FCD
:100E1000C5A3293FA844293F71E5283F2286283FE2
:100E2000B926283F38C7273F9E67273FEC07273F53
:100E300022A8263F3F48263F46E8253F3588253FE4
:100E40000C28253FCDC7243F7767243F0B07243F5D
:100E500088A6233FF045233F42E5223F7E84223F80
:100E6000A523223FB7C2213FB461213F9C00213F0F
:100E7000709F203F303E203FDCDC1F3F757B1F3FD3
:100E8000F9191F3F6BB81E3FCA561E3F16F51D3F8E
:100E900050931D3F77311D3F8DCF1C3F906D1C3F00
:100EA000820B1C3F63A91B3F33471B3FF2E41A3FF1
:100EB000A0821A3F3E201A3FCCBD193F4A5B193F22
:100EC000B8F8183F1796183F6733183FA8D0173F58
:100ED000DA6D173FFE0A173F13A8163F1B45163F52
:100EE00014E2153F017F153FE01B153FB1B8143FD9
:100EF0007755143F2FF2133FDC8E133F7C2B133FAB
:100F000010C8123F9964123F1701123F899D113F8B
:100F1000F139113F4ED6103FA072103FE90E103F3D
:100F200027AB0F3F5C470F3F87E30E3FAA7F0E3F83
:100F3000C31B0E3FD3B70D3FDC530D3FDBEF0C3F20
:100F4000D38B0C3FC4270C3FACC30B3F8E5F0B3FD2
:100F500068FB0A3F3C970A3F09330A3FD0CE093F5E
:100F6000906A093F4B06093F01A2083FB13D083F87
:100F70005CD9073F0275073FA310073F40AC063F0F
:100F8000D947063F6FE3053F007F053F8E1A053FB7
:100F900019B6043FA151043F27ED033FAA88033F40
:100FA0002B24033FAABF023F275B023FA3F6013F6A
:100FB0001D92013F972D013F10C9003F8864003FFB
:100FC0000000003FF036FF3EE16DFE3ED3A4FD3E43
:100FD000C6DBFC3EBB12FC3EB249FB3EAD80FA3E96
:100FE000ABB7F93EACEEF83EB225F83EBD5CF73E3D
:100FF000CD93F63EE3CAF53E0002F53E2339F43EBA
:101000004D70F33E7FA7F23EB9DEF13EFD15F13E95
:10101000494DF03E9F84EF3EFFBBEE3E6AF3ED3E4E
:10102000DF2AED3E6162EC3EEF99EB3E89D1EA3E6C
:101030003009EA3EE540E93EA878E83E79B0E73E6F
:1010400059E8E63E4920E63E4958E53E5990E43EDF
:101050007AC8E33EAD00E33EF138E23E4871E13E3E
:10106000B2A9E03E2FE2DF3EBF1ADF3E6553DE3E0F
:101070001E8CDD3EEDC4DC3ED2FDDB3ECD36DB3EDC
:10108000DF6FDA3E08A9D93E49E2D83EA11BD83E1F
:101090001355D73E9D8ED63E41C8D53EFF01D53E65
:1010A000D73BD43ECB75D33EDAAFD23E05EAD13E34
:1010B0004C24D13EB15ED03E3299CF3ED2D3CE3E0B
:1010C000900ECE3E6C49CD3E6884CC3E84BFCB3E74
:1010D000C0FACA3E1C36CA3E9A71C93E3AADC83EF5
:1010E000FBE8C73EDF24C73EE760C63E119DC53E14
:1010F00060D9C43ED415C43E6C52C33E298FC23E53
:101100000DCCC13E1709C13E4846C03EA083BF3E3C
:1011100020C1BE3EC8FEBD3E993CBD3E937ABC3E5A
:10112000B6B8BB3E04F7BA3E7D35BA3E2074B93E30
:10113000EFB2B83EEAF1B73E1131B73E6670B63E47
:10114000E7AFB53E97EFB43E752FB43E816FB33E27
:10115000BDAFB23E28F0B13EC430B13E9071B03E5A
:101160008EB2AF3EBDF3AE3E1D35AE3EB176AD3E66
:1011700077B8AC3E71FAAB3E9E3CAB3E007FAA3ED8
:1011800096C1A93E6204A93E6347A83E9B8AA73E3A
:1011900009CEA63EAE11A63E8A55A53E9E99A43E16
:1011A000EBDDA33E7122A33E3067A23E28ACA13EF8
:1011B0005BF1A03EC936A03E717C9F3E55C29E3E6B
:1011C00075089E3ED24E9D3E6B959C3E42DC9B3EFA
:1011D00056239B3EA96A9A3E3AB2993E0BFA983E34
:1011E0001B42983E6B8A973EFBD2963ECD1B963EA5
:1011F000DF64953E34AE943ECAF7933EA441933EDD
:10120000C08B923E20D6913EC320913EAC6B903E67
:10121000D9B68F3E4B028F3E034E8E3E019A8D3ED5
:1012200046E68C3ED1328C3EA47F8B3EBFCC8A3EBC
:10123000231A8A3ECF67893EC4B5883E0204883EA1
:101240008B52873E5EA1863E7CF0853EE63F853E22
:101250009B8F843E9CDF833EEA2F833E8480823EC8
:101260006DD1813EA322813E2774803EF38B7F3E69
:1012700038307E3E1BD57C3E9E7A7B3EC1207A3E36
:1012800086C7783EEE6E773EF916763EA8BF743E6E
:10129000FB68733EF412723E94BD703EDB686F3E95
:1012A000CB146E3E63C16C3EA56E6B3E921C6A3ED3
:1012B0002ACB683E6E7A673E5F2A663EFFDA643E5E
:1012C0004C8C633E4A3E623EF7F0603E56A45F3E61
:1012D00066585E3E2A0D5D3EA0C25B3ECB785A3E0C
:1012E000AB2F593E41E7573E8E9F563E9158553E93
:1012F0004E12543EC3CC523EF287513EDB43503E29
:1013000080004F3EE1BD4D3EFF7B4C3EDB3A4B3E05
:1013100075FA493ECEBA483EE87B473EC23D463E5E
:101320005D00453EBBC3433EDC87423EC14C413E6F
:101330006B12403EDAD83E3E0FA03D3E0A683C3E6E
:10134000CE303B3E59FA393EAEC4383ECD8F373EA3
:10135000B65B363E6B28353EECF5333E39C4323E43
:101360005493313E3E63303EF6332F3E7E052E3E93
:10137000D7D72C3E01AB2B3EFC7E2A3ECB53293ED9
:101380006D29283EE3FF263E2DD7253E4EAF243E55
:101390004488233E1262223EB73C213E3418203E50
:1013A0008BF41E3EBBD11D3EC6AF1C3EAC8E1B3E19
:1013B0006E6E1A3E0C4F193E8830183EE112173EF1
:1013C0001AF6153E31DA143E29BF133E01A5123E2E
:1013D000BB8B113E5673103ED55B0F3E37450E3E1C
:1013E0007D2F0D3EA71A0C3EB7060B3EADF3093E0E
:1013F0008AE1083E4ED0073EFBBF063E90B0053E58
:101400000EA2043E7694033EC987023E087C013E4C
:101410003271003E91CEFE3D9ABCFC3D7EACFA3D61
:101420003F9EF83DDE91F63D5D87F43DBC7EF23D8A
:10143000FE77F03D2373EE3D2D70EC3D1C6FEA3DD1
:10144000F36FE83DB172E63D5A77E43DED7DE23D54
:101450006C86E03DD890DE3D329DDC3D7CABDA3DD4
:10146000B7BBD83DE4CDD63D03E2D43D18F8D23D1C
:101470002110D13D222ACF3D1A46CD3D0B64CB3DF4
:10148000F783C93DDEA5C73DC1C9C53DA2EFC33D38
:101490008217C23D6241C03D436DBE3D269BBC3DAF
:1014A0000CCBBA3DF7FCB83DE730B73DDE66B53D45
:1014B000DD9EB33DE4D8B13DF614B03D1253AE3DD0
:1014C0003B93AC3D71D5AA3DB519A93D0860A73D38
:1014D0006CA8A53DE2F2A33D693FA23D058EA03D6B
:1014E000B5DE9E3D7B319D3D57869B3D4BDD993D55
:1014F0005836983D7F91963DC0EE943D1D4E933DEC
:1015000097AF913D2F13903DE6788E3DBCE08C3D2A
:10151000B34A8B3DCCB6893D0725883D6795863D0E
:10152000EA07853D947C833D64F3813D5B6C803D9F
:10153000F6CE7D3D89C97A3D70C8773DAECB743D0E
:1015400044D3713D34DF6E3D80EF6B3D2A04693D2D
:10155000331D663D9E3A633D6B5C603D9E825D3D02
:1015600038AD5A3D3ADC573DA60F553D7D47523DBB
:10157000C3834F3D78C44C3D9E094A3D3653473D99
:1015800043A1443DC6F3413DC04A3F3D34A63C3DE6
:1015900023063A3D8E6A373D78D3343DE140323DF3
:1015A000CCB22F3D39292D3D2BA42A3DA323283D24
:1015B000A3A7253D2C30233D3FBD203DDF4E1E3DE2
:1015C0000CE51B3DC97F193D161F173DF5C2143DA3
:1015D000676B123D6F18103D0DCA0D3D43800B3DEA
:1015E000123B093D7CFA063D82BE043D2587023D43
:1015F0006754003D934CFC3C9BF9F73CE8AFF33C4F
:101600007E6FEF3C5E38EB3C8C0AE73C0AE6E23C3E
:10161000DACADE3C00B9DA3C7EB0D63C55B1D23CE9
:101620008ABBCE3C1DCFCA3C12ECC63C6B12C33CFD
:101630002A42BF3C527BBB3CE5BDB73CE509B43C0C
:10164000555FB03C36BEAC3C8C26A93C5798A53CB7
:101650009C13A23C5A989E3C96269B3C51BE973CBC
:101660008C5F943C4B0A913C8FBE8D3C5A7C8A3CEB
:10167000AE43873C8D14843CFAEE803CEBA57B3C6A
:101680000481753C436F6F3CAC70693C4285633CA0
:1016900009AD5D3C04E8573C3736523CA6974C3CBC
:1016A000540C473C4494413C7A2F3C3CF9DD363C99
:1016B000C59F313CE0742C3C4F5D273C1359223CC4
:1016C00030681D3CA98A183C82C0133CBD090F3C00
:1016D0005C660A3C64D6053CD659013C6BE1F93B9B
:1016E0000B36F13B90B1E83B0154E03B611DD83B28
:1016F000B60DD03B0625C83B5563C03BA7C8B83BD9
:101700000255B13B6A08AA3BE3E2A23B73E49B3B70
:101710001D0D953BE55C8E3BD0D3873BE271813B51
:101720003C6E763B12476A3B4C6E5E3BF2E3523BAB
:101730000AA8473B9DBA3C3BAF1B323B49CB273BFA
:1017400071C91D3B2C16143B80B10A3B749B013BB5
:101750001AA8F13AA1B6E03A8762D03AD6ABC03ABD
:101760009892B13AD616A33A9A38953AECF7873A56
:10177000A7A9763AB29E5E3A07CF473AB53A323ACF
:10178000C8E11D3A4EC40A3AA5C4F139BF77D03931
:1017900000A2B1397B43953984B87639C7D8473927
:1017A000DFE71D39C8CBF138DAA5B1383BBC763854
:1017B00064E91D38D1A6B137C6E91D37DEE91D360B
:1017C000496E76616C696420706172616D657465E3
:1017D00072204275696C74696E4F70657261746FC6
:1017E000725F435553544F4D20746F2074686520C9
:1017F000004164644275696C74696E2066756E633D
:1018000074696F6E2E0043616C6C696E6720416471
:10181000644275696C74696E2077697468207468B5
:10182000652073616D65206F70206D6F7265207427
:1018300068616E20006F6E6365206973206E6F743F
:1018400020737570706F7274656420284F703A2031
:10185000232564292E00436F756C646E27742072F3
:1018600065676973746572206275696C74696E204E
:101870006F70202325642C207265736F6C766572FF
:101880002073697A652000697320746F6F20736D0F
:10189000616C6C20282564292E004167656C6169A4
:1018A00075735F70686F656E69636575730043611A
:1018B0007264696E616C69735F63617264696E61A1
:1018C0006C697300436572746869615F616D65720C
:1018D0006963616E6100436F727675735F627261F6
:1018E0006368797268796E63686F73005365746FAB
:1018F00070686167615F61657374697661005365E3
:10190000746F70686167615F7275746963696C6C2C
:1019100061005370696E75735F7472697374697373
:10192000005475726475735F6D69677261746F726C
:1019300069757300496E707574207061796C6F61A0
:1019400064206C656E67746820646F6573206E6FC9
:1019500074206D6174636820746865206D6F6465C0
:101960006C2074656E736F72006269726473657463
:101970005F7374726963745F323073686F745F6C25
:101980006F676D656C5F685F653464316335636292
:101990003434313300653464316335636234343157
:1019A0003335333362306663333136663639623607
:1019B00065366436663038383037316464313938EA
:1019C0003137363862343435376637623338383237
:1019D00032393134310055415254206865616465B3
:1019E000722072656365697665206661696C6564FD
:1019F00000556E737570706F727465642070726FCD
:101A0000746F636F6C2076657273696F6E00556ECC
:101A1000737570706F727465642070726F746F6329
:101A20006F6C20666C616773005061796C6F6164E4
:101A30002065786365656473206669726D7761728D
:101A40006520726563656976652062756666657294
:101A50000055415254207061796C6F616420726549
:101A60006365697665206661696C656400506179BB
:101A70006C6F6164204352433332206D69736D6132
:101A8000746368004745545F494E464F20646F6554
:101A900073206E6F742061636365707420612070C1
:101AA00061796C6F616400415544494F5F4245471D
:101AB000494E2072657175697265732061203136F7
:101AC0002D627974652064657363726970746F72D6
:101AD000004578706563746564206D6F6E6F2031AA
:101AE000363030302D487A2050434D5F5331365FC9
:101AF0004C4520617564696F00417564696F206DA4
:101B000075737420636F6E7461696E20312E2E318F
:101B1000323020636F6D706C657465206F6E652D5B
:101B20007365636F6E642077696E646F77730041CD
:101B30005544494F5F424547494E206973207265BD
:101B4000717569726564206265666F7265204155C2
:101B500044494F5F4348554E4B00415544494F5F00
:101B60004348554E4B207265717569726573206FDD
:101B7000666673657420706C75732050434D313602
:101B80002073616D706C657300415544494F5F432C
:101B900048554E4B206F6666736574206F722073D4
:101BA000616D706C652072616E6765206973206974
:101BB0006E76616C696400415544494F5F52554EE1
:101BC00020646F6573206E6F742061636365707449
:101BD0002061207061796C6F616400417564696F88
:101BE0002075706C6F616420697320696E636F6D1E
:101BF000706C65746500436F6D706C657465205022
:101C0000434D2073747265616D204352433332201B
:101C10006D69736D6174636800415544494F5F4756
:101C200045545F4645415455524520646F657320C5
:101C30006E6F7420616363657074206120706179D8
:101C40006C6F6164004E6F20636F6D706C657465BE
:101C50006420617564696F2077696E646F772069AD
:101C60007320617661696C61626C6500556E737595
:101C700070706F727465642073657269616C206D39
:101C80006F64656C20636F6D6D616E6400426961A5
:101C90007320747970652025732028256429206EAF
:101CA0006F7420737570706F727465642E00576561
:101CB000696768742074797065202573202825640D
:101CC00029206E6F7420737570706F727465642E46
:101CD00000547970652025732028256429206E6FB3
:101CE0007420737570706F727465642E002F686F46
:101CF0006D652F63792F636F64652F70726F6772E4
:101D0000616D2F4C45445F544553542F447269769E
:101D10006572732F74666C6974652D6D6963726F7B
:101D20002F74656E736F72666C6F772F6C69746554
:101D30002F6D6963726F2F6B65726E656C732F63A5
:101D40006F6E765F636F6D6D6F6E2E6363002573CC
:101D50003A256420257320776173206E6F74207498
:101D60007275652E006861735F62696173207C7CA7
:101D7000206E6F64652D3E696E707574732D3E73B1
:101D8000697A65203D3D20320025733A256420257F
:101D90007320213D2025732028256420213D202506
:101DA0006429006E6F64652D3E6F75747075747371
:101DB0002D3E73697A6500696E70757420213D202F
:101DC0006E756C6C7074720066696C74657220213B
:101DD0003D206E756C6C707472006F7574707574E4
:101DE00020213D206E756C6C707472006F7574707C
:101DF00075742D3E7479706500696E7075742D3E32
:101E000074797065002F686F6D652F63792F636F2C
:101E100064652F70726F6772616D2F4C45445F541B
:101E20004553542F447269766572732F74666C69DA
:101E300074652D6D6963726F2F74656E736F726652
:101E40006C6F772F6C6974652F6D6963726F2F6B80
:101E500065726E656C732F636F6E765F636F6D6D09
:101E60006F6E2E636320487962726964206D6F64BF
:101E7000656C7320617265206E6F7420737570706D
:101E80006F72746564206F6E2054464C69746520CF
:101E90004D6963726F2E006B54664C6974654166C0
:101EA00066696E655175616E74697A6174696F6E89
:101EB0000066696C7465722D3E7175616E74697A25
:101EC0006174696F6E2E7479706500616666696E03
:101ED000655F7175616E74697A6174696F6E2D3EAC
:101EE0007363616C652D3E73697A65203D3D2031D9
:101EF000207C7C20616666696E655F7175616E74B9
:101F0000697A6174696F6E2D3E7363616C652D3EF5
:101F100073697A65203D3D2066696C7465722D3E5B
:101F200064696D732D3E646174615B6B436F6E76A3
:101F30005175616E74697A656444696D656E736923
:101F40006F6E5D0046696C746572207479706520EF
:101F50002573202825642920666F7220696E7075AC
:101F6000742074797065202573206E6F74207375EA
:101F700070706F727465642E00496E707574207491
:101F80007970652025732028256429206E6F7420C0
:101F9000737570706F727465642E002F686F6D6555
:101FA0002F63792F636F64652F70726F6772616D35
:101FB0002F4C45445F544553542F447269766572E3
:101FC000732F74666C6974652D6D6963726F2F74FD
:101FD000656E736F72666C6F772F6C6974652F6DA9
:101FE0006963726F2F6B65726E656C732F646570B9
:101FF0007468776973655F636F6E765F636F6D6D2D
:102000006F6E2E636300616666696E655F717561F0
:102010006E74697A6174696F6E2D3E7363616C656D
:102020002D3E73697A65203D3D2031207C7C206106
:102030006666696E655F7175616E74697A617469EF
:102040006F6E2D3E7363616C652D3E73697A6520FA
:102050003D3D2066696C7465722D3E64696D732D1B
:102060003E646174615B6B44657074687769736525
:10207000436F6E765175616E74697A656444696DFB
:10208000656E73696F6E5D00616666696E655F712E
:1020900075616E74697A6174696F6E2D3E7A6572CE
:1020A0006F5F706F696E742D3E73697A650061664B
:1020B00066696E655F7175616E74697A6174696F66
:1020C0006E2D3E7363616C652D3E73697A65002FDA
:1020D000686F6D652F63792F636F64652F70726F02
:1020E0006772616D2F4C45445F544553542F4472C1
:1020F00069766572732F74666C6974652D6D69639A
:10210000726F2F74656E736F72666C6F772F6C6968
:1021100074652F6D6963726F2F6B65726E656C737A
:102120002F6465707468776973655F636F6E765F3F
:10213000636F6D6D6F6E2E636320487962726964A0
:10214000206D6F64656C7320617265206E6F742002
:10215000737570706F72746564206F6E2054464C96
:10216000697465204D6963726F2E002F686F6D650D
:102170002F63792F636F64652F70726F6772616D63
:102180002F4C45445F544553542F44726976657211
:10219000732F74666C6974652D6D6963726F2F742B
:1021A000656E736F72666C6F772F6C6974652F6DD7
:1021B0006963726F2F6B65726E656C732F66756CD9
:1021C0006C795F636F6E6E65637465642E63630024
:1021D00025733A256420257320213D20257320286E
:1021E000257320213D2025732900496E70757420C8
:1021F000747970653A202573207769746820666960
:102200006C74657220747970653A202573206E6F46
:102210007420737570706F727465642E0046696CFB
:1022200074657220747970652025732028256429CF
:10223000206E6F7420737570706F727465642E00F9
:102240002F686F6D652F63792F636F64652F7072D0
:102250006F6772616D2F4C45445F544553542F4452
:102260007269766572732F74666C6974652D6D6919
:1022700063726F2F74656E736F72666C6F772F6CFD
:102280006974652F6D6963726F2F6B65726E656C13
:10229000732F66756C6C795F636F6E6E65637465C2
:1022A000645F636F6D6D6F6E2E6363006166666958
:1022B0006E655F7175616E74697A6174696F6E2D98
:1022C0003E7363616C650028696E7075742D3E7491
:1022D000797065203D3D206B54664C697465496E8C
:1022E00074382026262066696C7465722D3E7479D8
:1022F000706520213D206B54664C697465496E748D
:102300003429207C7C2028696E7075742D3E747988
:102310007065203D3D206B54664C697465496E7450
:1023200031362026262066696C7465722D3E7479DC
:10233000706520213D206B54664C697465496E744C
:1023400034290066696C7465722D3E64696D732D65
:102350003E646174615B616666696E655F7175613B
:102360006E74697A6174696F6E2D3E7175616E74F9
:10237000697A65645F64696D656E73696F6E5D002F
:102380007065725F6368616E6E656C5F7175616EBA
:1023900074697A6174696F6E5F73697A65006469E4
:1023A0006D735B695D203C207374643A3A6E756DA1
:1023B000657269635F6C696D6974733C696E743EC4
:1023C0003A3A6D61782829202F20636F756E74006A
:1023D000496E7075742025732C206F757470757438
:1023E000202573206E6F7420737570706F72746522
:1023F000642E002F686F6D652F63792F636F64659E
:102400002F70726F6772616D2F4C45445F54455356
:10241000542F447269766572732F74666C697465A3
:102420002D6D6963726F2F74656E736F72666C6F5A
:10243000772F6C6974652F6D6963726F2F6B65728E
:102440006E656C732F6C6F6769737469635F636F1C
:102450006D6D6F6E2E6363007374643A3A6E756DC2
:10246000657269635F6C696D6974733C696E743819
:102470005F743E3A3A6D696E282900696E70757412
:102480002D3E706172616D732E7A65726F5F706F31
:10249000696E7400436865636B65644C6F673228CE
:1024A0006F75747075742D3E706172616D732E73EB
:1024B00063616C652C20266F75747075745F73632F
:1024C000616C655F6C6F67325F726F756E646564B7
:1024D00029002D6B4F757470757446726163746951
:1024E0006F6E616C42697473006F75747075745FA0
:1024F0007363616C655F6C6F67325F726F756E647A
:102500006564006578706F6E656E74203E3D2030A6
:1025100000496E7465676572547970652067656DF2
:102520006D6C6F77703A3A526F756E64696E67447E
:1025300069766964654279504F5428496E746567BD
:102540006572547970652C20696E7429205B7769F7
:10255000746820496E746567657254797065203DB2
:10256000206C6F6E6720696E745D002F686F6D65FB
:102570002F63792F636F64652F70726F6772616D5F
:102580002F4C45445F544553542F4472697665720D
:10259000732F74666C6974652D6D6963726F2F7427
:1025A000656E736F72666C6F772F6C6974652F6DD3
:1025B0006963726F2F746F6F6C732F6D616B652F12
:1025C000646F776E6C6F6164732F67656D6D6C6F90
:1025D00077702F6669786564706F696E742F6669AD
:1025E000786564706F696E742E68006578706F6EC0
:1025F000656E74203C3D203331002F686F6D652F70
:1026000063792F636F64652F70726F6772616D2FCE
:102610004C45445F544553542F4472697665727338
:102620002F74666C6974652D6D6963726F2F7465A4
:102630006E736F72666C6F772F6C6974652F6D693E
:1026400063726F2F6B65726E656C732F736F667438
:102650006D61785F636F6D6D6F6E2E636300726185
:10266000775F6578705F6C757420213D206E756CA6
:102670006C707472006F6E655F6F7665725F6F6EFF
:10268000655F706C75735F785F6C757420213D2099
:102690006E756C6C70747200696E7075742D3E741A
:1026A000797065203D3D206B54664C697465496EB8
:1026B0007438207C7C20696E7075742D3E7479703E
:1026C00065203D3D206B54664C697465496E7431DC
:1026D000360025733A2564202573206E6F74206EB2
:1026E0006561722025732028256620213D202566FE
:1026F0002900312E66202F203332373638006F758F
:10270000747075742D3E706172616D732E736361A8
:102710006C65002D333237363800312E66202F207D
:102720003635353336006B54664C697465496E74C2
:1027300038002D313238006F75747075742D3E700D
:102740006172616D732E7363616C65203D3D203154
:102750002E66202F20323536006B54664C69746526
:10276000466C6F61743332004E756D496E707574CE
:1027700073286E6F646529004E756D4F75747075A2
:102780007473286E6F646529004E756D44696D65BC
:102790006E73696F6E7328696E70757429203E3D83
:1027A0002031006E6F64652D3E757365725F6461E4
:1027B000746120213D206E756C6C70747200216212
:1027C000726F6164636173745F696E7075743120D8
:1027D0007C7C202162726F6164636173745F696ED7
:1027E0007075743200626F6F6C2074666C6974650A
:1027F0003A3A52656475636544696D656E73696FD5
:102800006E73466F7242726F6164636173742863A2
:102810006F6E73742052756E74696D655368617064
:1028200065262C20636F6E73742052756E74696D0B
:10283000655368617065262C2073697A655F742A18
:102840002C2073697A655F742A2C2073697A655F1E
:10285000742A29205B7769746820696E74204D4161
:10286000585F44494D203D20363B2073697A655FAF
:1028700074203D20756E7369676E656420696E749F
:102880005D002F686F6D652F63792F636F64652F0F
:1028900070726F6772616D2F4C45445F544553549D
:1028A0002F447269766572732F74666C6974652D36
:1028B0006D6963726F2F74656E736F72666C6F777C
:1028C0002F6C6974652F6B65726E656C732F696E02
:1028D0007465726E616C2F636F6D6D6F6E2E680024
:1028E0002F686F6D652F63792F636F64652F70722A
:1028F0006F6772616D2F4C45445F544553542F44AC
:102900007269766572732F74666C6974652D6D6972
:1029100063726F2F74656E736F72666C6F772F6C56
:102920006974652F6D6963726F2F6B65726E656C6C
:10293000732F6164645F636F6D6D6F6E2E636300F0
:10294000696E7075743120213D206E756C6C7074E9
:102950007200696E7075743220213D206E756C6C4A
:10296000707472006B54664C6974654E6F5175617A
:102970006E74697A6174696F6E00696E7075743116
:102980002D3E7175616E74697A6174696F6E2E7413
:1029900079706500696E707574322D3E7175616E67
:1029A00074697A6174696F6E2E74797065005479F8
:1029B0007065202573206E6F742063757272656E6A
:1029C000746C7920737570706F727465642E002F4B
:1029D000686F6D652F63792F636F64652F70726FF9
:1029E0006772616D2F4C45445F544553542F4472B8
:1029F00069766572732F74666C6974652D6D696391
:102A0000726F2F74656E736F72666C6F772F6C695F
:102A100074652F6D6963726F2F6B65726E656C7371
:102A20002F706F6F6C696E675F636F6D6D6F6E2E69
:102A30006363007363616C655F64696666203C3D37
:102A400020312E30652D3600696E7075742D3E7004
:102A50006172616D732E7A65726F5F706F696E74EB
:102A6000203D3D206F75747075742D3E70617261EC
:102A70006D732E7A65726F5F706F696E74002F6868
:102A80006F6D652F63792F636F64652F70726F6749
:102A900072616D2F4C45445F544553542F44726905
:102AA000766572732F74666C6974652D6D696372D7
:102AB0006F2F74656E736F72666C6F772F6C6974AD
:102AC000652F6D6963726F2F6B65726E656C732F06
:102AD0006D756C5F636F6D6D6F6E2E636300696EF5
:102AE000707574322D3E7479706500696E707574FE
:102AF000312D3E7479706500646174612D3E696E9C
:102B0000707574315F7A65726F5F706F696E740093
:102B1000646174612D3E696E707574325F7A65729E
:102B20006F5F706F696E7400646174612D3E6F75C4
:102B3000747075745F7A65726F5F706F696E740020
:102B40006F705F706172616D732E696E7075743134
:102B50005F6F6666736574006F705F706172616D40
:102B6000732E696E707574325F6F6666736574007C
:102B70006F705F706172616D732E6F7574707574B4
:102B80005F6F6666736574002F686F6D652F63797C
:102B90002F636F64652F70726F6772616D2F4C4584
:102BA000445F544553542F447269766572732F7491
:102BB000666C6974652D6D6963726F2F74656E73D1
:102BC0006F72666C6F772F6C6974652F6D696372B5
:102BD0006F2F6B65726E656C732F726564756365BC
:102BE0005F636F6D6D6F6E2E6363006E6F64652D36
:102BF0003E696E707574732D3E73697A65006178F5
:102C0000697320213D206E756C6C707472006B547A
:102C1000664C697465496E74333200617869732D4E
:102C20003E7479706500726573756C7400726566C8
:102C30006572656E63655F6F70733A3A4D65616E7C
:102C4000282074666C6974653A3A6D6963726F3AEC
:102C50003A47657454656E736F72446174613C6683
:102C60006C6F61743E28696E707574292C20696ED2
:102C70007075742D3E64696D732D3E646174612CB2
:102C800020696E7075742D3E64696D732D3E736995
:102C90007A652C2074666C6974653A3A6D69637262
:102CA0006F3A3A47657454656E736F72446174612C
:102CB0003C666C6F61743E286F7574707574292C56
:102CC000206F75747075742D3E64696D732D3E644C
:102CD0006174612C206F75747075742D3E64696D1C
:102CE000732D3E73697A652C2074666C6974653A3D
:102CF0003A6D6963726F3A3A47657454656E736FE3
:102D000072446174613C696E743E2861786973290C
:102D10002C206E756D5F617869732C207061726113
:102D20006D732D3E6B6565705F64696D732C2074E7
:102D3000656D705F696E6465782C207265736F6C69
:102D40007665645F617869732C2074666C6974655C
:102D50003A3A6D6963726F3A3A47657454656E73B7
:102D60006F72446174613C666C6F61743E286F756C
:102D7000747075742929002F686F6D652F63792F22
:102D8000636F64652F70726F6772616D2F4C45447D
:102D90005F544553542F447269766572732F74667D
:102DA0006C6974652D6D6963726F2F74656E736FD6
:102DB00072666C6F772F6C6974652F6D6963726FC3
:102DC0002F6B65726E656C732F7265647563655FDA
:102DD000636F6D6D6F6E2E63632043757272656EE7
:102DE000746C792C206F6E6C7920666C6F61743313
:102DF000322C20696E7438206F7220696E743136FF
:102E000020696E7075742074797065206973207301
:102E10007570706F727465642E00556E6B6E6F778F
:102E20006E2074797065004E4F5459504500464CE1
:102E30004F415433320055494E543800535452498F
:102E40004E4700424F4F4C00434F4D504C45583673
:102E50003400464C4F4154363400434F4D504C459E
:102E6000583132380055494E543634005245534F8C
:102E7000555243450056415249414E540055494E22
:102E80005433320055494E54313600494E543400C3
:102E900042464C4F4154313600556E737570706F19
:102EA0007274656420646174612074797065202592
:102EB0006420696E2074656E736F720A00556E68C7
:102EC000616E646C65642066756C6C792D636F6EE1
:102ED0006E656374656420776569676874732066DE
:102EE0006F726D61742E0069203C2073697A6528C9
:102EF0002900666C6174627566666572733A3A564B
:102F00006563746F723C542C2053697A65543E3A61
:102F10003A72657475726E5F7479706520666C6163
:102F200074627566666572733A3A566563746F7259
:102F30003C542C2053697A65543E3A3A47657428CC
:102F400053697A65542920636F6E7374205B7769C7
:102F500074682054203D20666C61746275666665F5
:102F600072733A3A4F66667365743C74666C697442
:102F7000653A3A4275666665723E3B2053697A65EA
:102F800054203D206C6F6E6720756E7369676E65A7
:102F90006420696E743B2072657475726E5F74791B
:102FA0007065203D20636F6E73742074666C697465
:102FB000653A3A4275666665722A5D002F686F6DE4
:102FC000652F63792F636F64652F70726F6772610D
:102FD0006D2F4C45445F544553542F4472697665B8
:102FE00072732F74666C6974652D6D6963726F2FCF
:102FF00074656E736F72666C6F772F6C6974652F72
:103000006D6963726F2F746F6F6C732F6D616B6579
:103010002F646F776E6C6F6164732F666C6174627E
:103020007566666572732F696E636C7564652F666D
:103030006C6174627566666572732F766563746F12
:10304000722E68004D6963726F416C6C6F636174BE
:103050006F723A204D6F64656C20616C6C6F6361B8
:1030600074696F6E2066696E697368656420626555
:10307000666F7265207374617274696E6720616C2B
:103080006C6F636174696E67206D6F64656C004D71
:103090006963726F416C6C6F6361746F723A204D3B
:1030A0006F64656C20616C6C6F636174696F6E2016
:1030B00073746172746564206265666F7265206600
:1030C000696E697368696E672070726576696F757D
:1030D000736C7920616C6C6F6361746564206D6FD3
:1030E00064656C004661696C656420746F20616C76
:1030F0006C6F63617465206D656D6F727920666FAA
:1031000072206D6F64656C206D65746164617461BB
:103110002E0053637261746368206275666665721F
:1031200020726571756573742065786565647320B8
:103130006C696D697420706572206F70657261745E
:103140006F72202825642900666C6174627566665A
:103150006572733A3A566563746F723C542C20530F
:10316000697A65543E3A3A72657475726E5F747925
:10317000706520666C6174627566666572733A3A52
:10318000566563746F723C542C2053697A65543EC3
:103190003A3A4765742853697A65542920636F6EFB
:1031A0007374205B776974682054203D206C6F6EC7
:1031B00067206C6F6E6720696E743B2053697A6577
:1031C00054203D206C6F6E6720756E7369676E6565
:1031D0006420696E743B2072657475726E5F7479D9
:1031E0007065203D206C6F6E67206C6F6E67206984
:1031F0006E745D00556E61626C6520746F20616C49
:103200006C6F636174652054664C697465416666D1
:10321000696E655175616E74697A6174696F6E2E3D
:103220000A00556E61626C6520746F20616C6C6F72
:1032300063617465207175616E74697A6174696F18
:103240006E2D3E7A65726F5F706F696E742E0A0024
:10325000666C6174627566666572733A3A56656348
:10326000746F723C542C2053697A65543E3A3A721A
:10327000657475726E5F7479706520666C617462D6
:103280007566666572733A3A566563746F723C543C
:103290002C2053697A65543E3A3A4765742853693D
:1032A0007A65542920636F6E7374205B7769746844
:1032B0002054203D20666C61746275666665727389
:1032C0003A3A4F66667365743C74666C6974653A25
:1032D0003A54656E736F723E3B2053697A65542091
:1032E0003D206C6F6E6720756E7369676E65642034
:1032F000696E743B2072657475726E5F7479706567
:10330000203D20636F6E73742074666C6974653A37
:103310003A54656E736F722A5D004661696C65642C
:1033200020746F20616C6C6F6361746520766172CC
:103330006961626C652074656E736F72206F6620C0
:1033400073697A6520256400666C617462756666CF
:103350006572733A3A566563746F723C542C20530D
:10336000697A65543E3A3A72657475726E5F747923
:10337000706520666C6174627566666572733A3A50
:10338000566563746F723C542C2053697A65543EC1
:103390003A3A4765742853697A65542920636F6EF9
:1033A0007374205B776974682054203D20666C61DB
:1033B00074627566666572733A3A4F6666736574D1
:1033C0003C74666C6974653A3A5375624772617011
:1033D000683E3B2053697A6554203D206C6F6E67D0
:1033E00020756E7369676E656420696E743B207228
:1033F000657475726E5F74797065203D20636F6EC1
:1034000073742074666C6974653A3A5375624772D6
:103410006170682A5D004661696C656420746F2084
:10342000616C6C6F63617465206D656D6F7279207E
:10343000666F72206E6F64655F616E645F72656750
:10344000697374726174696F6E732E004661696C82
:10345000656420746F20616C6C6F63617465206DAE
:10346000656D6F727920666F722070657273697313
:1034700074656E742054664C69746554656E736F20
:1034800072004661696C656420746F20706F70759E
:103490006C61746520612070657273697374656E08
:1034A000742054664C69746554656E736F72207332
:1034B00074727563742066726F6D20666C617462DD
:1034C0007566666572206461746121004661696C8D
:1034D000656420746F20616C6C6F63617465207427
:1034E000656D702E206D656D6F727920666F72202C
:1034F00074656E736F722025642C20737562677219
:10350000617068202564004661696C656420746F91
:1035100020706F70756C61746520612074656D70CA
:103520002054664C69746554656E736F72207374B1
:10353000727563742066726F6D20666C617462755B
:1035400066666572206461746121004661696C651C
:103550006420746F20616C6C6F63617465206D65AD
:103560006D6F727920666F7220636F6E7465787408
:103570002D3E6576616C5F74656E736F72732C207F
:10358000256420627974657320726571756972654E
:1035900064004661696C656420746F20696E6974AB
:1035A00069616C697A652074656E736F7220256439
:1035B000004E6272206F66206F66666C696E6520D1
:1035C000627566666572206F66667365747320281F
:1035D00025642920696E206D6574616461746120C1
:1035E0006E6F7420657175616C206E6272207465F7
:1035F0006E736F727320282564290A00666C6174EB
:10360000627566666572733A3A566563746F723CAA
:10361000542C2053697A65543E3A3A726574757237
:103620006E5F7479706520666C617462756666653C
:1036300072733A3A566563746F723C542C20536926
:103640007A65543E3A3A4765742853697A65542935
:1036500020636F6E7374205B776974682054203D1B
:10366000206C6F6E6720696E743B2053697A6554D5
:10367000203D206C6F6E6720756E7369676E6564A0
:1036800020696E743B2072657475726E5F74797018
:1036900065203D206C6F6E6720696E745D00666CFE
:1036A0006174627566666572733A3A566563746FE3
:1036B000723C542C2053697A65543E3A3A726574D0
:1036C00075726E5F7479706520666C617462756680
:1036D000666572733A3A566563746F723C542C2077
:1036E00053697A65543E3A3A4765742853697A6556
:1036F000542920636F6E7374205B7769746820545B
:10370000203D20666C6174627566666572733A3A34
:103710004F66667365743C74666C6974653A3A4FBB
:1037200070657261746F723E3B2053697A655420F4
:103730003D206C6F6E6720756E7369676E656420DF
:10374000696E743B2072657475726E5F7479706512
:10375000203D20636F6E73742074666C6974653AE3
:103760003A4F70657261746F722A5D004661696CD0
:10377000656420746F20616C6C6F63617465206D8B
:10378000656D6F727920666F72206D656D6F7279ED
:1037900020706C616E6E696E672C202564206279E2
:1037A00074657320726571756972656400446F6534
:1037B00073206E6F7420737570706F727420696EF1
:1037C0007465726D6564696174652074656E736F8C
:1037D000722077697468206E6F6E2D7A65726F2023
:1037E00073697A653A20256400666C617462756657
:1037F000666572733A3A566563746F723C542C2056
:1038000053697A65543E3A3A72657475726E5F74A4
:1038100079706520666C6174627566666572733A6C
:103820003A566563746F723C542C2053697A655420
:103830003E3A3A4765742853697A65542920636F84
:103840006E7374205B776974682054203D20666C29
:103850006174627566666572733A3A4F666673653F
:10386000743C74666C6974653A3A4F706572617441
:103870006F72436F64653E3B2053697A6554203D07
:10388000206C6F6E6720756E7369676E6564206962
:103890006E743B2072657475726E5F74797065200A
:1038A0003D20636F6E73742074666C6974653A3A78
:1038B0004F70657261746F72436F64652A5D004971
:1038C0006E70757420696E646578202564206F754C
:1038D00074206F662072616E676520286C656E6764
:1038E000746820697320256429004F75747075749D
:1038F00020696E646578202564206F7574206F667A
:103900002072616E676520286C656E677468206937
:103910007320256429004D697373696E6720726591
:1039200067697374726174696F6E20666F72206F5D
:1039300070636F64655F696E6465782025640A0052
:103940004661696C656420746F20676574207265D8
:1039500067697374726174696F6E2066726F6D202F
:103960006F7020636F64652025730A2000536B69B4
:103970007070696E67206F7020666F72206F706361
:103980006F64655F696E6465782025640A00556E12
:10399000737570706F7274656420626568617669B2
:1039A0006F723A20666F756E64206275696C746917
:1039B0006E206F70657261746F7220257320776955
:1039C000746820637573746F6D206F7074696F6EA7
:1039D000732E0A00446964206E6F742066696E64F9
:1039E00020612070617273657220666F722025738A
:1039F000004661696C6564207374617274696E67F6
:103A0000206D6F64656C20616C6C6F636174696FAD
:103A10006E2E0A004661696C656420746F20616CCB
:103A20006C6F63617465206D656D6F727920666F70
:103A30007220636F6E746578742D3E696E70757454
:103A40005F74656E736F72735F2C202564206279DA
:103A50007465732072657175697265640046616989
:103A60006C656420746F20696E697469616C697A31
:103A70006520696E7075742074656E736F72202591
:103A800064004661696C656420746F20616C6C6FC2
:103A900063617465206D656D6F727920666F722049
:103AA000636F6E746578742D3E6F75747075745F96
:103AB00074656E736F72735F2C2025642062797455
:103AC0006573207265717569726564004661696C21
:103AD000656420746F20696E697469616C697A65C8
:103AE000206F75747075742074656E736F72202505
:103AF0006400496E766F6B6528292063616C6C6584
:103B00006420616674657220696E697469616C69AC
:103B10007A6174696F6E206661696C65640A004140
:103B20005645524147455F504F4F4C5F324400432A
:103B30004F4E434154454E4154494F4E0044455029
:103B40005448574953455F434F4E565F32440044F3
:103B5000455054485F544F5F5350414345004445DE
:103B60005155414E54495A4500454D4245444449FA
:103B70004E475F4C4F4F4B55500046554C4C595F8C
:103B8000434F4E4E454354454400484153485441E9
:103B9000424C455F4C4F4F4B5550004C325F4E4F9F
:103BA000524D414C495A4154494F4E004C325F509E
:103BB0004F4F4C5F3244004C4F43414C5F52455392
:103BC000504F4E53455F4E4F524D414C495A415410
:103BD000494F4E004C53485F50524F4A4543544959
:103BE0004F4E004D41585F504F4F4C5F3244005292
:103BF000454C555F4E315F544F5F310052454C5537
:103C00003600524553495A455F42494C494E454159
:103C1000520053504143455F544F5F444550544810
:103C2000005356444600434F4E4341545F454D4276
:103C3000454444494E475300534B49505F47524116
:103C40004D00435553544F4D00454D424544444962
:103C50004E475F4C4F4F4B55505F53504152534569
:103C600000554E49444952454354494F4E414C5FDB
:103C700053455155454E43455F524E4E00424154C7
:103C800043485F544F5F53504143455F4E44005398
:103C9000504143455F544F5F42415443485F4E4457
:103CA000004D45414E005355420053515545455A2C
:103CB0004500554E49444952454354494F4E414CA5
:103CC0005F53455155454E43455F4C53544D00534A
:103CD0005452494445445F534C494345004249448A
:103CE0004952454354494F4E414C5F534551554508
:103CF0004E43455F524E4E0045585000544F504B76
:103D00005F56320053504C4954004C4F475F534F5D
:103D100046544D41580044454C45474154450042A6
:103D200049444952454354494F4E414C5F534551D4
:103D300055454E43455F4C53544D005052454C55EC
:103D4000004152475F4D4158004C455353004E458A
:103D500047005041445632004752454154455200B5
:103D6000475245415445525F455155414C004C45E1
:103D700053535F455155414C0053494E00545241F5
:103D80004E53504F53455F434F4E56005350415290
:103D900053455F544F5F44454E53450054494C458D
:103DA00000455850414E445F44494D53004E4F54D6
:103DB0005F455155414C00504F57004152475F4DB0
:103DC000494E0046414B455F5155414E54005245C6
:103DD000445543455F50524F440052454455434576
:103DE0005F4D4158004C4F474943414C5F4F520093
:103DF0004F4E455F484F54004C4F474943414C5F3D
:103E0000414E44004C4F474943414C5F4E4F540094
:103E1000554E5041434B005245445543455F4D4933
:103E20004E00464C4F4F525F444956005245445550
:103E300043455F414E5900535155415245005A4543
:103E4000524F535F4C494B450046494C4C00464C41
:103E50004F4F525F4D4F440052414E47450052452F
:103E600053495A455F4E4541524553545F4E45496B
:103E70004748424F52004C45414B595F52454C55C3
:103E800000535155415245445F44494646455245C9
:103E90004E4345004D4952524F525F5041440053EA
:103EA000504C49545F5600554E49515545004345C5
:103EB000494C00524556455253455F5632004144E5
:103EC000445F4E004741544845525F4E4400434FC3
:103ED000530057484552450052414E4B00524556FB
:103EE000455253455F53455155454E4345004D415D
:103EF000545249585F44494147004D415452495832
:103F00005F5345545F4449414700524F554E44006A
:103F1000484152445F5357495348004946004E4F69
:103F20004E5F4D41585F5355505052455353494F82
:103F30004E5F5634004E4F4E5F4D41585F535550C3
:103F40005052455353494F4E5F56350053434154E9
:103F50005445525F4E440053454C4543545F5632DE
:103F60000044454E534946590042415443485F4D31
:103F700041544D554C00504C414345484F4C4445ED
:103F8000525F464F525F475245415445525F4F5032
:103F90005F434F4445530043554D53554D004341F6
:103FA0004C4C5F4F4E43450042524F4144434153B6
:103FB000545F544F0052464654324400434F4E56CD
:103FC0005F334400494D4147005245414C00434F47
:103FD0004D504C45585F414253004841534854416D
:103FE000424C4500484153485441424C455F464984
:103FF0004E4400484153485441424C455F494D505E
:104000004F525400484153485441424C455F534934
:104010005A45005245445543455F414C4C00434F7F
:104020004E565F33445F5452414E53504F534500F8
:104030005641525F48414E444C4500524541445F11
:104040005641524941424C450041535349474E5F06
:104050005641524941424C450042524F414443412E
:1040600053545F415247530052414E444F4D5F53AA
:1040700054414E444152445F4E4F524D414C0042D8
:1040800055434B4554495A450052414E444F4D5FAC
:10409000554E49464F524D004D554C54494E4F4D8B
:1040A00049414C0047454C550052454C555F305FE7
:1040B000544F5F3100554E534F525445445F534562
:1040C000474D454E545F50524F4400554E534F524A
:1040D0005445445F5345474D454E545F4D4158004C
:1040E000554E534F525445445F5345474D454E54EA
:1040F0005F53554D004154414E3200554E534F527F
:104100005445445F5345474D454E545F4D494E001D
:104110005349474E00424954434153540042495485
:10412000574953455F584F520052494748545F53CF
:104130004849465400535441424C45484C4F5F4C0B
:104140004F47495354494300535441424C45484C0E
:104150004F5F41444400535441424C45484C4F5FEB
:1041600044495649444500535441424C45484C4FFC
:104170005F4D554C5449504C5900535441424C45A5
:10418000484C4F5F4D4158494D554D0053544142A5
:104190004C45484C4F5F524553484150450053549D
:1041A00041424C45484C4F5F434C414D50005354A5
:1041B00041424C45484C4F5F434F4E434154454E5E
:1041C00041544500535441424C45484C4F5F425284
:1041D0004F4144434153545F494E5F44494D00535E
:1041E0005441424C45484C4F5F434F4E564F4C55FF
:1041F00054494F4E00535441424C45484C4F5F5335
:104200004C49434500535441424C45484C4F5F4351
:104210005553544F4D5F43414C4C00535441424C15
:1042200045484C4F5F524544554345005354414225
:104230004C45484C4F5F41425300535441424C451A
:10424000484C4F5F414E4400535441424C45484C0A
:104250004F5F434F53494E4500535441424C4548EC
:104260004C4F5F4558504F4E454E5449414C0053BA
:104270005441424C45484C4F5F464C4F4F520053BF
:104280005441424C45484C4F5F4C4F4700535441BA
:10429000424C45484C4F5F4D494E494D554D00539A
:1042A0005441424C45484C4F5F4E454741544500B0
:1042B000535441424C45484C4F5F4F520053544178
:1042C000424C45484C4F5F504F5745520053544164
:1042D000424C45484C4F5F52454D41494E44455232
:1042E00000535441424C45484C4F5F525351525435
:1042F00000535441424C45484C4F5F53454C454355
:104300005400535441424C45484C4F5F535542541E
:104310005241435400535441424C45484C4F5F5422
:10432000414E4800535441424C45484C4F5F534323
:10433000415454455200535441424C45484C4F5F00
:10434000434F4D5041524500535441424C45484C17
:104350004F5F434F4E5645525400535441424C45D3
:10436000484C4F5F44594E414D49435F534C49437C
:104370004500535441424C45484C4F5F44594E41CF
:104380004D49435F5550444154455F534C49434563
:1043900000535441424C45484C4F5F5041440053F8
:1043A0005441424C45484C4F5F494F54410053548F
:1043B00041424C45484C4F5F444F545F47454E4542
:1043C00052414C00535441424C45484C4F5F52457A
:1043D000445543455F57494E444F5700535441425B
:1043E0004C45484C4F5F534F525400535441424C3C
:1043F00045484C4F5F5748494C4500535441424C47
:1044000045484C4F5F474154484552005354414240
:104410004C45484C4F5F5452414E53504F5345000A
:1044200044494C41544500535441424C45484C4F3B
:104430005F524E475F4249545F47454E4552415493
:104440004F5200535441424C45484C4F5F434F4DEF
:10445000504F5349544500535441424C45484C4FEA
:104460005F53484946545F4C4546540053544142BB
:104470004C45484C4F5F4342525400535441424CC8
:1044800045484C4F5F43415345000D0A002F686F6C
:104490006D652F63792F636F64652F70726F67721C
:1044A000616D2F4C45445F544553542F44726976D7
:1044B0006572732F74666C6974652D6D6963726FB4
:1044C0002F74656E736F72666C6F772F6C6974658D
:1044D0002F6B65726E656C732F6B65726E656C5FAA
:1044E0007574696C2E6363006E6F5F696E746567C7
:1044F00065725F6F766572666C6F775F66726F6DFF
:104500005F7175616E74697A6174696F6E00696E4E
:104510007075745F70726F647563745F7363616CE0
:1045200065203E3D2030007363616C655F646966A1
:1045300066202F206F75747075745F7363616C658E
:10454000203C3D20302E30320066616C736500697E
:104550006E7075742D3E7175616E74697A617469DF
:104560006F6E2E7479706500616666696E655F7145
:1045700075616E74697A6174696F6E0066696C74D6
:1045800065722D3E74797065203D3D206B54664CFC
:10459000697465496E7438207C7C2066696C74652A
:1045A000722D3E74797065203D3D206B54664C69D8
:1045B0007465496E7434006E756D5F6368616E6E0C
:1045C000656C73007175616E74697A65645F6D7591
:1045D0006C7469706C696572203E3D203000696EB4
:1045E0007433325F742074666C6974653A3A4D7541
:1045F0006C7469706C7942795175616E74697A6511
:10460000644D756C7469706C69657228696E743676
:10461000345F742C20696E7433325F742C20696EA1
:104620007429002F686F6D652F63792F636F646540
:104630002F70726F6772616D2F4C45445F54455304
:10464000542F447269766572732F74666C69746551
:104650002D6D6963726F2F74656E736F72666C6F08
:10466000772F6C6974652F6B65726E656C732F693B
:104670006E7465726E616C2F636F6D6D6F6E2E63FD
:1046800063007368696674203E3D202D3331202617
:1046900026207368696674203C20380078203E3DEF
:1046A000202D287374617469635F636173743C695E
:1046B0006E7436345F743E283129203C3C203437F8
:1046C000292026262078203C202873746174696391
:1046D0005F636173743C696E7436345F743E283175
:1046E00029203C3C2034372900546F6F206D616EC7
:1046F00079206275666665727320286D617820691D
:1047000073202564290062756666657220696E648F
:104710006578202564206973206F757473696465FA
:104720002072616E6765203020746F20256400253B
:1047300063202869643D2564293A2073697A653DC0
:1047400025642C206F66667365743D25642C206695
:10475000697273745F757365643D2564206C617361
:10476000745F757365643D2564002534643A2025C3
:1047700073202825646B2900496E7465726E616C24
:10478000206572726F723A20656974686572206282
:104790007566666572206973206E6F74207265732A
:1047A000697A61626C65206F72205265736574541A
:1047B000656D70416C6C6F636174696F6E732829ED
:1047C000206973206E6F742063616C6C6564206275
:1047D00065666F726520526573697A6542756666B3
:1047E000657228292E004661696C656420746F200B
:1047F000726573697A65206275666665722E2052ED
:1048000065717565737465643A2025752C20617631
:1048100061696C61626C652025752C206D6973730C
:10482000696E673A202575004661696C656420747D
:104830006F20616C6C6F636174652074656D7020AE
:104840006D656D6F72792E20526571756573746533
:10485000643A2025752C20617661696C61626C6513
:104860002025752C206D697373696E673A20257554
:10487000004E756D626572206F6620616C6C6F63AF
:10488000617465642074656D70206275666665721A
:10489000733A2025642E20436865636B73756D2021
:1048A00070617373696E67207374617475733A20F5
:1048B000256400416C6C2074656D702062756666BD
:1048C000657273206D75737420626520667265650C
:1048D00064206265666F72652063616C6C696E67E7
:1048E00020526573657454656D70416C6C6F6361C3
:1048F00074696F6E732829004661696C6564207461
:104900006F20616C6C6F63617465207461696C20E9
:104910006D656D6F72792E20526571756573746562
:10492000643A2025752C20617661696C61626C6542
:104930002025752C206D697373696E673A20257583
:10494000004E6F646520257320286E756D62657258
:104950002025646629206661696C656420746F2077
:104960007072657061726520776974682073746114
:1049700074757320256400416363657373696E67A2
:104980002073756267726170682025642062757497
:10499000206F6E6C79202564207375626772617078
:1049A000687320666F756E64004E6F6465202573B2
:1049B00020286E756D626572202564292066616904
:1049C0006C656420746F20696E766F6B6520776903
:1049D0007468207374617475732025640041747465
:1049E000656D7074696E6720746F207365742065DF
:1049F000787465726E616C20636F6E746578742074
:104A0000746F202578206275742069742077617333
:104A100020257820616C7265616479004F70206296
:104A200075696C74696E5F636F6465206F7574205F
:104A30006F662072616E67653A2025642E004469B6
:104A4000646E27742066696E64206F7020666F72D2
:104A5000206275696C74696E206F70636F64652085
:104A600027257327004F70657261746F7220776914
:104A7000746820435553544F4D206275696C7469B6
:104A80006E5F636F646520686173206E6F2063756D
:104A900073746F6D5F636F64652E0A002C206675FA
:104AA0006E6374696F6E3A20006173736572746926
:104AB0006F6E2022257322206661696C65643A203E
:104AC00066696C6520222573222C206C696E652036
:104AD0002564257325730A00232D302B2000686C74
:104AE0004C00656667454647003031323334353611
:104AF000373839414243444546003031323334354A
:104B00003637383961626364656600000000000072
:104B100000000000D510000837100008071000083A
:104B200005100008051000089A180208AE180208BF
:104B3000C4180208D6180208EC180208FE18020869
:104B40001219020821190208A0860100400D030075
:104B5000801A060000350C0040420F0080841E00C1
:104B600000093D0000127A000024F40000366E01B6
:104B70000048E801006CDC020000000000000000BA
:104B8000000000000000000000000000010203041B
:104B900000000000000000000102030406070809ED
:104BA000010002000400060008000A000C001000CA
:104BB00020004000800000010080004000480040CC
:104BC000000802420004024200000242800080000D
:104BD00000020000000000000200000001000000D0
:104BE00000000000000000000200000001000000C2
:104BF00000000000000000000200000001000000B2
:104C0000000000000080AB825585FD87A58A498D94
:104C1000EB8F89922495B9974A9AD59C5A9FD8A12F
:104C200050A4C0A628A988ABDFAD2EB073B2AFB434
:104C3000E1B609B927BB3BBD44BF43C137C320C55B
:104C4000FEC6D1C899CA57CC09CEB1CF4DD1DFD25B
:104C500066D4E3D555D7BDD81ADA6EDBB7DCF7DDFD
:104C60002DDF59E07CE197E2A8E3B0E4B0E5A8E6E7
:104C700098E77FE85FE937EA08EBD2EB95EC51ED76
:104C800007EEB6EE5FEF01F09FF036F1C8F154F297
:104C9000DCF25EF3DCF355F4CAF43AF5A6F50EF651
:104CA00072F6D2F62FF788F7DEF730F87FF8CBF8F8
:104CB00015F95BF99FF9E0F91EFA5AFA94FACCFA61
:104CC00001FB34FB65FB95FBC2FBEEFB18FC40FCD3
:104CD00066FC8CFCAFFCD1FCF2FC12FD30FD4DFDFE
:104CE00069FD84FD9EFDB6FDCEFDE5FDFBFD0FFEDD
:104CF00024FE37FE49FE5BFE6CFE7DFE8CFE9BFEB5
:104D0000AAFEB8FEC5FED2FEDEFEEAFEF5FE00FFFC
:104D10000BFF15FF1EFF27FF30FF39FF41FF48FF44
:104D200050FF57FF5EFF65FF6BFF71FF77FF7CFF52
:104D300082FF87FF8CFF91FF95FF99FF9EFFA2FFE7
:104D4000A5FFA9FFADFFB0FFB3FFB6FFB9FFBCFFE2
:104D5000BFFFC2FFC4FFC7FFC9FFCBFFCDFFD0FF1E
:104D6000D1FFD3FFD5FFD7FFD9FFDAFFDCFFDDFF8F
:104D7000DFFFE0FFE1FFE3FFE4FFE5FFE6FFE7FF22
:104D8000E8FFE9FFEAFFEBFFECFFEDFFEDFFEEFFD1
:104D9000EFFFF0FFF0FFF1FFF2FFF2FFF3FFF3FF91
:104DA000F4FFF4FFF5FFF5FFF6FFF6FFF6FFF7FF60
:104DB000F7FFF8FFF8FFF8FFF9FFF9FFF9FFF9FF38
:104DC000FAFFFAFFFAFFFAFFFBFFFBFFFBFFFBFF17
:104DD000FBFFFCFFFCFFFCFFFCFFFCFFFCFFFDFFFB
:104DE000FDFFFDFFFDFFFDFFFDFFFDFFFDFFFEFFE2
:104DF000FEFFFEFFFEFFFEFFFEFFFEFFFEFFFEFFCB
:104E0000FEFFFFFF000000000000000000000000A7
:104E10000100000000000000000000000000000091
:104E2000000000000100000000000000272E020822
:104E30002E2E02087E2E0208362E0208662E02084A
:104E40003C2E0208432E0208852E0208482E020836
:104E5000372E0208912E0208522E02085A2E0208FE
:104E6000652E02086C2E0208752E02087D2E02089F
:104E7000842E02088B2E0208902E020800000000EB
:104E800000000000E1BF000859C0000823B9000875
:104E9000F5B80008FDB8000805B900080DB900080C
:104EA000EBB80008E9B80008E9B8000889BF0008B5
:104EB000E9C20008EDBE000815B9000897C2000855
:104EC000DDC0000867B90008000000000000000015
:104ED000DFB80008E7B8000821B9000821B90008C8
:104EE000000000004F66666C696E654D656D6F72FF
:104EF00079416C6C6F636174696F6E005241020896
:104F00001F3B02082F3B0208473B02083D3B0208BB
:104F10004F3B02085E3B0208693B020879420208E7
:104F20007A3B02088A3B02089B3B0208AC3B020822
:104F3000B73B02083F410208D43B0208363D020855
:104F4000E33B0208723F02083C3D0208EF3B0208C7
:104F5000FC3B020896410208023C0208F43C0208AD
:104F60000E3D0208123C0208213C02081F430208C1
:104F7000263C0208383C020816420208423C02085D
:104F8000493C02089B430208613C020805440208B0
:104F90007D3C02088F3C020826400208A13C020822
:104FA000A63C0208283E0208AA3C0208B23C0208BD
:104FB000CF3C0208DD3C0208F83C0208FC3C020839
:104FC000043D02080A3D0208163D02081F3D020882
:104FD000184102083B3D020884410208413D020895
:104FE00097420208493D02084E3D0208523D020820
:104FF000583D0208603D02086E3D0208FB4202086F
:105000006C430208793D02087D3D02088C3D020890
:105010009C3D0208A13D0208683D0208AD3D020822
:10502000894202089A3F0208EC420208EB42020859
:1050300098410208B73D0208BB3D0208C33D020883
:10504000CE3D0208DA3D0208123E0208E53D0208A4
:10505000F03D0208F83D0208043E0208103E020836
:10506000173E0208223E02082C3E0208373E020884
:105070003E3E0208493E02084E3E0208583E0208E3
:105080005E3E0208763E0208813E0208943E020817
:10509000364202089F3E0208A73E0208AE3E0208C2
:1050A000B33E0208BE3E0208C43E0208CE3E0208DD
:1050B000D23E0208D83E0208A5400208DD3E0208A2
:1050C000EE3E0208603B0208FA3E02080A3F020870
:1050D000103F02081B3F0208F54302081E3F02086A
:1050E000353F02084C3F0208573F0208613F020863
:1050F000E9400208693F0208763F0208973F02082C
:105100009E3F0208A83F0208B53F0208BC3F0208C4
:10511000C43F0208C93F0208CE3F0208DA3F020836
:10512000E43F0208F33F020804400208134002086B
:105130001E400208304002083B4002084940020875
:1051400059400208684002087F400208894002086E
:1051500098400208A44002087C430208A9400208C3
:10516000B5400208CB400208E0400208F5400208C2
:10517000FB40020810410208154102081D410208C7
:1051800029410208354102084841020856410208F7
:10519000674102087A4102088C4102089E410208D8
:1051A000AE410208C4410208DF410208F54102088D
:1051B000054202081B4202082C4202083A42020839
:1051C00048420208594202086F4202087F42020820
:1051D0008D4202089F420208B0420208BD42020806
:1051E000CD420208E1420208F142020802430208ED
:1051F00015430208244302083643020848430208C4
:105200005A43020872430208914302089F4302086E
:10521000AE430208C4430208DC430208EB43020821
:10522000FB4302080C4402082044020827440208F9
:10523000CE43020843440208574402086C44020863
:105240007B44020800000000000000000000000095
:105250007FDC00087FDC000891DC000871DC0008BE
:1052600081DC000889DC0008C5DC000875DC00086A
:105270007BDC000879DC0008000000000000000072
:1052800063DD000863DD000885DD000865DD0008DA
:10529000CBDF000881DD00083DE100082FDD0008BC
:1052A00005DD000805E00008000000000000000027
:1052B00071E1000871E1000865E2000885E100087D
:1052C000A1E20008C5E20008B7E100080DE200080D
:1052D00073E1000893E10008E7E1000897E10008A6
:1052E00021E30008E9E20008A7E10008FCFFFFFF56
:1052F000000000003BE300083FE3000819E300085A
:10530000AFE100080000000000000000E5E3000835
:10531000E5E30008BDE5000811E80008B1E7000872
:105320002BE80008E1E700089DE50008E1E300083C
:10533000E7E300081DE500084DE40008A5E40008C7
:10534000A9E6000800000000000000004FE8000887
:105350004FE8000893E80008EFE80008ABE8000811
:1053600051E800086DE80008BFE80008D7E8000829
:1053700075E800080DE9000847E800084BE8000858
:1053800089E800088FE80008000000000000000025
:1053900019EA000819EA00081BEA000800000000EA
:1053A0000000803FC70F493BB1FF7F3F890FC93BDA
:1053B000C4FE7F3F59CB163C39FD7F3F900E493CE0
:1053C00011FB7F3F4B517B3C4AF87F3FB6C9963C6F
:1053D000E6F47F3F69EAAF3CE3F07F3FB00AC93CA7
:1053E00043EC7F3F7B2AE23C05E77F3FB949FB3C2A
:1053F00029E17F3F2F340A3DAFDA7F3F2CC3163DB2
:1054000098D37F3FCC51233DE2CB7F3F07E02F3D38
:105410008FC37F3FD56D3C3D9EBA7F3F2FFB483DFC
:105420000FB17F3F0E88553DE3A67F3F6814623D74
:10543000189C7F3F38A06E3DB1907F3F742B7B3D21
:10544000AB847F3F0ADB833D08787F3F0A208A3D9B
:10545000C76A7F3FB464903DE95C7F3F05A9963DF4
:105460006D4E7F3FF9EC9C3D543F7F3F8C30A33D18
:105470009D2F7F3FBA73A93D491F7F3F80B6AF3D47
:10548000580E7F3FDAF8B53DC9FC7E3FC33ABC3DBC
:105490009DEA7E3F397CC23DD4D77E3F36BDC83DB4
:1054A0006DC47E3FB7FDCE3D69B07E3FB93DD53D71
:1054B000C99B7E3F377DDB3D8B867E3F2EBCE13D29
:1054C000B0707E3F9AFAE73D385A7E3F7638EE3D1F
:1054D00023437E3FC075F43D722B7E3F73B2FA3D8D
:1054E00024137E3F4577003E38FA7D3F0295033E08
:1054F000B1E07D3F6EB2063E8CC67D3F86CF093E51
:10550000CCAB7D3F4AEC0C3E6E907D3FB708103E21
:1055100074747D3FCA24133EDE577D3F8340163EA0
:10552000AC3A7D3FE05B193EDD1C7D3FDE761C3EE4
:1055300073FE7C3F7B911F3E6CDF7C3FB6AB223E0F
:10554000C9BF7C3F8CC5253E8A9F7C3FFCDE283E40
:10555000B07E7C3F04F82B3E3A5D7C3FA2102F3E8C
:10556000283B7C3FD428323E7A187C3F9840353E19
:1055700031F57B3FEC57383E4DD17B3FCF6E3B3E04
:10558000CDAC7B3F3E853E3EB2877B3F379B413E65
:10559000FC617B3FB9B0443EAB3B7B3FC2C5473E5D
:1055A000BE147B3F4FDA4A3E37ED7A3F60EE4D3E08
:1055B00016C57A3FF101513E599C7A3F0115543E80
:1055C00002737A3F8F27573E10497A3F97395A3EE8
:1055D000841E7A3F1A4B5D3E5EF3793F135C603E5A
:1055E0009DC7793F836C633E439B793F667C663EF3
:1055F0004E6E793FBA8B693EC040793F7F9A6C3ED0
:105600009812793FB2A86F3ED6E3783F51B6723E0A
:105610007BB4783F5AC3753E8684783FCCCF783EC2
:10562000F853783FA4DB7B3ED122783FE1E67E3E13
:1056300010F1773FC0F8803EB7BE773FC07D823E15
:10564000C58B773F7002843E3A58773FCE86853EC1
:105650001724773FDA0A873E5BEF763F938E883ECA
:1056600007BA763FF8118A3E1B84763F07958B3E3A
:10567000974D763FC0178D3E7A16763F229A8E3E22
:10568000C6DE753F2C1C903E7BA6753FDD9D913E8E
:10569000976D753F351F933E1D34753F31A0943E85
:1056A0000BFA743FD220963E62BF743F17A1973E1B
:1056B0002284743FFE20993E4B48743F86A09A3E58
:1056C000DD0B743FAF1F9C3ED9CE733F789E9D3E4D
:1056D0003F91733FDF1C9F3E0E53733FE59AA03E00
:1056E0004714733F8718A23EEBD4723FC595A33E83
:1056F000F894723F9F12A53E7054723F128FA63EDF
:105700005213723F1F0BA83E9FD1713FC486A93E22
:10571000578F713F0102AB3E7A4C713FD47CAC3E57
:105720000809713F3CF7AD3E02C5703F3A71AF3E8C
:105730006680703FCBEAB03E373B703FEF63B23ECE
:1057400073F56F3FA5DCB33E1BAF6F3FEC54B53E26
:1057500030686F3FC3CCB63EB0206F3F2A44B83E9E
:105760009ED86E3F1EBBB93EF88F6E3FA031BB3E48
:10577000BE466E3FAFA7BC3EF2FC6D3F4A1DBE3E2B
:1057800093B26D3F6F92BF3EA1676D3F1E07C13E52
:105790001D1C6D3F557BC23E07D06C3F15EFC33ECD
:1057A0005E836C3F5C62C53E24366C3F29D5C63EA5
:1057B00058E86B3F7C47C83EFB996B3F53B9C93EE5
:1057C0000C4B6B3FAE2ACB3E8CFB6A3F8B9BCC3E97
:1057D0007BAB6A3FEA0BCE3ED95A6A3FCA7BCF3ECB
:1057E000A7096A3F2AEBD03EE4B7693F095AD23E87
:1057F0009165693F67C8D33EAE12693F4136D53ED9
:105800003CBF683F99A3D63E396B683F6B10D83ECA
:10581000A816683FB97CD93E87C1673F80E8DA3E69
:10582000D86B673FC153DC3E9915673F79BEDD3EBB
:10583000CCBE663FA928DF3E7167663F4F92E03ECF
:10584000880F663F6AFBE13E10B7653FFA63E33EAF
:105850000B5E653FFECBE43E7904653F7533E63E63
:1058600059AA643F5D9AE73EAC4F643FB700E93EFA
:1058700073F4633F8166EA3EAC98633FBBCBEB3E7B
:105880005A3C633F6330ED3E7BDF623F7994EE3EEE
:105890001082623FFBF7EF3E1A24623FEA5AF13E64
:1058A00098C5613F43BDF23E8A66613F071FF43EE3
:1058B000F206613F3580F53ECFA6603FCBE0F63E75
:1058C0002146603FC840F83EE9E45F3F2DA0F93E25
:1058D00027835F3FF7FEFA3EDB205F3F275DFC3EFC
:1058E00005BE5E3FBBBAFD3EA65A5E3FB217FF3E05
:1058F000BEF65D3F063A003F4D925D3FE4E7003F54
:10590000532D5D3F7395013FD1C75C3FB142023FCC
:10591000C7615C3F9FEF023F34FB5B3F3D9C033F11
:105920001A945B3F8948043F792C5B3F84F4043F21
:1059300050C45A3F2CA0053FA05B5A3F824B063F04
:105940006AF2593F86F6063FAD88593F36A1073FB8
:105950006A1E593F924B083FA1B3583F9BF5083F41
:105960005348583F4E9F093F7FDC573FAD480A3FA1
:105970002670573FB7F10A3F4803573F6B9A0B3FDA
:10598000E595563FC9420C3FFE27563FD0EA0C3FF3
:1059900093B9553F81920D3FA44A553FDA390E3FE6
:1059A00031DB543FDBE00E3F3B6B543F84870F3FBE
:1059B000C3FA533FD52D103FC789533FCDD3103F76
:1059C0004918533F6B79113F49A6523FB01E123F11
:1059D000C633523F9AC3123FC2C0513F2A68133F99
:1059E0003D4D513F5F0C143F37D9503F39B0143F04
:1059F000AF64503FB753153FA8EF4F3FD9F6153F5F
:105A00001F7A4F3F9F99163F17044F3F073C173FA0
:105A1000908D4E3F12DE173F89164E3FC07F183FD4
:105A2000029F4D3F0F21193FFD264D3F00C2193FF8
:105A300079AE4C3F93621A3F78354C3FC6021B3F0C
:105A4000F8BB4B3F99A21B3FFA414B3F0C421C3F16
:105A50007FC74A3F1FE11C3F874C4A3FD17F1D3F14
:105A600012D1493F221E1E3F2155493F12BC1E3F05
:105A7000B3D8483F9F591F3FCA5B483FCBF61F3FF3
:105A800065DE473F9393203F8560473FF92F213FD5
:105A90002AE2463FFBCB213F5463463F9967223FB2
:105AA00003E4453FD302233F3964453FA99D233F8B
:105AB000F5E3443F1A38243F3763443F25D2243F5F
:105AC00000E2433FCB6B253F5160433F0A05263F31
:105AD00029DE423FE39D263F895B423F5636273F02
:105AE00070D8413F61CE273FE154413F0566283FD2
:105AF000DAD0403F41FD283F5C4C403F1594293FA0
:105B000067C73F3F802A2A3FFC413F3F82C02A3F70
:105B10001BBC3E3F1B562B3FC5353E3F4AEB2B3F40
:105B2000F9AE3D3F0F802C3FB8273D3F69142D3F14
:105B300003A03C3F59A82D3FD9173C3FDE3B2E3FE9
:105B40003B8F3B3FF7CE2E3F29063B3FA5612F3FC2
:105B5000A47C3A3FE6F32F3FACF2393FBB85303FA0
:105B60004268393F2217313F65DD383F1DA8313F7C
:105B70001652383FAA38323F55C6373FC9C8323F60
:105B8000233A373F7A58333F7FAD363FBCE7333F48
:105B90006C20363F8F76343FE792353FF304353F34
:105BA000F304353FE792353F8F76343F6C20363F24
:105BB000BCE7333F7FAD363F7A58333F233A373F18
:105BC000C9C8323F55C6373FAA38323F1652383F10
:105BD0001DA8313F65DD383F2217313F4268393F0C
:105BE000BB85303FACF2393FE6F32F3FA47C3A3F10
:105BF000A5612F3F29063B3FF7CE2E3F3B8F3B3F12
:105C0000DE3B2E3FD9173C3F59A82D3F03A03C3F18
:105C100069142D3FB8273D3F0F802C3FF9AE3D3F23
:105C20004AEB2B3FC5353E3F1B562B3F1BBC3E3F2F
:105C300082C02A3FFC413F3F802A2A3F67C73F3F3F
:105C40001594293F5C4C403F41FD283FDAD0403F4E
:105C50000566283FE154413F61CE273F70D8413F60
:105C60005636273F895B423FE39D263F29DE423F70
:105C70000A05263F5160433FCB6B253F00E2433F7F
:105C800025D2243F3763443F1A38243FF5E3443F8D
:105C9000A99D233F3964453FD302233F03E4453F99
:105CA0009967223F5463463FFBCB213F2AE2463FA0
:105CB000F92F213F8560473F9393203F65DE473FA3
:105CC000CBF61F3FCA5B483F9F591F3FB3D8483FA1
:105CD00012BC1E3F2155493F221E1E3F12D1493F93
:105CE000D17F1D3F874C4A3F1FE11C3F7FC74A3F82
:105CF0000C421C3FFA414B3F99A21B3FF8BB4B3F64
:105D0000C6021B3F78354C3F93621A3F79AE4C3F39
:105D100000C2193FFD264D3F0F21193F029F4D3F05
:105D2000C07F183F89164E3F12DE173F908D4E3FC1
:105D3000073C173F17044F3F9F99163F1F7A4F3F6D
:105D4000D9F6153FA8EF4F3FB753153FAF64503F0B
:105D500039B0143F37D9503F5F0C143F3D4D513F90
:105D60002A68133FC2C0513F9AC3123FC633523F05
:105D7000B01E123F49A6523F6B79113F4918533F5D
:105D8000CDD3103FC789533FD52D103FC3FA533FA2
:105D900084870F3F3B6B543FDBE00E3F31DB543FCA
:105DA000DA390E3FA44A553F81920D3F93B9553FD2
:105DB000D0EA0C3FFE27563FC9420C3FE595563FBF
:105DC0006B9A0B3F4803573FB7F10A3F2670573F86
:105DD000AD480A3F7FDC573F4E9F093F5348583F2D
:105DE0009BF5083FA1B3583F924B083F6A1E593FAD
:105DF00036A1073FAD88593F86F6063F6AF2593F04
:105E0000824B063FA05B5A3F2CA0053F50C45A3F2F
:105E100084F4043F792C5B3F8948043F1A945B3F2C
:105E20003D9C033F34FB5B3F9FEF023FC7615C3FFC
:105E3000B142023FD1C75C3F7395013F532D5D3F97
:105E4000E4E7003F4D925D3F063A003FBEF65D3FFE
:105E5000B217FF3EA65A5E3FBBBAFD3E05BE5E3F8F
:105E6000275DFC3EDB205F3FF7FEFA3E27835F3F66
:105E70002DA0F93EE9E45F3FC840F83E2146603F6F
:105E8000CBE0F63ECFA6603F3580F53EF206613F9F
:105E9000071FF43E8A66613F43BDF23E98C5613FED
:105EA000EA5AF13E1A24623FFBF7EF3E1082623F4E
:105EB0007994EE3E7BDF623F6330ED3E5A3C633FB8
:105EC000BBCBEB3EAC98633F8166EA3E73F4633F25
:105ED000B700E93EAC4F643F5D9AE73E59AA643F84
:105EE0007533E63E7904653FFECBE43E0B5E653FCD
:105EF000FA63E33E10B7653F6AFBE13E880F663FF9
:105F00004F92E03E7167663FA928DF3ECCBE663FF8
:105F100079BEDD3E9915673FC153DC3ED86B673FC4
:105F200080E8DA3E87C1673FB97CD93EA816683F52
:105F30006B10D83E396B683F99A3D63E3CBF683F93
:105F40004136D53EAE12693F67C8D33E9165693F81
:105F5000095AD23EE4B7693F2AEBD03EA7096A3F0F
:105F6000CA7BCF3ED95A6A3FEA0BCE3E7BAB6A3F33
:105F70008B9BCC3E8CFB6A3FAE2ACB3E0C4B6B3FDF
:105F800053B9C93EFB996B3F7C47C83E58E86B3F0D
:105F900029D5C63E24366C3F5C62C53E5E836C3FAD
:105FA00015EFC33E07D06C3F557BC23E1D1C6D3FB5
:105FB0001E07C13EA1676D3F6F92BF3E93B26D3F1A
:105FC0004A1DBE3EF2FC6D3FAFA7BC3EBE466E3FD3
:105FD000A031BB3EF88F6E3F1EBBB93E9ED86E3FD0
:105FE0002A44B83EB0206F3FC3CCB63E30686F3F06
:105FF000EC54B53E1BAF6F3FA5DCB33E73F56F3F6E
:10600000EF63B23E373B703FCBEAB03E6680703FF5
:106010003A71AF3E02C5703F3CF7AD3E0809713F93
:10602000D47CAC3E7A4C713F0102AB3E578F713F3E
:10603000C486A93E9FD1713F1F0BA83E5213723FE9
:10604000128FA63E7054723F9F12A53EF894723F85
:10605000C595A33EEBD4723F8718A23E4714733F09
:10606000E59AA03E0E53733FDF1C9F3E3F91733F66
:10607000789E9D3ED9CE733FAF1F9C3EDD0B743F93
:1060800086A09A3E4B48743FFE20993E2284743F7E
:1060900017A1973E62BF743FD220963E0BFA743F21
:1060A00031A0943E1D34753F351F933E976D753F6B
:1060B000DD9D913E7BA6753F2C1C903EC6DE753F54
:1060C000229A8E3E7A16763FC0178D3E974D763FC8
:1060D00007958B3E1B84763FF8118A3E07BA763FC0
:1060E000938E883E5BEF763FDA0A873E1724773F30
:1060F000CE86853E3A58773F7002843EC58B773F07
:10610000C07D823EB7BE773FC0F8803E10F1773F3A
:10611000E1E67E3ED122783FA4DB7B3EF853783F18
:10612000CCCF783E8684783F5AC3753E7BB4783FA7
:1061300051B6723ED6E3783FB2A86F3E9812793FCF
:106140007F9A6C3EC040793FBA8B693E4E6E793F74
:10615000667C663E439B793F836C633E9DC7793F77
:10616000135C603E5EF3793F1A4B5D3E841E7A3FBE
:1061700097395A3E10497A3F8F27573E02737A3F2C
:106180000115543E599C7A3FF101513E16C57A3FA4
:1061900060EE4D3E37ED7A3F4FDA4A3EBE147B3F0C
:1061A000C2C5473EAB3B7B3FB9B0443EFC617B3F41
:1061B000379B413EB2877B3F3E853E3ECDAC7B3F29
:1061C000CF6E3B3E4DD17B3FEC57383E31F57B3FA8
:1061D0009840353E7A187C3FD428323E283B7C3F9D
:1061E000A2102F3E3A5D7C3F04F82B3EB07E7C3FF0
:1061F000FCDE283E8A9F7C3F8CC5253EC9BF7C3F84
:10620000B6AB223E6CDF7C3F7B911F3E73FE7C3F32
:10621000DE761C3EDD1C7D3FE05B193EAC3A7D3FE7
:106220008340163EDE577D3FCA24133E74747D3F83
:10623000B708103E6E907D3F4AEC0C3ECCAB7D3FE4
:1062400086CF093E8CC67D3F6EB2063EB1E07D3FF3
:106250000295033E38FA7D3F4577003E24137E3F8A
:1062600073B2FA3D722B7E3FC075F43D23437E3FEF
:106270007638EE3D385A7E3F9AFAE73DB0707E3F61
:106280002EBCE13D8B867E3F377DDB3DC99B7E3F4B
:10629000B93DD53D69B07E3FB7FDCE3D6DC47E3F73
:1062A00036BDC83DD4D77E3F397CC23D9DEA7E3F96
:1062B000C33ABC3DC9FC7E3FDAF8B53D580E7F3F7E
:1062C00080B6AF3D491F7F3FBA73A93D9D2F7F3FE9
:1062D0008C30A33D543F7F3FF9EC9C3D6D4E7F3F9A
:1062E00005A9963DE95C7F3FB464903DC76A7F3F56
:1062F0000A208A3D08787F3F0ADB833DAB847F3FDD
:10630000742B7B3DB1907F3F38A06E3D189C7F3F42
:106310006814623DE3A67F3F0E88553D0FB17F3F75
:106320002FFB483D9EBA7F3FD56D3C3D8FC37F3FDD
:1063300007E02F3DE2CB7F3FCC51233D98D37F3FF9
:106340002CC3163DAFDA7F3F2F340A3D29E17F3F52
:10635000B949FB3C05E77F3F7B2AE23C43EC7F3FAA
:10636000B00AC93CE3F07F3F69EAAF3CE6F47F3F07
:10637000B6C9963C4AF87F3F4B517B3C11FB7F3FAF
:10638000900E493C39FD7F3F59CB163CC4FE7F3F00
:10639000890FC93BB1FF7F3FC70F493B0000803FDA
:1063A00000000000B1FF7F3FC70F49BBC4FE7F3F25
:1063B000890FC9BB39FD7F3F59CB16BC11FB7F3F0D
:1063C000900E49BC4AF87F3F4B517BBCE6F47F3FBF
:1063D000B6C996BCE3F07F3F69EAAFBC43EC7F3FB0
:1063E000B00AC9BC05E77F3F7B2AE2BC29E17F3FB9
:1063F000B949FBBCAFDA7F3F2F340ABD98D37F3F4A
:106400002CC316BDE2CB7F3FCC5123BD8FC37F3F52
:1064100007E02FBD9EBA7F3FD56D3CBD0FB17F3FDA
:106420002FFB48BDE3A67F3F0E8855BD189C7F3FDC
:10643000681462BDB1907F3F38A06EBDAB847F3FD2
:10644000742B7BBD08787F3F0ADB83BDC76A7F3F23
:106450000A208ABDE95C7F3FB46490BD6D4E7F3FEA
:1064600005A996BD543F7F3FF9EC9CBD9D2F7F3F12
:106470008C30A3BD491F7F3FBA73A9BD580E7F3F23
:1064800080B6AFBDC9FC7E3FDAF8B5BD9DEA7E3F60
:10649000C33ABCBDD4D77E3F397CC2BD6DC47E3FFC
:1064A00036BDC8BD69B07E3FB7FDCEBDC99B7E3F3E
:1064B000B93DD5BD8B867E3F377DDBBDB0707E3F5D
:1064C0002EBCE1BD385A7E3F9AFAE7BD23437E3F9A
:1064D0007638EEBD722B7E3FC075F4BD24137E3F2F
:1064E00073B2FABD38FA7D3F457700BEB1E07D3F1B
:1064F000029503BE8CC67D3F6EB206BECCAB7D3F1F
:1065000086CF09BE6E907D3F4AEC0CBE74747D3F11
:10651000B70810BEDE577D3FCA2413BEAC3A7D3F9C
:10652000834016BEDD1C7D3FE05B19BE73FE7C3FE1
:10653000DE761CBE6CDF7C3F7B911FBEC9BF7C3FFB
:10654000B6AB22BE8A9F7C3F8CC525BEB07E7C3F09
:10655000FCDE28BE3A5D7C3F04F82BBE283B7C3F26
:10656000A2102FBE7A187C3FD42832BE31F57B3F73
:10657000984035BE4DD17B3FEC5738BECDAC7B3F0C
:10658000CF6E3BBEB2877B3F3E853EBEFC617B3F0C
:10659000379B41BEAB3B7B3FB9B044BEBE147B3F93
:1065A000C2C547BE37ED7A3F4FDA4ABE16C57A3FBD
:1065B00060EE4DBE599C7A3FF10151BE02737A3FA5
:1065C000011554BE10497A3F8F2757BE841E7A3F6B
:1065D00097395ABE5EF3793F1A4B5DBE9DC7793F2E
:1065E000135C60BE439B793F836C63BE4E6E793F04
:1065F000667C66BEC040793FBA8B69BE9812793F0F
:106600007F9A6CBED6E3783FB2A86FBE7BB4783F6A
:1066100051B672BE8684783F5AC375BEF853783F30
:10662000CCCF78BED122783FA4DB7BBE10F1773F80
:10663000E1E67EBEB7BE773FC0F880BEC58B773F30
:10664000C07D82BE3A58773F700284BE1724773FE0
:10665000CE8685BE5BEF763FDA0A87BE07BA763F05
:10666000938E88BE1B84763FF8118ABE974D763F85
:1066700007958BBE7A16763FC0178DBEC6DE753F76
:10668000229A8EBE7BA6753F2C1C90BE976D753FDF
:10669000DD9D91BE1D34753F351F93BE0BFA743FCF
:1066A00031A094BE62BF743FD22096BE2284743F54
:1066B00017A197BE4B48743FFE2099BEDD0B743F77
:1066C00086A09ABED9CE733FAF1F9CBE3F91733F49
:1066D000789E9DBE0E53733FDF1C9FBE4714733FD1
:1066E000E59AA0BEEBD4723F8718A2BEF894723F21
:1066F000C595A3BE7054723F9F12A5BE5213723F40
:10670000128FA6BE9FD1713F1F0BA8BE578F713F3E
:10671000C486A9BE7A4C713F0102ABBE0809713F25
:10672000D47CACBE02C5703F3CF7ADBE6680703F06
:106730003A71AFBE373B703FCBEAB0BE73F56F3FE7
:10674000EF63B2BE1BAF6F3FA5DCB3BE30686F3FD7
:10675000EC54B5BEB0206F3FC3CCB6BE9ED86E3FE2
:106760002A44B8BEF88F6E3F1EBBB9BEBE466E3F10
:10677000A031BBBEF2FC6D3FAFA7BCBE93B26D3F74
:106780004A1DBEBEA1676D3F6F92BFBE1D1C6D3F0F
:106790001E07C1BE07D06C3F557BC2BE5E836C3FF7
:1067A00015EFC3BE24366C3F5C62C5BE58E86B3F34
:1067B00029D5C6BEFB996B3F7C47C8BE0C4B6B3FCF
:1067C00053B9C9BE8CFB6A3FAE2ACBBE7BAB6A3FD6
:1067D0008B9BCCBED95A6A3FEA0BCEBEA7096A3F53
:1067E000CA7BCFBEE4B7693F2AEBD0BE9165693F53
:1067F000095AD2BEAE12693F67C8D3BE3CBF683FDC
:106800004136D5BE396B683F99A3D6BEA816683FFE
:106810006B10D8BE87C1673FB97CD9BED86B673FC4
:1068200080E8DABE9915673FC153DCBECCBE663F37
:1068300079BEDDBE7167663FA928DFBE880F663F5F
:106840004F92E0BE10B7653F6AFBE1BE0B5E653F4D
:10685000FA63E3BE7904653FFECBE4BE59AA643F08
:106860007533E6BEAC4F643F5D9AE7BE73F4633F99
:10687000B700E9BEAC98633F8166EABE5A3C633F0D
:10688000BBCBEBBE7BDF623F6330EDBE1082623F6D
:106890007994EEBE1A24623FFBF7EFBE98C5613FC4
:1068A000EA5AF1BE8A66613F43BDF2BEF206613F1D
:1068B000071FF4BECFA6603F3580F5BE2146603F7E
:1068C000CBE0F6BEE9E45F3FC840F8BE27835F3FF8
:1068D0002DA0F9BEDB205F3FF7FEFABE05BE5E3F8E
:1068E000275DFCBEA65A5E3FBBBAFDBEBEF65D3F4D
:1068F000B217FFBE4D925D3F063A00BF532D5D3F7C
:10690000E4E700BFD1C75C3F739501BFC7615C3F3F
:10691000B14202BF34FB5B3F9FEF02BF1A945B3F63
:106920003D9C03BF792C5B3F894804BF50C45A3F4C
:1069300084F404BFA05B5A3F2CA005BF6AF2593F04
:10694000824B06BFAD88593F86F606BF6A1E593F87
:1069500036A107BFA1B3583F924B08BF5348583FD9
:106960009BF508BF7FDC573F4E9F09BF2670573FFE
:10697000AD480ABF4803573FB7F10ABFE595563FF8
:106980006B9A0BBFFE27563FC9420CBF93B9553FC8
:10699000D0EA0CBFA44A553F81920DBF31DB543F72
:1069A000DA390EBF3B6B543FDBE00EBFC3FA533FF7
:1069B00084870FBFC789533FD52D10BF4918533F58
:1069C000CDD310BF49A6523F6B7911BFC633523F9A
:1069D000B01E12BFC2C0513F9AC312BF3D4D513FBE
:1069E0002A6813BF37D9503F5F0C14BFAF64503FC4
:1069F00039B014BFA8EF4F3FB75315BF1F7A4F3FB1
:106A0000D9F615BF17044F3F9F9916BF908D4E3F83
:106A1000073C17BF89164E3F12DE17BF029F4D3F3E
:106A2000C07F18BFFD264D3F0F2119BF79AE4C3FE7
:106A300000C219BF78354C3F93621ABFF8BB4B3F79
:106A4000C6021BBFFA414B3F99A21BBF7FC74A3FFB
:106A50000C421CBF874C4A3F1FE11CBF12D1493F6B
:106A6000D17F1DBF2155493F221E1EBFB3D8483FCD
:106A700012BC1EBFCA5B483F9F591FBF65DE473F20
:106A8000CBF61FBF8560473F939320BF2AE2463F66
:106A9000F92F21BF5463463FFBCB21BF03E4453FA1
:106AA000996722BF3964453FD30223BFF5E3443FD2
:106AB000A99D23BF3763443F1A3824BF00E2433FF8
:106AC00025D224BF5160433FCB6B25BF29DE423F17
:106AD0000A0526BF895B423FE39D26BF70D8413F30
:106AE000563627BFE154413F61CE27BFDAD0403F41
:106AF000056628BF5C4C403F41FD28BF67C73F3F4C
:106B0000159429BFFC413F3F802A2ABF1BBC3E3F52
:106B100082C02ABFC5353E3F1B562BBFF9AE3D3F55
:106B20004AEB2BBFB8273D3F0F802CBF03A03C3F53
:106B300069142DBFD9173C3F59A82DBF3B8F3B3F50
:106B4000DE3B2EBF29063B3FF7CE2EBFA47C3A3F4B
:106B5000A5612FBFACF2393FE6F32FBF4268393F42
:106B6000BB8530BF65DD383F221731BF1652383F35
:106B70001DA831BF55C6373FAA3832BF233A373F29
:106B8000C9C832BF7FAD363F7A5833BF6C20363F1D
:106B9000BCE733BFE792353F8F7634BFF304353F10
:106BA000F30435BF8F76343FE79235BFBCE7333F00
:106BB0006C2036BF7A58333F7FAD36BFC9C8323FED
:106BC000233A37BFAA38323F55C637BF1DA8313FD9
:106BD000165238BF2217313F65DD38BFBB85303FC5
:106BE000426839BFE6F32F3FACF239BFA5612F3FB2
:106BF000A47C3ABFF7CE2E3F29063BBFDE3B2E3F9B
:106C00003B8F3BBF59A82D3FD9173CBF69142D3F7F
:106C100003A03CBF0F802C3FB8273DBF4AEB2B3F62
:106C2000F9AE3DBF1B562B3FC5353EBF82C02A3F44
:106C30001BBC3EBF802A2A3FFC413FBF1594293F21
:106C400067C73FBF41FD283F5C4C40BF0566283FFA
:106C5000DAD040BF61CE273FE15441BF5636273FCF
:106C600070D841BFE39D263F895B42BF0A05263F9E
:106C700029DE42BFCB6B253F516043BF25D2243F65
:106C800000E243BF1A38243F376344BFA99D233F26
:106C9000F5E344BFD302233F396445BF9967223FE0
:106CA00003E445BFFBCB213F546346BFF92F213F8F
:106CB0002AE246BF9393203F856047BFCBF61F3F34
:106CC00065DE47BF9F591F3FCA5B48BF12BC1E3FCE
:106CD000B3D848BF221E1E3F215549BFD17F1D3F5B
:106CE00012D149BF1FE11C3F874C4ABF0C421C3FD9
:106CF0007FC74ABF99A21B3FFA414BBFC6021B3F49
:106D0000F8BB4BBF93621A3F78354CBF00C2193FA6
:106D100079AE4CBF0F21193FFD264DBFC07F183FF4
:106D2000029F4DBF12DE173F89164EBF073C173F2B
:106D3000908D4EBF9F99163F17044FBFD9F6153F50
:106D40001F7A4FBFB753153FA8EF4FBF39B0143F5D
:106D5000AF6450BF5F0C143F37D950BF2A68133F50
:106D60003D4D51BF9AC3123FC2C051BFB01E123F2A
:106D7000C63352BF6B79113F49A652BFCDD3103FE6
:106D8000491853BFD52D103FC78953BF84870F3F84
:106D9000C3FA53BFDBE00E3F3B6B54BFDA390E3F03
:106DA00031DB54BF81920D3FA44A55BFD0EA0C3F5E
:106DB00093B955BFC9420C3FFE2756BF6B9A0B3F94
:106DC000E59556BFB7F10A3F480357BFAD480A3FA4
:106DD000267057BF4E9F093F7FDC57BF9BF5083F8A
:106DE000534858BF924B083FA1B358BF36A1073F45
:106DF0006A1E59BF86F6063FAD8859BF824B063FD3
:106E00006AF259BF2CA0053FA05B5ABF84F4043F2F
:106E100050C45ABF8948043F792C5BBF3D9C033F57
:106E20001A945BBF9FEF023F34FB5BBFB142023F4E
:106E3000C7615CBF7395013FD1C75CBFE4E7003F0A
:106E4000532D5DBF063A003F4D925DBFB217FF3E26
:106E5000BEF65DBFBBBAFD3EA65A5EBF275DFC3ED7
:106E600005BE5EBFF7FEFA3EDB205FBF2DA0F93EF8
:106E700027835FBFC840F83EE9E45FBFCBE0F63E42
:106E8000214660BF3580F53ECFA660BF071FF43EA8
:106E9000F20661BF43BDF23E8A6661BFEA5AF13E27
:106EA00098C561BFFBF7EF3E1A2462BF7994EE3EAE
:106EB000108262BF6330ED3E7BDF62BFBBCBEB3E37
:106EC0005A3C63BF8166EA3EAC9863BFB700E93EB7
:106ED00073F463BF5D9AE73EAC4F64BF7533E63E23
:106EE00059AA64BFFECBE43E790465BFFA63E33E72
:106EF0000B5E65BF6AFBE13E10B765BF4F92E03E97
:106F0000880F66BFA928DF3E716766BF79BEDD3E88
:106F1000CCBE66BFC153DC3E991567BF80E8DA3E40
:106F2000D86B67BFB97CD93E87C167BF6B10D83EAD
:106F3000A81668BF99A3D63E396B68BF4136D53EC7
:106F40003CBF68BF67C8D33EAE1269BF095AD23E84
:106F5000916569BF2AEBD03EE4B769BFCA7BCF3EDB
:106F6000A7096ABFEA0BCE3ED95A6ABF8B9BCC3EBB
:106F70007BAB6ABFAE2ACB3E8CFB6ABF53B9C93E1E
:106F80000C4B6BBF7C47C83EFB996BBF29D5C63EF7
:106F900058E86BBF5C62C53E24366CBF15EFC33E3C
:106FA0005E836CBF557BC23E07D06CBF1E07C13EDF
:106FB0001D1C6DBF6F92BF3EA1676DBF4A1DBE3ED7
:106FC00093B26DBFAFA7BC3EF2FC6DBFA031BB3E1C
:106FD000BE466EBF1EBBB93EF88F6EBF2A44B83E98
:106FE0009ED86EBFC3CCB63EB0206FBFEC54B53E4A
:106FF00030686FBFA5DCB33E1BAF6FBFEF63B23E1F
:1070000073F56FBFCBEAB03E373B70BF3A71AF3E0E
:10701000668070BF3CF7AD3E02C570BFD47CAC3E0D
:10702000080971BF0102AB3E7A4C71BFC486A93E0C
:10703000578F71BF1F0BA83E9FD171BF128FA63E05
:10704000521372BF9F12A53E705472BFC595A33EE6
:10705000F89472BF8718A23EEBD472BFE59AA03EA7
:10706000471473BFDF1C9F3E0E5373BF789E9D3E37
:107070003F9173BFAF1F9C3ED9CE73BF86A09A3E8F
:10708000DD0B74BFFE20993E4B4874BF17A1973E9D
:10709000228474BFD220963E62BF74BF31A0943E5A
:1070A0000BFA74BF351F933E1D3475BFDD9D913EB5
:1070B000976D75BF2C1C903E7BA675BF229A8E3EA5
:1070C000C6DE75BFC0178D3E7A1676BF07958B3E1C
:1070D000974D76BFF8118A3E1B8476BF938E883E0B
:1070E00007BA76BFDA0A873E5BEF76BFCE86853E6B
:1070F000172477BF7002843E3A5877BFC07D823E26
:10710000C58B77BFC0F8803EB7BE77BFE1E67E3E55
:1071100010F177BFA4DB7B3ED12278BFCCCF783E85
:10712000F85378BF5AC3753E868478BF51B6723E15
:107130007BB478BFB2A86F3ED6E378BF7F9A6C3E2F
:10714000981279BFBA8B693EC04079BF667C663EB3
:107150004E6E79BF836C633E439B79BF135C603E88
:107160009DC779BF1A4B5D3E5EF379BF97395A3E92
:10717000841E7ABF8F27573E10497ABF0115543EAF
:1071800002737ABFF101513E599C7ABF60EE4D3EC9
:1071900016C57ABF4FDA4A3E37ED7ABFC2C5473EC1
:1071A000BE147BBFB9B0443EAB3B7BBF379B413E77
:1071B000FC617BBF3E853E3EB2877BBFCF6E3B3ED0
:1071C000CDAC7BBFEC57383E4DD17BBF9840353EB0
:1071D00031F57BBFD428323E7A187CBFA2102F3EF7
:1071E000283B7CBF04F82B3E3A5D7CBFFCDE283E8A
:1071F000B07E7CBF8CC5253E8A9F7CBFB6AB223E4D
:10720000C9BF7CBF7B911F3E6CDF7CBFDE761C3E1E
:1072100073FE7CBFE05B193EDD1C7DBF8340163EE4
:10722000AC3A7DBFCA24133EDE577DBFB708103E7F
:1072300074747DBF4AEC0C3E6E907DBF86CF093ED4
:10724000CCAB7DBF6EB2063E8CC67DBF0295033EC1
:10725000B1E07DBF4577003E38FA7DBF73B2FA3D9D
:1072600024137EBFC075F43D722B7EBF7638EE3D91
:1072700023437EBF9AFAE73D385A7EBF2EBCE13DDC
:10728000B0707EBF377DDB3D8B867EBFB93DD53D7F
:10729000C99B7EBFB7FDCE3D69B07EBF36BDC83D40
:1072A0006DC47EBF397CC23DD4D77EBFC33ABC3DDE
:1072B0009DEA7EBFDAF8B53DC9FC7EBF80B6AF3D22
:1072C000580E7FBFBA73A93D491F7FBF8C30A33DC5
:1072D0009D2F7FBFF9EC9C3D543F7FBF05A9963D94
:1072E0006D4E7FBFB464903DE95C7FBF0A208A3D4C
:1072F000C76A7FBF0ADB833D08787FBF742B7B3D65
:10730000AB847FBF38A06E3DB1907FBF6814623DF3
:10731000189C7FBF0E88553DE3A67FBF2FFB483DDD
:107320000FB17FBFD56D3C3D9EBA7FBF07E02F3DBB
:107330008FC37FBFCC51233DE2CB7FBF2CC3163D13
:1073400098D37FBF2F340A3DAFDA7FBFB949FB3CEA
:1073500029E17FBF7B2AE23C05E77FBFB00AC93C39
:1073600043EC7FBF69EAAF3CE3F07FBFB6C9963C10
:10737000E6F47FBF4B517B3C4AF87FBF900E493CFF
:1073800011FB7FBF59CB163C39FD7FBF890FC93B2D
:10739000C4FE7FBFC70F493BB1FF7FBF080000108D
:1073A0001000000218000012200000042800001441
:1073B00030000006380000164000000848000018A1
:1073C0005000000A5800001A6000000C6800001C01
:1073D0007000000E7800001E800000088800401039
:1073E0009000400298004012A0004004A800401401
:1073F000B0004006B8004016C0004008C800401861
:10740000D000400AD800401AE000400CE800401CC0
:10741000F000400EF800401E000100080801801036
:1074200010018002180180122001800428018014BC
:10743000300180063801801640018008480180181C
:107440005001800A5801801A6001800C6801801C7C
:107450007001800E7801801E800140088801C010F4
:107460009001C0029801C012A001C004A801C0147C
:10747000B001C006B801C016C001C008C801C018DC
:10748000D001C00AD801C01AE001C00CE801C01C3C
:10749000F001C00EF801C01E000200080802001131
:1074A0001002000318020013200200052802001534
:1074B0003002000738020017400200094802001994
:1074C0005002000B5802001B6002000D6802001DF4
:1074D0007002000F7802001F8002800888024011AD
:1074E0009002400398024013A0024005A8024015F4
:1074F000B0024007B8024017C0024009C802401954
:10750000D002400BD802401BE002400DE802401DB3
:10751000F002400FF802401F0003400808038011EA
:1075200010038003180380132003800528038015AF
:10753000300380073803801740038009480380190F
:107540005003800B5803801B6003800D6803801D6F
:107550007003800F7803801F8003C0088803C01168
:107560009003C0039803C013A003C005A803C0156F
:10757000B003C007B803C017C003C009C803C019CF
:10758000D003C00BD803C01BE003C00DE803C01D2F
:10759000F003C00FF803C01F000400100804081017
:1075A00010040011180408122004081028040814FC
:1075B000300408063804081640040808480408186F
:1075C0005004080A5804081A6004080C6804081CCF
:1075D0007004080E7804081E8004001888044810FF
:1075E0009004001998044812A0040818A80448142C
:1075F000B0044806B8044816C0044808C80448182F
:10760000D004480AD804481AE004480CE804481C8E
:10761000F004480EF804481E0005401008058810C4
:1076200010054011180588122005481028058814F7
:1076300030058806380588164005880848058818EA
:107640005005880A5805881A6005880C6805881C4A
:107650007005880E7805881E800540188805C810BA
:10766000900540199805C812A0054818A805C81427
:10767000B005C806B805C816C005C808C805C818AA
:10768000D005C80AD805C81AE005C80CE805C81C0A
:10769000F005C80EF805C81E00068010080608117F
:1076A00010068011180608132006881028060815F1
:1076B0003006080738060817400608094806081962
:1076C0005006080B5806081B6006080D6806081DC2
:1076D0007006080F7806081F800680188806481173
:1076E0009006801998064813A0068818A806481521
:1076F000B0064807B8064817C0064809C806481922
:10770000D006480BD806481BE006480DE806481D81
:10771000F006480FF806481F0007C0100807881138
:107720001007C011180788132007C81028078815EC
:1077300030078807380788174007880948078819DD
:107740005007880B5807881B6007880D6807881D3D
:107750007007880F7807881F8007C0188807C8112E
:107760009007C0199807C813A007C818A807C8151C
:10777000B007C807B807C817C007C809C807C8199D
:10778000D007C80BD807C81BE007C80DE807C81DFD
:10779000F007C80FF807C81F0808101010084008A5
:1077A0001808101220080011280810143008801141
:1077B00038081016480810185008100A5808101AEF
:1077C0006008100C6808101C7008100E7808101E55
:1077D0008008000A880850109008000B9808501282
:1077E000A008080AA8085014B008080BB8085016DA
:1077F000C008100AC8085018D008500AD808501AF3
:10780000E008500CE808501CF008500EF808501E14
:107810000809901010098009180990122009001910
:107820002809901430098019380990164009000B76
:10783000480990185009900A5809901A6009900C4C
:107840006809901C7009900E7809901E8009400A02
:107850008809D0109009400B9809D012A009480A55
:10786000A809D014B009480BB809D016C009500AAD
:10787000C809D018D009D00AD809D01AE009D00C0C
:10788000E809D01CF009D00EF809D01E080A101122
:10789000180A1013200A4011280A1015300AC011C6
:1078A000380A1017480A1019500A100B580A101BF2
:1078B000600A100D680A101D700A100F780A101F58
:1078C000880A5011900A800B980A5013A00A501190
:1078D000A80A5015B00A880BB80A5017C00A800BC6
:1078E000C80A5019D00A500BD80A501BE00A500D94
:1078F000E80A501DF00A500FF80A501F080B9011AB
:10790000180B9013200B4019280B9015300BC01941
:10791000380B9017480B9019500B900B580B901B7D
:10792000600B900D680B901D700B900F780B901FE3
:10793000880BD011900BC00B980BD013A00B5019D3
:10794000A80BD015B00BC80BB80BD017C80BD019AB
:10795000D80BD01BE00BD00DE80BD01DF00BD00FD7
:10796000F80BD01F000C0012080C1810100C00139C
:10797000180C1812200C0812280C1814300C0813BC
:10798000380C1816400C1012480C1818500C101314
:10799000580C181A600C1812680C181C700C180E71
:1079A000780C181E800C001A880C5810900C001BC4
:1079B000980C5812A00C081AA80C5814B00C081BEC
:1079C000B80C5816C00C101AC80C5818D00C101B44
:1079D000D80C581AE00C181AE80C581CF00C580E69
:1079E000F80C581E000D4012080D9810100D401391
:1079F000180D9812200D4812280D9814300D4813B8
:107A0000380D9816400D5012480D9818500D50130F
:107A1000580D981A600D5812680D981C700D980E2C
:107A2000780D981E800D401A880DD810900D401BBF
:107A3000980DD812A00D481AA80DD814B00D481BE7
:107A4000B80DD816C00D501AC80DD818D00D501B3F
:107A5000D80DD81AE00D581AE80DD81CF00DD80E24
:107A6000F80DD81E000E8012080E1811100E80138B
:107A7000180E1813200E8812280E1815300E8813B1
:107A8000380E1817400E9012480E1819500E901309
:107A9000580E181B600E9812680E181D700E180FE5
:107AA000780E181F800E801A880E5811900E801BB9
:107AB000980E5813A00E881AA80E5815B00E881BE1
:107AC000B80E5817C00E901AC80E5819D00E901B39
:107AD000D80E581BE00E981AE80E581DF00E580FDD
:107AE000F80E581F000FC012080F9811100FC01386
:107AF000180F9813200FC812280F9815300FC813AD
:107B0000380F9817400FD012480F9819500FD01304
:107B1000580F981B600FD812680F981D700F980FA0
:107B2000780F981F800FC01A880FD811900FC01BB4
:107B3000980FD813A00FC81AA80FD815B00FC81BDC
:107B4000B80FD817C00FD01AC80FD819D00FD01B34
:107B5000D80FD81BE00FD81AE80FD81DF00FD81B8C
:107B6000F80FD81F08102010101040101810201205
:107B700028102014301088103810201640100011E2
:107B800048102018501040115810201A6010081288
:107B90006810201C701088127810201E80100012AF
:107BA000881008129010401298106012A010201235
:107BB000A8106014B0106012B8106016C010001346
:107BC000C8106018D0104013D810601AE0101812B6
:107BD000E810601CF0109812F810601E08112012B6
:107BE000101140111811A012201108182811A0140A
:107BF000301188183811A0164811A0185811A01A71
:107C00006011081A6811A01C7011881A7811A01E42
:107C10008011101288111812901150129811E01250
:107C2000A0111818A811E014B0119818B811E01696
:107C3000C0111013C811E018D0115013D811E01A58
:107C4000E011181AE811E01CF011981AF811E01E62
:107C500000120018081208181012401818122013E9
:107C60002012201828122015301260183812201700
:107C70004012001948122019501240195812201BA6
:107C8000601220196812201D7012C8127812201F6D
:107C90008012001A8812081A9012401A9812601363
:107CA000A012201AA8126015B012601AB81260173C
:107CB000C012001BC8126019D012401BD812601BE2
:107CC000E012201BE812601DF012601BF812601F0A
:107CD0000013101808131818101350181813A013B5
:107CE000201348182813A0153013C8183813A017EC
:107CF000401310194813A019501350195813A01B02
:107D00006013481A6813A01D7013C81A7813A01FB7
:107D10008013101A8813181A9013501A9813E0132E
:107D2000A0135818A813E015B013D818B813E0170B
:107D3000C013101BC813E019D013501BD813E01B3D
:107D4000E013581AE813E01DF013D81AF813E01FD7
:107D500008142014101400151814201530140815D8
:107D600038142816401400154814281850141015FB
:107D70005814281A601420156814281C701418153B
:107D80007814281E8014001C8814201C9014001DD8
:107D90009814201DA014081CA814281CB014081D39
:107DA000B8146816C014101CC8146818D014101D1C
:107DB000D814681AE014181CE814681CF014181D74
:107DC000F814681E081520151015401518156015B3
:107DD000201528182815281C301548153815A81600
:107DE0004815A8185815A81A6015281A6815A81C4F
:107DF0007015A81A7815A81E8015401C8815601CDF
:107E00009015401D9815601DA015481CA815681CEC
:107E1000B015481DB815E816C015501CC815E8184F
:107E2000D015501DD815E81AE015581CE815E81CA7
:107E3000F015581DF815E81E0016001C0816081C41
:107E40001016401C1816481C2016201C2816281C2A
:107E50003016601C381628174016001D48162819C1
:107E60005016401D5816281B6016201D6816281D28
:107E70007016601D7816281F8016801C8816A01C9E
:107E80009016801D9816A01DA016881CA816A81C68
:107E9000B016881DB8166817C016901CC816681949
:107EA000D016901DD816681BE016981CE816681DA1
:107EB000F016981DF816681F0017101C0817181CDC
:107EC0001017501C1817581C201768182817681C02
:107ED0003017E8183817A8174017101D4817A819A9
:107EE0005017501D5817A81B6017681A6817A81D4F
:107EF0007017E81A7817A81F8017C01C8817E01C95
:107F00009017C01D9817E01DA017C81CA817E81CE3
:107F1000B017C81DB817E817C017D01CC817E81944
:107F2000D017D01DD817E81BE017D81CE817E81D9C
:107F3000F017D81DF817E81F1818601830184818DF
:107F40003818601C5818301A6818301C7018181A25
:107F50007818301E8018001A8818081A9018001B0C
:107F600098186019A018201AA818281AB018201BF1
:107F7000B818601DC018101AC818181AD018101B8D
:107F8000D818701AE018301AE818701CF018581A2F
:107F9000F818701E081920191819601A2819081DD8
:107FA000301988193819881D4819201B5819B01A1A
:107FB0006019081B6819B01C7019881B7819B01E4D
:107FC0008019401A8819481A9019401B9819601B8B
:107FD000A019601AA819181DB019601BB819981DAE
:107FE000C019501AC819581AD019501BD819F01AAC
:107FF000E019181BE819F01CF019981BF819F01E6D
:10800000381A701C581A301B681A301D701A181B49
:10801000781A301F901AC01A981AC81AB01AE01AA3
:10802000B81AE81AC01A801BC81A881BD01AC01BBD
:10803000D81A701BE01AA01BE81A701DF01AE01B7A
:10804000F81A701F281B481D381BC81D481B601BD1
:10805000581BB01B681BB01D701BC81B781BB01FC2
:10806000901BC01B981BC81BA81B581DB01BE01BF6
:10807000B81BD81DD81BF01BE81BF01DF81BF01F08
:10808000081C201C181C301C381C681C481C601C58
:10809000581C701C781C381E801C001E881C201E5A
:1080A000901C001F981C201FA01C081EA81C281E26
:1080B000B01C081FB81C281FC01C101EC81C301E76
:1080C000D01C101FD81C301FE01C181EE81C381EC6
:1080D000F01C181FF81C781E081D201D181D301DCF
:1080E000381DA81D481D601D581D701D681D281FC6
:1080F000781DB81E801D401E881D601E901D401FEB
:10810000981D601FA01D481EA81D681EB01D481F99
:10811000B81D681FC01D501EC81D701ED01D501FE9
:10812000D81D701FE01D581EE81D781EF01D581F39
:10813000F81DF81E081E201E181E301E481E601E48
:10814000581E701E781E381F881EA01E901E801F8D
:10815000981EA01FB01E881FB81EA81FC01E801F1B
:10816000C81E881FD01E901FD81EB01FE01EA01F63
:10817000E81EA81FF01E981FF81E781F081F201F5A
:10818000181F301F481F601F581F701F781FB81F0F
:10819000881FA01F901FC01F981FE01FB01FC81F7F
:1081A000B81FE81FC81FE01FD81FF01F0000803F46
:1081B00000000000C4FE7F3F890FC93B11FB7F3FD9
:1081C000900E493CE6F47F3FB6C9963C43EC7F3FB6
:1081D000B00AC93C29E17F3FB949FB3C98D37F3FB6
:1081E0002CC3163D8FC37F3F07E02F3D0FB17F3F6C
:1081F0002FFB483D189C7F3F6814623DAB847F3F56
:10820000742B7B3DC76A7F3F0A208A3D6D4E7F3FBE
:1082100005A9963D9D2F7F3F8C30A33D580E7F3F93
:1082200080B6AF3D9DEA7E3FC33ABC3D6DC47E3F04
:1082300036BDC83DC99B7E3FB93DD53DB0707E3F40
:108240002EBCE13D23437E3F7638EE3D24137E3F36
:1082500073B2FA3DB1E07D3F0295033ECCAB7D3F6A
:1082600086CF093E74747D3FB708103EAC3A7D3F1F
:108270008340163E73FE7C3FDE761C3EC9BF7C3FCA
:10828000B6AB223EB07E7C3FFCDE283E283B7C3FE6
:10829000A2102F3E31F57B3F9840353ECDAC7B3F61
:1082A000CF6E3B3EFC617B3F379B413EBE147B3F24
:1082B000C2C5473E16C57A3F60EE4D3E02737A3F17
:1082C0000115543E841E7A3F97395A3E9DC7793F27
:1082D000135C603E4E6E793F667C663E9812793F35
:1082E0007F9A6C3E7BB4783F51B6723EF853783F2C
:1082F000CCCF783E10F1773FE1E67E3EC58B773FED
:10830000C07D823E1724773FCE86853E07BA763FF2
:10831000938E883E974D763F07958B3EC6DE753F20
:10832000229A8E3E976D753FDD9D913E0BFA743F0C
:1083300031A0943E2284743F17A1973EDD0B743F19
:1083400086A09A3E3F91733F789E9D3E4714733FAF
:10835000E59AA03EF894723FC595A33E5213723F32
:10836000128FA63E578F713FC486A93E0809713F00
:10837000D47CAC3E6680703F3A71AF3E73F56F3F80
:10838000EF63B23E30686F3FEC54B53E9ED86E3F0F
:108390002A44B83EBE466E3FA031BB3E93B26D3F0D
:1083A0004A1DBE3E1D1C6D3F1E07C13E5E836C3FD5
:1083B00015EFC33E58E86B3F29D5C63E0C4B6B3FCB
:1083C00053B9C93E7BAB6A3F8B9BCC3EA7096A3F42
:1083D000CA7BCF3E9165693F095AD23E3CBF683F98
:1083E0004136D53EA816683F6B10D83ED86B673F24
:1083F00080E8DA3ECCBE663F79BEDD3E880F663F40
:108400004F92E03E0B5E653FFA63E33E59AA643F3C
:108410007533E63E73F4633FB700E93E5A3C633F71
:10842000BBCBEB3E1082623F7994EE3E98C5613F34
:10843000EA5AF13EF206613F071FF43E2146603FD3
:10844000CBE0F63E27835F3F2DA0F93E05BE5E3FA1
:10845000275DFC3EBEF65D3FB217FF3E532D5D3FEC
:10846000E4E7003FC7615C3FB142023F1A945B3FC3
:108470003D9C033F50C45A3F84F4043F6AF2593F85
:10848000824B063F6A1E593F36A1073F5348583F6B
:108490009BF5083F2670573FAD480A3FE595563F8C
:1084A0006B9A0B3F93B9553FD0EA0C3F31DB543FF9
:1084B000DA390E3FC3FA533F84870F3F4918533FC1
:1084C000CDD3103FC633523FB01E123F3D4D513FFA
:1084D0002A68133FAF64503F39B0143F1F7A4F3FB3
:1084E000D9F6153F908D4E3F073C173F029F4D3FF9
:1084F000C07F183F79AE4C3F00C2193FF8BB4B3FDD
:10850000C6021B3F7FC74A3F0C421C3F12D1493F66
:10851000D17F1D3FB3D8483F12BC1E3F65DE473FA9
:10852000CBF61F3F2AE2463FF92F213F03E4453FA8
:108530009967223FF5E3443FA99D233F00E2433F73
:1085400025D2243F29DE423F0A05263F70D8413F0D
:108550005636273FDAD0403F0566283F67C73F3F82
:108560001594293F1BBC3E3F82C02A3FF9AE3D3FD8
:108570004AEB2B3F03A03C3F69142D3F3B8F3B3F11
:10858000DE3B2E3FA47C3A3FA5612F3F4268393F36
:10859000BB85303F1652383F1DA8313F233A373F45
:1085A000C9C8323F6C20363FBCE7333FF304353F48
:1085B000F304353FBCE7333F6C20363FC9C8323F38
:1085C000233A373F1DA8313F1652383FBB85303F15
:1085D0004268393FA5612F3FA47C3A3FDE3B2E3FE6
:1085E0003B8F3B3F69142D3F03A03C3F4AEB2B3FA1
:1085F000F9AE3D3F82C02A3F1BBC3E3F1594293F48
:1086000067C73F3F0566283FDAD0403F5636273FD1
:1086100070D8413F0A05263F29DE423F25D2243F3C
:1086200000E2433FA99D233FF5E3443F9967223F82
:1086300003E4453FF92F213F2AE2463FCBF61F3F97
:1086400065DE473F12BC1E3FB3D8483FD17F1D3F78
:1086500012D1493F0C421C3F7FC74A3FC6021B3F15
:10866000F8BB4B3F00C2193F79AE4C3FC07F183F6B
:10867000029F4D3F073C173F908D4E3FD9F6153F67
:108680001F7A4F3F39B0143FAF64503F2A68133F01
:108690003D4D513FB01E123FC633523FCDD3103F28
:1086A0004918533F84870F3FC3FA533FDA390E3FCF
:1086B00031DB543FD0EA0C3F93B9553F6B9A0B3FE7
:1086C000E595563FAD480A3F2670573F9BF5083F5A
:1086D0005348583F36A1073F6A1E593F824B063F19
:1086E0006AF2593F84F4043F50C45A3F3D9C033F13
:1086F0001A945B3FB142023FC7615C3FE4E7003F31
:10870000532D5D3FB217FF3EBEF65D3F275DFC3E39
:1087100005BE5E3F2DA0F93E27835F3FCBE0F63ECE
:108720002146603F071FF43EF206613FEA5AF13EE0
:1087300098C5613F7994EE3E1082623FBBCBEB3E21
:108740005A3C633FB700E93E73F4633F7533E63E3E
:1087500059AA643FFA63E33E0B5E653F4F92E03EE9
:10876000880F663F79BEDD3ECCBE663F80E8DA3ECC
:10877000D86B673F6B10D83EA816683F4136D53E90
:108780003CBF683F095AD23E9165693FCA7BCF3EE4
:10879000A7096A3F8B9BCC3E7BAB6A3F53B9C93E6E
:1087A0000C4B6B3F29D5C63E58E86B3F15EFC33ED7
:1087B0005E836C3F1E07C13E1D1C6D3F4A1DBE3EC1
:1087C00093B26D3FA031BB3EBE466E3F2A44B83ED9
:1087D0009ED86E3FEC54B53E30686F3FEF63B23EBB
:1087E00073F56F3F3A71AF3E6680703FD47CAC3E0C
:1087F0000809713FC486A93E578F713F128FA63E6C
:108800005213723FC595A33EF894723FE59AA03E7D
:108810004714733F789E9D3E3F91733F86A09A3EDA
:10882000DD0B743F17A1973E2284743F31A0943E24
:108830000BFA743FDD9D913E976D753F229A8E3EF7
:10884000C6DE753F07958B3E974D763F938E883EEB
:1088500007BA763FCE86853E1724773FC07D823E9D
:10886000C58B773FE1E67E3E10F1773FCCCF783E77
:10887000F853783F51B6723E7BB4783F7F9A6C3E96
:108880009812793F667C663E4E6E793F135C603E7F
:108890009DC7793F97395A3E841E7A3F0115543E51
:1088A00002737A3F60EE4D3E16C57A3FC2C5473E21
:1088B000BE147B3F379B413EFC617B3FCF6E3B3E0E
:1088C000CDAC7B3F9840353E31F57B3FA2102F3E2B
:1088D000283B7C3FFCDE283EB07E7C3FB6AB223E90
:1088E000C9BF7C3FDE761C3E73FE7C3F8340163E54
:1088F000AC3A7D3FB708103E74747D3F86CF093E89
:10890000CCAB7D3F0295033EB1E07D3F73B2FA3DB3
:1089100024137E3F7638EE3D23437E3F2EBCE13D5F
:10892000B0707E3FB93DD53DC99B7E3F36BDC83D49
:108930006DC47E3FC33ABC3D9DEA7E3F80B6AF3DED
:10894000580E7F3F8C30A33D9D2F7F3F05A9963D5C
:108950006D4E7F3F0A208A3DC76A7F3F742B7B3D67
:10896000AB847F3F6814623D189C7F3F2FFB483DDE
:108970000FB17F3F07E02F3D8FC37F3F2CC3163DD4
:1089800098D37F3FB949FB3C29E17F3FB00AC93CFE
:1089900043EC7F3FB6C9963CE6F47F3F900E493CDE
:1089A00011FB7F3F890FC93BC4FE7F3F00000000E1
:1089B0000000803F890FC9BBC4FE7F3F900E49BCB9
:1089C00011FB7F3FB6C996BCE6F47F3FB00AC9BC35
:1089D00043EC7F3FB949FBBC29E17F3F2CC316BD67
:1089E00098D37F3F07E02FBD8FC37F3F2FFB48BD4C
:1089F0000FB17F3F681462BD189C7F3F742B7BBD15
:108A0000AB847F3F0A208ABDC76A7F3F05A996BD18
:108A10006D4E7F3F8C30A3BD9D2F7F3F80B6AFBD95
:108A2000580E7F3FC33ABCBD9DEA7E3F36BDC8BDF0
:108A30006DC47E3FB93DD5BDC99B7E3F2EBCE1BD17
:108A4000B0707E3F7638EEBD23437E3F73B2FABDF1
:108A500024137E3F029503BEB1E07D3F86CF09BE61
:108A6000CCAB7D3FB70810BE74747D3F834016BE0B
:108A7000AC3A7D3FDE761CBE73FE7C3FB6AB22BEB9
:108A8000C9BF7C3FFCDE28BEB07E7C3FA2102FBE5B
:108A9000283B7C3F984035BE31F57B3FCF6E3BBED7
:108AA000CDAC7B3F379B41BEFC617B3FC2C547BE1F
:108AB000BE147B3F60EE4DBE16C57A3F011554BE15
:108AC00002737A3F97395ABE841E7A3F135C60BEA8
:108AD0009DC7793F667C66BE4E6E793F7F9A6CBEBD
:108AE0009812793F51B672BE7BB4783FCCCF78BE36
:108AF000F853783FE1E67EBE10F1773FC07D82BE3D
:108B0000C58B773FCE8685BE1724773F938E88BE70
:108B100007BA763F07958BBE974D763F229A8EBE59
:108B2000C6DE753FDD9D91BE976D753F31A094BE49
:108B30000BFA743F17A197BE2284743F86A09ABE99
:108B4000DD0B743F789E9DBE3F91733FE59AA0BEBA
:108B50004714733FC595A3BEF894723F128FA6BE0B
:108B60005213723FC486A9BE578F713FD47CACBEEE
:108B70000809713F3A71AFBE6680703FEF63B2BEC5
:108B800073F56F3FEC54B5BE30686F3F2A44B8BEF2
:108B90009ED86E3FA031BBBEBE466E3F4A1DBEBED4
:108BA00093B26D3F1E07C1BE1D1C6D3F15EFC3BEC6
:108BB0005E836C3F29D5C6BE58E86B3F53B9C9BE2A
:108BC0000C4B6B3F8B9BCCBE7BAB6A3FCA7BCFBE53
:108BD000A7096A3F095AD2BE9165693F4136D5BEA1
:108BE0003CBF683F6B10D8BEA816683F80E8DABE6D
:108BF000D86B673F79BEDDBECCBE663F4F92E0BE0C
:108C0000880F663FFA63E3BE0B5E653F7533E6BED1
:108C100059AA643FB700E9BE73F4633FBBCBEBBE18
:108C20005A3C633F7994EEBE1082623FEA5AF1BE2D
:108C300098C5613F071FF4BEF206613FCBE0F6BE68
:108C40002146603F2DA0F9BE27835F3F275DFCBE14
:108C500005BE5E3FB217FFBEBEF65D3FE4E700BF54
:108C6000532D5D3FB14202BFC7615C3F3D9C03BFD6
:108C70001A945B3F84F404BF50C45A3F824B06BF32
:108C80006AF2593F36A107BF6A1E593F9BF508BFDC
:108C90005348583FAD480ABF2670573F6B9A0BBFE9
:108CA000E595563FD0EA0CBF93B9553FDA390EBF70
:108CB00031DB543F84870FBFC3FA533FCDD310BF7E
:108CC0004918533FB01E12BFC633523F2A6813BF24
:108CD0003D4D513F39B014BFAF64503FD9F615BF79
:108CE0001F7A4F3F073C17BF908D4E3FC07F18BF84
:108CF000029F4D3F00C219BF79AE4C3FC6021BBF59
:108D0000F8BB4B3F0C421CBF7FC74A3FD17F1DBF02
:108D100012D1493F12BC1EBFB3D8483FCBF61FBF8C
:108D200065DE473FF92F21BF2AE2463F996722BF00
:108D300003E4453FA99D23BFF5E3443F25D224BF6B
:108D400000E2433F0A0526BF29DE423F563627BFD1
:108D500070D8413F056628BFDAD0403F159429BF3F
:108D600067C73F3F82C02ABF1BBC3E3F4AEB2BBFB9
:108D7000F9AE3D3F69142DBF03A03C3FDE3B2EBF43
:108D80003B8F3B3FA5612FBFA47C3A3FBB8530BFE3
:108D90004268393F1DA831BF1652383FC9C832BF9B
:108DA000233A373FBCE733BF6C20363FF30435BF6F
:108DB000F304353F6C2036BFBCE7333F233A37BF5F
:108DC000C9C8323F165238BF1DA8313F426839BF6B
:108DD000BB85303FA47C3ABFA5612F3F3B8F3BBF93
:108DE000DE3B2E3F03A03CBF69142D3FF9AE3DBFD3
:108DF0004AEB2B3F1BBC3EBF82C02A3F67C73FBF29
:108E00001594293FDAD040BF0566283F70D841BF8E
:108E10005636273F29DE42BF0A05263F00E243BF00
:108E200025D2243FF5E344BFA99D233F03E445BF7A
:108E30009967223F2AE246BFF92F213F65DE47BFEF
:108E4000CBF61F3FB3D848BF12BC1E3F12D149BF5B
:108E5000D17F1D3F7FC74ABF0C421C3FF8BB4BBFB1
:108E6000C6021B3F79AE4CBF00C2193F029F4DBFE7
:108E7000C07F183F908D4EBF073C173F1F7A4FBFF2
:108E8000D9F6153FAF6450BF39B0143F3D4D51BFC7
:108E90002A68133FC63352BFB01E123F491853BF52
:108EA000CDD3103FC3FA53BF84870F3F31DB54BF8C
:108EB000DA390E3F93B955BFD0EA0C3FE59556BF5E
:108EC0006B9A0B3F267057BFAD480A3F534858BFB7
:108ED0009BF5083F6A1E59BF36A1073F6AF259BF8A
:108EE000824B063F50C45ABF84F4043F1A945BBFC0
:108EF0003D9C033FC7615CBFB142023F532D5DBF44
:108F0000E4E7003FBEF65DBFB217FF3E05BE5EBFA1
:108F1000275DFC3E27835FBF2DA0F93E214660BF41
:108F2000CBE0F63EF20661BF071FF43E98C561BF75
:108F3000EA5AF13E108262BF7994EE3E5A3C63BF1A
:108F4000BBCBEB3E73F463BFB700E93E59AA64BFE5
:108F50007533E63E0B5E65BFFA63E33E880F66BF7E
:108F60004F92E03ECCBE66BF79BEDD3ED86B67BF98
:108F700080E8DA3EA81668BF6B10D83E3CBF68BFD9
:108F80004136D53E916569BF095AD23EA7096ABFED
:108F9000CA7BCF3E7BAB6ABF8B9BCC3E0C4B6BBF7F
:108FA00053B9C93E58E86BBF29D5C63E5E836CBF36
:108FB00015EFC33E1D1C6DBF1E07C13E93B26DBFB2
:108FC0004A1DBE3EBE466EBFA031BB3E9ED86EBFA0
:108FD0002A44B83E30686FBFEC54B53E73F56FBF9E
:108FE000EF63B23E668070BF3A71AF3E080971BF51
:108FF000D47CAC3E578F71BFC486A93E521372BF5A
:10900000128FA63EF89472BFC595A33E471473BF56
:10901000E59AA03E3F9173BF789E9D3EDD0B74BFE5
:1090200086A09A3E228474BF17A1973E0BFA74BFA4
:1090300031A0943E976D75BFDD9D913EC6DE75BF34
:10904000229A8E3E974D76BF07958B3E07BA76BF24
:10905000938E883E172477BFCE86853EC58B77BF1B
:10906000C07D823E10F177BFE1E67E3EF85378BFC7
:10907000CCCF783E7BB478BF51B6723E981279BFA0
:109080007F9A6C3E4E6E79BF667C663E9DC779BF07
:10909000135C603E841E7ABF97395A3E02737ABFD2
:1090A0000115543E16C57ABF60EE4D3EBE147BBF1F
:1090B000C2C5473EFC617BBF379B413ECDAC7BBF09
:1090C000CF6E3B3E31F57BBF9840353E283B7CBFA1
:1090D000A2102F3EB07E7CBFFCDE283EC9BF7CBF05
:1090E000B6AB223E73FE7CBFDE761C3EAC3A7DBF43
:1090F0008340163E74747DBFB708103ECCAB7DBF75
:1091000086CF093EB1E07DBF0295033E24137EBFAA
:1091100073B2FA3D23437EBF7638EE3DB0707EBF1A
:109120002EBCE13DC99B7EBFB93DD53D6DC47EBF20
:1091300036BDC83D9DEA7EBFC33ABC3D580E7FBFD9
:1091400080B6AF3D9D2F7FBF8C30A33D6D4E7FBF5E
:1091500005A9963DC76A7FBF0A208A3DAB847FBFC1
:10916000742B7B3D189C7FBF6814623D0FB17FBF9D
:109170002FFB483D8FC37FBF07E02F3D98D37FBFB4
:109180002CC3163D29E17FBFB949FB3C43EC7FBFAF
:10919000B00AC93CE6F47FBFB6C9963C11FB7FBF5D
:1091A000900E493CC4FE7FBF890FC93B000080BFC1
:1091B00000000000C4FE7FBF890FC9BB11FB7FBF49
:1091C000900E49BCE6F47FBFB6C996BC43EC7FBFA6
:1091D000B00AC9BC29E17FBFB949FBBC98D37FBFA6
:1091E0002CC316BD8FC37FBF07E02FBD0FB17FBF5C
:1091F0002FFB48BD189C7FBF681462BDAB847FBF46
:10920000742B7BBDC76A7FBF0A208ABD6D4E7FBFAE
:1092100005A996BD9D2F7FBF8C30A3BD580E7FBF83
:1092200080B6AFBD9DEA7EBFC33ABCBD6DC47EBFF4
:1092300036BDC8BDC99B7EBFB93DD5BDB0707EBF30
:109240002EBCE1BD23437EBF7638EEBD24137EBF26
:1092500073B2FABDB1E07DBF029503BECCAB7DBF5A
:1092600086CF09BE74747DBFB70810BEAC3A7DBF0F
:10927000834016BE73FE7CBFDE761CBEC9BF7CBFBA
:10928000B6AB22BEB07E7CBFFCDE28BE283B7CBFD6
:10929000A2102FBE31F57BBF984035BECDAC7BBF51
:1092A000CF6E3BBEFC617BBF379B41BEBE147BBF14
:1092B000C2C547BE16C57ABF60EE4DBE02737ABF07
:1092C000011554BE841E7ABF97395ABE9DC779BF17
:1092D000135C60BE4E6E79BF667C66BE981279BF25
:1092E0007F9A6CBE7BB478BF51B672BEF85378BF1C
:1092F000CCCF78BE10F177BFE1E67EBEC58B77BFDD
:10930000C07D82BE172477BFCE8685BE07BA76BFE2
:10931000938E88BE974D76BF07958BBEC6DE75BF10
:10932000229A8EBE976D75BFDD9D91BE0BFA74BFFC
:1093300031A094BE228474BF17A197BEDD0B74BF09
:1093400086A09ABE3F9173BF789E9DBE471473BF9F
:10935000E59AA0BEF89472BFC595A3BE521372BF22
:10936000128FA6BE578F71BFC486A9BE080971BFF0
:10937000D47CACBE668070BF3A71AFBE73F56FBF70
:10938000EF63B2BE30686FBFEC54B5BE9ED86EBFFF
:109390002A44B8BEBE466EBFA031BBBE93B26DBFFD
:1093A0004A1DBEBE1D1C6DBF1E07C1BE5E836CBFC5
:1093B00015EFC3BE58E86BBF29D5C6BE0C4B6BBFBB
:1093C00053B9C9BE7BAB6ABF8B9BCCBEA7096ABF32
:1093D000CA7BCFBE916569BF095AD2BE3CBF68BF88
:1093E0004136D5BEA81668BF6B10D8BED86B67BF14
:1093F00080E8DABECCBE66BF79BEDDBE880F66BF30
:109400004F92E0BE0B5E65BFFA63E3BE59AA64BF2C
:109410007533E6BE73F463BFB700E9BE5A3C63BF61
:10942000BBCBEBBE108262BF7994EEBE98C561BF24
:10943000EA5AF1BEF20661BF071FF4BE214660BFC3
:10944000CBE0F6BE27835FBF2DA0F9BE05BE5EBF91
:10945000275DFCBEBEF65DBFB217FFBE532D5DBFDC
:10946000E4E700BFC7615CBFB14202BF1A945BBFB3
:109470003D9C03BF50C45ABF84F404BF6AF259BF75
:10948000824B06BF6A1E59BF36A107BF534858BF5B
:109490009BF508BF267057BFAD480ABFE59556BF7C
:1094A0006B9A0BBF93B955BFD0EA0CBF31DB54BFE9
:1094B000DA390EBFC3FA53BF84870FBF491853BFB1
:1094C000CDD310BFC63352BFB01E12BF3D4D51BFEA
:1094D0002A6813BFAF6450BF39B014BF1F7A4FBFA3
:1094E000D9F615BF908D4EBF073C17BF029F4DBFE9
:1094F000C07F18BF79AE4CBF00C219BFF8BB4BBFCD
:10950000C6021BBF7FC74ABF0C421CBF12D149BF56
:10951000D17F1DBFB3D848BF12BC1EBF65DE47BF99
:10952000CBF61FBF2AE246BFF92F21BF03E445BF98
:10953000996722BFF5E344BFA99D23BF00E243BF63
:1095400025D224BF29DE42BF0A0526BF70D841BFFD
:10955000563627BFDAD040BF056628BF67C73FBF72
:10956000159429BF1BBC3EBF82C02ABFF9AE3DBFC8
:109570004AEB2BBF03A03CBF69142DBF3B8F3BBF01
:10958000DE3B2EBFA47C3ABFA5612FBF426839BF26
:10959000BB8530BF165238BF1DA831BF233A37BF35
:1095A000C9C832BF6C2036BFBCE733BFF30435BF38
:1095B000F30435BFBCE733BF6C2036BFC9C832BF28
:1095C000233A37BF1DA831BF165238BFBB8530BF05
:1095D000426839BFA5612FBFA47C3ABFDE3B2EBFD6
:1095E0003B8F3BBF69142DBF03A03CBF4AEB2BBF91
:1095F000F9AE3DBF82C02ABF1BBC3EBF159429BF38
:1096000067C73FBF056628BFDAD040BF563627BFC1
:1096100070D841BF0A0526BF29DE42BF25D224BF2C
:1096200000E243BFA99D23BFF5E344BF996722BF72
:1096300003E445BFF92F21BF2AE246BFCBF61FBF87
:1096400065DE47BF12BC1EBFB3D848BFD17F1DBF68
:1096500012D149BF0C421CBF7FC74ABFC6021BBF05
:10966000F8BB4BBF00C219BF79AE4CBFC07F18BF5B
:10967000029F4DBF073C17BF908D4EBFD9F615BF57
:109680001F7A4FBF39B014BFAF6450BF2A6813BFF1
:109690003D4D51BFB01E12BFC63352BFCDD310BF18
:1096A000491853BF84870FBFC3FA53BFDA390EBFBF
:1096B00031DB54BFD0EA0CBF93B955BF6B9A0BBFD7
:1096C000E59556BFAD480ABF267057BF9BF508BF4A
:1096D000534858BF36A107BF6A1E59BF824B06BF09
:1096E0006AF259BF84F404BF50C45ABF3D9C03BF03
:1096F0001A945BBFB14202BFC7615CBFE4E700BF21
:10970000532D5DBFB217FFBEBEF65DBF275DFCBE29
:1097100005BE5EBF2DA0F9BE27835FBFCBE0F6BEBE
:10972000214660BF071FF4BEF20661BFEA5AF1BED0
:1097300098C561BF7994EEBE108262BFBBCBEBBE11
:109740005A3C63BFB700E9BE73F463BF7533E6BE2E
:1097500059AA64BFFA63E3BE0B5E65BF4F92E0BED9
:10976000880F66BF79BEDDBECCBE66BF80E8DABEBC
:10977000D86B67BF6B10D8BEA81668BF4136D5BE80
:109780003CBF68BF095AD2BE916569BFCA7BCFBED4
:10979000A7096ABF8B9BCCBE7BAB6ABF53B9C9BE5E
:1097A0000C4B6BBF29D5C6BE58E86BBF15EFC3BEC7
:1097B0005E836CBF1E07C1BE1D1C6DBF4A1DBEBEB1
:1097C00093B26DBFA031BBBEBE466EBF2A44B8BEC9
:1097D0009ED86EBFEC54B5BE30686FBFEF63B2BEAB
:1097E00073F56FBF3A71AFBE668070BFD47CACBEFC
:1097F000080971BFC486A9BE578F71BF128FA6BE5C
:10980000521372BFC595A3BEF89472BFE59AA0BE6D
:10981000471473BF789E9DBE3F9173BF86A09ABECA
:10982000DD0B74BF17A197BE228474BF31A094BE14
:109830000BFA74BFDD9D91BE976D75BF229A8EBEE7
:10984000C6DE75BF07958BBE974D76BF938E88BEDB
:1098500007BA76BFCE8685BE172477BFC07D82BE8D
:10986000C58B77BFE1E67EBE10F177BFCCCF78BE67
:10987000F85378BF51B672BE7BB478BF7F9A6CBE86
:10988000981279BF667C66BE4E6E79BF135C60BE6F
:109890009DC779BF97395ABE841E7ABF011554BE41
:1098A00002737ABF60EE4DBE16C57ABFC2C547BE11
:1098B000BE147BBF379B41BEFC617BBFCF6E3BBEFE
:1098C000CDAC7BBF984035BE31F57BBFA2102FBE1B
:1098D000283B7CBFFCDE28BEB07E7CBFB6AB22BE80
:1098E000C9BF7CBFDE761CBE73FE7CBF834016BE44
:1098F000AC3A7DBFB70810BE74747DBF86CF09BE79
:10990000CCAB7DBF029503BEB1E07DBF73B2FABDA3
:1099100024137EBF7638EEBD23437EBF2EBCE1BD4F
:10992000B0707EBFB93DD5BDC99B7EBF36BDC8BD39
:109930006DC47EBFC33ABCBD9DEA7EBF80B6AFBDDD
:10994000580E7FBF8C30A3BD9D2F7FBF05A996BD4C
:109950006D4E7FBF0A208ABDC76A7FBF742B7BBD57
:10996000AB847FBF681462BD189C7FBF2FFB48BDCE
:109970000FB17FBF07E02FBD8FC37FBF2CC316BDC4
:1099800098D37FBFB949FBBC29E17FBFB00AC9BCEE
:1099900043EC7FBFB6C996BCE6F47FBF900E49BCCE
:1099A00011FB7FBF890FC9BBC4FE7FBF00000080D1
:1099B000000080BF890FC93BC4FE7FBF900E493CA9
:1099C00011FB7FBFB6C9963CE6F47FBFB00AC93C25
:1099D00043EC7FBFB949FB3C29E17FBF2CC3163D57
:1099E00098D37FBF07E02F3D8FC37FBF2FFB483D3C
:1099F0000FB17FBF6814623D189C7FBF742B7B3D05
:109A0000AB847FBF0A208A3DC76A7FBF05A9963D08
:109A10006D4E7FBF8C30A33D9D2F7FBF80B6AF3D85
:109A2000580E7FBFC33ABC3D9DEA7EBF36BDC83DE0
:109A30006DC47EBFB93DD53DC99B7EBF2EBCE13D07
:109A4000B0707EBF7638EE3D23437EBF73B2FA3DE1
:109A500024137EBF0295033EB1E07DBF86CF093E51
:109A6000CCAB7DBFB708103E74747DBF8340163EFB
:109A7000AC3A7DBFDE761C3E73FE7CBFB6AB223EA9
:109A8000C9BF7CBFFCDE283EB07E7CBFA2102F3E4B
:109A9000283B7CBF9840353E31F57BBFCF6E3B3EC7
:109AA000CDAC7BBF379B413EFC617BBFC2C5473E0F
:109AB000BE147BBF60EE4D3E16C57ABF0115543E05
:109AC00002737ABF97395A3E841E7ABF135C603E98
:109AD0009DC779BF667C663E4E6E79BF7F9A6C3EAD
:109AE000981279BF51B6723E7BB478BFCCCF783E26
:109AF000F85378BFE1E67E3E10F177BFC07D823E2D
:109B0000C58B77BFCE86853E172477BF938E883E60
:109B100007BA76BF07958B3E974D76BF229A8E3E49
:109B2000C6DE75BFDD9D913E976D75BF31A0943E39
:109B30000BFA74BF17A1973E228474BF86A09A3E89
:109B4000DD0B74BF789E9D3E3F9173BFE59AA03EAA
:109B5000471473BFC595A33EF89472BF128FA63EFB
:109B6000521372BFC486A93E578F71BFD47CAC3EDE
:109B7000080971BF3A71AF3E668070BFEF63B23EB5
:109B800073F56FBFEC54B53E30686FBF2A44B83EE2
:109B90009ED86EBFA031BB3EBE466EBF4A1DBE3EC4
:109BA00093B26DBF1E07C13E1D1C6DBF15EFC33EB6
:109BB0005E836CBF29D5C63E58E86BBF53B9C93E1A
:109BC0000C4B6BBF8B9BCC3E7BAB6ABFCA7BCF3E43
:109BD000A7096ABF095AD23E916569BF4136D53E91
:109BE0003CBF68BF6B10D83EA81668BF80E8DA3E5D
:109BF000D86B67BF79BEDD3ECCBE66BF4F92E03EFC
:109C0000880F66BFFA63E33E0B5E65BF7533E63EC1
:109C100059AA64BFB700E93E73F463BFBBCBEB3E08
:109C20005A3C63BF7994EE3E108262BFEA5AF13E1D
:109C300098C561BF071FF43EF20661BFCBE0F63E58
:109C4000214660BF2DA0F93E27835FBF275DFC3E04
:109C500005BE5EBFB217FF3EBEF65DBFE4E7003F44
:109C6000532D5DBFB142023FC7615CBF3D9C033FC6
:109C70001A945BBF84F4043F50C45ABF824B063F22
:109C80006AF259BF36A1073F6A1E59BF9BF5083FCC
:109C9000534858BFAD480A3F267057BF6B9A0B3FD9
:109CA000E59556BFD0EA0C3F93B955BFDA390E3F60
:109CB00031DB54BF84870F3FC3FA53BFCDD3103F6E
:109CC000491853BFB01E123FC63352BF2A68133F14
:109CD0003D4D51BF39B0143FAF6450BFD9F6153F69
:109CE0001F7A4FBF073C173F908D4EBFC07F183F74
:109CF000029F4DBF00C2193F79AE4CBFC6021B3F49
:109D0000F8BB4BBF0C421C3F7FC74ABFD17F1D3FF2
:109D100012D149BF12BC1E3FB3D848BFCBF61F3F7C
:109D200065DE47BFF92F213F2AE246BF9967223FF0
:109D300003E445BFA99D233FF5E344BF25D2243F5B
:109D400000E243BF0A05263F29DE42BF5636273FC1
:109D500070D841BF0566283FDAD040BF1594293F2F
:109D600067C73FBF82C02A3F1BBC3EBF4AEB2B3FA9
:109D7000F9AE3DBF69142D3F03A03CBFDE3B2E3F33
:109D80003B8F3BBFA5612F3FA47C3ABFBB85303FD3
:109D9000426839BF1DA8313F165238BFC9C8323F8B
:109DA000233A37BFBCE7333F6C2036BFF304353F5F
:109DB000F30435BF6C20363FBCE733BF233A373F4F
:109DC000C9C832BF1652383F1DA831BF4268393F5B
:109DD000BB8530BFA47C3A3FA5612FBF3B8F3B3F83
:109DE000DE3B2EBF03A03C3F69142DBFF9AE3D3FC3
:109DF0004AEB2BBF1BBC3E3F82C02ABF67C73F3F19
:109E0000159429BFDAD0403F056628BF70D8413F7E
:109E1000563627BF29DE423F0A0526BF00E2433FF0
:109E200025D224BFF5E3443FA99D23BF03E4453F6A
:109E3000996722BF2AE2463FF92F21BF65DE473FDF
:109E4000CBF61FBFB3D8483F12BC1EBF12D1493F4B
:109E5000D17F1DBF7FC74A3F0C421CBFF8BB4B3FA1
:109E6000C6021BBF79AE4C3F00C219BF029F4D3FD7
:109E7000C07F18BF908D4E3F073C17BF1F7A4F3FE2
:109E8000D9F615BFAF64503F39B014BF3D4D513FB7
:109E90002A6813BFC633523FB01E12BF4918533F42
:109EA000CDD310BFC3FA533F84870FBF31DB543F7C
:109EB000DA390EBF93B9553FD0EA0CBFE595563F4E
:109EC0006B9A0BBF2670573FAD480ABF5348583FA7
:109ED0009BF508BF6A1E593F36A107BF6AF2593F7A
:109EE000824B06BF50C45A3F84F404BF1A945B3FB0
:109EF0003D9C03BFC7615C3FB14202BF532D5D3F34
:109F0000E4E700BFBEF65D3FB217FFBE05BE5E3F91
:109F1000275DFCBE27835F3F2DA0F9BE2146603F31
:109F2000CBE0F6BEF206613F071FF4BE98C5613F65
:109F3000EA5AF1BE1082623F7994EEBE5A3C633F0A
:109F4000BBCBEBBE73F4633FB700E9BE59AA643FD5
:109F50007533E6BE0B5E653FFA63E3BE880F663F6E
:109F60004F92E0BECCBE663F79BEDDBED86B673F88
:109F700080E8DABEA816683F6B10D8BE3CBF683FC9
:109F80004136D5BE9165693F095AD2BEA7096A3FDD
:109F9000CA7BCFBE7BAB6A3F8B9BCCBE0C4B6B3F6F
:109FA00053B9C9BE58E86B3F29D5C6BE5E836C3F26
:109FB00015EFC3BE1D1C6D3F1E07C1BE93B26D3FA2
:109FC0004A1DBEBEBE466E3FA031BBBE9ED86E3F90
:109FD0002A44B8BE30686F3FEC54B5BE73F56F3F8E
:109FE000EF63B2BE6680703F3A71AFBE0809713F41
:109FF000D47CACBE578F713FC486A9BE5213723F4A
:10A00000128FA6BEF894723FC595A3BE4714733F46
:10A01000E59AA0BE3F91733F789E9DBEDD0B743FD5
:10A0200086A09ABE2284743F17A197BE0BFA743F94
:10A0300031A094BE976D753FDD9D91BEC6DE753F24
:10A04000229A8EBE974D763F07958BBE07BA763F14
:10A05000938E88BE1724773FCE8685BEC58B773F0B
:10A06000C07D82BE10F1773FE1E67EBEF853783FB7
:10A07000CCCF78BE7BB4783F51B672BE9812793F90
:10A080007F9A6CBE4E6E793F667C66BE9DC7793FF7
:10A09000135C60BE841E7A3F97395ABE02737A3FC2
:10A0A000011554BE16C57A3F60EE4DBEBE147B3F0F
:10A0B000C2C547BEFC617B3F379B41BECDAC7B3FF9
:10A0C000CF6E3BBE31F57B3F984035BE283B7C3F91
:10A0D000A2102FBEB07E7C3FFCDE28BEC9BF7C3FF5
:10A0E000B6AB22BE73FE7C3FDE761CBEAC3A7D3F33
:10A0F000834016BE74747D3FB70810BECCAB7D3F65
:10A1000086CF09BEB1E07D3F029503BE24137E3F9A
:10A1100073B2FABD23437E3F7638EEBDB0707E3F0A
:10A120002EBCE1BDC99B7E3FB93DD5BD6DC47E3F10
:10A1300036BDC8BD9DEA7E3FC33ABCBD580E7F3FC9
:10A1400080B6AFBD9D2F7F3F8C30A3BD6D4E7F3F4E
:10A1500005A996BDC76A7F3F0A208ABDAB847F3FB1
:10A16000742B7BBD189C7F3F681462BD0FB17F3F8D
:10A170002FFB48BD8FC37F3F07E02FBD98D37F3FA4
:10A180002CC316BD29E17F3FB949FBBC43EC7F3F9F
:10A19000B00AC9BCE6F47F3FB6C996BC11FB7F3F4D
:10A1A000900E49BCC4FE7F3F890FC9BB0000000070
:10A1B0000000004B000000CBD1F71737D1F717B7DD
:10A1C0008071313F807131BF0000003F000000BF4F
:08A1D000B0AB0220000000000A
:08A1D8002060FD7F0100000082
:08A1E000E10C00080000000082
:08A1E800BD0C0008000000009E
:10A1F00000000000FF00000000093D000100000019
:10A20000080000000000000003000000D4A90220A4
:10A210002400002000000000D4A902203CAA022053
:10A22000A4AA0220000000000000000000000000BE
:10A23000000000000000000000000000000000001E
:10A24000000000000000000000000000000000000E
:10A2500000000000000000000000000000000000FE
:08A2600015AB02200000000014
:0400000508000F3DA3
:00000001FF
