:020000040800F2
:10000000000003203D0F0008390E00083B0E0008D9
:100010003D0E00083F0E0008410E00088D0F00083D
:10002000000000000000000000000000430E000877
:10003000450E000800000000470E0008490E0008A9
:100040008D0F00088D0F00088D0F00088D0F000820
:100050008D0F00088D0F00088D0F00088D0F000810
:100060008D0F00088D0F00088D0F00088D0F000800
:100070008D0F00088D0F00088D0F00088D0F0008F0
:100080008D0F00088D0F00088D0F00088D0F0008E0
:100090008D0F00088D0F00088D0F00088D0F0008D0
:1000A0004D0E00088D0F00088D0F0008530E00083C
:1000B0008D0F00088D0F0008550E00088D0F0008E9
:1000C0008D0F00088D0F00088D0F00088D0F0008A0
:1000D0008D0F00088D0F00088D0F00088D0F000890
:1000E0008D0F00088D0F00088D0F00088D0F000880
:1000F0008D0F00088D0F00088D0F00088D0F000870
:100100008D0F00088D0F00088D0F00088D0F00085F
:100110008D0F00088D0F00088D0F00088D0F00084F
:100120008D0F00088D0F00088D0F00088D0F00083F
:100130008D0F00088D0F00088D0F00088D0F00082F
:100140008D0F00088D0F00088D0F00088D0F00081F
:100150008D0F00088D0F00088D0F00088D0F00080F
:100160008D0F00088D0F00088D0F00088D0F0008FF
:100170008D0F0008000000008D0F00080000000037
:10018000570E00088D0F00088D0F00088D0F000816
:100190008D0F00088D0F00088D0F00088D0F0008CF
:1001A0008D0F00088D0F0008590E00088D0F0008F4
:1001B0008D0F0008000000008D0F00088D0F000853
:1001C0008D0F0008000000008D0F00088D0F000843
:1001D0008D0F00088D0F00088D0F00088D0F00088F
:1001E0008D0F00088D0F00088D0F00088D0F00087F
:0801F000000000000000000007
:1001F80010F8012B11F8013B012A28BF9A42F7D0C9
:10020800D01A704781F0004102E000BF83F000433C
:1002180030B54FEA41044FEA430594EA050F08BF99
:1002280090EA020F1FBF54EA000C55EA020C7FEA5D
:10023800645C7FEA655C00F0E2804FEA5454D4EBDA
:100248005555B8BF6D420CDD2C4480EA020281EAA4
:10025800030382EA000083EA010180EA020281EADC
:100268000303362D88BF30BD11F0004F4FEA01312E
:100278004FF4801C4CEA113102D0404261EB41013D
:1002880013F0004F4FEA03334CEA133302D05242C3
:1002980063EB430394EA050F00F0A780A4F101047F
:1002A800D5F1200E0DDB02FA0EFC22FA05F28018B9
:1002B80041F1000103FA0EF2801843FA05F359419F
:1002C8000EE0A5F120050EF1200E012A03FA0EFC1E
:1002D80028BF4CF0020C43FA05F3C01851EBE37148
:1002E80001F0004507D54FF0000EDCF1000C7EEB65
:1002F80000006EEB0101B1F5801F1BD3B1F5001FA3
:100308000CD349085FEA30004FEA3C0C04F10104C1
:100318004FEA445212F5800F80F09A80BCF1004FEA
:1003280008BF5FEA500C50F1000041EB045141EA6C
:10033800050130BD5FEA4C0C404141EB0101013C35
:1003480028BFB1F5801FE9D291F0000F04BF014624
:100358000020B1FA81F308BF2033A3F10B03B3F1F6
:1003680020020CDA0C3208DD02F1140CC2F10C0286
:1003780001FA0CF021FA02F10CE002F11402D8BFE4
:10038800C2F1200C01FA02F120FA0CFCDCBF41EAB0
:100398000C019040E41AA2BF01EB0451294330BD7F
:1003A8006FEA04041F3C1CDA0C340EDC04F114045C
:1003B800C4F1200220FA04F001FA02F340EA030033
:1003C80021FA04F345EA030130BDC4F10C04C4F179
:1003D800200220FA02F001FA04F340EA0300294659
:1003E80030BD21FA04F0294630BD94F0000F83F4A3
:1003F800801306BF81F480110134013D4EE77FEA86
:10040800645C18BF7FEA655C29D094EA050F08BFD1
:1004180090EA020F05D054EA000C04BF19461046B2
:1004280030BD91EA030F1EBF0021002030BD5FEAF6
:10043800545C05D14000494128BF41F0004130BD1E
:1004480014F580043CBF01F5801130BD01F0004572
:1004580045F0FE4141F470014FF0000030BD7FEAE5
:10046800645C1ABF194610467FEA655C1CBF0B46E0
:10047800024650EA013406BF52EA033591EA030FF7
:1004880041F4002130BD00BF90F0000F04BF0021EF
:10049800704730B54FF4806404F132044FF0000522
:1004A8004FF0000150E700BF90F0000F04BF00219B
:1004B800704730B54FF4806404F1320410F0004501
:1004C80048BF40424FF000013EE700BF42004FEAFC
:1004D800E2014FEA31014FEA02701FBF12F07F4379
:1004E80093F07F4F81F06051704732F07F4208BF30
:1004F800704793F07F4F04BF41F40021704730B537
:100508004FF4607401F0004521F000411CE700BF82
:1005180050EA010208BF704730B54FF000050AE005
:1005280050EA010208BF704730B511F0004502D506
:10053800404261EB41014FF4806404F132045FEA08
:10054800915C3FF4D8AE4FF003025FEADC0C18BFB1
:1005580003325FEADC0C18BF033202EBDC02C2F1A3
:10056800200300FA03FC20FA02F001FA03FE40EA35
:100578000E0021FA02F11444BDE600BF70B54FF039
:10058800FF0C4CF4E06C1CEA11541DBF1CEA135517
:1005980094EA0C0F95EA0C0F00F0DEF82C4481EA7F
:1005A800030621EA4C5123EA4C5350EA013518BF9F
:1005B80052EA033541F4801143F4801338D0A0FB8C
:1005C80002CE4FF00005E1FB02E506F00042E0FB39
:1005D80003E54FF00006E1FB03569CF0000F18BF3F
:1005E8004EF0010EA4F1FF04B6F5007F64F54074E7
:1005F80004D25FEA4E0E6D4146EB060642EAC6217A
:1006080041EA55514FEAC52040EA5E504FEACE2EE6
:10061800B4F1FD0C88BFBCF5E06F1ED8BEF1004FE9
:1006280008BF5FEA500E50F1000041EB045170BD65
:1006380006F0004646EA010140EA020081EA0301A9
:10064800B4EB5C04C2BFD4EB0C0541EA045170BDA5
:1006580041F480114FF0000E013C00F3AB8014F11F
:10066800360FDEBF002001F0004170BDC4F1000468
:10067800203C35DA0C341BDC04F11404C4F12005E9
:1006880000FA05F320FA04F001FA05F240EA020044
:1006980001F0004221F0004110EBD37021FA04F67A
:1006A80042EB06015EEA430E08BF20EAD37070BD34
:1006B800C4F10C04C4F1200500FA04F320FA05F093
:1006C80001FA04F240EA020001F0004110EBD37095
:1006D80041F100015EEA430E08BF20EAD37070BD05
:1006E800C4F1200500FA05F24EEA020E20FA04F3DE
:1006F80001FA05F243EA020321FA04F001F000418D
:1007080021FA04F220EA020000EBD3705EEA430EFD
:1007180008BF20EAD37070BD94F0000F0FD101F02C
:100728000046400041EB010111F4801F08BF013C65
:10073800F7D041EA060195F0000F18BF704703F0A3
:100748000046520043EB030313F4801F08BF013D2A
:10075800F7D043EA0603704794EA0C0F0CEA1355E6
:1007680018BF95EA0C0F0CD050EA410618BF52EAA0
:100778004306D1D181EA030101F000414FF00000A6
:1007880070BD50EA410606BF1046194652EA4306B4
:1007980019D094EA0C0F02D150EA013613D195EA28
:1007A8000C0F05D152EA03361CBF104619460AD170
:1007B80081EA030101F0004141F0FE4141F470017A
:1007C8004FF0000070BD41F0FE4141F4780170BD6A
:1007D80070B54FF0FF0C4CF4E06C1CEA11541DBFCF
:1007E8001CEA135594EA0C0F95EA0C0F00F0A7F8D1
:1007F800A4EB050481EA030E52EA03354FEA0131FE
:1008080000F088804FEA03334FF0805545EA131310
:1008180043EA12634FEA022245EA111545EA1065D8
:100828004FEA00260EF000419D4208BF964244F16F
:10083800FD0404F5407402D25B084FEA3202B61A8E
:1008480065EB03055B084FEA32024FF480104FF462
:10085800002CB6EB020E75EB030E22BFB61A7546D6
:1008680040EA0C005B084FEA3202B6EB020E75EB69
:10087800030E22BFB61A754640EA5C005B084FEAD1
:100888003202B6EB020E75EB030E22BFB61A75469E
:1008980040EA9C005B084FEA3202B6EB020E75EBA9
:1008A800030E22BFB61A754640EADC0055EA060E6A
:1008B80018D04FEA051545EA16754FEA06164FEAAD
:1008C800C30343EA52734FEAC2025FEA1C1CC0D159
:1008D80011F4801F0BD141EA00014FF000004FF0E6
:1008E800004CB6E711F4801F04BF01430020B4F1A7
:1008F800FD0C88BFBCF5E06F3FF6AFAEB5EB030C5F
:1009080004BFB6EB020C5FEA500C50F1000041EB5B
:10091800045170BD0EF0004E4EEA113114EB5C0428
:10092800C2BFD4EB0C0541EA045170BD41F48011FB
:100938004FF0000E013C90E645EA060E8DE60CEA03
:10094800135594EA0C0F08BF95EA0C0F3FF43BAF20
:1009580094EA0C0F0AD150EA01347FF434AF95EAD7
:100968000C0F7FF425AF104619462CE795EA0C0FBB
:1009780006D152EA03353FF4FDAE1046194622E788
:1009880050EA410618BF52EA43067FF4C5AE50EA62
:1009980041047FF40DAF52EA43057FF4EBAE12E752
:1009A8004FF0FF3C06E000BF4FF0010C02E000BF33
:1009B8004FF0010C4DF804CD4FEA410C7FEA6C5C16
:1009C8004FEA430C18BF7FEA6C5C1BD001B050EAB9
:1009D800410C0CBF52EA430C91EA030F02BF90EAA4
:1009E800020F0020704710F1000F91EA030F58BF63
:1009F800994208BF90422CBFD8176FEAE37040F0C5
:100A0800010070474FEA410C7FEA6C5C02D150EA62
:100A1800013C07D14FEA430C7FEA6C5CD6D152EA1D
:100A2800033CD3D05DF8040B704700BF84461046E2
:100A380062468C461946634600E000BF01B5FFF7E1
:100A4800B7FF002848BF10F1000F01BD4DF808EDB1
:100A5800FFF7F4FF0CBF012000205DF808FB00BF82
:100A68004DF808EDFFF7EAFF34BF012000205DF8DC
:100A780008FB00BF4DF808EDFFF7E0FF94BF012029
:100A880000205DF808FB00BF4DF808EDFFF7CEFF2A
:100A980094BF012000205DF808FB00BF4DF808ED69
:100AA800FFF7C4FF34BF012000205DF808FB00BF3A
:100AB8004FEA410212F5001215D211D56FF478737E
:100AC800B3EB625212D94FEAC12343F0004343EA21
:100AD800505311F0004F23FA02F018BF40427047FC
:100AE8004FF00000704750EA013005D111F0004086
:100AF80008BF6FF0004070474FF00000704700BF1C
:100B08004FEA4102B2F1E04324BFB3F5001CDCF127
:100B1800FE5C0DD901F0004C4FEAC0024CEA50705F
:100B2800B2F1004F40EB830008BF20F0010070478E
:100B380011F0804F21D113F13872BCBF01F0004091
:100B4800704741F480114FEA5252C2F11802C2F1C3
:100B5800200C10FA0CF320FA02F018BF40F0010044
:100B68004FEAC1234FEAD32303FA0CFC40EA0C00F6
:100B780023FA02F34FEA4303CCE77FEA625307D133
:100B880050EA01331EBF4FF0FE4040F4400070476A
:100B980001F0004040F0FE4040F40000704700BF04
:100BA8007BB972B90029BEBF00204FF0004106E0B2
:100BB80008BF00281CBF6FF000414FF0FF3000F065
:100BC80057B8ADF1080C6DE904CE002909DB002BFC
:100BD8001ADB10F0EFFADDF804E0DDE9022304B0D7
:100BE8007047404261EB4101002B1BDB10F0E2FA39
:100BF800DDF804E0DDE9022304B0404261EB410185
:100C0800524263EB43037047524263EB430310F0D5
:100C1800D1FADDF804E0DDE9022304B0404261EBDB
:100C280041017047524263EB430310F0C3FADDF809
:100C380004E0DDE9022304B0524263EB430370474A
:100C480053B94AB9002908BF00281CBF4FF0FF312B
:100C58004FF0FF3000F00CB8ADF1080C6DE904CE90
:100C680010F0A8FADDF804E0DDE9022304B07047CB
:100C7800704700BF4A0011D212F5001211D20DD5EB
:100C88006FF47873B3EB62520ED44FEAC12343F08A
:100C9800004343EA505323FA02F070474FF0000034
:100CA800704750EA013002D14FF0FF3070474FF0E3
:100CB8000000704710B5054C237833B9044B13B1C5
:100CC8000448AFF300800123237010BD800000208A
:100CD800000000000815010808B5034B1BB10349C3
:100CE8000348AFF3008008BD000000008400002026
:100CF8000815010800B599B04822002106A80FF090
:100D080031FB1422002101A80FF02CFB002002F077
:100D180037F908B172B6FEE7102306936023012263
:100D28000F930223CDE90D20CDE91132372013921C
:100D38000722CDE9140206A8CDE9163301F0C2FB5B
:100D480008B172B6FEE70F220323CDE90300059030
:100D5800052101A8CDE9012301F0D0FE08B172B642
:100D6800FEE719B05DF804FB7FB501F0E3FAFFF781
:100D7800C1FF2C4B0020DA6C42F00402DA64DA6C12
:100D880002F004020192019ADA6C42F02002DA645D
:100D9800DA6C02F020020292029ADA6C42F08002C7
:100DA800DA64DA6C02F080020392039ADA6C42F099
:100DB8000202DA64DA6C02F002020492049ADA6C33
:100DC80042F00102DA64DB6C03F001030593059B32
:100DD80002F06CF908B172B6FEE702F077F9044642
:100DE80008B172B6FEE702F0C5FC012002F0C2FCB1
:100DF800022002F0BFFC0121204602F01BFD4FF447
:100E0800E13309492046C1E900348C608C8102F045
:100E180099FD08B172B6FEE7044800F03FFF30BF05
:100E2800FDE700BF001002409C000020A4A802209B
:100E3800FEE7FEE7FEE7FEE7FEE77047704770470C
:100E480001F08ABA002002F049BD70477047704728
:100E5800704700000B4B82B01A6E42F001021A660E
:100E68001A6E02F001020092009A9A6D42F08052C6
:100E78009A659B6D03F080530193019B02B002F0C9
:100E88006BB800BF001002400A4A0346106810B54C
:100E980008B9094810600949094C0344091B8B42E9
:100EA80006D90FF017FB0C2303604FF0FF3010BD7D
:100EB8001360FCE7AC000020B8AC0220000003205F
:100EC800000400000120704708B50FF003FB16234B
:100ED80003604FF0FF3008BD08B50FF0FBFA16238A
:100EE8000360FEE770B50D4614460E46731B9C4220
:100EF80001DC204670BDAFF3008006F8010BF5E772
:100F080070B50D4614460E46731B9C4201DC204604
:100F180070BD16F8010B02F0E9FCF5E74FF0FF3061
:100F280070474FF4005300204B6070470120704712
:100F380000207047DFF834D001F07CF9002103E08D
:100F48000B4B5B58435004310A480B4B42189A42EA
:100F5800F6D30A4A02E0002342F8043B084B9A42BF
:100F6800F9D30FF0BDFAFFF7FFFEFEE700000320FC
:100F780030BE020800000020780000208000002019
:100F8800B8AC0220FEE710B538B1406928B1024676
:100F98000468002301209C4200DC10BD52F8041FA5
:100FA800002902DD48430133F5E70020F5E700009A
:100FB800104B1A68137F032B16D0092B07D0012B6F
:100FC80015D1136903EB800393ED000A7047136989
:100FD8001B56D168D2ED027A5B1A00EE103AB8EED1
:100FE800C00A20EE270A704713691B5CF1E79FEDE2
:100FF800020A7047F8020020000080FF7047D0F80E
:101008004C2138B5092A06D8002300F580749A4285
:1010180003D1002008E00FF048F854F8045F8D422F
:1010280003D14A3350F8230038BD0133EFE72DE9E7
:10103800F04104460F4606460025D0F80081A84531
:1010480001D100200BE0B369202B0AD13946F069A1
:10105800FFF7CEF828B91C2303FB05400430BDE890
:10106800F08101351C36EAE7F8B5154B05461868D6
:101078000BF0FAFF044600BBFFF79AFF114EB0EEE3
:10108800407AA6EC010A01200F4B1F68874202D85C
:101098008DB90020F8BDFFF78BFFB4EEC70AF1EE5B
:1010A80010FAA6EC010AD4BFB0EE470A0446B0EE27
:1010B800407A0130EAE72C60EBE76FF00700E9E7D8
:1010C80000030020D8020020D00200202029F0B51B
:1010D80007D000231C25D0F8004100F11806A342D0
:1010E80001D1002006E005FB03F2B758B94202D14E
:1010F80004321044F0BD0133F1E700002DE9F04758
:1011080017463C4A054692F900002DED028B8846A9
:1011180078B965B1384A1268914208D1374A1668D9
:10112800327F032A40D0092A13D0012A05D06FF054
:101138000600BDEC028BBDE8F0878A0030692946BD
:101148000FF0F5F9BDEC028B3846BDE8F047FFF724
:101158008BBFD6ED027AF5EEC07AF1EE10FAE6D939
:1011680004469FED278A6FF07F09A045EAD0F5EC89
:10117800017AB0EEE77AB4EE487AF1EE10FAD6D8F2
:1011880096ED020A87EE800AD6F810A00EF0B6FB9C
:10119800F36818444845B8BF48467F28A8BF7F2051
:1011A8000AF804000134E0E7D6ED027AF5EEC07AD9
:1011B800F1EE10FABBD904469FED118AA045C1D0C3
:1011C800F5EC017AB0EEE77AB4EE487AF1EE10FA6F
:1011D800ADD896ED020A87EE800AD6F810900EF088
:1011E8008DFBF368184480F3080009F80400013403
:1011F800E4E700BF04000020D4020020FC02002025
:10120800FFFF7F7F00487047D8020020024B186814
:1012180000B10069704700BFF8020020084B186849
:1012280058B1007F032809D0092807D0431E584227
:1012380058418000034B1B68584370470120F9E769
:10124800F8020020D0020020014B1868704700BF48
:10125800D4020020014B1868704700BFD00200205C
:10126800014B1868704700BFCC020020084B186873
:1012780058B1007F032809D0092807D0431E5842D7
:1012880058418000034B1B68584370470120F9E719
:10129800FC020020D402002038B50D4B044693F917
:1012A8000000154690B97CB1FFF7E0FF884202467E
:1012B8000AD1084B21461B6818690FF038F92846EF
:1012C800BDE83840FFF7D0BE6FF0060038BD00BF5C
:1012D80004000020FC020020024B186800B1007FC7
:1012E800704700BFFC020020024B186800B1007F65
:1012F800704700BFF8020020044B1B6813B193ED40
:10130800020A70479FED020A704700BFFC020020E6
:1013180000000000024B186800B1C068704700BFA9
:10132800FC020020044B1B6813B193ED020A7047BE
:101338009FED020A704700BFF8020020000000007D
:10134800024B186800B1C068704700BFF80200205F
:1013580007289ABF024B53F820000248704700BF85
:1013680068670208CD60020820292DE9F843054680
:1013780088461446994608D120480BF0A9FE204813
:101388000BF0A6FE0120BDE8F88303681B689847A8
:10139800074638B11B480BF09BFE41461A480BF034
:1013A80097FEEFE7D5F800C1BCF1080F06D9414612
:1013B80016480BF08DFE09211548F0E74FF01C0E7A
:1013C8000FCC0EFB0C5E0EF104060FC60CF10103E8
:1013D80094E8070086E80700CEF81880C5F80031C1
:1013E800D5F84C31384605EB83020133C2F8048145
:1013F800C2F82891C5F84C31C5E700BF043402088B
:10140800353402084A340208793402089A3402084A
:10141800CB340208074B2DE9F0411A684CF24033EF
:101428009A428CB00AD06FF00800034B18700CB0C9
:10143800BDE8F0812015010804000020AB4B1A68B4
:10144800D4189B58E31A1A88042A40F246819B88CC
:10145800002B00F04281E358032B40F03E81A44A60
:10146800A448136813F001030BD1C0F80031C0F889
:101478004C310123A04913600160A04AA0490EF035
:101488000FFE05A806F0F8FE00219E4B994805AA14
:10149800FFF76AFF002840F01D8105A803F0D2F885
:1014A8000321994B934805AAFFF75EFF002840F0F7
:1014B800118105A803F08EFF0421944B8D4805AADD
:1014C800FFF752FF002840F0058105A804F068FBEB
:1014D80009218F4B874805AAFFF746FF002840F0EF
:1014E800F98005A805F0BEF90E218A4B814805AAA6
:1014F800FFF73AFF002840F0ED8005A807F0B2FF9B
:101508001121854B7B4805AAFFF72EFF002840F0E4
:10151800E18005A809F026F92821804B754805AA1D
:10152800FFF722FF002840F0D58005A808F0C6F98B
:1015380012217B4B6F4805AAFFF716FF002840F0E1
:10154800C98005A805F07AFE1921764B694805AAD5
:10155800FFF70AFF002840F0BD80734D2B68DE07B7
:1015680013D40023CDE9023301934FF4C03321464D
:10157800604A00936D486E4B0BF0E4FA01235F4A12
:101588006C496A482B600EF08BFD68486A4D2860EC
:101598000BF07CFC0446002840F0A2800146286835
:1015A8000BF010FB654E2146306028680BF02CFBD1
:1015B800DFF8A4810446C8F800003068FFF7E3FCB0
:1015C8005F4F38602046FFF7DEFC5E4C2B682060DA
:1015D800D86E0AF0CBFA5C4B31681860002900F02D
:1015E80082804B69002B7ED01A68042A7BD15A6806
:1015F800012A78D19A68202A75D1DA680D2A72D121
:101608001B69012B6FD1D8F80020002A6BD05369D1
:10161800002B68D01868022865D15868012862D163
:101628009B68082B5FD13B68B3F5D07F5BD12368FB
:10163800082B58D10D7F6B1EDBB2082B00F28E8071
:1016480040F2051020FA03F3DC0740F18780147F8D
:10165800631EDBB2082B00F28180D840C3077DD51A
:10166800092D7FF4E0AE092C7FF4DDAED1ED027ACE
:10167800F5EEC07AF1EE10FA7FF6D5AE9FED337A2B
:1016880077EEC77A9FED327AF0EEE77AF4EEC77A12
:10169800F1EE10FA3FF6C7AECB685C2B7FF4C3AE11
:1016A800D2ED027AF5EEC07AF1EE10FA7FF6BBAE13
:1016B800DFED286A77EEE67AF0EEE77AF4EEC77A9D
:1016C800F1EE10FA3FF6AFAED36880337FF4ABAEDD
:1016D8000020AAE66FF00200A7E66FF00100A4E67A
:1016E8006FF00300A1E66FF004009EE630150108D4
:1016F800780100207C0100205467020800000020C7
:1017080005100008F9B4000859B500081BB6000810
:10171800B9B600086DB40008BFB70008A1B4000846
:1017280075B7000871B80008B0000020B4000020A8
:10173800100300203DCC000800030020FC0200201C
:10174800D4020020D0020020CC020020A457A440DC
:1017580095BFD6330000803BF80200206FF00500EB
:1017680063E600BF074AD2F8FC3043F08073C2F842
:10177800FC300022044B5A601A6842F001021A60D9
:10178800704700BF00ED00E0001000E00020704747
:101798002DE9F04F2DED048B1646804683B00028C6
:1017A80000F0EA80002A00F0E780B1F57A5F40F0A7
:1017B800E380B3F5D07F40F0DF80714C237863B9C4
:1017C80070480DF0F5F930B16FF0C90003B0BDEC09
:1017D800048BBDE8F08F012323706B4F9FED6B8A5C
:1017E800BA46DFED6B8A6B4DDFF8B4912B466A4938
:1017F8006A4A05F50060B3F57A5F37BF38F91340D8
:10180800F0EE487A07EE904AF8EEE77AB1EC017A02
:1018180038BF67EEA87A67EE277A01338342E2EC95
:10182800017AE8D100235E4A5C4956480DF0A0F9D8
:10183800D9ED007A67EEA77A99ED017AC9ED007AB9
:101848000122574B191DD3ED037AD3ED026A67EED7
:10185800A77A46EEA67A0132B2F5806FE1EC017AFA
:1018680003F10803EFD127EE077A4E4B504683ED7C
:10187800007A80244C49DFF84CC1DFED447A3CF80B
:10188800022B0B8809EB82020192484A31F802BF09
:1018980002EB830E5B4565D3013CE0EC017AECD1A9
:1018A80005F50075B5F5705F0AF5007A9ED19FEDD4
:1018B800408ADFED408AB2EE049ADFF8CC90C84641
:1018C800802598ED000AB4EEE80AF1EE10FA48BF58
:1018D800B0EE680A0DF0D2FF20EE090AB4EEC80A8D
:1018E800F1EE10FAC8BFB0EE408A013DA8EC010A3B
:1018F800E7D10134202C09F50079E0D1DFED2E7A0B
:10190800DFED2E6A38EE678A2D480346002206EB83
:1019180085013C46DFED1D7A03F5007CB4EC017AC5
:10192800B4EEC78AF1EE10FAB3EC016AC8BFB0EEA4
:10193800487A634547EE067AF0D1B0EEE77AB4EE1E
:10194800667AF1EE10FA3FF63FAF01320D2AE1EC6C
:10195800017ADED10D35B5F5D07F07F50077D4D102
:10196800002033E7019ABEEC017AF2EC016A0133F8
:1019780046EE877A01928DE76FF0C70026E700BF31
:1019880010830120148301202C8301200000000013
:101998000000003800FCFFFF041402082CE30120BB
:1019A8002CC301202CD301200012020870F2010878
:1019B800000080FFFFE6DB2E0000A042FFFF7F7FD4
:1019C80070D801080213020830B5084D0A44914244
:1019D80000D130BD11F8013B5840082340F3000402
:1019E8002C40013B84EA5000F8D1F0E72083B8EDA1
:1019F80070B51D46144B86B0019301238DF808304D
:101A080000230A9E0446CDE903268DF809103246C4
:101A180029464FF0FF30ADF80A30FFF7D5FFC04335
:101A28004FF4FA6305901422204601A901F04DFDF8
:101A380038B936B141F2883329462046B2B201F0AE
:101A480044FD06B070BD00BF534D543130B50D464E
:101A580000219DB004468DF86F10039219465F224D
:101A680004A80EF099FC64232A460093FF2120461F
:101A780003ABFFF7BDFF1DB030BD00002DE9F043FB
:101A88004FF05C084FF0FF391F469BB006460D46E5
:101A980014460021424603A8CDF808900EF062FCD7
:101AA800CDF810904FB10397CDF8008082213046D1
:101AB800AA6803ABFFF79CFF0CE074B1FFF7D6FBF5
:101AC800EB6883420DD06FF0640230462D4BA96855
:101AD800FFF7BCFF1BB0BDE8F083FFF7B5FB800044
:101AE800EEE7012001F086FE274BD3F80480002C96
:101AF8003BD0E968254802AAFFF7CEFB0446224BF3
:101B080001205F6801F086FE029BA7EB080704939B
:101B18000394059700F0C6FC1D4B984283BF013320
:101B2800B0FBF3F0059B002388BFB3FBF0F30693EB
:101B3800C4B9FFF767FB0446FFF78CFB2346089000
:101B48000AA904EB8002934217D1FFF767FB20280C
:101B580028BF20200990FFF759FB099A014612A8CF
:101B68000EF0E5FC5C230093A0E7FFF76DFB02AAEB
:101B780001460648FFF7C2FAC0E753F8040B41F8DC
:101B8800040BE0E778350208001000E08894022092
:101B98003F420F007FB5084B03921A699B69049274
:101BA80005930C230A46009390216B44FFF720FF0E
:101BB80007B05DF804FB00BF301702202DE9F041A3
:101BC800ECB002AC1546064640F2A5120F46204678
:101BD80000210EF0C7FB40F201132560A380FFF738
:101BE8007BFBA071FFF780FB274B284AE071C4E913
:101BF80002234FF008132361FFF726FB00283FD08C
:101C0800FFF722FB224B60611B680025A3614FF49C
:101C1800C033E361FFF724FB2062FFF76DFB84ED1F
:101C2800090AFFF777FBA062FFF77CFB84ED0B0A3C
:101C3800FFF786FB2F22174920630FA80EF0ACFB95
:101C4800412215491BA80EF072FC0DF1AD0828467B
:101C5800FFF77EFB013501461F2240460EF09CFB34
:101C6800082D08F12008F2D140F2A5133A46009356
:101C7800812123463046FFF7BBFE6CB0BDE8F081FA
:101C88004FF4D070BEE700BF0D0001000100200036
:101C980020150108AD350208D63502082DE9F04FA8
:101CA8002DED048BABB00446FFF7B4FB0646FFF7F7
:101CB80059FD002001F0AEFD012001F0ABFD02202E
:101CC80001F0A8FDB6BB304601F094FD3246002174
:101CD8002046FFF773FF0025844B0C934FF0000359
:101CE80001228DF81B3020464FF0FF330DF11B0108
:101CF80001F046FCB0B905F1A8026A449DF81B3012
:101D080012F8781C994217D1032D05F1010002F849
:101D18008C1C16D14FF4FA631022204608A901F052
:101D28002FFC80B16FF067020021714B2046FFF74E
:101D38008DFED0E70220C7E7532B04BF01208DF8A2
:101D48001C300546CAE79DF82030012B04D0694BAA
:101D58006FF063020999E9E7BDF822300BB1664BD1
:101D6800F6E741F208430A9A9A4203D9634B6FF0A7
:101D78006402EFE75AB141F288332046604992B2D3
:101D880001F0FEFB18B16FF067025E4BE2E7DDF889
:101D980028A04FF0FF3052465949FFF715FEC043BF
:101DA8000B9B834203D0584B6FF06502D2E79DF836
:101DB8002130013B122B00F21D82DFE813F01300E3
:101DC8001D0024001B021B021B021B021B021B021C
:101DD8001B021B021B021B021B021B0227006D00B9
:101DE8002F01FA010999BAF1000F03D06FF06402CC
:101DF800464B9BE732466BE733460022204607A94D
:101E0800FFF73CFE67E733460122F7E7BAF1100F08
:101E180001D03F4BABE73F4D394B47F65852D3E91A
:101E280000B700212846B3F80880B3F80AA0D3F811
:101E38000C900EF097FA16B13246099904E0FFF7B4
:101E4800A5FC0999024618B12046FFF7A3FE42E710
:101E5800BBF57A5F05D1B8F1010F02D1BAF1000FD5
:101E680003D02D4B6FF0680260E72C4B7A1E9A4224
:101E780004D8B7FBFBF30BFB13730BB1284BF1E74B
:101E88004FF0FF333246C5E9017985F80080EB60F1
:101E98002E6385F83460D7E71E4D2B781BB9214B8C
:101EA8006FF0690256E7BAF1040F02D91AF0010976
:101EB80001D01D4B5BE7124F2B693968994208D155
:101EC8006B68AAF104025B1AB3EB520F4FEA520B8C
:101ED80001D2164BE4E7E868391DFFF775FDDFF816
:101EE8005080E860CB4525D10022A6E7534D5431F8
:101EF80017360208323602084F3602086A360208D8
:101F08008894022092360208AE360208C5360208C6
:101F1800E836020830170220123702087E8A1D00B0
:101F28003A370208703702089B370208CA37020896
:101F3800001000E07B793A7942EA03226B69591C68
:101F480005EB4303DA862B69B1F57A5F03F10103E8
:101F580069612B6152D1D8F804A00391FFF774F995
:101F6800A64A03460399A648FFF712FCD5E90832AA
:101F7800D8F804102863A1EB0A015B1842F10002AB
:101F8800C5E908320246002845D14FF0010A4FF052
:101F9800FF3350460C9385F801A001F02BFCD8F8CC
:101FA80004300593FFF750F90CAA01469348FFF750
:101FB800A5F8D8F8041004905046039101F02AFCC3
:101FC8000399059B049AC81AD5E90A311B1841F1EF
:101FD8000001C5E90A3185F83420E2B9FFF712F9A2
:101FE8008246FFF737F95346864A0AEB8000984243
:101FF80008D1AB690133AB6100236B6109F10109B9
:1020080002376FE7D2ED007AB3EC017A77EE877A80
:10201800E2EC017AEBE700232B700EE7BAF1000F30
:1020280001D0794BA3E6794D2B785BB1D5F81090A8
:102038006B68994506D16F6927B9D5F81880B8F14A
:10204800000F01D1724B2BE7EB68AA68DB43934280
:1020580003D0704B85F800A0A6E66C2251460FA865
:102068000EF080F9D5E9082C4FF0FF3195F934309E
:10207800CDF894800C932B6B0D91CDE92339D5E9DC
:102088000A3012EB03084CEB000991427AEB0C0C76
:1020980038BF0A4626920022994282414FF0FF3209
:1020A80038BF134642454FF0000272EB09022893ED
:1020B800434638BF4FF0FF330E9300F0F3F9564B09
:1020C800984227D90133B0FBF3FAD5E90801002378
:1020D8005246FEF7B5FD002908BF0346D5E90A01B7
:1020E80018BF4FF0FF33524627930023FEF7A8FD91
:1020F80000290CBF03464FF0FF3352462993404650
:1021080000234946FEF79CFD002914BF4FF0FF331A
:1021180003460F93239B0C9A134310D1FFF79AF8A9
:102128009FED3E9A6FF07F0BDFF8D89011900DF17C
:102138006B080DF14C0A119B9F420BD3129300239D
:102148002B7078239221099A00930CAB2046FFF755
:102158004FFCC0E5D5ED067AB9EC017AF8EE677A5E
:10216800C7EE278AF4EEC98AF1EE10FAEAEC018A82
:10217800C4BFB0EE689A0D97FFF7D4F8B0EE408A66
:10218800FFF7DEF8B5EEC08AF1EE10FA034606DD79
:1021980088EE880A03900DF0FDFB039B03447F2B18
:1021A800A8BF7F235B45B8BF5B46013708F8013FEE
:1021B800C1E7BAF1000F01D0194BD8E5134B5A7893
:1021C8000AB9184B6CE61B6B174D2B60FFF73CF8F0
:1021D8006860FFF739F80949820005F108000EF038
:1021E800A6F9FFF731F8023080002B469121099AB1
:1021F8000090ABE76FF066020C4BABE52C030220B6
:102208006617022068940220F83702083017022067
:102218001C380208373802083F420F00000080FFD0
:102228005A3802088638020888940220AD38020815
:1022380070470000034AD2F8883043F47003C2F8AC
:102248008830704700ED00E021490B681B0754BF38
:10225800D1F894300B688A6858BFC3F3032302F09F
:102268000C0248BFC3F30313082A2FD019480C2ABD
:1022780050F823300CD01848042A08BF03468A684F
:102288001649C2F303128A5CD340154A136070479B
:10229800C868CA6800F00300C2F30312022802F1FA
:1022A80001020FD003280FD0B3FBF2F2CB68C86845
:1022B800C3F306235343C0F3416201325200B3FB18
:1022C800F2F3DCE7044BEFE7064BEDE7054BD6E707
:1022D80000100240886702080024F400D067020852
:1022E8000800002000127A0038B50F4B05461A780E
:1022F8000AB9012038BD4FF47A73B3FBF2F30B4AE5
:102308001068B0FBF3F000F0BDFE04460028F0D1E1
:10231800072DEED8024629464FF0FF3000F074FE34
:10232800034B20461D60E5E70C0000200800002054
:102338001000002010B5042000F054FEFFF784FFC1
:102348000020FFF7D1FF044618B9FEF783FD2046A9
:1023580010BD0124FBE70000034A044B11681B78F9
:102368000B441360704700BF90A802200C000020A7
:10237800014B1868704700BF90A8022037B51D4D63
:102388000446AB6DD90018D500F0D6FD30F40073C3
:1023980023D1802C03D9A02C8CBF022301231649FA
:1023A8000A6822F00F021A430A60086800F00F005A
:1023B800C01A18BF012003B030BDAB6D43F0805385
:1023C800AB65AB6D03F080530193019B00F0B4FD46
:1023D800AB6D23F08053AB65D8E7802C05D806D0C9
:1023E800A4F1700253425341D9E70323D7E70223EC
:1023F800D5E700BF0010024000200240254B9A6834
:10240800D96812F00C0205D00C2A24D101F003017E
:10241800012927D119682048090755BFD3F8941016
:102428001968C1F30321C1F3031150F8210082B3E5
:10243800D968DA6801F00301C2F30312022902F134
:10244800010211D003291ED0B0FBF2F0D968C1F304
:10245800062148430FE0042A1AD0082A0F4818BF5B
:10246800002070470020E3E7D8680D49C0F3062034
:10247800B1FBF2F25043DB68C3F3416301335B0005
:10248800B0FBF3F07047D8680449C0F30620EFE7C3
:1024980003487047001002408867020800127A005B
:1024A8000024F40008B5FFF7A9FF044B044A9B6811
:1024B800C3F30313D35CD84008BD00BF001002402B
:1024C800D06702082DE9F341054618B9012002B08A
:1024D800BDE8F081904C0368A668E768DB0606F063
:1024E8000C0607F0030735D51EB10C2E62D1012F5B
:1024F80060D12368980702D5EB69002BE6D02368E2
:10250800686A190756BFD4F8943023681B0903F08A
:10251800F003984237D9FFF731FF0028D6D1236856
:1025280043F00803236023686A6A23F0F003134327
:10253800236063682A6A23F47F4343EA02236360C3
:10254800FFF7B0FF754B1860754B1868FFF7CCFEA6
:102558000028BCD12B68DB0769D42B68990700F1E8
:10256800AF802B681E0700F1F2802B68590700F135
:102578002F812B689A0600F1F081EB6A002B40F05E
:1025880020820020A3E7236843F008032360236820
:1025980023F0F0030343236063682A6A23F47F432C
:1025A80043EA02236360002ECAD1FFF7E7FE002842
:1025B800C6D08BE7EB6933B3236843F0010323608C
:1025C800FFF7D6FE804623689B0711D5236843F0A2
:1025D8000803236023686A6A23F0F0031343236027
:1025E80063682A6A23F47F4343EA02236360B1E7FE
:1025F800FFF7BEFEA0EB08000228E4D923689A077B
:10260800E1D4032063E7236823F001032360FFF785
:10261800AFFE804623689A079CD5FFF7A9FEA0EB7A
:1026280008000228F6D923689907EAD4F2E7082EA9
:1026380003D00C2E08D1032F06D123689A038CD51A
:102648006B68002B89D141E76B68B3F5803F14D1E3
:10265800236843F480332360FFF78AFE80462368AB
:1026680099033FF57AAFFFF783FEA0EB08006428D3
:10267800F5D923689B03C4D5F1E7B3F5A02F04D19E
:10268800236843F480232360E2E7226822F480323F
:102698002260226822F480222260002BDCD1FFF71E
:1026A80067FE804623689B037FF557AFFFF760FE00
:1026B800A0EB08006428F5D923689A03A1D4F1E7B0
:1026C800042E03D00C2E10D1022F0ED123685E05E4
:1026D80003D5EB68002B3FF4F9AE63682A6923F051
:1026E800FE4343EA026363603BE7EB68D3B12368C8
:1026F80043F480732360FFF73BFE064623685A05C0
:10270800EBD4FFF735FE801B0228F7D9236859055B
:102718007FF577AFF2E700BF001002400800002005
:1027280010000020236823F480732360FFF720FE45
:10273800064623685F057FF514AFFFF719FE801B77
:102748000228F6D923685B053FF55BAFF1E76B69B3
:102758002BB3AB69F3B9D4F8943023F01003C4F861
:102768009430D4F8943043F00103C4F89430FFF760
:10277800FFFD0646D4F894309B073FF5F6AEFFF709
:10278800F7FD801B0728F5D9D4F894309A077FF510
:1027980038AFEFE7D4F8943043F01003DFE7D4F80C
:1027A800943023F00103C4F89430FFF7E1FD0646A6
:1027B800D4F8943099077FF5D8AEFFF7D9FD801B80
:1027C8000728F5D9D4F894309F073FF51AAFEFE7FB
:1027D800A36DDA0043D40127A36D43F08053A365AA
:1027E800A36D03F080530193019BA74E3368DB056B
:1027F80037D5AB68D80749D4D4F8902022F0010225
:10280800C4F89020D4F8902022F00402C4F8902054
:10281800002B4AD1FFF7ACFD41F288380646D4F8C0
:102828009030990700F18D80D4F890301A0655D56C
:1028380041F28838D4F8903023F08003C4F89030FF
:10284800D4F89030190549D5FFF792FD801B404513
:10285800F6D9D4F890301B053FF5D3AEF0E7002742
:10286800C3E7336843F480733360FFF781FD804624
:102878003368DA05BDD4FFF77BFDA0EB080002281A
:10288800F6D93368D9057FF5BCAEF1E713F0040F2C
:10289800D4F890301EBF43F00403C4F89030D4F845
:1028A800903043F00103C4F89030FFF761FD41F226
:1028B80088380646D4F89030990717D5AB6813F0D6
:1028C800800FD4F8903027D041F2883843F0800345
:1028D800C4F89030D4F890301B0512D5002F3FF47F
:1028E80048AEA36D23F08053A36542E6FFF740FD91
:1028F800801B4045DED9D4F890309B077FF581AE28
:10290800D8E7FFF735FD801B4045E3D9D4F8903070
:102918001A057FF576AEDDE741F2883823F08003AB
:10292800C4F89030D4F890301A05D7D5FFF720FDB9
:10293800801B4045F6D9D4F8903019053FF561AEB3
:10294800F0E7FFF715FD801B40457FF668AFD4F828
:1029580090309B073FF555AE61E7AB6AC3B1D4F839
:10296800983043F00103C4F89830FFF701FD06469C
:10297800D4F898309F073FF500AEFFF7F9FC801BAD
:102988000228F5D9D4F898309B077FF53AAEEFE7DF
:10299800D4F8983023F00103C4F89830FFF7E8FC26
:1029A8000646D4F898309A077FF5E7ADFFF7E0FCC4
:1029B800801B0228F5D9D4F8983099073FF521AE45
:1029C800EFE7A26802F00C020C2A63D0022B2368FE
:1029D80023F08073236042D1FFF7CAFC06462368C0
:1029E8009F0132D4E268294B13402A6B1343AA6B28
:1029F80043EA0223EA6B43EAC2636A6B013A43EA99
:102A080002132A6C5208013A43EA42536A6C52088C
:102A1800013A43EA4263E360236843F0807323602A
:102A2800E36843F08073E360FFF7A2FC0546236880
:102A380099013FF5A6ADFFF79BFC401B0228F6D98C
:102A4800236898017FF5DDADF1E7FFF791FC801B66
:102A58000228C4D923689B013FF5D3ADBFE7FFF730
:102A680087FC054623689B0104D4E268084B1340A1
:102A7800E36086E5FFF77CFC401B0228F2D9236857
:102A88009A013FF5BEADEDE7007000400C809F0154
:102A9800FCFFEEFE012B3FF419ADE3682A6B03F04F
:102AA800030191427FF412AD696B03F0F002013922
:102AB800B2EB011F7FF40AADA96B03F4FE42B2EB3F
:102AC800012F7FF403ADE96B03F07842B2EBC16FDD
:102AD8007FF4FCAC2A6C03F4C0015208013AB1EB54
:102AE800425F7FF4F3AC6A6C03F0C0635208013AAA
:102AF800B3EB426F14BF01200020E8E42DE9F8434E
:102B08000E46054610B90120BDE8F883724A1368DD
:102B180003F00F038B4232D3296888073AD4C907D8
:102B28007AD56F686D4C032F236840F0A0809A0116
:102B3800E9D5E368E26803F00303C2F30312022B4A
:102B480002F1010233D0032B39D0012B3CD00023F2
:102B5800E268C2F3416201325200B3FBF2F3604A09
:102B680093423FD9A36813F0F00F3BD1A3684FF00D
:102B7800800823F0F00343F08003A36034E0136877
:102B880023F00F030B431360136803F00F038B420A
:102B9800B9D1C1E7514AA868936803F0F003984295
:102BA80081BF936823F0F00303439360B7E7E368BA
:102BB8004C49C3F30623B1FBF2F25343C8E7E36879
:102BC8004949C3F30623F6E72368484A1B0755BF5C
:102BD800D4F894302368C3F30323C3F3031352F8E0
:102BE8002330B5E74FF00008A36841F2883923F095
:102BF80003033B43A360FFF7BBFB0746A3686A6870
:102C080003F00C03B3EB820F43D1B8F1000F03D0EC
:102C1800A36823F0F003A360296888070BD52F4A1F
:102C2800A868936803F0F00398423FBF936823F0C5
:102C3800F00303439360284A136803F00F03B34279
:102C480035D84A073FD40B0707D5244A2969936822
:102C580023F4605343EAC1039360FFF723FC244B3A
:102C68001860244B1868BDE8F843FFF73DBB022FF6
:102C780008D113F4003F3FF446AFFFF7BFFB184BF2
:102C880098426EE717B913F0020FF4E713F4806F58
:102C9800F1E7FFF76DFBC01B4845AFD9A3686A6829
:102CA80003F00C03B3EB820FA8D003202CE71368C2
:102CB80023F00F0333431360136803F00F03B34289
:102CC8007FF421AFBDE7054AE868936823F4E06321
:102CD80003439360B7E700BF0020024000100240A2
:102CE80000B4C4040024F40000127A0088670208C3
:102CF800080000201000002008B5FFF7D3FB044BA4
:102D0800044A9B68C3F30223D35CD84008BD00BFC4
:102D180000100240C867020808B5FFF7C3FB044B60
:102D2800044A9B68C3F3C223D35CD84008BD00BFE4
:102D380000100240C86702082DE9F04F00234FF049
:102D48000F0A5E4C0A6832FA03F501D1BDE8F08F2C
:102D5800012505FA03F919EA020200F0A180032708
:102D68004E684FEA430806F0030507FA08FE6F1E8F
:102D7800012F6FEA0E0ED1F808C031D8876807EA2C
:102D88000E0BCF6807FA08F747EA0B078760476812
:102D980027EA0909C6F300179F4047EA0907476071
:102DA800C7680CFA08FC07EA0E074CEA0707022D69
:102DB800C7601AD14FEAD30C00EB8C0C03F007095B
:102DC800DCF820704FEA89090AFA09FB27EA0B0B9D
:102DD8000F6907FA09F747EA0B07CCF8207004E0F7
:102DE800032DDDD1BCF1010FDAD1076805FA08F52A
:102DF80007EA0E073D4316F4403F056050D023F024
:102E0800030707F1804707F53D3703F0030C3D6ED4
:102E18004FEACC0C0AFA0CFE25EA0E0E284DA84201
:102E280040D005F58065A8423ED005F58065A842EA
:102E38003CD005F58065A8423AD005F58065A842E2
:102E480038D005F58065A84236D005F58065A842DA
:102E580014BF0725062505FA0CF545EA0E053D665B
:102E6800D743256816F4801F0CBF3D4015432560E5
:102E7800656816F4001F0CBF3D4015436560D4F823
:102E8800845016F4003F0CBF3D401543C4F88450ED
:102E9800D4F88050F60354BF3D401543C4F8805021
:102EA80001334FE70025D6E70125D4E70225D2E70D
:102EB8000325D0E70425CEE70525CCE700F402403A
:102EC800000002420AB1816170478162704701299E
:102ED80005D0022901D029B94260826000E0426031
:102EE800002070470120704710B101600020704732
:102EF8000120704770B501250468064604F01F03D9
:102F08009D40C4F300440A4B6401E2582A4203D0AE
:102F1800E550436803B19847064BE2582A4205D06A
:102F2800E550B36813B1BDE87040184770BD00BFE5
:102F38000CF4024010F40240024B186800F4C06020
:102F4800704700BF00700040024A536843F40073A2
:102F58005360704700700040024A936843F480430E
:102F68009360704700700040044B1869C3045ABF4F
:102F7800C04300F400404FF4805070470070004098
:102F8800154A10B501461468FFF7EEFFB0F5004F7B
:102F980020D0D3681B041DD404F4C0648C4201D132
:102FA800002010BD136823F4C0630B4313600B4B60
:102FB8000B491B68B3FBF1F303EB83035169480525
:102FC80001D5591C04D153695B05E9D50320E8E70D
:102FD800013BF3E70120E4E700700040080000200F
:102FE800A086010007490302CA6803F4E06322F4DB
:102FF800E0621204120C134343F0BF6343F400333E
:10300800CB60704700ED00E0154B30B5DC68C4F3C9
:103018000224C4F10703E51C032B28BF0323062D54
:103028004FF0FF3594BF0024043C05FA03F321EA6E
:103038000303A54022EA0502A340002843EA02034D
:10304800ACBF00F16040074A4FEA4313DBB2ABBFA5
:1030580000F5614000F00F0080F80033135430BDD4
:1030680000ED00E014ED00E0002807DB0123410932
:10307800034A00F01F00834042F82130704700BF28
:1030880000E100E00138B0F1807F0BD24FF0E0237F
:10309800E021054A586182F8231000200722986130
:1030A8001A6170470120704700ED00E00146064AAA
:1030B800106810F0010009BF1368012023F0040311
:1030C8000B4308BF1360704700040340034A002005
:1030D800136843F001031360704700BF0004034006
:1030E80010B5026852E8003F23F4907342E80031BB
:1030F80002680029F5D10F4C02F1080353E8003F9C
:10310800234002F1080C4CE800310029F4D1C36EC9
:10311800012B07D152E8003F23F0100342E80031A9
:103128000029F7D12023C0F88C300023C3664367F9
:1031380010BD00BFFEFFFFEF70470000F8B5044662
:103148002169A26823680A4361691D68C0690A4346
:103158008449024329400A431A605A68E16822F404
:1031680040520A435A60804AA16993421CBF226AAE
:1031780011439A6822F06E4222F430620A439A6040
:10318800DA6A616A22F00F020A43DA62774A9342E6
:1031980030D1774BD3F8883003F00303022B00F0CB
:1031A800D880032B00F0C880012B00F0CC80B0F54C
:1031B800004F40F0D380FFF7AFFD002877D06D4B6C
:1031C800626A616833F812204B08B0FBF2F203EB35
:1031D8004203B3FBF1F34FF6EF72A3F110019142F2
:1031E80020D823F00F02216892B2C3F3420313439D
:1031F800CB605CE0604A934216D15D4BD3F88830CF
:1032080003F00C03082B00F0A48008D8002B40F032
:103218009A80B0F5004F78D1FFF76EFDCDE70C2B03
:1032280000F08A80012043E0544A93420AD1504B6F
:10323800D3F8883003F03003202B00F08A80E5D9DA
:10324800302BEDE74E4A934209D1494BD3F88830E9
:1032580003F0C003802B7CD0D8D9C02BE0E7494AC3
:1032680093420BD1424BD3F8883003F44073B3F543
:10327800007F6ED0CAD9B3F5407FD1E73A4A93426E
:10328800D0D13B4BD3F8883003F44063B3F5006FDB
:1032980015D003D843B9FFF72FFD07E0B3F5406F0A
:1032A800C0D14FF400400BE0FFF7A8F840B9002068
:1032B8004FF00113A3660023C4E91D33F8BD32485B
:1032C8002C4B626A656833F8122005EB4501B0FBA8
:1032D800F2F39942A6D8B3EB053FA3D800231946C9
:1032E800FDF7AEFC0023064619464FF480776808C0
:1032F8002A46E6FB0701FDF7A3FC244BA0F5407224
:103308009A428FD82368D860D1E7FFF7F5FC0028E8
:10331800CDD0616A174A636832F81120B0FBF2F029
:1033280000EB5300B0FBF3F04FF6EF73A0F110027F
:10333800E6E7FFF763F8EAE7B0F5004F3FF43FAF81
:103348004FF40040E5E7B0F5004FF2D1FFF756F82B
:1033580033E7B0F5004F0C48DBD130E7FFF7DCFC72
:10336800D5E700BFF369FFCF008000400038014077
:1033780000100240E0670208004400400048004096
:10338800004C0040005000400024F400FFFC0F00F7
:10339800836A10B51A0706D50168846B4A6822F457
:1033A800004222434A60DC0706D50168C46A4A68BD
:1033B80022F4003222434A60990706D50168046B5B
:1033C8004A6822F4803222434A605A0706D50168C7
:1033D800446B4A6822F4802222434A60DC0606D500
:1033E8000168C46B8A6822F4805222438A60990675
:1033F80006D50168046C8A6822F4005222438A6068
:103408005A0610D50168446C4A68B4F5801F22F446
:10341800801242EA04024A6005D14A68846C22F4A8
:10342800C00222434A601B0606D50268C16C536875
:1034380023F400230B43536010BD2DE9F8430446E1
:103448000D4617469846DDF820902268D36935EA7C
:1034580003030CBF01230023BB4201D0002022E05C
:10346800B9F1FF3FF2D0FEF783FFA0EB0800484513
:1034780029D8B9F1000F26D021680B685A07E4D57E
:10348800802DE2D0402DE0D0CE6916F008060CD091
:10349800082520460D62FFF723FE00230120C4F80B
:1034A800905084F88430BDE8F883CB691B05CCD5EF
:1034B8004FF4006320460B62FFF712FE202384F8C6
:1034C8008460C4F890300320EDE72DE9F74398466F
:1034D800D0F888300446202B0E4617464ED119B92D
:1034E800012003B0BDE8F083002AF9D0212300258C
:1034F800C0F89050C0F88830FEF73AFFA3688146BC
:10350800B3F5805FA4F85470A4F8567003D123690A
:103518000BB935461E46B4F856204B4692B2CDF844
:1035280000804AB940212046FFF787FF2023C4F8CE
:1035380088300028D5D008E0002280212046FFF7F7
:103548007CFF20B12023C4F888300320C9E7226813
:103558008EB935F8023BC3F308039362D4F8883078
:1035680003F02103212BBBD1B4F85620013A92B2C3
:10357800A4F85620CFE716F8013BEEE70220B0E7A3
:103588002DE9F7439846D0F88C300446202B0F4697
:10359800164661D119B9012003B0BDE8F083002AAD
:1035A800F9D022230025C0F89050C0F88C30C566A9
:1035B800FEF7DEFEA3688146B3F5805FA4F85C6081
:1035C800A4F85E600DD12369DBB1FF221646A4F88A
:1035D8006020B4F85E0080B2E0B92023C4F88C30D3
:1035E800DAE733B92569002DEFD07F221D4616464C
:1035F800EDE7B3F1805F0AD12369002BF5D03F22B4
:10360800E4E740F2FF123D4616461F46DFE72A462A
:103618002E46DCE74B46002220212046CDF80080CC
:10362800FFF70BFF20B120230320C4F88C30B3E749
:1036380023685B6A334067B925F8023BD4F88C30BD
:10364800222BA8D1B4F85E30013B9BB2A4F85E30BF
:10365800BFE707F8013BF1E702209DE773B50026B5
:103668000446C0F89060FEF783FE236805461B6891
:103678001A071CD56FF07E43324600934FF40011B1
:1036880003462046FFF7D9FE88B1226852E8003F7A
:1036980023F0800342E800310029F6D12023C4F842
:1036A80088300320002384F8843002B070BD23687A
:1036B8001B685B0724D56FF07E43002200934FF40C
:1036C80080012B462046FFF7B8FEC8B1226852E8B1
:1036D800003F23F4907342E8003122680029F5D1B5
:1036E80002F1080353E8003F23F0010302F1080048
:1036F80040E800310029F3D12023C4F88C30D0E70A
:1037080020230020C4F88830C4F88C30E066206795
:10371800C8E710B5044650B3D0F888301BB980F814
:103728008430FFF709FD24232268C4F88830136821
:1037380023F001031360A36A13B12046FFF728FEA4
:103748002046FFF7FBFC012811D023682046BDE87E
:1037580010405A6822F490425A609A6822F02A026D
:103768009A601A6842F001021A60FFF777BF0120D9
:1037780010BD000030B51C4B89B0DA6CF8B942F0C6
:103788000402DA64DB6C03F004030093009B174B1C
:1037980003A933F810500123CDE90433032306931A
:1037A800134B039553F820402046FFF7C5FA2046EF
:1037B80000222946FFF786FB002009B030BD01280A
:1037C80008D142F00202DA64DB6C03F002030193D1
:1037D800019BDCE742F00102DA64DB6C03F00103D1
:1037E8000293029BD3E700BF001002400C68020856
:1037F8000068020808B5054B012233F81010044B85
:1038080053F82000FFF75EFB002008BD0C68020893
:103818000068020808B5054B002233F81010044B65
:1038280053F82000FFF74EFB002008BD0C68020883
:103838000068020870B5214B86B0DA6C064642F083
:103848000402DA64DB6C002003F004030093009B9D
:103858004FF40053019302230C46CDE9030331B919
:103868000291174801A9FFF767FA002013E0012920
:10387800FBD14FF48813124801A90293FFF75CFAB1
:103888000C23104D104903FB06552846FFF72CFB67
:1038980018B16FF0030006B070BD0C4A21462846E7
:1038A800FFF715FB02460028F3D10F211820FFF778
:1038B800ABFB1820FFF7D8FBD7E700BF001002408A
:1038C8000008024298A802200D000006DB38000814
:1038D800704708B50020FFF7FBFF08BD0C22024B1C
:1038E80002FB0030FFF706BB98A8022037B59425E5
:1038F800074B0190074C187801224FF47A7305FBA7
:10390800004001A9FFF7E1FD019803B030BD00BFF9
:1039180094A80220A4A802200A6842604A6882602B
:103928000A89C2604A8902610C2242618A894FF47D
:10393800004182610022C0E907124262FFF7E9BE36
:10394800FFF7EABF2DE9F04307460E4695B0002978
:1039580000F097804C4B4D4953F820209423434363
:1039680001EB0308CA504A494A4B4B4CCDE90B13AB
:10397800CDE90D13494B4A49CDE902134FF4E163F0
:10398800ADF80030ADF80430464B9A4214BF01251B
:10399800002555D1A36D43F08053A365A36D03F0B3
:1039A80080530493049BFFF7CFFAE36C43F0400382
:1039B800E364E36C03F040030593059BE36C43F079
:1039C8004003E364E36C03F040030693069BE36D56
:1039D80043F00103E365E36D03F001030793079BDD
:1039E80014AB03EB450939F8483C0FA90F930223A0
:1039F800109312930123119305F150030DEB030467
:103A080014F8503C139314AB03EB850555F8240CBC
:103A1800FFF792F939F8443C55F81C0C0F9314F849
:103A28004C3C0FA91393FFF787F9314640462FBB4B
:103A3800FFF772FF00B36FF0030015B0BDE8F08325
:103A4800E36C43F00803E364E36C03F008030893B2
:103A5800089BE36C43F00803E364E36C03F008039A
:103A68000993099BA36D43F48023A365A36D03F415
:103A780080230A930A9BB3E70020DEE7FFF760FF85
:103A8800D8E76FF00100D8E7F8670208A4A8022079
:103A980000180242000C024200100240000100021D
:103AA8008000000100800040002908B501DA0CF010
:103AB800FCFA03688B42FADD00EB8100406808BD20
:103AC800034601680022012010B5914200DC10BDB8
:103AD80053F8044F01326043F7E770B50568049C5A
:103AE800042D01D00CF0E1FA4568A5B90029F9D1F7
:103AF8008668AEB9002AF5D1C568B5B9002BF1D1F1
:103B08000069B8B9002CEDD101FB062205FB023390
:103B180000FB034070BD0029E4DB8D42E8DCE1E7EF
:103B2800002ADFDB9642E7DCDCE7002BDADB9D428C
:103B3800E6DCD7E7002CD5DBA042E5DCD2E770B5A0
:103B480015461E46FFF7B0FF314604462846FFF7E4
:103B5800ABFF844201D00CF0A8FA70BD2DE9F04FFC
:103B68009A464369A1B01593B0F90A30CDE91E12FF
:103B78000D93B0F90C30DDF8ACB00E93B0F90E30FF
:103B88000F93B0F910301093B0F902301193B0F9D7
:103B980004301293C3691693836A0A93C36A0B931A
:103BA800DDE90A32934201DD0CF07FFADAF80030E1
:103BB800042BF9D1DBF80030042BF5D12F9B1B68BF
:103BC800042BF1D100232F9A19465046FFF7B7FF6F
:103BD80003231990002158462F9AFFF7B0FF2E9B18
:103BE800DAF8104008902BB12D98FFF769FF089B71
:103BF8009842D9D1DAF808301A93DAF80C301B93C6
:103C0800DBF808301C93DBF80C301D93DBF8103020
:103C1800069394FBF3F3002BC6D0069A02FB1344D9
:103C2800002CC1D1089A92FBF3F30C93002BBBD064
:103C3800A1462F9B9B6817932F9BDB681893199BB2
:103C4800994580F29A80129B5B4209930023029364
:103C580010E0119B5B42079300230393039B189A80
:103C68009342C0F28880029B0E9A01330293099B0B
:103C780013440993029B179A9342EADB09F101095D
:103C8800DDE70C9B002594FBF3F3069A099E53434A
:103C980004951493049B1C9A93422DDB2E9B13B11D
:103CA80053F824301D441F9B284653F824201E9B9C
:103CB80053F8241009F0F4FDDDE9022305460094C9
:103CC80049462F98FFF709FF169B01341D440A9BAC
:103CD8009D42B8BF1D460B9B9D42A8BF1D46309B09
:103CE8001D54089B9C42CCDB039B0D9A0133039324
:103CF800079B13440793B1E70023079F0593059B90
:103D08001D9A934205DB049B01330493109B1E44C8
:103D1800C0E756EA070328D41B9BBB4225DD1A9B44
:103D2800B34222DD4FF000081CE0149B32464344A6
:103D38004946009350463B46FFF7CFFEDDE9042392
:103D48001390CDF8008021465846FFF7C6FE139A17
:103D58002A9B08F101089B56159A13442C9A12566F
:103D680002FB0355069B9845DFDB059B0133059352
:103D78000F9B1F44C3E70024B3E721B0BDE8F08FD1
:103D88002DE9F04F2DED048BAE4BADF20C4D1A68BA
:103D98000F46824609F0B3FAAB4B80463946504687
:103DA8001A6809F0ACFA3C6806464CB12368032B44
:103DB80014D1A64B394650461A6809F0A0FA0446B1
:103DC800A34B394650461A6809F09BFAD7F810B049
:103DD8000546BBF1000F03D10CF067F90024EFE7AB
:103DE800D7F80C90B9F1000FF6D098F8080007281A
:103DF80000F03281092800F09083012840F01484F3
:103E0800BCAF4A465946384600F046FC414629A808
:103E180009F085FAD8F80030314630A8129309F035
:103E28007EFA002ED8D03368214637A8119309F0BE
:103E380076FA04B124680DF1F8082946404609F0DD
:103E48006EFA002DC8D02B68002145A8209309F0F0
:103E580066FAB7F90A30D7ED0C8A1393B7F90C3024
:103E680097ED0D9A1493B7F90E3029AD1593B7F95C
:103E780010301693B7F902301793B7F90430189336
:103E8800299B042BA8D1309B30AE042BA4D13E9B98
:103E9800042BA1D10023424619462846FFF74FFEBE
:103EA80003231990424600213046FFF748FE2D9D16
:103EB8000D902CB137A8FFF703FE0D9B83428BD1E1
:103EC8002B9B329A1A932C9B1C921B93349B339AEC
:103ED800089395FBF3F31D92002B3FF47DAF089AEE
:103EE80002FB1355002D7FF477AF0D9A92FBF3F385
:103EF8001093002B3FF470AF409A419B1E921F9382
:103F0800199BAB4240F35383189B5B420E930023EB
:103F18000B9310E0179B5B420F9300230C931F9B9E
:103F28000C9A934200F38B800B9B149A01330B93EA
:103F38000E9B13440E931E9B0B9A9342EADC0135A9
:103F4800DEE7109B4FF0000A96FBF3F39FED418AE2
:103F5800089A0E9F534321931C9B53452DDC002C3C
:103F68006AD004EB8603D3ED007ADDE90B2338EE43
:103F7800278AF4EEC88AF1EE10FAC8BFB0EE688A54
:103F8800B4EEC89AF1EE10FA009629463EA848BF4A
:103F9800B0EE498AFFF7A1FD209B013603EB8000B4
:103FA80080ED008A0D9BB342CBDC0C9B139A013346
:103FB8000C930F9B13440F93B1E74FF0000BDDF800
:103FC8003C801D9B5B4504DC169B0AF1010A1F44DB
:103FD800C2E757EA08032AD41B9B434527DD1A9BEF
:103FE800BB4224DD4FF000091EE0219B3A464B44BA
:103FF8002946009329A84346FFF76FFD129B5246B6
:1040080003EB8000D0ED009A5B46CDF80090314676
:1040180030A8FFF762FD119B09F1010903EB80004D
:10402800D0ED007AA9EEA78A089B4B45DDDC159BED
:104038000BF1010B9844C4E7DFED067A95E70026FB
:10404800B0E700BF206802081C6802081868020868
:1040580014680208000000001CB1207A022840F011
:104068001F814A465946CAA800F048FBD9F82430AF
:1040780041461393D9F828304CA8149309F04FF906
:10408800D8F80030314653A8169309F048F9002EA5
:104098003FF4A2AE336821465AA8159309F03FF9B8
:1040A80004B1246861AF2946384609F038F9002D73
:1040B8003FF492AE2B682693BDF932331793BDF9BE
:1040C80034331893BDF936331993BDF938331A933D
:1040D800BDF92A331B93BDF92C331C93D49B119340
:1040E800D59B1293DDE9113293423FF775AE4C9B95
:1040F8004CAD042B7FF470AE539B53AE042B7FF46E
:104108006BAE619B042B7FF467AE00233A461946D9
:104118002846FFF714FD03231D903A460021304638
:10412800FFF70DFD509D109034B15AA8FFF7C8FC59
:10413800109B83427FF450AE4E9B559A1E934F9B23
:1041480020921F93579B569A089395FBF3F321925D
:10415800089A02FB1355002D7FF43EAE109AAA462A
:1041680092FBF3F3639A2293649B239224931D9BFF
:10417800534540F31C821C9B5B420E9300230B9318
:1041880010E01B9B5B420F9300230C93249B0C9A1B
:10419800934200F383800B9B189A01330B930E9B79
:1041A80013440E93239B0B9A9342EADC0AF1010A0B
:1041B800DDE70026229BB34695FBF3F3089A0E9F92
:1041C80053432793209BB3422BDC14B154F825307A
:1041D8009B44149B584653F82520139B53F82510ED
:1041E80009F05EFBDDE90B2306460095514661A800
:1041F800FFF773FC119B01359E42B8BF1E46129B08
:104208009E42A8BF1E46269B23F81060109BAB4217
:10421800CFDC0C9B179A01330C930F9B13440F931D
:10422800B4E70023DDF83C800D93219B0D9A93425F
:1042380003DC1A9B01361F44C4E757EA080327D456
:104248001F9B434524DD1E9BBB4221DD4FF0000927
:104258001BE0279B3A464B44514600934CA84346E3
:10426800FFF73BFC169B324633F91030294625935D
:10427800CDF800900D9B53A8FFF72FFC159B259AAE
:104288001B5609F1010912FB03BB089B4B45E0DCF7
:104298000D9B01330D93199B9844C6E70025B5E79C
:1042A800042840F031814A465946D8A800F026FA39
:1042B800D9F8243068AF1393D9F8283041463846E6
:1042C800149309F02CF8D8F8003031466FA82693DB
:1042D80009F025F8002E3FF47FAD3368214676A813
:1042E800259309F01CF829467DA8D4F8009009F018
:1042F80016F8002D3FF470AD2B682493BDF96A338E
:104308001593BDF96C331693BDF96E331793BDF948
:1043180070331893BDF962331993BDF964331A9356
:10432800E29B1193E39B1293DDE9113293423FF72D
:1043380053AD689B042B7FF44FAD6F9B6FAD042B7F
:104348007FF44AAD7D9B7DAE042B7FF445AD002301
:10435800324619463846FFF7F2FB03231B903246D4
:1043680000212846FFF7EBFB3C690E90B9F1000FDE
:1043780006D076A8FFF7A4FB0E9B83427FF42CADF2
:104388006A9B719A1C936B9B1E921D93739B729AE6
:104398000B9394FBF3F31F920B9A02FB1344002C2C
:1043A8007FF41AAD0E9A92FBF3F37F9A2093809BC9
:1043B800219222931B9BA34240F3F9801A9B4FF052
:1043C800000B5B4210930FE0199B5B420F93002395
:1043D8000C93229B0C9A934200F39480109B169A9C
:1043E8000BF1010B13441093219B5B45ECDC01346A
:1043F800E0E7209B0B9A95FBF3F3534327930023A5
:1044080000220D930023CDE90823109E1E9B0D9AD0
:10441800934237DCB9F1000F0BD0089959F83530C1
:1044280009EBC502CB185268099942EB0102CDE9A4
:104438000832DDE90801149B139A53F8253052F825
:10444800252009F071FA06460C9B00955A4621462C
:104458007DA8FFF742FB119B01359E42B8BF1E465F
:10446800129B9E42A8BF1E46249B23F810600E9BF9
:10447800AB42BEDC0C9B159A01330C930F9B134483
:104488000F93A6E74FF0000A0F9F1F9B534505DCCB
:104498000D9B01330D93189B1E44B7E757EA06039B
:1044A8002BD41D9BBB4228DD1C9BB34225DD4FF05E
:1044B80000081FE0279B324643442146009368A822
:1044C8003B46FFF70AFB269B294633F910300D9A25
:1044D8002393CDF8008053466FA8FFF7FEFA259B7B
:1044E800239A1B56DDE90801C2FB8301CDE90801C7
:1044F80008F101080B9B4345DCDC179B0AF1010A14
:104508001F44C2E70025B2E706F034FF227A0146CD
:10451800494808F0DDFD01204AE0307A09284DD0ED
:1045280012287BD1DAF84430D9F83410504698472D
:1045380031460746F4A8D6F800A008F0F0FEF4A823
:10454800FFF7BEFA3A460146504609F043FA4A4692
:104558005946E6A800F0D2F8D9E909A9414684A845
:1045680008F0DDFED8F800B00DF50B78314640466E
:1045780092AE08F0D4FE2146304608F0D0FE04B1D1
:104588002468294699A808F0CAFE002D3FF424ACF7
:104598004A4651462B68CDE90276CDE900B899A87C
:1045A800CDE904400693E6A884ABFFF7D7FA0020CC
:1045B8000DF20C4DBDEC048BBDE8F08F4A46594610
:1045C800F4A800F09BF8D9E909A94146A0A8A7AF2B
:1045D80008F0A5FE31463846D8F8008008F09FFE5E
:1045E800D6F800B0AEAE2146304608F098FE04B1C9
:1045F80024682946B5A808F092FE002D3FF4ECABDC
:104608002B68B5A8CDE9044006934A465146CDE942
:1046180002B6CDE90087A0ABF4A8C6E706F0AAFE6B
:10462800327A0146054874E706F0A4FE98F8082097
:10463800014603486DE700BFCE380208EF3802088C
:1046480012390208002313B50446CDE90033044AA1
:10465800044B054908F02CFE204602B010BD00BFEF
:1046680055490008893D00085347000810B504461D
:10467800184623B1012C03D0022C06D0002010BD0F
:104688001944013991FBF0F0F9E71944029B013A0A
:104698005A430132891AF5E70B7B70B5012B0446A2
:1046A8000D4616461AD0032B1AD0022B1BD06FF4D6
:1046B80000020F4B28786363226308F045FE3368D5
:1046C8002070638073682046A3806B686381AB6841
:1046D800A3812B69E3816B69238270BD0022E8E71F
:1046E8000022044BE6E74FF07E53034AE2E700BF9F
:1046F800FFFF7F7F0000C040000080BF70B51546F7
:10470800044613690E465B42436153695B42836109
:104718009369C361D3690362136A5B424362087891
:1047280008F012FE6B682070A3802B682046638017
:10473800B368A38173686381736923823369E381F2
:10474800EB6AA3622B6BE36270BD836B10B50BB988
:104758000BF0ABFC3821BDE8104018472DE9F04FAD
:104768009A460B688FB01B680546023B012B0F4623
:1047780016461E9C07D96C4B6C4A00935823446913
:104788006B49A04711E04B68D3F80090B9F1010FCD
:104798000DD00123CDE90293664B644A0193664B21
:1047A8006649009344695923A047012091E0936822
:1047B80092F800B00A935368D2F810800B935369AB
:1047C8005146199A0C93CDF800800B9B5846FFF779
:1047D8004DFF0C9B1A9A18990D90009358460A9B06
:1047E800FFF744FF1A9B0C9A013B53430A9A01387E
:1047F800013302FB0033189A0D999B1A199A23EA80
:10480800E373013A08FB02F201F1FF380B99013218
:1048180001FB0822A2EB0A0222EAE2725110D5F843
:104828000C80216002F00102591003F0010361605D
:10483800A260394600224046E36008F0FBF8824651
:1048480038B93F4B009366236C692846374A384984
:1048580097E74A463946404608F0ECF8814620B9C1
:10486800384B00936C696923EFE7394602224046CA
:1048780008F0E0F8394683460022404608F0EFF891
:10488800074620B9304B00936C696E23DDE79DF82D
:104898007430012B20D1DAF80C3039462361D9F86D
:1048A8000C3040466361FB68A361D8F800309B690F
:1048B8009847D8F80030514640469B699847D8F841
:1048C8000030494640469B699847BBF1000F23D109
:1048D80000200FB0BDE8F08FD9F814300C365B68B3
:1048E8004A460893A36A51460793636ACDE90006CE
:1048F800069304F13003059304F12C03049304F1A7
:104908002003039304F11C03029328465B4608F036
:10491800A3FE0028BFD0DCE7D8F80030594640464F
:104928009B699847D4E700BFA63902082E390208C8
:104938008F390208E2430208E4390208CA3902083A
:10494800F8390208093A02081B3A02082DE9F04F23
:10495800D1F80CA00446884699B0BAF1000F01D1ED
:104968000BF0A3FBD1F810B0BBF1000FF8D0C6686C
:104978000022304608F073F8814668B96B4B009303
:104988009623656920466A4A6A49A8474FF0010894
:10499800404619B0BDE8F08F00224146304608F085
:1049A80049F8074620B9644B009365699923E9E7FC
:1049B80001224146304608F03DF8054620B95F4BD4
:1049C800009365699C23DDE73B7F99F81C2093429F
:1049D8000CD0CDE902325A4B01935A4B00939E23D7
:1049E80065692046524A5849A847CFE7012B07D1A5
:1049F800037F012B0ED02046636954499847C5E7C9
:104A0800072B02D1037F092BF4E7092BF3D1037F8E
:104A1800122BF8D17B692046DA689B6809926A698B
:104A28000A93D3680B9393680C93D9F81430D96818
:104A38009B680D915168A26B89000F930E91904766
:104A4800A26BCAF824000E99204690473A7F0F9B24
:104A5800092ACAF8280001D0072A24D1296801297F
:104A680009D00123CDE90213394B0193394B009347
:104A78006569B923B5E7696800293FF471AF08682B
:104A880000283FF46DAF496800293FF469AF00681A
:104A9800012808D069694968884204D02E4B0093E0
:104AA8006569C2236EE704930D9B414603930C9BF3
:104AB800CDE9052A02930B9B5A4601930A9B20468F
:104AC8000093099BFFF74AFE804600287FF460AFF9
:104AD8002B7F122B15D1696951F804BBBBF1060F66
:104AE8003FF73EAF4FEA8B0212A80BF020FD43467A
:104AF800012111AA9B4514DC2046236C0AF13402DB
:104B080098473368294630469B6998473368394641
:104B180030469B6998473368494630469B699847B1
:104B280036E752F8040F01334143E3E71B3A020822
:104B38002E3902088F390208F8390208093A0208A2
:104B48002D3A02083A3A0208CA390208463A0208D7
:104B5800D83A0208F23A02080C3B0208836B10B5F7
:104B68000BB90BF0A2FA3821BDE8104018472DE91F
:104B7800F04F9A46B0F90A30A1B00E93B0F90C3054
:104B8800CDE91E120F93B0F90E30DDF8BCB01093CA
:104B9800B0F910301193B0F902301293B0F9043023
:104BA8001393B0F91230089343691593C3691693A8
:104BB800836A0B93C36A0C93DAF80030042B01D094
:104BC8000BF073FA2B9B1B68042BF9D1DBF8003030
:104BD800042BF5D1DDE90B329342F1DC00235A4670
:104BE80019465046FEF7ABFF03235A46194619905B
:104BF8002B98FEF7A4FFDAF808301793DAF80C3090
:104C08001893DAF810300D932B9B0D9A9B681A9322
:104C18002B9BDB681B93DBF808301C93DBF80C300C
:104C28001D93089B02FB03F48442C9D12D98FEF71B
:104C380047FFA042C4D14FF000098EE00025DDF8FF
:104C480028800695069B1A9A934234DA0023099F16
:104C5800079326E058EA07031ED4189BBB421BDDC6
:104C6800179B434518DD059B42464946009350462D
:104C78003B46FEF732FFDDE90623149000212B980E
:104C88000094FEF72AFF149A2A9B9B56159A134400
:104C98002C9A125602FB0355079B01330793109B6E
:104CA8001F44079B1B9A9342D4DB069B0133069350
:104CB800119B9844C6E72E9B13B153F824301D442A
:104CC8001F9B284653F824201E9B53F8241008F0F5
:104CD800E7FDDDE903230546009449465846FEF7FB
:104CE800FCFE169B01341D440B9B9D42B8BF1D461C
:104CF8000C9B9D42A8BF1D46309B1D54089AA31BC0
:104D08009A429BDC059B164401330593059B0D9A3B
:104D180093420DDB049B0E9A01330493099B1344C1
:104D28000993049B1D9A934204DA00260596EDE741
:104D38003446E3E7039B0F9A013303930A9B13441A
:104D48000A93039B1C9A934205DA129B5B420993D0
:104D580000230493E5E709F10109199B994505DA50
:104D6800139B5B420A9300230393EAE721B0BDE853
:104D7800F08F00002DE9F04F2DED068BD1F80C9047
:104D880083468846ADF5597DB9F1000F01D10BF086
:104D98008CF9D1F810A0BAF1000FF8D0A34B1A681B
:104DA80008F0AFFAA24B41461A680546584608F083
:104DB800A6FAA04B0746414658461A6808F09FFADB
:104DC800D8F80040064654B12368032B40F086808B
:104DD800994B414658461A6808F091FA0446387AC1
:104DE800072800F0AE81092800F02A81012840F048
:104DF800E4820DF518784A465146404600F0FEFA1E
:104E0800394628A808F08BFA3B6831462FA8149336
:104E180008F085FA002EBAD03368214636A81393D5
:104E280008F07DFA04B124683DAF2946384608F0F9
:104E380076FA002DABD02B68D8ED0C8A2293B8F9FE
:104E48000A3098ED0D9A1593B8F90C3028AE1693E0
:104E5800B8F90E301793B8F910301893B8F9023032
:104E68001993B8F904301A93B8F912300D93289BA6
:104E7800042B8CD12F9B2FAD042B88D13D9B042B69
:104E880085D100233A4619463046FEF758FE0323DB
:104E98003A4619461B902846FEF751FE2A9B804643
:104EA8001C932B9B1D932C9B1193319B119A1E9342
:104EB800329B1F933F9B2093409B21930D9B534311
:104EC80098427FF464AF36A8FEF7FAFD80457FF478
:104ED8005EAF4FF00008DFED599A9EE000247EE7B0
:104EE8004FF0000B9FED558A09EB0503109F1293B5
:104EF8001E9B5B4534DD4FF0000A0F9E28E057EA01
:104F0800060321D41D9BB3421EDD1C9BBB421BDD47
:104F1800089B3A464146009328A83346FEF7DDFD34
:104F2800149B5A4603EB8000129B90ED00AA0021C7
:104F380000932FA85346FEF7D0FD139B03EB800088
:104F4800D0ED007AAAEE278A179B0AF1010A1E44BF
:104F58001F9B5345D3DC189B0BF1010B1F44C7E77C
:104F6800002C36D00E9BD3ED007A38EE278AF4EE6B
:104F7800C88AF1EE10FAC8BFB0EE688AB4EEC89AD3
:104F8800F1EE10FA129B414600933DA8DDE90B3281
:104F980048BFB0EE498AFEF7A0FD229B09F101093E
:104FA80003EB800080ED008A0E9B04330E930D9B6B
:104FB8004B4595DC089B013308930D9B1D44119BC1
:104FC800089A934208DD04EB85034FF000090E931D
:104FD800EDE7F0EE697AC8E70B9B159A01330B935E
:104FE8000F9B13440F93219B0B9A934202DD0025DC
:104FF8000895E4E70C9B169A01330C93109B134415
:105008001093209B0C9A934205DD199B5B420F93EA
:1050180000230B93E7E708F101081B9B434559DD83
:105028001A9B5B42109300230C93EAE7246802085A
:10503800306802082C68020828680208000000008E
:10504800307A09284DD0122840F0A881DBF8443086
:10505800D9F834105846984731468046C8A8D6F83B
:1050680000B008F05CF9C8A8FEF72AFD42460146E0
:10507800584608F0AFFC4A465146A8A800F0F2F995
:10508800D9E909A9394644A808F049F9D7F800B080
:105098004BAF3146384652AE08F041F9214630460A
:1050A80008F03DF904B12468294659A808F037F9F1
:1050B800002D3FF46CAE4A4651462B68CDE9028676
:1050C800CDE900B759A8CDE904400693A8A844AB98
:1050D800FFF74DFD00200DF5597DBDEC068BBDE8B1
:1050E800F08F4A465146B8A800F0BCF9D9E90989B9
:1050F800394660A808F013F9D7F800A067AF314621
:10510800384608F00CF9D6F800B06EAE21463046A5
:1051180008F005F904B12468294675A808F0FFF8D5
:10512800002D3FF434AE2B6875A8CDE904400693F2
:105138004A464146CDE902B6CDE900A760ABB8A81A
:10514800C6E7307A092840F029814A465146C8A85E
:1051580000F088F9D9F8243039461593D9F8283061
:105168007CA8169308F0DBF83B68314683A81893AF
:1051780008F0D5F8336821468AA8179308F0CFF8C5
:1051880004B1246891AE2946304608F0C8F8002DCD
:105198003FF4FDAD2B680DF5F87A2793BDF92A3356
:1051A8001993BDF92C331A93BDF92E331B93BDF90E
:1051B80030331C93BDF922331D93BDF924331E935C
:1051C800BDF932330F93D29B1293D39B1393DAF822
:1051D8000030042B7FF4DBAD839B83AD042B7FF47D
:1051E800D6AD919B042B7FF4D2ADDDE91232934208
:1051F8003FF7CDAD0023324619465046FEF79FFCD7
:105208000323324619461F902846FEF798FCDAF821
:10521800083007462093DAF80C302193DAF810307A
:105228001493859B149A2293869B2393939B249390
:10523800949B25930F9B534398427FF4A8AD8AA86B
:10524800FEF73EFC87427FF4A2AD4FF000099BE0D9
:10525800002300220E930023CDE90823DDF84480C3
:10526800229B0E9A934237DD0023109F0D9329E06D
:1052780057EA080321D4219BBB421EDD209B4345EE
:105288001BDD0B9B42464946009350463B46FEF7C2
:1052980024FC189B002133F910300095269383A82D
:1052A800DDE90D32FEF719FC179B269A1B56DDE93E
:1052B8000801C2FB8301CDE908010D9B01330D9361
:1052C8001B9B1F44239B0D9A9342D1DC0E9B0133F9
:1052D8000E931C9B9844C3E75CB1089954F8353089
:1052E80004EBC502CB185268099942EB0102CDE9DB
:1052F8000832DDE90801169B159A53F8253052F853
:10530800252008F011FB07460C9B00955A46494694
:1053180091A8FEF7E2FB129B01359F42B8BF1F46DA
:10532800139B9F42A8BF1F46279B23F810700F9A14
:10533800AB1B9A428CDC0B9B164401330B93149BDA
:105348000B9A93420DDC0C9B199A01330C93109B1A
:1053580013441093259B0C9A934204DD00260B9668
:10536800EDE73546E3E7119B1A9A0BF1010B13445D
:105378001193249B5B4505DD1D9B5B421093002325
:105388000C93E7E709F101091F9B4B457FF7A2AE94
:105398001E9B4FF0000B5B421193EAE705F0EAFF12
:1053A8000446387A357A05F0E5FF2A460346214651
:1053B800064807F08DFE01208DE605F0DBFF3A7AFE
:1053C8000146034807F084FEF5E700BF853B020865
:1053D800BA3B0208002313B50446CDE90033044A5A
:1053E800044B054907F064FF204602B010BD00BF1A
:1053F800B15600087D4D0008654B00080B7C70B560
:10540800012B04460D4616461CD0032B1CD0022B3C
:105418001DD06FF40002104B28786363226307F0F5
:1054280093FF33682070638073682046A3806B689D
:105438006381AB68A3816B69E381AB692382EB6805
:10544800638270BD0022E6E70022044BE4E74FF0D8
:105458007E53034AE0E700BFFFFF7F7F0000C040A4
:10546800000080BF70B5154604460E4613695B42BE
:10547800436153695B4283619369C361D369036282
:10548800136A5B424362087807F05EFF6B6820701E
:10549800A3802B6820466380B368A3817368638107
:1054A800B36923827369E381F3686382EB6AA36259
:1054B8002B6BE36270BD00002DE9F04F99460B6835
:1054C8008FB01B6806460A93023B012B8846174695
:1054D8001E9C07D9674B684A00935823446967495B
:1054E800A0470FE04B681B68012B0FD00122CDE9C4
:1054F8000232634B604A0193624B634900934469EB
:105508005923A04701200FB0BDE8F08F936892F8A7
:1055180000B00B935368D2E9055A4946199A009589
:1055280058460C93FFF7A2F80B9B1A9A18990D90FE
:10553800CDF800A05846FFF799F81A9B0B9A013B43
:105548000AFB03F30138013302FB0033189A0D9963
:105558009B1A199A23EAE373013A6A434D1E0C9980
:10556800013201FB0522A2EB090222EAE272511084
:105578002160591003F00103F568E360434B02F022
:1055880001026160A260414628461A6807F052FA93
:10559800824638B93E4B0093662374693046364AD2
:1055A80036499DE73B4B414628461A6807F042FAC0
:1055B800814620B9384B009374696923EEE7374B6D
:1055C80041461A68284607F035FA354B4146834666
:1055D8001A68284607F043FA804620B9314B0093F1
:1055E80074696E23DAE79DF87430012B21D1DAF85B
:1055F8000C3051462361D9F80C3028466361D8F83D
:105608000C30A3612B689B6998472B6849469B69B6
:10561800284698470A9B032B04D12B6859462846ED
:105628009B6998472B68284641469B699847002004
:1056380069E7D9F8143010371B694A460893A36AFA
:1056480051460793636ACDE90007069304F13003D6
:10565800059304F12C03049304F12003039304F14C
:105668001C03029330465B4607F0F6FF0028BED0C5
:1056780049E700BFA6390208DC3B02088F39020857
:10568800E2430208E4390208CA390208206802081D
:10569800F83902081C680208093A02081868020862
:1056A800146802081B3A02082DE9F04FD1F80CA043
:1056B8000446884699B0BAF1000F01D10AF0F5FC0A
:1056C800D1F810B0BBF1000FF8D0C6680022304600
:1056D80007F0C5F9814660B9674B00939623656961
:1056E8002046664A6649A8470124204619B0BDE805
:1056F800F08F00224146304607F09CF9074620B952
:10570800604B009365699923EAE7012241463046D8
:1057180007F090F9054620B95B4B009365699C2317
:10572800DEE77B69DA689B6809920A934369204639
:10573800DA680B929A680C92D9F81420D1689268AA
:105748000D911969A36B89000E920F919847A36B6D
:10575800CAF824000F99204698473B7FCAF82800CA
:10576800092B31D12A68012A0DD00123CDE9022362
:10577800464B0193464B0093B023656920463F4A48
:105788004449A847B0E76A68002A97D010680028FB
:1057980094D05168002991D00268012A08D068691C
:1057A8000069824204D03C4B00936569B92397E7AE
:1057B80009688A4208D0394BCDE902210193384B58
:1057C80000936569BE23D9E72A7F934234D0092B19
:1057D8002BD1122A32D0092A29D1CDF818A03B7F23
:1057E800204605930E9B5A4604930D9B414603930E
:1057F8000C9B02930B9B01930A9B0093099BFFF759
:105808005BFE044600287FF470AF33684946304693
:105818009B6998473368394630469B69984733688F
:10582800294630469B6998475FE7072BD3D0204627
:1058380063691C49984757E7122BCED1696951F81B
:10584800043B062B3FF73AAF9A0012A80F930AF0D1
:105858006EFE002201210F9B11A8934205DC204611
:10586800236C0AF134029847B7E750F804CF0132A5
:105878000CFB01F1F1E700BF1B3A0208DC3B020810
:105888008F390208F8390208093A0208D83A02089A
:10589800F23A0208CA390208473C0208C93C020821
:1058A800EF3C0208103D0208836B10B50BB90AF0F3
:1058B800FCFB3021BDE81040184700002DE9F04FEF
:1058C800D1F80CA004460F46C5688FB0BAF1000F96
:1058D80001D10AF0EAFBD1F810B0BBF1000FF8D003
:1058E800564B28461A6807F0A5F8804660B9544B0D
:1058F8000093302365692046524A5349A84701243A
:1059080020460FB0BDE8F08F504B394628461A683C
:1059180007F090F8064620B94D4B0093656933238C
:10592800E9E74C4B39461A68284607F083F84A4B92
:10593800394681461A68284607F091F8074620B983
:10594800464B009365693823D5E798F81C003B7FE0
:10595800834212D0666905F00DFD0546387F05F0D3
:1059680009FD3F4BCDE9025001933E4B2046009381
:10597800344A39233C49B047C1E70128337F0DD168
:10598800012B2DD005F0F6FC0446307F05F0F2FC23
:1059980021460246354807F09BFBB0E7092819D194
:1059A800092B1DD0122BEDD1716951F8043B062B40
:1059B8008FDC9A0008A805930AF0B9FD002201219E
:1059C800059B07A8934232DC2046236C0AF120028B
:1059D800984705E0072801D1092BD2E7122BE3D01D
:1059E80098F81C209BF8001020464346CDE9027A1F
:1059F800CDE9006900F0FAFD0446002880D12B6843
:105A0800414628469B6998472B68314628469B693A
:105A18009847B9F1000F04D02B68494628469B697E
:105A280098472B68394628469B69984768E750F895
:105A380004CF01320CFB01F1C4E700BF4068020843
:105A4800F8390208AC3D02088F3902083C680208A0
:105A5800093A020838680208346802081B3A020842
:105A68002D3A02083A3A0208113E02082B3E020873
:105A7800002938B50346046801DBA14201DB0AF0BE
:105A880014FB0022012004338A420CBF012553F87D
:105A980022500132944205FB00F0F5DC38BD2DE9B7
:105AA800F04F8DB00A930368176802934368012F7B
:105AB8000393836815460493C368179C0593036989
:105AC80009910693436900938369019301DC0AF005
:105AD800ECFA2668002EFADDDDE900329342F6DCA6
:105AE800013E31462046FFF7C3FF31460790204666
:105AF800FDF7DAFFB91E04462846FDF7D5FF8442B4
:105B0800E5DC2846791E0026FDF7CEFFB14605469E
:105B1800B246079B53453FDD4FF00008189B4746A8
:105B280003EB090B28E01EF9012B039908921CF9D5
:105B3800012B01330A440B920299089A0A44114630
:105B48000B9A01FB02009D42EDDC169B13B153F842
:105B580027301844DDE9051207F0A2FE049B01373F
:105B68001844009BA8449842B8BF1846019B984225
:105B7800A8BF18460BF8010BBC4208DD099B03EBD4
:105B8800060E0A9B03EB080C00231846DBE70AF114
:105B9800010AA1442E44BCE70DB0BDE8F08F000017
:105BA800002313B50446CDE90033044A044B0549E4
:105BB80007F07EFB204602B010BD00BFC5580008A4
:105BC800DD5B0008B158000808B508B90AF06DFA9D
:105BD800006808BD2DE9F04F2DED028BD1F810A01B
:105BE80081460D46ADF2145DBAF1000F01D10AF0FD
:105BF8005CFABD4B1A6807F082FBBC4B29461A6851
:105C08008046484607F07BFBB94B29461A68074689
:105C1800484607F074FBB74B294604461A684846BD
:105C280007F06FFBED680646002DE0D098F80800F5
:105C3800072800F0C981092800F08F80012840F06A
:105C48009C84F4AD28469AF8001000F0B3FC414655
:105C580014A807F064FB0DF16C09D8F80030394638
:105C68004846059307F05BFB002FC0D03B682146F0
:105C780022A81F4607F053FB04B124680DF1A40ABB
:105C88003146504607F04BFB002EB0D033685046E3
:105C98000793299BD9F8006003F1FF3B5946FFF7AA
:105CA800E7FEB11E06904846FDF7FEFE95ED078A11
:105CB800D5ED088A594605465046FDF7F5FE85425A
:105CC80095D14846711EFDF7EFFE002302469C461B
:105CD8001846DFED896A0699614540F387800026FA
:105CE800079901EB8009059901EB8308314622E009
:105CF800BAEC016ABBEC017AE6EE077A0EF1010E06
:105D08007245F5DC0CB304EB810E9EED007A77EE5C
:105D1800877AB4EEE78AF1EE10FAC8BFF0EE487A57
:105D2800F4EEE78AF1EE10FA48BFF0EE687AE9EC93
:105D3800017A01311644A9420ADAC2464FF0000E30
:105D4800DFED6D7A07EB860BDAE7B0EE667ADEE711
:105D58000CF1010C28441344BDE7387A092851D0C6
:105D6800122840F00084D9F84430296A48469847F8
:105D780081463846FFF728FF394682460DF59D6073
:105D880007F0CDFA00230121DDF8E8240DF59D6C1C
:105D9800934232DB4A46504607F01CFE2946FEA8CD
:105DA80000F0F6FB414630A807F0B9FA4046FFF785
:105DB8000BFF3946054637A807F0B1FA21463EA839
:105DC80007F0ADFA04B1246845AF3146384607F00C
:105DD800A6FA002E3FF40BAF33682946CDE90173CC
:105DE8004B46009437AAFEA8FFF759FE00200DF293
:105DF800145DBDEC028BBDE8F08F5CF8040F013335
:105E08004143C5E795F82C302946002B00F0AF80B8
:105E18000DF5846000F0BCFB6B6A41460993AB6AE0
:105E28004CA80A9307F07BFA4046FFF7CDFE53AD26
:105E380039460B90284607F072FA3846FFF7C4FE39
:105E480021460C905AA807F06AFA04B1246861AF99
:105E58003146384607F063FA002E3FF4C8AE33687F
:105E6800D5F800801093DDF82034B8F1010F0D93B8
:105E7800DDF828340E93DDF834340593DDF8383432
:105E880006937FF7B4AE619E002E7FF7B0AEDDE9D2
:105E9800053293423FF7ABAE013E31463846FFF735
:105EA800E7FD31460F903846FDF7FEFDA8F10201E7
:105EB80006462846FDF7F8FD86423FF798AE08F1FA
:105EC800FF3128464FF00008FDF7EEFDC2460746B1
:105ED800C3460F9B5B4589DD4FF00009109B4D467B
:105EE8005344089333E000BF406802083C68020846
:105EF80038680208346802080000000007991CF995
:105F0800012B11F901EB013307910D990A440EFB9E
:105F180002009F42F2DC14B154F8253018440A9B61
:105F2800B94453F82520099B53F8251007F0B8FC0D
:105F38000E9B01351844059B9842B8BF1846069B2E
:105F48009842A8BF1846089B03F8010B0893AE4275
:105F580008DD0B9B03EB080C0C9B4B4407930023B9
:105F68001846D6E70BF1010BB244B844B1E70DF57A
:105F7800896000F00DFB414668A807F0D0F940465B
:105F8800FFF722FE394605466FA807F0C8F93846DC
:105F9800FFF71AFE2146074676A807F0C0F904B1B4
:105FA80024680DF5FA783146404607F0B8F9002E16
:105FB8003FF41DAE33682946CDE9018300943B4682
:105FC8006FAA0DF589600FE7387A092840F0CB826F
:105FD8001CB1237A022B40F0548195F82C302946C5
:105FE800002B00F0A4800DF58E6000F0D1FA6B6AEA
:105FF80041460993AB6A84A80A938BAD07F08FF9E1
:10600800D8F80030394628460C9307F088F9384606
:10601800FFF7DAFD21460B9092A807F080F904B14A
:10602800246899AF3146384607F079F9002E3FF4D5
:10603800DEAD33682E681093DDF87034012E0D93B1
:10604800DDF878340E93DDF884340693DDF888346F
:1060580007937FF7CCAD999B002B7FF7C8ADDDE99F
:1060680006218A423FF7C3AD03F1FF38414638465F
:10607800FFF7FEFC41460F903846FDF715FDB11EAF
:1060880007462846FDF710FD87423FF7B0AD711E61
:1060980028460026FDF708FDB2468046B3460F9B0A
:1060A8005B457FF7A3AE4FF00009109B4D4603EB0D
:1060B8004A0305930C9B03EB4603119328E00899C8
:1060C8001CF901EB31F9022B013308910D990A44AF
:1060D8000EFB02009845F2DC14B154F82530184440
:1060E8000A9BC14453F82520099B53F8251007F053
:1060F800D7FB0E9B01351844069B9842B8BF18463B
:10610800079B9842A8BF1846059B23F8020B0593E6
:10611800AF4207DD0B9B03EB090C119B089300238F
:106128001846D7E70BF1010BBA444644B7E70DF51B
:10613800936000F02DFA4146A0A807F0F0F8D8F8CF
:1061480000303946A7A8099307F0E9F83846FFF761
:106158003BFD21460890AEA807F0E1F804B1246899
:10616800B5AF3146384607F0DAF8002E3FF43FADB8
:106178003368A79E1193DDF89834012E0A93DDF851
:106188009C34A7AD0B93DDF8A0340C93DDF8A43450
:106198000D93DDF8A8340E93DDF8AC340593DDF8E3
:1061A800B03406937FF723ADB59B002B7FF71FAD67
:1061B800DDE905218A423FF71AAD03F1FF38414670
:1061C8003846FFF755FC41460F903846FDF76CFC02
:1061D800B11E83462846FDF767FC83453FF707ADA8
:1061E8002846711E0025FDF75FFCA9460646AA460B
:1061F8000F9B53457FF7FAAD4FF00008119B4746B8
:1062080003EB49030793099B03EB4503129329E02A
:106218003CF9022B0B9910921EF9012B01330A4409
:1062280013920A99109A0A441146139A01FB020024
:106238009E42EDDC14B154F827301844DDE90D1204
:1062480007F02EFB0C9B01371844059BB04498427D
:10625800B8BF1846069B9842A8BF1846079B23F864
:10626800020B0793BB4507DD089BDDF848C003EB2D
:10627800080E00231846DBE70AF1010AD944354421
:10628800B6E7042B7FF4B2AD95F82C302946002BE5
:1062980000F0B2800DF5986000F07AF96B6A41461B
:1062A8000993AB6ABCA80A93C3AD07F038F8D8F8CD
:1062B800003039462846119307F031F83846FFF781
:1062C80083FC21460B90CAA807F029F8D4F800905F
:1062D800D1AC3146204607F022F8002E3FF487ACB7
:1062E8003368C39D1093DDF8C034012D0C93DDF89D
:1062F800C8340D93DDF8D4340693DDF8D834079309
:106308007FF775ACD19E002E7FF771ACDDE90632C0
:1063180093423FF76CAC013E31462046FFF7A8FB9D
:1063280031460E902046FDF7BFFBA91E8346C3A841
:10633800FDF7BAFB83453FF75AAC691EC3A8002591
:10634800FDF7B2FBA8460646AA460E9B53457FF7C3
:106358004DAD0027109B3C4603EB48030893119B67
:1063680003EB4503129337E01EF9013B3CF9021B8E
:106378000F930C9B01320B440F994B430599181846
:1063880041EBE37305939642EEDCB9F1000F0AD0B6
:1063980059F8343009EBC402C31818465268059BF3
:1063A80043EB020305930A9B099A53F8243052F8E9
:1063B8002420059907F0B8FA0D9B01341844069B70
:1063C80037449842B8BF1846079B9842A8BF18465A
:1063D800089B23F8020B0893A34508DD00220B9BBA
:1063E8001046DDF848C003EB070E0592CBE70AF12B
:1063F800010AD8443544A8E70DF59D6000F0C8F8B7
:106408004146D8A806F08BFFDFADD8F800303946F2
:106418002846129306F083FF3846FFF7D5FB21463E
:106428000A90E6A806F07BFFD4F80090EDAC314660
:10643800204606F074FF002E3FF4D9AB3368DF9D89
:106448001193DDF8E834012D0B93DDF8EC340C934F
:10645800DDF8F0340D93DDF8F4340E93DDF8F834FC
:106468000F93DDF8FC340693DDF8003507937FF7CA
:10647800BEABED9E002E7FF7BAABDDE90632934244
:106488003FF7B5AB013E31462046FFF7F1FA3146FA
:1064980010902046FDF708FBA91E8346DFA8FDF7EC
:1064A80003FB83453FF7A3AB691EDFA80025FDF773
:1064B800FBFAA8460646AA46109B53457FF796ACBA
:1064C8000027119B3C4603EB48030993129B03EBFF
:1064D8004503139337E03EF9023B01321946089B06
:1064E80013F901CB08930C9B9C440B9B194401FBAB
:1064F8000CF30599181841EBE37305939642EADC0F
:10650800B9F1000F0AD059F8343009EBC402C318A6
:1065180018465268059B43EB02030593DDE90E23F9
:10652800059907F001FA0D9B01341844069B37447E
:106538009842B8BF1846079B9842A8BF1846099BBF
:1065480023F8020B0993A34508DD00220A9B104695
:106558003B44DDF84CE008930592CFE70AF1010AC5
:10656800D8443544A8E704F005FF98F80820014608
:10657800054806F0ADFD012039E404F0FBFE98F86B
:10658800082001460148F4E75E3E0208BA3B0208CB
:106598004A69524202608A6952424260CA6982600C
:1065A8000A68C2604A6802618A684261CA68826190
:1065B80070470000012909D0032909D002290AD00F
:1065C8006FF40002064BC261036270470022F9E7CC
:1065D8000022044BF7E74FF07E53034AF3E700BF6E
:1065E800FFFF7F7F0000C040000080BF2DE9F04F13
:1065F80091B009910021DDE91CA5012A1E46DDE9BB
:106608001A73044685F82C1000F0BB803A68012AFA
:1066180040F08E80D7F80480B8F1000F00F0888031
:10662800D8F8001051B9584B584A009344694B2385
:106638005749A047012011B0BDE8F08FD1F800906C
:10664800B9F1010F74DD337F85F82C20092B01D0B7
:10665800072B02D13B7F122B08D14E4B20460093CB
:1066680065696323494A4A49A847E3E77B69D8F83B
:10667800082003EB82035B6899450CD0CDE90293AF
:10668800454B20460193454B404A009365696B236F
:106698004349A847CEE74FEA890B5946A36B2046E2
:1066A80098475946A36B686220469847D6ED027A08
:1066B800CDED057ADAED027AD8F80030CDED087A1A
:1066C8004FF00008A86203F1040BFBEC017A05986F
:1066D800CDED067AF9F7FAFECDE90A010698F9F741
:1066E800F5FE02460B46DDE90A01F9F747FFCDE959
:1066F80006010898F9F7EAFE02460B46DDE90601AD
:10670800FAF766F841EC100B0EA90DA807F07EF910
:106718006B6A0D9A43F82820AB6A0E9A43F8282032
:1067280008F10108C145D0D1FB68BBB109F0BDFC37
:10673800002000210EAACDE90E01CDE900A23146C4
:106748003A46204606F0A4FE00287FF474AF284697
:106758009DED0E0B291D07F059F9E5E7F268204673
:10676800C5E905235246DAF80C300999EB6105F1C1
:106778000C031A9305F1080311B0BDE8F04F06F0B9
:10678800E1BE084657E700BFED3E0208813E020819
:106798008F390208083F0208843F0208C13F0208F7
:1067A800CA390208836B10B50BB909F07EFC1021B9
:1067B800BDE810401847000080FB0132002A10B5E0
:1067C8000C4CA8BF4FF08044B0F1004F08BF88427E
:1067D8000DD0E31842EBE472002A04DA6FF00041AE
:1067E8005B1842F10002D80F40EA420010BD6FF07A
:1067F8000040FBE7010000C02DE9F0474FF0000919
:10680800064601254C46D0F800A0CA4503DC2846B8
:106818002146BDE8F087012D74F10003F7DB2A4615
:1068280023466FF000400021FAF7BAF956F8048FB2
:106838004FEAE877804577EB010105DB074908480F
:1068480006F046FC09F031FC6F4308FB0477A5FB12
:10685800085409F101093C44D7E700BFDF3F0208AB
:106868002F560208002313B50446CDE90033044A25
:10687800044B054906F01CFD204602B010BD00BFC0
:1068880035700008116C0008AD6700086FF0004211
:10689800C317801843F10003B3F1FF3F08BFB0F1FD
:1068A800FF3F15BF0122024600211946801843EB1D
:1068B800010370B5DD0F2D1843F100036D0845EA9B
:1068C800C37528462C49FFF777FF032600F15A3491
:1068D80021462846FFF770FFC0F100512046FFF718
:1068E8006BFFB0F1005F2CDAB0F1604F23DD0022BE
:1068F8008000002120EA010321F000414B4023EAF7
:10690800020302F000425340013E1C44E0D1B4F1BE
:10691800804F26DAB4F1404F1DDD30462419002699
:1069280024EA060426F00046744024EA000400F035
:106938000040604070BD4FF0FF3208D14FF000407A
:10694800D7E700224FF0FF316FF00040D2E7002177
:106958004FF00040CEE70AD14FF000444FF0FF302F
:10696800DDE730466FF000444FF0FF36D8E74FF0D0
:10697800FF304FF00044D3E7C4C3C3C3704708B522
:10698800FFF71AFF08BD00002DE9F04104461A4838
:10699800FFF7F4FF05461948FFF7F0FF04F18054AC
:1069A800074621462046FFF7EAFF21460646FFF73D
:1069B800E6FF314680463046FFF7E1FFC20F01325D
:1069C80000F0030183108A42B8BF0133394603EB54
:1069D8000800FFF7D4FF831903F00102B2EBD37F5D
:1069E800CCBF0121002101EB630128462144FFF7B8
:1069F800C6FF2844BDE8F08194A8F570ABAAAA2A7E
:106A08002DE9F04140F07E4406462001FFF7BCFF27
:106A180007464148FFF7B2FF01463846FFF7AFFF88
:106A2800A41B04F00075002D14BF80464FF0000829
:106A3800C5F34065013D05EA070088EA00083748C4
:106A4800FFF79CFF01464046FFF799FF04F0806579
:106A5800002D14BF074600273148FFF78FFFC5F305
:106A68008065013D05EA08056F4001463846FFF795
:106A780086FF04F00065002D14BF80464FF0000823
:106A88002848FFF77BFFC5F3C065013D3D4088EA14
:106A9800050801464046FFF772FF04F08055002DB7
:106AA80014BF074600272048FFF768FFC5F30075A5
:106AB800013D05EA08056F40014604F000583846D4
:106AC800FFF75DFFB8F1000F08BF0020C8F340755D
:106AD800013D3D4045401548FFF750FF04F0804414
:106AE80001462846FFF74BFF002C08BF0020C4F3DF
:106AF8008073013B002E03EA050383EA000314BFF9
:106B08004FF0FF30002003EA00030CBF6FF0004095
:106B180000205840BDE8F0817BBEAF63F2CBA24DA8
:106B28006CAC162FA4AA5211B72A580211FE0A00FB
:106B38002DE9F74F824689460025CDE90023DFF885
:106B4800C4B00C9B9D4202DB03B0BDE8F08F0D9BE7
:106B5800C9F100025857A0EB0A0082424CDA4845B6
:106B68004DDADDE9001206F09BFE0028D5BF0022B1
:106B78004FF0FF3890460246D8BFB0FA80F4C0F113
:106B8800000020EA080080EA0200D8BF6409C0F1CA
:106B98000000CCBF00246442FFF732FFFFF776FE07
:106BA80006464FF08040FFF7E9FE6FF0004C6FEAB1
:106BB8000807ACEB060C0CEA070108EA060881EAAC
:106BC8000802204022EA040242400BEBD270C2F3D2
:106BD8001601D2158842B8BF0132803A12F1800FEF
:106BE80007DB802A08BF7F2252B20E9B5A55013517
:106BF800A7E76FF07F02F7E76FF07F02F5E77F22E4
:106C0800F3E700BFFFFF3F002DE9F04F2DED048BA8
:106C18006F4B93B01A6804460D4606F070FB6D4B37
:106C280007461A682046294606F06BFBEB680446BF
:106C38000BB909F03AFA387A012856D1237A012B90
:106C480040F0A180394604A806F069FB21460BA84C
:106C58003D6806F064FB04990B9B26689942E8D1CD
:106C680004AB1C4600200BAA814213DC002201273A
:106C7800914217DC2C46DFED588A0025B7EE008AD2
:106C8800BAEE029ABD4212DB002013B0BDEC048BB1
:106C9800BDE8F08F52F804CF54F8047FBC45C8D142
:106CA8000130E1E753F8040F01324743E0E7B4EC61
:106CB800010AB4EEE80AF1EE10FA13DCB4EEC90AE0
:106CC800F1EE10FA05D508F06DFDA6EC010A0135C4
:106CD800D8E7B1EE400A08F065FD70EE087A88EE54
:106CE800270AF2E7B7EE000AEFE7072858D1227A19
:106CF800072A48D1D3E902657868FFF77DFD002DA2
:106D0800D7F800E0D4F8008093DBAEBB0323AB4098
:106D1800374635461E4600223049DFF8CCC0304C95
:106D28009042B1DD3EF9129006FB097949FA05F95E
:106D380089EAE97AAAEBE97ABAF5FF3F28BF0B4658
:106D48004FEA5A2B3FBF3CF81B300BF1010B3CF8C4
:106D58001BB0CAF3080A3EBFABEB030B5B020AFB8E
:106D68000B33B9F1000FACBF03F50073E31A9B0AAC
:106D780028F812300132D3E71DB101276B1E9F405E
:106D8800C9E72F46C7E704F0F5FA0546207A04F06C
:106D9800F1FA29460246134806F09AF9012074E7E9
:106DA8000928F0D1227A092AEDD1D3E90056D3E98E
:106DB80002897868FFF720FD2368424602933B6802
:106DC8003146CDE900034B462846FFF7B1FE5BE7A5
:106DD800486A0208446A0208CFF3844100FCFF01B4
:106DE800FF01000211400208446802080000000088
:106DF8002DE9F04FD0F80CB004461646584600224C
:106E080087B00F4605F016FE054658B9744B009337
:106E1800272365692046734A7349A847012007B0AC
:106E2800BDE8F08F39460022584605F018FE07469F
:106E380020B96E4B009365692A23EBE7287F3B7FD7
:106E4800834212D0666904F095FA0546387F04F04B
:106E580091FA674BCDE902500193664B20460093A7
:106E6800604A2C236449B047D8E7092B36D1FB6820
:106E780013F1800F0ED06FF07F02CDE902325F4B25
:106E880001935F4B00932E2365692046554A5D495F
:106E9800A847C3E7A868F9F719FB00225A4BF9F786
:106EA8006DFB41EC100B3046EB6840F80C3B08F0EA
:106EB80047FC0022554B51EC100BF9F75FFB41ECF6
:106EC800100B08F021FE51EC100BF9F7F1FD1F2211
:106ED800B060F168042006F05BFE70602B7F072B22
:106EE8006AD1EB684BB10022CDE90232484B0193DD
:106EF800484B009365694623C7E7D7F80CA0BAF159
:106F0800000F08D0CDE902A3414B01933C4B0093FD
:106F180065694723B9E795ED020A04A806F07AFEE9
:106F2800049B0C33F3606BB960B1C6F808A097ED09
:106F3800020A05A806F06EFE78BB374B0093656918
:106F4800652367E7A868F9F7C1FA0022334BF9F718
:106F580015FB0022324BF9F711FB1FA3D3E90023DD
:106F680080468946F9F786FD10B1BAF11F0F0BD19B
:106F780040464946C6F80CA0F9F79AFDB0F5004F0F
:106F8800B060D4DB09F091F842464B46404649468A
:106F98000AF1010AF9F73CF9DFE7059B13F10F0F36
:106FA8000AD06FF00E02CDE902321E4B01931E4B40
:106FB80000936569672368E7DBF80030294658467F
:106FC8009B699847DBF80030584639469B699847D3
:106FD800002024E7AFF3008000000000C0FFCF408E
:106FE800F8390208344002088F3902081B3A0208AF
:106FF8002D3A02083A3A0208113E0208994002085E
:10700800A5460208CA3902080000A0410000E04174
:1070180066610208BC400208D54002080000B04082
:1070280000000840134102082A410208CA6808B54E
:107038000AB909F03AF8BDE80840FFF7D9BE2DE9CA
:10704800F84304460E46904600250768BD4212DB09
:10705800002E1DDBBE421BDA0120002304349E42B1
:107068000CBF012254F8232001339F4202FB00F099
:10707800F5DCBDE8F883B5420CD029462046FCF77C
:1070880013FD294681464046FCF70EFD814501D097
:1070980009F00BF80135D9E7C31103F580739BB2EA
:1070A80031F8132001EB43014B8840219B1A00F073
:1070B8007F0013FB001302EBE31000B270470000DF
:1070C8002DE9F04F0C460F6889B0013F394606920A
:1070D80005461A4620461E46FFF7B1FF3B4639468D
:1070E800049032462046FCF72AFD0027044647F65E
:1070F800FF780197019B049A934202DB09B0BDE82F
:10710800F08F069B002203EB470B59464A4B7E0043
:10711800A24241DB4FF0000AD146129A1644059666
:10712800A24540DBB9FA89F24FEAE973501EA2F191
:107138002101834009FA01F19246C2F1210229FA9C
:1071480002F20B4309FA00F919F5005043EA020369
:1071580043F10003800B40EA8340A0F5C03010F5EE
:10716800004F3EDB4045A8BF4046E96A00B2FFF742
:1071780093FF4FF0010C0021CAF11F03DBB25A1E26
:107188000CFA02FC4FEAEC720792A1422BDB019B3E
:10719800274401330193ADE731F9020B01328342F1
:1071A800B8BF0346B4E73BF9020BD5E90212C01A8F
:1071B800079306F075FB404410F5004F079B0EDB64
:1071C8004045A8BF4046A96A00B20793FFF764FF8D
:1071D800079B26F81A0081440AF1010AA0E716481D
:1071E800F1E71548C1E7079ACDF808C00392059A58
:1071F800DDE902AB32F81120C3F12009C2FB80ABF4
:10720800B3F1200E2AFA03F20BFA09F942EA09024D
:107218005CBF4BFA0EFE42EA0E02002A08DBB2F50A
:10722800004FB4BF9646C64626F802EB0131ACE7DC
:107238004FF0000EF8E700BF0080FFFF002313B5F2
:107248000446CDE90033044A044B054906F030F8FA
:10725800204602B010BD00BF757D000855760008B5
:10726800617D0008002910B506DA4FF4B3710C4BA4
:107278000C4A0D4808F020FF1F2904DD40F2671171
:107288000A4B084AF5E701238B40C20F013B03EA8A
:10729800000402EB630308419C42C8BF013010BDE3
:1072A8004441020852410208AC4102082C4202083B
:1072B8002DE9F04140F07F4407466001FFF764FB89
:1072C80080464848FFF75AFB01464046FFF757FB00
:1072D800E41B04F08075002D14BF06460026C5F394
:1072E8000065013D05EA080046403F48FFF746FBB8
:1072F80001463046FFF743FB04F00075002D14BF2C
:1073080080464FF000083948FFF738FBC5F3406561
:10731800013D354088EA050801464046FFF72FFB46
:1073280004F08065002D14BF064600263048FFF79C
:1073380025FBC5F38065013D05EA08056E40014659
:1073480004F000653046FFF71AFB002D08BF002047
:10735800C5F3C065013D354045402648FFF70EFBA3
:1073680004F0805801462846FFF709FBB8F1000FE2
:1073780008BF0020C8F30076013E2E4046401E4854
:10738800FFF7FCFA04F0005801463046FFF7F7FA19
:10739800B8F1000F08BF0020C8F34075013D354023
:1073A8004540F220FFF7EAFA04F0804401462846F7
:1073B800FFF7E5FA002C08BF0020C4F38073013BF7
:1073C800002F03EA050383EA000314BF4FF0FF30E0
:1073D800002003EA00030CBF6FF000400020584073
:1073E800BDE8F0817BBEAF63F2CBA24D6CAC162F2B
:1073F800A4AA5211B72A580211FE0A002DE9F04F2B
:107408000C461D460E68836887B0013E0093C3682A
:1074180031460492D0F818B02A4620460193FFF767
:107428000EFE2A460290334620463146FCF787FB7B
:1074380000250446AA46029B9A4502DB07B0BDE830
:10744800F08F049B6FF07F095F193A460023A3422F
:107458001EDB4FF000083B464646A6421FDBB8FA43
:1074680088F608FA06F000F10040FFF70FFAC6F1B7
:107478001B061F2E039027D8109B4FF4004203EBE6
:1074880045080023A34221DB0AF1010A2544D2E77B
:1074980012F9011B01338945B8BF8946D7E713F9AB
:1074A800010BA0EB090083450CDC0393DDE9001315
:1074B8009840FFF781F9FFF7FBFE0C21FFF7D2FE9A
:1074C800039B80440136C8E708F0EFFD17F9010B6C
:1074D800A0EB0900834523DC0593DDE90013984000
:1074E800FFF76AF9FFF7E4FE01460398FFF747FA4A
:1074F8003146FFF7B7FEA0F50040B0F5004F4FF456
:107508000042059B09DA08498842B8BF0846A8F82E
:107518000000013308F10208B4E747F6FF70F6E708
:10752800A8F80020F5E700BF0080FFFF2DE9F04F25
:107538000C461D460E68836887B0013E0093C368F9
:1075480031460492D0F818B02A4620460193FFF736
:1075580076FD2A460290334620463146FCF7EFFA7C
:1075680000250446A946029B994502DB07B0BDE801
:10757800F08F049B6FF07F085F193A460023A342FF
:107588001CDB4FF0000A3B465646A6421DDBBAFA02
:107598008AF60AFA06F000F10040FFF777F9C6F11B
:1075A80023061F2E039025D84FF0000A109B2B446A
:1075B800A24521DB09F101092544D4E712F9011B91
:1075C80001338845B8BF8846D9E713F9010BA0EB0A
:1075D800080083450CDC0393DDE900139840FFF7AE
:1075E800EBF8FFF765FE0C21FFF73CFE039B824496
:1075F8000136CAE708F059FD17F9010BA0EB08009E
:1076080083451EDC0593DDE900139840FFF7D4F8A5
:10761800FFF74EFE01460398FFF7B1F93146FFF731
:1076280021FE80387F28059B09DC6FF07F0290429D
:10763800B8BF104618700AF1010A0133B8E77F2075
:10764800F8E76FF07F021A70F5E700002DE9F04FB8
:107658002DED048B0022B1B00C46054605F04FFE17
:10766800002207462146284605F04BFED4F80CC0F8
:107678000646BCF1000F01D108F017FD654622ACA3
:107688000FCD0FC40FCD0FC40FCD0FC495E8030065
:1076980084E80300387A072800F0978009286FD01B
:1076A800012840F0A7809CED007B394606A88DEDA7
:1076B800047B05F034FE3B6831460DA8039305F0C2
:1076C8002EFE002ED8D0069C3368013C21460DAA18
:1076D80006A80293FFF7B3FC2346214680460DAA6D
:1076E80006A8FCF72CFA002604463746B84505DC00
:1076F800002031B0BDEC048BBDE8F08F039B9FEDFB
:10770800428A03EB860B59460022B50094420EDCF0
:10771800029B4FF000091D44AA46DFED3C8A4C4508
:1077280011DC00239C4223DC01372644DEE7F1EC20
:10773800017AF4EEC87AF1EE10FA02F10102C8BF3C
:10774800B0EE678AE2E7DDE90401BBEC019AF9F7DC
:10775800D7F939EE489A00EE100A29EE000A08F027
:1077680021F809F10109AAEC010A78EE808AD6E726
:1077780095ED007AC7EE287A0133E5EC017AD1E776
:10778800337A3946072B1BA80FD105F0C8FD3146BF
:1077980014A83C6805F0C3FD3368224600931BA972
:1077A80014AB22A8FFF72AFEA2E705F0B8FD314680
:1077B80014A83C6805F0B3FD3368224600931BA962
:1077C80014AB22A8FFF7B2FE92E739461BA805F0D2
:1077D800A6FD314614A83C6805F0A1FD002E3FF433
:1077E8004BAF3368224600931BA914AB22A8FFF7BE
:1077F80067FC7DE703F0BEFD3A7A0146044805F0D0
:1078080067FC012075E700BFFFFF7FFF0000000055
:1078180012390208F7EE007A30EE270A87EE800A5E
:10782800704707F0BFBF0000F8B547F6FF741E4663
:10783800504B15461A1A2DED0C8B0AEE102A221AF7
:1078480009EE102AB8EECAAAB8EEC99A2AEE00AA1A
:1078580029EE009ADFED487A79EE4ACA5B1A6CEE97
:10786800A7CA07EE903A631AB8EEE77A07EE903A9D
:10787800F8EEE77A67EEA07AF6EE00AAE7EE607A0D
:107888009FED3E7A2CEEAABA87EE27CA0024DFEDD8
:107898003C9ADFED3C8AB71E07EE904AF0EE4ABAF2
:1078A800F8EEE77AECEEA7BAB0EE6B0AA847013417
:1078B800B0EE408A3BEE2B0AA84707EE904AB0EE9E
:1078C80040DAF8EEE77AB0EE4A0AACEEA70AA84723
:1078D800F0EE40BA2CEE080A08F064F9B0EE408ADF
:1078E800ACEE2B0A20EE2A0A08F05CF9F0EE40BA5A
:1078F8002CEE0D0A08F056F93BEEC00A20EE2A0AD3
:1079080008F050F938EE408AB4EEE98AF1EE10FA40
:1079180048BFB0EE698AB4EEE88AF1EE10FAC8BF43
:10792800B0EE688ABDEEC88A18EE103AB4F5007F4A
:1079380027F8023FB0D1B0EE490AA8472CEE000A5A
:1079480008F030F9B4EEE90AF1EE10FA58BFF0EE9B
:10795800409AF4EEE89AF1EE10FAD8BFF0EE698A90
:10796800FDEEE88A18EE903ABDEC0C8BA6F80034D0
:10797800F8BD00BF0080FFFF0000003B000080470B
:10798800000000C700FEFF462DE9F0432DED028BF5
:1079980099460B7F89B0072B04460F461546129E61
:1079A8001AD140F20241836B984740B9AA4B009321
:1079B800272365692046A94AA949A84769E0B06212
:1079C80040F202412046A36B984720B9A54B00938B
:1079D80065692B23EEE7F0622A7F3B7F072A0AD1ED
:1079E800092B00F09281072B00F070819E4B0093C9
:1079F80065693123DEE79A4200F08781CDE90232DA
:107A08009A4B01939A4B0093342365692046934A15
:107A18009849A8473DE00023CDE90283964B01939E
:107A2800964B009365693923F0E7EA6842B1CDE9DE
:107A38000223914B0193914B009365695C23E5E721
:107A4800DFED8F7A95ED027AB4EEE77AF1EE10FA6F
:107A5800DFED8C6ACCBF77EE677A77EEC77AF4EE03
:107A6800E67AF1EE10FA7EDD4FF07C53002217EE35
:107A7800100ACDE90423F8F729FD834BCDE902016B
:107A88000193824B00935D2365692046734A8049C0
:107A9800A847012086E0287F072832D1EB6813F534
:107AA800004F09D07B4ACDE902327B4B0193734BDF
:107AB800009365696223A9E7DFED787A95ED027A8C
:107AC800B4EEE77AF1EE10FADFED756ACCBF77EE27
:107AD800677A77EEC77AF4EEE67AF1EE10FA66DDA9
:107AE8000022704B17EE100ACDE90423F8F7EEFCDC
:107AF8006D4BCDE902010193644B009365696323E3
:107B0800C3E7092812D0666903F034FC05464046ED
:107B180003F030FC654BCDE902500193534B0093C1
:107B2800662320464D4A6249B047B2E7EB6813F135
:107B3800800F0AD06FF07F02CDE902325D4B0193CE
:107B48004E4B00936569672360E795ED027ADFED98
:107B58005A7AB4EE677AF1EE10FA28D0574B0093B0
:107B68006569682326E7B868F8F7B0FC0446D9F8D1
:107B780000000D46F8F7AAFC02460B4620462946A7
:107B8800F8F7FCFC32A3D3E90023F8F721FE06F14D
:107B9800080841EC100B404607A905F037FF079B82
:107BA800F360002009B0BDEC028BBDE8F083B86833
:107BB800F8F78CFC41EC180BD9F80000F8F786FCB4
:107BC80006F1080441EC100BB0EE481AF0EE681A02
:107BD8002146052007AA05F0A7FF07991F22F16093
:107BE800052005F0D5FFF8F75FFC01F10041F8F733
:107BF8005FFFB061D5E7B8F1010F0FD04046666965
:107C080003F0B8FB0546012003F0B4FB2C4BCDE98B
:107C180002500193164B0093852382E7287F0128A1
:107C28000ED0666903F0A6FB0546404603F0A2FBAA
:107C3800234BCDE9025001930C4B0093862370E748
:107C4800D9F80000F8F742FCC6E90001A9E700BF2F
:107C5800140014001400243F9F4202083B4202080B
:107C68008F390208B6420208D94202082D3A0208A2
:107C78003A3A0208CA39020866610208A5460208AB
:107C8800000000386F120333334302083F430208F1
:107C9800134302080080FFFF5443020800008037A6
:107CA8006F1283320000F03E5B430208674302080C
:107CB800113E0208734302080000803B7843020823
:107CC8009A43020880000038A0002039D5F80C80BB
:107CD800B8F1000F7FF49FAE41465FED060A47F604
:107CE800FF701FED070AB36A144AFFF79DFDF36A98
:107CF8004146DFED130A9FED130A134A1348FFF7B5
:107D080093FDEB68F361AB68336297F81C80B8F1B8
:107D1800090F3FF4C0AEB8F1070F7FF46CAFFB68F2
:107D2800002B3FF482AE0022CDE90232084B0193CA
:107D3800084B009365695B2368E600BF2B78000851
:107D480080000038800080371D7800080080FFFF21
:107D580066610208BC400208836B10B50BB908F0D5
:107D6800A4F93821BDE81040184700002DE9FF416B
:107D78000B6804460D4613B11B68012B11D0012274
:107D8800CDE902322E4B01932E4B00939423656963
:107D980020462D4A2D49A8470124204604B0BDE8B5
:107DA800F0814B6813B11B68012B09D00122CDE982
:107DB8000232234B0193264B009365699523E7E72D
:107DC800C6680022304604F035FE074640B9214B0C
:107DD80000939723656920461B4A1F49A847DBE79C
:107DE80043691B68002B04DC1C4B009365699823CE
:107DF800F1E700222946304604F031FE804620B9DA
:107E0800174B009365699A23E5E7EB6823B9154B8F
:107E1800009365699C23DEE70093024639462B6987
:107E28002046FFF7B1FD3368394604469B69304662
:107E380098473368414630469B699847ADE700BF8D
:107E4800E2430208A94302083B420208CA39020871
:107E5800B9430208F83902088F390208CA430208F0
:107E68001B3A0208E443020808B5D0E90B239A42FA
:107E780001DD08F01AF94268802AFADC83687F334A
:107E8800FF2BF6D87F32F4DB08BD836B10B50BB936
:107E980008F00BF93C21BDE8104018472DE9F04FD8
:107EA8000C1E8DB016461D46199F099037DD4FF000
:107EB8000008179B07EB840B03EB840A189B03EB62
:107EC8008409013CDBF80030984502D30DB0BDE8C9
:107ED800F08F33680AAA0A932B6821460B931D9BDF
:107EE800099807931C9B08F1010806931B9B0593AF
:107EF8001A9BCDE90373189B0293179B0193169B5A
:107F080000930BABFFF7CAFFDAF80020336813447D
:107F180033602B68D9F8002013442B60D2E701D0D6
:107F280008F0C3F8179B1968189BD3F800C051EAEA
:107F38000C02F5D032681A9BD7F800B003EB0208A0
:107F48002A681B9B03EB0209169B1A681C9B03EB10
:107F5800020A99B9FFF788FF5C4504DB2B683A6889
:107F680013442B6015E019F90410099A98F90000D8
:107F78001D9B98470AF804000134EDE7BCF1000F97
:107F880019D1FFF771FF5C450ADB33683A6813447F
:107F98003360169B3A681B681344169A136095E77A
:107FA80018F90400099A99F900101D9B98470AF8D6
:107FB80004000134E7E7FFF757FF5C4504DB33684B
:107FC8003A6813443360C9E719F9041018F9040032
:107FD800099A1D9B98470AF804000134EDE7F8B5A3
:107FE8001546126804469142016001DA08F05DF80E
:107FF800064600208F1AB84208D1231D9200291D79
:1080080003EB800008F093FA2046F8BD8842EDDAC9
:1080180046F8043F0130EEE770B50D461646FBF70B
:108028004FFD04462846FBF74BFD05463046FBF757
:1080380047FDAC4201D008F038F88442FBD170BD4E
:1080480038B580FB0134002C1B4DA8BF4FF080458C
:10805800884208BFB0F1004F17D0E81844EBE57329
:10806800002B04DA6FF00041401843F10003C00F01
:1080780040EA4300002AC2F1000109DD4FF4B37160
:108088000E4B0F4A0F4808F017F86FF00040F1E761
:108098001F3204DA40F267110B4B094AF2E7012359
:1080A8008B40C20F013B03EA000402EB6303084163
:1080B8009C42C8BF013038BD010000C044410208DD
:1080C80052410208AC4102082C42020870B514461D
:1080D800936992681144626801FA03F51044984064
:1080E800D4E90712FFF7ACFFD4E90912064628467F
:1080F800FFF7A6FFD4E904123044FFF7A1FFE368B5
:108108001844E36A9842B8BF1846236B9842A8BF40
:10811800184640B270BD2DE9F04303680C688FB073
:108128009C42B8BF1C460423062C0D461646137005
:1081380001DD07F0BAFF0246012321466846FFF732
:108148004EFF01232A46214607A8FFF748FF009A59
:10815800079B9A420AD1920008A901A808F0F2F8F0
:1081680020B9012333700FB0BDE8F083013C2546E8
:10817800002D10DB29466846FBF796FC2946074682
:1081880007A8FBF791FC874201D1013DF0E7012FD9
:1081980024D10223337033789A1E012AC9D80125C5
:1081A800032B0CBF6F46E846C6E91555C6E91755B7
:1081B8000CBF0DF11C0807AF002C75665ADB214671
:1081C8004046FBF771FC214681463846FBF76CFCBC
:1081D800814507D109FB05F5013CEDE7012849D1A7
:1081E8000323D7E7002C45DB21464046FBF75CFC20
:1081F800012808D121463846FBF756FC336E013C6E
:1082080043433366EEE7002C34DB21464046FBF758
:108218004BFC214605463846FBF746FC854204D10F
:10822800F36D013C6B43F365EDE7002C22DB21463F
:108238003846FBF739FC012808D121464046FBF7B0
:1082480033FCB36D013C4343B365EEE7002C11DB0F
:1082580021464046FBF728FC214605463846FBF7F1
:1082680023FC854204D1736D013C6B437365EDE7D4
:1082780004233370012076E7002313B50446CDE9C3
:108288000033044A044B054905F012F8204602B0B1
:1082980010BD00BFC98F0008AD8D0008937E00088F
:1082A8002DE9F04F93B0CDE9032380460723012041
:1082B8001C9A8C4606A9013B6DD1072001210CAB05
:1082C80001386BD11346012402F11801994268D193
:1082D800D8F80010DCF800400B46A14228BF23461E
:1082E800059308EB810301930CEB840301250293AA
:1082F80000232F469B469A46059EAE4254D2A14281
:1083080040F2AC80BBF1000F00D101334646091B97
:1083180003F18044013C02EB8405013B12AA02EB05
:10832800830356F8044F002C49D053F8302C013001
:10833800624343F8302C2A68884204FB02F22A6020
:10834800EFD1012206A80CA90D46064600231446C3
:10835800039F47F8234056F8047B7C43049F47F863
:10836800232055F8047B0133062B07FB02F2EFD1DB
:1083780000231A4650F8045B51F8044BA54205D077
:10838800012D40F08D80039C44F823200133062BF7
:10839800F0D1012014E041F8040B8CE743F8041BEA
:1083A8008EE743F8044B91E7019E56F804E90196DD
:1083B800029E56F804990296BEF1000F03D10020E0
:1083C80013B0BDE8F08FB9F1000FF8D0BEF1010F7E
:1083D80074D1B9F1010F40F0938001358CE7013376
:1083E80012AE5F1E06EB870757F8186C4FF0010AAC
:1083F80009FB06FE47F818EC03F1804E0EF1FF3E2C
:1084080052F82E7009FB07F742F82E700027BB467A
:10841800E3E7BAF1000F03D1BBF1000F00D107B1B8
:10842800013312AE5F1E06EB870757F8306C0EFB60
:1084380006F957F8186C47F8309C0EFB06F947F810
:10844800189C03F1804909F1FF3952F829700EFB95
:1084580007F742F829700027BB464FE0BFF471AF19
:10846800BAF1000F00D101336646611A03F1804466
:10847800013C02EB8405013B12AA02EB830356F888
:10848800044F002C9BD053F8182C0130624343F85A
:10849800182C2A68884204FB02F22A60EFD150E7C0
:1084A800012C09D1049C6FE7BEF1010F98D0B9F1F6
:1084B800010F0CD0CE45ACD007F0F7FDBAF1000F94
:1084C80022D1B9F1010FF5D1BBF1000F00D1013371
:1084D80012AE5F1E06EB870757F8306C4FF0010BA2
:1084E8000EFB06F947F8309C03F18047013F52F82C
:1084F80027600EFB06FE42F827E00027BA466CE725
:10850800BAF1000F3FF46BAFBBF1000FCCD04B2199
:10851800024B034A034807F0CFFD00BFFF430208A0
:1085280026440208C34402082DE9F04F2DED028BC2
:1085380000288BB00D461446B0EE408AF0EE608AF3
:10854800169F189E39DD4FF00008179A06EB800930
:1085580007EB800A02EB800B0138D9F8002042456E
:1085680004D80BB0BDEC028BBDE8F08F2A6808A9CF
:1085780008922268F0EE680A09921B9AB0EE480A3F
:1085880005921A9A07930492199A0690CDE9026205
:10859800179A08F10108CDE9007209AAFFF7C4FF8C
:1085A800DDE90603DAF800102A680A442A6022681E
:1085B800DBF800100A442260CFE701D007F075FD10
:1085C800179AD7F800C0D2F800E05CEA0E02F5D09E
:1085D8000F68199A1A99D4F80080D6F800A002EB0F
:1085E800870B01EB88001B9A19684FEA8A0902EB8E
:1085F8008101BCF1000F1DD18144484503D108EB2E
:108608000A0222603DE0F0EC017A9BED007A77EEF9
:10861800877AB4EEE78AF1EE10FAC8BFF0EE487A2E
:10862800F4EEE78AF1EE10FA48BFF0EE687AE1EC72
:10863800017AE2E75A46D944BEF1000F1DD04A45F7
:1086480024D157442F60226831680A44D9E7F2ECF4
:10865800017A90ED007A77EE877AB4EEE78AF1EE48
:1086680010FAC8BFF0EE487AF4EEE78AF1EE10FA95
:1086780048BFF0EE687AE1EC017A4A45E7D1574401
:108688002F601A6831680A441A606AE7F2EC017AC6
:10869800B0EC017A77EE877AB4EEE78AF1EE10FA59
:1086A800C8BFF0EE487AF4EEE78AF1EE10FA48BF58
:1086B800F0EE687AE1EC017AC1E72DE9F04FB0F10C
:1086C800000A8DB00D4614461E46DDF8609037DD71
:1086D800002709EB8A030993169B03EB8A08179B6B
:1086E80003EB8A0B0AF1FF3A099B1B68BB4202D8CD
:1086F8000DB0BDE8F08F2B680BAA0A93236850468B
:108708000B931D9B0AA907931C9B013706931B9B80
:1087180005931A9B0493199BCDE90293179B019328
:10872800169B00933346FFF7C8FFD8F800202B6844
:1087380013442B602368DBF8002013442360D3E73D
:1087480001D007F0B2FC169B1868179B196850EA0D
:108758000103F6D01B9B2A68D4F8008003EB820C37
:108768001C9B376803EB880E1D9B03EB8707D9F822
:108778000030B0B9834202D14344236030E05EF850
:108788002020DCF800100A4419998A42B8BF0A462A
:108798001A998A42D4BF47F8202047F820100130A0
:1087A800E8E7C9B1534521D11A442A602368D9F8AA
:1087B80000201344E1E75CF82100DEF80040204483
:1087C800199CA042B8BF20461A9CA042D4BF47F8C3
:1087D800210047F8214001318B42ECD11A442A602C
:1087E8003368D9F800201344336081E75EF82A0023
:1087F8005CF82A10014419988142B8BF01461A98BA
:108808008142D4BF47F82A1047F82A000AF1010A22
:10881800C8E700002DE9F0432DED028BC9B0549E46
:10882800DDE95254307A01280BD0022800F081800B
:1088380002F0A0FD327A01466F4804F049FC01209D
:108848003CE01F7893ED0D8AD3ED0E8A2946002F60
:1088580039D009A804F063FD0DB907F026FC2146BC
:1088680010A82F6804F05BFD002CF6D0314641A813
:10887800D4F8008033AD04F052FD2CACD6F800904B
:108888003AAE2B462246009610A909A8FFF708FD24
:1088980098B10021F0EE680A17911E912591B0EE6B
:1088A800480A0520CDE90489CDE90267CDE90045EC
:1088B80025AB1EAA17A9FFF737FE002049B0BDEC6B
:1088C800028BBDE8F08317A804F029FD002DC4D061
:1088D80021461EA82D6804F022FD002CBDD031468B
:1088E80041A8D4F8008004F01AFD346841AA1EA9F2
:1088F80017A8FFF791FB2A46214645463B46984272
:10890800DBDDF2EC017AB5EC017A77EE877AB4EE2A
:10891800E78AF1EE10FAC8BFF0EE487AF4EEE78A7B
:10892800F1EE10FA48BFF0EE687A0133E1EC017A13
:10893800E5E71F7829460DF1CC080DF1E809002F6D
:1089480034D025A804F0EBFC002D86D021462CA8B5
:108958002D6804F0E4FC002C3FF47FAF3146276813
:1089680041A81EAC04F0DBFC366843462246CDF82D
:1089780000902CA925A8FFF793FC00289DD0002380
:108988006FF000420993109317934FF000430520AE
:10899800CDE90332CDE90676CDE901890595009444
:1089A80017AB10AA09A9FFF788FE86E7404604F02E
:1089B800B6FC002D3FF451AF214648462D6804F01F
:1089C800AEFC002C3FF449AF314641A8246804F0BE
:1089D800A6FC4946404641AAFFF71EFB3B463668BF
:1089E80098427FF76AAF55F8232054F823100A44B9
:1089F80046F823200133F3E7123902082DE9F04F36
:108A080004460D4616464FF000098DB01F46199BC7
:108A180003EB81030893179B03EB810A189B03EB75
:108A2800810B089B1B684B4502D80DB0BDE8F08F41
:108A3800002D24DD336820460A933B680AAA0B936D
:108A48001C9B691E06931B9B05931A9B0493199BF9
:108A58000393189B0293179B0193169B00930BABF0
:108A6800FFF7CCFFDAF80020336809F10109134455
:108A780033603B68DBF8002013443B60D1E701D04A
:108A880007F013FB3B681B9AA06932F91380A368AF
:108A98001A9A984408FA00F30993336832F91330A4
:108AA8006268134403FA00F0D4E90712FFF7C8FA22
:108AB800D4E9091280460998FFF7C2FAD4E90412EA
:108AC8004044FFF7BDFAE268169B1044E26A1B684F
:108AD8009042B8BF1046226B9042A8BF10461C9A1D
:108AE80022F81300169A01331360BBE72DE9F04F03
:108AF8001C46EFB06822DDE97897002154A8DDF81C
:108B0800E88107F02FFC636A46AD5A93A36A494689
:108B18005593636928465B9363685C93E36A56934D
:108B2800A3695D93A3685E93236B5793E369589396
:108B3800236A5993D4E90323CDE95F2304F0EFFBBB
:108B480039464DA804F0EBFB284654AA4DA9FFF777
:108B5800E2FA044698F8080007286AD0092840F085
:108B680011814946002C38D015A804F0D8FBB9F17A
:108B7800000F01D107F099FA39461CA8D9F80090DE
:108B880004F0CDFB002FF5D041464DA83FAE38ACE0
:108B98003F6804F0C4FBD8F80080334622460095AD
:108BA8001CA915A8FFF77CFB98B100217A4B2391EB
:108BB800CDE9068331AB2A91319100930521CDE9A6
:108BC8000497CDE9026501942AAB23AA54A8FFF7BC
:108BD80065F900206FB0BDE8F08F23A804F09FFB73
:108BE800B9F1000FC6D039462AA8D9F8009004F088
:108BF80096FB002FBED041464DA83F6804F08FFB7E
:108C080054A8FFF731F94DAA2AA923A8FFF704FAB7
:108C1800054654A8D8F80060FFF726F9A542D8DD24
:108C2800395719F9040054AAFFF750FA305501349E
:108C3800F4E749463FAE002C31D031A804F06FFB71
:108C4800B9F1000F96D0394638A8D9F8009004F049
:108C580066FB002F8ED041464DA82AAC3F6804F031
:108C68005EFBD8F8008033462246009538A931A823
:108C7800FFF716FB0028ACD0002323A915931C93FB
:108C880023930091CDE905780521CDE90359CDE974
:108C980001461CAB15AA54A8FFF7B0FE99E7304669
:108CA80004F03DFBB9F1000F3FF464AFD9F8003090
:108CB800394628460C9304F032FB002F3FF45AAF94
:108CC8003B6841464DA80B9304F029FBD8F80030C7
:108CD800DDE95F89C8450A933FF74CAF304629461E
:108CE8004DAAFFF799F9559E2C4B09909E42FFF625
:108CF80041AF47F6FE734FF6FC72DDF858A10AEB58
:108D0800030191423FF636AF9E423FF733AFDDE9AC
:108D18005AB30D935C9B0E935D9B0F935E9B1093D0
:108D2800589B1193599B1293579B099AA2427FF71C
:108D380050AFDDE90D1213930B9B33F914500C9BC4
:108D4800554433F9140005FA0BF5304400FA0BF0DA
:108D5800FFF776F9DDE90F1207462846FFF770F9A5
:108D6800DDE911123844FFF76BF9139B0A9A18448E
:108D78004045B8BF40464845A8BF484622F81400B9
:108D88000134D2E702F0F6FA98F8082001460448C0
:108D980004F09EF901201DE7D58000080280FFFF3E
:108DA800123902082DE9FF47D1E903A906460C4606
:108DB800BAF1000F01D107F078F91D4B1A6804F0D9
:108DC8009EFA1C4B21461A680746304604F097FA6B
:108DD800194B80461A682146304604F092FA054637
:108DE800007A431E012B0BD853464A46214630468B
:108DF800CDE901850097FFF70DFD04B0BDE8F087C8
:108E0800092801D0072809D153464A462146304649
:108E1800CDE901850097FFF769FEEEE702F0AAFAAF
:108E28002A7A0146054804F053F90120E5E700BF16
:108E3800546A0208506A02084C6A02081239020889
:108E48002DE9F04F2DED068B834681B08A46DDE98A
:108E58001054194610461E46174604F017FD2B7F7E
:108E680080F00100092B207002D0072B40F0818090
:108E78002A680AB907F019F997ED02AA96ED028A4D
:108E8800B4EEC8AA072B14BF4FF014084FF00F0810
:108E9800F1EE10FAFA6854BF1AEE100A18EE100A2A
:108EA8005242A262F2685242E262EA68C4F824803E
:108EB8002263F7F70BFB02460B46F7F7A9F90646BC
:108EC8000F4618EE100AF7F701FB32463B46F7F754
:108ED8007FFC41EC190B012000FA08F0F7F7E4FADF
:108EE8008046A8688946F7F7F1FA02460B464046DD
:108EF8004946F7F743FB02460B4630463946F7F733
:108F080067FC41EC180B1AEE100AF7F7DFFA324645
:108F18003B46F7F75DFC04F1040904F1140841EC41
:108F2800100B4946404604F0DBFDB0EE490AF0EE6E
:108F3800690A04F1080104F1180004F0D1FD04F1F4
:108F4800200104F11C00B0EE480AF0EE680A04F0B3
:108F5800C7FD2A46584604F1100310939AF80010EA
:108F680004F10C0301B0BDEC068BBDE8F04F04F032
:108F7800E9BA012B0DD19AF80030012B03D1002357
:108F880063630C4B04E0032B09D1002363630A4B92
:108F9800A363002001B0BDEC068BBDE8F08F022B67
:108FA80004D1064B63634FF07E53F1E76FF400037F
:108FB800E6E700BFFFFF7F7F0000C040000080BFE2
:108FC8002DE9F043CB6804460E4685B00BB907F08F
:108FD8006CF80B69002BFAD0C5680022284603F00C
:108FE80029FD814660B9304B0093582365692046B6
:108FF8002E4A2F49A8470126304605B0BDE8F08320
:1090080001223146284603F015FD804620B9294B38
:10901800009365695B23EAE700223146284603F09E
:109028001EFD074620B9244B009365695E23DEE7E1
:10903800F3684A46CDE90003434631692046FFF705
:10904800FFFE06460028D7D13B7F022B1BD1D9F85B
:10905800003063B1CDE90230184B0193184B0093EF
:10906800682365692046114A1649A847C3E7D8F816
:10907800002042B1CDE90223104B0193124B00931B
:1090880065696A23EEE72B68494628469B69984735
:109098002B68414628469B6998472B6839462846DD
:1090A8009B699847A8E700BF814502082145020847
:1090B8008F390208934502081B3A0208A5450208A1
:1090C800BB450208CA390208D5450208836B10B5AA
:1090D8000BB906F0EAFF2021BDE810401847000050
:1090E8002DE9F04F0F6981468846B7B00FB906F0F1
:1090F800DCFFCE68002EFAD09A4B1A6804F0FFF80D
:10910800994B0546414648461A6804F0FAF8044661
:10911800287A072800F0CE8009280ED0012840F0D0
:10912800958133463A4641464846CDE9005400F019
:109138009FFA002037B0BDE8F08FBB682946069338
:109148007B681AA807933B690A93FB680B93B6F9E7
:1091580004300893B6F900300993336902937369B0
:10916800039304F0DCF82B68214621A8179304F038
:10917800D6F8002CBBD023681693DDE9023293425F
:10918800B5DC8033B3DB7F2AB1DC1A9B042BAED16C
:10919800219B042BABD1002321AA19461AA8FAF760
:1091A800CEFC03230C90194621AA1AA8FAF7C7FC8B
:1091B80000211C9B0D900E931D9B0F93239B1093D6
:1091C800249B11930C9B8B42B3DD089D4FF0000A42
:1091D8006B4205935AE0049B00944B441AA8CDE9CE
:1091E8001812FAF77AFCDDE91812179B09F1010940
:1091F8001B569B45B8BF9B46139B4B45EBDC08F1C0
:109208000108159B43452EDC9DF908809DF90C301B
:10921800D845B8BFD8469845A8BF98460094334665
:10922800524621A81891FAF758FC169B189903F88A
:10923800008001340D9BA3421BDC079B079AFF1A91
:10924800049B013613440493119BB34216DD27EAAD
:10925800E77312930F9B0B9A3B449342A8BF1346A4
:1092680000241393E6E7059BDDF8489008EB03021A
:10927800C2E76FF07F0BDDF85080C2E7069B0AF16A
:10928800010AED1ADDE9053213440593109B534595
:109298000EDD25EAE57314930E9B0A9A2B4493423C
:1092A800A8BF1346099F15937B4200260493CBE77A
:1092B800013187E7BB68294606937B6828A807938E
:1092C8003B690A93FB680B93B6F904300893B6F927
:1092D80000300993336903937369049304F01FF80A
:1092E8002B6821462FA8179304F019F8002C3FF497
:1092F800FEAE23681693DDE9033293423FF7F7AEDB
:1093080013F5004FFFF6F3AEB2F5004FBFF6EFAE20
:10931800289B042B7FF4EBAE2F9B042B7FF4E7AE46
:1093280000232FAA194628A8FAF709FC03230C9052
:1093380019462FAA28A8FAF702FC00212A9B0D90AB
:109348000E932B9B0F93319B1093329B11930C9B85
:109358008B427FF7EEAE089D4FF0000B6B420593F2
:1093680060E000BF5C6A0208586A020809EB0A0359
:10937800009428A8CDE91812FAF7AFFB179B029AB8
:1093880033F9103009F101099A42B8BF1A4602921E
:10939800DDE91812139B4B45E8DC08F10108159B21
:1093A80043452CDCBDF90C80029B00949845B8BF5E
:1093B8009846BDF910305A469845A8BF98462FA838
:1093C80033460291FAF789FB169B029923F810801D
:1093D80001340D9BA34218DC079B0136FF1A9A44FF
:1093E800119BB34216DD27EAE77312930F9B0B9A82
:1093F8003B449342A8BF134600241393E9E7059B17
:10940800DDF8489008EB0302C4E7144BDDF8508000
:109418000293C4E7069B0BF1010BED1ADDE9053257
:1094280013440593109B5B450EDD25EAE573149301
:109438000E9B0A9A2B449342A8BF1346099F002605
:109448001593C7F1000ACBE7013180E701F092FFDD
:109458000146034803F03CFE01206BE60080FFFF55
:10946800EF450208002313B50446CDE90033044A4A
:10947800044B054903F01CFF204602B010BD00BF95
:1094880019950008E9900008D59000082DE9F04FDB
:10949800D1E901794FF0010B536985B091F800A02B
:1094A800D3E902830393D1E903340293DDE902216E
:1094B8003B465046CDF800B0FBF7D8F84B4622465D
:1094C800054641465046CDF800B0FBF7CFF80138C5
:1094D80009FB00440020029B013D07FB0533039A6A
:1094E8000E9E9B1AA4EB080423EAE37343FA0BF2DB
:1094F80024EAE474326003EA0B0344FA0BF204EA48
:109508000B047260B360F46005B0BDE8F08F000032
:109518002DE9F743D1F8109004460F46B9F1000F32
:1095280001D106F0C2FDCD68002DFAD0D0F80C802C
:109538000022404603F07EFA064658B9424B009393
:109548003D2365692046414A4149A847012003B0A7
:10955800BDE8F08339460022404603F080FA07460A
:1095680020B93C4B009365694023EBE7034632463C
:10957800494620460095FFF789FF307F092801D02A
:1095880007281FD197ED027AD6ED027A77EEC77ACF
:10959800F0EEE77A17EE900AF6F798FF28A3D3E9DA
:1095A8000023F7F767FA20B92B4B00936569492325
:1095B800C8E7F268FB689A422CD0284B009365698B
:1095C8004A23BFE7012831D199F81430012B03D180
:1095D8000023AB61224B04E0032B11D10023AB61C4
:1095E800204BEB61D8F80030314640469B699847DC
:1095F800D8F80030404639469B6998470020A6E7CE
:10960800022B04D1184BAB614FF07E53E9E76FF49E
:109618000003DEE705F1140399F814103A460093A5
:10962800204605F1100303F08DFFDBE701F0A2FEF1
:10963800327F01460D4803F04BFD87E7AFF300800A
:109648008DEDB5A0F7C6B03EF839020810460208FD
:109658008F3902081B3A0208744602088946020834
:10966800FFFF7F7F0000C040000080BF1239020862
:109678002DE9F04F2DED048B9168A7B00491516846
:10968800DDE9345405911169D26808910992B3F95A
:10969800042029460692B3F9002018A8D3ED068ABB
:1096A80093ED079A079203F03AFE0DB906F0FDFC18
:1096B8002B6821461FA8159303F031FE002CF5D026
:1096C80023681493189B042BF0D11F9B042BEDD116
:1096D80000231FAA194618A8FAF731FA03230A909B
:1096E80019461FAA18A8FAF72AFA00211A9B0B9004
:1096F8000C931B9B0D93219B0E93229B0F930A9B0C
:109708008B427EDD069E00257342039364E00AEBDC
:109718000B03009418A8CDE91612FAF7DEF9DDE973
:109728001612159B0AF1010A03EB8000D0ED007AAE
:10973800F4EEC87AF1EE10FAC8BFB0EE678A119B52
:109748005345E4DC09F10109139B4B4532DCF4EE87
:10975800C88AF1EE10FAC8BFB0EE688AB4EEC89AAB
:10976800F1EE10FA3B4600942A461FA848BFB0EE17
:10977800498A1691FAF7B1F9149B169903EB800000
:1097880080ED008A01340B9BA34219DC059B01374D
:10979800A8EB03089B440F9BBB4216DD28EAE8733D
:1097A80010930D9B099A43449342A8BF1346002483
:1097B8001193E8E7039BDDF840A009EB0302BEE73D
:1097C8009FED128ADDF84890BEE7049B0135F61A32
:1097D800DDE90332134403930E9BAB420FDD26EA07
:1097E800E67312930C9B089A33449342A8BF13461E
:1097F800DDF81C8000271393C8F1000BCBE701317B
:109808007DE727B0BDEC048BBDE8F08FFFFF7FFF3D
:109818002DE9F043D1F8109006460C4685B0B9F111
:10982800000F01D106F041FCD1F80C80B8F1000F0F
:10983800F8D01E4B1A6803F062FD1D4B05461A68E6
:109848002146304603F05BFD1A4B07461A6821464D
:10985800304603F056FD0346287A421E082A1CD8D3
:10986800DFE802F011051B1B1B1B051B0500CDE9DA
:10987800007342462B462146304600F09BFD0020EF
:1098880005B0BDE8F083CDE901734A464346214659
:109898003046009500F004FBF1E701F06BFD2A7AF1
:1098A8000146054803F014FC0120E9E7686A02084C
:1098B800646A0208606A020812390208002313B5B4
:1098C8000446CDE90033044A044B054903F0F0FC93
:1098D800204602B010BD00BFE19D0008199800089D
:1098E800599B00082DE9F04F05298FB009930C46C4
:1098F800DDE91965DDE91B7992461E9B2FD04FF0F3
:10990800000803EB810B4B1C0A93DBF800309845E9
:1099180029DA336852460C932B680A990D931E9BDB
:10992800039706931D9B0B90CDE904930DAB02930F
:109938000CAB0193189B08F101080093099BFFF7F2
:10994800D1FFA11D59F8212033680B9813441D9AA3
:1099580033602B6852F8212013442B60D5E75C69EB
:109968000023A34202DB0FB0BDE8F08FD6F800C099
:109978002968099AD0ED0D7A02EB81010AEB8C0275
:10998800D1ED006A92ED006A66EE866AF4EEE67A38
:10999800F1EE10FA90ED0E7AD8BFF0EE667AB4EEDA
:1099A800E77AF1EE10FA58BFB0EE677A3968189A7C
:1099B800013302EB8101D9F82C2081ED007A624451
:1099C8001D9932602A68C96A0A442A603A680132D5
:1099D8003A60C6E72DE9F04F05298DB00C46DDE960
:1099E80017659A46DDF8689060D01C9B4FF0000818
:1099F80003EB810B4B1C1F46DBF80030984552DA0D
:109A0800336839460A932B6809920B931C9B08907C
:109A180006931B9B08F10108CDE90493199B039356
:109A28000BAB02930AAB0193169B00935346FFF7C7
:109A3800D1FF04F1060C59F82C1033681B9A0B441B
:109A4800336052F82C102B68DDE908020B442B60B8
:109A5800D2E7D6F800C02B6852F82C405AF82330C9
:109A680019996343C46A0968A342B8BF2346076BC0
:109A7800169C0EF1010EBB42D4BF44F8213044F8C5
:109A88002170D9F82C301B99634433602B68C96A5C
:109A98000B442B60199B19991B6801330B601C9BA5
:109AA8005B699E45D5DB0DB0BDE8F08F4FF0000E29
:109AB800F5E72DE9F047D0F80090D1F800804D4641
:109AC800C14504460E46A8BF454601277B1E9D4258
:109AD8000DDC2F4609F1FF3A4F4519DB08F1FF3736
:109AE80045451EDB2046F9F7EBFFBDE8F087A9EBFB
:109AF80007012046F9F7D8FFA8EB07018246304650
:109B0800F9F7D2FF824507F10107DFD006F0CDFA59
:109B18002046AAEB0701F9F7C7FF0128F6D101375C
:109B2800DAE73046791BF9F7BFFF0128EED1013596
:109B3800D6E770B516460546FFF7BBFF3146044623
:109B48002846FFF7B6FFA04201D006F0AEFA70BD76
:109B5800836B10B50BB906F0A8FA2421BDE81040B4
:109B6800184700002DE9F04FC66805469246304672
:109B7800002287B08B461C4602F05CFF814658B92C
:109B8800814B00932C236C692846804A8049A04762
:109B9800012007B0BDE8F08F01225946304602F097
:109BA80049FF804620B97B4B00936C692F23EBE774
:109BB80000225946304602F052FF074620B9764B3C
:109BC80000936C693223DFE7DBF8003013B11B68C0
:109BD800022B0DD00222CDE90232704B0193704B5B
:109BE800009334236C692846684A6E49A047CFE73A
:109BF800DBF8043013B11B68012B09D00122CDE931
:109C08000232694B0193694B00936C693523EAE78B
:109C180099F81C0098F81C30834213D06E6901F043
:109C2800A9FB044698F81C0001F0A4FB604BCDE9A1
:109C3800024001935F4B28460093544A37235E49FC
:109C4800B047A5E73B7F9AF80010092B01D0072BF6
:109C580059D104F10C0300933A46284604F108034D
:109C680003F070FC8246002893D1D9F80800F6F773
:109C78002DFCCDE90401D8F80800F6F727FC0246C8
:109C88000B46DDE90401F6F779FCCDE90401B86873
:109C9800F6F71CFC02460B46DDE90401F6F798FDD1
:109CA80004F1180B41EC100B594604F1140003F0B1
:109CB800ADFE99F81C00D9F80C20D8F80C30F968DA
:109CC80007282260636021612CD142B13B4BCDE96A
:109CD800022A01933A4B00936C69492383E743B105
:109CE800CDE90232354B0193364B00936C694A2318
:109CF80079E7B9B1CDE90213304B0193324B0093A8
:109D08006C694B236FE7022B27D101294FF0000321
:109D180003D1A3606FF0004303E0032913D1A360CC
:109D28000623E3603368494630469B6998473368A1
:109D3800414630469B6998473368304639469B69A7
:109D48009847002025E7022904D14FF0FF33A3608C
:109D58000123E6E74FF00043DBE7012903D10023A5
:109D6800E3611A4B04E0032904D10023E361184B93
:109D78002362D7E7022904D1164BE3614FF07E53E3
:109D8800F6E76FF40003EBE781450208BF460208D7
:109D98008F390208934502081B3A0208C83902089D
:109DA800A9430208CA390208E2430208B943020873
:109DB8001F4702082C470208113E02086661020884
:109DC800394702085147020869470208FFFF7F7FA9
:109DD8000000C040000080BF0A6910B50AB906F04B
:109DE80064F9CB68002BFAD0BDE81040FFF7BABE83
:109DF800F8B506460524012701F118052146304625
:109E0800F9F752FE45F8040D2146AF613046F9F7DF
:109E18004BFE013C00FB07F7F0D2F8BD2DE9F043FB
:109E28000D461C4616468FB00AB906F03EF9002BBF
:109E3800FBD00246012306216846FEF7D0F82A46E1
:109E480000250123062107A8FEF7C9F83146684610
:109E5800FFF7CEFF214607A8FFF7CAFFA84606F17D
:109E6800180929466846F9F71FFE2946074607A834
:109E7800F9F71AFE874205D0012F0BD149F8258042
:109E880046F825000135062D04F10404E9D10FB088
:109E9800BDE8F0830128C8D1C4F818802760F1E72D
:109EA8002DE9F04F2DED028B1D46E1B06822DDE96A
:109EB8006C49002146A8DDF8B8A106F053FAEB6911
:109EC8002EAE53932B6A214630463AAF549303F093
:109ED80026FA4946384603F022FA3946304646AA59
:109EE800FEF719F90546002856D012AD2146284636
:109EF80003F015FA0CB906F0D8F80DF1640B4946D1
:109F08005846D4F8008003F00AFAB9F1000FF2D0ED
:109F180020AC51462046D9F8009003F000FABAF177
:109F2800000FE8D02B68DAF800A0062BE3DC199BB9
:109F3800062BE0DC209B062BDDDC28463B46324620
:109F48005946FFF76BFF22460123062127A8FEF793
:109F580046F80DF1300C644628AD0FCD0FC495E8D6
:109F6800030084E80300002109AB0AAA0BA8CDE985
:109F78000132CDE903064B464246CDE9057CCDF8D2
:109F880000A046A809910A910B91FFF7ABFC61B0BC
:109F9800BDEC028BBDE8F08F214627A803F0BFF97E
:109FA800002CA8D049463046D4F800B003F0B7F9E1
:109FB800B9F1000F9FD051463846D9F8008003F018
:109FC800AEF9BAF1000F96D0DAF8004031463A46B9
:109FD80027A8FFF7AEFD9DED538ADDED548A5E4656
:109FE800414622462B469842D1DDF6EC017AB1EC87
:109FF800017A67EE877AB4EEE78AF1EE10FAC8BF05
:10A00800F0EE487AF4EEE78AF1EE10FA48BFF0EE87
:10A01800687A0133E2EC017AE5E72DE9F04FBFB049
:10A028001C92044626AA0846194632ABFFF7F6FEEC
:10A038000123499A06211FA8FDF7D1FFDDE923670F
:10A04800209BDDF894801793219B1693229B1493F1
:10A05800149A169B534373437B4308FB03F31893EB
:10A06800134673437B4308FB03F3199307FB06F37B
:10A0780008FB03F31A9308FB07F31B930023CDE9AE
:10A0880002330193179A9342C0F2A4803FB0BDE80F
:10A09800F08F119A1D931C9BE56813F902C0626842
:10A0A800489B9444129A9856A268104400FB0CF0FE
:10A0B800D4E9041203F0F4FBE26A05449542B8BF00
:10A0C8001546226B159B9542A8BF154603F8015B00
:10A0D800319A1593119B134411933D9A129B134483
:10A0E8001293139B013313931D9B139A4245D0DBA4
:10A0F800309A1099C24411443C9A109191440BF142
:10A10800010BBB4510DA4A9ACDF848905244159293
:10A11800109A119200221392E7E70C9A4FF0000B65
:10A12800DDE90D9A1092ECE72F9A0C9911440C91E5
:10A138003B9A0D9911440D910E9A1B990A440E925F
:10A148000F9A01320F920F9AB242E6DB2E9A0899C3
:10A15800114408913A9A0999114409910A9A1A994D
:10A168000A440A920B9A01320B920B9A14998A426A
:10A1780020DB2D9A049911440491399A05991144C8
:10A188000591069A19990A440692079A013207928C
:10A19800079A16998A4215DB2C9A019901331144C2
:10A1A8000191389A029911440291039A18990A4424
:10A1B800039267E70A9A0E92099A0D92089A0C92EE
:10A1C8000022BFE7069A0A92059A0992049A089211
:10A1D8000022C9E7039A0692029A0592019A04920C
:10A1E8000022D4E72DE9F04FBFB01C92044626AAFE
:10A1F8000846194632ABFFF711FE0123499A06219A
:10A208001FA8FDF7ECFEDDE92367209BDDF89480AD
:10A218001793219B1693229B1493149A169B5343CE
:10A2280073437B4308FB03F31893134673437B4341
:10A2380008FB03F3199307FB06F308FB03F31A93D0
:10A2480008FB07F31B930023CDE902330193179A08
:10A258009342C0F2A6803FB0BDE8F08F119A1D93DB
:10A268001C9BE56833F912C06268489B9444129AB3
:10A2780033F91200A268104400FB0CF0D4E9041270
:10A2880003F00EFBE26A05449542B8BF1546226BFF
:10A29800159B9542A8BF154623F8025B319A159382
:10A2A800119B134411933D9A129B13441293139BD1
:10A2B800013313931D9B139A4245CFDB309A1099B3
:10A2C800C24411443C9A109191440BF1010BBB45D7
:10A2D80011DA4A9ACDF8489002EB4A021592109A80
:10A2E800119200221392E6E70C9A4FF0000BDDE979
:10A2F8000D9A1092EBE72F9A0C9911440C913B9A06
:10A308000D9911440D910E9A1B990A440E920F9AB9
:10A3180001320F920F9AB242E6DB2E9A0899114445
:10A3280008913A9A0999114409910A9A1A990A4482
:10A338000A920B9A01320B920B9A14998A4220DBEB
:10A348002D9A049911440491399A0599114405915B
:10A35800069A19990A440692079A01320792079AAF
:10A3680016998A4215DB2C9A0199013311440191FF
:10A37800389A029911440291039A18990A4403924F
:10A3880065E70A9A0E92099A0D92089A0C92002291
:10A39800BFE7069A0A92059A0992049A089200223F
:10A3A800C9E7039A0692029A0592019A049200223A
:10A3B800D4E700002DE9F04F15469A46ADF52D7DFE
:10A3C8006822DDE9B6840021074692A805F0CAFF95
:10A3D800AB6851469D93EB6886AE9E932B6AA0931B
:10A3E8002B685B4293936B685B4294932B699593BC
:10A3F8006B699693AB697AAD2846979302F08FFF05
:10A408004146304602F08BFF3146284692AAFDF7B6
:10A4180082FE9AF808308146092B64D1514628B348
:10A428000AA802F07CFF414611A8DAF8006002F0A1
:10A4380076FFB8F1000F01D105F037FE18AD2146BF
:10A448002846D8F8007002F06AFF002CF4D0236880
:10A458003246CDE90153009711AB0AA992A8FFF73C
:10A46800DCFD00200DF52D7DBDE8F08F1FA802F062
:10A4780056FF414626A8DAF8005002F050FFB8F11E
:10A48800000FD9D021462DA8D8F8006002F047FF68
:10A49800002CD1D0DDE99D239A422768CCDC2DAA77
:10A4A80026A91FA8FDF7B8FD8046C845D9DD15F9CE
:10A4B8000930939A16F909001344949A959C10440C
:10A4C8005843DDE9961203F0EBF99D9B04449C4246
:10A4D800B8BF1C469E9B9C42A8BF1C4607F8094073
:10A4E80009F10109E1E7022B40F08B8057AF002802
:10A4F80053D00DF1D0095146484602F010FFDAF862
:10A5080000300DF1EC0A41465046099302F007FF6E
:10A51800B8F1000F90D0D8F800B00DF58478214636
:10A52800404602F0FCFE002C86D0349B2468062BA3
:10A5380082DC3B9B062B3FF77FAF429B062B3FF706
:10A548007BAF33462A4651464846FFF767FC4246EA
:10A5580001230DF5D878062173A8FDF740FDC44600
:10A568000DF5E87EBEE80F00ACE80F009EE803009A
:10A578008CE8030000215EAB65AA396092A8CDE99A
:10A588000325CDE90173CDE905685B46099A009476
:10A598005E916591FFF71EFA63E7514649A802F0FC
:10A5A800BEFE414650A8DAF8005002F0B8FEB8F1F5
:10A5B800000F3FF441AF21463846D8F8006002F05A
:10A5C800AEFE002C3FF438AF3A4650A949A8D4F85B
:10A5D80000A0DDE99D48FFF7ACFA48457FF741AF99
:10A5E80055F8293056F829205343A342B8BF2346CB
:10A5F8004345D4BF4AF829304AF8298009F10109AE
:10A60800EBE7072B7FF42DAF939A72B10023CDE9C6
:10A618000223454B0193454B00939D237C693846A3
:10A62800434A4449A04701201CE7949B43B1CDE924
:10A6380002323D4B0193404B00937C699E23EEE729
:10A64800DDF854B2BBF1000F08D0CDE902B3364BA8
:10A6580001933A4B00937C699F23E0E7514608B386
:10A668005EA802F05CFE414665A8DAF8006002F0D8
:10A6780056FEB8F1000F3FF4DFAE6CAD2146284618
:10A68800D8F8007002F04BFE002C3FF4D5AE2368DA
:10A698003246CDE90153009765AB5EA992A8FFF752
:10A6A800A1FDDEE673A802F03AFE41462846DAF834
:10A6B800007002F034FEB8F1000F3FF4BDAE214641
:10A6C8003046D8F8008002F02AFE002C3FF4B4AEE1
:10A6D800DDE99D239A42D4F800903FF7ADAE2946B4
:10A6E800324673A8FDF798FC05465D457FF7B9AE7D
:10A6F80037F91B30939A38F91B001344949A959CA8
:10A7080010445843DDE9961203F0CAF89D9B0444AF
:10A718009C42B8BF1C469E9B9C42A8BF1C4629F879
:10A728001B400BF1010BE0E7666102088147020854
:10A73800BF460208CA39020899470208B147020809
:10A7480010B5836B2821984704462822002105F07C
:10A7580009FE204610BDCA6800F0CCB9CA6800F0EE
:10A76800EBBC0000002313B50446CDE90033044ACE
:10A77800044B054902F09CFD204602B010BD00BF05
:10A788005FA7000865A7000849A7000830EE200A5F
:10A79800704700002DE9F0474FF0000906460125F3
:10A7A8004C46D0F800A0CA4503DC28462146BDE83F
:10A7B800F087012D74F10003F7DB2A4623466FF07A
:10A7C80000400021F6F7ECF956F8048F4FEAE877D5
:10A7D800804577EB010105DB0749084802F078FC62
:10A7E80005F063FC6F4308FB0477A5FB085409F1E7
:10A7F80001093C44D7E700BFDF3F02082F56020893
:10A808002DE9F84300249C46DDE908E391461C60E5
:10A8180008BBBDE8F883A84215DD00261F68BE42C4
:10A8280013DB4EF827501D6801351D60013448F1CF
:10A8380000084C4578EB0C05EBDA51F82450002D54
:10A84800E9DA2D18E9D505F030FC5EF826209542A6
:10A85800ECD00136E3E7A046EBE7F8B59C460546A1
:10A86800069FD0B109B905F020FC002AFBD00024CE
:10A87800204610E047B1002604E057F82630A342EE
:10A8880008D00136B445F8DC52F8246051F8243079
:10A8980003FB00600134A542ECDCF8BD2DE9F04F64
:10A8A8002DED048B0E680446042E15461F4693B002
:10A8B80001D005F0FAFB1B68042BFADC0A460123D9
:10A8C800314604A8FDF78BFB01233A4631460BA815
:10A8D800FDF785FB0B9B002BEBDD012B0C9EE8D0D5
:10A8E800022B0D99E5D0032B0E9AE2D0049BDDF8DC
:10A8F8003CA0012BDDDD022B069FDAD094F9003055
:10A90800DDF81C80022BD4D1B4F90230012B13D10D
:10A91800B4F90430022BCCD10129CAD1012AC8D1FB
:10A9280007FB08F3002408EE903AB4423EDB13B06C
:10A93800BDEC048BBDE8F08F022BBAD1B4F904301A
:10A94800012BE8E74A462146CDF800B004A8039356
:10A95800F9F7C3F805EB8000D0ED007A38EE278AC6
:10A96800039B01334345EDDB09F10109B94516DBCA
:10A978000023F8EEE87A1A46CDF800B021460BA875
:10A9880088EE279AF9F7A9F8209B0BF1010B03EB46
:10A99800800080ED009AD34503DB0134C5E700232E
:10A9A800E0E74FF000099FED038ADFE74FF0000B67
:10A9B800F1E700BF000000002DE9F04F8846C568A8
:10A9C800044692462846002285B09B4602F032F89B
:10A9D800D8F800300646D3F80090B9F1020F10D02D
:10A9E8000223CDE90293384B0193384B00932F2370
:10A9F80065692046364A3749A847012005B0BDE8B1
:10AA0800F08FD8F804301A68012A09D00123CDE95B
:10AA18000223314B0193314B009365693023E8E7FA
:10AA28004146284602F006F8074640B92C4B204616
:10AA3800009365693423264A2A49A847DDE7007F41
:10AA4800022812D0666900F095FC0546484600F0D9
:10AA580091FC254BCDE902500193244B20460093ED
:10AA68001B4A35232249B047C7E7337F092B1ED13C
:10AA780000224146284601F0F2FF0446B068F5F787
:10AA880025FD8046A0688946F5F720FD0B4602465D
:10AA980049464046F5F79CFE41EC100B5946504696
:10AAA80002F0B4FF2B68214628469B6998472B681B
:10AAB800394628469B6998472B68284631469B6942
:10AAC800984700209AE700BFC83902082C480208B6
:10AAD800C9470208CA390208E2430208E4390208F1
:10AAE8003F4802088F3902084F4802085C480208AC
:10AAF800113E02082DE9F74FC5681446804600222A
:10AB08002846894601F096FF00220646494628460F
:10AB180001F0A5FF012207464946284601F08AFFB1
:10AB2800337F8246092B04F1040B01D0072B13D184
:10AB3800B068F5F7CBFCCDE90001B868F5F7C6FCBD
:10AB480002460B46DDE90001F5F742FE41EC100B29
:10AB58005946204602F05AFF7869FFF71BFE00901D
:10AB6800DAF81400FFF716FE337F6062092B01D074
:10AB7800072B0FD10099D8F84030404604F108025D
:10AB880089009847F3682361B3686361FB68A36130
:10AB9800BB68E36122465B4649464046FFF70CFF27
:10ABA800044670B92B68314628469B6998472B683C
:10ABB800394628469B6998472B68514628469B6921
:10ABC8009847204603B0BDE8F08F30B500231446FF
:10ABD8008B4208DB012421EAE17302EB4300032BDB
:10ABE80007DD117030BD50F82350013324F8025F9F
:10ABF800EEE720F8024F0133F1E708B508B905F090
:10AC080054FA006808BD70B5F8B109B905F04DFAF5
:10AC1800002AFBD00025431E02EB8002002B01DA3C
:10AC2800012010E052F8040C51F823600130B042C2
:10AC3800A2F10404EADC04D142F8045C013B224698
:10AC4800ECE72060002080F0010070BD2DE9F04F96
:10AC58008FB005939DF868301746DDE918950022F6
:10AC68000C460B93049002F04AFB2146012206464B
:10AC7800049802F044FB214680460022049802F022
:10AC880040FB04460EB905F010FA0028FBD0D0F8B6
:10AC980004B04046FFF7B1FF4FF0010801465B469C
:10ACA8000022DBF800A0924500F392803368D6F8C2
:10ACB80004A00A932B69DAF80060089323686A6A8B
:10ACC8000793D5E900430393AB690993002318461A
:10ACD800984540F09580504600239E4200F39780A7
:10ACE80000250DAB0193059B30460093D3170D95B6
:10ACF800FFF786FD0D9B06932B46AE4200F38D8031
:10AD08004FF0000B0AF1040500233A462946304665
:10AD1800CDF800B0FFF7A1FD059B82463A462946CB
:10AD280000933046069BFFF798FD0A9B294633F9A6
:10AD38001A2059F82030134449F820303A46304652
:10AD4800FFF761FF0028DFD106464FF0010B82466E
:10AD5800069BB34265DC5BEA0A0336D00B9B5BBB00
:10AD6800BAF1000F8FDB08BFBBFA8BF3039A18BF49
:10AD7800BAFA8AF302F11F0608BF2033202EA8BFB3
:10AD88002026C3F13F039E42A8BF1E46E117A6F145
:10AD9800200304FA03F3C6F12005B140194324FA4D
:10ADA80005F5534604FA06F05A462943F5F7F8FE26
:10ADB8000446039B9B1B0393002647F6FF7A089BD8
:10ADC8002D4F0BFB03FBB04541D10FB0BDE8F08F11
:10ADD80053F8040FA8FB00ECBCF1000F0CD0274B74
:10ADE800274A1893049B27495C69A023A446049822
:10ADF8000FB0BDE8F04F604700FB08F8013252E79A
:10AE0800079D25F8130049F82300013360E750F83F
:10AE1800045F002DD9D001335FE747F825300135AD
:10AE28006BE7059B5A4653F826304FF0FF3055F82C
:10AE380023706FF000415346F5F7B2FE8742CED833
:10AE480007FB0AF3ABFB07BA01369A4480E759F8C7
:10AE580026002146039AA0EB0B0002F021FD099B76
:10AE68001844B842B8BF38465045A8BF5046079B5B
:10AE780023F816000136A6E70080FFFF674802089E
:10AE8800C94702088F3902082DE9F04F8FB00593A2
:10AE98009DF868309146DDE9184600220D460B936F
:10AEA800049002F02CFA294601228046049802F008
:10AEB80026FA294607460022049802F022FA054697
:10AEC800B8F1000F01D105F0F0F80028FBD0D0F858
:10AED80004B03846FFF791FE012701465B46002281
:10AEE800DBF800A0924500F39680D8F80030D8F837
:10AEF80004A00A933369DAF8008008932B68726A11
:10AF08000793D6E900530393B369099300231846BE
:10AF18009F4240F0978050460023984500F3988060
:10AF280000260DAB0193059B40460093D3170D9661
:10AF3800FFF766FC0D9B06933346B04500F38E8001
:10AF48004FF0000B0AF1040600234A4631464046FA
:10AF5800CDF800B0FFF781FC059B82464A46314692
:10AF680000934046069BFFF778FC0A9B314613F98D
:10AF78000A2054F82030134444F820304A4640460A
:10AF8800FFF741FE0028DFD180464FF0010B8246D3
:10AF9800069B434566DC5BEA0A0339D00B9B63BB1F
:10AFA800BAF1000F8FDB08BFBBFA8BF3039A18BF07
:10AFB800BAFA8AF302F11F0608BF2033202EA8BF71
:10AFC8002026C3F13F039E42A8BF1E46E917A6F1FB
:10AFD800200305FA03F3C6F1200CB14025FA0CFC56
:10AFE800194305FA06F053465A4641EA0C01F5F7AB
:10AFF800D7FD0546039B9B1B03936FF07F08089BB7
:10B0080004EB87070BFB03FB079B5E1EBC4240D18A
:10B018000FB0BDE8F08F53F8040FA7FB00ECBCF1AC
:10B02800000F0CD0244B254A1893049B24495C69D3
:10B03800A023A44604980FB0BDE8F04F60474743EB
:10B0480001324FE7079EF05444F8230001335FE7CD
:10B0580050F8046F002EDBD001335EE749F8263044
:10B0680001366AE7059B5A4653F828304FF0FF30FF
:10B0780056F823906FF000415346F5F791FD81454E
:10B08800D0D809FB0AF3ABFB09BA08F101089A44C6
:10B098007EE754F8040B2946039AA0EB0B0002F054
:10B0A800FFFB099B18444045B8BF40467F28A8BF0E
:10B0B8007F2006F8010FA9E767480208C947020878
:10B0C8008F3902082DE9F74F9A4600231446814626
:10B0D8000D461A460D9EA34229DB4FF0000B0023B4
:10B0E800324629462046CDF800B0FFF7B6FB324677
:10B0F80029460C9B8046CDF800A02046FFF7ADFB03
:10B108000F9B09EB880803EB8007D8ED000A97ED41
:10B11800000A0E9B9847324687ED000A29462046CA
:10B12800FFF771FD0028DAD103B0BDE8F08F46F8CB
:10B1380023200133CFE700002DE9F04F002499B018
:10B14800914622460F46054602F0D9F8012280466C
:10B158003946284602F0D3F8224682463946284620
:10B1680002F0CFF83B690646DAF80400049301F0D0
:10B17800BCFF98F808308346072B00F0C380092BE2
:10B1880000F0B180012B40F0CC805046FFF735FD30
:10B19800594607AAADF82040FFF717FDD8F8043044
:10B1A8001F68042F0CD19DF91C20022A08D1BDF973
:10B1B8001E20BDF92040012A13D1A21E5442544139
:10B1C800049A127802B3FCB141460AA802F0A7F823
:10B1D800314611A8D8F8004002F0A1F846B904F0A9
:10B1E80064FF022A08BF012C0CBF01240024E7E7F2
:10B1F8003368224600930AA911AB07A8FFF74EFB54
:10B20800002019B0BDE8F08F0493002EE7D0504617
:10B21800FFF7F3FC0122014600207468049BD4F870
:10B22800009081453BDCD6F800A0D8F800000AEB76
:10B2380082040590D14652460020A24244D15A4683
:10B248000026043304930DF1280806AB3846019311
:10B25800CDF80080D3170696FFF7D2FADDE904107F
:10B26800324BDDF818B0029311ABCDE900B33A4682
:10B278004346CDF80CA0FFF725FF0123B34526DC94
:10B28800002BBDD0A145BBD007EE903AD9ED006A9E
:10B29800B8EE677AC6EE877AE9EC017AF2E754F8F5
:10B2A80004CFA2FB0CAEBEF1000F09D0204B2846FC
:10B2B80000936C69D2231F4A1F49A0470120A0E7C9
:10B2C8000CFB02F20130ACE742F8040BB5E7049935
:10B2D80058F8042B51F82220A3FB02010029E5D1DC
:10B2E80053430136CAE76B6CD9F8081028469847CB
:10B2F80039460090CDE9019428460AAB11AAFFF718
:10B30800C3FD7DE76B6CD9F8081028469847394685
:10B318000090CDE9019428460AAB11AAFFF796FCE4
:10B328006EE728466B6905499847C7E795A700085F
:10B338006E480208C94702088F390208B84902084E
:10B34800013080007047884208B50ED060B171B1F5
:10B3580003680A689A420AD192000431043004F062
:10B36800F1FFB0FA80F0400908BD0120FCE7002099
:10B37800FAE7000013289ABF024B53F8200002484E
:10B38800704700BF6C6A02085B4A020820B1431E7E
:10B3980058425841400070470120704708B508B925
:10B3A80004F083FE0029FBD0002AF9D0002BF7D047
:10B3B80008BD03685B6818470368C01A03888B4296
:10B3C8008CBF405A0020704710B50C210446FFF787
:10B3D800F3FF10B123182058184410BD08B50346D0
:10B3E8001046122B33D8DFE803F0100A181C20246B
:10B3F8002614281E122A222C2E1A16300E000A2372
:10B4080000200B7008BD1323FAE70123F8E70B238C
:10B41800F6E70723F4E71123F2E70223F0E7102306
:10B42800EEE70323ECE70923EAE70423E8E70D2323
:10B43800E6E70523E4E70623E2E70823E0E70C2331
:10B44800DEE70E23DCE70F23DAE71223D8E7002232
:10B458000A701A46024902F0ADFF0120D2E700BF88
:10B46800DA4A02080020704738B505461446FFF747
:10B47800A3FF00B12C58204638BD38B50546144600
:10B48800FFF79AFF00B12C5C204638BD08B50022B2
:10B498000A21FFF7F2FF08BDF8B5144605461E4617
:10B4A800FFF77CFF01222368114620461B68984756
:10B4B8000027044607702846FFF7E8FF1B280BD132
:10B4C8002846FFF781FF38B13A460421FFF7D5FF38
:10B4D800C01B18BF0120207000203460F8BD38B5AB
:10B4E80005461446FFF768FF00B12C56204638BDC4
:10B4F800F8B5144605461E46FFF750FF236801229B
:10B50800022120461B6898470027044607704770A9
:10B518002846FFF7BBFF0B2817D12846FFF754FF33
:10B52800054690B13A460421FFF7D9FFC2B2531E2F
:10B53800042B88BF3A460621227028460122FFF7CD
:10B548009CFFC01B18BF0120607000203460F8BD4C
:10B558002DE9F047174605468A469846FFF71EFF2D
:10B568003B6804221B681C21384698471C2200218E
:10B57800044604F0F7FE2846FFF788FF01288146B5
:10B5880005D00025C8F800402846BDE8F0872846C1
:10B59800FFF71AFF05460028F3D000220421FFF721
:10B5A8009EFFFFF7F3FE0022062120702846FFF7D2
:10B5B8005BFF0022082160602846FFF755FF002244
:10B5C8000A21A0602846FFF78AFFC6B2731E042B23
:10B5D80088BF00264A460C2128462673FFF744FFF9
:10B5E8004A460E2120612846FFF73EFF002210211F
:10B5F80060612846FFF773FF524604F11801FFF710
:10B60800EDFE05460028BCD021463846FFF7D1FE9E
:10B61800BAE770B5144605461E46FFF7BFFE236815
:10B6280004221B681C21204698471C22002104463E
:10B6380004F098FE2846FFF729FF022834D128464F
:10B64800FFF7C2FE054678B300220421FFF747FF43
:10B65800FFF79CFE0022062120702846FFF704FF12
:10B668000022082160602846FFF7FEFE00220A211A
:10B67800A0602846FFF7F8FE00220C21E06028466B
:10B68800FFF72DFFC0B2431E042B88BF0020012204
:10B698000E2120742846FFF7E7FE01226061102181
:10B6A8002846FFF7E1FEA0610020346070BD00006D
:10B6B8002DE9F0471746054688469946FFF76EFE7E
:10B6C8003B68012205211B68384698470026044636
:10B6D800066006712846FFF7D9FE082882463DD144
:10B6E8002846FFF771FE0546C0B332460421FFF72E
:10B6F800F6FEC3B25A1E042A88BF33463246237068
:10B7080051462846FFF7B9FE801B18BF0120324674
:10B718000A21A0702846FFF7B0FE801B18BF012041
:10B7280032460C21E0702846FFF7D9FE4246211D1B
:10B73800FFF754FE024650B906212846FFF7CFFE10
:10B7480058B1012809D04046074902F033FE38466F
:10B758002146FFF72EFE012003E060700020C9F8A3
:10B768000040BDE8F08700BFFE4A0208F8B514465D
:10B7780005461E46FFF712FE0122236811462046A1
:10B788001B6898470027044607702846FFF77EFE87
:10B7980015280DD12846FFF717FE48B13A4604216F
:10B7A800FFF79DFEC2B2531E042B88BF3A46227093
:10B7B80000203460F8BD70B5144605461E46FFF7F4
:10B7C800EDFD236804221B6828212046984728227B
:10B7D8000021044604F0C6FD2846FFF757FE052859
:10B7E8002ED12846FFF7F0FD054648B30022042174
:10B7F800FFF775FEFFF7CAFD0022062120702846D4
:10B80800FFF732FE0022082160602846FFF72CFE71
:10B8180000220A21A0602846FFF726FE00220C21FC
:10B82800E0602846FFF720FE002220610E2128460E
:10B83800FFF755FEC0B2431E042B88BF00202075B9
:10B848000020346070BD10B52DED028B0446B0EEBB
:10B85800408AFFF7B1FD10B1044494ED008AB0EEC0
:10B86800480ABDEC028B10BD70B514462DED028B55
:10B8780005461E46FFF792FD04222368114620461E
:10B888001B6898479FED0C8A044680ED008A28467D
:10B89800FFF7FCFD09280AD12846FFF795FD30B1CE
:10B8A800B0EE480A0421FFF7CEFF84ED000ABDEC94
:10B8B800028B0020346070BD0000000010B5044603
:10B8C800FFF77AFD10B123182058184410BD4068BE
:10B8D80003689B68184770477047806810220368A0
:10B8E8009B681847406803689B6818474068036866
:10B8F800DB681847406803685B6918474068036855
:10B908001B69184780680422036820219B68184730
:10B91800704770B505460C4609B904F0C6FB0B68BC
:10B92800012B0CD14E68002EF7D04068716803686F
:10B93800DB689847686831460368DB6898470023E6
:10B948006868C4E90033C4E9043303682146BDE8E4
:10B958007040DB68184738B513460C4609B904F03F
:10B96800A4FB826932B18068990002689568042254
:10B97800A8472060002038BD10B508210446FFF70D
:10B988001BFD10B123182058184410BD10B50A210A
:10B998000446FFF711FD10B123182058184410BDB4
:10B9A80010B506210446FFF707FD00B1205610BD6B
:10B9B80010B50E210446FFF7FFFC00B1205C0038EB
:10B9C80018BF012010BD10B504210446FFF7F4FC90
:10B9D80010B123182058184410BD10B5082104468A
:10B9E800FFF7EAFC10B123182058184410BD0000D6
:10B9F80038B50D4608210446FFF7DEFC00B1205893
:10BA08002B68834205D8B0210B4B0C4A0C4804F034
:10BA180053FB013055F8203005EB80041C44042109
:10BA28002046FFF7C9FC221820B12358D058D11856
:10BA380000B1081D38BD00BF284B0208334B02086F
:10BA4800FD4B0208F8B516460023C2E9003346F854
:10BA5800083F0F4614460546FFF7A2FF314601F09E
:10BA680094FC064658B939462846FFF7C1FF042119
:10BA780020602846FFF7A0FC18B9054B63603046E4
:10BA8800F8BD2A182858104401F072FB6060F6E7E8
:10BA9800206B020838B50D46044608B904F005FBCA
:10BAA8000029FBD00368042224215B6B9847064ACF
:10BAB800C0E9002400220434C0E90325C0E90622B5
:10BAC80084600275026238BDC46A020870B50D460A
:10BAD80004461021164601F04DFB2C44211A02F0B1
:10BAE80041FC054600B1043086B1012E17D1036828
:10BAF800042241F20C019B689847044602F0F0F8D2
:10BB080021462846BDE87040FFF7C4BF03680422F9
:10BB18002C219B689847044602F068F9F0E7002456
:10BB2800EEE700002DE9F0411D46037D04460E4670
:10BB380017462BB90C4801F0CBFA0120BDE8F0817B
:10BB4800036829461B6C826998470028F6D1236848
:10BB58003A46D3F83C80314620462B68C047002837
:10BB6800ECD12075EAE700BF854C020838B50446D9
:10BB780040680368DB6A98470546A0680368DB6885
:10BB88009847284438BD002310B5044683614068AF
:10BB98000422036890219B699847E061B0FA80F01D
:10BBA800400910BDF8B504460E4609B904F07DFAFF
:10BBB800037D2BB11B4801F08BFA00252846F8BD00
:10BBC8000123037580680422036808219B6898474D
:10BBD800A368154AC0E90023E0602046FFF7D3FFB9
:10BBE8000028EAD1A56830462B689F68FFF7F5FE64
:10BBF800016804222846C900B847054608B90B4819
:10BC0800D9E72368024631462046DB6A9847002870
:10BC1800D3D123682A46314620469B6A9847002894
:10BC2800CCD0CAE7D04C0208106B0208254D020898
:10BC38000421C06901F09EBA2DE9F84305468946FA
:10BC480090461F46FFF7F4FF0C2604460022A96918
:10BC58004E4300EB060C644508D10B2A0CD90C485E
:10BC68000C2101F035FA0120BDE8F88363680C3433
:10BC7800013308BF0132EEE74FF0FF3340F806907A
:10BC8800C4E901383960AB6900200133AB61EBE7E7
:10BC9800534D0208036870B55B6904460D46984722
:10BCA800C8B92046FFF7C4FF0C23A2695A4383187A
:10BCB800984209D16068E16903689032DD6904231C
:10BCC800AC46BDE87040604741680C30013108BFA0
:10BCD80040F8085CECE770BDC068704708B50368B9
:10BCE800994205D3B021054B054A064804F0E4F90A
:10BCF80000EBC100D0E9010108BD00BF284B0208D4
:10BD0800894D0208FD4B02082DE9F04F85B00F9CC4
:10BD180081468A4693461D460CB904F0C6F920228E
:10BD28000021204604F01EFB2846FFF739FE04F1E7
:10BD38001C0101F02AFB0746002855D12846FFF7C9
:10BD480037FE0E99A0772846FFF752FE002814BF49
:10BD58000123022320616377284603AA04F118010E
:10BD680001F056FA074600283ED104212846FFF77D
:10BD780023FB00283CD02A182858104401F0F8F971
:10BD880060610C212846FFF717FB68B32B582E1863
:10BD98001E443046FFF7F0FD054628B303681BB381
:10BDA8003046FFF7F3FDF8B10368EBB16B68304636
:10BDB800A360FFF7EBFD0021FFF790FFE06030463E
:10BDC800FFF7DAFDD0F80080BBF1000F12D0DAF8E7
:10BDD800003004220C2150469B6898470546F8B964
:10BDE8002F4801F075F90127384605B0BDE8F08FF6
:10BDF8002C48C5E7D9F8003004220C2148469B6836
:10BE0800984705460028EBD0D9F800304046D3F8CB
:10BE180008A0FFF795FA042201464846D0470AE0F1
:10BE2800DAF800304046D3F80890FFF789FA042280
:10BE380001465046C847686008B91B48D1E73046F4
:10BE4800FFF79AFD01F095F96B684FF0000A9946E3
:10BE58002860C3F80080C2450ADB10213046FFF78E
:10BE6800ABFA00B130580123A860C4E90035BBE73C
:10BE78003046FFF78BFD0268834630460192FFF794
:10BE88007BFD019A036858469A420CBF514600212F
:10BE9800FFF724FF0AF1010A49F8040FDBE700BFA6
:10BEA800354E0208206B0208634E020808B5036885
:10BEB800994205D3B021064B064A074804F0FCF81E
:10BEC800013100EB810250F82100104408BD00BF89
:10BED800284B0208914E0208FD4B02082DE9F34158
:10BEE80080460F461E46144600253846FFF76BFD70
:10BEF80003689D4201D300201DE02946FFF7D6FFC5
:10BF0800FFF756FDD0B11EB156F82530013315D1D3
:10BF1800204601A901F0AFF968B9D8F80800102245
:10BF2800036801999B689847206038B905480199CA
:10BF380001F0CEF8012002B0BDE8F08101350C34E3
:10BF4800D3E700BF5B4F020808B50368994205D3E1
:10BF5800B021064B064A074804F0AEF8013100EB61
:10BF6800810250F82100104408BD00BF284B020888
:10BF7800894F0208FD4B02082DE9F04107460E469D
:10BF8800154602BB04F091F82146FFF7DDFF01F0EA
:10BF9800B9F8BB6841011A681846D2F8088004222B
:10BFA800C04728B9094801F093F80120BDE8F0819D
:10BFB80045F8340001343046FFF70FFD03689C4212
:10BFC800E2D30020F2E70024F5E700BF575002084B
:10BFD8002DE9F3470746DDF82890084616461D4622
:10BFE8008846FFF7FAFC4946FFF7AEFF3B6838463C
:10BFF8005B6B9847044638B9114801F069F800248A
:10C00800204602B0BDE8F08700223B68CDE90092E7
:10C0180041460246D3F838A038462B46D04708B1E7
:10C028000848EAE7002EEBD00C235D4306EBC9066F
:10C0380073685A195B59236153686361E0E700BF6D
:10C048008D500208C35002082DE9F3470746DDF872
:10C058002880084616461D468946FFF7BEFC41461D
:10C06800FFF772FF78680422036820219B689847CD
:10C07800044648B942462946124801F029F80024E6
:10C08800204602B0BDE8F08701223B68CDE9008276
:10C0980049460246D3F838A038462B46D04718B14F
:10C0A800094801F015F8EAE7002EE9D00C235D43B2
:10C0B80006EBC80673685A195B59236153686361B4
:10C0C800DEE700BF0D510208485102082DE9F04F84
:10C0D8009946436891B0CDE9071305468846164648
:10C0E8000021182209A804F03DF90023A96907A82E
:10C0F8000F9300F009FA0446002879D1059005A9A4
:10C1080007A800F059F90446002871D1074606F13E
:10C11800040A4046FFF761FC0368059C9F423ED332
:10C128002146324607A800F077FA044600285FD176
:10C138002846FFF77DFD214602464B46009607A894
:10C1480000F0F9FA0446002852D1DDE9096A686866
:10C15800102103681B6B984707466868102203681C
:10C1680039469B6898478046002800F08A803A46FE
:10C17800A1463746286941460368DB699847D5F8E0
:10C1880010B0CA451BD1686800270368D5F810B0FD
:10C198005B6A9847394681464FF0FF3348E0394695
:10C1A800FFF7D2FE2B680146D3F830B02846234665
:10C1B8005AF83720D8470446D0B90137A9E73B7D5C
:10C1C8001BB909F101091837DBE71021386800F0BD
:10C1D800DBFFD7E902233C690146B4F1FF3FDBF8F6
:10C1E800000009D184685846A04704460028E8D0D2
:10C1F800204611B0BDE8F08F0094C4685846A047A7
:10C20800F3E7327D92B1DBF8002058469469069333
:10C2180006AA0391A04704460028E9D14FF0FF334E
:10C22800069A706803994A4402600131013718364A
:10C23800BA45E6D107A800F0B1F868684146036836
:10C24800DB689847686803685B6998470446002874
:10C25800CED16868E96903681B6A984704460028D4
:10C26800C6D1286903681B699847296A1022814248
:10C278003CBF01462862686803689B6A9847044681
:10C28800B6E70124B4E72DE9F047D0E901761C466A
:10C29800084615468946FFF7A0FB0899FFF754FEA4
:10C2A800FFF791FB2146FFF701FE0C2104464846A3
:10C2B8009DF82480FFF780F820B109EB000359F8B6
:10C2C80000001844CDE90805234642463946304661
:10C2D800BDE8F047FFF718BD2DE9F74F80460C463B
:10C2E8001746002A47D103F0E0FE3146FFF72CFE3F
:10C2F8000190FFF768FBD0F800B0D8F808000AFBF7
:10C308000BF50368042229469B689847814680BB41
:10C3180029461B4800F0DCFE012003B0BDE8F08F81
:10C328000198FFF750FB2946FFF7C0FD0C2100904C
:10C338002046FFF741F858B12158221811440AFB4A
:10C3480005920098FFF77EFB20B129460D48E1E7EA
:10C358000146F4E701355D45E2D13A1D42F83690D1
:10C3680001362046FFF739FB03689E42BDD3002003
:10C37800D3E70025EFE700264FF00C0AF1E700BFEE
:10C388008C510208D351020808B58B68934201DD2D
:10C3980003F08BFE013308BF8A6008BD10B5044660
:10C3A8004068A1680368DB6898476068216903688A
:10C3B800DB689847002010BD2DE9F843056807465B
:10C3C800884628461021FEF7F7FFE8B90020BDE8A7
:10C3D800F883013304EB830254F823400421144406
:10C3E8002046FEF7E9FF002853D0225823181344AB
:10C3F800D968BA6910338A42C8F8003005D027488E
:10C4080000F066FE0120E2E7002610212846FEF72C
:10C41800D3FF00283FD02B582A18D118D3589E4252
:10C42800D4D2013651F8263001EB8609994404210B
:10C438004846FEF7C1FF0028E7D059F8003009EB5D
:10C448000002D458D018172C2246154928BF1722A5
:10C45800043003F08FFF0028D7D1172CD5D10C2139
:10C468002846FEF7A9FF044610B12C582B181C4487
:10C4780006214846FEF7A0FF034608B159F80030E8
:10C4880022689A42A5D8B021064B074A074803F00C
:10C4980013FEC368FFDE0368FCE700BFF251020821
:10C4A800246B0208284B0208334B0208FD4B020894
:10C4B80008B50368994205D3B021044B044A0548DE
:10C4C80003F0FAFD013150F8210008BD284B02089D
:10C4D8003D520208FD4B020808B50368994205D38E
:10C4E800B021064B064A074803F0E6FD013100EB90
:10C4F800810250F82100104408BD00BF284B0208F3
:10C50800DF520208FD4B02082DE9F8430546006892
:10C518008846FFF762FA04686868A4000368042282
:10C5280021469B68984707462861C8B100263446CB
:10C53800D5F800904846FFF750FA03689E4216D394
:10C548001823C5E9054444446868EC605C43036803
:10C55800042221469B68C5F81C809847A860A0B9AA
:10C568000B48214600F0B4FD0120BDE8F88347F8E8
:10C5780026404846FFF731FA3146FFF7E5FCFFF75A
:10C5880022FA036801361C44D4E70020EDE700BF17
:10C59800AD5302082DE9F34708460C46174600F04C
:10C5A800B1FD002506464FF0FF38B54201D1002005
:10C5B80027E00A212046FEF7FFFE10B12318205875
:10C5C80018442946FFF788FF4FF0000A81461421D6
:10C5D8004846FFF773F9D0B103689A4517D2514618
:10C5E800FFF766FF0C2301A903FB0070CDF8048058
:10C5F80000F041FE28B9019931B1064800F068FD04
:10C60800012002B0BDE8F0870AF1010ADFE7013531
:10C61800CBE700BFEE5302082DE9F04F0026044691
:10C62800B2464FF0FF3B836885B00093131D01911C
:10C6380002932068FFF7D1F903689E4211D31822AC
:10C6480063690099E06902FB0313012400224FF09B
:10C65800FF31904203F1180365D1002005B0BDE811
:10C66800F08F3146FFF770FC029B074653F836807F
:10C67800236901464246204653F82650FFF78AFFB1
:10C688000028EBD11823009A03FB0529454680466C
:10C698003846FFF798F90268904501D30136C8E794
:10C6A80049462846C9F8045000F0E5FD0028D5D1D0
:10C6B8002A68C9E902BB52BB38460392FFF783F9DF
:10C6C8004146FFF7F3FBFFF773F9039A20B9D9F84E
:10C6D8000020003A18BF0122019B89F81420FBB101
:10C6E80053F82A203846C9F810200392FFF76BF94F
:10C6F8004146FFF7DBFBFFF75BF9039A48B90AF1FC
:10C70800010A08F1010809F118090C35C0E70246C9
:10C71800E2E70132F3D04FF0010389F81430EEE775
:10C72800C9F810B0EDE743E9041103F8044C43F8E5
:10C73800081C01328DE72DE9F04F894604468BB07D
:10C748000068CDE90523FFF748F94946FFF7FCFBE8
:10C758004FF01808A3680746049323694FF0000AAE
:10C7680053F82960049B08FB063600F0CBFC0790C1
:10C7780006213846FFF7A2F80546002800F0CC80CD
:10C7880003689A4580F0C7805146FFF791FE08FB81
:10C798000065D4F820B029465A462046FFF7F4FD34
:10C7A800EB689B4501DA03F080FCC5F80CB00AF190
:10C7B800010ADDE7236A0A2101333846236203931D
:10C7C800FEF7FAFD10B13B18385818442946FFF710
:10C7D80083FE4FF0000A804608214046FFF76EF8B6
:10C7E80000BB149B414600932046DDE9052300F079
:10C7F8009BF84FF0000A06214046FFF75FF800B3A8
:10C8080003689A451DD25146FFF752FE002806DB01
:10C818000BFB0060236AC1688B42C4DBC3600AF16A
:10C82800010AE8E702689245DBD25146FFF740FE6D
:10C83800039A0BFB00612046FFF7A6FD0AF1010AE7
:10C84800CAE74FF0000A0EE00268924511D251463D
:10C85800FFF72EFE0BFB0060226AC1688A42A2DB4A
:10C86800C2600AF1010A08214046FFF727F80028AC
:10C87800EAD1049B6169DDF814800BFB01310023C8
:10C88800E2699A4225D80135079B9D4292D14FF023
:10C8980000084FF0180908213846FFF70FF800285C
:10C8A8003DD0036898453AD24146FFF701FE09FB9F
:10C8B8000065D4F820A0294652462046FFF764FDBB
:10C8C800EB689A45FFF66FAFC5F80CA008F10108B0
:10C8D800E1E7D8F80420AA4218D1D8F808209145F1
:10C8E80014D10698D8F8002000EB8300C1E9002095
:10C8F8002046039A08910993FFF746FD0899226A92
:10C90800C8688242FFF64FAF099BCA6001331831ED
:10C9180008F10C08B4E700254FF0180BB4E7002025
:10C928000BB0BDE8F08F00002DE9F3470568074616
:10C938000E462846062190469946FEF73DFDDDF84D
:10C9480028A0044610B12C582B181C44042130464A
:10C95800FEF732FD054600B135582368AB4205D8CD
:10C96800B021314B314A324803F0A6FB013554F867
:10C97800253004EB850000220A211844FEF774FDD7
:10C9880077284AD0812834D076282ED13046FEF731
:10C998007DFD5C2846D13046FEF716FD054600228F
:10C9A80004212846FEF760FD002204460621284699
:10C9B800FEF75AFD621C05460AD03B6A424601331F
:10C9C8003B6221464B463846CDF800A0FFF7B3FE40
:10C9D8006B1C0AD03B6A424601333B6229464B46F0
:10C9E8003846CDF800A0FFF7A6FE002002B0BDE84B
:10C9F800F0873046FEF74AFD67280CD13046FEF72F
:10CA0800E3FC04210022FEF72FFD411C0446ECD074
:10CA18004FF0FF35D1E70020F3E73046FEF736FD4B
:10CA28005D28B7E70025BAE7284B02082A54020810
:10CA3800FD4B02080968002A10B451F8044B0ADBC0
:10CA4800944208DD51F82210002904DB03685DF8E0
:10CA5800044B5B69184700205DF8044B7047496830
:10CA6800002A10B451F8044B0ADB944208DD51F84F
:10CA78002210002904DB03685DF8044B5B69184742
:10CA880000205DF8044B70470EB403B503A951F8B4
:10CA9800040B019100F012FB02B05DF804EB03B047
:10CAA8007047C06803689B681847C0680368DB68FC
:10CAB8001847C06803681B691847C06803685B6942
:10CAC8001847C06803685B6A1847C0680368DB6A70
:10CAD80018470000D1289ABF024B53F8200002489B
:10CAE800704700BF3C6B0208CD60020870B5044671
:10CAF80000F1A4060D463046002101F025FF0A4B3F
:10CB08006661E361094BE563A365094BE365094B7E
:10CB1800A364094B2363094B2364094BE364002393
:10CB280084F8953070BD00BF91CA0008C3CA0008D8
:10CB3800CBCA0008B3CA0008D3CA0008ABCA0008A9
:10CB4800BBCA0008F7B51E4600F108070446C0E94D
:10CB580000120D4664220021384603F003FC9DF8BC
:10CB68002C2008993046FEF7B1FF099A04F17006A7
:10CB7800E06603463946009230462A4601F072FDC7
:10CB88004FF480732046A4F89430002350F8A42B67
:10CB9800C4E92633E16EC4F8A030334601F0C4FE80
:10CBA80020460A99FFF7A2FF204603B0F0BD08B55A
:10CBB800FEF713FF0021FFF7C7F90621FEF77EFEF7
:10CBC800006808BD38B5054600680C46FFF7EFFF5A
:10CBD800A042024605D80548214600F079FA00200F
:10CBE80038BDD5F89C3053F82400F9E70055020801
:10CBF80008B5FEF7F2FE0021FFF7A6F90821FEF7B7
:10CC08005DFE006808BD000038B5054600680C46A2
:10CC1800FFF7EEFFA042024605D80548214600F07E
:10CC280057FA002038BDD5F8A03053F82400F9E7AA
:10CC38002B55020838B5D0F88030044600F170054D
:10CC480013B1284601F026FC04F1A40001F0F7FD19
:10CC5800284601F0BFFB204638BD00002DE9F04F03
:10CC680006464FF0000A8BB006F1700001F08EFC0A
:10CC7800504501DC00236FE035682846FEF7ADFE1D
:10CC88005146FFF761F9062100902846FEF794FB0C
:10CC9800044610B12C582B181C44F06EFFF71CF8F2
:10CCA8000390009800F02EFA00274FEACA03049078
:10CCB8000193049B9F4202D10AF1010AD4E70A2199
:10CCC8000098FEF779FB002800F0BF80009B1A58F7
:10CCD80019188B188A58974205D3B0215C4B5D4AC6
:10CCE8005D4803F0E9F9013703EB870553F827306E
:10CCF80004211D442846FEF75FFB50B155F800801B
:10CD08002368434507D84146544800F0E1F9012318
:10CD180022E08046F4E708F1010304EB830B54F8A2
:10CD28002330019A9B44D6F880304FEA47199A5825
:10CD3800A9F120094A44584671681C3201F006FEE0
:10CD480070B10090584600F006FBFFF7C3FE01469D
:10CD5800434800F0BDF9009B18460BB0BDE8F08FC2
:10CD6800D6F88020019952584A44D26912B94146EE
:10CD78003C48CAE7D2F8148009900E212846FEF7ED
:10CD88001BFBB8F1200F44D100283AD14FF0000B1B
:10CD9800CDF808B006212846FEF790FD00F0E8F926
:10CDA800082105902846FEF789FD00F0E1F9019A6F
:10CDB800D6F8803000219B58069003EB09081C2206
:10CDC8004046079303F0CEFA079B059A142143F8CF
:10CDD8000920069B2846C8F80430099BC8F810307B
:10CDE800029BC8E9053BFEF769FD00283FF461AFE7
:10CDF8000368002B3FF45DAF00F0BAF9C8F80800EB
:10CE080057E72B582A18D118043152F803B0029169
:10CE1800C0E728B14046FFF75DFE0146124874E7B7
:10CE28007068414603689B68984728B94046FFF7F1
:10CE380051FE01460D4868E709AB2946039A00F000
:10CE4800B0FA03460028A1D086E70368FFDE00BFDA
:10CE5800284B0208DF520208FD4B0208575502080A
:10CE680081550208AE550208CF550208155602082A
:10CE780010B500F17004204601F0E0FA20B9204610
:10CE8800BDE8104001F008BC10BD00002DE9F04FCE
:10CE98000168054685B0C06EFEF784FE014650B9AC
:10CEA8006C4800F015F9012385F8953001242046D7
:10CEB80005B0BDE8F08F05F17007384601F0EAFBD0
:10CEC8002846FFF7CBFE04460028F0D105F1A4065A
:10CED8000146304601F038FD384601F07CFA044638
:10CEE8000028E4D10121304601F02EFD384601F03A
:10CEF8000DFB04460028DAD10221304601F024FD5A
:10CF0800D5F880202968E86E05F19803FEF70AFE37
:10CF180004460028CBD1D5F89810304601F012FD10
:10CF2800EF6E28683B68D3F81C80FFF740FE81004D
:10CF38003846C047C5F89C00002847D12868FFF745
:10CF480036FE8100444800F0C3F8AFE7D5F88020EA
:10CF58003846D3F800B00392FEF73FFD0021FEF7F4
:10CF6800F3FF0621FEF7AAFC2146FFF7A1FAD5F840
:10CF78009CA0034639464046039ACDF80090D8470E
:10CF8800D5F89C304AF8240053F8243013B92146C8
:10CF98003248D8E701342F683846FFF708FED5F83D
:10CFA8006C80A042D8F80030D0D83846DC69FFF74A
:10CFB8001FFE81004046A047C5F8A000002845D1C3
:10CFC8002868FFF715FE81002548BCE7A146E2E77F
:10CFD800D5F86C80D5F88020D8F800303846D3F8DA
:10CFE80000B00392FEF7F9FC0021FEF7ADFF08211F
:10CFF800FEF764FC2146FFF75BFAD5F8A0A00346CC
:10D0080039464046039ACDF80090D847D5F8A03065
:10D018004AF8240053F8243013B92146114892E7FE
:10D0280001342F683846FFF7E3FDA042D0D82846E0
:10D03800FFF71EFF044600287FF439AF01230321C0
:10D04800304685F8943001F07FFC30E70024A14693
:10D05800E7E700BF32560208555602089E560208F6
:10D06800C35602080D57020890F8953010B50446CB
:10D0780023B10A4800F02CF8012010BD90F8943034
:10D0880033B104F170000021BDE8104001F08EBA00
:10D09800FFF7FCFE0028F4D0EFE700BF3357020883
:10D0A8000FB407B5044805A90191F5F7C1F803B015
:10D0B8005DF804EB04B07047CB60020808B5F5F7DB
:10D0C800B7F8BDE808400148FFF7EABFCB6002089F
:10D0D8000FB407B504A951F8040B0191FFF7EEFF4F
:10D0E80003B05DF804EB04B0704703460168002202
:10D0F800012010B5914200DC10BD53F8044F0132F5
:10D108006043F7E70368C31A1A880A2A05D95B89B6
:10D11800C21813B1C358D058704700207047000098
:10D12800036810B5C31A1A88082A17D91B89C418A6
:10D13800A3B1C258A318A258914205D3B021094BF4
:10D14800094A0A4802F0B8FF013103EB810053F89D
:10D158002130BDE810401844FFF7D4BF00231B68F6
:10D16800FFDE00BF284B0208894F0208FD4B02086A
:10D17800704770474B1E1844B0FBF1F048437047A6
:10D18800B0FBF1F048437047431E0B44B3FBF1F387
:10D1980001FB03F070470000132804D8092804D8BD
:10D1A800022826D868BB012070470A380928FAD80F
:10D1B80001A353F820F000BFF3D100080FD20008F4
:10D1C80013D200080FD200080BD20008AFD1000814
:10D1D8000BD20008F3D1000807D20008F3D10008E9
:10D1E80012F4887F0FD10728DDD1022300200B60BD
:10D1F8007047012303FA00F212F4127FF0D00123E2
:10D20800F4E70423F2E70823F0E71023EEE700BF72
:10D21800F7B5144602680346821A17880D46042F8C
:10D2280026D99188461809B3405831183058012634
:10D2380001EB8000884214D1062F1AD9D08800B19A
:10D2480018560DF1070100F0A0F840B921469DF8E5
:10D258000700FFF7A1FF10B9236873432B6003B0E1
:10D26800F0BD51F804CF0CFB06F6E3E70126E3E72F
:10D2780001260020E5E773B50C4609B902F015FF51
:10D2880043689BB1002201251968914209DC007AA4
:10D2980001A9FFF781FF10B9019B6B43236002B01E
:10D2A80070BD53F8046F01327543EEE70125EEE7D0
:10D2B80010B5C360039B0160036100230299C0E9B4
:10D2C8000533C0E9011210BD70B508B902F0EDFED2
:10D2D8000029FBD00B68002A194651F8045B0CDBC7
:10D2E80095420ADD51F82210002906DBBDE870409E
:10D2F80003EB82035968426D1047002070BDFFF7A9
:10D30800E3BF10B508B902F0D0FE0029FBD0BDE894
:10D3180010404968436D01EB82025168184710B507
:10D32800044609B1496819B900232360204610BD95
:10D3380051F8042B062A026001DD02F0B6FE9200C5
:10D34800043003F0F4F8F1E7012803D0831E5842B3
:10D35800584140007047024608B508B902F0A5FEDA
:10D368000168411A0B880A2B09D94B8903B1C358A4
:10D37800888800B110569842B8BF184608BD042BDB
:10D388004FF00003F4D81846F5E738B504460D46C3
:10D3980001F042FB294602462046BDE83840FEF728
:10D3A8001DB82DE9F0410D46044616461F4601F00A
:10D3B80033FB3B46014632462846A446BDE8F041C9
:10D3C8006047000073B580EE800A04460E46154695
:10D3D80002F0E8FBDFED107AB4EEE70AF1EE10FA9E
:10D3E8000FDBDFED0E7AB4EEE70AF1EE10FA08D89B
:10D3F800BDEEC00A10EE103A002033442B6002B094
:10D4080070BD074B2046009365694FF4AF73054A1A
:10D418000549A8470120F2E7000000CF0000004FAF
:10D4280029610208CE6002088F390208D1ED027A1C
:10D4380092ED027A67EE877AF5EEC07AF1EE10FA8D
:10D4480073B51E460ADA0F4B0F4A009344694FF42E
:10D45800A8730E49A047012002B070BD17EE900ACC
:10D46800F3F734F80446B0680D46F3F72FF80B4687
:10D47800024629462046F3F7ABF9069BC3E90001AB
:10D488000020E9E74F610208CE6002088F390208E0
:10D498002DE9F74F0446DDE90C7B886816469A4665
:10D4A8000D46F3F713F88046B0688946F3F70EF88F
:10D4B80002460B4640464946F3F760F880468946DF
:10D4C800BAF1000F1BD0DAF80800F2F7FFFF0246A6
:10D4D8000B4640464946F2F799FE8046B86821F067
:10D4E8000049F2F7F3FF02460B4640464946F3F778
:10D4F8006FF912A3D3E90023F3F7BCFA50B13B4606
:10D50800324629462046CDF830B003B0BDE8F04F8A
:10D51800FFF78CBF064B20460093656940F2431322
:10D52800044A0549A847012003B0BDE8F08F00BFB1
:10D5380068610208CE6002088F3902087B14AE4782
:10D54800E17A943F2DE9F0432DED028B1E46137FBF
:10D5580085B0072B0446DDF8389011D0092B2BD065
:10D56800032B2DD0374B384A009344694FF4CB73C3
:10D578003649A047012005B0BDEC028BBDE8F08319
:10D5880047F6FF75324F012992ED028AD2F80C80D6
:10D5980019D1DFED300A4146B0EE480A204603AA09
:10D5A800FFF710FF0028E5D1039BBB42ACBF3360F7
:10D5B8003760C9F800502AE07F256FF07F07E2E75F
:10D5C800FF250027DFE7032923D1DFED220A4146A3
:10D5D800B0EE480A204603AAFFF7F4FE0028C9D196
:10D5E800F1EE080A039B03AABB42ACBF3360376065
:10D5F8004146B0EE480A2046FFF7E4FE0028B9D1BC
:10D60800039BAB42D4BFC9F80030C9F800500020D2
:10D61800B1E7022913D1FFEE000A4146B0EE480AED
:10D62800204603AAFFF7CEFE0028A3D1039BF7EEFE
:10D63800000ABB42ACBF3360376003AAD8E7376043
:10D64800B7E700BF8A610208CE6002088F39020876
:10D658000080FFFF000000002DE9F04F97B008930D
:10D66800209B04460493219B8B460993229B924658
:10D678000A93239B0B93249B0C93259B0D93269B2A
:10D688000E93279B0F93289B05930B68012B0FD0B4
:10D698000122CDE90232704B0193704B0093DE23D7
:10D6A80044696F4A6F49A047012017B0BDE8F08F61
:10D6B8001268012A08D0CDE90223674B01936A4B0F
:10D6C80000934469E023ECE7DAF804203AB9674BA1
:10D6D8000093EB234469624A6549A047E4E7176869
:10D6E80027B9644B00934469EC23F4E73D68012DA6
:10D6F80039DD0B7F092B06D0072B04D05E4B009336
:10D708004469F023E7E79AF81C30092B0AD0122B5A
:10D7180008D05A4B204600936569F223504A544971
:10D72800A847C1E7059B9D420CD0CDE90253544B55
:10D738000193544B0093F42365692046484A4949AC
:10D74800A847B1E7DAF81430926803EB82035B6804
:10D75800AB4208D0CDE902534B4B0193484B0093A1
:10D768006569F523E9E7DBED027A049BCDED067ADE
:10D77800D3ED027A0026CDED077A07F10408059B60
:10D788009E4235DB9BF81C30032B1AD10022002364
:10D79800CDE9142314AB0193049B524600935946D8
:10D7A8002046089BFFF774FE00287FF47DAF9DEDAF
:10D7B800140B0A9813A900F029F9139B0B9A5B42E2
:10D7C80013609BF81C30092B43D84FF42270D840C3
:10D7D80010F001003FF469AF20460D9B0999209392
:10D7E800049A0C9B097817B0BDE8F04FFFF7AABE62
:10D7F800012D0698CCBFD8F80090D7F80490F2F71E
:10D8080065FECDE910014846F2F760FE02460B4678
:10D81800DDE91001F2F7B2FECDE910010798F2F741
:10D8280055FE02460B46DDE91001F2F7D1FF41EC47
:10D83800100B14A913A800F0E9F8139B0E9A08F12D
:10D84800040842F82630149B0F9A42F82630013615
:10D8580095E7002029E700BFD83A0208906102083E
:10D86800CE600208CA390208F23A0208A961020821
:10D878008F390208ED3E0208D9420208BD6102084C
:10D88800F8610208EF3C0208843F020808B54969BC
:10D898004069FDF758FD003818BF012008BD000099
:10D8A80022EAE273984070B580FB0134002C1A4DCF
:10D8B800A8BF4FF08045884208BFB1F1004FC2F1C0
:10D8C800000626EAE67615D0EB1844EBE571002948
:10D8D80004DA6FF000401B1841F10001DB0F43EA46
:10D8E80041031F3209DA40F267110C4B0C4A0D480C
:10D8F80002F0E2FB6FF00043F3E70122B240013A85
:10D90800D90F02EA030443FA06F001EB62029442DB
:10D91800C8BF013070BD00BF010000C02C42020822
:10D9280052410208AC410208002A70B505DA5821B4
:10D93800224B234A234802F0BFFB03F11F04262C85
:10D9480003D95921204B1E4AF4E701F50044B4F5E8
:10D95800803F03D35A211D4B194AEBE71C4CC3F1F6
:10D968000E05A242CEBF47F6FF7202F5004212141E
:10D978005143D41700FB0411A2FB002001440120ED
:10D98800A5F12004C5F1200620FA06F600FA04F4F1
:10D99800A8403443801841EB0401C3F10F0411334C
:10D9A800B4F1200220FA04F001FA03F340EA03007C
:10D9B8005CBF41FA02F2104370BD00BF0562020865
:10D9C8001F62020864620208C3620208DD6202087C
:10D9D800FFFFFE7F0023F0B501EBD1746410561CE5
:10D9E8009C4208DCCB0741BF035D521843F3030395
:10D9F80002F8013CF0BDC55645F303072D1102F8A6
:10DA0800137006F813500133EAE70000F8B5002256
:10DA18002DED028B06460C46002351EC100BB0EEA0
:10DA2800408AF0EE608AF3F711F8054628B1002322
:10DA380033602360BDEC028BF8BD2046B0EE480A87
:10DA4800F0EE680A01F07CFE0022134B51EC100B3B
:10DA5800F2F794FD41EC100B02F056F851EC100B64
:10DA680003F072FB4FF00042824275EB0107034658
:10DA780001DA02F01AFBA94208BF904202BF2368EC
:10DA880001332360226808BF4FF080431F32BCBFB8
:10DA9800002323603360CDE70000E04138B5002261
:10DAA8002DED028B05460C460C4B51EC100BB0EEDD
:10DAB800408AF0EE608AF2F7F1FF08B902F0F5FA51
:10DAC80021462846B0EE480AF0EE680AFFF79EFFA6
:10DAD8002368002BF2DBBDEC028B38BD0000F03F61
:10DAE800F7B555EC104B07460E460022204629464E
:10DAF8000C4BF2F7B5FF08B902F0D7FA0022002361
:10DB080020462946F2F7CAFF0028F5D0384645ECEA
:10DB1800104B01A9FFF77AFF019B002BECDC336067
:10DB280003B0F0BD0000F03F2DE9F84F4FF000437F
:10DB380023FA00F057EC106B59EC118B93468A4688
:10DB4800F2F7B2FC424604460D464B46304639468B
:10DB5800F2F714FD02460B4620462946F2F70EFD61
:10DB680009A3D3E9002304460D46F2F797FF38B11D
:10DB78009FED050B59465046BDE8F84FFFF78EBF9D
:10DB880045EC104BF6E700BF0000C0FFFFFFDF4188
:10DB98002DE9F8430124814604FA00F0013888464B
:10DBA8001546F2F781FC0646A5EB09000F46C0F1C1
:10DBB8002003A0F1200124FA03F304FA01F104FA86
:10DBC80000F01943F2F7ACFC02460B4630463946E2
:10DBD800F2F7D4FCC8F120030F46A8F1200124FA7B
:10DBE80003F304FA01F10646194304FA08F0F2F7C0
:10DBF80097FC02460B4630463946F2F7E9FD41EC00
:10DC0800100B01F0FDFE51EC100BF2F751FFBDE8CF
:10DC1800F883000010B52DED028B044601F0FEFDDF
:10DC2800DFED0D7A20EE278AB0EE480A01F0BAFF40
:10DC3800FDEEC07A38EE408AC4ED007AB0EEC88AAC
:10DC4800DFED067AB4EEE78ABDEC028BF1EE10FA4E
:10DC58004CBF0120002010BD3BAAB83F6F12833A89
:10DC680001207047002070477047012070477047B7
:10DC780000F580508068704700F580504068704714
:10DC880000F58052536810B5B3F5806F06DB08487D
:10DC98004FF48061FFF71CFA012010BD946800EB77
:10DCA8008300214401334460002091605360F4E70D
:10DCB8002A630208002910B500F5805302DB5C686E
:10DCC8008C4205DC05485A68FFF702FA012010BDAE
:10DCD80000EB8100436800201360F8E747630208FF
:10DCE800034A00F5805302600022C3E9012270470D
:10DCF800906E0208002070473E23092802DC30306D
:10DD0800C0B27047232801DC5730F9E73D2801DC11
:10DD18001D30F5E7B0FBF3F203FB1200EDE7034615
:10DD280010B5012483F828402824B2FBF4F20C240F
:10DD38000020D96001EB0211196101EB82015961E0
:10DD480001EB8201996104FB021198605A605962E3
:10DD580010BD704770B5D0E902650468A468A04793
:10DD680020B9049B05EB06156B6070BD0120FCE72C
:10DD780080687047F8B50E46D0E901148C4204DB80
:10DD88000A48FFF7A5F90120F8BDC168270101EB92
:10DD98000415CE51C5E902234FF0FF336B60012310
:10DDA8000134846080F828300020EDE72A630208F7
:10DDB800F0B503460C4601250026954202DB002EED
:10DDC800F7D1F0BDD3E9007C6745B8BFC3E900C708
:10DDD80005F10105B8BFD4E9006703F10403BCBF2E
:10DDE800C4E9007601260434E7E70000014B03602C
:10DDF800704700BFC06E020810B54C68C16801EBDF
:10DE080004118868984205DCC8689042B4BF0020B5
:10DE1800012010BD0020FCE770B5054689B9016AEC
:10DE28000C200C26AC6900FB014421462846FFF76C
:10DE3800E3FF50B9A1684C1C09D0AC6906FB01444A
:10DE4800F3E789684E1CEBD10024204670BD0446D8
:10DE5800FBE72DE9F04F90F82830044685B093B3DE
:10DE6800D0F808C0BCF1000F2DD0D0E904E700239A
:10DE78001A4680F82830A5680EEB82009D4207EB11
:10DE8800820123DCAA1AFFF793FF01230022C4E9C9
:10DE980007324FF0FF33A6694FF0010AB146B3606D
:10DEA8003B68D4F80C80D4F824B008EB0311496817
:10DEB8007360013108BF4BF823205BF823303360CF
:10DEC800A368534520DC05B0BDE8F08FE66818016B
:10DED80006EB031569683058B1F1FF3FD4F8248088
:10DEE8001EBF4EF8220047F8223069684FEA8306C1
:10DEF80005BF0CF1FF3C4EF82C00013247F82C30DE
:10DF080048F806100133B6E757F82A3000931A018B
:10DF180008EB03135D68691C1FD10020054658F8FB
:10DF280002200192D3E90223029301460390029B47
:10DF38002046FFF771FF039949B14B6809684FEA1A
:10DF4800031C58F80CC08C446545B8BF654620B121
:10DF58000168019B491B8B42E7DC009B4BF823506F
:10DF68000C23E1694B43F550F218009B53604B1C9E
:10DF7800E361D9F80030AB4206DD236A9360216281
:10DF880091460AF1010A9BE74846D0F808C0BCF15F
:10DF9800FF3F06D18160C2F808C04A46F0E77046E4
:10DFA800F3E70C2303FB0CF306EB030EF358AB4229
:10DFB800F5DDC2F808C08160EFE770B50446FFF7E9
:10DFC80048FFA06830B10C250020A169236A05FB31
:10DFD800031303B970BD5A68E6681201B2581E6887
:10DFE8009B683244904238BF10465A1CF2D005FB59
:10DFF8000313EEE72DE9F04F9DB004460025FFF727
:10E0080028FFA168A9420ADC0023502799469942B3
:10E0180022DC0026B14531DA1DB0BDE8F08FE66894
:10E028004FEA051906EB0513D3E90278474511D0E5
:10E038002846FFF761FE0146CDE90178636A2A4662
:10E0480053F825303748009356F80930FFF740F861
:10E058000135D6E72A21EFE7E068626A1E0100EB86
:10E06800031552F823208059013302449742B8BF60
:10E078001746EA689145B8BF9146C8E70025AA4601
:10E088000DF11C0850222E21404602F06BF9A368BE
:10E098000493049BAB4210DC00238DF86C300AF229
:10E0A800FF33002BB8BF0AF2FE73314642461E48C2
:10E0B8009B12FFF70DF80136ACE7E268280102EB86
:10E0C800051BDBF80830B34219DCDBF80C30B3422F
:10E0D80015DB636A53F825104B1C10D013585022D7
:10E0E8009A440B445343514393FBF7F391FBF7F1E5
:10E0F80005934144059AA1EB08039A4201DC0135D6
:10E10800C7E70B782E2B09D1DBE902239A4207D007
:10E118002846FFF7F1FD01F8010BEBE72120FAE7AC
:10E128002A20F8E770630208AB63020870B50C4652
:10E1380005461646FFF78DFE002C02DBAB68A342AE
:10E1480006DC06482146AA68FEF7C2FF012070BD1A
:10E158006B6A002053F824303360F8E747630208FD
:10E168007047036810B4DC690022A44601235DF8F7
:10E17800044B6047C3695940036AC161013B0362AC
:10E18800704780687047026983688069824234BF3B
:10E19800C01AD01A7047C2684069101A7047A0F1B7
:10E1A8000400FFF7F8BF2DE9F04104460F468068E8
:10E1B80011461646FEF7DEFF236805460146D3F8EA
:10E1C8001C803A4633462046C04700280CBF2846E4
:10E1D8000020BDE8F0812DE9F04104460E46806834
:10E1E80011461546FEF7C6FF23680146DF69324629
:10E1F8002B462046BC46BDE8F0416047F8B50446CA
:10E208000F468068194615461E46FEF7B3FF226979
:10E21800A3699A4201D1B84204D00C48FEF758FFCE
:10E228000120F8BD3146A068FEF7A4FF6269121A02
:10E23800AA4205D229460648AB1AFEF749FFEFE77E
:10E2480028442061A0610020EBE700BFB963020801
:10E258002764020838B504460D4680691146FEF762
:10E2680089FF6269121AAA4206D208482946AB1ADF
:10E27800FEF72EFF002038BDE36905444340E36103
:10E28800236AA56101332362F5E700BF69640208C8
:10E2980008B5D0E9072151EA020307D0B2FA82F2A1
:10E2A80003485209FEF714FF002008BD0120FCE7CF
:10E2B800B2640208036810B51B690446984720B980
:10E2C8000448FEF705FF012010BD23690020A36163
:10E2D800FAE700BFF464020838B50D460446406901
:10E2E8001146401BFEF74CFF2369834207D91B1ACE
:10E2F80029460448EA1AFEF7EBFE002038BD6061A3
:10E30800FCE700BF39650208A0F10400FFF7E4BF8D
:10E3180070B5044680690E46FEF72CFF3146054667
:10E328006069FEF72DFF401B70BD04387047043844
:10E338007047000010B5C0E90321C0E9052100229B
:10E34800034CC0E9072204604434C0E9014110BD10
:10E35800F06E020808B503460A44FFF7EBFF1846BB
:10E3680008BD000000B50A468BB0014608B901F0A7
:10E378009CFE01A8FFF7EEFF042224210DEB02000A
:10E38800FFF7AAFF0A4A026044324260039A826099
:10E39800049AC260059A0261069A4261079A8261EC
:10E3A800089AC261099A02620BB05DF804FB00BFCB
:10E3B800F06E02080EB403B503AA52F8041B0368F2
:10E3C80001929B68984702B05DF804EB03B0704770
:10E3D800C069704770472DE9F047D0E905980446B1
:10E3E8000026236A1B689E4204D30020C4E90598CE
:10E3F800BDE8F0873146A0686661FEF791FE00250A
:10E4080007464FEAC60AAF42A56101D80136E8E7D8
:10E41800236953F80A3003EB4515EB69D5E9041075
:10E428005A691B68202A0ABF01460022AA6913B14B
:10E4380060689847E860A5690135E4E72DE9F84385
:10E44800D0E9057604460025236A1B689D4204D35B
:10E458000020C4E90576BDE8F8832946A06865610F
:10E46800FEF75EFE002380464FEAC5099845A36182
:10E4780001D80135E8E7226952F8092002EB431375
:10E48800DA6922B1126912B1D96860689047A36944
:10E498000133EBE72DE9F843D0E90576044600257A
:10E4A800236A1B689D4204D30020C4E90576BDE8B1
:10E4B800F8832946A0686561FEF732FE002380468E
:10E4C8004FEAC5099845A36101D80135E8E72269F3
:10E4D80052F8092002EB4313DA6922B1526812B1EB
:10E4E800D96860689047A3690133EBE74369202B3B
:10E4F80001D180697047D12B9ABF024A52F8230094
:10E50800014870473C6B0208CD6002082DE9F84FBE
:10E51800D0E9058704460025236A1B689D4203D37A
:10E528000020C4E9058725E02946A0686561FEF753
:10E53800F7FD002306464FEAC5099E42A36101D8AC
:10E548000135E9E7226952F8091001EB4311D1F8C6
:10E558001CB0DBF808307BB160689847824658B138
:10E568005846FFF7C3FF53460146A2690648FEF71F
:10E57800AFFD0120BDE8F88FA169E068FDF78AFBCF
:10E58800A3690133D9E700BF8265020808B580682E
:10E59800FDF723FA006808BD10B50446406818B1B5
:10E5A80003682168DB689847204610BD036A2DE997
:10E5B800F74FD0E905981A68044691420E46416122
:10E5C80007D32648FEF784FD0125284603B0BDE899
:10E5D800F08F8068FEF7A4FD002307469A46F600F0
:10E5E8009F42A36103D80025C4E90598EDE7226995
:10E5F800955905EB4315D5F81CB05846FFF776FF3B
:10E6080063680146586BCDE900A018B103689B68A0
:10E6180098470090DBF80C300BB901F046FD29460D
:10E62800606898470546E06803685B69984775B174
:10E638000F2D08D05846FFF759FF2B460146A2690F
:10E648000748FEF745FD6846FFF7A6FFBDE76846A1
:10E65800FFF7A2FFA3690133C2E700BFB86502084C
:10E66800EA65020810B504461046C4E9020300230F
:10E67800074AC4E90433C4E90021029AA361C4E942
:10E68800072310B1FDF7A9F92062204610BD00BF8D
:10E698004C6F0208016170472DE9F04F05460027CD
:10E6A8004FF00C0B85B0286A03689F4207D3E869CE
:10E6B800002869D10023184605B0BDE8F08F394617
:10E6C800FDF742FC002680464FEAC70A042140466F
:10E6D800FCF772FE00285AD058F8003008EB000208
:10E6E800D118D3589E4201D30137DCE7013651F8DF
:10E6F800263001EB86041C440E212046FCF75CFE04
:10E708000028E3D0235C002BE0D02B690BFB06F933
:10E7180053445868A9F10C0903A94844FEF7ABFD16
:10E7280003460028C7D1062101902046FCF744FE85
:10E738000146F0B12256019B092A23D10C2120461B
:10E74800FCF73AFE90B1231824581C440A212046AD
:10E75800FCF732FED8B123582218D118D3583BB948
:10E76800B0210C4B0C4A0D4801F0A6FC0446EDE71D
:10E7780049682B69039A53445B6853F8090001F010
:10E78800F1FDA3E71946F4E700F02AF992E70368D8
:10E79800FFDE00BF284B0208894D0208FD4B020826
:10E7A80070B50C46164605468068FDF716F92146F1
:10E7B800FDF7CAFB0621FDF781F83146FDF778FE23
:10E7C8000C222B6903EBC4035B6802FB003070BDAD
:10E7D80070B50C46164605468068FDF7FEF82146DA
:10E7E800FDF7B2FB0821FDF769F83146FDF760FE39
:10E7F8000C222B6903EBC4035B6802FB003070BD7D
:10E8080010B50C468068FDF7E8F82146FDF79CFB3B
:10E818000621FDF753F8006810BD10B50C46806856
:10E82800FDF7DBF82146FDF78FFB0821FDF746F8D9
:10E8380000B1006810BD80697047806870477047F4
:10E8480037B50446D0E9010255690B4601680095C1
:10E858004D681269E168A84703B030BD4068036895
:10E868009B68184783680C20D3E9043203EBC20382
:10E878005B6800FB01307047C16100207047C069C8
:10E888007047036910B5012B01D901F00EFC4068EF
:10E89800BDE810400368DB69184708B50369032B16
:10E8A80001D001F002FC436953F8210008BD036957
:10E8B80010B5012B01D001F0F8FB4068BDE810400D
:10E8C8000368DB681847036910B5012B01D001F014
:10E8D800ECFB4068BDE8104003681B691847134605
:10E8E800026910B5012A01D001F0DFFB8268BDE89A
:10E8F800104052694068FDF79FB9000008B50369E8
:10E90800012B03D9032B01D001F0CFFB09B1836997
:10E918002BB182690348FEF7DBFB012008BD81614A
:10E928001846FBE71E66020830B5C0E9023200232C
:10E93800034DC0E90433C0E90051C0E9063330BDD6
:10E948008C6F020841617047016170472DE9F04101
:10E958000024146007460E469046FEF7FCFCD128BA
:10E96800054606DD01461948FEF7B2FB0120BDE861
:10E97800F08120280FD0336801461B68304698473D
:10E98800C8F8000000BB002DAABF114B114953F86D
:10E9980025101148E8E73B68FB1A1A88062A0FD9A0
:10E9A800DB88F91863B1FB58326804333046526883
:10E9B80019449047C8F80000B0FA80F04009D6E73B
:10E9C8000648FEF785FBD1E72046D0E75D660208DA
:10E9D8003C6B0208CD6002087F660208A666020842
:10E9E80070B5054600241426AB68A34201DC00205C
:10E9F80070BD2B6806FB0433DA6893F91010986829
:10EA080001F0B0FC0134EFE7704708B5084611463D
:10EA1800FEF754FB002008BD034B186818B90348DB
:10EA2800034A186002607047CCA90220D0A90220CE
:10EA3800D06F0208D1ED007A91ED017A77EEA77ACE
:10EA480037EE077AF6EE006A37EE876A77EEC77A0E
:10EA580026EE266A67EEA67A038810B54469013B5C
:10EA680004F1100001F1100401EBC30182ED006A0A
:10EA7800C2ED017A0839103291ED034A91ED027A1C
:10EA880054ED023A54ED017A50ED025A50ED014A24
:10EA980037EE635A34EE276A37EE237A77EEC47A74
:10EAA80005EE857A44EE857A04EE867A45EEC67AD6
:10EAB80027EE267A67EEA67A013B02ED027A42ED4E
:10EAC800017A00F1080002F1080204F10804A1F13A
:10EAD8000801D1D110BDD1ED007A91ED016AF6EEB1
:10EAE800006A37EE867A77EEC67A27EE267A67EEE0
:10EAF800A67A038830B544695D1E82ED007AC2EDBE
:10EB0800017A04F10800083201F1080401EBC5019B
:10EB1800013B02F1080200F1080004F10804A1F128
:10EB2800080100D130BD91ED034A91ED027A54ED10
:10EB3800023A54ED017A50ED025A50ED014A33EE93
:10EB4800C75A34EE276A37EE237A77EEC47A05EE91
:10EB5800C57A44EE857A04EEC67A45EEC67A27EE83
:10EB6800267A67EEA67A02ED027A42ED017ACFE7BD
:10EB78002DE9F041058A04466D0805800F461646C2
:10EB88001D464BB1FFF7A7FF2A4631462046BDE890
:10EB9800F041012300F0D9BA2A46012300F0D5FA42
:10EBA800324639462046BDE8F041FFF743BF000032
:10EBB80080B14FF4806303804FF4006303824FF405
:10EBC800E1638381054B8360054B4360054B4361DB
:10EBD800002070474FF0FF30704700BFDC8F0208FD
:10EBE800EC9D0208DC6F02082DE9F04780460846D4
:10EBF800B8F80070D8F8042001EB87092DED028BD6
:10EC080006464B4694467908FF0800EB810509EB58
:10EC1800810402EB0717BC4506F1100605F1100543
:10EC280004F1100403F110030FD18CB22146022322
:10EC380000F0F4FABDEC028B21464846D8F80420CF
:10EC48000223BDE8F04700F0E9BA13ED040A16ED17
:10EC5800046A53ED030A16ED034A36EE008A53EDB3
:10EC6800011A54ED046A54ED034A13ED021A55EDE6
:10EC7800032A15ED023A55ED013A54ED027A54EDA6
:10EC8800015A16ED027A15ED042A06ED048A34EECF
:10EC9800208A16ED015A06ED038A37EE018A06ED41
:10ECA800028A35EE218A35EE615A72EE261A06ED91
:10ECB800018A45ED041A72EEA41A45ED031A73EEA3
:10ECC800271A45ED021A73EEA51A45ED011A75EEDD
:10ECD800E35A34EE604ADCED013A74EEE24A77EE2C
:10ECE800C37A36EE406A9CED003A64EE232A46EE7B
:10ECF800032A26EE236A14EE036A76EEC26A03ED4F
:10ED0800036A24EE836A16EEA36A66EE836A44EE0B
:10ED1800A36A43ED042A04ED046A44ED036A0CF186
:10ED2800100C1CED026A5CED016A37EE417A65EE63
:10ED3800264A47EE064A27EE267A15EE067A43ED6E
:10ED4800024A03ED017A25EE867A17EEA67A67EE77
:10ED5800867A45EEA67A04ED027A44ED017A5AE7FE
:10ED680003882DE9F04F5B0801EBC305D1ED007A6C
:10ED780095ED007AD1ED015A37EE876A77EEC77ABA
:10ED880095ED017A01EB830675EE876A75EEC75A31
:10ED980096ED007A05EB8304D4ED004A37EE065A67
:10EDA8002DED048B35EE245A8FB04268D6ED013A2A
:10EDB80094ED014A81ED005A96ED015A94ED013A1D
:10EDC80036EE855A35EE035A02925A080A920A46D6
:10EDD80081ED015A33EEA75A08320692324635EED3
:10EDE800445A08320B922A4686ED005A36EE476A94
:10EDF80035EEC75A76EEE36A77EEE37A37EE257A90
:10EE080008320C92224635EE245A36EE646A76EEC3
:10EE1800C46A77EE847A37EE647A08320D925A081B
:10EE2800023A86ED015A009185ED006AC5ED016A46
:10EE38004FEA5208C4ED007A84ED017A029A8346BB
:10EE480008320792029AA4F1040910320892029A31
:10EE5800A6F1040A183209920998009A01900898B4
:10EE680002F1100E049007982F1F09EB830306F197
:10EE7800100105F1100C04F110020390CDF8148074
:10EE88001CED023A5CED013A1EED026A5EED017A74
:10EE980051ED026A11ED014A36EE437A77EEE35AF4
:10EEA80036EE036A77EEA37A12ED025A52ED014A62
:10EEB80075EEE62A34EE072A36EE663A76EEA55A5D
:10EEC80077EEC43A37EE447A76EE866A039832EEE5
:10EED800642A08300390049872EE852A1030049052
:10EEE800019833EE453A18300190059873EEE43AEC
:10EEF80037EE247A75EEC55A76EE856AAAF1080AC5
:10EF0800083FA9F10809083B0EF1080E08310CF179
:10EF1800080C0832002873D1182709980D9B07FBA5
:10EF28000807089803EBC80200EB081C0C9B07981D
:10EF380003EBC80100EBC80E0B9B069803EBC80354
:10EF480000EBC808C8ED006AD3ED016A77EEA67A2F
:10EF5800D2ED016A77EEA67AC8ED017ADEED017A84
:10EF68009EED006A67EEA26A67EE827A46EE026A52
:10EF780056EE227AC3ED006AC3ED017ADCED017A20
:10EF88009CED006A67EEA36A67EE837A46EE036A31
:10EF980056EE237AC1ED006AC1ED017AD7ED017A08
:10EFA80097ED006A67EEA56A67EE877A46EE076A0C
:10EFB80056EE257ABDF82870C2ED006AC2ED017AD6
:10EFC8003946029A0098042300F028F93946304659
:10EFD800DBF80420042300F021F939462846DBF841
:10EFE8000420042300F01AF9042339462046DBF8EC
:10EFF80004200FB0BDEC048BBDE8F04F00F00EB953
:10F008004EED046A51ED036A77EEA67A52ED036A73
:10F0180077EEA67A4EED037AD9ED017A9AED011AC8
:10F02800DAED024A31EE275A31EE671AD9ED027A43
:10F0380093ED028A97ED026A34EEA79A76EE481AA3
:10F0480079EE460A36EE096A36EE086A93ED014A09
:10F05800D7ED018A8AED026A97ED016A74EEE74AF4
:10F0680075EE687A35EE065A93ED016A35EE065A62
:10F0780074EEE86A8AED015A039877EEC47A10EDC7
:10F08800016A76EE846A34EE684A10ED025A34EE6C
:10F09800644A66EE224A31EE810A45EE024A41EDA3
:10F0A800044A60EE054A26EE022A56EE864A66EEC5
:10F0B800856A15EE222A40EE066A01ED032AC7ED9D
:10F0C800024AC7ED016A049870EEC80A10ED036A97
:10F0D80050ED046A26EE235A06EE835A26EE033ACA
:10F0E8000CED045A27EE865A16EEA33A10EEE65AAD
:10F0F80067EEA66A50EE866A0CED033A89ED025A6D
:10F10800C9ED016A019871EEC11A50ED067A50ED09
:10F11800056A26EEA56A07EE876A26EE877A17EE55
:10F12800A57A02ED037A21EEA77A64EE277A14EE27
:10F13800267A41EEA67A059802ED046A013883ED35
:10F14800027AC3ED017A05909AE6012A2DE9F04189
:10F1580006460C461746984605883ED0B5F5807F8A
:10F1680049D026D8402D31D01CD8102D1CD0202DA8
:10F1780041D0B8F1000F04D02046B268B18900F040
:10F18800BDFA012F0CD107EE905AF7EE006AF8EE9F
:10F19800677A002386EEA77AAB4204F108042FD3DE
:10F1A800BDE8F081802DE4D121463046FFF71CFDF3
:10F1B800DFE7B5F5006F1ED005D8B5F5007F05D09F
:10F1C800B5F5806FEFE7B5F5805FD2D10123294609
:10F1D8002046726800F022F8CBE700230A1DAB42F4
:10F1E80002F10802BAD252ED027AF1EE677A0133DF
:10F1F80042ED027AF3E721463046FFF7B1FDB8E762
:10F2080054ED027A67EE877A44ED027A54ED017A7A
:10F2180067EEC77A013344ED017ABDE72DE9F04F77
:10F228002DED108B9FEDB05A8DB002910B92039388
:10F238000191019B4FF0000AD908CA0008926FF0AB
:10F24800170202FB01F928224A4307920A01069293
:10F25800302200EB411C4A430CEB090707EB41162F
:10F2680006EB090505EB4114059204EB090200922F
:10F2780038224A43049204EB0902DB004FEA411B9F
:10F2880002EB411800F1040EDCED007A1EED017A64
:10F2980097ED006A77EE276A37EE677AD6ED007A3F
:10F2A800009AD4ED004A92ED003AD8ED003A76EE95
:10F2B800275A36EE676AD5ED007A37EEA44A77EE1C
:10F2C800E47A73EE234A36EEC40A75EEE40A76EE63
:10F2D800846A75EEA45A76EEA54A76EEE56A4EED96
:10F2E800014ACCED006ADCED016ADEED004A96EDDC
:10F2F800014A74EEA65A74EEE64AD7ED016A33EE77
:10F30800633A76EE842AD4ED013A76EEC46A95ED36
:10F31800014A98ED012A74EE231A34EE634AD2EDBD
:10F32800013A33EE821A73EEC23A35EEE12A75EEEF
:10F33800A15A72EEC11A72EE812A35EEA21A75EE42
:10F34800E25A8EED001ACCED015A70EE215A70EE99
:10F35800612AC5ED005A72EE605AC4ED002AC5ED67
:10F36800015A70EE825AC4ED015A76EE435A36EECF
:10F37800036A36EEE33A76EEA36A65EE855A26EE20
:10F38800056A23EE053A66EE856A77EE653A74EE0D
:10F39800C32A37EE257A77EEC65A77EE867A34EEA8
:10F3A800836A74EE664A74EE266A37EE264A37EEAA
:10F3B800667A87ED004A88ED007A33EEA47A73EE18
:10F3C800E43A86ED007A36EE677A77EE867AC2ED11
:10F3D800003A87ED017AC8ED017A72EEE57A75EEAA
:10F3E800A25AC6ED017AC2ED015A019A9C44924490
:10F3F800009A1F441A440092029A1E4452451D4422
:10F408001C4498449E443FF63FAF072940F271815F
:10F418000BEB00020992089A012402440892079A09
:10F4280002440792069A02440692059A02440592FB
:10F43800A0EB09020A92049A0244049200223026A0
:10F44800A346039D00EBC40A2A440B9D05EBC205A5
:10F45800D5ED001A05EBC20595ED008A05EBC2054E
:10F46800D5ED004A05EBC20595ED009A05EBC205FE
:10F47800D5ED003A05EBC205D5ED000A05EBC2054E
:10F4880006FB1256D5ED002A95ED012A099D96ED49
:10F49800011A05EBC409089D06EBC20605EBC40872
:10F4A800079DD6ED018A05EBC40E069D06EBC20644
:10F4B80005EBC40C059D96ED014A06EBC206D6ED98
:10F4C800019A05EBC40706EBC2060A9D96ED013AC0
:10F4D80006EBC20696ED010A05EBC406049D05EB92
:10F4E800C405009502E000BFF304353F99ED007AAA
:10F4F8009EED006ADAED007AD8ED006ADCED005A7C
:10F5080037EE87AA77EEC77A36EE867A76EEC66A3F
:10F5180097ED006A009D96ED00DA35EE86BA75EE35
:10F52800C6AA95ED006A7DEE065A3DEE46DA77EEFC
:10F5380065DA3AEE4B6A37EE257A3AEE0BAA7AEE9E
:10F54800075ACAED005ADAED01BA3AEE47AA99ED20
:10F55800017ADEED015A3BEE87FA7BEEC7BA98EDE9
:10F56800017AD5ED01EA9CED01BAD6ED01CA37EE74
:10F5780025EA37EE657AD7ED015A3BEE25CA3BEE10
:10F5880065BA7CEEAE5A7CEEEECA7FEE4CEA3FEEF0
:10F598000CCA3EEE65FA3EEE25EA76EE0F5A36EED6
:10F5A8004F6A3CEE0EFA3CEE4ECA3EEEEDEA7DEEB8
:10F5B800AEDA69EE8CEA49EE0AEA29EE8AAA19EE71
:10F5C8000CAA8AED01FA89ED01AA28EE8EAA08EEA6
:10F5D80025AA68EEA55A58EE0E5AC9ED00EACCEDF8
:10F5E800015A60EE2D5A40EE865A20EE066A10EE59
:10F5F800AD6A8CED00AA37EE6CCA87ED016A37EE6A
:10F608002C7A36EECD6A76EE8D6A26EE056A66EEBF
:10F61800856A2CEE05CA27EE057AC7ED005A37EE43
:10F62800C6AA7AEEA65A77EE867A3BEECCDA3BEE9D
:10F638008C6A7BEE47BA7AEEE6CA3BEE077A7AEE38
:10F648002BAA3AEE6BAA76EE65BA77EE876A21EEB8
:10F658002BBA01EEA6BA61EE266A77EEC77A51EEAA
:10F66800AB6A35EE867AC8ED016A62EE076A7DEE0E
:10F678006C5A42EEA76A88ED00BAC5ED006A62EEE0
:10F68800276A63EE257A3CEE8D6A52EE876A43EE6E
:10F69800AA7AC5ED016A23EE2A7ACEED007A64EEE5
:10F6A800067A13EEA57A44EE8A7A8EED017AC6EDD3
:10F6B800007A64EE0A7A54EE867AC6ED017A019DE4
:10F6C8009A44AB44009D99441D440095029D98447A
:10F6D8005D459E449C441F441E443FF607AF0134D9
:10F6E800A1427FF4ACAE039B0191DB009BB2039374
:10F6F8009FE50DB0BDEC108BBDE8F08F2DE9F04112
:10F708000023884602F1020C984501D8BDE8F08133
:10F7180032F813503CF81340AD08A40850F825E01F
:10F7280050F82410AF00A60040F8251040F824E057
:10F738003D1D341D47590659023346510751E3E729
:10F74800002170B555EC104B064625F000430160CA
:10F75800114883421DD8204618431AD00F482A461C
:10F76800284058B900220E4B20462946F0F706FFDC
:10F778000A4621F0004304466FF035016FF31E522C
:10F788001B1542F07F55A3F2FE3345F400150B44D8
:10F79800336045EC104B70BDFFFFEF7F0000F07F3A
:10F7A8000000504308B52DED028BB0EE408A00F002
:10F7B800FDF9F0EE408AB0EE480A00F08FF868B123
:10F7C800DFED127AB4EEE78AF1EE10FA0BDCDFED2A
:10F7D800107AB4EEE78AF1EE10FA0FD4B0EE680AA8
:10F7E800BDEC028B08BDDFED0B8A00F073FE22230F
:10F7F800B0EE680A0360BDEC028B08BD00F06AFE3B
:10F808002223DFED058A0360E8E700BF1772B142E3
:10F81800B5F1CFC20000807F0000000008B52DEDD3
:10F82800028BB0EE408A00F0B3FAB4EE488AF1EEEB
:10F8380010FA0FD6B5EEC08AF1EE10FA0ADCB5EE72
:10F84800408AF1EE10FA08D100F044FE22239FED21
:10F85800090A0360BDEC028B08BD00F03BFE2122C3
:10F8680003460548BDEC028B1A60BDE8084000F06D
:10F878003FB800BF000080FFECBD020808B52DEDC1
:10F88800028BB0EE408A00F07FFBB4EE488AF1EEBE
:10F8980010FA0FD6B5EEC08AF1EE10FA0AD8B5EE16
:10F8A800408AF1EE10FA08D100F014FE22239FEDF1
:10F8B800090A0360BDEC028B08BD00F00BFE212293
:10F8C80003460548BDEC028B1A60BDE8084000F00D
:10F8D8000FB800BF000080FFECBD020810EE103A20
:10F8E80023F00040B0F1FF4F2CBF002001207047EB
:10F8F8009FED010A704700BF0000C07F10B485B0BB
:10F908008DED010A019BC3F3C752A2F17F011E29A5
:10F9180031DC16294FEAD37425DC1D4BDDED017A65
:10F9280003EB840393ED007A77EE277ACDED037A23
:10F93800DDED037A77EEC77A17EE903A33F00040A0
:10F948000DD0C3F3C7507F381FD4C3F31603C0F1DB
:10F95800170043F4000323FA00F004B1404205B055
:10F968005DF8044B7047C3F31603963A43F400035B
:10F9780003FA02F0F1E7DDED017AFDEEE77A17EE22
:10F98800900A05B05DF8044B70470020E5E700BF1A
:10F99800F0BD020810EE101AC1F3C7520029A2F1F7
:10F9A8007F0CACBF01204FF0FF30BCF11E0F0FDC05
:10F9B800BCF1000F1CDBC1F31603BCF1160F43F4B6
:10F9C80000030ADD963A03FA02F202FB00F07047E0
:10F9D800FDEEC07A17EE900A70474FF48002CCF122
:10F9E800170142FA0CF21A44CA4002FB00F07047B1
:10F9F800BCF1FF3F18BF0020704700BF00000000A7
:10FA080051EC100BC1F30A532DE9F041A3F2FF3575
:10FA18000C460646132D22DC002D41DB384B0F46E1
:10FA280043FA05F801EA080303431DD032A3D3E9DA
:10FA38000023F0F7EDFB00220023F1F72FF840B187
:10FA4800002C03DA4FF480132B411F4427EA0804E3
:10FA580000262346324643EC102BBDE8F081332DB7
:10FA680006DDB5F5806F2BD041EC100BBDE8F081B9
:10FA7800A3F213434FF0FF37DF403842F4D01EA300
:10FA8800D3E90023F0F7C4FB00220023F1F706F8BE
:10FA98000028DED0002C334620DB23EA0706D8E70F
:10FAA80015A3D3E90023F0F7B3FB00220023F0F7F6
:10FAB800F5FF0028CDD0002C09DB00263446C8E726
:10FAC80002460B46F0F7A4FB41EC100BCEE724F0FE
:10FAD800004426430DD14FF00044BAE7142D06D058
:10FAE800C5F134050122AA4013449E42D5D90134F8
:10FAF800D3E70026034CACE79C7500883CE4377ECE
:10FB0800FFFF0F000000F0BF53EC102BC3F30A50A7
:10FB18009C46A0F2FF31132910B5964613DC002944
:10FB28002BDB1F4C0C4104EA0300104310D04FF4A8
:10FB3800002300200B41634423EA040C6346024679
:10FB480043EC102B10BD332905DDB1F5806F1AD0B9
:10FB580043EC102B10BDA0F213404FF0FF34C4400B
:10FB68001442F5D0C1F1330101208840801828BF24
:10FB780003F1010C20EA0400E0E7013103F0004C36
:10FB880008D00020DAE710461946F0F741FB41ECAF
:10FB9800100B10BD4CF07F5C00204CF4401CCDE7EE
:10FBA800FFFF0F00B8FE400A704700BF10EE103A82
:10FBB80023F00042B2F1FF4F58D84FEAD37100F05A
:10FBC80093806148834200F3898019B15F4B9A4260
:10FBD80000F287805E4B9A424BD95E4B9A4200F204
:10FBE80095805D4881F001035C4A00EB81005B1A57
:10FBF80002EB8102D0ED004AD2ED007A70EE644A41
:10FC080034EEE70A9FED564A9FED565ADFED565AF5
:10FC180020EE007ADFED556A9FED556AA7EE045A8B
:10FC2800E5EE075AE5EE876AA6EE876AF0EE406AC7
:10FC3800E6EE476A20EE266A002B42D0B0EE007A44
:10FC480013F17D0FB7EE000A37EE667AC6EE076A43
:10FC580077EEE67A77EEE47A30EE670A4ADB10EE62
:10FC6800102A02EBC35300EE103A704730EE000A38
:10FC78007047B2F1505F0AD2DFED3E7AB7EE007AF4
:10FC880070EE277AF4EEC77AF1EE10FA58DC60EEDF
:10FC9800007A9FED335ADFED335A9FED336AE7EE72
:10FCA800855ADFED326A9FED327AA7EEA56AE7EE54
:10FCB800866AA7EEA67AF0EE406AE7EEC76A20EEFB
:10FCC800266AF0EE007AB7EE007A76EEE76AC6EEBC
:10FCD800267A77EEC07A37EE670A7047002000F080
:10FCE800D9B9002000F0D0B9DFED237A002900FE51
:10FCF800270A704710EE102A6433DFED207A02EBF2
:10FD0800C35300EE103A20EE270A70471C4BF0EE62
:10FD1800404A9FED1C6A03EB8103DFED1B6A9FEDF0
:10FD28001B7AD3ED007AE0EE067AFDEEE77A17EE5D
:10FD3800903AF8EEE77AE7EEE64A67EE877A5FE709
:10FD480030EE070A704700BF1772B142B5F1CF42D3
:10FD58001872B13E9115853F00BE0208F8BD020831
:10FD68004CBB31330EEADDB555B38A38610B36BB6F
:10FD7800ABAA2A3ECAF24971000000000000800DBB
:10FD880008BE02083BAAB83F8071313FD1F7173748
:10FD980010EE102A32F0004330D0002A134634DB2C
:10FDA800B2F1FF4F41DAB2F5000F00B534DB4FF086
:10FDB800000EC3F316016348DB15F7EE007A08441A
:10FDC80001F10F0C7F3B00F40002734482F07E5275
:10FDD80003EBD0535C480A430CEA000000EE102AFB
:10FDE80030EE670A20BBB5EE400AF1EE10FA61D199
:10FDF800002B40F08F809FED550A59E09FED547A13
:10FE0800DFED527A87EE270A704770EE407A9FED51
:10FE18004F7A87EE870A7047DFED4E7A6FF0180E3B
:10FE280060EE277A17EE903AC3E730EE000A704783
:10FE3800B0EE007A06EE103ADFED472AB8EEC63A81
:10FE4800DFED464A30EE077ADFED455ADFED453AF9
:10FE58009FED455A80EE074ADFED447ADFED446AAC
:10FE68004448454A0844521A0243002A24EE046AC8
:10FE780026EE067AE7EE224AA7EE235AE4EE875AE0
:10FE8800E5EE076AE5EE877A67EE867AE6EE877A28
:10FE98002BDDB6EE007A20EE077A27EE007A77EEB1
:10FEA800877A67EE847A43BB37EE677A30EE470A83
:10FEB8005DF804FBF6EE007ADFED306A20EE007A9A
:10FEC800E0EE667A27EE277A002BEFD007EE903A1D
:10FED8009FED2B6ADFED2B6AF8EEE77AA7EEC67A7C
:10FEE80037EE400A97EEA60AE2E770EE677A67EE09
:10FEF800847AE3B930EE670ADAE79FED216ADFED2D
:10FF0800216AE3EE067A37EE677A37EE400A93EE17
:10FF1800260ACDE707EE903A9FED190A9FED197A68
:10FF2800F8EEE77A27EE800AA7EE870AC0E7DFED4A
:10FF3800146A9FED147AE3EE667A37EEC00A93EE00
:10FF4800070AB5E720FB4A00F0FF7F000000000029
:10FF5800000000CC0000004C9788173E25333A3E3D
:10FF68002549923E4FD01C3E298E633EABAA2A3FBC
:10FF7800CDCCCC3E305CCFFF88C23500ABAAAA3EC0
:10FF8800D1F717378071313F08B510EE103A33F0CA
:10FF980000422DED028B2CD0002B1A4632DBB3F138
:10FFA800FF4F41DAB3F5000F35DB0021D315C2F35B
:10FFB80016027F3B0B44D90F03EBD373C1F17F01CA
:10FFC80007EE903A42EAC153B8EEE78A00EE103ADB
:10FFD800FFF7DEFEDFED176A9FED177A20EE260A9F
:10FFE800DFED167AA8EE070AA8EE270ABDEC028B09
:08FFF80008BD9FED137ADFED57
:020000040801F1
:10000000137ABDEC028B87EE270A08BD70EE407AAA
:100010009FED0E7ABDEC028B87EE870A08BDDFEDFF
:100020000C7A6FF0180160EE277A17EE902AC1E77C
:10003000BDEC028B30EE000A08BD00BFD95BDE3E8E
:10004000DB27543580209A3E000000CC00000000E1
:100050000000004C10B52DED028BB0EE408A044636
:1000600000F03CFA0460B0EE480ABDEC028B10BD13
:1000700030B1F1EE407A222027EE800AFFF7EABF86
:10008000F0EE407A222027EE800AFFF7E3BF00BFA0
:100090009FED010AFFF7ECBF000000109FED010A81
:1000A000FFF7E6BF000000700B460146184600F05F
:1000B00025B8062008B500F0AFF90120F0F710FFD1
:1000C0001FB514461A46094B05461B68D8684CB143
:1000D000074B00910749CDE901342B4600F0C2F8E7
:1000E000FFF7E7FF044B1C46F3E700BF20000020AA
:1000F000DD660208EA660208CD60020810B5044613
:100100000448134620B10A460220214600F020FA96
:1001100010BD00BF51050108002310B504468360DF
:10012000818119464366C28108228361C0E9003398
:10013000C0E904335C3000F019F90D4B24626362AE
:100140000C4BA3620C4BE3620C4B23630C4B9C42A5
:1001500006D003F16802944202D0D0339C4205D10C
:1001600004F15800BDE8104000F0E2B910BD00BF36
:10017000C5020108E70201081F0301084503010841
:10018000D4A90220024A0349034800F07DB800BF09
:1001900014000020A10E01082400002041680C4B2F
:1001A000994210B5044601D000F07AFEA168094BCF
:1001B000994202D0204600F073FEE168064B994256
:1001C00004D02046BDE8104000F06ABE10BD00BF5C
:1001D000D4A902203CAA0220A4AA02200C4B04218C
:1001E0000C4A0D4810B51A600022FFF795FF0A4B24
:1001F000012209211C4603F16800FFF78DFF02224E
:1002000004F1D0001221BDE81040FFF785BF00BF08
:100210000CAB022085010108D4A90220014800F09E
:1002200088B900BF16AB0220014800F083B900BFB7
:1002300016AB022010B50446FFF7F0FF236A1BB18E
:10024000BDE81040FFF7F0BF044B2362044B1B686E
:10025000002BF5D1FFF7C2FFF2E700BF9D010108B7
:100260000CAB02200EB403B503AB0146054853F8AE
:10027000042B0068019300F0E9FA02B05DF804EB8A
:1002800003B07047200000202DE9F8430746884658
:1002900014460026D4E90195B9F1010905D5246871
:1002A000002CF7D13046BDE8F883AB89012B07D984
:1002B000B5F90E30013303D029463846C04706430E
:1002C0006835E9E710B50C46B1F90E1000F0CEF82C
:1002D0000028ABBF636DA3891B1823F48053ACBF08
:1002E0006365A38110BD2DE9F0411F468B8905464A
:1002F0000C46DB05164605D502230022B1F90E1087
:1003000000F0A2F8A3893246B4F90E10284623F46F
:100310008053A3813B46BDE8F04100F0CDB810B555
:100320000C46B1F90E1000F08FF8421CB4F90C30F5
:1003300015BF606523F4805343F48053A38118BF35
:10034000A38110BDB1F90E1000F06EB8013902445E
:1003500010B5904201D1002005E0037811F8014F5B
:10036000A34201D0181B10BD0130F2E7024403463E
:10037000934200D1704703F8011BF9E710B56AB149
:100380000139841810F8012B11F8013F9A4203D16A
:10039000A04201D0002AF5D1D01A10BD1046FCE7CA
:1003A0000139034610B532B111F8014F013A03F893
:1003B000014B002CF7D11A440021934200D110BD0B
:1003C00003F8011BF9E71F2938B505460C4604D987
:1003D000162303604FF0FF3038BDC26B12B152F8E4
:1003E00021304BB9284600F065F8224601462846E0
:1003F000BDE8384000F04CB8012B0AD0591C03D19D
:10040000162303600120E7E70021204642F824106C
:1004100098470020E0E70000024B01461868FFF70C
:10042000D2BF00BF2000002038B50023054D044690
:1004300008462B60F0F776FD431C02D12B6803B110
:10044000236038BD10AB022038B50446064D08467F
:10045000114600222A601A46F0F76EFD431C02D1B5
:100460002B6803B1236038BD10AB022038B50446B9
:10047000064D0846114600222A601A46F0F736FD5E
:10048000431C02D12B6803B1236038BD10AB02209E
:1004900038B50023064D0446084611462B60F0F798
:1004A00017FD431C02D12B6803B1236038BD00BF88
:1004B00010AB0220F0F70ABD38B50446064D0846D9
:1004C000114600222A601A46F0F71EFD431C02D195
:1004D0002B6803B1236038BD10AB0220014B1868B4
:1004E000704700BF2000002070B50D4B00260D4D59
:1004F0005B1B9C10A64209D10B4D01F005F80B4B7C
:1005000000265B1B9C10A64205D170BD55F8043B2C
:1005100001369847EEE755F8043B01369847F2E775
:1005200020BE020820BE020820BE020824BE020827
:100530007047704770470A44431E914200D170478C
:1005400010B511F8014B914203F8014FF9D110BDDC
:100550002DE9F047274E074692468846306899466F
:10056000FFF7E7FF244A15683DB9244B1360244A7E
:1005700012B11268C3F88820204D6C681F2C06DD6C
:100580003068FFF7D7FF4FF0FF30BDE8F0873FB38B
:10059000D5F8880068B91B4B002BF1D04FF484705C
:1005A000AFF300800028EBD00023C0E94033C5F84A
:1005B00088006C680122022F40F824A002FA04F29D
:1005C000D0F8003100EB840143EA0203C0F80031A7
:1005D000C1F8809002BFD0F804311343C0F8043151
:1005E000631C023430686B6045F82480FFF7A2FF7B
:1005F0000020CAE770000020A4AB022018AB022044
:1006000010BE02080000000038B50546002941D0A0
:1006100051F8043C0C1F002BB8BFE41800F0E0F8C0
:100620001D4A136833B9636014602846BDE838403A
:1006300000F0DCB8A34208D9206821188B4201BF22
:1006400019685B6809182160EDE71A465B680BB111
:10065000A342FAD911685018A0420BD12068014476
:10066000501811608342E0D118685B6808445360F9
:100670001060DAE702D90C232B60D6E72068211836
:100680008B4202BF19685B680918636008BF21606C
:100690005460CAE738BD00BFACAB022070B50F4E46
:1006A0000C460546316811B900F0B4FC30602146B3
:1006B000284600F0AFFC431C03D14FF0FF34204626
:1006C00070BDC41C24F00304A042F8D0211A2846AF
:1006D00000F0A0FC0130F2D1EFE700BFA8AB022090
:1006E0002DE9F843CD1C064625F0030508350C2DF1
:1006F00038BF0C25002D01DBA94204D90C2333603F
:100700000020BDE8F883DFF8D48000F069F8D8F85D
:1007100000301C4644BB29463046FFF7BFFF431C50
:10072000044658D1D8F800402746002F43D1002C6A
:100730004BD023683946304604EB030900F06AFCCD
:10074000814542D1216830466D1A2946FFF7A6FF40
:1007500001303AD023682B442360D8F800305A681F
:1007600062BBC8F800700FE02268521B20D40B2A2D
:1007700017D96119A342256018BF5960636808BF83
:10078000C8F8001062514B60304600F02FF804F1B9
:100790000B00231D20F00700C21A1CBF1B1AA35018
:1007A000AFE76268A3420CBFC8F800205A60EBE7CD
:1007B00023466468AEE73C467F68B6E71A465B6846
:1007C000A342FBD100235360DEE70C2330463360A5
:1007D00000F00CF894E70560D6E700BFACAB022050
:1007E0000148FFF7A6BE00BF14AB02200148FFF787
:1007F000A1BE00BF14AB02209368013B002B10B4D4
:10080000936008DA9469A34201DB0A2903D15DF8F9
:10081000044B00F06DBB1368581C1060084619703B
:100820005DF8044B7047F8B506460F461446D518D8
:10083000AC4201D1002007E03A4614F8011B3046D3
:10084000FFF7DAFF431CF3D1F8BD00002DE9F04FAC
:100850000D469DB014469846064618B1036A0BB97A
:10086000FFF7E8FC6B6ED90705D4AB899A0502D473
:10087000A86DFFF75EFEAB891B0701D52B699BB9FD
:100880002946304600F072FB70B16B6EDC0704D570
:100890004FF0FF301DB0BDE8F08FAB899805F7D45D
:1008A000A86DFFF747FEF3E70023CDF80C804FF06B
:1008B0000109DFF8B481099320238DF82930302312
:1008C0008DF82A3023469A4613F8012B0AB1252ABF
:1008D000F9D1BAEB040B0BD05B46224629463046D1
:1008E000FFF7A1FF013000F0A780099A5A4409924E
:1008F0009AF80030002B00F09F8000234FF0FF3269
:100900000AF1010A049307938DF853301A93CDE945
:10091000052354460522544814F8011B00F08AFBB5
:10092000049AD8B9D10644BF20238DF85330130759
:1009300044BF2B238DF853309AF800302A2B15D062
:10094000079A544600204FF00A0C214611F8013B4B
:10095000303B092B4BD9B0B1079214E0A0EB080350
:10096000A24609FA03F313430493D2E7039B191D2C
:100970001B68002B0391BBBF5B4242F0020207934E
:100980000793B8BF049223782E2B0AD163782A2BC1
:1009900032D1039B02341A1D1B6843EAE3730392AE
:1009A0000593DFF8D4A003222178504600F042FBE3
:1009B00038B1A0EB0A004022049B0134824013436B
:1009C000049314F8011B062228488DF8281000F023
:1009D00031FB00283FD0264B1BBB039B073323F082
:1009E000070308330393099B3B4409936AE70CFB15
:1009F00002320C460120A8E7002301344FF00A0C14
:100A000019460593204610F8012B303A092A03D9DC
:100A1000002BC6D00591C4E70CFB0121044601233D
:100A2000F0E703AB2A4604A930460093114BAFF31D
:100A300000800746781CD6D16B6ED90705D4AB89E8
:100A40009A0502D4A86DFFF775FDAB895B063FF5EB
:100A50001FAF09981EE703AB2A4604A9304600934E
:100A6000044B00F07DF8E4E71967020823670208E9
:100A700000000000270801081F6702082DE9F04761
:100A8000164698468A6807460B690C46DDF82090A2
:100A90009342B8BF1346336091F843200AB1013343
:100AA00033602368990642BF336802333360256898
:100AB00015F0060506D104F1190AE36832689B1A9D
:100AC000AB422BDC94F843302268003B18BF012373
:100AD000920630D404F1430241463846C8470130FB
:100AE00023D023681A3454F80A2C03F00603042B8D
:100AF0000ABF54F80E5C002533684FF0000608BFAB
:100B0000ED1A54F8123C08BF25EAE5759342C4BFBC
:100B10009B1AED18B5421AD1002008E00123524675
:100B200041463846C847013003D14FF0FF30BDE899
:100B3000F0870135C1E7E1185A1C30200233224406
:100B400081F8430094F8451082F84310C2E701236E
:100B5000224641463846C8470130E6D00136D9E73B
:100B60002DE9FF470F7E914680460C46782F9A4626
:100B70000C9E01F1430207D8622F0AD8002F00F023
:100B8000D280582F00F0B78004F1420684F84270FA
:100B90003AE0A7F16303152BF6D801A151F823F031
:100BA000F90B01080D0C0108890B0108890B0108DC
:100BB000890B0108890B01080D0C0108890B01083C
:100BC000890B0108890B0108890B01080D0D01082B
:100BD000370C0108C30C0108890B0108890B0108B7
:100BE0002F0D0108890B0108370C0108890B01083A
:100BF000890B0108CB0C010833681A1D1B68326091
:100C000004F1420684F8423001239DE033682068F5
:100C1000191D3160060601D51D6803E04506FBD5A8
:100C2000B3F90050002D03DA2D236D4284F84330D0
:100C300059480A2310E021683368080653F8045B1A
:100C400002D4490648BFADB26F2F5348336059D123
:100C50000823002184F843106668002EA66005DB97
:100C600021682E4321F0040121604DD01646B5FBCA
:100C7000F3F103FB1157C75D06F8017D2F460D46C2
:100C8000BB42F4D9082B0BD12368DF0708D52369B1
:100C900061689942DEBF302306F8013C06F1FF3659
:100CA000921B22614B4603AA21464046CDF800A084
:100CB000FFF7E4FE01304CD14FF0FF3004B0BDE847
:100CC000F087236843F020032360782733482368A4
:100CD00084F845701F06316851F8045B02D45F0642
:100CE00048BFADB23160D90744BF43F02003236051
:100CF0001DB11023ADE72848E9E7236823F020035E
:100D00002360F6E70A23A4E71646BBE733682568A5
:100D1000181D616930602E061B6801D5196002E05C
:100D20006806FBD51980002316462361BAE73368AD
:100D300000211A1D32601E686268304600F07AF9A0
:100D400008B1801B606063682361002384F843302E
:100D5000A8E72369324649464046D0470130ABD028
:100D600023689B0713D4E068039B9842B8BF1846DA
:100D7000A4E70123324649464046D04701309BD084
:100D80000135E36803995B1AAB42F2DCEBE700251F
:100D900004F11906F5E700BF2A6702083B6702085D
:100DA000B1F90C202DE9F041160705460C4651D447
:100DB0004B68002B02DC0B6C002B49DDE66A002E31
:100DC00046D0002312F480522F682B6031D0626D20
:100DD000A389590705D56368D21A636B0BB1236CDD
:100DE000D21A0023E66A216A2846B047421CB4F9A9
:100DF0000C3006D129681D2945D8284ACA40D60793
:100E000041D50022D90462602269226004D5421CC7
:100E100001D12B6803B96065616B2F60C1B104F12A
:100E20004403994202D02846FFF7EEFB0023636398
:100E30000EE00123216A2846B0470246501CC7D164
:100E40002B68002BC4D01D2B01D0162B19D12F607D
:100E500000201DE00F69002FFAD093070E680F6085
:100E60000CBF4B690023A6EB07088B60B8F1000F9D
:100E7000EEDD43463A46216A2846A66AB047002876
:100E800008DCB4F90C3043F040034FF0FF30A3818D
:100E9000BDE8F0810744A8EB0008E7E70100402027
:100EA00038B50B6905460C4613B90025284638BDF0
:100EB00018B1036A0BB9FFF7BDF9B4F90C30002B78
:100EC000F3D0626ED00704D4990502D4A06DFFF769
:100ED00030FB28462146FFF763FF636E0546DA07BD
:100EE000E4D4A3899B05E1D4A06DFFF723FBDDE7E4
:100EF000F8B50E461446054618B1036A0BB9FFF75C
:100F000099F9A369A360A3891A0701D5236943B995
:100F10002146284600F02AF818B14FF0FF3738462E
:100F2000F8BD2368F6B222693746981A636983428E
:100F300005DC21462846FFF7B3FF0028EDD1A36862
:100F4000013BA36023685A1C22601E70431C626927
:100F50009A4204D0A389DB07E1D50A2EDFD12146CE
:100F60002846FFF79DFF0028D9D0D6E738B5284B93
:100F700005460C46186818B1036A0BB9FFF75AF911
:100F8000B4F90C301A0721D4D80607D409222A60F4
:100F900043F040034FF0FF30A38130E0590712D5F2
:100FA000616B41B104F14403994202D02846FFF736
:100FB0002BFB002363630022B4F90C30626023F042
:100FC00024032269226043F00803A38122693AB90D
:100FD0009A0501D5180603D52146284600F05CF88D
:100FE000B4F90C3013F001020AD00022A260626949
:100FF0005242A261226942B913F08000C8D138BDC3
:10100000990758BF6269A260F4E70020F7E700BFC4
:101010002000002038B50023054D044608462B600B
:10102000EFF736FF431C02D12B6803B1236038BDB4
:1010300010AB0220C9B20346024410B593421846D1
:1010400001D1002003E0047801338C42F6D110BDB9
:1010500070B50C46B1F90E1096B0154600291E4623
:101060000ADAA18911F0800113D14FF480620020C7
:1010700031602A6016B070BD6A4600F047F800285B
:10108000EFDB019901F47041A1F500535942594138
:10109000EBE700214022EAE78B8973B59E070546FE
:1010A0000C4607D504F147032360236101236361E4
:1010B00002B070BD01AB6A46FFF7CAFF009E28462A
:1010C0003146FFF70DFBB4F90C3038B99A05EFD46F
:1010D00023F0030343F00203A381E3E743F080031B
:1010E0002060A381019BC4E90406002BE0D0B4F981
:1010F0000E10284600F01CF80028D9D0A38923F050
:10110000030343F00103A381D2E7000038B50023B5
:10111000064D0446084611462B60EFF706FF431CB8
:1011200002D12B6803B1236038BD00BF10AB022091
:1011300038B50023054D044608462B60EFF7FAFE4C
:10114000431C02D12B6803B1236038BD10AB0220D1
:1011500038B50022002304460D46EFF785FC28B978
:1011600020462946BDE8384000F00AB8204605F17F
:10117000004100F005F8404261EB410138BD00BF7D
:10118000D0B500220B4B06460F46EFF7FBF9EFF701
:1011900075FD0446EFF77CF90022074BEFF7F2F9F3
:1011A00002460B4630463946EFF734F8EFF766FD56
:1011B0002146D0BD0000F03D0000F0412DE9F04F88
:1011C0008C46099E04460F46002B48D18A4215469C
:1011D0005ED9B2FA82F33BB1C3F120029F409D4039
:1011E0009C4020FA02F217434FEA154E1FFA85FC85
:1011F000220CB7FBFEF10EFB117701FB0CF042EA6B
:101200000742904207D9AA1801F1FF3702D2904253
:1012100000F258813946121AA4B2B2FBFEF00EFB5E
:10122000102200FB0CFC44EA0244A4450BD92C1903
:1012300000F1FF322CBF01270027A44502D9002F5F
:1012400000F04381104640EA0140A4EB0C04002169
:101250001EB1DC400023C6E90043BDE8F08F8B429D
:1012600006D90EB1C6E9000100210846BDE8F08F9D
:10127000B3FA83F1002951D16345C0F0168182424F
:1012800040F213810846002EE7D0C6E90047E4E7A4
:10129000002A00F0AF80B2FA82F3002B40F0C28047
:1012A0008A1A4FEA154EAFB20121200CB2FBFEFCA8
:1012B0000EFB1C2240EA024207FB0CF090420ED9C2
:1012C000AA180CF1FF382CBF4FF001094FF00009AC
:1012D000904203D9B9F1000F00F0F080C446121A11
:1012E000A4B2B2FBFEF00EFB102200FB07F744EAAB
:1012F0000244A7420ED92C1900F1FF322CBF4FF047
:10130000010E4FF0000EA74203D9BEF1000F00F00E
:10131000D2801046E41B40EA0C4099E7C1F1200559
:101320008B400CFA01F400FA01F922FA05F72CFAC5
:1013300005FC8A401F4320FA05F3380C23431FFAAB
:1013400087FE1C0CBCFBF0F800FB18CC44EA0C44F4
:1013500008FB0EFCA4450ED93C1908F1FF3A2CBF3E
:101360004FF0010B4FF0000BA44503D9BBF1000F68
:1013700000F0B880D046A4EB0C041FFA83FCB4FB49
:10138000F0F300FB134403FB0EFE4CEA0444A645B5
:101390000ED93C1903F1FF302CBF4FF0010C4FF078
:1013A000000CA64503D9BCF1000F00F09F80034656
:1013B00043EA0840A4EB0E04A0FB02EC644573462C
:1013C000E04602D307D1F14505D2BEEB02036CEB38
:1013D000070C0138E0465EB1B9EB030264EB080488
:1013E00004FA05F522FA01F3CC401D43C6E9005486
:1013F000002132E742082F464B08AC4642EAC17250
:10140000AE46C407110C92B241EA034142EA0142DE
:10141000B1FBF5F1B3FBF5F01F23A2EB0C0241EA9F
:10142000004142E79D40C3F1200299409C402CFAC4
:1014300002FC4FEA154E20FA02F2AFB2BCFBFEF8F6
:101440000A430EFB18CC110C41EA0C4108FB07FCC7
:101450008C4550D9691808F1FF302CBF4FF00109B5
:101460004FF000098C4502D9B9F1000F30D0A1EB43
:101470000C01B1FBFEF808FB07FC0EFB181192B241
:1014800042EA0142624534D2AA1808F1FF312CBF6A
:101490004FF001094FF000096245BED2B9F1000FCB
:1014A000BBD1A8F102012A44B7E7841A6CEB03020E
:1014B00001201746E7E62C4402382BE7ACF1020C7A
:1014C0002A440CE702392A44A5E62C440238BAE63D
:1014D000A5EB0C0CA8F102006144B1FBFEF808FB7F
:1014E00007FCCAE7A8F102083C4444E7023B3C443D
:1014F0005EE7414691E7A1EB0C014046B1FBFEF8E7
:1015000008FB07FCB9E700BFF8B500BFF8BC08BC92
:101510009E467047F8B500BFF8BC08BC9E467047B1
:1015200040C30000000000000000000000000000B8
:101530001C00000054464C33140020001C0018000E
:10154000140010000C00000008000400140000004B
:101550001C00000094000000140100001C7D00002D
:101560002C7D000050C200000300000001000000BC
:101570001000000000000A0010000C000800040029
:101580000A0000000C0000001C0000003C000000ED
:101590000F00000073657276696E675F646566614F
:1015A000756C740001000000040000006CFFFFFF78
:1015B0002700000004000000080000006F75747030
:1015C00075745F300000000001000000040000009E
:1015D000A282FFFF040000000B000000696E70751E
:1015E000745F6C6179657200030000005C000000AC
:1015F0002C00000004000000B8FFFFFF2B000000DB
:101600000400000013000000434F4E56455253495A
:101610004F4E5F4D4554414441544100DCFFFFFFB4
:101620002A00000004000000130000006D696E5FD6
:1016300072756E74696D655F76657273696F6E0041
:1016400008000C0008000400080000002900000049
:1016500004000000130000006D696E5F72756E7407
:10166000696D655F76657273696F6E002C000000AE
:10167000047C0000FC7B0000E47B0000B47B0000E5
:10168000A47700009475000084350000F434000055
:101690006434000054320000441200003411000091
:1016A000E40E0000940E0000440E0000340D000013
:1016B00024050000940400006403000034030000CB
:1016C0000403000074020000440100003C0100001B
:1016D000340100002C010000240100001C01000066
:1016E000140100000C01000004010000FC000000D7
:1016F000F4000000EC000000E4000000DC0000004A
:10170000D4000000CC000000C4000000BC000000B9
:10171000B400000094000000740000000400000009
:10172000F283FFFF04000000600000000C000000D6
:1017300008000E000800040008000000100000006F
:101740002800000000000600080004000600000059
:101750000400000001000000EB0300000C00180072
:10176000140010000C0004000C00000066B7D776CF
:1017700001FAEA3902000000020000000400000043
:1017800006000000322E31392E3000005E84FFFF4B
:101790000400000010000000000000000000000035
:1017A00000000000000000007A84FFFF0400000039
:1017B00010000000312E31342E30000000000000F7
:1017C00000000000E840FFFFEC40FFFFF040FFFF9B
:1017D000F440FFFFF840FFFFFC40FFFF0041FFFF28
:1017E0000441FFFF0841FFFF0C41FFFF1041FFFFD5
:1017F0001441FFFF1841FFFF1C41FFFF2041FFFF85
:101800002441FFFF2841FFFF2C41FFFFDE84FFFF43
:1018100004000000200100004C810424BA1CB3968F
:10182000157F8A2059AAED13E68611AAB317DE8127
:101830007AEB127F9DBEB6946378EE2ABB367F3E6C
:101840002B66F4F5CE35C820582D813201C87B0AAD
:101850007775BE6C6DA27FBBFE5F9FA942FD0A7FBC
:10186000048146D7CC43EABDDF372B85354181E87B
:10187000FDAA812B3EA66C0A3C33CCEC4492EAB420
:101880004040815D2D347F21F51CCEE55EBC0748CC
:10189000F9ECF7B14A8112D60CC5E0CC81A0B37E39
:1018A000FE931D3B4A9E307FD6FD81F753D6F72429
:1018B000D7BE2D7F28EFEE44C332085281F4E93CB5
:1018C00013CB50D615D4036EBDBB7F2BC681A12A86
:1018D000D8C18F59C24BC4BAA7F07629387F5D6151
:1018E0005B8F39DE811D51D47F6BAF6C4D9D6E5681
:1018F00069B787F5CE83B47FFF922923812B260415
:10190000421C008162C8BA3E07191D20815C56A99D
:10191000E40A19230575B37F53812D98C69D0E0BDC
:1019200081A70994A028B1F87FFC5E4414423E458B
:1019300001EEEA38F0D67F470A86FFFF0400000078
:1019400080000000170000002100000008000000D7
:1019500037000000250000000B000000EFFFFFFF34
:101960000F000000FDFFFFFF30000000C8FFFFFF79
:101970001A000000F9FFFFFFECFFFFFFEAFFFFFF87
:10198000E7FFFFFF2600000029000000FFFFFFFF28
:101990001700000002000000FDFFFFFF1100000023
:1019A000E8FFFFFF370000001500000024000000E2
:1019B000EAFFFFFF38000000E8FFFFFFFFFFFFFF27
:1019C0001F0000009686FFFF0400000020000000BA
:1019D000BEBEC8C7B3C0AD9196CB93FABA928F0D75
:1019E00097E67F928F02968FE88BA5BFDF889DAC2C
:1019F000C286FFFF0400000020000000F5AFDCA05D
:101A0000A6BC9229228CBADC8FF19BACC2BC8FB9E8
:101A1000EDA1E9C2E9EEF280E40A0FEAEE86FFFFEB
:101A2000040000002001000060D42F0246AD2A020D
:101A3000B9B9AE3BDB1A079A1E508FFF2E7F087C88
:101A40005671DDCF1F07E23F7A48B38181E28E8273
:101A5000A67FCD691B2781D1F68122127FE809DD9F
:101A6000F37F3AE60FE1D7D15ACD70E831B03D218E
:101A70009CBA457F7B81B8E90A0DB850D707B821D9
:101A8000E0D2817D813FDE811AE63C4225D7FE040B
:101A90006699ABBBF8CAACAEF863811AE2FAEBC93F
:101AA00054E2F6F521C02319E204F8C8C30BEA8119
:101AB00081E681231E5DA10117F395EA483B2DAE17
:101AC000D53864B72DBAF9F7B1D03F2A737FCE2E3F
:101AD0002C30202B7FACBC17BB649427BA94041124
:101AE000ECCAA752B476810F9F3281460E20815FE7
:101AF00040FA0B0B06DFC6CCFBD598EA1E5FCD8102
:101B000081BA088102040D358BC0B804FD32E5E0CE
:101B1000DC36B408C425C0817FFBC02ABEC67FD195
:101B2000BDDBFFF553874F1F7F813FDC8856A172D5
:101B3000F00CA5F03BAB8E65B32B167FC02BB72DF9
:101B4000F19EDF0A1C7FA9981A88FFFF040000009D
:101B50008000000000000000000000000000000005
:101B60000000000000000000000000000000000075
:101B70000000000000000000000000000000000065
:101B80000000000000000000000000000000000055
:101B90000000000000000000000000000000000045
:101BA0000000000000000000000000000000000035
:101BB0000000000000000000000000000000000025
:101BC0000000000000000000000000000000000015
:101BD00000000000A688FFFF0400000000080000CD
:101BE000169BC7D8E7DBD42FF8AC68617F43C72AC0
:101BF000A3F74BDC20A63ED69E20DC1D63029F1877
:101C00000EB7DCCAC1321ACFA3BEFFEF14D6393CDF
:101C1000D2DE4515D158AF817B3462C4AF4B6F46DD
:101C2000D1C27F3341E62D100205D443CED7D8ACC4
:101C30002BAA18F320B4F44A032569E2E002181530
:101C40008E176EC5D7816EC3E607B9C05F63CDE45A
:101C500011DC9CF4F3C548F5BF09DD27AC21FB5D21
:101C6000E33F1030206ADBEB0BF65CCD7205DA48FF
:101C7000E5ECCED1EC25CBBB5C81D68FD5FCB95C35
:101C80002C172CE8FCF5E4D2EEC71ADD35F55746E3
:101C9000E230C2EF94A513E62920097F0DF9AC8D3F
:101CA00084611EA922CBD11CBD1C481D403481A2D9
:101CB0001DF0DB9C2BB9DC0E46F4B95568ACFD0772
:101CC00034D63040AE3928B51501FDB3FCBF0AE764
:101CD0009913A2E0FC8B665DEDF3D7E61BC5637F2D
:101CE000A0C4C93921E416BCF654A98E939FEEC353
:101CF00005818C70E1097532CA79EF2D1392ED25BB
:101D0000D19FC4CC272A3ED36D0801090205C92002
:101D1000ABFCCF09E0DDD2071A457F183ECD10029B
:101D200005D61ED7E214F7CF4E003733D72919CB8B
:101D3000812AD2B3D5F101220EFD1008F836EECE7D
:101D4000FE4F095A37B3E1910FB6020DBD5C8164B5
:101D500022343E031FEE65E7A034542F9723E4039B
:101D6000052FC38BE070ECD01B1E50B81162200110
:101D7000FBE42E131024FDDF810345214BE232DF0B
:101D80004444E61F8C3BA4D6B9205765BEBAACD2FA
:101D900003C0B3812ACC2AE311430EB70BDF6501E0
:101DA000272BECDFF3A106C131DD587FF1FEB1E551
:101DB000B30AD1E1C3573BAB0B1EDF13E3DF292589
:101DC000DA75EB7FA7186929BAB0431AED2819D440
:101DD000B0DFE4D856F2D2BEC523E2F03ADBE2949B
:101DE000FB49C80BE1CBCE4C3F3B150E0C03A5A025
:101DF000D7210E0139F9FF7F0B224BABA50DBADDC0
:101E00000F2455CE59C8158FCFCF27F2B52FF7F233
:101E10001454C7020D01387F1007FFE999168C8A08
:101E200023BB42FF810939D7C152E94ADE947513B9
:101E3000D8B17CF2F16311E8D9F02F0B4AF6885E35
:101E4000F0CB1F0611E1E0F7132736492C240937A0
:101E5000AC30D1B6E6F91564F2A4AAC6ED7FF31D45
:101E60002F1208CF3ED9EFE9F09BE6BC2A050542C8
:101E7000B48103E0BC32A9071B90AB5038527631D5
:101E8000643121E99CB27F192FE3EA080751FA4C2B
:101E9000211D03F325212AFE0BE7B2F3D2D716E961
:101EA000C2F846593A1217203BD981AB78F8F3F3C0
:101EB00074C2B4500EBCA43ECAD60DE621D240F581
:101EC00091AAEA91E2B742541E982E1ADE269E94F9
:101ED00001C8E08F302B0C72197F4B65B6F7D966BD
:101EE000D8EE09E627DCD14129FD20E52429F84771
:101EF000C181EC10E3CB08141920EBCC18C70FFC00
:101F00002DFE1EF0DD81E62657F8ECC01B61F0C8FF
:101F1000D5121CD34E611A0E5D1726CB4621F782CF
:101F200038BD100B1EFECF4F18F89D2EF5D5E21CC4
:101F3000022C33E2030C81F8D931E1382D08BF2C93
:101F4000D904021100B3C714BD7F2435D3C7DB0405
:101F50004ED4C8E55154AC259C27EDAFD32DE628CF
:101F6000E729A7D62B2158FB4E66CBDF1EFADFFEF2
:101F7000E503D8D4E628F63A81C3C63D0F1BA1B7C6
:101F8000B1BF2742E52FE8AD3DE13D33CE097715DE
:101F9000CCB1A04F81CF313F169E3A011817462F82
:101FA00026CCD9FC44051EE835EDF20082F315EC91
:101FB000DEE2E40705CDF9FC2D07F8E60ED67F1B1F
:101FC00024B8263D1DFDC813F7A4EBE2443EE6FA13
:101FD000EDE53E84F9120981EDF2E23DF5FABB1B15
:101FE000C019E5D049EDE42A06C20B4C37D2FBE01C
:101FF00041C3161767F7818746F100C5CCA1DA24E3
:102000001740D526E82EE133A101973DD1D2FFF547
:10201000960AFE5A38CEF381F307CDACC1E9FE2112
:10202000523D24BAE07F70082A42E661F5099DBF5F
:1020300032CE510B1A5930E121FB1304A6C9D8D274
:102040001FCC113C1756D6FBCBEE20E6F0D2D55F65
:10205000B48136C147ABDAFFE5BEF73FE4C62DFBDE
:10206000122304F32887CFCC17D01F28D738376D19
:1020700099302F62E4DAFE2E267058629FF97FC9EC
:10208000F0BC431EE3F2FF3C14D381EEF4EAF7EC1C
:10209000289CF1441CF3DEB5FA401EF1E2B5CDE612
:1020A000031E01CA995700E813E40258B34DC6CE87
:1020B000672128F1097C7F51E30504D0B1D3E915EC
:1020C00008FF9DFF22F08140304112B3FAE2474BF6
:1020D0002C5BFA47095121D723F1B1DE3E10A22B28
:1020E000583760206D5CDC05D64A31FF5ACFDD7F62
:1020F000137175FBFA69C6B310ACC6D4110E33CC9C
:102100004A03D1942A29E25706C7E3BFCC1C230512
:102110006F31E1D9FD0319E58118B52D12D54D1B9D
:10212000F9D907DFD4296FCE13DF08FF167F5CC310
:10213000C1D2FBA102CCEFA415071C5D23DDFDD3AA
:102140008BB9555B57CD100433D03B1B18B4200915
:102150007F9D0EF136BBC9F73E5D9EAAC35CA4000D
:102160002411A30C7F3F6F4E5940324D1C2CFBBAFB
:102170000A08EDB6D3481929127D2332326C8C320D
:102180001ABF41C9EC3AEAD27FDFEEF23C3DE5945A
:10219000B6BBD2DB04C1D2D334224E200D2BFD506E
:1021A000BBCFBA2D1EBFDCA5DCC958B0153C61F908
:1021B00078EDFF428EC8446804EA8C397FD45132EE
:1021C000272D423F374BEA44B9EFC8277FEEB61FB1
:1021D0005990B2C5495ACEACA12B1C1B67D4CAACCE
:1021E0003E082410CE4D488811FA1A0127E219231F
:1021F0000F14043381350A051DC2D7525E510A956A
:10220000FF81C41802E5F811E6B8CB58E01FD3FAF5
:10221000DDEEDEDBF3F4453A093E3CC340CD58E346
:10222000E4D928302E810FBAF7E5E1F5230B363FCC
:10223000CBCFE934EADDC4270C001DB60ED0C83080
:10224000F15B14F6CE3815EAFD6F15E4F8C6BBEA6B
:10225000C92D26234515EBCAF181C1CE1BBEE8C7A7
:10226000CD1C2F5B845615DCD7E7D9A1D4D1F50B53
:10227000F5D90E52F3F5BA8134EE21A8BE1BC1E7A1
:10228000147FB1A11EAC49E982815C544E9A65DA93
:10229000F81A9B59EFD1FBE0D4B10A74ED42A0B813
:1022A00002F9A81F2FEDE81F06213761F7A51A3C98
:1022B0002BD4DA1EDD29879429813E29B92C3F0CC5
:1022C00081A6462D4A3CCCF4ABCECD01EC4C37F484
:1022D000FFD51910AFC334323131395C77B3F5DE35
:1022E0007ADA4A3C3616F8F3EC222B14A305EEB842
:1022F000C4A11CAAC837FD3C0992DDA3697F473FF2
:10230000D5F03BEFFCF7C481BDFB210A2F58FFE05D
:10231000DBF9E62E2AC959FFFAB63FECDF521CFC66
:102320002226C83316062F1B6537C6AFFBE9C37FCD
:1023300020D62020ECDC45DFE5EFD5100D1D58AB95
:10234000E822363ADF217FF1C734BCF2162FFE13A4
:1023500024EDDB2BDBB9D30F5305F1002A069CE0FB
:10236000280227E625D90AC70F084017E8690101A6
:10237000EF4C29B1FEF57F26DF500ED9CA34312E3D
:10238000D026F481FCF4EE32462B603A3B0F18E87D
:10239000EA0247FAAE111770DDCBDC540021E721C9
:1023A0004456FFC005AC01B18155281FF7B2F4F6C1
:1023B000CAD4DC08F014FFFC4718430F561A35F551
:1023C000C334D5E204B032C20E0F3C22BA0D551808
:1023D000BC0DE425AF32E80035217FE1EA22E2C3FB
:1023E000B290FFFF0400000000010000DC010000CB
:1023F0005CFEFFFFD40000002AFDFFFF96FDFFFFFB
:102400002900000060FDFFFF81000000D0FDFFFFFC
:102410001F000000F40000007EFFFFFFA6FFFFFF8B
:10242000A60100001B0100005403000057FEFFFF3F
:10243000730000001F03000046FFFFFF370000008D
:102440002D00000060FDFFFFF4FDFFFF2BFEFFFFEE
:1024500089020000F0FDFFFFF4030000D1FFFFFF41
:10246000D2FEFFFFFA0000005403000045FDFFFF0D
:10247000C4FCFFFF46FDFFFF97FFFFFFEAFEFFFFE3
:10248000F400000046FEFFFFFA01000071000000AA
:1024900019FFFFFF9E0000008A04000054FEFFFFAA
:1024A00039FBFFFF0005000084FFFFFF1B00000059
:1024B00005020000300000009D00000076FBFFFFD9
:1024C00059010000F2FEFFFF6A0300006BFEFFFFF0
:1024D00095FDFFFFFDFEFFFFDD000000CA000000CC
:1024E0007702000068FCFFFFADFFFFFFBE91FFFF1A
:1024F00004000000400000000643DF644318DEFED5
:10250000ECF4D51628E2E700092C22083321C91F74
:1025100054CCB4B7D3EAD6E4C2D00A276BB313B60F
:10252000FED9FFDD06F6D1C07FBACDFD45E6FF023C
:10253000EC34FC54FB0400270A92FFFF0400000067
:10254000400000001B37EA5416E533061703B73185
:102550000FB8B08008D4DBCB01E5F70859B5FDBA58
:102560002F0DB98CAAC9382548F718BF0FD3B7A8C3
:10257000DCF7ADD469D912EF46DDE3B7EC1F2237A3
:10258000BED0E2DF5692FFFF0400000040020000D0
:1025900035160026441E5936CB1DD12FE5E7FC9693
:1025A000CDFD4AF009F13531A4F544B05F073EFB9B
:1025B000D8C94E48B5F4640C1BD21B39094581BA01
:1025C00025D2D2D95AF3070F0E297734743123BAA2
:1025D000F445817FA937AA1A815881787FE7815C09
:1025E0007FD98C7FB27BF0E28181DF4BFA00913E94
:1025F000ED4B867FA3DF0B8187D72D334273388164
:102600009EEF9A4A813C7F7F7FD7F4B047812DCCE3
:10261000492F5FD3ECE8911FDD2DE3D3DD4EE82891
:1026200054FCECE6E9F71800EABD01CDCC301DE71B
:10263000D2DCA10F312E19CCE99F24A1D8D2CF240E
:10264000025BADDB4CA6E63EB01FF8BAE142FC00EF
:1026500000BA9621F9123200B140C24DC955BA688C
:10266000CA3AA8FDAFCF1ACEA0D2FDE5FAA4D3E5B1
:10267000372AF537C9CD68C9D44BE0C035CAB00296
:102680002242B0E8531D353C18ECE0F42F086DC32E
:102690007F819B727FF6E13006551B818E7F7A67C2
:1026A00003E0BFF96181814DD93D817F7F81058143
:1026B0007FE74D9C557F7F3D8181818162174C5F13
:1026C0007F81E981F37FFA061A7F7F817F968E8171
:1026D0001B3955CDDEB79C2D2F2C1BA51BE60640C4
:1026E00036E2B21FD3BA23CD37DBD6E6094F15F653
:1026F0002F44D144BDF7CADA0C9E3DE9194D3F4C39
:102700003D55E7CB5046EB0B180EF49ADBED50B17C
:10271000BAB9B5BC33BBA3C2220957E878441755F0
:10272000EF0F22EEECFEFCED0F1302B21E370BC8CA
:1027300002F7E2469A130FDFA037101ECD0CEF48C8
:10274000C6C829D85742F53135E2665F8A51ECB9DF
:1027500016005488108181817781D236BE40B17FC6
:102760001E7F7FEC81F44E81CC409CD4F1BD7FEB89
:10277000B58181EF810B1BBF4175AB28818165B7A6
:102780001AB0813029F5ADDBF4E76D2B22207FD61E
:10279000FEDE15EC46F31F34F3D04F5B260DFAA096
:1027A000D83CA50840F32925BC4801FC441716D5A0
:1027B000204BB2B1B6F99EC03859C06B0D50A6146B
:1027C000B8ABAAFD5AC2051E44D8E225E9FF9FAF67
:1027D000A294FFFF040000000001000000000000C0
:1027E00000000000000000000000000000000000E9
:1027F00000000000000000000000000000000000D9
:1028000000000000000000000000000000000000C8
:1028100000000000000000000000000000000000B8
:1028200000000000000000000000000000000000A8
:102830000000000000000000000000000000000098
:102840000000000000000000000000000000000088
:102850000000000000000000000000000000000078
:102860000000000000000000000000000000000068
:102870000000000000000000000000000000000058
:102880000000000000000000000000000000000048
:102890000000000000000000000000000000000038
:1028A0000000000000000000000000000000000028
:1028B0000000000000000000000000000000000018
:1028C0000000000000000000000000000000000008
:1028D000000000000000000000000000AE95FFFFB7
:1028E0000400000000200000560DD832F8CDE6307C
:1028F000E521FE28B3142A3081FC55CD8F0BC3632C
:102900001ABF08D1CA2CF047CBD6D5165D13E41AEE
:1029100014C1BEA52CE5DD36BBDA385217F612021B
:102920004247FDCFDF21FC01E9251C09F91C0A31D2
:10293000F0D730EDE821F6DEC424DCE0D4292DF90F
:1029400014070C0AEA3D3E09814415F0DAD618E472
:10295000F00FEEFFCBD3CCF1F8F815F40B06FFFA2D
:1029600027FA0ADCEE14241B01E20AD904BC2F3931
:10297000E400DEB5D9B639DDB62DF5EC1EEAC6BBEE
:10298000E7F16096D6F4813230F0E42817E910516F
:10299000442B0B06D5DFC8270C35341520350E1611
:1029A000DB98AA2EFD261ADEE9FD23172B094430F9
:1029B000FAB3EFD82AD61109E000EA00DBFD0700E0
:1029C000EA083333F528E306C12845FB2102B0F8B5
:1029D0000252E0DF06C02C08D3020C21E8F4D8E94B
:1029E0000DED81F2F0CDC11C3D96A300DD20334DED
:1029F0000B08BAC90E311B051769B33436091274B6
:102A00001F223BE4E9FE30D1D3BC4A453CC001CD96
:102A10006DFAB42D06E62AF9A6F90FB1D8C44EDC3A
:102A2000FC24E420DC7F3B0996F60AB6FFD621F7AA
:102A3000DBC00912F6384F118FB1D8E307E935CA68
:102A400017CA0BCEB3FB24CAF9F413E5EF138E4F6C
:102A5000230226E2EE3281FB1E01EF4E32D717F140
:102A6000FBC5C430CDE0FAD4BDF225D9DB170FF198
:102A7000D9C9F807F4A0D752EF19F228F6D1DBB183
:102A80000CD33CD9ACE6D3152D46EDECC3C1BB2429
:102A900036F5F2DFFA3DDE72A31704C20181D6D605
:102AA00017E7C9D7516D400AB9DEFC130245010092
:102AB000E203EAE3E4140ED51ACBF22AB98F2ABF57
:102AC000E8F2E5D71B3F15FF5427DB12CFF0E00CEF
:102AD00033A8ED044E30B7FB0FF9D6C48136090197
:102AE000201710EE32FEFCE8353A4424C136300E91
:102AF0001B3AC648AF0A3919FA1B29EFF4CEC214A3
:102B00000D4A30D60309E93181F0D81BC6AC25D473
:102B10006DFD50282233E50511451938F204C2F045
:102B2000E644C42C1318DF2AB70F7194D82DD53A78
:102B300031FD0F37F3E2E5C343DAFC94F5E00032F0
:102B400045D45B652C41F4040749B41826BC0FE852
:102B5000EACB4F2E7F1AFA3E0CD61F28D3B8BFFA05
:102B60006EFD0A50AA2DAF70F7FB330DFD1CF82146
:102B7000BD1346F1271F370F36FE1BEB1BF24E0E1F
:102B80001E291E00E3FAF2E40FD6051013E7A70B87
:102B9000099F1E30364EFCF6BF2903D805D6BEF479
:102BA000E10DE7092D7F08D613EF06AB3AEBE4EC15
:102BB000FDA40F2C2D1FD42FEE76F923C0DD4F037B
:102BC0006081F110E4DF597ABD01BA0C21A1C9037B
:102BD000EC2E21F3F3B6041E0115222B4C3C94E29B
:102BE000EC97C72C1AEEFE00F7FC71474D313D2AD9
:102BF00024DC1C730ED83453D3F8183FE90ECEEF03
:102C0000B646E8BE560C26EE4AF275D4AE14D22D66
:102C100047DF5ED79B2583695221284C1CB4B38EB5
:102C200081CCF3CEA5DA59DA142521ADD2E6D13D17
:102C30000C1CC9F901D7A2D805CAF1FDF1DA530677
:102C40000881031A9F0FF8E0EE122B16DC97070D90
:102C500049C7C03E1D639F3EB323F135F812321EB3
:102C600001D4065C0AE7B90004080197FE18EB29B5
:102C7000B7FBF22B1CDCF5EDE41A7FE3CA4DE5331C
:102C800000D2BFACAD3CB71CC3E84F3C4ADCE5ED1D
:102C90003639C1B833F5D118FFF8FA1BF2F1CBDEA3
:102CA0000258C4ED18BB4F1EFC33EE1719F3F7F3AF
:102CB000FDF7F0CDF4F30026B62DBF1A1DE9DB2990
:102CC00025F80B02E76FAFF61237C07F5F12F7E40B
:102CD000FE12D2E5271FEB341A39CECCE4DE4326B0
:102CE000D906EFE1CD1BD903E3EABCF66CD9DF1EB0
:102CF000B2B8CA0EEC0E3861EE52F91F03BC02DC0A
:102D0000EDB521FBF24067411D5C1F5E7FD72F4E62
:102D100030A763335D131806C14240260FA9D324A0
:102D2000F3DFB5CE3262121698370C8D071743CEFB
:102D3000F80ACDFF2DDF2A4AF481EEEB5B23E8F59C
:102D40000FB5E019E5BD06FA4302B2CAEEC9222862
:102D50006B240A09EE4E17FFBB21C91D30C215F1C5
:102D60000F2C282BECEBC806D4F22F270235FFF5E9
:102D70002CFE28D804C906C402CE2E09191C231A19
:102D80006BF3EAFED9F70EBEF9111143DCEAE5F95F
:102D9000D9F225F604F81104F8141C0D600924FE7C
:102DA00081F221DB2AFFF81D2DFDFEF029C42D1C28
:102DB000B0D264AE0505211217D44AD3E02626D638
:102DC00045DA0EEA3715ABF0811858CE241F0FF6FE
:102DD000F030501C35B9CF012916E3EFF23B0F005C
:102DE0008B1AC3C1D4FAF049EF46DBFCFE1A08087F
:102DF00039E2B5FBF645DEE4F0BCE57FFACB1640E0
:102E00000A2EF1EAB8150BFDF6E42CB122F9EA1608
:102E10001ACDBAF7EBFDF92E603EED2B39422C228C
:102E2000DC1D0C1B0128211FADE033491C293C127D
:102E300020D41DBDD22AFDFEFCF8D1D94C160414B5
:102E4000E9C426D9267F1E012C0BF804152801C6DB
:102E50001EF540A96DF7CD17DD14015DF80C28ECC7
:102E600031A4E8FAD8FD2B21FF0E50E83D7F1B323C
:102E7000ECF6CDEE71C4F800004BB32FCEDBFACDEB
:102E800012F22116C71059361FCDC8C407F6DF222B
:102E90004913B80F4F01E22CFD0CFDC80FE0ED3DCA
:102EA000130001C8A0D6C73881D5101AB00704D4C2
:102EB0001B110B5DF1EE27AED00302A343484E2257
:102EC0006C1A001B2D462107D20AF371F111D7FDB0
:102ED00032325DFE2F391B05357152FC25A4E7C83F
:102EE0002B39AEE0FB1BF3C1F505F10FF6315BE8C2
:102EF0001AE13789DF161612B2CAF6E807FD010299
:102F0000BE0DC71434E4EF07CD15D704F3DDD504A7
:102F100007FCDB15E2F85F4E31F6D71CEFD8EE0266
:102F2000E2813A1430F12202B810E42BC40D3510BE
:102F300004A3E5D627F75AF3B6DCDED103BAB10B0A
:102F4000453CD5072920DC38C619380BE21EFE2D7A
:102F500046F5F3A3E1E4CC460CDE1BB73024D93AA6
:102F60001720D9D9657FF2FBF9B8C2FC38DE5B4285
:102F70001206D7C16CD3C8810DFE05E91FFD0342BF
:102F8000E703E4EBADECCDF627B8165A48250CE480
:102F9000DAF24F23C7530F3C28506FB5D12E0602EB
:102FA000F5325D219320DFFFDFA2894B4DE70CA2B4
:102FB000FC59E5309827EF2DC5E04761F17206C74F
:102FC000D32A00F9E9ED4C54D5471AE3FB8FEA4BBD
:102FD000EE15A5252C830C062738EDB615587F3A3B
:102FE0000F9412DC50E4E43908FFDDB10A0FABEEB8
:102FF000C80558FE2FBF0BFE13CCDAF9B3C725E581
:103000001FF1E700C815EFE9BC22ED03F3BC93BF45
:10301000031AF5D915F8EA03261DE21BD21881110F
:10302000E7F7413922242CCA270DE305D1F01C1300
:1030300004DF13353AC1DED7BDF9B1445FEE19DBC9
:10304000DB0ACEDFB656D43F07A7B49E1066C8DFB2
:10305000060940DB21F1CDBA062434EEF055FE2FEF
:10306000C08D5409B601814A534D253006FBF53B0E
:1030700032EAD943D9E8B42714D02D4E043CEEEF00
:10308000F6F9DDEEF1F7E508C4FA7F2937B74EFE11
:103090003C264EB6D2EFF11DEC0BCDC4ECD52A2B5D
:1030A0004B232E25E335063DF60AF5128111C0DAD1
:1030B0003CEEF8EE3EE6ABE0B2F8EF6B071CF952DF
:1030C000F1FD36F3C741554F321D20D4F8E90738DA
:1030D0000D07C52BEF73DF32E72335F7D720F9C390
:1030E000D0084EED590CD26AFBF361D510083C3A7A
:1030F0000C34ADC125C33DC8BD4A06D8B1FDB6DA12
:10310000EADB0ABD0D3219F80FF3150CFE2AE9BAF5
:10311000E909FE0B074ED93F12542E7FC66DEB44D2
:10312000040DD0C50AE1FF7E3521BA3234E3EDA7A4
:1031300008FDB39CF60E25D8543DCDEF027F04F771
:10314000F3FA99FD24F300213508490E0F11209F51
:103150009B40290BB82AE7D8161DDF3A07424020CA
:1031600011261B2418DA14F31D765AE20106EDFB32
:10317000ABC9C5EAFC1A423D18052E0718F8FAF249
:10318000180AFD10E2EDCE24E2F32EEED3151E1A3E
:1031900016E0BA2DF8E0F83D2BE3D2D6E82D0DEB82
:1031A000B11181C60324FAD3E41EC8A9EDD5003BB2
:1031B000C0B418F508E3CC20EFD0F1A7F7491BC342
:1031C000115A731A4CFB076BC016C3FD16C361403E
:1031D0006602DAC855BEFF0A0FCEE545017F15E449
:1031E000E7C60F0899783AD0F4170A31430DFF5B10
:1031F000A5FBFE184ACF1597CE93F8D4836623E03B
:103200001AA00B0DC8FF2A38D6401E47E4043742E7
:10321000FBE82A2EF300EDDBDC0D2FB27FFCA9ECDE
:10322000E330120AB90F0D09DA3322B8B03BC66297
:1032300054D703F4FFBEFE2A101D37F49F54F5AF98
:1032400023C231ABE30F07EAF0D60AE63955207FF7
:103250003BDC5AFA14242731E8060E3ABBF994F500
:1032600015403B5511F4EB1C083622F21ECF2EDA26
:10327000053E19DB401C12DB291D7F6DEF0610D6C1
:10328000DA19242D25D4EDBDF2ADC51704C8D0013F
:1032900014EE1E05EC17D8DAD8FBEDAF0AE613E8FA
:1032A000C931342A2D01E53620FFF1F32A08ED97C4
:1032B0003A4119F8160B26FF121335E60419FB1ACA
:1032C000F93ED5E8DEF5940B2D071D09D4D65DC572
:1032D00064B5DC17C299B52E8111192EE48F3CE933
:1032E000ACEF401052460D18E1DE0220AB49CCEFA6
:1032F000F3DCE7C20CF3D9EAF7EF2A03EC0536FD5D
:10330000CC453BAED44935F5DB081611DFD139E5A4
:10331000F51E377F1DF01919D1522F100818EB0137
:10332000F7A21D5FD2F0F8E10BEEB41816DD30E223
:1033300015EC4FE1F896DD5EEBDA0BC11ADB1826CF
:10334000F9173816AD12EF34131C0FEE152E9D161B
:10335000F24B0814F6E510502D7F4A4FF60BC10EC4
:10336000DCF42D19F70218D1D89AEDA3FC3E0327FF
:10337000A118D2DE5C967F16CBF6741DB0D74159EA
:10338000FD57EFDE04C20AC5ED2F2C26F5F3FAF740
:103390000B4F5AC256F12B09431CCBDF0AD0D00D7C
:1033A000D4FEFF2E86EF181B223C0520F9DF5602C3
:1033B000C3357BD42EDC3923F72AF1D3F9A9102B9E
:1033C000FC7F14D258E908C727F9E047C4DF44411D
:1033D00023DCED0CD30EBD25FD570ED4C7AAE39612
:1033E000984A4CEB1E30141DD9FDD709DEB5FA04FE
:1033F0002D0343FCFDA728E9F424FF10F112F0D6B9
:103400000ADBBBD7DD520B53F72DF0F8E9BED932FA
:10341000E12B2EF798EE00F4350CAFB00FEE3DEA3D
:10342000EAD0B27F3909F33A0CC9EF8123FB283186
:10343000FBBCB01C1B19BAD519B70926C2D1B808F4
:10344000091ADC17F9ECF8EF033DE3E6341BFE1331
:103450000917F30ECCF0F9F494F62EFF0C272CF29A
:10346000D2EE2C03DE18DDE0FD340C44DA2FDDBC97
:10347000EDFFD8D754489CB3F8EB3A2011EC1BAEC3
:103480000281C422F8E2FC3FEA1F1F3354FC76009D
:103490003B10F619FFF252151852F6C04C2DB637F4
:1034A00069E90D1B25B91167A042E0D5F5FBE220C3
:1034B000EAF819F30B1D030F0E0CD9092C45D5D5CD
:1034C00021E50B05E912F62481E9E20E50E80B1420
:1034D00002CFDFE8D6F2EA4BF103123111160DDC10
:1034E000FF28DCE4FDED00FDCC2530C3F0BEE9474C
:1034F0003F24E4D0261BE0F41215E5CC29EDDAF2E6
:10350000F907E6CF132FF2E3E71C02143B1E2F123C
:10351000220809281036F2350BECC5DDF30F24F62E
:10352000E004EF14AE01397F4B322AD8442C0A163E
:10353000E7A00FFEEFBE00C1335B41AB0E2E3DEBAB
:10354000F2F9F1DE0FE337E7FEF23D3E0CE6F6005E
:10355000E1E4CD1D44C401DC0A794AD27FFBB623E5
:103560001B021E11C1FE1818FB37F90AFAC1DC8DC7
:1035700017FC163E18CA57313F6D27D00845F35344
:10358000FDCD030108F5C752DEF1041FFFEB0FF874
:1035900020ED5F23D9CF09F91255DCF528F3E915A1
:1035A000F0EA8B7F1C03D2150BC7110AF527CE2634
:1035B0004A2CC8F00224EF1836EB54FA108100E8C8
:1035C00048F5330609EBEBF1F5ED171D25DCD4FFCB
:1035D000120514E0001D3309F538F7AA044E16FD54
:1035E000F5BF06DBAE73E4D20FB201F24D7F354476
:1035F000311F260BE23DCC0825EBC615D91E35D070
:1036000049AFFE1446F02D9F1724DED914151F472D
:10361000EF21D0F20E31BD0329DCC64011ADEE1D05
:10362000EEF6E3E5533AEAC2151C36D9B695C35017
:10363000ADD608D1541C360CD8E91ECEEF1E81DA67
:103640000F8AE71FCC170BF69048C7F709C702246B
:1036500028F2CAF929DBE5CB1FF3E448D31AC5F1F8
:10366000132811F41C430F5782CF42D82CDB1D3393
:103670003F690C55BAD910E5F962D2304EF4E6DF55
:1036800015CA77D33AA7B0B2BF3BECE9CDFAB4750F
:10369000330C335BF21ACB4D45567EB0D92BD90E85
:1036A0004981A0F668D1F8F7041448E8E22E5019D1
:1036B00030253EF507DD3CE5CCFF03F426EE150989
:1036C000FE1120D8FBF63B26FAEC3820FFD93F004C
:1036D000DC13E10BF0E0087F0B0533E5452C0ADF36
:1036E000D61315DB06F00DFAACFBC123D8EE0BC4E4
:1036F000C4042CBAC627D1FD3BBF1FC9F25A16100D
:10370000FADE381629CFAAF9C00538394007F1F793
:1037100040083CDD41B110A4D4E03D907FD2F02AB6
:10372000EB101A23AE3138F2DDDE2C2CF8F2CDF29C
:103730003FD038C7FB582ECCF9EC22D1D120CAC1DA
:1037400030000040BC3CF8291E273E401A012111E0
:10375000FE15B9182443BE2DD31CD5D7C8B149478F
:10376000BCEA207FCA0F91E9E4131DF2CD37140B98
:103770001BF62114440657FECDE62425D8DD300C77
:10378000C505FFC5E91E32DFDD08484D2ECF163BCB
:10379000D1F57F102CE70204C60666F9C8D73AB205
:1037A00017F4DB0D1805F029F1FC0FD9EAC20C253E
:1037B000E5BCED1318092D321345FDAC15F4DC14EE
:1037C000DDDDFE26E2FC367F0E02E7EA1005BDF2E3
:1037D000C0E0E7FF3A160CB903475EC11405D8E60E
:1037E00039AB00E2065EFB09E31FAA41440D07F274
:1037F00081144651F0B449D9B59AC941970E14FBCA
:10380000CC75EC1EE636B891D8EE66121E35FB225A
:1038100057FAF1164C3CD5C8384B48F755B6905E70
:1038200020E1DB970302255627FBEE30DFFC4EDB61
:10383000F612223A1BF90B0E00E3F0F2FFEE4CD425
:1038400015244DF6FFFADDF7C51A390416AFEC7FE3
:10385000292C2CEADDF9383D4BE2E2C80621A40709
:10386000363E124105EEDE0CD6B6D6ED0AE4F7FE82
:1038700017E42BBB37CC1DF2E0E0CFD1FB81CA1C93
:103880004EC0E1F3BDF9E1EE26C01BF24AE2FB1F98
:1038900033FE1AB40846FDE3230AD7DE3513FCF7DE
:1038A000F12B17DFEE09CE2CF0FCFEF925F1503795
:1038B000DA23FEE1373FEACFF0E0E221F82B7FEA9E
:1038C00021C838E409DDBFE293D9EDD5ECEA4251D5
:1038D0001FF1212AEAEFD217F3DF090205E1D265D1
:1038E0001028BF0B1EF9D7FA00FFFEFB0C0EF9EEF5
:1038F0000AB56A135D3FBE4DF3A2CA21F9EE71030A
:103900004F1D4DB1DD4ED3F44737E514E9AFA4D5D3
:10391000E7FD520C5158A8C9810638E81734BAF9A6
:10392000A132243618DCECF32B2A3AC8E3B6B35F95
:10393000262C1DF964C439EC64013A06EC27D71330
:10394000682CA0F8ECBF0036F51AD09F082C308107
:10395000042B153BD3F3D9B97A26F6CA5535CE36A2
:103960003342F845FA4E521C1304DF0649DCC2F21A
:1039700022D44F1BE0FF2BF807FB52ECD56D3E0A1B
:103980003A064A0014FEF2FE9B1F59B8BA8148E974
:1039900018F6E3EA1B301F0DA11915023DF61F288A
:1039A0000DFB93F7281F29F9001A7FF1ED3F14381A
:1039B000E30AF1D42E04F127F7F0E2204ED710539A
:1039C000D9FE1615E7EA1FF3EDE122FCFFE312F042
:1039D000D4D2D357161CE8D71434E9924FCCFFFE4B
:1039E000EEE0E4180049D43F46ED13F0330423FC25
:1039F000021AFFD0DF27D3F11F1D8FD20A263C24E5
:103A0000351232D61B2E3FDDC037BF1D3E813DDE55
:103A1000F40D250A430608FD263F54D6EDF818E8B4
:103A2000EFF1C8053EFAE854FFEF433281F8DC0BB2
:103A300003CA172F7010042ED351DBE719ECF5C918
:103A400038254B17EE04BA0FDDFF5DCDEED723D03E
:103A5000EFEDF3EF04ECD8F710315C963A1CF7C5A4
:103A6000D93E29E53C59FEF7CAF02DD0143D2C9DD6
:103A7000D497DC1C53C5CA8FE1E85247B0F974B43F
:103A8000088E3037262907AE8991E23CCD14F1B675
:103A9000EEC761DA5BEF4F10155CDFDA09D08137D2
:103AA000FA01270E14141E5D9B0F051E52843FF071
:103AB0003FB7DA2A7FAC0A335FC30035F8D2303320
:103AC0001118CB1B9E1465DBD0D5A9412BC618A9B4
:103AD000255C90D9E91B2703EB13A0EB180AFD0620
:103AE0001630814FE8632735114273EE21012A2FEA
:103AF000E328DE3942D7013902AC09F00047C4D3CC
:103B0000399107CFA1F6DCB90CF136AAD7E538F523
:103B1000185248091C3F0A23FE122CAEE33407F763
:103B2000F5D0F3EA8133AFF1F77FEC24CF0603D869
:103B3000BEAEE62426AB1E10040C5EECE8F2CF0607
:103B400004030EE90A1E0A25E859FE13E60FBBF826
:103B5000054EFDD6E21EE6031FF11274522A6A14C6
:103B6000FC0610CAD05937BDE5D82A1FADAFEA4CC4
:103B700027CAFBDAFA0B20FA223F3F19EEE011EADE
:103B80007FFAC8C2051E2B1AA03942B83EFC20B9E4
:103B9000E904BD25CF1BE4C1C23BD0DB104ACB23D7
:103BA000D010BA09442B2A91DCDDFF002B48252ECA
:103BB000CF3124F40BDB7F39C6EC0A31F9E3F54051
:103BC000F8FAD714CED818EF55D224C01ADDFAE28D
:103BD000F3EC320DD500EFC22C38E300EA073708CA
:103BE000FB02DB4FF722BEAD1513E72BE0D839EA15
:103BF000E4E0D4231E3754D909F2E82D37D31281DB
:103C0000F020E6DEB6F30910D706DBFB35EDEA104F
:103C100001450030ECFF821D062B3A2DF8DDF9FE40
:103C20001EEFE3D3C5C70AE4CFDC224CCB571121EA
:103C300043114D17B105E633C381E5DFD93A4EEBA9
:103C40003833E3BCB368EB0C6445EBCB1D1EE59841
:103C5000F279EFCD0FD62AF3D00301760CEC5AD2CD
:103C6000AC1FCD2CF725C30D96D010F0EAC3E95E4A
:103C7000E5B304CF1AC2BDC63CEF2234791F71E40C
:103C8000881B612E36E5E3F4E351ACBECB45F93B2E
:103C90002C61D85C1BF1A72A9D45FCCDB9BC3BE645
:103CA0002B383FCE0949810D953DC738C525BFD476
:103CB00062F3EB2D061502C3BDA43B34D0377BE67F
:103CC0005EDD0EBED9670ADAE640B0E0D6BDF1A4EB
:103CD000E01307C2812A880AA9213AF82EEFC4F41A
:103CE0008EDBD4EB3F251C34D3E3390B0FD0ECA78C
:103CF0007F8DE3DF29D41BD000B7CAFAC942AAEBF3
:103D000029397821CD2C87312C350E2CD038D9C7C4
:103D10005EFCF7DE92C154EA0CCD0D26D9B133D347
:103D2000AEFC35C8F7F2BD192CFFF3080B5B215828
:103D3000312AE4F5663035EDECEE4F131EF5222FF7
:103D4000E8D60ED1DAD3F2FE1F2D0CD9FDB7AE5155
:103D500020F0181A15FDE440CC18DC3636DB0402DE
:103D6000D8EBFD7F2CFFE509C418DDDC03EB151F44
:103D70000E29FC3100034021FE3C0402DBF4E8EE96
:103D80000CED16F935DE0B7FDD25FA40F2D61A353B
:103D9000060A2CDFF80DEBD1032F38C50D1DE00E00
:103DA00001E2071FCF0906F7BA2E353DF96ADF0F8A
:103DB000D1E93BFADD31FD0CE9D2D611D713E4F09D
:103DC0004FCF0B5C1E4DC62CD2EA419156401021BC
:103DD00081CC0A4A1F0BDAC7C93434A74564A9EF5E
:103DE000E16263C857D03A2930EA4FA3CBFA28E6FC
:103DF000E2A8EECEF6BA81C715EF3A3B0DED43A827
:103E000052C81CC3F651D8D7D2DD8E6673DB0DEBDA
:103E1000B9BCE0EBCEF839C6221ABD70281245C4F1
:103E20001434B93123A4166F0FBD08ECD6F72A2439
:103E300022B93C03348AF6BB2966053B5221FF5761
:103E400014DC33F3EAE6AFC7134AFD8152CC0D947C
:103E5000271CE31C323CDE5414E9C97AD2DCCC2C9A
:103E60001B336301A13CDFE5E8E9273111163E1958
:103E7000CEEC6019E0F1EC0101FD01D0EA2AB401B9
:103E80001CCCADFA0C260D221D1DB813192216F2FA
:103E90000581073EEEEBFC1E313313EC950326D66D
:103EA000FF3EDE051F3D23032AF646B6121240CB25
:103EB000CC96DADBA5BA3CD20F461920D7043637A8
:103EC0003CF3373FC2FE7FE053DC0AC622240FF2E8
:103ED000BEE534CDFEC403159ADA10B0BD3C00E354
:103EE000B1E2C102D4EFDCECE8160B81E938EA223A
:103EF000073FEDF10802FA462B3E23CA480DCD08D4
:103F0000FEEBED020A31C620903C4F060EE6C70ECE
:103F1000FFBA0AFB4CF9BEBB18F20C0204DE64F1D6
:103F20009850F50B38E7EF5A4351CF0DC1F6DDEC51
:103F3000F90E2762FAEF05CA19B8961E289CD43EDE
:103F4000FDCF1DCD062C1217F76A3DECD0FFFCFC0F
:103F500001F2BEF329F1BD400E1C163615022633C0
:103F60001181F70930E7C63DF6C67F271C2D332A9D
:103F7000D8F6484AF7023AF6870F2B3BD10B6E0171
:103F8000D329F6DA06F807C5DCBCD7C9C7B41021B7
:103F9000CB1AF039F7529BDCC1D8E30228D0CBD240
:103FA000EFE43513F974EDDBAFAD77257834EB141E
:103FB00032FFE2F4E93830C1DFB57F2843711C4D90
:103FC000F3A62A011AEF68A1FCED74EF67EBB8E8DD
:103FD000781C52A8F9E2F3F3BB6BD275E900E6D680
:103FE00015D78C22BE8505D18A96D890E1CB3B258A
:103FF000D7FB3B17FAB625ED41A5F28E07B16AA5AE
:104000005D1E46EDE7471EC4AAFF35AADED30CAC01
:10401000E504D135DA06BA3DFC37F127EFC781D088
:10402000292521F3E631BFE702FCC0F209BF0ADB14
:104030002B290781D4FCD6D10C1CFAF22601D80515
:104040001CF9E8F24419FD3537CFEAE93538F81A9A
:104050000002C4DEF606B4DF21D9E662ED3CE510CD
:10406000E1F6FC141AB50DF6D23126C031B4430086
:104070000EC6ECDB1FE94DBA0CDA099FF5F411F816
:10408000C8BFF1ACD0DB04F52379AA04403814FC96
:104090002E32463E818423073248BD443942C3C88C
:1040A000200221ECEFCF14A204D8119A1BC11BE40B
:1040B0000BF7E21DBA0606D3DBB61B17EA1EC15288
:1040C000FACD04362DC20A35F71C3DC881D9D5B9C1
:1040D000BE3FC4F10BA049D3B7E5A42DE9022C6182
:1040E000C434322DD2A5F5C6F21B2823DCF9FFF427
:1040F000D832FE190F2E65F2BA0303E632122538C4
:10410000EE09E1FE12162E2C2331E707DFE8DDF879
:104110001ADB007FF325F4DFAE12F91D392BE2FE26
:1041200012072E23FAF6B41CD4E507B3264B01FD83
:104130001821F4EE1A081113398141E8D809C9127F
:10414000F2E7D203FFED120BCFC3FFFA1010CCE65B
:10415000F31CF8EDF80CB916DADC17F9133DE02181
:10416000CAF1F3D0F0F1FE0EE86AAEC2E55D4D1F74
:10417000ABFDB69DD1DC9518023D308159471D2914
:104180001CB8DF67230A3810937432A037D1A52EEC
:1041900018111A664554F1C9CFF9A12B171D39D052
:1041A000C9256FDADEE912D49C1D1FF918EEFFCC89
:1041B000E648F3ECC8ECD9C7F1CEDD463019BAD0E9
:1041C0004A591AE0EEEED41C5C42F9CE0D1DD01D0A
:1041D000DE23E203228D04FE4A5DEA100E1E2291C8
:1041E000F4811FC4D91107CDC446FB0AFD220D037B
:1041F00013D6CC110DF24138F3DC18F9B781F3FC7A
:104200004E04522E2756F04F25F8EAC009CD0BF385
:10421000E4F73A5D03F5F347262812BB36411D1D2E
:10422000DA3F0FFCBE2A2ED1CA230BEC20FEEEDEB5
:10423000CB31FCF85E3C10110908C71C350430D99D
:10424000E11B07DCB55BC9E0FE0324F807CAA93C03
:104250007F172525043BE0FED9EC013F19E5FBC79C
:10426000E31EDCD9072A1EF8CE0F32A23BB4BD19DB
:1042700081253827F2F5283EF6E0009DE9FA25A9C8
:10428000AC01F43ECCFE1A93DED8CD4EEBE8EE48FE
:104290003523DC2A0B0917EBC92C17F6073614F562
:1042A0003E13FD542CEAE0AD15CB2AB32F2DEDC5FE
:1042B00038EA1DDE09F4E6C4EE20FFE60DF4129E96
:1042C00024D156C70210C1EB3D14010E0C3E100F55
:1042D000587F001CD4B6EBDFEB1BEDE02C0C25382F
:1042E000E88C1F392D3F0CE1BFE77FD42B0D0B234A
:1042F000F442E5DCBBB00FD41B1903BC363DF334EC
:10430000705C50D517E4F8290A4C2E0B1CD2EC0136
:10431000DA31C93CFCF7113BBB7633EA6DB7CF28E5
:1043200012031729F00026ECB4FBF1DD3719D21B7C
:10433000CBC227106F2CD9FEFDEFD4CCD727FBF7CB
:1043400041D827EEFEE0A940F6BFBA0D7FE51C1765
:10435000D9AABB8ED39CE94393F7132A4105A9E55B
:10436000F743E6E9EBC0E20E0A05F2170DDA1CD4BA
:104370007091E235001FF68429DA3D0BC8B3F7C807
:1043800046F1E7BCD4020F3C0D4AFCCDE11CDDD266
:104390001D11E90CFEF7FC2A117F370C0DE8CEEA5F
:1043A000DF3B262CD8094D26D6D921A84A37D70C71
:1043B000F80DE05213FDCAF91EE9EE3F57A92FFC94
:1043C00022C02DE4C2F8334A01E6EAD50D9514BEA9
:1043D000E623E8E8E23D26CCDEC6D331F91E3920DB
:1043E000BA811D09D4010417BFE2DA81FA2A361610
:1043F000C90431A8B3ACCD1606C233C4D3D23262DD
:10440000DCCF1B8456B49A1B170A5EB659FA06FE17
:10441000421C2AFD2D5D0331E5D012F74BBFF3504E
:1044200048FA0B1819CBE817F331A2C90340469498
:10443000F88115FD273FE4CCF72EBB0C16FFCEE527
:104440003715DB4D87F6FE3B21E83814DD5C464B23
:10445000F225F1DEBE2A0E0A15C867BF01C140036E
:104460001DECC9490DD0EA0FEDC7B4C80421123CB8
:10447000CB32DD07F7C13CCA2AFDF3CB0803FFB1FD
:104480001A9E3B93591F0C818B202909EB41102860
:10449000EC1230E4D4FBC71F08F124E746EAB25718
:1044A000F2FBC30F24F5A91E21E71E21EA10F41523
:1044B00007FBFAB0B39BFDB8D2F4C508CFE3E3D84D
:1044C00045273A81CC25D43BED19EEFBEFE8FBC341
:1044D000C901192719BC28EF024809F9D224CF0DC8
:1044E000BFC0C104B7CAE4DDE03D063A15DFC36EC4
:1044F000EC5E7BB3FEFF7FFEDF22D498FF001E0838
:10450000E45E678AF43EA9F5D9CFCDB1052A11281A
:1045100052D6D71D2E15D058E7EDE7DF3FA910CDB5
:104520000831050F5E2812CCD07F21CA822C1CF8DE
:1045300036B236D007C93EBD0BEABD02F64CD501F6
:104540000AAEDDFEE91402F00655E1F2E2CDFDED22
:10455000DCF94502F421FEF305283B14362FF5EF74
:1045600014F515D41DC0E008EFC9F9EFF93DF81AAC
:10457000F5BB0CF0CCDDC81E981600B8E20F3F2E3C
:1045800039D8FB81160CE0F908162AC80CF2BB36A4
:1045900008C5F30742EE2155E0EEE6E4F9D7B1C6CF
:1045A00021AE1DF7FCE0FEEEFDC7CA050846F9B9CD
:1045B000320E5247DA1B30EBC808A8EAA6D2557F64
:1045C000CDFCFB14442AFA01F90702B828F01AD4EA
:1045D00009DEABF67F3EE3AC64E7CA9F3206112BDF
:1045E00052D2E6004FCE25F0DD15DECAB9E2D30E79
:1045F000230BBCFDB3D509173BFE3AFC4FBE210C83
:10460000D7E902FB02FB5DF77F2F13F510D9EE0C03
:104610004DFD44F0260A2029C24419FFEA1A12234C
:10462000E2BA0C640805BA122A24D9D349B10E5B48
:10463000811E0BA80300B2FC2C5EC8D61818A4D1AA
:1046400047D35840FE54F1E8D2B20365CAED16F2E2
:1046500020F6C5DEEFFFE542F8E419C038CAE0F7FE
:1046600045351C0FD7E62E12C8F9D0E37BE424E4CD
:10467000C8C3ED3CA8F0ECDA48F318AFC90BFA0553
:1046800020C74929E5D565CB1A0ADC2700DCFF0FD6
:1046900070FE0319FC3EAFC5B86F7FBBACD81838AD
:1046A000B422C7F0F4E91AF0EC3BFFD1F6A303FF04
:1046B000D8010622B7D1EBCC2F08E51D03FFD8E0C7
:1046C0001C13E7DE812BFC3530C9FDFC321335B8F5
:1046D0002EC3EC2FC4375F07305A34F84BF0047602
:1046E00011B23A04D505D4292354F6160053DA360C
:1046F000307F02052B5EF238E2CC4341160A4EB5FC
:10470000E0FD21093D09CD3EC100B93DCAC10744C4
:104710006D1F73E1EC461420EE1261A4E4DD95F206
:10472000BCF5064A0FEFC958E71D48381846E77F21
:10473000F03AC21D74C43AD70FD43203F05127F5B2
:10474000DE33591A30A6C948D9AD0522CE97EE46B8
:10475000E12B140B4F890B55D3FFBCDA5B1CEF3EEA
:10476000C491E4220A97D4F4E13B3DD38125CE08DD
:104770002FC5E0B6ADC9B12B212940964BD650527A
:10478000C3F0E7CFD869533816AEBC210FA18F2EE6
:10479000544AC729B3F3FB215CCA1134CF2B48A775
:1047A000FCF5E873BEFDECF7F362EE42B9A6292EE4
:1047B000BDDCD72C46055C1C81D6EAFF685A00F0A8
:1047C000E425081114CCE80AEA30DD3EE0F1E60504
:1047D000E60AF1134E57C65AE1E6F1040CE0FCFD7F
:1047E000E4742D06D4F825EBCC5DF420DA7F1605B1
:1047F0000CFF42C3CC0C6FE1F2FFFEE9F1C7E619F2
:104800003918CCDD30F101FBECEF40DE08DBC817D6
:10481000B52434D30D10D208F4F61EEAD8F42DAF27
:10482000BBA909072E43241A061F18F4CCF0E5662D
:10483000F6F85FD70BCA3AECE5F7EC9B0EFC7ADC96
:10484000E0F6E5303CF61638CE7F50B7F3D82FBAF5
:10485000F1FB4B0CE5DAC92DC40DE31D14F79DECFB
:10486000F909EEFD0CF8C6B9F40BFC51BFB3DBF44B
:10487000132AFE0533E0D4CB4CD8F5223B8162FEEF
:10488000F70A9AC8D3B9CDC242ADDF3984482C3873
:1048900031E3DA2C6454D0E923C31651BEC89AC15F
:1048A000192917382BBF021832D319C836E3162B33
:1048B00031FEEAFFA802F2EE2DE2EC2CEBEDC30B89
:1048C0003F06DCDEE23CD8C71719EFF75B1EF8F0B5
:1048D000C33D33B23E22FE0217040BF1D112E8FAB7
:1048E0007FDD0D7A92FA094DBAB5FFFF0400000092
:1048F00000020000F2F5FFFF5B0100005FFDFFFF1B
:104900009FFEFFFF8FF8FFFFB6FEFFFFA5FDFFFF35
:10491000BD020000DCFEFFFFEAF6FFFF5DFFFFFFC8
:1049200022020000ED02000091F3FFFF620300008D
:1049300084FFFFFFB2010000DF01000029FFFFFF3D
:1049400005F7FFFFB8FAFFFF8BFFFFFF55FCFFFFE6
:10495000AB040000C4F7FFFFABFAFFFF0BF5FFFF4E
:1049600059FEFFFFB3050000E3F6FFFFA8F7FFFFC6
:104970002DFFFFFF850100009C000000D8FFFFFF16
:1049800091FDFFFFCCF9FFFFFC01000032F0FFFFBB
:1049900070F8FFFF05FEFFFF66FEFFFF63F8FFFFF5
:1049A0002DF9FFFFC0FDFFFF0D000000B0FDFFFF70
:1049B000EBFAFFFF0BFDFFFFC90100004EFFFFFFF9
:1049C0001802000027FBFFFF8FFAFFFF7AFDFFFFB1
:1049D00039FDFFFF39F5FFFF1303000008FCFFFF5F
:1049E0008DFBFFFFEB0200008B0000009F08000022
:1049F000FAFAFFFF07FCFFFF3DFDFFFF71FBFFFF22
:104A000072FDFFFF44FEFFFF70FDFFFF8EEFFFFF13
:104A1000FFF3FFFF0BFAFFFFC7FBFFFFE0F5FFFF10
:104A2000A9FAFFFF19FAFFFF24FEFFFF6BF6FFFF55
:104A300045F6FFFF16F8FFFFB7FEFFFF6FFDFFFF14
:104A400028F5FFFF17FAFFFF45FBFFFF42F7FFFFC7
:104A500012FCFFFF14FCFFFF84000000BCFEFFFF00
:104A60000FFBFFFFECFCFFFF9204000003FDFFFFC4
:104A700019FAFFFFA1FAFFFFE7FEFFFFB9000000F0
:104A80001CFBFFFF0CFAFFFF04FDFFFFADFBFFFF68
:104A9000C5FFFFFF37FEFFFFDBFCFFFFE8FCFFFF6A
:104AA000FFF7FFFF34F8FFFFA4FFFFFF61F8FFFFF0
:104AB00014FCFFFF0CF9FFFF3FFCFFFFEFFFFFFFC0
:104AC0004B0B00004AFDFFFF12F4FFFFA4FDFFFFA8
:104AD00016000000B6FFFFFF6BFEFFFF45FAFFFF69
:104AE000DE020000ACFBFFFF30FFFFFF62FBFFFFB9
:104AF00006FAFFFFC6B7FFFF0400000080000000B9
:104B0000D80A7F0EFA24429B1C27F5B7C747C8BCBA
:104B1000EAC80918DDE30E13C3EB27A7B7D0DFF10E
:104B2000E494B0DE35D6CCE65A150DE7DAABA8F73B
:104B3000DCD3DBB5AFC22145F7D14CCCB7DE9D1D30
:104B400045A924CCF3DD21DF30F0ECB337F61C6B44
:104B5000F523F0B2D806BFD4D9C1E6192A9CCAA65B
:104B6000ECAFBBD71F6AC1DF54CC0BF3FFAA1E3FCB
:104B700029DFEA9A03D40EC8DACC25A1EEEEA7BA53
:104B800052B8FFFF0400000080000000343B64586E
:104B9000686A68E64E58473645691D192F10405A15
:104BA0003F533F4E11404F181E27463439E22256DC
:104BB0004C3F584A613A4D3B44FC327146343949C6
:104BC000F0346A3E3E0D50460A5BDC3F5F1C5740A6
:104BD0005443543F4B6435197F2E40584545443B60
:104BE0003B5232353F274B577EAE2EFF5F02124BB2
:104BF000585C1C3A513A545C56E0506E473F428034
:104C00004B605D28484D3118354CE531DEB8FFFF6B
:104C100004000000004000004B40A00C23BC2FFD0E
:104C2000C2EDEF8C09B4FAF4B13A9156070DA543E1
:104C3000038AC781A3D1AD53E52A34BB16DBC1DD9E
:104C4000FC2A15452FA1FD5242F0FF30EDFE16F46F
:104C5000180352AA0927FC4132D4028143132FA919
:104C60001620A1CAD082CADB14E1C40CEC04BF1721
:104C7000F631251D30F89CE79DF82CDC20DE0E1E59
:104C800008E2D50411547EFF4F35BFD2FC1629111E
:104C90008E086A0CFAFFF729C0F1F512D3C2E7E6D5
:104CA000F4DCDEE70824FFE4E5D4F50D36F7F51271
:104CB000F0CECBE306DBDC38EC0FF4F5030F22FE7D
:104CC00012FFED05F4D2FDD0B1505303C5C1E02E63
:104CD000FCF3AFFD34B90EE5D4D9E82246EBF60675
:104CE00000C8D3271E1750EC151729FDCCB925088D
:104CF000F3E8D70317112EF9CB35E6CD140FDFEC0F
:104D0000BBD8063D14252C05E82BCCEB072218FF59
:104D100050F919E62F02C881E6DCE79A1AE5170771
:104D200044F7C53D3AE3E2C2F2D2310FD6F9EEDBE9
:104D300021D02732FA9C1E18C004F0A6FADFCBD689
:104D4000D33C1AAEF4EBF9F824DF22050EE5CCDCF7
:104D500015AA39FDFA1F9325E7E8AEDE45D106A175
:104D60007FDF2047341414F8FE15F6B7484CC7DA35
:104D7000212DD4ECD9E5CEF289D21D9D085B338B71
:104D80000926F5F8B0D60CC932CBCB120AA9CDD87A
:104D9000F710E9FEF634B40A01DB0D11CBAA81F35A
:104DA000C6CEDBC1FBFAE40E0FF4D641CAD3E00055
:104DB00013F327E8C3B22DA1F8F30BBC15E1AE4EF7
:104DC000CBE2F7C6EDB733180CF8F9F5302D5ECC11
:104DD0001CFF79346BD41754FB25F0FC322E10D312
:104DE0007446D9AEA7CEFDB9C7132BAD42F9AE2993
:104DF00031D451FD1A0BAFC855C53DE3E709F73073
:104E0000E7F2A1891A152CF21404DA481D1CD10608
:104E10009ED60BF1E9D4EFF4BBFD2F112BD378FC18
:104E200004E0C51AFAD4F107FB030D151CA412FA0D
:104E3000F1D8B8F1BC10B8DAE435DA19E2AAC8CE74
:104E4000122B34B6A82D2ACCA3C62DE65BAF319E1B
:104E5000B51BF3FE98F414143DF729AC4FB7B6E236
:104E6000DEF8C3E50716693F22F571BF95C6DFEF8F
:104E7000BDDBD285E1EFEE04F8FF142D46E0CF183C
:104E8000A4B6C0CD0E2E16BB0E3B3021E612028119
:104E900038D023F42AAA150CDB08612302C87AAEA5
:104EA00031003304C4DDCDFAF810D3DDFA9526576E
:104EB000C1B1B908BE39BA5797201D40E4EE43D9B5
:104EC000935FDCE3F4CDCEA0DE8FFC1AEEFEE4B8F7
:104ED0006381C1E7E0130612FBD034B134DDF5F68F
:104EE000D51DAF01E5283CD9552AE401D3E6E7EB0F
:104EF000EFA392C1E0D742411D20E112131BDF1B3B
:104F0000B8FCD6E3F8DFB3D821B6DAA2B40036EDA8
:104F10004830F9D711D0ABDF5B0E030200FF152933
:104F2000F2E9293BA3EC1AF8E4BF1BD1FE1A2EDBF1
:104F30000AD00621DA36CD301227DD141F24229A3A
:104F40002CC7EB88C6DED62135BA54E933E41B35CD
:104F500028D4FA02030D9ACDDE171944C609A467B6
:104F6000F2CEE7E82A2C2F37ECBFDC16FCF03B8DA5
:104F7000E5CCB2DB81D8D9C5EAF2122F28B4D00330
:104F8000DA44ED1FCC032B39B99A6B3FF0D90B1FD4
:104F9000DFEB050CC3DCE499F7CC1E0CD5B6ECFBBB
:104FA0003317ECDCDCE7DCDE3BE7F6EE9ACA1CDD0F
:104FB000DB2B3E43E4CC2E0AF20BCADA23D99E3D0A
:104FC0000B17FAD2E2C3070724C920FCEA1EB81067
:104FD00018DF1FF432DDFA038106DBEF230BF20D3D
:104FE0003532B817C80F1BEEFCFE25CB3409FCF296
:104FF00032E23EF705CE0205F7E302CDCEE4070428
:10500000140AD1C303E3E612C305D0E00DFFF8FF95
:10501000070D2F0E1FF0EC150CE6F5FB0EC3F21278
:10502000183518F12FD233ED2CFBCF11811722EA5E
:10503000F41DFEF1A8D9EE0A00C931C35FF6BC57D2
:10504000EE32002204F02A111EF2D21DE90F0EE208
:1050500038D22F111E080617FF01F2DD21BC100FF8
:1050600040140CD4D0F5E7EC119FBED340FDB7E05F
:105070004D12E407230C12AB1CF41FBFD6FEF3FE47
:105080001C17AAAE07E143D93116B2110024DBE4A4
:10509000A01F63172DE4E51E40DA620EBB20BC2D75
:1050A0004C07FAF9EAF3C7EF27FA18810BE02AABAD
:1050B000F9F8DE1F1F343BE42B11E4FE4B08FDB56D
:1050C0002A4526AFEAE3FEFB0007FBF611F31D5B62
:1050D0006FEC10C8FFE9D318E508A0FC4D35B1DA34
:1050E0002CFDD114F3FAEB05C7DA023B0B3EF7E6D1
:1050F00052D79399EE30351208F0140A40A9153DA5
:1051000003340352CF89EEF6E5050A25E7E4F0FD06
:10511000F3DB1D130C0C1ADAAFCF56B028EBC52CFD
:105120005F501AC509FFA2F832F337E82F0A4CC0C6
:10513000FF5137493B0420E01424C7F42D29E2F63F
:10514000E74F1BBE98D710F10B25E5F731D1205A58
:1051500054E305E8D905EA12D602E2E530C0FA2E9A
:10516000F67FE541D341C76609EE46E5E431FDDB54
:1051700031F4C98308E038FB97B7F00FE8CB3D2244
:10518000FB1711C8E0948DD3EE1CF04CBF9E09B6FE
:10519000DD070FD0B237EE093150003781F40B171D
:1051A000570AEDF01E27C8A32CD34B4A2D00ADB2F1
:1051B000F48100ED02C635E2ED4312FAD1CC3E0097
:1051C000F319B7C1861C7FA1B4222BA091F0F3473D
:1051D00011DBFEE2B4DCD772E26685BE472AEDB58C
:1051E000CFD7D4371207B5B7EA2DFFD74641A2EE85
:1051F000291FACD3652A68EB1D3BDFB1411E42126B
:105200000F330A30C7E2C2EA33DB00DCB00BA3EC99
:105210003840FB14B84BF5299504C811212FD5ED62
:10522000FCC4E381021C4C359F9CCB2CFC4738F31B
:105230003A1005B70EEFE744191FADEB44F85B4198
:105240000FC3401D2418975EF817FDF0CDCF08D38B
:105250003D2B1EC5D411F30513DFF41F09DB0EB37C
:10526000CEAA5D054DEDF7661A241F2F24D901E45F
:105270000901DF36F8F5CFEFD206DAD90E1F4B3829
:105280004AEEAB04DF47231CC9D017F0E9F30FDE69
:10529000CB2ADECE02BA42F0C1EDDA2DD996D01873
:1052A000F22AC3DAFEDB1147E4D4812D2BF7E8F1B3
:1052B000EFF03E2F343EF827EA23D9CF194DF7CD32
:1052C00009E31CE7DE121A07D3E4BCE0BC0FDD27BC
:1052D000342100CBA0F5F641252A13EB15D109287E
:1052E000EBD61916D190C12DF2482EDA1905AEFD74
:1052F000E819A902F7F6FF1623F70B22E00BFCF7DB
:10530000DDCCE7C0DE2A1A9AFC118CCCD4F0FB105D
:10531000DF092028CEFE1A1E282511E3D1B620F27F
:10532000CF0D00F21AF5E0FDF4F8DCFDD0F4D8EB77
:1053300005DDEA00EBE3FFF604322CF4060DF01A6B
:1053400011300CEDECFA261125D230FF0CE114FDE2
:105350000C102BB815E0E3464211EDA129B7290046
:1053600014050A00E9E0EDE81B16FCDCE901AD13C9
:10537000022FF910140DD929FF15F817F10E240882
:105380001B0731E300F1401832C8F4F502EAE931B5
:10539000F8D010FE1D8125101903E008CE04DADCD8
:1053A000E4D22717DA662411C1D515F930E0F927C0
:1053B00000A8A014B9D43DD8E53404B8A7BE301273
:1053C000F599C4E505F033F1C72BC5CD00F8DE0B28
:1053D00081BDC90309A8F8D1BC1F0EFCF4E0CF922F
:1053E00018B5B32874B614DFB36EF4CA43BDA74B27
:1053F000F336BDF3E3CE280419F913D90C5F10FB83
:105400000FD957B446FC01C8640189F60DF8642829
:1054100036D8CE2805280A1F3DFF0BE5FB0EF410F9
:105420000A44EF34C315FA0C0525B8CF1ACBE3E0D4
:10543000EFFDFAF70B25C3F00DEEF8CB58EFDEFBCE
:1054400054FCFDE005E7D5FDDECE23D1F917E51EBE
:1054500031D2F6D84CC6FE2509F7EAFD1D3C071DE2
:10546000C1F3FE15F1DB00DDB5E81219DB2E2AA031
:10547000E32FFBE1132E14C215D8C1330FA1F4356D
:105480002928EC14ECB7E11B02ADE3350AD0CE06B7
:10549000C1DD1823E4C3F181DCD03DDFC0C827287B
:1054A000315DF6D4EC0682391BF0F8E328D80B0303
:1054B000E4ED52FDC41D34BDF00CDB010B2BF4CC2C
:1054C000872000D5DC1010FA1E44E7F9F213E6300D
:1054D000F4D035AB0FE2F433DCFCE9DD17CAF5ABF1
:1054E0002F06D919AF81D3FFF6B01826F3FAE0FCE6
:1054F000E0B6B9C1A9F620F81BFBC110080BE833D0
:105500003EF333F40BCAB8E80900BBFAE3EEE5203A
:10551000D1E22232D9B8262543EBCFBF03DB0B32D1
:10552000EBDAE314FAD015F4DE130636F7EBB1F834
:10553000E8F4F7E2E239D70042CC10CADAFAFE12F8
:10554000FB1503151F9FC8ED0D15229C11111501A8
:105550002701599635C409271381040EE62573BC2B
:10556000D80CDFEDE4D316D0EBE90C09071995F45C
:10557000FF1DDC2C1E19BD0709C5C41BDAF7F54455
:105580002C15D9EC32E340F2CB92DCE947FC02B4B3
:105590009FF1441501A52201F303361A09090C1FD6
:1055A0001EFD143FD2FBCB1341DFE2FDC6277FC6B1
:1055B0000A20062BDA1AE733F7E5DF2C31FCF0314D
:1055C00017D433BAEF07D5E511F026CB232940478E
:1055D00025F7021207D4EBAA13D0041BE717F52016
:1055E000DCF533F90F6FF61BF4DBBD0DE93221E476
:1055F00010EE2FBCE42C17CAE3D91AD705D8F00D4A
:105600000C07D62FD4FEAD48D22DE21813DC340798
:10561000F00DF4DCB6E53FB3D68C1F12FAE533FC8F
:1056200000CAC90CE1D71DF72DA97F1B4EEF12DF71
:10563000CC52C948DEA7ED07FD0FA9EE332EE1D409
:10564000CB4E1ABCCE2EDA9AD2D32E3AFD9249A96D
:1056500044FA33CDFD182176243CEFA9DAA2081EC6
:10566000F336B203BD0542C93EDE4C22E83F0BA82B
:10567000F7160EE811473C0AC9F94147F517FA0534
:10568000AEF10DA033FE3C144602FAD72911F10603
:105690002D16FE1458DEEDF5CBFE32E411F53E1F5B
:1056A000EBE7B338F312BCE3E3EC0B1E20D3D4CD0D
:1056B00006D709442788FC04EC04BF0001DFF4AAE4
:1056C0000E3E1605DD210BE3BD2831F8098C33C5EC
:1056D00022EF7FE79732F54918B0E2C82CA217AD48
:1056E00038FCD322E21820070AD452BB1818140D34
:1056F0000023BAF9182A2A2FBCC8F3223435E8D07F
:10570000B81609F9E43723B41CE6F8FC8EE90FD388
:10571000131CC8DC390A1BE5F928DBB82CE29E36DD
:105720000E0FCAED2103FDC8D5A4EAF1F1EE25D094
:1057300012D1CB04FF2108F9EEEFCE2B1C07CDE3ED
:1057400009F54BA6E79EB0FBAF26E5CA36ED8165AD
:105750004718FC060D10AC23C1B805F62A3FC71246
:10576000D3C3B92119F2A450F6052CF1A42FADE64C
:10577000C12D2C0A27F821D80518B1E2EFED2CC372
:10578000FE0FE50BECE15A07EFC719F00EEBEADA72
:10579000AF0F36E8DA11E20512FDA9082D2D9FE9B9
:1057A000DB17E4EAE9C5C2D5E7E221BA7113240F99
:1057B0000FFEDEF720FFD6201FEAE3317F38FC041E
:1057C000230F230FD2A603F8FFD8E3050833C62C16
:1057D00043C1E2E7D7400AFCA7EFBA2ABF00BF32B5
:1057E000E2E930FEA7F5F603DC25F502C2D75FCE6D
:1057F000D2FCFA4416ED32CA0716DD18F3EEF8C5EE
:10580000E6551B48D9C629F0F01205F7F0ED200740
:10581000B3DEDA2A0123E2E3DDE2FB9DFCDBFB37AA
:105820000EC516F9ECB5E30C66006584052D7AE625
:10583000F04899D8D919CEF3532ADCE712BF0ED01D
:105840001AD4EC04FD0BCDF4DA04653B25B6FA5509
:10585000FAB801F5171A02EC0D05C952B6DE05209B
:10586000FFF90D112359DA2846B7F00AE332ED9615
:105870000EEA81E2F63C381FCD08254164B036E8D7
:10588000B5E72AA60A1EC6E404E9E229D8E91EB152
:1058900027D4C2FAE12753A25AF72E04D4A4A51C98
:1058A000CF02F6D1E1D4F7FFB4E0BFEEC1D8113E8C
:1058B000CEF1ECCE07320CDD28EDE9FA0B02FAF559
:1058C000BADF154B43DEEC18DEDF2FD6FD2E372D69
:1058D0002D1C14D30681285408A820A4E40B64F9D5
:1058E000D9D1FAD0E3D017DD09212BFBBFA50B538B
:1058F00005045E15CD00D21BE3EDEB00E7F3E506F2
:10590000D8B68DD9602B4402660108FF1B0925F625
:10591000DE1DE321FC2ADCD926035E0BF95ACE32C8
:1059200043316300E62BD7DD2909D415CB49FEECC2
:10593000DC1B24FBEC5F9826D9C49AC3FEF4114FFC
:10594000FFDB3AE0C6F9FF0308AC2D05F7EBD353B4
:105950004FBFE822E1CCFA8DBAFA5142A82AD5CA43
:105960001707AC011670EC16F9E8B53833C345EFEC
:105970001BDA1F35FF0E3DB228D42C4122EA3563D5
:10598000502E430CF096812ABD263EBAF11FF81026
:1059900001C1F0DFF80F17F9EBD6FEFBDEF7B3A07D
:1059A000263406B8B626B3B9F8250B200AF6DD90E2
:1059B000332708C50423F328A0011DE32F3FC4C2E9
:1059C000D11B081BCEBC850A3FE3E5A8CB26C3123A
:1059D000D28DDD07DC1EAC11B5CD95FEF321DB1DAC
:1059E00034F9FF8211CC1155EB4A4317C91A0A2C1E
:1059F000AEE9D70828AD17FFF4CB0606462F1E8167
:105A0000F49E22C0BAE452BF0A12B9E70DD2A1DE59
:105A10002802B013ED47CFE93DEF08BD000EF83C7A
:105A200022CF041EB80E86DDB7D50CD3270D38DA89
:105A30001E2B81E931F91531B3EDF328E22EECEAA2
:105A4000234E2EBEF32FBB093D0804F137D9D9CF21
:105A500021FC26D6B6EBE1E3651DFCECA41FD23D8C
:105A60000E0AD621B6D8D73210BA4322E8011E0456
:105A7000FAE117D803230CDBEF30DDF9FC23F0F655
:105A8000DF42D30E0FEFDF1304D6FEFBF4CABACB0E
:105A9000AAEF0CF6EAF20D1C08D546C7ED1D0F2C37
:105AA000F2091CEEB4BCFCC97FEE15D1E528450017
:105AB000BB24DFFBC309E502F113D21B2B05C3F6A0
:105AC00040FA2B01E11922F21ECA61F52FFE1E2BAE
:105AD000C316F13F2902E4D439DFCD26C1FEEA39ED
:105AE000D52818D9E138422DE8AD2DEF062628BC7F
:105AF0003A071AC9D2EF4EFBE10618F1F7D5DD0FD0
:105B00003129D5B40B148D0AE7F2F006F7FD09AC84
:105B10000BE91128FF023AF38C2AB80717A0B50940
:105B20001F3517D5E80BE803B7BCDE0230E61EEFE1
:105B30001DEDFAFA05D3D585F0D20D28120B4C29AC
:105B4000EBF3E2C2DBA3B5AFBC7C1AD81FEA09F4C1
:105B50000B03BB3A2AA5E5FDF9B6EE58E20908F1B8
:105B6000CF81EEE2D943441E14FBBE1FA8D922F315
:105B700002E79C16F70740A3C721FBD724D01C18C7
:105B80000DA5D3CB650961ED492BD56FC54E2B39DA
:105B90001D282EE92513D18DDCC274E5EA2C2831AD
:105BA0005A1AE1150BF8D5C03F2463D8DCE1EFCEDB
:105BB000C9F643EBAAFA388103DCD4F708CE949CEB
:105BC0000B36EBFABFE1C1F03BFC2230CDD22352C1
:105BD000D3CFEBE6FF3B054B1402C3FA1CD3D80A24
:105BE000413AE1F6F64B57A41AB134E7282F0E12CA
:105BF0004E90A9A301E0522DF924E508001D573865
:105C0000E6F72A1307D3A00A05E4A5AC09CAD24ACD
:105C100052400B3E4C162F301BDE1EAE15053107D1
:105C20001FEED417E3E5B6E31AE42EDC05E51F1AF0
:105C3000F12EBF0B0216C940E628E80FFFD0E4B2F0
:105C40004317EBF934F8270B24E32D183EC9DDF296
:105C5000FFD918E4E6F1E4E80012F2EC0215DD5198
:105C600011D9BB11E5D4E50EEFF1120A131B201078
:105C700014F581D39E2DF412E31F0FE127F4AF1228
:105C80001619C5200FD8F14B0EF52D28FFF6B3EDF0
:105C9000FFFCD814FCD512D6F86FE9FBF112ABBFAC
:105CA000C43D06D1143F39F2A134D9F01D3A200881
:105CB0001200CCF1E40DFE7709CAE00770FB15FE77
:105CC0003FF51E3607E2E920C410CCDAD9D9DF4C03
:105CD0002313810316D40E3BB6D615F400DE23D76A
:105CE00008E22905101FE300DA5BD605A22216D1CF
:105CF000F7D4E8FC271000EED928A34F0C2303DBD0
:105D0000B70700FA11D81AACF0F1B6C53FEEFD2383
:105D100024E92BC11F4B19CF3AE112D009F5150028
:105D20005B28E7F9E4D11D1CFE9502EEE2492FDA6B
:105D3000D5001C03F251C7E43AED0E0BEADF0B0964
:105D40001D153FD4F7E4CD40FC3EE5CD1D0544DCF8
:105D50003756C1DDE310E2191F0803FE280D271690
:105D6000230926CCE64BF311E0810E1EAE0A04ECAB
:105D70000B06011ACE25F72BD105FC183011EA4C81
:105D80003319D4EB051DFC05FEF64FE7E3FBC6BC5B
:105D900029D800F5D4F41E2603CA1699FE0505106D
:105DA00022CBDE119DF60DF4F0F247B31021471B14
:105DB0000908D5FDBC13E1B05D12EB041A05E681BC
:105DC000453C05FCE01533281EB04DF507DEBB1F32
:105DD00043CC15F1FC03F2ED1DD8E0E613F7B35404
:105DE00003BF1609C216CCD906961051F001ECDAA1
:105DF000FCDF98CCCE06F01BE92C1EFE3AB6AFAD08
:105E0000CD1EFE5AE70E0EDEFE051F2BE9C48ACE1C
:105E100014BFE015D8D3F6D51AFBF790F0BA21CC11
:105E200011FD28DD17249658EE09A34705C8C5DEE5
:105E300005C5120619ED43E716C7ED9F391BFFEFA5
:105E4000DB27FC1FF8DB04CA14D715E9FD30EAF69E
:105E50001D17FBD4D2130C4DC90BC4BDCF1DE0BA26
:105E60007A01FE071CE0BFC7E2F34F37ED1B1FFFAF
:105E70000213CBD01FA5E284F0CFE7E31BCF0BB119
:105E80002D102C1D238135A130E0FDD92BE1C94413
:105E9000F8DB7130CDE9E034FA04CBF7D2D281EEF1
:105EA0006B303745D4C6F21DFADE281D4AF956EA92
:105EB000FCDDF83814C97523CE0D2695D3ABD41B61
:105EC000A3E2F70007D606D902DE08CD0630F4D1EA
:105ED000F6E10E19C1F4EB3704EBDEEE2CD764D7F4
:105EE000DF58282C2D3EAA30AE5DDD175DF6D32D90
:105EF0001C23C1E307DFDBF3CECE22128F5FFEE36C
:105F0000250A8FF701D3E6D2EE3897FB1CD22FC7B4
:105F1000026AFE0D3632AFDBF209E39507FCF3129D
:105F20004FFE371494C6B6DBFF0D12C00DF96AD1CF
:105F3000D144DAEDC81CF2F90627BE2DD6DA0BEDF6
:105F4000E70122FA2803F4142D8D35254D0EF8476C
:105F500008FF2C240DFD3E014F0625F2E221142FEF
:105F600010E0F1CAD91FE7271381280F05F7C4C92C
:105F7000E8F9DEBCF336F22ACF2749F84BD6AEB0AB
:105F8000F306CA081D100A10F104FBD6DF21BD89F3
:105F900013E0ECEAEDFE59D0E7279FEB33C616116C
:105FA0000AAEF4A7D5AA3D19EAF3DD0000D0FB1430
:105FB000460FFA9B1911E0E4FD00F53CBF2830FACA
:105FC000D9184535C7F6D1DCE81DC603102AF8BA42
:105FD000052932C61E14E1375ADC1A062BF5423069
:105FE000FDB541B6C229D86D5A05F3F689061E21C2
:105FF0002AFA3E7FBADAFB049E02FED813233DFF45
:10600000E21914232DF832EA41F3150AFC3435F174
:10601000000F0DFEE50E3916136104E2FB13D1FDEE
:10602000F919EA1D134E2AE3AEEA15C9DCE23B0D6D
:10603000D2C8A411E02D1F1815C4F2CF5C16ED02D2
:106040002BC73714E5F3ED12D91108F42116EFF838
:10605000EA15C5CF1B871C2BBFAEFB24CB011B074A
:10606000B9E0160717281CF5E920D3E0C8001FFC8B
:10607000DEFDFE0DF1BB3C15EEEC81E1DDC5D10886
:106080001906B42BFF2F13CADA01D71528FD11F119
:10609000F9E217C5051A44FEC6077F16C1F5251596
:1060A0001ABEBB130F21CFE137381B9308D3E1A3EE
:1060B000B6E619FA04F1FCC6ECF4DE25F8E8F6B60B
:1060C000A730D9DDC8350CB52700380C19C2E9FE58
:1060D000020357C1D539C62CBE1DA9D3D99AC9C24E
:1060E0004E17DB0ABCF3211B3CF54FF9102E12D2E0
:1060F0004411E0AA0C464007DA26FAFC1D62F3C9F7
:106100000C0D31E8FEF22719560CEFF112F1A54201
:106110001E40F1062B33ED0318D9D1F32211F10DF6
:1061200018E2023AE106E2F4EC0337FAEFFEC30AA2
:106130000C3317D0C807161CC8CE24F8D8DF13F6C6
:10614000AEF2DBF4C00CF1BA1BD91EFBF0F10CB7B8
:10615000DEC71AFE050A0310FBCACDE5E609D728FB
:106160001F13E101E81755EE13FB24F4222B10173F
:1061700029EEFF0AFAC92DFE1906E8E7DC7FF5AA29
:10618000F4DCCA24F218E6DB4707C290FB0FC5BC5B
:106190001436D1F43E07F10C4A26D909CA4609C97A
:1061A0002EC4553FE37FB51BEBE3E2AFFBD5DC2B01
:1061B000D0FBFBDF91400B9CFC213F9A21E793E74A
:1061C0002E9221BAB6F3E5226531E1392C1BF8CACB
:1061D000A793EEBED327FB00D4EEEF519A68D60703
:1061E0003BEFFDDF2BC81B9AD523E83D4BD21409AA
:1061F000BCBF114487FA0CC71F320DFF3B53EB4E57
:10620000EFE1EF0503345834EC43B3C460A8A3F9BD
:10621000D3DB3D07190C40EE221BE707D903381CDE
:10622000E6D93122E54EE5D8270D4C321DFDC44C90
:1062300000F433DBFBF6E2D0C0EE3F3EAEF82004C4
:10624000B5E9F519B111F0CE06C2DF15F80B25E757
:10625000B10AF1D9C0E8F7071BE5BAC91104E2D3C6
:10626000F1DDA6F9F523307F1339DB0AD2D2C32042
:10627000E3A1E3D2D01018012F0F1A0E85320FE9D7
:10628000CCE6D40A1432450F402DCED3BE09F9EF27
:106290002D49D35B03FC27E14979200B02C92A125F
:1062A000E7CAE7FA9E1806F5E205B84AF6CAEDA273
:1062B0000BF406E9003CBF24E0D20A0A19480F1586
:1062C0000AEA4D36D9FA084012C823EA50F82314D6
:1062D0003720E79ABAA7E304271967C7B402B72E95
:1062E000ACD24FCAC9272B7B0D28E417BFCF45E49A
:1062F000F8ED4A748ACCD345CB21D6A3DF99EC00C4
:106300002C25847F285B62F916BE17421C3ADACF2F
:10631000D11C342CE1FF0EFB140D81D0DFE2D6B28C
:10632000EB01C2AD14A81C16ABE7FD69D6EBD55046
:1063300005FCDAE4C5FED51C23F1F50D3DFAE110AC
:10634000CB0648161EE6A924E61332C2131CF1F54B
:1063500046062CE513EDEF37DFE9E6CD24C2F9E779
:10636000B52A12CAF7CAFB3229DC05F1EB01A511E7
:10637000F8121B1BEE25B7DEF4CF1203F6ECBB0FB1
:106380004CD0C314190138E838CA0AFDE0180415C6
:10639000B6E82AEDD30CD8223A24FB2EF0BFFAE45B
:1063A000F4142CBFD3AB0C2C2BEFF502D91231DC3B
:1063B000360C0AABC8F6D51EBEC5DF3705153C61E5
:1063C00095DBF0212706FFD0E20725FEE50FD0334D
:1063D00019E1E4C90241F181E7E2590CFBF33AFA11
:1063E000B695EC9DDD39AD4F2D9DB001CFF43BDD71
:1063F0000CE1F608E5BF24F3AEEFBED8E995023014
:10640000EDAEEF02F12BDAF1E62B40FAF51A380582
:10641000D9250EE2F1F20CDD2AF690E730DFF31811
:10642000CCF0D7100CC0DE16CE8BE13323243D1008
:106430002C1551F5FE10DB2810071BED38391C0A0E
:10644000D7204014FBB7D7DAF712D5CCF4FEC747F4
:1064500038FFCD0BF34FDD19C601250D0BBB27B35C
:10646000FDE9FF23A6F8C2110826D0D5F2211DF9B7
:10647000FC19F12600E9F0C7DEB8EBF5B2090BDB39
:106480002ED9F1F629D519A981C301F2EB3408D828
:10649000C5F9FD18D223F445FF604381FC0EF91CB9
:1064A0000E08C8F1E5E3E90CA118D8FF1FE0C6FB10
:1064B000EEDCC1F4FE3F31FB0202D9041E3618EABD
:1064C0002F3747FA019505C9B228C4B3D333C92D74
:1064D000F626F3E91342DA1BE11C12A415E116A01B
:1064E00021CF243DEA2BCAFFEC23FB10DB1EF9FB76
:1064F000F21FDB1D04B2D8ACF918C602DB0735EA7F
:10650000C81513C8BECAECD70D9EF80027131F2369
:10651000DDEA2CF7CF20D2F808F9710ADE0E0E035F
:106520002D2674E1A8EBBF9F560E451FF47F02F4A1
:10653000FDE931EBF30AF32F8DF5DBC8A5B12DEEA4
:106540000CFD002AC7EA14ABE1DE03D41114EA6F94
:106550002312EF0408F10BB6F412022AC3EEF90677
:106560000DEF4904012C12634318F3130CD3E532E9
:10657000F13133EABEF824F62C17F510C143324B43
:1065800049BF3FDABD2CDA053A050CDBC9D811FC4E
:10659000F5F3F6EEDFE11FDC1EC73A888103D60E65
:1065A000C03AC52E03D30CDDF4FF5FFF11D318B83A
:1065B000F44FCCF7063B04174A21DB295517E8D9DD
:1065C000E71F58A6FFC9F407F8F728DA2D37271E6A
:1065D000E7C661A14CFBC845CE0CDA13501FEB9FF8
:1065E00003B51A0CD82C33D927F056E5131EA695FF
:1065F000103BD3AFAAD226BDD3CF8F21CDD1234517
:10660000D43CE821C9E4F60DAF99260FD3FF570615
:10661000D1D125AA14E539A5D4D16A0F11D341EC03
:106620001BEE1EFEFF1381C703093CE148FFF32068
:10663000D0DA42EDC081FAFBA2D40FFEB31CF111F7
:1066400093CCC3C9DC07DBE4EC9CD3F0CC2033ED66
:10665000EDEF3C00E215AB2623CD11BA26CADA29AC
:10666000712CF40B194B3F1739D909F15829DCF07B
:106670002BD0CB0BC5C6072759F90F01D07E2AE9CD
:10668000E6ED4021A149220673F510D58E251BA702
:106690004BF109FC68DFD208A5E42228DEA51A32F6
:1066A000F4FA37B61BBAB9FB43EC4B22BB8313DABF
:1066B000A81A4F06D293EAB5E2F3ECFDE5E0C8165E
:1066C000E00E0CADEA1D22E40ED3D5F4C92C45DE54
:1066D000F123014414222A2B68B13F471C9AEFDCB6
:1066E0007F2AA1D2E974E650DD173DE8148EE3E07D
:1066F000EEBAE313D6EBEC26C4EEECBA014EE2128E
:1067000089F9CDE36820E83F9D1AF2C60C0E5DDAE8
:10671000694F002A4D1900D61E2DE3091EFECD300B
:106720000B0004ECA40C1BC741CF19F6EDF11AC203
:10673000343526B103F2DEE9CC08F32B1FDE382B0B
:10674000FE0B3B20FAFCC7A121360AE82528B90A2E
:10675000073C13B7C8F5FCA465F31CC9D80ED512C5
:1067600009B958B9EA49FB7234DFC802DD1211EDEC
:1067700007B715FEBBFDFA32D1EFF98130EA22E707
:10678000000E17DA39EEE732141211FEF325E0F0AD
:10679000EAEB0221152025EA9FE3BC0A0B9647D3BA
:1067A000ED93D719E255088127051BE103DC0AF7B1
:1067B000FEF9C7F4EFB1E1FFE8F9FC0BE701E2EF06
:1067C0001C23A9F1F017C3BCF84228FFEEC7AFEFB6
:1067D0001BE9E536F52BEBC71419F5DD1313C1F1F1
:1067E00020ECF6E4931907CE1B014B05ECF0F7C142
:1067F000FC24A02AB501532FE035EEEF3829DEFA4C
:1068000092F01949BCB7201608100CBF00F0FC2A02
:10681000433EBEC6F7F7AC885122BEE4DFA323F99E
:106820000F24C7ECE03A21E0EB2F07F831AC540D10
:10683000D8DD18D2C5000735CEF60AA31BF0FE320C
:10684000213839ECCC040838CE2523F81919F2E3A5
:10685000C314BC5A1ABDF624A6F0F61B093930BF82
:10686000FB04FB2FF7FADCE0E922B9E7FCF9FB496E
:10687000F5E2EC4B11DDDE8EBA0625F20E33B5EBF8
:106880007F33E730F109FD130210B32D0AF8091820
:106890000CEA39160AFCC5191C2C02D217FFE0CBF2
:1068A000AA0F0A0E26A7D0CE9A97FCB4BF11D0D556
:1068B00029ECF1FEBD31BF03BBF0ADC759E706CBF4
:1068C000221C0AF6CFC7BAD8EA13E2BB19EDE334AB
:1068D00035D918F4D2279715C20EDF25291C1412BA
:1068E000E6BF121932E08B361D10DDF4C44301D827
:1068F0004C30CACCF2CEFF23E2CD21A9F5CFECEE8D
:1069000008F7DACE9BBE1BA40CBDF3C12532FDCE29
:10691000D814F503E523811DFD1AD5EEF4070619F9
:1069200003B54509CF3ED2B9CFFC31E509F3E96B98
:1069300017E30DBEFDD92EB6C621160906D91AF1E8
:10694000D7C2F14ADD30E18140C638FFC22727A512
:10695000A20628DCB723D135FF081613D72908E98A
:106960003CE0F2C81B1A4E5E2F202B0802D20C12FC
:1069700003E5B71CC7EE10193726F51FB851F2EC26
:10698000A2E2EB26CA07200721E51BE0F5FA0AD2AE
:10699000EF4EE50A1B062CD22033E61F0E23B61558
:1069A000EE391D091D33F913CCF5FE0B21F3DD2E55
:1069B000F4C3E3F3DB18D0FBCACD1EE33FD6EE07EA
:1069C000D6DAEE3ED4E3261DDA04EF0CCFBFE50F96
:1069D000D520C6E51EBF18CDBFB717F3E60408D013
:1069E000E0F1222637CF14E1D72C810B26E910EDF8
:1069F000F1FB0520D8DF0823F81AE1D2D62ED423E4
:106A0000E806F40D160B18F3E046CB0EF10C02006D
:106A100021E20B27E00428E51B130447C8DEE1E769
:106A200043B20FC8FB32007DF4D518220F11BADB38
:106A3000350501E0CAA2C6E84CF90B10FD16363246
:106A4000DB0D073FD404F8C5FDD1F3F921F33DBABE
:106A5000ED3B1CCA03DD1C4516F9E3F735E20017D0
:106A60007F1251E2E006D54F24E02A161CEEE8F72B
:106A700065030F3E141CB5E73E061CE7ED0DEA2149
:106A80003DFE1922EEEB46E72AE3D0ECD6F80B2CBC
:106A9000C4C82CEB41F0182313A8F2F20B1817DC32
:106AA0000B2E14D71AD4040339CEDC42F6007081C1
:106AB00014202E1DFF35924B6E04F7FB7A470E30E3
:106AC000E6123EF718F2E357F90BCC97DC2C1011C5
:106AD0003A2806F8E5203105FE0D15F84A132E2F49
:106AE000FFFBDEC2DE23A10FFBD4EB3E054B03040C
:106AF0001825EFD8CF48C7ECD9C4E7F839D61163C9
:106B00005D0E9ADCE629CDBC8F15F1BFF4300FD8AD
:106B1000CFE31FFADFFF280B01DACDCED9C5F40C85
:106B200006CCFC060213F31308F12DD8D70B2C0B5F
:106B300017C80AD2E8D8D518F2F2A5270911F92DFD
:106B4000E808E2E1E3EF0807BBE3DFF814E2AEE7B1
:106B50001D2635F03EB51AED81C6CDDFF9FE20EEDB
:106B6000180200E4B4F20824E3DB0DE7CE0B0417AF
:106B700016F20BE114B8CEF307DE34F3F3F7160682
:106B8000E5E8E90F05FB06DA03DAF50305D602E2CC
:106B9000C9E60FDA1410E80823E23AFAD2F0B21686
:106BA0004428DA25EFE00B36B0BEC72BDC77EF1FA9
:106BB000EA101F190205BEFAF2EA25C8081A0A13DC
:106BC0005DF33ED215FDFA3A5913D3E2E521252BA8
:106BD00020273AD50CD0D63116160500F3022E38F0
:106BE000210539F2C537F41C1881332912D316F464
:106BF000E10F1F148615F7D8F0F20AE70FEFEE2920
:106C00005F3CD9E6132EF944C7F442EF8D15C7EA6D
:106C10001BDA3C13F8B024185FF24DE0C5B5C4E0B0
:106C200023282213ABFF39E01EEF166D0244E7CC98
:106C3000E44AF8EFD819EFD517EAE6015005CE007F
:106C40002CF64A0EEFB01C2EE9DD062208E12F4A91
:106C500050A9B1AD05E50B05F6BA192308F3F831D3
:106C6000EA04001DD520E6E19004EB4410DE15DCBB
:106C7000CC13DAC8B4E6D300D520DC283EDB27509D
:106C8000274304F6F9D0B1F3E2E548291C81ACCAE8
:106C9000C9C34EF1C7BAF1A7E73CE2B1A73CC51A98
:106CA000FD5CDE1FA65AB411DCEDE301FD2A060CE3
:106CB000F1D2230DE3165B27F6F7B5C20DC3F741FA
:106CC000AE27F021811E5413F41FBF1CCDF499F19F
:106CD000D9FBF7D6CDC0BADF1BCE3016F0E6D59B78
:106CE000E6F298DC22DF291AE24EC7115E1EEF267B
:106CF000A3B3EF98B32069CE3A26E1CC321F0BE064
:106D00003F2F77EB3F1687FE2D1997C8F1C72C2A26
:106D1000C032EF4BE2A5453C143FE09890AEF1DA6B
:106D2000A523D626F11AE2E6C2FDD8224AEB6AFF75
:106D3000FE37B5FB082802FB7F42CCFA414912F925
:106D400033017CBBC4F1F41B0507E6D4D2F7432022
:106D50002197E25EEAB4B62B91310E3E2550D1FA6E
:106D6000E5CEC25A3CD110B6AB45AEDF2A2B56A1B8
:106D7000FCABB3BE103915211E574BE7D6CA15D64A
:106D8000C1332405E404C6D9FFE1D6F70EC048009C
:106D9000FACFAA2FEE1CACA81B5055FE16E3E7D97C
:106DA000F20DFF43E02E2011E8C8DA1BEBE9B6F83C
:106DB00094E5F3DCDD05E8003905262A461BA0CF63
:106DC00007E332F339FC081AF20E0C010530F92FF3
:106DD00029D0121300A00FBF0DDB273EB55EF9FAD4
:106DE000BDC3FB05FDD841DE8126BE0A10ED195258
:106DF000F4370C21B0431410E5F3E6F8E6BDC40BFC
:106E0000FC46EB1B20E562F1470CE42FE4E3A90FFD
:106E10009EE2FE00E6F93EEA03BE211BCF20F629E2
:106E2000571722DEFEE505501FB8EA4ABF5414B9D1
:106E3000142C220DDDFDF3F345DEE8DC39E209E533
:106E4000430423FEC8CB121421FAB4FA2B26131BD9
:106E5000297FD730E7EEF519D81117FC1DDC023475
:106E6000242125FE8CEDF4EC3AEDF020F30605F03C
:106E7000111405F0A842FDEBF8D50F0F02E6D9502A
:106E80007B1CD32FC02DF305AD0F31FDD00EF4D1F7
:106E90003900121FE802012F17EF5DC4FEFA063316
:106EA00028062B1FB2D2D811FB17FC271B305BB46E
:106EB000CB35F7210A58D12537FE02BD36F0F2ED69
:106EC000E81D7DE60024C5030A3DD3AC14050A7411
:106ED000F7C20411FC24D4812A2DBC09E127FCDF70
:106EE000E011141FC526F4B0B7EDDA52FFA829FA55
:106EF00015E006B20CFA0DCE1AFEE4152EC52D5A79
:106F000031520A3ABD2B96E1E31FEBF0BECFEC1AEB
:106F1000CD08BEF2CBE8EAC1171A150AF300E72044
:106F2000772200F924A4D2441CB0E42CBD11E5EE74
:106F3000171946F3D126DFC424FB9EF8E312FFD8CD
:106F400018F2F8AD1DD8DBF8CC2CC30643CEB8EA56
:106F50001D1EED1A10E2F602DBE9EF291D813DE36B
:106F6000030E002CB9D7DB1EE5B50D39DB1E092851
:106F7000D0BB07AFE4201323000EC932D6F4D941A9
:106F80005F25193F15C9EFF3DAFA86E086CEFC0BD0
:106F900005094525D1FEF2002733F808C8FAE210AA
:106FA000F0415525C97F18CEC1DFF92F11E0AB0C98
:106FB000B3F0EDF9FE253809E0D7219CF1DE020798
:106FC000FCD7F54901FDDCEEE3E7E2F0B71EB3EED6
:106FD000F421FE15F7E216F8DA0406BDF41E0A09DC
:106FE00012FAED226AD42BDB0436FCC53FD10F0127
:106FF000B1B6E1FDF5F728012FD7BFC3EC0A14089D
:10700000F629D91F03EDCCD823ECE4F81DD609EA04
:1070100008EB52120C0525FF2CFF3E00DFE4C0D226
:10702000041ECC2E05C5A1AE56FB08A017C44C010A
:1070300030F3383AF4E52006FA38C7C8D0EBC1A9D6
:10704000136BEAB7FDF42CB8EBE801C329381CC672
:1070500019B22B21D8F4BF1FDE0D9EB64915FFB81B
:10706000F9EDDD3BAC6510CD0E4BE0BE2D3B0F2E98
:107070005B2CCE23E8011E3D81C4451DE5E4C2041E
:10708000C71CC1E3C2B7C0F0FC46D6ECEFF6C4E3C0
:1070900000FD0A324748A121F5EDDA04123AD9F68B
:1070A000E3EFE9CFD1F6B8D69C1DB74B5118F531B7
:1070B0002500E4EA0E141249E0DB00DE321B51F732
:1070C00017E3FC4939DB2C0CB7C8CDADED1DC1FD74
:1070D000FCF2EE05C72B0F560037E3F6C1093781E6
:1070E000E59E0C24F8E4D853BB52D9F820FC3214A6
:1070F000DCD0AB2613E24705E7EBC51FEBF7EBD27D
:10710000430B1CCDAF1606E2B405D90E09E3F60514
:1071100033D30B0CF4B50108D0353F410FD727040A
:107120002D81DD22271AE401EA45D72FFB9ED7499E
:1071300041BEB7D60EB7F128CB3F5513DC9615BC30
:10714000D01DD708FEFEF9FCB936011F1CC5D3B40B
:10715000E7F902F1D0BEEB4300C4B7DC122AEC8B96
:10716000DE21AFF726BA6407C62AFFB91D9C00408E
:10717000012CBB1C4216125A3143EED4F107EEE843
:10718000DC1B01310A3266F74C0441F7070E2D3E35
:1071900040FD0124FCA23714DBDBB442F9F4DBE848
:1071A0007FC5F9C9C00BE8FE6E1AE827B0E13DEFD4
:1071B000F40A76DBAFDEBD11D120DE1E323C2106A3
:1071C000E76E120400C4B5DB3BD4DB2813280DC4E2
:1071D0001C5A05FB3D14111DD0E172F73BF35629F3
:1071E000D648EBA89538C92C57C9DB2EE3D32539EF
:1071F0001D19D9FCBAE4EE3FE1EAE5ADD0BD206847
:10720000E6D5C5934C3939CECEF34D20D94A13AECD
:10721000DB131CDC00FC220D2A1024A7C83BA502AE
:10722000A70408EFF046E4FED11AC6184EFC21E58B
:107230001BAEDA2BD2EA3E4B29CECDDF20F33FF254
:107240003607EC261BEA0AFBCF40EEE1383BB5528D
:10725000F1DAB316E10FF7EAB52E08ECBBFDFA9EA2
:1072600000F0C70357DE051CDA4AC7CD2105FC1C18
:10727000810DE13815EEF3C3FA12C9FD95E9E4C6B4
:10728000EE2C14F107FCDAE430D0DF0903C6391E16
:1072900020FBB73DE4E513EA39DAFBF0CE9734087A
:1072A000E80114D909E70C3DDEB099F9A029DA9478
:1072B0009DFB181EFB1B0CA12B2B3BFE12B2A2EA5E
:1072C00043B0F00233D4260C30E0FB0CF0FA512F1F
:1072D0001E0843D6E7EFEA7F21FBF9001A1F263587
:1072E000470322DAA0C510DECACAFD0D00D6B1FBE5
:1072F00012E667F8A306B4F5E04DD4EA431AF23C6F
:107300005B2EE4ECBDC352301FB605E814D3D5D3D1
:10731000CB006444EF981E4E3DB04FE0D9EC07001F
:107320000AD9F513CBCF2C2234841BF9F0E0720C70
:107330001F4A2F44094CB6F8F7BFF36DDD02FE4932
:1073400051BAE705F9ECCBFAE8F1122BED2BF00E70
:10735000DDC7E0ADFA22F7007B834E0E19D1172D61
:10736000EA082A88E4180C6603860DE2DCC4E7DC30
:10737000EECDE7A68132E8F90D9A13F73FE6EE5617
:1073800026D7F3C30EEAED4CCAEE61D4050E22C631
:10739000D4FD26DE020018AFDCE64912DCAEDA28A6
:1073A00082B6E52E839B2007221335CA2FB93CD322
:1073B0001A1D18EDBF32EC19ED2DF20EFAB9F72BAC
:1073C000EAA2320DEBE7EE96F613FC163411E167F4
:1073D000DBF8D9B8C4022EC360220BFDD72817E50D
:1073E0001BE749BFB17FF967488813DBDC3A3C0CE7
:1073F00031F5DCDBC20B022D0FDAFAD33E1814375D
:107400000B0CBBE2CA41DC5B380023D2A3A0B9E479
:10741000FA13C5D4A7434EB6EE1BE5420FEB12F3A9
:10742000F8071EC7F5F609F7F61DDE1DF4EADC4F76
:107430001ECF099DD334D618A6E915DEF2D933F94B
:10744000DF04E753E91217F4C5170905E61F01EC3D
:107450001B0FCADB0E230EDFF8EC2406060343FEE7
:10746000EDCE11EDBE20075636E7C3EDD3DCFC169A
:10747000E115DA15E5F11EF431DAFBDBD535D3473A
:1074800081B90D0802422201F1FF1D19CE30E4D26C
:1074900012E52413EBF81107C56DEFE509FCBAC539
:1074A0001735130E02383ACC92061E150F1A13E840
:1074B00045FEBC1DC0E0DE321FE1BBC764D816E547
:1074C0002E373AD5B1EAB526EC46E4CF0D18B118FF
:1074D0000411CF03EFE4E16FB23E2F46F912A2D5BB
:1074E000C2B08140123927FD1945CDD9DC0DED0E12
:1074F000CB58DAF6ECF330E0E2C78D93E4F0DEFB34
:1075000061C9E0FEB20D05E5E2DFB7FF3EF7E0C876
:10751000DDD8F1D0A422CA3306C17FC30106F1F53C
:107520000BD4E40AFE0AF6C635E028CFE0E104D920
:10753000CD4114FFF2F9FFC42A3BE3E722E6E0D491
:10754000221FE4DBEF02FDE7F5FA13F33DDA332EF9
:10755000EAF01BDA0221002D1EFBB3FE282ACA0B1B
:107560000742E4EA0B3C4BADF1A82C0D231BE3EDE5
:1075700023C9EDC008062020E02CDA44332CE22990
:10758000FB071EFC33D9DF13CA31D3FD060FB0123F
:107590001BF41FEB1705D9D23A4B1BD1E9A8AC1944
:1075A000EE0E2E1FA724E040E1E0A32CEA39EA7298
:1075B000FC20891CCC54E06FF61D4BF02629C440FA
:1075C00058C35F0DE0E29038405731185B0A48F32A
:1075D0001D2F1DF6EE8AAC0C54EF08F5E50F3C5953
:1075E0000DB82DF5C7C9BE35C74BFB390CB92F49AE
:1075F0000714E10E99C3F5EAAF10C4E1CD20C4F53C
:107600005657F138E84E627F36FA0423F2EC9107C0
:10761000CCC06FC1DCA24AE03B4504D6E4F9D84DAA
:10762000E3010C49E31DF835CA1D02A90C1EE8252B
:10763000D7C1C218E0390927F5D620C638E8B3C546
:1076400013871104E531151B3E2227E111C731F7DD
:1076500097A2F91C1EB60111C1FD162FEC35C51AF3
:10766000FCAC2A253599FEC48A0DB80D16FF29F009
:1076700011F8F126E3060EF13B47D7CF131FDB438A
:10768000CFF1BF290006B6050FE9ED1D5981FCD7E2
:10769000F4E451E9E9E030C7D8D0F1B4DFFBBD2014
:1076A0000803E50FBE2116B21E101D0CFBFFDDE91D
:1076B000FEF418CD09E530C7CF29F6EAFD812E2B5F
:1076C000D9141B3E980605C61F1304EA10D3E43FE5
:1076D000CA1EDF05DCE5D91F42FA0A12FF37EFB7F1
:1076E000E1981AE1F746464A0F132DF4AC92E0D721
:1076F00018D8DE1EB11B3817F7FA2ADB0BF22AB8AE
:10770000FA17F7FB1CEBDFDA0BF315FCEB10100696
:10771000F8412D1907001AE20B235E36A6F8C3E9DB
:107720004C66FBED20BEDE1205DAC9E0DEEE1CBDC4
:10773000B2DB513BC45601E7E330D19FDDEEE7D029
:10774000281CC1B7912F14F41A4481E02FDC43594F
:107750002A0A13FCCB0EFD37163BDC391EF7D41674
:10776000320AE335CFBAEAAAED05FC11F62FF0F99B
:10777000B7950FD1D1E30719311FED2BF4D5D02FD9
:107780003F4FFD2D9FC0DB0AD722AF06B3F5CC08D3
:10779000BAD0021DABE7FDF848E94AF60316DE1D34
:1077A0002CECE92EB30FD202031903980512CE2454
:1077B0001014F406EB3113E30406D3EE13D10EDFFD
:1077C000141D32D507DE0E361FC1381D11DB1C33E8
:1077D0001EE9E2F9D7FFD23208CDC6F74608D40E2B
:1077E0003B0B1C1DEECF37D3E7CD373333D2FBCF66
:1077F000E7049CD2811FEFF31AF7F201470DEBEE7D
:1078000029FC13FAFD22232228C934C318B7B9B6BC
:10781000E40B5A14C0F3F6E6F9480DF0F6BD351046
:10782000EEE8B5B611DC09F5AD0E06579B0FCFF0AB
:10783000F936FAA43F0DDA2B21D209F705DA17DB66
:107840004E042ED4CEBC0812EEE0DC8127242CF3AB
:10785000053526C9DACED8560C01C0DAEFCD38F599
:1078600022F51DAAFFF7EF15F809F3D3E4C8D301F9
:1078700017FD0F0B0302C4D703320BF0BFAF081183
:10788000FB20B7FB15126DE113F8D4ED311EF7E0C4
:1078900084BE2FA6F30FE92FF6F1B520DEA197B035
:1078A0002821050B160B1D2C5028FCC03AC84A0590
:1078B00059FA6A2BEE02252F04D6DDEDF8BBF80D40
:1078C000FBF1E1521CA8B1F3B3F9B7B1DDACE0D7DD
:1078D0005928BA31EB282F28FCEA56005EB35B0921
:1078E000EC4532DDD936CC535258E2DD42050FE388
:1078F000E7D8F344D52E28358529DC27FE00170468
:10790000341EDACCF29DABEACA5297B4F303E619FF
:107910000D6AEEDA7FF6EDFB46E614A7E2EC31F6EF
:1079200034D43A2CF7172539B90AB22917B211A362
:107930000AFFCCFC2829FAEE07B81BC53DDDBDE3E4
:10794000D9E63538FEEADCEB36DFFFA4C53100FDB1
:1079500027C2D4BF42F91228D921E4FBE22BFD1043
:107960000E1AF92437D3F2E3F5132A4716FB24A2A3
:10797000033FF8F903D9EB81010D0EE317AA34098F
:107980009F12F922E8D91DF819B6DAF516B7BDCB62
:10799000D8A67711C0E4E7C0F3AE0B0524963DDD11
:1079A000626CE20A26B5D2272F91E72134F2469D78
:1079B00012C36922DC2733F924E182F515E482C978
:1079C0000ED4C81329E2B3B32200FEF7D6F4EBE8D5
:1079D00052071E230252E7D38FF549E65FB80FA482
:1079E000FC5B1FF596EEE00A611709D13440F5F80B
:1079F0001CCAF4160AFA31D4A9CB0642E64AF0FFB3
:107A00005F1A04DC7FF4DEAEB923C108D4A7CBD45F
:107A1000C945E9FEEFADE81F0931E11DAE1DDA0FE2
:107A20000A1658EDEC15ACE8361FF41EEC4611238F
:107A300019E462D4DB18F8209F1317B0FFE1303B44
:107A4000DE1EBB07F0FFFFD7C4F13A19292C9C2595
:107A50001706C4FE0BECCCCA00ED0F32DDF056F871
:107A6000D9BF07F4141EF23E306381FEF6E8CEFC67
:107A700007F11AFAEEE661230C30E541C02AED1059
:107A800028E034021039BC0EC412B9F5F9F1013600
:107A90000E1AEDF3CCE71CDE0FCBFB320E0C0F19E8
:107AA00041C33F1AE14DFD07130AD5CC0EDCEDF6BC
:107AB00028B409EAEAA649E3BFF8578AB181F83C3D
:107AC000A03A932022F830F9F01F16FA04F5CCD62C
:107AD000BEDDA916D8B1BE190EF4A8AEBCF5EBA058
:107AE00054BBCCE241BB562F1FFCF4A017E6AC47B9
:107AF000F80CE8B6931C040C591508EC0A59FDDB88
:107B00000918E9E545CDEEDA30F3DA4605E7D41396
:107B100026142E20CB5CFA24FF3630B7B1E9E5D528
:107B20002E2EC5DCCE1AB9020AF216EDFBB6ECF920
:107B3000F91ADF22D2D4F1540C31CCDE341BAB194C
:107B400003012212DE010CF50F43C2110B1026DADD
:107B500034DA03202281E9EDE4F7F246EA34E1EB7E
:107B600011FCB8220AFBEBF2B419BEF11864A803A9
:107B7000F60810D8F6FE05EAF5FFDA960BFFC12EDF
:107B800064450427041D06CF0822B1E4F5BDE133A6
:107B9000D1F2FF21BF88244635E043F83822C2C71E
:107BA0001114DCF2FCD9C5EBFBE80CC2F6FFDDAC2E
:107BB0002BD9D90BF329C20DFF14CB1671253ED951
:107BC0002ECBEF11F0AACECB15ECEFB60FF7CB1CF6
:107BD000F50CEFE8DB3FC931A320B21335681A3743
:107BE000E3A216C241ED8BE6CC0611DACA25E6C93E
:107BF0000B46CFED23D3D12A0ABAF2F51658F8E88E
:107C0000ED0F16E681BEEAD420F9EE21CFD6E3F9D6
:107C100000131420C423CFFF13D1C1F4FDCAAC0E4E
:107C2000D4D70A0742E02ADF26C73420F6F3CAFE7B
:107C30001B2AD5DC0100EAF80617C2F3BC07B943DA
:107C4000D331EAF2130A040815ECD93E0F0AD1A188
:107C5000352958F225D7FE3CFECFE41931CA33FC52
:107C600035F494F081B4F8C9F0E3EAE40BB4B83524
:107C7000FB063704FF02AB1ED3C419F72603E83610
:107C8000CE19A2BC181226F7F91415C00923140640
:107C9000C10C1120360727FDED41D1C709559AEED9
:107CA000887005F0073518FEBE32EFDF31EEF30DB8
:107CB0000ADB12F0E62EF44A04C2DDB14CEC15CC1E
:107CC00036F5323AED011529C9F4D2A2AD42C76C9E
:107CD000F3089BDB2BF04419B2F617F2EC0A40D301
:107CE0000D00116048E1EBD2F85AC1AEFE0C25E759
:107CF0008B030A260BE8D0C9250EB812AFF1FAEFB4
:107D00002341140DE8EFFC81F502FD2EF7CAF00FB8
:107D1000F8DD0E29BF3B0EF6120AD52941CD3603F8
:107D2000B7C0E5B29CED4A5233E1D137AB134DA455
:107D300030F7C6DCFED0FC5DF4EA044B411A004883
:107D400053B45CC0CF3D87EFE4CADB10F71282E981
:107D5000154ACA81D0E80D2BDBA21AF310F19CE37F
:107D600088E27EB52203D52A1813BB4BBC16F6A8B1
:107D700037D2E2FFDDFAF0F3DC0AF6D5EEA623DD1A
:107D8000D84BF22934FF453DB3DC15D6F200C5C708
:107D9000A7DD33A8D657F1CCDEF337081DD85D3800
:107DA00018C4E70CF43ED0CAEF06083821F0E21EF2
:107DB000E9C7F2F3DF81291AA7E60604E9EDD4BB8F
:107DC000E21AEC06A31ACBAF0CF92509E9E4DED6DA
:107DD000F8D97605CF0F00594C00EAA843B318E252
:107DE0005230DD11BEDD271D2AF93CCA251CD90CF5
:107DF000FFB0D3F6F42E582AF132EF4D013310AF15
:107E0000FFD5D221E83AEDE44DF321BBB44DA5DA1C
:107E1000DAF01F1050E825192B20771EC1F5FC1150
:107E200054BC311CF15994DE2F0A3ADCF0C4089C92
:107E3000C3FE44E11CFF27EC29FA17B318D6D3F68A
:107E4000D031000F9F16D4171ED12ACAE04826450C
:107E50009B03FC020522F6F410ECA029BF09ED27D4
:107E60004BF2A3FBE30B4FECF1E6353B09DEA1340B
:107E7000B3B6E9FBEBE30E3420CCF30D4AF7405DDB
:107E80002AE3FA3C2AD6F4CC3B35BDC332F5814F08
:107E90000BCF6502BDEDE2E70DA05AD416D9D4C2CE
:107EA0000E193BDFFDD41D0C25FFE40FA0332FD4AA
:107EB000A41B27DE0204FCCDF5D12AF54C1CE5FD00
:107EC0003E241DBDDBD007464BDE2AE930ED3646A9
:107ED0003A20B810A210D1F341E222E330F40702B5
:107EE000DE461F02FC69DB4C13B6E72807E51E1AC5
:107EF00029B510C4811DF32EEED7F6331D19F95E96
:107F00001EF99FE21AF4A826B5FC520FE6F701BB52
:107F1000FB0D1402FCF71027D9C0D824C6E22313A6
:107F20003A815BD2FF3EFFFFAB48C3553C339F35E0
:107F300029A002DDE4D30A08D631FBCC2A2BD3FDDD
:107F4000F3341440E10AB4B0CB10E69F8D2BC4CFBC
:107F5000C22C20ABCA32CB56D248D8F4E824EFCE9C
:107F60004DF7E429F3E89D09E81949E821F7C7032B
:107F700004FDCE255E0220EF5D1F1ABDFE50EAA76C
:107F80001CC2EC07F0F03D8F6BE4C7EC31AD21FB78
:107F90005E162021BC39FD41D9F0D70AF21F01FF3E
:107FA000AD1015010AF83545F004BD4816DA220F68
:107FB0004AC209B5B6D1ED1C00C0F10427D911455C
:107FC000AF4F0A3361831618CEDB07D5150181D276
:107FD0000809D65FF2020347A2C812312EF656AC4A
:107FE00015F3D7FB08C727D80E6C930E080F182976
:107FF0002F0BECFE0EDFC1E0DDE833E212CFDFED48
:1080000032C5D3EC54E55825DE51C508C0540547A8
:108010008BDE47A31B2EC21845571548C70664FEC2
:1080200024D97AEA1B48DAECCD0C26D83014F83083
:10803000DEBCEF0ECBDD04E5BB1164CEB0C1E6E6DD
:10804000BA15DBC7C82E3BE9B11144FA15C00CF0D4
:1080500092D3F004D7F21AB707B7DB3EBD4DEFD786
:1080600016FD121517F17ECABF7F91044E8C5BF38B
:10807000F7D9B7D9DFF3111F1602B58FCB4DA1F198
:10808000C3104C02371E0E4E4327A2EDF48E063964
:1080900007F7334BF1E43F07ABEF430881C6D20B40
:1080A0001CBD14EEEA04CDBDFFD4230FD6A827C310
:1080B000F6181EF0EFE2F103D81FA2C313F7EDCBC1
:1080C000561FE7C0FDE2CE06CCE20FD2D7A9F0FFE3
:1080D000DF0001F0F3FF07EA2ADEF5D5E5CDF02158
:1080E00023F7EB38DCF50E1A1A1248FC0700FF00E4
:1080F0003CDFE3EFEFEF2331D02735ED4BFD2806D2
:10810000F41DE604F124F3ED3C1FE71FEADCCC028A
:10811000C0EF2D08252CF917B10BDBF6399EF01CAA
:1081200065CDCDE9E1D206E80D1509A5E3AC08124D
:108130000A09B82D26F7D61FE4F7DA14DBC2219F0F
:10814000104081BBC1B918B8C0CB313520C5BC3295
:1081500048130CDDFA03F3FD13D1BFC0451AE1FC4F
:10816000EA0CF522E7E934160FC32521062C03F8A3
:10817000142F9FCBA93CE4F98FD1334E2CFEF0CACB
:108180008F11C41A8E27AF1E4BD016121AF6BAFCE6
:10819000FA1CE1DBFAD321E9EFF72FBE1EC121283B
:1081A0001114EDF9032425BD10D3571700D41AD8A4
:1081B000019E8126A30E10144B2D0FE813A805C3B2
:1081C000EB23D9080AFBCC0ED2DA0E3251C6FDEDF4
:1081D000E38D242B4AB8ECC6F998E5D70609BBBB5A
:1081E000E8E6E75222D655F0D5211CFCEDCFE06839
:1081F000CBE602EA9C01E052BD0C201C30DEA1D689
:10820000D8DBFA280FCE1A780347D2492BDE24FC9C
:1082100025DF3BBECBBF310098F3F3F6D8FBA8E9CE
:1082200017D4DFF9FF02F8C12FD82A8331C400B375
:10823000DB26BBDF08E6D3FFE6F2E11203E00ECA5D
:10824000FC3BEB171809EA9DDB2452D921AEB1475C
:108250002FD8D7DC0B04231DEBFEC4D923D2E2E6D2
:1082600028F7F30DCD201CFC26083A36D507220549
:10827000EC2BADE2223A05F8AB28E11152FCCAE73B
:10828000941B36EFF329F041DB21FF0F0DCFE829D6
:108290001E4BFCC64E18E081E7D1CCDC3DFEED0B59
:1082A000E9D5C72806BA094618C02C44F4CEF9D738
:1082B0003105D737F3A20AF716010AC519D5D4D468
:1082C0002C2948DA1EA7CAE9FB0E31EA3FFCFB81E4
:1082D00014F3570917E4D661E9DBAFDD40CAFF8329
:1082E0006033FE1A9BF02912C9FCD21356230840B2
:1082F0003E2BF0360DCBB7BCCABB25191B59BD0FA1
:108300002605A2E6FE0C2AC032F20304E3D2DFB156
:10831000042E251D1E3BDD09FF3CA343DDF1F215B4
:10832000EFE42722DA2D08452FE6DE19FB23222071
:108330004317110BF43EEF1EEBE91FE00CEA224558
:10834000F83C3FFA0018F0DEFC3D34F007D7811C02
:108350000605B2F6060308C70DD85F3BB3EE0D2144
:10836000B1AF11F445E9E71C1E309B0FFF2937E937
:10837000FDD813FCA5CC1DE0B907F0D7F2FB26D43D
:10838000C9DD4354F72DE7F1BD08CD11222621D8D0
:108390000B1AEB17E3F6269615FD36BEBBCC15225D
:1083A00013F99B1FBAD405CC32E631F6AFEEEDD10E
:1083B000AAE5FC17F83EDAA719D8E118F724CB1E76
:1083C000071FA8E9F6B7D5E8D1B5CFBA0B270AF74A
:1083D0002FCA0FC8FBB60614109A543017E1C2E436
:1083E00020E611F5E72A1ED902980DA9FB44011CCD
:1083F000CB02F801BA0C17F3DED382EFABDCFD4FF2
:1084000034D981F7EF9DE212C39FE71240BB0EF310
:1084100015D919F0DBD02ED77FED35EF8FFA7AB66C
:10842000E610B4F2FCEDD4EC8BDCFA539ECFD6A66A
:10843000E813D6BE39C404EECC3325FEE3C8B9EC4C
:10844000F13316CFD221E9EA4AD8C6F11F0D07E968
:10845000F10EA291A1F5FE60E6321A18263CE41B4B
:108460007C0AEFD3AAA12FA2F11DE632F605E2366F
:10847000CBE43904E508251E18E945E603EC9036FF
:10848000BA21EEDE300F421F7FA2DBE3C6F0C0E46C
:10849000B0091337BD921B236C1445E3D9D004CD2A
:1084A0003F002E3086462DEFDB19D8C319398B815A
:1084B000C0230E011E3A1934AEC716B503C41A39CB
:1084C00012C3060EFCFDD2121EB9130E060DF12FBB
:1084D000100408BBCE352BF920F917E8B42ECC21B7
:1084E0001BE40507E2E638CAB7D93C29120804D7CD
:1084F000B80517EA11D72BCF3FC9CBB92CD000272D
:10850000C50BDCF3020409DF4EBDCCD9D6D4B8D7F5
:10851000DAF93C10C7C60CEDCD16DA00ECFD9DF57E
:10852000152362931D18C1C7DF24FBF8E72AF9EC75
:108530005A16EF81F4FDA0FDA4C9FCE0E5B743069F
:10854000FB213C5CF8D0DDB3FEE2CABEA50C9D5E0B
:1085500038DCEC253DDE98D6122211F4DE1E5127C0
:10856000E48F47D8EB5900767410BDCBFEC241C5ED
:10857000E4E6C6CDF6B5E73FFAAEEEF91935DB40D5
:108580001CB037CFA109B99E211BE52D2100FD416B
:1085900034EFF83D16552ACAF6C0FFC704E0B2F51D
:1085A00003195CFCD30FF8B718CF19D4EB03D2280A
:1085B00024590706E8D3BAB7EC1FF011FBCFE8BC8B
:1085C0001F16CB1AD616DB0CE41C3CEF19CF002289
:1085D000D22EB3F11DF91C32BB10D71DFECA08E123
:1085E0002ACAD9DC472C7059C4C5D4EE3A9029C1A7
:1085F000E7F525F6FEFC5729EFF1BE01381FE5131C
:1086000081F754E9A5D3D642E61CBDEFF3B305DBF1
:10861000F0091CCE36112ABCB524FD0EF23988CCE7
:10862000B8F3C4CD324E3BEDD532B647543602F2E4
:1086300010888BD001131232FA2882F1322C1301E8
:1086400025570F2824AAF8B99D63C5922306EF4049
:10865000112CAE6152F031F405FE1763E41CFBD51A
:10866000A5C5D07F57C40102D137DBE9FCF83D42F4
:108670000C0AC818CAE5F8041521D5F7C31EF6CBB5
:1086800031CBE430BC0026E2101BA2EC359F5D2507
:10869000D412FDD7EDF60DDE0626FA280A05EB0406
:1086A000EE01CB1515F0E511F9129F4D1BE5D20A2D
:1086B000F3CDF3B31C360BDD070E1DC0E2D6FFC7AA
:1086C000EDF5060226C3EE070B1702EAE12535D7C2
:1086D000EB2229C1F3F1F45D1B2AF8CDE6C935C8B8
:1086E0002703F8EF46C80617190205D6EAD3080C87
:1086F000D9EE0412EDF5E5E6260826CA4427DEF198
:10870000C2D5C0FA03093AF37FD8A01C48DDD9F4DA
:10871000E9C3681607CFE0289BB2FEF85054DB028D
:108720003835219012E4E8F82DAB21293EEE3AE3EA
:10873000FE7FF90738DFF514253A932B4221030217
:108740005E3751C3E7E2C405D3F2E8C300EEE32687
:1087500009FC01D90C011C5E0739B0CED0A8102E3F
:10876000E025840C0D49E74159F83038EE2925C041
:1087700016DFE6DE151B1BE0D3D40942298229DF70
:10878000F6F512F51510F5FDE9D216DCDEE2260C41
:10879000DE18F0D0FB0CFDD10FB3F3DCD5CC39CE15
:1087A000FC3060EA1613172D26D30633061AD402BE
:1087B000AB283001CB89100DBE1A42FDBDDEF5E1BC
:1087C000E820FC02A8491CC2E0C1160F07FD19C829
:1087D000FA012013E60EE7E705EDF1DE33BA54E1C6
:1087E000390FAF1ACC3F59251EFF0BDC2A21AC25CF
:1087F00006BAF319E9E214212EEE1120E17F24EAF2
:10880000D4C9E01DF5322ED00F452BBCB606F5B706
:1088100008FCFC1F3DE21AFC3D2FFEFBD0071CC5E7
:1088200027303D0C9B030901DF9529CA0A33DCCEB2
:108830000DE708D6F216DF0AF6D9CFF3DACDCF1955
:108840004DE0D020D6EE2029E5CDDF1B000EDF4D18
:10885000532A7FB7F309074526DF1309F041C3F612
:1088600012D873C20F27EC740205EB00CEF8D00EBD
:1088700020E711BFD52EFB201BC749D3542F0BF483
:10888000C6333338BB2100FF34FEB207BBC4032715
:1088900000070B2F01A8EABBD20EF223EDEAD43970
:1088A00036D00F1AD548E321EAEF140E23CDE9475D
:1088B00027D3EE0BEAA936E0B91034DDCDC1011D96
:1088C00030F5EBCF13F5290BEA151BDA2105FEDB9A
:1088D0009FECD12235D62D1215F7E83BE8FFB49571
:1088E00039D0E2F1130C7FE8D52ADFB515BAC66A94
:1088F000210BCEF9D8F5ED0A443405E40739E4EA52
:10890000F01A3B2C5411E7170B0DAE24121D26F064
:1089100015EB1F161812BEEFDA8723E7E7DFD61D27
:108920001E0604D3FBF9E72A24F3C8D8953604E9D8
:10893000961149EFEC0A34ED0FFA20CD21F481E3D2
:10894000AAB3EFEB02ED2AEC0EFFB1282DECEA12F0
:10895000FFD97B1530A319FC01111AFCE9F9F60ABD
:108960002213DCF183234D1CD9AF34F85E270DDAD6
:108970000A08331ACC1FF9FA420626CFEB351B3E04
:10898000FD0307D8F723F8D6D4EFCEC3C904B0F956
:10899000FBE60D34EE9125183407AE5F2810AAE9E6
:1089A0000EF3ED0ACE30F413AE06A5BDFBE5CDFB0C
:1089B000F4D77FE9F6FFDDCA06E906FEF9DFECEB46
:1089C0003FCDC0D8F90910D32AF2C4E0E4A426D5DB
:1089D000F22AF5BEE597C8132F09F9C3E8EB3F2843
:1089E00025016A04DB02184336E570AE1BC3E5F1CE
:1089F000F1F1CF00E129FA03E2F712C914DEFC1D00
:108A000043195AFEA1040511078D9EE8D41EEDE01E
:108A1000F81E301EF3F8EDCC00F901BE2014FE372D
:108A2000BAEBC709B813FE071EDE1DFFC9050FF418
:108A3000F5F007FB000D0AD012C4074D2712DCE346
:108A40001DEB39B8EFF9CAEDF8E5EBE60BE830F0CD
:108A5000091B0AEEE1F8CB2742AB0A0E020721E818
:108A6000D7F31DF713F12304EEDF19FDCA2CBFFB6A
:108A7000F31B3521E2CB42E1F0D2D0ECEEF216331B
:108A8000112EBB401A813CF5F8A0181C0DB1DADD9F
:108A9000C404420916BED90D2633D1C60411DAE842
:108AA00015D8300EE906B92A00223ABDE8E0B9F23D
:108AB000ED1824E0A41E2B07DAEE09B524FDA3FE71
:108AC00043E5FAC2D4030937D6E404EF43063FE88E
:108AD0000316DD0825BDE714D1FE0634EE22FCEDB9
:108AE0001E132C1FEA0AEDC3C826E7F84FD6EB5138
:108AF00028E7F104D5EAD0AE2DF6DDF4EE45C2202C
:108B00004736F5F540463124190A20F338DF0F10B7
:108B1000DD147F0D23DF1E31C0E709EFD246F5B12A
:108B20003DC8FF061526F0CFF941EE3F5D080AE08B
:108B3000F6BCF60F01DC3029B31C26B81E1412D780
:108B4000158B323EE6DFE0AE2228E5C2811FBDC7AD
:108B50000624BBF6BDD90475A01DD71BF949F9D66B
:108B6000D71003FC10DEDDD0F26617B003D104F19C
:108B700095FD0822EA1725DB3FE696C5F14AF3A4E6
:108B8000DAAC34E7B41D0DD815EFDCFBD3E3031CDE
:108B9000300BE42EB145BFCEB0F1041707950BECB6
:108BA000C9DAF308F82DC2E80722BD393F25F77668
:108BB000F4E4FA29C9EB424ACF22D6CDFFE614D518
:108BC000A92B122BF44108CFCC08040CD5DBCDCB5C
:108BD000FCEC0E04C63F037FFCCAECCCBE360EF4A0
:108BE000D8F5141B0CF702F01C2400C403F9E61896
:108BF000DDFFF641391013253C1DB7C3BB5314EFFD
:108C00001BE024EF34FD77D856AC1BABC1AA31E58D
:108C10003B21E21504ECDF1EEAF8FFFF0400000030
:108C200000020000E2FDFFFFAAFEFFFF8FFEFFFF34
:108C30006BFDFFFFB0FCFFFF70FDFFFFCBFCFFFFF4
:108C400065FDFFFFF8FBFFFFFEFDFFFFEB000000EF
:108C500089FEFFFF6AFDFFFF5FFDFFFF58FEFFFF7C
:108C600014FEFFFFA4FDFFFF77FCFFFFC2FEFFFF26
:108C7000CAFDFFFF1FFEFFFFBDFFFFFF46FCFFFF1A
:108C80005FFDFFFF5FFCFFFF7AFDFFFF09FEFFFFB7
:108C900005FFFFFFB0FEFFFFACFEFFFFF1FDFFFF92
:108CA00067FDFFFFB9FDFFFF51FFFFFF25FFFFFF3E
:108CB000BAFDFFFF3DFDFFFF88FDFFFFD5FBFFFF76
:108CC00083FCFFFFE3FEFFFF2E0000008BFEFFFF93
:108CD00048FCFFFF16FFFFFF46FCFFFFB3FEFFFF50
:108CE000C4FAFFFF8EFCFFFF75FDFFFF53FCFFFF83
:108CF0000CFDFFFFFAFCFFFF0AFDFFFF4AFCFFFF30
:108D0000FEFDFFFFC9FCFFFF01FCFFFF53FFFFFF5C
:108D100088FFFFFF3FFEFFFF49FDFFFF59FDFFFFFB
:108D2000E4FEFFFF61FBFFFF1CFEFFFFAB00000046
:108D30003CFEFFFF60FDFFFFF5FEFFFF19FCFFFF9C
:108D4000E4FDFFFF25FEFFFF1BFDFFFF40000000CD
:108D50001DFBFFFF41FDFFFF1FFDFFFF1AFDFFFF92
:108D600068FCFFFFE4FEFFFF0DFDFFFFC5FEFFFFF8
:108D70009CFCFFFF3FFEFFFF6AFDFFFFB1FBFFFF13
:108D800075FDFFFFFCFEFFFF39FDFFFFA7FEFFFFA4
:108D90006AFBFFFF66FEFFFFADFEFFFF98FEFFFFD1
:108DA0007BFEFFFF2FFEFFFF5CFEFFFF2EFFFFFF9E
:108DB0009DFDFFFF4BFCFFFF0FFFFFFF08FEFFFFC6
:108DC0006EFEFFFF10FEFFFFFAFDFFFFEBFEFFFF51
:108DD0003BFDFFFFA2FCFFFF9BFEFFFFB9FDFFFF76
:108DE0009EFBFFFF34FEFFFF70FDFFFF12FDFFFF44
:108DF000F9FEFFFF3AFEFFFFA6FDFFFF0DFEFFFF9E
:108E0000C0FFFFFFE8FAFFFFE3FDFFFFCDFCFFFF20
:108E1000F6FBFFFF3BFFFFFF1AFEFFFF0500000010
:108E2000D4FCFFFFF6FAFFFF04000000000400007E
:108E3000F7E9401BFE97E74B032A410A0333FA3256
:108E40000C46EF252337DFBE1A9A2F81DA38C53753
:108E5000E2A02EC634240AA7B021E6FFCAB014F35C
:108E600037D9FF15E72C98A440A6BEA81E46F12DC1
:108E70003B2101C1181E3AD33DCCF9120A0B0FE277
:108E8000AEE44201EB9C5E0FB04F324025171DC28D
:108E9000EFDBCED42635BD12D523D5ECF447ED1D3E
:108EA00007CCA00EEEE7422CBE1751010633E3EAD1
:108EB000F5D6A4C215EB49C2D02416FA1DF81A142F
:108EC00063FA562FEDD236292C0F1B9B3D2FE00362
:108ED00027042E22F484320747D1E618FA400FF710
:108EE000FC1B113EBF0514E12424DB10042B812D53
:108EF000490B0E60FD0BF000EEF104091F0D352744
:108F0000D31E29364CB64E3D27DF26B3FDC73B376F
:108F1000AE1B2AA90A199FCB13B52116E89D1B5336
:108F20000B34BAE6071B01E13DA313D7361FE0AEB1
:108F3000352423DBD0DECFB5E2F716144D2F0853CE
:108F4000561301F43613615612D2202902C53CF69D
:108F5000F92909E355FACE0A20F9978588F72405FF
:108F6000313DE528ACAFE0202A5AB2F83C26D903BF
:108F7000D3151BD613FDF41E04361C084DD398F0F0
:108F8000F4450DB7F0D70BBC312144F604FFF03B9C
:108F9000CD3145EED3E0221DC43416E3291AF9DCA5
:108FA000C8D717E5373C4AD901B6D353308133319E
:108FB0003D1ACE1C3F1CD7DE1099BC991F1121EF22
:108FC000189B35CF251613A0CC2EA0AAEDE003CC1C
:108FD000E8F50FBD3FA9E51A2BD1D7DD1E3B39EAD5
:108FE0001206A11EEE13FDFE22AAFEED12151C11A3
:108FF000EE958127FAAAEDB5ACF73419DD25F5A772
:109000002EEDEE2CEAA8B80921CC29FDDCEFE3D344
:109010000005060BAFF1091CF1000427E214F0F083
:1090200022DF9FB50D23FE22D0EB10202417DE1D7A
:1090300038050E0D0E11B1FFFBFEFA11F8151926B9
:10904000FD1BA2FC071FB9FFE8EC0E1FF605E80C9C
:10905000D3E7DCBC3D01D5EC07100E1D1EE7E4F3A1
:10906000C5FB07B8010AE502FD37121F14EC021A0E
:10907000E51700DDEFFFD219ED1B29F80A02A8F76A
:1090800014D3080222151104EFF21BC6131F0F4759
:10909000F005FB1C10F70F1017CEC6DDDAFEFE81BF
:1090A000F310FFFAD832CA251E0E3023BF1C251F2D
:1090B000FB3CD515EF3905EAEBD3961201E3CF3827
:1090C000DEC7E117B9FAD414FE4A2D099F076B06D3
:1090D000E606A2C2DF13FADD2AFBF91633F6140EF8
:1090E000DEB413D1E21D080F44BE152099F6DEC58B
:1090F000C62D05509E08BD1B0B2836042681E5E1D0
:10910000012406031F37C5B2AF2DEBCD373102F76F
:10911000EC17BFB913B7FC302BC8AA39F1E221A66E
:10912000C0CF1E1607F7D203C312DAA4A6132D254B
:10913000F34220FF573736F5B52C3811DF9633252B
:10914000C0DDAD27463D1309510BFEEB3440FD3524
:109150002AD8FE1CCD063926E22543DF1C08ABA128
:10916000E0F6162D261A0012C3AB099C2BED07BAA8
:10917000B3B9E6E9E0EE86D212B94C08E0BBFA1CBE
:10918000D9A65BA3ED23F536B62CA80CD91F811EFA
:10919000ED96B02E0E11E8D912053C374E1FE7E5CB
:1091A00037CEFA44C4E4414F01220AA902FA071C4F
:1091B000F2E1B4CCF21B11DCFCDE01E828F1B2DBF9
:1091C000E7D1B51900B115241AF217EF071E1501E2
:1091D000ED0715E6C3F511130998DABD1D2B041F21
:1091E0002CD120BD01171DE8D51FFE120D24F8203B
:1091F0000EF8E10019020DE6BFFDC121DAFD1223D0
:109200001DFAF50EEF26E9EFDC0A05063195BC20C4
:10921000DA1931C5CD1A830C0081CD8DE8C81EDB6B
:10922000EA010F10C7B91A1D2DB613FF13F0F6C4CB
:1092300002FFFFFF0400000020000000A203000066
:1092400002FCFFFF2D04000011FDFFFF50FDFFFF9A
:10925000690300004BFFFFFF710000002EFFFFFFBE
:1092600004000000080000000100000002000000EF
:1092700094BBFFFF98BBFFFF0F0000004D4C49520D
:1092800020436F6E7665727465642E0001000000E5
:109290001400000000000E001800140010000C0064
:1092A000080004000E000000140000001C00000074
:1092B000B8040000BC040000C0040000040000006A
:1092C0006D61696E00000000120000005004000093
:1092D0000C040000C8030000740300002003000019
:1092E000DC020000A802000074020000300200004E
:1092F000E00100009C010000680100003401000052
:10930000F0000000BC0000007800000040000000F9
:109310000400000046FCFFFF1C00000000000009E4
:109320001C000000200000000700000000000600F4
:1093300008000400060000000000803F010000005B
:109340002700000001000000260000007EFCFFFF57
:1093500014000000000000081000000014000000CD
:109360000600000088BCFFFF01000000260000008E
:1093700003000000250000000300000002000000C0
:10938000B2FCFFFF1C000000000000081C000000F1
:109390002000000006000000000006000800070092
:1093A0000600000000000001010000002500000090
:1093B000030000002400000005000000040000007D
:1093C000F2FCFFFF140000000000001B1000000072
:1093D0001400000005000000FCBCFFFF01000000BD
:1093E0002400000002000000230000000100000033
:1093F00022FDFFFF14000000000000052400000013
:109400002800000003000000A2FDFFFF0200000092
:109410000100000002000000010000000000000147
:1094200001000000230000000100000022000000F5
:1094300062FDFFFF140000000000000B10000000A0
:1094400014000000020000006CBDFFFF01000000DE
:1094500022000000020000002100000006000000C1
:1094600092FDFFFF14000000000000151000000036
:1094700014000000010000009CBDFFFF010000007F
:109480002100000002000000200000000700000092
:1094900082FDFFFF10000000000000011C00000022
:1094A0002000000074FDFFFF00000001010000002B
:1094B0000100000000000001010000002000000089
:1094C000030000001F000000090000000800000069
:1094D00002FEFFFF20000000000000022800000044
:1094E0002C000000040000000C00100000000C0024
:1094F000080004000C000000010000000100000052
:1095000001000000010000001F0000000300000037
:109510001E0000000B0000000A0000004EFEFFFFCE
:1095200014000000000000052400000028000000D6
:1095300003000000CEFEFFFF02000000020000005A
:109540000200000002000000000000010100000015
:109550001E000000010000001D0000008EFEFFFF45
:10956000140000000000000B1000000014000000B8
:109570000200000098BEFFFF010000001D00000077
:10958000020000001C0000000C000000BEFEFFFFF7
:10959000140000000000001510000000140000007E
:1095A00001000000C8BEFFFF010000001C00000019
:1095B000020000001B0000000D000000AEFEFFFFD7
:1095C00010000000000000011C000000200000004E
:1095D000A0FEFFFF000000010100000001000000EC
:1095E00000000001010000001B000000030000005B
:1095F0001A0000000F0000000E0000002EFFFFFF09
:1096000020000000000000022C00000030000000DC
:10961000040000000C00140013000C0008000400FB
:109620000C0000000100000001000000010000002B
:1096300000000001010000001A000000030000000B
:109640001900000011000000100000007EFFFFFF65
:109650002400000000000005340000003800000075
:109660000300000000000E001800170010000C009E
:10967000080004000E0000000200000002000000CC
:1096800002000000020000000000000101000000D4
:10969000190000000100000018000000CEFFFFFFCD
:1096A000140000000000000B100000001400000077
:1096B00002000000D8BFFFFF0100000018000000FA
:1096C00002000000170000001200000000000E0061
:1096D0001800140010000C000B0004000E00000025
:1096E000140000000000001510000000140000002D
:1096F0000100000018C0FFFF01000000170000007B
:1097000002000000160000001300000000000E0020
:109710001400000010000C000B0004000E000000FC
:109720001C00000000000001280000002C000000C8
:109730000C00140013000C00080007000C000000CF
:109740000000000101000000010000000000000115
:1097500001000000160000000300000000000000EF
:1097600015000000140000000100000027000000A8
:109770000100000000000000280000009C3F0000E5
:10978000403F0000703E0000B43D00006037000024
:1097900004310000A03000003C300000E829000047
:1097A0008423000030200000B41C0000501C000086
:1097B000EC1B000098180000341500006013000036
:1097C0007811000018110000B4100000E00E000035
:1097D000FC0C0000080C00005C0B0000B00A00004C
:1097E000140A0000600900003C0800009007000017
:1097F000E40600004806000094050000680400002C
:10980000BC0300001003000074020000E00100002F
:109810002401000080000000040000001AC1FFFFC6
:109820000000000118000000200000003C000000C3
:1098300028000000000000095000000002000000A5
:10984000FFFFFFFF08000000FCC0FFFF0800000052
:10985000100000000100000080FFFFFFFFFFFFFF7E
:10986000010000000000803B1B0000005374617485
:109870006566756C506172746974696F6E65644376
:10988000616C6C5F313A30000200000001000000A2
:109890000800000092C1FFFF000000011800000056
:1098A000200000003C00000027000000000000092C
:1098B0007800000002000000FFFFFFFF080000002A
:1098C00074C1FFFF0800000010000000010000004C
:1098D000D4FFFFFFFFFFFFFF010000001CAB373E7E
:1098E0004000000044535F434E4E5F4D6F64656C13
:1098F0005F312F64656E73655F315F322F4D617428
:109900004D756C3B44535F434E4E5F4D6F64656CC9
:109910005F312F64656E73655F315F322F4269611D
:1099200073416464000000000200000001000000B8
:109930000800000032C2FFFF000000011800000014
:10994000200000003C00000026000000000000098C
:109950009000000002000000FFFFFFFF80000000F9
:1099600014C2FFFF0800000010000000010000000A
:1099700080FFFFFFFFFFFFFF010000005552473D42
:109980005800000044535F434E4E5F4D6F64656C5A
:109990005F312F64656E73655F312F4D61744D7556
:1099A0006C3B44535F434E4E5F4D6F64656C5F315B
:1099B0002F64656E73655F312F52656C753B445340
:1099C0005F434E4E5F4D6F64656C5F312F64656E13
:1099D00073655F312F426961734164640000000068
:1099E000020000000100000080000000EAC2FFFF4A
:1099F00000000001180000002000000040000000EE
:109A000025000000000000096800000002000000BE
:109A1000FFFFFFFF80000000CCC2FFFF0800000036
:109A200014000000010000008FFFFFFFFFFFFFFF99
:109A30000000000001000000CC8C7B3D2E000000E7
:109A400044535F434E4E5F4D6F64656C5F312F67CB
:109A50006C6F62616C5F617665726167655F706F84
:109A60006F6C696E6732645F312F4D65616E000007
:109A70000200000001000000800000007AC3FFFF28
:109A80000000000118000000280000004400000051
:109A9000240000000000000968000000040000002D
:109AA000FFFFFFFF03000000010000008000000036
:109AB00064C3FFFF08000000100000000100000068
:109AC0008EFFFFFFFFFFFFFF01000000A3A2C73DC5
:109AD0002A00000044535F434E4E5F4D6F64656C37
:109AE0005F312F6D61785F706F6F6C696E67326484
:109AF0005F325F312F4D6178506F6F6C32640000C0
:109B0000040000000100000003000000010000004C
:109B10008000000012C4FFFF0000000118000000D8
:109B20002800000048000000230000000000000999
:109B30007800000004000000FFFFFFFF06000000A7
:109B40000100000080000000FCC3FFFF08000000CF
:109B500014000000010000008EFFFFFFFFFFFFFF69
:109B60000000000001000000A3A2C73D3600000075
:109B700044535F434E4E5F4D6F64656C5F312F629F
:109B8000617463685F6E6F726D616C697A6174692C
:109B90006F6E5F325F312F62617463686E6F726DDA
:109BA0002F6164645F3100000400000001000000C8
:109BB000060000000100000080000000BAC4FFFFA2
:109BC000000000011800000028000000480000000C
:109BD00022000000000000097800000004000000DE
:109BE000FFFFFFFF060000000100000080000000F2
:109BF000A4C4FFFF080000001400000001000000E2
:109C00008EFFFFFFFFFFFFFF0000000001000000CC
:109C1000DC7FC83D3600000044535F434E4E5F4D2D
:109C20006F64656C5F312F62617463685F6E6F7221
:109C30006D616C697A6174696F6E5F325F312F623A
:109C4000617463686E6F726D2F6D756C5F310000AB
:109C500004000000010000000600000001000000F8
:109C60008000000062C5FFFF000000011800000036
:109C7000280000004800000021000000000000094A
:109C8000F800000004000000FFFFFFFF06000000D6
:109C900001000000800000004CC5FFFF080000002C
:109CA000140000000100000080FFFFFFFFFFFFFF26
:109CB0000000000001000000A591BD3DB5000000BE
:109CC00044535F434E4E5F4D6F64656C5F312F733D
:109CD0006570617261626C655F636F6E7632645F3E
:109CE000315F322F52656C753B44535F434E4E5F7C
:109CF0004D6F64656C5F312F736570617261626C6A
:109D0000655F636F6E7632645F315F322F426961E7
:109D1000734164643B44535F434E4E5F4D6F6465D3
:109D20006C5F312F736570617261626C655F636F28
:109D30006E7632645F315F322F736570617261627B
:109D40006C655F636F6E7632643B44535F434E4E87
:109D50005F4D6F64656C5F312F7365706172616216
:109D60006C655F636F6E7632645F315F322F537163
:109D70007565657A650000000400000001000000C0
:109D80000600000001000000800000008AC6FFFFFE
:109D9000000000011800000028000000480000003A
:109DA0002000000000000009800000000400000006
:109DB000FFFFFFFF06000000010000004000000060
:109DC00074C6FFFF0800000014000000010000003E
:109DD000EAFFFFFFFFFFFFFF00000000010000009F
:109DE0004927C93C3E00000044535F434E4E5F4D3F
:109DF0006F64656C5F312F736570617261626C6551
:109E00005F636F6E7632645F315F322F73657061AE
:109E10007261626C655F636F6E7632642F64657029
:109E20007468776973650000040000000100000099
:109E30000600000001000000400000003AC7FFFFDC
:109E4000000000011800000028000000440000008D
:109E50001F0000000000000968000000040000006E
:109E6000FFFFFFFF060000000100000040000000AF
:109E700024C7FFFF080000001000000001000000E0
:109E800091FFFFFFFFFFFFFF01000000FF629A3D0F
:109E90002A00000044535F434E4E5F4D6F64656C73
:109EA0005F312F6D61785F706F6F6C696E673264C0
:109EB0005F315F322F4D6178506F6F6C32640000FC
:109EC0000400000001000000060000000100000086
:109ED00040000000D2C7FFFF000000011800000092
:109EE00028000000480000001E00000000000009DB
:109EF0007800000004000000FFFFFFFF0D000000DD
:109F00000300000040000000BCC7FFFF0800000085
:109F1000140000000100000091FFFFFFFFFFFFFFA2
:109F20000000000001000000FF629A3D36000000C2
:109F300044535F434E4E5F4D6F64656C5F312F62DB
:109F4000617463685F6E6F726D616C697A61746968
:109F50006F6E5F315F322F62617463686E6F726D16
:109F60002F6164645F310000040000000100000004
:109F70000D00000003000000400000007AC8FFFF51
:109F80000000000118000000280000004800000048
:109F90001D0000000000000978000000040000001F
:109FA000FFFFFFFF0D000000030000004000000065
:109FB00064C8FFFF0800000014000000010000005A
:109FC00091FFFFFFFFFFFFFF000000000100000006
:109FD000D24A9B3D3600000044535F434E4E5F4DD6
:109FE0006F64656C5F312F62617463685F6E6F725E
:109FF0006D616C697A6174696F6E5F315F322F6277
:10A00000617463686E6F726D2F6D756C5F310000E7
:10A0100004000000010000000D000000030000002B
:10A020004000000022C9FFFF0000000118000000EE
:10A0300028000000480000001C000000000000098B
:10A04000F000000004000000FFFFFFFF0D00000013
:10A0500003000000400000000CC9FFFF08000000E2
:10A06000140000000100000080FFFFFFFFFFFFFF62
:10A07000000000000100000018FF903DAD0000004E
:10A0800044535F434E4E5F4D6F64656C5F312F7379
:10A090006570617261626C655F636F6E7632645F7A
:10A0A000312F52656C753B44535F434E4E5F4D6F8D
:10A0B00064656C5F312F736570617261626C655F9E
:10A0C000636F6E7632645F312F42696173416464FD
:10A0D0003B44535F434E4E5F4D6F64656C5F312F61
:10A0E000736570617261626C655F636F6E76326416
:10A0F0005F312F736570617261626C655F636F6E53
:10A100007632643B44535F434E4E5F4D6F64656CE3
:10A110005F312F736570617261626C655F636F6E32
:10A120007632645F312F53717565657A6500000082
:10A1300004000000010000000D000000030000000A
:10A140004000000042CAFFFF0000000118000000AC
:10A1500028000000480000001B000000000000096B
:10A160008000000004000000FFFFFFFF0D00000062
:10A1700003000000200000002CCAFFFF08000000C0
:10A1800014000000010000002D000000000000008D
:10A190000000000001000000EAAF653D3C00000047
:10A1A00044535F434E4E5F4D6F64656C5F312F7358
:10A1B0006570617261626C655F636F6E7632645F59
:10A1C000312F736570617261626C655F636F6E766B
:10A1D00032642F64657074687769736500000000ED
:10A1E00004000000010000000D000000030000005A
:10A1F00020000000F2CAFFFF00000001180000006C
:10A2000028000000440000001A00000000000009BF
:10A210006800000004000000FFFFFFFF0F000000C7
:10A220000500000020000000DCCAFFFF080000005D
:10A23000100000000100000088FFFFFFFFFFFFFF8C
:10A24000010000001FD99E3D2800000044535F43D9
:10A250004E4E5F4D6F64656C5F312F6D61785F703E
:10A260006F6F6C696E6732645F312F4D6178506F2C
:10A270006F6C326400000000040000000100000068
:10A280000F00000005000000200000008ACBFFFF47
:10A290000000000118000000280000004800000035
:10A2A0001900000000000009780000000400000010
:10A2B000FFFFFFFF1E0000000B0000002000000059
:10A2C00074CBFFFF08000000140000000100000034
:10A2D00088FFFFFFFFFFFFFF0000000001000000FC
:10A2E0001FD99E3D3400000044535F434E4E5F4DE6
:10A2F0006F64656C5F312F62617463685F6E6F724B
:10A300006D616C697A6174696F6E5F312F6261741F
:10A3100063686E6F726D2F6164645F3100000000CE
:10A3200004000000010000001E0000000B000000FF
:10A330002000000032CCFFFF0000000118000000E8
:10A34000280000004800000018000000000000097C
:10A350007800000004000000FFFFFFFF1E00000067
:10A360000B000000200000001CCCFFFF08000000D4
:10A37000140000000100000088FFFFFFFFFFFFFF47
:10A380000000000001000000C582A33D3400000071
:10A3900044535F434E4E5F4D6F64656C5F312F6277
:10A3A000617463685F6E6F726D616C697A61746904
:10A3B0006F6E5F312F62617463686E6F726D2F6DA7
:10A3C000756C5F3100000000040000000100000017
:10A3D0001E0000000B00000020000000DACCFFFF90
:10A3E00000000001180000002800000044000000E8
:10A3F0001700000000000009C00000000400000079
:10A40000FFFFFFFF1E0000000B0000002000000007
:10A41000C4CCFFFF08000000100000000100000095
:10A4200080FFFFFFFFFFFFFF01000000F7F61E4067
:10A430008100000044535F434E4E5F4D6F64656C76
:10A440005F312F636F6E7632645F312F52656C75AA
:10A450003B44535F434E4E5F4D6F64656C5F312FDD
:10A46000636F6E7632645F312F4269617341646459
:10A470003B44535F434E4E5F4D6F64656C5F312FBD
:10A48000636F6E7632645F312F636F6E766F6C75BB
:10A4900074696F6E3B44535F434E4E5F4D6F64650E
:10A4A0006C5F312F636F6E7632645F312F5371753D
:10A4B00065657A65310000000400000001000000BD
:10A4C0001E0000000B0000002000000022CEFFFF55
:10A4D0000000000114000000A801000016000000A8
:10A4E00000000009B40100009CCDFFFF080000003F
:10A4F0000C0100002000000000000000000000002F
:10A50000000000000000000000000000000000004B
:10A51000000000000000000000000000000000003B
:10A52000000000000000000000000000000000002B
:10A53000000000000000000000000000000000001B
:10A54000000000000000000000000000000000000B
:10A5500000000000000000000000000000000000FB
:10A5600000000000000000000000000000000000EB
:10A5700000000000000000000000000000000000DB
:10A5800000000000000000000000000000000000CB
:10A5900000000000000000000000000000000000BB
:10A5A00000000000000000000000000000000000AB
:10A5B000000000000000000000000000000000009B
:10A5C000000000000000000000000000000000008B
:10A5D000000000000000000000000000000000007B
:10A5E000000000000000000000000000000000006B
:10A5F000000000000000000000000000200000003B
:10A600004A4AD83A112CB33AE547CF3AFE01B53A57
:10A61000296B0E3B1831F73AAC93A63AE8DAD13AF7
:10A620001660173BD725DA3AA0E2CD3A9B6BCB3ABE
:10A63000F37C413BD9BBE03AF640E53A707EBA3A4A
:10A64000E309263BE3B3103B02C2F83A57AE103B96
:10A650001A49E33ABC17ED3A3CF9BC3A72EDBF3AFD
:10A66000F440B13AB058053BA628123B2FD1ED3A41
:10A670004A8CA03A8466DB3ABFED023B7328433B29
:10A680001300000074666C2E70736575646F5F71E3
:10A69000636F6E7374313900040000002000000005
:10A6A00003000000030000000100000002D0FFFFD3
:10A6B0000000000114000000A401000015000000CB
:10A6C00000000002B00100007CCFFFFF0800000086
:10A6D0000801000020000000000000000000000051
:10A6E000000000000000000000000000000000006A
:10A6F000000000000000000000000000000000005A
:10A700000000000000000000000000000000000049
:10A710000000000000000000000000000000000039
:10A720000000000000000000000000000000000029
:10A730000000000000000000000000000000000019
:10A740000000000000000000000000000000000009
:10A7500000000000000000000000000000000000F9
:10A7600000000000000000000000000000000000E9
:10A7700000000000000000000000000000000000D9
:10A7800000000000000000000000000000000000C9
:10A7900000000000000000000000000000000000B9
:10A7A00000000000000000000000000000000000A9
:10A7B0000000000000000000000000000000000099
:10A7C0000000000000000000000000000000000089
:10A7D000000000000000000020000000A3D90A3C97
:10A7E000230BE63B0511053C7D66E83BD0DA363CA1
:10A7F00013B01E3C42DFD53B14B8063CC15A423C64
:10A80000EC0A0C3CAA2B043C9396023C926C783CDC
:10A810004745103C1A2C133CB071EF3B5A2E553C67
:10A820008FC9393C73B11F3C6FC2393CA4E8113C5D
:10A830005F34183CB8A0F23BA36BF63B9694E33B25
:10A84000EF342B3C28A83B3C6DAB183CAC21CE3BF5
:10A85000C9D80C3C421A283C73917A3C1300000082
:10A8600074666C2E70736575646F5F71636F6E7361
:10A87000743138000100000020000000D2D1FFFF39
:10A88000000000011400000034000000140000006B
:10A8900000000009400000004CD1FFFF080000004C
:10A8A000140000000100000080FFFFFFFFFFFFFF1A
:10A8B000000000000100000077CF0E3B13000000F5
:10A8C00074666C2E70736575646F5F71636F6E7301
:10A8D00074313700010000002000000032D2FFFF79
:10A8E0000000000114000000300000001300000010
:10A8F000000000093C000000ACD1FFFF0800000090
:10A9000010000000010000007F00000000000000B7
:10A91000010000004A381E3B1300000074666C2ED4
:10A9200070736575646F5F71636F6E737431360039
:10A9300001000000200000008ED2FFFF0000000197
:10A9400014000000AC01000012000000000000092B
:10A95000B8010000DAF4FFFF030000000800000067
:10A960000C010000200000000000000000000000BA
:10A9700000000000000000000000000000000000D7
:10A9800000000000000000000000000000000000C7
:10A9900000000000000000000000000000000000B7
:10A9A00000000000000000000000000000000000A7
:10A9B0000000000000000000000000000000000097
:10A9C0000000000000000000000000000000000087
:10A9D0000000000000000000000000000000000077
:10A9E0000000000000000000000000000000000067
:10A9F0000000000000000000000000000000000057
:10AA00000000000000000000000000000000000046
:10AA10000000000000000000000000000000000036
:10AA20000000000000000000000000000000000026
:10AA30000000000000000000000000000000000016
:10AA40000000000000000000000000000000000006
:10AA500000000000000000000000000000000000F6
:10AA600000000000000000000000000020000000C6
:10AA700026A0C93AB6F0073BCDC4AF3AEFE5013B9B
:10AA80007746E93AD705033B1B19EC3A3977C03AC8
:10AA9000DE6DC73A6371DE3A954CF73A3AC3C13A74
:10AAA000D687D73AF4AF2E3BDEC3F73A6730C53AC4
:10AAB0008E6E2E3B8A0EDF3A29FE9A3A32B2673BFF
:10AAC000CA5E033B0B68D63A79F45C3BC282F73A24
:10AAD00020FEB93AAA0C023B1A32ED3A5118CD3A8F
:10AAE000FF04363B1054013BC2ED213B2A60CA3AB9
:10AAF0001300000074666C2E70736575646F5F716F
:10AB0000636F6E73743135000400000001000000B3
:10AB100003000000030000002000000072D4FFFFCB
:10AB20000000000114000000A4010000110000005A
:10AB300000000002B0010000ECD3FFFF080000009D
:10AB400008010000200000000000000000000000DC
:10AB500000000000000000000000000000000000F5
:10AB600000000000000000000000000000000000E5
:10AB700000000000000000000000000000000000D5
:10AB800000000000000000000000000000000000C5
:10AB900000000000000000000000000000000000B5
:10ABA00000000000000000000000000000000000A5
:10ABB0000000000000000000000000000000000095
:10ABC0000000000000000000000000000000000085
:10ABD0000000000000000000000000000000000075
:10ABE0000000000000000000000000000000000065
:10ABF0000000000000000000000000000000000055
:10AC00000000000000000000000000000000000044
:10AC10000000000000000000000000000000000034
:10AC20000000000000000000000000000000000024
:10AC30000000000000000000000000000000000014
:10AC4000000000000000000020000000B137FA38CA
:10AC5000B8B328391321DA382A34213956BF1039CC
:10AC600075992239BD7F1239A3D9EE38E77DF738BF
:10AC7000A4060A3902731939A775F038A2BC053940
:10AC800082C9583906BD19393BB6F4385978583954
:10AC900028680A39A358C0387DC48F39D8072339AA
:10ACA0000F0A0539491A8939A09419392DD1E63886
:10ACB0003B642139182E1339E985FE38EBE26139FE
:10ACC000247F203928F44839FC25FB381300000084
:10ACD00074666C2E70736575646F5F71636F6E73ED
:10ACE00074313400010000002000000042D6FFFF54
:10ACF0000000000114000000280300001000000004
:10AD00000000000934030000BCD5FFFF080000006C
:10AD10000C020000400000000000000000000000E5
:10AD20000000000000000000000000000000000023
:10AD30000000000000000000000000000000000013
:10AD40000000000000000000000000000000000003
:10AD500000000000000000000000000000000000F3
:10AD600000000000000000000000000000000000E3
:10AD700000000000000000000000000000000000D3
:10AD800000000000000000000000000000000000C3
:10AD900000000000000000000000000000000000B3
:10ADA00000000000000000000000000000000000A3
:10ADB0000000000000000000000000000000000093
:10ADC0000000000000000000000000000000000083
:10ADD0000000000000000000000000000000000073
:10ADE0000000000000000000000000000000000063
:10ADF0000000000000000000000000000000000053
:10AE00000000000000000000000000000000000042
:10AE10000000000000000000000000000000000032
:10AE20000000000000000000000000000000000022
:10AE30000000000000000000000000000000000012
:10AE40000000000000000000000000000000000002
:10AE500000000000000000000000000000000000F2
:10AE600000000000000000000000000000000000E2
:10AE700000000000000000000000000000000000D2
:10AE800000000000000000000000000000000000C2
:10AE900000000000000000000000000000000000B2
:10AEA00000000000000000000000000000000000A2
:10AEB0000000000000000000000000000000000092
:10AEC0000000000000000000000000000000000082
:10AED0000000000000000000000000000000000072
:10AEE0000000000000000000000000000000000062
:10AEF0000000000000000000000000000000000052
:10AF00000000000000000000000000000000000041
:10AF100000000000000000000000000040000000F1
:10AF2000AACB1B3B3C8F393BB8B0483B37212F3B6A
:10AF3000B6773A3BF64C4B3BEB3D373B95CA423B31
:10AF4000484C1A3BE37F683B116A8F3BAB38223B8E
:10AF50006B244D3BB7D23B3B8C95593BF3E0293BEF
:10AF6000B7E7343B11DC433B656C283B6D635E3BCC
:10AF700028832E3BFC8A783B84B0403BA0A4243B32
:10AF8000B862833BDADD563BE629763B656D4A3B8A
:10AF9000DF7E6C3B9E8B433B885D953B1195693B07
:10AFA000F2E25E3B3F2C533B815D323BBCEA553BBA
:10AFB000E178323BA30F843B13D92E3B5FAE4F3B6E
:10AFC000EB36213B3A82593B2D99663BC864343BB2
:10AFD000074E3A3BF871413B7399453B51572F3B24
:10AFE000C6F4523B48D26F3BBE467A3BC850523BF8
:10AFF00068C83A3BDA11113BBABA603B3521313BA4
:10B000005F18393BA7F7803BBF126E3B96DB813B55
:10B0100020BB8E3B574B693B2D784D3B223F653B18
:10B020001300000074666C2E70736575646F5F7139
:10B03000636F6E7374313300040000004000000041
:10B04000010000000100000020000000A2D9FFFF65
:10B050000000000114000000240300000F000000A5
:10B0600000000002300300001CD9FFFF08000000B0
:10B070000802000040000000000000000000000086
:10B0800000000000000000000000000000000000C0
:10B0900000000000000000000000000000000000B0
:10B0A00000000000000000000000000000000000A0
:10B0B0000000000000000000000000000000000090
:10B0C0000000000000000000000000000000000080
:10B0D0000000000000000000000000000000000070
:10B0E0000000000000000000000000000000000060
:10B0F0000000000000000000000000000000000050
:10B10000000000000000000000000000000000003F
:10B11000000000000000000000000000000000002F
:10B12000000000000000000000000000000000001F
:10B13000000000000000000000000000000000000F
:10B1400000000000000000000000000000000000FF
:10B1500000000000000000000000000000000000EF
:10B1600000000000000000000000000000000000DF
:10B1700000000000000000000000000000000000CF
:10B1800000000000000000000000000000000000BF
:10B1900000000000000000000000000000000000AF
:10B1A000000000000000000000000000000000009F
:10B1B000000000000000000000000000000000008F
:10B1C000000000000000000000000000000000007F
:10B1D000000000000000000000000000000000006F
:10B1E000000000000000000000000000000000005F
:10B1F000000000000000000000000000000000004F
:10B20000000000000000000000000000000000003E
:10B21000000000000000000000000000000000002E
:10B22000000000000000000000000000000000001E
:10B23000000000000000000000000000000000000E
:10B2400000000000000000000000000000000000FE
:10B2500000000000000000000000000000000000EE
:10B2600000000000000000000000000000000000DE
:10B270000000000000000000400000003EC80B3944
:10B28000A37C2639FD0F34390E211D39384D27395D
:10B290008B6736394E68243912C52E3944700A3905
:10B2A0002A9A50396EAC80392A8C11398B0E383974
:10B2B0008E8428394A384339F56A1839964F22392D
:10B2C00072BA2F39B21C1739C28747393E931C39DD
:10B2D0001EFF5E394FE22C3966B813392EC36B3925
:10B2E0001AC84039A2DC5C39F59E35390030543932
:10B2F00044722F394E038639DB9251392BFA473984
:10B30000B1773D3935082039F9ED3F39C52020396D
:10B3100078F96C3954E01C39B1553A39E8A4103940
:10B32000F52643397BE54E391DDA2139D2272739F5
:10B33000E18F2D390C4A313998511D39EB453D3992
:10B34000E62B5739438D6039C8B23C399F95273970
:10B35000A828023975A149396CEC1E39FE1126392D
:10B360004F6C67395D9A553952056939780F8039C4
:10B37000B5505139B159383901AF4D39130000007A
:10B3800074666C2E70736575646F5F71636F6E7336
:10B39000743132000100000040000000F2DCFFFFC9
:10B3A0000000000114000000340000000E00000046
:10B3B00000000009400000006CDCFFFF08000000F6
:10B3C000140000000100000080FFFFFFFFFFFFFFEF
:10B3D000000000000100000091E31C3D130000008C
:10B3E00074666C2E70736575646F5F71636F6E73D6
:10B3F00074313100010000004000000052DDFFFF09
:10B400000000000114000000340000000D000000E6
:10B410000000000940000000CCDCFFFF0800000035
:10B4200014000000010000007F0000000000000088
:10B43000000000000100000099BBA43B13000000C5
:10B4400074666C2E70736575646F5F71636F6E7375
:10B45000743130000100000040000000B2DDFFFF49
:10B460000000000128000000400300000C00000064
:10B47000000000094C030000000012001000000052
:10B4800000000C0008000000000004001200000092
:10B4900003000000080000000C0200004000000053
:10B4A000000000000000000000000000000000009C
:10B4B000000000000000000000000000000000008C
:10B4C000000000000000000000000000000000007C
:10B4D000000000000000000000000000000000006C
:10B4E000000000000000000000000000000000005C
:10B4F000000000000000000000000000000000004C
:10B50000000000000000000000000000000000003B
:10B51000000000000000000000000000000000002B
:10B52000000000000000000000000000000000001B
:10B53000000000000000000000000000000000000B
:10B5400000000000000000000000000000000000FB
:10B5500000000000000000000000000000000000EB
:10B5600000000000000000000000000000000000DB
:10B5700000000000000000000000000000000000CB
:10B5800000000000000000000000000000000000BB
:10B5900000000000000000000000000000000000AB
:10B5A000000000000000000000000000000000009B
:10B5B000000000000000000000000000000000008B
:10B5C000000000000000000000000000000000007B
:10B5D000000000000000000000000000000000006B
:10B5E000000000000000000000000000000000005B
:10B5F000000000000000000000000000000000004B
:10B60000000000000000000000000000000000003A
:10B61000000000000000000000000000000000002A
:10B62000000000000000000000000000000000001A
:10B63000000000000000000000000000000000000A
:10B6400000000000000000000000000000000000FA
:10B6500000000000000000000000000000000000EA
:10B6600000000000000000000000000000000000DA
:10B6700000000000000000000000000000000000CA
:10B6800000000000000000000000000000000000BA
:10B6900000000000000000000000000000000000AA
:10B6A00000000000400000002A679F3AEC34A13AF5
:10B6B0002A94773AF5C77F3AD1A98C3AA450A93A8F
:10B6C000AE765A3A4D7BC23ACCCE993A7DA2A13A97
:10B6D0002957943A6C19863ACDFF573A38E0983A90
:10B6E0003806AB3A23AC4E3AD023833AB46CD43A02
:10B6F000CD118E3AD54AED3A93A9A03AD0CE913ADF
:10B700007029E23A58DBB33A25E56D3A976FA63ACD
:10B7100060B5AB3AFC47993A8C73863AAC5E8E3A88
:10B720002E08803ABCDBD83AB74BEB3A7C9BA53A63
:10B73000D667843A243BA13AC373693AF307B63A11
:10B74000D5C7663A4AA3983AD5BB533A1A30813ADC
:10B7500098AAB03AE095653A359EC03A0699993A6A
:10B76000631D373AF6FBAD3A6AD8AF3A87308F3A65
:10B770005D2E783A0E66F83A4C28913A7FBE8F3AA1
:10B78000872ADF3A87ED933AEE529B3ADCE0D73ACC
:10B790006B42583AB6E57E3A1B0D483A7E6E983AAF
:10B7A000B124523AC3CA7F3A1200000074666C2E6C
:10B7B00070736575646F5F71636F6E7374390000C9
:10B7C000040000000100000003000000030000006E
:10B7D000400000002AE1FFFF00000001140000000B
:10B7E000240300000B0000000000000230030000F2
:10B7F000A4E0FFFF08000000080200004000000075
:10B800000000000000000000000000000000000038
:10B810000000000000000000000000000000000028
:10B820000000000000000000000000000000000018
:10B830000000000000000000000000000000000008
:10B8400000000000000000000000000000000000F8
:10B8500000000000000000000000000000000000E8
:10B8600000000000000000000000000000000000D8
:10B8700000000000000000000000000000000000C8
:10B8800000000000000000000000000000000000B8
:10B8900000000000000000000000000000000000A8
:10B8A0000000000000000000000000000000000098
:10B8B0000000000000000000000000000000000088
:10B8C0000000000000000000000000000000000078
:10B8D0000000000000000000000000000000000068
:10B8E0000000000000000000000000000000000058
:10B8F0000000000000000000000000000000000048
:10B900000000000000000000000000000000000037
:10B910000000000000000000000000000000000027
:10B920000000000000000000000000000000000017
:10B930000000000000000000000000000000000007
:10B9400000000000000000000000000000000000F7
:10B9500000000000000000000000000000000000E7
:10B9600000000000000000000000000000000000D7
:10B9700000000000000000000000000000000000C7
:10B9800000000000000000000000000000000000B7
:10B9900000000000000000000000000000000000A7
:10B9A0000000000000000000000000000000000097
:10B9B0000000000000000000000000000000000087
:10B9C0000000000000000000000000000000000077
:10B9D0000000000000000000000000000000000067
:10B9E0000000000000000000000000000000000057
:10B9F0000000000000000000000000000000000047
:10BA0000400000006743C0385A70C238DF4E953896
:10BA100033419A381AA9A938F837CC38E0BF8338AF
:10BA2000C292EA38C283B93881F4C23898EBB2388E
:10BA30004DBEA138684382380064B838C147CE385B
:10BA4000F2467938832C9E38891B00394B5BAB3822
:10BA5000C71A0F3947C8C13897DDAF386364083952
:10BA600000EFD838D7778F38FBBEC838041BCF38E3
:10BA700028E1B838012BA23803B8AB38DD6C9A380E
:10BA80000BC8023989E60D3926BFC73855B39F3830
:10BA9000DA77C238EAC98C38598EDB38752D8B3885
:10BAA000821AB838BE617F38C9D19B38E115D538C4
:10BAB000F1748A385153E838E642B938FADC5C3818
:10BAC000B3D9D1386018D43821B5AC38DDAB95384E
:10BAD00073CD1539BF14AF385D60AD38E2950639C6
:10BAE0002F6CB238E757BB38BF300239956B8238BC
:10BAF000C1B899387D4A7138D4DAB738AC767D3818
:10BB0000E4429A381200000074666C2E70736575FA
:10BB1000646F5F71636F6E73743800000100000022
:10BB2000400000007AE4FFFF000000011400000064
:10BB3000280600000A00000000000009340600008A
:10BB4000F4E3FFFF080000000C0400008000000088
:10BB500000000000000000000000000000000000E5
:10BB600000000000000000000000000000000000D5
:10BB700000000000000000000000000000000000C5
:10BB800000000000000000000000000000000000B5
:10BB900000000000000000000000000000000000A5
:10BBA0000000000000000000000000000000000095
:10BBB0000000000000000000000000000000000085
:10BBC0000000000000000000000000000000000075
:10BBD0000000000000000000000000000000000065
:10BBE0000000000000000000000000000000000055
:10BBF0000000000000000000000000000000000045
:10BC00000000000000000000000000000000000034
:10BC10000000000000000000000000000000000024
:10BC20000000000000000000000000000000000014
:10BC30000000000000000000000000000000000004
:10BC400000000000000000000000000000000000F4
:10BC500000000000000000000000000000000000E4
:10BC600000000000000000000000000000000000D4
:10BC700000000000000000000000000000000000C4
:10BC800000000000000000000000000000000000B4
:10BC900000000000000000000000000000000000A4
:10BCA0000000000000000000000000000000000094
:10BCB0000000000000000000000000000000000084
:10BCC0000000000000000000000000000000000074
:10BCD0000000000000000000000000000000000064
:10BCE0000000000000000000000000000000000054
:10BCF0000000000000000000000000000000000044
:10BD00000000000000000000000000000000000033
:10BD10000000000000000000000000000000000023
:10BD20000000000000000000000000000000000013
:10BD30000000000000000000000000000000000003
:10BD400000000000000000000000000000000000F3
:10BD500000000000000000000000000000000000E3
:10BD600000000000000000000000000000000000D3
:10BD700000000000000000000000000000000000C3
:10BD800000000000000000000000000000000000B3
:10BD900000000000000000000000000000000000A3
:10BDA0000000000000000000000000000000000093
:10BDB0000000000000000000000000000000000083
:10BDC0000000000000000000000000000000000073
:10BDD0000000000000000000000000000000000063
:10BDE0000000000000000000000000000000000053
:10BDF0000000000000000000000000000000000043
:10BE00000000000000000000000000000000000032
:10BE10000000000000000000000000000000000022
:10BE20000000000000000000000000000000000012
:10BE30000000000000000000000000000000000002
:10BE400000000000000000000000000000000000F2
:10BE500000000000000000000000000000000000E2
:10BE600000000000000000000000000000000000D2
:10BE700000000000000000000000000000000000C2
:10BE800000000000000000000000000000000000B2
:10BE900000000000000000000000000000000000A2
:10BEA0000000000000000000000000000000000092
:10BEB0000000000000000000000000000000000082
:10BEC0000000000000000000000000000000000072
:10BED0000000000000000000000000000000000062
:10BEE0000000000000000000000000000000000052
:10BEF0000000000000000000000000000000000042
:10BF00000000000000000000000000000000000031
:10BF10000000000000000000000000000000000021
:10BF20000000000000000000000000000000000011
:10BF30000000000000000000000000000000000001
:10BF400000000000000000000000000000000000F1
:10BF500000000000800000007FE4353B159A903B14
:10BF6000A583563B24A3883B7D11223B4EFE5A3BC2
:10BF70003BA8483BBDB1573B02714C3B1B2F1B3BC1
:10BF8000DD496F3BC6D5303B3E93183BE6F93F3B5E
:10BF90002C6D423B3E4B6E3B3DE52F3BD7493F3B33
:10BFA0006CDC793BEC043D3BB7375C3B6656553B5C
:10BFB0006276523B92A8323BCAF45E3B708F403BA4
:10BFC0004350333B7F83183BB2DF463B72B72D3B78
:10BFD0009007353B8C473E3BED1D373B6D342B3B8B
:10BFE00089464D3BB6B52C3B2C24423B2A202F3BA7
:10BFF00047554D3B38562F3BF2AF653BFBEB423B81
:10C00000EDA32E3B8A1A423B9547453B9C7F6C3BF8
:10C01000CAAC253B02358D3B1C016D3B5565473B4A
:10C020005903433B5E3B543B71353A3BD478363B36
:10C030001DE4163BC4E28E3B3523273BEFD53D3B49
:10C0400009DB5F3B0F2A5B3BEFDF0D3B7C07603B6F
:10C05000AEB15B3BC9F96C3BB939313B7776173BE5
:10C06000A423523BB4BB6E3B8060443BD064483B4E
:10C070006653113BA1A71A3B2C7D4D3BE6684B3B19
:10C08000707A303B7E10653B2C316D3B577C363BE4
:10C09000304A1C3B0806233BFE4E213B30CE863BFC
:10C0A000D3298E3B4CC9183B0DCE1D3BA96E2B3BB3
:10C0B0006167543B326F2F3BD227383BEBF44F3B49
:10C0C00000153E3BA6EC123B6F8C313B9D595B3B10
:10C0D00034F6283B8CB32D3B36A1853B0088733B5F
:10C0E000B04D123B70F1373BB039463B4338773B9C
:10C0F0005A812B3B0F564C3BF893563BF0F9373B9C
:10C10000E7CA4D3BFB35393B2D12263BE323313B40
:10C1100067C0203B6B7C563BEF31313B80F0653B89
:10C12000EAE3583B20AD2B3BF2E6583B7E5A243BDA
:10C1300096772B3BA2113F3B2CE6263BEA5D303B3A
:10C14000B291213B540A3F3B26D05A3BD7745C3B0B
:10C15000DCED1F3BDC9D473B1200000074666C2E3B
:10C1600070736575646F5F71636F6E737437000011
:10C170000400000080000000010000000100000039
:10C1800040000000DAEAFFFF000000011400000098
:10C190002406000009000000000000023006000034
:10C1A00054EAFFFF080000000804000080000000BF
:10C1B000000000000000000000000000000000007F
:10C1C000000000000000000000000000000000006F
:10C1D000000000000000000000000000000000005F
:10C1E000000000000000000000000000000000004F
:10C1F000000000000000000000000000000000003F
:10C20000000000000000000000000000000000002E
:10C21000000000000000000000000000000000001E
:10C22000000000000000000000000000000000000E
:10C2300000000000000000000000000000000000FE
:10C2400000000000000000000000000000000000EE
:10C2500000000000000000000000000000000000DE
:10C2600000000000000000000000000000000000CE
:10C2700000000000000000000000000000000000BE
:10C2800000000000000000000000000000000000AE
:10C29000000000000000000000000000000000009E
:10C2A000000000000000000000000000000000008E
:10C2B000000000000000000000000000000000007E
:10C2C000000000000000000000000000000000006E
:10C2D000000000000000000000000000000000005E
:10C2E000000000000000000000000000000000004E
:10C2F000000000000000000000000000000000003E
:10C30000000000000000000000000000000000002D
:10C31000000000000000000000000000000000001D
:10C32000000000000000000000000000000000000D
:10C3300000000000000000000000000000000000FD
:10C3400000000000000000000000000000000000ED
:10C3500000000000000000000000000000000000DD
:10C3600000000000000000000000000000000000CD
:10C3700000000000000000000000000000000000BD
:10C3800000000000000000000000000000000000AD
:10C39000000000000000000000000000000000009D
:10C3A000000000000000000000000000000000008D
:10C3B000000000000000000000000000000000007D
:10C3C000000000000000000000000000000000006D
:10C3D000000000000000000000000000000000005D
:10C3E000000000000000000000000000000000004D
:10C3F000000000000000000000000000000000003D
:10C40000000000000000000000000000000000002C
:10C41000000000000000000000000000000000001C
:10C42000000000000000000000000000000000000C
:10C4300000000000000000000000000000000000FC
:10C4400000000000000000000000000000000000EC
:10C4500000000000000000000000000000000000DC
:10C4600000000000000000000000000000000000CC
:10C4700000000000000000000000000000000000BC
:10C4800000000000000000000000000000000000AC
:10C49000000000000000000000000000000000009C
:10C4A000000000000000000000000000000000008C
:10C4B000000000000000000000000000000000007C
:10C4C000000000000000000000000000000000006C
:10C4D000000000000000000000000000000000005C
:10C4E000000000000000000000000000000000004C
:10C4F000000000000000000000000000000000003C
:10C50000000000000000000000000000000000002B
:10C51000000000000000000000000000000000001B
:10C52000000000000000000000000000000000000B
:10C5300000000000000000000000000000000000FB
:10C5400000000000000000000000000000000000EB
:10C5500000000000000000000000000000000000DB
:10C5600000000000000000000000000000000000CB
:10C5700000000000000000000000000000000000BB
:10C5800000000000000000000000000000000000AB
:10C59000000000000000000000000000000000009B
:10C5A000000000000000000000000000000000008B
:10C5B0008000000051EC8E38563EE338488EA83893
:10C5C0001EBAD63834B17E384613AC38E1AA9D384D
:10C5D000A77BA9381AA4A03899DF7338B705BC38EF
:10C5E000FBF28A380BC66F38ABD896388EC59838B0
:10C5F000A53DBB38FB358A38554E96386954C4384A
:10C60000DF8594388A09AD3893A1A7383F5FA538F4
:10C61000C5618C386930AF382C4E973889E58C3835
:10C620004CAD6F3828449C38B17F8838B83E8E387E
:10C630006083953899E28F386F868638E24BA1384F
:10C640002DB58738318C9838219B89387757A13898
:10C650009AC58938647AB438322999388239893848
:10C66000A08498387A039B387CD4B938172E823846
:10C6700094E8DD383E3ABA3829AD9C388E3B99387B
:10C680002EC3A63889509238DF608F3885206D38E8
:10C69000F28BE0384B5483381A2A953854E5AF387A
:10C6A000A835AC3830F55E384108B03838A0AC3821
:10C6B0007C34BA3885418B3883066E383B1EA538EA
:10C6C0000396BB38E74D9A38E8759D389061643819
:10C6D000B20A7338D076A13894D49F3837AB8A38F1
:10C6E0001AFDB3380260BA38A1638F38779C753869
:10C6F000C11880388D7F7D3827D9D3384F69DF380E
:10C70000FE1A7038FFFD773831B48638C3E5A63895
:10C710003AD9893886B390383667A338A85B9538FC
:10C72000B5E4663882828B38055BAC383DC384380B
:10C73000A17C88382A00D238275BBF38E5EA653803
:10C74000CB889038B7C19B381D41C238E1C28638CA
:10C75000ED8EA0381B9BA838798F9038E4B3A138B0
:10C76000CE879138C17D82385C308B38789F7C3899
:10C770009A88A838663B8B381EADB4383B6CAA3813
:10C7800046E586389D6EAA384624813835BB863802
:10C790002A22963855248338CD948A3860E87D382B
:10C7A0006D1C963802EFAB389139AD3899547B380F
:10C7B00094D99C381200000074666C2E70736575F5
:10C7C000646F5F71636F6E73743600000100000068
:10C7D000800000002AF1FFFF0000000114000000AB
:10C7E00034000000080000000000000940000000C4
:10C7F000A4F0FFFF0800000014000000010000008A
:10C8000080FFFFFFFFFFFFFF0000000001000000AE
:10C81000B6D5093E1200000074666C2E7073657503
:10C82000646F5F71636F6E73743500000100000008
:10C83000800000008AF1FFFF0000000114000000EA
:10C840003400000007000000000000094000000064
:10C8500004F1FFFF080000001400000001000000C8
:10C860007200000000000000000000000100000055
:10C8700004F0B73B1200000074666C2E707365758F
:10C88000646F5F71636F6E737434000001000000A9
:10C8900080000000EAF1FFFF00000001140000002A
:10C8A0002806000006000000000000093406000011
:10C8B00064F1FFFF080000000C040000800000008D
:10C8C0000000000000000000000000000000000068
:10C8D0000000000000000000000000000000000058
:10C8E0000000000000000000000000000000000048
:10C8F0000000000000000000000000000000000038
:10C900000000000000000000000000000000000027
:10C910000000000000000000000000000000000017
:10C920000000000000000000000000000000000007
:10C9300000000000000000000000000000000000F7
:10C9400000000000000000000000000000000000E7
:10C9500000000000000000000000000000000000D7
:10C9600000000000000000000000000000000000C7
:10C9700000000000000000000000000000000000B7
:10C9800000000000000000000000000000000000A7
:10C990000000000000000000000000000000000097
:10C9A0000000000000000000000000000000000087
:10C9B0000000000000000000000000000000000077
:10C9C0000000000000000000000000000000000067
:10C9D0000000000000000000000000000000000057
:10C9E0000000000000000000000000000000000047
:10C9F0000000000000000000000000000000000037
:10CA00000000000000000000000000000000000026
:10CA10000000000000000000000000000000000016
:10CA20000000000000000000000000000000000006
:10CA300000000000000000000000000000000000F6
:10CA400000000000000000000000000000000000E6
:10CA500000000000000000000000000000000000D6
:10CA600000000000000000000000000000000000C6
:10CA700000000000000000000000000000000000B6
:10CA800000000000000000000000000000000000A6
:10CA90000000000000000000000000000000000096
:10CAA0000000000000000000000000000000000086
:10CAB0000000000000000000000000000000000076
:10CAC0000000000000000000000000000000000066
:10CAD0000000000000000000000000000000000056
:10CAE0000000000000000000000000000000000046
:10CAF0000000000000000000000000000000000036
:10CB00000000000000000000000000000000000025
:10CB10000000000000000000000000000000000015
:10CB20000000000000000000000000000000000005
:10CB300000000000000000000000000000000000F5
:10CB400000000000000000000000000000000000E5
:10CB500000000000000000000000000000000000D5
:10CB600000000000000000000000000000000000C5
:10CB700000000000000000000000000000000000B5
:10CB800000000000000000000000000000000000A5
:10CB90000000000000000000000000000000000095
:10CBA0000000000000000000000000000000000085
:10CBB0000000000000000000000000000000000075
:10CBC0000000000000000000000000000000000065
:10CBD0000000000000000000000000000000000055
:10CBE0000000000000000000000000000000000045
:10CBF0000000000000000000000000000000000035
:10CC00000000000000000000000000000000000024
:10CC10000000000000000000000000000000000014
:10CC20000000000000000000000000000000000004
:10CC300000000000000000000000000000000000F4
:10CC400000000000000000000000000000000000E4
:10CC500000000000000000000000000000000000D4
:10CC600000000000000000000000000000000000C4
:10CC700000000000000000000000000000000000B4
:10CC800000000000000000000000000000000000A4
:10CC90000000000000000000000000000000000094
:10CCA0000000000000000000000000000000000084
:10CCB0000000000000000000000000000000000074
:10CCC0000000000080000000281D173BF9CE613BEA
:10CCD000CE9D2D3B4D8D233B29D6303BA6AB203B33
:10CCE0005588293B361B713B7B6B3F3B11FA403B20
:10CCF0004A152A3B4214083B34FA2F3BAB2C473BE6
:10CD00008D1B7F3B97B31F3BC2856D3B24D34C3BB0
:10CD100002E6503BFB55483BA26A2F3BA1DB343B6C
:10CD20009493463B69E34A3BAFA21A3B0234333B40
:10CD3000C863233B339D303BC68B503BF144343BAF
:10CD400018F3243B5C2D143B8C1D633BC6D5403B44
:10CD5000AD984B3B4FC5443B68DA3F3B491C2A3BEF
:10CD6000B1013D3B96C4343B8B88673B9F102B3B06
:10CD700018FF623BEE731F3B2B4A533B4FA81F3BF0
:10CD8000ED786C3B6EEF2F3BDC265B3B9CD64F3B3C
:10CD900018D8393B0BC5283B9325233BA18E143B68
:10CDA0003D895A3BD5A1333B45FA423B1A4E463B9F
:10CDB000346D473BA1416A3B2D364C3B4E51333BD2
:10CDC000AB9D823BAD0D3D3BF4C6343B8FDB1A3B44
:10CDD00020631E3B171C513B7408443BC62E2E3B60
:10CDE0009396493B5C094C3BBB1E173B0C5F4B3B8E
:10CDF0007E49313BE449123B0EC7383BAE72353BAE
:10CE000086FF253B59E9263B0E3A703BFFDD2C3B64
:10CE1000D790603BEC1A143B3CA02D3BD6775A3B95
:10CE200057DF373B83AC533B8148493B54BC1F3BE6
:10CE3000C58B413B85B9133B374D453BD90C2E3B48
:10CE4000DCEB493B94C7453B9264403B358A2A3B27
:10CE500057221A3B2D483E3B831B2D3BFCE53A3BBA
:10CE60003D26263B3C24233B957F243B3B25703BC2
:10CE700075FD3B3B03D3303B84684D3BA442373BBD
:10CE8000B4173A3B0D3E423BC311143BFA7D403B85
:10CE9000BCFB263B69FE383BE5AF143B4CF65B3BE5
:10CEA000679B3E3B07163E3BDA35383B9484453B57
:10CEB00082EA433BFE353C3B8DD06E3B9864573B4A
:10CEC0006ECE233B6102463B1200000074666C2E5E
:10CED00070736575646F5F71636F6E737433000098
:10CEE00002000000800000008000000042F8FFFF08
:10CEF00000000001140000002406000005000000EE
:10CF00000000000230060000BCF7FFFF0800000030
:10CF10000804000080000000000000000000000085
:10CF20000000000000000000000000000000000001
:10CF300000000000000000000000000000000000F1
:10CF400000000000000000000000000000000000E1
:10CF500000000000000000000000000000000000D1
:10CF600000000000000000000000000000000000C1
:10CF700000000000000000000000000000000000B1
:10CF800000000000000000000000000000000000A1
:10CF90000000000000000000000000000000000091
:10CFA0000000000000000000000000000000000081
:10CFB0000000000000000000000000000000000071
:10CFC0000000000000000000000000000000000061
:10CFD0000000000000000000000000000000000051
:10CFE0000000000000000000000000000000000041
:10CFF0000000000000000000000000000000000031
:10D000000000000000000000000000000000000020
:10D010000000000000000000000000000000000010
:10D020000000000000000000000000000000000000
:10D0300000000000000000000000000000000000F0
:10D0400000000000000000000000000000000000E0
:10D0500000000000000000000000000000000000D0
:10D0600000000000000000000000000000000000C0
:10D0700000000000000000000000000000000000B0
:10D0800000000000000000000000000000000000A0
:10D090000000000000000000000000000000000090
:10D0A0000000000000000000000000000000000080
:10D0B0000000000000000000000000000000000070
:10D0C0000000000000000000000000000000000060
:10D0D0000000000000000000000000000000000050
:10D0E0000000000000000000000000000000000040
:10D0F0000000000000000000000000000000000030
:10D10000000000000000000000000000000000001F
:10D11000000000000000000000000000000000000F
:10D1200000000000000000000000000000000000FF
:10D1300000000000000000000000000000000000EF
:10D1400000000000000000000000000000000000DF
:10D1500000000000000000000000000000000000CF
:10D1600000000000000000000000000000000000BF
:10D1700000000000000000000000000000000000AF
:10D18000000000000000000000000000000000009F
:10D19000000000000000000000000000000000008F
:10D1A000000000000000000000000000000000007F
:10D1B000000000000000000000000000000000006F
:10D1C000000000000000000000000000000000005F
:10D1D000000000000000000000000000000000004F
:10D1E000000000000000000000000000000000003F
:10D1F000000000000000000000000000000000002F
:10D20000000000000000000000000000000000001E
:10D21000000000000000000000000000000000000E
:10D2200000000000000000000000000000000000FE
:10D2300000000000000000000000000000000000EE
:10D2400000000000000000000000000000000000DE
:10D2500000000000000000000000000000000000CE
:10D2600000000000000000000000000000000000BE
:10D2700000000000000000000000000000000000AE
:10D28000000000000000000000000000000000009E
:10D29000000000000000000000000000000000008E
:10D2A000000000000000000000000000000000007E
:10D2B000000000000000000000000000000000006E
:10D2C000000000000000000000000000000000005E
:10D2D000000000000000000000000000000000004E
:10D2E000000000000000000000000000000000003E
:10D2F000000000000000000000000000000000002E
:10D30000000000000000000000000000000000001D
:10D31000000000000000000080000000B37C143911
:10D320001FE25D3936992A397EB520393CC32D3943
:10D33000AAE01D39E995263949EA6C39A9173C3923
:10D34000519F3D396B202739B4B605391AEB2C397A
:10D3500057B6433952AC7A39EBEC1C39C864693999
:10D36000AB43493968444D397CDA4439075E2C397E
:10D37000CFB63139E91F43398E5C47398EF2173900
:10D380008D163039B28C2039448B2D39BEEB4C3997
:10D39000BE22313911152239F8991139E12A5F3944
:10D3A000A87B3D39AB0E4839AD594139A8843C3989
:10D3B0004B2727399CB839392BA03139378263394B
:10D3C00061172839F50C5F395DAE1C39ED9D4F3979
:10D3D000D5E11C399F5C683984E02C39A257573954
:10D3E000BA394C39169D363904D62539924F203931
:10D3F0008CF91139C0BC5639778230399E963F3945
:10D40000A4DB4239C1F543392F2F66396EA948395B
:10D41000573330396D58803963C439397EA2313978
:10D42000712A18394DA21B398D794D391BA040390D
:10D43000A9272B3981154639657D48393F7E143936
:10D440000BD6473990342E39E8BE0F39CB90353999
:10D450003C4B3239D41C2339970224390B0D6C39DB
:10D46000BCDC293985A95C39DA871139999B2A39BD
:10D47000A6AB56391BAD34398FFE4F39CBC8453971
:10D4800081F51C397D2E3E392528113938DF413987
:10D4900052062B394F694639755742396B0C3D3965
:10D4A0004D932739717417396BF93A392E192A3986
:10D4B00049A63739DF422339414E203990A321391B
:10D4C00095F86B39E6B8383924C02D3972D6493908
:10D4D0002113343997DB3639ABDD3E39DA7E113929
:10D4E00062253D39A81424392FC735393C1A123921
:10D4F00076235839334B3B3924C83A391D02353924
:10D500009F154239AE82403974F03839D3A96A394F
:10D5100018A653397DF520393C914239120000009C
:10D5200074666C2E70736575646F5F71636F6E7374
:10D5300074320000010000008000000092FEFFFF36
:10D54000000000011400000088000000040000003A
:10D5500000000009940000000CFEFFFF080000001E
:10D560004C00000008000000000000000000000067
:10D5700000000000000000000000000000000000AB
:10D58000000000000000000000000000000000009B
:10D59000000000000000000000000000000000008B
:10D5A0000000000000000000000000000800000073
:10D5B000633B373BEF3C4F3B260A483BA862833B2B
:10D5C000E6E58A3B3EF9493B095D393BCBF9723BC5
:10D5D0001200000074666C2E70736575646F5F7165
:10D5E000636F6E73743100000200000008000000D9
:10D5F000800000004AFFFFFF00000001140000004F
:10D6000088000000030000000000000294000000F9
:10D61000C4FEFFFF080000004C00000008000000EE
:10D6200000000000000000000000000000000000FA
:10D6300000000000000000000000000000000000EA
:10D6400000000000000000000000000000000000DA
:10D6500000000000000000000000000000000000CA
:10D66000000000000800000018AA0E39045B2139F0
:10D6700039C01B39E4974C39C34A5839B4411D3974
:10D68000EF521039512E3D391100000074666C2E96
:10D6900070736575646F5F71636F6E737400000003
:10D6A0000100000008000000000016001C00180027
:10D6B000170010000C000800000000000000070028
:10D6C0001600000000000001180000001800000013
:10D6D000020000000000000220000000040004001E
:10D6E000040000000E00000061726974682E636F10
:10D6F0006E7374616E74000001000000020000008F
:10D700000000160020001C001B00140010000C007C
:10D7100000000000080007001600000000000001E3
:10D720001800000034000000540000000100000058
:10D73000000000096C00000004000000FFFFFFFF74
:10D74000200000000D000000010000000C000C0093
:10D7500000000000080004000C00000008000000A9
:10D7600014000000010000005C0000000000000048
:10D770000000000001000000A457A4401D000000AC
:10D7800073657276696E675F64656661756C745FF8
:10D79000696E7075745F6C617965723A3000000073
:10D7A0000400000001000000200000000D00000047
:10D7B0000100000008000000A80000008800000030
:10D7C0007C00000060000000400000002C00000011
:10D7D000180000000400000084FFFFFF1900000093
:10D7E000020000000000001994FFFFFF0900000084
:10D7F0000400000000000009A4FFFFFF2800000053
:10D800000200000000000028B4FFFFFF0400000039
:10D8100003000000000000040C000E000D000000DA
:10D82000080004000C0000001100000002000000CD
:10D8300000110A0008000000000004000A000000B7
:10D8400002000000F0FFFFFF1200000002000000D5
:10D85000000000120C0010000F000000080004007F
:10D860000C000000030000000300000000000003A3
:10D87000F304B53DF304B53DF304B53DF304B53D04
:10D88000F304B53DF304B53DF304B53DF304B53DF4
:10D89000F304B53DF304B53DF304B53DF304B53DE4
:10D8A000F304B53DF304B53DF304B53DF304B53DD4
:10D8B000F304B53DF304B53DF304B53DF304B53DC4
:10D8C000F304B53DF304B53DF304B53DF304B53DB4
:10D8D000F304B53DF304B53DF304B53DF304B53DA4
:10D8E000F304B53DF304B53DF304B53DF304B53D94
:10D8F000F304B53DF304B53DF304B53DF304B53D84
:10D90000F304B53DF304B53DF304B53DF304B53D73
:10D91000F304B53DF304B53DF304B53DF304B53D63
:10D92000F304B53DF304B53DF304B53DF304B53D53
:10D93000F304B53DF304B53DF304B53DF304B53D43
:10D94000F304B53DF304B53DF304B53DF304B53D33
:10D95000F304B53DF304B53DF304B53DF304B53D23
:10D96000F304B53DF304B53DF304B53DF304B53D13
:10D97000F304B53DF304B53DF304B53DF304B53D03
:10D98000F304B53DF304B53DF304B53DF304B53DF3
:10D99000F304B53DF304B53DF304B53DF304B53DE3
:10D9A000F304B53DF304B53DF304B53DF304B53DD3
:10D9B000F304B53DF304B53DF304B53DF304B53DC3
:10D9C000F304B53DF304B53DF304B53DF304B53DB3
:10D9D000F304B53DF304B53DF304B53DF304B53DA3
:10D9E000F304B53DF304B53DF304B53DF304B53D93
:10D9F000F304B53DF304B53DF304B53DF304B53D83
:10DA0000F304B53DF304B53DF304B53DF304B53D72
:10DA1000F304B53DF304B53DF304B53DF304B53D62
:10DA2000F304B53DF304B53DF304B53DF304B53D52
:10DA3000F304B53DF304B53DF304B53DF304B53D42
:10DA4000F304B53DF304B53DF304B53DF304B53D32
:10DA5000F304B53DF304B53DF304B53DF304B53D22
:10DA6000F304B53DF304B53DF304B53DF304B53D12
:10DA700011FBFF3D97D3FF3DAB84FF3D580EFF3DAB
:10DA8000B070FE3DCCABFD3DC9BFFC3DCDACFB3D18
:10DA90000273FA3D9812F93DC58BF73DC6DEF53DA0
:10DAA000DD0BF43D5213F23D73F5EF3D93B2ED3DC6
:10DAB0000C4BEB3D3CBFE83D880FE63D5A3CE33D57
:10DAC0002146E03D532DDD3D6AF2D93DE595D63D39
:10DAD0004918D33D1F7ACF3DF8BBCB3D65DEC73D2E
:10DAE00000E2C33D67C7BF3D3B8FBB3D233AB73D17
:10DAF000C9C8B23DDE3BAE3D1594A93D25D2A43D3B
:10DB0000CBF69F3DC6029B3DD9F6953DCDD3903DCA
:10DB10006B9A8B3D824B863DE4E7803DCBE0763DC2
:10DB2000BBCB6B3D4F92603D4136553D53B9493DAE
:10DB30004A1D3E3DEF63323D128F263D86A01A3DC1
:10DB4000229A0E3DC07D023D7F9AEC3C0115D43CEB
:10DB5000CF6EBB3CB6ABA23C86CF893C2EBC613CB1
:10DB600080B62F3C742BFB3B2CC3963B900EC93ADE
:10DB7000900EC9BA2CC396BB742BFBBB80B62FBCCE
:10DB80002EBC61BC86CF89BCB6ABA2BCCF6EBBBC81
:10DB90000115D4BC7F9AECBCC07D02BD229A0EBD9B
:10DBA00086A01ABD128F26BDEF6332BD4A1D3EBD51
:10DBB00053B949BD413655BD4F9260BDBBCB6BBD1E
:10DBC000CBE076BDE4E780BD824B86BD6B9A8BBD12
:10DBD000CDD390BDD9F695BDC6029BBDCBF69FBDFA
:10DBE00025D2A4BD1594A9BDDE3BAEBDC9C8B2BD4A
:10DBF000233AB7BD3B8FBBBD67C7BFBD00E2C3BD06
:10DC000065DEC7BDF8BBCBBD1F7ACFBD4918D3BDFC
:10DC1000E595D6BD6AF2D9BD532DDDBD2146E0BDE7
:10DC20005A3CE3BD880FE6BD3CBFE8BD0C4BEBBDE5
:10DC300093B2EDBD73F5EFBD5213F2BDDD0BF4BD34
:10DC4000C6DEF5BDC58BF7BD9812F9BD0273FABDEE
:10DC5000CDACFBBDC9BFFCBDCCABFDBDB070FEBD46
:10DC6000580EFFBDAB84FFBD97D3FFBD11FBFFBDB9
:10DC700043ECFF3D6D4EFF3D2413FE3D283BFC3D34
:10DC80009DC7F93D07BAF63D4714F33D9ED8EE3DDA
:10DC9000A709EA3D59AAE43D05BEDE3D5348D83DFB
:10DCA0003D4DD13D12D1C93D70D8C13D4268B93D0D
:10DCB000BB85B03D5636A73DD17F9D3D2A68933D3B
:10DCC0009BF5883D275D7C3D7533663DCA7B4F3DA6
:10DCD0002A44383DE59A203D938E083D135CE03C94
:10DCE000A210AF3C73B27A3C05A9163CB00A493B7E
:10DCF000B00A49BB05A916BC73B27ABCA210AFBC6E
:10DD0000135CE0BC938E08BDE59A20BD2A4438BD63
:10DD1000CA7B4FBD753366BD275D7CBD9BF588BD55
:10DD20002A6893BDD17F9DBD5636A7BDBB85B0BDCA
:10DD30004268B9BD70D8C1BD12D1C9BD3D4DD1BD7C
:10DD40005348D8BD05BEDEBD59AAE4BDA709EABD4A
:10DD50009ED8EEBD4714F3BD07BAF6BD9DC7F9BD09
:10DD6000283BFCBD2413FEBD6D4EFFBD43ECFFBD43
:10DD700043ECFFBD6D4EFFBD2413FEBD283BFCBD33
:10DD80009DC7F9BD07BAF6BD4714F3BD9ED8EEBDD9
:10DD9000A709EABD59AAE4BD05BEDEBD5348D8BDFA
:10DDA0003D4DD1BD12D1C9BD70D8C1BD4268B9BD0C
:10DDB000BB85B0BD5636A7BDD17F9DBD2A6893BD3A
:10DDC0009BF588BD275D7CBD753366BDCA7B4FBDA5
:10DDD0002A4438BDE59A20BD938E08BD135CE0BC93
:10DDE000A210AFBC73B27ABC05A916BCB00A49BB7D
:10DDF000B00A493B05A9163C73B27A3CA210AF3C6D
:10DE0000135CE03C938E083DE59A203D2A44383D62
:10DE1000CA7B4F3D7533663D275D7C3D9BF5883D54
:10DE20002A68933DD17F9D3D5636A73DBB85B03DC9
:10DE30004268B93D70D8C13D12D1C93D3D4DD13D7B
:10DE40005348D83D05BEDE3D59AAE43DA709EA3D49
:10DE50009ED8EE3D4714F33D07BAF63D9DC7F93D08
:10DE6000283BFC3D2413FE3D6D4EFF3D43ECFF3D42
:10DE700097D3FF3DB070FE3DCDACFB3DC58BF73D6C
:10DE80005213F23D0C4BEB3D5A3CE33D6AF2D93D57
:10DE90001F7ACF3D00E2C33D233AB73D1594A93D1B
:10DEA000C6029B3D6B9A8B3DCBE0763D4136553D9E
:10DEB000EF63323D229A0E3D0115D43C86CF893C5A
:10DEC000742BFB3B900EC9BA80B62FBCB6ABA2BC7C
:10DED0007F9AECBC86A01ABD4A1D3EBD4F9260BD24
:10DEE000E4E780BDCDD390BDCBF69FBDDE3BAEBD9C
:10DEF0003B8FBBBD65DEC7BD4918D3BD532DDDBD0E
:10DF0000880FE6BD93B2EDBDDD0BF4BD9812F9BDEF
:10DF1000C9BFFCBD580EFFBD11FBFFBDAB84FFBDEB
:10DF2000CCABFDBD0273FABDC6DEF5BD73F5EFBD2A
:10DF30003CBFE8BD2146E0BDE595D6BDF8BBCBBDF5
:10DF400067C7BFBDC9C8B2BD25D2A4BDD9F695BDAE
:10DF5000824B86BDBBCB6BBD53B949BD128F26BD6D
:10DF6000C07D02BDCF6EBBBC2EBC61BC2CC396BBBA
:10DF70002CC3963B2EBC613CCF6EBB3CC07D023DAA
:10DF8000128F263D53B9493DBBCB6B3D824B863D3D
:10DF9000D9F6953D25D2A43DC9C8B23D67C7BF3D5E
:10DFA000F8BBCB3DE595D63D2146E03D3CBFE83D85
:10DFB00073F5EF3DC6DEF53D0273FA3DCCABFD3D9A
:10DFC000AB84FF3D11FBFF3D580EFF3DC9BFFC3D3B
:10DFD0009812F93DDD0BF43D93B2ED3D880FE63D1F
:10DFE000532DDD3D4918D33D65DEC73D3B8FBB3D1D
:10DFF000DE3BAE3DCBF69F3DCDD3903DE4E7803D8B
:10E000004F92603D4A1D3E3D86A01A3D7F9AEC3CF2
:10E01000B6ABA23C80B62F3C900EC93A742BFBBB2A
:10E0200086CF89BC0115D4BC229A0EBDEF6332BDE8
:10E03000413655BDCBE076BD6B9A8BBDC6029BBD0C
:10E040001594A9BD233AB7BD00E2C3BD1F7ACFBD69
:10E050006AF2D9BD5A3CE3BD0C4BEBBD5213F2BD85
:10E06000C58BF7BDCDACFBBDB070FEBD97D3FFBD7A
:10E070000FB1FF3DAC3AFD3DF853F83D0809F13DC5
:10E08000D86BE73D1A94DB3D029FCD3DF9AEBD3D17
:10E090004AEBAB3DC07F983D3D9C833D80E85A3DB7
:10E0A000D47C2C3DCCCFF83C8340963C30FBC83B25
:10E0B00030FBC8BB834096BCCCCFF8BCD47C2CBD15
:10E0C00080E85ABD3D9C83BDC07F98BD4AEBABBD87
:10E0D000F9AEBDBD029FCDBD1A94DBBDD86BE7BDC7
:10E0E0000809F1BDF853F8BDAC3AFDBD0FB1FFBD55
:10E0F0000FB1FFBDAC3AFDBDF853F8BD0809F1BD45
:10E10000D86BE7BD1A94DBBD029FCDBDF9AEBDBD96
:10E110004AEBABBDC07F98BD3D9C83BD80E85ABD36
:10E12000D47C2CBDCCCFF8BC834096BC30FBC8BBA4
:10E1300030FBC83B8340963CCCCFF83CD47C2C3D94
:10E1400080E85A3D3D9C833DC07F983D4AEBAB3D06
:10E15000F9AEBD3D029FCD3D1A94DB3DD86BE73D46
:10E160000809F13DF853F83DAC3AFD3D0FB1FF3DD4
:10E170000FB1FF3DAC3AFD3DF853F83D0809F13DC4
:10E18000D86BE73D1A94DB3D029FCD3DF9AEBD3D16
:10E190004AEBAB3DC07F983D3D9C833D80E85A3DB6
:10E1A000D47C2C3DCCCFF83C8340963C30FBC83B24
:10E1B00030FBC8BB834096BCCCCFF8BCD47C2CBD14
:10E1C00080E85ABD3D9C83BDC07F98BD4AEBABBD86
:10E1D000F9AEBDBD029FCDBD1A94DBBDD86BE7BDC6
:10E1E0000809F1BDF853F8BDAC3AFDBD0FB1FFBD54
:10E1F0000FB1FFBDAC3AFDBDF853F8BD0809F1BD44
:10E20000D86BE7BD1A94DBBD029FCDBDF9AEBDBD95
:10E210004AEBABBDC07F98BD3D9C83BD80E85ABD35
:10E22000D47C2CBDCCCFF8BC834096BC30FBC8BBA3
:10E2300030FBC83B8340963CCCCFF83CD47C2C3D93
:10E2400080E85A3D3D9C833DC07F983D4AEBAB3D05
:10E25000F9AEBD3D029FCD3D1A94DB3DD86BE73D45
:10E260000809F13DF853F83DAC3AFD3D0FB1FF3DD3
:10E27000AB84FF3DCDACFB3DDD0BF43D3CBFE83D49
:10E280006AF2D93D65DEC73DC9C8B23DC6029B3DB5
:10E29000E4E7803D53B9493D229A0E3DB6ABA23C1E
:10E2A0002CC3963B80B62FBC0115D4BC128F26BD63
:10E2B0004F9260BD6B9A8BBD25D2A4BD3B8FBBBD79
:10E2C0001F7ACFBD2146E0BD93B2EDBDC58BF7BD32
:10E2D000CCABFDBD11FBFFBDB070FEBD9812F9BD0A
:10E2E00073F5EFBD5A3CE3BD4918D3BD67C7BFBD49
:10E2F0001594A9BDCDD390BDBBCB6BBDEF6332BD33
:10E300007F9AECBC2EBC61BC900EC93A86CF893C8A
:10E31000C07D023D4A1D3E3DCBE0763DD9F6953DA0
:10E32000DE3BAE3D00E2C33DE595D63D880FE63DC0
:10E330005213F23D0273FA3D580EFF3D97D3FF3D55
:10E34000C9BFFC3DC6DEF53D0C4BEB3D532DDD3D1D
:10E35000F8BBCB3D233AB73DCBF69F3D824B863D84
:10E360004136553D86A01A3DCF6EBB3C742BFB3B1E
:10E37000742BFBBBCF6EBBBC86A01ABD413655BD0E
:10E38000824B86BDCBF69FBD233AB7BDF8BBCBBD54
:10E39000532DDDBD0C4BEBBDC6DEF5BDC9BFFCBDCD
:10E3A00097D3FFBD580EFFBD0273FABD5213F2BDE5
:10E3B000880FE6BDE595D6BD00E2C3BDDE3BAEBD30
:10E3C000D9F695BDCBE076BD4A1D3EBDC07D02BDF0
:10E3D00086CF89BC900EC9BA2EBC613C7F9AEC3CBA
:10E3E000EF63323DBBCB6B3DCDD3903D1594A93D42
:10E3F00067C7BF3D4918D33D5A3CE33D73F5EF3D38
:10E400009812F93DB070FE3D11FBFF3DCCABFD3DD8
:10E41000C58BF73D93B2ED3D2146E03D1F7ACF3DE0
:10E420003B8FBB3D25D2A43D6B9A8B3D4F92603D07
:10E43000128F263D0115D43C80B62F3C2CC396BBD1
:10E44000B6ABA2BC229A0EBD53B949BDE4E780BD6C
:10E45000C6029BBDC9C8B2BD65DEC7BD6AF2D9BDE3
:10E460003CBFE8BDDD0BF4BDCDACFBBDAB84FFBD57
:10E470006D4EFF3D9DC7F93D9ED8EE3D05BEDE3D8C
:10E4800012D1C93DBB85B03D2A68933D7533663DC9
:10E49000E59A203DA210AF3CB00A493B73B27ABC6A
:10E4A000938E08BDCA7B4FBD9BF588BD5636A7BD70
:10E4B00070D8C1BD5348D8BDA709EABD07BAF6BD9B
:10E4C0002413FEBD43ECFFBD283BFCBD4714F3BD48
:10E4D00059AAE4BD3D4DD1BD4268B9BDD17F9DBDB6
:10E4E000275D7CBD2A4438BD135CE0BC05A916BC81
:10E4F00005A9163C135CE03C2A44383D275D7C3D71
:10E50000D17F9D3D4268B93D3D4DD13D59AAE43D85
:10E510004714F33D283BFC3D43ECFF3D2413FE3DF7
:10E5200007BAF63DA709EA3D5348D83D70D8C13D2A
:10E530005636A73D9BF5883DCA7B4F3D938E083DDF
:10E5400073B27A3CB00A49BBA210AFBCE59A20BDB9
:10E55000753366BD2A6893BDBB85B0BD12D1C9BDF8
:10E5600005BEDEBD9ED8EEBD9DC7F9BD6D4EFFBD9B
:10E570006D4EFFBD9DC7F9BD9ED8EEBD05BEDEBD8B
:10E5800012D1C9BDBB85B0BD2A6893BD753366BDC8
:10E59000E59A20BDA210AFBCB00A49BB73B27A3C69
:10E5A000938E083DCA7B4F3D9BF5883D5636A73D6F
:10E5B00070D8C13D5348D83DA709EA3D07BAF63D9A
:10E5C0002413FE3D43ECFF3D283BFC3D4714F33D47
:10E5D00059AAE43D3D4DD13D4268B93DD17F9D3DB5
:10E5E000275D7C3D2A44383D135CE03C05A9163C80
:10E5F00005A916BC135CE0BC2A4438BD275D7CBD70
:10E60000D17F9DBD4268B9BD3D4DD1BD59AAE4BD84
:10E610004714F3BD283BFCBD43ECFFBD2413FEBDF6
:10E6200007BAF6BDA709EABD5348D8BD70D8C1BD29
:10E630005636A7BD9BF588BDCA7B4FBD938E08BDDE
:10E6400073B27ABCB00A493BA210AF3CE59A203DB8
:10E650007533663D2A68933DBB85B03D12D1C93DF7
:10E6600005BEDE3D9ED8EE3D9DC7F93D6D4EFF3D9A
:10E67000580EFF3DC58BF73D3CBFE83D4918D33DE3
:10E68000233AB73DD9F6953D4F92603D229A0E3D13
:10E690002EBC613C742BFBBB7F9AECBC53B949BDCB
:10E6A0006B9A8BBDDE3BAEBDF8BBCBBD5A3CE3BD28
:10E6B000DD0BF4BDCCABFDBD97D3FFBD0273FABD3E
:10E6C00093B2EDBD6AF2D9BD67C7BFBDCBF69FBDA2
:10E6D000CBE076BD128F26BDB6ABA2BC900EC93A78
:10E6E000CF6EBB3CEF63323DE4E7803D25D2A43DD5
:10E6F00000E2C33D532DDD3D73F5EF3DCDACFB3D59
:10E7000011FBFF3DC9BFFC3D5213F23D2146E03DE8
:10E7100065DEC73D1594A93D824B863D4A1D3E3DB1
:10E720000115D43C2CC3963B86CF89BC86A01ABD6C
:10E73000BBCB6BBDC6029BBD3B8FBBBDE595D6BDBC
:10E740000C4BEBBD9812F9BDAB84FFBDB070FEBDA4
:10E75000C6DEF5BD880FE6BD1F7ACFBDC9C8B2BD04
:10E76000CDD390BD413655BDC07D02BD80B62FBC16
:10E7700080B62F3CC07D023D4136553DCDD3903D06
:10E78000C9C8B23D1F7ACF3D880FE63DC6DEF53DD4
:10E79000B070FE3DAB84FF3D9812F93D0C4BEB3D54
:10E7A000E595D63D3B8FBB3DC6029B3DBBCB6B3D4C
:10E7B00086A01A3D86CF893C2CC396BB0115D4BCDC
:10E7C0004A1D3EBD824B86BD1594A9BD65DEC7BD01
:10E7D0002146E0BD5213F2BDC9BFFCBD11FBFFBD18
:10E7E000CDACFBBD73F5EFBD532DDDBD00E2C3BD68
:10E7F00025D2A4BDE4E780BDEF6332BDCF6EBBBCC4
:10E80000900EC9BAB6ABA23C128F263DCBE0763D46
:10E81000CBF69F3D67C7BF3D6AF2D93D93B2ED3D50
:10E820000273FA3D97D3FF3DCCABFD3DDD0BF43DCC
:10E830005A3CE33DF8BBCB3DDE3BAE3D6B9A8B3D96
:10E8400053B9493D7F9AEC3C742BFB3B2EBC61BC19
:10E85000229A0EBD4F9260BDD9F695BD233AB7BD41
:10E860004918D3BD3CBFE8BDC58BF7BD580EFFBDF1
:10E870006DC4FE3D0BFAF43D98C5E13D03E4C53D92
:10E880009967A23DEA5A713D31A0143D36BD483C1E
:10E8900036BD48BC31A014BDEA5A71BD9967A2BD0E
:10E8A00003E4C5BD98C5E1BD0BFAF4BD6DC4FEBD62
:10E8B0006DC4FEBD0BFAF4BD98C5E1BD03E4C5BD52
:10E8C0009967A2BDEA5A71BD31A014BD36BD48BCDE
:10E8D00036BD483C31A0143DEA5A713D9967A23DCE
:10E8E00003E4C53D98C5E13D0BFAF43D6DC4FE3D22
:10E8F0006DC4FE3D0BFAF43D98C5E13D03E4C53D12
:10E900009967A23DEA5A713D31A0143D36BD483C9D
:10E9100036BD48BC31A014BDEA5A71BD9967A2BD8D
:10E9200003E4C5BD98C5E1BD0BFAF4BD6DC4FEBDE1
:10E930006DC4FEBD0BFAF4BD98C5E1BD03E4C5BDD1
:10E940009967A2BDEA5A71BD31A014BD36BD48BC5D
:10E9500036BD483C31A0143DEA5A713D9967A23D4D
:10E9600003E4C53D98C5E13D0BFAF43D6DC4FE3DA1
:10E970006DC4FE3D0BFAF43D98C5E13D03E4C53D91
:10E980009967A23DEA5A713D31A0143D36BD483C1D
:10E9900036BD48BC31A014BDEA5A71BD9967A2BD0D
:10E9A00003E4C5BD98C5E1BD0BFAF4BD6DC4FEBD61
:10E9B0006DC4FEBD0BFAF4BD98C5E1BD03E4C5BD51
:10E9C0009967A2BDEA5A71BD31A014BD36BD48BCDD
:10E9D00036BD483C31A0143DEA5A713D9967A23DCD
:10E9E00003E4C53D98C5E13D0BFAF43D6DC4FE3D21
:10E9F0006DC4FE3D0BFAF43D98C5E13D03E4C53D11
:10EA00009967A23DEA5A713D31A0143D36BD483C9C
:10EA100036BD48BC31A014BDEA5A71BD9967A2BD8C
:10EA200003E4C5BD98C5E1BD0BFAF4BD6DC4FEBDE0
:10EA30006DC4FEBD0BFAF4BD98C5E1BD03E4C5BDD0
:10EA40009967A2BDEA5A71BD31A014BD36BD48BC5C
:10EA500036BD483C31A0143DEA5A713D9967A23D4C
:10EA600003E4C53D98C5E13D0BFAF43D6DC4FE3DA0
:10EA7000B070FE3D5213F23D6AF2D93D233AB73DE4
:10EA80006B9A8B3DEF63323D86CF893C80B62FBCBD
:10EA900086A01ABDE4E780BDDE3BAEBD4918D3BDFC
:10EAA00093B2EDBDC9BFFCBDAB84FFBDC6DEF5BDF5
:10EAB0002146E0BD67C7BFBDD9F695BD53B949BD75
:10EAC000CF6EBBBC2CC3963BC07D023DBBCB6B3D28
:10EAD00025D2A43DF8BBCB3D3CBFE83D0273FA3DD7
:10EAE00011FBFF3D9812F93D880FE63D65DEC73DFD
:10EAF000CBF69F3D4F92603D7F9AEC3C900EC93A19
:10EB00000115D4BC413655BDC6029BBD00E2C3BD54
:10EB10005A3CE3BDC58BF7BD97D3FFBDCDACFBBD64
:10EB20000C4BEBBD1F7ACFBD1594A9BDCBE076BDD4
:10EB3000229A0EBD742BFBBBB6ABA23C4A1D3E3DD8
:10EB4000CDD3903D3B8FBB3D532DDD3DDD0BF43DE3
:10EB5000580EFF3DCCABFD3D73F5EF3DE595D63D41
:10EB6000C9C8B23D824B863D128F263D2EBC613C0A
:10EB70002EBC61BC128F26BD824B86BDC9C8B2BDFA
:10EB8000E595D6BD73F5EFBDCCABFDBD580EFFBD11
:10EB9000DD0BF4BD532DDDBD3B8FBBBDCDD390BD93
:10EBA0004A1D3EBDB6ABA2BC742BFB3B229A0E3D68
:10EBB000CBE0763D1594A93D1F7ACF3D0C4BEB3D44
:10EBC000CDACFB3D97D3FF3DC58BF73D5A3CE33DB4
:10EBD00000E2C33DC6029B3D4136553D0115D43C84
:10EBE000900EC9BA7F9AECBC4F9260BDCBF69FBD28
:10EBF00065DEC7BD880FE6BD9812F9BD11FBFFBDEC
:10EC00000273FABD3CBFE8BDF8BBCBBD25D2A4BDA5
:10EC1000BBCB6BBDC07D02BD2CC396BBCF6EBB3CD6
:10EC200053B9493DD9F6953D67C7BF3D2146E03D03
:10EC3000C6DEF53DAB84FF3DC9BFFC3D93B2ED3D63
:10EC40004918D33DDE3BAE3DE4E7803D86A01A3D4A
:10EC500080B62F3C86CF89BCEF6332BD6B9A8BBDEB
:10EC6000233AB7BD6AF2D9BD5213F2BDB070FEBDF2
:10EC70002413FE3D9ED8EE3D3D4DD13D5636A73D79
:10EC80007533663D135CE03CB00A49BB938E08BD0A
:10EC9000275D7CBDBB85B0BD5348D8BD4714F3BDCF
:10ECA0006D4EFFBD283BFCBDA709EABD12D1C9BD11
:10ECB000D17F9DBDCA7B4FBDA210AFBC05A9163C3C
:10ECC000E59A203D9BF5883D4268B93D05BEDE3D95
:10ECD00007BAF63D43ECFF3D9DC7F93D59AAE43D17
:10ECE00070D8C13D2A68933D2A44383D73B27A3CBE
:10ECF00073B27ABC2A4438BD2A6893BD70D8C1BDAE
:10ED000059AAE4BD9DC7F9BD43ECFFBD07BAF6BDE6
:10ED100005BEDEBD4268B9BD9BF588BDE59A20BD44
:10ED200005A916BCA210AF3CCA7B4F3DD17F9D3DCB
:10ED300012D1C93DA709EA3D283BFC3D6D4EFF3D80
:10ED40004714F33D5348D83DBB85B03D275D7C3D1E
:10ED5000938E083DB00A493B135CE0BC753366BD39
:10ED60005636A7BD3D4DD1BD9ED8EEBD2413FEBD88
:10ED70002413FEBD9ED8EEBD3D4DD1BD5636A7BD78
:10ED8000753366BD135CE0BCB00A493B938E083D09
:10ED9000275D7C3DBB85B03D5348D83D4714F33DCE
:10EDA0006D4EFF3D283BFC3DA709EA3D12D1C93D10
:10EDB000D17F9D3DCA7B4F3DA210AF3C05A916BC3B
:10EDC000E59A20BD9BF588BD4268B9BD05BEDEBD94
:10EDD00007BAF6BD43ECFFBD9DC7F9BD59AAE4BD16
:10EDE00070D8C1BD2A6893BD2A4438BD73B27ABCBD
:10EDF00073B27A3C2A44383D2A68933D70D8C13DAD
:10EE000059AAE43D9DC7F93D43ECFF3D07BAF63DE5
:10EE100005BEDE3D4268B93D9BF5883DE59A203D43
:10EE200005A9163CA210AFBCCA7B4FBDD17F9DBDCA
:10EE300012D1C9BDA709EABD283BFCBD6D4EFFBD7F
:10EE40004714F3BD5348D8BDBB85B0BD275D7CBD1D
:10EE5000938E08BDB00A49BB135CE03C7533663D38
:10EE60005636A73D3D4DD13D9ED8EE3D2413FE3D87
:10EE7000CCABFD3D0C4BEB3D65DEC73DD9F6953D7A
:10EE8000EF63323D80B62F3CCF6EBBBC4F9260BD6E
:10EE90001594A9BDE595D6BDDD0BF4BD97D3FFBD97
:10EEA0009812F9BD2146E0BD233AB7BDE4E780BD25
:10EEB000C07D02BD900EC93A229A0E3D824B863D1E
:10EEC0003B8FBB3D5A3CE33D0273FA3DAB84FF3DB3
:10EED0005213F23D4918D33D25D2A43D4136553D4C
:10EEE000B6ABA23C2EBC61BC4A1D3EBDC6029BBD5A
:10EEF000F8BBCBBD93B2EDBDB070FEBDC9BFFCBDCC
:10EF00003CBFE8BD00E2C3BDCDD390BD128F26BD8E
:10EF1000742BFBBB0115D43CBBCB6B3DDE3BAE3D44
:10EF20006AF2D93DC6DEF53D11FBFF3DC58BF73DCD
:10EF3000532DDD3DC9C8B23DCBE0763D7F9AEC3C18
:10EF40002CC396BB86A01ABD6B9A8BBD67C7BFBD8D
:10EF5000880FE6BDCDACFBBD580EFFBD73F5EFBD10
:10EF60001F7ACFBDCBF69FBD53B949BD86CF89BCB3
:10EF700086CF893C53B9493DCBF69F3D1F7ACF3DA3
:10EF800073F5EF3D580EFF3DCDACFB3D880FE63DE0
:10EF900067C7BF3D6B9A8B3D86A01A3D2CC3963B3D
:10EFA0007F9AECBCCBE076BDC9C8B2BD532DDDBDA8
:10EFB000C58BF7BD11FBFFBDC6DEF5BD6AF2D9BD3D
:10EFC000DE3BAEBDBBCB6BBD0115D4BC742BFB3B94
:10EFD000128F263DCDD3903D00E2C33D3CBFE83DBE
:10EFE000C9BFFC3DB070FE3D93B2ED3DF8BBCB3DDB
:10EFF000C6029B3D4A1D3E3D2EBC613CB6ABA2BC49
:10F00000413655BD25D2A4BD4918D3BD5213F2BD1A
:10F01000AB84FFBD0273FABD5A3CE3BD3B8FBBBD61
:10F02000824B86BD229A0EBD900EC9BAC07D023DAC
:10F03000E4E7803D233AB73D2146E03D9812F93D93
:10F0400097D3FF3DDD0BF43DE595D63D1594A93DE5
:10F050004F92603DCF6EBB3C80B62FBCEF6332BD9C
:10F06000D9F695BD65DEC7BD0C4BEBBDCCABFDBD88
:10F07000AC3AFD3DD86BE73DF9AEBD3D3D9C833DCF
:10F08000CCCFF83C30FBC8BBD47C2CBDC07F98BD36
:10F09000029FCDBD0809F1BD0FB1FFBDF853F8BD0A
:10F0A0001A94DBBD4AEBABBD80E85ABD834096BCE9
:10F0B0008340963C80E85A3D4AEBAB3D1A94DB3DD9
:10F0C000F853F83D0FB1FF3D0809F13D029FCD3DDA
:10F0D000C07F983DD47C2C3D30FBC83BCCCFF8BCE6
:10F0E0003D9C83BDF9AEBDBDD86BE7BDAC3AFDBD5F
:10F0F000AC3AFDBDD86BE7BDF9AEBDBD3D9C83BD4F
:10F10000CCCFF8BC30FBC83BD47C2C3DC07F983DB5
:10F11000029FCD3D0809F13D0FB1FF3DF853F83D89
:10F120001A94DB3D4AEBAB3D80E85A3D8340963C68
:10F13000834096BC80E85ABD4AEBABBD1A94DBBD58
:10F14000F853F8BD0FB1FFBD0809F1BD029FCDBD59
:10F15000C07F98BDD47C2CBD30FBC8BBCCCFF83C65
:10F160003D9C833DF9AEBD3DD86BE73DAC3AFD3DDE
:10F17000AC3AFD3DD86BE73DF9AEBD3D3D9C833DCE
:10F18000CCCFF83C30FBC8BBD47C2CBDC07F98BD35
:10F19000029FCDBD0809F1BD0FB1FFBDF853F8BD09
:10F1A0001A94DBBD4AEBABBD80E85ABD834096BCE8
:10F1B0008340963C80E85A3D4AEBAB3D1A94DB3DD8
:10F1C000F853F83D0FB1FF3D0809F13D029FCD3DD9
:10F1D000C07F983DD47C2C3D30FBC83BCCCFF8BCE5
:10F1E0003D9C83BDF9AEBDBDD86BE7BDAC3AFDBD5E
:10F1F000AC3AFDBDD86BE7BDF9AEBDBD3D9C83BD4E
:10F20000CCCFF8BC30FBC83BD47C2C3DC07F983DB4
:10F21000029FCD3D0809F13D0FB1FF3DF853F83D88
:10F220001A94DB3D4AEBAB3D80E85A3D8340963C67
:10F23000834096BC80E85ABD4AEBABBD1A94DBBD57
:10F24000F853F8BD0FB1FFBD0809F1BD029FCDBD58
:10F25000C07F98BDD47C2CBD30FBC8BBCCCFF83C64
:10F260003D9C833DF9AEBD3DD86BE73DAC3AFD3DDD
:10F27000F31B6A3CF31BEA3CFFC22E3D0578E83CD9
:10F2800018D4663CA5F6D138E0BF6B3CE9EDEA3C0A
:10F29000045A2E3D0EA6E73C2B30653CA5F65139AD
:10F2A000CE636D3CE0BFEB3C08F12D3D18D4E63C4D
:10F2B0003D8C633CFB789D39BB076F3CD691EC3CA1
:10F2C0000D882D3D2202E63C50E8613CA5F6D1397F
:10F2D000A7AB703CCE63ED3C121F2D3D2B30E53CBF
:10F2E0006244603C263A033A954F723CC435EE3C8A
:10F2F00017B62C3D345EE43C76A05E3CFB781D3AAC
:10F3000082F3733CBB07EF3C1C4D2C3D3D8CE33C32
:10F3100089FC5C3CCFB7373A7097753CB1D9EF3C6C
:10F3200020E42B3D47BAE23C9B585B3CA5F6513AA2
:10F330005D3B773CA7ABF03C257B2B3D50E8E13CA7
:10F34000AEB4593C79356C3A4ADF783C9F7DF13C4C
:10F3500029122B3D5A16E13CC010583C263A833AFC
:10F3600038837A3C954FF23C2EA92A3D6244E03C1A
:10F37000D36C563C9159903A25277C3C8C21F33C28
:10F3800033402A3D6C72DF3CE6C8543CFB789D3A22
:10F3900013CB7D3C82F3F33C37D7293D76A0DE3C8E
:10F3A000F824533C6598AA3AFF6E7F3C78C5F43C3C
:10F3B0003C6E293D7FCEDD3C0C81513CCFB7B73A46
:10F3C0007689803C7097F53C4105293D89FCDC3C01
:10F3D0001EDD4F3C3BD7C43A6D5B813C6769F63C10
:10F3E000469C283D912ADC3C31394E3CA5F6D13A69
:10F3F000632D823C5D3BF73C4A33283D9B58DB3C08
:10F4000044954C3C0F16DF3A5BFF823C530DF83CB1
:10F410004FCA273DA486DA3C56F14A3C7935EC3A8E
:10F4200051D1833C4ADFF83C5361273DAEB4D93C0F
:10F43000694D493CE354F93A47A3843C41B1F93C56
:10F4400058F8263DB8E2D83C7BA9473C263A033B16
:10F450003E75853C3883FA3C5D8F263DC010D83C14
:10F460008E05463CDCC9093B3547863C2E55FB3CA6
:10F470006226263DCA3ED73CA261443C9159103BCE
:10F480002C19873C2527FC3C66BD253DD36CD63C1A
:10F49000B3BD423C46E9163B22EB873C1BF9FC3CE2
:10F4A0006B54253DDD9AD53CC719413CFB781D3B8B
:10F4B00019BD883C13CBFD3C70EB243DE6C8D43C21
:10F4C000D9753F3CB008243B108F893C099DFE3C18
:10F4D0007482243DEFF6D33CECD13D3C65982A3B49
:10F4E00006618A3CFF6EFF3C7919243DF824D33C29
:10F4F000FF2D3C3C1B28313BFD328B3C7B20003DEB
:10F500007DB0233D0253D23C118A3A3CCFB7373B02
:10F51000F3048C3C7689003D8247233D0C81D13C2D
:10F5200024E6383C85473E3BEAD68C3C72F2003DEF
:10F5300087DE223D15AFD03C3842373C3BD7443BB9
:10F54000E1A88D3C6D5B013D8C75223D1EDDCF3CFD
:10F55000499E353CEF664B3BD77A8E3C68C4013DF3
:10F56000910C223D270BCF3C5DFA333CA5F6513B75
:10F57000CE4C8F3C632D023D95A3213D3139CE3CCD
:10F580006F56323C5986583BC51E903C5F96023DF3
:10F590009A3A213D3A67CD3C82B2303C0F165F3B30
:10F5A000BBF0903C5BFF023D9ED1203D4495CC3C9E
:10F5B000940E2F3CC4A5653BB2C2913C5668033DF6
:10F5C000A368203D4CC3CB3CA76A2D3C79356C3BEE
:10F5D000A894923C51D1033DA8FF1F3D56F1CA3C6F
:10F5E000BAC62B3C2EC5723B9F66933C4C3A043DF9
:10F5F000AC961F3D601FCA3CCD222A3CE354793BA8
:10F600009638943C47A3043DB12D1F3D694DC93C3C
:10F61000DF7E283C98E47F3B8C0A953C430C053DFB
:10F62000B6C41E3D737BC83CF2DA263C263A833BC7
:10F6300083DC953C3E75053DBB5B1E3D7BA9C73C0D
:10F640000537253C27F9853B2B15963C0656053D8D
:10F65000D1741D3D0F3FC73CF728273C8FDD843B0D
:10F66000B616923C057B013D4E3A1B3DD011CA3C7B
:10F670000B5E3B3C28E9683B9E10863C1804EF3C3F
:10F68000B5EA1D3D1262D53C79DD5D3C56B6873A40
:10F690005F0ED93AB426633CCE95D53C22CC1C3DB6
:10F6A0009F54E83C2AB4863CD24E943B46D22E3C32
:10F6B00023B6B63C91010B3DE240003D0C7AA33CE1
:10F6C000A6E40C3CFA4BE13B4B23933C96F3ED3C18
:10F6D00085990E3DA78CC43C87CC573CFAFE193B5C
:10F6E0006E0F283B3817573C4A15C23C7C4F0C3DE7
:10F6F0006E47E93C93CD943C71A7003C461D013C0C
:10F700003D05933CD87BE53CF889083D4F94C03CCF
:10F710005C29603C65A87C3B4AF1153B99A5423CBD
:10F7200070E7AF3C147CFE3C86B3EE3C2DFEA13C62
:10F73000AA912A3CC437893AA302B63B44C4703C20
:10F740009B43C33C8B12073DA097D53CE07E8C3C8D
:10F7500041CC063C8B82FD3B8ABB863C7216CE3C7C
:10F76000C439053DDBCBC43C58487E3CF4F1E53B55
:10F77000799A293A5197123C7E4A8D3C5249D13CA4
:10F78000A8CEFD3C8F6EBB3CE91C723C6AB9DA3BEB
:10F79000B01CB53A183A183C4DE88C3C8DB3CD3CC2
:10F7A00099EFF73C8BAFB83CFDDE723CC5BDE83B42
:10F7B000250DAE3A2C3E113C5A5D863C9D1BC43C47
:10F7C0009A14F83CF0CEBB3C88127F3C3187063C53
:10F7D000A5BD5F3ADFC3163AAD30FE3B6EC4743C44
:10F7E0004338B53C500EF03C0E1CC43CDFAC8A3CA8
:10F7F000617B223C0A743E3B6F3FC63B7541533CE4
:10F8000099B1A13C79C2D93C6BF4D03C84399A3C83
:10F8100039FD463CD40EB33B333F7A3BF869293C73
:10F8200012228A3C288FBF3CC0C2E13C889BAD3C81
:10F83000A0E8723C309A0A3CFF2E093B7852943A79
:10F8400015B9F03BC72E5E3C8100A23CA0E9D43C38
:10F850007E4BC43CE798923C9DCC413CD9CEBC3B0E
:10F86000D13F823BD926223CE596813C5D1AB23CD1
:10F870005FCDDD3CCE71AE3C792C7E3C56751F3C95
:10F88000677C813BF49294390C34C23B748F3D3CCD
:10F8900071028D3C293DBB3CFB8ECC3C3C6E9F3CB9
:10F8A000FB9A643C7D590A3CFF5F403BAA0BDF3A60
:10F8B000E4F8E73B6F174C3C3619923CB426BE3C4B
:10F8C0006389C13C9688963C920F573CF90D013CE8
:10F8D0007E312C3BF6E01C3B825AF63B45224F3CE6
:10F8E000A58B913C2786BB3C5611BC3CDE16933C55
:10F8F000CF38543CE143023CCD3B413B07D71F3B53
:10F900009BEDEF3BD8F7473C72FC8B3CF8FCB33CDB
:10F91000EB88BB3C627C943CB1DF5A3CA0C60C3CFB
:10F9200037B67A3BA666FA3A1B13D73B46C6373C36
:10F930008001823CDC1FA83CA95EBF3CCD289A3CDC
:10F94000E1E5693C287A1F3CDE1CAA3B5A2B2A3A87
:10F950007580653AA9FBAD3BA2A31F3C7049683C8A
:10F960009F77983C86CABC3C5997A33C0022803CB8
:10F970004D59393C36DDE43BA20F2E3BCE556D3B55
:10F980009A8F003CBFC9453CF381853C061FA83CCB
:10F99000044EB03C10848E3C3774593C50E0153C0A
:10F9A000CF98A43BF3876B3AF5E9CB3AF1E9B63B44
:10F9B000B26C1D3C6B645F3C13AE903CF0A9B13C53
:10F9C00024AA9F3CEBEE7E3C8D893E3C6048FC3B8C
:10F9D0004CFB763B59AC443B5B0FE03B44E42E3C94
:10F9E000DAC06D3CB94E963C892EB33CF37F943C13
:10F9F000B8A26B3C8C452E3CC1D0E13BD22C4E3B97
:10FA0000F5CB1D394F78793BEF89F43BDC2B363C45
:10FA1000C012723CD2FC963C6E77AB3CAA3A8E3C4C
:10FA2000CFFB613C4882273C8211DA3BE73C4A3BF2
:10FA30006428123AC96E843B8598F63B2161343CB8
:10FA4000FF756D3C6E45933C682DA83C0D518C3C78
:10FA500066E9603CB130293CF9EFE23B20FD663BB2
:10FA6000C7A401397D9CEB39EB06773B244DE83B7D
:10FA7000698B2A3C40F0603C8CAA8B3CF7DCA63CAE
:10FA80009E448E3C2A70673C1857323C0B7CFA3BF4
:10FA9000E749903B0A5F983A4ACB473B0F90CB3BF4
:10FAA0003C9D193C71724D3CD4A3803C6E8E9A3CB7
:10FAB000E8A0933CC1A8743CB20F423CA3760F3C33
:10FAC00027BBB93B1112293BB866FD3A9222A23BF3
:10FAD000BB75023C2CDA333C9D3E653C88518B3C27
:10FAE000D1FA9B3C3ADF833C4687573C1850273C71
:10FAF000D231EE3B75C38D3B5E54B53AFAF6F73919
:10FB000043435B3BD3C3CB3B03F3143C1C04443C57
:10FB10003415733C2613913CF6F68F3CE7FB713CA1
:10FB2000E109443CDC17163CAE4BD03B49CF683B67
:10FB3000D61C443A7221BE3AED3B893B7DEFE23B55
:10FB400086511E3C4F2B4B3C1605783C6F6F923C08
:10FB5000E15D883C89F3643C512B393C18630D3CD2
:10FB6000BF35C33B9C4A573BEEA6203AD5B2FA3A82
:10FB70001027943B6AA1E93BE38D1F3C104B4A3CA4
:10FB80003D08753CB5E28F3CC2B5843C05B35F3C93
:10FB900086FA353C07420C3C1213C53B2644633BB6
:10FBA000AB88713AD117FB3A023A903B0FAEE13B7A
:10FBB0000E91193C154B423C1C056B3C91DF893C76
:10FBC000498E843CF25A613C5499393CB6D7113C79
:10FBD0002E2CD43BF1A8843BD196D43A4922C63A84
:10FBE000AA4D7E3B18C5CC3BAD310D3CCE00343C1C
:10FBF000F0CF5A3C88CF803CFB7F873C8C1D693C12
:10FC0000213B433CB5581D3C94ECEE3BBE27A33B47
:10FC1000CFC52E3B0CE1B939FF33443A64FA443B7B
:10FC2000E473AC3B966AF63BA430203CFD2B453C8C
:10FC300056276A3C5791873C863D763CBE23523C12
:10FC4000F6092E3C2EF0093CCBACCB3B3B79833BF9
:10FC5000A816ED3AABB2EE3AD927823B07A3C83BD0
:10FC60001A8F073CB1CC2A3C480A4E3CDF47713C16
:10FC70007506843C46A6653CA13F433CFCD8203C2D
:10FC8000ADE4FC3B6317B83B3294663B3DF3B93AB5
:10FC90008B6EC03919611E3B315A923BD583D53BDF
:10FCA000BC560C3C8EEB2D3C60804F3C3315713CB8
:10FCB00012247D3C135C5C3C14943B3C16CC1A3CF7
:10FCC0002E08F43B3078B23B66D0613BD560BD3A3C
:10FCD000900E263AD883293B05C2943B1FC2D43BE1
:10FCE0001C610A3C29612A3C36614A3C43616A3CFA
:10FCF000E2CE783C0492593C25553A3C47181B3CCF
:10FD0000D0B6F73B133DB93BAC86753B6326F13A61
:10FD10007892073AF9DD1B3BA9EB8A3B57E8C73BD2
:10FD20008272023CD9F0203C2F6F3F3C86ED5D3C57
:10FD3000954F7A3C3B8B5C3CE3C63E3C8A02213CBF
:10FD4000313E033CB0F3CA3BFE6A8F3B9AC4273B6B
:10FD5000D9CC423A39438238809AF03A66886C3B73
:10FD6000C661B03B597FEA3B764E123C3F5D2F3C6B
:10FD70000A6C4C3CD37A693CDD99643C503C483C6D
:10FD8000C3DE2B3C35810F3C4E47E63B338CAD3B0D
:10FD90002FA2693BF257F03A4FB8D63806EA823ABA
:10FDA0002E37303BAC7C8F3BC2DDC63BD73EFE3BA3
:10FDB000F6CF1A3C8180363C0B31523C96E16D3CCB
:10FDC0005D16563CB60E3B3C0F07203C68FF043CDA
:10FDD00082EFD33B34E09D3BCBA14F3B5E06C73A5D
:10FDE000899AC63A6BD84C3BC9319B3B5BF7CF3BFA
:10FDF000775E023C41C11C3C0A24373CD486513C0E
:10FE0000F6C2673C1D014E3C433F343C697D1A3CC1
:10FE100090BB003C6DF3CD3BBA6F9A3B0DD84D3B88
:10FE20004EA1CD3A7C1A00394929D93AA127513B34
:10FE30004FDD9A3BCE26CD3B4C70FF3BE5DC183CBA
:10FE4000A501323C64264B3CBC30643C59A54B3C7C
:10FE5000F519333C938E1A3C2F03023C99EFD23BA9
:10FE6000D2D8A13B1884613B18ADFE3AFA47E93974
:10FE700082B44B364D13C03A60E03F3B8DDB8F3B85
:10FE8000EAC6BF3B46B2EF3BD2CE0F3C80C4273C14
:10FE90002FBA3F3CDDAF573C7C5C4E3CF1F8363C22
:10FEA00066951F3CDC31083CA19CE13B8CD5B23B04
:10FEB000760E843BC28E2A3B2D019A3A0367803A24
:10FEC0000B871B3B96DA763B1017A93BD5C0D63B78
:10FED0004D35023C2F0A193C12DF2F3CF5B3463C4E
:10FEE0002C8D553C8C433F3CEBF9283C4BB0123CED
:10FEF00055CDF83B143ACC3BD3A69F3B2527663B18
:10FF0000A3000D3B86684F3A955D763930D9CC3ADF
:10FF100057733D3B0B3D8A3B6AC0B53BC843E13B51
:10FF20009563063C44251C3CF4E6313CA3A8473CC1
:10FF3000676D4B3C6B30363C6FF3203C73B60B3C2B
:10FF4000EDF2EC3BF678C23BFEFE973B0B0A5B3BC7
:10FF50001B16063BAC88443A12C80A3A973FEB3A64
:10FF6000938D483BAEBD8D3B9134B73B75ABE03BC9
:10FF70002C11053C9ECC193C10882E3C8243433CFE
:10FF80009FB8463CA27B323CA43E1E3CA6010A3CE4
:10FF90005089EB3B550FC33B59959A3BBC36643BAC
:10FFA000C442133B9A9D843A5747053A14B0E03A4D
:10FFB0003E5E3F3B3932873B53B5AE3B6C38D63B58
:10FFC00087BBFD3B509F123CDD60263C6B223A3CD8
:10FFD000D9D3463CCC8A333CBF41203CB2F80C3CE0
:10FFE000495FF33B2ECDCC3B153BA63BF4517F3B09
:10FFF000C02D323B1613CA3AB52ABF3951F85939C8
:020000040802F0
:100000006BDAB13AE63A243B97886F3B246B9D3B11
:10001000FC11C33BD5B8E83BD72F073C43031A3C40
:10002000AFD62C3C1BAA3F3CBCCF383C246F263CAF
:100030008B0E143CF2AD013CB39ADE3B81D9B93B47
:100040005018953B3CAE603BD92B173BEB529B3A8B
:1000500058E28438671E463A4293F23AA80B413B75
:10006000D766843BDA47A83BDD28CC3BE109F03B6F
:1000700072F5093CF4E51B3C75D62D3CF7C63F3CB8
:100080009244303C7CC11E3C653E0D3C9F76F73B64
:100090007270D43B456AB13B19648E3BD9BB563B69
:1000A0007FAF103B4C46953A9FD992386D08813A04
:1000B0004FE5043B6946493BC1D3863B4D04A93B10
:1000C000DA34CB3B6665ED3BF9CA073C3FE3183CAD
:1000D00086FB293CCC133B3C5D9A2C3C5CEA1B3CE8
:1000E0005A3A0B3CB014F53BADB4D33BAA54B23BE7
:1000F000A6F4903B45295F3B3F691C3B6F52B33AE6
:100100008749B7395190733AF219FC3ADE353F3BD3
:10011000612F803BD3C3A03B4658C13BB8ECE13BC9
:100120009540013CCE8A113C07D5213C411F323C11
:1001300002452D3C255E1D3C48770D3CD320FB3B02
:100140001953DB3B5F85BB3BA3B79B3BD1D3773BCD
:100150005C38383BCC39F13AC205643A7D1E233A0B
:100160003CBECD3A9DF6243B1B0E633BCD92903BAB
:100170008C9EAF3B4BAACE3B0BB6ED3BE560063CFD
:10018000C5E6153CA56C253C77C3313C469C223C1A
:100190001475133CE34D043C624DEA3BFFFECB3B40
:1001A0009CB0AD3B39628F3BAB27623BE68A253B77
:1001B0003FDCD13A6545313A7E82C4384F9E823A5F
:1001C00076F4F83A4FA5373B63D0723BBBFD963BC4
:1001D0004493B43BCE28D23B59BEEF3BF1A9063C39
:1001E000B674153C7B3F243C7C2E2B3CF0BD1C3C64
:1001F000644D0E3CB1B9FF3B98D8E23B81F7C53B5B
:100200006916A93B51358C3B71A85E3B41E6243B06
:100210002248D63A8387453AFD8472396A148F3A68
:1002200036D8FF3A014E383BE5AF703BE588943B4A
:10023000D9B9B03BCBEACC3BBE1BE93B58A6023C4C
:10024000D2BE103C4BD71E3CA0E5283C20231B3CD3
:10025000A0600D3C413CFF3B41B7E33B4132C83B12
:1002600041ADAC3B4128913B83466B3B833C343BE7
:100270000665FA3A07518C3A3AE871393355F9383C
:10028000D513763A827EE63A8DF9283BD8B35E3BA9
:1002900012378A3B3814A53B5EF1BF3B84CEDA3B74
:1002A000AAABF53B6844083CFBB2153C8E21233CCD
:1002B0008C4F1D3CE632103C4016033C35F3EB3BC3
:1002C000EAB9D13B9E80B73B53479D3B080E833B29
:1002D00078A9513BE1361D3B9488D13ACC46513A3E
:1002E0002B89143AF9A9B03AAE870B3B5EBA3E3B74
:1002F00010ED713BE18F923B3A29AC3B91C2C53B7B
:10030000EA5BDF3B43F5F83B4E47093CFA13163CEA
:10031000CAD0223C2F52163C94D3093CF3A9FA3B95
:10032000BEACE13B89AFC83B54B2AF3B1EB5963B78
:10033000D16F7B3B6675493BFC7A173B2201CB3A78
:100340009B184E3A06DEC53737C4F435B6A0433A9B
:100350008463C33A577B123BEB44433B810E743BAF
:100360000B6C923BD5D0AA3BA035C33B6A9ADB3BD2
:1003700035FFF33BFF31063C6464123CCA961E3CD9
:10038000A36D133CA385073C453BF73B436BDF3B29
:10039000429BC73B41CBAF3B40FB973B3F2B803B56
:1003A0007CB6503B7916213BEEECE23AEAAC833A5C
:1003B00096B39139A235343ADE15B73A76080A3B3E
:1003C000FC85383B8303673B85C08A3B48FFA13BE4
:1003D0000B3EB93BCF7CD03B92BBE73B55FAFE3B93
:1003E0008C1C0B3CEEBB163C032C143C85D3083C08
:1003F0000EF6FA3B1345E43B1794CD3B1CE3B63BAA
:100400002132A03B2681893B54A0653B5D3E383BB1
:1004100066DC0A3BE0F4BA3AE461403A8FA02D383A
:10042000B9E0DA397F528F3AD0ECE73A9043203B7B
:10043000B9904C3BE2DD783B8595923B1ABCA83BDA
:10044000ADE2BE3B4109D53BD62FEB3B35AB003C83
:100450007FBE0B3CC9D1163CFE500D3C4281023C94
:100460000A63EF3B90C3D93B1724C43B9D84AE3B4A
:1004700025E5983BAB45833B644C5B3B710D303BC2
:100480007ECE043B181FB33A6742393ACA694438F2
:1004900089C41E3A9ED0A33AF73EF83AA856263BA6
:1004A000D58D503B01C57A3B177E923BAD99A73B5A
:1004B00044B5BC3BDAD0D13B71ECE63B0608FC3BD3
:1004C000CF91083C9A1F133C144D0A3C50FFFF3B50
:1004D0007964EB3BA0C9D63BC92EC23BF193AD3B3F
:1004E00018F9983B415E843BD3865F3B2251363BF3
:1004F000731B0D3B86CBC73A4EC06A3A1ED38B396D
:100500000A7E153AAF339B3A59A8EB3A820E1E3B4E
:10051000D748463B2C836E3BC15E8B3BEB7B9F3BBE
:100520001699B33B40B6C73B6CD3DB3B96F0EF3B31
:10053000E006023C76150C3C18B20A3CDAE0003CBE
:10054000381FEE3BBC7CDA3B41DAC63BC437B33BD9
:1005500048959F3BCCF28B3BA1A0703BA85B493BED
:10056000B016223B71A3F53A8219A73A241F313AFB
:10057000265AA038889AB03911A3713A6F7CC53ACF
:10058000AA13093B1D692F3B90BE553B03147C3BCE
:10059000BC34913B755FA43B2F8AB73BE8B4CA3BA0
:1005A000A2DFDD3B5B0AF13B8A1A023CE7AF0B3C62
:1005B000A9BF043C81C9F63BB013E43BDE5DD13BEF
:1005C0000BA8BE3B3AF2AB3B683C993B9786863B17
:1005D0008BA1673BE835423B45CA1C3B43BDEE3A25
:1005E000FCE5A33A6C1D323AFA76E338D4F0FE39D2
:1005F00000CB883ACAD9D13A4B740D3BB0FB313BA2
:100600001583563B7B0A7B3BF1C88F3BA30CA23B77
:100610005650B43B0894C63BBBD7D83B6E1BEB3B54
:10062000205FFD3B69D1073CDE54023C6FD5F23BB5
:100630002301E13BD72CCF3B8B58BD3B4084AB3BE8
:10064000F4AF993BA8DB873BB70E6C3B2066483B79
:1006500088BD243BF014013BB0D8BA3A010F673A89
:1006600044D9B039FD92E139E3057C3A24A1C33A7B
:10067000AB9F043BC46E273BDD3D4A3BF70C6D3B13
:1006800008EE873B9455993B21BDAA3BAE24BC3B69
:10069000398CCD3BC6F3DE3B535BF03B70E1003C55
:1006A000FF0B033C9A1AF53B351DE43BD21FD33BAD
:1006B0006D22C23B0825B13BA427A03B3F2A8F3BBC
:1006C000B5597C3BED5E5A3B2464383B5A69163B76
:1006D00023DDE83A92E7A43AFEE3413A69E3673959
:1006E000FBB449395F1B373ABFE49D3ACF3BE03A50
:1006F0007049113BF774323B7FA0533B07CC743BEE
:10070000C8FB8A3B8C919B3B5027AC3B13BDBC3B49
:10071000D752CD3B9BE8DD3B5F7EEE3B2314FF3B96
:1007200033DEFC3B97ADEC3BFC7CDC3B604CCC3BD4
:10073000C51BBC3B29EBAB3B8EBA9B3BF3898B3B88
:10074000AFB2763B7751563B41F0353B0A8F153BB4
:10075000A65BEA3A3899A93A94AD513A7351A03957
:100760007503913999F0463ABDAFA23A2CE7E13AC8
:100770004E8F103B062B303BBEC64F3B75626F3B26
:10078000167F873BF24C973BCF1AA73BABE8B63BB3
:1007900087B6C63B6284D63B3E52E63B1A20F63B08
:1007A000EF06FA3B7899EA3B012CDB3B8ABECB3B58
:1007B0001351BC3B9DE3AC3B26769D3BAF088E3B83
:1007C00070367D3B845B5E3B96803F3BA9A5203B1A
:1007D000BBCA013B9BDFC53AC029883ACBE7143A34
:1007E000A6E0CB3827A937393565263A11708F3AFC
:1007F00087ADCB3A7EF5033B3914223BF432403BC4
:10080000AF515E3B6B707C3B93478D3BF0569C3BFE
:100810004E66AB3BAB75BA3B0885C93B6694D83B8B
:10082000C3A3E73B21B3F63BD024EE3B4E71DF3B45
:10083000CBBDD03B490AC23BC856B33B46A3A43B01
:10084000C3EF953B413C873B7D11713B79AA533BFC
:100850007543363B71DC183BD8EAF63ACF1CBC3AFC
:10086000C74E813A7C010D3A582BBB38E233B6397A
:10087000AAE84D3AB25BA03A0EC3D93A3595093B86
:10088000E448263B91FC423B40B05F3BEE637C3B3F
:10089000CE8B8C3BA6E59A3B7D3FA93B5399B73B5A
:1008A0002AF3C53B024DD43BD9A6E23BB000F13B55
:1008B000A5A2E83B56A0DA3B079ECC3BB89BBE3BCB
:1008C0006999B03B1A97A23BCB94943B7C92863BB0
:1008D0005B20713BBD1B553B1E17393B80121D3BF6
:1008E000E20D013B8912CA3A4D09923A2200343A8C
:1008F00053DB8739F046AF395E0A453AA238993A58
:1009000015ECCF3AC44F033B7EA91E3B37033A3B5D
:10091000F15C553BAAB6703B3208863B0EB5933B63
:10092000EB61A13BC80EAF3BA5BBBC3B8268CA3B99
:100930005E15D83B3BC2E53B10CAE83B9B70DB3BF6
:100940002817CE3BB4BDC03B4064B33BCD0AA63BA9
:1009500059B1983BE6578B3BE3FC7B3BFB49613B42
:100960001497463B2DE42B3B4631113BBCFCEC3A43
:10097000ED96B73A1E31823A9E96193A032C3B39CE
:100980009A4024396250113A9D90793A6CE8B03A15
:100990008908E53A53940C3B62A4263B72B4403B71
:1009A00080C45A3B8ED4743B4F72873B577A943B3A
:1009B0005E82A13B658AAE3B6C92BB3B749AC83B9E
:1009C0007BA2D53B83AAE23B8A3AE13BFE81D43B42
:1009D00072C9C73BE610BB3B5B58AE3BCF9FA13B08
:1009E00043E7943BB72E883B58EC763B407B5D3B1E
:1009F000290A443B11992A3BFA27113BC46DEF3A6F
:100A0000968BBC3A67A9893A718E2D3A25948F3915
:100A100089425F3949281B3AEF7F7E3ACBEBB03AE7
:100A20009E97E23AB9210A3BA2F7223B8DCD3B3B90
:100A300076A3543B5F796D3BA527833B9A928F3B0E
:100A40008EFD9B3B8368A83B78D3B43B6D3EC13B96
:100A500062A9CD3B5614DA3BBE44DF3B8725D33B2E
:100A60005006C73B19E7BA3BE1C7AE3BAAA8A23B79
:100A70007389963B3C6A8A3B0A967C3B9B57643B56
:100A80002D194C3BBEDA333B4F9C1B3BE15D033BD6
:100A9000E63ED63A09C2A53A598A6A3A9F90093A7F
:100AA000975B2239CA15DF38EB19F5393237593AD5
:100AB000B7F09B3AD545CB3AF39AFA3A09F8143B8A
:100AC00098A22C3B274D443BB6F75B3B45A2733BBA
:100AD0006AA6853BB17B913BF9509D3B4026A93BE3
:100AE00088FBB43BCFD0C03B18A6CC3B5F7BD83B48
:100AF000E4B7D63BC82ACB3BAD9DBF3B9310B43B7C
:100B00007883A83B5DF69C3B4369913B27DC853BA2
:100B1000199E743BE4835D3BAF69463B784F2F3BA6
:100B20004335183B0D1B013BAF01D43A44CDA53AE8
:100B3000B1316F3ADAC8123A0E805939D3CD5139F2
:100B4000A8A80E3ADADD683A8789A13A20A4CE3AFD
:100B5000BABEFB3AA96C143BF6F92A3B4387413BEA
:100B60008F14583BDCA16E3B9497823B3BDE8D3B60
:100B7000E124993B886BA43B2EB2AF3BD4F8BA3B3F
:100B80007A3FC63B2186D13BE1A0D33B009FC83BC7
:100B9000219DBD3B429BB23B6199A73B82979C3B09
:100BA000A395913BC393863BC623773B0720613BCC
:100BB000491C4B3B8918353BCA141F3B0B11093BA1
:100BC000981AE63A1913BA3A9B0B8E3A3908443A06
:100BD00078F2D739F9519F3844850D3967AEF2392B
:100BE000164D4F3A7CA1923A6E9CBD3A6097E83A16
:100BF00028C9093BA1461F3B1AC4343B93414A3BD9
:100C00000BBF5F3B833C753BFE5C853BBB1B903B56
:100C100077DA9A3B3399A53BF057B03BAC16BB3B18
:100C200068D5C53B2494D03B51E4CA3B1F67C03B09
:100C3000ECE9B53BBA6CAB3B87EFA03B5472963BFB
:100C400022F58B3BEF77813B7AF56D3B15FB583BEB
:100C5000AF00443B4A062F3BE50B1A3B7F11053B97
:100C6000352EE03A6A39B63AA1448C3AAC9F443A00
:100C70002F6CE1391664E638438D7D39154D113AF4
:100C8000D936633A4F909A3A3185C33A137AEC3A9F
:100C90007BB70A3BEC311F3B5DAC333BCE26483B78
:100CA0003FA15C3BB11B713B11CB823B49088D3BA3
:100CB0008245973BBA82A13BF3BFAB3B2BFDB53BD3
:100CC000643AC03B9D77CA3BA06AC73BDB6BBD3B28
:100CD000166DB33B526EA93B8D6F9F3BC870953B21
:100CE00003728B3B3F73813BF4E86E3B6AEB5A3BEC
:100CF000E0ED463B56F0323BCDF21E3B43F50A3B5E
:100D000074EFED3A62F4C53A4FF99D3A77FC6B3ACD
:100D100050061C3A55209839BA114D39DE52013A25
:100D20004D614F3ADEB78E3A15BFB53A4CC6DC3A44
:100D3000C2E6013B5E6A153BFAED283B96713C3BEF
:100D400031F54F3BCC78633B68FC763B0240853BFA
:100D5000D0018F3B9EC3983B6C85A23B3947AC3B8F
:100D60000709B63BD5CABF3BFD9BC83BB215BF3B8D
:100D7000678FB53B1C09AC3BD182A23B87FC983BFB
:100D80003C768F3BF1EF853B4CD3783BB7C6653B58
:100D900020BA523B8BAD3F3BF6A02C3B6094193BF5
:100DA000CB87063B6AF6E63A3EDDC03A13C49A3A70
:100DB000CE55693A78231D3A43E2A13961D9973774
:100DC0007C156837D8039C398263183A18C5623A93
:100DD0005793963A23C4BB3AEEF4E03ADC12033B55
:100DE00042AB153BA843283B0DDC3A3B73744D3BAB
:100DF000D80C603B3DA5723BD29E823B04EB8B3B03
:100E00003737953B6A839E3B9DCFA73BCF1BB13BBA
:100E10000268BA3B35B4C33BA6C5BB3B2AB2B23B62
:100E2000AC9EA93B2F8BA03BB277973B35648E3BA2
:100E3000B850853B757A783B7C53663B822C543B9B
:100E40008705423B8DDE2F3B93B71D3B99900B3BB3
:100E50003ED3F23A4985CE3A5537AA3A61E9853A06
:100E6000D936433AE235F53921FC47390CEE84395D
:100E70001058093A1939503A128D8B3A97FDAE3A0B
:100E80001B6ED23AA1DEF53A93A70C3BD65F1E3B10
:100E90001818303B5BD0413B9C88533BDF40653B9F
:100EA00022F9763BB258843BD3348D3BF510963B08
:100EB00016ED9E3B37C9A73B58A5B03B7A81B93B9D
:100EC000B3E9BC3B9C43B43B849DAB3B6DF7A23B79
:100ED00056519A3B3FAB913B2805893B115F803BC4
:100EE000F4716F3BC5255E3B97D94C3B698D3B3B0D
:100EF0003B412A3B0DF5183BDEA8073B61B9EC3AB4
:100F00000421CA3AA888A73A4CF0843ADFAF443AA1
:100F10004EFEFE39B93969391347A8382D27B13942
:100F20004B1E1C3AFFA85F3AD999913A335FB33A06
:100F30008E24D53AE7E9F63AA1570C3B4E3A1D3BD1
:100F4000FB1C2E3BA8FF3E3B54E24F3B03C5603BDE
:100F5000AFA7713B2E45813B84B6893BDB27923B93
:100F600032999A3B880AA33BDE7BAB3B35EDB33B22
:100F7000ABBEB93BD480B13BFC42A93B2405A13BAD
:100F80004DC7983B7589903B9D4B883BC50D803B79
:100F9000DC9F6F3B2D245F3B7CA84E3BCD2C3E3B22
:100FA0001EB12D3B6F351D3BBFB90C3B1F7CF83A82
:100FB000BF84D73A618DB63A0296953A483D693A70
:100FC0008A4E273A97BFCA3938C40D397BFD21387C
:100FD000DFF8943908D90A3A9F354B3A1CC9853A4B
:100FE00068F7A53AB425C63A0054E63A2641033BD1
:100FF0004C58133B726F233B9886333BBE9D433B5B
:10100000E4B4533B09CC633B30E3733B2BFD813BA2
:10101000BE088A3B5114923BE41F9A3B772BA23BBC
:101020000A37AA3B9D42B23BF4F3B23B7319AB3B88
:10103000F23EA33B71649B3BF089933B6FAF8B3BCC
:10104000EED4833BDBF4773BD93F683BD88A583BEF
:10105000D6D5483BD420393BD26B293BD0B6193B7F
:10106000CF010A3B9A99F43A962FD53A93C5B53AEF
:101070008F5B963A18E36D3A110F2F3A1376E039E9
:101080000A9C453992E7E2388663B3399306173AEA
:10109000645B543A1AD8883A8282A73AEB2CC63A53
:1010A00054D7E43ADEC0013B1216113B466B203B9D
:1010B0007AC02F3BAF153F3BE36A4E3B17C05D3B09
:1010C0004B156D3B7F6A7C3BDADF853B748A8D3B39
:1010D0000E35953BA8DF9C3B428AA43BDC34AC3BFD
:1010E000ACA2B03BD526A93BFDAAA13B262F9A3B3B
:1010F0004EB3923B77378B3B9FBB833B907F783BD4
:10110000E087693B32905A3B83984B3BD4A03C3BF1
:1011100025A92D3B76B11E3BC8B90F3B19C2003B38
:10112000D494E33A76A5C53A18B6A73ABAC6893A2E
:10113000B8AE573AFECF1B3A84E2BF391A4A10398B
:1011400080D2473870DD8D394860013AD8D13B3ABA
:101150006843763A7C5A983A4493B53A0CCCD23AE2
:10116000D404F03ACE9E063B323B153B96D7233B48
:10117000FB73323B5E10413BC3AC4F3B26495E3BA9
:101180008AE56C3BEE817B3B290F853B5B5D8C3BAD
:101190008DAB933BBFF99A3BF147A23B2396A93B0A
:1011A0004827AB3BA505A43B02E49C3B5FC2953BB3
:1011B000BCA08E3B197F873B765D803BA677723B58
:1011C0005F34643B1AF1553BD3AD473B8E6A393BE4
:1011D00048272B3B02E41C3BBCA00E3B765D003B4A
:1011E0005F34E43AD3ADC73A4827AB3ABCA08E3A55
:1011F0005F34643A48272B3A5F34E4395F3464390A
:10120000000005000B00110017001D00230029003D
:101210002F0035003B00410047004D0053005900AE
:101220005F0065006B00710077007D00830089001E
:101230008F0095009B00A100A700AD00B300B9008E
:10124000BF00C500CB00D100D700DD00E300E900FE
:10125000EF00F500FB00010108010F0115011C0161
:1012600023012A013201390140014801500159018D
:1012700062016A0173017C0185018F019901A3015B
:10128000AD01B801C301CE01D901E401F001FD01B6
:101290000A021602230231023F024D025B026A0279
:1012A000790288029802A802B902CB02DC02ED02A0
:1012B0000003130326033A034E03630379038F03EA
:1012C000A503BB03D203EA0303041C043604510440
:1012D0006C048804A404C104DF04FD041C053C055F
:1012E0005D057F05A105C405E8050D0633065A0610
:1012F0008206AA06D406FF062A0757078507B40701
:10130000E40701000300060009000C000F001200B2
:10131000150018001B001E002100240027002A00D1
:101320002D0030003300360039003C003F00420001
:10133000450048004B004E005100540057005A0031
:101340005D0060006300660069006C006F00720061
:10135000750078007B007E008100840088008B008F
:101360008E009200950099009D00A000A400A800A6
:10137000AC00B100B500B900BE00C200C700CC008F
:10138000D100D600DB00E100E600EC00F100F70040
:10139000FD0004010A01100117011E0125012C01A5
:1013A00033013B0142014A0152015A0163016C01C0
:1013B00074017D01870190019A01A401AE01B90178
:1013C000C401CF01DA01E501F101FD010A021602B3
:1013D000240231023F024D025B026A027902880256
:1013E0009802A802B902CA02DB02ED02FF02120350
:1013F000250339034D03610377038C03A203B9036B
:10140000D003000000000000DEE91D36C6E91D37EC
:10141000D1A6B13764E91D383BBC7638DAA5B138BE
:10142000C8CBF138DFE71D39C7D8473984B87639DA
:101430007B43953900A2B139BF77D039A5C4F139C2
:101440004EC40A3AC8E11D3AB53A323A07CF473A94
:10145000B29E5E3AA7A9763AECF7873A9A38953A5F
:10146000D616A33A9892B13AD6ABC03A8762D03A30
:10147000A1B6E03A1AA8F13A749B013B80B10A3B4D
:101480002C16143B71C91D3B49CB273BAF1B323B8C
:101490009DBA3C3B0AA8473BF2E3523B4C6E5E3B95
:1014A00012476A3B3C6E763BE271813BD0D3873B6F
:1014B000E55C8E3B1D0D953B73E49B3BE3E2A23B59
:1014C0006A08AA3B0255B13BA7C8B83B5563C03B6D
:1014D0000625C83BB60DD03B611DD83B0154E03B0F
:1014E00090B1E83B0B36F13B6BE1F93BD659013C3F
:1014F00064D6053C5C660A3CBD090F3C82C0133CC7
:10150000A98A183C30681D3C1359223C4F5D273C8A
:10151000E0742C3CC59F313CF9DD363C7A2F3C3CD5
:101520004494413C540C473CA6974C3C3736523CC3
:1015300004E8573C09AD5D3C4285633CAC70693CB6
:10154000436F6F3C0481753CEBA57B3CFAEE803C1D
:101550008D14843CAE43873C5A7C8A3C8FBE8D3CC4
:101560004B0A913C8C5F943C51BE973C96269B3C29
:101570005A989E3C9C13A23C5798A53C8C26A93CAB
:1015800036BEAC3C555FB03CE509B43CE5BDB73C6C
:10159000527BBB3C2A42BF3C6B12C33C12ECC63CA4
:1015A0001DCFCA3C8ABBCE3C55B1D23C7EB0D63CA6
:1015B00000B9DA3CDACADE3C0AE6E23C8C0AE73CD7
:1015C0005E38EB3C7E6FEF3CE8AFF33C9BF9F73CB9
:1015D000934CFC3C6754003D2587023D82BE043D90
:1015E0007CFA063D123B093D43800B3D0DCA0D3D83
:1015F0006F18103D676B123DF5C2143D161F173D65
:10160000C97F193D0CE51B3DDF4E1E3D3FBD203D12
:101610002C30233DA3A7253DA323283D2BA42A3D01
:1016200039292D3DCCB22F3DE140323D78D3343DB8
:101630008E6A373D23063A3D34A63C3DC04A3F3DC5
:10164000C6F3413D43A1443D3653473D9E094A3DC3
:1016500078C44C3DC3834F3D7D47523DA60F553D59
:101660003ADC573D38AD5A3D9E825D3D6B5C603D36
:101670009E3A633D331D663D2A04693D80EF6B3D14
:1016800034DF6E3D44D3713DAECB743D70C8773DC1
:1016900089C97A3DF6CE7D3D5B6C803D64F3813D2A
:1016A000947C833DEA07853D6795863D0725883D07
:1016B000CCB6893DB34A8B3DBCE08C3DE6788E3D8F
:1016C0002F13903D97AF913D1D4E933DC0EE943D3D
:1016D0007F91963D5836983D4BDD993D57869B3D11
:1016E0007B319D3DB5DE9E3D058EA03D693FA23D0F
:1016F000E2F2A33D6CA8A53D0860A73DB519A93D40
:1017000071D5AA3D3B93AC3D1253AE3DF614B03DAE
:10171000E4D8B13DDD9EB33DDE66B53DE730B73D73
:10172000F7FCB83D0CCBBA3D269BBC3D436DBE3D9E
:101730006241C03D8217C23DA2EFC33DC1C9C53D54
:10174000DEA5C73DF783C93D0B64CB3D1A46CD3DB1
:10175000222ACF3D2110D13D18F8D23D03E2D43DDD
:10176000E4CDD63DB7BBD83D7CABDA3D329DDC3D08
:10177000D890DE3D6C86E03DED7DE23D5A77E43D5C
:10178000B172E63DF36FE83D1C6FEA3D2D70EC3D14
:101790002373EE3DFE77F03DBC7EF23D5D87F43D68
:1017A000DE91F63D3F9EF83D7EACFA3D9ABCFC3D95
:1017B00091CEFE3D3271003E087C013EC987023E5B
:1017C0007694033E0EA2043E90B0053EFBBF063E5B
:1017D0004ED0073E8AE1083EADF3093EB7060B3E08
:1017E000A71A0C3E7D2F0D3E37450E3ED55B0F3EB2
:1017F0005673103EBB8B113E01A5123E29BF133E0E
:1018000031DA143E1AF6153EE112173E8830183EC2
:101810000C4F193E6E6E1A3EAC8E1B3EC6AF1C3E80
:10182000BBD11D3E8BF41E3E3418203EB73C213EFA
:101830001262223E4488233E4EAF243E2DD7253EE1
:10184000E3FF263E6D29283ECB53293EFC7E2A3EEF
:1018500001AB2B3ED7D72C3E7E052E3EF6332F3ED6
:101860003E63303E5493313E39C4323EECF5333E54
:101870006B28353EB65B363ECD8F373EAEC4383E24
:1018800059FA393ECE303B3E0A683C3E0FA03D3E01
:10189000DAD83E3E6B12403EC14C413EDC87423EB0
:1018A000BBC3433E5D00453EC23D463EE87B473EEE
:1018B000CEBA483E75FA493EDB3A4B3EFF7B4C3E82
:1018C000E1BD4D3E80004F3EDB43503EF287513E2E
:1018D000C3CC523E4E12543E9158553E8E9F563EBA
:1018E00041E7573EAB2F593ECB785A3EA0C25B3EF4
:1018F0002A0D5D3E66585E3E56A45F3EF7F0603EA0
:101900004A3E623E4C8C633EFFDA643E5F2A663E8E
:101910006E7A673E2ACB683E921C6A3EA56E6B3E8D
:1019200063C16C3ECB146E3EDB686F3E94BD703E6F
:10193000F412723EFB68733EA8BF743EF916763E01
:10194000EE6E773E86C7783EC1207A3E9E7A7B3E19
:101950001BD57C3E38307E3EF38B7F3E2774803E25
:10196000A322813E6DD1813E8480823EEA2F833E58
:101970009CDF833E9B8F843EE63F853E7CF0853E28
:101980005EA1863E8B52873E0204883EC4B5883EE7
:10199000CF67893E231A8A3EBFCC8A3EA47F8B3E06
:1019A000D1328C3E46E68C3E019A8D3E034E8E3EF1
:1019B0004B028F3ED9B68F3EAC6B903EC320913E1A
:1019C00020D6913EC08B923EA441933ECAF7933EEF
:1019D00034AE943EDF64953ECD1B963EFBD2963EE0
:1019E0006B8A973E1B42983E0BFA983E3AB2993E5C
:1019F000A96A9A3E56239B3E42DC9B3E6B959C3ED9
:101A0000D24E9D3E75089E3E55C29E3E717C9F3EC5
:101A1000C936A03E5BF1A03E28ACA13E3067A23E95
:101A20007122A33EEBDDA33E9E99A43E8A55A53EBE
:101A3000AE11A63E09CEA63E9B8AA73E6347A83EAE
:101A40006204A93E96C1A93E007FAA3E9E3CAB3EE1
:101A500071FAAB3E77B8AC3EB176AD3E1D35AE3EC9
:101A6000BDF3AE3E8EB2AF3E9071B03EC430B13EDB
:101A700028F0B13EBDAFB23E816FB33E752FB43E8C
:101A800097EFB43EE7AFB53E6670B63E1131B73E54
:101A9000EAF1B73EEFB2B83E2074B93E7D35BA3EAA
:101AA00004F7BA3EB6B8BB3E937ABC3E993CBD3E05
:101AB000C8FEBD3E20C1BE3EA083BF3E4846C03EDC
:101AC0001709C13E0DCCC13E298FC23E6C52C33EA8
:101AD000D415C43E60D9C43E119DC53EE760C63EE4
:101AE000DF24C73EFBE8C73E3AADC83E9A71C93E07
:101AF0001C36CA3EC0FACA3E84BFCB3E6884CC3E88
:101B00006C49CD3E900ECE3ED2D3CE3E3299CF3EE2
:101B1000B15ED03E4C24D13E05EAD13EDAAFD23E92
:101B2000CB75D33ED73BD43EFF01D53E41C8D53E11
:101B30009D8ED63E1355D73EA11BD83E49E2D83ED6
:101B400008A9D93EDF6FDA3ECD36DB3ED2FDDB3E63
:101B5000EDC4DC3E1E8CDD3E6553DE3EBF1ADF3E2B
:101B60002FE2DF3EB2A9E03E4871E13EF138E23EAD
:101B7000AD00E33E7AC8E33E5990E43E4958E53E65
:101B80004920E63E59E8E63E79B0E73EA878E83ECF
:101B9000E540E93E3009EA3E89D1EA3EEF99EB3E65
:101BA0006162EC3EDF2AED3E6AF3ED3EFFBBEE3EA6
:101BB0009F84EF3E494DF03EFD15F13EB9DEF13E0A
:101BC0007FA7F23E4D70F33E2339F43E0002F53E0E
:101BD000E3CAF53ECD93F63EBD5CF73EB225F83E36
:101BE000ACEEF83EABB7F93EAD80FA3EB249FB3EF3
:101BF000BB12FC3EC6DBFC3ED3A4FD3EE16DFE3EC7
:101C0000F036FF3E0000003F8864003F10C9003FEF
:101C1000972D013F1D92013FA3F6013F275B023F35
:101C2000AABF023F2B24033FAA88033F27ED033FAF
:101C3000A151043F19B6043F8E1A053F007F053FAE
:101C40006FE3053FD947063F40AC063FA310073F6F
:101C50000275073F5CD9073FB13D083F01A2083F2D
:101C60004B06093F906A093FD0CE093F09330A3F2E
:101C70003C970A3F68FB0A3F8E5F0B3FACC30B3FAC
:101C8000C4270C3FD38B0C3FDBEF0C3FDC530D3FE5
:101C9000D3B70D3FC31B0E3FAA7F0E3F87E30E3F16
:101CA0005C470F3F27AB0F3FE90E103FA072103F7C
:101CB0004ED6103FF139113F899D113F1701123F58
:101CC0009964123F10C8123F7C2B133FDC8E133FE8
:101CD0002FF2133F7755143FB1B8143FE01B153F67
:101CE000017F153F14E2153F1B45163F13A8163F11
:101CF000FE0A173FDA6D173FA8D0173F6733183F2A
:101D00001796183FB8F8183F4A5B193FCCBD193FEA
:101D10003E201A3FA0821A3FF2E41A3F33471B3F8E
:101D200063A91B3F820B1C3F906D1C3F8DCF1C3F56
:101D300077311D3F50931D3F16F51D3FCA561E3F7C
:101D40006BB81E3FF9191F3F757B1F3FDCDC1F3F3F
:101D5000303E203F709F203F9C00213FB461213FD7
:101D6000B7C2213FA523223F7E84223F42E5223F86
:101D7000F045233F88A6233F0B07243F7767243F86
:101D8000CDC7243F0C28253F3588253F46E8253F11
:101D90003F48263F22A8263FEC07273F9E67273F64
:101DA00038C7273FB926283F2286283F71E5283FBC
:101DB000A844293FC5A3293FC8022A3FB1612A3F51
:101DC00080C02A3F351F2B3FCF7D2B3F4EDC2B3F62
:101DD000B33A2C3FFC982C3F29F72C3F3B552D3F25
:101DE00031B32D3F0A112E3FC86E2E3F68CC2E3FD7
:101DF000EC292F3F52872F3F9CE42F3FC741303FB4
:101E0000D59E303FC5FB303F9758313F4AB5313FF3
:101E1000DF11323F556E323FABCA323FE326333FCC
:101E2000FB82333FF3DE333FCB3A343F8296343F7D
:101E30001AF2343F904D353FE6A8353F1B04363F3C
:101E40002E5F363F20BA363FF014373F9E6F373F44
:101E50002ACA373F9424383FDB7E383FFFD8383FCB
:101E60000033393FDD8C393F97E6393F2E403A3F0A
:101E7000A0993A3FEFF23A3F194C3B3F1EA53B3F3A
:101E8000FFFD3B3FBA563C3F51AF3C3FC2073D3F91
:101E90000D603D3F33B83D3F32103E3F0B683E3F43
:101EA000BEBF3E3F4A173F3FAF6E3F3FEDC53F3F8E
:101EB000031D403FF273403FB9CA403F5921413FA3
:101EC000D077413F1ECE413F4524423F427A423FB8
:101ED00016D0423FC125433F437B433F9BD0433F06
:101EE000C925443FCD7A443FA7CF443F5724453FBF
:101EF000DC78453F36CD453F6421463F6875463F17
:101F000040C9463FED1C473F6E70473FC2C3473F45
:101F1000EB16483FE669483FB6BC483F580F493F7B
:101F2000CD61493F15B4493F30064A3F1D584A3FED
:101F3000DCA94A3F6DFB4A3FCF4C4B3F049E4B3FD1
:101F400009EF4B3FE03F4C3F88904C3F00E14C3F56
:101F500049314D3F63814D3F4CD14D3F06214E3FAE
:101F600090704E3FE9BF4E3F110F4F3F095E4F3F0C
:101F7000D0AC4F3F65FB4F3FCA49503FFC97503FA5
:101F8000FDE5503FCD33513F6A81513FD4CE513FA3
:101F90000D1C523F1269523FE5B5523F8502533F37
:101FA000F24E533F2B9B533F31E7533F0233543F95
:101FB000A07E543F0ACA543F4015553F4160553FEB
:101FC0000DAB553FA5F5553F0740563F358A563F67
:101FD0002DD4563FEF1D573F7C67573FD2B0573F38
:101FE000F3F9573FDD42583F918B583F0FD4583F8C
:101FF000551C593F6564593F3DAC593FDEF3593F8D
:10200000483B5A3F7A825A3F74C95A3F36105B3F69
:10201000C0565B3F119D5B3F2AE35B3F0B295C3F52
:10202000B26E5C3F21B45C3F56F95C3F523E5D3F6F
:1020300015835D3F9DC75D3FEC0B5E3F01505E3FEA
:10204000DC935E3F7DD75E3FE21A5F3F0E5E5F3FEF
:10205000FEA05F3FB4E35F3F2E26603F6D68603FA8
:1020600070AA603F38EC603FC42D613F146F613F40
:1020700028B0613F00F1613F9C31623FFA71623FDD
:102080001CB2623F02F2623FAA31633F1571633FA7
:1020900042B0633F33EF633FE52D643F5A6C643FCA
:1020A00090AA643F89E8643F4426653FC063653F6A
:1020B000FDA0653FFCDD653FBC1A663F3D57663FAE
:1020C0007F93663F81CF663F440B673FC846673FBB
:1020D0000C82673F10BD673FD4F7673F5832683FB7
:1020E0009B6C683F9FA6683F61E0683FE319693FCA
:1020F0002453693F248C693FE3C4693F61FD693F14
:102100009E356A3F996D6A3F52A56A3FC9DC6A3FB6
:10211000FF136B3FF24A6B3FA4816B3F13B86B3FD9
:102120003FEE6B3F29246C3FD1596C3F358F6C3F9C
:1021300057C46C3F35F96C3FD02D6D3F28626D3F21
:102140003C966D3F0DCA6D3F9AFD6D3FE3306E3F8B
:10215000E8636E3FAA966E3F27C96E3F5FFB6E3FF6
:10216000532D6F3F035F6F3F6E906F3F94C16F3F82
:1021700075F26F3F1123703F6753703F7983703F53
:1021800045B3703FCCE2703F0D12713F0841713F83
:10219000BD6F713F2D9E713F56CC713F39FA713F33
:1021A000D627723F2D55723F3C82723F06AF723F79
:1021B00088DB723FC407733FB933733F665F733F79
:1021C000CD8A733FECB5733FC4E0733F540B743F4B
:1021D0009D35743F9E5F743F5789743FC9B2743F09
:1021E000F2DB743FD304753F6C2D753FBD55753FD1
:1021F000C67D753F86A5753FFDCC753F2CF4753FB8
:10220000121B763FAF41763F0368763F0F8E763FD5
:10221000D1B3763F4AD9763F79FE763F5F23773F49
:10222000FC47773F4F6C773F5890773F18B4773F24
:102230008ED7773FBAFA773F9B1D783F3340783F80
:102240008162783F8484783F3DA6783FACC7783F71
:10225000D0E8783FA909793F382A793F7C4A793F0D
:10226000756A793F248A793F87A9793F9FC8793F6A
:102270006DE7793FEF057A3F25247A3F11427A3F97
:10228000B15F7A3F057D7A3F0E9A7A3FCCB67A3FAE
:102290003DD37A3F63EF7A3F3D0B7B3FCB267B3FBD
:1022A0000D427B3F045D7B3FAE777B3F0C927B3FD3
:1022B0001DAC7B3FE3C57B3F5CDF7B3F88F87B3F0A
:1022C00068117C3FFC297C3F43427C3F3D5A7C3F68
:1022D000EB717C3F4C897C3F60A07C3F27B77C3F03
:1022E000A1CD7C3FCFE37C3FAFF97C3F420F7D3FE8
:1022F00088247D3F81397D3F2C4E7D3F8B627D3F21
:102300009C767D3F5F8A7D3FD59D7D3FFEB07D3FC2
:10231000D9C37D3F67D67D3FA6E87D3F99FA7D3FD3
:102320003D0C7E3F941D7E3F9D2E7E3F583F7E3F5D
:10233000C54F7E3FE55F7E3FB66F7E3F397F7E3F74
:102340006F8E7E3F569D7E3FEFAB7E3F3ABA7E3F1B
:1023500037C87E3FE6D57E3F46E37E3F58F07E3F5E
:102360001CFD7E3F92097F3FB9157F3F92217F3F41
:102370001C2D7F3F58387F3F45437F3FE44D7F3FD3
:1023800035587F3F37627F3FEA6B7F3F4E757F3F17
:10239000657E7F3F2C877F3FA58F7F3FCF977F3F15
:1023A000AA9F7F3F37A77F3F75AE7F3F64B57F3FD2
:1023B00004BC7F3F56C27F3F58C87F3F0CCE7F3F53
:1023C00071D37F3F88D87F3F4FDD7F3FC7E17F3F9D
:1023D000F1E57F3FCCE97F3F58ED7F3F94F07F3FB1
:1023E00082F37F3F22F67F3F72F87F3F73FA7F3F91
:1023F00025FC7F3F88FD7F3F9DFE7F3F62FF7F3F43
:10240000D9FF7F3F0000803FD9FF7F3F62FF7F3FC2
:102410009DFE7F3F88FD7F3F25FC7F3F73FA7F3F16
:1024200072F87F3F22F67F3F82F37F3F94F07F3F39
:1024300058ED7F3FCCE97F3FF1E57F3FC7E17F3F2C
:102440004FDD7F3F88D87F3F71D37F3F0CCE7F3FEA
:1024500058C87F3F56C27F3F04BC7F3F64B57F3F73
:1024600075AE7F3F37A77F3FAA9F7F3FCF977F3FC4
:10247000A58F7F3F2C877F3F657E7F3F4E757F3FD7
:10248000EA6B7F3F37627F3F35587F3FE44D7F3FA8
:1024900045437F3F58387F3F1C2D7F3F92217F3F30
:1024A000B9157F3F92097F3F1CFD7E3F58F07E3F6C
:1024B00046E37E3FE6D57E3F37C87E3F3ABA7E3F51
:1024C000EFAB7E3F569D7E3F6F8E7E3F397F7E3FD6
:1024D000B66F7E3FE55F7E3FC54F7E3F583F7E3FF4
:1024E0009D2E7E3F941D7E3F3D0C7E3F99FA7D3FA1
:1024F000A6E87D3F67D67D3FD9C37D3FFEB07D3FD7
:10250000D59D7D3F5F8A7D3F9C767D3F8B627D3F81
:102510002C4E7D3F81397D3F88247D3F420F7D3F9A
:10252000AFF97C3FCFE37C3FA1CD7C3F27B77C3F19
:1025300060A07C3F4C897C3FEB717C3F3D5A7C3FE7
:1025400043427C3FFC297C3F68117C3F88F87B3FFD
:102550005CDF7B3FE3C57B3F1DAC7B3F0C927B3F49
:10256000AE777B3F045D7B3F0D427B3FCB267B3FBD
:102570003D0B7B3F63EF7A3F3DD37A3FCCB67A3F4A
:102580000E9A7A3F057D7A3FB15F7A3F11427A3FDA
:1025900025247A3FEF057A3F6DE7793F9FC8793F61
:1025A00087A9793F248A793F756A793F7C4A793FC8
:1025B000382A793FA909793FD0E8783FACC7783FFE
:1025C0003DA6783F8484783F8162783F3340783FEE
:1025D0009B1D783FBAFA773F8ED7773F18B4773F85
:1025E0005890773F4F6C773FFC47773F5F23773FAB
:1025F00079FE763F4AD9763FD1B3763F0F8E763F4C
:102600000368763FAF41763F121B763F2CF4753F4F
:10261000FDCC753F86A5753FC67D753FBD55753FA1
:102620006C2D753FD304753FF2DB743FC9B2743F24
:102630005789743F9E5F743F9D35743F540B743FC0
:10264000C4E0733FECB5733FCD8A733F665F733F61
:10265000B933733FC407733F88DB723F06AF723FE5
:102660003C82723F2D55723FD627723F39FA713F37
:1026700056CC713F2D9E713FBD6F713F0841713F38
:102680000D12713FCCE2703F45B3703F7983703FCC
:102690006753703F1123703F75F26F3F94C16F3FD6
:1026A0006E906F3F035F6F3F532D6F3F5FFB6E3F39
:1026B00027C96E3FAA966E3FE8636E3FE3306E3FD8
:1026C0009AFD6D3F0DCA6D3F3C966D3F28626D3F90
:1026D000D02D6D3F35F96C3F57C46C3F358F6C3F43
:1026E000D1596C3F29246C3F3FEE6B3F13B86B3FD1
:1026F000A4816B3FF24A6B3FFF136B3FC9DC6A3F1B
:1027000052A56A3F996D6A3F9E356A3F61FD693FF8
:10271000E3C4693F248C693F2453693FE319693F4F
:1027200061E0683F9FA6683F9B6C683F5832683FF6
:10273000D4F7673F10BD673F0C82673FC846673FCD
:10274000440B673F81CF663F7F93663F3D57663FAF
:10275000BC1A663FFCDD653FFDA0653FC063653F79
:102760004426653F89E8643F90AA643F5A6C643F01
:10277000E52D643F33EF633F42B0633F1571633F24
:10278000AA31633F02F2623F1CB2623FFA71623FBC
:102790009C31623F00F1613F28B0613F146F613F9F
:1027A000C42D613F38EC603F70AA603F6D68603FA8
:1027B0002E26603FB4E35F3FFEA05F3F0E5E5F3FAB
:1027C000E21A5F3F7DD75E3FDC935E3F01505E3F84
:1027D000EC0B5E3F9DC75D3F15835D3F523E5D3F05
:1027E00056F95C3F21B45C3FB26E5C3F0B295C3F05
:1027F0002AE35B3F119D5B3FC0565B3F36105B3F5A
:1028000074C95A3F7A825A3F483B5A3FDEF3593FD8
:102810003DAC593F6564593F551C593F0FD4583F53
:10282000918B583FDD42583FF3F9573FD2B0573FA5
:102830007C67573FEF1D573F2DD4563F358A563F93
:102840000740563FA5F5553F0DAB553F4160553FFD
:102850004015553F0ACA543FA07E543F0233543FAF
:1028600031E7533F2B9B533FF24E533F8502533F7B
:10287000E5B5523F1269523F0D1C523FD4CE513F35
:102880006A81513FCD33513FFDE5503FFC97503FAA
:10289000CA49503F65FB4F3FD0AC4F3F095E4F3FA9
:1028A000110F4F3FE9BF4E3F90704E3F06214E3F04
:1028B0004CD14D3F63814D3F49314D3F00E14C3F8D
:1028C00088904C3FE03F4C3F09EF4B3F049E4B3F0D
:1028D000CF4C4B3F6DFB4A3FDCA94A3F1D584A3F56
:1028E00030064A3F15B4493FCD61493F580F493F33
:1028F000B6BC483FE669483FEB16483FC2C3473F76
:102900006E70473FED1C473F40C9463F6875463FE4
:102910006421463F36CD453FDC78453F5724453F4F
:10292000A7CF443FCD7A443FC925443F9BD0433F86
:10293000437B433FC125433F16D0423F427A423F4B
:102940004524423F1ECE413FD077413F5921413F70
:10295000B9CA403FF273403F031D403FEDC53F3FC2
:10296000AF6E3F3F4A173F3FBEBF3E3F0B683E3F03
:1029700032103E3F33B83D3F0D603D3FC2073D3F03
:1029800051AF3C3FBA563C3FFFFD3B3F1EA53B3F8E
:10299000194C3B3FEFF23A3FA0993A3F2E403A3F65
:1029A00097E6393FDD8C393F0033393FFFD8383F58
:1029B000DB7E383F9424383F2ACA373F9E6F373F2B
:1029C000F014373F20BA363F2E5F363F1B04363FA8
:1029D000E6A8353F904D353F1AF2343F8296343F9A
:1029E000CB3A343FF3DE333FFB82333FE326333FC2
:1029F000ABCA323F556E323FDF11323F4AB5313FED
:102A00009758313FC5FB303FD59E303FC741303FDF
:102A10009CE42F3F52872F3FEC292F3F68CC2E3F5D
:102A2000C86E2E3F0A112E3F31B32D3F3B552D3F2F
:102A300029F72C3FFC982C3FB33A2C3F4EDC2B3F20
:102A4000CF7D2B3F351F2B3F80C02A3FB1612A3FEE
:102A5000C8022A3FC5A3293FA844293F71E5283F62
:102A60002286283FB926283F38C7273F9E67273F41
:102A7000EC07273F22A8263F3F48263F46E8253F50
:102A80003588253F0C28253FCDC7243F7767243F55
:102A90000B07243F88A6233FF045233F42E5223F12
:102AA0007E84223FA523223FB7C2213FB461213F4C
:102AB0009C00213F709F203F303E203FDCDC1F3FC9
:102AC000757B1F3FF9191F3F6BB81E3FCA561E3F4B
:102AD00016F51D3F50931D3F77311D3F8DCF1C3F95
:102AE000906D1C3F820B1C3F63A91B3F33471B3F6C
:102AF000F2E41A3FA0821A3F3E201A3FCCBD193F94
:102B00004A5B193FB8F8183F1796183F6733183FCC
:102B1000A8D0173FDA6D173FFE0A173F13A8163FDC
:102B20001B45163F14E2153F017F153FE01B153F83
:102B3000B1B8143F7755143F2FF2133FDC8E133F8B
:102B40007C2B133F10C8123F9964123F1701123FAC
:102B5000899D113FF139113F4ED6103FA072103FB1
:102B6000E90E103F27AB0F3F5C470F3F87E30E3F57
:102B7000AA7F0E3FC31B0E3FD3B70D3FDC530D3F63
:102B8000DBEF0C3FD38B0C3FC4270C3FACC30B3F98
:102B90008E5F0B3F68FB0A3F3C970A3F09330A3FB1
:102BA000D0CE093F906A093F4B06093F01A2083F7A
:102BB000B13D083F5CD9073F0275073FA310073FAF
:102BC00040AC063FD947063F6FE3053F007F053F16
:102BD0008E1A053F19B6043FA151043F27ED033F6C
:102BE000AA88033F2B24033FAABF023F275B023F73
:102BF000A3F6013F1D92013F972D013F10C9003FF1
:102C00008864003F0000003FF036FF3EE16DFE3E6D
:102C1000D3A4FD3EC6DBFC3EBB12FC3EB249FB3EEC
:102C2000AD80FA3EABB7F93EACEEF83EB225F83EC9
:102C3000BD5CF73ECD93F63EE3CAF53E0002F53E9D
:102C40002339F43E4D70F33E7FA7F23EB9DEF13EEC
:102C5000FD15F13E494DF03E9F84EF3EFFBBEE3E39
:102C60006AF3ED3EDF2AED3E6162EC3EEF99EB3E0A
:102C700089D1EA3E3009EA3EE540E93EA878E83EDF
:102C800079B0E73E59E8E63E4920E63E4958E53E40
:102C90005990E43E7AC8E33EAD00E33EF138E23EAF
:102CA0004871E13EB2A9E03E2FE2DF3EBF1ADF3EAF
:102CB0006553DE3E1E8CDD3EEDC4DC3ED2FDDB3EC8
:102CC000CD36DB3EDF6FDA3E08A9D93E49E2D83E79
:102CD000A11BD83E1355D73E9D8ED63E41C8D53E4A
:102CE000FF01D53ED73BD43ECB75D33EDAAFD23EC3
:102CF00005EAD13E4C24D13EB15ED03E3299CF3E62
:102D0000D2D3CE3E900ECE3E6C49CD3E6884CC3EB2
:102D100084BFCB3EC0FACA3E1C36CA3E9A71C93E39
:102D20003AADC83EFBE8C73EDF24C73EE760C63E7B
:102D3000119DC53E60D9C43ED415C43E6C52C33EFD
:102D4000298FC23E0DCCC13E1709C13E4846C03E48
:102D5000A083BF3E20C1BE3EC8FEBD3E993CBD3EE5
:102D6000937ABC3EB6B8BB3E04F7BA3E7D35BA3E58
:102D70002074B93EEFB2B83EEAF1B73E1131B73E2A
:102D80006670B63EE7AFB53E97EFB43E752FB43EE2
:102D9000816FB33EBDAFB23E28F0B13EC430B13E0C
:102DA0009071B03E8EB2AF3EBDF3AE3E1D35AE3E2D
:102DB000B176AD3E77B8AC3E71FAAB3E9E3CAB3ED1
:102DC000007FAA3E96C1A93E6204A93E6347A83E81
:102DD0009B8AA73E09CEA63EAE11A63E8A55A53EC9
:102DE0009E99A43EEBDDA33E7122A33E3067A23E36
:102DF00028ACA13E5BF1A03EC936A03E717C9F3E4F
:102E000055C29E3E75089E3ED24E9D3E6B959C3EA1
:102E100042DC9B3E56239B3EA96A9A3E3AB2993EBB
:102E20000BFA983E1B42983E6B8A973EFBD2963E29
:102E3000CD1B963EDF64953E34AE943ECAF7933E7A
:102E4000A441933EC08B923E20D6913EC320913E3A
:102E5000AC6B903ED9B68F3E4B028F3E034E8E3EFA
:102E6000019A8D3E46E68C3ED1328C3EA47F8B3E4D
:102E7000BFCC8A3E231A8A3ECF67893EC4B5883EBE
:102E80000204883E8B52873E5EA1863E7CF0853EE2
:102E9000E63F853E9B8F843E9CDF833EEA2F833E48
:102EA0008480823E6DD1813EA322813E2774803E84
:102EB000F38B7F3E38307E3E1BD57C3E9E7A7B3E38
:102EC000C1207A3E86C7783EEE6E773EF916763E92
:102ED000A8BF743EFB68733EF412723E94BD703E10
:102EE000DB686F3ECB146E3E63C16C3EA56E6B3EDD
:102EF000921C6A3E2ACB683E6E7A673E5F2A663E27
:102F0000FFDA643E4C8C633E4A3E623EF7F0603E20
:102F100056A45F3E66585E3E2A0D5D3EA0C25B3EF3
:102F2000CB785A3EAB2F593E41E7573E8E9F563ED7
:102F30009158553E4E12543EC3CC523EF287513EFC
:102F4000DB43503E80004F3EE1BD4D3EFF7B4C3E9B
:102F5000DB3A4B3E75FA493ECEBA483EE87B473EE7
:102F6000C23D463E5D00453EBBC3433EDC87423E1C
:102F7000C14C413E6B12403EDAD83E3E0FA03D3E72
:102F80000A683C3ECE303B3E59FA393EAEC4383E2C
:102F9000CD8F373EB65B363E6B28353EECF5333E83
:102FA00039C4323E5493313E3E63303EF6332F3EB9
:102FB0007E052E3ED7D72C3E01AB2B3EFC7E2A3E13
:102FC000CB53293E6D29283EE3FF263E2DD7253ED3
:102FD0004EAF243E4488233E1262223EB73C213E3F
:102FE0003418203E8BF41E3EBBD11D3EC6AF1C3EA6
:102FF000AC8E1B3E6E6E1A3E0C4F193E8830183E4A
:10300000E112173E1AF6153E31DA143E29BF133E7F
:1030100001A5123EBB8B113E5673103ED55B0F3E91
:1030200037450E3E7D2F0D3EA71A0C3EB7060B3ED0
:10303000ADF3093E8AE1083E4ED0073EFBBF063E97
:1030400090B0053E0EA2043E7694033EC987023E30
:10305000087C013E3271003E91CEFE3D9ABCFC3DA3
:103060007EACFA3D3F9EF83DDE91F63D5D87F43D36
:10307000BC7EF23DFE77F03D2373EE3D2D70EC3DBE
:103080001C6FEA3DF36FE83DB172E63D5A77E43DCF
:10309000ED7DE23D6C86E03DD890DE3D329DDC3D2D
:1030A0007CABDA3DB7BBD83DE4CDD63D03E2D43DA1
:1030B00018F8D23D2110D13D222ACF3D1A46CD3DF0
:1030C0000B64CB3DF783C93DDEA5C73DC1C9C53DF6
:1030D000A2EFC33D8217C23D6241C03D436DBE3D7C
:1030E000269BBC3D0CCBBA3DF7FCB83DE730B73D65
:1030F000DE66B53DDD9EB33DE4D8B13DF614B03D8E
:103100001253AE3D3B93AC3D71D5AA3DB519A93DD7
:103110000860A73D6CA8A53DE2F2A33D693FA23D32
:10312000058EA03DB5DE9E3D7B319D3D57869B3D86
:103130004BDD993D5836983D7F91963DC0EE943DCC
:103140001D4E933D97AF913D2F13903DE6788E3DF8
:10315000BCE08C3DB34A8B3DCCB6893D0725883D0C
:103160006795863DEA07853D947C833D64F3813D08
:103170005B6C803DF6CE7D3D89C97A3D70C8773D58
:10318000AECB743D44D3713D34DF6E3D80EF6B3D7B
:103190002A04693D331D663D9E3A633D6B5C603D8C
:1031A0009E825D3D38AD5A3D3ADC573DA60F553DF8
:1031B0007D47523DC3834F3D78C44C3D9E094A3DF7
:1031C0003653473D43A1443DC6F3413DC04A3F3DD0
:1031D00034A63C3D23063A3D8E6A373D78D3343DD4
:1031E000E140323DCCB22F3D39292D3D2BA42A3D63
:1031F000A323283DA3A7253D2C30233D3FBD203DE3
:10320000DF4E1E3D0CE51B3DC97F193D161F173DC6
:10321000F5C2143D676B123D6F18103D0DCA0D3D90
:1032200043800B3D123B093D7CFA063D82BE043DC6
:103230002587023D6754003D934CFC3C9BF9F73CCD
:10324000E8AFF33C7E6FEF3C5E38EB3C8C0AE73C2A
:103250000AE6E23CDACADE3C00B9DA3C7EB0D63C93
:1032600055B1D23C8ABBCE3C1DCFCA3C12ECC63C09
:103270006B12C33C2A42BF3C527BBB3CE5BDB73C12
:10328000E509B43C555FB03C36BEAC3C8C26A93C4D
:103290005798A53C9C13A23C5A989E3C96269B3C72
:1032A00051BE973C8C5F943C4B0A913C8FBE8D3C49
:1032B0005A7C8A3CAE43873C8D14843CFAEE803CB9
:1032C000EBA57B3C0481753C436F6F3CAC70693C63
:1032D0004285633C09AD5D3C04E8573C3736523CBF
:1032E000A6974C3C540C473C4494413C7A2F3C3CC0
:1032F000F9DD363CC59F313CE0742C3C4F5D273CEA
:103300001359223C30681D3CA98A183C82C0133CEA
:10331000BD090F3C5C660A3C64D6053CD659013CAD
:103320006BE1F93B0B36F13B90B1E83B0154E03BDC
:10333000611DD83BB60DD03B0625C83B5563C03B4D
:10334000A7C8B83B0255B13B6A08AA3BE3E2A23BDF
:1033500073E49B3B1D0D953BE55C8E3BD0D3873BD7
:10336000E271813B3C6E763B12476A3B4C6E5E3BA2
:10337000F2E3523B0AA8473B9DBA3C3BAF1B323BB2
:1033800049CB273B71C91D3B2C16143B80B10A3B2E
:10339000749B013B1AA8F13AA1B6E03A8762D03A91
:1033A000D6ABC03A9892B13AD616A33A9A38953A23
:1033B000ECF7873AA7A9763AB29E5E3A07CF473A2A
:1033C000B53A323AC8E11D3A4EC40A3AA5C4F139B9
:1033D000BF77D03900A2B1397B43953984B87639AB
:1033E000C7D84739DFE71D39C8CBF138DAA5B1387E
:1033F0003BBC763864E91D38D1A6B137C6E91D3724
:10340000DEE91D36496E76616C6964207061726117
:103410006D65746572204275696C74696E4F706574
:103420007261746F725F435553544F4D20746F2017
:1034300074686520004164644275696C74696E202B
:1034400066756E6374696F6E2E0043616C6C696E95
:1034500067204164644275696C74696E2077697491
:1034600068207468652073616D65206F70206D6FD2
:103470007265207468616E20006F6E6365206973E9
:10348000206E6F7420737570706F7274656420287D
:103490004F703A20232564292E00436F756C646EAB
:1034A0002774207265676973746572206275696C30
:1034B00074696E206F70202325642C207265736FF1
:1034C0006C7665722073697A652000697320746F69
:1034D0006F20736D616C6C20282564292E00416774
:1034E000656C616975735F70686F656E696365753A
:1034F000730043617264696E616C69735F636172CA
:1035000064696E616C697300436572746869615FB8
:10351000616D65726963616E6100436F7276757388
:103520005F6272616368797268796E63686F730055
:103530005365746F70686167615F61657374697604
:1035400061005365746F70686167615F727574695B
:1035500063696C6C61005370696E75735F74726936
:1035600073746973005475726475735F6D69677203
:1035700061746F7269757300496E70757420706143
:10358000796C6F6164206C656E67746820646F6528
:1035900073206E6F74206D61746368207468652099
:1035A0006D6F64656C2074656E736F720064623356
:1035B000765F7374726963745F3573686F745F6D7F
:1035C0006663635F686561645F6F6E6C795F736586
:1035D00065645F34320061616561636338646231E0
:1035E0003964636334383235336136393435616276
:1035F00034313235313637663639623131656232CF
:1036000038613831373435376365373363323830B2
:103610003632393363340055415254206865616451
:1036200065722072656365697665206661696C659F
:103630006400556E737570706F727465642070727B
:103640006F746F636F6C2076657273696F6E00556F
:103650006E737570706F727465642070726F746FC2
:10366000636F6C20666C616773005061796C6F6189
:10367000642065786365656473206669726D77613F
:103680007265207265636569766520627566666538
:10369000720055415254207061796C6F61642072E0
:1036A000656365697665206661696C656400506173
:1036B000796C6F6164204352433332206D69736DBE
:1036C00061746368004745545F494E464F20646FFC
:1036D0006573206E6F742061636365707420612070
:1036E0007061796C6F616400415544494F5F424598
:1036F00047494E207265717569726573206120318A
:10370000362D627974652064657363726970746FB5
:1037100072004578706563746564206D6F6E6F200C
:1037200031363030302D487A2050434D5F5331369A
:103730005F4C4520617564696F00417564696F2055
:103740006D75737420636F6E7461696E20312E2EF7
:1037500031323020636F6D706C657465206F6E65FB
:103760002D7365636F6E642077696E646F77730085
:10377000415544494F5F424547494E206973207285
:1037800065717569726564206265666F7265204156
:103790005544494F5F4348554E4B00415544494FAE
:1037A0005F4348554E4B2072657175697265732091
:1037B0006F666673657420706C75732050434D316D
:1037C000362073616D706C657300415544494F5FDD
:1037D0004348554E4B206F6666736574206F7220A8
:1037E00073616D706C652072616E6765206973200E
:1037F000696E76616C696400415544494F5F52556A
:103800004E20646F6573206E6F7420616363657012
:10381000742061207061796C6F6164004175646926
:103820006F2075706C6F616420697320696E636FBF
:103830006D706C65746500436F6D706C65746520A8
:1038400050434D2073747265616D2043524333328F
:10385000206D69736D6174636800415544494F5F21
:103860004745545F4645415455524520646F657342
:10387000206E6F74206163636570742061207061D5
:10388000796C6F6164004E6F20636F6D706C65744E
:10389000656420617564696F2077696E646F772055
:1038A000697320617661696C61626C6500556E7345
:1038B0007570706F727465642073657269616C20D5
:1038C0006D6F64656C20636F6D6D616E640042693D
:1038D0006173207479706520257320282564292060
:1038E0006E6F7420737570706F727465642E0057FC
:1038F00065696768742074797065202573202825B0
:103900006429206E6F7420737570706F72746564B3
:103910002E00547970652025732028256429206E97
:103920006F7420737570706F727465642E002F68E9
:103930006F6D652F63792F636F64652F70726F678A
:1039400072616D2F4C45445F544553542F44726946
:10395000766572732F74666C6974652D6D69637218
:103960006F2F74656E736F72666C6F772F6C6974EE
:10397000652F6D6963726F2F6B65726E656C732F47
:10398000636F6E765F636F6D6D6F6E2E6363002580
:10399000733A256420257320776173206E6F74203D
:1039A000747275652E006861735F62696173207C53
:1039B0007C206E6F64652D3E696E707574732D3E4C
:1039C00073697A65203D3D20320025733A256420D5
:1039D000257320213D2025732028256420213D20AA
:1039E000256429006E6F64652D3E6F757470757463
:1039F000732D3E73697A6500696E70757420213D80
:103A0000206E756C6C7074720066696C74657220DF
:103A1000213D206E756C6C707472006F75747075DA
:103A20007420213D206E756C6C707472006F75741B
:103A30007075742D3E7479706500696E7075742DA3
:103A40003E74797065002F686F6D652F63792F6301
:103A50006F64652F70726F6772616D2F4C45445FA4
:103A6000544553542F447269766572732F74666C93
:103A70006974652D6D6963726F2F74656E736F72F3
:103A8000666C6F772F6C6974652F6D6963726F2F29
:103A90006B65726E656C732F636F6E765F636F6DAF
:103AA0006D6F6E2E636320487962726964206D6F5A
:103AB00064656C7320617265206E6F74207375701D
:103AC000706F72746564206F6E2054464C69746523
:103AD000204D6963726F2E006B54664C69746541AA
:103AE0006666696E655175616E74697A6174696F35
:103AF0006E0066696C7465722D3E7175616E7469D5
:103B00007A6174696F6E2E7479706500616666699A
:103B10006E655F7175616E74697A6174696F6E2D1F
:103B20003E7363616C652D3E73697A65203D3D206F
:103B300031207C7C20616666696E655F7175616E9F
:103B400074697A6174696F6E2D3E7363616C652D63
:103B50003E73697A65203D3D2066696C7465722DFF
:103B60003E64696D732D3E646174615B6B436F6E7F
:103B7000765175616E74697A656444696D656E73BA
:103B8000696F6E5D0046696C74657220747970654A
:103B9000202573202825642920666F7220696E70A5
:103BA00075742074797065202573206E6F7420738E
:103BB0007570706F727465642E00496E7075742034
:103BC000747970652025732028256429206E6F7410
:103BD00020737570706F727465642E002F686F6D3E
:103BE000652F63792F636F64652F70726F677261E1
:103BF0006D2F4C45445F544553542F44726976658C
:103C000072732F74666C6974652D6D6963726F2FA2
:103C100074656E736F72666C6F772F6C6974652F45
:103C20006D6963726F2F6B65726E656C732F64655F
:103C3000707468776973655F636F6E765F636F6DCD
:103C40006D6F6E2E636300616666696E655F717588
:103C5000616E74697A6174696F6E2D3E7363616C15
:103C6000652D3E73697A65203D3D2031207C7C20A6
:103C7000616666696E655F7175616E74697A61749B
:103C8000696F6E2D3E7363616C652D3E73697A6555
:103C9000203D3D2066696C7465722D3E64696D73CC
:103CA0002D3E646174615B6B446570746877697301
:103CB00065436F6E765175616E74697A65644469A7
:103CC0006D656E73696F6E5D00616666696E655FD6
:103CD0007175616E74697A6174696F6E2D3E7A6573
:103CE000726F5F706F696E742D3E73697A650061E3
:103CF0006666696E655F7175616E74697A61746913
:103D00006F6E2D3E7363616C652D3E73697A65003D
:103D10002F686F6D652F63792F636F64652F7072E5
:103D20006F6772616D2F4C45445F544553542F4467
:103D30007269766572732F74666C6974652D6D692E
:103D400063726F2F74656E736F72666C6F772F6C12
:103D50006974652F6D6963726F2F6B65726E656C28
:103D6000732F6465707468776973655F636F6E76CF
:103D70005F636F6D6D6F6E2E636320487962726949
:103D800064206D6F64656C7320617265206E6F7462
:103D900020737570706F72746564206F6E20544666
:103DA0004C697465204D6963726F2E002F686F6DCA
:103DB000652F63792F636F64652F70726F6772610F
:103DC0006D2F4C45445F544553542F4472697665BA
:103DD00072732F74666C6974652D6D6963726F2FD1
:103DE00074656E736F72666C6F772F6C6974652F74
:103DF0006D6963726F2F6B65726E656C732F66757C
:103E00006C6C795F636F6E6E65637465642E63635B
:103E10000025733A256420257320213D2025732039
:103E200028257320213D2025732900496E70757463
:103E300020747970653A202573207769746820664C
:103E4000696C74657220747970653A202573206EF0
:103E50006F7420737570706F727465642E0046699C
:103E60006C74657220747970652025732028256430
:103E700029206E6F7420737570706F727465642E74
:103E8000002F686F6D652F63792F636F64652F70E6
:103E9000726F6772616D2F4C45445F544553542FC8
:103EA000447269766572732F74666C6974652D6DE2
:103EB0006963726F2F74656E736F72666C6F772FA4
:103EC0006C6974652F6D6963726F2F6B65726E65B7
:103ED0006C732F66756C6C795F636F6E6E6563745F
:103EE00065645F636F6D6D6F6E2E63630061666600
:103EF000696E655F7175616E74697A6174696F6E00
:103F00002D3E7363616C650028696E7075742D3E7B
:103F100074797065203D3D206B54664C6974654929
:103F20006E74382026262066696C7465722D3E7486
:103F300079706520213D206B54664C697465496E2B
:103F4000743429207C7C2028696E7075742D3E7431
:103F5000797065203D3D206B54664C697465496EEF
:103F60007431362026262066696C7465722D3E7485
:103F700079706520213D206B54664C697465496EEB
:103F80007434290066696C7465722D3E64696D73C2
:103F90002D3E646174615B616666696E655F717513
:103FA000616E74697A6174696F6E2D3E7175616EB0
:103FB00074697A65645F64696D656E73696F6E5D5F
:103FC000007065725F6368616E6E656C5F717561CC
:103FD0006E74697A6174696F6E5F73697A65006483
:103FE000696D735B695D203C207374643A3A6E7549
:103FF0006D657269635F6C696D6974733C696E7439
:104000003E3A3A6D61782829202F20636F756E74CF
:1040100000496E7075742025732C206F757470754F
:1040200074202573206E6F7420737570706F7274B6
:1040300065642E002F686F6D652F63792F636F6441
:10404000652F70726F6772616D2F4C45445F5445E8
:1040500053542F447269766572732F74666C697459
:10406000652D6D6963726F2F74656E736F72666C08
:104070006F772F6C6974652F6D6963726F2F6B6535
:10408000726E656C732F6C6F6769737469635F63BD
:104090006F6D6D6F6E2E6363007374643A3A6E7564
:1040A0006D657269635F6C696D6974733C696E7488
:1040B000385F743E3A3A6D696E282900696E7075F2
:1040C000742D3E706172616D732E7A65726F5F70D0
:1040D0006F696E7400436865636B65644C6F67322B
:1040E000286F75747075742D3E706172616D732EDA
:1040F0007363616C652C20266F75747075745F73C3
:1041000063616C655F6C6F67325F726F756E64655B
:104110006429002D6B4F75747075744672616374F9
:10412000696F6E616C42697473006F757470757439
:104130005F7363616C655F6C6F67325F726F756E22
:10414000646564006578706F6E656E74203E3D2016
:104150003000496E746567657254797065206765D3
:104160006D6D6C6F77703A3A526F756E64696E67F9
:104170004469766964654279504F5428496E746584
:10418000676572547970652C20696E7429205B779D
:1041900069746820496E746567657254797065202A
:1041A0003D206C6F6E6720696E745D002F686F6DC7
:1041B000652F63792F636F64652F70726F6772610B
:1041C0006D2F4C45445F544553542F4472697665B6
:1041D00072732F74666C6974652D6D6963726F2FCD
:1041E00074656E736F72666C6F772F6C6974652F70
:1041F0006D6963726F2F746F6F6C732F6D616B6578
:104200002F646F776E6C6F6164732F67656D6D6C73
:104210006F77702F6669786564706F696E742F664A
:1042200069786564706F696E742E68006578706F68
:104230006E656E74203C3D203331002F686F6D65D4
:104240002F63792F636F64652F70726F6772616D72
:104250002F4C45445F544553542F44726976657220
:10426000732F74666C6974652D6D6963726F2F743A
:10427000656E736F72666C6F772F6C6974652F6DE6
:104280006963726F2F6B65726E656C732F736F66E7
:10429000746D61785F636F6D6D6F6E2E6363007216
:1042A00061775F6578705F6C757420213D206E7555
:1042B0006C6C707472006F6E655F6F7665725F6FA5
:1042C0006E655F706C75735F785F6C757420213DEF
:1042D000206E756C6C70747200696E7075742D3E12
:1042E00074797065203D3D206B54664C6974654956
:1042F0006E7438207C7C20696E7075742D3E7479E4
:104300007065203D3D206B54664C697465496E7440
:1043100031360025733A2564202573206E6F742092
:104320006E6561722025732028256620213D202599
:10433000662900312E66202F203332373638006F41
:1043400075747075742D3E706172616D732E736338
:10435000616C65002D333237363800312E66202FE0
:10436000203635353336006B54664C697465496EBA
:104370007438002D313238006F75747075742D3EAD
:10438000706172616D732E7363616C65203D3D20B9
:10439000312E66202F20323536006B54664C6974FE
:1043A00065466C6F61743332004E756D496E707581
:1043B0007473286E6F646529004E756D4F75747047
:1043C000757473286E6F646529004E756D44696D50
:1043D000656E73696F6E7328696E70757429203EFF
:1043E0003D2031006E6F64652D3E757365725F64AC
:1043F00061746120213D206E756C6C7074720021B7
:1044000062726F6164636173745F696E7075743139
:10441000207C7C202162726F6164636173745F69C8
:104420006E7075743200626F6F6C2074666C6974A4
:10443000653A3A52656475636544696D656E736982
:104440006F6E73466F7242726F616463617374283A
:10445000636F6E73742052756E74696D6553686115
:104460007065262C20636F6E73742052756E7469AC
:104470006D655368617065262C2073697A655F7479
:104480002A2C2073697A655F742A2C2073697A65F7
:104490005F742A29205B7769746820696E74204DE7
:1044A00041585F44494D203D20363B2073697A6571
:1044B0005F74203D20756E7369676E656420696E58
:1044C000745D002F686F6D652F63792F636F64656E
:1044D0002F70726F6772616D2F4C45445F54455366
:1044E000542F447269766572732F74666C697465B3
:1044F0002D6D6963726F2F74656E736F72666C6F6A
:10450000772F6C6974652F6B65726E656C732F699C
:104510006E7465726E616C2F636F6D6D6F6E2E6859
:10452000002F686F6D652F63792F636F64652F703F
:10453000726F6772616D2F4C45445F544553542F21
:10454000447269766572732F74666C6974652D6D3B
:104550006963726F2F74656E736F72666C6F772FFD
:104560006C6974652F6D6963726F2F6B65726E6510
:104570006C732F6164645F636F6D6D6F6E2E636328
:1045800000696E7075743120213D206E756C6C7001
:10459000747200696E7075743220213D206E756CE6
:1045A0006C707472006B54664C6974654E6F517513
:1045B000616E74697A6174696F6E00696E7075748A
:1045C000312D3E7175616E74697A6174696F6E2EFA
:1045D0007479706500696E707574322D3E71756105
:1045E0006E74697A6174696F6E2E747970650054A7
:1045F000797065202573206E6F7420637572726503
:104600006E746C7920737570706F727465642E00AF
:104610002F686F6D652F63792F636F64652F7072DC
:104620006F6772616D2F4C45445F544553542F445E
:104630007269766572732F74666C6974652D6D6925
:1046400063726F2F74656E736F72666C6F772F6C09
:104650006974652F6D6963726F2F6B65726E656C1F
:10466000732F706F6F6C696E675F636F6D6D6F6EC8
:104670002E6363007363616C655F64696666203CEA
:104680003D20312E30652D3600696E7075742D3EDB
:10469000706172616D732E7A65726F5F706F696E93
:1046A00074203D3D206F75747075742D3E7061727D
:1046B000616D732E7A65726F5F706F696E74002F13
:1046C000686F6D652F63792F636F64652F70726FEC
:1046D0006772616D2F4C45445F544553542F4472AB
:1046E00069766572732F74666C6974652D6D696384
:1046F000726F2F74656E736F72666C6F772F6C6953
:1047000074652F6D6963726F2F6B65726E656C7364
:104710002F6D756C5F636F6D6D6F6E2E63630069D7
:104720006E707574322D3E7479706500696E7075A7
:1047300074312D3E7479706500646174612D3E6939
:104740006E707574315F7A65726F5F706F696E74C9
:1047500000646174612D3E696E707574325F7A65B4
:10476000726F5F706F696E7400646174612D3E6F6B
:1047700075747075745F7A65726F5F706F696E744F
:10478000006F705F706172616D732E696E70757409
:10479000315F6F6666736574006F705F7061726120
:1047A0006D732E696E707574325F6F6666736574B3
:1047B000006F705F706172616D732E6F75747075CC
:1047C000745F6F6666736574002F686F6D652F6325
:1047D000792F636F64652F70726F6772616D2F4CF4
:1047E00045445F544553542F447269766572732F64
:1047F00074666C6974652D6D6963726F2F74656E74
:10480000736F72666C6F772F6C6974652F6D696357
:10481000726F2F6B65726E656C732F726564756352
:10482000655F636F6D6D6F6E2E6363006E6F6465A1
:104830002D3E696E707574732D3E73697A650061E3
:1048400078697320213D206E756C6C707472006BFA
:1048500054664C697465496E7433320061786973CB
:104860002D3E7479706500726573756C74007265A5
:10487000666572656E63655F6F70733A3A4D656128
:104880006E282074666C6974653A3A6D6963726F5C
:104890003A3A47657454656E736F72446174613C53
:1048A000666C6F61743E28696E707574292C20697E
:1048B0006E7075742D3E64696D732D3E6461746114
:1048C0002C20696E7075742D3E64696D732D3E7376
:1048D000697A652C2074666C6974653A3A6D69630F
:1048E000726F3A3A47657454656E736F72446174BF
:1048F000613C666C6F61743E286F757470757429C5
:104900002C206F75747075742D3E64696D732D3E27
:10491000646174612C206F75747075742D3E6469C8
:104920006D732D3E73697A652C2074666C697465AD
:104930003A3A6D6963726F3A3A47657454656E73BB
:104940006F72446174613C696E743E28617869736A
:10495000292C206E756D5F617869732C20706172EF
:10496000616D732D3E6B6565705F64696D732C209E
:1049700074656D705F696E6465782C207265736F05
:104980006C7665645F617869732C2074666C6974F9
:10499000653A3A6D6963726F3A3A47657454656E69
:1049A000736F72446174613C666C6F61743E286F12
:1049B00075747075742929002F686F6D652F637980
:1049C0002F636F64652F70726F6772616D2F4C4536
:1049D000445F544553542F447269766572732F7443
:1049E000666C6974652D6D6963726F2F74656E7383
:1049F0006F72666C6F772F6C6974652F6D69637267
:104A00006F2F6B65726E656C732F7265647563656D
:104A10005F636F6D6D6F6E2E636320437572726599
:104A20006E746C792C206F6E6C7920666C6F61747B
:104A300033322C20696E7438206F7220696E7431A5
:104A40003620696E707574207479706520697320E2
:104A5000737570706F727465642E00556E6B6E6F37
:104A6000776E2074797065004E4F5459504500465A
:104A70004C4F415433320055494E54380053545230
:104A8000494E4700424F4F4C00434F4D504C455804
:104A9000363400464C4F4154363400434F4D504C51
:104AA00045583132380055494E543634005245533A
:104AB0004F555243450056415249414E54005549C5
:104AC0004E5433320055494E54313600494E543419
:104AD0000042464C4F4154313600556E737570702C
:104AE0006F727465642064617461207479706520EC
:104AF000256420696E2074656E736F720A00556EAE
:104B000068616E646C65642066756C6C792D636F8A
:104B10006E6E656374656420776569676874732079
:104B2000666F726D61742E0069203C2073697A652E
:104B3000282900666C6174627566666572733A3A1C
:104B4000566563746F723C542C2053697A65543EE9
:104B50003A3A72657475726E5F7479706520666C2E
:104B60006174627566666572733A3A566563746F0E
:104B7000723C542C2053697A65543E3A3A47657426
:104B80002853697A65542920636F6E7374205B77AC
:104B90006974682054203D20666C61746275666695
:104BA0006572733A3A4F66667365743C74666C69F5
:104BB00074653A3A4275666665723E3B2053697A7F
:104BC0006554203D206C6F6E6720756E7369676E4B
:104BD000656420696E743B2072657475726E5F74D3
:104BE000797065203D20636F6E73742074666C6904
:104BF00074653A3A4275666665722A5D002F686F81
:104C00006D652F63792F636F64652F70726F6772A4
:104C1000616D2F4C45445F544553542F447269765F
:104C20006572732F74666C6974652D6D6963726F3C
:104C30002F74656E736F72666C6F772F6C69746515
:104C40002F6D6963726F2F746F6F6C732F6D616B53
:104C5000652F646F776E6C6F6164732F666C61741F
:104C6000627566666572732F696E636C7564652F15
:104C7000666C6174627566666572732F76656374BF
:104C80006F722E68004D6963726F416C6C6F636167
:104C9000746F723A204D6F64656C20616C6C6F6349
:104CA0006174696F6E2066696E69736865642062FD
:104CB00065666F7265207374617274696E672061D6
:104CC0006C6C6F636174696E67206D6F64656C00F6
:104CD0004D6963726F416C6C6F6361746F723A20DF
:104CE0004D6F64656C20616C6C6F636174696F6E8D
:104CF0002073746172746564206265666F726520EA
:104D000066696E697368696E672070726576696F2F
:104D100075736C7920616C6C6F6361746564206D70
:104D20006F64656C004661696C656420746F206116
:104D30006C6C6F63617465206D656D6F7279206650
:104D40006F72206D6F64656C206D65746164617451
:104D5000612E0053637261746368206275666665D4
:104D6000722072657175657374206578656564730A
:104D7000206C696D697420706572206F7065726156
:104D8000746F72202825642900666C6174627566F0
:104D9000666572733A3A566563746F723C542C20A0
:104DA00053697A65543E3A3A72657475726E5F74EF
:104DB00079706520666C6174627566666572733AB7
:104DC0003A566563746F723C542C2053697A65546B
:104DD0003E3A3A4765742853697A65542920636FCF
:104DE0006E7374205B776974682054203D206C6F6B
:104DF0006E67206C6F6E6720696E743B2053697A12
:104E00006554203D206C6F6E6720756E7369676E08
:104E1000656420696E743B2072657475726E5F7490
:104E2000797065203D206C6F6E67206C6F6E672017
:104E3000696E745D00556E61626C6520746F2061EF
:104E40006C6C6F636174652054664C69746541666F
:104E500066696E655175616E74697A6174696F6EA9
:104E60002E0A00556E61626C6520746F20616C6C57
:104E70006F63617465207175616E74697A617469BC
:104E80006F6E2D3E7A65726F5F706F696E742E0A59
:104E900000666C6174627566666572733A3A56654F
:104EA00063746F723C542C2053697A65543E3A3ACD
:104EB00072657475726E5F7479706520666C61746A
:104EC000627566666572733A3A566563746F723CD2
:104ED000542C2053697A65543E3A3A4765742853F6
:104EE000697A65542920636F6E7374205B776974E7
:104EF000682054203D20666C617462756666657238
:104F0000733A3A4F66667365743C74666C6974658F
:104F10003A3A54656E736F723E3B2053697A65541A
:104F2000203D206C6F6E6720756E7369676E6564D7
:104F300020696E743B2072657475726E5F7479704F
:104F400065203D20636F6E73742074666C697465B0
:104F50003A3A54656E736F722A5D004661696C65FA
:104F60006420746F20616C6C6F636174652076617E
:104F7000726961626C652074656E736F72206F6612
:104F80002073697A6520256400666C6174627566B9
:104F9000666572733A3A566563746F723C542C209E
:104FA00053697A65543E3A3A72657475726E5F74ED
:104FB00079706520666C6174627566666572733AB5
:104FC0003A566563746F723C542C2053697A655469
:104FD0003E3A3A4765742853697A65542920636FCD
:104FE0006E7374205B776974682054203D20666C72
:104FF0006174627566666572733A3A4F6666736588
:10500000743C74666C6974653A3A537562477261B0
:1050100070683E3B2053697A6554203D206C6F6E6A
:105020006720756E7369676E656420696E743B20D6
:1050300072657475726E5F74797065203D20636F60
:105040006E73742074666C6974653A3A537562477E
:10505000726170682A5D004661696C656420746FD6
:1050600020616C6C6F63617465206D656D6F727922
:1050700020666F72206E6F64655F616E645F72653B
:1050800067697374726174696F6E732E004661692B
:105090006C656420746F20616C6C6F636174652053
:1050A0006D656D6F727920666F72207065727369BD
:1050B0007374656E742054664C69746554656E73C0
:1050C0006F72004661696C656420746F20706F7048
:1050D000756C6174652061207065727369737465A5
:1050E0006E742054664C69746554656E736F7220DB
:1050F0007374727563742066726F6D20666C617470
:10510000627566666572206461746121004661693A
:105110006C656420746F20616C6C6F6361746520D2
:1051200074656D702E206D656D6F727920666F727B
:105130002074656E736F722025642C20737562670E
:1051400072617068202564004661696C6564207432
:105150006F20706F70756C61746520612074656D6F
:10516000702054664C69746554656E736F72207359
:1051700074727563742066726F6D20666C61746200
:105180007566666572206461746121004661696CB0
:10519000656420746F20616C6C6F63617465206D51
:1051A000656D6F727920666F7220636F6E746578BB
:1051B000742D3E6576616C5F74656E736F72732CCF
:1051C0002025642062797465732072657175697237
:1051D0006564004661696C656420746F20696E695E
:1051E0007469616C697A652074656E736F722025CD
:1051F00064004E6272206F66206F66666C696E6531
:1052000020627566666572206F66667365747320CA
:105210002825642920696E206D657461646174615C
:10522000206E6F7420657175616C206E62722074DF
:10523000656E736F727320282564290A00666C619D
:1052400074627566666572733A3A566563746F7216
:105250003C542C2053697A65543E3A3A7265747511
:10526000726E5F7479706520666C617462756666D3
:105270006572733A3A566563746F723C542C2053CE
:10528000697A65543E3A3A4765742853697A655499
:105290002920636F6E7374205B77697468205420D3
:1052A0003D206C6F6E6720696E743B2053697A6590
:1052B00054203D206C6F6E6720756E7369676E6554
:1052C0006420696E743B2072657475726E5F7479C8
:1052D0007065203D206C6F6E6720696E745D00669E
:1052E0006C6174627566666572733A3A566563748A
:1052F0006F723C542C2053697A65543E3A3A726579
:105300007475726E5F7479706520666C6174627515
:1053100066666572733A3A566563746F723C542CD4
:105320002053697A65543E3A3A4765742853697A3E
:1053300065542920636F6E7374205B7769746820ED
:1053400054203D20666C6174627566666572733ABE
:105350003A4F66667365743C74666C6974653A3A74
:105360004F70657261746F723E3B2053697A655469
:10537000203D206C6F6E6720756E7369676E656483
:1053800020696E743B2072657475726E5F747970FB
:1053900065203D20636F6E73742074666C6974655C
:1053A0003A3A4F70657261746F722A5D00466169A6
:1053B0006C656420746F20616C6C6F636174652030
:1053C0006D656D6F727920666F72206D656D6F729D
:1053D0007920706C616E6E696E672C202564206286
:1053E0007974657320726571756972656400446FC4
:1053F0006573206E6F7420737570706F727420699E
:105400006E7465726D6564696174652074656E7330
:105410006F722077697468206E6F6E2D7A65726F77
:105420002073697A653A20256400666C6174627540
:1054300066666572733A3A566563746F723C542CB3
:105440002053697A65543E3A3A72657475726E5F9C
:105450007479706520666C617462756666657273D6
:105460003A3A566563746F723C542C2053697A65DE
:10547000543E3A3A4765742853697A655429206343
:105480006F6E7374205B776974682054203D2066CA
:105490006C6174627566666572733A3A4F666673DC
:1054A00065743C74666C6974653A3A4F70657261F4
:1054B000746F72436F64653E3B2053697A65542074
:1054C0003D206C6F6E6720756E7369676E65642032
:1054D000696E743B2072657475726E5F7479706565
:1054E000203D20636F6E73742074666C6974653A36
:1054F0003A4F70657261746F72436F64652A5D0024
:10550000496E70757420696E646578202564206F1B
:105510007574206F662072616E676520286C656EF9
:1055200067746820697320256429004F757470754D
:105530007420696E646578202564206F7574206F0F
:10554000662072616E676520286C656E67746820DE
:10555000697320256429004D697373696E67207231
:105560006567697374726174696F6E20666F72200B
:105570006F70636F64655F696E6465782025640A87
:10558000004661696C656420746F206765742072E1
:105590006567697374726174696F6E2066726F6D8E
:1055A000206F7020636F64652025730A2000536BA1
:1055B000697070696E67206F7020666F72206F70FF
:1055C000636F64655F696E6465782025640A0055C1
:1055D0006E737570706F7274656420626568617651
:1055E000696F723A20666F756E64206275696C74BB
:1055F000696E206F70657261746F722025732077F9
:1056000069746820637573746F6D206F7074696F4F
:105610006E732E0A00446964206E6F742066696E92
:105620006420612070617273657220666F7220253C
:1056300073004661696C6564207374617274696E8D
:1056400067206D6F64656C20616C6C6F6361746959
:105650006F6E2E0A004661696C656420746F20616C
:105660006C6C6F63617465206D656D6F7279206617
:105670006F7220636F6E746578742D3E696E7075FD
:10568000745F74656E736F72735F2C202564206283
:10569000797465732072657175697265640046611D
:1056A000696C656420746F20696E697469616C69E6
:1056B0007A6520696E7075742074656E736F7220E0
:1056C0002564004661696C656420746F20616C6CB0
:1056D0006F63617465206D656D6F727920666F729E
:1056E00020636F6E746578742D3E6F757470757479
:1056F0005F74656E736F72735F2C2025642062790E
:1057000074657320726571756972656400466169BC
:105710006C656420746F20696E697469616C697A64
:1057200065206F75747075742074656E736F722068
:10573000256400496E766F6B6528292063616C6C67
:10574000656420616674657220696E697469616C54
:10575000697A6174696F6E206661696C65640A00BC
:10576000415645524147455F504F4F4C5F324400D0
:10577000434F4E434154454E4154494F4E004445DA
:10578000505448574953455F434F4E565F3244008B
:1057900044455054485F544F5F5350414345004483
:1057A000455155414E54495A4500454D42454444A2
:1057B000494E475F4C4F4F4B55500046554C4C5946
:1057C0005F434F4E4E45435445440048415348546F
:1057D00041424C455F4C4F4F4B5550004C325F4E51
:1057E0004F524D414C495A4154494F4E004C325F43
:1057F000504F4F4C5F3244004C4F43414C5F524539
:1058000053504F4E53455F4E4F524D414C495A41B4
:1058100054494F4E004C53485F50524F4A454354F1
:10582000494F4E004D41585F504F4F4C5F3244003E
:1058300052454C555F4E315F544F5F310052454CDD
:10584000553600524553495A455F42494C494E45E9
:1058500041520053504143455F544F5F44455054BB
:1058600048005356444600434F4E4341545F454D14
:1058700042454444494E475300534B49505F4752B9
:10588000414D00435553544F4D00454D424544440E
:10589000494E475F4C4F4F4B55505F535041525309
:1058A0004500554E49444952454354494F4E414C99
:1058B0005F53455155454E43455F524E4E00424160
:1058C0005443485F544F5F53504143455F4E44003B
:1058D00053504143455F544F5F42415443485F4EEC
:1058E00044004D45414E00535542005351554545E6
:1058F0005A4500554E49444952454354494F4E413B
:105900004C5F53455155454E43455F4C53544D00F4
:10591000535452494445445F534C4943450042491E
:10592000444952454354494F4E414C5F53455155AC
:10593000454E43455F524E4E0045585000544F501F
:105940004B5F56320053504C4954004C4F475F5305
:105950004F46544D41580044454C4547415445003D
:105960004249444952454354494F4E414C5F534587
:105970005155454E43455F4C53544D005052454C94
:1059800055004152475F4D4158004C455353004E1E
:105990004547005041445632004752454154455214
:1059A00000475245415445525F455155414C004CCA
:1059B0004553535F455155414C0053494E00545295
:1059C000414E53504F53455F434F4E560053504145
:1059D0005253455F544F5F44454E53450054494C24
:1059E0004500455850414E445F44494D53004E4F89
:1059F000545F455155414C00504F57004152475F4D
:105A00004D494E0046414B455F5155414E54005261
:105A100045445543455F50524F4400524544554319
:105A2000455F4D4158004C4F474943414C5F4F52F1
:105A3000004F4E455F484F54004C4F474943414C3F
:105A40005F414E44004C4F474943414C5F4E4F54D9
:105A500000554E5041434B005245445543455F4D20
:105A6000494E00464C4F4F525F4449560052454400
:105A70005543455F414E5900535155415245005AD7
:105A800045524F535F4C494B450046494C4C0046EC
:105A90004C4F4F525F4D4F440052414E47450052CC
:105AA0004553495A455F4E4541524553545F4E4513
:105AB000494748424F52004C45414B595F52454C73
:105AC0005500535155415245445F4449464645525D
:105AD000454E4345004D4952524F525F504144009C
:105AE00053504C49545F5600554E4951554500435B
:105AF00045494C00524556455253455F5632004188
:105B000044445F4E004741544845525F4E44004371
:105B10004F530057484552450052414E4B005245A5
:105B200056455253455F53455155454E4345004DEB
:105B300041545249585F44494147004D41545249EC
:105B4000585F5345545F4449414700524F554E44B6
:105B500000484152445F5357495348004946004E5C
:105B60004F4E5F4D41585F53555050524553534926
:105B70004F4E5F5634004E4F4E5F4D41585F535568
:105B8000505052455353494F4E5F56350053434191
:105B9000545445525F4E440053454C4543545F5660
:105BA000320044454E534946590042415443485FF0
:105BB0004D41544D554C00504C414345484F4C4489
:105BC00045525F464F525F475245415445525F4FE1
:105BD000505F434F4445530043554D53554D00438B
:105BE000414C4C5F4F4E43450042524F414443416C
:105BF00053545F544F0052464654324400434F4E74
:105C0000565F334400494D4147005245414C0043E3
:105C10004F4D504C45585F41425300484153485402
:105C200041424C4500484153485441424C455F462F
:105C3000494E4400484153485441424C455F494D08
:105C4000504F525400484153485441424C455F53D1
:105C5000495A45005245445543455F414C4C004329
:105C60004F4E565F33445F5452414E53504F53454D
:105C7000005641525F48414E444C45005245414414
:105C80005F5641524941424C450041535349474EAA
:105C90005F5641524941424C450042524F414443B4
:105CA0004153545F415247530052414E444F4D5F60
:105CB0005354414E444152445F4E4F524D414C006B
:105CC0004255434B4554495A450052414E444F4D6D
:105CD0005F554E49464F524D004D554C54494E4F1D
:105CE0004D49414C0047454C550052454C555F309D
:105CF0005F544F5F3100554E534F525445445F53EC
:105D000045474D454E545F50524F4400554E534FFA
:105D1000525445445F5345474D454E545F4D41589D
:105D200000554E534F525445445F5345474D454EE1
:105D3000545F53554D004154414E3200554E534F20
:105D4000525445445F5345474D454E545F4D494E6F
:105D5000005349474E00424954434153540042497D
:105D600054574953455F584F520052494748545F72
:105D7000534849465400535441424C45484C4F5FA8
:105D80004C4F47495354494300535441424C4548B2
:105D90004C4F5F41444400535441424C45484C4FA2
:105DA0005F44495649444500535441424C45484C90
:105DB0004F5F4D554C5449504C5900535441424C3F
:105DC00045484C4F5F4D4158494D554D0053544146
:105DD000424C45484C4F5F52455348415045005353
:105DE0005441424C45484C4F5F434C414D50005349
:105DF0005441424C45484C4F5F434F4E43415445FC
:105E00004E41544500535441424C45484C4F5F422B
:105E1000524F4144434153545F494E5F44494D0002
:105E2000535441424C45484C4F5F434F4E564F4CA4
:105E30005554494F4E00535441424C45484C4F5FD6
:105E4000534C49434500535441424C45484C4F5FE5
:105E5000435553544F4D5F43414C4C0053544142C2
:105E60004C45484C4F5F52454455434500535441BF
:105E7000424C45484C4F5F41425300535441424CC1
:105E800045484C4F5F414E4400535441424C4548B5
:105E90004C4F5F434F53494E4500535441424C458C
:105EA000484C4F5F4558504F4E454E5449414C0069
:105EB000535441424C45484C4F5F464C4F4F520063
:105EC000535441424C45484C4F5F4C4F470053544C
:105ED00041424C45484C4F5F4D494E494D554D0050
:105EE000535441424C45484C4F5F4E454741544501
:105EF00000535441424C45484C4F5F4F520053545D
:105F000041424C45484C4F5F504F57455200535407
:105F100041424C45484C4F5F52454D41494E4445E6
:105F20005200535441424C45484C4F5F52535152DA
:105F30005400535441424C45484C4F5F53454C45E7
:105F4000435400535441424C45484C4F5F535542D3
:105F5000545241435400535441424C45484C4F5FC6
:105F600054414E4800535441424C45484C4F5F53B6
:105F700043415454455200535441424C45484C4FC0
:105F80005F434F4D5041524500535441424C4548A8
:105F90004C4F5F434F4E5645525400535441424C70
:105FA00045484C4F5F44594E414D49435F534C491E
:105FB000434500535441424C45484C4F5F44594E71
:105FC000414D49435F5550444154455F534C49430B
:105FD0004500535441424C45484C4F5F50414400AA
:105FE000535441424C45484C4F5F494F5441005334
:105FF0005441424C45484C4F5F444F545F47454ED7
:106000004552414C00535441424C45484C4F5F521D
:1060100045445543455F57494E444F5700535441FB
:10602000424C45484C4F5F534F52540053544142E9
:106030004C45484C4F5F5748494C450053544142EA
:106040004C45484C4F5F47415448455200535441DA
:10605000424C45484C4F5F5452414E53504F53456C
:106060000044494C41544500535441424C45484C2E
:106070004F5F524E475F4249545F47454E4552413C
:10608000544F5200535441424C45484C4F5F434F8C
:106090004D504F5349544500535441424C45484C90
:1060A0004F5F53484946545F4C4546540053544152
:1060B000424C45484C4F5F43425254005354414276
:1060C0004C45484C4F5F43415345000D0A002F6833
:1060D0006F6D652F63792F636F64652F70726F67C3
:1060E00072616D2F4C45445F544553542F4472697F
:1060F000766572732F74666C6974652D6D69637251
:106100006F2F74656E736F72666C6F772F6C697426
:10611000652F6B65726E656C732F6B65726E656C47
:106120005F7574696C2E6363006E6F5F696E746572
:106130006765725F6F766572666C6F775F66726FA8
:106140006D5F7175616E74697A6174696F6E0069F3
:106150006E7075745F70726F647563745F73636182
:106160006C65203E3D2030007363616C655F64693F
:106170006666202F206F75747075745F7363616C31
:1061800065203C3D20302E30320066616C73650026
:10619000696E7075742D3E7175616E74697A617483
:1061A000696F6E2E7479706500616666696E655FF1
:1061B0007175616E74697A6174696F6E0066696C7D
:1061C0007465722D3E74797065203D3D206B546678
:1061D0004C697465496E7438207C7C2066696C74E7
:1061E00065722D3E74797065203D3D206B54664C80
:1061F000697465496E7434006E756D5F6368616EB5
:106200006E656C73007175616E74697A65645F6D3B
:10621000756C7469706C696572203E3D2030006950
:106220006E7433325F742074666C6974653A3A4DEB
:10623000756C7469706C7942795175616E74697AA4
:1062400065644D756C7469706C69657228696E74EB
:1062500036345F742C20696E7433325F742C20697D
:106260006E7429002F686F6D652F63792F636F64DB
:10627000652F70726F6772616D2F4C45445F544596
:1062800053542F447269766572732F74666C697407
:10629000652D6D6963726F2F74656E736F72666CB6
:1062A0006F772F6C6974652F6B65726E656C732FD9
:1062B000696E7465726E616C2F636F6D6D6F6E2E9B
:1062C0006363007368696674203E3D202D3331207E
:1062D0002626207368696674203C20380078203EAA
:1062E0003D202D287374617469635F636173743C2E
:1062F000696E7436345F743E283129203C3C20346A
:1063000037292026262078203C2028737461746960
:10631000635F636173743C696E7436345F743E28E6
:106320003129203C3C2034372900546F6F206D61A7
:106330006E79206275666665727320286D617820BB
:106340006973202564290062756666657220696E2E
:10635000646578202564206973206F75747369649F
:10636000652072616E6765203020746F202564009F
:106370002563202869643D2564293A2073697A657C
:106380003D25642C206F66667365743D25642C2062
:1063900066697273745F757365643D2564206C6112
:1063A00073745F757365643D2564002534643A2019
:1063B0002573202825646B2900496E7465726E610F
:1063C0006C206572726F723A20656974686572201C
:1063D000627566666572206973206E6F74207265DF
:1063E00073697A61626C65206F722052657365749F
:1063F00054656D70416C6C6F636174696F6E732866
:1064000029206973206E6F742063616C6C65642051
:106410006265666F726520526573697A654275665A
:1064200066657228292E004661696C656420746F68
:1064300020726573697A65206275666665722E20C2
:106440005265717565737465643A2025752C2061F9
:106450007661696C61626C652025752C206D6973AD
:1064600073696E673A202575004661696C65642022
:10647000746F20616C6C6F636174652074656D70FE
:10648000206D656D6F72792E20526571756573741C
:1064900065643A2025752C20617661696C61626CB7
:1064A000652025752C206D697373696E673A202508
:1064B00075004E756D626572206F6620616C6C6F41
:1064C00063617465642074656D70206275666665CD
:1064D00072733A2025642E20436865636B73756D73
:1064E0002070617373696E67207374617475733A99
:1064F00020256400416C6C2074656D7020627566A7
:1065000066657273206D75737420626520667265AE
:106510006564206265666F72652063616C6C696E8C
:106520006720526573657454656D70416C6C6F6360
:106530006174696F6E732829004661696C65642017
:10654000746F20616C6C6F63617465207461696C39
:10655000206D656D6F72792E20526571756573744B
:1065600065643A2025752C20617661696C61626CE6
:10657000652025752C206D697373696E673A202537
:1065800075004E6F646520257320286E756D6265F9
:10659000722025646629206661696C656420746FC9
:1065A00020707265706172652077697468207374F9
:1065B0006174757320256400416363657373696E4C
:1065C0006720737562677261706820256420627548
:1065D00074206F6E6C792025642073756267726118
:1065E00070687320666F756E64004E6F6465202559
:1065F0007320286E756D626572202564292066619E
:10660000696C656420746F20696E766F6B652077A6
:106610006974682073746174757320256400417413
:1066200074656D7074696E6720746F207365742073
:1066300065787465726E616C20636F6E74657874D2
:1066400020746F202578206275742069742077612A
:106650007320257820616C7265616479004F702029
:106660006275696C74696E5F636F6465206F7574C1
:10667000206F662072616E67653A2025642E0044A3
:1066800069646E27742066696E64206F7020666F7F
:1066900072206275696C74696E206F70636F6465D7
:1066A0002027257327004F70657261746F72207701
:1066B00069746820435553544F4D206275696C745A
:1066C000696E5F636F646520686173206E6F20631D
:1066D0007573746F6D5F636F64652E0A002C20669E
:1066E000756E6374696F6E3A2000617373657274BE
:1066F000696F6E2022257322206661696C65643A99
:106700002066696C6520222573222C206C696E65D9
:10671000202564257325730A00232D302B20006863
:106720006C4C00656667454647003031323334357E
:1067300036373839414243444546003031323334EC
:1067400035363738396162636465660000000000E1
:1067500000000000D51000083710000807100008DE
:106760000510000805100008DE340208F2340208A3
:10677000083502081A350208303502084235020889
:106780005635020865350208A0860100400D030059
:10679000801A060000350C0040420F0080841E0065
:1067A00000093D0000127A000024F40000366E015A
:1067B0000048E801006CDC0200000000000000005E
:1067C00000000000000000000000000001020304BF
:1067D0000000000000000000010203040607080991
:1067E000010002000400060008000A000C0010006E
:1067F0002000400080000001008000400048004070
:1068000000080242000402420000024280008000B0
:106810000002000000000000020000000100000073
:106820000000000000000000020000000100000065
:106830000000000000000000020000000100000055
:10684000000000000080AB825585FD87A58A498D38
:10685000EB8F89922495B9974A9AD59C5A9FD8A1D3
:1068600050A4C0A628A988ABDFAD2EB073B2AFB4D8
:10687000E1B609B927BB3BBD44BF43C137C320C5FF
:10688000FEC6D1C899CA57CC09CEB1CF4DD1DFD2FF
:1068900066D4E3D555D7BDD81ADA6EDBB7DCF7DDA1
:1068A0002DDF59E07CE197E2A8E3B0E4B0E5A8E68B
:1068B00098E77FE85FE937EA08EBD2EB95EC51ED1A
:1068C00007EEB6EE5FEF01F09FF036F1C8F154F23B
:1068D000DCF25EF3DCF355F4CAF43AF5A6F50EF6F5
:1068E00072F6D2F62FF788F7DEF730F87FF8CBF89C
:1068F00015F95BF99FF9E0F91EFA5AFA94FACCFA05
:1069000001FB34FB65FB95FBC2FBEEFB18FC40FC76
:1069100066FC8CFCAFFCD1FCF2FC12FD30FD4DFDA1
:1069200069FD84FD9EFDB6FDCEFDE5FDFBFD0FFE80
:1069300024FE37FE49FE5BFE6CFE7DFE8CFE9BFE58
:10694000AAFEB8FEC5FED2FEDEFEEAFEF5FE00FFA0
:106950000BFF15FF1EFF27FF30FF39FF41FF48FFE8
:1069600050FF57FF5EFF65FF6BFF71FF77FF7CFFF6
:1069700082FF87FF8CFF91FF95FF99FF9EFFA2FF8B
:10698000A5FFA9FFADFFB0FFB3FFB6FFB9FFBCFF86
:10699000BFFFC2FFC4FFC7FFC9FFCBFFCDFFD0FFC2
:1069A000D1FFD3FFD5FFD7FFD9FFDAFFDCFFDDFF33
:1069B000DFFFE0FFE1FFE3FFE4FFE5FFE6FFE7FFC6
:1069C000E8FFE9FFEAFFEBFFECFFEDFFEDFFEEFF75
:1069D000EFFFF0FFF0FFF1FFF2FFF2FFF3FFF3FF35
:1069E000F4FFF4FFF5FFF5FFF6FFF6FFF6FFF7FF04
:1069F000F7FFF8FFF8FFF8FFF9FFF9FFF9FFF9FFDC
:106A0000FAFFFAFFFAFFFAFFFBFFFBFFFBFFFBFFBA
:106A1000FBFFFCFFFCFFFCFFFCFFFCFFFCFFFDFF9E
:106A2000FDFFFDFFFDFFFDFFFDFFFDFFFDFFFEFF85
:106A3000FEFFFEFFFEFFFEFFFEFFFEFFFEFFFEFF6E
:106A4000FEFFFFFF0000000000000000000000004B
:106A50000100000000000000000000000000000035
:106A6000000000000100000000000000684A020869
:106A70006F4A0208BF4A0208774A0208A74A02087A
:106A80007D4A0208844A0208C64A0208894A020866
:106A9000784A0208D24A0208934A02089B4A02082E
:106AA000A64A0208AD4A0208B64A0208BE4A0208CF
:106AB000C54A0208CC4A0208D14A02080000000078
:106AC00000000000D9BF000851C000081BB9000831
:106AD000EDB80008F5B80008FDB8000805B90008D1
:106AE000E3B80008E1B80008E1B8000881BF000879
:106AF000E1C20008E5BE00080DB900088FC2000819
:106B0000D5C000085FB900080000000000000000C8
:106B1000D7B80008DFB8000819B9000819B900088B
:106B2000000000004F66666C696E654D656D6F72A2
:106B300079416C6C6F636174696F6E00935D0208DC
:106B40006057020870570208885702087E570208EB
:106B5000905702089F570208AA570208BA5E020817
:106B6000BB570208CB570208DC570208ED57020852
:106B7000F8570208805D0208155802087759020884
:106B800024580208B35B02087D59020830580208F5
:106B90003D580208D75D02084358020835590208DB
:106BA0004F5902085358020862580208605F0208F1
:106BB0006758020879580208575E0208835802088D
:106BC0008A580208DC5F0208A258020846600208E0
:106BD000BE580208D0580208675C0208E258020852
:106BE000E7580208695A0208EB580208F3580208ED
:106BF000105902081E590208395902083D59020865
:106C0000455902084B5902085759020860590208B1
:106C1000595D02087C590208C55D020882590208C4
:106C2000D85E02088A5902088F590208935902084F
:106C300099590208A1590208AF5902083C5F02089D
:106C4000AD5F0208BA590208BE590208CD590208C0
:106C5000DD590208E2590208A9590208EE59020852
:106C6000CA5E0208DB5B02082D5F02082C5F020887
:106C7000D95D0208F8590208FC590208045A0208B2
:106C80000F5A02081B5A0208535A0208265A0208D1
:106C9000315A0208395A0208455A0208515A020864
:106CA000585A0208635A02086D5A0208785A0208B4
:106CB0007F5A02088A5A02088F5A0208995A020813
:106CC0009F5A0208B75A0208C25A0208D55A020847
:106CD000775E0208E05A0208E85A0208EF5A0208F2
:106CE000F45A0208FF5A0208055B02080F5B02080B
:106CF000135B0208195B0208E65C02081E5B0208CF
:106D00002F5B0208A15702083B5B02084B5B02089D
:106D1000515B02085C5B0208366002085F5B020898
:106D2000765B02088D5B0208985B0208A25B020892
:106D30002A5D0208AA5B0208B75B0208D85B02085A
:106D4000DF5B0208E95B0208F65B0208FD5B0208F4
:106D5000055C02080A5C02080F5C02081B5C020862
:106D6000255C0208345C0208455C0208545C020899
:106D70005F5C0208715C02087C5C02088A5C0208A5
:106D80009A5C0208A95C0208C05C0208CA5C02089E
:106D9000D95C0208E55C0208BD5F0208EA5C0208F3
:106DA000F65C02080C5D0208215D0208365D0208EF
:106DB0003C5D0208515D0208565D02085E5D0208F6
:106DC0006A5D0208765D0208895D0208975D020827
:106DD000A85D0208BB5D0208CD5D0208DF5D020808
:106DE000EF5D0208055E0208205E0208365E0208BA
:106DF000465E02085C5E02086D5E02087B5E020869
:106E0000895E02089A5E0208B05E0208C05E02084F
:106E1000CE5E0208E05E0208F15E0208FE5E020835
:106E20000E5F0208225F0208325F0208435F020819
:106E3000565F0208655F0208775F0208895F0208F3
:106E40009B5F0208B35F0208D25F0208E05F02089E
:106E5000EF5F0208056002081D6002082C6002084E
:106E60003C6002084D600208616002086860020828
:106E70000F6002088460020898600208AD60020892
:106E8000BC600208000000000000000000000000DC
:106E900077DC000877DC000889DC000869DC000882
:106EA00079DC000881DC0008BDDC00086DDC00082E
:106EB00073DC000871DC0008000000000000000026
:106EC0005BDD00085BDD00087DDD00085DDD00089E
:106ED000C3DF000879DD000835E1000827DD000880
:106EE000FDDC0008FDDF00080000000000000000DD
:106EF00069E1000869E100085DE200087DE1000841
:106F000099E20008BDE20008AFE1000805E20008D0
:106F10006BE100088BE10008DFE100088FE1000869
:106F200019E30008E1E200089FE10008FCFFFFFF11
:106F30000000000033E3000837E3000811E3000815
:106F4000A7E100080000000000000000DDE30008E9
:106F5000DDE30008B5E5000809E80008A9E7000836
:106F600023E80008D9E7000895E50008D9E3000800
:106F7000DFE3000815E5000845E400089DE400088B
:106F8000A1E60008000000000000000047E800083B
:106F900047E800088BE80008E7E80008A3E80008D5
:106FA00049E8000865E80008B7E80008CFE80008ED
:106FB0006DE8000805E900083FE8000843E800081C
:106FC00081E8000887E800080000000000000000D9
:106FD00011EA000811EA000813EA000800000000A6
:106FE0000000803FC70F493BB1FF7F3F890FC93B7E
:106FF000C4FE7F3F59CB163C39FD7F3F900E493C84
:1070000011FB7F3F4B517B3C4AF87F3FB6C9963C12
:10701000E6F47F3F69EAAF3CE3F07F3FB00AC93C4A
:1070200043EC7F3F7B2AE23C05E77F3FB949FB3CCD
:1070300029E17F3F2F340A3DAFDA7F3F2CC3163D55
:1070400098D37F3FCC51233DE2CB7F3F07E02F3DDC
:107050008FC37F3FD56D3C3D9EBA7F3F2FFB483DA0
:107060000FB17F3F0E88553DE3A67F3F6814623D18
:10707000189C7F3F38A06E3DB1907F3F742B7B3DC5
:10708000AB847F3F0ADB833D08787F3F0A208A3D3F
:10709000C76A7F3FB464903DE95C7F3F05A9963D98
:1070A0006D4E7F3FF9EC9C3D543F7F3F8C30A33DBC
:1070B0009D2F7F3FBA73A93D491F7F3F80B6AF3DEB
:1070C000580E7F3FDAF8B53DC9FC7E3FC33ABC3D60
:1070D0009DEA7E3F397CC23DD4D77E3F36BDC83D58
:1070E0006DC47E3FB7FDCE3D69B07E3FB93DD53D15
:1070F000C99B7E3F377DDB3D8B867E3F2EBCE13DCD
:10710000B0707E3F9AFAE73D385A7E3F7638EE3DC2
:1071100023437E3FC075F43D722B7E3F73B2FA3D30
:1071200024137E3F4577003E38FA7D3F0295033EAB
:10713000B1E07D3F6EB2063E8CC67D3F86CF093EF4
:10714000CCAB7D3F4AEC0C3E6E907D3FB708103EC5
:1071500074747D3FCA24133EDE577D3F8340163E44
:10716000AC3A7D3FE05B193EDD1C7D3FDE761C3E88
:1071700073FE7C3F7B911F3E6CDF7C3FB6AB223EB3
:10718000C9BF7C3F8CC5253E8A9F7C3FFCDE283EE4
:10719000B07E7C3F04F82B3E3A5D7C3FA2102F3E30
:1071A000283B7C3FD428323E7A187C3F9840353EBD
:1071B00031F57B3FEC57383E4DD17B3FCF6E3B3EA8
:1071C000CDAC7B3F3E853E3EB2877B3F379B413E09
:1071D000FC617B3FB9B0443EAB3B7B3FC2C5473E01
:1071E000BE147B3F4FDA4A3E37ED7A3F60EE4D3EAC
:1071F00016C57A3FF101513E599C7A3F0115543E24
:1072000002737A3F8F27573E10497A3F97395A3E8B
:10721000841E7A3F1A4B5D3E5EF3793F135C603EFD
:107220009DC7793F836C633E439B793F667C663E96
:107230004E6E793FBA8B693EC040793F7F9A6C3E73
:107240009812793FB2A86F3ED6E3783F51B6723EAE
:107250007BB4783F5AC3753E8684783FCCCF783E66
:10726000F853783FA4DB7B3ED122783FE1E67E3EB7
:1072700010F1773FC0F8803EB7BE773FC07D823EB9
:10728000C58B773F7002843E3A58773FCE86853E65
:107290001724773FDA0A873E5BEF763F938E883E6E
:1072A00007BA763FF8118A3E1B84763F07958B3EDE
:1072B000974D763FC0178D3E7A16763F229A8E3EC6
:1072C000C6DE753F2C1C903E7BA6753FDD9D913E32
:1072D000976D753F351F933E1D34753F31A0943E29
:1072E0000BFA743FD220963E62BF743F17A1973EBF
:1072F0002284743FFE20993E4B48743F86A09A3EFC
:10730000DD0B743FAF1F9C3ED9CE733F789E9D3EF0
:107310003F91733FDF1C9F3E0E53733FE59AA03EA3
:107320004714733F8718A23EEBD4723FC595A33E26
:10733000F894723F9F12A53E7054723F128FA63E82
:107340005213723F1F0BA83E9FD1713FC486A93EC6
:10735000578F713F0102AB3E7A4C713FD47CAC3EFB
:107360000809713F3CF7AD3E02C5703F3A71AF3E30
:107370006680703FCBEAB03E373B703FEF63B23E72
:1073800073F56F3FA5DCB33E1BAF6F3FEC54B53ECA
:1073900030686F3FC3CCB63EB0206F3F2A44B83E42
:1073A0009ED86E3F1EBBB93EF88F6E3FA031BB3EEC
:1073B000BE466E3FAFA7BC3EF2FC6D3F4A1DBE3ECF
:1073C00093B26D3F6F92BF3EA1676D3F1E07C13EF6
:1073D0001D1C6D3F557BC23E07D06C3F15EFC33E71
:1073E0005E836C3F5C62C53E24366C3F29D5C63E49
:1073F00058E86B3F7C47C83EFB996B3F53B9C93E89
:107400000C4B6B3FAE2ACB3E8CFB6A3F8B9BCC3E3A
:107410007BAB6A3FEA0BCE3ED95A6A3FCA7BCF3E6E
:10742000A7096A3F2AEBD03EE4B7693F095AD23E2A
:107430009165693F67C8D33EAE12693F4136D53E7C
:107440003CBF683F99A3D63E396B683F6B10D83E6E
:10745000A816683FB97CD93E87C1673F80E8DA3E0D
:10746000D86B673FC153DC3E9915673F79BEDD3E5F
:10747000CCBE663FA928DF3E7167663F4F92E03E73
:10748000880F663F6AFBE13E10B7653FFA63E33E53
:107490000B5E653FFECBE43E7904653F7533E63E07
:1074A00059AA643F5D9AE73EAC4F643FB700E93E9E
:1074B00073F4633F8166EA3EAC98633FBBCBEB3E1F
:1074C0005A3C633F6330ED3E7BDF623F7994EE3E92
:1074D0001082623FFBF7EF3E1A24623FEA5AF13E08
:1074E00098C5613F43BDF23E8A66613F071FF43E87
:1074F000F206613F3580F53ECFA6603FCBE0F63E19
:107500002146603FC840F83EE9E45F3F2DA0F93EC8
:1075100027835F3FF7FEFA3EDB205F3F275DFC3E9F
:1075200005BE5E3FBBBAFD3EA65A5E3FB217FF3EA8
:10753000BEF65D3F063A003F4D925D3FE4E7003FF7
:10754000532D5D3F7395013FD1C75C3FB142023F70
:10755000C7615C3F9FEF023F34FB5B3F3D9C033FB5
:107560001A945B3F8948043F792C5B3F84F4043FC5
:1075700050C45A3F2CA0053FA05B5A3F824B063FA8
:107580006AF2593F86F6063FAD88593F36A1073F5C
:107590006A1E593F924B083FA1B3583F9BF5083FE5
:1075A0005348583F4E9F093F7FDC573FAD480A3F45
:1075B0002670573FB7F10A3F4803573F6B9A0B3F7E
:1075C000E595563FC9420C3FFE27563FD0EA0C3F97
:1075D00093B9553F81920D3FA44A553FDA390E3F8A
:1075E00031DB543FDBE00E3F3B6B543F84870F3F62
:1075F000C3FA533FD52D103FC789533FCDD3103F1A
:107600004918533F6B79113F49A6523FB01E123FB4
:10761000C633523F9AC3123FC2C0513F2A68133F3C
:107620003D4D513F5F0C143F37D9503F39B0143FA7
:10763000AF64503FB753153FA8EF4F3FD9F6153F02
:107640001F7A4F3F9F99163F17044F3F073C173F44
:10765000908D4E3F12DE173F89164E3FC07F183F78
:10766000029F4D3F0F21193FFD264D3F00C2193F9C
:1076700079AE4C3F93621A3F78354C3FC6021B3FB0
:10768000F8BB4B3F99A21B3FFA414B3F0C421C3FBA
:107690007FC74A3F1FE11C3F874C4A3FD17F1D3FB8
:1076A00012D1493F221E1E3F2155493F12BC1E3FA9
:1076B000B3D8483F9F591F3FCA5B483FCBF61F3F97
:1076C00065DE473F9393203F8560473FF92F213F79
:1076D0002AE2463FFBCB213F5463463F9967223F56
:1076E00003E4453FD302233F3964453FA99D233F2F
:1076F000F5E3443F1A38243F3763443F25D2243F03
:1077000000E2433FCB6B253F5160433F0A05263FD4
:1077100029DE423FE39D263F895B423F5636273FA5
:1077200070D8413F61CE273FE154413F0566283F75
:10773000DAD0403F41FD283F5C4C403F1594293F43
:1077400067C73F3F802A2A3FFC413F3F82C02A3F14
:107750001BBC3E3F1B562B3FC5353E3F4AEB2B3FE4
:10776000F9AE3D3F0F802C3FB8273D3F69142D3FB8
:1077700003A03C3F59A82D3FD9173C3FDE3B2E3F8D
:107780003B8F3B3FF7CE2E3F29063B3FA5612F3F66
:10779000A47C3A3FE6F32F3FACF2393FBB85303F44
:1077A0004268393F2217313F65DD383F1DA8313F20
:1077B0001652383FAA38323F55C6373FC9C8323F04
:1077C000233A373F7A58333F7FAD363FBCE7333FEC
:1077D0006C20363F8F76343FE792353FF304353FD8
:1077E000F304353FE792353F8F76343F6C20363FC8
:1077F000BCE7333F7FAD363F7A58333F233A373FBC
:10780000C9C8323F55C6373FAA38323F1652383FB3
:107810001DA8313F65DD383F2217313F4268393FAF
:10782000BB85303FACF2393FE6F32F3FA47C3A3FB3
:10783000A5612F3F29063B3FF7CE2E3F3B8F3B3FB5
:10784000DE3B2E3FD9173C3F59A82D3F03A03C3FBC
:1078500069142D3FB8273D3F0F802C3FF9AE3D3FC7
:107860004AEB2B3FC5353E3F1B562B3F1BBC3E3FD3
:1078700082C02A3FFC413F3F802A2A3F67C73F3FE3
:107880001594293F5C4C403F41FD283FDAD0403FF2
:107890000566283FE154413F61CE273F70D8413F04
:1078A0005636273F895B423FE39D263F29DE423F14
:1078B0000A05263F5160433FCB6B253F00E2433F23
:1078C00025D2243F3763443F1A38243FF5E3443F31
:1078D000A99D233F3964453FD302233F03E4453F3D
:1078E0009967223F5463463FFBCB213F2AE2463F44
:1078F000F92F213F8560473F9393203F65DE473F47
:10790000CBF61F3FCA5B483F9F591F3FB3D8483F44
:1079100012BC1E3F2155493F221E1E3F12D1493F36
:10792000D17F1D3F874C4A3F1FE11C3F7FC74A3F25
:107930000C421C3FFA414B3F99A21B3FF8BB4B3F07
:10794000C6021B3F78354C3F93621A3F79AE4C3FDD
:1079500000C2193FFD264D3F0F21193F029F4D3FA9
:10796000C07F183F89164E3F12DE173F908D4E3F65
:10797000073C173F17044F3F9F99163F1F7A4F3F11
:10798000D9F6153FA8EF4F3FB753153FAF64503FAF
:1079900039B0143F37D9503F5F0C143F3D4D513F34
:1079A0002A68133FC2C0513F9AC3123FC633523FA9
:1079B000B01E123F49A6523F6B79113F4918533F01
:1079C000CDD3103FC789533FD52D103FC3FA533F46
:1079D00084870F3F3B6B543FDBE00E3F31DB543F6E
:1079E000DA390E3FA44A553F81920D3F93B9553F76
:1079F000D0EA0C3FFE27563FC9420C3FE595563F63
:107A00006B9A0B3F4803573FB7F10A3F2670573F29
:107A1000AD480A3F7FDC573F4E9F093F5348583FD0
:107A20009BF5083FA1B3583F924B083F6A1E593F50
:107A300036A1073FAD88593F86F6063F6AF2593FA7
:107A4000824B063FA05B5A3F2CA0053F50C45A3FD3
:107A500084F4043F792C5B3F8948043F1A945B3FD0
:107A60003D9C033F34FB5B3F9FEF023FC7615C3FA0
:107A7000B142023FD1C75C3F7395013F532D5D3F3B
:107A8000E4E7003F4D925D3F063A003FBEF65D3FA2
:107A9000B217FF3EA65A5E3FBBBAFD3E05BE5E3F33
:107AA000275DFC3EDB205F3FF7FEFA3E27835F3F0A
:107AB0002DA0F93EE9E45F3FC840F83E2146603F13
:107AC000CBE0F63ECFA6603F3580F53EF206613F43
:107AD000071FF43E8A66613F43BDF23E98C5613F91
:107AE000EA5AF13E1A24623FFBF7EF3E1082623FF2
:107AF0007994EE3E7BDF623F6330ED3E5A3C633F5C
:107B0000BBCBEB3EAC98633F8166EA3E73F4633FC8
:107B1000B700E93EAC4F643F5D9AE73E59AA643F27
:107B20007533E63E7904653FFECBE43E0B5E653F70
:107B3000FA63E33E10B7653F6AFBE13E880F663F9C
:107B40004F92E03E7167663FA928DF3ECCBE663F9C
:107B500079BEDD3E9915673FC153DC3ED86B673F68
:107B600080E8DA3E87C1673FB97CD93EA816683FF6
:107B70006B10D83E396B683F99A3D63E3CBF683F37
:107B80004136D53EAE12693F67C8D33E9165693F25
:107B9000095AD23EE4B7693F2AEBD03EA7096A3FB3
:107BA000CA7BCF3ED95A6A3FEA0BCE3E7BAB6A3FD7
:107BB0008B9BCC3E8CFB6A3FAE2ACB3E0C4B6B3F83
:107BC00053B9C93EFB996B3F7C47C83E58E86B3FB1
:107BD00029D5C63E24366C3F5C62C53E5E836C3F51
:107BE00015EFC33E07D06C3F557BC23E1D1C6D3F59
:107BF0001E07C13EA1676D3F6F92BF3E93B26D3FBE
:107C00004A1DBE3EF2FC6D3FAFA7BC3EBE466E3F76
:107C1000A031BB3EF88F6E3F1EBBB93E9ED86E3F73
:107C20002A44B83EB0206F3FC3CCB63E30686F3FA9
:107C3000EC54B53E1BAF6F3FA5DCB33E73F56F3F11
:107C4000EF63B23E373B703FCBEAB03E6680703F99
:107C50003A71AF3E02C5703F3CF7AD3E0809713F37
:107C6000D47CAC3E7A4C713F0102AB3E578F713FE2
:107C7000C486A93E9FD1713F1F0BA83E5213723F8D
:107C8000128FA63E7054723F9F12A53EF894723F29
:107C9000C595A33EEBD4723F8718A23E4714733FAD
:107CA000E59AA03E0E53733FDF1C9F3E3F91733F0A
:107CB000789E9D3ED9CE733FAF1F9C3EDD0B743F37
:107CC00086A09A3E4B48743FFE20993E2284743F22
:107CD00017A1973E62BF743FD220963E0BFA743FC5
:107CE00031A0943E1D34753F351F933E976D753F0F
:107CF000DD9D913E7BA6753F2C1C903EC6DE753FF8
:107D0000229A8E3E7A16763FC0178D3E974D763F6B
:107D100007958B3E1B84763FF8118A3E07BA763F63
:107D2000938E883E5BEF763FDA0A873E1724773FD3
:107D3000CE86853E3A58773F7002843EC58B773FAA
:107D4000C07D823EB7BE773FC0F8803E10F1773FDE
:107D5000E1E67E3ED122783FA4DB7B3EF853783FBC
:107D6000CCCF783E8684783F5AC3753E7BB4783F4B
:107D700051B6723ED6E3783FB2A86F3E9812793F73
:107D80007F9A6C3EC040793FBA8B693E4E6E793F18
:107D9000667C663E439B793F836C633E9DC7793F1B
:107DA000135C603E5EF3793F1A4B5D3E841E7A3F62
:107DB00097395A3E10497A3F8F27573E02737A3FD0
:107DC0000115543E599C7A3FF101513E16C57A3F48
:107DD00060EE4D3E37ED7A3F4FDA4A3EBE147B3FB0
:107DE000C2C5473EAB3B7B3FB9B0443EFC617B3FE5
:107DF000379B413EB2877B3F3E853E3ECDAC7B3FCD
:107E0000CF6E3B3E4DD17B3FEC57383E31F57B3F4B
:107E10009840353E7A187C3FD428323E283B7C3F40
:107E2000A2102F3E3A5D7C3F04F82B3EB07E7C3F93
:107E3000FCDE283E8A9F7C3F8CC5253EC9BF7C3F27
:107E4000B6AB223E6CDF7C3F7B911F3E73FE7C3FD6
:107E5000DE761C3EDD1C7D3FE05B193EAC3A7D3F8B
:107E60008340163EDE577D3FCA24133E74747D3F27
:107E7000B708103E6E907D3F4AEC0C3ECCAB7D3F88
:107E800086CF093E8CC67D3F6EB2063EB1E07D3F97
:107E90000295033E38FA7D3F4577003E24137E3F2E
:107EA00073B2FA3D722B7E3FC075F43D23437E3F93
:107EB0007638EE3D385A7E3F9AFAE73DB0707E3F05
:107EC0002EBCE13D8B867E3F377DDB3DC99B7E3FEF
:107ED000B93DD53D69B07E3FB7FDCE3D6DC47E3F17
:107EE00036BDC83DD4D77E3F397CC23D9DEA7E3F3A
:107EF000C33ABC3DC9FC7E3FDAF8B53D580E7F3F22
:107F000080B6AF3D491F7F3FBA73A93D9D2F7F3F8C
:107F10008C30A33D543F7F3FF9EC9C3D6D4E7F3F3D
:107F200005A9963DE95C7F3FB464903DC76A7F3FF9
:107F30000A208A3D08787F3F0ADB833DAB847F3F80
:107F4000742B7B3DB1907F3F38A06E3D189C7F3FE6
:107F50006814623DE3A67F3F0E88553D0FB17F3F19
:107F60002FFB483D9EBA7F3FD56D3C3D8FC37F3F81
:107F700007E02F3DE2CB7F3FCC51233D98D37F3F9D
:107F80002CC3163DAFDA7F3F2F340A3D29E17F3FF6
:107F9000B949FB3C05E77F3F7B2AE23C43EC7F3F4E
:107FA000B00AC93CE3F07F3F69EAAF3CE6F47F3FAB
:107FB000B6C9963C4AF87F3F4B517B3C11FB7F3F53
:107FC000900E493C39FD7F3F59CB163CC4FE7F3FA4
:107FD000890FC93BB1FF7F3FC70F493B0000803F7E
:107FE00000000000B1FF7F3FC70F49BBC4FE7F3FC9
:107FF000890FC9BB39FD7F3F59CB16BC11FB7F3FB1
:10800000900E49BC4AF87F3F4B517BBCE6F47F3F62
:10801000B6C996BCE3F07F3F69EAAFBC43EC7F3F53
:10802000B00AC9BC05E77F3F7B2AE2BC29E17F3F5C
:10803000B949FBBCAFDA7F3F2F340ABD98D37F3FED
:108040002CC316BDE2CB7F3FCC5123BD8FC37F3FF6
:1080500007E02FBD9EBA7F3FD56D3CBD0FB17F3F7E
:108060002FFB48BDE3A67F3F0E8855BD189C7F3F80
:10807000681462BDB1907F3F38A06EBDAB847F3F76
:10808000742B7BBD08787F3F0ADB83BDC76A7F3FC7
:108090000A208ABDE95C7F3FB46490BD6D4E7F3F8E
:1080A00005A996BD543F7F3FF9EC9CBD9D2F7F3FB6
:1080B0008C30A3BD491F7F3FBA73A9BD580E7F3FC7
:1080C00080B6AFBDC9FC7E3FDAF8B5BD9DEA7E3F04
:1080D000C33ABCBDD4D77E3F397CC2BD6DC47E3FA0
:1080E00036BDC8BD69B07E3FB7FDCEBDC99B7E3FE2
:1080F000B93DD5BD8B867E3F377DDBBDB0707E3F01
:108100002EBCE1BD385A7E3F9AFAE7BD23437E3F3D
:108110007638EEBD722B7E3FC075F4BD24137E3FD2
:1081200073B2FABD38FA7D3F457700BEB1E07D3FBE
:10813000029503BE8CC67D3F6EB206BECCAB7D3FC2
:1081400086CF09BE6E907D3F4AEC0CBE74747D3FB5
:10815000B70810BEDE577D3FCA2413BEAC3A7D3F40
:10816000834016BEDD1C7D3FE05B19BE73FE7C3F85
:10817000DE761CBE6CDF7C3F7B911FBEC9BF7C3F9F
:10818000B6AB22BE8A9F7C3F8CC525BEB07E7C3FAD
:10819000FCDE28BE3A5D7C3F04F82BBE283B7C3FCA
:1081A000A2102FBE7A187C3FD42832BE31F57B3F17
:1081B000984035BE4DD17B3FEC5738BECDAC7B3FB0
:1081C000CF6E3BBEB2877B3F3E853EBEFC617B3FB0
:1081D000379B41BEAB3B7B3FB9B044BEBE147B3F37
:1081E000C2C547BE37ED7A3F4FDA4ABE16C57A3F61
:1081F00060EE4DBE599C7A3FF10151BE02737A3F49
:10820000011554BE10497A3F8F2757BE841E7A3F0E
:1082100097395ABE5EF3793F1A4B5DBE9DC7793FD1
:10822000135C60BE439B793F836C63BE4E6E793FA7
:10823000667C66BEC040793FBA8B69BE9812793FB2
:108240007F9A6CBED6E3783FB2A86FBE7BB4783F0E
:1082500051B672BE8684783F5AC375BEF853783FD4
:10826000CCCF78BED122783FA4DB7BBE10F1773F24
:10827000E1E67EBEB7BE773FC0F880BEC58B773FD4
:10828000C07D82BE3A58773F700284BE1724773F84
:10829000CE8685BE5BEF763FDA0A87BE07BA763FA9
:1082A000938E88BE1B84763FF8118ABE974D763F29
:1082B00007958BBE7A16763FC0178DBEC6DE753F1A
:1082C000229A8EBE7BA6753F2C1C90BE976D753F83
:1082D000DD9D91BE1D34753F351F93BE0BFA743F73
:1082E00031A094BE62BF743FD22096BE2284743FF8
:1082F00017A197BE4B48743FFE2099BEDD0B743F1B
:1083000086A09ABED9CE733FAF1F9CBE3F91733FEC
:10831000789E9DBE0E53733FDF1C9FBE4714733F74
:10832000E59AA0BEEBD4723F8718A2BEF894723FC4
:10833000C595A3BE7054723F9F12A5BE5213723FE3
:10834000128FA6BE9FD1713F1F0BA8BE578F713FE2
:10835000C486A9BE7A4C713F0102ABBE0809713FC9
:10836000D47CACBE02C5703F3CF7ADBE6680703FAA
:108370003A71AFBE373B703FCBEAB0BE73F56F3F8B
:10838000EF63B2BE1BAF6F3FA5DCB3BE30686F3F7B
:10839000EC54B5BEB0206F3FC3CCB6BE9ED86E3F86
:1083A0002A44B8BEF88F6E3F1EBBB9BEBE466E3FB4
:1083B000A031BBBEF2FC6D3FAFA7BCBE93B26D3F18
:1083C0004A1DBEBEA1676D3F6F92BFBE1D1C6D3FB3
:1083D0001E07C1BE07D06C3F557BC2BE5E836C3F9B
:1083E00015EFC3BE24366C3F5C62C5BE58E86B3FD8
:1083F00029D5C6BEFB996B3F7C47C8BE0C4B6B3F73
:1084000053B9C9BE8CFB6A3FAE2ACBBE7BAB6A3F79
:108410008B9BCCBED95A6A3FEA0BCEBEA7096A3FF6
:10842000CA7BCFBEE4B7693F2AEBD0BE9165693FF6
:10843000095AD2BEAE12693F67C8D3BE3CBF683F7F
:108440004136D5BE396B683F99A3D6BEA816683FA2
:108450006B10D8BE87C1673FB97CD9BED86B673F68
:1084600080E8DABE9915673FC153DCBECCBE663FDB
:1084700079BEDDBE7167663FA928DFBE880F663F03
:108480004F92E0BE10B7653F6AFBE1BE0B5E653FF1
:10849000FA63E3BE7904653FFECBE4BE59AA643FAC
:1084A0007533E6BEAC4F643F5D9AE7BE73F4633F3D
:1084B000B700E9BEAC98633F8166EABE5A3C633FB1
:1084C000BBCBEBBE7BDF623F6330EDBE1082623F11
:1084D0007994EEBE1A24623FFBF7EFBE98C5613F68
:1084E000EA5AF1BE8A66613F43BDF2BEF206613FC1
:1084F000071FF4BECFA6603F3580F5BE2146603F22
:10850000CBE0F6BEE9E45F3FC840F8BE27835F3F9B
:108510002DA0F9BEDB205F3FF7FEFABE05BE5E3F31
:10852000275DFCBEA65A5E3FBBBAFDBEBEF65D3FF0
:10853000B217FFBE4D925D3F063A00BF532D5D3F1F
:10854000E4E700BFD1C75C3F739501BFC7615C3FE3
:10855000B14202BF34FB5B3F9FEF02BF1A945B3F07
:108560003D9C03BF792C5B3F894804BF50C45A3FF0
:1085700084F404BFA05B5A3F2CA005BF6AF2593FA8
:10858000824B06BFAD88593F86F606BF6A1E593F2B
:1085900036A107BFA1B3583F924B08BF5348583F7D
:1085A0009BF508BF7FDC573F4E9F09BF2670573FA2
:1085B000AD480ABF4803573FB7F10ABFE595563F9C
:1085C0006B9A0BBFFE27563FC9420CBF93B9553F6C
:1085D000D0EA0CBFA44A553F81920DBF31DB543F16
:1085E000DA390EBF3B6B543FDBE00EBFC3FA533F9B
:1085F00084870FBFC789533FD52D10BF4918533FFC
:10860000CDD310BF49A6523F6B7911BFC633523F3D
:10861000B01E12BFC2C0513F9AC312BF3D4D513F61
:108620002A6813BF37D9503F5F0C14BFAF64503F67
:1086300039B014BFA8EF4F3FB75315BF1F7A4F3F54
:10864000D9F615BF17044F3F9F9916BF908D4E3F27
:10865000073C17BF89164E3F12DE17BF029F4D3FE2
:10866000C07F18BFFD264D3F0F2119BF79AE4C3F8B
:1086700000C219BF78354C3F93621ABFF8BB4B3F1D
:10868000C6021BBFFA414B3F99A21BBF7FC74A3F9F
:108690000C421CBF874C4A3F1FE11CBF12D1493F0F
:1086A000D17F1DBF2155493F221E1EBFB3D8483F71
:1086B00012BC1EBFCA5B483F9F591FBF65DE473FC4
:1086C000CBF61FBF8560473F939320BF2AE2463F0A
:1086D000F92F21BF5463463FFBCB21BF03E4453F45
:1086E000996722BF3964453FD30223BFF5E3443F76
:1086F000A99D23BF3763443F1A3824BF00E2433F9C
:1087000025D224BF5160433FCB6B25BF29DE423FBA
:108710000A0526BF895B423FE39D26BF70D8413FD3
:10872000563627BFE154413F61CE27BFDAD0403FE4
:10873000056628BF5C4C403F41FD28BF67C73F3FEF
:10874000159429BFFC413F3F802A2ABF1BBC3E3FF6
:1087500082C02ABFC5353E3F1B562BBFF9AE3D3FF9
:108760004AEB2BBFB8273D3F0F802CBF03A03C3FF7
:1087700069142DBFD9173C3F59A82DBF3B8F3B3FF4
:10878000DE3B2EBF29063B3FF7CE2EBFA47C3A3FEF
:10879000A5612FBFACF2393FE6F32FBF4268393FE6
:1087A000BB8530BF65DD383F221731BF1652383FD9
:1087B0001DA831BF55C6373FAA3832BF233A373FCD
:1087C000C9C832BF7FAD363F7A5833BF6C20363FC1
:1087D000BCE733BFE792353F8F7634BFF304353FB4
:1087E000F30435BF8F76343FE79235BFBCE7333FA4
:1087F0006C2036BF7A58333F7FAD36BFC9C8323F91
:10880000233A37BFAA38323F55C637BF1DA8313F7C
:10881000165238BF2217313F65DD38BFBB85303F68
:10882000426839BFE6F32F3FACF239BFA5612F3F55
:10883000A47C3ABFF7CE2E3F29063BBFDE3B2E3F3E
:108840003B8F3BBF59A82D3FD9173CBF69142D3F23
:1088500003A03CBF0F802C3FB8273DBF4AEB2B3F06
:10886000F9AE3DBF1B562B3FC5353EBF82C02A3FE8
:108870001BBC3EBF802A2A3FFC413FBF1594293FC5
:1088800067C73FBF41FD283F5C4C40BF0566283F9E
:10889000DAD040BF61CE273FE15441BF5636273F73
:1088A00070D841BFE39D263F895B42BF0A05263F42
:1088B00029DE42BFCB6B253F516043BF25D2243F09
:1088C00000E243BF1A38243F376344BFA99D233FCA
:1088D000F5E344BFD302233F396445BF9967223F84
:1088E00003E445BFFBCB213F546346BFF92F213F33
:1088F0002AE246BF9393203F856047BFCBF61F3FD8
:1089000065DE47BF9F591F3FCA5B48BF12BC1E3F71
:10891000B3D848BF221E1E3F215549BFD17F1D3FFE
:1089200012D149BF1FE11C3F874C4ABF0C421C3F7C
:108930007FC74ABF99A21B3FFA414BBFC6021B3FEC
:10894000F8BB4BBF93621A3F78354CBF00C2193F4A
:1089500079AE4CBF0F21193FFD264DBFC07F183F98
:10896000029F4DBF12DE173F89164EBF073C173FCF
:10897000908D4EBF9F99163F17044FBFD9F6153FF4
:108980001F7A4FBFB753153FA8EF4FBF39B0143F01
:10899000AF6450BF5F0C143F37D950BF2A68133FF4
:1089A0003D4D51BF9AC3123FC2C051BFB01E123FCE
:1089B000C63352BF6B79113F49A652BFCDD3103F8A
:1089C000491853BFD52D103FC78953BF84870F3F28
:1089D000C3FA53BFDBE00E3F3B6B54BFDA390E3FA7
:1089E00031DB54BF81920D3FA44A55BFD0EA0C3F02
:1089F00093B955BFC9420C3FFE2756BF6B9A0B3F38
:108A0000E59556BFB7F10A3F480357BFAD480A3F47
:108A1000267057BF4E9F093F7FDC57BF9BF5083F2D
:108A2000534858BF924B083FA1B358BF36A1073FE8
:108A30006A1E59BF86F6063FAD8859BF824B063F76
:108A40006AF259BF2CA0053FA05B5ABF84F4043FD3
:108A500050C45ABF8948043F792C5BBF3D9C033FFB
:108A60001A945BBF9FEF023F34FB5BBFB142023FF2
:108A7000C7615CBF7395013FD1C75CBFE4E7003FAE
:108A8000532D5DBF063A003F4D925DBFB217FF3ECA
:108A9000BEF65DBFBBBAFD3EA65A5EBF275DFC3E7B
:108AA00005BE5EBFF7FEFA3EDB205FBF2DA0F93E9C
:108AB00027835FBFC840F83EE9E45FBFCBE0F63EE6
:108AC000214660BF3580F53ECFA660BF071FF43E4C
:108AD000F20661BF43BDF23E8A6661BFEA5AF13ECB
:108AE00098C561BFFBF7EF3E1A2462BF7994EE3E52
:108AF000108262BF6330ED3E7BDF62BFBBCBEB3EDB
:108B00005A3C63BF8166EA3EAC9863BFB700E93E5A
:108B100073F463BF5D9AE73EAC4F64BF7533E63EC6
:108B200059AA64BFFECBE43E790465BFFA63E33E15
:108B30000B5E65BF6AFBE13E10B765BF4F92E03E3A
:108B4000880F66BFA928DF3E716766BF79BEDD3E2C
:108B5000CCBE66BFC153DC3E991567BF80E8DA3EE4
:108B6000D86B67BFB97CD93E87C167BF6B10D83E51
:108B7000A81668BF99A3D63E396B68BF4136D53E6B
:108B80003CBF68BF67C8D33EAE1269BF095AD23E28
:108B9000916569BF2AEBD03EE4B769BFCA7BCF3E7F
:108BA000A7096ABFEA0BCE3ED95A6ABF8B9BCC3E5F
:108BB0007BAB6ABFAE2ACB3E8CFB6ABF53B9C93EC2
:108BC0000C4B6BBF7C47C83EFB996BBF29D5C63E9B
:108BD00058E86BBF5C62C53E24366CBF15EFC33EE0
:108BE0005E836CBF557BC23E07D06CBF1E07C13E83
:108BF0001D1C6DBF6F92BF3EA1676DBF4A1DBE3E7B
:108C000093B26DBFAFA7BC3EF2FC6DBFA031BB3EBF
:108C1000BE466EBF1EBBB93EF88F6EBF2A44B83E3B
:108C20009ED86EBFC3CCB63EB0206FBFEC54B53EED
:108C300030686FBFA5DCB33E1BAF6FBFEF63B23EC2
:108C400073F56FBFCBEAB03E373B70BF3A71AF3EB2
:108C5000668070BF3CF7AD3E02C570BFD47CAC3EB1
:108C6000080971BF0102AB3E7A4C71BFC486A93EB0
:108C7000578F71BF1F0BA83E9FD171BF128FA63EA9
:108C8000521372BF9F12A53E705472BFC595A33E8A
:108C9000F89472BF8718A23EEBD472BFE59AA03E4B
:108CA000471473BFDF1C9F3E0E5373BF789E9D3EDB
:108CB0003F9173BFAF1F9C3ED9CE73BF86A09A3E33
:108CC000DD0B74BFFE20993E4B4874BF17A1973E41
:108CD000228474BFD220963E62BF74BF31A0943EFE
:108CE0000BFA74BF351F933E1D3475BFDD9D913E59
:108CF000976D75BF2C1C903E7BA675BF229A8E3E49
:108D0000C6DE75BFC0178D3E7A1676BF07958B3EBF
:108D1000974D76BFF8118A3E1B8476BF938E883EAE
:108D200007BA76BFDA0A873E5BEF76BFCE86853E0E
:108D3000172477BF7002843E3A5877BFC07D823EC9
:108D4000C58B77BFC0F8803EB7BE77BFE1E67E3EF9
:108D500010F177BFA4DB7B3ED12278BFCCCF783E29
:108D6000F85378BF5AC3753E868478BF51B6723EB9
:108D70007BB478BFB2A86F3ED6E378BF7F9A6C3ED3
:108D8000981279BFBA8B693EC04079BF667C663E57
:108D90004E6E79BF836C633E439B79BF135C603E2C
:108DA0009DC779BF1A4B5D3E5EF379BF97395A3E36
:108DB000841E7ABF8F27573E10497ABF0115543E53
:108DC00002737ABFF101513E599C7ABF60EE4D3E6D
:108DD00016C57ABF4FDA4A3E37ED7ABFC2C5473E65
:108DE000BE147BBFB9B0443EAB3B7BBF379B413E1B
:108DF000FC617BBF3E853E3EB2877BBFCF6E3B3E74
:108E0000CDAC7BBFEC57383E4DD17BBF9840353E53
:108E100031F57BBFD428323E7A187CBFA2102F3E9A
:108E2000283B7CBF04F82B3E3A5D7CBFFCDE283E2D
:108E3000B07E7CBF8CC5253E8A9F7CBFB6AB223EF0
:108E4000C9BF7CBF7B911F3E6CDF7CBFDE761C3EC2
:108E500073FE7CBFE05B193EDD1C7DBF8340163E88
:108E6000AC3A7DBFCA24133EDE577DBFB708103E23
:108E700074747DBF4AEC0C3E6E907DBF86CF093E78
:108E8000CCAB7DBF6EB2063E8CC67DBF0295033E65
:108E9000B1E07DBF4577003E38FA7DBF73B2FA3D41
:108EA00024137EBFC075F43D722B7EBF7638EE3D35
:108EB00023437EBF9AFAE73D385A7EBF2EBCE13D80
:108EC000B0707EBF377DDB3D8B867EBFB93DD53D23
:108ED000C99B7EBFB7FDCE3D69B07EBF36BDC83DE4
:108EE0006DC47EBF397CC23DD4D77EBFC33ABC3D82
:108EF0009DEA7EBFDAF8B53DC9FC7EBF80B6AF3DC6
:108F0000580E7FBFBA73A93D491F7FBF8C30A33D68
:108F10009D2F7FBFF9EC9C3D543F7FBF05A9963D37
:108F20006D4E7FBFB464903DE95C7FBF0A208A3DEF
:108F3000C76A7FBF0ADB833D08787FBF742B7B3D08
:108F4000AB847FBF38A06E3DB1907FBF6814623D97
:108F5000189C7FBF0E88553DE3A67FBF2FFB483D81
:108F60000FB17FBFD56D3C3D9EBA7FBF07E02F3D5F
:108F70008FC37FBFCC51233DE2CB7FBF2CC3163DB7
:108F800098D37FBF2F340A3DAFDA7FBFB949FB3C8E
:108F900029E17FBF7B2AE23C05E77FBFB00AC93CDD
:108FA00043EC7FBF69EAAF3CE3F07FBFB6C9963CB4
:108FB000E6F47FBF4B517B3C4AF87FBF900E493CA3
:108FC00011FB7FBF59CB163C39FD7FBF890FC93BD1
:108FD000C4FE7FBFC70F493BB1FF7FBF0800001031
:108FE00010000002180000122000000428000014E5
:108FF0003000000638000016400000084800001845
:109000005000000A5800001A6000000C6800001CA4
:109010007000000E7800001E8000000888004010DC
:109020009000400298004012A0004004A8004014A4
:10903000B0004006B8004016C0004008C800401804
:10904000D000400AD800401AE000400CE800401C64
:10905000F000400EF800401E0001000808018010DA
:109060001001800218018012200180042801801460
:1090700030018006380180164001800848018018C0
:109080005001800A5801801A6001800C6801801C20
:109090007001800E7801801E800140088801C01098
:1090A0009001C0029801C012A001C004A801C01420
:1090B000B001C006B801C016C001C008C801C01880
:1090C000D001C00AD801C01AE001C00CE801C01CE0
:1090D000F001C00EF801C01E0002000808020011D5
:1090E00010020003180200132002000528020015D8
:1090F0003002000738020017400200094802001938
:109100005002000B5802001B6002000D6802001D97
:109110007002000F7802001F800280088802401150
:109120009002400398024013A0024005A802401597
:10913000B0024007B8024017C0024009C8024019F7
:10914000D002400BD802401BE002400DE802401D57
:10915000F002400FF802401F00034008080380118E
:109160001003800318038013200380052803801553
:1091700030038007380380174003800948038019B3
:109180005003800B5803801B6003800D6803801D13
:109190007003800F7803801F8003C0088803C0110C
:1091A0009003C0039803C013A003C005A803C01513
:1091B000B003C007B803C017C003C009C803C01973
:1091C000D003C00BD803C01BE003C00DE803C01DD3
:1091D000F003C00FF803C01F0004001008040810BB
:1091E00010040011180408122004081028040814A0
:1091F0003004080638040816400408084804081813
:109200005004080A5804081A6004080C6804081C72
:109210007004080E7804081E8004001888044810A2
:109220009004001998044812A0040818A8044814CF
:10923000B0044806B8044816C0044808C8044818D2
:10924000D004480AD804481AE004480CE804481C32
:10925000F004480EF804481E000540100805881068
:10926000100540111805881220054810280588149B
:10927000300588063805881640058808480588188E
:109280005005880A5805881A6005880C6805881CEE
:109290007005880E7805881E800540188805C8105E
:1092A000900540199805C812A0054818A805C814CB
:1092B000B005C806B805C816C005C808C805C8184E
:1092C000D005C80AD805C81AE005C80CE805C81CAE
:1092D000F005C80EF805C81E000680100806081123
:1092E0001006801118060813200688102806081595
:1092F0003006080738060817400608094806081906
:109300005006080B5806081B6006080D6806081D65
:109310007006080F7806081F800680188806481116
:109320009006801998064813A0068818A8064815C4
:10933000B0064807B8064817C0064809C8064819C5
:10934000D006480BD806481BE006480DE806481D25
:10935000F006480FF806481F0007C01008078811DC
:109360001007C011180788132007C8102807881590
:109370003007880738078817400788094807881981
:109380005007880B5807881B6007880D6807881DE1
:109390007007880F7807881F8007C0188807C811D2
:1093A0009007C0199807C813A007C818A807C815C0
:1093B000B007C807B807C817C007C809C807C81941
:1093C000D007C80BD807C81BE007C80DE807C81DA1
:1093D000F007C80FF807C81F080810101008400849
:1093E00018081012200800112808101430088011E5
:1093F00038081016480810185008100A5808101A93
:109400006008100C6808101C7008100E7808101EF8
:109410008008000A880850109008000B9808501225
:10942000A008080AA8085014B008080BB80850167D
:10943000C008100AC8085018D008500AD808501A96
:10944000E008500CE808501CF008500EF808501EB8
:1094500008099010100980091809901220090019B4
:109460002809901430098019380990164009000B1A
:10947000480990185009900A5809901A6009900CF0
:109480006809901C7009900E7809901E8009400AA6
:109490008809D0109009400B9809D012A009480AF9
:1094A000A809D014B009480BB809D016C009500A51
:1094B000C809D018D009D00AD809D01AE009D00CB0
:1094C000E809D01CF009D00EF809D01E080A1011C6
:1094D000180A1013200A4011280A1015300AC0116A
:1094E000380A1017480A1019500A100B580A101B96
:1094F000600A100D680A101D700A100F780A101FFC
:10950000880A5011900A800B980A5013A00A501133
:10951000A80A5015B00A880BB80A5017C00A800B69
:10952000C80A5019D00A500BD80A501BE00A500D37
:10953000E80A501DF00A500FF80A501F080B90114E
:10954000180B9013200B4019280B9015300BC019E5
:10955000380B9017480B9019500B900B580B901B21
:10956000600B900D680B901D700B900F780B901F87
:10957000880BD011900BC00B980BD013A00B501977
:10958000A80BD015B00BC80BB80BD017C80BD0194F
:10959000D80BD01BE00BD00DE80BD01DF00BD00F7B
:1095A000F80BD01F000C0012080C1810100C001340
:1095B000180C1812200C0812280C1814300C081360
:1095C000380C1816400C1012480C1818500C1013B8
:1095D000580C181A600C1812680C181C700C180E15
:1095E000780C181E800C001A880C5810900C001B68
:1095F000980C5812A00C081AA80C5814B00C081B90
:10960000B80C5816C00C101AC80C5818D00C101BE7
:10961000D80C581AE00C181AE80C581CF00C580E0C
:10962000F80C581E000D4012080D9810100D401334
:10963000180D9812200D4812280D9814300D48135B
:10964000380D9816400D5012480D9818500D5013B3
:10965000580D981A600D5812680D981C700D980ED0
:10966000780D981E800D401A880DD810900D401B63
:10967000980DD812A00D481AA80DD814B00D481B8B
:10968000B80DD816C00D501AC80DD818D00D501BE3
:10969000D80DD81AE00D581AE80DD81CF00DD80EC8
:1096A000F80DD81E000E8012080E1811100E80132F
:1096B000180E1813200E8812280E1815300E881355
:1096C000380E1817400E9012480E1819500E9013AD
:1096D000580E181B600E9812680E181D700E180F89
:1096E000780E181F800E801A880E5811900E801B5D
:1096F000980E5813A00E881AA80E5815B00E881B85
:10970000B80E5817C00E901AC80E5819D00E901BDC
:10971000D80E581BE00E981AE80E581DF00E580F80
:10972000F80E581F000FC012080F9811100FC01329
:10973000180F9813200FC812280F9815300FC81350
:10974000380F9817400FD012480F9819500FD013A8
:10975000580F981B600FD812680F981D700F980F44
:10976000780F981F800FC01A880FD811900FC01B58
:10977000980FD813A00FC81AA80FD815B00FC81B80
:10978000B80FD817C00FD01AC80FD819D00FD01BD8
:10979000D80FD81BE00FD81AE80FD81DF00FD81B30
:1097A000F80FD81F081020101010401018102012A9
:1097B0002810201430108810381020164010001186
:1097C00048102018501040115810201A601008122C
:1097D0006810201C701088127810201E8010001253
:1097E000881008129010401298106012A0102012D9
:1097F000A8106014B0106012B8106016C0100013EA
:10980000C8106018D0104013D810601AE010181259
:10981000E810601CF0109812F810601E0811201259
:10982000101140111811A012201108182811A014AD
:10983000301188183811A0164811A0185811A01A14
:109840006011081A6811A01C7011881A7811A01EE6
:109850008011101288111812901150129811E012F4
:10986000A0111818A811E014B0119818B811E0163A
:10987000C0111013C811E018D0115013D811E01AFC
:10988000E011181AE811E01CF011981AF811E01E06
:10989000001200180812081810124018181220138D
:1098A00020122018281220153012601838122017A4
:1098B0004012001948122019501240195812201B4A
:1098C000601220196812201D7012C8127812201F11
:1098D0008012001A8812081A9012401A9812601307
:1098E000A012201AA8126015B012601AB8126017E0
:1098F000C012001BC8126019D012401BD812601B86
:10990000E012201BE812601DF012601BF812601FAD
:109910000013101808131818101350181813A01358
:10992000201348182813A0153013C8183813A0178F
:10993000401310194813A019501350195813A01BA5
:109940006013481A6813A01D7013C81A7813A01F5B
:109950008013101A8813181A9013501A9813E013D2
:10996000A0135818A813E015B013D818B813E017AF
:10997000C013101BC813E019D013501BD813E01BE1
:10998000E013581AE813E01DF013D81AF813E01F7B
:10999000081420141014001518142015301408157C
:1099A000381428164014001548142818501410159F
:1099B0005814281A601420156814281C70141815DF
:1099C0007814281E8014001C8814201C9014001D7C
:1099D0009814201DA014081CA814281CB014081DDD
:1099E000B8146816C014101CC8146818D014101DC0
:1099F000D814681AE014181CE814681CF014181D18
:109A0000F814681E08152015101540151815601556
:109A1000201528182815281C301548153815A816A3
:109A20004815A8185815A81A6015281A6815A81CF2
:109A30007015A81A7815A81E8015401C8815601C82
:109A40009015401D9815601DA015481CA815681C90
:109A5000B015481DB815E816C015501CC815E818F3
:109A6000D015501DD815E81AE015581CE815E81C4B
:109A7000F015581DF815E81E0016001C0816081CE5
:109A80001016401C1816481C2016201C2816281CCE
:109A90003016601C381628174016001D4816281965
:109AA0005016401D5816281B6016201D6816281DCC
:109AB0007016601D7816281F8016801C8816A01C42
:109AC0009016801D9816A01DA016881CA816A81C0C
:109AD000B016881DB8166817C016901CC8166819ED
:109AE000D016901DD816681BE016981CE816681D45
:109AF000F016981DF816681F0017101C0817181C80
:109B00001017501C1817581C201768182817681CA5
:109B10003017E8183817A8174017101D4817A8194C
:109B20005017501D5817A81B6017681A6817A81DF2
:109B30007017E81A7817A81F8017C01C8817E01C38
:109B40009017C01D9817E01DA017C81CA817E81C87
:109B5000B017C81DB817E817C017D01CC817E819E8
:109B6000D017D01DD817E81BE017D81CE817E81D40
:109B7000F017D81DF817E81F181860183018481883
:109B80003818601C5818301A6818301C7018181AC9
:109B90007818301E8018001A8818081A9018001BB0
:109BA00098186019A018201AA818281AB018201B95
:109BB000B818601DC018101AC818181AD018101B31
:109BC000D818701AE018301AE818701CF018581AD3
:109BD000F818701E081920191819601A2819081D7C
:109BE000301988193819881D4819201B5819B01ABE
:109BF0006019081B6819B01C7019881B7819B01EF1
:109C00008019401A8819481A9019401B9819601B2E
:109C1000A019601AA819181DB019601BB819981D51
:109C2000C019501AC819581AD019501BD819F01A4F
:109C3000E019181BE819F01CF019981BF819F01E10
:109C4000381A701C581A301B681A301D701A181BED
:109C5000781A301F901AC01A981AC81AB01AE01A47
:109C6000B81AE81AC01A801BC81A881BD01AC01B61
:109C7000D81A701BE01AA01BE81A701DF01AE01B1E
:109C8000F81A701F281B481D381BC81D481B601B75
:109C9000581BB01B681BB01D701BC81B781BB01F66
:109CA000901BC01B981BC81BA81B581DB01BE01B9A
:109CB000B81BD81DD81BF01BE81BF01DF81BF01FAC
:109CC000081C201C181C301C381C681C481C601CFC
:109CD000581C701C781C381E801C001E881C201EFE
:109CE000901C001F981C201FA01C081EA81C281ECA
:109CF000B01C081FB81C281FC01C101EC81C301E1A
:109D0000D01C101FD81C301FE01C181EE81C381E69
:109D1000F01C181FF81C781E081D201D181D301D72
:109D2000381DA81D481D601D581D701D681D281F69
:109D3000781DB81E801D401E881D601E901D401F8E
:109D4000981D601FA01D481EA81D681EB01D481F3D
:109D5000B81D681FC01D501EC81D701ED01D501F8D
:109D6000D81D701FE01D581EE81D781EF01D581FDD
:109D7000F81DF81E081E201E181E301E481E601EEC
:109D8000581E701E781E381F881EA01E901E801F31
:109D9000981EA01FB01E881FB81EA81FC01E801FBF
:109DA000C81E881FD01E901FD81EB01FE01EA01F07
:109DB000E81EA81FF01E981FF81E781F081F201FFE
:109DC000181F301F481F601F581F701F781FB81FB3
:109DD000881FA01F901FC01F981FE01FB01FC81F23
:109DE000B81FE81FC81FE01FD81FF01F0000803FEA
:109DF00000000000C4FE7F3F890FC93B11FB7F3F7D
:109E0000900E493CE6F47F3FB6C9963C43EC7F3F59
:109E1000B00AC93C29E17F3FB949FB3C98D37F3F59
:109E20002CC3163D8FC37F3F07E02F3D0FB17F3F0F
:109E30002FFB483D189C7F3F6814623DAB847F3FF9
:109E4000742B7B3DC76A7F3F0A208A3D6D4E7F3F62
:109E500005A9963D9D2F7F3F8C30A33D580E7F3F37
:109E600080B6AF3D9DEA7E3FC33ABC3D6DC47E3FA8
:109E700036BDC83DC99B7E3FB93DD53DB0707E3FE4
:109E80002EBCE13D23437E3F7638EE3D24137E3FDA
:109E900073B2FA3DB1E07D3F0295033ECCAB7D3F0E
:109EA00086CF093E74747D3FB708103EAC3A7D3FC3
:109EB0008340163E73FE7C3FDE761C3EC9BF7C3F6E
:109EC000B6AB223EB07E7C3FFCDE283E283B7C3F8A
:109ED000A2102F3E31F57B3F9840353ECDAC7B3F05
:109EE000CF6E3B3EFC617B3F379B413EBE147B3FC8
:109EF000C2C5473E16C57A3F60EE4D3E02737A3FBB
:109F00000115543E841E7A3F97395A3E9DC7793FCA
:109F1000135C603E4E6E793F667C663E9812793FD8
:109F20007F9A6C3E7BB4783F51B6723EF853783FCF
:109F3000CCCF783E10F1773FE1E67E3EC58B773F90
:109F4000C07D823E1724773FCE86853E07BA763F96
:109F5000938E883E974D763F07958B3EC6DE753FC4
:109F6000229A8E3E976D753FDD9D913E0BFA743FB0
:109F700031A0943E2284743F17A1973EDD0B743FBD
:109F800086A09A3E3F91733F789E9D3E4714733F53
:109F9000E59AA03EF894723FC595A33E5213723FD6
:109FA000128FA63E578F713FC486A93E0809713FA4
:109FB000D47CAC3E6680703F3A71AF3E73F56F3F24
:109FC000EF63B23E30686F3FEC54B53E9ED86E3FB3
:109FD0002A44B83EBE466E3FA031BB3E93B26D3FB1
:109FE0004A1DBE3E1D1C6D3F1E07C13E5E836C3F79
:109FF00015EFC33E58E86B3F29D5C63E0C4B6B3F6F
:10A0000053B9C93E7BAB6A3F8B9BCC3EA7096A3FE5
:10A01000CA7BCF3E9165693F095AD23E3CBF683F3B
:10A020004136D53EA816683F6B10D83ED86B673FC7
:10A0300080E8DA3ECCBE663F79BEDD3E880F663FE3
:10A040004F92E03E0B5E653FFA63E33E59AA643FE0
:10A050007533E63E73F4633FB700E93E5A3C633F15
:10A06000BBCBEB3E1082623F7994EE3E98C5613FD8
:10A07000EA5AF13EF206613F071FF43E2146603F77
:10A08000CBE0F63E27835F3F2DA0F93E05BE5E3F45
:10A09000275DFC3EBEF65D3FB217FF3E532D5D3F90
:10A0A000E4E7003FC7615C3FB142023F1A945B3F67
:10A0B0003D9C033F50C45A3F84F4043F6AF2593F29
:10A0C000824B063F6A1E593F36A1073F5348583F0F
:10A0D0009BF5083F2670573FAD480A3FE595563F30
:10A0E0006B9A0B3F93B9553FD0EA0C3F31DB543F9D
:10A0F000DA390E3FC3FA533F84870F3F4918533F65
:10A10000CDD3103FC633523FB01E123F3D4D513F9D
:10A110002A68133FAF64503F39B0143F1F7A4F3F56
:10A12000D9F6153F908D4E3F073C173F029F4D3F9C
:10A13000C07F183F79AE4C3F00C2193FF8BB4B3F80
:10A14000C6021B3F7FC74A3F0C421C3F12D1493F0A
:10A15000D17F1D3FB3D8483F12BC1E3F65DE473F4D
:10A16000CBF61F3F2AE2463FF92F213F03E4453F4C
:10A170009967223FF5E3443FA99D233F00E2433F17
:10A1800025D2243F29DE423F0A05263F70D8413FB1
:10A190005636273FDAD0403F0566283F67C73F3F26
:10A1A0001594293F1BBC3E3F82C02A3FF9AE3D3F7C
:10A1B0004AEB2B3F03A03C3F69142D3F3B8F3B3FB5
:10A1C000DE3B2E3FA47C3A3FA5612F3F4268393FDA
:10A1D000BB85303F1652383F1DA8313F233A373FE9
:10A1E000C9C8323F6C20363FBCE7333FF304353FEC
:10A1F000F304353FBCE7333F6C20363FC9C8323FDC
:10A20000233A373F1DA8313F1652383FBB85303FB8
:10A210004268393FA5612F3FA47C3A3FDE3B2E3F89
:10A220003B8F3B3F69142D3F03A03C3F4AEB2B3F44
:10A23000F9AE3D3F82C02A3F1BBC3E3F1594293FEB
:10A2400067C73F3F0566283FDAD0403F5636273F75
:10A2500070D8413F0A05263F29DE423F25D2243FE0
:10A2600000E2433FA99D233FF5E3443F9967223F26
:10A2700003E4453FF92F213F2AE2463FCBF61F3F3B
:10A2800065DE473F12BC1E3FB3D8483FD17F1D3F1C
:10A2900012D1493F0C421C3F7FC74A3FC6021B3FB9
:10A2A000F8BB4B3F00C2193F79AE4C3FC07F183F0F
:10A2B000029F4D3F073C173F908D4E3FD9F6153F0B
:10A2C0001F7A4F3F39B0143FAF64503F2A68133FA5
:10A2D0003D4D513FB01E123FC633523FCDD3103FCC
:10A2E0004918533F84870F3FC3FA533FDA390E3F73
:10A2F00031DB543FD0EA0C3F93B9553F6B9A0B3F8B
:10A30000E595563FAD480A3F2670573F9BF5083FFD
:10A310005348583F36A1073F6A1E593F824B063FBC
:10A320006AF2593F84F4043F50C45A3F3D9C033FB6
:10A330001A945B3FB142023FC7615C3FE4E7003FD4
:10A34000532D5D3FB217FF3EBEF65D3F275DFC3EDD
:10A3500005BE5E3F2DA0F93E27835F3FCBE0F63E72
:10A360002146603F071FF43EF206613FEA5AF13E84
:10A3700098C5613F7994EE3E1082623FBBCBEB3EC5
:10A380005A3C633FB700E93E73F4633F7533E63EE2
:10A3900059AA643FFA63E33E0B5E653F4F92E03E8D
:10A3A000880F663F79BEDD3ECCBE663F80E8DA3E70
:10A3B000D86B673F6B10D83EA816683F4136D53E34
:10A3C0003CBF683F095AD23E9165693FCA7BCF3E88
:10A3D000A7096A3F8B9BCC3E7BAB6A3F53B9C93E12
:10A3E0000C4B6B3F29D5C63E58E86B3F15EFC33E7B
:10A3F0005E836C3F1E07C13E1D1C6D3F4A1DBE3E65
:10A4000093B26D3FA031BB3EBE466E3F2A44B83E7C
:10A410009ED86E3FEC54B53E30686F3FEF63B23E5E
:10A4200073F56F3F3A71AF3E6680703FD47CAC3EAF
:10A430000809713FC486A93E578F713F128FA63E0F
:10A440005213723FC595A33EF894723FE59AA03E21
:10A450004714733F789E9D3E3F91733F86A09A3E7E
:10A46000DD0B743F17A1973E2284743F31A0943EC8
:10A470000BFA743FDD9D913E976D753F229A8E3E9B
:10A48000C6DE753F07958B3E974D763F938E883E8F
:10A4900007BA763FCE86853E1724773FC07D823E41
:10A4A000C58B773FE1E67E3E10F1773FCCCF783E1B
:10A4B000F853783F51B6723E7BB4783F7F9A6C3E3A
:10A4C0009812793F667C663E4E6E793F135C603E23
:10A4D0009DC7793F97395A3E841E7A3F0115543EF5
:10A4E00002737A3F60EE4D3E16C57A3FC2C5473EC5
:10A4F000BE147B3F379B413EFC617B3FCF6E3B3EB2
:10A50000CDAC7B3F9840353E31F57B3FA2102F3ECE
:10A51000283B7C3FFCDE283EB07E7C3FB6AB223E33
:10A52000C9BF7C3FDE761C3E73FE7C3F8340163EF7
:10A53000AC3A7D3FB708103E74747D3F86CF093E2C
:10A54000CCAB7D3F0295033EB1E07D3F73B2FA3D57
:10A5500024137E3F7638EE3D23437E3F2EBCE13D03
:10A56000B0707E3FB93DD53DC99B7E3F36BDC83DED
:10A570006DC47E3FC33ABC3D9DEA7E3F80B6AF3D91
:10A58000580E7F3F8C30A33D9D2F7F3F05A9963D00
:10A590006D4E7F3F0A208A3DC76A7F3F742B7B3D0B
:10A5A000AB847F3F6814623D189C7F3F2FFB483D82
:10A5B0000FB17F3F07E02F3D8FC37F3F2CC3163D78
:10A5C00098D37F3FB949FB3C29E17F3FB00AC93CA2
:10A5D00043EC7F3FB6C9963CE6F47F3F900E493C82
:10A5E00011FB7F3F890FC93BC4FE7F3F0000000085
:10A5F0000000803F890FC9BBC4FE7F3F900E49BC5D
:10A6000011FB7F3FB6C996BCE6F47F3FB00AC9BCD8
:10A6100043EC7F3FB949FBBC29E17F3F2CC316BD0A
:10A6200098D37F3F07E02FBD8FC37F3F2FFB48BDEF
:10A630000FB17F3F681462BD189C7F3F742B7BBDB8
:10A64000AB847F3F0A208ABDC76A7F3F05A996BDBC
:10A650006D4E7F3F8C30A3BD9D2F7F3F80B6AFBD39
:10A66000580E7F3FC33ABCBD9DEA7E3F36BDC8BD94
:10A670006DC47E3FB93DD5BDC99B7E3F2EBCE1BDBB
:10A68000B0707E3F7638EEBD23437E3F73B2FABD95
:10A6900024137E3F029503BEB1E07D3F86CF09BE05
:10A6A000CCAB7D3FB70810BE74747D3F834016BEAF
:10A6B000AC3A7D3FDE761CBE73FE7C3FB6AB22BE5D
:10A6C000C9BF7C3FFCDE28BEB07E7C3FA2102FBEFF
:10A6D000283B7C3F984035BE31F57B3FCF6E3BBE7B
:10A6E000CDAC7B3F379B41BEFC617B3FC2C547BEC3
:10A6F000BE147B3F60EE4DBE16C57A3F011554BEB9
:10A7000002737A3F97395ABE841E7A3F135C60BE4B
:10A710009DC7793F667C66BE4E6E793F7F9A6CBE60
:10A720009812793F51B672BE7BB4783FCCCF78BED9
:10A73000F853783FE1E67EBE10F1773FC07D82BEE0
:10A74000C58B773FCE8685BE1724773F938E88BE14
:10A7500007BA763F07958BBE974D763F229A8EBEFD
:10A76000C6DE753FDD9D91BE976D753F31A094BEED
:10A770000BFA743F17A197BE2284743F86A09ABE3D
:10A78000DD0B743F789E9DBE3F91733FE59AA0BE5E
:10A790004714733FC595A3BEF894723F128FA6BEAF
:10A7A0005213723FC486A9BE578F713FD47CACBE92
:10A7B0000809713F3A71AFBE6680703FEF63B2BE69
:10A7C00073F56F3FEC54B5BE30686F3F2A44B8BE96
:10A7D0009ED86E3FA031BBBEBE466E3F4A1DBEBE78
:10A7E00093B26D3F1E07C1BE1D1C6D3F15EFC3BE6A
:10A7F0005E836C3F29D5C6BE58E86B3F53B9C9BECE
:10A800000C4B6B3F8B9BCCBE7BAB6A3FCA7BCFBEF6
:10A81000A7096A3F095AD2BE9165693F4136D5BE44
:10A820003CBF683F6B10D8BEA816683F80E8DABE10
:10A83000D86B673F79BEDDBECCBE663F4F92E0BEAF
:10A84000880F663FFA63E3BE0B5E653F7533E6BE75
:10A8500059AA643FB700E9BE73F4633FBBCBEBBEBC
:10A860005A3C633F7994EEBE1082623FEA5AF1BED1
:10A8700098C5613F071FF4BEF206613FCBE0F6BE0C
:10A880002146603F2DA0F9BE27835F3F275DFCBEB8
:10A8900005BE5E3FB217FFBEBEF65D3FE4E700BFF8
:10A8A000532D5D3FB14202BFC7615C3F3D9C03BF7A
:10A8B0001A945B3F84F404BF50C45A3F824B06BFD6
:10A8C0006AF2593F36A107BF6A1E593F9BF508BF80
:10A8D0005348583FAD480ABF2670573F6B9A0BBF8D
:10A8E000E595563FD0EA0CBF93B9553FDA390EBF14
:10A8F00031DB543F84870FBFC3FA533FCDD310BF22
:10A900004918533FB01E12BFC633523F2A6813BFC7
:10A910003D4D513F39B014BFAF64503FD9F615BF1C
:10A920001F7A4F3F073C17BF908D4E3FC07F18BF27
:10A93000029F4D3F00C219BF79AE4C3FC6021BBFFC
:10A94000F8BB4B3F0C421CBF7FC74A3FD17F1DBFA6
:10A9500012D1493F12BC1EBFB3D8483FCBF61FBF30
:10A9600065DE473FF92F21BF2AE2463F996722BFA4
:10A9700003E4453FA99D23BFF5E3443F25D224BF0F
:10A9800000E2433F0A0526BF29DE423F563627BF75
:10A9900070D8413F056628BFDAD0403F159429BFE3
:10A9A00067C73F3F82C02ABF1BBC3E3F4AEB2BBF5D
:10A9B000F9AE3D3F69142DBF03A03C3FDE3B2EBFE7
:10A9C0003B8F3B3FA5612FBFA47C3A3FBB8530BF87
:10A9D0004268393F1DA831BF1652383FC9C832BF3F
:10A9E000233A373FBCE733BF6C20363FF30435BF13
:10A9F000F304353F6C2036BFBCE7333F233A37BF03
:10AA0000C9C8323F165238BF1DA8313F426839BF0E
:10AA1000BB85303FA47C3ABFA5612F3F3B8F3BBF36
:10AA2000DE3B2E3F03A03CBF69142D3FF9AE3DBF76
:10AA30004AEB2B3F1BBC3EBF82C02A3F67C73FBFCC
:10AA40001594293FDAD040BF0566283F70D841BF32
:10AA50005636273F29DE42BF0A05263F00E243BFA4
:10AA600025D2243FF5E344BFA99D233F03E445BF1E
:10AA70009967223F2AE246BFF92F213F65DE47BF93
:10AA8000CBF61F3FB3D848BF12BC1E3F12D149BFFF
:10AA9000D17F1D3F7FC74ABF0C421C3FF8BB4BBF55
:10AAA000C6021B3F79AE4CBF00C2193F029F4DBF8B
:10AAB000C07F183F908D4EBF073C173F1F7A4FBF96
:10AAC000D9F6153FAF6450BF39B0143F3D4D51BF6B
:10AAD0002A68133FC63352BFB01E123F491853BFF6
:10AAE000CDD3103FC3FA53BF84870F3F31DB54BF30
:10AAF000DA390E3F93B955BFD0EA0C3FE59556BF02
:10AB00006B9A0B3F267057BFAD480A3F534858BF5A
:10AB10009BF5083F6A1E59BF36A1073F6AF259BF2D
:10AB2000824B063F50C45ABF84F4043F1A945BBF63
:10AB30003D9C033FC7615CBFB142023F532D5DBFE7
:10AB4000E4E7003FBEF65DBFB217FF3E05BE5EBF45
:10AB5000275DFC3E27835FBF2DA0F93E214660BFE5
:10AB6000CBE0F63EF20661BF071FF43E98C561BF19
:10AB7000EA5AF13E108262BF7994EE3E5A3C63BFBE
:10AB8000BBCBEB3E73F463BFB700E93E59AA64BF89
:10AB90007533E63E0B5E65BFFA63E33E880F66BF22
:10ABA0004F92E03ECCBE66BF79BEDD3ED86B67BF3C
:10ABB00080E8DA3EA81668BF6B10D83E3CBF68BF7D
:10ABC0004136D53E916569BF095AD23EA7096ABF91
:10ABD000CA7BCF3E7BAB6ABF8B9BCC3E0C4B6BBF23
:10ABE00053B9C93E58E86BBF29D5C63E5E836CBFDA
:10ABF00015EFC33E1D1C6DBF1E07C13E93B26DBF56
:10AC00004A1DBE3EBE466EBFA031BB3E9ED86EBF43
:10AC10002A44B83E30686FBFEC54B53E73F56FBF41
:10AC2000EF63B23E668070BF3A71AF3E080971BFF4
:10AC3000D47CAC3E578F71BFC486A93E521372BFFD
:10AC4000128FA63EF89472BFC595A33E471473BFFA
:10AC5000E59AA03E3F9173BF789E9D3EDD0B74BF89
:10AC600086A09A3E228474BF17A1973E0BFA74BF48
:10AC700031A0943E976D75BFDD9D913EC6DE75BFD8
:10AC8000229A8E3E974D76BF07958B3E07BA76BFC8
:10AC9000938E883E172477BFCE86853EC58B77BFBF
:10ACA000C07D823E10F177BFE1E67E3EF85378BF6B
:10ACB000CCCF783E7BB478BF51B6723E981279BF44
:10ACC0007F9A6C3E4E6E79BF667C663E9DC779BFAB
:10ACD000135C603E841E7ABF97395A3E02737ABF76
:10ACE0000115543E16C57ABF60EE4D3EBE147BBFC3
:10ACF000C2C5473EFC617BBF379B413ECDAC7BBFAD
:10AD0000CF6E3B3E31F57BBF9840353E283B7CBF44
:10AD1000A2102F3EB07E7CBFFCDE283EC9BF7CBFA8
:10AD2000B6AB223E73FE7CBFDE761C3EAC3A7DBFE6
:10AD30008340163E74747DBFB708103ECCAB7DBF18
:10AD400086CF093EB1E07DBF0295033E24137EBF4E
:10AD500073B2FA3D23437EBF7638EE3DB0707EBFBE
:10AD60002EBCE13DC99B7EBFB93DD53D6DC47EBFC4
:10AD700036BDC83D9DEA7EBFC33ABC3D580E7FBF7D
:10AD800080B6AF3D9D2F7FBF8C30A33D6D4E7FBF02
:10AD900005A9963DC76A7FBF0A208A3DAB847FBF65
:10ADA000742B7B3D189C7FBF6814623D0FB17FBF41
:10ADB0002FFB483D8FC37FBF07E02F3D98D37FBF58
:10ADC0002CC3163D29E17FBFB949FB3C43EC7FBF53
:10ADD000B00AC93CE6F47FBFB6C9963C11FB7FBF01
:10ADE000900E493CC4FE7FBF890FC93B000080BF65
:10ADF00000000000C4FE7FBF890FC9BB11FB7FBFED
:10AE0000900E49BCE6F47FBFB6C996BC43EC7FBF49
:10AE1000B00AC9BC29E17FBFB949FBBC98D37FBF49
:10AE20002CC316BD8FC37FBF07E02FBD0FB17FBFFF
:10AE30002FFB48BD189C7FBF681462BDAB847FBFE9
:10AE4000742B7BBDC76A7FBF0A208ABD6D4E7FBF52
:10AE500005A996BD9D2F7FBF8C30A3BD580E7FBF27
:10AE600080B6AFBD9DEA7EBFC33ABCBD6DC47EBF98
:10AE700036BDC8BDC99B7EBFB93DD5BDB0707EBFD4
:10AE80002EBCE1BD23437EBF7638EEBD24137EBFCA
:10AE900073B2FABDB1E07DBF029503BECCAB7DBFFE
:10AEA00086CF09BE74747DBFB70810BEAC3A7DBFB3
:10AEB000834016BE73FE7CBFDE761CBEC9BF7CBF5E
:10AEC000B6AB22BEB07E7CBFFCDE28BE283B7CBF7A
:10AED000A2102FBE31F57BBF984035BECDAC7BBFF5
:10AEE000CF6E3BBEFC617BBF379B41BEBE147BBFB8
:10AEF000C2C547BE16C57ABF60EE4DBE02737ABFAB
:10AF0000011554BE841E7ABF97395ABE9DC779BFBA
:10AF1000135C60BE4E6E79BF667C66BE981279BFC8
:10AF20007F9A6CBE7BB478BF51B672BEF85378BFBF
:10AF3000CCCF78BE10F177BFE1E67EBEC58B77BF80
:10AF4000C07D82BE172477BFCE8685BE07BA76BF86
:10AF5000938E88BE974D76BF07958BBEC6DE75BFB4
:10AF6000229A8EBE976D75BFDD9D91BE0BFA74BFA0
:10AF700031A094BE228474BF17A197BEDD0B74BFAD
:10AF800086A09ABE3F9173BF789E9DBE471473BF43
:10AF9000E59AA0BEF89472BFC595A3BE521372BFC6
:10AFA000128FA6BE578F71BFC486A9BE080971BF94
:10AFB000D47CACBE668070BF3A71AFBE73F56FBF14
:10AFC000EF63B2BE30686FBFEC54B5BE9ED86EBFA3
:10AFD0002A44B8BEBE466EBFA031BBBE93B26DBFA1
:10AFE0004A1DBEBE1D1C6DBF1E07C1BE5E836CBF69
:10AFF00015EFC3BE58E86BBF29D5C6BE0C4B6BBF5F
:10B0000053B9C9BE7BAB6ABF8B9BCCBEA7096ABFD5
:10B01000CA7BCFBE916569BF095AD2BE3CBF68BF2B
:10B020004136D5BEA81668BF6B10D8BED86B67BFB7
:10B0300080E8DABECCBE66BF79BEDDBE880F66BFD3
:10B040004F92E0BE0B5E65BFFA63E3BE59AA64BFD0
:10B050007533E6BE73F463BFB700E9BE5A3C63BF05
:10B06000BBCBEBBE108262BF7994EEBE98C561BFC8
:10B07000EA5AF1BEF20661BF071FF4BE214660BF67
:10B08000CBE0F6BE27835FBF2DA0F9BE05BE5EBF35
:10B09000275DFCBEBEF65DBFB217FFBE532D5DBF80
:10B0A000E4E700BFC7615CBFB14202BF1A945BBF57
:10B0B0003D9C03BF50C45ABF84F404BF6AF259BF19
:10B0C000824B06BF6A1E59BF36A107BF534858BFFF
:10B0D0009BF508BF267057BFAD480ABFE59556BF20
:10B0E0006B9A0BBF93B955BFD0EA0CBF31DB54BF8D
:10B0F000DA390EBFC3FA53BF84870FBF491853BF55
:10B10000CDD310BFC63352BFB01E12BF3D4D51BF8D
:10B110002A6813BFAF6450BF39B014BF1F7A4FBF46
:10B12000D9F615BF908D4EBF073C17BF029F4DBF8C
:10B13000C07F18BF79AE4CBF00C219BFF8BB4BBF70
:10B14000C6021BBF7FC74ABF0C421CBF12D149BFFA
:10B15000D17F1DBFB3D848BF12BC1EBF65DE47BF3D
:10B16000CBF61FBF2AE246BFF92F21BF03E445BF3C
:10B17000996722BFF5E344BFA99D23BF00E243BF07
:10B1800025D224BF29DE42BF0A0526BF70D841BFA1
:10B19000563627BFDAD040BF056628BF67C73FBF16
:10B1A000159429BF1BBC3EBF82C02ABFF9AE3DBF6C
:10B1B0004AEB2BBF03A03CBF69142DBF3B8F3BBFA5
:10B1C000DE3B2EBFA47C3ABFA5612FBF426839BFCA
:10B1D000BB8530BF165238BF1DA831BF233A37BFD9
:10B1E000C9C832BF6C2036BFBCE733BFF30435BFDC
:10B1F000F30435BFBCE733BF6C2036BFC9C832BFCC
:10B20000233A37BF1DA831BF165238BFBB8530BFA8
:10B21000426839BFA5612FBFA47C3ABFDE3B2EBF79
:10B220003B8F3BBF69142DBF03A03CBF4AEB2BBF34
:10B23000F9AE3DBF82C02ABF1BBC3EBF159429BFDB
:10B2400067C73FBF056628BFDAD040BF563627BF65
:10B2500070D841BF0A0526BF29DE42BF25D224BFD0
:10B2600000E243BFA99D23BFF5E344BF996722BF16
:10B2700003E445BFF92F21BF2AE246BFCBF61FBF2B
:10B2800065DE47BF12BC1EBFB3D848BFD17F1DBF0C
:10B2900012D149BF0C421CBF7FC74ABFC6021BBFA9
:10B2A000F8BB4BBF00C219BF79AE4CBFC07F18BFFF
:10B2B000029F4DBF073C17BF908D4EBFD9F615BFFB
:10B2C0001F7A4FBF39B014BFAF6450BF2A6813BF95
:10B2D0003D4D51BFB01E12BFC63352BFCDD310BFBC
:10B2E000491853BF84870FBFC3FA53BFDA390EBF63
:10B2F00031DB54BFD0EA0CBF93B955BF6B9A0BBF7B
:10B30000E59556BFAD480ABF267057BF9BF508BFED
:10B31000534858BF36A107BF6A1E59BF824B06BFAC
:10B320006AF259BF84F404BF50C45ABF3D9C03BFA6
:10B330001A945BBFB14202BFC7615CBFE4E700BFC4
:10B34000532D5DBFB217FFBEBEF65DBF275DFCBECD
:10B3500005BE5EBF2DA0F9BE27835FBFCBE0F6BE62
:10B36000214660BF071FF4BEF20661BFEA5AF1BE74
:10B3700098C561BF7994EEBE108262BFBBCBEBBEB5
:10B380005A3C63BFB700E9BE73F463BF7533E6BED2
:10B3900059AA64BFFA63E3BE0B5E65BF4F92E0BE7D
:10B3A000880F66BF79BEDDBECCBE66BF80E8DABE60
:10B3B000D86B67BF6B10D8BEA81668BF4136D5BE24
:10B3C0003CBF68BF095AD2BE916569BFCA7BCFBE78
:10B3D000A7096ABF8B9BCCBE7BAB6ABF53B9C9BE02
:10B3E0000C4B6BBF29D5C6BE58E86BBF15EFC3BE6B
:10B3F0005E836CBF1E07C1BE1D1C6DBF4A1DBEBE55
:10B4000093B26DBFA031BBBEBE466EBF2A44B8BE6C
:10B410009ED86EBFEC54B5BE30686FBFEF63B2BE4E
:10B4200073F56FBF3A71AFBE668070BFD47CACBE9F
:10B43000080971BFC486A9BE578F71BF128FA6BEFF
:10B44000521372BFC595A3BEF89472BFE59AA0BE11
:10B45000471473BF789E9DBE3F9173BF86A09ABE6E
:10B46000DD0B74BF17A197BE228474BF31A094BEB8
:10B470000BFA74BFDD9D91BE976D75BF229A8EBE8B
:10B48000C6DE75BF07958BBE974D76BF938E88BE7F
:10B4900007BA76BFCE8685BE172477BFC07D82BE31
:10B4A000C58B77BFE1E67EBE10F177BFCCCF78BE0B
:10B4B000F85378BF51B672BE7BB478BF7F9A6CBE2A
:10B4C000981279BF667C66BE4E6E79BF135C60BE13
:10B4D0009DC779BF97395ABE841E7ABF011554BEE5
:10B4E00002737ABF60EE4DBE16C57ABFC2C547BEB5
:10B4F000BE147BBF379B41BEFC617BBFCF6E3BBEA2
:10B50000CDAC7BBF984035BE31F57BBFA2102FBEBE
:10B51000283B7CBFFCDE28BEB07E7CBFB6AB22BE23
:10B52000C9BF7CBFDE761CBE73FE7CBF834016BEE7
:10B53000AC3A7DBFB70810BE74747DBF86CF09BE1C
:10B54000CCAB7DBF029503BEB1E07DBF73B2FABD47
:10B5500024137EBF7638EEBD23437EBF2EBCE1BDF3
:10B56000B0707EBFB93DD5BDC99B7EBF36BDC8BDDD
:10B570006DC47EBFC33ABCBD9DEA7EBF80B6AFBD81
:10B58000580E7FBF8C30A3BD9D2F7FBF05A996BDF0
:10B590006D4E7FBF0A208ABDC76A7FBF742B7BBDFB
:10B5A000AB847FBF681462BD189C7FBF2FFB48BD72
:10B5B0000FB17FBF07E02FBD8FC37FBF2CC316BD68
:10B5C00098D37FBFB949FBBC29E17FBFB00AC9BC92
:10B5D00043EC7FBFB6C996BCE6F47FBF900E49BC72
:10B5E00011FB7FBF890FC9BBC4FE7FBF0000008075
:10B5F000000080BF890FC93BC4FE7FBF900E493C4D
:10B6000011FB7FBFB6C9963CE6F47FBFB00AC93CC8
:10B6100043EC7FBFB949FB3C29E17FBF2CC3163DFA
:10B6200098D37FBF07E02F3D8FC37FBF2FFB483DDF
:10B630000FB17FBF6814623D189C7FBF742B7B3DA8
:10B64000AB847FBF0A208A3DC76A7FBF05A9963DAC
:10B650006D4E7FBF8C30A33D9D2F7FBF80B6AF3D29
:10B66000580E7FBFC33ABC3D9DEA7EBF36BDC83D84
:10B670006DC47EBFB93DD53DC99B7EBF2EBCE13DAB
:10B68000B0707EBF7638EE3D23437EBF73B2FA3D85
:10B6900024137EBF0295033EB1E07DBF86CF093EF5
:10B6A000CCAB7DBFB708103E74747DBF8340163E9F
:10B6B000AC3A7DBFDE761C3E73FE7CBFB6AB223E4D
:10B6C000C9BF7CBFFCDE283EB07E7CBFA2102F3EEF
:10B6D000283B7CBF9840353E31F57BBFCF6E3B3E6B
:10B6E000CDAC7BBF379B413EFC617BBFC2C5473EB3
:10B6F000BE147BBF60EE4D3E16C57ABF0115543EA9
:10B7000002737ABF97395A3E841E7ABF135C603E3B
:10B710009DC779BF667C663E4E6E79BF7F9A6C3E50
:10B72000981279BF51B6723E7BB478BFCCCF783EC9
:10B73000F85378BFE1E67E3E10F177BFC07D823ED0
:10B74000C58B77BFCE86853E172477BF938E883E04
:10B7500007BA76BF07958B3E974D76BF229A8E3EED
:10B76000C6DE75BFDD9D913E976D75BF31A0943EDD
:10B770000BFA74BF17A1973E228474BF86A09A3E2D
:10B78000DD0B74BF789E9D3E3F9173BFE59AA03E4E
:10B79000471473BFC595A33EF89472BF128FA63E9F
:10B7A000521372BFC486A93E578F71BFD47CAC3E82
:10B7B000080971BF3A71AF3E668070BFEF63B23E59
:10B7C00073F56FBFEC54B53E30686FBF2A44B83E86
:10B7D0009ED86EBFA031BB3EBE466EBF4A1DBE3E68
:10B7E00093B26DBF1E07C13E1D1C6DBF15EFC33E5A
:10B7F0005E836CBF29D5C63E58E86BBF53B9C93EBE
:10B800000C4B6BBF8B9BCC3E7BAB6ABFCA7BCF3EE6
:10B81000A7096ABF095AD23E916569BF4136D53E34
:10B820003CBF68BF6B10D83EA81668BF80E8DA3E00
:10B83000D86B67BF79BEDD3ECCBE66BF4F92E03E9F
:10B84000880F66BFFA63E33E0B5E65BF7533E63E65
:10B8500059AA64BFB700E93E73F463BFBBCBEB3EAC
:10B860005A3C63BF7994EE3E108262BFEA5AF13EC1
:10B8700098C561BF071FF43EF20661BFCBE0F63EFC
:10B88000214660BF2DA0F93E27835FBF275DFC3EA8
:10B8900005BE5EBFB217FF3EBEF65DBFE4E7003FE8
:10B8A000532D5DBFB142023FC7615CBF3D9C033F6A
:10B8B0001A945BBF84F4043F50C45ABF824B063FC6
:10B8C0006AF259BF36A1073F6A1E59BF9BF5083F70
:10B8D000534858BFAD480A3F267057BF6B9A0B3F7D
:10B8E000E59556BFD0EA0C3F93B955BFDA390E3F04
:10B8F00031DB54BF84870F3FC3FA53BFCDD3103F12
:10B90000491853BFB01E123FC63352BF2A68133FB7
:10B910003D4D51BF39B0143FAF6450BFD9F6153F0C
:10B920001F7A4FBF073C173F908D4EBFC07F183F17
:10B93000029F4DBF00C2193F79AE4CBFC6021B3FEC
:10B94000F8BB4BBF0C421C3F7FC74ABFD17F1D3F96
:10B9500012D149BF12BC1E3FB3D848BFCBF61F3F20
:10B9600065DE47BFF92F213F2AE246BF9967223F94
:10B9700003E445BFA99D233FF5E344BF25D2243FFF
:10B9800000E243BF0A05263F29DE42BF5636273F65
:10B9900070D841BF0566283FDAD040BF1594293FD3
:10B9A00067C73FBF82C02A3F1BBC3EBF4AEB2B3F4D
:10B9B000F9AE3DBF69142D3F03A03CBFDE3B2E3FD7
:10B9C0003B8F3BBFA5612F3FA47C3ABFBB85303F77
:10B9D000426839BF1DA8313F165238BFC9C8323F2F
:10B9E000233A37BFBCE7333F6C2036BFF304353F03
:10B9F000F30435BF6C20363FBCE733BF233A373FF3
:10BA0000C9C832BF1652383F1DA831BF4268393FFE
:10BA1000BB8530BFA47C3A3FA5612FBF3B8F3B3F26
:10BA2000DE3B2EBF03A03C3F69142DBFF9AE3D3F66
:10BA30004AEB2BBF1BBC3E3F82C02ABF67C73F3FBC
:10BA4000159429BFDAD0403F056628BF70D8413F22
:10BA5000563627BF29DE423F0A0526BF00E2433F94
:10BA600025D224BFF5E3443FA99D23BF03E4453F0E
:10BA7000996722BF2AE2463FF92F21BF65DE473F83
:10BA8000CBF61FBFB3D8483F12BC1EBF12D1493FEF
:10BA9000D17F1DBF7FC74A3F0C421CBFF8BB4B3F45
:10BAA000C6021BBF79AE4C3F00C219BF029F4D3F7B
:10BAB000C07F18BF908D4E3F073C17BF1F7A4F3F86
:10BAC000D9F615BFAF64503F39B014BF3D4D513F5B
:10BAD0002A6813BFC633523FB01E12BF4918533FE6
:10BAE000CDD310BFC3FA533F84870FBF31DB543F20
:10BAF000DA390EBF93B9553FD0EA0CBFE595563FF2
:10BB00006B9A0BBF2670573FAD480ABF5348583F4A
:10BB10009BF508BF6A1E593F36A107BF6AF2593F1D
:10BB2000824B06BF50C45A3F84F404BF1A945B3F53
:10BB30003D9C03BFC7615C3FB14202BF532D5D3FD7
:10BB4000E4E700BFBEF65D3FB217FFBE05BE5E3F35
:10BB5000275DFCBE27835F3F2DA0F9BE2146603FD5
:10BB6000CBE0F6BEF206613F071FF4BE98C5613F09
:10BB7000EA5AF1BE1082623F7994EEBE5A3C633FAE
:10BB8000BBCBEBBE73F4633FB700E9BE59AA643F79
:10BB90007533E6BE0B5E653FFA63E3BE880F663F12
:10BBA0004F92E0BECCBE663F79BEDDBED86B673F2C
:10BBB00080E8DABEA816683F6B10D8BE3CBF683F6D
:10BBC0004136D5BE9165693F095AD2BEA7096A3F81
:10BBD000CA7BCFBE7BAB6A3F8B9BCCBE0C4B6B3F13
:10BBE00053B9C9BE58E86B3F29D5C6BE5E836C3FCA
:10BBF00015EFC3BE1D1C6D3F1E07C1BE93B26D3F46
:10BC00004A1DBEBEBE466E3FA031BBBE9ED86E3F33
:10BC10002A44B8BE30686F3FEC54B5BE73F56F3F31
:10BC2000EF63B2BE6680703F3A71AFBE0809713FE4
:10BC3000D47CACBE578F713FC486A9BE5213723FED
:10BC4000128FA6BEF894723FC595A3BE4714733FEA
:10BC5000E59AA0BE3F91733F789E9DBEDD0B743F79
:10BC600086A09ABE2284743F17A197BE0BFA743F38
:10BC700031A094BE976D753FDD9D91BEC6DE753FC8
:10BC8000229A8EBE974D763F07958BBE07BA763FB8
:10BC9000938E88BE1724773FCE8685BEC58B773FAF
:10BCA000C07D82BE10F1773FE1E67EBEF853783F5B
:10BCB000CCCF78BE7BB4783F51B672BE9812793F34
:10BCC0007F9A6CBE4E6E793F667C66BE9DC7793F9B
:10BCD000135C60BE841E7A3F97395ABE02737A3F66
:10BCE000011554BE16C57A3F60EE4DBEBE147B3FB3
:10BCF000C2C547BEFC617B3F379B41BECDAC7B3F9D
:10BD0000CF6E3BBE31F57B3F984035BE283B7C3F34
:10BD1000A2102FBEB07E7C3FFCDE28BEC9BF7C3F98
:10BD2000B6AB22BE73FE7C3FDE761CBEAC3A7D3FD6
:10BD3000834016BE74747D3FB70810BECCAB7D3F08
:10BD400086CF09BEB1E07D3F029503BE24137E3F3E
:10BD500073B2FABD23437E3F7638EEBDB0707E3FAE
:10BD60002EBCE1BDC99B7E3FB93DD5BD6DC47E3FB4
:10BD700036BDC8BD9DEA7E3FC33ABCBD580E7F3F6D
:10BD800080B6AFBD9D2F7F3F8C30A3BD6D4E7F3FF2
:10BD900005A996BDC76A7F3F0A208ABDAB847F3F55
:10BDA000742B7BBD189C7F3F681462BD0FB17F3F31
:10BDB0002FFB48BD8FC37F3F07E02FBD98D37F3F48
:10BDC0002CC316BD29E17F3FB949FBBC43EC7F3F43
:10BDD000B00AC9BCE6F47F3FB6C996BC11FB7F3FF1
:10BDE000900E49BCC4FE7F3F890FC9BB0000000014
:10BDF0000000004B000000CBD1F71737D1F717B781
:10BE00008071313F807131BF0000003F000000BFF2
:08BE1000B0AB022000000000AD
:08BE1800E043FD7F0100000082
:08BE2000E10C00080000000025
:08BE2800BD0C00080000000041
:10BE300000000000FF00000000093D0001000000BC
:10BE4000080000000000000003000000D4A9022048
:10BE50002400002000000000D4A902203CAA0220F7
:10BE6000A4AA022000000000000000000000000062
:10BE700000000000000000000000000000000000C2
:10BE800000000000000000000000000000000000B2
:10BE900000000000000000000000000000000000A2
:08BEA00015AB022000000000B8
:0400000508000F3DA3
:00000001FF
