:020000040800F2
:1000000000000320690F0008650E0008670E000855
:10001000690E00086B0E00086D0E0008B90F00088D
:100020000000000000000000000000006F0E00084B
:10003000710E000800000000730E0008750E000825
:10004000B90F0008B90F0008B90F0008B90F000870
:10005000B90F0008B90F0008B90F0008B90F000860
:10006000B90F0008B90F0008B90F0008B90F000850
:10007000B90F0008B90F0008B90F0008B90F000840
:10008000B90F0008B90F0008B90F0008B90F000830
:10009000B90F0008B90F0008B90F0008B90F000820
:1000A000790E0008B90F0008B90F00087F0E00088C
:1000B000B90F0008B90F0008810E0008B90F000839
:1000C000B90F0008B90F0008B90F0008B90F0008F0
:1000D000B90F0008B90F0008B90F0008B90F0008E0
:1000E000B90F0008B90F0008B90F0008B90F0008D0
:1000F000B90F0008B90F0008B90F0008B90F0008C0
:10010000B90F0008B90F0008B90F0008B90F0008AF
:10011000B90F0008B90F0008B90F0008B90F00089F
:10012000B90F0008B90F0008B90F0008B90F00088F
:10013000B90F0008B90F0008B90F0008B90F00087F
:10014000B90F0008B90F0008B90F0008B90F00086F
:10015000B90F0008B90F0008B90F0008B90F00085F
:10016000B90F0008B90F0008B90F0008B90F00084F
:10017000B90F000800000000B90F000800000000DF
:10018000830E0008B90F0008B90F0008B90F000866
:10019000B90F0008B90F0008B90F0008B90F00081F
:1001A000B90F0008B90F0008850E0008B90F000844
:1001B000B90F000800000000B90F0008B90F0008CF
:1001C000B90F000800000000B90F0008B90F0008BF
:1001D000B90F0008B90F0008B90F0008B90F0008DF
:1001E000B90F0008B90F0008B90F0008B90F0008CF
:0801F000000000000000000007
:1001F80010F8012B11F8013B012A28BF9A42F7D0C9
:10020800D01A704781F0004102E000BF83F000433C
:1002180030B54FEA41044FEA430594EA050F08BF99
:1002280090EA020F1FBF54EA000C55EA020C7FEA5D
:10023800645C7FEA655C00F0E2804FEA5454D4EBDA
:100248005555B8BF6D420CDD2C4480EA020281EAA4
:10025800030382EA000083EA010180EA020281EADC
:100268000303362D88BF30BD11F0004F4FEA01312E
:100278004FF4801C4CEA113102D0404261EB41013D
:1002880013F0004F4FEA03334CEA133302D05242C3
:1002980063EB430394EA050F00F0A780A4F101047F
:1002A800D5F1200E0DDB02FA0EFC22FA05F28018B9
:1002B80041F1000103FA0EF2801843FA05F359419F
:1002C8000EE0A5F120050EF1200E012A03FA0EFC1E
:1002D80028BF4CF0020C43FA05F3C01851EBE37148
:1002E80001F0004507D54FF0000EDCF1000C7EEB65
:1002F80000006EEB0101B1F5801F1BD3B1F5001FA3
:100308000CD349085FEA30004FEA3C0C04F10104C1
:100318004FEA445212F5800F80F09A80BCF1004FEA
:1003280008BF5FEA500C50F1000041EB045141EA6C
:10033800050130BD5FEA4C0C404141EB0101013C35
:1003480028BFB1F5801FE9D291F0000F04BF014624
:100358000020B1FA81F308BF2033A3F10B03B3F1F6
:1003680020020CDA0C3208DD02F1140CC2F10C0286
:1003780001FA0CF021FA02F10CE002F11402D8BFE4
:10038800C2F1200C01FA02F120FA0CFCDCBF41EAB0
:100398000C019040E41AA2BF01EB0451294330BD7F
:1003A8006FEA04041F3C1CDA0C340EDC04F114045C
:1003B800C4F1200220FA04F001FA02F340EA030033
:1003C80021FA04F345EA030130BDC4F10C04C4F179
:1003D800200220FA02F001FA04F340EA0300294659
:1003E80030BD21FA04F0294630BD94F0000F83F4A3
:1003F800801306BF81F480110134013D4EE77FEA86
:10040800645C18BF7FEA655C29D094EA050F08BFD1
:1004180090EA020F05D054EA000C04BF19461046B2
:1004280030BD91EA030F1EBF0021002030BD5FEAF6
:10043800545C05D14000494128BF41F0004130BD1E
:1004480014F580043CBF01F5801130BD01F0004572
:1004580045F0FE4141F470014FF0000030BD7FEAE5
:10046800645C1ABF194610467FEA655C1CBF0B46E0
:10047800024650EA013406BF52EA033591EA030FF7
:1004880041F4002130BD00BF90F0000F04BF0021EF
:10049800704730B54FF4806404F132044FF0000522
:1004A8004FF0000150E700BF90F0000F04BF00219B
:1004B800704730B54FF4806404F1320410F0004501
:1004C80048BF40424FF000013EE700BF42004FEAFC
:1004D800E2014FEA31014FEA02701FBF12F07F4379
:1004E80093F07F4F81F06051704732F07F4208BF30
:1004F800704793F07F4F04BF41F40021704730B537
:100508004FF4607401F0004521F000411CE700BF82
:1005180050EA010208BF704730B54FF000050AE005
:1005280050EA010208BF704730B511F0004502D506
:10053800404261EB41014FF4806404F132045FEA08
:10054800915C3FF4D8AE4FF003025FEADC0C18BFB1
:1005580003325FEADC0C18BF033202EBDC02C2F1A3
:10056800200300FA03FC20FA02F001FA03FE40EA35
:100578000E0021FA02F11444BDE600BF70B54FF039
:10058800FF0C4CF4E06C1CEA11541DBF1CEA135517
:1005980094EA0C0F95EA0C0F00F0DEF82C4481EA7F
:1005A800030621EA4C5123EA4C5350EA013518BF9F
:1005B80052EA033541F4801143F4801338D0A0FB8C
:1005C80002CE4FF00005E1FB02E506F00042E0FB39
:1005D80003E54FF00006E1FB03569CF0000F18BF3F
:1005E8004EF0010EA4F1FF04B6F5007F64F54074E7
:1005F80004D25FEA4E0E6D4146EB060642EAC6217A
:1006080041EA55514FEAC52040EA5E504FEACE2EE6
:10061800B4F1FD0C88BFBCF5E06F1ED8BEF1004FE9
:1006280008BF5FEA500E50F1000041EB045170BD65
:1006380006F0004646EA010140EA020081EA0301A9
:10064800B4EB5C04C2BFD4EB0C0541EA045170BDA5
:1006580041F480114FF0000E013C00F3AB8014F11F
:10066800360FDEBF002001F0004170BDC4F1000468
:10067800203C35DA0C341BDC04F11404C4F12005E9
:1006880000FA05F320FA04F001FA05F240EA020044
:1006980001F0004221F0004110EBD37021FA04F67A
:1006A80042EB06015EEA430E08BF20EAD37070BD34
:1006B800C4F10C04C4F1200500FA04F320FA05F093
:1006C80001FA04F240EA020001F0004110EBD37095
:1006D80041F100015EEA430E08BF20EAD37070BD05
:1006E800C4F1200500FA05F24EEA020E20FA04F3DE
:1006F80001FA05F243EA020321FA04F001F000418D
:1007080021FA04F220EA020000EBD3705EEA430EFD
:1007180008BF20EAD37070BD94F0000F0FD101F02C
:100728000046400041EB010111F4801F08BF013C65
:10073800F7D041EA060195F0000F18BF704703F0A3
:100748000046520043EB030313F4801F08BF013D2A
:10075800F7D043EA0603704794EA0C0F0CEA1355E6
:1007680018BF95EA0C0F0CD050EA410618BF52EAA0
:100778004306D1D181EA030101F000414FF00000A6
:1007880070BD50EA410606BF1046194652EA4306B4
:1007980019D094EA0C0F02D150EA013613D195EA28
:1007A8000C0F05D152EA03361CBF104619460AD170
:1007B80081EA030101F0004141F0FE4141F470017A
:1007C8004FF0000070BD41F0FE4141F4780170BD6A
:1007D80070B54FF0FF0C4CF4E06C1CEA11541DBFCF
:1007E8001CEA135594EA0C0F95EA0C0F00F0A7F8D1
:1007F800A4EB050481EA030E52EA03354FEA0131FE
:1008080000F088804FEA03334FF0805545EA131310
:1008180043EA12634FEA022245EA111545EA1065D8
:100828004FEA00260EF000419D4208BF964244F16F
:10083800FD0404F5407402D25B084FEA3202B61A8E
:1008480065EB03055B084FEA32024FF480104FF462
:10085800002CB6EB020E75EB030E22BFB61A7546D6
:1008680040EA0C005B084FEA3202B6EB020E75EB69
:10087800030E22BFB61A754640EA5C005B084FEAD1
:100888003202B6EB020E75EB030E22BFB61A75469E
:1008980040EA9C005B084FEA3202B6EB020E75EBA9
:1008A800030E22BFB61A754640EADC0055EA060E6A
:1008B80018D04FEA051545EA16754FEA06164FEAAD
:1008C800C30343EA52734FEAC2025FEA1C1CC0D159
:1008D80011F4801F0BD141EA00014FF000004FF0E6
:1008E800004CB6E711F4801F04BF01430020B4F1A7
:1008F800FD0C88BFBCF5E06F3FF6AFAEB5EB030C5F
:1009080004BFB6EB020C5FEA500C50F1000041EB5B
:10091800045170BD0EF0004E4EEA113114EB5C0428
:10092800C2BFD4EB0C0541EA045170BD41F48011FB
:100938004FF0000E013C90E645EA060E8DE60CEA03
:10094800135594EA0C0F08BF95EA0C0F3FF43BAF20
:1009580094EA0C0F0AD150EA01347FF434AF95EAD7
:100968000C0F7FF425AF104619462CE795EA0C0FBB
:1009780006D152EA03353FF4FDAE1046194622E788
:1009880050EA410618BF52EA43067FF4C5AE50EA62
:1009980041047FF40DAF52EA43057FF4EBAE12E752
:1009A8004FF0FF3C06E000BF4FF0010C02E000BF33
:1009B8004FF0010C4DF804CD4FEA410C7FEA6C5C16
:1009C8004FEA430C18BF7FEA6C5C1BD001B050EAB9
:1009D800410C0CBF52EA430C91EA030F02BF90EAA4
:1009E800020F0020704710F1000F91EA030F58BF63
:1009F800994208BF90422CBFD8176FEAE37040F0C5
:100A0800010070474FEA410C7FEA6C5C02D150EA62
:100A1800013C07D14FEA430C7FEA6C5CD6D152EA1D
:100A2800033CD3D05DF8040B704700BF84461046E2
:100A380062468C461946634600E000BF01B5FFF7E1
:100A4800B7FF002848BF10F1000F01BD4DF808EDB1
:100A5800FFF7F4FF0CBF012000205DF808FB00BF82
:100A68004DF808EDFFF7EAFF34BF012000205DF8DC
:100A780008FB00BF4DF808EDFFF7E0FF94BF012029
:100A880000205DF808FB00BF4DF808EDFFF7CEFF2A
:100A980094BF012000205DF808FB00BF4DF808ED69
:100AA800FFF7C4FF34BF012000205DF808FB00BF3A
:100AB8004FEA410C7FEA6C5C02D150EA013C0AD152
:100AC8004FEA430C7FEA6C5C02D152EA033C02D144
:100AD8004FF0000070474FF0010070474FEA4102A5
:100AE80012F5001215D211D56FF47873B3EB625278
:100AF80012D94FEAC12343F0004343EA505311F09F
:100B0800004F23FA02F018BF404270474FF0000030
:100B1800704750EA013005D111F0004008BF6FF06E
:100B2800004070474FF00000704700BF4FEA410295
:100B3800B2F1E04324BFB3F5001CDCF1FE5C0DD933
:100B480001F0004C4FEAC0024CEA5070B2F1004F7D
:100B580040EB830008BF20F00100704711F0804F80
:100B680021D113F13872BCBF01F00040704741F445
:100B780080114FEA5252C2F11802C2F1200C10FA49
:100B88000CF320FA02F018BF40F001004FEAC1232D
:100B98004FEAD32303FA0CFC40EA0C0023FA02F3D1
:100BA8004FEA4303CCE77FEA625307D150EA0133A7
:100BB8001EBF4FF0FE4040F44000704701F0004077
:100BC80040F0FE4040F40000704700BF7BB972B9A6
:100BD8000029BEBF00204FF0004106E008BF0028F2
:100BE8001CBF6FF000414FF0FF3000F057B8ADF177
:100BF800080C6DE904CE002909DB002B1ADB11F083
:100C080025FADDF804E0DDE9022304B0704740422C
:100C180061EB4101002B1BDB11F018FADDF804E051
:100C2800DDE9022304B0404261EB4101524263EB2B
:100C380043037047524263EB430311F007FADDF8B0
:100C480004E0DDE9022304B0404261EB4101704752
:100C5800524263EB430311F0F9F9DDF804E0DDE9F2
:100C6800022304B0524263EB4303704753B94AB9B5
:100C7800002908BF00281CBF4FF0FF314FF0FF309C
:100C880000F00CB8ADF1080C6DE904CE11F0DEF9F6
:100C9800DDF804E0DDE9022304B07047704700BFC7
:100CA8004A0011D212F5001211D20DD56FF47873E3
:100CB800B3EB62520ED44FEAC12343F0004343EA38
:100CC800505323FA02F070474FF00000704750EA83
:100CD800013002D14FF0FF3070474FF000007047ED
:100CE80010B5054C237833B9044B13B10448AFF35E
:100CF80000800123237010BD800000200000000048
:100D0800A023010808B5034B1BB103490348AFF3FF
:100D1800008008BD0000000084000020A023010816
:100D280000B599B04822002106A810F067FA1422ED
:100D3800002101A810F062FA002002F0A1F908B120
:100D480072B6FEE710230693602301220F93022355
:100D5800CDE90D20CDE91132372013920722CDE9D4
:100D6800140206A8CDE9163301F02CFC08B172B6BE
:100D7800FEE70F220323CDE903000590052101A812
:100D8800CDE9012301F03AFF08B172B6FEE719B0C8
:100D98005DF804FB7FB501F04DFBFFF7C1FF2C4B5D
:100DA8000020DA6C42F00402DA64DA6C02F0040221
:100DB8000192019ADA6C42F02002DA64DA6C02F0ED
:100DC80020020292029ADA6C42F08002DA64DA6C4B
:100DD80002F080020392039ADA6C42F00202DA64AB
:100DE800DA6C02F002020492049ADA6C42F0010210
:100DF800DA64DB6C03F001030593059B02F0D6F976
:100E080008B172B6FEE702F0E1F9044608B172B61D
:100E1800FEE702F02FFD012002F02CFD022002F077
:100E280029FD0121204602F085FD4FF4E1330949EF
:100E38002046C1E900348C608C8102F003FE08B1C1
:100E480072B6FEE7044800F0A9FF30BFFDE700BF17
:100E5800001002409C000020A4A80220FEE7FEE744
:100E6800FEE7FEE7FEE770477047704701F0F4BA07
:100E7800002002F0B3BD704770477047704700000C
:100E88000B4B82B01A6E42F001021A661A6E02F01B
:100E980001020092009A9A6D42F080529A659B6D09
:100EA80003F080530193019B02B002F0D5B800BF54
:100EB800001002400A4A0346106810B508B90948EC
:100EC80010600949094C0344091B8B4206D910F0EC
:100ED8004DFA0C2303604FF0FF3010BD1360FCE7A0
:100EE800AC000020B8AC0220000003200004000081
:100EF8000120704708B510F039FA162303604FF047
:100F0800FF3008BD08B510F031FA16230360FEE77C
:100F180070B50D4614460E46731B9C4201DC2046F4
:100F280070BDAFF3008006F8010BF5E770B50D460C
:100F380014460E46731B9C4201DC204670BD16F811
:100F4800010B02F053FDF5E74FF0FF3070474FF407
:100F5800005300204B607047012070470020704705
:100F6800DFF834D001F0E6F9002103E00B4B5B58C1
:100F7800435004310A480B4B42189A42F6D30A4AA6
:100F880002E0002342F8043B084B9A42F9D310F0E0
:100F9800F3F9FFF7FFFEFEE700000320C8B00208E0
:100FA800000000207800002080000020B8AC02205B
:100FB800FEE710B538B1406928B10246046800233D
:100FC80001209C4200DC10BD52F8041F002902DDFC
:100FD80048430133F5E70020F5E70000104B1A6895
:100FE800137F032B16D0092B07D0012B15D11369BA
:100FF80003EB800393ED000A704713691B56D16811
:10100800D2ED027A5B1A00EE103AB8EEC00A20EE72
:10101800270A704713691B5CF1E79FED020A7047C6
:10102800F8020020000080FF7047D0F84C2138B546
:10103800092A06D8002300F580749A4203D10020BB
:1010480008E00FF07EFF54F8045F8D4203D14A3365
:1010580050F8230038BD0133EFE72DE9F04104468D
:101068000F4606460025D0F80081A84501D100208A
:101078000BE0B369202B0AD13946F069FFF7B8F8BD
:1010880028B91C2303FB05400430BDE8F081013575
:101098001C36EAE7F8B5154B054618680CF064F8F5
:1010A800044600BBFFF79AFF114EB0EE407AA6EC5B
:1010B800010A01200F4B1F68874202D88DB9002012
:1010C800F8BDFFF78BFFB4EEC70AF1EE10FAA6ECF5
:1010D800010AD4BFB0EE470A0446B0EE407A0130A8
:1010E800EAE72C60EBE76FF00700E9E70003002070
:1010F800D8020020D00200202029F0B507D0002314
:101108001C25D0F8004100F11806A34201D10020A7
:1011180006E005FB03F2B758B94202D10432104485
:10112800F0BD0133F1E700002DE9F04717463C4ACE
:10113800054692F900002DED028B884678B965B115
:10114800384A1268914208D1374A1668327F032A12
:1011580040D0092A13D0012A05D06FF00600BDEC53
:10116800028BBDE8F0878A003069294610F02BF918
:10117800BDEC028B3846BDE8F047FFF78BBFD6EDD4
:10118800027AF5EEC07AF1EE10FAE6D904469FED40
:10119800278A6FF07F09A045EAD0F5EC017AB0EE16
:1011A800E77AB4EE487AF1EE10FAD6D896ED020A4C
:1011B80087EE800AD6F810A00FF078F9F368184483
:1011C8004845B8BF48467F28A8BF7F200AF80400D2
:1011D8000134E0E7D6ED027AF5EEC07AF1EE10FAC6
:1011E800BBD904469FED118AA045C1D0F5EC017A20
:1011F800B0EEE77AB4EE487AF1EE10FAADD896ED93
:10120800020A87EE800AD6F810900FF04FF9F368BB
:10121800184480F3080009F804000134E4E700BF2B
:1012280004000020D4020020FC020020FFFF7F7F82
:1012380000487047D8020020024B186800B10069C6
:10124800704700BFF8020020084B186858B1007FAB
:10125800032809D0092807D0431E58425841800066
:10126800034B1B68584370470120F9E7F802002038
:10127800D0020020014B1868704700BFD40200203C
:10128800014B1868704700BFD0020020014B186856
:10129800704700BFCC020020084B186858B1007F87
:1012A800032809D0092807D0431E58425841800016
:1012B800034B1B68584370470120F9E7FC020020E4
:1012C800D402002038B50D4B044693F900001546AA
:1012D80090B97CB1FFF7E0FF884202460AD1084B7B
:1012E80021461B68186910F06EF82846BDE838409A
:1012F800FFF7D0BE6FF0060038BD00BF0400002025
:10130800FC020020024B186800B1007F704700BF44
:10131800FC020020024B186800B1007F704700BF34
:10132800F8020020044B1B6813B193ED020A7047C2
:101338009FED020A704700BFFC0200200000000079
:10134800024B186800B1C068704700BFFC0200205B
:10135800044B1B6813B193ED020A70479FED020A14
:10136800704700BFF802002000000000024B186818
:1013780000B1C068704700BFF802002007289ABF74
:10138800024B53F820000248704700BFCC590208AE
:101398002F53020820292DE9F843054688461446AC
:1013A800994608D120480BF013FF20480BF010FF96
:1013B8000120BDE8F88303681B689847074638B1E1
:1013C8001B480BF005FF41461A480BF001FFEFE7F9
:1013D800D5F800C1BCF1080F06D9414616480BF0F4
:1013E800F7FE09211548F0E74FF01C0E0FCC0EFB55
:1013F8000C5E0EF104060FC60CF1010394E8070019
:1014080086E80700CEF81880C5F80031D5F84C31C9
:10141800384605EB83020133C2F80481C2F82891EB
:10142800C5F84C31C5E700BF6026020891260208BE
:10143800A6260208D5260208F6260208272702084B
:10144800074B2DE9F0411A684CF240339A428CB0B0
:101458000AD06FF00800034B18700CB0BDE8F0819B
:10146800C023010804000020AB4B1A68D4189B580D
:10147800E31A1A88042A40F246819B88002B00F060
:101488004281E358032B40F03E81A44AA4481368E4
:1014980013F001030BD1C0F80031C0F84C3101231F
:1014A800A04913600160A04AA0490FF045FD05A8B6
:1014B80006F062FF00219E4B994805AAFFF76AFFD4
:1014C800002840F01D8105A803F03CF90321994B41
:1014D800934805AAFFF75EFF002840F0118105A890
:1014E80003F0F8FF0421944B8D4805AAFFF752FF3B
:1014F800002840F0058105A804F0D2FB09218F4B94
:10150800874805AAFFF746FF002840F0F98005A89C
:1015180005F028FA0E218A4B814805AAFFF73AFF01
:10152800002840F0ED8005A808F01CF81121854B33
:101538007B4805AAFFF72EFF002840F0E18005A8A8
:1015480009F090F92821804B754805AAFFF722FF7A
:10155800002840F0D58005A808F030FA12217B4B0E
:101568006F4805AAFFF716FF002840F0C98005A8B4
:1015780005F0E4FE1921764B694805AAFFF70AFF32
:10158800002840F0BD80734D2B68DE0713D400237C
:10159800CDE9023301934FF4C0332146604A0093EA
:1015A8006D486E4B0BF04EFB01235F4A6C496A484D
:1015B8002B600FF0C1FC68486A4D28600BF0E6FC10
:1015C8000446002840F0A280014628680BF07AFB08
:1015D800654E2146306028680BF096FBDFF8A48141
:1015E8000446C8F800003068FFF7E3FC5F4F386036
:1015F8002046FFF7DEFC5E4C2B682060D86E0AF0B0
:1016080035FB5C4B31681860002900F082804B691B
:10161800002B7ED01A68042A7BD15A68012A78D117
:101628009A68202A75D1DA68282A72D11B69012B99
:101638006FD1D8F80020002A6BD05369002B68D0EE
:101648001868022865D15868012862D19B68082B60
:101658005FD13B68B3F5A06F5BD12368082B58D1E5
:101668000D7F6B1EDBB2082B00F28E8040F2051056
:1016780020FA03F3DC0740F18780147F631EDBB296
:10168800082B00F28180D840C3077DD5092D7FF44F
:10169800E0AE092C7FF4DDAED1ED027AF5EEC07A2A
:1016A800F1EE10FA7FF6D5AE9FED337A77EEC77A72
:1016B8009FED327AF0EEE77AF4EEC77AF1EE10FA9F
:1016C8003FF6C7AECB6880337FF4C3AED2ED027A63
:1016D800F5EEC07AF1EE10FA7FF6BBAEDFED286AC0
:1016E80077EEE67AF0EEE77AF4EEC77AF1EE10FAE2
:1016F8003FF6AFAED36880337FF4ABAE0020AAE6E6
:101708006FF00200A7E66FF00100A4E66FF0030097
:10171800A1E66FF004009EE6D023010878010020BE
:101728007C010020B8590208000000203110000890
:10173800F9B5000859B600081BB70008B9B7000882
:101748006DB50008BFB80008A1B5000875B8000855
:1017580071B90008B0000020B40000201003002078
:101768003DCD000800030020FC020020D402002028
:10177800D0020020CC020020B0844D3C95BFD63367
:101788000000803BF80200206FF0050063E600BF10
:10179800074AD2F8FC3043F08073C2F8FC300022CC
:1017A800044B5A601A6842F001021A60704700BF81
:1017B80000ED00E0001000E000207047000000008D
:1017C8002DE9F04F2DED028B1446074685B0002811
:1017D80000F02F81002A00F02C81B1F57A5F40F0EB
:1017E8002881B3F5A06F40F02481A14D2B7863B90F
:1017F800A0480DF05DFA30B16FF0C90005B0BDEC3E
:10180800028BBDE8F08F01232B70DFF89CB29FEDAF
:101818009A8AD946DFED998A994EDFF87082334665
:101828009849994A06F50060B3F57A5F37BF37F9EA
:101838001350F0EE487A07EE905AF8EEE77AB1ECDA
:10184800017A38BF67EEA87A67EE277A01338342B8
:10185800E2EC017AE8D100238C4A8B4985480DF0E7
:1018680007FAD8ED007A67EEA77A884D98ED017AE5
:10187800C8ED007A2B460122291DD3ED037AD3ED5A
:10188800026A67EEA77A46EEA67A0132B2F5806F51
:10189800E1EC017A03F10803EFD127EE077A7C4BDC
:1018A80040F2014A83ED007A95ED000A0EF0B6F891
:1018B800BAF1010AA5EC010AF6D14846282575496E
:1018C800DFF8E8C1DFED6C7A3CF8022B0B8808EBF7
:1018D80082020292704A31F802AF02EB830E53453E
:1018E800C0F09D80013DE0EC017AEBD106F5007671
:1018F800B6F5705F09F5007991D104F5A0549FED14
:101908004E7BD8468DED027BA4F5A059D8F800008F
:10191800FEF7DCFD0022614BFEF730FE48A3D3E959
:10192800002306460F46DDE90201FEF727FE46A31F
:10193800D3E90023CDE9020130463946FEF71EFE01
:10194800DDE90223FEF764FC02460B46CDE90223DB
:101958003FA3D3E90023FEF73BFF41EC100B0EF049
:10196800EBFA3DA3D3E9002351EC100BFEF74EFC34
:101978003BA3D3E90023FEF701FE41EC100B0DF069
:101988005FFF304653EC102B3946FEF7F7FD002277
:10199800434BFEF7F3FD41EC100B0EF0CDFA00229D
:1019A8003F4B51EC100BFEF7E9FD41EC100B0EF02C
:1019B80067F82DA3D3E9002351EC100BFEF7DEFDE9
:1019C80021F000430193009006460F46DDE900012F
:1019D8004FF0FF32334BFFF76BF800287FF40CAF62
:1019E800DDE900014FF0FF322E4BFFF757F8824632
:1019F80000287FF401AF30463946FFF797F849F8D9
:101A0800A00B4C4508F5007880D10135282D04F14C
:101A180004040BF1040B7FF472AF5046EEE6029A11
:101A2800BEEC017AF2EC016A013346EE877A029243
:101A380055E76FF0C700E1E6000000000000F03F46
:101A480016F4F38F548AED3F4F5F60805BADB33F70
:101A58008DEDB5A0F7C6B03EA0FF8F998AA12B40A7
:101A68005C8FC2F5285CEFBFCD3B7F669EA0F63F3A
:101A780010830120148301200000000000000038BA
:101A880000FCFFFF600602082CE301202CC30120A4
:101A98002CD30120BC05020810E701080000E04132
:101AA8000000E03FFFFFEF7F2C8301200E060208B5
:101AB80030B5084D0A44914200D130BD11F8013BC0
:101AC8005840082340F300042C40013B84EA5000AE
:101AD800F8D1F0E72083B8ED70B51D46144B86B0F9
:101AE800019301238DF8083000230A9E0446CDE9AE
:101AF80003268DF80910324629464FF0FF30ADF81D
:101B08000A30FFF7D5FFC0434FF4FA63059014225B
:101B1800204601A901F059FD38B936B141F28833A0
:101B280029462046B2B201F050FD06B070BD00BF94
:101B3800534D543130B50D4600219DB004468DF803
:101B48006F10039219465F2204A80FF071FB6423FB
:101B58002A460093FF21204603ABFFF7BDFF1DB0C7
:101B680030BD00002DE9F0434FF05C084FF0FF391D
:101B78001F469BB006460D4614460021424603A860
:101B8800CDF808900FF03AFBCDF810904FB10397BD
:101B9800CDF8008082213046AA6803ABFFF79CFF8E
:101BA8000CE074B1FFF778FBEB6883420DD06FF05F
:101BB800640230462D4BA968FFF7BCFF1BB0BDE897
:101BC800F083FFF757FB8000EEE7012001F092FE5B
:101BD800274BD3F80480002C3BD0E968254802AA9B
:101BE800FFF770FB0446224B01205F6801F092FE6C
:101BF800029BA7EB080704930394059700F0D2FC17
:101C08001D4B984283BF0133B0FBF3F0059B0023C3
:101C180088BFB3FBF0F30693C4B9FFF709FB04468A
:101C2800FFF72EFB234608900AA904EB8002934293
:101C380017D1FFF709FB202828BF20200990FFF7BC
:101C4800FBFA099A014612A80FF0BDFB5C2300932A
:101C5800A0E7FFF70FFB02AA01460648FFF764FA60
:101C6800C0E753F8040B41F8040BE0E7D427020857
:101C7800001000E0889402203F420F007FB5084B17
:101C880003921A699B69049205930C230A460093F0
:101C980090216B44FFF720FF07B05DF804FB00BFFD
:101CA800301702202DE9F041ECB002AC154607468A
:101CB80040F2A5128846204600210FF09FFA40F214
:101CC80003132560A380FFF71DFBA071FFF722FB1C
:101CD8002D4B2E4AE071C4E902234FF0081323610B
:101CE800FFF7C8FA00284CD0FFF7C4FA284B606108
:101CF8001B680FADA3614FF4C033E361FFF7C6FA69
:101D08002062FFF70FFB84ED090AFFF719FBA062B9
:101D1800FFF71EFB84ED0B0AFFF728FB1D4B206322
:101D280003F128022E4618685968083303C69342FF
:101D38003546F7D118689A889B793060B280B371BC
:101D4800412215491BA80FF03EFB00250DF1AD06F9
:101D58002846FFF713FB013501461F2230460FF0D6
:101D680067FA082D06F12006F2D140F2A513424683
:101D78000093812123463846FFF7AEFE6CB0BDE8DC
:101D8800F0814FF4A060B1E72800010001002000B5
:101D9800C023010809280208382802082DE9F04F55
:101DA8002DED048BABB00446FFF74AFB0646FFF760
:101DB800EFFC002001F0AEFD012001F0ABFD022098
:101DC80001F0A8FDB6BB304601F094FD3246002173
:101DD8002046FFF767FF0025844B0C934FF0000364
:101DE80001228DF81B3020464FF0FF330DF11B0107
:101DF80001F046FCB0B905F1A8026A449DF81B3011
:101E080012F8781C994217D1032D05F1010002F848
:101E18008C1C16D14FF4FA631022204608A901F051
:101E28002FFC80B16FF067020021714B2046FFF74D
:101E380081FED0E70220C7E7532B04BF01208DF8AD
:101E48001C300546CAE79DF82030012B04D0694BA9
:101E58006FF063020999E9E7BDF822300BB1664BD0
:101E6800F6E741F208430A9A9A4203D9634B6FF0A6
:101E78006402EFE75AB141F288332046604992B2D2
:101E880001F0FEFB18B16FF067025E4BE2E7DDF888
:101E980028A04FF0FF3052465949FFF709FEC043CA
:101EA8000B9B834203D0584B6FF06502D2E79DF835
:101EB8002130013B122B00F21D82DFE813F01300E2
:101EC8001D0024001B021B021B021B021B021B021B
:101ED8001B021B021B021B021B021B0227006D00B8
:101EE8002F01FA010999BAF1000F03D06FF06402CB
:101EF800464B9BE732466BE733460022204607A94C
:101F0800FFF730FE67E733460122F7E7BAF1100F13
:101F180001D03F4BABE73F4D394B47F65852D3E919
:101F280000B700212846B3F80880B3F80AA0D3F810
:101F38000C900FF063F916B13246099904E0FFF7E7
:101F48003BFC0999024618B12046FFF797FE42E785
:101F5800BBF57A5F05D1B8F1010F02D1BAF1000FD4
:101F680003D02D4B6FF0680260E72C4B7A1E9A4223
:101F780004D8B7FBFBF30BFB13730BB1284BF1E74A
:101F88004FF0FF333246C5E9017985F80080EB60F0
:101F98002E6385F83460D7E71E4D2B781BB9214B8B
:101FA8006FF0690256E7BAF1040F02D91AF0010975
:101FB80001D01D4B5BE7124F2B693968994208D154
:101FC8006B68AAF104025B1AB3EB520F4FEA520B8B
:101FD80001D2164BE4E7E868391DFFF769FDDFF821
:101FE8005080E860CB4525D10022A6E7534D5431F7
:101FF8007928020894280208B1280208CC28020887
:1020080088940220F42802081029020827290208C7
:102018004A29020830170220742902087E8A1D0006
:102028009C290208D2290208FD2902082C2A020844
:10203800001000E07B793A7942EA03226B69591C67
:1020480005EB4303DA862B69B1F57A5F03F10103E7
:1020580069612B6152D1D8F804A00391FFF70AF9FE
:10206800A64A03460399A648FFF7AAFBD5E9083212
:10207800D8F804102863A1EB0A015B1842F10002AA
:10208800C5E908320246002845D14FF0010A4FF051
:10209800FF3350460C9385F801A001F02BFCD8F8CB
:1020A80004300593FFF7E6F80CAA01469348FFF7BA
:1020B8003BF8D8F8041004905046039101F02AFC2C
:1020C8000399059B049AC81AD5E90A311B1841F1EE
:1020D8000001C5E90A3185F83420E2B9FFF7A8F80C
:1020E8008246FFF7CDF85346864A0AEB80009842AD
:1020F80008D1AB690133AB6100236B6109F10109B8
:1021080002376FE7D2ED007AB3EC017A77EE877A7F
:10211800E2EC017AEBE700232B700EE7BAF1000F2F
:1021280001D0794BA3E6794D2B785BB1D5F81090A7
:102138006B68994506D16F6927B9D5F81880B8F149
:10214800000F01D1724B2BE7EB68AA68DB4393427F
:1021580003D0704B85F800A0A6E66C2251460FA864
:102168000FF04CF8D5E9082C4FF0FF3195F93430D1
:10217800CDF894800C932B6B0D91CDE92339D5E9DB
:102188000A3012EB03084CEB000991427AEB0C0C75
:1021980038BF0A4626920022994282414FF0FF3208
:1021A80038BF134642454FF0000272EB09022893EC
:1021B800434638BF4FF0FF330E9300F0F3F9564B08
:1021C800984227D90133B0FBF3FAD5E90801002377
:1021D8005246FEF74BFD002908BF0346D5E90A0120
:1021E80018BF4FF0FF33524627930023FEF73EFDFA
:1021F80000290CBF03464FF0FF335246299340464F
:1022080000234946FEF732FD002914BF4FF0FF3383
:1022180003460F93239B0C9A134310D1FFF730F812
:102228009FED3E9A6FF07F0BDFF8D89011900DF17B
:102238006B080DF14C0A119B9F420BD3129300239C
:102248002B7078239221099A00930CAB2046FFF754
:1022580043FCC0E5D5ED067AB9EC017AF8EE677A69
:10226800C7EE278AF4EEC98AF1EE10FAEAEC018A81
:10227800C4BFB0EE689A0D97FFF76AF8B0EE408ACF
:10228800FFF774F8B5EEC08AF1EE10FA034606DDE2
:1022980088EE880A03900EF055F9039B03447F2BC0
:1022A800A8BF7F235B45B8BF5B46013708F8013FED
:1022B800C1E7BAF1000F01D0194BD8E5134B5A7892
:1022C8000AB9184B6CE61B6B174D2B60FEF7D2FF53
:1022D8006860FEF7CFFF0949820005F108000FF09A
:1022E80072F8FEF7C7FF023080002B469121099A49
:1022F8000090ABE76FF066020C4BABE52C030220B5
:1023080066170220689402205A2A02083017022011
:102318007E2A0208992A02083F420F00000080FF27
:10232800BC2A0208E82A0208889402200F2B020817
:1023380070470000034AD2F8883043F47003C2F8AB
:102348008830704700ED00E021490B681B0754BF37
:10235800D1F894300B688A6858BFC3F3032302F09E
:102368000C0248BFC3F30313082A2FD019480C2ABC
:1023780050F823300CD01848042A08BF03468A684E
:102388001649C2F303128A5CD340154A136070479A
:10239800C868CA6800F00300C2F30312022802F1F9
:1023A80001020FD003280FD0B3FBF2F2CB68C86844
:1023B800C3F306235343C0F3416201325200B3FB17
:1023C800F2F3DCE7044BEFE7064BEDE7054BD6E706
:1023D80000100240EC5902080024F400345A0208A4
:1023E8000800002000127A0038B50F4B05461A780D
:1023F8000AB9012038BD4FF47A73B3FBF2F30B4AE4
:102408001068B0FBF3F000F0BDFE04460028F0D1E0
:10241800072DEED8024629464FF0FF3000F074FE33
:10242800034B20461D60E5E70C0000200800002053
:102438001000002010B5042000F054FEFFF784FFC0
:102448000020FFF7D1FF044618B9FEF719FD204612
:1024580010BD0124FBE70000034A044B11681B78F8
:102468000B441360704700BF90A802200C000020A6
:10247800014B1868704700BF90A8022037B51D4D62
:102488000446AB6DD90018D500F0D6FD30F40073C2
:1024980023D1802C03D9A02C8CBF022301231649F9
:1024A8000A6822F00F021A430A60086800F00F0059
:1024B800C01A18BF012003B030BDAB6D43F0805384
:1024C800AB65AB6D03F080530193019B00F0B4FD45
:1024D800AB6D23F08053AB65D8E7802C05D806D0C8
:1024E800A4F1700253425341D9E70323D7E70223EB
:1024F800D5E700BF0010024000200240254B9A6833
:10250800D96812F00C0205D00C2A24D101F003017D
:10251800012927D119682048090755BFD3F8941015
:102528001968C1F30321C1F3031150F8210082B3E4
:10253800D968DA6801F00301C2F30312022902F133
:10254800010211D003291ED0B0FBF2F0D968C1F303
:10255800062148430FE0042A1AD0082A0F4818BF5A
:10256800002070470020E3E7D8680D49C0F3062033
:10257800B1FBF2F25043DB68C3F3416301335B0004
:10258800B0FBF3F07047D8680449C0F30620EFE7C2
:102598000348704700100240EC59020800127A0004
:1025A8000024F40008B5FFF7A9FF044B044A9B6810
:1025B800C3F30313D35CD84008BD00BF001002402A
:1025C800345A02082DE9F341054618B9012002B032
:1025D800BDE8F081904C0368A668E768DB0606F062
:1025E8000C0607F0030735D51EB10C2E62D1012F5A
:1025F80060D12368980702D5EB69002BE6D02368E1
:10260800686A190756BFD4F8943023681B0903F089
:10261800F003984237D9FFF731FF0028D6D1236855
:1026280043F00803236023686A6A23F0F003134326
:10263800236063682A6A23F47F4343EA02236360C2
:10264800FFF7B0FF754B1860754B1868FFF7CCFEA5
:102658000028BCD12B68DB0769D42B68990700F1E7
:10266800AF802B681E0700F1F2802B68590700F134
:102678002F812B689A0600F1F081EB6A002B40F05D
:1026880020820020A3E7236843F00803236023681F
:1026980023F0F0030343236063682A6A23F47F432B
:1026A80043EA02236360002ECAD1FFF7E7FE002841
:1026B800C6D08BE7EB6933B3236843F0010323608B
:1026C800FFF7D6FE804623689B0711D5236843F0A1
:1026D8000803236023686A6A23F0F0031343236026
:1026E80063682A6A23F47F4343EA02236360B1E7FD
:1026F800FFF7BEFEA0EB08000228E4D923689A077A
:10270800E1D4032063E7236823F001032360FFF784
:10271800AFFE804623689A079CD5FFF7A9FEA0EB79
:1027280008000228F6D923689907EAD4F2E7082EA8
:1027380003D00C2E08D1032F06D123689A038CD519
:102748006B68002B89D141E76B68B3F5803F14D1E2
:10275800236843F480332360FFF78AFE80462368AA
:1027680099033FF57AAFFFF783FEA0EB08006428D2
:10277800F5D923689B03C4D5F1E7B3F5A02F04D19D
:10278800236843F480232360E2E7226822F480323E
:102798002260226822F480222260002BDCD1FFF71D
:1027A80067FE804623689B037FF557AFFFF760FEFF
:1027B800A0EB08006428F5D923689A03A1D4F1E7AF
:1027C800042E03D00C2E10D1022F0ED123685E05E3
:1027D80003D5EB68002B3FF4F9AE63682A6923F050
:1027E800FE4343EA026363603BE7EB68D3B12368C7
:1027F80043F480732360FFF73BFE064623685A05BF
:10280800EBD4FFF735FE801B0228F7D9236859055A
:102818007FF577AFF2E700BF001002400800002004
:1028280010000020236823F480732360FFF720FE44
:10283800064623685F057FF514AFFFF719FE801B76
:102848000228F6D923685B053FF55BAFF1E76B69B2
:102858002BB3AB69F3B9D4F8943023F01003C4F860
:102868009430D4F8943043F00103C4F89430FFF75F
:10287800FFFD0646D4F894309B073FF5F6AEFFF708
:10288800F7FD801B0728F5D9D4F894309A077FF50F
:1028980038AFEFE7D4F8943043F01003DFE7D4F80B
:1028A800943023F00103C4F89430FFF7E1FD0646A5
:1028B800D4F8943099077FF5D8AEFFF7D9FD801B7F
:1028C8000728F5D9D4F894309F073FF51AAFEFE7FA
:1028D800A36DDA0043D40127A36D43F08053A365A9
:1028E800A36D03F080530193019BA74E3368DB056A
:1028F80037D5AB68D80749D4D4F8902022F0010224
:10290800C4F89020D4F8902022F00402C4F8902053
:10291800002B4AD1FFF7ACFD41F288380646D4F8BF
:102928009030990700F18D80D4F890301A0655D56B
:1029380041F28838D4F8903023F08003C4F89030FE
:10294800D4F89030190549D5FFF792FD801B404512
:10295800F6D9D4F890301B053FF5D3AEF0E7002741
:10296800C3E7336843F480733360FFF781FD804623
:102978003368DA05BDD4FFF77BFDA0EB0800022819
:10298800F6D93368D9057FF5BCAEF1E713F0040F2B
:10299800D4F890301EBF43F00403C4F89030D4F844
:1029A800903043F00103C4F89030FFF761FD41F225
:1029B80088380646D4F89030990717D5AB6813F0D5
:1029C800800FD4F8903027D041F2883843F0800344
:1029D800C4F89030D4F890301B0512D5002F3FF47E
:1029E80048AEA36D23F08053A36542E6FFF740FD90
:1029F800801B4045DED9D4F890309B077FF581AE27
:102A0800D8E7FFF735FD801B4045E3D9D4F890306F
:102A18001A057FF576AEDDE741F2883823F08003AA
:102A2800C4F89030D4F890301A05D7D5FFF720FDB8
:102A3800801B4045F6D9D4F8903019053FF561AEB2
:102A4800F0E7FFF715FD801B40457FF668AFD4F827
:102A580090309B073FF555AE61E7AB6AC3B1D4F838
:102A6800983043F00103C4F89830FFF701FD06469B
:102A7800D4F898309F073FF500AEFFF7F9FC801BAC
:102A88000228F5D9D4F898309B077FF53AAEEFE7DE
:102A9800D4F8983023F00103C4F89830FFF7E8FC25
:102AA8000646D4F898309A077FF5E7ADFFF7E0FCC3
:102AB800801B0228F5D9D4F8983099073FF521AE44
:102AC800EFE7A26802F00C020C2A63D0022B2368FD
:102AD80023F08073236042D1FFF7CAFC06462368BF
:102AE8009F0132D4E268294B13402A6B1343AA6B27
:102AF80043EA0223EA6B43EAC2636A6B013A43EA98
:102B080002132A6C5208013A43EA42536A6C52088B
:102B1800013A43EA4263E360236843F08073236029
:102B2800E36843F08073E360FFF7A2FC054623687F
:102B380099013FF5A6ADFFF79BFC401B0228F6D98B
:102B4800236898017FF5DDADF1E7FFF791FC801B65
:102B58000228C4D923689B013FF5D3ADBFE7FFF72F
:102B680087FC054623689B0104D4E268084B1340A0
:102B7800E36086E5FFF77CFC401B0228F2D9236856
:102B88009A013FF5BEADEDE7007000400C809F0153
:102B9800FCFFEEFE012B3FF419ADE3682A6B03F04E
:102BA800030191427FF412AD696B03F0F002013921
:102BB800B2EB011F7FF40AADA96B03F4FE42B2EB3E
:102BC800012F7FF403ADE96B03F07842B2EBC16FDC
:102BD8007FF4FCAC2A6C03F4C0015208013AB1EB53
:102BE800425F7FF4F3AC6A6C03F0C0635208013AA9
:102BF800B3EB426F14BF01200020E8E42DE9F8434D
:102C08000E46054610B90120BDE8F883724A1368DC
:102C180003F00F038B4232D3296888073AD4C907D7
:102C28007AD56F686D4C032F236840F0A0809A0115
:102C3800E9D5E368E26803F00303C2F30312022B49
:102C480002F1010233D0032B39D0012B3CD00023F1
:102C5800E268C2F3416201325200B3FBF2F3604A08
:102C680093423FD9A36813F0F00F3BD1A3684FF00C
:102C7800800823F0F00343F08003A36034E0136876
:102C880023F00F030B431360136803F00F038B4209
:102C9800B9D1C1E7514AA868936803F0F003984294
:102CA80081BF936823F0F00303439360B7E7E368B9
:102CB8004C49C3F30623B1FBF2F25343C8E7E36878
:102CC8004949C3F30623F6E72368484A1B0755BF5B
:102CD800D4F894302368C3F30323C3F3031352F8DF
:102CE8002330B5E74FF00008A36841F2883923F094
:102CF80003033B43A360FFF7BBFB0746A3686A686F
:102D080003F00C03B3EB820F43D1B8F1000F03D0EB
:102D1800A36823F0F003A360296888070BD52F4A1E
:102D2800A868936803F0F00398423FBF936823F0C4
:102D3800F00303439360284A136803F00F03B34278
:102D480035D84A073FD40B0707D5244A2969936821
:102D580023F4605343EAC1039360FFF723FC244B39
:102D68001860244B1868BDE8F843FFF73DBB022FF5
:102D780008D113F4003F3FF446AFFFF7BFFB184BF1
:102D880098426EE717B913F0020FF4E713F4806F57
:102D9800F1E7FFF76DFBC01B4845AFD9A3686A6828
:102DA80003F00C03B3EB820FA8D003202CE71368C1
:102DB80023F00F0333431360136803F00F03B34288
:102DC8007FF421AFBDE7054AE868936823F4E06320
:102DD80003439360B7E700BF0020024000100240A1
:102DE80000B4C4040024F40000127A00EC5902086C
:102DF800080000201000002008B5FFF7D3FB044BA3
:102E0800044A9B68C3F30223D35CD84008BD00BFC3
:102E1800001002402C5A020808B5FFF7C3FB044B08
:102E2800044A9B68C3F3C223D35CD84008BD00BFE3
:102E3800001002402C5A02082DE9F04F00234FF0F1
:102E48000F0A5E4C0A6832FA03F501D1BDE8F08F2B
:102E5800012505FA03F919EA020200F0A180032707
:102E68004E684FEA430806F0030507FA08FE6F1E8E
:102E7800012F6FEA0E0ED1F808C031D8876807EA2B
:102E88000E0BCF6807FA08F747EA0B078760476811
:102E980027EA0909C6F300179F4047EA0907476070
:102EA800C7680CFA08FC07EA0E074CEA0707022D68
:102EB800C7601AD14FEAD30C00EB8C0C03F007095A
:102EC800DCF820704FEA89090AFA09FB27EA0B0B9C
:102ED8000F6907FA09F747EA0B07CCF8207004E0F6
:102EE800032DDDD1BCF1010FDAD1076805FA08F529
:102EF80007EA0E073D4316F4403F056050D023F023
:102F0800030707F1804707F53D3703F0030C3D6ED3
:102F18004FEACC0C0AFA0CFE25EA0E0E284DA84200
:102F280040D005F58065A8423ED005F58065A842E9
:102F38003CD005F58065A8423AD005F58065A842E1
:102F480038D005F58065A84236D005F58065A842D9
:102F580014BF0725062505FA0CF545EA0E053D665A
:102F6800D743256816F4801F0CBF3D4015432560E4
:102F7800656816F4001F0CBF3D4015436560D4F822
:102F8800845016F4003F0CBF3D401543C4F88450EC
:102F9800D4F88050F60354BF3D401543C4F8805020
:102FA80001334FE70025D6E70125D4E70225D2E70C
:102FB8000325D0E70425CEE70525CCE700F4024039
:102FC800000002420AB1816170478162704701299D
:102FD80005D0022901D029B94260826000E0426030
:102FE800002070470120704710B101600020704731
:102FF8000120704770B501250468064604F01F03D8
:103008009D40C4F300440A4B6401E2582A4203D0AD
:10301800E550436803B19847064BE2582A4205D069
:10302800E550B36813B1BDE87040184770BD00BFE4
:103038000CF4024010F40240024B186800F4C0601F
:10304800704700BF00700040024A536843F40073A1
:103058005360704700700040024A936843F480430D
:103068009360704700700040044B1869C3045ABF4E
:10307800C04300F400404FF4805070470070004097
:10308800154A10B501461468FFF7EEFFB0F5004F7A
:1030980020D0D3681B041DD404F4C0648C4201D131
:1030A800002010BD136823F4C0630B4313600B4B5F
:1030B8000B491B68B3FBF1F303EB83035169480524
:1030C80001D5591C04D153695B05E9D50320E8E70C
:1030D800013BF3E70120E4E700700040080000200E
:1030E800A086010007490302CA6803F4E06322F4DA
:1030F800E0621204120C134343F0BF6343F400333D
:10310800CB60704700ED00E0154B30B5DC68C4F3C8
:103118000224C4F10703E51C032B28BF0323062D53
:103128004FF0FF3594BF0024043C05FA03F321EA6D
:103138000303A54022EA0502A340002843EA02034C
:10314800ACBF00F16040074A4FEA4313DBB2ABBFA4
:1031580000F5614000F00F0080F80033135430BDD3
:1031680000ED00E014ED00E0002807DB0123410931
:10317800034A00F01F00834042F82130704700BF27
:1031880000E100E00138B0F1807F0BD24FF0E0237E
:10319800E021054A586182F823100020072298612F
:1031A8001A6170470120704700ED00E00146064AA9
:1031B800106810F0010009BF1368012023F0040310
:1031C8000B4308BF1360704700040340034A002004
:1031D800136843F001031360704700BF0004034005
:1031E80010B5026852E8003F23F4907342E80031BA
:1031F80002680029F5D10F4C02F1080353E8003F9B
:10320800234002F1080C4CE800310029F4D1C36EC8
:10321800012B07D152E8003F23F0100342E80031A8
:103228000029F7D12023C0F88C300023C3664367F8
:1032380010BD00BFFEFFFFEF70470000F8B5044661
:103248002169A26823680A4361691D68C0690A4345
:103258008449024329400A431A605A68E16822F403
:1032680040520A435A60804AA16993421CBF226AAD
:1032780011439A6822F06E4222F430620A439A603F
:10328800DA6A616A22F00F020A43DA62774A9342E5
:1032980030D1774BD3F8883003F00303022B00F0CA
:1032A800D880032B00F0C880012B00F0CC80B0F54B
:1032B800004F40F0D380FFF7AFFD002877D06D4B6B
:1032C800626A616833F812204B08B0FBF2F203EB34
:1032D8004203B3FBF1F34FF6EF72A3F110019142F1
:1032E80020D823F00F02216892B2C3F3420313439C
:1032F800CB605CE0604A934216D15D4BD3F88830CE
:1033080003F00C03082B00F0A48008D8002B40F031
:103318009A80B0F5004F78D1FFF76EFDCDE70C2B02
:1033280000F08A80012043E0544A93420AD1504B6E
:10333800D3F8883003F03003202B00F08A80E5D9D9
:10334800302BEDE74E4A934209D1494BD3F88830E8
:1033580003F0C003802B7CD0D8D9C02BE0E7494AC2
:1033680093420BD1424BD3F8883003F44073B3F542
:10337800007F6ED0CAD9B3F5407FD1E73A4A93426D
:10338800D0D13B4BD3F8883003F44063B3F5006FDA
:1033980015D003D843B9FFF72FFD07E0B3F5406F09
:1033A800C0D14FF400400BE0FFF7A8F840B9002067
:1033B8004FF00113A3660023C4E91D33F8BD32485A
:1033C8002C4B626A656833F8122005EB4501B0FBA7
:1033D800F2F39942A6D8B3EB053FA3D800231946C8
:1033E800FDF744FC0023064619464FF48077680829
:1033F8002A46E6FB0701FDF739FC244BA0F540728D
:103408009A428FD82368D860D1E7FFF7F5FC0028E7
:10341800CDD0616A174A636832F81120B0FBF2F028
:1034280000EB5300B0FBF3F04FF6EF73A0F110027E
:10343800E6E7FFF763F8EAE7B0F5004F3FF43FAF80
:103448004FF40040E5E7B0F5004FF2D1FFF756F82A
:1034580033E7B0F5004F0C48DBD130E7FFF7DCFC71
:10346800D5E700BFF369FFCF008000400038014076
:1034780000100240445A020800440040004800403E
:10348800004C0040005000400024F400FFFC0F00F6
:10349800836A10B51A0706D50168846B4A6822F456
:1034A800004222434A60DC0706D50168C46A4A68BC
:1034B80022F4003222434A60990706D50168046B5A
:1034C8004A6822F4803222434A605A0706D50168C6
:1034D800446B4A6822F4802222434A60DC0606D5FF
:1034E8000168C46B8A6822F4805222438A60990674
:1034F80006D50168046C8A6822F4005222438A6067
:103508005A0610D50168446C4A68B4F5801F22F445
:10351800801242EA04024A6005D14A68846C22F4A7
:10352800C00222434A601B0606D50268C16C536874
:1035380023F400230B43536010BD2DE9F8430446E0
:103548000D4617469846DDF820902268D36935EA7B
:1035580003030CBF01230023BB4201D0002022E05B
:10356800B9F1FF3FF2D0FEF783FFA0EB0800484512
:1035780029D8B9F1000F26D021680B685A07E4D57D
:10358800802DE2D0402DE0D0CE6916F008060CD090
:10359800082520460D62FFF723FE00230120C4F80A
:1035A800905084F88430BDE8F883CB691B05CCD5EE
:1035B8004FF4006320460B62FFF712FE202384F8C5
:1035C8008460C4F890300320EDE72DE9F74398466E
:1035D800D0F888300446202B0E4617464ED119B92C
:1035E800012003B0BDE8F083002AF9D0212300258B
:1035F800C0F89050C0F88830FEF73AFFA3688146BB
:10360800B3F5805FA4F85470A4F8567003D1236909
:103618000BB935461E46B4F856204B4692B2CDF843
:1036280000804AB940212046FFF787FF2023C4F8CD
:1036380088300028D5D008E0002280212046FFF7F6
:103648007CFF20B12023C4F888300320C9E7226812
:103658008EB935F8023BC3F308039362D4F8883077
:1036680003F02103212BBBD1B4F85620013A92B2C2
:10367800A4F85620CFE716F8013BEEE70220B0E7A2
:103688002DE9F7439846D0F88C300446202B0F4696
:10369800164661D119B9012003B0BDE8F083002AAC
:1036A800F9D022230025C0F89050C0F88C30C566A8
:1036B800FEF7DEFEA3688146B3F5805FA4F85C6080
:1036C800A4F85E600DD12369DBB1FF221646A4F889
:1036D8006020B4F85E0080B2E0B92023C4F88C30D2
:1036E800DAE733B92569002DEFD07F221D4616464B
:1036F800EDE7B3F1805F0AD12369002BF5D03F22B3
:10370800E4E740F2FF123D4616461F46DFE72A4629
:103718002E46DCE74B46002220212046CDF80080CB
:10372800FFF70BFF20B120230320C4F88C30B3E748
:1037380023685B6A334067B925F8023BD4F88C30BC
:10374800222BA8D1B4F85E30013B9BB2A4F85E30BE
:10375800BFE707F8013BF1E702209DE773B50026B4
:103768000446C0F89060FEF783FE236805461B6890
:103778001A071CD56FF07E43324600934FF40011B0
:1037880003462046FFF7D9FE88B1226852E8003F79
:1037980023F0800342E800310029F6D12023C4F841
:1037A80088300320002384F8843002B070BD236879
:1037B8001B685B0724D56FF07E43002200934FF40B
:1037C80080012B462046FFF7B8FEC8B1226852E8B0
:1037D800003F23F4907342E8003122680029F5D1B4
:1037E80002F1080353E8003F23F0010302F1080047
:1037F80040E800310029F3D12023C4F88C30D0E709
:1038080020230020C4F88830C4F88C30E066206794
:10381800C8E710B5044650B3D0F888301BB980F813
:103828008430FFF709FD24232268C4F88830136820
:1038380023F001031360A36A13B12046FFF728FEA3
:103848002046FFF7FBFC012811D023682046BDE87D
:1038580010405A6822F490425A609A6822F02A026C
:103868009A601A6842F001021A60FFF777BF0120D8
:1038780010BD000030B51C4B89B0DA6CF8B942F0C5
:103888000402DA64DB6C03F004030093009B174B1B
:1038980003A933F810500123CDE904330323069319
:1038A800134B039553F820402046FFF7C5FA2046EE
:1038B80000222946FFF786FB002009B030BD012809
:1038C80008D142F00202DA64DB6C03F002030193D0
:1038D800019BDCE742F00102DA64DB6C03F00103D0
:1038E8000293029BD3E700BF00100240705A0208FF
:1038F800645A020808B5054B012233F81010044B2E
:1039080053F82000FFF75EFB002008BD705A02083C
:10391800645A020808B5054B002233F81010044B0E
:1039280053F82000FFF74EFB002008BD705A02082C
:10393800645A020870B5214B86B0DA6C064642F02C
:103948000402DA64DB6C002003F004030093009B9C
:103958004FF40053019302230C46CDE9030331B918
:103968000291174801A9FFF767FA002013E001291F
:10397800FBD14FF48813124801A90293FFF75CFAB0
:103988000C23104D104903FB06552846FFF72CFB66
:1039980018B16FF0030006B070BD0C4A21462846E6
:1039A800FFF715FB02460028F3D10F211820FFF777
:1039B800ABFB1820FFF7D8FBD7E700BF0010024089
:1039C8000008024298A802200D000006DB39000812
:1039D800704708B50020FFF7FBFF08BD0C22024B1B
:1039E80002FB0030FFF706BB98A8022037B59425E4
:1039F800074B0190074C187801224FF47A7305FBA6
:103A0800004001A9FFF7E1FD019803B030BD00BFF8
:103A180094A80220A4A802200A6842604A6882602A
:103A28000A89C2604A8902610C2242618A894FF47C
:103A3800004182610022C0E907124262FFF7E9BE35
:103A4800FFF7EABF2DE9F04307460E4695B0002977
:103A580000F097804C4B4D4953F820209423434362
:103A680001EB0308CA504A494A4B4B4CCDE90B13AA
:103A7800CDE90D13494B4A49CDE902134FF4E163EF
:103A8800ADF80030ADF80430464B9A4214BF01251A
:103A9800002555D1A36D43F08053A365A36D03F0B2
:103AA80080530493049BFFF7CFFAE36C43F0400381
:103AB800E364E36C03F040030593059BE36C43F078
:103AC8004003E364E36C03F040030693069BE36D55
:103AD80043F00103E365E36D03F001030793079BDC
:103AE80014AB03EB450939F8483C0FA90F9302239F
:103AF800109312930123119305F150030DEB030466
:103B080014F8503C139314AB03EB850555F8240CBB
:103B1800FFF792F939F8443C55F81C0C0F9314F848
:103B28004C3C0FA91393FFF787F9314640462FBB4A
:103B3800FFF772FF00B36FF0030015B0BDE8F08324
:103B4800E36C43F00803E364E36C03F008030893B1
:103B5800089BE36C43F00803E364E36C03F0080399
:103B68000993099BA36D43F48023A365A36D03F414
:103B780080230A930A9BB3E70020DEE7FFF760FF84
:103B8800D8E76FF00100D8E75C5A0208A4A8022021
:103B980000180242000C024200100240000100021C
:103BA8008000000100800040002908B501DA0DF00E
:103BB800C8F903688B42FADD00EB8100406808BD54
:103BC800034601680022012010B5914200DC10BDB7
:103BD80053F8044F01326043F7E770B50568049C59
:103BE800042D01D00DF0ADF94568A5B90029F9D12A
:103BF8008668AEB9002AF5D1C568B5B9002BF1D1F0
:103C08000069B8B9002CEDD101FB062205FB02338F
:103C180000FB034070BD0029E4DB8D42E8DCE1E7EE
:103C2800002ADFDB9642E7DCDCE7002BDADB9D428B
:103C3800E6DCD7E7002CD5DBA042E5DCD2E770B59F
:103C480015461E46FFF7B0FF314604462846FFF7E3
:103C5800ABFF844201D00DF074F970BD2DE9F04F2F
:103C68009A464369A1B01593B0F90A30CDE91E12FE
:103C78000D93B0F90C30DDF8ACB00E93B0F90E30FE
:103C88000F93B0F910301093B0F902301193B0F9D6
:103C980004301293C3691693836A0A93C36A0B9319
:103CA800DDE90A32934201DD0DF04BF9DAF8003014
:103CB800042BF9D1DBF80030042BF5D12F9B1B68BE
:103CC800042BF1D100232F9A19465046FFF7B7FF6E
:103CD80003231990002158462F9AFFF7B0FF2E9B17
:103CE800DAF8104008902BB12D98FFF769FF089B70
:103CF8009842D9D1DAF808301A93DAF80C301B93C5
:103D0800DBF808301C93DBF80C301D93DBF810301F
:103D1800069394FBF3F3002BC6D0069A02FB1344D8
:103D2800002CC1D1089A92FBF3F30C93002BBBD063
:103D3800A1462F9B9B6817932F9BDB681893199BB1
:103D4800994580F29A80129B5B4209930023029363
:103D580010E0119B5B42079300230393039B189A7F
:103D68009342C0F28880029B0E9A01330293099B0A
:103D780013440993029B179A9342EADB09F101095C
:103D8800DDE70C9B002594FBF3F3069A099E534349
:103D980004951493049B1C9A93422DDB2E9B13B11C
:103DA80053F824301D441F9B284653F824201E9B9B
:103DB80053F8241009F0F4FDDDE9022305460094C8
:103DC80049462F98FFF709FF169B01341D440A9BAB
:103DD8009D42B8BF1D460B9B9D42A8BF1D46309B08
:103DE8001D54089B9C42CCDB039B0D9A0133039323
:103DF800079B13440793B1E70023079F0593059B8F
:103E08001D9A934205DB049B01330493109B1E44C7
:103E1800C0E756EA070328D41B9BBB4225DD1A9B43
:103E2800B34222DD4FF000081CE0149B32464344A5
:103E38004946009350463B46FFF7CFFEDDE9042391
:103E48001390CDF8008021465846FFF7C6FE139A16
:103E58002A9B08F101089B56159A13442C9A12566E
:103E680002FB0355069B9845DFDB059B0133059351
:103E78000F9B1F44C3E70024B3E721B0BDE8F08FD0
:103E88002DE9F04F2DED048BAE4BADF20C4D1A68B9
:103E98000F46824609F0B3FAAB4B80463946504686
:103EA8001A6809F0ACFA3C6806464CB12368032B43
:103EB80014D1A64B394650461A6809F0A0FA0446B0
:103EC800A34B394650461A6809F09BFAD7F810B048
:103ED8000546BBF1000F03D10DF033F80024EFE7DE
:103EE800D7F80C90B9F1000FF6D098F80800072819
:103EF80000F03281092800F09083012840F01484F2
:103F0800BCAF4A465946384600F046FC414629A807
:103F180009F085FAD8F80030314630A8129309F034
:103F28007EFA002ED8D03368214637A8119309F0BD
:103F380076FA04B124680DF1F8082946404609F0DC
:103F48006EFA002DC8D02B68002145A8209309F0EF
:103F580066FAB7F90A30D7ED0C8A1393B7F90C3023
:103F680097ED0D9A1493B7F90E3029AD1593B7F95B
:103F780010301693B7F902301793B7F90430189335
:103F8800299B042BA8D1309B30AE042BA4D13E9B97
:103F9800042BA1D10023424619462846FFF74FFEBD
:103FA80003231990424600213046FFF748FE2D9D15
:103FB8000D902CB137A8FFF703FE0D9B83428BD1E0
:103FC8002B9B329A1A932C9B1C921B93349B339AEB
:103FD800089395FBF3F31D92002B3FF47DAF089AED
:103FE80002FB1355002D7FF477AF0D9A92FBF3F384
:103FF8001093002B3FF470AF409A419B1E921F9381
:10400800199BAB4240F35383189B5B420E930023EA
:104018000B9310E0179B5B420F9300230C931F9B9D
:104028000C9A934200F38B800B9B149A01330B93E9
:104038000E9B13440E931E9B0B9A9342EADC0135A8
:10404800DEE7109B4FF0000A96FBF3F39FED418AE1
:10405800089A0E9F534321931C9B53452DDC002C3B
:104068006AD004EB8603D3ED007ADDE90B2338EE42
:10407800278AF4EEC88AF1EE10FAC8BFB0EE688A53
:10408800B4EEC89AF1EE10FA009629463EA848BF49
:10409800B0EE498AFFF7A1FD209B013603EB8000B3
:1040A80080ED008A0D9BB342CBDC0C9B139A013345
:1040B8000C930F9B13440F93B1E74FF0000BDDF8FF
:1040C8003C801D9B5B4504DC169B0AF1010A1F44DA
:1040D800C2E757EA08032AD41B9B434527DD1A9BEE
:1040E800BB4224DD4FF000091EE0219B3A464B44B9
:1040F8002946009329A84346FFF76FFD129B5246B5
:1041080003EB8000D0ED009A5B46CDF80090314675
:1041180030A8FFF762FD119B09F1010903EB80004C
:10412800D0ED007AA9EEA78A089B4B45DDDC159BEC
:104138000BF1010B9844C4E7DFED067A95E70026FA
:10414800B0E700BF845A0208805A02087C5A020865
:10415800785A0208000000001CB1207A022840F0BA
:104168001F814A465946CAA800F048FBD9F82430AE
:1041780041461393D9F828304CA8149309F04FF905
:10418800D8F80030314653A8169309F048F9002EA4
:104198003FF4A2AE336821465AA8159309F03FF9B7
:1041A80004B1246861AF2946384609F038F9002D72
:1041B8003FF492AE2B682693BDF932331793BDF9BD
:1041C80034331893BDF936331993BDF938331A933C
:1041D800BDF92A331B93BDF92C331C93D49B11933F
:1041E800D59B1293DDE9113293423FF775AE4C9B94
:1041F8004CAD042B7FF470AE539B53AE042B7FF46D
:104208006BAE619B042B7FF467AE00233A461946D8
:104218002846FFF714FD03231D903A460021304637
:10422800FFF70DFD509D109034B15AA8FFF7C8FC58
:10423800109B83427FF450AE4E9B559A1E934F9B22
:1042480020921F93579B569A089395FBF3F321925C
:10425800089A02FB1355002D7FF43EAE109AAA4629
:1042680092FBF3F3639A2293649B239224931D9BFE
:10427800534540F31C821C9B5B420E9300230B9317
:1042880010E01B9B5B420F9300230C93249B0C9A1A
:10429800934200F383800B9B189A01330B930E9B78
:1042A80013440E93239B0B9A9342EADC0AF1010A0A
:1042B800DDE70026229BB34695FBF3F3089A0E9F91
:1042C80053432793209BB3422BDC14B154F8253079
:1042D8009B44149B584653F82520139B53F82510EC
:1042E80009F05EFBDDE90B2306460095514661A8FF
:1042F800FFF773FC119B01359E42B8BF1E46129B07
:104308009E42A8BF1E46269B23F81060109BAB4216
:10431800CFDC0C9B179A01330C930F9B13440F931C
:10432800B4E70023DDF83C800D93219B0D9A93425E
:1043380003DC1A9B01361F44C4E757EA080327D455
:104348001F9B434524DD1E9BBB4221DD4FF0000926
:104358001BE0279B3A464B44514600934CA84346E2
:10436800FFF73BFC169B324633F91030294625935C
:10437800CDF800900D9B53A8FFF72FFC159B259AAD
:104388001B5609F1010912FB03BB089B4B45E0DCF6
:104398000D9B01330D93199B9844C6E70025B5E79B
:1043A800042840F031814A465946D8A800F026FA38
:1043B800D9F8243068AF1393D9F8283041463846E5
:1043C800149309F02CF8D8F8003031466FA82693DA
:1043D80009F025F8002E3FF47FAD3368214676A812
:1043E800259309F01CF829467DA8D4F8009009F017
:1043F80016F8002D3FF470AD2B682493BDF96A338D
:104408001593BDF96C331693BDF96E331793BDF947
:1044180070331893BDF962331993BDF964331A9355
:10442800E29B1193E39B1293DDE9113293423FF72C
:1044380053AD689B042B7FF44FAD6F9B6FAD042B7E
:104448007FF44AAD7D9B7DAE042B7FF445AD002300
:10445800324619463846FFF7F2FB03231B903246D3
:1044680000212846FFF7EBFB3C690E90B9F1000FDD
:1044780006D076A8FFF7A4FB0E9B83427FF42CADF1
:104488006A9B719A1C936B9B1E921D93739B729AE5
:104498000B9394FBF3F31F920B9A02FB1344002C2B
:1044A8007FF41AAD0E9A92FBF3F37F9A2093809BC8
:1044B800219222931B9BA34240F3F9801A9B4FF051
:1044C800000B5B4210930FE0199B5B420F93002394
:1044D8000C93229B0C9A934200F39480109B169A9B
:1044E8000BF1010B13441093219B5B45ECDC013469
:1044F800E0E7209B0B9A95FBF3F3534327930023A4
:1045080000220D930023CDE90823109E1E9B0D9ACF
:10451800934237DCB9F1000F0BD0089959F83530C0
:1045280009EBC502CB185268099942EB0102CDE9A3
:104538000832DDE90801149B139A53F8253052F824
:10454800252009F071FA06460C9B00955A4621462B
:104558007DA8FFF742FB119B01359E42B8BF1E465E
:10456800129B9E42A8BF1E46249B23F810600E9BF8
:10457800AB42BEDC0C9B159A01330C930F9B134482
:104588000F93A6E74FF0000A0F9F1F9B534505DCCA
:104598000D9B01330D93189B1E44B7E757EA06039A
:1045A8002BD41D9BBB4228DD1C9BB34225DD4FF05D
:1045B80000081FE0279B324643442146009368A821
:1045C8003B46FFF70AFB269B294633F910300D9A24
:1045D8002393CDF8008053466FA8FFF7FEFA259B7A
:1045E800239A1B56DDE90801C2FB8301CDE90801C6
:1045F80008F101080B9B4345DCDC179B0AF1010A13
:104608001F44C2E70025B2E706F034FF227A0146CC
:10461800494808F0DDFD01204AE0307A09284DD0EC
:1046280012287BD1DAF84430D9F83410504698472C
:1046380031460746F4A8D6F800A008F0F0FEF4A822
:10464800FFF7BEFA3A460146504609F043FA4A4691
:104658005946E6A800F0D2F8D9E909A9414684A844
:1046680008F0DDFED8F800B00DF50B78314640466D
:1046780092AE08F0D4FE2146304608F0D0FE04B1D0
:104688002468294699A808F0CAFE002D3FF424ACF6
:104698004A4651462B68CDE90276CDE900B899A87B
:1046A800CDE904400693E6A884ABFFF7D7FA0020CB
:1046B8000DF20C4DBDEC048BBDE8F08F4A4659460F
:1046C800F4A800F09BF8D9E909A94146A0A8A7AF2A
:1046D80008F0A5FE31463846D8F8008008F09FFE5D
:1046E800D6F800B0AEAE2146304608F098FE04B1C8
:1046F80024682946B5A808F092FE002D3FF4ECABDB
:104708002B68B5A8CDE9044006934A465146CDE941
:1047180002B6CDE90087A0ABF4A8C6E706F0AAFE6A
:10472800327A0146054874E706F0A4FE98F8082096
:10473800014603486DE700BF302B0208512B0208E1
:10474800742B0208002313B50446CDE90033044A4C
:10475800044B054908F02CFE204602B010BD00BFEE
:10476800554A0008893E00085348000810B5044619
:10477800184623B1012C03D0022C06D0002010BD0E
:104788001944013991FBF0F0F9E71944029B013A09
:104798005A430132891AF5E70B7B70B5012B0446A1
:1047A8000D4616461AD0032B1AD0022B1BD06FF4D5
:1047B80000020F4B28786363226308F045FE3368D4
:1047C8002070638073682046A3806B686381AB6840
:1047D800A3812B69E3816B69238270BD0022E8E71E
:1047E8000022044BE6E74FF07E53034AE2E700BF9E
:1047F800FFFF7F7F0000C040000080BF70B51546F6
:10480800044613690E465B42436153695B42836108
:104818009369C361D3690362136A5B424362087890
:1048280008F012FE6B682070A3802B682046638016
:10483800B368A38173686381736923823369E381F1
:10484800EB6AA3622B6BE36270BD836B10B50BB987
:104858000CF077FB3821BDE8104018472DE9F04FE0
:104868009A460B688FB01B680546023B012B0F4622
:1048780016461E9C07D96C4B6C4A00935823446912
:104888006B49A04711E04B68D3F80090B9F1010FCC
:104898000DD00123CDE90293664B644A0193664B20
:1048A8006649009344695923A047012091E0936821
:1048B80092F800B00A935368D2F810800B935369AA
:1048C8005146199A0C93CDF800800B9B5846FFF778
:1048D8004DFF0C9B1A9A18990D90009358460A9B05
:1048E800FFF744FF1A9B0C9A013B53430A9A01387D
:1048F800013302FB0033189A0D999B1A199A23EA7F
:10490800E373013A08FB02F201F1FF380B99013217
:1049180001FB0822A2EB0A0222EAE2725110D5F842
:104928000C80216002F00102591003F0010361605C
:10493800A260394600224046E36008F0FBF8824650
:1049480038B93F4B009366236C692846374A384983
:1049580097E74A463946404608F0ECF8814620B9C0
:10496800384B00936C696923EFE7394602224046C9
:1049780008F0E0F8394683460022404608F0EFF890
:10498800074620B9304B00936C696E23DDE79DF82C
:104998007430012B20D1DAF80C3039462361D9F86C
:1049A8000C3040466361FB68A361D8F800309B690E
:1049B8009847D8F80030514640469B699847D8F840
:1049C8000030494640469B699847BBF1000F23D108
:1049D80000200FB0BDE8F08FD9F814300C365B68B2
:1049E8004A460893A36A51460793636ACDE90006CD
:1049F800069304F13003059304F12C03049304F1A6
:104A08002003039304F11C03029328465B4608F035
:104A1800A3FE0028BFD0DCE7D8F80030594640464E
:104A28009B699847D4E700BF082C0208902B02081E
:104A3800F12B020844360208462C02082C2C0208E6
:104A48005A2C02086B2C02087D2C02082DE9F04F25
:104A5800D1F80CA00446884699B0BAF1000F01D1EC
:104A68000CF06FFAD1F810B0BBF1000FF8D0C6689F
:104A78000022304608F073F8814668B96B4B009302
:104A88009623656920466A4A6A49A8474FF0010893
:104A9800404619B0BDE8F08F00224146304608F084
:104AA80049F8074620B9644B009365699923E9E7FB
:104AB80001224146304608F03DF8054620B95F4BD3
:104AC800009365699C23DDE73B7F99F81C2093429E
:104AD8000CD0CDE902325A4B01935A4B00939E23D6
:104AE80065692046524A5849A847CFE7012B07D1A4
:104AF800037F012B0ED02046636954499847C5E7C8
:104B0800072B02D1037F092BF4E7092BF3D1037F8D
:104B1800122BF8D17B692046DA689B6809926A698A
:104B28000A93D3680B9393680C93D9F81430D96817
:104B38009B680D915168A26B89000F930E91904765
:104B4800A26BCAF824000E99204690473A7F0F9B23
:104B5800092ACAF8280001D0072A24D1296801297E
:104B680009D00123CDE90213394B0193394B009346
:104B78006569B923B5E7696800293FF471AF08682A
:104B880000283FF46DAF496800293FF469AF006819
:104B9800012808D069694968884204D02E4B0093DF
:104BA8006569C2236EE704930D9B414603930C9BF2
:104BB800CDE9052A02930B9B5A4601930A9B20468E
:104BC8000093099BFFF74AFE804600287FF460AFF8
:104BD8002B7F122B15D1696951F804BBBBF1060F65
:104BE8003FF73EAF4FEA8B0212A80CF0ECFB4346AE
:104BF800012111AA9B4514DC2046236C0AF13402DA
:104C080098473368294630469B6998473368394640
:104C180030469B6998473368494630469B699847B0
:104C280036E752F8040F01334143E3E77D2C0208CD
:104C3800902B0208F12B02085A2C02086B2C020850
:104C48008F2C02089C2C02082C2C0208A82C020885
:104C58003A2D0208542D02086E2D0208836B10B5F8
:104C68000BB90CF06EF93821BDE8104018472DE952
:104C7800F04F9A46B0F90A30A1B00E93B0F90C3053
:104C8800CDE91E120F93B0F90E30DDF8BCB01093C9
:104C9800B0F910301193B0F902301293B0F9043022
:104CA8001393B0F91230089343691593C3691693A7
:104CB800836A0B93C36A0C93DAF80030042B01D093
:104CC8000CF03FF92B9B1B68042BF9D1DBF8003063
:104CD800042BF5D1DDE90B329342F1DC00235A466F
:104CE80019465046FEF7ABFF03235A46194619905A
:104CF8002B98FEF7A4FFDAF808301793DAF80C308F
:104D08001893DAF810300D932B9B0D9A9B681A9321
:104D18002B9BDB681B93DBF808301C93DBF80C300B
:104D28001D93089B02FB03F48442C9D12D98FEF71A
:104D380047FFA042C4D14FF000098EE00025DDF8FE
:104D480028800695069B1A9A934234DA0023099F15
:104D5800079326E058EA07031ED4189BBB421BDDC5
:104D6800179B434518DD059B42464946009350462C
:104D78003B46FEF732FFDDE90623149000212B980D
:104D88000094FEF72AFF149A2A9B9B56159A1344FF
:104D98002C9A125602FB0355079B01330793109B6D
:104DA8001F44079B1B9A9342D4DB069B013306934F
:104DB800119B9844C6E72E9B13B153F824301D4429
:104DC8001F9B284653F824201E9B53F8241008F0F4
:104DD800E7FDDDE903230546009449465846FEF7FA
:104DE800FCFE169B01341D440B9B9D42B8BF1D461B
:104DF8000C9B9D42A8BF1D46309B1D54089AA31BBF
:104E08009A429BDC059B164401330593059B0D9A3A
:104E180093420DDB049B0E9A01330493099B1344C0
:104E28000993049B1D9A934204DA00260596EDE740
:104E38003446E3E7039B0F9A013303930A9B134419
:104E48000A93039B1C9A934205DA129B5B420993CF
:104E580000230493E5E709F10109199B994505DA4F
:104E6800139B5B420A9300230393EAE721B0BDE852
:104E7800F08F00002DE9F04F2DED068BD1F80C9046
:104E880083468846ADF5597DB9F1000F01D10CF084
:104E980058F8D1F810A0BAF1000FF8D0A34B1A684F
:104EA80008F0AFFAA24B41461A680546584608F082
:104EB800A6FAA04B0746414658461A6808F09FFADA
:104EC800D8F80040064654B12368032B40F086808A
:104ED800994B414658461A6808F091FA0446387AC0
:104EE800072800F0AE81092800F02A81012840F047
:104EF800E4820DF518784A465146404600F0FEFA1D
:104F0800394628A808F08BFA3B6831462FA8149335
:104F180008F085FA002EBAD03368214636A81393D4
:104F280008F07DFA04B124683DAF2946384608F0F8
:104F380076FA002DABD02B68D8ED0C8A2293B8F9FD
:104F48000A3098ED0D9A1593B8F90C3028AE1693DF
:104F5800B8F90E301793B8F910301893B8F9023031
:104F68001993B8F904301A93B8F912300D93289BA5
:104F7800042B8CD12F9B2FAD042B88D13D9B042B68
:104F880085D100233A4619463046FEF758FE0323DA
:104F98003A4619461B902846FEF751FE2A9B804642
:104FA8001C932B9B1D932C9B1193319B119A1E9341
:104FB800329B1F933F9B2093409B21930D9B534310
:104FC80098427FF464AF36A8FEF7FAFD80457FF477
:104FD8005EAF4FF00008DFED599A9EE000247EE7AF
:104FE8004FF0000B9FED558A09EB0503109F1293B4
:104FF8001E9B5B4534DD4FF0000A0F9E28E057EA00
:10500800060321D41D9BB3421EDD1C9BBB421BDD46
:10501800089B3A464146009328A83346FEF7DDFD33
:10502800149B5A4603EB8000129B90ED00AA0021C6
:1050380000932FA85346FEF7D0FD139B03EB800087
:10504800D0ED007AAAEE278A179B0AF1010A1E44BE
:105058001F9B5345D3DC189B0BF1010B1F44C7E77B
:10506800002C36D00E9BD3ED007A38EE278AF4EE6A
:10507800C88AF1EE10FAC8BFB0EE688AB4EEC89AD2
:10508800F1EE10FA129B414600933DA8DDE90B3280
:1050980048BFB0EE498AFEF7A0FD229B09F101093D
:1050A80003EB800080ED008A0E9B04330E930D9B6A
:1050B8004B4595DC089B013308930D9B1D44119BC0
:1050C800089A934208DD04EB85034FF000090E931C
:1050D800EDE7F0EE697AC8E70B9B159A01330B935D
:1050E8000F9B13440F93219B0B9A934202DD0025DB
:1050F8000895E4E70C9B169A01330C93109B134414
:105108001093209B0C9A934205DD199B5B420F93E9
:1051180000230B93E7E708F101081B9B434559DD82
:105128001A9B5B42109300230C93EAE7885A020803
:10513800945A0208905A02088C5A0208000000008B
:10514800307A09284DD0122840F0A881DBF8443085
:10515800D9F834105846984731468046C8A8D6F83A
:1051680000B008F05CF9C8A8FEF72AFD42460146DF
:10517800584608F0AFFC4A465146A8A800F0F2F994
:10518800D9E909A9394644A808F049F9D7F800B07F
:105198004BAF3146384652AE08F041F92146304609
:1051A80008F03DF904B12468294659A808F037F9F0
:1051B800002D3FF46CAE4A4651462B68CDE9028675
:1051C800CDE900B759A8CDE904400693A8A844AB97
:1051D800FFF74DFD00200DF5597DBDEC068BBDE8B0
:1051E800F08F4A465146B8A800F0BCF9D9E90989B8
:1051F800394660A808F013F9D7F800A067AF314620
:10520800384608F00CF9D6F800B06EAE21463046A4
:1052180008F005F904B12468294675A808F0FFF8D4
:10522800002D3FF434AE2B6875A8CDE904400693F1
:105238004A464146CDE902B6CDE900A760ABB8A819
:10524800C6E7307A092840F029814A465146C8A85D
:1052580000F088F9D9F8243039461593D9F8283060
:105268007CA8169308F0DBF83B68314683A81893AE
:1052780008F0D5F8336821468AA8179308F0CFF8C4
:1052880004B1246891AE2946304608F0C8F8002DCC
:105298003FF4FDAD2B680DF5F87A2793BDF92A3355
:1052A8001993BDF92C331A93BDF92E331B93BDF90D
:1052B80030331C93BDF922331D93BDF924331E935B
:1052C800BDF932330F93D29B1293D39B1393DAF821
:1052D8000030042B7FF4DBAD839B83AD042B7FF47C
:1052E800D6AD919B042B7FF4D2ADDDE91232934207
:1052F8003FF7CDAD0023324619465046FEF79FFCD6
:105308000323324619461F902846FEF798FCDAF820
:10531800083007462093DAF80C302193DAF8103079
:105328001493859B149A2293869B2393939B24938F
:10533800949B25930F9B534398427FF4A8AD8AA86A
:10534800FEF73EFC87427FF4A2AD4FF000099BE0D8
:10535800002300220E930023CDE90823DDF84480C2
:10536800229B0E9A934237DD0023109F0D9329E06C
:1053780057EA080321D4219BBB421EDD209B4345ED
:105388001BDD0B9B42464946009350463B46FEF7C1
:1053980024FC189B002133F910300095269383A82C
:1053A800DDE90D32FEF719FC179B269A1B56DDE93D
:1053B8000801C2FB8301CDE908010D9B01330D9360
:1053C8001B9B1F44239B0D9A9342D1DC0E9B0133F8
:1053D8000E931C9B9844C3E75CB1089954F8353088
:1053E80004EBC502CB185268099942EB0102CDE9DA
:1053F8000832DDE90801169B159A53F8253052F852
:10540800252008F011FB07460C9B00955A46494693
:1054180091A8FEF7E2FB129B01359F42B8BF1F46D9
:10542800139B9F42A8BF1F46279B23F810700F9A13
:10543800AB1B9A428CDC0B9B164401330B93149BD9
:105448000B9A93420DDC0C9B199A01330C93109B19
:1054580013441093259B0C9A934204DD00260B9667
:10546800EDE73546E3E7119B1A9A0BF1010B13445C
:105478001193249B5B4505DD1D9B5B421093002324
:105488000C93E7E709F101091F9B4B457FF7A2AE93
:105498001E9B4FF0000B5B421193EAE705F0EAFF11
:1054A8000446387A357A05F0E5FF2A460346214650
:1054B800064807F08DFE01208DE605F0DBFF3A7AFD
:1054C8000146034807F084FEF5E700BFE72D020810
:1054D8001C2E0208002313B50446CDE90033044A04
:1054E800044B054907F064FF204602B010BD00BF19
:1054F800B15700087D4E0008654C00080B7C70B55C
:10550800012B04460D4616461CD0032B1CD0022B3B
:105518001DD06FF40002104B28786363226307F0F4
:1055280093FF33682070638073682046A3806B689C
:105538006381AB68A3816B69E381AB692382EB6804
:10554800638270BD0022E6E70022044BE4E74FF0D7
:105558007E53034AE0E700BFFFFF7F7F0000C040A3
:10556800000080BF70B5154604460E4613695B42BD
:10557800436153695B4283619369C361D369036281
:10558800136A5B424362087807F05EFF6B6820701D
:10559800A3802B6820466380B368A3817368638106
:1055A800B36923827369E381F3686382EB6AA36258
:1055B8002B6BE36270BD00002DE9F04F99460B6834
:1055C8008FB01B6806460A93023B012B8846174694
:1055D8001E9C07D9674B684A00935823446967495A
:1055E800A0470FE04B681B68012B0FD00122CDE9C3
:1055F8000232634B604A0193624B634900934469EA
:105608005923A04701200FB0BDE8F08F936892F8A6
:1056180000B00B935368D2E9055A4946199A009588
:1056280058460C93FFF7A2F80B9B1A9A18990D90FD
:10563800CDF800A05846FFF799F81A9B0B9A013B42
:105648000AFB03F30138013302FB0033189A0D9962
:105658009B1A199A23EAE373013A6A434D1E0C997F
:10566800013201FB0522A2EB090222EAE272511083
:105678002160591003F00103F568E360434B02F021
:1056880001026160A260414628461A6807F052FA92
:10569800824638B93E4B0093662374693046364AD1
:1056A80036499DE73B4B414628461A6807F042FABF
:1056B800814620B9384B009374696923EEE7374B6C
:1056C80041461A68284607F035FA354B4146834665
:1056D8001A68284607F043FA804620B9314B0093F0
:1056E80074696E23DAE79DF87430012B21D1DAF85A
:1056F8000C3051462361D9F80C3028466361D8F83C
:105708000C30A3612B689B6998472B6849469B69B5
:10571800284698470A9B032B04D12B6859462846EC
:105728009B6998472B68284641469B699847002003
:1057380069E7D9F8143010371B694A460893A36AF9
:1057480051460793636ACDE90007069304F13003D5
:10575800059304F12C03049304F12003039304F14B
:105768001C03029330465B4607F0F6FF0028BED0C4
:1057780049E700BF082C02083E2E0208F12B020858
:1057880044360208462C02082C2C0208845A0208C7
:105798005A2C0208805A02086B2C02087C5A02080C
:1057A800785A02087D2C02082DE9F04FD1F80CA098
:1057B8000446884699B0BAF1000F01D10BF0C1FB3D
:1057C800D1F810B0BBF1000FF8D0C66800223046FF
:1057D80007F0C5F9814660B9674B00939623656960
:1057E8002046664A6649A8470124204619B0BDE804
:1057F800F08F00224146304607F09CF9074620B951
:10580800604B009365699923EAE7012241463046D7
:1058180007F090F9054620B95B4B009365699C2316
:10582800DEE77B69DA689B6809920A934369204638
:10583800DA680B929A680C92D9F81420D1689268A9
:105848000D911969A36B89000E920F919847A36B6C
:10585800CAF824000F99204698473B7FCAF82800C9
:10586800092B31D12A68012A0DD00123CDE9022361
:10587800464B0193464B0093B023656920463F4A47
:105888004449A847B0E76A68002A97D010680028FA
:1058980094D05168002991D00268012A08D068691B
:1058A8000069824204D03C4B00936569B92397E7AD
:1058B80009688A4208D0394BCDE902210193384B57
:1058C80000936569BE23D9E72A7F934234D0092B18
:1058D8002BD1122A32D0092A29D1CDF818A03B7F22
:1058E800204605930E9B5A4604930D9B414603930D
:1058F8000C9B02930B9B01930A9B0093099BFFF758
:105908005BFE044600287FF470AF33684946304692
:105918009B6998473368394630469B69984733688E
:10592800294630469B6998475FE7072BD3D0204626
:1059380063691C49984757E7122BCED1696951F81A
:10594800043B062B3FF73AAF9A0012A80F930BF0CF
:105958003AFD002201210F9B11A8934205DC204645
:10596800236C0AF134029847B7E750F804CF0132A4
:105978000CFB01F1F1E700BF7D2C02083E2E020866
:10598800F12B02085A2C02086B2C02083A2D020847
:10599800542D02082C2C0208A92E02082B2F0208CD
:1059A800512F0208722F0208836B10B50BB90BF048
:1059B800C8FA3021BDE81040184700002DE9F04F23
:1059C800D1F80CA004460F46C5688FB0BAF1000F95
:1059D80001D10BF0B6FAD1F810B0BBF1000FF8D036
:1059E800564B28461A6807F0A5F8804660B9544B0C
:1059F8000093302365692046524A5349A847012439
:105A080020460FB0BDE8F08F504B394628461A683B
:105A180007F090F8064620B94D4B0093656933238B
:105A2800E9E74C4B39461A68284607F083F84A4B91
:105A3800394681461A68284607F091F8074620B982
:105A4800464B009365693823D5E798F81C003B7FDF
:105A5800834212D0666905F00DFD0546387F05F0D2
:105A680009FD3F4BCDE9025001933E4B2046009380
:105A7800344A39233C49B047C1E70128337F0DD167
:105A8800012B2DD005F0F6FC0446307F05F0F2FC22
:105A980021460246354807F09BFBB0E7092819D193
:105AA800092B1DD0122BEDD1716951F8043B062B3F
:105AB8008FDC9A0008A805930BF085FC00220121D1
:105AC800059B07A8934232DC2046236C0AF120028A
:105AD800984705E0072801D1092BD2E7122BE3D01C
:105AE80098F81C209BF8001020464346CDE9027A1E
:105AF800CDE9006900F0FAFD0446002880D12B6842
:105B0800414628469B6998472B68314628469B6939
:105B18009847B9F1000F04D02B68494628469B697D
:105B280098472B68394628469B69984768E750F894
:105B380004CF01320CFB01F1C4E700BFA45A0208EC
:105B48005A2C02080E300208F12B0208A05A02084B
:105B58006B2C02089C5A0208985A02087D2C0208ED
:105B68008F2C02089C2C0208733002088D30020822
:105B7800002938B50346046801DBA14201DB0BF0BC
:105B8800E0F90022012004338A420CBF012553F8B2
:105B980022500132944205FB00F0F5DC38BD2DE9B6
:105BA800F04F8DB00A930368176802934368012F7A
:105BB8000393836815460493C368179C0593036988
:105BC80009910693436900938369019301DC0BF003
:105BD800B8F92668002EFADDDDE900329342F6DCDA
:105BE800013E31462046FFF7C3FF31460790204665
:105BF800FDF7DAFFB91E04462846FDF7D5FF8442B3
:105C0800E5DC2846791E0026FDF7CEFFB14605469D
:105C1800B246079B53453FDD4FF00008189B4746A7
:105C280003EB090B28E01EF9012B039908921CF9D4
:105C3800012B01330A440B920299089A0A4411462F
:105C48000B9A01FB02009D42EDDC169B13B153F841
:105C580027301844DDE9051207F0A2FE049B01373E
:105C68001844009BA8449842B8BF1846019B984224
:105C7800A8BF18460BF8010BBC4208DD099B03EBD3
:105C8800060E0A9B03EB080C00231846DBE70AF113
:105C9800010AA1442E44BCE70DB0BDE8F08F000016
:105CA800002313B50446CDE90033044A044B0549E3
:105CB80007F07EFB204602B010BD00BFC5590008A2
:105CC800DD5C0008B159000808B508B90BF039F9CE
:105CD800006808BD2DE9F04F2DED028BD1F810A01A
:105CE80081460D46ADF2145DBAF1000F01D10BF0FB
:105CF80028F9BD4B1A6807F082FBBC4B29461A6885
:105D08008046484607F07BFBB94B29461A68074688
:105D1800484607F074FBB74B294604461A684846BC
:105D280007F06FFBED680646002DE0D098F80800F4
:105D3800072800F0C981092800F08F80012840F069
:105D48009C84F4AD28469AF8001000F0B3FC414654
:105D580014A807F064FB0DF16C09D8F80030394637
:105D68004846059307F05BFB002FC0D03B682146EF
:105D780022A81F4607F053FB04B124680DF1A40ABA
:105D88003146504607F04BFB002EB0D033685046E2
:105D98000793299BD9F8006003F1FF3B5946FFF7A9
:105DA800E7FEB11E06904846FDF7FEFE95ED078A10
:105DB800D5ED088A594605465046FDF7F5FE854259
:105DC80095D14846711EFDF7EFFE002302469C461A
:105DD8001846DFED896A0699614540F387800026F9
:105DE800079901EB8009059901EB8308314622E008
:105DF800BAEC016ABBEC017AE6EE077A0EF1010E05
:105E08007245F5DC0CB304EB810E9EED007A77EE5B
:105E1800877AB4EEE78AF1EE10FAC8BFF0EE487A56
:105E2800F4EEE78AF1EE10FA48BFF0EE687AE9EC92
:105E3800017A01311644A9420ADAC2464FF0000E2F
:105E4800DFED6D7A07EB860BDAE7B0EE667ADEE710
:105E58000CF1010C28441344BDE7387A092851D0C5
:105E6800122840F00084D9F84430296A48469847F7
:105E780081463846FFF728FF394682460DF59D6072
:105E880007F0CDFA00230121DDF8E8240DF59D6C1B
:105E9800934232DB4A46504607F01CFE2946FEA8CC
:105EA80000F0F6FB414630A807F0B9FA4046FFF784
:105EB8000BFF3946054637A807F0B1FA21463EA838
:105EC80007F0ADFA04B1246845AF3146384607F00B
:105ED800A6FA002E3FF40BAF33682946CDE90173CB
:105EE8004B46009437AAFEA8FFF759FE00200DF292
:105EF800145DBDEC028BBDE8F08F5CF8040F013334
:105F08004143C5E795F82C302946002B00F0AF80B7
:105F18000DF5846000F0BCFB6B6A41460993AB6ADF
:105F28004CA80A9307F07BFA4046FFF7CDFE53AD25
:105F380039460B90284607F072FA3846FFF7C4FE38
:105F480021460C905AA807F06AFA04B1246861AF98
:105F58003146384607F063FA002E3FF4C8AE33687E
:105F6800D5F800801093DDF82034B8F1010F0D93B7
:105F7800DDF828340E93DDF834340593DDF8383431
:105F880006937FF7B4AE619E002E7FF7B0AEDDE9D1
:105F9800053293423FF7ABAE013E31463846FFF734
:105FA800E7FD31460F903846FDF7FEFDA8F10201E6
:105FB80006462846FDF7F8FD86423FF798AE08F1F9
:105FC800FF3128464FF00008FDF7EEFDC2460746B0
:105FD800C3460F9B5B4589DD4FF00009109B4D467A
:105FE8005344089333E000BFA45A0208A05A020899
:105FF8009C5A0208985A02080000000007991CF9E8
:10600800012B11F901EB013307910D990A440EFB9D
:1060180002009F42F2DC14B154F8253018440A9B60
:10602800B94453F82520099B53F8251007F0B8FC0C
:106038000E9B01351844059B9842B8BF1846069B2D
:106048009842A8BF1846089B03F8010B0893AE4274
:1060580008DD0B9B03EB080C0C9B4B4407930023B8
:106068001846D6E70BF1010BB244B844B1E70DF579
:10607800896000F00DFB414668A807F0D0F940465A
:10608800FFF722FE394605466FA807F0C8F93846DB
:10609800FFF71AFE2146074676A807F0C0F904B1B3
:1060A80024680DF5FA783146404607F0B8F9002E15
:1060B8003FF41DAE33682946CDE9018300943B4681
:1060C8006FAA0DF589600FE7387A092840F0CB826E
:1060D8001CB1237A022B40F0548195F82C302946C4
:1060E800002B00F0A4800DF58E6000F0D1FA6B6AE9
:1060F80041460993AB6A84A80A938BAD07F08FF9E0
:10610800D8F80030394628460C9307F088F9384605
:10611800FFF7DAFD21460B9092A807F080F904B149
:10612800246899AF3146384607F079F9002E3FF4D4
:10613800DEAD33682E681093DDF87034012E0D93B0
:10614800DDF878340E93DDF884340693DDF888346E
:1061580007937FF7CCAD999B002B7FF7C8ADDDE99E
:1061680006218A423FF7C3AD03F1FF38414638465E
:10617800FFF7FEFC41460F903846FDF715FDB11EAE
:1061880007462846FDF710FD87423FF7B0AD711E60
:1061980028460026FDF708FDB2468046B3460F9B09
:1061A8005B457FF7A3AE4FF00009109B4D4603EB0C
:1061B8004A0305930C9B03EB4603119328E00899C7
:1061C8001CF901EB31F9022B013308910D990A44AE
:1061D8000EFB02009845F2DC14B154F8253018443F
:1061E8000A9BC14453F82520099B53F8251007F052
:1061F800D7FB0E9B01351844069B9842B8BF18463A
:10620800079B9842A8BF1846059B23F8020B0593E5
:10621800AF4207DD0B9B03EB090C119B089300238E
:106228001846D7E70BF1010BBA444644B7E70DF51A
:10623800936000F02DFA4146A0A807F0F0F8D8F8CE
:1062480000303946A7A8099307F0E9F83846FFF760
:106258003BFD21460890AEA807F0E1F804B1246898
:10626800B5AF3146384607F0DAF8002E3FF43FADB7
:106278003368A79E1193DDF89834012E0A93DDF850
:106288009C34A7AD0B93DDF8A0340C93DDF8A4344F
:106298000D93DDF8A8340E93DDF8AC340593DDF8E2
:1062A800B03406937FF723ADB59B002B7FF71FAD66
:1062B800DDE905218A423FF71AAD03F1FF3841466F
:1062C8003846FFF755FC41460F903846FDF76CFC01
:1062D800B11E83462846FDF767FC83453FF707ADA7
:1062E8002846711E0025FDF75FFCA9460646AA460A
:1062F8000F9B53457FF7FAAD4FF00008119B4746B7
:1063080003EB49030793099B03EB4503129329E029
:106318003CF9022B0B9910921EF9012B01330A4408
:1063280013920A99109A0A441146139A01FB020023
:106338009E42EDDC14B154F827301844DDE90D1203
:1063480007F02EFB0C9B01371844059BB04498427C
:10635800B8BF1846069B9842A8BF1846079B23F863
:10636800020B0793BB4507DD089BDDF848C003EB2C
:10637800080E00231846DBE70AF1010AD944354420
:10638800B6E7042B7FF4B2AD95F82C302946002BE4
:1063980000F0B2800DF5986000F07AF96B6A41461A
:1063A8000993AB6ABCA80A93C3AD07F038F8D8F8CC
:1063B800003039462846119307F031F83846FFF780
:1063C80083FC21460B90CAA807F029F8D4F800905E
:1063D800D1AC3146204607F022F8002E3FF487ACB6
:1063E8003368C39D1093DDF8C034012D0C93DDF89C
:1063F800C8340D93DDF8D4340693DDF8D834079308
:106408007FF775ACD19E002E7FF771ACDDE90632BF
:1064180093423FF76CAC013E31462046FFF7A8FB9C
:1064280031460E902046FDF7BFFBA91E8346C3A840
:10643800FDF7BAFB83453FF75AAC691EC3A8002590
:10644800FDF7B2FBA8460646AA460E9B53457FF7C2
:106458004DAD0027109B3C4603EB48030893119B66
:1064680003EB4503129337E01EF9013B3CF9021B8D
:106478000F930C9B01320B440F994B430599181845
:1064880041EBE37305939642EEDCB9F1000F0AD0B5
:1064980059F8343009EBC402C31818465268059BF2
:1064A80043EB020305930A9B099A53F8243052F8E8
:1064B8002420059907F0B8FA0D9B01341844069B6F
:1064C80037449842B8BF1846079B9842A8BF184659
:1064D800089B23F8020B0893A34508DD00220B9BB9
:1064E8001046DDF848C003EB070E0592CBE70AF12A
:1064F800010AD8443544A8E70DF59D6000F0C8F8B6
:106508004146D8A806F08BFFDFADD8F800303946F1
:106518002846129306F083FF3846FFF7D5FB21463D
:106528000A90E6A806F07BFFD4F80090EDAC31465F
:10653800204606F074FF002E3FF4D9AB3368DF9D88
:106548001193DDF8E834012D0B93DDF8EC340C934E
:10655800DDF8F0340D93DDF8F4340E93DDF8F834FB
:106568000F93DDF8FC340693DDF8003507937FF7C9
:10657800BEABED9E002E7FF7BAABDDE90632934243
:106588003FF7B5AB013E31462046FFF7F1FA3146F9
:1065980010902046FDF708FBA91E8346DFA8FDF7EB
:1065A80003FB83453FF7A3AB691EDFA80025FDF772
:1065B800FBFAA8460646AA46109B53457FF796ACB9
:1065C8000027119B3C4603EB48030993129B03EBFE
:1065D8004503139337E03EF9023B01321946089B05
:1065E80013F901CB08930C9B9C440B9B194401FBAA
:1065F8000CF30599181841EBE37305939642EADC0E
:10660800B9F1000F0AD059F8343009EBC402C318A5
:1066180018465268059B43EB02030593DDE90E23F8
:10662800059907F001FA0D9B01341844069B37447D
:106638009842B8BF1846079B9842A8BF1846099BBE
:1066480023F8020B0993A34508DD00220A9B104694
:106658003B44DDF84CE008930592CFE70AF1010AC4
:10666800D8443544A8E704F005FF98F80820014607
:10667800054806F0ADFD012039E404F0FBFE98F86A
:10668800082001460148F4E7C03002081C2E020821
:106698004A69524202608A6952424260CA6982600B
:1066A8000A68C2604A6802618A684261CA6882618F
:1066B80070470000012909D0032909D002290AD00E
:1066C8006FF40002064BC261036270470022F9E7CB
:1066D8000022044BF7E74FF07E53034AF3E700BF6D
:1066E800FFFF7F7F0000C040000080BF2DE9F04F12
:1066F80091B009910021DDE91CA5012A1E46DDE9BA
:106708001A73044685F82C1000F0BB803A68012AF9
:1067180040F08E80D7F80480B8F1000F00F0888030
:10672800D8F8001051B9584B584A009344694B2384
:106738005749A047012011B0BDE8F08FD1F800906B
:10674800B9F1010F74DD337F85F82C20092B01D0B6
:10675800072B02D13B7F122B08D14E4B20460093CA
:1067680065696323494A4A49A847E3E77B69D8F83A
:10677800082003EB82035B6899450CD0CDE90293AE
:10678800454B20460193454B404A009365696B236E
:106798004349A847CEE74FEA890B5946A36B2046E1
:1067A80098475946A36B686220469847D6ED027A07
:1067B800CDED057ADAED027AD8F80030CDED087A19
:1067C8004FF00008A86203F1040BFBEC017A05986E
:1067D800CDED067AF9F77AFECDE90A010698F9F7C0
:1067E80075FE02460B46DDE90A01F9F7C7FECDE959
:1067F80006010898F9F76AFE02460B46DDE906012C
:10680800F9F7E6FF41EC100B0EA90DA807F07EF989
:106818006B6A0D9A43F82820AB6A0E9A43F8282031
:1068280008F10108C145D0D1FB68BBB10AF089FB6A
:10683800002000210EAACDE90E01CDE900A23146C3
:106848003A46204606F0A4FE00287FF474AF284696
:106858009DED0E0B291D07F059F9E5E7F268204672
:10686800C5E905235246DAF80C300999EB6105F1C0
:106878000C031A9305F1080311B0BDE8F04F06F0B8
:10688800E1BE084657E700BF4F310208E33002086F
:10689800F12B02086A310208E631020823320208A5
:1068A8002C2C0208836B10B50BB90AF04AFB102197
:1068B800BDE810401847000080FB0132002A10B5DF
:1068C8000C4CA8BF4FF08044B0F1004F08BF88427D
:1068D8000DD0E31842EBE472002A04DA6FF00041AD
:1068E8005B1842F10002D80F40EA420010BD6FF079
:1068F8000040FBE7010000C02DE9F0474FF0000918
:10690800064601254C46D0F800A0CA4503DC2846B7
:106918002146BDE8F087012D74F10003F7DB2A4614
:1069280023466FF000400021FAF750F956F8048F1B
:106938004FEAE877804577EB010105DB074908480E
:1069480006F046FC0AF0FDFA6F4308FB0477A5FB46
:10695800085409F101093C44D7E700BF4132020855
:1069680091480208002313B50446CDE90033044AD0
:10697800044B054906F01CFD204602B010BD00BFBF
:1069880035710008116D0008AD6800086FF000420D
:10699800C317801843F10003B3F1FF3F08BFB0F1FC
:1069A800FF3F15BF0122024600211946801843EB1C
:1069B800010370B5DD0F2D1843F100036D0845EA9A
:1069C800C37528462C49FFF777FF032600F15A3490
:1069D80021462846FFF770FFC0F100512046FFF717
:1069E8006BFFB0F1005F2CDAB0F1604F23DD0022BD
:1069F8008000002120EA010321F000414B4023EAF6
:106A0800020302F000425340013E1C44E0D1B4F1BD
:106A1800804F26DAB4F1404F1DDD30462419002698
:106A280024EA060426F00046744024EA000400F034
:106A38000040604070BD4FF0FF3208D14FF0004079
:106A4800D7E700224FF0FF316FF00040D2E7002176
:106A58004FF00040CEE70AD14FF000444FF0FF302E
:106A6800DDE730466FF000444FF0FF36D8E74FF0CF
:106A7800FF304FF00044D3E7C4C3C3C3704708B521
:106A8800FFF71AFF08BD00002DE9F04104461A4837
:106A9800FFF7F4FF05461948FFF7F0FF04F18054AB
:106AA800074621462046FFF7EAFF21460646FFF73C
:106AB800E6FF314680463046FFF7E1FFC20F01325C
:106AC80000F0030183108A42B8BF0133394603EB53
:106AD8000800FFF7D4FF831903F00102B2EBD37F5C
:106AE800CCBF0121002101EB630128462144FFF7B7
:106AF800C6FF2844BDE8F08194A8F570ABAAAA2A7D
:106B08002DE9F04140F07E4406462001FFF7BCFF26
:106B180007464148FFF7B2FF01463846FFF7AFFF87
:106B2800A41B04F00075002D14BF80464FF0000828
:106B3800C5F34065013D05EA070088EA00083748C3
:106B4800FFF79CFF01464046FFF799FF04F0806578
:106B5800002D14BF074600273148FFF78FFFC5F304
:106B68008065013D05EA08056F4001463846FFF794
:106B780086FF04F00065002D14BF80464FF0000822
:106B88002848FFF77BFFC5F3C065013D3D4088EA13
:106B9800050801464046FFF772FF04F08055002DB6
:106BA80014BF074600272048FFF768FFC5F30075A4
:106BB800013D05EA08056F40014604F000583846D3
:106BC800FFF75DFFB8F1000F08BF0020C8F340755C
:106BD800013D3D4045401548FFF750FF04F0804413
:106BE80001462846FFF74BFF002C08BF0020C4F3DE
:106BF8008073013B002E03EA050383EA000314BFF8
:106C08004FF0FF30002003EA00030CBF6FF0004094
:106C180000205840BDE8F0817BBEAF63F2CBA24DA7
:106C28006CAC162FA4AA5211B72A580211FE0A00FA
:106C38002DE9F74F824689460025CDE90023DFF884
:106C4800C4B00C9B9D4202DB03B0BDE8F08F0D9BE6
:106C5800C9F100025857A0EB0A0082424CDA4845B5
:106C68004DDADDE9001206F09BFE0028D5BF0022B0
:106C78004FF0FF3890460246D8BFB0FA80F4C0F112
:106C8800000020EA080080EA0200D8BF6409C0F1C9
:106C98000000CCBF00246442FFF732FFFFF776FE06
:106CA80006464FF08040FFF7E9FE6FF0004C6FEAB0
:106CB8000807ACEB060C0CEA070108EA060881EAAB
:106CC8000802204022EA040242400BEBD270C2F3D1
:106CD8001601D2158842B8BF0132803A12F1800FEE
:106CE80007DB802A08BF7F2252B20E9B5A55013516
:106CF800A7E76FF07F02F7E76FF07F02F5E77F22E3
:106D0800F3E700BFFFFF3F002DE9F04F2DED048BA7
:106D18006F4B93B01A6804460D4606F070FB6D4B36
:106D280007461A682046294606F06BFBEB680446BE
:106D38000BB90AF006F9387A012856D1237A012BC3
:106D480040F0A180394604A806F069FB21460BA84B
:106D58003D6806F064FB04990B9B26689942E8D1CC
:106D680004AB1C4600200BAA814213DC0022012739
:106D7800914217DC2C46DFED588A0025B7EE008AD1
:106D8800BAEE029ABD4212DB002013B0BDEC048BB0
:106D9800BDE8F08F52F804CF54F8047FBC45C8D141
:106DA8000130E1E753F8040F01324743E0E7B4EC60
:106DB800010AB4EEE80AF1EE10FA13DCB4EEC90ADF
:106DC800F1EE10FA05D508F0BDFDA6EC010A013573
:106DD800D8E7B1EE400A08F0B5FD70EE087A88EE03
:106DE800270AF2E7B7EE000AEFE7072858D1227A18
:106DF800072A48D1D3E902657868FFF77DFD002DA1
:106E0800D7F800E0D4F8008093DBAEBB0323AB4097
:106E1800374635461E4600223049DFF8CCC0304C94
:106E28009042B1DD3EF9129006FB097949FA05F95D
:106E380089EAE97AAAEBE97ABAF5FF3F28BF0B4657
:106E48004FEA5A2B3FBF3CF81B300BF1010B3CF8C3
:106E58001BB0CAF3080A3EBFABEB030B5B020AFB8D
:106E68000B33B9F1000FACBF03F50073E31A9B0AAB
:106E780028F812300132D3E71DB101276B1E9F405D
:106E8800C9E72F46C7E704F0F5FA0546207A04F06B
:106E9800F1FA29460246134806F09AF9012074E7E8
:106EA8000928F0D1227A092AEDD1D3E90056D3E98D
:106EB80002897868FFF720FD2368424602933B6801
:106EC8003146CDE900034B462846FFF7B1FE5BE7A4
:106ED800AC5C0208A85C0208CFF3844100FCFF0107
:106EE800FF01000273320208A85A020800000000DD
:106EF8002DE9F04FD0F80CB004461646584600224B
:106F080087B00F4605F016FE054658B9744B009336
:106F1800272365692046734A7349A847012007B0AB
:106F2800BDE8F08F39460022584605F018FE07469E
:106F380020B96E4B009365692A23EBE7287F3B7FD6
:106F4800834212D0666904F095FA0546387F04F04A
:106F580091FA674BCDE902500193664B20460093A6
:106F6800604A2C236449B047D8E7092B36D1FB681F
:106F780013F1800F0ED06FF07F02CDE902325F4B24
:106F880001935F4B00932E2365692046554A5D495E
:106F9800A847C3E7A868F9F799FA00225A4BF9F706
:106FA800EDFA41EC100B3046EB6840F80C3B08F06A
:106FB80097FC0022554B51EC100BF9F7DFFA41EC26
:106FC800100B09F07DFB51EC100BF9F787FD1F2220
:106FD800B060F168042006F05BFE70602B7F072B21
:106FE8006AD1EB684BB10022CDE90232484B0193DC
:106FF800484B009365694623C7E7D7F80CA0BAF158
:10700800000F08D0CDE902A3414B01933C4B0093FC
:1070180065694723B9E795ED020A04A806F07AFEE8
:10702800049B0C33F3606BB960B1C6F808A097ED08
:10703800020A05A806F06EFE78BB374B0093656917
:10704800652367E7A868F9F741FA0022334BF9F797
:1070580095FA0022324BF9F791FA1FA3D3E90023DE
:1070680080468946F9F706FD10B1BAF11F0F0BD11A
:1070780040464946C6F80CA0F9F730FDB0F5004F78
:10708800B060D4DB09F05DFF42464B4640464946B6
:107098000AF1010AF9F7BCF8DFE7059B13F10F0FB6
:1070A8000AD06FF00E02CDE902321E4B01931E4B3F
:1070B80000936569672368E7DBF80030294658467E
:1070C8009B699847DBF80030584639469B699847D2
:1070D800002024E7AFF3008000000000C0FFCF408D
:1070E8005A2C020896320208F12B02087D2C02085D
:1070F8008F2C02089C2C020873300208FB3202080D
:10710800073902082C2C02080000A0410000E041C9
:10711800C85302081E330208373302080000B04083
:1071280000000840753302088C330208CA6808B5A5
:107138000AB909F006FFBDE80840FFF7D9BE2DE9F6
:10714800F84304460E46904600250768BD4212DB08
:10715800002E1DDBBE421BDA0120002304349E42B0
:107168000CBF012254F8232001339F4202FB00F098
:10717800F5DCBDE8F883B5420CD029462046FCF77B
:1071880013FD294681464046FCF70EFD814501D096
:1071980009F0D7FE0135D9E7C31103F580739BB217
:1071A80031F8132001EB43014B8840219B1A00F072
:1071B8007F0013FB001302EBE31000B270470000DE
:1071C8002DE9F04F0C460F6889B0013F3946069209
:1071D80005461A4620461E46FFF7B1FF3B4639468C
:1071E800049032462046FCF72AFD0027044647F65D
:1071F800FF780197019B049A934202DB09B0BDE82E
:10720800F08F069B002203EB470B59464A4B7E0042
:10721800A24241DB4FF0000AD146129A1644059665
:10722800A24540DBB9FA89F24FEAE973501EA2F190
:107238002101834009FA01F19246C2F1210229FA9B
:1072480002F20B4309FA00F919F5005043EA020368
:1072580043F10003800B40EA8340A0F5C03010F5ED
:10726800004F3EDB4045A8BF4046E96A00B2FFF741
:1072780093FF4FF0010C0021CAF11F03DBB25A1E25
:107288000CFA02FC4FEAEC720792A1422BDB019B3D
:10729800274401330193ADE731F9020B01328342F0
:1072A800B8BF0346B4E73BF9020BD5E90212C01A8E
:1072B800079306F075FB404410F5004F079B0EDB63
:1072C8004045A8BF4046A96A00B20793FFF764FF8C
:1072D800079B26F81A0081440AF1010AA0E716481C
:1072E800F1E71548C1E7079ACDF808C00392059A57
:1072F800DDE902AB32F81120C3F12009C2FB80ABF3
:10730800B3F1200E2AFA03F20BFA09F942EA09024C
:107318005CBF4BFA0EFE42EA0E02002A08DBB2F509
:10732800004FB4BF9646C64626F802EB0131ACE7DB
:107338004FF0000EF8E700BF0080FFFF002313B5F1
:107348000446CDE90033044A044B054906F030F8F9
:10735800204602B010BD00BF757E000855770008B2
:10736800617E0008002910B506DA4FF4B3710C4BA2
:107378000C4A0D4809F0ECFD1F2904DD40F26711A5
:107388000A4B084AF5E701238B40C20F013B03EA89
:10739800000402EB630308419C42C8BF013010BDE2
:1073A800A6330208B43302080E3402088E340208E9
:1073B8002DE9F04140F07F4407466001FFF764FB88
:1073C80080464848FFF75AFB01464046FFF757FBFF
:1073D800E41B04F08075002D14BF06460026C5F393
:1073E8000065013D05EA080046403F48FFF746FBB7
:1073F80001463046FFF743FB04F00075002D14BF2B
:1074080080464FF000083948FFF738FBC5F3406560
:10741800013D354088EA050801464046FFF72FFB45
:1074280004F08065002D14BF064600263048FFF79B
:1074380025FBC5F38065013D05EA08056E40014658
:1074480004F000653046FFF71AFB002D08BF002046
:10745800C5F3C065013D354045402648FFF70EFBA2
:1074680004F0805801462846FFF709FBB8F1000FE1
:1074780008BF0020C8F30076013E2E4046401E4853
:10748800FFF7FCFA04F0005801463046FFF7F7FA18
:10749800B8F1000F08BF0020C8F34075013D354022
:1074A8004540F220FFF7EAFA04F0804401462846F6
:1074B800FFF7E5FA002C08BF0020C4F38073013BF6
:1074C800002F03EA050383EA000314BF4FF0FF30DF
:1074D800002003EA00030CBF6FF000400020584072
:1074E800BDE8F0817BBEAF63F2CBA24D6CAC162F2A
:1074F800A4AA5211B72A580211FE0A002DE9F04F2A
:107508000C461D460E68836887B0013E0093C36829
:1075180031460492D0F818B02A4620460193FFF766
:107528000EFE2A460290334620463146FCF787FB7A
:1075380000250446AA46029B9A4502DB07B0BDE82F
:10754800F08F049B6FF07F095F193A460023A3422E
:107558001EDB4FF000083B464646A6421FDBB8FA42
:1075680088F608FA06F000F10040FFF70FFAC6F1B6
:107578001B061F2E039027D8109B4FF4004203EBE5
:1075880045080023A34221DB0AF1010A2544D2E77A
:1075980012F9011B01338945B8BF8946D7E713F9AA
:1075A800010BA0EB090083450CDC0393DDE9001314
:1075B8009840FFF781F9FFF7FBFE0C21FFF7D2FE99
:1075C800039B80440136C8E709F0BBFC17F9010B9F
:1075D800A0EB0900834523DC0593DDE900139840FF
:1075E800FFF76AF9FFF7E4FE01460398FFF747FA49
:1075F8003146FFF7B7FEA0F50040B0F5004F4FF455
:107608000042059B09DA08498842B8BF0846A8F82D
:107618000000013308F10208B4E747F6FF70F6E707
:10762800A8F80020F5E700BF0080FFFF2DE9F04F24
:107638000C461D460E68836887B0013E0093C368F8
:1076480031460492D0F818B02A4620460193FFF735
:1076580076FD2A460290334620463146FCF7EFFA7B
:1076680000250446A946029B994502DB07B0BDE800
:10767800F08F049B6FF07F085F193A460023A342FE
:107688001CDB4FF0000A3B465646A6421DDBBAFA01
:107698008AF60AFA06F000F10040FFF777F9C6F11A
:1076A80023061F2E039025D84FF0000A109B2B4469
:1076B800A24521DB09F101092544D4E712F9011B90
:1076C80001338845B8BF8846D9E713F9010BA0EB09
:1076D800080083450CDC0393DDE900139840FFF7AD
:1076E800EBF8FFF765FE0C21FFF73CFE039B824495
:1076F8000136CAE709F025FC17F9010BA0EB0800D1
:1077080083451EDC0593DDE900139840FFF7D4F8A4
:10771800FFF74EFE01460398FFF7B1F93146FFF730
:1077280021FE80387F28059B09DC6FF07F0290429C
:10773800B8BF104618700AF1010A0133B8E77F2074
:10774800F8E76FF07F021A70F5E700002DE9F04FB7
:107758002DED048B0022B1B00C46054605F04FFE16
:10776800002207462146284605F04BFED4F80CC0F7
:107778000646BCF1000F01D109F0E3FB654622ACD7
:107788000FCD0FC40FCD0FC40FCD0FC495E8030064
:1077980084E80300387A072800F0978009286FD01A
:1077A800012840F0A7809CED007B394606A88DEDA6
:1077B800047B05F034FE3B6831460DA8039305F0C1
:1077C8002EFE002ED8D0069C3368013C21460DAA17
:1077D80006A80293FFF7B3FC2346214680460DAA6C
:1077E80006A8FCF72CFA002604463746B84505DCFF
:1077F800002031B0BDEC048BBDE8F08F039B9FEDFA
:10780800428A03EB860B59460022B50094420EDCEF
:10781800029B4FF000091D44AA46DFED3C8A4C4507
:1078280011DC00239C4223DC01372644DEE7F1EC1F
:10783800017AF4EEC87AF1EE10FA02F10102C8BF3B
:10784800B0EE678AE2E7DDE90401BBEC019AF9F7DB
:107858006DF939EE489A00EE100A29EE000A08F090
:1078680071F809F10109AAEC010A78EE808AD6E7D5
:1078780095ED007AC7EE287A0133E5EC017AD1E775
:10788800337A3946072B1BA80FD105F0C8FD3146BE
:1078980014A83C6805F0C3FD3368224600931BA971
:1078A80014AB22A8FFF72AFEA2E705F0B8FD31467F
:1078B80014A83C6805F0B3FD3368224600931BA961
:1078C80014AB22A8FFF7B2FE92E739461BA805F0D1
:1078D800A6FD314614A83C6805F0A1FD002E3FF432
:1078E8004BAF3368224600931BA914AB22A8FFF7BD
:1078F80067FC7DE703F0BEFD3A7A0146044805F0CF
:1079080067FC012075E700BFFFFF7FFF0000000054
:10791800742B0208F7EE007A30EE270A87EE800A09
:10792800704708F00FB80000F8B547F6FF741E4618
:10793800504B15461A1A2DED0C8B0AEE102A221AF6
:1079480009EE102AB8EECAAAB8EEC99A2AEE00AA19
:1079580029EE009ADFED487A79EE4ACA5B1A6CEE96
:10796800A7CA07EE903A631AB8EEE77A07EE903A9C
:10797800F8EEE77A67EEA07AF6EE00AAE7EE607A0C
:107988009FED3E7A2CEEAABA87EE27CA0024DFEDD7
:107998003C9ADFED3C8AB71E07EE904AF0EE4ABAF1
:1079A800F8EEE77AECEEA7BAB0EE6B0AA847013416
:1079B800B0EE408A3BEE2B0AA84707EE904AB0EE9D
:1079C80040DAF8EEE77AB0EE4A0AACEEA70AA84722
:1079D800F0EE40BA2CEE080A08F0C0FEB0EE408A7D
:1079E800ACEE2B0A20EE2A0A08F0B8FEF0EE40BAF8
:1079F8002CEE0D0A08F0B2FE3BEEC00A20EE2A0A71
:107A080008F0ACFE38EE408AB4EEE98AF1EE10FADE
:107A180048BFB0EE698AB4EEE88AF1EE10FAC8BF42
:107A2800B0EE688ABDEEC88A18EE103AB4F5007F49
:107A380027F8023FB0D1B0EE490AA8472CEE000A59
:107A480008F08CFEB4EEE90AF1EE10FA58BFF0EE39
:107A5800409AF4EEE89AF1EE10FAD8BFF0EE698A8F
:107A6800FDEEE88A18EE903ABDEC0C8BA6F80034CF
:107A7800F8BD00BF0080FFFF0000003B000080470A
:107A8800000000C700FEFF462DE9F0432DED028BF4
:107A980099460B7F89B0072B04460F461546129E60
:107AA8001AD140F20241836B984740B9AA4B009320
:107AB800272365692046A94AA949A84769E0B06211
:107AC80040F202412046A36B984720B9A54B00938A
:107AD80065692B23EEE7F0622A7F3B7F072A0AD1EC
:107AE800092B00F09281072B00F070819E4B0093C8
:107AF80065693123DEE79A4200F08781CDE90232D9
:107B08009A4B01939A4B0093342365692046934A14
:107B18009849A8473DE00023CDE90283964B01939D
:107B2800964B009365693923F0E7EA6842B1CDE9DD
:107B38000223914B0193914B009365695C23E5E720
:107B4800DFED8F7A95ED027AB4EEE77AF1EE10FA6E
:107B5800DFED8C6ACCBF77EE677A77EEC77AF4EE02
:107B6800E67AF1EE10FA7EDD4FF07C53002217EE34
:107B7800100ACDE90423F8F7A9FC834BCDE90201EB
:107B88000193824B00935D2365692046734A8049BF
:107B9800A847012086E0287F072832D1EB6813F533
:107BA800004F09D07B4ACDE902327B4B0193734BDE
:107BB800009365696223A9E7DFED787A95ED027A8B
:107BC800B4EEE77AF1EE10FADFED756ACCBF77EE26
:107BD800677A77EEC77AF4EEE67AF1EE10FA66DDA8
:107BE8000022704B17EE100ACDE90423F8F76EFC5B
:107BF8006D4BCDE902010193644B009365696323E2
:107C0800C3E7092812D0666903F034FC05464046EC
:107C180003F030FC654BCDE902500193534B0093C0
:107C2800662320464D4A6249B047B2E7EB6813F134
:107C3800800F0AD06FF07F02CDE902325D4B0193CD
:107C48004E4B00936569672360E795ED027ADFED97
:107C58005A7AB4EE677AF1EE10FA28D0574B0093AF
:107C68006569682326E7B868F8F730FC0446D9F850
:107C780000000D46F8F72AFC02460B462046294626
:107C8800F8F77CFC32A3D3E90023F8F7A1FD06F14D
:107C9800080841EC100B404607A905F037FF079B81
:107CA800F360002009B0BDEC028BBDE8F083B86832
:107CB800F8F70CFC41EC180BD9F80000F8F706FCB3
:107CC80006F1080441EC100BB0EE481AF0EE681A01
:107CD8002146052007AA05F0A7FF07991F22F16092
:107CE800052005F0D5FFF8F7DFFB01F10041F8F7B3
:107CF800F5FEB061D5E7B8F1010F0FD040466669CF
:107D080003F0B8FB0546012003F0B4FB2C4BCDE98A
:107D180002500193164B0093852382E7287F0128A0
:107D28000ED0666903F0A6FB0546404603F0A2FBA9
:107D3800234BCDE9025001930C4B0093862370E747
:107D4800D9F80000F8F7C2FBC6E90001A9E700BFAF
:107D5800140014001400243F013502089D34020861
:107D6800F12B0208183502083B3502088F2C02084F
:107D78009C2C02082C2C0208C85302080739020858
:107D8800000000386F12033395350208A135020848
:107D9800753502080080FFFFB635020800008037FD
:107DA8006F1283320000F03EBD350208C935020863
:107DB80073300208D53502080000803BDA35020826
:107DC800FC35020880000038A0002039D5F80C8066
:107DD800B8F1000F7FF49FAE41465FED060A47F603
:107DE800FF701FED070AB36A144AFFF79DFDF36A97
:107DF8004146DFED130A9FED130A134A1348FFF7B4
:107E080093FDEB68F361AB68336297F81C80B8F1B7
:107E1800090F3FF4C0AEB8F1070F7FF46CAFFB68F1
:107E2800002B3FF482AE0022CDE90232084B0193C9
:107E3800084B009365695B2368E600BF2B7900084F
:107E480080000038800080371D7900080080FFFF1F
:107E5800C85302081E330208836B10B50BB909F02A
:107E680070F83821BDE81040184700002DE9FF419F
:107E78000B6804460D4613B11B68012B11D0012273
:107E8800CDE902322E4B01932E4B00939423656962
:107E980020462D4A2D49A8470124204604B0BDE8B4
:107EA800F0814B6813B11B68012B09D00122CDE981
:107EB8000232234B0193264B009365699523E7E72C
:107EC800C6680022304604F035FE074640B9214B0B
:107ED80000939723656920461B4A1F49A847DBE79B
:107EE80043691B68002B04DC1C4B009365699823CD
:107EF800F1E700222946304604F031FE804620B9D9
:107F0800174B009365699A23E5E7EB6823B9154B8E
:107F1800009365699C23DEE70093024639462B6986
:107F28002046FFF7B1FD3368394604469B69304661
:107F380098473368414630469B699847ADE700BF8C
:107F4800443602080B3602089D3402082C2C02081D
:107F58001B3602085A2C0208F12B02082C3602089C
:107F68007D2C02084636020808B5D0E90B239A4250
:107F780001DD08F0E6FF4268802AFADC83687F3377
:107F8800FF2BF6D87F32F4DB08BD836B10B50BB935
:107F980008F0D7FF3C21BDE8104018472DE9F04F05
:107FA8000C1E8DB016461D46199F099037DD4FF0FF
:107FB8000008179B07EB840B03EB840A189B03EB61
:107FC8008409013CDBF80030984502D30DB0BDE8C8
:107FD800F08F33680AAA0A932B6821460B931D9BDE
:107FE800099807931C9B08F1010806931B9B0593AE
:107FF8001A9BCDE90373189B0293179B0193169B59
:1080080000930BABFFF7CAFFDAF80020336813447C
:1080180033602B68D9F8002013442B60D2E701D0D5
:1080280008F08FFF179B1968189BD3F800C051EA16
:108038000C02F5D032681A9BD7F800B003EB02089F
:108048002A681B9B03EB0209169B1A681C9B03EB0F
:10805800020A99B9FFF788FF5C4504DB2B683A6888
:1080680013442B6015E019F90410099A98F90000D7
:108078001D9B98470AF804000134EDE7BCF1000F96
:1080880019D1FFF771FF5C450ADB33683A6813447E
:108098003360169B3A681B681344169A136095E779
:1080A80018F90400099A99F900101D9B98470AF8D5
:1080B80004000134E7E7FFF757FF5C4504DB33684A
:1080C8003A6813443360C9E719F9041018F9040031
:1080D800099A1D9B98470AF804000134EDE7F8B5A2
:1080E8001546126804469142016001DA08F029FF3A
:1080F800064600208F1AB84208D1231D9200291D78
:1081080003EB800009F05FF92046F8BD8842EDDAFC
:1081180046F8043F0130EEE770B50D461646FBF70A
:108128004FFD04462846FBF74BFD05463046FBF756
:1081380047FDAC4201D008F004FF8442FBD170BD7A
:1081480038B580FB0134002C1B4DA8BF4FF080458B
:10815800884208BFB0F1004F17D0E81844EBE57328
:10816800002B04DA6FF00041401843F10003C00F00
:1081780040EA4300002AC2F1000109DD4FF4B3715F
:108188000E4B0F4A0F4808F0E3FE6FF00040F1E78E
:108198001F3204DA40F267110B4B094AF2E7012358
:1081A8008B40C20F013B03EA000402EB6303084162
:1081B8009C42C8BF013038BD010000C0A633020888
:1081C800B43302080E3402088E34020870B514461F
:1081D800936992681144626801FA03F51044984063
:1081E800D4E90712FFF7ACFFD4E90912064628467E
:1081F800FFF7A6FFD4E904123044FFF7A1FFE368B4
:108208001844E36A9842B8BF1846236B9842A8BF3F
:10821800184640B270BD2DE9F04303680C688FB072
:108228009C42B8BF1C460423062C0D461646137004
:1082380001DD08F086FE0246012321466846FFF765
:108248004EFF01232A46214607A8FFF748FF009A58
:10825800079B9A420AD1920008A901A808F0BEFF1C
:1082680020B9012333700FB0BDE8F083013C2546E7
:10827800002D10DB29466846FBF796FC2946074681
:1082880007A8FBF791FC874201D1013DF0E7012FD8
:1082980024D10223337033789A1E012AC9D80125C4
:1082A800032B0CBF6F46E846C6E91555C6E91755B6
:1082B8000CBF0DF11C0807AF002C75665ADB214670
:1082C8004046FBF771FC214681463846FBF76CFCBB
:1082D800814507D109FB05F5013CEDE7012849D1A6
:1082E8000323D7E7002C45DB21464046FBF75CFC1F
:1082F800012808D121463846FBF756FC336E013C6D
:1083080043433366EEE7002C34DB21464046FBF757
:108318004BFC214605463846FBF746FC854204D10E
:10832800F36D013C6B43F365EDE7002C22DB21463E
:108338003846FBF739FC012808D121464046FBF7AF
:1083480033FCB36D013C4343B365EEE7002C11DB0E
:1083580021464046FBF728FC214605463846FBF7F0
:1083680023FC854204D1736D013C6B437365EDE7D3
:1083780004233370012076E7002313B50446CDE9C2
:108388000033044A044B054905F012F8204602B0B0
:1083980010BD00BFC9900008AD8E0008937F00088B
:1083A8002DE9F04F93B0CDE9032380460723012040
:1083B8001C9A8C4606A9013B6DD1072001210CAB04
:1083C80001386BD11346012402F11801994268D192
:1083D800D8F80010DCF800400B46A14228BF23461D
:1083E800059308EB810301930CEB840301250293A9
:1083F80000232F469B469A46059EAE4254D2A14280
:1084080040F2AC80BBF1000F00D101334646091B96
:1084180003F18044013C02EB8405013B12AA02EB04
:10842800830356F8044F002C49D053F8302C013000
:10843800624343F8302C2A68884204FB02F22A601F
:10844800EFD1012206A80CA90D46064600231446C2
:10845800039F47F8234056F8047B7C43049F47F862
:10846800232055F8047B0133062B07FB02F2EFD1DA
:1084780000231A4650F8045B51F8044BA54205D076
:10848800012D40F08D80039C44F823200133062BF6
:10849800F0D1012014E041F8040B8CE743F8041BE9
:1084A8008EE743F8044B91E7019E56F804E90196DC
:1084B800029E56F804990296BEF1000F03D10020DF
:1084C80013B0BDE8F08FB9F1000FF8D0BEF1010F7D
:1084D80074D1B9F1010F40F0938001358CE7013375
:1084E80012AE5F1E06EB870757F8186C4FF0010AAB
:1084F80009FB06FE47F818EC03F1804E0EF1FF3E2B
:1085080052F82E7009FB07F742F82E700027BB4679
:10851800E3E7BAF1000F03D1BBF1000F00D107B1B7
:10852800013312AE5F1E06EB870757F8306C0EFB5F
:1085380006F957F8186C47F8309C0EFB06F947F80F
:10854800189C03F1804909F1FF3952F829700EFB94
:1085580007F742F829700027BB464FE0BFF471AF18
:10856800BAF1000F00D101336646611A03F1804465
:10857800013C02EB8405013B12AA02EB830356F887
:10858800044F002C9BD053F8182C0130624343F859
:10859800182C2A68884204FB02F22A60EFD150E7BF
:1085A800012C09D1049C6FE7BEF1010F98D0B9F1F5
:1085B800010F0CD0CE45ACD008F0C3FCBAF1000FC7
:1085C80022D1B9F1010FF5D1BBF1000F00D1013370
:1085D80012AE5F1E06EB870757F8306C4FF0010BA1
:1085E8000EFB06F947F8309C03F18047013F52F82B
:1085F80027600EFB06FE42F827E00027BA466CE724
:10860800BAF1000F3FF46BAFBBF1000FCCD04B2198
:10861800024B034A034808F09BFC00BF613602087E
:1086280088360208253702082DE9F04F2DED028B18
:1086380000288BB00D461446B0EE408AF0EE608AF2
:10864800169F189E39DD4FF00008179A06EB80092F
:1086580007EB800A02EB800B0138D9F8002042456D
:1086680004D80BB0BDEC028BBDE8F08F2A6808A9CE
:1086780008922268F0EE680A09921B9AB0EE480A3E
:1086880005921A9A07930492199A0690CDE9026204
:10869800179A08F10108CDE9007209AAFFF7C4FF8B
:1086A800DDE90603DAF800102A680A442A6022681D
:1086B800DBF800100A442260CFE701D008F041FC43
:1086C800179AD7F800C0D2F800E05CEA0E02F5D09D
:1086D8000F68199A1A99D4F80080D6F800A002EB0E
:1086E800870B01EB88001B9A19684FEA8A0902EB8D
:1086F8008101BCF1000F1DD18144484503D108EB2D
:108708000A0222603DE0F0EC017A9BED007A77EEF8
:10871800877AB4EEE78AF1EE10FAC8BFF0EE487A2D
:10872800F4EEE78AF1EE10FA48BFF0EE687AE1EC71
:10873800017AE2E75A46D944BEF1000F1DD04A45F6
:1087480024D157442F60226831680A44D9E7F2ECF3
:10875800017A90ED007A77EE877AB4EEE78AF1EE47
:1087680010FAC8BFF0EE487AF4EEE78AF1EE10FA94
:1087780048BFF0EE687AE1EC017A4A45E7D1574400
:108788002F601A6831680A441A606AE7F2EC017AC5
:10879800B0EC017A77EE877AB4EEE78AF1EE10FA58
:1087A800C8BFF0EE487AF4EEE78AF1EE10FA48BF57
:1087B800F0EE687AE1EC017AC1E72DE9F04FB0F10B
:1087C800000A8DB00D4614461E46DDF8609037DD70
:1087D800002709EB8A030993169B03EB8A08179B6A
:1087E80003EB8A0B0AF1FF3A099B1B68BB4202D8CC
:1087F8000DB0BDE8F08F2B680BAA0A93236850468A
:108808000B931D9B0AA907931C9B013706931B9B7F
:1088180005931A9B0493199BCDE90293179B019327
:10882800169B00933346FFF7C8FFD8F800202B6843
:1088380013442B602368DBF8002013442360D3E73C
:1088480001D008F07EFB169B1868179B196850EA40
:108858000103F6D01B9B2A68D4F8008003EB820C36
:108868001C9B376803EB880E1D9B03EB8707D9F821
:108878000030B0B9834202D14344236030E05EF84F
:108888002020DCF800100A4419998A42B8BF0A4629
:108898001A998A42D4BF47F8202047F8201001309F
:1088A800E8E7C9B1534521D11A442A602368D9F8A9
:1088B80000201344E1E75CF82100DEF80040204482
:1088C800199CA042B8BF20461A9CA042D4BF47F8C2
:1088D800210047F8214001318B42ECD11A442A602B
:1088E8003368D9F800201344336081E75EF82A0022
:1088F8005CF82A10014419988142B8BF01461A98B9
:108908008142D4BF47F82A1047F82A000AF1010A21
:10891800C8E700002DE9F0432DED028BC9B0549E45
:10892800DDE95254307A01280BD0022800F081800A
:1089380002F0A0FD327A01466F4804F049FC01209C
:108948003CE01F7893ED0D8AD3ED0E8A2946002F5F
:1089580039D009A804F063FD0DB908F0F2FA2146F0
:1089680010A82F6804F05BFD002CF6D0314641A812
:10897800D4F8008033AD04F052FD2CACD6F800904A
:108988003AAE2B462246009610A909A8FFF708FD23
:1089980098B10021F0EE680A17911E912591B0EE6A
:1089A800480A0520CDE90489CDE90267CDE90045EB
:1089B80025AB1EAA17A9FFF737FE002049B0BDEC6A
:1089C800028BBDE8F08317A804F029FD002DC4D060
:1089D80021461EA82D6804F022FD002CBDD031468A
:1089E80041A8D4F8008004F01AFD346841AA1EA9F1
:1089F80017A8FFF791FB2A46214645463B46984271
:108A0800DBDDF2EC017AB5EC017A77EE877AB4EE29
:108A1800E78AF1EE10FAC8BFF0EE487AF4EEE78A7A
:108A2800F1EE10FA48BFF0EE687A0133E1EC017A12
:108A3800E5E71F7829460DF1CC080DF1E809002F6C
:108A480034D025A804F0EBFC002D86D021462CA8B4
:108A58002D6804F0E4FC002C3FF47FAF3146276812
:108A680041A81EAC04F0DBFC366843462246CDF82C
:108A780000902CA925A8FFF793FC00289DD000237F
:108A88006FF000420993109317934FF000430520AD
:108A9800CDE90332CDE90676CDE901890595009443
:108AA80017AB10AA09A9FFF788FE86E7404604F02D
:108AB800B6FC002D3FF451AF214648462D6804F01E
:108AC800AEFC002C3FF449AF314641A8246804F0BD
:108AD800A6FC4946404641AAFFF71EFB3B463668BE
:108AE80098427FF76AAF55F8232054F823100A44B8
:108AF80046F823200133F3E7742B02082DE9F04FE1
:108B080004460D4616464FF000098DB01F46199BC6
:108B180003EB81030893179B03EB810A189B03EB74
:108B2800810B089B1B684B4502D80DB0BDE8F08F40
:108B3800002D24DD336820460A933B680AAA0B936C
:108B48001C9B691E06931B9B05931A9B0493199BF8
:108B58000393189B0293179B0193169B00930BABEF
:108B6800FFF7CCFFDAF80020336809F10109134454
:108B780033603B68DBF8002013443B60D1E701D049
:108B880008F0DFF93B681B9AA06932F91380A368E3
:108B98001A9A984408FA00F30993336832F91330A3
:108BA8006268134403FA00F0D4E90712FFF7C8FA21
:108BB800D4E9091280460998FFF7C2FAD4E90412E9
:108BC8004044FFF7BDFAE268169B1044E26A1B684E
:108BD8009042B8BF1046226B9042A8BF10461C9A1C
:108BE80022F81300169A01331360BBE72DE9F04F02
:108BF8001C46EFB06822DDE97897002154A8DDF81B
:108C0800E88108F0FBFA636A46AD5A93A36A4946BD
:108C18005593636928465B9363685C93E36A56934C
:108C2800A3695D93A3685E93236B5793E369589395
:108C3800236A5993D4E90323CDE95F2304F0EFFBBA
:108C480039464DA804F0EBFB284654AA4DA9FFF776
:108C5800E2FA044698F8080007286AD0092840F084
:108C680011814946002C38D015A804F0D8FBB9F179
:108C7800000F01D108F065F939461CA8D9F8009011
:108C880004F0CDFB002FF5D041464DA83FAE38ACDF
:108C98003F6804F0C4FBD8F80080334622460095AC
:108CA8001CA915A8FFF77CFB98B100217A4B2391EA
:108CB800CDE9068331AB2A91319100930521CDE9A5
:108CC8000497CDE9026501942AAB23AA54A8FFF7BB
:108CD80065F900206FB0BDE8F08F23A804F09FFB72
:108CE800B9F1000FC6D039462AA8D9F8009004F087
:108CF80096FB002FBED041464DA83F6804F08FFB7D
:108D080054A8FFF731F94DAA2AA923A8FFF704FAB6
:108D1800054654A8D8F80060FFF726F9A542D8DD23
:108D2800395719F9040054AAFFF750FA305501349D
:108D3800F4E749463FAE002C31D031A804F06FFB70
:108D4800B9F1000F96D0394638A8D9F8009004F048
:108D580066FB002F8ED041464DA82AAC3F6804F030
:108D68005EFBD8F8008033462246009538A931A822
:108D7800FFF716FB0028ACD0002323A915931C93FA
:108D880023930091CDE905780521CDE90359CDE973
:108D980001461CAB15AA54A8FFF7B0FE99E7304668
:108DA80004F03DFBB9F1000F3FF464AFD9F800308F
:108DB800394628460C9304F032FB002F3FF45AAF93
:108DC8003B6841464DA80B9304F029FBD8F80030C6
:108DD800DDE95F89C8450A933FF74CAF304629461D
:108DE8004DAAFFF799F9559E2C4B09909E42FFF624
:108DF80041AF47F6FE734FF6FC72DDF858A10AEB57
:108E0800030191423FF636AF9E423FF733AFDDE9AB
:108E18005AB30D935C9B0E935D9B0F935E9B1093CF
:108E2800589B1193599B1293579B099AA2427FF71B
:108E380050AFDDE90D1213930B9B33F914500C9BC3
:108E4800554433F9140005FA0BF5304400FA0BF0D9
:108E5800FFF776F9DDE90F1207462846FFF770F9A4
:108E6800DDE911123844FFF76BF9139B0A9A18448D
:108E78004045B8BF40464845A8BF484622F81400B8
:108E88000134D2E702F0F6FA98F8082001460448BF
:108E980004F09EF901201DE7D58100080280FFFF3C
:108EA800742B02082DE9FF47D1E903A906460C46B1
:108EB800BAF1000F01D108F044F81D4B1A6804F00C
:108EC8009EFA1C4B21461A680746304604F097FA6A
:108ED800194B80461A682146304604F092FA054636
:108EE800007A431E012B0BD853464A46214630468A
:108EF800CDE901850097FFF70DFD04B0BDE8F087C7
:108F0800092801D0072809D153464A462146304648
:108F1800CDE901850097FFF769FEEEE702F0AAFAAE
:108F28002A7A0146054804F053F90120E5E700BF15
:108F3800B85C0208B45C0208B05C0208742B020832
:108F48002DE9F04F2DED068B834681B08A46DDE989
:108F58001054194610461E46174604F017FD2B7F7D
:108F680080F00100092B207002D0072B40F081808F
:108F78002A680AB907F0E5FF97ED02AA96ED028A7A
:108F8800B4EEC8AA072B14BF4FF014084FF00F080F
:108F9800F1EE10FAFA6854BF1AEE100A18EE100A29
:108FA8005242A262F2685242E262EA68C4F824803D
:108FB8002263F7F78BFA02460B46F7F729F90646BC
:108FC8000F4618EE100AF7F781FA32463B46F7F7D4
:108FD800FFFB41EC190B012000FA08F0F7F764FADF
:108FE8008046A8688946F7F771FA02460B4640465C
:108FF8004946F7F7C3FA02460B4630463946F7F7B3
:10900800E7FB41EC180B1AEE100AF7F75FFA324645
:109018003B46F7F7DDFB04F1040904F1140841ECC1
:10902800100B4946404604F0DBFDB0EE490AF0EE6D
:10903800690A04F1080104F1180004F0D1FD04F1F3
:10904800200104F11C00B0EE480AF0EE680A04F0B2
:10905800C7FD2A46584604F1100310939AF80010E9
:1090680004F10C0301B0BDEC068BBDE8F04F04F031
:10907800E9BA012B0DD19AF80030012B03D1002356
:1090880063630C4B04E0032B09D1002363630A4B91
:10909800A363002001B0BDEC068BBDE8F08F022B66
:1090A80004D1064B63634FF07E53F1E76FF400037E
:1090B800E6E700BFFFFF7F7F0000C040000080BFE1
:1090C8002DE9F043CB6804460E4685B00BB907F08E
:1090D80038FF0B69002BFAD0C5680022284603F038
:1090E80029FD814660B9304B0093582365692046B5
:1090F8002E4A2F49A8470126304605B0BDE8F0831F
:1091080001223146284603F015FD804620B9294B37
:10911800009365695B23EAE700223146284603F09D
:109128001EFD074620B9244B009365695E23DEE7E0
:10913800F3684A46CDE90003434631692046FFF704
:10914800FFFE06460028D7D13B7F022B1BD1D9F85A
:10915800003063B1CDE90230184B0193184B0093EE
:10916800682365692046114A1649A847C3E7D8F815
:10917800002042B1CDE90223104B0193124B00931A
:1091880065696A23EEE72B68494628469B69984734
:109198002B68414628469B6998472B6839462846DC
:1091A8009B699847A8E700BFE3370208833702089E
:1091B800F12B0208F53702087D2C0208073802084F
:1091C8001D3802082C2C020837380208836B10B5AA
:1091D8000BB907F0B6FE2021BDE810401847000083
:1091E8002DE9F04F0F6981468846B7B00FB907F0EF
:1091F800A8FECE68002EFAD09A4B1A6804F0FFF841
:10920800994B0546414648461A6804F0FAF8044660
:10921800287A072800F0CE8009280ED0012840F0CF
:10922800958133463A4641464846CDE9005400F018
:109238009FFA002037B0BDE8F08FBB682946069337
:109248007B681AA807933B690A93FB680B93B6F9E6
:1092580004300893B6F900300993336902937369AF
:10926800039304F0DCF82B68214621A8179304F037
:10927800D6F8002CBBD023681693DDE9023293425E
:10928800B5DC8033B3DB7F2AB1DC1A9B042BAED16B
:10929800219B042BABD1002321AA19461AA8FAF75F
:1092A800CEFC03230C90194621AA1AA8FAF7C7FC8A
:1092B80000211C9B0D900E931D9B0F93239B1093D5
:1092C800249B11930C9B8B42B3DD089D4FF0000A41
:1092D8006B4205935AE0049B00944B441AA8CDE9CD
:1092E8001812FAF77AFCDDE91812179B09F101093F
:1092F8001B569B45B8BF9B46139B4B45EBDC08F1BF
:109308000108159B43452EDC9DF908809DF90C301A
:10931800D845B8BFD8469845A8BF98460094334664
:10932800524621A81891FAF758FC169B189903F889
:10933800008001340D9BA3421BDC079B079AFF1A90
:10934800049B013613440493119BB34216DD27EAAC
:10935800E77312930F9B0B9A3B449342A8BF1346A3
:1093680000241393E6E7059BDDF8489008EB030219
:10937800C2E76FF07F0BDDF85080C2E7069B0AF169
:10938800010AED1ADDE9053213440593109B534594
:109398000EDD25EAE57314930E9B0A9A2B4493423B
:1093A800A8BF1346099F15937B4200260493CBE779
:1093B800013187E7BB68294606937B6828A807938D
:1093C8003B690A93FB680B93B6F904300893B6F926
:1093D80000300993336903937369049304F01FF809
:1093E8002B6821462FA8179304F019F8002C3FF496
:1093F800FEAE23681693DDE9033293423FF7F7AEDA
:1094080013F5004FFFF6F3AEB2F5004FBFF6EFAE1F
:10941800289B042B7FF4EBAE2F9B042B7FF4E7AE45
:1094280000232FAA194628A8FAF709FC03230C9051
:1094380019462FAA28A8FAF702FC00212A9B0D90AA
:109448000E932B9B0F93319B1093329B11930C9B84
:109458008B427FF7EEAE089D4FF0000B6B420593F1
:1094680060E000BFC05C0208BC5C020809EB0A03AC
:10947800009428A8CDE91812FAF7AFFB179B029AB7
:1094880033F9103009F101099A42B8BF1A4602921D
:10949800DDE91812139B4B45E8DC08F10108159B20
:1094A80043452CDCBDF90C80029B00949845B8BF5D
:1094B8009846BDF910305A469845A8BF98462FA837
:1094C80033460291FAF789FB169B029923F810801C
:1094D80001340D9BA34218DC079B0136FF1A9A44FE
:1094E800119BB34216DD27EAE77312930F9B0B9A81
:1094F8003B449342A8BF134600241393E9E7059B16
:10950800DDF8489008EB0302C4E7144BDDF85080FF
:109518000293C4E7069B0BF1010BED1ADDE9053256
:1095280013440593109B5B450EDD25EAE573149300
:109538000E9B0A9A2B449342A8BF1346099F002604
:109548001593C7F1000ACBE7013180E701F092FFDC
:109558000146034803F03CFE01206BE60080FFFF54
:1095680051380208002313B50446CDE90033044AF4
:10957800044B054903F01CFF204602B010BD00BF94
:1095880019960008E9910008D59100082DE9F04FD7
:10959800D1E901794FF0010B536985B091F800A02A
:1095A800D3E902830393D1E903340293DDE902216D
:1095B8003B465046CDF800B0FBF7D8F84B4622465C
:1095C800054641465046CDF800B0FBF7CFF80138C4
:1095D80009FB00440020029B013D07FB0533039A69
:1095E8000E9E9B1AA4EB080423EAE37343FA0BF2DA
:1095F80024EAE474326003EA0B0344FA0BF204EA47
:109608000B047260B360F46005B0BDE8F08F000031
:109618002DE9F743D1F8109004460F46B9F1000F31
:1096280001D107F08EFCCD68002DFAD0D0F80C805F
:109638000022404603F07EFA064658B9424B009392
:109648003D2365692046414A4149A847012003B0A6
:10965800BDE8F08339460022404603F080FA074609
:1096680020B93C4B009365694023EBE7034632463B
:10967800494620460095FFF789FF307F092801D029
:1096880007281FD197ED027AD6ED027A77EEC77ACE
:10969800F0EEE77A17EE900AF6F718FF28A3D3E959
:1096A8000023F7F7E7F920B92B4B009365694923A5
:1096B800C8E7F268FB689A422CD0284B009365698A
:1096C8004A23BFE7012831D199F81430012B03D17F
:1096D8000023AB61224B04E0032B11D10023AB61C3
:1096E800204BEB61D8F80030314640469B699847DB
:1096F800D8F80030404639469B6998470020A6E7CD
:10970800022B04D1184BAB614FF07E53E9E76FF49D
:109718000003DEE705F1140399F814103A460093A4
:10972800204605F1100303F08DFFDBE701F0A2FEF0
:10973800327F01460D4803F04BFD87E7AFF3008009
:109748008DEDB5A0F7C6B03E5A2C02087238020853
:10975800F12B02087D2C0208D6380208EB380208E3
:10976800FFFF7F7F0000C040000080BF742B02080D
:109778002DE9F04F2DED048B9168A7B00491516845
:10978800DDE9345405911169D26808910992B3F959
:10979800042029460692B3F9002018A8D3ED068ABA
:1097A80093ED079A079203F03AFE0DB907F0C9FB4B
:1097B8002B6821461FA8159303F031FE002CF5D025
:1097C80023681493189B042BF0D11F9B042BEDD115
:1097D80000231FAA194618A8FAF731FA03230A909A
:1097E80019461FAA18A8FAF72AFA00211A9B0B9003
:1097F8000C931B9B0D93219B0E93229B0F930A9B0B
:109808008B427EDD069E00257342039364E00AEBDB
:109818000B03009418A8CDE91612FAF7DEF9DDE972
:109828001612159B0AF1010A03EB8000D0ED007AAD
:10983800F4EEC87AF1EE10FAC8BFB0EE678A119B51
:109848005345E4DC09F10109139B4B4532DCF4EE86
:10985800C88AF1EE10FAC8BFB0EE688AB4EEC89AAA
:10986800F1EE10FA3B4600942A461FA848BFB0EE16
:10987800498A1691FAF7B1F9149B169903EB8000FF
:1098880080ED008A01340B9BA34219DC059B01374C
:10989800A8EB03089B440F9BBB4216DD28EAE8733C
:1098A80010930D9B099A43449342A8BF1346002482
:1098B8001193E8E7039BDDF840A009EB0302BEE73C
:1098C8009FED128ADDF84890BEE7049B0135F61A31
:1098D800DDE90332134403930E9BAB420FDD26EA06
:1098E800E67312930C9B089A33449342A8BF13461D
:1098F800DDF81C8000271393C8F1000BCBE701317A
:109908007DE727B0BDEC048BBDE8F08FFFFF7FFF3C
:109918002DE9F043D1F8109006460C4685B0B9F110
:10992800000F01D107F00DFBD1F80C80B8F1000F42
:10993800F8D01E4B1A6803F062FD1D4B05461A68E5
:109948002146304603F05BFD1A4B07461A6821464C
:10995800304603F056FD0346287A421E082A1CD8D2
:10996800DFE802F011051B1B1B1B051B0500CDE9D9
:10997800007342462B462146304600F09BFD0020EE
:1099880005B0BDE8F083CDE901734A464346214658
:109998003046009500F004FBF1E701F06BFD2A7AF0
:1099A8000146054803F014FC0120E9E7CC5C0208F5
:1099B800C85C0208C45C0208742B0208002313B5B3
:1099C8000446CDE90033044A044B054903F0F0FC92
:1099D800204602B010BD00BFE19E0008199900089A
:1099E800599C00082DE9F04F05298FB009930C46C2
:1099F800DDE91965DDE91B7992461E9B2FD04FF0F2
:109A0800000803EB810B4B1C0A93DBF800309845E8
:109A180029DA336852460C932B680A990D931E9BDA
:109A2800039706931D9B0B90CDE904930DAB02930E
:109A38000CAB0193189B08F101080093099BFFF7F1
:109A4800D1FFA11D59F8212033680B9813441D9AA2
:109A580033602B6852F8212013442B60D5E75C69EA
:109A68000023A34202DB0FB0BDE8F08FD6F800C098
:109A78002968099AD0ED0D7A02EB81010AEB8C0274
:109A8800D1ED006A92ED006A66EE866AF4EEE67A37
:109A9800F1EE10FA90ED0E7AD8BFF0EE667AB4EED9
:109AA800E77AF1EE10FA58BFB0EE677A3968189A7B
:109AB800013302EB8101D9F82C2081ED007A624450
:109AC8001D9932602A68C96A0A442A603A680132D4
:109AD8003A60C6E72DE9F04F05298DB00C46DDE95F
:109AE80017659A46DDF8689060D01C9B4FF0000817
:109AF80003EB810B4B1C1F46DBF80030984552DA0C
:109B0800336839460A932B6809920B931C9B08907B
:109B180006931B9B08F10108CDE90493199B039355
:109B28000BAB02930AAB0193169B00935346FFF7C6
:109B3800D1FF04F1060C59F82C1033681B9A0B441A
:109B4800336052F82C102B68DDE908020B442B60B7
:109B5800D2E7D6F800C02B6852F82C405AF82330C8
:109B680019996343C46A0968A342B8BF2346076BBF
:109B7800169C0EF1010EBB42D4BF44F8213044F8C4
:109B88002170D9F82C301B99634433602B68C96A5B
:109B98000B442B60199B19991B6801330B601C9BA4
:109BA8005B699E45D5DB0DB0BDE8F08F4FF0000E28
:109BB800F5E72DE9F047D0F80090D1F800804D4640
:109BC800C14504460E46A8BF454601277B1E9D4257
:109BD8000DDC2F4609F1FF3A4F4519DB08F1FF3735
:109BE80045451EDB2046F9F7EBFFBDE8F087A9EBFA
:109BF80007012046F9F7D8FFA8EB0701824630464F
:109C0800F9F7D2FF824507F10107DFD007F099F98C
:109C18002046AAEB0701F9F7C7FF0128F6D101375B
:109C2800DAE73046791BF9F7BFFF0128EED1013595
:109C3800D6E770B516460546FFF7BBFF3146044622
:109C48002846FFF7B6FFA04201D007F07AF970BDA9
:109C5800836B10B50BB907F074F92421BDE81040E7
:109C6800184700002DE9F04FC66805469246304671
:109C7800002287B08B461C4602F05CFF814658B92B
:109C8800814B00932C236C692846804A8049A04761
:109C9800012007B0BDE8F08F01225946304602F096
:109CA80049FF804620B97B4B00936C692F23EBE773
:109CB80000225946304602F052FF074620B9764B3B
:109CC80000936C693223DFE7DBF8003013B11B68BF
:109CD800022B0DD00222CDE90232704B0193704B5A
:109CE800009334236C692846684A6E49A047CFE739
:109CF800DBF8043013B11B68012B09D00122CDE930
:109D08000232694B0193694B00936C693523EAE78A
:109D180099F81C0098F81C30834213D06E6901F042
:109D2800A9FB044698F81C0001F0A4FB604BCDE9A0
:109D3800024001935F4B28460093544A37235E49FB
:109D4800B047A5E73B7F9AF80010092B01D0072BF5
:109D580059D104F10C0300933A46284604F108034C
:109D680003F070FC8246002893D1D9F80800F6F772
:109D7800ADFBCDE90401D8F80800F6F7A7FB0246C9
:109D88000B46DDE90401F6F7F9FBCDE90401B868F3
:109D9800F6F79CFB02460B46DDE90401F6F718FDD1
:109DA80004F1180B41EC100B594604F1140003F0B0
:109DB800ADFE99F81C00D9F80C20D8F80C30F968D9
:109DC80007282260636021612CD142B13B4BCDE969
:109DD800022A01933A4B00936C69492383E743B104
:109DE800CDE90232354B0193364B00936C694A2317
:109DF80079E7B9B1CDE90213304B0193324B0093A7
:109E08006C694B236FE7022B27D101294FF0000320
:109E180003D1A3606FF0004303E0032913D1A360CB
:109E28000623E3603368494630469B6998473368A0
:109E3800414630469B6998473368304639469B69A6
:109E48009847002025E7022904D14FF0FF33A3608B
:109E58000123E6E74FF00043DBE7012903D10023A4
:109E6800E3611A4B04E0032904D10023E361184B92
:109E78002362D7E7022904D1164BE3614FF07E53E2
:109E8800F6E76FF40003EBE7E3370208213902082D
:109E9800F12B0208F53702087D2C02082A2C02084B
:109EA8000B3602082C2C0208443602081B3602081E
:109EB800813902088E39020873300208C853020833
:109EC8009B390208B3390208CB390208FFFF7F7FAC
:109ED8000000C040000080BF0A6910B50AB907F049
:109EE80030F8CB68002BFAD0BDE81040FFF7BABEB7
:109EF800F8B506460524012701F118052146304624
:109F0800F9F752FE45F8040D2146AF613046F9F7DE
:109F18004BFE013C00FB07F7F0D2F8BD2DE9F043FA
:109F28000D461C4616468FB00AB907F00AF8002BF2
:109F3800FBD00246012306216846FEF7D0F82A46E0
:109F480000250123062107A8FEF7C9F8314668460F
:109F5800FFF7CEFF214607A8FFF7CAFFA84606F17C
:109F6800180929466846F9F71FFE2946074607A833
:109F7800F9F71AFE874205D0012F0BD149F8258041
:109F880046F825000135062D04F10404E9D10FB087
:109F9800BDE8F0830128C8D1C4F818802760F1E72C
:109FA8002DE9F04F2DED028B1D46E1B06822DDE969
:109FB8006C49002146A8DDF8B8A107F01FF9EB6944
:109FC8002EAE53932B6A214630463AAF549303F092
:109FD80026FA4946384603F022FA3946304646AA58
:109FE800FEF719F90546002856D012AD2146284635
:109FF80003F015FA0CB906F0A4FF0DF1640B4946FD
:10A008005846D4F8008003F00AFAB9F1000FF2D0EC
:10A0180020AC51462046D9F8009003F000FABAF176
:10A02800000FE8D02B68DAF800A0062BE3DC199BB8
:10A03800062BE0DC209B062BDDDC28463B4632461F
:10A048005946FFF76BFF22460123062127A8FEF792
:10A0580046F80DF1300C644628AD0FCD0FC495E8D5
:10A06800030084E80300002109AB0AAA0BA8CDE984
:10A078000132CDE903064B464246CDE9057CCDF8D1
:10A0880000A046A809910A910B91FFF7ABFC61B0BB
:10A09800BDEC028BBDE8F08F214627A803F0BFF97D
:10A0A800002CA8D049463046D4F800B003F0B7F9E0
:10A0B800B9F1000F9FD051463846D9F8008003F017
:10A0C800AEF9BAF1000F96D0DAF8004031463A46B8
:10A0D80027A8FFF7AEFD9DED538ADDED548A5E4655
:10A0E800414622462B469842D1DDF6EC017AB1EC86
:10A0F800017A67EE877AB4EEE78AF1EE10FAC8BF04
:10A10800F0EE487AF4EEE78AF1EE10FA48BFF0EE86
:10A11800687A0133E2EC017AE5E72DE9F04FBFB048
:10A128001C92044626AA0846194632ABFFF7F6FEEB
:10A138000123499A06211FA8FDF7D1FFDDE923670E
:10A14800209BDDF894801793219B1693229B1493F0
:10A15800149A169B534373437B4308FB03F31893EA
:10A16800134673437B4308FB03F3199307FB06F37A
:10A1780008FB03F31A9308FB07F31B930023CDE9AD
:10A1880002330193179A9342C0F2A4803FB0BDE80E
:10A19800F08F119A1D931C9BE56813F902C0626841
:10A1A800489B9444129A9856A268104400FB0CF0FD
:10A1B800D4E9041203F0F4FBE26A05449542B8BFFF
:10A1C8001546226B159B9542A8BF154603F8015BFF
:10A1D800319A1593119B134411933D9A129B134482
:10A1E8001293139B013313931D9B139A4245D0DBA3
:10A1F800309A1099C24411443C9A109191440BF141
:10A20800010BBB4510DA4A9ACDF848905244159292
:10A21800109A119200221392E7E70C9A4FF0000B64
:10A22800DDE90D9A1092ECE72F9A0C9911440C91E4
:10A238003B9A0D9911440D910E9A1B990A440E925E
:10A248000F9A01320F920F9AB242E6DB2E9A0899C2
:10A25800114408913A9A0999114409910A9A1A994C
:10A268000A440A920B9A01320B920B9A14998A4269
:10A2780020DB2D9A049911440491399A05991144C7
:10A288000591069A19990A440692079A013207928B
:10A29800079A16998A4215DB2C9A019901331144C1
:10A2A8000191389A029911440291039A18990A4423
:10A2B800039267E70A9A0E92099A0D92089A0C92ED
:10A2C8000022BFE7069A0A92059A0992049A089210
:10A2D8000022C9E7039A0692029A0592019A04920B
:10A2E8000022D4E72DE9F04FBFB01C92044626AAFD
:10A2F8000846194632ABFFF711FE0123499A062199
:10A308001FA8FDF7ECFEDDE92367209BDDF89480AC
:10A318001793219B1693229B1493149A169B5343CD
:10A3280073437B4308FB03F31893134673437B4340
:10A3380008FB03F3199307FB06F308FB03F31A93CF
:10A3480008FB07F31B930023CDE902330193179A07
:10A358009342C0F2A6803FB0BDE8F08F119A1D93DA
:10A368001C9BE56833F912C06268489B9444129AB2
:10A3780033F91200A268104400FB0CF0D4E904126F
:10A3880003F00EFBE26A05449542B8BF1546226BFE
:10A39800159B9542A8BF154623F8025B319A159381
:10A3A800119B134411933D9A129B13441293139BD0
:10A3B800013313931D9B139A4245CFDB309A1099B2
:10A3C800C24411443C9A109191440BF1010BBB45D6
:10A3D80011DA4A9ACDF8489002EB4A021592109A7F
:10A3E800119200221392E6E70C9A4FF0000BDDE978
:10A3F8000D9A1092EBE72F9A0C9911440C913B9A05
:10A408000D9911440D910E9A1B990A440E920F9AB8
:10A4180001320F920F9AB242E6DB2E9A0899114444
:10A4280008913A9A0999114409910A9A1A990A4481
:10A438000A920B9A01320B920B9A14998A4220DBEA
:10A448002D9A049911440491399A0599114405915A
:10A45800069A19990A440692079A01320792079AAE
:10A4680016998A4215DB2C9A0199013311440191FE
:10A47800389A029911440291039A18990A4403924E
:10A4880065E70A9A0E92099A0D92089A0C92002290
:10A49800BFE7069A0A92059A0992049A089200223E
:10A4A800C9E7039A0692029A0592019A0492002239
:10A4B800D4E700002DE9F04F15469A46ADF52D7DFD
:10A4C8006822DDE9B6840021074692A806F096FEC8
:10A4D800AB6851469D93EB6886AE9E932B6AA0931A
:10A4E8002B685B4293936B685B4294932B699593BB
:10A4F8006B699693AB697AAD2846979302F08FFF04
:10A508004146304602F08BFF3146284692AAFDF7B5
:10A5180082FE9AF808308146092B64D1514628B347
:10A528000AA802F07CFF414611A8DAF8006002F0A0
:10A5380076FFB8F1000F01D106F003FD18AD2146F2
:10A548002846D8F8007002F06AFF002CF4D023687F
:10A558003246CDE90153009711AB0AA992A8FFF73B
:10A56800DCFD00200DF52D7DBDE8F08F1FA802F061
:10A5780056FF414626A8DAF8005002F050FFB8F11D
:10A58800000FD9D021462DA8D8F8006002F047FF67
:10A59800002CD1D0DDE99D239A422768CCDC2DAA76
:10A5A80026A91FA8FDF7B8FD8046C845D9DD15F9CD
:10A5B8000930939A16F909001344949A959C10440B
:10A5C8005843DDE9961203F0EBF99D9B04449C4245
:10A5D800B8BF1C469E9B9C42A8BF1C4607F8094072
:10A5E80009F10109E1E7022B40F08B8057AF002801
:10A5F80053D00DF1D0095146484602F010FFDAF861
:10A6080000300DF1EC0A41465046099302F007FF6D
:10A61800B8F1000F90D0D8F800B00DF58478214635
:10A62800404602F0FCFE002C86D0349B2468062BA2
:10A6380082DC3B9B062B3FF77FAF429B062B3FF705
:10A648007BAF33462A4651464846FFF767FC4246E9
:10A6580001230DF5D878062173A8FDF740FDC446FF
:10A668000DF5E87EBEE80F00ACE80F009EE8030099
:10A678008CE8030000215EAB65AA396092A8CDE999
:10A688000325CDE90173CDE905685B46099A009475
:10A698005E916591FFF71EFA63E7514649A802F0FB
:10A6A800BEFE414650A8DAF8005002F0B8FEB8F1F4
:10A6B800000F3FF441AF21463846D8F8006002F059
:10A6C800AEFE002C3FF438AF3A4650A949A8D4F85A
:10A6D80000A0DDE99D48FFF7ACFA48457FF741AF98
:10A6E80055F8293056F829205343A342B8BF2346CA
:10A6F8004345D4BF4AF829304AF8298009F10109AD
:10A70800EBE7072B7FF42DAF939A72B10023CDE9C5
:10A718000223454B0193454B00939D237C693846A2
:10A72800434A4449A04701201CE7949B43B1CDE923
:10A7380002323D4B0193404B00937C699E23EEE728
:10A74800DDF854B2BBF1000F08D0CDE902B3364BA7
:10A7580001933A4B00937C699F23E0E7514608B385
:10A768005EA802F05CFE414665A8DAF8006002F0D7
:10A7780056FEB8F1000F3FF4DFAE6CAD2146284617
:10A78800D8F8007002F04BFE002C3FF4D5AE2368D9
:10A798003246CDE90153009765AB5EA992A8FFF751
:10A7A800A1FDDEE673A802F03AFE41462846DAF833
:10A7B800007002F034FEB8F1000F3FF4BDAE214640
:10A7C8003046D8F8008002F02AFE002C3FF4B4AEE0
:10A7D800DDE99D239A42D4F800903FF7ADAE2946B3
:10A7E800324673A8FDF798FC05465D457FF7B9AE7C
:10A7F80037F91B30939A38F91B001344949A959CA7
:10A8080010445843DDE9961203F0CAF89D9B0444AE
:10A818009C42B8BF1C469E9B9C42A8BF1C4629F878
:10A828001B400BF1010BE0E7C8530208E3390208AB
:10A83800213902082C2C0208FB390208133A0208B5
:10A8480010B5836B2821984704462822002106F07A
:10A85800D5FC204610BDCA6800F0CCB9CA6800F023
:10A86800EBBC0000002313B50446CDE90033044ACD
:10A87800044B054902F09CFD204602B010BD00BF04
:10A888005FA8000865A8000849A8000830EE200A5B
:10A89800704700002DE9F0474FF0000906460125F2
:10A8A8004C46D0F800A0CA4503DC28462146BDE83E
:10A8B800F087012D74F10003F7DB2A4623466FF079
:10A8C80000400021F6F782F956F8048F4FEAE8773E
:10A8D800804577EB010105DB0749084802F078FC61
:10A8E80006F02FFB6F4308FB0477A5FB085409F11A
:10A8F80001093C44D7E700BF4132020891480208E9
:10A908002DE9F84300249C46DDE908E391461C60E4
:10A9180008BBBDE8F883A84215DD00261F68BE42C3
:10A9280013DB4EF827501D6801351D60013448F1CE
:10A9380000084C4578EB0C05EBDA51F82450002D53
:10A94800E9DA2D18E9D506F0FCFA5EF826209542DA
:10A95800ECD00136E3E7A046EBE7F8B59C460546A0
:10A96800069FD0B109B906F0ECFA002AFBD0002402
:10A97800204610E047B1002604E057F82630A342ED
:10A9880008D00136B445F8DC52F8246051F8243078
:10A9980003FB00600134A542ECDCF8BD2DE9F04F63
:10A9A8002DED048B0E680446042E15461F4693B001
:10A9B80001D006F0C6FA1B68042BFADC0A4601230C
:10A9C800314604A8FDF78BFB01233A4631460BA814
:10A9D800FDF785FB0B9B002BEBDD012B0C9EE8D0D4
:10A9E800022B0D99E5D0032B0E9AE2D0049BDDF8DB
:10A9F8003CA0012BDDDD022B069FDAD094F9003054
:10AA0800DDF81C80022BD4D1B4F90230012B13D10C
:10AA1800B4F90430022BCCD10129CAD1012AC8D1FA
:10AA280007FB08F3002408EE903AB4423EDB13B06B
:10AA3800BDEC048BBDE8F08F022BBAD1B4F9043019
:10AA4800012BE8E74A462146CDF800B004A8039355
:10AA5800F9F7C3F805EB8000D0ED007A38EE278AC5
:10AA6800039B01334345EDDB09F10109B94516DBC9
:10AA78000023F8EEE87A1A46CDF800B021460BA874
:10AA880088EE279AF9F7A9F8209B0BF1010B03EB45
:10AA9800800080ED009AD34503DB0134C5E700232D
:10AAA800E0E74FF000099FED038ADFE74FF0000B66
:10AAB800F1E700BF000000002DE9F04F8846C568A7
:10AAC800044692462846002285B09B4602F032F89A
:10AAD800D8F800300646D3F80090B9F1020F10D02C
:10AAE8000223CDE90293384B0193384B00932F236F
:10AAF80065692046364A3749A847012005B0BDE8B0
:10AB0800F08FD8F804301A68012A09D00123CDE95A
:10AB18000223314B0193314B009365693023E8E7F9
:10AB28004146284602F006F8074640B92C4B204615
:10AB3800009365693423264A2A49A847DDE7007F40
:10AB4800022812D0666900F095FC0546484600F0D8
:10AB580091FC254BCDE902500193244B20460093EC
:10AB68001B4A35232249B047C7E7337F092B1ED13B
:10AB780000224146284601F0F2FF0446B068F5F786
:10AB8800A5FC8046A0688946F5F7A0FC0B4602465E
:10AB980049464046F5F71CFE41EC100B5946504615
:10ABA80002F0B4FF2B68214628469B6998472B681A
:10ABB800394628469B6998472B68284631469B6941
:10ABC800984700209AE700BF2A2C02088E3A02080C
:10ABD8002B3A02082C2C020844360208462C02089C
:10ABE800A13A0208F12B0208B13A0208BE3A02085B
:10ABF800733002082DE9F74FC568144680460022D5
:10AC08002846894601F096FF00220646494628460E
:10AC180001F0A5FF012207464946284601F08AFFB0
:10AC2800337F8246092B04F1040B01D0072B13D183
:10AC3800B068F5F74BFCCDE90001B868F5F746FCBC
:10AC480002460B46DDE90001F5F7C2FD41EC100BA9
:10AC58005946204602F05AFF7869FFF71BFE00901C
:10AC6800DAF81400FFF716FE337F6062092B01D073
:10AC7800072B0FD10099D8F84030404604F108025C
:10AC880089009847F3682361B3686361FB68A3612F
:10AC9800BB68E36122465B4649464046FFF70CFF26
:10ACA800044670B92B68314628469B6998472B683B
:10ACB800394628469B6998472B68514628469B6920
:10ACC8009847204603B0BDE8F08F30B500231446FE
:10ACD8008B4208DB012421EAE17302EB4300032BDA
:10ACE80007DD117030BD50F82350013324F8025F9E
:10ACF800EEE720F8024F0133F1E708B508B906F08E
:10AD080020F9006808BD70B5F8B109B906F019F95D
:10AD1800002AFBD00025431E02EB8002002B01DA3B
:10AD2800012010E052F8040C51F823600130B042C1
:10AD3800A2F10404EADC04D142F8045C013B224697
:10AD4800ECE72060002080F0010070BD2DE9F04F95
:10AD58008FB005939DF868301746DDE918950022F5
:10AD68000C460B93049002F04AFB2146012206464A
:10AD7800049802F044FB214680460022049802F021
:10AD880040FB04460EB906F0DCF80028FBD0D0F8EA
:10AD980004B04046FFF7B1FF4FF0010801465B469B
:10ADA8000022DBF800A0924500F392803368D6F8C1
:10ADB80004A00A932B69DAF80060089323686A6A8A
:10ADC8000793D5E900430393AB6909930023184619
:10ADD800984540F09580504600239E4200F39780A6
:10ADE80000250DAB0193059B30460093D3170D95B5
:10ADF800FFF786FD0D9B06932B46AE4200F38D8030
:10AE08004FF0000B0AF1040500233A462946304664
:10AE1800CDF800B0FFF7A1FD059B82463A462946CA
:10AE280000933046069BFFF798FD0A9B294633F9A5
:10AE38001A2059F82030134449F820303A46304651
:10AE4800FFF761FF0028DFD106464FF0010B82466D
:10AE5800069BB34265DC5BEA0A0336D00B9B5BBBFF
:10AE6800BAF1000F8FDB08BFBBFA8BF3039A18BF48
:10AE7800BAFA8AF302F11F0608BF2033202EA8BFB2
:10AE88002026C3F13F039E42A8BF1E46E117A6F144
:10AE9800200304FA03F3C6F12005B140194324FA4C
:10AEA80005F5534604FA06F05A462943F5F78EFE8F
:10AEB8000446039B9B1B0393002647F6FF7A089BD7
:10AEC8002D4F0BFB03FBB04541D10FB0BDE8F08F10
:10AED80053F8040FA8FB00ECBCF1000F0CD0274B73
:10AEE800274A1893049B27495C69A023A446049821
:10AEF8000FB0BDE8F04F604700FB08F8013252E799
:10AF0800079D25F8130049F82300013360E750F83E
:10AF1800045F002DD9D001335FE747F825300135AC
:10AF28006BE7059B5A4653F826304FF0FF3055F82B
:10AF380023706FF000415346F5F748FE8742CED89C
:10AF480007FB0AF3ABFB07BA01369A4480E759F8C6
:10AF580026002146039AA0EB0B0002F021FD099B75
:10AF68001844B842B8BF38465045A8BF5046079B5A
:10AF780023F816000136A6E70080FFFFC93A020849
:10AF88002B3A0208F12B02082DE9F04F8FB00593F8
:10AF98009DF868309146DDE9184600220D460B936E
:10AFA800049002F02CFA294601228046049802F007
:10AFB80026FA294607460022049802F022FA054696
:10AFC800B8F1000F01D105F0BCFF0028FBD0D0F884
:10AFD80004B03846FFF791FE012701465B46002280
:10AFE800DBF800A0924500F39680D8F80030D8F836
:10AFF80004A00A933369DAF8008008932B68726A10
:10B008000793D6E900530393B369099300231846BD
:10B018009F4240F0978050460023984500F398805F
:10B0280000260DAB0193059B40460093D3170D9660
:10B03800FFF766FC0D9B06933346B04500F38E8000
:10B048004FF0000B0AF1040600234A4631464046F9
:10B05800CDF800B0FFF781FC059B82464A46314691
:10B0680000934046069BFFF778FC0A9B314613F98C
:10B078000A2054F82030134444F820304A46404609
:10B08800FFF741FE0028DFD180464FF0010B8246D2
:10B09800069B434566DC5BEA0A0339D00B9B63BB1E
:10B0A800BAF1000F8FDB08BFBBFA8BF3039A18BF06
:10B0B800BAFA8AF302F11F0608BF2033202EA8BF70
:10B0C8002026C3F13F039E42A8BF1E46E917A6F1FA
:10B0D800200305FA03F3C6F1200CB14025FA0CFC55
:10B0E800194305FA06F053465A4641EA0C01F5F7AA
:10B0F8006DFD0546039B9B1B03936FF07F08089B20
:10B1080004EB87070BFB03FB079B5E1EBC4240D189
:10B118000FB0BDE8F08F53F8040FA7FB00ECBCF1AB
:10B12800000F0CD0244B254A1893049B24495C69D2
:10B13800A023A44604980FB0BDE8F04F60474743EA
:10B1480001324FE7079EF05444F8230001335FE7CC
:10B1580050F8046F002EDBD001335EE749F8263043
:10B1680001366AE7059B5A4653F828304FF0FF30FE
:10B1780056F823906FF000415346F5F727FD8145B7
:10B18800D0D809FB0AF3ABFB09BA08F101089A44C5
:10B198007EE754F8040B2946039AA0EB0B0002F053
:10B1A800FFFB099B18444045B8BF40467F28A8BF0D
:10B1B8007F2006F8010FA9E7C93A02082B3A0208CE
:10B1C800F12B02082DE9F74F9A46002314468146D1
:10B1D8000D461A460D9EA34229DB4FF0000B0023B3
:10B1E800324629462046CDF800B0FFF7B6FB324676
:10B1F80029460C9B8046CDF800A02046FFF7ADFB02
:10B208000F9B09EB880803EB8007D8ED000A97ED40
:10B21800000A0E9B9847324687ED000A29462046C9
:10B22800FFF771FD0028DAD103B0BDE8F08F46F8CA
:10B2380023200133CFE700002DE9F04F002499B017
:10B24800914622460F46054602F0D9F8012280466B
:10B258003946284602F0D3F822468246394628461F
:10B2680002F0CFF83B690646DAF80400049301F0CF
:10B27800BCFF98F808308346072B00F0C380092BE1
:10B2880000F0B180012B40F0CC805046FFF735FD2F
:10B29800594607AAADF82040FFF717FDD8F8043043
:10B2A8001F68042F0CD19DF91C20022A08D1BDF972
:10B2B8001E20BDF92040012A13D1A21E5442544138
:10B2C800049A127802B3FCB141460AA802F0A7F822
:10B2D800314611A8D8F8004002F0A1F846B905F0A7
:10B2E80030FE022A08BF012C0CBF01240024E7E726
:10B2F8003368224600930AA911AB07A8FFF74EFB53
:10B30800002019B0BDE8F08F0493002EE7D0504616
:10B31800FFF7F3FC0122014600207468049BD4F86F
:10B32800009081453BDCD6F800A0D8F800000AEB75
:10B3380082040590D14652460020A24244D15A4682
:10B348000026043304930DF1280806AB3846019310
:10B35800CDF80080D3170696FFF7D2FADDE904107E
:10B36800324BDDF818B0029311ABCDE900B33A4681
:10B378004346CDF80CA0FFF725FF0123B34526DC93
:10B38800002BBDD0A145BBD007EE903AD9ED006A9D
:10B39800B8EE677AC6EE877AE9EC017AF2E754F8F4
:10B3A80004CFA2FB0CAEBEF1000F09D0204B2846FB
:10B3B80000936C69D2231F4A1F49A0470120A0E7C8
:10B3C8000CFB02F20130ACE742F8040BB5E7049934
:10B3D80058F8042B51F82220A3FB02010029E5D1DB
:10B3E80053430136CAE76B6CD9F8081028469847CA
:10B3F80039460090CDE9019428460AAB11AAFFF717
:10B40800C3FD7DE76B6CD9F8081028469847394684
:10B418000090CDE9019428460AAB11AAFFF796FCE3
:10B428006EE728466B6905499847C7E795A800085D
:10B43800D03A02082B3A0208F12B02081A3C0208FB
:10B44800013080007047884208B50ED060B171B1F4
:10B4580003680A689A420AD192000431043005F060
:10B46800BDFEB0FA80F0400908BD0120FCE70020CD
:10B47800FAE7000013289ABF024B53F8200002484D
:10B48800704700BFD05C0208BD3C020820B1431ED3
:10B4980058425841400070470120704708B508B924
:10B4A80005F04FFD0029FBD0002AF9D0002BF7D07A
:10B4B80008BD03685B6818470368C01A03888B4295
:10B4C8008CBF405A0020704710B50C210446FFF786
:10B4D800F3FF10B123182058184410BD08B50346CF
:10B4E8001046122B33D8DFE803F0100A181C20246A
:10B4F8002614281E122A222C2E1A16300E000A2371
:10B5080000200B7008BD1323FAE70123F8E70B238B
:10B51800F6E70723F4E71123F2E70223F0E7102305
:10B52800EEE70323ECE70923EAE70423E8E70D2322
:10B53800E6E70523E4E70623E2E70823E0E70C2330
:10B54800DEE70E23DCE70F23DAE71223D8E7002231
:10B558000A701A46024902F0ADFF0120D2E700BF87
:10B568003C3D02080020704738B505461446FFF7F1
:10B57800A3FF00B12C58204638BD38B505461446FF
:10B58800FFF79AFF00B12C5C204638BD08B50022B1
:10B598000A21FFF7F2FF08BDF8B5144605461E4616
:10B5A800FFF77CFF01222368114620461B68984755
:10B5B8000027044607702846FFF7E8FF1B280BD131
:10B5C8002846FFF781FF38B13A460421FFF7D5FF37
:10B5D800C01B18BF0120207000203460F8BD38B5AA
:10B5E80005461446FFF768FF00B12C56204638BDC3
:10B5F800F8B5144605461E46FFF750FF236801229A
:10B60800022120461B6898470027044607704770A8
:10B618002846FFF7BBFF0B2817D12846FFF754FF32
:10B62800054690B13A460421FFF7D9FFC2B2531E2E
:10B63800042B88BF3A460621227028460122FFF7CC
:10B648009CFFC01B18BF0120607000203460F8BD4B
:10B658002DE9F047174605468A469846FFF71EFF2C
:10B668003B6804221B681C21384698471C2200218D
:10B67800044605F0C3FD2846FFF788FF01288146E8
:10B6880005D00025C8F800402846BDE8F0872846C0
:10B69800FFF71AFF05460028F3D000220421FFF720
:10B6A8009EFFFFF7F3FE0022062120702846FFF7D1
:10B6B8005BFF0022082160602846FFF755FF002243
:10B6C8000A21A0602846FFF78AFFC6B2731E042B22
:10B6D80088BF00264A460C2128462673FFF744FFF8
:10B6E8004A460E2120612846FFF73EFF002210211E
:10B6F80060612846FFF773FF524604F11801FFF70F
:10B70800EDFE05460028BCD021463846FFF7D1FE9D
:10B71800BAE770B5144605461E46FFF7BFFE236814
:10B7280004221B681C21204698471C22002104463D
:10B7380005F064FD2846FFF729FF022834D1284682
:10B74800FFF7C2FE054678B300220421FFF747FF42
:10B75800FFF79CFE0022062120702846FFF704FF11
:10B768000022082160602846FFF7FEFE00220A2119
:10B77800A0602846FFF7F8FE00220C21E06028466A
:10B78800FFF72DFFC0B2431E042B88BF0020012203
:10B798000E2120742846FFF7E7FE01226061102180
:10B7A8002846FFF7E1FEA0610020346070BD00006C
:10B7B8002DE9F0471746054688469946FFF76EFE7D
:10B7C8003B68012205211B68384698470026044635
:10B7D800066006712846FFF7D9FE082882463DD143
:10B7E8002846FFF771FE0546C0B332460421FFF72D
:10B7F800F6FEC3B25A1E042A88BF33463246237067
:10B8080051462846FFF7B9FE801B18BF0120324673
:10B818000A21A0702846FFF7B0FE801B18BF012040
:10B8280032460C21E0702846FFF7D9FE4246211D1A
:10B83800FFF754FE024650B906212846FFF7CFFE0F
:10B8480058B1012809D04046074902F033FE38466E
:10B858002146FFF72EFE012003E060700020C9F8A2
:10B868000040BDE8F08700BF603D0208F8B5144607
:10B8780005461E46FFF712FE0122236811462046A0
:10B888001B6898470027044607702846FFF77EFE86
:10B8980015280DD12846FFF717FE48B13A4604216E
:10B8A800FFF79DFEC2B2531E042B88BF3A46227092
:10B8B80000203460F8BD70B5144605461E46FFF7F3
:10B8C800EDFD236804221B6828212046984728227A
:10B8D8000021044605F092FC2846FFF757FE05288C
:10B8E8002ED12846FFF7F0FD054648B30022042173
:10B8F800FFF775FEFFF7CAFD0022062120702846D3
:10B90800FFF732FE0022082160602846FFF72CFE70
:10B9180000220A21A0602846FFF726FE00220C21FB
:10B92800E0602846FFF720FE002220610E2128460D
:10B93800FFF755FEC0B2431E042B88BF00202075B8
:10B948000020346070BD10B52DED028B0446B0EEBA
:10B95800408AFFF7B1FD10B1044494ED008AB0EEBF
:10B96800480ABDEC028B10BD70B514462DED028B54
:10B9780005461E46FFF792FD04222368114620461D
:10B988001B6898479FED0C8A044680ED008A28467C
:10B99800FFF7FCFD09280AD12846FFF795FD30B1CD
:10B9A800B0EE480A0421FFF7CEFF84ED000ABDEC93
:10B9B800028B0020346070BD0000000010B5044602
:10B9C800FFF77AFD10B123182058184410BD4068BD
:10B9D80003689B681847704770478068102203689F
:10B9E8009B681847406803689B6818474068036865
:10B9F800DB681847406803685B6918474068036854
:10BA08001B69184780680422036820219B6818472F
:10BA1800704770B505460C4609B905F092FA0B68EF
:10BA2800012B0CD14E68002EF7D04068716803686E
:10BA3800DB689847686831460368DB6898470023E5
:10BA48006868C4E90033C4E9043303682146BDE8E3
:10BA58007040DB68184738B513460C4609B905F03D
:10BA680070FA826932B18068990002689568042288
:10BA7800A8472060002038BD10B508210446FFF70C
:10BA88001BFD10B123182058184410BD10B50A2109
:10BA98000446FFF711FD10B123182058184410BDB3
:10BAA80010B506210446FFF707FD00B1205610BD6A
:10BAB80010B50E210446FFF7FFFC00B1205C0038EA
:10BAC80018BF012010BD10B504210446FFF7F4FC8F
:10BAD80010B123182058184410BD10B50821044689
:10BAE800FFF7EAFC10B123182058184410BD0000D5
:10BAF80038B50D4608210446FFF7DEFC00B1205892
:10BB08002B68834205D8B0210B4B0C4A0C4805F032
:10BB18001FFA013055F8203005EB80041C4404213D
:10BB28002046FFF7C9FC221820B12358D058D11855
:10BB380000B1081D38BD00BF8A3D0208953D0208C6
:10BB48005F3E0208F8B516460023C2E9003346F8FE
:10BB5800083F0F4614460546FFF7A2FF314601F09D
:10BB680094FC064658B939462846FFF7C1FF042118
:10BB780020602846FFF7A0FC18B9054B63603046E3
:10BB8800F8BD2A182858104401F072FB6060F6E7E7
:10BB9800845D020838B50D46044608B905F0D1F9A8
:10BBA8000029FBD00368042224215B6B9847064ACE
:10BBB800C0E9002400220434C0E90325C0E90622B4
:10BBC80084600275026238BD285D020870B50D46B2
:10BBD80004461021164601F04DFB2C44211A02F0B0
:10BBE80041FC054600B1043086B1012E17D1036827
:10BBF800042241F20C019B689847044602F0F0F8D1
:10BC080021462846BDE87040FFF7C4BF03680422F8
:10BC18002C219B689847044602F068F9F0E7002455
:10BC2800EEE700002DE9F0411D46037D04460E466F
:10BC380017462BB90C4801F0CBFA0120BDE8F0817A
:10BC4800036829461B6C826998470028F6D1236847
:10BC58003A46D3F83C80314620462B68C047002836
:10BC6800ECD12075EAE700BFE73E020838B5044684
:10BC780040680368DB6A98470546A0680368DB6884
:10BC88009847284438BD002310B5044683614068AE
:10BC98000422036890219B699847E061B0FA80F01C
:10BCA800400910BDF8B504460E4609B905F049F932
:10BCB800037D2BB11B4801F08BFA00252846F8BDFF
:10BCC8000123037580680422036808219B6898474C
:10BCD800A368154AC0E90023E0602046FFF7D3FFB8
:10BCE8000028EAD1A56830462B689F68FFF7F5FE63
:10BCF800016804222846C900B847054608B90B4818
:10BD0800D9E72368024631462046DB6A984700286F
:10BD1800D3D123682A46314620469B6A9847002893
:10BD2800CCD0CAE7323F0208745D0208873F020898
:10BD38000421C06901F09EBA2DE9F84305468946F9
:10BD480090461F46FFF7F4FF0C2604460022A96917
:10BD58004E4300EB060C644508D10B2A0CD90C485D
:10BD68000C2101F035FA0120BDE8F88363680C3432
:10BD7800013308BF0132EEE74FF0FF3340F8069079
:10BD8800C4E901383960AB6900200133AB61EBE7E6
:10BD9800B53F0208036870B55B6904460D469847CD
:10BDA800C8B92046FFF7C4FF0C23A2695A43831879
:10BDB800984209D16068E16903689032DD6904231B
:10BDC800AC46BDE87040604741680C30013108BF9F
:10BDD80040F8085CECE770BDC068704708B50368B8
:10BDE800994205D3B021054B054A064805F0B0F83D
:10BDF80000EBC100D0E9010108BD00BF8A3D02087F
:10BE0800EB3F02085F3E02082DE9F04F85B00F9C1A
:10BE180081468A4693461D460CB905F092F82022C1
:10BE28000021204605F0EAF92846FFF739FE04F11B
:10BE38001C0101F02AFB0746002855D12846FFF7C8
:10BE480037FE0E99A0772846FFF752FE002814BF48
:10BE58000123022320616377284603AA04F118010D
:10BE680001F056FA074600283ED104212846FFF77C
:10BE780023FB00283CD02A182858104401F0F8F970
:10BE880060610C212846FFF717FB68B32B582E1862
:10BE98001E443046FFF7F0FD054628B303681BB380
:10BEA8003046FFF7F3FDF8B10368EBB16B68304635
:10BEB800A360FFF7EBFD0021FFF790FFE06030463D
:10BEC800FFF7DAFDD0F80080BBF1000F12D0DAF8E6
:10BED800003004220C2150469B6898470546F8B963
:10BEE8002F4801F075F90127384605B0BDE8F08FF5
:10BEF8002C48C5E7D9F8003004220C2148469B6835
:10BF0800984705460028EBD0D9F800304046D3F8CA
:10BF180008A0FFF795FA042201464846D0470AE0F0
:10BF2800DAF800304046D3F80890FFF789FA04227F
:10BF380001465046C847686008B91B48D1E73046F3
:10BF4800FFF79AFD01F095F96B684FF0000A9946E2
:10BF58002860C3F80080C2450ADB10213046FFF78D
:10BF6800ABFA00B130580123A860C4E90035BBE73B
:10BF78003046FFF78BFD0268834630460192FFF793
:10BF88007BFD019A036858469A420CBF514600212E
:10BF9800FFF724FF0AF1010A49F8040FDBE700BFA5
:10BFA80097400208845D0208C540020808B5036886
:10BFB800994205D3B021064B064A074804F0C8FF4A
:10BFC800013100EB810250F82100104408BD00BF88
:10BFD8008A3D0208F34002085F3E02082DE9F3415A
:10BFE80080460F461E46144600253846FFF76BFD6F
:10BFF80003689D4201D300201DE02946FFF7D6FFC4
:10C00800FFF756FDD0B11EB156F82530013315D1D2
:10C01800204601A901F0AFF968B9D8F80800102244
:10C02800036801999B689847206038B905480199C9
:10C0380001F0CEF8012002B0BDE8F08101350C34E2
:10C04800D3E700BFBD41020808B50368994205D38C
:10C05800B021064B064A074804F07AFF013100EB8D
:10C06800810250F82100104408BD00BF8A3D020833
:10C07800EB4102085F3E02082DE9F04107460E46F3
:10C08800154602BB04F05DFF2146FFF7DDFF01F016
:10C09800B9F8BB6841011A681846D2F8088004222A
:10C0A800C04728B9094801F093F80120BDE8F0819C
:10C0B80045F8340001343046FFF70FFD03689C4211
:10C0C800E2D30020F2E70024F5E700BFB9420208F6
:10C0D8002DE9F3470746DDF82890084616461D4621
:10C0E8008846FFF7FAFC4946FFF7AEFF3B6838463B
:10C0F8005B6B9847044638B9114801F069F8002489
:10C10800204602B0BDE8F08700223B68CDE90092E6
:10C1180041460246D3F838A038462B46D04708B1E6
:10C128000848EAE7002EEBD00C235D4306EBC9066E
:10C1380073685A195B59236153686361E0E700BF6C
:10C14800EF420208254302082DE9F3470746DDF8C8
:10C158002880084616461D468946FFF7BEFC41461C
:10C16800FFF772FF78680422036820219B689847CC
:10C17800044648B942462946124801F029F80024E5
:10C18800204602B0BDE8F08701223B68CDE9008275
:10C1980049460246D3F838A038462B46D04718B14E
:10C1A800094801F015F8EAE7002EE9D00C235D43B1
:10C1B80006EBC80673685A195B59236153686361B3
:10C1C800DEE700BF6F430208AA4302082DE9F04FDB
:10C1D8009946436891B0CDE9071305468846164647
:10C1E8000021182209A805F009F80023A96907A861
:10C1F8000F9300F009FA0446002879D1059005A9A3
:10C2080007A800F059F90446002871D1074606F13D
:10C21800040A4046FFF761FC0368059C9F423ED331
:10C228002146324607A800F077FA044600285FD175
:10C238002846FFF77DFD214602464B46009607A893
:10C2480000F0F9FA0446002852D1DDE9096A686865
:10C25800102103681B6B984707466868102203681B
:10C2680039469B6898478046002800F08A803A46FD
:10C27800A1463746286941460368DB699847D5F8DF
:10C2880010B0CA451BD1686800270368D5F810B0FC
:10C298005B6A9847394681464FF0FF3348E0394694
:10C2A800FFF7D2FE2B680146D3F830B02846234664
:10C2B8005AF83720D8470446D0B90137A9E73B7D5B
:10C2C8001BB909F101091837DBE71021386800F0BC
:10C2D800DBFFD7E902233C690146B4F1FF3FDBF8F5
:10C2E800000009D184685846A04704460028E8D0D1
:10C2F800204611B0BDE8F08F0094C4685846A047A6
:10C30800F3E7327D92B1DBF8002058469469069332
:10C3180006AA0391A04704460028E9D14FF0FF334D
:10C32800069A706803994A44026001310137183649
:10C33800BA45E6D107A800F0B1F868684146036835
:10C34800DB689847686803685B6998470446002873
:10C35800CED16868E96903681B6A984704460028D3
:10C36800C6D1286903681B699847296A1022814247
:10C378003CBF01462862686803689B6A9847044680
:10C38800B6E70124B4E72DE9F047D0E901761C4669
:10C39800084615468946FFF7A0FB0899FFF754FEA3
:10C3A800FFF791FB2146FFF701FE0C2104464846A2
:10C3B8009DF82480FFF780F820B109EB000359F8B5
:10C3C80000001844CDE90805234642463946304660
:10C3D800BDE8F047FFF718BD2DE9F74F80460C463A
:10C3E8001746002A47D104F0ACFD3146FFF72CFE72
:10C3F8000190FFF768FBD0F800B0D8F808000AFBF6
:10C408000BF50368042229469B689847814680BB40
:10C4180029461B4800F0DCFE012003B0BDE8F08F80
:10C428000198FFF750FB2946FFF7C0FD0C2100904B
:10C438002046FFF741F858B12158221811440AFB49
:10C4480005920098FFF77EFB20B129460D48E1E7E9
:10C458000146F4E701355D45E2D13A1D42F83690D0
:10C4680001362046FFF739FB03689E42BDD3002002
:10C47800D3E70025EFE700264FF00C0AF1E700BFED
:10C48800EE4302083544020808B58B68934201DD83
:10C4980004F057FD013308BF8A6008BD10B5044693
:10C4A8004068A1680368DB68984760682169036889
:10C4B800DB689847002010BD2DE9F843056807465A
:10C4C800884628461021FEF7F7FFE8B90020BDE8A6
:10C4D800F883013304EB830254F823400421144405
:10C4E8002046FEF7E9FF002853D0225823181344AA
:10C4F800D968BA6910338A42C8F8003005D027488D
:10C5080000F066FE0120E2E7002610212846FEF72B
:10C51800D3FF00283FD02B582A18D118D3589E4251
:10C52800D4D2013651F8263001EB8609994404210A
:10C538004846FEF7C1FF0028E7D059F8003009EB5C
:10C548000002D458D018172C2246154928BF1722A4
:10C55800043004F05BFE0028D7D1172CD5D10C216C
:10C568002846FEF7A9FF044610B12C582B181C4486
:10C5780006214846FEF7A0FF034608B159F80030E7
:10C5880022689A42A5D8B021064B074A074804F00A
:10C59800DFFCC368FFDE0368FCE700BF5444020801
:10C5A800885D02088A3D0208953D02085F3E020840
:10C5B80008B50368994205D3B021044B044A0548DD
:10C5C80004F0C6FC013150F8210008BD8A3D02087C
:10C5D8009F4402085F3E020808B50368994205D3E4
:10C5E800B021064B064A074804F0B2FC013100EBC3
:10C5F800810250F82100104408BD00BF8A3D02089E
:10C60800414502085F3E02082DE9F84305460068E7
:10C618008846FFF762FA04686868A4000368042281
:10C6280021469B68984707462861C8B100263446CA
:10C63800D5F800904846FFF750FA03689E4216D393
:10C648001823C5E9054444446868EC605C43036802
:10C65800042221469B68C5F81C809847A860A0B9A9
:10C668000B48214600F0B4FD0120BDE8F88347F8E7
:10C6780026404846FFF731FA3146FFF7E5FCFFF759
:10C6880022FA036801361C44D4E70020EDE700BF16
:10C698000F4602082DE9F34708460C46174600F0F6
:10C6A800B1FD002506464FF0FF38B54201D1002004
:10C6B80027E00A212046FEF7FFFE10B12318205874
:10C6C80018442946FFF788FF4FF0000A81461421D5
:10C6D8004846FFF773F9D0B103689A4517D2514617
:10C6E800FFF766FF0C2301A903FB0070CDF8048057
:10C6F80000F041FE28B9019931B1064800F068FD03
:10C70800012002B0BDE8F0870AF1010ADFE7013530
:10C71800CBE700BF504602082DE9F04F002604463B
:10C72800B2464FF0FF3B836885B00093131D01911B
:10C7380002932068FFF7D1F903689E4211D31822AB
:10C7480063690099E06902FB0313012400224FF09A
:10C75800FF31904203F1180365D1002005B0BDE810
:10C76800F08F3146FFF770FC029B074653F836807E
:10C77800236901464246204653F82650FFF78AFFB0
:10C788000028EBD11823009A03FB0529454680466B
:10C798003846FFF798F90268904501D30136C8E793
:10C7A80049462846C9F8045000F0E5FD0028D5D1CF
:10C7B8002A68C9E902BB52BB38460392FFF783F9DE
:10C7C8004146FFF7F3FBFFF773F9039A20B9D9F84D
:10C7D8000020003A18BF0122019B89F81420FBB100
:10C7E80053F82A203846C9F810200392FFF76BF94E
:10C7F8004146FFF7DBFBFFF75BF9039A48B90AF1FB
:10C80800010A08F1010809F118090C35C0E70246C8
:10C81800E2E70132F3D04FF0010389F81430EEE774
:10C82800C9F810B0EDE743E9041103F8044C43F8E4
:10C83800081C01328DE72DE9F04F894604468BB07C
:10C848000068CDE90523FFF748F94946FFF7FCFBE7
:10C858004FF01808A3680746049323694FF0000AAD
:10C8680053F82960049B08FB063600F0CBFC0790C0
:10C8780006213846FFF7A2F80546002800F0CC80CC
:10C8880003689A4580F0C7805146FFF791FE08FB80
:10C898000065D4F820B029465A462046FFF7F4FD33
:10C8A800EB689B4501DA04F04CFBC5F80CB00AF1C3
:10C8B800010ADDE7236A0A2101333846236203931C
:10C8C800FEF7FAFD10B13B18385818442946FFF70F
:10C8D80083FE4FF0000A804608214046FFF76EF8B5
:10C8E80000BB149B414600932046DDE9052300F078
:10C8F8009BF84FF0000A06214046FFF75FF800B3A7
:10C9080003689A451DD25146FFF752FE002806DB00
:10C918000BFB0060236AC1688B42C4DBC3600AF169
:10C92800010AE8E702689245DBD25146FFF740FE6C
:10C93800039A0BFB00612046FFF7A6FD0AF1010AE6
:10C94800CAE74FF0000A0EE00268924511D251463C
:10C95800FFF72EFE0BFB0060226AC1688A42A2DB49
:10C96800C2600AF1010A08214046FFF727F80028AB
:10C97800EAD1049B6169DDF814800BFB01310023C7
:10C98800E2699A4225D80135079B9D4292D14FF022
:10C9980000084FF0180908213846FFF70FF800285B
:10C9A8003DD0036898453AD24146FFF701FE09FB9E
:10C9B8000065D4F820A0294652462046FFF764FDBA
:10C9C800EB689A45FFF66FAFC5F80CA008F10108AF
:10C9D800E1E7D8F80420AA4218D1D8F808209145F0
:10C9E80014D10698D8F8002000EB8300C1E9002094
:10C9F8002046039A08910993FFF746FD0899226A91
:10CA0800C8688242FFF64FAF099BCA6001331831EC
:10CA180008F10C08B4E700254FF0180BB4E7002024
:10CA28000BB0BDE8F08F00002DE9F3470568074615
:10CA38000E462846062190469946FEF73DFDDDF84C
:10CA480028A0044610B12C582B181C440421304649
:10CA5800FEF732FD054600B135582368AB4205D8CC
:10CA6800B021314B314A324804F072FA013554F89A
:10CA7800253004EB850000220A211844FEF774FDD6
:10CA880077284AD0812834D076282ED13046FEF730
:10CA98007DFD5C2846D13046FEF716FD054600228E
:10CAA80004212846FEF760FD002204460621284698
:10CAB800FEF75AFD621C05460AD03B6A424601331E
:10CAC8003B6221464B463846CDF800A0FFF7B3FE3F
:10CAD8006B1C0AD03B6A424601333B6229464B46EF
:10CAE8003846CDF800A0FFF7A6FE002002B0BDE84A
:10CAF800F0873046FEF74AFD67280CD13046FEF72E
:10CB0800E3FC04210022FEF72FFD411C0446ECD073
:10CB18004FF0FF35D1E70020F3E73046FEF736FD4A
:10CB28005D28B7E70025BAE78A3D02088C46020867
:10CB38005F3E02080968002A10B451F8044B0ADB6A
:10CB4800944208DD51F82210002904DB03685DF8DF
:10CB5800044B5B69184700205DF8044B704749682F
:10CB6800002A10B451F8044B0ADB944208DD51F84E
:10CB78002210002904DB03685DF8044B5B69184741
:10CB880000205DF8044B70470EB403B503A951F8B3
:10CB9800040B019100F012FB02B05DF804EB03B046
:10CBA8007047C06803689B681847C0680368DB68FB
:10CBB8001847C06803681B691847C06803685B6941
:10CBC8001847C06803685B6A1847C0680368DB6A6F
:10CBD80018470000D1289ABF024B53F8200002489A
:10CBE800704700BFA05D02082F53020870B50446C5
:10CBF80000F1A4060D463046002101F025FF0A4B3E
:10CC08006661E361094BE563A365094BE365094B7D
:10CC1800A364094B2363094B2364094BE364002392
:10CC280084F8953070BD00BF91CB0008C3CB0008D5
:10CC3800CBCB0008B3CB0008D3CB0008ABCB0008A4
:10CC4800BBCB0008F7B51E4600F108070446C0E94B
:10CC580000120D4664220021384604F0CFFA9DF8F0
:10CC68002C2008993046FEF7B1FF099A04F17006A6
:10CC7800E06603463946009230462A4601F072FDC6
:10CC88004FF480732046A4F89430002350F8A42B66
:10CC9800C4E92633E16EC4F8A030334601F0C4FE7F
:10CCA80020460A99FFF7A2FF204603B0F0BD08B559
:10CCB800FEF713FF0021FFF7C7F90621FEF77EFEF6
:10CCC800006808BD38B5054600680C46FFF7EFFF59
:10CCD800A042024605D80548214600F079FA00200E
:10CCE80038BDD5F89C3053F82400F9E762470208AC
:10CCF80008B5FEF7F2FE0021FFF7A6F90821FEF7B6
:10CD08005DFE006808BD000038B5054600680C46A1
:10CD1800FFF7EEFFA042024605D80548214600F07D
:10CD280057FA002038BDD5F8A03053F82400F9E7A9
:10CD38008D47020838B5D0F88030044600F17005F8
:10CD480013B1284601F026FC04F1A40001F0F7FD18
:10CD5800284601F0BFFB204638BD00002DE9F04F02
:10CD680006464FF0000A8BB006F1700001F08EFC09
:10CD7800504501DC00236FE035682846FEF7ADFE1C
:10CD88005146FFF761F9062100902846FEF794FB0B
:10CD9800044610B12C582B181C44F06EFFF71CF8F1
:10CDA8000390009800F02EFA00274FEACA03049077
:10CDB8000193049B9F4202D10AF1010AD4E70A2198
:10CDC8000098FEF779FB002800F0BF80009B1A58F6
:10CDD80019188B188A58974205D3B0215C4B5D4AC5
:10CDE8005D4804F0B5F8013703EB870553F82730A1
:10CDF80004211D442846FEF75FFB50B155F800801A
:10CE08002368434507D84146544800F0E1F9012317
:10CE180022E08046F4E708F1010304EB830B54F8A1
:10CE28002330019A9B44D6F880304FEA47199A5824
:10CE3800A9F120094A44584671681C3201F006FEDF
:10CE480070B10090584600F006FBFFF7C3FE01469C
:10CE5800434800F0BDF9009B18460BB0BDE8F08FC1
:10CE6800D6F88020019952584A44D26912B94146ED
:10CE78003C48CAE7D2F8148009900E212846FEF7EC
:10CE88001BFBB8F1200F44D100283AD14FF0000B1A
:10CE9800CDF808B006212846FEF790FD00F0E8F925
:10CEA800082105902846FEF789FD00F0E1F9019A6E
:10CEB800D6F8803000219B58069003EB09081C2205
:10CEC8004046079304F09AF9079B059A142143F802
:10CED8000920069B2846C8F80430099BC8F810307A
:10CEE800029BC8E9053BFEF769FD00283FF461AFE6
:10CEF8000368002B3FF45DAF00F0BAF9C8F80800EA
:10CF080057E72B582A18D118043152F803B0029168
:10CF1800C0E728B14046FFF75DFE0146124874E7B6
:10CF28007068414603689B68984728B94046FFF7F0
:10CF380051FE01460D4868E709AB2946039A00F0FF
:10CF4800B0FA03460028A1D086E70368FFDE00BFD9
:10CF58008A3D0208414502085F3E0208B9470208B7
:10CF6800E3470208104802083148020877480208D7
:10CF780010B500F17004204601F0E0FA20B920460F
:10CF8800BDE8104001F008BC10BD00002DE9F04FCD
:10CF98000168054685B0C06EFEF784FE014650B9AB
:10CFA8006C4800F015F9012385F8953001242046D6
:10CFB80005B0BDE8F08F05F17007384601F0EAFBCF
:10CFC8002846FFF7CBFE04460028F0D105F1A40659
:10CFD8000146304601F038FD384601F07CFA044637
:10CFE8000028E4D10121304601F02EFD384601F039
:10CFF8000DFB04460028DAD10221304601F024FD59
:10D00800D5F880202968E86E05F19803FEF70AFE36
:10D0180004460028CBD1D5F89810304601F012FD0F
:10D02800EF6E28683B68D3F81C80FFF740FE81004C
:10D038003846C047C5F89C00002847D12868FFF744
:10D0480036FE8100444800F0C3F8AFE7D5F88020E9
:10D058003846D3F800B00392FEF73FFD0021FEF7F3
:10D06800F3FF0621FEF7AAFC2146FFF7A1FAD5F83F
:10D078009CA0034639464046039ACDF80090D8470D
:10D08800D5F89C304AF8240053F8243013B92146C7
:10D098003248D8E701342F683846FFF708FED5F83C
:10D0A8006C80A042D8F80030D0D83846DC69FFF749
:10D0B8001FFE81004046A047C5F8A000002845D1C2
:10D0C8002868FFF715FE81002548BCE7A146E2E77E
:10D0D800D5F86C80D5F88020D8F800303846D3F8D9
:10D0E80000B00392FEF7F9FC0021FEF7ADFF08211E
:10D0F800FEF764FC2146FFF75BFAD5F8A0A00346CB
:10D1080039464046039ACDF80090D847D5F8A03064
:10D118004AF8240053F8243013B92146114892E7FD
:10D1280001342F683846FFF7E3FDA042D0D82846DF
:10D13800FFF71EFF044600287FF439AF01230321BF
:10D14800304685F8943001F07FFC30E70024A14692
:10D15800E7E700BF94480208B748020800490208F8
:10D16800254902086F49020890F8953010B5044621
:10D1780023B10A4800F02CF8012010BD90F8943033
:10D1880033B104F170000021BDE8104001F08EBAFF
:10D19800FFF7FCFE0028F4D0EFE700BF954902082E
:10D1A8000FB407B5044805A90191F5F7C1F803B014
:10D1B8005DF804EB04B070472D53020808B5F5F785
:10D1C800B7F8BDE808400148FFF7EABF2D53020849
:10D1D8000FB407B504A951F8040B0191FFF7EEFF4E
:10D1E80003B05DF804EB04B0704703460168002201
:10D1F800012010B5914200DC10BD53F8044F0132F4
:10D208006043F7E70368C31A1A880A2A05D95B89B5
:10D21800C21813B1C358D058704700207047000097
:10D22800036810B5C31A1A88082A17D91B89C418A5
:10D23800A3B1C258A318A258914205D3B021094BF3
:10D24800094A0A4803F084FE013103EB810053F8D0
:10D258002130BDE810401844FFF7D4BF00231B68F5
:10D26800FFDE00BF8A3D0208EB4102085F3E02086C
:10D27800704770474B1E1844B0FBF1F048437047A5
:10D28800B0FBF1F048437047431E0B44B3FBF1F386
:10D2980001FB03F070470000132804D8092804D8BC
:10D2A800022826D868BB012070470A380928FAD80E
:10D2B80001A353F820F000BFF3D200080FD30008F1
:10D2C80013D300080FD300080BD30008AFD200080F
:10D2D8000BD30008F3D2000807D30008F3D20008E4
:10D2E80012F4887F0FD10728DDD1022300200B60BC
:10D2F8007047012303FA00F212F4127FF0D00123E1
:10D30800F4E70423F2E70823F0E71023EEE700BF71
:10D31800F7B5144602680346821A17880D46042F8B
:10D3280026D99188461809B3405831183058012633
:10D3380001EB8000884214D1062F1AD9D08800B199
:10D3480018560DF1070100F0A0F840B921469DF8E4
:10D358000700FFF7A1FF10B9236873432B6003B0E0
:10D36800F0BD51F804CF0CFB06F6E3E70126E3E72E
:10D3780001260020E5E773B50C4609B903F0E1FD85
:10D3880043689BB1002201251968914209DC007AA3
:10D3980001A9FFF781FF10B9019B6B43236002B01D
:10D3A80070BD53F8046F01327543EEE70125EEE7CF
:10D3B80010B5C360039B0160036100230299C0E9B3
:10D3C8000533C0E9011210BD70B508B903F0B9FD05
:10D3D8000029FBD00B68002A194651F8045B0CDBC6
:10D3E80095420ADD51F82210002906DBBDE870409D
:10D3F80003EB82035968426D1047002070BDFFF7A8
:10D40800E3BF10B508B903F09CFD0029FBD0BDE8C7
:10D4180010404968436D01EB82025168184710B506
:10D42800044609B1496819B900232360204610BD94
:10D4380051F8042B062A026001DD03F082FD9200F8
:10D44800043003F0C0FFF1E7012803D0831E5842DF
:10D45800584140007047024608B508B903F071FD0D
:10D468000168411A0B880A2B09D94B8903B1C358A3
:10D47800888800B110569842B8BF184608BD042BDA
:10D488004FF00003F4D81846F5E738B504460D46C2
:10D4980001F042FB294602462046BDE83840FEF727
:10D4A8001DB82DE9F0410D46044616461F4601F009
:10D4B80033FB3B46014632462846A446BDE8F041C8
:10D4C8006047000073B580EE800A04460E46154694
:10D4D80003F044F9DFED107AB4EEE70AF1EE10FA42
:10D4E8000FDBDFED0E7AB4EEE70AF1EE10FA08D89A
:10D4F800BDEEC00A10EE103A002033442B6002B093
:10D5080070BD074B2046009365694FF4AF73054A19
:10D518000549A8470120F2E7000000CF0000004FAE
:10D528008B53020830530208F12B0208D1ED027A1E
:10D5380092ED027A67EE877AF5EEC07AF1EE10FA8C
:10D5480073B51E460ADA0F4B0F4A009344694FF42D
:10D55800A8730E49A047012002B070BD17EE900ACB
:10D56800F2F7B4FF0446B0680D46F2F7AFFF0B467A
:10D57800024629462046F3F72BF9069BC3E900012A
:10D588000020E9E7B153020830530208F12B0208E2
:10D598002DE9F74F0446DDE90C7B886816469A4664
:10D5A8000D46F2F793FF8046B0688946F2F78EFF82
:10D5B80002460B4640464946F2F7E0FF8046894658
:10D5C800BAF1000F1BD0DAF80800F2F77FFF024625
:10D5D8000B4640464946F2F719FE8046B86821F0E6
:10D5E8000049F2F773FF02460B4640464946F3F7F7
:10D5F800EFF812A3D3E90023F3F73CFA50B13B4606
:10D60800324629462046CDF830B003B0BDE8F04F89
:10D61800FFF78CBF064B20460093656940F2431321
:10D62800044A0549A847012003B0BDE8F08F00BFB0
:10D63800CA53020830530208F12B02087B14AE4784
:10D64800E17A943F2DE9F0432DED028B1E46137FBE
:10D6580085B0072B0446DDF8389011D0092B2BD064
:10D66800032B2DD0374B384A009344694FF4CB73C2
:10D678003649A047012005B0BDEC028BBDE8F08318
:10D6880047F6FF75324F012992ED028AD2F80C80D5
:10D6980019D1DFED300A4146B0EE480A204603AA08
:10D6A800FFF710FF0028E5D1039BBB42ACBF3360F6
:10D6B8003760C9F800502AE07F256FF07F07E2E75E
:10D6C800FF250027DFE7032923D1DFED220A4146A2
:10D6D800B0EE480A204603AAFFF7F4FE0028C9D195
:10D6E800F1EE080A039B03AABB42ACBF3360376064
:10D6F8004146B0EE480A2046FFF7E4FE0028B9D1BB
:10D70800039BAB42D4BFC9F80030C9F800500020D1
:10D71800B1E7022913D1FFEE000A4146B0EE480AEC
:10D72800204603AAFFF7CEFE0028A3D1039BF7EEFD
:10D73800000ABB42ACBF3360376003AAD8E7376042
:10D74800B7E700BFEC53020830530208F12B020878
:10D758000080FFFF000000002DE9F04F97B008930C
:10D76800209B04460493219B8B460993229B924657
:10D778000A93239B0B93249B0C93259B0D93269B29
:10D788000E93279B0F93289B05930B68012B0FD0B3
:10D798000122CDE90232704B0193704B0093DE23D6
:10D7A80044696F4A6F49A047012017B0BDE8F08F60
:10D7B8001268012A08D0CDE90223674B01936A4B0E
:10D7C80000934469E023ECE7DAF804203AB9674BA0
:10D7D8000093EB234469624A6549A047E4E7176868
:10D7E80027B9644B00934469EC23F4E73D68012DA5
:10D7F80039DD0B7F092B06D0072B04D05E4B009335
:10D808004469F023E7E79AF81C30092B0AD0122B59
:10D8180008D05A4B204600936569F223504A544970
:10D82800A847C1E7059B9D420CD0CDE90253544B54
:10D838000193544B0093F42365692046484A4949AB
:10D84800A847B1E7DAF81430926803EB82035B6803
:10D85800AB4208D0CDE902534B4B0193484B0093A0
:10D868006569F523E9E7DBED027A049BCDED067ADD
:10D87800D3ED027A0026CDED077A07F10408059B5F
:10D888009E4235DB9BF81C30032B1AD10022002363
:10D89800CDE9142314AB0193049B524600935946D7
:10D8A8002046089BFFF774FE00287FF47DAF9DEDAE
:10D8B800140B0A9813A900F029F9139B0B9A5B42E1
:10D8C80013609BF81C30092B43D84FF42270D840C2
:10D8D80010F001003FF469AF20460D9B0999209391
:10D8E800049A0C9B097817B0BDE8F04FFFF7AABE61
:10D8F800012D0698CCBFD8F80090D7F80490F2F71D
:10D90800E5FDCDE910014846F2F7E0FD02460B4679
:10D91800DDE91001F2F732FECDE910010798F2F7C0
:10D92800D5FD02460B46DDE91001F2F751FF41EC47
:10D93800100B14A913A800F0E9F8139B0E9A08F12C
:10D94800040842F82630149B0F9A42F82630013614
:10D9580095E7002029E700BF3A2D0208F253020894
:10D96800305302082C2C0208542D02080B540208CC
:10D97800F12B02084F3102083B3502081F540208F8
:10D988005A540208512F0208E631020808B54969BD
:10D998004069FDF758FD003818BF012008BD000098
:10D9A80022EAE273984070B580FB0134002C1A4DCE
:10D9B800A8BF4FF08045884208BFB1F1004FC2F1BF
:10D9C800000626EAE67615D0EB1844EBE571002947
:10D9D80004DA6FF000401B1841F10001DB0F43EA45
:10D9E80041031F3209DA40F267110C4B0C4A0D480B
:10D9F80003F0AEFA6FF00043F3E70122B240013AB8
:10DA0800D90F02EA030443FA06F001EB62029442DA
:10DA1800C8BF013070BD00BF010000C08E340208CD
:10DA2800B43302080E340208002A70B505DA58210A
:10DA3800224B234A234803F08BFA03F11F04262CB8
:10DA480003D95921204B1E4AF4E701F50044B4F5E7
:10DA5800803F03D35A211D4B194AEBE71C4CC3F1F5
:10DA68000E05A242CEBF47F6FF7202F5004212141D
:10DA78005143D41700FB0411A2FB002001440120EC
:10DA8800A5F12004C5F1200620FA06F600FA04F4F0
:10DA9800A8403443801841EB0401C3F10F0411334B
:10DAA800B4F1200220FA04F001FA03F340EA03007B
:10DAB8005CBF41FA02F2104370BD00BF6754020810
:10DAC80081540208C6540208255502083F55020829
:10DAD800FFFFFE7F0023F0B501EBD1746410561CE4
:10DAE8009C4208DCCB0741BF035D521843F3030394
:10DAF80002F8013CF0BDC55645F303072D1102F8A5
:10DB0800137006F813500133EAE70000F8B5002255
:10DB18002DED028B06460C46002351EC100BB0EE9F
:10DB2800408AF0EE608AF2F791FF054628B100239B
:10DB380033602360BDEC028BF8BD2046B0EE480A86
:10DB4800F0EE680A01F0CCFE0022134B51EC100BEA
:10DB5800F2F714FD41EC100B02F0B2FD51EC100B82
:10DB680004F03EFA4FF00042824275EB010703468B
:10DB780001DA03F0E6F9A94208BF904202BF236820
:10DB880001332360226808BF4FF080431F32BCBFB7
:10DB9800002323603360CDE70000E04138B5002260
:10DBA8002DED028B05460C460C4B51EC100BB0EEDC
:10DBB800408AF0EE608AF2F771FF08B903F0C1F904
:10DBC80021462846B0EE480AF0EE680AFFF79EFFA5
:10DBD8002368002BF2DBBDEC028B38BD0000F03F60
:10DBE800F7B555EC104B07460E460022204629464D
:10DBF8000C4BF2F735FF08B903F0A3F90022002314
:10DC080020462946F2F74AFF0028F5D0384645EC69
:10DC1800104B01A9FFF77AFF019B002BECDC336066
:10DC280003B0F0BD0000F03F2DE9F84F4FF000437E
:10DC380023FA00F057EC106B59EC118B93468A4687
:10DC4800F2F732FC424604460D464B46304639460A
:10DC5800F2F794FC02460B4620462946F2F78EFC62
:10DC680009A3D3E9002304460D46F2F717FF38B19C
:10DC78009FED050B59465046BDE8F84FFFF78EBF9C
:10DC880045EC104BF6E700BF0000C0FFFFFFDF4187
:10DC98002DE9F8430124814604FA00F0013888464A
:10DCA8001546F2F701FC0646A5EB09000F46C0F140
:10DCB8002003A0F1200124FA03F304FA01F104FA85
:10DCC80000F01943F2F72CFC02460B463046394661
:10DCD800F2F754FCC8F120030F46A8F1200124FAFA
:10DCE80003F304FA01F10646194304FA08F0F2F7BF
:10DCF80017FC02460B4630463946F2F769FD41ECFF
:10DD0800100B02F059FC51EC100BF2F7E7FEBDE8DE
:10DD1800F883000010B52DED028B044601F04EFE8D
:10DD2800DFED0D7A20EE278AB0EE480A02F016FDE4
:10DD3800FDEEC07A38EE408AC4ED007AB0EEC88AAB
:10DD4800DFED067AB4EEE78ABDEC028BF1EE10FA4D
:10DD58004CBF0120002010BD3BAAB83F6F12833A88
:10DD680001207047002070477047012070477047B6
:10DD780000F580508068704700F580504068704713
:10DD880000F58052536810B5B3F5806F06DB08487C
:10DD98004FF48061FFF71CFA012010BD946800EB76
:10DDA8008300214401334460002091605360F4E70C
:10DDB8008C550208002910B500F5805302DB5C6819
:10DDC8008C4205DC05485A68FFF702FA012010BDAD
:10DDD80000EB8100436800201360F8E7A9550208AA
:10DDE800034A00F5805302600022C3E9012270470C
:10DDF800F4600208002070473E23092802DC303016
:10DE0800C0B27047232801DC5730F9E73D2801DC10
:10DE18001D30F5E7B0FBF3F203FB1200EDE7034614
:10DE280010B5012483F828402824B2FBF4F20C240E
:10DE38000020D96001EB0211196101EB82015961DF
:10DE480001EB8201996104FB021198605A605962E2
:10DE580010BD704770B5D0E902650468A468A04792
:10DE680020B9049B05EB06156B6070BD0120FCE72B
:10DE780080687047F8B50E46D0E901148C4204DB7F
:10DE88000A48FFF7A5F90120F8BDC168270101EB91
:10DE98000415CE51C5E902234FF0FF336B6001230F
:10DEA8000134846080F828300020EDE78C550208A2
:10DEB800F0B503460C4601250026954202DB002EEC
:10DEC800F7D1F0BDD3E9007C6745B8BFC3E900C707
:10DED80005F10105B8BFD4E9006703F10403BCBF2D
:10DEE800C4E9007601260434E7E70000014B03602B
:10DEF800704700BF2461020810B54C68C16801EB87
:10DF080004118868984205DCC8689042B4BF0020B4
:10DF1800012010BD0020FCE770B5054689B9016AEB
:10DF28000C200C26AC6900FB014421462846FFF76B
:10DF3800E3FF50B9A1684C1C09D0AC6906FB014449
:10DF4800F3E789684E1CEBD10024204670BD0446D7
:10DF5800FBE72DE9F04F90F82830044685B093B3DD
:10DF6800D0F808C0BCF1000F2DD0D0E904E7002399
:10DF78001A4680F82830A5680EEB82009D4207EB10
:10DF8800820123DCAA1AFFF793FF01230022C4E9C8
:10DF980007324FF0FF33A6694FF0010AB146B3606C
:10DFA8003B68D4F80C80D4F824B008EB0311496816
:10DFB8007360013108BF4BF823205BF823303360CE
:10DFC800A368534520DC05B0BDE8F08FE66818016A
:10DFD80006EB031569683058B1F1FF3FD4F8248087
:10DFE8001EBF4EF8220047F8223069684FEA8306C0
:10DFF80005BF0CF1FF3C4EF82C00013247F82C30DD
:10E0080048F806100133B6E757F82A3000931A018A
:10E0180008EB03135D68691C1FD10020054658F8FA
:10E0280002200192D3E90223029301460390029B46
:10E038002046FFF771FF039949B14B6809684FEA19
:10E04800031C58F80CC08C446545B8BF654620B120
:10E058000168019B491B8B42E7DC009B4BF823506E
:10E068000C23E1694B43F550F218009B53604B1C9D
:10E07800E361D9F80030AB4206DD236A9360216280
:10E0880091460AF1010A9BE74846D0F808C0BCF15E
:10E09800FF3F06D18160C2F808C04A46F0E77046E3
:10E0A800F3E70C2303FB0CF306EB030EF358AB4228
:10E0B800F5DDC2F808C08160EFE770B50446FFF7E8
:10E0C80048FFA06830B10C250020A169236A05FB30
:10E0D800031303B970BD5A68E6681201B2581E6886
:10E0E8009B683244904238BF10465A1CF2D005FB58
:10E0F8000313EEE72DE9F04F9DB004460025FFF726
:10E1080028FFA168A9420ADC0023502799469942B2
:10E1180022DC0026B14531DA1DB0BDE8F08FE66893
:10E128004FEA051906EB0513D3E90278474511D0E4
:10E138002846FFF761FE0146CDE90178636A2A4661
:10E1480053F825303748009356F80930FFF740F860
:10E158000135D6E72A21EFE7E068626A1E0100EB85
:10E16800031552F823208059013302449742B8BF5F
:10E178001746EA689145B8BF9146C8E70025AA4600
:10E188000DF11C0850222E21404603F037F8A368F1
:10E198000493049BAB4210DC00238DF86C300AF228
:10E1A800FF33002BB8BF0AF2FE73314642461E48C1
:10E1B8009B12FFF70DF80136ACE7E268280102EB85
:10E1C800051BDBF80830B34219DCDBF80C30B3422E
:10E1D80015DB636A53F825104B1C10D013585022D6
:10E1E8009A440B445343514393FBF7F391FBF7F1E4
:10E1F80005934144059AA1EB08039A4201DC0135D5
:10E20800C7E70B782E2B09D1DBE902239A4207D006
:10E218002846FFF7F1FD01F8010BEBE72120FAE7AB
:10E228002A20F8E7D25502080D56020870B50C46A8
:10E2380005461646FFF78DFE002C02DBAB68A342AD
:10E2480006DC06482146AA68FEF7C2FF012070BD19
:10E258006B6A002053F824303360F8E7A9550208A8
:10E268007047036810B4DC690022A44601235DF8F6
:10E27800044B6047C3695940036AC161013B0362AB
:10E28800704780687047026983688069824234BF3A
:10E29800C01AD01A7047C2684069101A7047A0F1B6
:10E2A8000400FFF7F8BF2DE9F04104460F468068E7
:10E2B80011461646FEF7DEFF236805460146D3F8E9
:10E2C8001C803A4633462046C04700280CBF2846E3
:10E2D8000020BDE8F0812DE9F04104460E46806833
:10E2E80011461546FEF7C6FF23680146DF69324628
:10E2F8002B462046BC46BDE8F0416047F8B50446C9
:10E308000F468068194615461E46FEF7B3FF226978
:10E31800A3699A4201D1B84204D00C48FEF758FFCD
:10E328000120F8BD3146A068FEF7A4FF6269121A01
:10E33800AA4205D229460648AB1AFEF749FFEFE77D
:10E3480028442061A0610020EBE700BF1B560208AB
:10E358008956020838B504460D4680691146FEF70D
:10E3680089FF6269121AAA4206D208482946AB1ADE
:10E37800FEF72EFF002038BDE36905444340E36102
:10E38800236AA56101332362F5E700BFCB56020873
:10E3980008B5D0E9072151EA020307D0B2FA82F2A0
:10E3A80003485209FEF714FF002008BD0120FCE7CE
:10E3B80014570208036810B51B690446984720B92A
:10E3C8000448FEF705FF012010BD23690020A36162
:10E3D800FAE700BF5657020838B50D4604464069AB
:10E3E8001146401BFEF74CFF2369834207D91B1ACD
:10E3F80029460448EA1AFEF7EBFE002038BD6061A2
:10E40800FCE700BF9B570208A0F10400FFF7E4BF38
:10E4180070B5044680690E46FEF72CFF3146054666
:10E428006069FEF72DFF401B70BD04387047043843
:10E438007047000010B5C0E90321C0E9052100229A
:10E44800034CC0E9072204604434C0E9014110BD0F
:10E458005461020808B503460A44FFF7EBFF184663
:10E4680008BD000000B50A468BB0014608B902F0A5
:10E4780068FD01A8FFF7EEFF042224210DEB02003E
:10E48800FFF7AAFF0A4A026044324260039A826098
:10E49800049AC260059A0261069A4261079A8261EB
:10E4A800089AC261099A02620BB05DF804FB00BFCA
:10E4B800546102080EB403B503AA52F8041B03689A
:10E4C80001929B68984702B05DF804EB03B070476F
:10E4D800C069704770472DE9F047D0E905980446B0
:10E4E8000026236A1B689E4204D30020C4E90598CD
:10E4F800BDE8F0873146A0686661FEF791FE002509
:10E5080007464FEAC60AAF42A56101D80136E8E7D7
:10E51800236953F80A3003EB4515EB69D5E9041074
:10E528005A691B68202A0ABF01460022AA6913B14A
:10E5380060689847E860A5690135E4E72DE9F84384
:10E54800D0E9057604460025236A1B689D4204D35A
:10E558000020C4E90576BDE8F8832946A06865610E
:10E56800FEF75EFE002380464FEAC5099845A36181
:10E5780001D80135E8E7226952F8092002EB431374
:10E58800DA6922B1126912B1D96860689047A36943
:10E598000133EBE72DE9F843D0E905760446002579
:10E5A800236A1B689D4204D30020C4E90576BDE8B0
:10E5B800F8832946A0686561FEF732FE002380468D
:10E5C8004FEAC5099845A36101D80135E8E72269F2
:10E5D80052F8092002EB4313DA6922B1526812B1EA
:10E5E800D96860689047A3690133EBE74369202B3A
:10E5F80001D180697047D12B9ABF024A52F8230093
:10E6080001487047A05D02082F5302082DE9F84F12
:10E61800D0E9058704460025236A1B689D4203D379
:10E628000020C4E9058725E02946A0686561FEF752
:10E63800F7FD002306464FEAC5099E42A36101D8AB
:10E648000135E9E7226952F8091001EB4311D1F8C5
:10E658001CB0DBF808307BB160689847824658B137
:10E668005846FFF7C3FF53460146A2690648FEF71E
:10E67800AFFD0120BDE8F88FA169E068FDF78AFBCE
:10E68800A3690133D9E700BFE457020808B58068D9
:10E69800FDF723FA006808BD10B50446406818B1B4
:10E6A80003682168DB689847204610BD036A2DE996
:10E6B800F74FD0E905981A68044691420E46416121
:10E6C80007D32648FEF784FD0125284603B0BDE898
:10E6D800F08F8068FEF7A4FD002307469A46F600EF
:10E6E8009F42A36103D80025C4E90598EDE7226994
:10E6F800955905EB4315D5F81CB05846FFF776FF3A
:10E7080063680146586BCDE900A018B103689B689F
:10E7180098470090DBF80C300BB902F012FC294640
:10E72800606898470546E06803685B69984775B173
:10E738000F2D08D05846FFF759FF2B460146A2690E
:10E748000748FEF745FD6846FFF7A6FFBDE76846A0
:10E75800FFF7A2FFA3690133C2E700BF1A580208F6
:10E768004C58020810B504461046C4E902030023B9
:10E77800074AC4E90433C4E90021029AA361C4E941
:10E78800072310B1FDF7A9F92062204610BD00BF8C
:10E79800B0610208016170472DE9F04F0546002776
:10E7A8004FF00C0B85B0286A03689F4207D3E869CD
:10E7B800002869D10023184605B0BDE8F08F394616
:10E7C800FDF742FC002680464FEAC70A042140466E
:10E7D800FCF772FE00285AD058F8003008EB000207
:10E7E800D118D3589E4201D30137DCE7013651F8DE
:10E7F800263001EB86041C440E212046FCF75CFE03
:10E808000028E3D0235C002BE0D02B690BFB06F932
:10E8180053445868A9F10C0903A94844FEF7ABFD15
:10E8280003460028C7D1062101902046FCF744FE84
:10E838000146F0B12256019B092A23D10C2120461A
:10E84800FCF73AFE90B1231824581C440A212046AC
:10E85800FCF732FED8B123582218D118D3583BB947
:10E86800B0210C4B0C4A0D4802F072FB0446EDE750
:10E8780049682B69039A53445B6853F8090002F00E
:10E88800BDFCA3E71946F4E700F02AF992E703680C
:10E89800FFDE00BF8A3D0208EB3F02085F3E020828
:10E8A80070B50C46164605468068FDF716F92146F0
:10E8B800FDF7CAFB0621FDF781F83146FDF778FE22
:10E8C8000C222B6903EBC4035B6802FB003070BDAC
:10E8D80070B50C46164605468068FDF7FEF82146D9
:10E8E800FDF7B2FB0821FDF769F83146FDF760FE38
:10E8F8000C222B6903EBC4035B6802FB003070BD7C
:10E9080010B50C468068FDF7E8F82146FDF79CFB3A
:10E918000621FDF753F8006810BD10B50C46806855
:10E92800FDF7DBF82146FDF78FFB0821FDF746F8D8
:10E9380000B1006810BD80697047806870477047F3
:10E9480037B50446D0E9010255690B4601680095C0
:10E958004D681269E168A84703B030BD4068036894
:10E968009B68184783680C20D3E9043203EBC20381
:10E978005B6800FB01307047C16100207047C069C7
:10E988007047036910B5012B01D902F0DAFA406823
:10E99800BDE810400368DB69184708B50369032B15
:10E9A80001D002F0CEFA436953F8210008BD03698B
:10E9B80010B5012B01D002F0C4FA4068BDE8104040
:10E9C8000368DB681847036910B5012B01D002F012
:10E9D800B8FA4068BDE8104003681B691847134639
:10E9E800026910B5012A01D002F0ABFA8268BDE8CD
:10E9F800104052694068FDF79FB9000008B50369E7
:10EA0800012B03D9032B01D002F09BFA09B18369CA
:10EA18002BB182690348FEF7DBFB012008BD816149
:10EA28001846FBE78058020830B5C0E902320023D7
:10EA3800034DC0E90433C0E90051C0E9063330BDD5
:10EA4800F061020841617047016170472DE9F041AA
:10EA58000024146007460E469046FEF7FCFCD128B9
:10EA6800054606DD01461948FEF7B2FB0120BDE860
:10EA7800F08120280FD0336801461B68304698473C
:10EA8800C8F8000000BB002DAABF114B114953F86C
:10EA980025101148E8E73B68FB1A1A88062A0FD99F
:10EAA800DB88F91863B1FB58326804333046526882
:10EAB80019449047C8F80000B0FA80F04009D6E73A
:10EAC8000648FEF785FBD1E72046D0E7BF58020885
:10EAD800A05D02082F530208E158020808590208ED
:10EAE80070B5054600241426AB68A34201DC00205B
:10EAF80070BD2B6806FB0433DA6893F91010986828
:10EB080002F07CFB0134EFE7704708B50846114670
:10EB1800FEF754FB002008BD034B186818B90348DA
:10EB2800034A186002607047CCA90220D0A90220CD
:10EB380034620208D1ED007A91ED017A77EEA77A76
:10EB480037EE077AF6EE006A37EE876A77EEC77A0D
:10EB580026EE266A67EEA67A038810B54469013B5B
:10EB680004F1100001F1100401EBC30182ED006A09
:10EB7800C2ED017A0839103291ED034A91ED027A1B
:10EB880054ED023A54ED017A50ED025A50ED014A23
:10EB980037EE635A34EE276A37EE237A77EEC47A73
:10EBA80005EE857A44EE857A04EE867A45EEC67AD5
:10EBB80027EE267A67EEA67A013B02ED027A42ED4D
:10EBC800017A00F1080002F1080204F10804A1F139
:10EBD8000801D1D110BDD1ED007A91ED016AF6EEB0
:10EBE800006A37EE867A77EEC67A27EE267A67EEDF
:10EBF800A67A038830B544695D1E82ED007AC2EDBD
:10EC0800017A04F10800083201F1080401EBC5019A
:10EC1800013B02F1080200F1080004F10804A1F127
:10EC2800080100D130BD91ED034A91ED027A54ED0F
:10EC3800023A54ED017A50ED025A50ED014A33EE92
:10EC4800C75A34EE276A37EE237A77EEC47A05EE90
:10EC5800C57A44EE857A04EEC67A45EEC67A27EE82
:10EC6800267A67EEA67A02ED027A42ED017ACFE7BC
:10EC78002DE9F041058A04466D0805800F461646C1
:10EC88001D464BB1FFF7A7FF2A4631462046BDE88F
:10EC9800F041012300F0D9BA2A46012300F0D5FA41
:10ECA800324639462046BDE8F041FFF743BF000031
:10ECB80080B14FF4806303804FF4006303824FF404
:10ECC800E1638381054B8360054B4360054B4361DA
:10ECD800002070474FF0FF30704700BF40820208A5
:10ECE80050900208406202082DE9F0478046084625
:10ECF800B8F80070D8F8042001EB87092DED028BD5
:10ED080006464B4694467908FF0800EB810509EB57
:10ED1800810402EB0717BC4506F1100605F1100542
:10ED280004F1100403F110030FD18CB22146022321
:10ED380000F0F4FABDEC028B21464846D8F80420CE
:10ED48000223BDE8F04700F0E9BA13ED040A16ED16
:10ED5800046A53ED030A16ED034A36EE008A53EDB2
:10ED6800011A54ED046A54ED034A13ED021A55EDE5
:10ED7800032A15ED023A55ED013A54ED027A54EDA5
:10ED8800015A16ED027A15ED042A06ED048A34EECE
:10ED9800208A16ED015A06ED038A37EE018A06ED40
:10EDA800028A35EE218A35EE615A72EE261A06ED90
:10EDB800018A45ED041A72EEA41A45ED031A73EEA2
:10EDC800271A45ED021A73EEA51A45ED011A75EEDC
:10EDD800E35A34EE604ADCED013A74EEE24A77EE2B
:10EDE800C37A36EE406A9CED003A64EE232A46EE7A
:10EDF800032A26EE236A14EE036A76EEC26A03ED4E
:10EE0800036A24EE836A16EEA36A66EE836A44EE0A
:10EE1800A36A43ED042A04ED046A44ED036A0CF185
:10EE2800100C1CED026A5CED016A37EE417A65EE62
:10EE3800264A47EE064A27EE267A15EE067A43ED6D
:10EE4800024A03ED017A25EE867A17EEA67A67EE76
:10EE5800867A45EEA67A04ED027A44ED017A5AE7FD
:10EE680003882DE9F04F5B0801EBC305D1ED007A6B
:10EE780095ED007AD1ED015A37EE876A77EEC77AB9
:10EE880095ED017A01EB830675EE876A75EEC75A30
:10EE980096ED007A05EB8304D4ED004A37EE065A66
:10EEA8002DED048B35EE245A8FB04268D6ED013A29
:10EEB80094ED014A81ED005A96ED015A94ED013A1C
:10EEC80036EE855A35EE035A02925A080A920A46D5
:10EED80081ED015A33EEA75A08320692324635EED2
:10EEE800445A08320B922A4686ED005A36EE476A93
:10EEF80035EEC75A76EEE36A77EEE37A37EE257A8F
:10EF080008320C92224635EE245A36EE646A76EEC2
:10EF1800C46A77EE847A37EE647A08320D925A081A
:10EF2800023A86ED015A009185ED006AC5ED016A45
:10EF38004FEA5208C4ED007A84ED017A029A8346BA
:10EF480008320792029AA4F1040910320892029A30
:10EF5800A6F1040A183209920998009A01900898B3
:10EF680002F1100E049007982F1F09EB830306F196
:10EF7800100105F1100C04F110020390CDF8148073
:10EF88001CED023A5CED013A1EED026A5EED017A73
:10EF980051ED026A11ED014A36EE437A77EEE35AF3
:10EFA80036EE036A77EEA37A12ED025A52ED014A61
:10EFB80075EEE62A34EE072A36EE663A76EEA55A5C
:10EFC80077EEC43A37EE447A76EE866A039832EEE4
:10EFD800642A08300390049872EE852A1030049051
:10EFE800019833EE453A18300190059873EEE43AEB
:10EFF80037EE247A75EEC55A76EE856AAAF1080AC4
:10F00800083FA9F10809083B0EF1080E08310CF178
:10F01800080C0832002873D1182709980D9B07FBA4
:10F028000807089803EBC80200EB081C0C9B07981C
:10F0380003EBC80100EBC80E0B9B069803EBC80353
:10F0480000EBC808C8ED006AD3ED016A77EEA67A2E
:10F05800D2ED016A77EEA67AC8ED017ADEED017A83
:10F068009EED006A67EEA26A67EE827A46EE026A51
:10F0780056EE227AC3ED006AC3ED017ADCED017A1F
:10F088009CED006A67EEA36A67EE837A46EE036A30
:10F0980056EE237AC1ED006AC1ED017AD7ED017A07
:10F0A80097ED006A67EEA56A67EE877A46EE076A0B
:10F0B80056EE257ABDF82870C2ED006AC2ED017AD5
:10F0C8003946029A0098042300F028F93946304658
:10F0D800DBF80420042300F021F939462846DBF840
:10F0E8000420042300F01AF9042339462046DBF8EB
:10F0F80004200FB0BDEC048BBDE8F04F00F00EB952
:10F108004EED046A51ED036A77EEA67A52ED036A72
:10F1180077EEA67A4EED037AD9ED017A9AED011AC7
:10F12800DAED024A31EE275A31EE671AD9ED027A42
:10F1380093ED028A97ED026A34EEA79A76EE481AA2
:10F1480079EE460A36EE096A36EE086A93ED014A08
:10F15800D7ED018A8AED026A97ED016A74EEE74AF3
:10F1680075EE687A35EE065A93ED016A35EE065A61
:10F1780074EEE86A8AED015A039877EEC47A10EDC6
:10F18800016A76EE846A34EE684A10ED025A34EE6B
:10F19800644A66EE224A31EE810A45EE024A41EDA2
:10F1A800044A60EE054A26EE022A56EE864A66EEC4
:10F1B800856A15EE222A40EE066A01ED032AC7ED9C
:10F1C800024AC7ED016A049870EEC80A10ED036A96
:10F1D80050ED046A26EE235A06EE835A26EE033AC9
:10F1E8000CED045A27EE865A16EEA33A10EEE65AAC
:10F1F80067EEA66A50EE866A0CED033A89ED025A6C
:10F20800C9ED016A019871EEC11A50ED067A50ED08
:10F21800056A26EEA56A07EE876A26EE877A17EE54
:10F22800A57A02ED037A21EEA77A64EE277A14EE26
:10F23800267A41EEA67A059802ED046A013883ED34
:10F24800027AC3ED017A05909AE6012A2DE9F04188
:10F2580006460C461746984605883ED0B5F5807F89
:10F2680049D026D8402D31D01CD8102D1CD0202DA7
:10F2780041D0B8F1000F04D02046B268B18900F03F
:10F28800BDFA012F0CD107EE905AF7EE006AF8EE9E
:10F29800677A002386EEA77AAB4204F108042FD3DD
:10F2A800BDE8F081802DE4D121463046FFF71CFDF2
:10F2B800DFE7B5F5006F1ED005D8B5F5007F05D09E
:10F2C800B5F5806FEFE7B5F5805FD2D10123294608
:10F2D8002046726800F022F8CBE700230A1DAB42F3
:10F2E80002F10802BAD252ED027AF1EE677A0133DE
:10F2F80042ED027AF3E721463046FFF7B1FDB8E761
:10F3080054ED027A67EE877A44ED027A54ED017A79
:10F3180067EEC77A013344ED017ABDE72DE9F04F76
:10F328002DED108B9FEDB05A8DB002910B92039387
:10F338000191019B4FF0000AD908CA0008926FF0AA
:10F34800170202FB01F928224A4307920A01069292
:10F35800302200EB411C4A430CEB090707EB41162E
:10F3680006EB090505EB4114059204EB090200922E
:10F3780038224A43049204EB0902DB004FEA411B9E
:10F3880002EB411800F1040EDCED007A1EED017A63
:10F3980097ED006A77EE276A37EE677AD6ED007A3E
:10F3A800009AD4ED004A92ED003AD8ED003A76EE94
:10F3B800275A36EE676AD5ED007A37EEA44A77EE1B
:10F3C800E47A73EE234A36EEC40A75EEE40A76EE62
:10F3D800846A75EEA45A76EEA54A76EEE56A4EED95
:10F3E800014ACCED006ADCED016ADEED004A96EDDB
:10F3F800014A74EEA65A74EEE64AD7ED016A33EE76
:10F40800633A76EE842AD4ED013A76EEC46A95ED35
:10F41800014A98ED012A74EE231A34EE634AD2EDBC
:10F42800013A33EE821A73EEC23A35EEE12A75EEEE
:10F43800A15A72EEC11A72EE812A35EEA21A75EE41
:10F44800E25A8EED001ACCED015A70EE215A70EE98
:10F45800612AC5ED005A72EE605AC4ED002AC5ED66
:10F46800015A70EE825AC4ED015A76EE435A36EECE
:10F47800036A36EEE33A76EEA36A65EE855A26EE1F
:10F48800056A23EE053A66EE856A77EE653A74EE0C
:10F49800C32A37EE257A77EEC65A77EE867A34EEA7
:10F4A800836A74EE664A74EE266A37EE264A37EEA9
:10F4B800667A87ED004A88ED007A33EEA47A73EE17
:10F4C800E43A86ED007A36EE677A77EE867AC2ED10
:10F4D800003A87ED017AC8ED017A72EEE57A75EEA9
:10F4E800A25AC6ED017AC2ED015A019A9C4492448F
:10F4F800009A1F441A440092029A1E4452451D4421
:10F508001C4498449E443FF63FAF072940F271815E
:10F518000BEB00020992089A012402440892079A08
:10F5280002440792069A02440692059A02440592FA
:10F53800A0EB09020A92049A02440492002230269F
:10F54800A346039D00EBC40A2A440B9D05EBC205A4
:10F55800D5ED001A05EBC20595ED008A05EBC2054D
:10F56800D5ED004A05EBC20595ED009A05EBC205FD
:10F57800D5ED003A05EBC205D5ED000A05EBC2054D
:10F5880006FB1256D5ED002A95ED012A099D96ED48
:10F59800011A05EBC409089D06EBC20605EBC40871
:10F5A800079DD6ED018A05EBC40E069D06EBC20643
:10F5B80005EBC40C059D96ED014A06EBC206D6ED97
:10F5C800019A05EBC40706EBC2060A9D96ED013ABF
:10F5D80006EBC20696ED010A05EBC406049D05EB91
:10F5E800C405009502E000BFF304353F99ED007AA9
:10F5F8009EED006ADAED007AD8ED006ADCED005A7B
:10F6080037EE87AA77EEC77A36EE867A76EEC66A3E
:10F6180097ED006A009D96ED00DA35EE86BA75EE34
:10F62800C6AA95ED006A7DEE065A3DEE46DA77EEFB
:10F6380065DA3AEE4B6A37EE257A3AEE0BAA7AEE9D
:10F64800075ACAED005ADAED01BA3AEE47AA99ED1F
:10F65800017ADEED015A3BEE87FA7BEEC7BA98EDE8
:10F66800017AD5ED01EA9CED01BAD6ED01CA37EE73
:10F6780025EA37EE657AD7ED015A3BEE25CA3BEE0F
:10F6880065BA7CEEAE5A7CEEEECA7FEE4CEA3FEEEF
:10F698000CCA3EEE65FA3EEE25EA76EE0F5A36EED5
:10F6A8004F6A3CEE0EFA3CEE4ECA3EEEEDEA7DEEB7
:10F6B800AEDA69EE8CEA49EE0AEA29EE8AAA19EE70
:10F6C8000CAA8AED01FA89ED01AA28EE8EAA08EEA5
:10F6D80025AA68EEA55A58EE0E5AC9ED00EACCEDF7
:10F6E800015A60EE2D5A40EE865A20EE066A10EE58
:10F6F800AD6A8CED00AA37EE6CCA87ED016A37EE69
:10F708002C7A36EECD6A76EE8D6A26EE056A66EEBE
:10F71800856A2CEE05CA27EE057AC7ED005A37EE42
:10F72800C6AA7AEEA65A77EE867A3BEECCDA3BEE9C
:10F738008C6A7BEE47BA7AEEE6CA3BEE077A7AEE37
:10F748002BAA3AEE6BAA76EE65BA77EE876A21EEB7
:10F758002BBA01EEA6BA61EE266A77EEC77A51EEA9
:10F76800AB6A35EE867AC8ED016A62EE076A7DEE0D
:10F778006C5A42EEA76A88ED00BAC5ED006A62EEDF
:10F78800276A63EE257A3CEE8D6A52EE876A43EE6D
:10F79800AA7AC5ED016A23EE2A7ACEED007A64EEE4
:10F7A800067A13EEA57A44EE8A7A8EED017AC6EDD2
:10F7B800007A64EE0A7A54EE867AC6ED017A019DE3
:10F7C8009A44AB44009D99441D440095029D984479
:10F7D8005D459E449C441F441E443FF607AF0134D8
:10F7E800A1427FF4ACAE039B0191DB009BB2039373
:10F7F8009FE50DB0BDEC108BBDE8F08F2DE9F04111
:10F808000023884602F1020C984501D8BDE8F08132
:10F8180032F813503CF81340AD08A40850F825E01E
:10F8280050F82410AF00A60040F8251040F824E056
:10F838003D1D341D47590659023346510751E3E728
:10F8480008B52DED048BB0EE408AF0EE608A00F02A
:10F858008BFFB0EE409AF0EE609AB0EE480AF0EEF8
:10F86800680A00F0FDF878B119A3D3E9002351EC38
:10F87800180BF1F713F970B917A3D3E9002351EC6A
:10F88800180BF1F7EDF898B9B0EE490AF0EE690AED
:10F89800BDEC048B08BD9FED0A9B01F067FD222398
:10F8A800B0EE490AF0EE690A0360BDEC048B08BDAE
:10F8B80001F05CFD22239FED049B0360E4E700BF99
:10F8C800000000000000F07F0000000000000000C1
:10F8D800EF39FAFE422E864051302DD5104987C0A7
:10F8E800002170B555EC104B064625F00043016029
:10F8F800114883421DD8204618431AD00F482A467B
:10F90800284058B900220E4B20462946F0F736FE0B
:10F918000A4621F0004304466FF035016FF31E528A
:10F928001B1542F07F55A3F2FE3345F400150B4436
:10F93800336045EC104B70BDFFFFEF7F0000F07F98
:10F948000000504308B52DED028BB0EE408A01F05F
:10F95800DBF8F0EE408AB0EE480A00F097FD68B197
:10F96800DFED127AB4EEE78AF1EE10FA0BDCDFED88
:10F97800107AB4EEE78AF1EE10FA0FD4B0EE680A06
:10F98800BDEC028B08BDDFED0B8A01F0EFFC2223F2
:10F99800B0EE680A0360BDEC028B08BD01F0E6FC1E
:10F9A8002223DFED058A0360E8E700BF1772B14242
:10F9B800B5F1CFC20000807F0000000008B52DED32
:10F9C800028BB0EE408A01F091F9B4EE488AF1EE6C
:10F9D80010FA0FD6B5EEC08AF1EE10FA0ADCB5EED1
:10F9E800408AF1EE10FA08D101F0C0FC22239FED05
:10F9F800090A0360BDEC028B08BD01F0B7FC2122A7
:10FA080003460548BDEC028B1A60BDE8084000F0CB
:10FA180047BD00BF000080FF50B0020808B52DEDBB
:10FA2800028BB0EE408A00F0C1FDB4EE488AF1EED8
:10FA380010FA06D6DFED098AB4EEE88AF1EE10FA7C
:10FA480002D4BDEC028B08BD01F090FC88EEA80A38
:10FA580021230360BDEC028B08BD00BF000000003D
:10FA680082B005488DED000B019B23F0004318443C
:10FA7800C00F02B0704700BF0000108000000000F7
:10FA88002DE9F04D5BEC10AB2BF00043D84984B066
:10FA98000BF000448B4216D9D6498B4240F2D680EF
:10FAA800D5498B4240F2C880CBF3130253461A4320
:10FAB80000F0EB8152465B4650465946F0F7A8FBEA
:10FAC80041EC100BEEE0CD4A934200F2EE80CC4AB6
:10FAD800934240F251814FF000080022C94B504632
:10FAE8005946F0F74BFD04460D4650462246594606
:10FAF8002B46F0F743FD06460F46A5A3D3E900239E
:10FB0800F0F73CFDA4A3D3E90023F0F781FB3246CC
:10FB18003B46F0F733FDA2A3D3E90023F0F776FBC9
:10FB280032463B46F0F72AFD9FA3D3E90023F0F7BE
:10FB38006FFB32463B46F0F721FD9DA3D3E9002336
:10FB4800F0F764FB32463B46F0F718FD0022AE4B57
:10FB5800F0F75EFB02460B4620462946CDE9002316
:10FB6800F0F70CFD02460B460020A849F0F74EFBC3
:10FB780004460D4622462B46DDE90001F0F746FB18
:10FB880022462B4604460D4650465946F0F7F6FCE9
:10FB980002460B4600209E49F0F738FB02460B460A
:10FBA80020462946F0F714FE32463B46F0F7E6FCBD
:10FBB80002460B46B8F1000F64D0DDE90245224643
:10FBC8002B46F0F723FB52465B46F0F7D7FC22465C
:10FBD8002B46F0F71BFB32463B46F0F717FBB8F114
:10FBE800FF3F04460D4600F03F81B8F1010F00F0D9
:10FBF800158108F101034FEA0854392B00F2AA8055
:10FC0800B8F1130F00F354814FF400150026524643
:10FC18005B4645FA08F5F0F7F9FA02460B46C5F1D6
:10FC28007F57304607F540173946F0F7EFFA024696
:10FC3800631843EC102B35E05FA3D3E9002350464B
:10FC48005946F0F72BFF002840F05A81002C56D077
:10FC5800504659465AA3D3E90023F0F7D9FA0022AF
:10FC68000023F0F7FDFE002840F012815046594667
:10FC780055A3D3E90023F0F781FC02460B46002088
:10FC8800644947E050465946F0F778FC32463B460F
:10FC9800F0F7BCFA02460B4650465946F0F7B6FA5A
:10FCA80041EC100B04B0BDE8F08D5B4A934200F2C2
:10FCB800F2805046594646A3D3E90023002C00F0B1
:10FCC800C980F0F7A5FA4FF0FF3804460D4642A761
:10FCD800D7E9006732463B4620462946F0F796FAB0
:10FCE80082468B462046524629465B46F0F78EFAF6
:10FCF80032463B46F0F78AFACDE90201EDE632A337
:10FD0800D3E9002350465946F0F738FC02460B4623
:10FD180000203C49F0F77CFAF0F7E0FE8046F0F767
:10FD2800C3FB06460F462AA3D3E90023F0F726FCB7
:10FD380002460B4650465946F0F768FA04460D4607
:10FD48003046394626A3D3E90023F0F717FC0646C8
:10FD58000F46BFE752465B46F0F758FA02460B4695
:10FD680000202949F0F752FA00226118264BF0F7D3
:10FD78004DFA41EC100B95E71BA3D3E9002350463D
:10FD88005946F0F745FA02460B4681E7AFF3008083
:10FD98002DC3096EB7FD8ABE3952E686CACFD03E5A
:10FDA800B7DBAA9E19CE143F8555FE19A0015A3F0C
:10FDB800F41011111111A13FEF39FAFE422E8640BD
:10FDC80059F3F8C21F6EA501FE822B654715F73F50
:10FDD8000000E0FE422EE63F763C7935EF39EABD79
:10FDE800763C7935EF39EA3D9C7500883CE4377EEE
:10FDF80079684340412E8640FFFFEF7F422ED63F71
:10FE0800FFFF8F3C0000E03F0000F03F000008408B
:10FE1800000018400000E0BFB1A2F03F0022424BB2
:10FE280050465946F0F71CFE002858D000223F4B98
:10FE380050465946F0F7ECF902460B46204629464B
:10FE4800F0F7E4F900224FF04043F0F797FB41EC5C
:10FE5800100B27E7F0F7DAF94FF0010804460D46D2
:10FE68002BA7D7E9006735E702460B4650465946A7
:10FE7800F0F7CCF900222D4BF0F780FB00222B4B3A
:10FE8800F0F7C4F941EC100B0CE7002C3FF40AAF73
:10FE98009FED210B06E722A3D3E9002350465946DC
:10FEA800F0F76CFB02460B4600207CB3204931E793
:10FEB80040F2FF350022A5EB08052B05F0F7A8F95D
:10FEC80002460B4650465946F0F7A0F90022194B56
:10FED800F0F79EF90246631843EC102BE2E622463F
:10FEE8002B4650465946F0F791F902460B46F0F773
:10FEF8008FF900220F4BF0F78BF941EC100BD1E68C
:10FF0800002004B0BDE8F04D00F072BA074901E7DF
:10FF1800763C7935EF39EA3D000000000000F0BF7B
:10FF2800FE822B654715F73F0000D0BF0000E03F79
:10FF38000000E0BF0000F03FD14B2DE9F04F5BEC33
:10FF480010AB9B4585B05C4613DC2BF00045CD4BD0
:10FF58009D426BD90022CC4B50465946F0F776FDAE
:10FF6800002800F0A580012005B0BDE8F04F00F0A2
:10FF780047BAC64B9B4500F39080C54B9B455DDD5A
:10FF88002515C44BC4F313045646A5F2FF359C420D
:10FF98009FEDA57B8DED027B74DC44F07F573046E6
:10FFA80047F4401739460022BB4BF0F72FF90646B5
:10FFB8000F460022B94B82468B46F0F7DFFA3246ED
:10FFC8003B46F0F7DBFA80468946CDE90089002CEC
:10FFD80040F0A8800022002330463946F0F736FD6D
:10FFE800002800F00281002D00F090812846F0F7EB
:08FFF8005BFA06460F468EA3DA
:020000040801F1
:10000000D3E90023F0F7BEFADDE90223F0F704F9A3
:1000100004460D463046394689A3D3E90023F0F75C
:10002000B1FA02460B4620462946F0F7F5F841ECB6
:10003000100B3EE0A3F1E8739D4244D99A4B1C4457
:100040009C4266D80022964B50465946F0F7E4F899
:1000500006460D150F460C46A5F2FF35002D40F360
:100060007C8152465B46F0F7D5F802460B460020ED
:100070008B49F0F7CFF83B463246F0F7ADFBC4F3BF
:100080001304864B9C42CDE902018ADD44F07F5780
:10009000C4F580140135304647F40017A4103946E2
:1000A00085E752465B4650462146F0F7B5F841ECED
:1000B000100B05B0BDE8F08F4BEC10AB05B0BDE800
:1000C000F04F00F0BDB90022784B50465946F0F78A
:1000D000A3F800220023F0F7E5FC28B1744B9D4201
:1000E00002D84BEC10ABE4E752465B46504659460B
:1000F000F0F748FA00226B4BF0F744FA02460B4641
:1001000050465946F0F786F841EC100B05B0BDE8B3
:10011000F08F0022634B504659460025F0F732FA23
:1001200052465B46F0F72EFACDE9000100224FF06F
:10013000804350465946F0F76FF802460B4650464A
:100140005946F0F749FB02460B4680468946F0F7D0
:1001500019FA06460F463CA3D3E90023F0F712FA3A
:100160003BA3D3E90023F0F757F832463B46F0F7BC
:1001700009FA39A3D3E90023F0F74EF832463B469B
:10018000F0F700FA36A3D3E90023F0F745F832463A
:100190003B46F0F7F7F934A3D3E90023F0F73CF836
:1001A00032463B46F0F7EEF931A3D3E90023F0F7EE
:1001B00033F832463B46F0F7E5F92FA3D3E90023A5
:1001C000F0F72AF832463B46F0F7DCF9DDE9002388
:1001D000F0F722F842464B46F0F7D4F906460F46B0
:1001E000002D67D102460B46DDE90001F0F712F859
:1001F00084E723A3D3E9002330463946F0F7C2F958
:1002000002460B4600202649F0F704F842464B46CA
:10021000F0F7B8F980468946002D7ED102460B469C
:1002200030463946EFF7F6FF41EC100B41E700BFCF
:100230000000000000000000763C7935EF39EA3D0F
:100240000000E0FE422EE63F44523EDF12F1C23F84
:100250009FC678D0099AC33FDE03CB966446C73F5A
:10026000AF788E1DC571CC3F599322942449D23F5B
:1002700004FA97999999D93F935555555555E53FA6
:10028000555555555555E53F7982DA3FFFFFEF3F0C
:100290000000F0BFFFFFEF7FFFFF3F439DA0060080
:1002A0000000F03F0000E03F3C412D400000504383
:1002B000FFFF8F3C2846F0F7FBF8804689462FA3C6
:1002C000D3E90023F0F75EF904460D46404649465F
:1002D0002CA3D3E90023F0F755F9DDE90223EFF76A
:1002E0009BFF32463B46EFF797FF02460B46DDE9A0
:1002F0000001EFF78FFF52465B46EFF78BFF024698
:100300000B4620462946EFF785FF41EC100B05B060
:10031000BDE8F08F9FED160BCBE62846F0F7C8F846
:1003200082468B4615A3D3E90023F0F72BF9044648
:100330000D465046594613A3D3E90023F0F722F99E
:10034000DDE90223EFF768FF02460B4640464946C7
:10035000EFF760FF32463B46CFE70022064BEFF750
:1003600059FF02460B4650465946EFF753FF82E6C7
:1003700000000000000000000000F03F0000E0FE70
:10038000422EE63F763C7935EF39EA3D10B52DED4A
:10039000028BB0EE408AF0EE608A044600F0EAFF7D
:1003A0000460B0EE480AF0EE680ABDEC028B10BDA6
:1003B00000B553EC102B83B090B1104603F100410F
:1003C000CDE9000110461946DDE90023F0F7DAF81F
:1003D00041EC100B222003B05DF804EBFFF7D6BF11
:1003E00010461946ECE700BF9FED010BFFF7E0BF99
:1003F00000000000000000109FED010BFFF7D8BFC8
:10040000000000000000007000B5002283B080B141
:10041000094BCDE90023DDE9000100220023F0F7BC
:10042000DBF941EC100B222003B05DF804EBFFF781
:10043000ADBF024BEDE700BF0000F0BF0000F03F92
:1004400038B555EC104B2DED028B22462B4620463D
:100450002946EFF7DFFE02460B46F0F7BDF92246CC
:100460002B4641EC180B20462946F0F725FB50B9E6
:10047000B0EE480AF0EE680A2120BDEC028BBDE820
:100480003840FFF783BFB0EE480AF0EE680ABDECD3
:10049000028B38BD10EE103A23F00040B0F1FF4F50
:1004A0002CBF0020012070479FED010A704700BF5C
:1004B0000000C07F10B485B08DED010A019BC3F32D
:1004C000C752A2F17F011E2931DC16294FEAD374ED
:1004D00025DC1D4BDDED017A03EB840393ED007AFF
:1004E00077EE277ACDED037ADDED037A77EEC77AE2
:1004F00017EE903A33F000400DD0C3F3C7507F3869
:100500001FD4C3F31603C0F1170043F4000323FA0A
:1005100000F004B1404205B05DF8044B7047C3F3EE
:100520001603963A43F4000303FA02F0F1E7DDED17
:10053000017AFDEEE77A17EE900A05B05DF8044BFC
:1005400070470020E5E700BF54B0020810EE101A13
:10055000C1F3C7520029A2F17F0CACBF01204FF0BC
:10056000FF30BCF11E0F0FDCBCF1000F1CDBC1F330
:100570001603BCF1160F43F400030ADD963A03FAA2
:1005800002F202FB00F07047FDEEC07A17EE900A0F
:1005900070474FF48002CCF1170142FA0CF21A4472
:1005A000CA4002FB00F07047BCF1FF3F18BF0020BB
:1005B000704700BFB1EEC00A704700BF00000000E6
:1005C00051EC100BC1F30A532DE9F041A3F2FF35B2
:1005D0000C460646132D22DC002D41DB384B0F461E
:1005E00043FA05F801EA080303431DD032A3D3E917
:1005F0000023EFF711FE00220023F0F753FA40B179
:10060000002C03DA4FF480132B411F4427EA08041F
:1006100000262346324643EC102BBDE8F081332DF3
:1006200006DDB5F5806F2BD041EC100BBDE8F081F5
:10063000A3F213434FF0FF37DF403842F4D01EA33C
:10064000D3E90023EFF7E8FD00220023F0F72AFAB0
:100650000028DED0002C334620DB23EA0706D8E74B
:1006600015A3D3E90023EFF7D7FD00220023F0F70D
:1006700019FA0028CDD0002C09DB00263446C8E743
:1006800002460B46EFF7C8FD41EC100BCEE724F015
:10069000004426430DD14FF00044BAE7142D06D094
:1006A000C5F134050122AA4013449E42D5D9013434
:1006B000D3E70026034CACE79C7500883CE4377E0A
:1006C000FFFF0F000000F0BF53EC102BC3F30A50E4
:1006D0009C46A0F2FF31132910B5964613DC002981
:1006E0002BDB1F4C0C4104EA0300104310D04FF4E5
:1006F000002300200B41634423EA040C63460246B6
:1007000043EC102B10BD332905DDB1F5806F1AD0F5
:1007100043EC102B10BDA0F213404FF0FF34C44047
:100720001442F5D0C1F1330101208840801828BF60
:1007300003F1010C20EA0400E0E7013103F0004C72
:1007400008D00020DAE710461946EFF765FD41ECC6
:10075000100B10BD4CF07F5C00204CF4401CCDE72A
:10076000FFFF0F00B8FE400A704700BF0000000006
:100770002DE9F04755EC104B25F00042D84986B0E2
:10078000EE0F8A420DD9D7498A4271D9C5F31303B6
:100790002246234340F05381002E66D09FEDB80BD4
:1007A00063E0D14B9A4200F21881D04B9A4240F25A
:1007B0002F8122462B4620462946EFF7E3FE0646C8
:1007C0000F46B1A3D3E90023EFF7DCFEB0A3D3E9D2
:1007D0000023EFF71FFD32463B46EFF7D3FEAEA3F3
:1007E000D3E90023EFF718FD32463B46EFF7CAFE88
:1007F000ABA3D3E90023EFF70DFD32463B46EFF7FD
:10080000C1FEA9A3D3E90023EFF706FD32463B461C
:10081000EFF7B8FE02460B4620462946EFF7FAFCF2
:10082000CDE90201DDE902892046294642464B46D0
:10083000EFF7A8FE06460F4600224FF080434046E1
:100840004946EFF7E7FC02460B4630463946EFF7DC
:10085000C3FF22462B46EFF7DDFC02460B46002085
:10086000A349EFF7D7FC41EC100B06B0BDE8F087C9
:100870008FA3D3E9002320462946F0F713F9074652
:10088000002840F0E680204629468BA3D3E90023C8
:10089000F0F7EAF8002840F03581964B20462946CB
:1008A00003EBC60686A3D3E90023EFF76BFED6E978
:1008B0000023EFF7B1FCF0F715F98246EFF7F8FDEA
:1008C00006460F4680A3D3E90023EFF75BFE0246FE
:1008D0000B4620462946EFF79DFC80468946304668
:1008E00039467BA3D3E90023EFF74CFECDE90001A5
:1008F000DDE9002340464946EFF78CFC02460B46F3
:1009000004460D46EFF73EFE06460F465EA3D3E9CA
:100910000023EFF737FE5EA3D3E90023EFF77AFC5D
:1009200032463B46EFF72EFE5BA3D3E90023EFF7F9
:1009300073FC32463B46EFF725FE59A3D3E900236B
:10094000EFF768FC32463B46EFF71CFE56A3D3E9AF
:100950000023EFF761FC32463B46EFF713FE0246F9
:100960000B4620462946EFF755FC06460F46204623
:10097000294632463B46CDE90267EFF703FECDE953
:100980000401BAF1000F3FF44DAF32463B46002060
:100990004FF08041EFF73EFC02460B46DDE90401D3
:1009A000EFF71AFF02460B46DDE90001EFF732FCD4
:1009B00042464B46EFF72EFC02460B4600204C49C0
:1009C000EFF728FC6FF47F72924548DB01EB0A5188
:1009D00041EC100B06B0BDE8F087474B9A423FF65A
:1009E0005CAF464B20462946F40003EBC60386F075
:1009F000010AD3E90023EFF70DFC414B80468946FD
:100A00002344AAEB060A93ED007B8DED007B6FE794
:100A100031A3D3E9002320462946EFF7FDFB00224E
:100A2000334BF0F73FF800283FF4C3AE0022304BC1
:100A300020462946EFF7F0FB41EC100B15E72B465B
:100A400020462946EFF7E8FB41EC100B06B0BDE865
:100A5000F087002006B0BDE8F047FFF7CDBC0AF5EF
:100A60007A7A00224FF0B87301EB0A51EFF78AFD52
:100A700041EC100B06B0BDE8F08700BFAFF300807B
:100A80000000000000000000D0A4BE726937663E7E
:100A9000F16BD2C541BDBB3E2CDE25AF6A56113F7E
:100AA00093BDBE166CC1663F3E5555555555C53F65
:100AB000EF39FAFE422E864051302DD5104987C0BD
:100AC000FE822B654715F73F0000E0FE422EE63F11
:100AD000763C7935EF39EA3D9C7500883CE4377EF9
:100AE000412E8640FFFFEF7F422ED63FFFFFEF3DB6
:100AF0000000F03F80B00208B1A2F03F70B00208E1
:100B000060B00208384606B0BDE8F047FFF76CBC9D
:100B100010EE103A23F00042B2F1FF4F58D84FEADE
:100B2000D37100F093806148834200F3898019B14A
:100B30005F4B9A4200F287805E4B9A424BD95E4BE4
:100B40009A4200F295805D4881F001035C4A00EB17
:100B500081005B1A02EB8102D0ED004AD2ED007AEF
:100B600070EE644A34EEE70A9FED564A9FED565AFE
:100B7000DFED565A20EE007ADFED556A9FED556A9B
:100B8000A7EE045AE5EE075AE5EE876AA6EE876AF5
:100B9000F0EE406AE6EE476A20EE266A002B42D06D
:100BA000B0EE007A13F17D0FB7EE000A37EE667AE9
:100BB000C6EE076A77EEE67A77EEE47A30EE670AF9
:100BC0004ADB10EE102A02EBC35300EE103A7047D6
:100BD00030EE000A7047B2F1505F0AD2DFED3E7A84
:100BE000B7EE007A70EE277AF4EEC77AF1EE10FADB
:100BF00058DC60EE007A9FED335ADFED335A9FEDFB
:100C0000336AE7EE855ADFED326A9FED327AA7EE5E
:100C1000A56AE7EE866AA7EEA67AF0EE406AE7EEEE
:100C2000C76A20EE266AF0EE007AB7EE007A76EE1A
:100C3000E76AC6EE267A77EEC07A37EE670A704723
:100C4000002000F077B9002000F06EB9DFED237AC4
:100C5000002900FE270A704710EE102A6433DFEDEA
:100C6000207A02EBC35300EE103A20EE270A7047B9
:100C70001C4BF0EE404A9FED1C6A03EB8103DFED55
:100C80001B6A9FED1B7AD3ED007AE0EE067AFDEE4B
:100C9000E77A17EE903AF8EEE77AE7EEE64A67EE83
:100CA000877A5FE730EE070A704700BF1772B142DC
:100CB000B5F1CF421872B13E9115853F98B0020848
:100CC00090B002084CBB31330EEADDB555B38A381B
:100CD000610B36BBABAA2A3ECAF249710000000084
:100CE0000000800DA0B002083BAAB83F8071313FE0
:100CF000D1F7173710EE102A32F0004330D0002A17
:100D0000134634DBB2F1FF4F41DAB2F5000F00B504
:100D100034DB4FF0000EC3F316016348DB15F7EE2A
:100D2000007A084401F10F0C7F3B00F40002734489
:100D300082F07E5203EBD0535C480A430CEA000079
:100D400000EE102A30EE670A20BBB5EE400AF1EE45
:100D500010FA61D1002B40F08F809FED550A59E0C9
:100D60009FED547ADFED527A87EE270A704770EED6
:100D7000407A9FED4F7A87EE870A7047DFED4E7A13
:100D80006FF0180E60EE277A17EE903AC3E730EE58
:100D9000000A7047B0EE007A06EE103ADFED472AFF
:100DA000B8EEC63ADFED464A30EE077ADFED455A37
:100DB000DFED453A9FED455A80EE074ADFED447A74
:100DC000DFED446A4448454A0844521A0243002A67
:100DD00024EE046A26EE067AE7EE224AA7EE235AAC
:100DE000E4EE875AE5EE076AE5EE877A67EE867AE3
:100DF000E6EE877A2BDDB6EE007A20EE077A27EE54
:100E0000007A77EE877A67EE847A43BB37EE677AAB
:100E100030EE470A5DF804FBF6EE007ADFED306A4B
:100E200020EE007AE0EE667A27EE277A002BEFD0EC
:100E300007EE903A9FED2B6ADFED2B6AF8EEE77A2A
:100E4000A7EEC67A37EE400A97EEA60AE2E770EE02
:100E5000677A67EE847AE3B930EE670ADAE79FEDE6
:100E6000216ADFED216AE3EE067A37EE677A37EE24
:100E7000400A93EE260ACDE707EE903A9FED190A55
:100E80009FED197AF8EEE77A27EE800AA7EE870A37
:100E9000C0E7DFED146A9FED147AE3EE667A37EE71
:100EA000C00A93EE070AB5E720FB4A00F0FF7F0077
:100EB00000000000000000CC0000004C9788173EA6
:100EC00025333A3E2549923E4FD01C3E298E633E43
:100ED000ABAA2A3FCDCCCC3E305CCFFF88C23500D8
:100EE000ABAAAA3ED1F717378071313F10B52DED6F
:100EF000028BB0EE408A044600F03CFA0460B0EE8B
:100F0000480ABDEC028B10BD30B1F1EE407A2220D0
:100F100027EE800AFFF7EABFF0EE407A222027EEA4
:100F2000800AFFF7E3BF00BF9FED010AFFF7ECBFA8
:100F3000000000109FED010AFFF7E6BF00000070FF
:100F40000B460146184600F025B8062008B500F00B
:100F5000AFF90120EFF7DAFF1FB514461A46094B27
:100F600005461B68D8684CB1074B00910749CDE98D
:100F700001342B4600F0C2F8FFF7E7FF044B1C4694
:100F8000F3E700BF200000203F5902084C59020837
:100F90002F53020810B504460448134620B10A46F0
:100FA0000220214600F020FA10BD00BFE91301081D
:100FB000002310B504468360818119464366C281CF
:100FC00008228361C0E90033C0E904335C3000F0DB
:100FD00019F90D4B246263620C4BA3620C4BE36264
:100FE0000C4B23630C4B9C4206D003F168029442E5
:100FF00002D0D0339C4205D104F15800BDE8104026
:1010000000F0E2B910BD00BF5D1101087F110108B9
:10101000B7110108DD110108D4A90220024A0349D1
:10102000034800F07DB800BF14000020391D0108FE
:101030002400002041680C4B994210B5044601D0B1
:1010400000F07AFEA168094B994202D0204600F0D8
:1010500073FEE168064B994204D02046BDE810407B
:1010600000F06ABE10BD00BFD4A902203CAA022035
:10107000A4AA02200C4B04210C4A0D4810B51A609A
:101080000022FFF795FF0A4B012209211C4603F1BC
:101090006800FFF78DFF022204F1D0001221BDE8A5
:1010A0001040FFF785BF00BF0CAB02201D100108E8
:1010B000D4A90220014800F088B900BF16AB022075
:1010C000014800F083B900BF16AB022010B50446FA
:1010D000FFF7F0FF236A1BB1BDE81040FFF7F0BF38
:1010E000044B2362044B1B68002BF5D1FFF7C2FFB2
:1010F000F2E700BF351001080CAB02200EB403B5B7
:1011000003AB0146054853F8042B0068019300F037
:10111000E9FA02B05DF804EB03B07047200000204C
:101120002DE9F8430746884614460026D4E9019580
:10113000B9F1010905D52468002CF7D13046BDE886
:10114000F883AB89012B07D9B5F90E30013303D0F1
:1011500029463846C04706436835E9E710B50C46CE
:10116000B1F90E1000F0CEF80028ABBF636DA38973
:101170001B1823F48053ACBF6365A38110BD2DE918
:10118000F0411F468B8905460C46DB05164605D502
:1011900002230022B1F90E1000F0A2F8A389324612
:1011A000B4F90E10284623F48053A3813B46BDE8D2
:1011B000F04100F0CDB810B50C46B1F90E1000F0BA
:1011C0008FF8421CB4F90C3015BF606523F48053CE
:1011D00043F48053A38118BFA38110BDB1F90E1051
:1011E00000F06EB80139024410B5904201D10020E0
:1011F00005E0037811F8014FA34201D0181B10BD80
:101200000130F2E702440346934200D1704703F8ED
:10121000011BF9E710B56AB10139841810F8012BE8
:1012200011F8013F9A4203D1A04201D0002AF5D122
:10123000D01A10BD1046FCE70139034610B532B193
:1012400011F8014F013A03F8014B002CF7D11A4471
:101250000021934200D110BD03F8011BF9E71F29BB
:1012600038B505460C4604D9162303604FF0FF300D
:1012700038BDC26B12B152F821304BB9284600F08C
:1012800065F8224601462846BDE8384000F04CB8D3
:10129000012B0AD0591C03D1162303600120E7E774
:1012A0000021204642F8241098470020E0E7000083
:1012B000024B01461868FFF7D2BF00BF2000002094
:1012C00038B50023054D044608462B60EFF740FE75
:1012D000431C02D12B6803B1236038BD10AB022040
:1012E00038B50446064D0846114600222A601A46C3
:1012F000EFF738FE431C02D12B6803B1236038BDE1
:1013000010AB022038B50446064D084611460022AF
:101310002A601A46EFF700FE431C02D12B6803B186
:10132000236038BD10AB022038B50023064D0446BB
:10133000084611462B60EFF7E1FD431C02D12B68F4
:1013400003B1236038BD00BF10AB0220EFF7D4BD5E
:1013500038B50446064D0846114600222A601A4652
:10136000EFF7E8FD431C02D12B6803B1236038BDC1
:1013700010AB0220014B1868704700BF200000200E
:1013800070B50D4B00260D4D5B1B9C10A64209D17C
:101390000B4D01F005F80B4B00265B1B9C10A64281
:1013A00005D170BD55F8043B01369847EEE755F876
:1013B000043B01369847F2E7B8B00208B8B002081B
:1013C000B8B00208BCB002087047704770470A44C2
:1013D000431E914200D1704710B511F8014B914264
:1013E00003F8014FF9D110BD2DE9F047274E07460C
:1013F0009246884630689946FFF7E7FF244A156809
:101400003DB9244B1360244A12B11268C3F88820F6
:10141000204D6C681F2C06DD3068FFF7D7FF4FF0BA
:10142000FF30BDE8F0873FB3D5F8880068B91B4BA3
:10143000002BF1D04FF48470AFF300800028EBD084
:101440000023C0E94033C5F888006C680122022FF0
:1014500040F824A002FA04F2D0F8003100EB840135
:1014600043EA0203C0F80031C1F8809002BFD0F80F
:1014700004311343C0F80431631C023430686B60DC
:1014800045F82480FFF7A2FF0020CAE77000002083
:10149000A4AB022018AB0220A8B002080000000094
:1014A00038B50546002941D051F8043C0C1F002BEB
:1014B000B8BFE41800F0E0F81D4A136833B9636060
:1014C00014602846BDE8384000F0DCB8A34208D9D3
:1014D000206821188B4201BF19685B6809182160D8
:1014E000EDE71A465B680BB1A342FAD911685018B0
:1014F000A0420BD120680144501811608342E0D112
:1015000018685B68084453601060DAE702D90C235E
:101510002B60D6E7206821188B4202BF19685B68F0
:101520000918636008BF21605460CAE738BD00BF76
:10153000ACAB022070B50F4E0C460546316811B9B0
:1015400000F0B4FC30602146284600F0AFFC431C9C
:1015500003D14FF0FF34204670BDC41C24F00304B7
:10156000A042F8D0211A284600F0A0FC0130F2D1A8
:10157000EFE700BFA8AB02202DE9F843CD1C0646DB
:1015800025F0030508350C2D38BF0C25002D01DB97
:10159000A94204D90C2333600020BDE8F883DFF8AA
:1015A000D48000F069F8D8F800301C4644BB2946C6
:1015B0003046FFF7BFFF431C044658D1D8F800401F
:1015C0002746002F43D1002C4BD0236839463046A4
:1015D00004EB030900F06AFC814542D121683046E2
:1015E0006D1A2946FFF7A6FF01303AD023682B4435
:1015F0002360D8F800305A6862BBC8F800700FE06A
:101600002268521B20D40B2A17D96119A3422560E6
:1016100018BF5960636808BFC8F8001062514B607A
:10162000304600F02FF804F10B00231D20F00700D6
:10163000C21A1CBF1B1AA350AFE76268A3420CBFBB
:10164000C8F800205A60EBE723466468AEE73C46E2
:101650007F68B6E71A465B68A342FBD1002353605C
:10166000DEE70C233046336000F00CF894E70560A9
:10167000D6E700BFACAB02200148FFF7A6BE00BF13
:1016800014AB02200148FFF7A1BE00BF14AB02203B
:101690009368013B002B10B4936008DA9469A3426D
:1016A00001DB0A2903D15DF8044B00F06DBB136820
:1016B000581C1060084619705DF8044B7047F8B567
:1016C00006460F461446D518AC4201D1002007E06B
:1016D0003A4614F8011B3046FFF7DAFF431CF3D1FA
:1016E000F8BD00002DE9F04F0D469DB01446984618
:1016F000064618B1036A0BB9FFF7E8FC6B6ED90711
:1017000005D4AB899A0502D4A86DFFF75EFEAB89BC
:101710001B0701D52B699BB92946304600F072FBA7
:1017200070B16B6EDC0704D54FF0FF301DB0BDE823
:10173000F08FAB899805F7D4A86DFFF747FEF3E764
:101740000023CDF80C804FF00109DFF8B481099334
:1017500020238DF8293030238DF82A3023469A46ED
:1017600013F8012B0AB1252AF9D1BAEB040B0BD0DF
:101770005B46224629463046FFF7A1FF013000F0C4
:10178000A780099A5A4409929AF80030002B00F079
:101790009F8000234FF0FF320AF1010A0493079360
:1017A0008DF853301A93CDE9052354460522544849
:1017B00014F8011B00F08AFB049AD8B9D10644BF83
:1017C00020238DF85330130744BF2B238DF853305B
:1017D0009AF800302A2B15D0079A544600204FF073
:1017E0000A0C214611F8013B303B092B4BD9B0B113
:1017F000079214E0A0EB0803A24609FA03F313438F
:101800000493D2E7039B191D1B68002B0391BBBFF8
:101810005B4242F0020207930793B8BF0492237819
:101820002E2B0AD163782A2B32D1039B02341A1D46
:101830001B6843EAE37303920593DFF8D4A0032205
:101840002178504600F042FB38B1A0EB0A0040225C
:10185000049B013482401343049314F8011B0622B5
:1018600028488DF8281000F031FB00283FD0264B87
:101870001BBB039B073323F0070308330393099B28
:101880003B4409936AE70CFB02320C460120A8E7AF
:10189000002301344FF00A0C19460593204610F836
:1018A000012B303A092A03D9002BC6D00591C4E791
:1018B0000CFB012104460123F0E703AB2A4604A9EF
:1018C00030460093114BAFF300800746781CD6D109
:1018D0006B6ED90705D4AB899A0502D4A86DFFF7C2
:1018E00075FDAB895B063FF51FAF09981EE703AB9B
:1018F0002A4604A930460093044B00F07DF8E4E743
:101900007B5902088559020800000000BF16010833
:10191000815902082DE9F047164698468A6807461D
:101920000B690C46DDF820909342B8BF1346336034
:1019300091F843200AB1013333602368990642BF0E
:10194000336802333360256815F0060506D104F1CB
:10195000190AE36832689B1AAB422BDC94F84330D7
:101960002268003B18BF0123920630D404F14302E1
:1019700041463846C847013023D023681A3454F80A
:101980000A2C03F00603042B0ABF54F80E5C002552
:1019900033684FF0000608BFED1A54F8123C08BF38
:1019A00025EAE5759342C4BF9B1AED18B5421AD1DA
:1019B000002008E00123524641463846C84701301E
:1019C00003D14FF0FF30BDE8F0870135C1E7E118E2
:1019D0005A1C30200233224481F8430094F8451009
:1019E00082F84310C2E70123224641463846C847E1
:1019F0000130E6D00136D9E72DE9FF470F7E914649
:101A000080460C46782F9A460C9E01F1430207D877
:101A1000622F0AD8002F00F0D280582F00F0B78034
:101A200004F1420684F842703AE0A7F16303152BF3
:101A3000F6D801A151F823F0911A0108A51A01085E
:101A4000211A0108211A0108211A0108211A010886
:101A5000A51A0108211A0108211A0108211A0108F2
:101A6000211A0108A51B0108CF1A01085B1B0108F8
:101A7000211A0108211A0108C71B0108211A0108AF
:101A8000CF1A0108211A0108211A0108631B010855
:101A900033681A1D1B68326004F1420684F8423034
:101AA00001239DE033682068191D3160060601D5C9
:101AB0001D6803E04506FBD5B3F90050002D03DA9D
:101AC0002D236D4284F8433059480A2310E02168E1
:101AD0003368080653F8045B02D4490648BFADB228
:101AE0006F2F5348336059D10823002184F84310E5
:101AF0006668002EA66005DB21682E4321F00401F4
:101B000021604DD01646B5FBF3F103FB1157C75DBD
:101B100006F8017D2F460D46BB42F4D9082B0BD1A8
:101B20002368DF0708D5236961689942DEBF302347
:101B300006F8013C06F1FF36921B22614B4603AAD0
:101B400021464046CDF800A0FFF7E4FE01304CD11D
:101B50004FF0FF3004B0BDE8F087236843F0200366
:101B6000236078273348236884F845701F0631685E
:101B700051F8045B02D45F0648BFADB23160D907AB
:101B800044BF43F0200323601DB11023ADE7284874
:101B9000E9E7236823F020032360F6E70A23A4E79C
:101BA0001646BBE733682568181D616930602E064C
:101BB0001B6801D5196002E06806FBD51980002377
:101BC00016462361BAE7336800211A1D32601E6889
:101BD0006268304600F07AF908B1801B6060636883
:101BE0002361002384F84330A8E72369324649463D
:101BF0004046D0470130ABD023689B0713D4E06840
:101C0000039B9842B8BF1846A4E7012332464946D1
:101C10004046D04701309BD00135E36803995B1AF9
:101C2000AB42F2DCEBE7002504F11906F5E700BF53
:101C30008C5902089D590208B1F90C202DE9F04198
:101C4000160705460C4651D44B68002B02DC0B6C82
:101C5000002B49DDE66A002E46D0002312F48052A4
:101C60002F682B6031D0626DA389590705D5636851
:101C7000D21A636B0BB1236CD21A0023E66A216A75
:101C80002846B047421CB4F90C3006D129681D29FA
:101C900045D8284ACA40D60741D50022D9046260F7
:101CA0002269226004D5421C01D12B6803B960650A
:101CB000616B2F60C1B104F14403994202D0284600
:101CC000FFF7EEFB002363630EE00123216A284641
:101CD000B0470246501CC7D12B68002BC4D01D2B27
:101CE00001D0162B19D12F6000201DE00F69002FA5
:101CF000FAD093070E680F600CBF4B690023A6EB68
:101D000007088B60B8F1000FEEDD43463A46216AC2
:101D10002846A66AB047002808DCB4F90C3043F026
:101D200040034FF0FF30A381BDE8F0810744A8EBEA
:101D30000008E7E70100402038B50B6905460C466E
:101D400013B90025284638BD18B1036A0BB9FFF74F
:101D5000BDF9B4F90C30002BF3D0626ED00704D477
:101D6000990502D4A06DFFF730FB28462146FFF706
:101D700063FF636E0546DA07E4D4A3899B05E1D4CB
:101D8000A06DFFF723FBDDE7F8B50E4614460546C8
:101D900018B1036A0BB9FFF799F9A369A360A38986
:101DA0001A0701D5236943B92146284600F02AF8CD
:101DB00018B14FF0FF373846F8BD2368F6B22269F4
:101DC0003746981A6369834205DC21462846FFF7A7
:101DD000B3FF0028EDD1A368013BA36023685A1C20
:101DE00022601E70431C62699A4204D0A389DB07FB
:101DF000E1D50A2EDFD121462846FFF79DFF0028B6
:101E0000D9D0D6E738B5284B05460C46186818B126
:101E1000036A0BB9FFF75AF9B4F90C301A0721D449
:101E2000D80607D409222A6043F040034FF0FF3060
:101E3000A38130E0590712D5616B41B104F144032D
:101E4000994202D02846FFF72BFB00236363002250
:101E5000B4F90C30626023F024032269226043F05D
:101E60000803A38122693AB99A0501D5180603D55A
:101E70002146284600F05CF8B4F90C3013F001025A
:101E80000AD00022A26062695242A261226942B96C
:101E900013F08000C8D138BD990758BF6269A260AD
:101EA000F4E70020F7E700BF2000002038B500234A
:101EB000054D044608462B60EFF700F8431C02D19D
:101EC0002B6803B1236038BD10AB0220C9B20346B2
:101ED000024410B59342184601D1002003E0047873
:101EE00001338C42F6D110BD70B50C46B1F90E101D
:101EF00096B0154600291E460ADAA18911F0800124
:101F000013D14FF48062002031602A6016B070BD9A
:101F10006A4600F047F80028EFDB019901F47041B0
:101F2000A1F5005359425941EBE700214022EAE76D
:101F30008B8973B59E0705460C4607D504F1470308
:101F4000236023610123636102B070BD01AB6A4667
:101F5000FFF7CAFF009E28463146FFF70DFBB4F994
:101F60000C3038B99A05EFD423F0030343F0020391
:101F7000A381E3E743F080032060A381019BC4E9D0
:101F80000406002BE0D0B4F90E10284600F01CF82F
:101F90000028D9D0A38923F0030343F00103A381D0
:101FA000D2E7000038B50023064D04460846114626
:101FB0002B60EEF7D0FF431C02D12B6803B12360E6
:101FC00038BD00BF10AB022038B50023054D0446D4
:101FD00008462B60EEF7C4FF431C02D12B6803B107
:101FE000236038BD10AB022038B500220023044620
:101FF0000D46EEF739FD28B920462946BDE83840A0
:1020000000F00AB8204605F1004100F005F8404212
:1020100061EB410138BD00BFD0B500220B4B064635
:102020000F46EEF7AFFAEEF73FFE0446EEF730FA52
:102030000022074BEEF7A6FA02460B463046394619
:10204000EEF7E8F8EEF730FE2146D0BD0000F03D97
:102050000000F0412DE9F04F8C46099E04460F46E2
:10206000002B48D18A4215465ED9B2FA82F33BB1C1
:10207000C3F120029F409D409C4020FA02F217438A
:102080004FEA154E1FFA85FC220CB7FBFEF10EFB42
:10209000117701FB0CF042EA0742904207D9AA18D7
:1020A00001F1FF3702D2904200F258813946121AEC
:1020B000A4B2B2FBFEF00EFB102200FB0CFC44EAC3
:1020C0000244A4450BD92C1900F1FF322CBF012783
:1020D0000027A44502D9002F00F04381104640EAB2
:1020E0000140A4EB0C0400211EB1DC400023C6E932
:1020F0000043BDE8F08F8B4206D90EB1C6E900015E
:1021000000210846BDE8F08FB3FA83F1002951D1D0
:102110006345C0F01681824240F213810846002ECA
:10212000E7D0C6E90047E4E7002A00F0AF80B2FA42
:1021300082F3002B40F0C2808A1A4FEA154EAFB2EC
:102140000121200CB2FBFEFC0EFB1C2240EA0242E5
:1021500007FB0CF090420ED9AA180CF1FF382CBFE7
:102160004FF001094FF00009904203D9B9F1000F77
:1021700000F0F080C446121AA4B2B2FBFEF00EFBCF
:10218000102200FB07F744EA0244A7420ED92C199B
:1021900000F1FF322CBF4FF0010E4FF0000EA742AE
:1021A00003D9BEF1000F00F0D2801046E41B40EAD4
:1021B0000C4099E7C1F120058B400CFA01F400FABC
:1021C00001F922FA05F72CFA05FC8A401F4320FA90
:1021D00005F3380C23431FFA87FE1C0CBCFBF0F8F8
:1021E00000FB18CC44EA0C4408FB0EFCA4450ED9B5
:1021F0003C1908F1FF3A2CBF4FF0010B4FF0000BD8
:10220000A44503D9BBF1000F00F0B880D046A4EB81
:102210000C041FFA83FCB4FBF0F300FB134403FB34
:102220000EFE4CEA0444A6450ED93C1903F1FF30DA
:102230002CBF4FF0010C4FF0000CA64503D9BCF1A8
:10224000000F00F09F80034643EA0840A4EB0E0411
:10225000A0FB02EC64457346E04602D307D1F1458A
:1022600005D2BEEB02036CEB070C0138E0465EB111
:10227000B9EB030264EB080404FA05F522FA01F352
:10228000CC401D43C6E90054002132E742082F46E6
:102290004B08AC4642EAC172AE46C407110C92B27A
:1022A00041EA034142EA0142B1FBF5F1B3FBF5F02B
:1022B0001F23A2EB0C0241EA004142E79D40C3F11B
:1022C000200299409C402CFA02FC4FEA154E20FA5D
:1022D00002F2AFB2BCFBFEF80A430EFB18CC110CA5
:1022E00041EA0C4108FB07FC8C4550D9691808F1FC
:1022F000FF302CBF4FF001094FF000098C4502D987
:10230000B9F1000F30D0A1EB0C01B1FBFEF808FBD6
:1023100007FC0EFB181192B242EA0142624534D228
:10232000AA1808F1FF312CBF4FF001094FF0000946
:102330006245BED2B9F1000FBBD1A8F102012A4417
:10234000B7E7841A6CEB030201201746E7E62C443A
:1023500002382BE7ACF1020C2A440CE702392A447C
:10236000A5E62C440238BAE6A5EB0C0CA8F1020055
:102370006144B1FBFEF808FB07FCCAE7A8F10208BC
:102380003C4444E7023B3C445EE7414691E7A1EB15
:102390000C014046B1FBFEF808FB07FCB9E700BFA3
:1023A000F8B500BFF8BC08BC9E467047F8B500BF42
:0823B000F8BC08BC9E46704712
:1023C00040C300000000000000000000000000000A
:1023D0001C00000054464C33140020001C00180060
:1023E000140010000C00000008000400140000009D
:1023F0001C00000094000000140100001C7D00007F
:102400002C7D000050C2000003000000010000000D
:102410001000000000000A0010000C00080004007A
:102420000A0000000C0000001C0000003C0000003E
:102430000F00000073657276696E675F64656661A0
:10244000756C740001000000040000006CFFFFFFC9
:102450002700000004000000080000006F75747081
:1024600075745F30000000000100000004000000EF
:10247000A282FFFF040000000B000000696E70756F
:10248000745F6C6179657200030000005C000000FD
:102490002C00000004000000B8FFFFFF2B0000002C
:1024A0000400000013000000434F4E5645525349AC
:1024B0004F4E5F4D4554414441544100DCFFFFFF06
:1024C0002A00000004000000130000006D696E5F28
:1024D00072756E74696D655F76657273696F6E0093
:1024E00008000C000800040008000000290000009B
:1024F00004000000130000006D696E5F72756E7459
:10250000696D655F76657273696F6E002C000000FF
:10251000047C0000FC7B0000E47B0000B47B000036
:10252000A47700009475000084350000F4340000A6
:1025300064340000543200004412000034110000E2
:10254000E40E0000940E0000440E0000340D000064
:10255000240500009404000064030000340300001C
:102560000403000074020000440100003C0100006C
:10257000340100002C010000240100001C010000B7
:10258000140100000C01000004010000FC00000028
:10259000F4000000EC000000E4000000DC0000009B
:1025A000D4000000CC000000C4000000BC0000000B
:1025B000B40000009400000074000000040000005B
:1025C000F283FFFF04000000600000000C00000028
:1025D00008000E00080004000800000010000000C1
:1025E00028000000000006000800040006000000AB
:1025F0000400000001000000EB0300000C001800C4
:10260000140010000C0004000C0000009CBAFC0D2B
:10261000358D96CF0200000002000000040000008B
:1026200006000000322E31392E3000005E84FFFF9C
:102630000400000010000000000000000000000086
:1026400000000000000000007A84FFFF040000008A
:1026500010000000312E31342E3000000000000048
:1026600000000000E840FFFFEC40FFFFF040FFFFEC
:10267000F440FFFFF840FFFFFC40FFFF0041FFFF79
:102680000441FFFF0841FFFF0C41FFFF1041FFFF26
:102690001441FFFF1841FFFF1C41FFFF2041FFFFD6
:1026A0002441FFFF2841FFFF2C41FFFFDE84FFFF95
:1026B00004000000200100007FAAA064732CBAC4AB
:1026C000272FD8FC7FCAFD64B2A08581B6E2319F76
:1026D0006C43554B81BCDBCC7A5F18F597F4083618
:1026E000117FE8CBD611D84C701A8114D6D91EAC04
:1026F0007F09B347FEE27D243669C481F908D1BD64
:10270000CD817683F26B1633B2131AA50E3581FD97
:1027100011F293BFE58136CF042E0CE3C181DE9622
:10272000C020AA017F6EE948ACCDA4CF54EAC827E7
:10273000E381C9872290FD0208B209C6819E9246B4
:10274000BD84427F3AA6143F819FA2F63BF8EA156A
:10275000E19E30493163D8477F1E1D1181FCFE6523
:10276000F0FF74AB18D9E77FAE9C37408981B55D27
:10277000CADC8F389A268581A6DB5A6E60637F2B70
:1027800047AAFE8B8BE04CC0572C9D7FEE8C7108C6
:102790003E0B24CBA39F107F3C8BC1FD81D6D39DE4
:1027A000AA1422B5CBAE81FF3725640697457FB1C9
:1027B0009FF02411A55321697FDB02A2B8B35F818A
:1027C000C6B4BEB08B1A89AD7F3AF61E4015764C62
:1027D00017E1D827CD810D0F0A86FFFF0400000006
:1027E00080000000730600008B1500004BFAFFFF0D
:1027F0001F030000800B00007C0500007A09000028
:10280000EB030000A00E00009E100000A0FDFFFFE3
:102810003B0D0000AC0C0000F1F4FFFF69FDFFFF71
:10282000A00100009AF4FFFFB306000048F0FFFF8C
:102830007E05000003F6FFFF52040000B8220000EE
:10284000690800007700000067FAFFFFCAF6FFFF83
:10285000C4080000B510000083F7FFFF5BEEFFFF28
:10286000EC0300009686FFFF04000000200000003B
:10287000F40443171D0FBC411F1F747FB66D74EC29
:102880005FA1FA2F70ECE6D9F1705B39DB70D0569E
:10289000C286FFFF0400000020000000AFAB6B20E9
:1028A000FE08807542407A7AC27878B57899465B9E
:1028B000782883C4EF78795BAE78FF7FEE86FFFFE0
:1028C0000400000020010000670155011BD75BBC1C
:1028D000C5BAF94D312C28B0245BAF36377FF3539E
:1028E000245FDAC51811C60F5E39D1D3DAB3BDA0A3
:1028F000B22B137FFA7F81DBB3BDFC1C66017F1F07
:102900002C7F424015BBAEF8D5EFEFD2F6F43A7FFC
:10291000EB063D2E7FB4278C6BF77F713DFE8D1A41
:10292000E9CC8158B26EDEA4C5DA5B0EFA98108548
:102930003BD1811EB2A299F21975A36BB21110CED0
:1029400003CD87811A82F33ED3F0D512F44DF0F116
:1029500081E6C415DC77F753D3E5DE822B2353BF22
:10296000E76458AFFEDD4FFB9CE0B728457F8169E7
:1029700066601A4179997AE3F97F14AAF3CD350A92
:1029800008EFAF58DD5E811FCA43817F3A3DBE34F8
:10299000CB04F25F14CFE981D50BFECC1850A9818E
:1029A00099C8209710DD3A46818DB920D935DC4E83
:1029B00037F80F4CF12F2B9F5BDCF46E81E66393AD
:1029C00081B7D01049AB76EA7B81F6C7815DA263FF
:1029D000297F300D47EF1166813A7F7FBC55C1F3E7
:1029E000F5B891F77F7FE1811A88FFFF04000000AE
:1029F0008000000000000000000000000000000057
:102A000000000000000000000000000000000000C6
:102A100000000000000000000000000000000000B6
:102A200000000000000000000000000000000000A6
:102A30000000000000000000000000000000000096
:102A40000000000000000000000000000000000086
:102A50000000000000000000000000000000000076
:102A60000000000000000000000000000000000066
:102A700000000000A688FFFF04000000000800001E
:102A800055A2E0B5C32D1D7FA2C954617F3CE30C64
:102A90008CEB522A30B250EEE449FABC3615BEF146
:102AA000D5A982ABD17C0CCECC1834FBF0B1166129
:102AB000899A3410B42EF9BB431DFEB5C25D7F6701
:102AC000E8B33B3A34172C0420494F43ABF4DE8182
:102AD0002AC90D03F4CD1441F02460F6022B5C21C9
:102AE00005F606C9C3CB7FBCF115FEE42231CF0643
:102AF0002DBEB6FDD5D95134DCF4C8F1AD1CF1FFC3
:102B00001A204FD90C4304E8BCFA1709430CD23AF7
:102B10000CDB1CDCF3EDC3E47FD0E0D5E4EDDC1688
:102B200034F221E5EF1DD6FAEFEC24FCFAE22F2671
:102B3000FF0BDFF2E0B8F5C27FF118222DF8EA07AB
:102B4000E33418D03481E627C70C2C0A2823C2C6E8
:102B500035F9E6E811B7EF4907FFD86014E2E5FC64
:102B60008287435BC26114F1AC28F18F4195FFA8C5
:102B7000B30A8109191B7E6F00B217CE14A04D5401
:102B800081ED05250ADAD3B99C160DB7DDDE17DA1B
:102B9000FFB3CD39C8ED13B7EBC43F0C02BFC71864
:102BA000AD81DFBD243760B2792F2A19FA15AC3612
:102BB000F3E0CFFFC3F4EE00FDFF775242D620E8EA
:102BC000CC1C7FE4E622DEB421E5E25B9B24F8A482
:102BD000CC36EECF1A0EBCF2D7C03F0A1416E4E092
:102BE000465809194281D8C6EE9C3313D833DA30DF
:102BF00024431E4C28B5242BE00C0BF3F924AD160E
:102C0000F0FFD3CEBE7F108DFE443DC0F34E28139F
:102C100023F811282120ABCDDB08541A3FA91CC48E
:102C20007FFF32EBBF40E31BD2F47B4ADFD1DCE312
:102C300004FBCED94CDB1A0CD03635E560E751D217
:102C4000221F1EFF0DB30E95EAB41520C91AC7FC4A
:102C5000F70CC2D8EC4D54A6FF46FCD102C32F7F1F
:102C6000D53B01F7E2FC2232DBC96113E0100EDD37
:102C7000CBF315034103E2FABB442221F0D2EF81EA
:102C8000F41F0AD6F9F78125072731E7E707CC03B8
:102C9000E7F441E30DBCFB0702F6E44EB630BAF6AA
:102CA000211444C043B57FF7D1D3109EC7AFDA0FCC
:102CB0001B0DE727B201016CF601101B8B04BAE370
:102CC000EBF535E381E7400BFB0CE92DD8CB4CED60
:102CD000D5D524E5F53949FFF7034C2A1BF1BC2B68
:102CE0001F946402E4D7A5F25E4D0346221AE40362
:102CF0000EECF7BA130C317FA8DDDACEE1389F1263
:102D00008117C7013FE525AFC2B9C7904F25D34012
:102D1000D393B0DFC83EB149CCB9B5C50B3A1C3727
:102D200076031A94CBC85C2F4EDAEE02DA72F97F82
:102D300054021BEE313F15FF00DFA408FABF6D0AF5
:102D4000F224012B5A43DD0A59CAE2811D22E6AC66
:102D500000D2F009D8B1DB23B5AF1AC51CE156EE9D
:102D6000B681CEBBEBF42037E2A633C17206C8D4DD
:102D7000A9E308AE4DD1FC67C3640B1BE9F8D3434C
:102D8000AFED0FC769B2D37F17FB3FB76344EC5E6B
:102D90009BCCA9EDCE97F10462051BD738976AA8A2
:102DA000402A16C4E7C38D5F6AD1B03AE668E9816C
:102DB00098E15600482DCA0FF5F936AD4138DFDBF2
:102DC00007DEBFFE3A5C81D9F3DBF53DD403B910D1
:102DD000EA601CA71F2DAAC0AD36FD504D37C42F89
:102DE000F7B393DC32B4F0C5B329E273C9DEF3C79D
:102DF000189D05DA446DB77FBD3DC1A5B569D221E7
:102E000072E8D8F9EF0C3B027F58FAF6F7FBD812BC
:102E1000EF39CDAAEF32A742C8F5FE2C1D1FA4AE94
:102E2000BDF617009D5EAEA02C0C3042EED6F0DA57
:102E300049A9F841E5F6502CC8812C044A1F07E344
:102E40003EF31BFF11052ED624FF1023B7D7EF81C9
:102E500006CDCD2C0C84F9EAF6A3E6EC10C7563A61
:102E600006BA633827D5A9CAADEAE5F73A28EB1EBA
:102E7000D9E62ED51824F08A2EFBC37F0B00E50F70
:102E8000DDC0E19D52FE167FE5A417DE4130DFE58F
:102E900060C946C3200DC1D922FBE3D9E8C7AAFB0C
:102EA000FF4C0F4908C1A6BFB481BA789CF231E348
:102EB000B5E4215A47DE78B1DF2119BCCFF51230D5
:102EC00026511C8600144A18DB1AB75E1408E4DF8A
:102ED00012D37FCAFC5314E103FCEA1BAAF7ED0DE1
:102EE0001BEEEA17041CF3C7E5033321C6D9DA4405
:102EF000D38120F51EBA130DEBCCF313EAE7090ECC
:102F00004739FA53E981B1B25EBC2D68ABF6254171
:102F1000053C0956ECFFA30CE5303A1BC7F762F6F7
:102F20000ECB4052F4B4AA2E42C78106D721120715
:102F300022A0462A2DEB23BA213C0F98EE97BAF037
:102F4000DBCF2E1FA506DF0301E6B07FDB19E09A79
:102F5000470FF6EFE53C713DF7F024C814D2F9E1D4
:102F6000FD0EC4102CCDA22717310786F60E2907B7
:102F70004573FD2B3D4F29078F1881126815831C5F
:102F8000264866015622F10E051703EF19F7E16D89
:102F9000182541FBFC5781E8B8EFF5F2FF1434F037
:102FA00070DEDD81351FD15456A8D0C8FE145FF203
:102FB00009F3F9D805E5E5DEC027BC1946983AF7CC
:102FC000C09B09B5851637C41D1CEBC63C3F38CAEB
:102FD000E2B6C3EE27B8DE81061D254EF4D8279C45
:102FE000BF181B362CD21BF22B915A04F4B143F2BA
:102FF00039C008EEFEB9BCE77F5BB995F63DCD055B
:1030000046E1022B460F2118E92B27294408ECFA48
:10301000E12AD6C3C40513160C097F213944D529EA
:1030200001C74E99E47FE8A51C409EB6552AFDCE07
:10303000CAA0D029FFCBDEA1FDED493FED2AD9582A
:103040001FDFE000FBCFF7A4FFB944811E0C21A0D5
:103050002EFDE221B8E35C11EECBD84E28D32CF044
:103060003249315B430EFF42DAF8C2E413F2CF2D4E
:10307000139DDDD4464BFDABAD2A10E87FBB07FBAB
:103080002BE849090D3A32AF3019F50904AAE2706C
:103090000AE21FE7CFDFD9101EFE1D712C405E81B2
:1030A0002AA8E67FE6F81C5EB8F49A220727C9FF33
:1030B00022C7E50811134F5D023942B70AB863B958
:1030C00098E7124971B9F0ACB72BE6C14A66713C7A
:1030D000BBE1AD1DEC03AD35CD24F181EDA18B70CD
:1030E000F6062CF1BD2241D9F07F1CFEE4EED4059A
:1030F000BDD53B1902182B6BE2CCCDEDDAD1E987B7
:103100001216514CB53718B29DF0ECC7A4D5BC3699
:10311000F0812D631AE5D6E9D5200DA2C404F0F69E
:103120002943E4C95EDE4D43D199423D2DFD26D4AD
:10313000D240E8213097F7D3F4FA8150052F982038
:10314000F4B7BF0F3EF0DC3EED364F2A10D83030DA
:103150005C890924BFD197C307B73B58813A214BFB
:10316000CCFC1F1EE82CE8EAC7CE080256270DEA61
:1031700015FDF62BCAA95E2D312B5B7F00CDF7EE36
:1031800047BA74C42921C2013A5B107681F810C590
:10319000DEB705EFD01322283CB55E0E563CCA457B
:1031A000941E7506EABD84A6F1D9F01E0A5416E2F3
:1031B0000ADFF67F25F528D816D534D7DF2231CAA5
:1031C0002F4ED333360771034F28EEE235E3AE7F3F
:1031D00035D63A2EFFB3070204BEB707F5241CBB51
:1031E00013193720C507500904F0E50C1D2CF51BF9
:1031F0002BD2D750CAF8B61902F1EDFF3905CC81B0
:103200002D1C2EC847C5FFF229F73405FF33D1190D
:103210000A251CFF32812015F8F71AD5FC3928251C
:10322000E3C728A40202E063553F7F5D20050BC57C
:10323000D7C45A4BC724D209C3D0501BF0160F7104
:103240004B53ABA236814C0BB5F21D3B1DC5DEAF17
:103250000C08E5DA172DF3531245F0235B1F4ECB14
:10326000D564DEF6FAA82B01C3E5EFE2B1120F2315
:10327000DF2681D0DF2CF6EC021C5DFEE212C2DDFF
:10328000B290FFFF0400000000010000A401000054
:10329000D3FAFFFFA7000000DBFFFFFF06FFFFFFE1
:1032A000D0000000DBFEFFFFCA030000B5FFFFFFF8
:1032B00072FEFFFF0B000000AC010000BC0100002B
:1032C000F0FFFFFFA9FEFFFFA601000032FEFFFF97
:1032D0004D000000AA01000084FEFFFFDBFEFFFF9F
:1032E000B200000058FBFFFF80010000B1000000A9
:1032F000A7000000F4FBFFFF8DFEFFFF9900000018
:103300001DFAFFFFBCFDFFFF3AFFFFFF0DFDFFFFB2
:1033100057000000D0FFFFFFADFEFFFF87FFFFFF5C
:103320002202000037000000FCFCFFFFCA00000082
:103330000F0500007BFEFFFF9301000046FFFFFF2B
:1033400001FFFFFF1EFFFFFF5400000020000000F0
:10335000F7000000B6000000D501000012FFFFFFDB
:1033600038FDFFFF8BFEFFFF99FCFFFF36010000D9
:1033700081010000EEFEFFFF1E01000064FDFFFF63
:103380007BFEFFFF2CFFFFFFCFFEFFFFBE91FFFF85
:103390000400000040000000C0DFE9CF2F01E4B5C9
:1033A000D3EDD8DDB8DFE5DC2CDBC3ED0ADB26C6C8
:1033B00004B9C2CAC8FD5BD5D1EFC816DEDEB0AF16
:1033C000EAD3D5F8CCDABCCFECC0DEC7FB042309C6
:1033D000D8DBF8CA7FCCDE1F0A92FFFF0400000092
:1033E00040000000D41CEE01561C118A0236F8166B
:1033F000E71B1BCC66EB9A01373768137FDD5D0E48
:10340000D358485D3F1D285E4CB097220FE831AB82
:10341000E6322F02F080EE84E4252E49F2CA34A66B
:1034200056371F4F5692FFFF040000004002000075
:103430006F16BA0A5F24257FCF21052713DAF5A37B
:10344000C3092CB0A30E4602B50DF8BD7FF67FED83
:10345000D627547FCCBC3C2E382B00775B54D88DBC
:10346000B09110B717E81B284B403C2D581D56C88B
:10347000812D365A0AFFE2B5CB4AE51C5FDCE27FBC
:1034800050AD817CB92DE30DEE1BC24625E12B1812
:10349000CA16B0F7054ECFCA23E17F642C3DF3B3C3
:1034A000D303EF4CAE7F34453220DEA221D5DC962B
:1034B000684244A11A09BCCFEA51E581F416C4352B
:1034C00075DBDEE8E0CA53DD24D000C6F557B0C393
:1034D000DE03822F2548B2D3AFD144DC09ADB00D55
:1034E000F35AA3B6369AFC6CFC30CFBB176AF5D8FA
:1034F0003481814B5964FF36817FD57A8D1BAE694B
:103500008130F29581FF42D181C5B7C53BFC5FAEEA
:103510003F080556818170B5AC7FBABD73E4810365
:103520003918C9E73E317F7509C7BF4272257FBB95
:1035300003AA37690204F3FF685ED9ABF97F7F58AD
:103540005998AD432DFDB2480615816029C604CEB9
:1035500056F7BBA1FA67637F1C9E2816572F2301DD
:103560007FFABD18A825C5EE547F4496D5FEE281AA
:10357000451E5481F6AFAA3835DB43A3B5DC1F3AAC
:1035800072B2894FD7817F810EE7C2C6087FA681BC
:103590001B71CC33FAE8B3F306A479C7187F107F08
:1035A000525D30C015EFB22D283BCFB5E7122AFD92
:1035B000C7BBBAB778B0C9A019187F4E7FFA1AFDF9
:1035C000D42F32BFC2EEC5DDFFFE2F81F63EF1B033
:1035D00020D27F548C0121D5B428BCD881B5B90C38
:1035E000B9E44F817F44E7097FED637FD87F43D201
:1035F000BF5852D27F8181A368BDE4AA0972BF3F40
:103600007A53347FDAFE55CBA90DB749CDD43ED7D6
:1036100081819C9AB325D2257FE060EB9BF10DB2AE
:103620001C99E849FE6EFA8107D37FD3EBC0C2FB39
:10363000E5DCFEF30996F67A0A9245570CC9E0B527
:10364000C27F8CF965E37E2ED47F0A16761F1CCECE
:103650006D46BE9DEA1181173267857F047DB92DC5
:103660008C8181D95482D23E218BBEFF81DBADCCCF
:10367000A294FFFF04000000000100000000000011
:10368000000000000000000000000000000000003A
:10369000000000000000000000000000000000002A
:1036A000000000000000000000000000000000001A
:1036B000000000000000000000000000000000000A
:1036C00000000000000000000000000000000000FA
:1036D00000000000000000000000000000000000EA
:1036E00000000000000000000000000000000000DA
:1036F00000000000000000000000000000000000CA
:1037000000000000000000000000000000000000B9
:1037100000000000000000000000000000000000A9
:103720000000000000000000000000000000000099
:103730000000000000000000000000000000000089
:103740000000000000000000000000000000000079
:103750000000000000000000000000000000000069
:103760000000000000000000000000000000000059
:10377000000000000000000000000000AE95FFFF08
:10378000040000000020000019E5EAE3C1ECF14A62
:10379000F823E11290521DFE81F50DB4E6F6F11BFF
:1037A00046120BC5FD0A0F410037E42D60DCDB1427
:1037B000D223B1C328F9C229FB080613F6D90CF5A8
:1037C0000B04DBF308E5F8D3061C33ECDF3C5FDCCD
:1037D0001682EAF6B8340DEDB322D4C8362B3A2758
:1037E000192037F0113B320E0348EBD1FDD0E69D96
:1037F000FA10C9E91AA7E331E0E23407F481D7F5FA
:103800002A0DB23DF1041C3406BFB7E5F2E71F20D4
:10381000F20FDFB5B9F212E1C0C0071217F3C4C945
:10382000DF2B39E415D5D94410CAD8DBFCF91603CF
:103830003C3CE5E99FBDF91C17101781E5FB061D0F
:10384000E0B2CF1FC127FAEBCE4BE9AA3722510DC8
:10385000C6BAD4D703A912CF1BECF2ABCEB3F0DFBC
:1038600001F64A2EE910A771E0E42A097F3FC75B01
:103870001EF2D18DC0945E0A9AF914D7D439C6CB02
:10388000F309D911189FC1F8DFD518540B57FFE67B
:103890001BFCCE09250E712D223D02304D6CE33705
:1038A0003F0517DEBFE60B97E0B6FF2C47EA46223E
:1038B00011F4AF1C1DB32EE6A0340706EFC93AE39E
:1038C000E6F0DB7FBB251B27B30249F409AC43D2EA
:1038D00021C59C2BD6F82BEDBDA90823D4F853DFC6
:1038E0001DF2EA03B332E7E0CFFD29F5D3F9CCEDC1
:1038F0006439229895EED1C92E1912D506EF2BDA2C
:10390000CA14A51681140A8EDBD911ADC4CB24E4E8
:10391000B9AF263F1C85C824F406FE1449DABB81E2
:10392000E6A33FE1A11CB24E0E3A0CAF24DBDECE83
:10393000B58F01150D213640C84C19318A0909F59A
:10394000ECFAFDCEF54EC61FDD2D906299019CF17B
:10395000D8DFEEEFDD5A06B8A1EE08080222C5AFA7
:10396000030BDA1ADE28F4DDEF231233558C1C0426
:10397000EEBAE00B7F67CBD6BD0BD2ACBB17064DC2
:10398000F420941A5DED1AE81525000999100E042B
:103990001B31D4D9FCF4FC2D23342FFDEE0EDD2099
:1039A000FFD519F0DD2C357F29112E1EFE1222FBCA
:1039B00015EB5CF50A4CD603175C0CF6003B2800AF
:1039C000DA64FEE5D50EDE4BD3DF2FEEFBCDDA3E1B
:1039D0004F07C602B7A3CAAF1DC45ADFD7E010DF36
:1039E000540B534E12E8CB0F0604ED442CDAFA4880
:1039F000D91E2FF821EB370300C9F11781C7D62E46
:103A000016022316970CDC022715FC24993925E6AB
:103A1000EF2F4DB8F71FD830E405CB12491CFE1824
:103A2000F5A53E768FD7E5EB811F4AE5A9D41DD8D1
:103A3000CDD0310437112611485521E248D1B0B814
:103A4000E20FE6BB221CC6BD11BDE20844FAC4DF8A
:103A5000EE00AF3406F1C31803F2FF16EFE35C0982
:103A600066E8246C16CCE475C7E3ABB5399CE8D4A2
:103A7000181400D5E1DD02B6D2AA0EEEC87FF0160A
:103A800087C1B5EB36E3DED0FF3E5952F327481726
:103A9000C590C762EF902C111F02696F81FBFAFF7E
:103AA000AF48FE0342FCA3F8C3016CD9F666DF1EE3
:103AB000269C7D813A2503F13A112A7EFB1015A13F
:103AC000A2D311D3F8D21EA83CD70512CDE207220B
:103AD000B459B12028833E8640F8F41B1BE23A4DCE
:103AE0000D172D4DDED9DDFBE20F3A8116AA48DD18
:103AF0001609F7241808F60B1021130CFA3CF70EE0
:103B00000BB01648ECBFF0F7D40513EE26B5DBBBBF
:103B10009530FC1A2C342ADA4A0A7AB7E548D64995
:103B2000F9B9EFE8B87FFF2B81B72D0951C3B2B8BF
:103B3000021CEBD836DDD1D119FB285CDF5EDD9DA0
:103B4000F2DFA52F36880A1ED53CE0481D46C10588
:103B500015BDEFD30D052C16B83617423100A23132
:103B600046F65009B3ED5DEA55040F0515AB324535
:103B70002EDAA837561E124B2A6AEF31819623019E
:103B8000F662D8AD06D78DF61E07A5E9C5CCC737B6
:103B9000B0CBA742EB0CEB35D653EFB546F5CA14C4
:103BA000FBD87FE7131BFF2145EC470A13CF13F522
:103BB00016134B1635DA3C240D39031A32C6BFFAF8
:103BC000073DE3B5C93EE6F8E610F1A5FA1826E987
:103BD000A6EC81603DF1EF0DE71852211C26E2D6DC
:103BE0005BF4E0371DA81E2FEBBEE41E03C2E60403
:103BF0005C10F3B7411823C21A4330240E0F181A71
:103C0000E0EB14F0C7F0D41CE4A82B35060D2CF320
:103C1000F9162B29A70F699EBEDD20014D48003BF8
:103C200066F6E944ADDA36F2B0741D57F9BFE63EE8
:103C3000C0FB471B0DE27F12F7221AEE51345FD30F
:103C4000A1C9EEFE08E3B24A2F04D63AC8DA04E965
:103C5000EBD62C19F0D92C16F3FB08E3FB7F30E5EB
:103C600012F1FBE02B2DF1E6BF172C252910E2E025
:103C7000061F1C371EC31607EDDFFAF9B926E82E1A
:103C8000E907F80610F4F1180AF4E9FB025514C824
:103C90000EF3CE2C0F2FF246B7F7FF2D0EDCEC55AE
:103CA0000BE8E630CDE8B130FE3B6AD727CBE6E63D
:103CB000DD0CA212F90DDFED7F46EFD7FC33360F96
:103CC000F24F4A20B602126B466E367052206BC716
:103CD00046820E9B943724D7140017FA463BE63FE2
:103CE0001AB100CE5E4AEC364C2AEBF07F3E15ADA1
:103CF000DCD61AA12AD4E64EE618E310FB06C5016D
:103D000039CF9C00FA01352B07E564E89A416A2B0C
:103D100023D5CE163EE49FF81822A6B40919E5CCA7
:103D200072EA2C7FF330EB2435DEEDD645121AFE15
:103D300035FAB33520CCF45409455718A0F4E806F9
:103D4000CB25D5CF32119112BF86E12A86F63EEE01
:103D50003E130D0138F219D4CC1C148169260D577D
:103D60004BC834490C001436BAFD2C10E4E915A9EF
:103D7000493909C6FDC948F4FC4116CE5AC2F0F0D3
:103D80001627D2D8E20098C8CC66F024E43365093F
:103D900013071CBCE8C748D0FEDCE8FC01D7C20909
:103DA0000A10D949FA01BCFAD31AF3FA26E28123A0
:103DB0004306F6D6C7F121231AE0DC46DBDCF01619
:103DC000C3A94A203FDC3CFD1939EA07C52F08602A
:103DD000C3C7A5118E19BEC89F14F4C4650DCD1FAD
:103DE0001E12EFEC1E2DBC151BDC5904FCCF4F1628
:103DF00020BDDAA14928C73247224081230BB7ED05
:103E00000AFFCEC74744BDF91CF4A4A0DDB74BF3AD
:103E100005D4AE0BF4B408B7FC014FB51009122E4F
:103E2000C828CBE0A82BE1D210330EE405B72FF45D
:103E3000A9D60A7FAF3436460F4435F2F520C5E2E5
:103E4000D510450E9421D70FF5C3D05713035894BE
:103E50005922A91D0AE00F15C0ECF9CC0AFF35FA6A
:103E6000E520022CDBA2FF62C1E2EFE70981B83E48
:103E70001731ABF636D12A0DAC12F9C9F72C5F3CDD
:103E8000F0BC35EE29FBDF08DBF9E40D394CAAF173
:103E9000010411D7FCB9C9D03A8903C6E91229D463
:103EA0002D1F0F4EDE03A8FCFF57FFD229CEC307FC
:103EB000022181D330B7C3C2D8D8FB27A517D2308F
:103EC000C7C8560F44C963E411FBCB3FECFD0F1785
:103ED000E3DCFD3D0ADCFAD2F8E1F3E21244C45619
:103EE000E618DC0CC2DFE03825F5BBC2F31616225B
:103EF0000D02E60B12C934D5220D5837F23B0107EB
:103F0000F2CC1411F100D67FB952F0FA27F5E0088F
:103F100025E6BF5DEFBC160F222812243BF3832950
:103F2000FA03E63CF1BD8125B89C537026B421DA32
:103F3000FD0A08E60DDFD3770207D1FDDEE34D3140
:103F4000163F331DD2B50B3013F4DE1ADC16E5EE46
:103F5000F50E0115170C0FE4DDF0FA550833F11FCB
:103F60002226097CFFEE4C3C4F2624B52406E77F31
:103F7000F6E3F016ECE53E2609EF4323CD37F2C514
:103F8000DE4B1CE51EEADB0CFED00F2504002212DE
:103F9000E21BBDB1CDD71316A318288106E5E52E87
:103FA000CCDB11E53320F81AEAEF0238F3E721CD34
:103FB000BC441E260AFAE520053A46FD05020B0B15
:103FC000F909BDDC46FCE319140EF70464D5F7D5F6
:103FD0001417A00DD5474ECD344D1AEBE924F7E761
:103FE0001EDBD6E102BB1F44EA505971EBEFECD95E
:103FF0008150FE0BC2EDE1352A1A244C0F0C1993A7
:1040000030D3F34EEBB621024D3D1E4C0B3DE61C6A
:10401000DCEAF80FBD4733423CE1E0050AE5350A2A
:10402000211A35F307028127DD0A459553163B3ADD
:1040300024D4A5013AE0CB4D2E1327330A18D4FE21
:10404000A0E3DE0A1B2F38E407E2F3D5CC3E145F71
:10405000A8B3DD4AD3E9D31617A0CBE2FB451AD8A3
:1040600007FD411852C9297FF841A5EF65CA6509C6
:10407000FA0DB7A334A2E5DBFDFA050B9CFD040D98
:10408000DF18BE3BDF5C26170BF712F2F93EE17F2B
:1040900009E3A1F854CE17ABC9BC328FC1FC3FE590
:1040A0005F964FE2FA0739380C1174553D146F16BC
:1040B00093E8DDED3BEEA8B9F8A408EB5C03B4BBD4
:1040C000AB190946A02037D62D16161BD610E9EAE3
:1040D0003FDFE6CD27E54A31282F4C20F93C1E0171
:1040E000F9F630FB04ED241ED0D7721F1639387F45
:1040F000EEE72D2B32220807BCF1F561CB05F71254
:1041000003F3204D1608A954B72F062AF114160BF5
:1041100097304238151603B9021B72FFC33B1EE0ED
:104120001D654906FEE32EDE05DAB6D91EADE106B1
:10413000151BC4220035DDE2F8D31F24ED357F14B2
:10414000A81B0C5C659FCD2A2DCCC4E1DF1ADDD7FE
:10415000FB0D30B813230BFE09113ED22DD4FBEA20
:10416000F5100188F9358121172B2467EBB70BC3B4
:1041700034CAEE7CF1BFD151E0EEC62FD6A036C6D0
:10418000B0C8330A4B1364EAC605CF02D518EE2433
:10419000F8FF05E4FCD200B503EF620E0F221B7F8F
:1041A000FF2016A6F8FB06FFF6E3341AD0E81CB38E
:1041B000122320412735F6C11D402B0ED90DD9C938
:1041C000D5DDF331FCEEE404CF059555940527B415
:1041D0003101311C20E3E11340B8226720D0B42C18
:1041E000F85748098FB8D821CEF51A07ED00DF122D
:1041F000AF3CE42CE581000AC7790760F2B0C5D175
:1042000007966421EEDECDE9D3DEEEC1E83C103442
:104210009701E3C43581048FC2E36FB6F315362FDF
:1042200061003DCCE9D639D336367AFCE3F73A95CE
:10423000082D1ABC48EE1807FD16F405D1C718F46E
:10424000D3EC0C24D5D9E1090418C41C2B2747E969
:10425000B42CFD075E18ACFBB66CDDC93B980E4A6A
:104260003B2E62433FCD42F1DF424209E7047FE546
:10427000F2E6D07EE4D7DAF6E42A1F0BC809FDAED9
:10428000EC3B543B5EFA1925C717C934F3D22BEA2D
:10429000391E3216139E21AE023851F2F75BBB1362
:1042A0002331B3E7D561B01AD312F22308A5ED1F6D
:1042B000CB4E20AE96365033BC34F6EF12B9408167
:1042C000B2079A22F7A2DE3272A5EDB8161C30F8BA
:1042D000BCC8BE2B30F2E3A62D005FDEEFB390B773
:1042E000E1360438D7CA394A95E9A987552624FD0D
:1042F000103F8435A000D1FD86E66FA9525C7F1483
:10430000A09BBCDEF827BBBD2666D31AB1F01BD13B
:10431000AE2D33006A2CEFD9E023F71AF8F9F1112A
:10432000FEFAF34FF0998127E7F721FF0E1F520F96
:10433000064616DB10AD3FC82B4FFB11F1F3F5FF1E
:104340003EF5ACD513F1D704DE0E9F8609110A01A4
:104350001B810D0B03032723E59DD30E3A3CCBDADB
:104360002CCC0426CA076D2ACAC9B9424AC3F5FA39
:104370000CAEE85BB9C82C20131CFD7E3651FBD86F
:10438000AE0000B430860622E7BDFA1DE3ABF22191
:1043900036E4E9D142EDC6A58139DFF74102CA50C2
:1043A000F609F6021AD3E503094BFEF215DAEB48DB
:1043B0000627EB1101E00F0CBEE0F2F8E8C9F1119D
:1043C000DBF4C0FADD87404CFA3DC0C902451AB2A1
:1043D00039E00BF3D4EE01C908285DC9F533291281
:1043E00006F0E9ADCEFA37E409F663E800A9EDE698
:1043F000B4F8FB441E8A111B360A70E12BD0CE089C
:1044000011F44A0681E1A4EDDBDCE63CF40D06D1B3
:10441000E5DC0326EEFD122A1C000ED5027FE24DDC
:10442000EBD50C01E5F8E00516CB501DF3D402D80E
:10443000E9D2221C06D7E10FFE0304270AD1061297
:10444000040BD02AEB0BF5E426DC51E6B3E61708A3
:104450001A28BD24F91DD411EF2C00F879E3C9C145
:104460004C004A4702AAEC32DC1916CF2018DEC6EF
:1044700013C9D7F2070449E22A7FD9BB020C15A061
:10448000F9E844B5F71B95E239E4DFD34209054E5C
:10449000F2FE67D5D708FC18B6D1149601C0288162
:1044A0003FDD582E4FD6DCB31A1103CB5A9047008C
:1044B000D36AC9D320F8E36CE10E06F5328DA3234D
:1044C000F8DE983E3E66FCF90F1B15ADCFEB0E1ED5
:1044D000901D250009312AD2E020FBF7E8CC81F6B7
:1044E0002F33252315BFAF1CB64033BC08F50F187A
:1044F0002C1BF1CB13A00CDE3E14CB1CEE51BBFFEA
:10450000F602E4E2990AD33681C10FD4D1881BA701
:104510003B40DE3DB28C0297C77AC0A94E0FC0085F
:10452000EF296EE0FADCF2CDB0DB40439E0B9E0536
:10453000C65B313DB4191F2F332518F4D55476616D
:104540002ABF9526E4AE92E5D93AE61425F120E398
:1045500011252BC530E97FAFD9C2D6171B01FF3714
:104560001DF0F8BC16CB36144BF9011921C74DC903
:10457000B9E1D2F0D90F486413D8350112491CC9EA
:10458000EA56EDCC0FBC1D2B01F2BFE1F2DDEED7F8
:10459000E2A3DC0E112211C008153AD319F110D094
:1045A000059938F609E0F52F02007F135EF242E824
:1045B000E7019C073CDCE29DB9CAE2C91EFFC9F4D1
:1045C0008C532863D9AE7B04E7E5B210DFD881F7BE
:1045D0001BC05DEE081C1BD2B90D3FAF03E5F5DC37
:1045E00046011413F41F13040938693F04FD4AEF10
:1045F000DE02C3393AFFB651DD04C8DCF5AB5263C5
:10460000D6D0D8F7EB301DD9D7FFE615E9EF10DB90
:1046100015DDD4EC12225F0DED9D7F44EB3A1E0AAE
:10462000DBEA02C3D8E5DAF2F5B5381A1EEF274700
:10463000FFD61A2AF7DEE5E3E9FA3203BA023FD5DC
:10464000FD01DB1D19F50417F7CAB4F1A4F637F61E
:10465000FA9AC7ACE455F84AE27DF1CB7F0888F2BC
:10466000B8273D2783B60660AAA905D9D506FDB6A9
:10467000AF20A58F4DF54AB14E1A65F7F61CE2B48E
:1046800020CD2B182AFBFCF80A7FF203E8F0FDE5A9
:10469000C5D426336E2648ECE3D4F71BF828EAF796
:1046A000DC060D53EADE9C06F81A291F0B112FEDCC
:1046B000EC072B012B0201A31F1B1E150901E7E8C4
:1046C000F7B6CBBBFCE60012FEEF020EF31C4FB9AF
:1046D000171B0C061CD4DA074006D6DCCC18E310F6
:1046E000073619FED0ECFB142535451C7F392C36D6
:1046F000E3CFE0B5CACB4FC2FFCCEC430B3B19CAAA
:104700001DFD114130C2D52BDED6FEF31CE102ECBB
:10471000D2BCF1CE0AC6F3090825E7D359C3A2E9F2
:1047200059DDFB35C79C8119E3DF0EC81DEADD0D9D
:1047300059E41FD3E71F29CE23FCD418051FE0211D
:10474000DB0EEEEDDCD0D81BE4DED05826611F6511
:1047500011EAE800561061DB831E072FE9525B81E6
:104760000BB9685E45F08ACBEDAEC8F9CC876729F6
:104770001BD3B7EB30F9CA7F10F132D67FFCCF4E96
:10478000A51BCC3417B3FB5A1915E5DCF90C25F839
:10479000CEE618FD1233112005E9001C090CFD04BA
:1047A00006EC28C4EE15D1014526102AEAB3DFFE37
:1047B0001F1D13031E16D6F281FD230EF9F8FFEB21
:1047C000E5E5FF1FF3ED00080402490AD8F0CC2606
:1047D000D3FD2564389C33E67FBAF6D80A49CC2944
:1047E0004AF3EC2AB5B9F055E51AEEB30A362EDFD6
:1047F000E827DEED041413DD1501DC20BF16D8F325
:104800002DEB157C0EBF4034BD08810A05D3CDE0E9
:10481000529D5E15A2B251D42E0E24860940FAFE96
:1048200056350BEBE7DA503EB05D288C1899FBD873
:10483000E914D15AA413145CA83B6209ED8B2BFF39
:1048400013F9DEFB30904DF01E1B6ABAD7524AE5D1
:10485000043EE0CFF031CD3031BEACED71C1D3209C
:10486000EBB0284BF281A82BC1D1F7A7072FFAB4E0
:104870009FD28BDB03FD5400EE5205D2D58FB5C21B
:10488000E2DB2DEBE942A2131DCB06D5C0FFF3E41A
:10489000D71CC51FED278111FE1715B7C269DE0EA3
:1048A000004A3988F816FD3FA93BE12B66C31EE696
:1048B0001DBE414C2B10EADD0811FE12346AF79F31
:1048C000CFC6F6B82096275B10D313483331E8AF34
:1048D000F6FB350D34C766EBE8E769F6027FF22E8A
:1048E000FC2F2CF99A1BEA131CC52F061C0DDA04A9
:1048F0003DEFCF33F43613EB2A3540092D031FC3A8
:10490000EEE429D045D9D345F48141D02C1D1BC1FB
:1049100007DBC95203C6318AF1054DFADDEEF3E833
:1049200037D968EA4216A2EAF2C1FE1FC1F60FFCAF
:104930005EF92C2C57192919FC52E105D7C9BF3A49
:1049400018D74A3153BA5655FF0DC53E0EF92EBB46
:10495000C6C6E8E437FB2F083ECF0BFCF733EA7FEF
:104960002FEF0ABCA83BD5EE01EBFB1423DCD1AE44
:104970000717D9EAC43427082012EFFBFCEDED112C
:10498000D604DA171F20215115260DDAEC3D20FE42
:10499000C016146144AC1D0DF4E8EC160739DA04B6
:1049A00021DDFFE4BFDD3DDB0D0903A20B813AEE03
:1049B0000C16EB183B27F8FAF72F3A001C2D07E3EB
:1049C000DA99C7D6F4EFD50B6332A336C12D0DC1EA
:1049D000CF031EFCE2C9E913292B2D7B2743815A03
:1049E000E8C70F00141E2C1F325CD1F60147E9E125
:1049F000E01F47F7FBCC6218D0B44675E3025F10A6
:104A0000C5D402D3D3321529CCFA48A5D4160F1B2E
:104A10004B09E07CC014F3A26E4C601EEC0C35CC4C
:104A20004F55E0A03CE0061800AE12CF1B010ACEA5
:104A3000192005EEF7C961BD134CFE2A15810E122F
:104A40008F351BE85BB8EAC6E2B714F4B5091E3C23
:104A50002F280812462B6347E0202206505FE056BD
:104A6000E9C50D09A5E8F525009B14B91DBAFA2C76
:104A70009AF4B31AB1FD0D0B4238B3F9E041163088
:104A8000AFEC8134D1F9E919B9114D49DEDE1DF5DC
:104A900040E6BEE2CD50F6F70B18BA0DC4BE35C5E0
:104AA000E6E6F21395C3283108FDECA26222F31169
:104AB000C51F2D0AA012D617C520D3EBDBD0FB06ED
:104AC000B0462F2281DC51FD81B92642ED0F19231A
:104AD0001D213CFED2F8F613B3BF0CC81468320691
:104AE0003436E5B0CB3C021EEA1C2B0DFD11F7D08D
:104AF0000B400AEBD6EB1B2BE128140908F94BC538
:104B0000A6E4D328D624C615CB3DC8F3EBDED10FDF
:104B10000619F4D2F59BA5DAB4D13AFC25FCD66A85
:104B2000F230442F1601B022672C01C4CA4C253440
:104B30002E7FBCDBF3FEF73EE8260AE0C3D440EF4D
:104B4000EC271D21B3F4DA3FD914F911E8EEF7C9C7
:104B5000FB9DE222EB2445FBF1FC102B3225290DB5
:104B60000DD1FF25A715EE2A0DC9D6FB6603E70078
:104B7000C0E02818DCF1E7FBE548FE28A7FE00FEB0
:104B8000811299AFFC02E4202BEA3BE23E211CA6F5
:104B900016C212641DBFCCC40DCE24273943FE0FAC
:104BA000E3FF6565A82B3D2C1EC13BB4393E91A5A2
:104BB000EAC1497FFE85449ACF01C749D0FB1CFD5D
:104BC000D7A426B340E5FE2409F5FA0EEC3D131FE9
:104BD0000F45CFC4181675DBFC031F1F540C19F9C1
:104BE000C6CE100E13E81EE42112F6CE2181E31882
:104BF000061A033E21F5DB79EA28CF4ECEB9E6F955
:104C0000CD022D440FE8F112E89AFD458EAD4148E2
:104C10005F4626FFF7077472AF111FCE694313502A
:104C2000DE4008FEF1DB2032F3101CF3E5E4304CEB
:104C300004912C8108FEEFF5213C0888773885E047
:104C4000DFC64346DCCF2B238BDF7F0723444A0498
:104C50000DED6148DA09200FF9BC41E04029F0F080
:104C600052CE2E03A40FCB30FFE361E7F5063617D3
:104C7000C3C0F02F0DBFEB97B93637F03E189FFC3D
:104C8000CD02DEC456AD313DE3125DB10FFE35C33A
:104C900027B7F9D80102EC0251F6FB58FDF70EE4F4
:104CA0002EB7194FF90E95F1E2C2D2DB21FFC41FD6
:104CB000BD9EC581DCBC62DF521CC2021E0950C20F
:104CC00008F78F28AFE10C07CBF35413DEF02EA1C9
:104CD00024BEEDB43FDBABD5311F4F57FA11333053
:104CE000FFC42405CDE2E91EE62521BF2DCE19C95A
:104CF0002D2214F7BB2A040702E0DA7FD709E9FA6C
:104D000007EB591EDDDC01D107E24828D9717FC1CC
:104D1000BCD320D5A154B6A54F31BFE3BB25900B22
:104D20006CAADC3410A4B268F599C5A63D1849D721
:104D3000E3BCE7FFD5893DC14E59989BBEF13BFAD4
:104D4000BF0ADAEFF813C1E43724DACCB10406E184
:104D500022D025C4EBAB45B5F47FDAFD0609E52783
:104D600076D85016D31F1BDDE006AFD1160DC3F861
:104D7000C0D112DEFAAB29F8BBB418EEB31347CE9C
:104D8000A409A925B2EB370A810BFABCC13134A6BC
:104D90001EE4B303FD22F93014FD21E50525E2FAF6
:104DA0002FDBDCE2EA1BC33DD12B34FBF217B5DF6E
:104DB000FFEFFC07E2C5E4CD09C956CDBB2813D5EA
:104DC000E94C382008B2F73B1D1081F41137DCAAFA
:104DD0002205051C3849FCFE0A13DE0920D7C21D36
:104DE00017CD0FBA10030C07C71C21B2E5F619FD49
:104DF00094EBC90537F2D24AC005101F233BE605E4
:104E0000C0F3C52EFAB8BBE334D4200819474536A1
:104E1000DCA7225AA2FC03E2B009501DCA1D2A25B4
:104E20001A9F0FBBA71A3CCEF5DAE0CE23ABE90CF4
:104E3000F23BF77FE3FAE9E6D563B14E1AA0A3DCB3
:104E4000F32C032DBE05BABAE3DD71042D0D0D0957
:104E500034DDE11F221F30AA0FEC5F56333BF7030E
:104E600054B320F71DDCDEC01DBF3C1365819711D4
:104E7000E7F9CFDBF3CB4318F63B0F6A38BDC52B00
:104E800024D8E848D3AFD100BDDAC3C4B744492A17
:104E9000E71D49CB549E45000BEB0EC9CF01151DF4
:104EA00061F30CD9DF35EDCD8128242BCA081BC650
:104EB000B5A641F5E277EC40EB5D2846CCC4BA8953
:104EC0002CEC02A3DE2FEB0E1516E9560EDB05DEE9
:104ED00001D30CEFE52BB202F3D530F8467FC1E6E3
:104EE00042D1F2FB1D01E226EB0D27F61AD8105134
:104EF000EA1692F5FAF7D4C6FEBEDB37DD2CD426CF
:104F0000C11D187D10A11810937F2AE4DC9B553138
:104F100001FBFAB120FE37D76FFAD043C5D93C69FF
:104F2000D9D7FE71CDCCD1320F0217FD38212B1C01
:104F300036FE11DA81C135F62277A030E346E090E3
:104F4000D7161DCA0E9E409E1D00B2C056D8B7D9B6
:104F5000B1E8E324070924F0A51B1435032DDCD4A4
:104F6000E0EA4B4C2A901359C21D54BE52FFFFD8A1
:104F70002FD3F71E3AD4F9D3A93AD243D9ED167FED
:104F8000E9655BF8ECCC4E27F8387A78B3A7EA32BB
:104F90003904B7EFE87608C4FB3BCECBDCFA3436F5
:104FA000CEEDDD700CEA37732B7FBE1A6A6EECE92A
:104FB000FEC62042A1094AC4D0FFF16FA468B2E541
:104FC000BDEE2058B9BE1450F7BC148DE1132BF779
:104FD000BF08EE1C42D2E8E016A22F1730DDDC0D30
:104FE00031ECEF66D281AD2EBDE6DE8D1412DBCB47
:104FF0004711262187A1F92CD9E51729DF2AE315C6
:105000009EE282E8D9CD120C1B2AF1E8DC4E07158E
:10501000C000BD12ED0CAA1BDD5D1ABA7F18F50A9F
:10502000F8AF0732EF1E19ECF204292A08EA053C12
:1050300003E0270B292D14FBF704F5EDFC12F3F721
:10504000CE2C06ED0FF2DA0BE7EB3732192CC0034A
:10505000D21ED8BCFDD6CDE3CB15E2067D2FC1F024
:1050600049DA4C03F8DF8CED475DDCF67F0E373A0A
:105070000F34DFE322CAE840263E140CCF1D10F0A7
:10508000F6024DC4FB12F1F2F6D2E9140DEEB42093
:10509000EDFCB5FADAF53F16CE0631F2F0C719038A
:1050A00034C8382D1CF6122F0BFFF2D257D643D737
:1050B00081EF2D24E4FA052A011E2AD00D1D0615C4
:1050C000D61EC700E410DED3EE4441F24841FED1C3
:1050D000B9EDBB21E517FAE2EC0C120662E106CD50
:1050E000310112F7CD2C9FEBE902447F35B5D5FD98
:1050F00031EE1FFC3D222D3AE300EB400FA007C923
:10510000184495D90B221A01E463980BADADE3293D
:105110008128176EE1E9835B90DAAA92462FC3E5F6
:10512000CC39EF0DFEDDF7C40329E703FDFEFE6C6D
:1051300010799F1F674638EFB40447F4DD05A9DBFB
:105140001520CB2C07D913D026BFE0FD3543DEAFA9
:1051500009A2FF111DD8CBD83B1605CD2D04C5F1F2
:10516000DFC87FDC2CFF004306E84D0E1229020247
:105170003E0B0B16F0FB24C6FD32F3DA323AAF31A8
:10518000FBE9E7FB6A5417FCED0DD5DC0BEF201FA4
:10519000FD3CE54FC4C412D87FF8E9420454F33B08
:1051A00063445C680EE91B2CB9E0C92C1B62E5BBAB
:1051B0001F29D626D5F13012F4F729C61EE029ECB6
:1051C000F8F32AD1A8ECBBF8D7D0141209ECC7D851
:1051D0009C9F281156390416F21FA118EB34DF6387
:1051E000571C485907B415444232052A49F8015C56
:1051F00039CCC839F9E4452DA5A908284005CF09BF
:10520000FCECE217E081C1AB2BF7C5D10407F0BA83
:1052100011F40107ED45F9B0610D4430ED34AFAE46
:10522000281405D2D6EC1D16D52520C60B21F7C3B0
:10523000D32BE506F9FDFCE220384134E7B49DD3D9
:105240000329F223C94A0B7F02F8D2C8332CD03B82
:105250000220BC7517CA3BE03335180239F6D9D0A5
:105260003BD40CFEF7C91C22C28EEDEA2CC57FF39D
:105270001F2CAAE51C1406DD11CF19020670FEC30F
:105280009B223664EFC7FA21F6CFCADC0F2C2CF034
:105290000AE8300CD5EF0721162553150D11EA3C0D
:1052A000EE2C1CF5399BF331208124E9453802FAB4
:1052B0000DFF1AEAFB0A3913F4B9493F0BFEEEE37E
:1052C0000601F9FEBBC90502B81ECA1AF834350D2D
:1052D000ECDF41332718CFD10AE27F47FD2CE814D9
:1052E0002213D035DA02FC2AEAE54AF5F2072C1639
:1052F00005E6D1FBC4CA14010BC031FC07CA092C56
:10530000E1D6EF6F28D113EEEDF3CBC407F911E22C
:10531000E91BC6F6D9132FDF105203CA352FDDD48F
:1053200025B113E21F81EBC7EC3943FF310F26345F
:10533000DBE016ECF21B1A220BD92A5733F7F812CE
:10534000E91AFB4514DEE54931CE2CF9021EF3DBE8
:105350007AFBFEF7DE1024C6E2F0BFEE68E7A13D5F
:105360005BBB44FDBFB1A23C4019E281E50230F2D3
:105370000AB20C0B35BA3000445D347188E1EC2878
:10538000B801FBBBA0CE82A7FF9FE767F035B1E174
:10539000E51C5530E6C5DBAA020509052C2D0816CB
:1053A000CFCD7FDFC740F72DBDBD1DC13B292BC829
:1053B00009E0E6520E9BC1E02875207A3CF246AA2D
:1053C000ECCBDDBF6F174EFAD2F2390BD9E337DAE7
:1053D00039B36BD958E3EFAF23AFBE75223BC2FFA1
:1053E0001A9FED7FE72ABE02126EEEA3B4CA4BC825
:1053F000E72837F6EE26FDC51D093FD8206D25E1CB
:10540000F3DBBAD30CEEDD1F9BFCE111F911322E58
:1054100046021D07D4BAE5C7CCBD158109FEFA4C7A
:105420004338E5AAF2EFDE2492381EE1FCD2843A3A
:10543000F4D3F1193CFF0B50CD3204F0F0DA97F6BB
:10544000E410040913B7E4022CE499C5FD3DEE1203
:1054500032AC4629C0F40A04B033E6E301CE1F3073
:10546000194947FD7817954C3D05340729ABDABB40
:10547000F5F888F42E31ED0C4304D8EEFDEBB6F6CA
:10548000F81ABA007FECF5F4E622B9DD02EF151F39
:10549000582D0CB408B6BFF3F62548872AC007007C
:1054A000CDB115E5DBEF41CA7FCF1ED44888F4F3B8
:1054B0003AF53623FFE46916932D1BF60FDCC5067B
:1054C000F1BC27674608D6430A23DADE04101B45E1
:1054D0000D261DE5AEF3E4EE815BEEB71ABBACEF33
:1054E00007FD46CACBF7350F43DF190BD3ADC936DD
:1054F000B5E3DA3AF5DA1F5AEBEA27C818C5F50D15
:1055000013F80C06D3A8FD1CEA2AE9B324020D24E3
:10551000CEB5C0AAAFCF11BB7F153B05E15B1BF930
:1055200042A3FFB1F5F022DD032DE0F22101D8FB0B
:1055300024E91BD0131316F802326CCDE8DF1EEB02
:10554000BA16140901C5441CD8087EC6C093CAC146
:10555000C6F2F7EFDFE8EA8114518B33FAAB078C20
:105560000FF1A7BFB4FFEC32D80628AF433509C806
:1055700073E5F6B500D822D59E7D593ECDD034DEF8
:10558000BD0035B517D0EBDEFB591923D015E5600A
:10559000F640EE1601DFD7F526E56545DC631A1EF9
:1055A000F1D1EC130BE6F82CF3B9E8020FECF1683B
:1055B0006BF30FB3E01A4E20DE7F1957CBD5D8E23C
:1055C000F230265433C2F849E7C2C85C277FA67B75
:1055D000BB4FBC434CEB09E1EFC565224F723BE288
:1055E0000D2B4A5E10C5C5042BE25C4FFDEF302346
:1055F000A84E0C4E2B93F714D619F2263E2E29599D
:1056000005C6DD1EDBA798E8D0EC09A4D6ECE7556B
:10561000DB90BEA78105C0EFE81337E171D8413CAC
:10562000BCD8EBF5B84F2B42F7C631BFFFDC8F3249
:10563000F852AF2A8DCE1713100708C6FD0E5FD59E
:10564000C3B0103EB3ECF1FD4B0CE538C9DB1EECEA
:10565000C7E0EA1D10032DE70E29DF4E714200C995
:10566000FC2D077F21CC1C1BD1E4F0FDEB2E242068
:10567000DF3AF01D451811162BE61C5EC1A3030E80
:10568000F437F7BEE0C0091D8E109F14BB4A7FF8A7
:1056900052222C9EB4CEFE3BEFCD50DDF8CFB94365
:1056A0002D30D9B33ABDE4E6A5ED162D57EFCED295
:1056B000AD39401DD9262BF3EC175AF9B225638773
:1056C000F80EE624FE35F8EAD6DA2412F205E447AD
:1056D0002E111FC5A1BD5DF4B3E9C6EC280F498E9C
:1056E000E1FD127F1AE0DA34F60F0CB534FA583ABD
:1056F000C3210E1BC3C3F45FCF36F02EF5DCB5B16A
:10570000F81E2B0AEBCAD1F5A228B141CC92D4D312
:105710003423F6B133BBAFC41EE81617F8AF390611
:10572000C7DFDFCAB9D293EF1F81F7EDB9E31B0AD8
:10573000D9D2EC2E0707DE4E46F73426F4E127F4E3
:10574000BA26B85C51F1F2452149DFDA34E3355C21
:10575000C3C58C2F921530E20D361BFDF9FCC01429
:10576000618F31A7B13401FAF3022C247FCCEF29E9
:10577000DFDC12B7392709EECDEDEBE0F204F6FCE1
:105780001011FF43C1CF5830BAB5FFFF040000002D
:10579000000200008CFBFFFF6A01000051FFFFFFC9
:1057A00001000000150200001DFFFFFF02FEFFFFC9
:1057B000EA000000D5FBFFFF1EFEFFFF55000000C2
:1057C0001DFBFFFFC6FBFFFF82FFFFFF64FFFFFF24
:1057D000FBFCFFFF92FEFFFF3100000038FAFFFFE5
:1057E0006C000000B9FCFFFF8E040000BBFEFFFF51
:1057F000C3FEFFFFE5FDFFFFC7FDFFFF16FBFFFF39
:105800006802000062FCFFFF09FFFFFF67FEFFFF69
:10581000D2FDFFFF19010000C1FFFFFFE4FEFFFF03
:1058200032FFFFFF88FDFFFFDEFFFFFF2C000000BF
:1058300042FDFFFFA6FEFFFF0C00000093FEFFFFEE
:1058400022010000EAFEFFFF8EFDFFFFAB0000001B
:10585000A9FCFFFFB1FEFFFFAEFDFFFF2BFEFFFF28
:10586000ECFEFFFF04FFFFFF53FFFFFF9CFFFFFF66
:1058700032FFFFFFDEFFFFFF7CFDFFFFACFDFFFF00
:1058800091FFFFFF1E0100008D010000E2FFFFFFFE
:105890005E010000030100003EFEFFFF5800000013
:1058A0001E000000D2FFFFFFD7FEFFFFABFEFFFF91
:1058B00016FEFFFF31FEFFFFC9FEFFFF95FCFFFF55
:1058C00014FEFFFF03020000A8FCFFFF62FEFFFFC3
:1058D00030FCFFFF84FEFFFF77FEFFFFE0F8FFFFD5
:1058E000220100001D010000AD00000053FFFFFF7A
:1058F000D8000000CCFFFFFF52FDFFFF3701000082
:1059000036FEFFFFB1010000B6FFFFFF1DFFFFFFE6
:1059100095FCFFFF55010000C0FDFFFFC2FFFFFF28
:105920007D0000009FFCFFFF87FFFFFF8A01000052
:10593000E7FAFFFF14FEFFFFE2FFFFFF92FCFFFF0D
:1059400046FDFFFF8DFFFFFF78FFFFFF35FEFFFFE6
:10595000EFFEFFFF200100000FFEFFFF8EFEFFFFA6
:10596000D7F8FFFFBCFEFFFF0B00000097FEFFFF14
:105970007DFAFFFF2CFFFFFF8BFEFFFF6CFDFFFF9B
:105980006BFCFFFF0A0000008200000010FDFFFF1B
:10599000DAFEFFFFC6B7FFFF040000008000000032
:1059A0000FB9C2F2D9A5E49E0AFAAFFFCCFE5E00A1
:1059B000D4F13DB9FEA4D5FFE7CF26AED27F18398A
:1059C000AECFC6D4D3D5D8CC1A2523AC37E9C63C44
:1059D000EDEB0ABCA1C9C2E4EAB3F9F3B900C7A769
:1059E000B6410AA9DE70BD3DE7F7042FADFEF754BE
:1059F00037C7D1FEA9E7D8251AD6C91DA9F7B2D451
:105A0000B631CBBEEEBBA0DFC8DA26EA290C15D82A
:105A1000F4B003F9F0B9D7D31FC813C7CCB3CA0A7F
:105A200052B8FFFF04000000800000003895D1DD6F
:105A3000F50407AB3C2CA346322152FDCC1863BBC6
:105A40004391D62316E753F0205E374FBD0FF9EB95
:105A500026E2133048FF4F8F6E1EBF5330492EAAE7
:105A6000ACDCDA0FFBC93204CFE5FAA3B7542B8CB8
:105A70002B5EDC69174136558C5E1F5222F73817B2
:105A80008FFAC5F93FF50138D104BCEBF159F8CBD9
:105A900036BF802F23BA473C3F452AF018E74532EE
:105AA00020C928FB45013CF7F9DC2329DEB8FFFFBC
:105AB0000400000000400000243FD9F5FA15291524
:105AC000A544B8E6DC01C2ACB0323C11FA3617E9A5
:105AD00013A901DEDD12143ED9180D0342C1BAD557
:105AE0004D0561314992006E0FF41A0EF52E0981B1
:105AF00007F6A8B4F81EFFDF14C4F5F8044033B568
:105B0000D01402DFF82BF20234F6DD2D5BD53338EA
:105B1000B3FC3619F5BBF55CCFEEB01404CE193FDB
:105B20001ABA9B4AFDFA35CC2D1CF9C1B6D8410DE5
:105B3000DE30E0080EF20BFAB4FD09E9AF0FBCC18C
:105B400009F909C63AFBD9E081F823F61E4DFADFC0
:105B50000EFBDAC8CFB2BD35DC30A5D6EC4BC1E0C8
:105B6000C0ECF4B2DAA811DBF7434128F2DCFF1BEA
:105B7000F0E4CCF7E8EC25F31D29C91CEEBC17EDC9
:105B8000ED091F121E0F0306471ED526130E450CE6
:105B9000C8020E57341B1BF9F34CC7C8D4F8FEEDEE
:105BA00012E031E75E473BB3C93E44CA9EC461F48C
:105BB000314320111529C6FDB1EBEC1430D535BEAB
:105BC00077EE23E9361BB03DF4FAF31AEDECD50A73
:105BD000520F11E2C8811B2CF70CB9A5CA341CCA9C
:105BE000CD2AF8EAC615D7212ADF3F3809BEA4130B
:105BF00019CE2CF3F0F6ED140D0C0108219E11F7CF
:105C00001A0E465417AEC616D914130301642ACBD4
:105C10000BFBCE18E641E4F9DDE425C0F30AF5A458
:105C20000C164FF21D4F0CFF9DEA35F7E6D4FA0C27
:105C30002848D5F7FE07AD2B33C81AD5B308C21CC8
:105C4000D0D70B8EEBF6810BD11BEC502D23F21A23
:105C5000CDE90E38F4C0D7A41CEF0CDB011DF741D1
:105C6000C7F215C3BCDF39F8D54D0C0F03F7F91592
:105C7000471A4A433CABBC132901E42441C00E211E
:105C80003F2FF3EBD006EE81D311F0CB463ACFF79E
:105C9000FEA642FC2CF6FFD5F1DE2FF3BD04190E53
:105CA000E6124A8F3BA9C6A50353B0194A27D70865
:105CB0009FDA2AD70B0CF4D435E1AD0F46BE07DBD3
:105CC000DBB7DFC7021491212EF90B3A39DA31E044
:105CD0001B09FFC7E00528D8074D812413C1E10542
:105CE000FF3807FD212D302DEFD1D3A42A0A13E26E
:105CF000EE4BECE314081CDFC1034B95E127E80DE4
:105D0000F2EFA4FEAB343B24EF1624A7B3A8D30DC7
:105D100027F10CF221F98D13A0F00CF714DB07F337
:105D2000E6C6FAD3E8E634C1FF132414E5DE198B86
:105D3000C7EFEFFB0DDAFC1ADB491210BEE80FAA21
:105D40001CEE0B1AE7D7EAE18B21FD9900CD1CDC94
:105D50000FA3C710DF7F0137FA18F2B8F996FADB04
:105D6000C912E7E324A6B110CEE4ABCEFB0AAD9D89
:105D70003D96BEE115E61CFCD4D4D7B515241DE92B
:105D8000BFDBE8EBEE201337E9D9B36014FD056AF9
:105D9000EB98C1E10CE2295F3639BC161D2ECAEA28
:105DA000E0F3BBE221BFE4DC29FCEAB5ED95F61493
:105DB0003EFF37AE09C7D4FF351CCFF028080A4193
:105DC000F8022511F41D2F1C0CA8EF10DEE944C4C5
:105DD00066E726EE1CF917F60818033154EC15C8CF
:105DE00022030CD118DCA8E506CA3AE439EBCEE46C
:105DF000FA3F7FD7DF30D3DEBE23251FE260CF21FD
:105E000022FABCCB1F043C3917E8F7160F0625F918
:105E1000F714FD4BA712CAF7FCF0352F01CC121670
:105E2000A04B0104D62E2B21D7BF3C66F4E2F21A18
:105E3000FF321518BF02BEF52BEB1214DBD913216C
:105E40001DF7FFCAF6EF37F107E7B604BEDAFB2409
:105E5000B5111B2804810EE0EAF5DF01F7F1001A05
:105E600023AFE1C9A0E411D4260D571FDFFFD926C7
:105E70002F271D0025E0ED21E5031EEC08D4FB14BF
:105E8000191EE025FF000BBEDA1121CFFF0B11B761
:105E900017E713110EE017E601180F01D5E3FEF91D
:105EA000F8215CB90D1A0F2BC61DC9E4341634094C
:105EB000080347FC23F5FD09FDF94ADDDAE79E1FDB
:105EC000F50914DEFBC1E3B3043BF101DD28F2F96F
:105ED000B826F12B9FA9DF00F2F0E5BE2A04D128F5
:105EE000DD190AE1CB14600B0856B23ED9EDCC1A8D
:105EF00034B3B211341A03AD37F9C5DE2D88F0067C
:105F00001B4126E42818FBE1ECE0D58539FDE0D7FC
:105F1000EDE00B32451632AA1604FA048119E9CED7
:105F2000344071A213E03AD636EA98F43C1544E8BE
:105F30001A116B1F3FF51B1D17F2CEFFEBE1FFF2AD
:105F4000772201E226BF183045DCA9B017D019C767
:105F500020F8A8F30785E2EB130D0941EB371AB7D8
:105F6000001BA0ECB4FD09F6D9AEE64F01E4E951FF
:105F7000F1EBF3D7FAECE9F4BE23E9081E11D3A83C
:105F8000F3CF10EF37DDEE39E413FD6501351EA9BF
:105F90005DE181CE142E52A13F19E70851B41DF6E0
:105FA000FD220F1AD405E602EBE65010E0D7D1022D
:105FB00024DB43264702FED3F7DFF0021AC7182A74
:105FC0003AE34DD004FBE36231C8DD3C2BF73AE8FD
:105FD000C61D501A32A1F6B31A02CDC6B34E0F1326
:105FE000F2EDBD12BFED1CFF5D19595D12DE9F671A
:105FF000460F78E9FFCF0CF0B7FE3104EDBF9541B5
:10600000134CB535FDE12B1FE03C3A31DC1D3EA7BA
:106010002BD2DBF422030BD7DFEA0C1AC83A30BCD0
:10602000D54C4D81E30BB4E3A01CAD38FED500DBAD
:10603000C7F94FF8F93BDD5F2E09DF20DECABC232C
:1060400037E1C3E5361002CDF7D9DFF227DAD2D433
:1060500034DA12FFDECBCE04011200294000060024
:106060003E5FCA81DD3C2B0CAC15D7A6B6D2F4FF3F
:1060700032EFF2050AF5EF001C5D0CA2591FBEF4C9
:10608000E0CA1826F929BEFB691BF3F4E2F30A09FA
:106090003135F0AAF81D0AE1DDD9FDA049981F2A83
:1060A0004327F31CA2EDABF0FDE4F6A6DAF119C22A
:1060B00039D9250AD12BEDFBCB0C0514F9F40CC909
:1060C000F1E6AFABD61A49151AC655C9CE2710FA54
:1060D00012F4E501FFEDDA0ADF07C61A47BEFFFA40
:1060E0003C160B2422F1BDFC2AF91423AE1A3A9374
:1060F0002FFA1595C224F4B7FEB10321D657E90251
:10610000B61121CA361E34595CC811384A81036160
:10611000D803DB0FDDA7E75B2EFECEEFBA1D0765C8
:106120003AE4A607F52BF0FD55D55830C3BE3AC169
:10613000132DA300DCC0110A81E4F514A0EFCAE01E
:10614000DA12D10D610CF511E7172B2859F237FF40
:10615000C7EE154A0949DC45E748D1C9AE2CF3EB37
:10616000F6ED13F2FDD72931BAC426D6E40CD9B91D
:106170003AE69EB7C2CA15F11AE3CFEEDB01E02181
:10618000D6F1323CE0FDD8673B03551A5DBB9D3A22
:10619000DED6BF5DF59A0467F8F612E1E03E02290B
:1061A00013D62BEC11FA158AE1229FEFBBC305171A
:1061B000FD16AB41F2BA0E371FAEDDA1B2DF05F41A
:1061C000F40B1BBFE9F3C7ED033720E016ABFBF977
:1061D0001EE20F1FD61E0AC01637FCE82AD3EB4872
:1061E000EF3C17EC20E01808F5EFE4D119D60811C0
:1061F0004519BABFE7F5C820F4CB0CCC12A23B2658
:10620000FEF60A14950ADDE8C8E41707DCFA8105F2
:106210001043D1131BEDA038A69F17FFEF250DF1FA
:1062200011972336FFBE0EE15504FA05110A14F446
:10623000EEE0DCD933B301181209003FE0FCE0F2D4
:10624000D402087F1A63314FBAE8EAAB0B3525FA5E
:1062500011F2E92308700B18F42D2936D5044724D0
:10626000B0812D06D761DD16FFF9E5F556B1C948B5
:1062700099E2EFDDE4DEFAF4DB1CFD34F1EAFE2303
:10628000FF9BC91E3E8F1301C73D262D23F1F6B497
:106290003853FB350A1420B8EAEEF8006E0DFEEB19
:1062A000FE0F3EF0CE30C21FC7E3C2FD36141133DD
:1062B00027F40A01DD3128E1510E1EDEEE111D31F9
:1062C000BD52F42B134C10F9ECC8B5E6A4D7E6EB9D
:1062D00001CD4EE11CF6FBABFA292E00300D0B1B55
:1062E0004FD90EEA0C34CBB5CD022EFE2202D2CB12
:1062F000ED1713D80209DD13E723E3FCF220122384
:1063000002F0430D15DF0FEAE5FE01EC163521B66C
:10631000B84519EC121128B7F6DCC1E931E6CB1FFC
:10632000312748EA81C3D60AE1EBA93511E9F5CF57
:106330000D091ACED50EDFAD01F30D0FFAA8342BDF
:10634000E32FFABAA8CAF33D1D02B6E30C9AFF1474
:10635000D9CA0EF414E8D781C609CC14DB1DE4D9E0
:10636000831FCBDDB938E0D94B51543ACCFF991F8C
:10637000E0573EDD08C21007DADE07F9C5D1EDFEB1
:10638000E1E81A4202BDDC99D9F6BBEEC439D1D09E
:106390001300B917D434E5E1CEF3CE0EDA08D527D1
:1063A000D0EE39B80E16DB0805A7BAF7FB3FB821C7
:1063B000B9F12513F8BC13E914E0CEE9EAEC151E97
:1063C00017DEE82CD6F4EFCD16370FFD1A00DC0CE3
:1063D000DF061B04E856F6E72AF6EAE30F08D94081
:1063E000DB2BF3F703D0F3060F1BC2C908D2130A45
:1063F0001E05080B22C4EAF716A92BDE05E03EFABB
:106400000715FA1DF606E8DBD6D5352CD80081D85D
:10641000FCEEDC110D02A13A14BDF4F8F633023F94
:10642000F210CE2A16B22DB716CCDEF03AF12DC8F6
:106430000130130501DEE60A4A5F241C0E0C1C0F16
:106440000A29F0D6FA202E1AC8BF222F97DE4FBA9B
:1064500004F8FF08C5A0E1F8D4FC0853CA134B0F99
:1064600021A77FE9DB08CA9DF2554E0DF14631FDAB
:10647000D30549ED089CD5D821F61960DB47EE1C01
:106480003AE5EE8E164C6FCA9DF7C2F53F08FDBA8D
:10649000EDF04CDFEB2A03D3FDB1DCE5E10009248C
:1064A000F30B1DFB961AA240D64CEA624113DF1192
:1064B000F54F2CA3CECC23A20DA9D6DBA6BD22FB83
:1064C00027B116EECF09E2E038F42A1A5ADD0D1191
:1064D000DC2B1540E02B169D1605C2CA4FCEA00E30
:1064E000C752CAE3F915EBE10DF4CFE1E1D535036D
:1064F0002326F1C01FCCC4331F112FBAEE920A0617
:106500000C13AF1D8142E2CC05E729FCF4FD97EAAC
:10651000C53B2CC14EEDF72CB98D5013EE3FFA0D53
:10652000D7CE05F3FCDF44ED39E8E3EC1F3319E285
:10653000E4BD07112BEBD217251E3EF9F901E41635
:10654000EE2BBE53EB08E731F7AEE4D7078125AD5C
:1065500023F7FE383FE6DDFB04FC0A0E22D8F9E4FF
:10656000E925D72DB558DB4FB00DF1D300D8DBA905
:106570004302E9F7A922D1DF07EC00F8E2B7D60F12
:106580002493D9240707C7392C1D17C1EF152DEB0C
:106590000A4EE9DDFF28201A07BEF7D63CEB0104BE
:1065A0000B46F5E5A4F8C9F909E6A9049FFF30F404
:1065B000130A19D3EFFDFCD8CDB03C082CF4C1F779
:1065C0000402C6DD0A2054B9DB10DFBE40CA11EF59
:1065D00017D8CD00E44BFD9EDE06DEC901CBD4DF2B
:1065E000E811D9D8E448F2D1E4E9F9C40C1FD40584
:1065F00036C1FD190AEAE2A081DE14CD2235E0425F
:10660000C8BAD61AF9B1FC1CE8DE1234F713DDF172
:10661000D10424FD21E3260ED01BACE8160CDBD1FF
:10662000209F0903CA3E0CE8220105FC1604F8C4A9
:10663000DF1A43AE1707E8F7E70CF853481F31A9F4
:106640005FED1CA6DCC4EC9D16CF40DA2DFF12D501
:1066500028298BC70B9FB70001DBB6F50401F6B301
:10666000232F030ECBBB1AD91CA80A510224BEEA61
:1066700029C126A7CB213DE8DCEDF141EFF1D84659
:106680009A1D52FAEF4F2F623023F54E1AA85D047F
:1066900081DEB54AD8013934E651D222B9C8DC0FBF
:1066A00043FC1335E7384FFF34255DFCAC953F0CB8
:1066B000F100BE3D1A08DF0D1806F81AFBD1320BA7
:1066C00013CED8ECF8DE114305CD0CF3E3FE24D74E
:1066D000FC37E8B7DFA5B1A931271CEC1DF64DB991
:1066E00005C6D8300215D621D724534AE4DF81FDF0
:1066F000F2CE57C4E9F82E2CF311F139EC34103AEC
:1067000028C1FDEB0D0C5004F02D2B25F436E3B31E
:106710003007B209EB6B0A2A28011E2E28CB391745
:10672000A6203DAB015BF008E0C82531F11CC9D2C1
:106730002AE418051512FFD63E15160F24D8062B8D
:106740002B0BF6AF81E1E0064FF23FFCF4DD6A313E
:1067500009160704E91CC2B51014CE2842E3E0E193
:106760003A34F72D3FD31004CADC23C3D523EFFD01
:1067700079103112A3DCFD0DECB7F9BED14B24002A
:1067800008F0F005DC37695833D835501CA3277260
:10679000A9F608EAD32DE643B9D9E11BD422CC18D7
:1067A00011B5DB25044613C34AFF71F7F8F04F0318
:1067B000CB0BDF32C0E1C70926DF49EEE42DEF3114
:1067C0001AE426F8DC0F36E6E51D271ABB45C01A89
:1067D000DCFAEBCBF80BD529BAE9DAE996CFFB1A4C
:1067E0002C8150CFEF1D06E12D0E5147FB200B13DE
:1067F000E9BFEEC9E7B02EEAFC1AD332B435C1FACC
:106800003FF8ECDF2E1310A4E2ECC3E51BB714C372
:1068100007DD300605EFF7DD163EFA03FFEF36F829
:10682000644B39CE16D6C22CCF3F0ED5461E113042
:1068300016E333F6F1F71D1B2CC5139AF308C9D6DE
:10684000F418E7B2C2F3E2A3F33318F021DBA3811B
:106850000F21DCD9D1E04747D00ADC0CD034D2EB91
:1068600007D9E5DF27DE96175C04E9CA2C4102CF81
:10687000E10BF2DDE7B6E4280BC0FB25EE2FE823A1
:10688000FA21BFC717B922FBBD23CCFFCDD2F82612
:10689000B3C9E02B1DDFCEDB0FC3FFAEFDD7F5E3A1
:1068A00021AF17E7E4E434080615CBCF40161AFEF3
:1068B0002BAEDC13FAB4400DD6CD1ED5FC01CDD2E3
:1068C00059D404EB160DBFD4DDDDE4CE04E5089603
:1068D0001F35E1F2EBA70E0FEDFDDBFFD645CDE452
:1068E0001C6CC1B21CF106D3D8FCDFF314CAF7E16B
:1068F0002B371CD7FB07D0F804302004EEF11A38F0
:10690000E514F028DD06E52872D7240438101E09A6
:10691000E5FB810D314617F4AE078CD6C00ACE25B3
:10692000EC1F33D646E132F1DEC4311CE3CB54DB3D
:10693000153E0A0AFD14F4404D4311F6FD23382795
:10694000D3E6D7C2D1FE2EF016D72E1DB74262195C
:10695000951B34F3F881E08504FD04DA181FEEEB93
:106960003C9F3F0EB23921B3133B67462BEEF71421
:10697000E41455F822DCD61F28BADD45DD25BB56C8
:106980000FFDE7A2DBEC48FD8FFD5CCD124827B67A
:1069900023141617D1043B18E2EAFFF7C4EEF711EF
:1069A0001A322DA10B28A719DEE9D6661206F8CCFB
:1069B00010DA3A1622DB0A21F81AB2E9EDFD1AE2E2
:1069C000521DD32EEE15C5DE9FA800D91FC704D1D6
:1069D000F9AE0FEECEE6E9ECB9FAC0F41CB5E1333E
:1069E0002B07EFE3D0BFE399F87F0CCEE40C3A4AD3
:1069F00010BDE92ADF0012E4F3FFDB0AADE6B8F4CC
:106A0000F1C6F814DA163E35F0B8030D0358E71E48
:106A10001DAFDDFED2FA2E020035009F0D05D8E82D
:106A2000DDED32B74540280F3618EEEDD11EF2FFEE
:106A3000140044D6F4CFE9DADDDBC4431C21650C35
:106A4000320703CECCC5FC124326303518FE6F1832
:106A5000FBCC0ADCB7D8DBC720AEE1C302DE05CF32
:106A60004181274115FD962631F17076E400C23F41
:106A7000C3DA30EF2DC6EA52B7E6322EDA43093ECA
:106A80000A13F0F3E22559E1F7E10DBAF4C50E3F20
:106A90002BC1CAB9059911270F3AE630C5EC2C076E
:106AA0000A129B19165CA17FE7EFFEEC39DCDE5B76
:106AB000D935C53E35231D35ED0081515D1247EBBB
:106AC0001A46EDE1EB13FA383C988B290ACA1F12DB
:106AD0002A35BAED2DDEAF02EF27E426DDD1529143
:106AE000F022004CE6CDFF230CB1326721E1B42542
:106AF000D5F65BC3BBF7A002AC274003F6F21B1E22
:106B00003BC5D6210AD71E47A2291E1E23211412D7
:106B10005C0AB43BC559F313130B2A113ED5BFFCD5
:106B2000E9E7C535232F9F42D7C42C35C60FB35A8A
:106B3000D311DC5A2EF8F2CB0529A8C4C1AD9C9A1A
:106B4000C50AE1D4CC521CCBAB6401C5E74533F098
:106B5000D60DD6ECC515FE53BCF504FE5A2695118C
:106B60003B044E2508B0F8F3B304B216FE0509BE87
:106B7000642C95DE3202FE12F11B12D5D59375DD21
:106B80001B196BE3CC1F0E49473CB96D07E70E1587
:106B9000E701B2F94D15D878E7E1B41B092AB153E2
:106BA000D4E62E161BA16E81F4E9C1C10BC22B12D3
:106BB0006B7FDE92231B21FB41331B8120DA4D02C8
:106BC000F4FBA42DD0E03DFF06A430CBD00150C48F
:106BD00003ED52071F290FB1141840442BDDD63D99
:106BE000D2FF28FC16EAC009CF07CEE028D9FBABBC
:106BF0004156FB9BEA23F009D13CE806281F2D0AE9
:106C000019EB05C30202202915DF011BEE0CD60883
:106C1000DD3DE80DF107E64BCF020E185525045374
:106C2000CF2FE90DEFF4F6DD2EAA123104E0BD9E60
:106C30003729E1D8BE230B2FF4D1E3FE0F10F72143
:106C4000CE98E1ECA81F1F18FEE716E850273E1E5D
:106C5000240740E915D9FBB32EFBE8044F08BCF22A
:106C6000E44BEF1B16FE0523EACE1C9FDCDEC907B2
:106C70006A0FE0E311170A07F9F462B31BD84A4D13
:106C800009E40CF19337DAD4F9E70E19E9D2DE29D9
:106C9000F92AF4052CF38143A2DD01F226F3050560
:106CA000D4000740BBFC26CE2EE10629EFBE189289
:106CB0002101C8FA0CE922FC1DFD5BC6DA2AF1E9C4
:106CC000C8E73CC9F8ABB30203050831FFD100F8AF
:106CD000B6F128F517F8FCBF28D303DF0BE3D50B7B
:106CE000F1020704E200FD810AF630D90D051F15F7
:106CF000F418130BEBD6EF182EDA0B0A03F4D317A4
:106D0000462DD5F4DE371BB211D82503DB25FED482
:106D100007F101DFF7C0E9ECF6D001E9EFCF12E0AF
:106D2000461F20BE35BFDBEA0A2AF8E9FAD4FD0A7D
:106D3000AEF76C0AFA1323BEF1FCE2E6D815DCDEEE
:106D4000D9167D05F9C5B4399C3EFE154F23430F76
:106D5000B6093AE113283EDBFAAD0A9F9B05E0CA6B
:106D6000A591DEBBAA4EFBFF603828122F07D1DFAA
:106D7000DE17F217D981FB3131E0070C26DCEE0279
:106D8000FB34ED7B3219E5E6855422F40FF508CA91
:106D900035CAF4DA06DBD6DED614503DBE5420BB2D
:106DA0005723FB1036109F099C45B8A051D34225AC
:106DB000C931241F4C0B12BEDF22FA06D82081E60F
:106DC00005C0E6D5FF2A1BEDD73A19AD15F7BDE989
:106DD000223A4C02DD19F8EF1730A5D418F121ED55
:106DE000E74BE8FA252D06FFDDB4B023EA1C092E97
:106DF0000CD0DB2FDF0221CFEE1657D6312D6CB62B
:106E000002D3E5C389032CE6F3DF2151FDF8CACF95
:106E1000D14D00D714EDF019DBE712CE3D099EF0FD
:106E200002B6EFDFABF116F82ED826C41D09EA9E94
:106E300076D5ED97E2C614B51204D0AAE4D2380E86
:106E4000F5EEC3C2D2E80E0C0FFE30CF3FDF095083
:106E50000C51F0CA1B1702B3201BC91131C681FFA8
:106E6000AF3804EC1F03EDEEC20AB6DA1541FBEBB6
:106E70002558D1A24102D80425C301FE3C16382270
:106E8000BC142A019044E3F90FB9DFC9D5C1EE6003
:106E9000FFFC1B2BDCFE8932A2BA0ED65645FE2B18
:106EA0000EFAD766130C17814D09481FD3F11BF357
:106EB000E2CBE0D922E92239FA26091C0322F4FDAB
:106EC000E345D64018633BCD9DFA12E1D11B3BE26E
:106ED0001DDCA0FDEB4AFD03DCCAF4CC0FE5020C7F
:106EE00025FA7F12E7D6E10BDFC704151C5B60AC07
:106EF000CE1CC1DBEDFA2DE7DDB001F2A4F047D9DD
:106F0000DBC142CB014B032E1102EF200E1B0046CA
:106F1000D8C5E93DFDB30E2FF935A5E9C037B2EE6E
:106F2000FFCFD1EBFEFFCCDD0DEEFBF105BA09C7BB
:106F30002904CFB10BFC381EE305FB2314C54FF029
:106F40005CE404001905EE632312CDE025FD01EB9E
:106F5000D2F1E7D1FCD5CAEFF6CFE51BD8D92AB2DA
:106F6000B602B213DB35FD131EA76B3D2B92BCF7A7
:106F7000F9C24FD9CDE1BD189D1D38F0F481D7007D
:106F80003BF3FD49EAAE1D40EFFD59FAF33101999B
:106F900077E9E3E4055C22BFEA16E0EB533BE291BC
:106FA000F31CF3F6262C0514D21C10113EE4C54048
:106FB000EF2C4A1D4951CFE223E5DDF513240110E2
:106FC000F710FC1BE4DFF4EBB82913EB06130521E3
:106FD0000E0EF6E2EE27F112FCAF2104D6013EE2DE
:106FE000CFB10904D9390C211A21121100F2081766
:106FF000FDE41723F981FF1AE1E3E408EFE20A2533
:1070000033140319EDDD30F3E0EE02E51CED1AD484
:1070100047E61BFA0DD01EE9EB15F3F2D72300C5A6
:107020001023FE28143CEC2FFE44DDD34604FE0C56
:10703000B6F616F60A0D26F927C1F21CB5DB0DEDE2
:10704000FAED1F69DF3BF140FFF39DA1FAD5F3375D
:10705000EDD7BCE5F65AD9EA0CF5220C0CE3FCF8A6
:107060000E8F12CCAE4CD2FA4B30033E1504E6FC28
:1070700090E3D7C6E7D0EA1EE410113EEAB70F2F1F
:107080002C03001E1EC7F0BFC038CEE6FFE9178FE5
:1070900045E41B15E1FF12B70E32EA25691213060B
:1070A00022F4EFD4C15E1A498122E6BE38E0C9E578
:1070B000F1CC3BEB425532CAEB259A3111ED7F0FF3
:1070C00015DE08D9C1EC561B43F1163F702D22F096
:1070D00011221AEDBFB1F99B1A12FC10E7DD14F86A
:1070E000D9FACA171DF3C4EA18EE03462922E1BAF9
:1070F000184370CCD5C913E8B8E2DDE8E13EC532EB
:10710000CEE5BF05E7544434FBDB201FCDC0E0557E
:107110000DA7D3C2E73A1B2ADB13E124C2071205ED
:10712000B5F8B13BD16AEC442D0F27110BB7FB1E0C
:10713000CF3AD950ED05F1EA1F241FE00CB64C07F9
:1071400004C1F286A70126E01D2D1E3DF90F3EE188
:1071500025E950ED470DD0C2210CF0094A24A2F0D8
:107160001C2E03F41DDC0625FDC6281020DF45C2B9
:1071700048240681BCF8F0F2DE1B69ECDE23F83F00
:10718000CE044696D35E015254FF227162D7366414
:10719000F929223BC9B69071A9FCFEE724D6DF1C71
:1071A00026E7B841CA48101828E7444ADDC7F0B8B6
:1071B000003407250D01DD2732FAF9C4BEE4CAE820
:1071C000EBF4B2AF88DE20CB0C2F7F12F0010B3333
:1071D0001C342BF3DF0B23CD3D41CF12660AA71DD4
:1071E0001A3B35064D0FEE08E30B11DF185F0EEA70
:1071F00045CB0DC30EDCF9B7D427F402E3EBDA2755
:10720000E243FBDBDA573B28380B343516FBDF1B38
:1072100099E73228D7FAFA26F2E8260FFA36B3545D
:107220004197E42EFB18EBDA40D149F1ECFE38FA35
:10723000DDE010DDE6FAC7104E213324DF0030F820
:107240001E0AFAAACDB5F52534142A253137361091
:107250000B3F1DE4E58E3981DDE40202DEDBECF854
:10726000F2B4E9EC2E08099A2139311D032B06D01E
:10727000CAB331C2F602F5EB4108EE302242D046E5
:107280000D07C0AFD14543CA05F0220606DC47080A
:10729000E8D201CE16A9EA37D716D9BDDAD92335F7
:1072A000FDDB1C061713EF0746212B03150740EEE5
:1072B000F02A29EFEDB91FDE46E803EC16F122159E
:1072C000D9AA03FFE8F10F00BF9BFF0A0B2D553130
:1072D000F9FE2D0232DBF0E1D13A35FF55F4D91138
:1072E0006A652A482CE0C7F4F62A42000CCC0D232C
:1072F0001417FCA1D415F0FE22F42A190AC8F103D0
:1073000011CD2DF6BA0E2830D8E7DDE0232CEF3E64
:10731000F01EE20EF1C6D5D4D381BC33F5F119D7F6
:1073200006C5B0F8DD0207BF18CEE1ECE0C903CF17
:10733000E21DB5EDDD20260EF0070AE9190DDDFC92
:10734000A3D9DAAAB7F0B508E71CF70C01F9CEE823
:10735000D80EED0ADB333E81043015031FDAE01846
:10736000DD41FA1627BE1AF8C51A97A9CDE5DD0F3B
:10737000382ED50B392DD0F7F5F061931FB6F4EF09
:107380002A021CF7A46FDFF4C022FFF3CBB5F02B69
:107390002E55EE0016E1B128B5CC18FA102424EFD2
:1073A000240AE5F8F4CE37B727A4FE52001911ECF1
:1073B0003E00F8F4F101F6FE1A23484EE52C2FE4C6
:1073C000F915089084BFDFBB3D2F7F24FE4E0317C5
:1073D00018E23E09E3BEACFC81E2ECD6C9A0349EC3
:1073E0004E925B21E50715B4FE2E3E3B1F5DED2D51
:1073F00016E1F1E80BCE3121D1068C42E5479A58CF
:10740000472E02E518195A1B07FD28E42CC5EB216D
:10741000D9ED2694A4BAD4112C73CB2DA6FC3F0A27
:1074200031F81BC6044DE740E9176CE4E8DEE2E200
:1074300097D9271202DBFCDB03FC5F03812D00D20E
:10744000EC34E6415AD72C20DCA6ECB9EBCEFFBFDA
:10745000101C16E721F4C70F33272333200021CB5C
:10746000FF3907F5B812D9DA2904F21C3CC40A071F
:10747000CD0741B9154BC927D54ACB043DE0FBD315
:1074800010A957C713C9062A3D4E2200F91CECD398
:107490000B60EDE9CAE730B4ED9A98EB15DFF73CE5
:1074A0001A457932AD060C00AEA91D42CF1220EB71
:1074B00028D90193D70C3C91ACD3D35423C47EE399
:1074C0003DF635A5CAF10C0942EC4AE857F85325B8
:1074D00021EDEBE7D5B9D501DDB90105C4FA38C016
:1074E0000EAFF61225F0A546FABA2C311039F61D6A
:1074F00007131AEDD5E2C6FE81C911F0FE77C34429
:1075000026381B143B33711CBBC1C2F336CFF32E9C
:107510001CC8FDFEDBEFF3373E3405302B1100E3D2
:10752000CEF2D546D85FF9602AFD6800BDC6D8FF07
:10753000E507DE2D08F4D8DF0A05EF1C10D0382946
:1075400010EB209602E6E63D1F04EF210ADD53070B
:107550000333500CE1BEEA81F8E8E6DFEB09EC0604
:10756000C4F3EAD52D0B1C0C1AFBF504F41C030E16
:107570004E232C0525EB092217BE4F200EDED728FF
:107580001C11A50ACD2A3DFBB3234DD912DBE20A1B
:1075900022CFD511F509EA31D9CEFFD4DB2C01F782
:1075A000D6011CF40149F2DFDC3306FA1EE91B1197
:1075B000FA2303251525FF172902F4000FDDD01942
:1075C000E5F7CCD3D809D5F933F5221911E3EAF15F
:1075D000FC200DE91B1847DCF010ED0439B6D83457
:1075E000EA27142E17F3D8BDF72CCFC613E70101F5
:1075F0004C35ECA7D4FBD5DD01DC038101DF2A1279
:107600001AF9DBC9D317DD10FFBDEDFBE416BFEDA2
:10761000E10707DDF90DAC2F88B1FFEE2125F72832
:10762000E9FDEA0A24CF12F937FE2223031DFCD418
:10763000EDE9D71E02E4FA20C2B3D2FDD6CE12DFA6
:1076400017A8EFEBF654D4C6E322EF4B3119DFA9AC
:10765000F43B28FE069E1AF2E6EE13D0FC129AE9DD
:10766000116AA5A34225C0F8FC45ABD1E3A8E59C6F
:107670001121B94E5C29D8D54F4937DB03AC2067BF
:10768000E3F5EABFB7FD9A0D2E514CC83FD3F81D64
:10769000D875CA27F2252226E5D3D4F2392ECC3E5E
:1076A00032C7006422CD7FB527E02C28F81B4F1D80
:1076B0006448DFBCFCFFCEE8571329E9EAC8EF0BAA
:1076C000A814DAF2FB3E39B8A112E6EFFCE619C9BC
:1076D000E309E6ECF333E2511001DE334E100F23E1
:1076E00045236725B51A0827DDE4F80935020CDAC9
:1076F000BF2EB63801070B201D35BD06E71D40D94A
:10770000E8D831EC2CF5D22B31E7B22AE90E39E971
:10771000FC1F1C24FAE6C7C3FDC918F51623CC319B
:107720000610460DADB0F4DD1DF6F9171BD4E601C9
:107730007F1B2EE6100CDFED23181CF4301B06FB1C
:10774000DF19183E260F5105CAB00F8182F6F6A246
:107750003AFC46DCE5F6E5C00531E83E22FFF6D40A
:10776000361E02F2F53AC2DCB6EDFEE21AB228C5C8
:1077700011100E05DC45D1D11446054831F124EB3A
:107780000DDC30FE09C2AF275222D5FCE42F2FE8D2
:107790000163FAD6E8E5FCF3C4C6F6EA3ECDF7404D
:1077A000F4D3FAE3C3C2D1EAF9E108FFF50024D12A
:1077B0004A0934B29107C3D2D9DA94082DE26DFE9A
:1077C0000E1CF6EDD643FC261CD9FCD446164FEC15
:1077D0004EABC9C7FD091ECEB22223401AB73FA443
:1077E00029D0D4792536B4DB0FB1103BCC082DD28B
:1077F000A4053EF8B302C833BE00354FEE5C251E2B
:1078000025481DCC533D4E6BDA0734ED12811B4DDC
:1078100000D8A702DBABF63A1A221E6622CBD5FFB0
:10782000D3F2856ED4191F2F130450EC28C9E8FF3A
:10783000B9248643EE01EFCF1D0E5B101016D12F39
:107840008C65DD342B5F4A3F93CEFFBA11FB03DF1B
:1078500026A7F6E0DB7BC836A9BF0B42360D1BF32B
:1078600042034A0A03EB253D0921D13213023AC1F2
:10787000B33181C3240923E42A04D0F6F4E2EFCD26
:107880000E0C5F3720EAF51A0E09D31938FA46F0C4
:10789000E138E452D7B2ED1A0A0ED9BF000AEB1D47
:1078A0001203D62AE0BA22E81F3EF2DC0CF02D0DBE
:1078B0003EAEDCD7ABDA43E301EBC72BBCDDAA035A
:1078C000D905C50D0DEAFFE536132E024AF91ADB7C
:1078D0003CD30F160829DFA93600EE2252060135E7
:1078E000B655131705FC44E0B3E8D7A61CED28D520
:1078F000FCE0FE2916D5F3D316B1F89C32D717FC5D
:107900000E1DE0D90005C521FEE70002E48AC12270
:10791000380FFB1424E5814A32DC29B8083AE21416
:10792000DB02AB29FBB44CA31EE1E807FD030FD437
:10793000091916010DE4113D4CC3E3CEF800F6051C
:1079400016B90281DCE9B9AD400BE63543C105FD4E
:107950000F131925FB3CF5D01D19F5014BEDC4168D
:10796000E840D91839EDDB27C613BCD102172F0622
:107970001A3DE3D2D2F3D5E606E00DB32DD3441879
:10798000EDE0C7F2A6FCE1BABEDC2140DFFED30386
:10799000CB29D3ED0D3AA314F197F9C2264205374E
:1079A00007CFCAEBE20E0D862A2E12D22C1811EF49
:1079B000CE01D2E8FAFAFB291D0F0BAEC6210B400F
:1079C000119153FAF00BC924CAF73D1524274D2114
:1079D000B6FA26ABBBEDDF1E07F5E1D6E8AFC41162
:1079E000FDD4D3C2EFEB0AA725E408F904FFF22C7B
:1079F000D3374A062E810B11EBC9F1DCD81FED52AB
:107A0000351BEC26AF0851E9B0FB35F9DA251D1519
:107A100023F1F3D51EA3CCDA292C39DBDEF23908A9
:107A2000FEF520C2CC24D89E120CFB0B05D212FB13
:107A3000A8EB03E8041D120853233A81D7F2061E6F
:107A4000FAECE317E41B071612C60B050327F32B0A
:107A5000DF28351D0ED5F4BCF61B4AFF1D06E305D5
:107A60003DF40D043914CEC53628FDECE9380E126C
:107A7000F91F25BCFEDFD119F326CFF4D058274BD0
:107A8000EDF4E0DAD41E2BB3FDE02C2F2ED8DF0F5F
:107A9000C236F30FE0E2ED1BE0DF20D61CFE023F12
:107AA0000331EAE00FF3DF3600F6CF04D833E6D136
:107AB0000F2936DD08C605F4383E4BF8C2FEF20E3B
:107AC000F2F5259ED1E940D5273C20430737FFF446
:107AD000AD4222C9F8F4F5C20D0A1413E5F901FD0F
:107AE0002AC7F4FF04EE04D41B2358220F172CDB03
:107AF000DAB01DCD1081F21809ED2835E8EC065AF0
:107B00002B01A1E5BB235B8CE945E5030BE304D422
:107B1000E9D500DC14B4BAF3D323EE050DBD501241
:107B20002A2667DDF214A2E7CE15102411C7D2D69B
:107B3000AE1206CCCDCF38B0ECE8FFAED131EB19A8
:107B4000E050C630D644FBE6C23600C109E2092740
:107B50003BAABD161773273408AB0219DDBF0B35DE
:107B6000DEE541EBA7192F46030C93E8E22FF6E977
:107B7000A712A1CD10C320D22CF2FE0BE7E2CBD589
:107B8000D70DFFEFF0EC273BBF05DA2120FFDB0F1D
:107B900026BDF71AE6202EDFE85001D60F0721B8E0
:107BA0000A16F817D7E0C2202A32CC8726C6F33D42
:107BB000D204F90AEBB87FF4E51CEB10FEF4439C09
:107BC0003B14083B1DB9031FFCD3C0144BCA0DDF87
:107BD000181FC5FCCC81C3323433CEB0DB413CED41
:107BE000DF3710DC9FD5D71A34991417E4B2FB495C
:107BF000DEA4120CFA1BCA4DDC1847352BED050B21
:107C0000F3D2296F4ABA062BFE411A09175956AE0C
:107C100008B9B7F4F35F3C1957200BBF04CCEADC7A
:107C2000EE33F5ED3263CC1DC7CFECCBEBDD1E0D93
:107C30002A0F1B3EDB58C6D0DA0501BF12FAC7E592
:107C40003BEC24F3E341EE1F0CC4E41A06FFA64804
:107C5000FFB7FBCD02042DF0FD2CFEBAD412E8D301
:107C60002621C30A12BD21FAD80EFCCEF718250230
:107C7000E9D6221415DF20FB242308FBD2280DB7F8
:107C8000F3E3C61A81E24FFFD7FA061408CDCBF909
:107C9000153FE2100527DAB2B7C2F0CCAA070BF005
:107CA000FBF90AA8C1DB27B82430E2FCDFF5BFDD11
:107CB00000EB16D8F6002CAED1EC40F99918D7207D
:107CC0000FEA1FC419E3C20B030CEA1CCEFEE9DF66
:107CD000A8FF4DFBC3B014D42EF1E2CCECEEC6BB32
:107CE000FCDFC5C4D9BC2CCA38290E4A260EDA20BE
:107CF000CB20F62DF6CFFFFAE52921F50EB5B50F0D
:107D000028360A06A2BE0D81321FBCFEE6300AA04C
:107D1000413920CDF40D00B4EBFB215FE70BFE17DA
:107D20004E6465A215370D28D651CFA9FD243A150A
:107D300052024820332FCD4E20102A1812043D0B3A
:107D4000F5EB361CEAD02A3426D6F53DF3F053FD88
:107D5000C5351ADAE0FEC8CD15F02BFED3EE24C5EA
:107D600001B710FB2F46BBCE3E3146372C4710D40F
:107D7000DAC90FC4220DFECEE3450124E67FF80FD9
:107D8000E62CCBCBE10D6AEEC92B19F6A6BB09E1B7
:107D90004FCEF4AABEC4F9F0225CCC3438FE2C16C7
:107DA000EA65DEF9134EDE5FF41D291BFFECF52EAC
:107DB000DF2ED4052407D5CB0B3038F2C300D732E1
:107DC000F1E806C215DCFBEF1B2E1E0FDEE7F93CC7
:107DD000F32A3AFDE2F7F3811E0B15D7DF0AF5FD12
:107DE000ECF0F4C806E3F8D10046FC241007DC11DF
:107DF0001C13211328EAF5DBFED2EB231ED9042144
:107E000007F3D5FBE12711DED60CEA0DFC08FAD307
:107E1000F0FEF3D6EFF70324F8F7FB1BD42913F594
:107E20001931221220E207EDC901B4EAF7141D0B43
:107E3000F6ED2716EEF32F163A220AE102E8F103D7
:107E4000C6540607DA3D1EE1DA150F170DCCBA0F3E
:107E5000DFEF0238B54B2A5DDDD00B29D1EC05E907
:107E600031EC0D0BC712F95301E58118CE3600AE87
:107E7000E30BA228280D0FC3261EAAC90B07ECF797
:107E800032FE333B2AC5174A5FED0FF927DC181D78
:107E9000F0E4EAFEEC0C34CF1A010BD500DF2DFA2A
:107EA0000C3C1339E9C1E00D2CDDF4C2120A621654
:107EB00041E032F8FBB51CFE373663E39D31C10863
:107EC0001604BAEDDC9118C02808B7E23EC42300BE
:107ED000E5EF2930A9BAE1E2F008FA20001BACD4A2
:107EE000DC14C7BAFF2814B11EF329FF11390FE4BF
:107EF000E8812DEDE1D0C2E723F78FD8523AB606DC
:107F000026D9F714F217D293290CFBBAC5E021EF5A
:107F10002632F0D5E4FA06FAF9BE3C16D3A5ED0DEB
:107F2000B825B8B819D2E41D70E009E41C3B03037E
:107F300093D108133254F3F4DC22E315343258CBD6
:107F400073FAE9D400EBD4EFDA2ABE025C0B18BE58
:107F5000382F990B20D9001DE9B02299DC310BB6DE
:107F600000FD17540F1EF2D9E2A3B8FCFAEABBA831
:107F7000DBDCFA53BC4A163300E703F9B3D3F9C389
:107F8000E5EB1B3BFAA5EE5F024C16091EFF2144F0
:107F9000CAE58127FC063567F4DFF41ECCEABBB7DF
:107FA0000D1FFE28303903DFF5B63716A4E92B2C58
:107FB000EC152902E1F6E2B2C7F6E9B047D2B4EA1D
:107FC00033B9261950D5E0AF31F203182BEBBF13AC
:107FD000122621B2E302DF35D10D081302A001B64B
:107FE00014CE13E3F5F4DBF1E705F7F346E6B90445
:107FF00043A8F9B6F3BC8D46FCF01BDE123D0CD550
:10800000C230FA10EA902D22FFFF04B2CD81F3C1F5
:108010002A26D9321CFD2F2D0708E6CAEFCC1CD426
:1080200029C2CC1BDE3B29A3BF0A3AD91AED344240
:108030003ECEF239CACE3655F00FF0FBE9FD15D62B
:108040001DBAE7ADC105F6F9371211F2F0E5471296
:10805000FB2931F6DDD5F9B1E12C0CFF3616DEDE59
:108060000854FDDA03F8E7CC1BDDE808080AF2C87B
:1080700013201DDC15EFF5FDEAEC011D2037FB2F69
:10808000EA310AE6F25415EC360FF2201BED1C7FA4
:10809000D81DC4E0F4DE092E13F6BACBF1E507448F
:1080A000E2ECD6E6202C0BF113092725B70C16D0ED
:1080B0000613CED6080CF90236DD37F8E14096FA01
:1080C000A01812E938DA8E9A923937F84F1EE3E396
:1080D00013F2F5039110F56C00A3BBDEE601000D71
:1080E0001BE0FEDBF712000CD54FD30A1E51B6F78A
:1080F000BFBBBBF7DBF81DD151E888D8ADA4F4EEC7
:108100005143EF1131C9FA3563F9B5E43229280436
:10811000C302335A23C515C9B91BE000A1C9E092B7
:108120003142310C4BF10AFDFC2545A9FDE85E5AB0
:10813000171A1B1BD6813EE227F31CB0A4E5291BAE
:10814000CD361C08190BEFF8E5D2C0C9BC20D6010A
:10815000F5E83E5E0344DBB318111F4AE1F5FFE981
:10816000FFB8EBF4E865F6D226131537FDC22215E9
:10817000CA191905EDEDDC3B122CF1F53EF2FF1D9D
:1081800029AE0FF1E4C30FCBCB3B13F6EB30D68116
:1081900017F62532D701F5DE0616CFEB3FF5F22CA8
:1081A000E72A2DE198D50D06C3DBFF0620E9DADBCF
:1081B000353645F514F1E9E545ED2F9C01D4F00580
:1081C00013ECFCF0BB0C5924298D51E5E4D6790D54
:1081D0001A57F44224E6FC83E2F9110D1EBEE90CA5
:1081E0002504E1310E02B8E2EDEFD61B0AF7D4E028
:1081F000D81A22A4BA12E72CD9E4F42917311F4A5D
:10820000FE0A1A81F22A610E3EE7EE0AF3C0DF3061
:10821000AE11F2D7C108CA342ED318DB04D7F95AED
:10822000DE110102D50924243D004D27B70249EB98
:108230001C5C05E4A202EBD9E5F5192CFCE334053E
:1082400014D6E1E1C49751F215D55D0532D665F13A
:108250001A3C2FCECCA3EDA7DE2F124514C511E199
:10826000F6BF093E06E0DA81FE470B2D1038FDD837
:10827000BAFE4099E21047C8134FD825EE78F70FA1
:10828000EC2218AC104D455249D815DBF9D31F70BC
:10829000F13FE70DA0DC01494D1625F605E1563208
:1082A0000F13C8FCE742094823D04AF6CDE4E1C0E9
:1082B000D515CBDCB0172DB1ECF0F12A18EA26CD9C
:1082C0000FED0C99E2FF15BC173B59F81AFDF4208D
:1082D0001AD2F2EDB4EEF9069AFF0BB033C505D20F
:1082E00030080C0F22011314D6150802E73AF29F4A
:1082F000411FD89D0C264705C5F6EA0F001E2B2707
:108300000105520FEB7C44577FE9E913239F145A70
:10831000A8F6C122DD032C071DE7CEE4DE01CE4F17
:10832000F79716CD161E43E4F9ED421DDDEA4FDF47
:1083300041E7DA14D7F328302F231DD3E5F5E1EC1C
:10834000E04AE435195B5DF5BAE103C6811B35C629
:10835000190F16EDFD1CF417EC25FA3C59C2231E2B
:108360005A1CFD10DC42D21F2A13E5FB19F2FEE174
:10837000C23F1DACC721D53FED6D0A1B263506094E
:10838000DDB6FA05FFBBE7252B28CF35E4FC16DF69
:10839000A23FD5FCD9EA22BD0CBCB9EF3E2DFC2F83
:1083A00027F700F79EBEC803F5C7E2FF1614C8C33F
:1083B00044F929D9B619FF01358A2FD2091DC90000
:1083C000B01703C8310AEFCCDF39F8E8ED08BD0873
:1083D000E0EF0DFDF3C9D3DB281EFAEB1A1E410BAB
:1083E0000A83A7DCF91AC0C020BFFCF931DEFB46C6
:1083F000D9001CB2D6E4EC3437E4E8E213DEE4142E
:10840000F8FADCE42F091A95DF200DC30AD3D18EC8
:1084100012CC1C1B31DDF301F6F4E61D1E18D92D1C
:10842000F433F4FC0EE318399941A2D74F280CFD20
:108430003E8117E2F83406E62A2D39C9E7F4DF1841
:10844000C41C18F1EC1A1F15EEBEF5E3D911FF1686
:10845000F025E83B235646282C7F47241C12AB47C7
:1084600029EE4833BBEF9BD9F5511BFC25E83FE6CD
:108470001E31CAB6D0D6BF3531FFC0E8C10131E6E2
:108480000EBCD6C2BEB3F401AE3805306408B4EEFB
:10849000EB36F742DDB90B24C9B3DC180D40C61E1C
:1084A00020083624E1E3FE1029D4DD44EC1FC30884
:1084B000E9142F98EDCF2ADE47F037E5FBFD0F1DBD
:1084C000A72019151B082217D11CECCD0B19FC1B7A
:1084D000E5A7F718FE7FFB2AD5D83A0F260FF2132F
:1084E000F7A33D2BAA67000B2E18F3E417FC2AFF15
:1084F000C7DEDC261EB60417F2F6FA18FAF11111DF
:1085000025C1140900B9FCFE9CCCE7EDFB05F9B7C9
:1085100032052B040BED08C00624D4DD1611E2153C
:10852000F605F517AAE1D720DF15CAF35ADAE7EB0B
:1085300004C238A41BDB2EC045FF1686D62249D7BD
:1085400021DAF19BB8F323E832EAFCC9CCB714C7AF
:10855000D0183C05AFD02DDD015992E73490034B84
:108560000CF705F9B8D4BADE4125DDE91602102072
:10857000E9E6B833C9B2C9F53CB004072124FE814D
:10858000C7DC0410D6FC371BE7E5FAD7D3DDCF04F0
:10859000DAC1DE1FB2F321BBE9DFE9C0C5D711D6CE
:1085A00018D2BEEA1B08D3E751E1F0FAEA43C3311F
:1085B0008CB9041713B0FCBE05FA7BE7CC35DEF5A9
:1085C000EC3C1908230D5CF707B4170C98DFC80EB4
:1085D000E0D41B1B0F6DC0FBDA1FFC10BBE52AE1CA
:1085E00008AA1CF8D54211DB2B3FEBDD05DB1D187B
:1085F000B029F8E0ECEB101EE161B22ED622E3F0D8
:108600003FC6F002D9B52088DD2BDEE0E827DB9EEF
:10861000FC141622EACEC1CB2C00D6084CE0D5457E
:10862000D439430F81EEDA079F0FD9161A1DEAEFEE
:1086300028C326A1D9EA41BB0CDFE8F7CD0906FC27
:10864000D419E027EF4A101FB640F7BD1D12E226ED
:108650000DCD15E5047F0920F9DE0B03F1E842E6B4
:1086600018B62818D11A125517DBD2000DEF2D09B4
:10867000E2DCA5DD06DE072801F8C7F6FEDCCAD37A
:1086800006F6F8C1E8C2420EF4EEFA092BEAFBD76F
:1086900004F1E000E9ECE2DE2F2CC3FA2806FED359
:1086A0000EEAFDFFD70EE836B3FFCBB744CFDBF3BE
:1086B000FDF63523B31C1DBC0B0515BEFFB7091D08
:1086C000FEFFB627EAEF3AB329FE2940EB132490C8
:1086D000B210FBFD1BEFDB18E2C3F1402102CDCB52
:1086E0002D2827E7D3082A40A3C4EADD0A01E9BC04
:1086F000413C3B3FCAE5AEFDFADFF3D5FCFCABE500
:1087000004C3DDB6112BA05F011108A50EDBCB045D
:10871000313A10DDE420C6F90ED445FAD4B02FB6B4
:10872000F22EF3E21DD07FC128B2C60EC13625A1BC
:10873000EEEBF3A4D30DE9272427D2068EF9BCBFB4
:10874000260EF21637FDF2FCD52C15F433DDE88148
:1087500017EE0CFEAC08EF2BCDF9C8300DE4D6D2E5
:1087600033F717FD1C95F7E3B932BDD8E705D3E31E
:10877000E32524D3112941AD23EEEB0934F822FD82
:10878000CC0D40C0EE29CF2E4E13C4FF39E71C029A
:10879000B0DD01320DF7085AF531DBB0C037030008
:1087A0000D0C2EC90201F1EEF923E3C9D7E71C1223
:1087B0000F1728F21CD4E03B2CB50DE8DEE91005BC
:1087C00004E4FE0AEF33F61CDB2808ED2CD9F82E62
:1087D000F4AAFBFF207F1B1EC8E22321EEC60DEA90
:1087E000E0051015E42E11161D07ACC9F21A38E089
:1087F000E3E4C6D441DA10E805F9DAF8BF0CF7E98A
:1088000012160407EEEA330210F2171210CEFDEF33
:10881000143029FDE5E11ECEF12E0AB5F1E21FD597
:10882000090AF61DDCFCEAF500019FCB1400F5E710
:10883000EFFA190DF6F932CFA2C20603FF951FEF2A
:1088400031FB5CDE1AD5D324F2D2A73E1CC01EEE4B
:10885000F8D22A10E014C3DD35C7A7D2D30B20D03D
:1088600018A2D2F7FF01F8DC621A7F40D315ABFBE8
:10887000420E3B1D2E01260BF603693830C2C6D9C5
:10888000DC22144BC1E52DD8F30B1AD10E40F8D6DB
:1088900035C2BE24F01431F6FFDE0F1CDBFE08F2F9
:1088A000373E4FDC22560E12E81DB7193BEAC5E9E8
:1088B000BA41E20533F8BAFF25FA1822C4001410B1
:1088C000DAED0CFDF820B5B6EB4E46CE1E19F17F61
:1088D00021E605F2D125EA4BAAEC07B913CF3132D4
:1088E00001FB16140E120137240F0F12034AF21A5D
:1088F000DF25BAD414E80724EEBEAF09A722E83575
:10890000DCFC1AE7094538E61F00C8D2FEB5E413BF
:1089100020D007C4DBB42A19F571D019F9D0C9D316
:108920004BF5E40A1E2A282AC813E49F34DBF950C9
:10893000D52408D9DAA932D302D0D10FFCE108E757
:10894000DADE192EE609DBFF8125F6C313D0F82005
:108950002BBB39D2C4590E40A4B91CB1DCAA280ED5
:10896000F601C71CEFD80252FB13C4E6F4B0E1D8FD
:10897000DCC4A4B8E0A6F404FBD2D6B6BD172AE640
:10898000B6A81EB840F94D4A11D4E0C540ADCB4061
:1089900030ECD5BEB62226F74805AEF397D4E5F401
:1089A0000427BFCF36BEB119E42AC3FBD2E1E0EF02
:1089B0004DC01C12190A10BDB3EB20E4C0D4BEC5D3
:1089C0002CCC09A11818CBA4CCEFE6FEF6FCA8E14C
:1089D000FC34DE01C683EC4A2524CECDF748813233
:1089E000092AB0D6DC0617C5D741DE44D5F1E4B07C
:1089F00040E0EB391AFEC8F7400CBC50030411C22A
:108A000016322C593B21F040486AE6C4E13F11D9A7
:108A1000D148EEFA1929479FBFBFF3A2ECD3FC1D42
:108A2000636A30D21EEC42C6C22FC9E918D25F4138
:108A30003B002005E9181C2A32D8230220F828061A
:108A4000E855EA4C23275A3EF9E4C0C9C4D6F98157
:108A500032D5CE1AFC37E134F94AEE4A5BEC51B616
:108A600003E5CCECD5FEB50021EA21051DE0E9F7D0
:108A7000BC203AD7DE1C0010C8450444483C0C2AF0
:108A8000E6AC1E995ABFB63FD70F00480B02FCED6B
:108A90000567F53DF3EEA93E24EE0015483DD8F1FB
:108AA000D843DDEFBDD394BAD705193DB5CFD0205B
:108AB0000F1C3328AB0A0A051693F5A7CF2CCC2E32
:108AC000D1F626A21915C9D6340636EA53F4BF06E4
:108AD0000912F8FFF93213E90F3D8AEF2CDAB44F8F
:108AE000D210F1F6F6F4011C18DCB0FEEDECFFFF3D
:108AF000222C1FD62DC3B21C24BF1DE022A93E0686
:108B0000E212C50396F7F9E1BEA7DC1418CF81FD88
:108B1000F7EB01CF33F1A73D99A82201183FF22EC0
:108B2000FCD7C80710BF41C0290F13B3F33846F173
:108B3000FAFAE9F827CD111D08ED040DC3F5A4FFDD
:108B4000EC17B9FEF09127E72CE307B9289AC33850
:108B5000E1F1592D81B4A327171AFED82A0B0BE295
:108B600032FB1B0DCA2015F8C4EA2DADA81AB82A8D
:108B7000FBD3D3B707EC028E35B7BFD90E2A190B3A
:108B800029B80D273D47280C0E1515D5B2BD3EE37B
:108B9000D2F8D9A7EB8FE1AA35DDD8AC09EDF9DB26
:108BA0000E4123A6E3E205B420E9330FD0BAAB2F80
:108BB000F8D86F15BB22F2ECB3D19BFCFAD6122287
:108BC000100C0134CBEB3AFE71D0D42DBC0E16A4A0
:108BD00007F511D60BB6F347FB0CCA25D1A5D80172
:108BE00041DCF58123E3B50502F0DC050405D0FE88
:108BF000EEBAE7B0C1DAC8DC30FBD8EE40F5B720FA
:108C0000FB4314C207BC9F1F461CE43DF8DBD01990
:108C1000F9E6CDF3E91BDF13330525CED9CE43B3F7
:108C20000B2AE2EE3BF26509EC320D1818CAD1D1DD
:108C3000AE8EFF2CF3F1FC98C1DAD20430BF6FEE98
:108C40005AFE29E51A1CDD0113E2FEDF37DD562F3F
:108C500044D5CBEDFBC81F16E0950FAEC138E981B6
:108C6000DD08C42EAA13A51E270043E4EDCB8F2EEA
:108C700036CA1A51ECF90D2C8F0F2EFEECD6F0D11E
:108C8000001E2767E5FF312DFC5255B4451CFB2E15
:108C90002CAEA10ED857355FFE43C64B03CAEF99E1
:108CA00019F0BC39EF519E36D1022BD1DE1CE42CD9
:108CB000BF1B0522101EE3E02CE50A1DF7F9F8158D
:108CC000FAF13520FB2A81F8C84BF2AD0C0C0B23CE
:108CD000D2C210B803F4C22E1DB62DE0E4EACECF06
:108CE000FA96FB12B363E9213B0F15FDEB273B1D01
:108CF000B315C11011AC1A0CD6E8DA09AA9E1913E3
:108D000015013825F3DA0D0BC1D8E8F1DAC6EE010A
:108D10002DDEC504D6F3DD10262B08F32FC917F47A
:108D2000533BDA371152160F1754B2A633D2DC5A1E
:108D3000CCAEDF1415110ED532FDD61F19A51CC0FF
:108D4000EDF62197EE0E297258E0C74AF1FF701B2D
:108D5000F91D49C217CECB952FFB1F0EE5F4FAB7CC
:108D6000E8B0160F26CBDAFB35EC7F2D41E5E00E9F
:108D7000AC2B6DCDCDE3E214DADB1408347E942203
:108D80001036EBDB1C39793CE8B845E403E13AF9ED
:108D90004CAED9ADF0E1EE2546D4EC4513DC152FF1
:108DA000AC1EFDE7E744A342BE1A45660909ECE4A0
:108DB000C11FF9101E2C1912E28BF7CB9FFA243B2E
:108DC00029D71BB1FB02CADAE7580E2F65F5012936
:108DD00008010927EC0E5AA70F38E3DC15EE832AA9
:108DE000D32EEF05FA00EDDFD509D2B3D72509D789
:108DF0001314BBE7ECEAB0EB1D0245E2FAB52C1107
:108E00000C27EC379A2ECC0F9A07110AE6B784F795
:108E10001528EEF726E6DE08FA8807E6F836F0169B
:108E2000299BB93D12CA4B812A08F53309F448EB56
:108E300025C3F3ECEEDC184D0FBE12F8851CF2E6EC
:108E40001CFDEE391EAD3EDFD0B7EAD03DD7E9BA02
:108E500037F2E9ED99CAF3E6D5E4D433FDE6D6E47A
:108E6000E642E2C914E4330D1522D209EEE0B7CC94
:108E7000F4B9EE47F712A5ABA3D8E80D28D721E740
:108E8000D9AA2FCE1C0B360E28E8E131D4F223C12B
:108E9000CA1BE381BCD823282DDC02B510C2D3F64F
:108EA000C0FE03044DD9DDF83911F2E4D70EEA25EE
:108EB000CDDD59D6340DCBE50516A81FD73C3FD4E0
:108EC000F100F40B3B0F96DB8D5A163D634900B65B
:108ED000EFCCDA1FE83FF835B6C020FBACBEFFB0E0
:108EE000F74823F1EC352C2ACFF817B421E70AEF25
:108EF000B8C0CAF3E5E9F91313B7B6E2A7F1E7BDC5
:108F0000D7685E3809FB4226C62BFF2440A32BEB13
:108F100028D8ECD711FD1F53CC3104E6CFEDF181F9
:108F20001819141F3047CDF32607EB84EABA0B4B10
:108F3000A3FDFF1BDB004DF0F7253CDC81F1B5D92B
:108F400000EAE7F6FFCAC4E5CBE5F1080ABA0CC8A7
:108F50003CF910D6C6BD28D3E306DBBCF1E3CCD088
:108F6000F80DC6CEF8EFECCAE8F707E5B919E70E39
:108F7000C9DD09ECF30300D8CEEDD4AAD7E1D218AD
:108F8000ED1322FA0A1CF73B1FB509F5F312ED08A1
:108F900026D0D3C0DEBC3055090B0EBEEEE1F7196A
:108FA000E42903E4FD1F001635EF090CBCE6EB16BF
:108FB000F1CCF905263D132ABF06991751B1132AA2
:108FC0006FE2DEEBCB00D05E550881C315BE18D032
:108FD00034FEC6F551E710B9F8ECE6C9FEE1369B60
:108FE000F716B3E0EEA7EA07EFC23F222BD2844484
:108FF0003B5A2F06EEC4EF3C11FA290811D1F8E6CE
:1090000040F9095704F93452180127341F4017302A
:109010004713B705ED56C016B3B74B132A1710A266
:10902000E216B856AD3BECBE9FD719FF080502010A
:10903000E6142E08E0DCF51DB321A00F1EE93AEF7F
:109040004A2EE823E8FEDDFBB93400FB41F12DE1B7
:109050001FC08F18F21C142014C221DBF5EE2594DA
:1090600008FDDE46B5FAD132F9B7013B11D9FB1044
:10907000BD04223121F4D70CA9CF3A16AE12BAC2E0
:109080000AF02D3959CC2205C8064D1C1225EF37A0
:10909000E5BFE142D529CF3A0EEB171306F1EC817B
:1090A00004E8B92008339A23FF270CDECFE11841EA
:1090B000CB303CF7CAF720AAA411CD2FE42722C059
:1090C00056F0F5D93D23D42D1920D2C355E335BE32
:1090D0000609A8D20514DD22D5A117C1A60C219935
:1090E000F23C4712E819BB1415E327060CDCBA1949
:1090F00010BAD80CDCE8F72BA5F2C2DCAFD6E3D867
:1091000015495F2412BE363AEB1D4821211E3D242D
:109110000F0B89D70655F328FC2DECED1EFBEF95C0
:109120002B19C405494BF73EB12112D8B5B3EF7FD7
:10913000BB55FEF62A0BB0B6E0E7C0360C1F4E302A
:109140004AD730C009B4EC400A01A812E3DCE3249A
:10915000EE36F008BD88D8F529E8ECB5E2141E9388
:109160000C93FB98F7B3F6FE24FA600F34E6BD09C2
:109170006BCD7F292CA6EC46E3040B0C4FA196F691
:109180004618D525E5D830BB98F91F290D5C481E37
:1091900063EEE2382F06DECF42E5540CE8FBFADD41
:1091A000082B43E11922DCDCCA0ABF1A10D5F8F5F6
:1091B0000E235D28030DA2321A623410A527260D56
:1091C000E901EE13DE1A7915FABA0FF7C80CF61199
:1091D0000D1B64EFDF07E20CBC1CE3E00A053B0B50
:1091E0005CEA49C5C2F71CB2037F2FE7F720E0080D
:1091F0009DEAF5C0284B50154830003ADD00E940A3
:10920000D6E1FCAA47D528BE4906C21E302741E454
:10921000E2102705C39E1CB8EA1DD5C0EEEA39E569
:1092200001C470F1060906EAD6ECC10E26463BC31E
:1092300046214AFBE6CE2F957FF74EA9AA1C372E72
:109240003600AB1AFBEE24FF17C5DCB98DE53ECF27
:10925000C0E912380004DF9FE2E8F52B1621392D12
:10926000FD1FD02AD135B6BDB6E1FF151AA7C9E456
:109270001B004EF3A5F11228AED90B3CF1B9D9D39E
:109280001FA4F0DD1A050A29DEFD24FFCF4E37A109
:10929000DB29EC48D92E04FDF611C0B03B35E26362
:1092A000DCE8FCE103E7B5E4BCB6E2581CCCDDE148
:1092B00038C762EDCCE02C9051F51DC7CF0425ECEA
:1092C000D83DC83623EF00F9EC92FEE086F329E1A1
:1092D000F8E7181E4AF40AFDF74F1324FEE002399E
:1092E000F2F7DEECC44DC5F319FAFB0B29B9FDE02A
:1092F000F423E4A3A01BEC34DE3ADC46F82BF800A0
:1093000011B71FF6DB811C021A4DF346FA3B0FEA38
:1093100010732320F4F71DFEE8C101F73120BF00D0
:10932000D12430F9DAF3F9E631CFE9570000F9DF5B
:10933000DD2BFDE5DE0AE5DB13BCF6FBDCEE12E41B
:10934000E4FE0D10C4474910CF36DFBF1C09E61BF1
:10935000E9E5D417167FFA61CDA4F204A4CB550D2C
:109360002BD2E5EB0D09DE42FFCFCFF0E3ED2FE28C
:10937000EBD0BADB1E022CE9F4EDECE6C725F5E6EE
:1093800021F2F3F5DCE12DF0E70E0A4114D3EDD91B
:109390003D361E070DF30EF7160AE9C30BDD01F388
:1093A000D8F2F1EEDCDD0114F4E4CED0FBE7EE20E0
:1093B00005D43A0DFDE148E7E7EBFC1CF730EBFC88
:1093C000BB43F9121B5506F8C43EEBD829D8179DAC
:1093D00024B0D2CEC6470E53B2AA04FD08B0F8F6A8
:1093E000174113E6121E112A020E81BBD440C7CBCF
:1093F00003CCA3EF48F420D62B201BC30F1D03166C
:109400002A024D1A034DB9217E13D4BE56B6471E0B
:10941000F150D4ED00CBD935FFFAE11A16C7ECE2D2
:1094200048F60A29C89439EB2111F6F3E6DF444CDB
:109430000ABBF02203D83DFB090BB5CF012DD6C5E1
:10944000D333043F411104BAD416CFE5E743D60421
:109450007F14E73AEB03FB9FB821B7030E1217BB4B
:10946000C9FB309BE8A6E367D72817E101E20D05A9
:10947000C50FDADB29134C32D4F81ED3F6FD33D4F2
:1094800004DF0BCD2D21EF0DC9F201493B1BFC0B75
:1094900004EF21FEDF04112235F0A8FBDC0EF0E81A
:1094A000BE1304CE04D8D4FAE91D20149FA8F306F5
:1094B000FA1613CDD3E0F3F0DA1C3C19CE28A6D669
:1094C00036DEB30024153BA2CD0BCD233F39CE8130
:1094D000EAD98BDBEDD31014D01EBB3E061AA303D2
:1094E0004717E8BF0DC035B0CD3384C6171E080C32
:1094F0002EDFDC2E462B0D0525ED130232B4FDD8F0
:10950000C4FA3EF83DE4BB621C0397E716FC2FE16A
:10951000E228E1F4E1F631270FBAD2A9E4131403EB
:10952000182829080ABE3BD029F1EFE38CBE673921
:1095300027210FE9CEEB1AF30EF7EFDBF218E21357
:10954000AD32FD0AF7DD9C042A07E80D01B6EE1ADC
:109550000804FB00367F228AF931F1F32498CEFD0E
:10956000B04405D720EFEEE4E72CCDB5F1F909CFF3
:10957000334EADCBEEFED83B2FFD46B7DD9050D13C
:10958000090C112AF00ADDE7C614ED07A4C0D8E6DD
:10959000EF4CD01C2CFB9BFBDE983AC43F5CDB14E9
:1095A000F2EEBF1BF8EB19F01AECEB4C0622FCD8DC
:1095B000E2FF011D21E5EC3ADC12D05132FB3812FA
:1095C00054FA15A10EDBD41510A7DE3C06D007FB1C
:1095D000E53F0F030D81DDDAE925BCFFF340F20A18
:1095E0001317F3C8D4F3F80E1FEA29E3FB01B82ED2
:1095F000F9FC46F71FF1EF29F62B1EDFED99C33179
:109600000519CBF819FA1D1C12153234EA273FEB65
:109610001FE2EFE71900F9E700EFF914D4D245D0C3
:10962000F81A39DC1D3902D4DDF90CE9E7ED17F33E
:1096300003180F1E03E5CB0B58A8A18EA5EE09E574
:10964000C91B419B1A12B1133DE0023C2CFEFD22C6
:10965000C9420C2CCDF629F71247DADA04DEA5113F
:10966000EB0CF3F3D7262D2CD811E7CD0C1FFF18E8
:109670004B2C1B1F13CEB3D1E7D50CA813E052C758
:10968000ED19FE19C00D0FF0C5D7F0EC08FF8830BA
:10969000DDBE1A0909C71460C4960BA6255B0F2608
:1096A000D9B5C348020B37810B0724D4CCEFF2DEC7
:1096B000B39EFF0BD9D2FC13BF11C242DCDF18EC02
:1096C00017362523230ADC680DA1CBDA01240DD53A
:1096D00038D1EDF147D816D9F2F2EBF3CDE1CE2532
:1096E0000329CE36E024031FC7153D3927DC8454F7
:1096F000133658BBE8EEF2F19AFBFC4912E5B60FBF
:1097000016CD2DFA45985452FB4B2D09D428E00470
:1097100046F4DEE5D72807F02FDC36FA7F22D1CCDD
:10972000C040E92DE058C0FE9E9BED4CD5C2E460E0
:109730000B2F2046DD25CBA90C220505D8F71D29C6
:10974000F413C547DB3FB60AAC2F29D21E24F253CF
:1097500024810A10D475001DB6DA1E27BD91F307C7
:1097600035D141DDD7F32170C804EB0CE2EFF5F4FD
:10977000CAB2C8200CBB3DEDBFE3E80EC91FB7B3AA
:10978000B1F248D119CD5355D4E3091A47C1C64A9D
:1097900051E69E0ADDDAB14A2661D801E09EB8D3CF
:1097A000E710EAE81D0C9A08F405D096090AF5F6C8
:1097B000DCAD2729E7FFF3F610DAF1D6D8ED16274E
:1097C00012CB2AB904D5FE2F4817D1FE110E425BE9
:1097D000C71E260D0957068F3CD831B8DED4C40108
:1097E000B9D2BBF233F1209BF7FEE92E2CF4FF2314
:1097F0001B0324162BD2F72A2FFC5921EF0DFDF85D
:109800001D07C51999184AB881FF41C106CF09F94A
:1098100001E8ED2645F8E0EC16D34BCB0D3D3608BC
:10982000E6DF27DDF712E0D3EAEB06F70515F9DEF0
:10983000F4DDEA3AFEF2F8062F2B700FF24AD8CF89
:10984000DBD8ECC009FFE9D1EC2522F80EE12708AE
:10985000C1E84DB4D1BF16D00C07010FF7E4CBFE21
:109860005BCAF5BA13EA7F90444A0C08DE4740EF22
:1098700098C3DAA622D4029740699914CE5DE052CB
:10988000260B3EB1F7184EC34BD5220515C4012453
:10989000DFFF0F21BCAF2133C52D0213EEBC321EFA
:1098A000473F73B0CC2EF72902D2C4E3CD1D251952
:1098B000F742631427F820A74408EB8F051742FCF2
:1098C000AE09BC3BC5F851372A827F99B9C96AF203
:1098D000FDF4390240D25494003D253D66C9E012A2
:1098E00041E44DF0E72ADAC59BF60CE9239C3AC324
:1098F000E925F1E6CE31C70B1904DB24E722100C71
:10990000CFCD0DD018A0F4FC07FBAF680647E820C8
:10991000FB7A231BE4BFFBD7E5D0A81EE802E45185
:109920000F23DB25E1D736F964F4DD5BF9D3A3A877
:10993000F72FEBF3A0C8D405340715B7DE1FED12DF
:10994000F2C14AC9FCCCB4C11430F8EE18EBCC0F0C
:10995000B5211CF7DA5133DCFCDBFADA15F9AF215B
:10996000FCD0CCEFE84B0B0AFA06BFFF2B15F8151D
:109970003A0FF71529BEC109FAE8FC1CE9B90DF048
:10998000020DDF2EDC100481BA21D5F429F1C9F0D3
:1099900034FFEFE235F2E8D303D72009E632EBFEDD
:1099A0003A1C20EEFDF317221034F20818EC1A00CE
:1099B000D1E853E644292F20BAC91D231D5266CB96
:1099C0007ED4EB244E34F7E0E953430761E506C744
:1099D0003BE18733F8E60D2FA5F449A7C311E4B6A0
:1099E0000D051F23E527D6E80ED8C3EED129DCBA32
:1099F000E3FFA5F4C5F8FE46F1E602ECCBFADBEA9C
:109A0000CE7750FB15D8F25CE53440013DB04D46B1
:109A1000EEDFF642CC1009034828C6DE0127BC81E0
:109A200024D9B7203C5336FAD50330F0DFF1327A2F
:109A3000EF21D034DA0FD9F0DDDE0EE1BF02F6E817
:109A4000D519B012074CB9C09C61EF0C174B23031A
:109A50001A079C181B3F3600B0CB03CAFCBCFB00A6
:109A6000112C19110307CF0EEDEA04FA0009C4EF17
:109A70000FD8852DDC1C374407A3F9EBAB2061160A
:109A8000D7FD6C3E36F9DD031406AA0420D8F63360
:109A9000B4F82048E6150E7F1F2EC5F4E4123BB53E
:109AA00043E1D60C31AE12D806EE2F87C6A043563E
:109AB000E31ECD14EAB60ED4EAF8FFFF040000005E
:109AC0000002000095FFFFFF12FFFFFF93FEFFFF64
:109AD00031FDFFFF40FEFFFF70FEFFFFF4FEFFFFC2
:109AE000DEFEFFFF0EFFFFFFCDFBFFFF00010000CA
:109AF000CCFDFFFFB0FEFFFF54FAFFFF7BFCFFFF32
:109B0000CAFEFFFFA6FEFFFFCAFDFFFF04FCFFFF2A
:109B10004CFEFFFF2AFBFFFFF3FCFFFF21FFFFFFCF
:109B20003000000024FEFFFFB7FBFFFF8EFFFFFFAA
:109B3000A7FCFFFFC6FFFFFF33FEFFFF02FCFFFF96
:109B4000F7FFFFFF54FCFFFFB7FEFFFF3C000000E4
:109B500071FFFFFF70FEFFFF9AFFFFFFCCFDFFFFCD
:109B6000BCFEFFFFEAFFFFFFC8FDFFFF87FFFFFF0F
:109B7000FAFFFFFF75FDFFFF6D00000004FEFFFF11
:109B80009BFDFFFFCFFDFFFFB6FEFFFFB1FDFFFF17
:109B90007DFCFFFFA2FEFFFFDBFDFFFF96FFFFFF47
:109BA00080FFFFFF11FFFFFFA8FFFFFF370000004E
:109BB000DBFFFFFF2A00000057FBFFFFF5FEFFFF62
:109BC000CEFEFFFF8AFFFFFFE6FEFFFF20FEFFFF46
:109BD00020FEFFFF2EFFFFFF48FFFFFFF4FFFFFF08
:109BE00011FEFFFF3BFFFFFF42000000A5FCFFFF4F
:109BF000A5FFFFFF05FFFFFF19FEFFFFAEFFFFFF01
:109C00005AFCFFFFF7FFFFFF77FFFFFF4BFFFFFF50
:109C1000C6FEFFFFE6FFFFFF6AFCFFFF58FEFFFFE7
:109C200086FFFFFF50FEFFFF50FEFFFF72FFFFFFAA
:109C3000E7FCFFFFAE0000004EFDFFFF0AFFFFFF45
:109C400059FEFFFF4DFDFFFFFCFAFFFF38FCFFFF51
:109C500031FDFFFF4B01000048FEFFFFA2FCFFFFAC
:109C600040FCFFFF18FFFFFFF1FDFFFFF0FFFFFFCC
:109C7000D7FFFFFF0F000000DCFEFFFFC6FFFFFF66
:109C8000E5FAFFFF69FBFFFF41FFFFFF9C010000BA
:109C900008FEFFFF06FFFFFF8CFEFFFF1F00000016
:109CA000F1FDFFFFACFBFFFFC9FCFFFF90000000D0
:109CB00056FEFFFFF1FEFFFF7D00000001010000E6
:109CC000C3010000F6FAFFFF0400000000040000DA
:109CD000E4170E39DAC6D93E23E72AAFE216EA06C0
:109CE0001828DD2C19CFF5EE19D832C9E83A002131
:109CF000C7CAEFA84E1ADEC8C4FC1F0BFEDA052740
:109D0000E4D01BC1E92FCBD7E7C9CFD0DC1C2A2474
:109D10002FE3E8EE45122BF317D5DFFB1E1BE4FC07
:109D2000E18131EE1DD820EEC706F7241BD614D0F2
:109D3000EB1ACADE1015F603F1E8D7C6E12A1909B5
:109D4000C5BBAFE6CCFB2B22CED52B22C637CBDE54
:109D5000DBE3B6CB15E937F4D81DFB04FCD711596A
:109D600070C2F02A131CF7C339D91FD2E538C8F0E6
:109D700015F43805F0A120CE1208E027E51DFEE617
:109D80001F0AE25DCAEB24F74956E21D00E8B32C36
:109D90000219ED28E809C922D4CAECF6ED481A06E2
:109DA000BA662E3A4B866A28FBD236B6E5FDCE5C03
:109DB000C1E0F581F80FC0E0ABB3EEC4A9CA3152DF
:109DC0005C30F0E2F124EAD026E00B144BEFD5B87A
:109DD000255C3CD815EED30A3620F4582621D3FE54
:109DE000F81625CE23552B47E1CC07E46AD116CAD5
:109DF000BC2EF8FFFAC8F50D1AE0AC9CCB070ACCD4
:109E00001C19E536ACD1024D305097173100C0D245
:109E1000ABA125E221CBF71A4A252221439DBEDFC3
:109E20003512A89BAEB4E3844157D7F0FEBD55056B
:109E3000C05E4EFFB4B90148100533DA17FC1FCFDE
:109E4000DD8114F257FB34EAD896E52BF7E7362686
:109E500024D9DE27521904C105B3F2F41D1C62EAAD
:109E6000050146D8501107CAC82FB0D501E3F4B890
:109E7000D822371D2FF63C47FEB1AD81163C36FD8A
:109E80002F2EAEE5C32F281D22F7D7C33F5703253A
:109E9000E0C8B953EFB327C50114022CBEE020D6A9
:109EA00003080C37E3EADCF116EF23E3D800F106F0
:109EB0003AEEEAF3C9F94B20D6EA100AD7F5D1F207
:109EC00026D1D4E0004A00592ACC46CE2C32DC0DF3
:109ED0002700F4E31BF681CCE006FBE6E6F2214125
:109EE000F9DBCDF4F6FFA206D9A42B4DDADACD2E9C
:109EF00015CE98922F30A1FB1D212E1E0B85C9CFA8
:109F0000BEF112F31EE7F2E9FBF318220B05FBE7A3
:109F10000E4002BFE808C52ADD124B9D28E398E3F6
:109F2000D4CF46E94E222235F0D84EE94321DF0A4C
:109F300002DC032735F3E0EB3AD1CA2D27D4F28AAD
:109F4000D41F17F1EE11CF0F303717F6BC43352F62
:109F50006B26F01BF467F1C8F7C6A4162221F43073
:109F60002DC6F02CDAE4E61BD4211FE3D4FC49F320
:109F7000DF26F4D1FBE920BE56B219E8C8151CA2B1
:109F800009F202CDCFB4BED2421DF934FE0DC6E7B0
:109F9000AD49E812A7CAD030DB15F0F438C0D3C7FA
:109FA000161D084E43440F2FC5473F9A4857BC2FF4
:109FB000DD0BC1F825BCA3403425B92811D80B927C
:109FC0000426207F13CDD0FEC843ACF229DE2F4CEF
:109FD000D4043CC5172D1FF99F3531D700B12C365D
:109FE000B816FDF21BD423364C27E3111417FB3EA1
:109FF00051C2F6E4C610F619EC3D02174905EADE37
:10A00000DAE70A00253E08F0DACC1B9FF82D01C4E0
:10A01000C2BD37F7EE0F9A83AE2664FECED0EA02B9
:10A02000F1E329ACD6E8C5DDBDE19230B50CBF3F08
:10A03000DAB3F02CF837FDE510C94B41334A90FBF9
:10A04000F481A524CB16482359C82F9CDADA320DA7
:10A0500045DE99E8091631D2CEECFFF46AF581CDE0
:10A0600002F5AA28D1CA6C492D4117B3F235253D16
:10A07000F6D125F712B6221523BCB3AE44473B38C0
:10A080002EF02BDB1A24D6DFFDFF260801F8E9327B
:10A0900033E7B424DC1DEECB07E40653EFCD3B469B
:10A0A0002AF7E911C623FCDEFF0303CA27D791185C
:10A0B00086FC4DBABD2791F2CBB5CFBDCBE31BEDEE
:10A0C000D9FBF3C8B5B02006E6DE2A2F2DD4DDF08B
:10A0D00002FFFFFF0400000020000000E502000076
:10A0E000B5FDFFFF5A0200009CFCFFFF910000003D
:10A0F000C901000067FCFFFF5E0100002EFFFFFFAB
:10A100000400000008000000010000000200000040
:10A1100094BBFFFF98BBFFFF0F0000004D4C49525E
:10A1200020436F6E7665727465642E000100000036
:10A130001400000000000E001800140010000C00B5
:10A14000080004000E000000140000001C000000C5
:10A15000B8040000BC040000C004000004000000BB
:10A160006D61696E000000001200000050040000E4
:10A170000C040000C803000074030000200300006A
:10A18000DC020000A802000074020000300200009F
:10A19000E00100009C0100006801000034010000A3
:10A1A000F0000000BC00000078000000400000004B
:10A1B0000400000046FCFFFF1C0000000000000936
:10A1C0001C00000020000000070000000000060046
:10A1D00008000400060000000000803F01000000AD
:10A1E0002700000001000000260000007EFCFFFFA9
:10A1F000140000000000000810000000140000001F
:10A200000600000088BCFFFF0100000026000000DF
:10A210000300000025000000030000000200000011
:10A22000B2FCFFFF1C000000000000081C00000042
:10A2300020000000060000000000060008000700E3
:10A2400006000000000000010100000025000000E1
:10A2500003000000240000000500000004000000CE
:10A26000F2FCFFFF140000000000001B10000000C3
:10A270001400000005000000FCBCFFFF010000000E
:10A280002400000002000000230000000100000084
:10A2900022FDFFFF14000000000000052400000064
:10A2A0002800000003000000A2FDFFFF02000000E4
:10A2B0000100000002000000010000000000000199
:10A2C0000100000023000000010000002200000047
:10A2D00062FDFFFF140000000000000B10000000F2
:10A2E00014000000020000006CBDFFFF0100000030
:10A2F0002200000002000000210000000600000013
:10A3000092FDFFFF14000000000000151000000087
:10A3100014000000010000009CBDFFFF01000000D0
:10A3200021000000020000002000000007000000E3
:10A3300082FDFFFF10000000000000011C00000073
:10A340002000000074FDFFFF00000001010000007C
:10A3500001000000000000010100000020000000DA
:10A36000030000001F0000000900000008000000BA
:10A3700002FEFFFF20000000000000022800000095
:10A380002C000000040000000C00100000000C0075
:10A39000080004000C0000000100000001000000A3
:10A3A00001000000010000001F0000000300000089
:10A3B0001E0000000B0000000A0000004EFEFFFF20
:10A3C0001400000000000005240000002800000028
:10A3D00003000000CEFEFFFF0200000002000000AC
:10A3E0000200000002000000000000010100000067
:10A3F0001E000000010000001D0000008EFEFFFF97
:10A40000140000000000000B100000001400000009
:10A410000200000098BEFFFF010000001D000000C8
:10A42000020000001C0000000C000000BEFEFFFF48
:10A4300014000000000000151000000014000000CF
:10A4400001000000C8BEFFFF010000001C0000006A
:10A45000020000001B0000000D000000AEFEFFFF28
:10A4600010000000000000011C000000200000009F
:10A47000A0FEFFFF0000000101000000010000003D
:10A4800000000001010000001B00000003000000AC
:10A490001A0000000F0000000E0000002EFFFFFF5A
:10A4A00020000000000000022C000000300000002E
:10A4B000040000000C00140013000C00080004004D
:10A4C0000C0000000100000001000000010000007D
:10A4D00000000001010000001A000000030000005D
:10A4E0001900000011000000100000007EFFFFFFB7
:10A4F00024000000000000053400000038000000C7
:10A500000300000000000E001800170010000C00EF
:10A51000080004000E00000002000000020000001D
:10A520000200000002000000000000010100000025
:10A53000190000000100000018000000CEFFFFFF1E
:10A54000140000000000000B1000000014000000C8
:10A5500002000000D8BFFFFF01000000180000004B
:10A5600002000000170000001200000000000E00B2
:10A570001800140010000C000B0004000E00000076
:10A58000140000000000001510000000140000007E
:10A590000100000018C0FFFF0100000017000000CC
:10A5A00002000000160000001300000000000E0072
:10A5B0001400000010000C000B0004000E0000004E
:10A5C0001C00000000000001280000002C0000001A
:10A5D0000C00140013000C00080007000C00000021
:10A5E0000000000101000000010000000000000167
:10A5F0000100000016000000030000000000000041
:10A6000015000000140000000100000027000000F9
:10A610000100000000000000280000009C3F000036
:10A62000403F0000703E0000B43D00006037000075
:10A6300004310000A03000003C300000E829000098
:10A640008423000030200000B41C0000501C0000D7
:10A65000EC1B000098180000341500006013000087
:10A660007811000018110000B4100000E00E000086
:10A67000FC0C0000080C00005C0B0000B00A00009D
:10A68000140A0000600900003C0800009007000068
:10A69000E40600004806000094050000680400007D
:10A6A000BC0300001003000074020000E001000081
:10A6B0002401000080000000040000001AC1FFFF18
:10A6C0000000000118000000200000003C00000015
:10A6D00028000000000000095000000002000000F7
:10A6E000FFFFFFFF08000000FCC0FFFF08000000A4
:10A6F000100000000100000080FFFFFFFFFFFFFFD0
:10A70000010000000000803B1B00000053746174D6
:10A710006566756C506172746974696F6E656443C7
:10A72000616C6C5F313A30000200000001000000F3
:10A730000800000092C1FFFF0000000118000000A7
:10A74000200000003C00000027000000000000097D
:10A750007800000002000000FFFFFFFF080000007B
:10A7600074C1FFFF0800000010000000010000009D
:10A77000D1FFFFFFFFFFFFFF01000000D857F53DAD
:10A780004000000044535F434E4E5F4D6F64656C64
:10A790005F312F64656E73655F315F322F4D617479
:10A7A0004D756C3B44535F434E4E5F4D6F64656C1B
:10A7B0005F312F64656E73655F315F322F4269616F
:10A7C000734164640000000002000000010000000A
:10A7D0000800000032C2FFFF000000011800000066
:10A7E000200000003C0000002600000000000009DE
:10A7F0009000000002000000FFFFFFFF800000004B
:10A8000014C2FFFF0800000010000000010000005B
:10A8100080FFFFFFFFFFFFFF01000000AF59D83CA2
:10A820005800000044535F434E4E5F4D6F64656CAB
:10A830005F312F64656E73655F312F4D61744D75A7
:10A840006C3B44535F434E4E5F4D6F64656C5F31AC
:10A850002F64656E73655F312F52656C753B445391
:10A860005F434E4E5F4D6F64656C5F312F64656E64
:10A8700073655F312F4269617341646400000000B9
:10A88000020000000100000080000000EAC2FFFF9B
:10A89000000000011800000020000000400000003F
:10A8A0002500000000000009680000000200000010
:10A8B000FFFFFFFF80000000CCC2FFFF0800000088
:10A8C000140000000100000094FFFFFFFFFFFFFFE6
:10A8D00000000000010000006A6B123D2E00000025
:10A8E00044535F434E4E5F4D6F64656C5F312F671D
:10A8F0006C6F62616C5F617665726167655F706FD6
:10A900006F6C696E6732645F312F4D65616E000058
:10A910000200000001000000800000007AC3FFFF79
:10A9200000000001180000002800000044000000A2
:10A93000240000000000000968000000040000007E
:10A94000FFFFFFFF03000000080000008000000080
:10A9500064C3FFFF080000001000000001000000B9
:10A9600083FFFFFFFFFFFFFF01000000EDE2733EEA
:10A970002A00000044535F434E4E5F4D6F64656C88
:10A980005F312F6D61785F706F6F6C696E673264D5
:10A990005F325F312F4D6178506F6F6C3264000011
:10A9A0000400000001000000030000000800000097
:10A9B0008000000012C4FFFF00000001180000002A
:10A9C00028000000480000002300000000000009EB
:10A9D0007800000004000000FFFFFFFF06000000F9
:10A9E0000800000080000000FCC3FFFF080000001A
:10A9F000140000000100000083FFFFFFFFFFFFFFC6
:10AA00000000000001000000EDE2733E360000008F
:10AA100044535F434E4E5F4D6F64656C5F312F62F0
:10AA2000617463685F6E6F726D616C697A6174697D
:10AA30006F6E5F325F312F62617463686E6F726D2B
:10AA40002F6164645F310000040000000100000019
:10AA5000060000000800000080000000BAC4FFFFEC
:10AA6000000000011800000028000000480000005D
:10AA7000220000000000000978000000040000002F
:10AA8000FFFFFFFF0600000008000000800000003C
:10AA9000A4C4FFFF08000000140000000100000033
:10AAA00083FFFFFFFFFFFFFF000000000100000029
:10AAB0006410753E3600000044535F434E4E5F4DB8
:10AAC0006F64656C5F312F62617463685F6E6F7273
:10AAD0006D616C697A6174696F6E5F325F312F628C
:10AAE000617463686E6F726D2F6D756C5F310000FD
:10AAF0000400000001000000060000000800000043
:10AB00008000000062C5FFFF000000011800000087
:10AB1000280000004800000021000000000000099B
:10AB2000F800000004000000FFFFFFFF0600000027
:10AB300008000000800000004CC5FFFF0800000076
:10AB4000140000000100000080FFFFFFFFFFFFFF77
:10AB50000000000001000000D127723EB500000097
:10AB600044535F434E4E5F4D6F64656C5F312F738E
:10AB70006570617261626C655F636F6E7632645F8F
:10AB8000315F322F52656C753B44535F434E4E5FCD
:10AB90004D6F64656C5F312F736570617261626CBB
:10ABA000655F636F6E7632645F315F322F42696139
:10ABB000734164643B44535F434E4E5F4D6F646525
:10ABC0006C5F312F736570617261626C655F636F7A
:10ABD0006E7632645F315F322F73657061726162CD
:10ABE0006C655F636F6E7632643B44535F434E4ED9
:10ABF0005F4D6F64656C5F312F7365706172616268
:10AC00006C655F636F6E7632645F315F322F5371B4
:10AC10007565657A65000000040000000100000011
:10AC20000600000008000000800000008AC6FFFF48
:10AC3000000000011800000028000000480000008B
:10AC40002000000000000009800000000400000057
:10AC5000FFFFFFFF060000000800000040000000AA
:10AC600074C6FFFF0800000014000000010000008F
:10AC7000FAFFFFFFFFFFFFFF0000000001000000E0
:10AC8000D30E843D3E00000044535F434E4E5F4D63
:10AC90006F64656C5F312F736570617261626C65A2
:10ACA0005F636F6E7632645F315F322F7365706100
:10ACB0007261626C655F636F6E7632642F6465707B
:10ACC00074687769736500000400000001000000EB
:10ACD0000600000008000000400000003AC7FFFF27
:10ACE00000000001180000002800000044000000DF
:10ACF0001F000000000000096800000004000000C0
:10AD0000FFFFFFFF060000000800000040000000F9
:10AD100024C7FFFF08000000100000000100000031
:10AD200088FFFFFFFFFFFFFF01000000C8CC003ECF
:10AD30002A00000044535F434E4E5F4D6F64656CC4
:10AD40005F312F6D61785F706F6F6C696E67326411
:10AD50005F315F322F4D6178506F6F6C326400004D
:10AD600004000000010000000600000008000000D0
:10AD700040000000D2C7FFFF0000000118000000E3
:10AD800028000000480000001E000000000000092C
:10AD90007800000004000000FFFFFFFF0D0000002E
:10ADA0001100000040000000BCC7FFFF08000000C9
:10ADB000140000000100000088FFFFFFFFFFFFFFFD
:10ADC0000000000001000000C8CC003E360000007A
:10ADD00044535F434E4E5F4D6F64656C5F312F622D
:10ADE000617463685F6E6F726D616C697A617469BA
:10ADF0006F6E5F315F322F62617463686E6F726D68
:10AE00002F6164645F310000040000000100000055
:10AE10000D00000011000000400000007AC8FFFF94
:10AE20000000000118000000280000004800000099
:10AE30001D00000000000009780000000400000070
:10AE4000FFFFFFFF0D0000001100000040000000A8
:10AE500064C8FFFF080000001400000001000000AB
:10AE600088FFFFFFFFFFFFFF000000000100000060
:10AE700049E5013E3600000044535F434E4E5F4DAE
:10AE80006F64656C5F312F62617463685F6E6F72AF
:10AE90006D616C697A6174696F6E5F315F322F62C8
:10AEA000617463686E6F726D2F6D756C5F31000039
:10AEB00004000000010000000D000000110000006F
:10AEC0004000000022C9FFFF000000011800000040
:10AED00028000000480000001C00000000000009DD
:10AEE000F000000004000000FFFFFFFF0D00000065
:10AEF00011000000400000000CC9FFFF0800000026
:10AF0000140000000100000080FFFFFFFFFFFFFFB3
:10AF100000000000010000007490FB3DAD00000047
:10AF200044535F434E4E5F4D6F64656C5F312F73CA
:10AF30006570617261626C655F636F6E7632645FCB
:10AF4000312F52656C753B44535F434E4E5F4D6FDE
:10AF500064656C5F312F736570617261626C655FEF
:10AF6000636F6E7632645F312F426961734164644E
:10AF70003B44535F434E4E5F4D6F64656C5F312FB2
:10AF8000736570617261626C655F636F6E76326467
:10AF90005F312F736570617261626C655F636F6EA4
:10AFA0007632643B44535F434E4E5F4D6F64656C35
:10AFB0005F312F736570617261626C655F636F6E84
:10AFC0007632645F312F53717565657A65000000D4
:10AFD00004000000010000000D000000110000004E
:10AFE0004000000042CAFFFF0000000118000000FE
:10AFF00028000000480000001B00000000000009BD
:10B000008000000004000000FFFFFFFF0D000000B3
:10B0100011000000200000002CCAFFFF0800000003
:10B0200014000000010000001B00000000000000F0
:10B03000000000000100000043C46A3D3C00000025
:10B0400044535F434E4E5F4D6F64656C5F312F73A9
:10B050006570617261626C655F636F6E7632645FAA
:10B06000312F736570617261626C655F636F6E76BC
:10B0700032642F646570746877697365000000003E
:10B0800004000000010000000D000000110000009D
:10B0900020000000F2CAFFFF0000000118000000BD
:10B0A00028000000440000001A0000000000000911
:10B0B0006800000004000000FFFFFFFF0F00000019
:10B0C0001300000020000000DCCAFFFF08000000A1
:10B0D000100000000100000092FFFFFFFFFFFFFFD4
:10B0E0000100000071D4DD3D2800000044535F439F
:10B0F0004E4E5F4D6F64656C5F312F6D61785F7090
:10B100006F6F6C696E6732645F312F4D6178506F7D
:10B110006F6C3264000000000400000001000000B9
:10B120000F00000013000000200000008ACBFFFF8A
:10B130000000000118000000280000004800000086
:10B140001900000000000009780000000400000061
:10B15000FFFFFFFF1E00000026000000200000008F
:10B1600074CBFFFF08000000140000000100000085
:10B1700092FFFFFFFFFFFFFF000000000100000043
:10B1800071D4DD3D3400000044535F434E4E5F4DAB
:10B190006F64656C5F312F62617463685F6E6F729C
:10B1A0006D616C697A6174696F6E5F312F62617471
:10B1B00063686E6F726D2F6164645F310000000020
:10B1C00004000000010000001E0000002600000036
:10B1D0002000000032CCFFFF00000001180000003A
:10B1E00028000000480000001800000000000009CE
:10B1F0007800000004000000FFFFFFFF1E000000B9
:10B2000026000000200000001CCCFFFF080000000A
:10B21000140000000100000092FFFFFFFFFFFFFF8E
:10B2200000000000010000002DACDE3D34000000F5
:10B2300044535F434E4E5F4D6F64656C5F312F62C8
:10B24000617463685F6E6F726D616C697A61746955
:10B250006F6E5F312F62617463686E6F726D2F6DF8
:10B26000756C5F3100000000040000000100000068
:10B270001E0000002600000020000000DACCFFFFC6
:10B280000000000118000000280000004400000039
:10B290001700000000000009C000000004000000CA
:10B2A000FFFFFFFF1E00000026000000200000003E
:10B2B000C4CCFFFF080000001000000001000000E7
:10B2C00080FFFFFFFFFFFFFF0100000013BCCE3D2A
:10B2D0008100000044535F434E4E5F4D6F64656CC8
:10B2E0005F312F636F6E7632645F312F52656C75FC
:10B2F0003B44535F434E4E5F4D6F64656C5F312F2F
:10B30000636F6E7632645F312F42696173416464AA
:10B310003B44535F434E4E5F4D6F64656C5F312F0E
:10B32000636F6E7632645F312F636F6E766F6C750C
:10B3300074696F6E3B44535F434E4E5F4D6F64655F
:10B340006C5F312F636F6E7632645F312F5371758E
:10B3500065657A653100000004000000010000000E
:10B360001E000000260000002000000022CEFFFF8B
:10B370000000000114000000A801000016000000F9
:10B3800000000009B40100009CCDFFFF0800000090
:10B390000C01000020000000000000000000000080
:10B3A000000000000000000000000000000000009D
:10B3B000000000000000000000000000000000008D
:10B3C000000000000000000000000000000000007D
:10B3D000000000000000000000000000000000006D
:10B3E000000000000000000000000000000000005D
:10B3F000000000000000000000000000000000004D
:10B40000000000000000000000000000000000003C
:10B41000000000000000000000000000000000002C
:10B42000000000000000000000000000000000001C
:10B43000000000000000000000000000000000000C
:10B4400000000000000000000000000000000000FC
:10B4500000000000000000000000000000000000EC
:10B4600000000000000000000000000000000000DC
:10B4700000000000000000000000000000000000CC
:10B4800000000000000000000000000000000000BC
:10B49000000000000000000000000000200000008C
:10B4A00004F2A43A31CDC33A4D9EB83A3829D63A7F
:10B4B000FCDA093BC7D4E33A8D9FD63A0838EA3A1A
:10B4C000F960AC3AE523D73A3B83073BACD2FD3A6F
:10B4D000B066DA3AC563583A2B2E963AB395B23A2B
:10B4E0006DBCC13A9F4FE33A4128BA3A9822F03AEC
:10B4F000B5D59F3A0043B43AAF55BB3ACA9DBF3A5F
:10B50000E45BC83A77408C3AEC2FBF3A13BAD53A8D
:10B510004DFFAC3ADE74953A75FEAB3A214C303BA8
:10B520001300000074666C2E70736575646F5F7134
:10B53000636F6E7374313900040000002000000056
:10B5400003000000030000000100000002D0FFFF24
:10B550000000000114000000A4010000150000001C
:10B5600000000002B00100007CCFFFFF08000000D7
:10B5700008010000200000000000000000000000A2
:10B5800000000000000000000000000000000000BB
:10B5900000000000000000000000000000000000AB
:10B5A000000000000000000000000000000000009B
:10B5B000000000000000000000000000000000008B
:10B5C000000000000000000000000000000000007B
:10B5D000000000000000000000000000000000006B
:10B5E000000000000000000000000000000000005B
:10B5F000000000000000000000000000000000004B
:10B60000000000000000000000000000000000003A
:10B61000000000000000000000000000000000002A
:10B62000000000000000000000000000000000001A
:10B63000000000000000000000000000000000000A
:10B6400000000000000000000000000000000000FA
:10B6500000000000000000000000000000000000EA
:10B6600000000000000000000000000000000000DA
:10B670000000000000000000200000004B6B843739
:10B68000CD309D377436943702EEAB379F57DD3798
:10B690007AE7B637024DAC374408BC3700638A37C7
:10B6A00041B7AC37A694D93743C5CB376E55AF37C2
:10B6B0000DB82D379F217137705E8F374E889B37BD
:10B6C000947CB637B97295372BC8C037FA5080379B
:10B6D00015B79037B6649637ACD499376FD9A03781
:10B6E000A2306137787C9937C894AB371BE28A3730
:10B6F0001AF86F37E9138A3757880D38130000009E
:10B7000074666C2E70736575646F5F71636F6E73B2
:10B71000743138000100000020000000D2D1FFFF8A
:10B7200000000001140000003400000014000000BC
:10B7300000000009400000004CD1FFFF080000009D
:10B74000140000000100000080FFFFFFFFFFFFFF6B
:10B750000000000001000000D2E3043E13000000DE
:10B7600074666C2E70736575646F5F71636F6E7352
:10B7700074313700010000002000000032D2FFFFCA
:10B780000000000114000000300000001300000061
:10B79000000000093C000000ACD1FFFF08000000E1
:10B7A0001000000001000000780000000000000010
:10B7B00001000000424B033C1300000074666C2E35
:10B7C00070736575646F5F71636F6E73743136008B
:10B7D00001000000200000008ED2FFFF00000001E9
:10B7E00014000000AC01000012000000000000097D
:10B7F000B8010000DAF4FFFF0300000008000000B9
:10B800000C0100002000000000000000000000000B
:10B810000000000000000000000000000000000028
:10B820000000000000000000000000000000000018
:10B830000000000000000000000000000000000008
:10B8400000000000000000000000000000000000F8
:10B8500000000000000000000000000000000000E8
:10B8600000000000000000000000000000000000D8
:10B8700000000000000000000000000000000000C8
:10B8800000000000000000000000000000000000B8
:10B8900000000000000000000000000000000000A8
:10B8A0000000000000000000000000000000000098
:10B8B0000000000000000000000000000000000088
:10B8C0000000000000000000000000000000000078
:10B8D0000000000000000000000000000000000068
:10B8E0000000000000000000000000000000000058
:10B8F0000000000000000000000000000000000048
:10B900000000000000000000000000002000000017
:10B91000E13FEB3A9A30D13A969BDA3A8AE00A3B19
:10B920001E7B223B1D06E43AE402EA3AE9F9A93A11
:10B9300012A9BB3AEF38C03A9FBE0D3B7EBDCA3A52
:10B94000A5A3C43A94F88E3AD06C513A3F46D03A07
:10B95000F01F803AEE3AC03A7B9FC53A2F138F3AD8
:10B96000A6719A3A7C29063B079ABC3AED09F13A4E
:10B97000357FC13A749EA23A0DDE8E3A5BAF863AAD
:10B98000E628093BA7F18A3A4149AE3A4870F93AAC
:10B990001300000074666C2E70736575646F5F71C0
:10B9A000636F6E7374313500040000000100000005
:10B9B00003000000030000002000000072D4FFFF1D
:10B9C0000000000114000000A401000011000000AC
:10B9D00000000002B0010000ECD3FFFF08000000EF
:10B9E000080100002000000000000000000000002E
:10B9F0000000000000000000000000000000000047
:10BA00000000000000000000000000000000000036
:10BA10000000000000000000000000000000000026
:10BA20000000000000000000000000000000000016
:10BA30000000000000000000000000000000000006
:10BA400000000000000000000000000000000000F6
:10BA500000000000000000000000000000000000E6
:10BA600000000000000000000000000000000000D6
:10BA700000000000000000000000000000000000C6
:10BA800000000000000000000000000000000000B6
:10BA900000000000000000000000000000000000A6
:10BAA0000000000000000000000000000000000096
:10BAB0000000000000000000000000000000000086
:10BAC0000000000000000000000000000000000076
:10BAD0000000000000000000000000000000000066
:10BAE0000000000000000000200000005ED94B397B
:10BAF0008E443539BA6D3D392DAE70391FCB8C3936
:10BB000081964539B1C64A39CC491339AF9C22399F
:10BB1000AA9026395FA67539D4AD2F3974642A39B5
:10BB200079C6F738BA78B5387A793439CA0BDE383D
:10BB300065922639AC3E2B3995F4F73847D4053950
:10BB40004B8268397B6D233998DD503964AB2739D6
:10BB5000BDE90C398098F7384C6AE93842B46D3940
:10BB6000D5CBF038DF051739ED2458391300000024
:10BB700074666C2E70736575646F5F71636F6E733E
:10BB800074313400010000002000000042D6FFFFA5
:10BB90000000000114000000280300001000000055
:10BBA0000000000934030000BCD5FFFF08000000BE
:10BBB0000C02000040000000000000000000000037
:10BBC0000000000000000000000000000000000075
:10BBD0000000000000000000000000000000000065
:10BBE0000000000000000000000000000000000055
:10BBF0000000000000000000000000000000000045
:10BC00000000000000000000000000000000000034
:10BC10000000000000000000000000000000000024
:10BC20000000000000000000000000000000000014
:10BC30000000000000000000000000000000000004
:10BC400000000000000000000000000000000000F4
:10BC500000000000000000000000000000000000E4
:10BC600000000000000000000000000000000000D4
:10BC700000000000000000000000000000000000C4
:10BC800000000000000000000000000000000000B4
:10BC900000000000000000000000000000000000A4
:10BCA0000000000000000000000000000000000094
:10BCB0000000000000000000000000000000000084
:10BCC0000000000000000000000000000000000074
:10BCD0000000000000000000000000000000000064
:10BCE0000000000000000000000000000000000054
:10BCF0000000000000000000000000000000000044
:10BD00000000000000000000000000000000000033
:10BD10000000000000000000000000000000000023
:10BD20000000000000000000000000000000000013
:10BD30000000000000000000000000000000000003
:10BD400000000000000000000000000000000000F3
:10BD500000000000000000000000000000000000E3
:10BD600000000000000000000000000000000000D3
:10BD700000000000000000000000000000000000C3
:10BD800000000000000000000000000000000000B3
:10BD900000000000000000000000000000000000A3
:10BDA0000000000000000000000000000000000093
:10BDB0000000000000000000000000004000000043
:10BDC000AC8D173BDFBF1C3B5CB8333B26707E3B22
:10BDD000E7C9743B6DD78A3B32247D3B8DDB0B3B3F
:10BDE0007BF4673B1E632F3BE8DA4F3B740B413B10
:10BDF00016F2463BF1B8663BE1CF4E3B1FFC6B3B76
:10BE00007DCD6E3B17C04C3B8F15713BBD93303BD6
:10BE100074B7183B1360373B70544D3B2911423BBC
:10BE2000CEB2163B9899303BD2501E3B5D962A3BD2
:10BE3000F383443B217E3D3B7E023F3B827A503B75
:10BE4000C5AA413B773A213BCCF5483B4A53863B58
:10BE5000D532393B07FC433B2370523B232F353B04
:10BE600092884C3BCDDC303BB9D2393B88FA4B3B16
:10BE70008EE6833BD43A223B1EF6803BC96A503B98
:10BE8000BBAA413B92BF3D3B452B273B4AE03F3B92
:10BE9000B26B2B3BA09A2B3BBCAB433B4F164F3BAB
:10BEA000F9C0333BDCFC3E3B44D5403BBB02853B09
:10BEB000EAC98B3BA541433B07C0243BEF0E473B00
:10BEC0001300000074666C2E70736575646F5F718B
:10BED000636F6E7374313300040000004000000093
:10BEE000010000000100000020000000A2D9FFFFB7
:10BEF0000000000114000000240300000F000000F7
:10BF000000000002300300001CD9FFFF0800000001
:10BF100008020000400000000000000000000000D7
:10BF20000000000000000000000000000000000011
:10BF30000000000000000000000000000000000001
:10BF400000000000000000000000000000000000F1
:10BF500000000000000000000000000000000000E1
:10BF600000000000000000000000000000000000D1
:10BF700000000000000000000000000000000000C1
:10BF800000000000000000000000000000000000B1
:10BF900000000000000000000000000000000000A1
:10BFA0000000000000000000000000000000000091
:10BFB0000000000000000000000000000000000081
:10BFC0000000000000000000000000000000000071
:10BFD0000000000000000000000000000000000061
:10BFE0000000000000000000000000000000000051
:10BFF0000000000000000000000000000000000041
:10C000000000000000000000000000000000000030
:10C010000000000000000000000000000000000020
:10C020000000000000000000000000000000000010
:10C030000000000000000000000000000000000000
:10C0400000000000000000000000000000000000F0
:10C0500000000000000000000000000000000000E0
:10C0600000000000000000000000000000000000D0
:10C0700000000000000000000000000000000000C0
:10C0800000000000000000000000000000000000B0
:10C0900000000000000000000000000000000000A0
:10C0A0000000000000000000000000000000000090
:10C0B0000000000000000000000000000000000080
:10C0C0000000000000000000000000000000000070
:10C0D0000000000000000000000000000000000060
:10C0E0000000000000000000000000000000000050
:10C0F0000000000000000000000000000000000040
:10C10000000000000000000000000000000000002F
:10C11000000000000000000040000000AFFB0A39F2
:10C120008EBF0F394CD0243993556939387C60392A
:10C13000B6A67E3928256839E84100394CB754390C
:10C140000FD72039729D3E3977083139CE71363993
:10C15000EE95533991A83D395F695839E8FE5A394F
:10C160008EC43B3988165D396AEE2139C40C0C390E
:10C17000672A2839994C3C3977F83139F9320A392C
:10C18000C9F321393F2F113939701C3945373439FA
:10C1900090C62D39B72A2F39CF2F3F39929A31398E
:10C1A0000CDB1339BD4A3839395E763972D62939F4
:10C1B0009FBA3339D5FB4039FE272639A4913B3944
:10C1C0006B31223913692A39620F3B39BAEB713965
:10C1D00025C61439AB876C3964213F39889A3139C7
:10C1E00094022E39B64D19391EF62F39DC331D391C
:10C1F000E65E1D39FD70333927E93D3932D82439DF
:10C200008D252F39C6D63039F0F47339BB318039DA
:10C21000B20F3339D5151739428C36391300000067
:10C2200074666C2E70736575646F5F71636F6E7387
:10C23000743132000100000040000000F2DCFFFF1A
:10C240000000000114000000340000000E00000097
:10C2500000000009400000006CDCFFFF0800000047
:10C26000140000000100000080FFFFFFFFFFFFFF40
:10C2700000000000010000008DD1A03D130000006F
:10C2800074666C2E70736575646F5F71636F6E7327
:10C2900074313100010000004000000052DDFFFF5A
:10C2A0000000000114000000340000000D00000038
:10C2B0000000000940000000CCDCFFFF0800000087
:10C2C00014000000010000007800000000000000E1
:10C2D0000000000001000000AF71873B1300000068
:10C2E00074666C2E70736575646F5F71636F6E73C7
:10C2F000743130000100000040000000B2DDFFFF9B
:10C300000000000128000000400300000C000000B5
:10C31000000000094C0300000000120010000000A3
:10C3200000000C00080000000000040012000000E3
:10C3300003000000080000000C02000040000000A4
:10C3400000000000000000000000000000000000ED
:10C3500000000000000000000000000000000000DD
:10C3600000000000000000000000000000000000CD
:10C3700000000000000000000000000000000000BD
:10C3800000000000000000000000000000000000AD
:10C39000000000000000000000000000000000009D
:10C3A000000000000000000000000000000000008D
:10C3B000000000000000000000000000000000007D
:10C3C000000000000000000000000000000000006D
:10C3D000000000000000000000000000000000005D
:10C3E000000000000000000000000000000000004D
:10C3F000000000000000000000000000000000003D
:10C40000000000000000000000000000000000002C
:10C41000000000000000000000000000000000001C
:10C42000000000000000000000000000000000000C
:10C4300000000000000000000000000000000000FC
:10C4400000000000000000000000000000000000EC
:10C4500000000000000000000000000000000000DC
:10C4600000000000000000000000000000000000CC
:10C4700000000000000000000000000000000000BC
:10C4800000000000000000000000000000000000AC
:10C49000000000000000000000000000000000009C
:10C4A000000000000000000000000000000000008C
:10C4B000000000000000000000000000000000007C
:10C4C000000000000000000000000000000000006C
:10C4D000000000000000000000000000000000005C
:10C4E000000000000000000000000000000000004C
:10C4F000000000000000000000000000000000003C
:10C50000000000000000000000000000000000002B
:10C51000000000000000000000000000000000001B
:10C52000000000000000000000000000000000000B
:10C5300000000000000000000000000000000000FB
:10C540000000000040000000B8F4A83A1B1CC23AEA
:10C55000EDE0EB3A8C37B13A9E42873A803B6E3A37
:10C560005BC2EB3A15DBBD3A8739C93AF773973AA4
:10C570006259EF3A2499AF3A4828983A7AA2D83AC1
:10C58000A1B5DD3A5AE9A13A5507923A85ACAB3AE2
:10C590008763C83AF1C9B23AC55BB53A6B50273BDD
:10C5A000D35D9C3A4C96013B7636D83A1F76FD3ADD
:10C5B000E775AE3AA2A9F53A1DE7C43A07C4D93ADD
:10C5C000FE30B23A3907C93A0FC1D33AB79FD73ACA
:10C5D00035FEA43A921BB23AF19AD93AA930B83A48
:10C5E000375D993AC49DDD3A12BABF3AB1F0AF3A1D
:10C5F000F9D0903A20D9B53A482CB53AD967AB3A38
:10C600007A28AA3A5AF5EB3A045FB63A78CADA3A87
:10C610000811AB3A30C7EE3ADC8AD03A2B24AB3A59
:10C62000FF04F23A430F8C3A92CDD03A8B0AB33AD8
:10C630006246B93AC2FAD23A9240CB3AA6B4DE3A4E
:10C6400069CEAD3AF51DA53A1200000074666C2E55
:10C6500070736575646F5F71636F6E73743900001A
:10C6600004000000010000000300000003000000BF
:10C67000400000002AE1FFFF00000001140000005C
:10C68000240300000B000000000000023003000043
:10C69000A4E0FFFF080000000802000040000000C6
:10C6A000000000000000000000000000000000008A
:10C6B000000000000000000000000000000000007A
:10C6C000000000000000000000000000000000006A
:10C6D000000000000000000000000000000000005A
:10C6E000000000000000000000000000000000004A
:10C6F000000000000000000000000000000000003A
:10C700000000000000000000000000000000000029
:10C710000000000000000000000000000000000019
:10C720000000000000000000000000000000000009
:10C7300000000000000000000000000000000000F9
:10C7400000000000000000000000000000000000E9
:10C7500000000000000000000000000000000000D9
:10C7600000000000000000000000000000000000C9
:10C7700000000000000000000000000000000000B9
:10C7800000000000000000000000000000000000A9
:10C790000000000000000000000000000000000099
:10C7A0000000000000000000000000000000000089
:10C7B0000000000000000000000000000000000079
:10C7C0000000000000000000000000000000000069
:10C7D0000000000000000000000000000000000059
:10C7E0000000000000000000000000000000000049
:10C7F0000000000000000000000000000000000039
:10C800000000000000000000000000000000000028
:10C810000000000000000000000000000000000018
:10C820000000000000000000000000000000000008
:10C8300000000000000000000000000000000000F8
:10C8400000000000000000000000000000000000E8
:10C8500000000000000000000000000000000000D8
:10C8600000000000000000000000000000000000C8
:10C8700000000000000000000000000000000000B8
:10C8800000000000000000000000000000000000A8
:10C890000000000000000000000000000000000098
:10C8A0004000000006032A39A75243394C5A6D391B
:10C8B00011533239041B0839A3B8EF38893B6D395D
:10C8C000D30A3F39757B4A39446618394ED87039D6
:10C8D00012B23039B61B19390FFD593955185F3965
:10C8E00063EC2239F5F012392CBF2C391FA44939D9
:10C8F000FAE73339EB7D3639195CA839FD571D3914
:10C900009E6582395F9059399F0B7F39048D2F398D
:10C91000A8327739212246396C205B39134E3339DE
:10C92000D7484A39D6135539AEF858392C06263926
:10C930008438333914F75A395657393993521A39DA
:10C9400052005F39CEEC40392C0A3139A8B8113980
:10C950000EFC3639224E3639127A2C39B4382B393E
:10C96000DA6E6D39C882373981285C39B6222C39A4
:10C97000334570397FD85139F8352C3931887339BE
:10C9800056EF0C39A01B5239FC283439CC6E3A3999
:10C990004B4C5439BE854C39F21860397AE42E3943
:10C9A0001F2626391200000074666C2E70736575A0
:10C9B000646F5F71636F6E73743800000100000074
:10C9C000400000007AE4FFFF0000000114000000B6
:10C9D000280600000A0000000000000934060000DC
:10C9E000F4E3FFFF080000000C04000080000000DA
:10C9F0000000000000000000000000000000000037
:10CA00000000000000000000000000000000000026
:10CA10000000000000000000000000000000000016
:10CA20000000000000000000000000000000000006
:10CA300000000000000000000000000000000000F6
:10CA400000000000000000000000000000000000E6
:10CA500000000000000000000000000000000000D6
:10CA600000000000000000000000000000000000C6
:10CA700000000000000000000000000000000000B6
:10CA800000000000000000000000000000000000A6
:10CA90000000000000000000000000000000000096
:10CAA0000000000000000000000000000000000086
:10CAB0000000000000000000000000000000000076
:10CAC0000000000000000000000000000000000066
:10CAD0000000000000000000000000000000000056
:10CAE0000000000000000000000000000000000046
:10CAF0000000000000000000000000000000000036
:10CB00000000000000000000000000000000000025
:10CB10000000000000000000000000000000000015
:10CB20000000000000000000000000000000000005
:10CB300000000000000000000000000000000000F5
:10CB400000000000000000000000000000000000E5
:10CB500000000000000000000000000000000000D5
:10CB600000000000000000000000000000000000C5
:10CB700000000000000000000000000000000000B5
:10CB800000000000000000000000000000000000A5
:10CB90000000000000000000000000000000000095
:10CBA0000000000000000000000000000000000085
:10CBB0000000000000000000000000000000000075
:10CBC0000000000000000000000000000000000065
:10CBD0000000000000000000000000000000000055
:10CBE0000000000000000000000000000000000045
:10CBF0000000000000000000000000000000000035
:10CC00000000000000000000000000000000000024
:10CC10000000000000000000000000000000000014
:10CC20000000000000000000000000000000000004
:10CC300000000000000000000000000000000000F4
:10CC400000000000000000000000000000000000E4
:10CC500000000000000000000000000000000000D4
:10CC600000000000000000000000000000000000C4
:10CC700000000000000000000000000000000000B4
:10CC800000000000000000000000000000000000A4
:10CC90000000000000000000000000000000000094
:10CCA0000000000000000000000000000000000084
:10CCB0000000000000000000000000000000000074
:10CCC0000000000000000000000000000000000064
:10CCD0000000000000000000000000000000000054
:10CCE0000000000000000000000000000000000044
:10CCF0000000000000000000000000000000000034
:10CD00000000000000000000000000000000000023
:10CD10000000000000000000000000000000000013
:10CD20000000000000000000000000000000000003
:10CD300000000000000000000000000000000000F3
:10CD400000000000000000000000000000000000E3
:10CD500000000000000000000000000000000000D3
:10CD600000000000000000000000000000000000C3
:10CD700000000000000000000000000000000000B3
:10CD800000000000000000000000000000000000A3
:10CD90000000000000000000000000000000000093
:10CDA0000000000000000000000000000000000083
:10CDB0000000000000000000000000000000000073
:10CDC0000000000000000000000000000000000063
:10CDD0000000000000000000000000000000000053
:10CDE0000000000000000000000000000000000043
:10CDF0000000000080000000E132563BF0E1333BD0
:10CE000088E8503BB892253BDE34253B0AC01C3BEA
:10CE10005C92223BC5581C3B8AFD403B4972413B1A
:10CE200049FC273B2358243BFF88063B966F4E3B2B
:10CE3000F2111D3B63DF1F3B870E393BFA64413B18
:10CE4000C400193B2C8C803BA13E333B488B0F3BED
:10CE50004457193B169B293B46604D3B3E141D3BF6
:10CE60004588273B4736273B21E1273B30FF783B6E
:10CE7000E7381E3B908C5D3BE5435E3BCEB6253BE1
:10CE80003CCB2D3B9416233B26240D3B29DF453B11
:10CE900076F2393B04A72A3BBDB35A3B78AF283B17
:10CEA000E1473C3B6A92223BC3081F3B78A6083B04
:10CEB0002FE1383B1B49223BDCDA4D3B111F3B3B4A
:10CEC00080C78B3B4A47323B54E60C3BAB4D313B72
:10CED0005030093B72E23C3B90D6223BB9BF2D3B20
:10CEE00093E16D3BEF34173BF50C523B3F5C503BFD
:10CEF0001BE0503B4F45123BA9A78C3B3690273B8C
:10CF000003FA193BE62B123B01821D3B4844503B80
:10CF1000E7F1233BDEDC5A3B6825693BD459263BCD
:10CF20001F74153B4E6E373BCC4C2A3BA7294B3B1D
:10CF3000801E3C3BC6184F3B6CDF223B77B14C3B1D
:10CF400025C6093B5326293B9B88303BBC1F413BF0
:10CF50008633083BAFC2343B3C9D483BB3E44F3B78
:10CF60003DA4263BFB64193B21481D3BD509433BAF
:10CF7000322C1A3B37731A3B93430A3B23CC243B96
:10CF80002E99713B3C77323BAF72613B7F33323B32
:10CF9000B4B30F3BA9EF333B0738283BBA421D3BE4
:10CFA000913C3D3BF3702A3B8BAC623B6DF6693B99
:10CFB000660D513B81BF1D3B5A1C163BB19D2A3B60
:10CFC0006CA2313BBB18283B3AAC263B1267423B74
:10CFD0003EA3343B4D69073BAE813A3B9EFD1F3B70
:10CFE000C75F243B28023D3BA710193BA8FE3A3BF4
:10CFF000B6D2203BB6342E3B1200000074666C2E75
:10D0000070736575646F5F71636F6E737437000062
:10D01000040000008000000001000000010000008A
:10D0200040000000DAEAFFFF0000000114000000E9
:10D030002406000009000000000000023006000085
:10D0400054EAFFFF08000000080400008000000010
:10D0500000000000000000000000000000000000D0
:10D0600000000000000000000000000000000000C0
:10D0700000000000000000000000000000000000B0
:10D0800000000000000000000000000000000000A0
:10D090000000000000000000000000000000000090
:10D0A0000000000000000000000000000000000080
:10D0B0000000000000000000000000000000000070
:10D0C0000000000000000000000000000000000060
:10D0D0000000000000000000000000000000000050
:10D0E0000000000000000000000000000000000040
:10D0F0000000000000000000000000000000000030
:10D10000000000000000000000000000000000001F
:10D11000000000000000000000000000000000000F
:10D1200000000000000000000000000000000000FF
:10D1300000000000000000000000000000000000EF
:10D1400000000000000000000000000000000000DF
:10D1500000000000000000000000000000000000CF
:10D1600000000000000000000000000000000000BF
:10D1700000000000000000000000000000000000AF
:10D18000000000000000000000000000000000009F
:10D19000000000000000000000000000000000008F
:10D1A000000000000000000000000000000000007F
:10D1B000000000000000000000000000000000006F
:10D1C000000000000000000000000000000000005F
:10D1D000000000000000000000000000000000004F
:10D1E000000000000000000000000000000000003F
:10D1F000000000000000000000000000000000002F
:10D20000000000000000000000000000000000001E
:10D21000000000000000000000000000000000000E
:10D2200000000000000000000000000000000000FE
:10D2300000000000000000000000000000000000EE
:10D2400000000000000000000000000000000000DE
:10D2500000000000000000000000000000000000CE
:10D2600000000000000000000000000000000000BE
:10D2700000000000000000000000000000000000AE
:10D28000000000000000000000000000000000009E
:10D29000000000000000000000000000000000008E
:10D2A000000000000000000000000000000000007E
:10D2B000000000000000000000000000000000006E
:10D2C000000000000000000000000000000000005E
:10D2D000000000000000000000000000000000004E
:10D2E000000000000000000000000000000000003E
:10D2F000000000000000000000000000000000002E
:10D30000000000000000000000000000000000001D
:10D31000000000000000000000000000000000000D
:10D3200000000000000000000000000000000000FD
:10D3300000000000000000000000000000000000ED
:10D3400000000000000000000000000000000000DD
:10D3500000000000000000000000000000000000CD
:10D3600000000000000000000000000000000000BD
:10D3700000000000000000000000000000000000AD
:10D38000000000000000000000000000000000009D
:10D39000000000000000000000000000000000008D
:10D3A000000000000000000000000000000000007D
:10D3B000000000000000000000000000000000006D
:10D3C000000000000000000000000000000000005D
:10D3D000000000000000000000000000000000004D
:10D3E000000000000000000000000000000000003D
:10D3F000000000000000000000000000000000002D
:10D40000000000000000000000000000000000001C
:10D41000000000000000000000000000000000000C
:10D4200000000000000000000000000000000000FC
:10D4300000000000000000000000000000000000EC
:10D4400000000000000000000000000000000000DC
:10D450008000000047FD5C39D5953939FE87573982
:10D460007BD22A39A7712A3932B82139C3B9273971
:10D47000A74D2139D01B473943944739A04F2D3947
:10D48000ED8D2939DCCC0A39FBFA5439B20C22393A
:10D49000E2F024396AEC3E398886473982DA1D3950
:10D4A000719F843958ED383942181439C0331E3908
:10D4B00093FB2E3911E35339110F2239EED72C3952
:10D4C00057832C399B332D3900728039013D233924
:10D4D0009D926439C24F6539B6F72A39B74D333951
:10D4E0002C422839A09D11390D254C3993D73F394D
:10D4F00000103039AFA261397D082E39EE3F423934
:10D50000D1B92739741324397FFB0C39A2BD3E39B8
:10D510002F6E27398A615439B50D4139EC35903970
:10D520002AEE3739D85D1139A1EC3639B6890D3973
:10D5300066DF423920002839D64133392C6C7539E1
:10D540001A001C39B0B5583943F756394D7F573951
:10D550006AE81639301D913920E02C39A8DB1E39D4
:10D5600033CE16394F80223989DE56397324293952
:10D570001ECD613994897039E79F2B390F311A39E3
:10D58000FF3E3D39ECB22F397C9A51393D15423975
:10D5900088A9553944092839B82E53394B240E39F6
:10D5A0001D832E3952213639183F4739E8840C390A
:10D5B000B47D3A3962F94E39EC7B5639ACEC2B39F3
:10D5C000E7411E3999442239BA3849396F0F1F395A
:10D5D000B4581F39B3A50E399A052A39F241793961
:10D5E000A11F383961986839BED93739F6411439E5
:10D5F000FDA33939438D2D39063F2239603C43392B
:10D6000038D82F3930DC69393961713907AE57396B
:10D61000C2BF22399FDE1A396106303912443739C8
:10D62000F96C2D39E9F42B39CE904839445D3A39FB
:10D6300046B40B39556B403912102539CF9529392D
:10D640001D004339E6EA1D3945EC4039ECEB25393C
:10D6500089BA33391200000074666C2E70736575D8
:10D66000646F5F71636F6E737436000001000000B9
:10D67000800000002AF1FFFF0000000114000000FC
:10D680003400000008000000000000094000000015
:10D69000A4F0FFFF080000001400000001000000DB
:10D6A00080FFFFFFFFFFFFFF000000000100000000
:10D6B000B077CA3D1200000074666C2E70736575F9
:10D6C000646F5F71636F6E7374350000010000005A
:10D6D000800000008AF1FFFF00000001140000003C
:10D6E00034000000070000000000000940000000B6
:10D6F00004F1FFFF0800000014000000010000001A
:10D700007F00000000000000000000000100000099
:10D71000E6243A3B1200000074666C2E7073657547
:10D72000646F5F71636F6E737434000001000000FA
:10D7300080000000EAF1FFFF00000001140000007B
:10D740002806000006000000000000093406000062
:10D7500064F1FFFF080000000C04000080000000DE
:10D7600000000000000000000000000000000000B9
:10D7700000000000000000000000000000000000A9
:10D780000000000000000000000000000000000099
:10D790000000000000000000000000000000000089
:10D7A0000000000000000000000000000000000079
:10D7B0000000000000000000000000000000000069
:10D7C0000000000000000000000000000000000059
:10D7D0000000000000000000000000000000000049
:10D7E0000000000000000000000000000000000039
:10D7F0000000000000000000000000000000000029
:10D800000000000000000000000000000000000018
:10D810000000000000000000000000000000000008
:10D8200000000000000000000000000000000000F8
:10D8300000000000000000000000000000000000E8
:10D8400000000000000000000000000000000000D8
:10D8500000000000000000000000000000000000C8
:10D8600000000000000000000000000000000000B8
:10D8700000000000000000000000000000000000A8
:10D880000000000000000000000000000000000098
:10D890000000000000000000000000000000000088
:10D8A0000000000000000000000000000000000078
:10D8B0000000000000000000000000000000000068
:10D8C0000000000000000000000000000000000058
:10D8D0000000000000000000000000000000000048
:10D8E0000000000000000000000000000000000038
:10D8F0000000000000000000000000000000000028
:10D900000000000000000000000000000000000017
:10D910000000000000000000000000000000000007
:10D9200000000000000000000000000000000000F7
:10D9300000000000000000000000000000000000E7
:10D9400000000000000000000000000000000000D7
:10D9500000000000000000000000000000000000C7
:10D9600000000000000000000000000000000000B7
:10D9700000000000000000000000000000000000A7
:10D980000000000000000000000000000000000097
:10D990000000000000000000000000000000000087
:10D9A0000000000000000000000000000000000077
:10D9B0000000000000000000000000000000000067
:10D9C0000000000000000000000000000000000057
:10D9D0000000000000000000000000000000000047
:10D9E0000000000000000000000000000000000037
:10D9F0000000000000000000000000000000000027
:10DA00000000000000000000000000000000000016
:10DA10000000000000000000000000000000000006
:10DA200000000000000000000000000000000000F6
:10DA300000000000000000000000000000000000E6
:10DA400000000000000000000000000000000000D6
:10DA500000000000000000000000000000000000C6
:10DA600000000000000000000000000000000000B6
:10DA700000000000000000000000000000000000A6
:10DA80000000000000000000000000000000000096
:10DA90000000000000000000000000000000000086
:10DAA0000000000000000000000000000000000076
:10DAB0000000000000000000000000000000000066
:10DAC0000000000000000000000000000000000056
:10DAD0000000000000000000000000000000000046
:10DAE0000000000000000000000000000000000036
:10DAF0000000000000000000000000000000000026
:10DB00000000000000000000000000000000000015
:10DB10000000000000000000000000000000000005
:10DB200000000000000000000000000000000000F5
:10DB300000000000000000000000000000000000E5
:10DB400000000000000000000000000000000000D5
:10DB500000000000000000000000000000000000C5
:10DB6000000000008000000043DD2B3B5478373B71
:10DB70000004363BA3B8293B593E373BA8B0233BB2
:10DB8000943E2F3B3E706C3B69D3263BDA15203B1D
:10DB9000D2C10C3B28F7313BFB932D3B0B5C0B3B7D
:10DBA0007B31493BC2C5293B2ACD4E3B6CD4213B3E
:10DBB00002E5623B6B571A3B918F383BF10C4D3BB2
:10DBC0004925533B0B7E0A3BB9D1293B37731E3B9A
:10DBD0007868363B28F73A3B53B5363BC3460F3B94
:10DBE000EF3C2F3BF801163B1A5A193B37A6123B64
:10DBF000EF36283B761A4A3B75C75C3B0AE6173B73
:10DC00007C1F303B2378203B1B5F3A3BB6151E3B05
:10DC1000DE137A3B7BFC2A3BA29C233BF4EA163BB7
:10DC2000DA46323BAA81393B766B433B3EA0343B1C
:10DC30004F9F083BA400273B7EA2193B0303513BA7
:10DC40002254763B54AD103B2B35303B080B393B0F
:10DC500062FF183B8348263B41F7313B51D53E3BA1
:10DC60000336443BD3193A3B61C4403B81EC413B12
:10DC7000C307283B8D2E443B7CE3293BF7582E3BC2
:10DC8000BCA6863BE28C3E3B8817203BFDB6233B7F
:10DC90004DA6333B52F2683BB5D5123B7D51543B08
:10DCA000E5D0273BC84B1D3B9BA82C3BB4903F3B8A
:10DCB000BB1E4D3BA6762B3B3CD63C3BF78C313B09
:10DCC000AAE42A3B3F154F3BBD4B273BA3644E3B89
:10DCD00000AB7D3B8CB7333B7AC2343BB084243BF2
:10DCE000388A313BB42F1B3B057B363BB8EA1E3BE1
:10DCF000D523293BD4DA193BC7C8343B7F8C123B70
:10DD000097CF3B3B46C6203B6600293B4B35513BFA
:10DD10004CBD233B265A313B1B68303B7182193B7B
:10DD2000559F253B2F3A1B3B2877343B3E386B3BB6
:10DD30009B7D2E3B4BAC483B0B70253B3297333BD6
:10DD4000A934553B0B662C3B54201A3B03E9153B89
:10DD50006811393BFF29143BD9661C3B298B5E3B7C
:10DD6000505B113B2BE52C3B1200000074666C2EBF
:10DD700070736575646F5F71636F6E7374330000E9
:10DD800002000000800000008000000042F8FFFF59
:10DD9000000000011400000024060000050000003F
:10DDA0000000000230060000BCF7FFFF0800000082
:10DDB00008040000800000000000000000000000D7
:10DDC0000000000000000000000000000000000053
:10DDD0000000000000000000000000000000000043
:10DDE0000000000000000000000000000000000033
:10DDF0000000000000000000000000000000000023
:10DE00000000000000000000000000000000000012
:10DE10000000000000000000000000000000000002
:10DE200000000000000000000000000000000000F2
:10DE300000000000000000000000000000000000E2
:10DE400000000000000000000000000000000000D2
:10DE500000000000000000000000000000000000C2
:10DE600000000000000000000000000000000000B2
:10DE700000000000000000000000000000000000A2
:10DE80000000000000000000000000000000000092
:10DE90000000000000000000000000000000000082
:10DEA0000000000000000000000000000000000072
:10DEB0000000000000000000000000000000000062
:10DEC0000000000000000000000000000000000052
:10DED0000000000000000000000000000000000042
:10DEE0000000000000000000000000000000000032
:10DEF0000000000000000000000000000000000022
:10DF00000000000000000000000000000000000011
:10DF10000000000000000000000000000000000001
:10DF200000000000000000000000000000000000F1
:10DF300000000000000000000000000000000000E1
:10DF400000000000000000000000000000000000D1
:10DF500000000000000000000000000000000000C1
:10DF600000000000000000000000000000000000B1
:10DF700000000000000000000000000000000000A1
:10DF80000000000000000000000000000000000091
:10DF90000000000000000000000000000000000081
:10DFA0000000000000000000000000000000000071
:10DFB0000000000000000000000000000000000061
:10DFC0000000000000000000000000000000000051
:10DFD0000000000000000000000000000000000041
:10DFE0000000000000000000000000000000000031
:10DFF0000000000000000000000000000000000021
:10E000000000000000000000000000000000000010
:10E010000000000000000000000000000000000000
:10E0200000000000000000000000000000000000F0
:10E0300000000000000000000000000000000000E0
:10E0400000000000000000000000000000000000D0
:10E0500000000000000000000000000000000000C0
:10E0600000000000000000000000000000000000B0
:10E0700000000000000000000000000000000000A0
:10E080000000000000000000000000000000000090
:10E090000000000000000000000000000000000080
:10E0A0000000000000000000000000000000000070
:10E0B0000000000000000000000000000000000060
:10E0C0000000000000000000000000000000000050
:10E0D0000000000000000000000000000000000040
:10E0E0000000000000000000000000000000000030
:10E0F0000000000000000000000000000000000020
:10E10000000000000000000000000000000000000F
:10E1100000000000000000000000000000000000FF
:10E1200000000000000000000000000000000000EF
:10E1300000000000000000000000000000000000DF
:10E1400000000000000000000000000000000000CF
:10E1500000000000000000000000000000000000BF
:10E1600000000000000000000000000000000000AF
:10E17000000000000000000000000000000000009F
:10E18000000000000000000000000000000000008F
:10E19000000000000000000000000000000000007F
:10E1A000000000000000000000000000000000006F
:10E1B0000000000000000000800000009A98C438B1
:10E1C00036DFD1384E35D0380725C238E39CD138F8
:10E1D000DD3EBB387076C838383B073923D5BE38AA
:10E1E000431FB7383203A1384293CB38748EC638F8
:10E1F000EF699F384625E6380934C2388F8FEC38EE
:10E20000191EB938CFC501393B8DB038A21ED3389D
:10E21000D68EEA38B787F138FD6B9E38B941C238DF
:10E220006240B5383BA8D038CFDED5382600D1388B
:10E23000F2E4A3388F74C8382198AB38766BAF38C6
:10E24000A7C0A738D26BC038C82FE738C78CFC38B6
:10E25000DBC1AD38B677C938B18FB738E130D538C2
:10E260006DD5B43842080F397997C338F527BB38D4
:10E27000A4A2AC386CEECB389233D438908ADF3815
:10E280005A9ECE385C489C38E008BF3845BEAF384F
:10E29000D516EF3857E30C391D7FA5388390C93860
:10E2A000DEABD338B003AF384036BE385E93CB38E0
:10E2B000754BDA384372E038A0E1D438C281DC38DB
:10E2C0007FD4DD38DC35C038BA69E0380A56C23848
:10E2D000C86FC7382D071A3999F8D9382F21B738A0
:10E2E0001B46BB387280CD38F13B0539FBF6A738A9
:10E2F0001FDFF23819F7BF3870EEB3383581C538F3
:10E30000CF21DB382FA3EA383923C438D402D838D8
:10E31000C919CB383B7CC33803E2EC38C75EBF3841
:10E32000FD17EC38F61511392C94CD3883C5CE384D
:10E330006831BC38A416CB38A484B13874BDD03849
:10E3400016C9B538CF7AC138B6FEAF38B9CCCE3899
:10E350003CA3A73863D6D63813E9B7384752C1383B
:10E360005950EF38534DBB38A8DFCA38C8CAC9382E
:10E370009B99AF38B974BD38A190B1385B6FCE3876
:10E38000C5880639B299C738EC8CE538A13EBD384E
:10E390002A6FCD38FBE2F3381135C538364EB03828
:10E3A000947BAB3828B3D3383D7CA9388FE8B2389A
:10E3B0007B91FE382246A6387CC6C5381200000084
:10E3C00074666C2E70736575646F5F71636F6E73C6
:10E3D00074320000010000008000000092FEFFFF88
:10E3E000000000011400000088000000040000008C
:10E3F00000000009940000000CFEFFFF0800000070
:10E400004C000000080000000000000000000000B8
:10E4100000000000000000000000000000000000FC
:10E4200000000000000000000000000000000000EC
:10E4300000000000000000000000000000000000DC
:10E4400000000000000000000000000008000000C4
:10E450007F7F8D3BED285D3B6CF04D3BFA0E723BB0
:10E4600048BD553BF9E0413B955A573B8320563B0D
:10E470001200000074666C2E70736575646F5F71B6
:10E48000636F6E737431000002000000080000002A
:10E49000800000004AFFFFFF0000000114000000A0
:10E4A000880000000300000000000002940000004B
:10E4B000C4FEFFFF080000004C0000000800000040
:10E4C000000000000000000000000000000000004C
:10E4D000000000000000000000000000000000003C
:10E4E000000000000000000000000000000000002C
:10E4F000000000000000000000000000000000001C
:10E5000000000000080000004A2AEF3802E8BA388C
:10E51000000BAE387091CC3896A2B438BED9A3386F
:10E52000DFFFB53872F6B4381100000074666C2E47
:10E5300070736575646F5F71636F6E737400000054
:10E540000100000008000000000016001C00180078
:10E55000170010000C000800000000000000070079
:10E560001600000000000001180000001800000064
:10E57000020000000000000220000000040004006F
:10E58000040000000E00000061726974682E636F61
:10E590006E7374616E7400000100000002000000E0
:10E5A0000000160020001C001B00140010000C00CE
:10E5B0000000000008000700160000000000000135
:10E5C00018000000340000005400000001000000AA
:10E5D000000000096C00000004000000FFFFFFFFC6
:10E5E0002000000028000000010000000C000C00CA
:10E5F00000000000080004000C00000008000000FB
:10E60000140000000100000080FFFFFFFFFFFFFF7C
:10E610000000000001000000B0844D3C1D0000001F
:10E6200073657276696E675F64656661756C745F49
:10E63000696E7075745F6C617965723A30000000C4
:10E64000040000000100000020000000280000007D
:10E650000100000008000000A80000008800000081
:10E660007C00000060000000400000002C00000062
:10E67000180000000400000084FFFFFF19000000E4
:10E68000020000000000001994FFFFFF09000000D5
:10E690000400000000000009A4FFFFFF28000000A4
:10E6A0000200000000000028B4FFFFFF040000008B
:10E6B00003000000000000040C000E000D0000002C
:10E6C000080004000C00000011000000020000001F
:10E6D00000110A0008000000000004000A00000009
:10E6E00002000000F0FFFFFF120000000200000027
:10E6F000000000120C0010000F00000008000400D1
:10E700000C000000030000000300000000000003F4
:10E710007A30BD3A7A303D3B5BE48D3B7A30BD3B8D
:10E72000987CEC3B5BE40D3C6A8A253C7A303D3CAE
:10E7300089D6543C4EE9503C3F43393C309D213C06
:10E7400020F7093C22A2E43B0456B53BE609863B90
:10E750008E7B2D3BA3C69D3A519A5C3AD2BE153BA7
:10E760000F57743BA577A93BC4C3D83BF107043CC2
:10E7700000AE1B3C0F54333C1FFA4A3CB8C55A3C10
:10E78000A91F433C9A792B3C8BD3133CF65AF83B98
:10E79000D90EC93BBAC2993B37ED543BF4A9EC3AC8
:10E7A000E7E5BD39BC4E7B39519ADC3A66E54C3B16
:10E7B000D2BE953BF00AC53B0F57F43B96D1113CB6
:10E7C000A577293CB51D413CC4C3583C13FC4C3CC7
:10E7D0000456353CF5AF1D3CE609063CADC7DC3BB5
:10E7E0008E7BAD3BDF5E7C3BA3C61D3B96B97C3A7E
:10E7F00000B78D3ABD73253BFD05823B1C52B13BF2
:10E80000399EE03B2CF5073C3C9B1F3C4B41373C81
:10E810005AE74E3C7ED8563C6E323F3C5F8C273CDC
:10E8200050E60F3C8180F03B6234C13B44E8913BB1
:10E830004B38453B1C40CD3A127D0039BC4EFB396C
:10E840002904FC3A519A5C3B47999D3B66E5CC3BD9
:10E850008331FC3BD2BE153CE1642D3CF00A453CC3
:10E86000FFB05C3CD90E493CC968313CBAC2193C86
:10E87000AB1C023C37EDD43B18A1A53BF4A96C3B83
:10E88000B7110E3BE7E53D3AD820AD3AA928353B14
:10E8900073E0893B912CB93BAF78E83B67E20B3CD6
:10E8A0007788233C862E3B3C95D4523C43EB523C2C
:10E8B00034453B3C249F233C15F90B3C0BA6E83B1D
:10E8C000ED59B93BCE0D8A3B6083353B45D6AD3A19
:10E8D0000C7B3C3A00B70D3B3D4F6C3BBD73A53BF9
:10E8E000DBBFD43BFD05023C0CAC193C1C52313C57
:10E8F0002BF8483CADC75C3C9E21453C8E7B2D3CB3
:10E900007FD5153CDF5EFC3BC112CD3BA3C69D3BD2
:10E9100008F55C3B96B9FC3A7024FE3953A3F538F0
:10E92000AF8ACC3A95DD443BE9BA913B0807C13B3D
:10E930002653F03BA2CF0F3CB175273CC11B3F3C97
:10E94000D0C1563C07FE4E3CF857373CE9B11F3C5E
:10E95000D90B083C95CBE03B777FB13B5833823BEA
:10E9600074CE253B6D6C8E3ABC4E7B3AEC6B1D3BF6
:10E9700029047C3B334EAD3B519ADC3B38F3053CDC
:10E9800047991D3C563F353C66E54C3C71DA583C96
:10E990006234413C538E293C44E8113C6984F43B89
:10E9A0004B38C53B2CEC953B1C404D3BBF4FDD3AF3
:10E9B000127D80393310BB3987F4EB3A8092543B97
:10E9C0005F95993B7DE1C83B9C2DF83BDDBC133C3A
:10E9D000EC622B3CFB08433C0AAF5A3CCC104B3C4E
:10E9E000BD6A333CAEC41B3C9F1E043C1FF1D83BA8
:10E9F00001A5A93BC4B1743B8819163B2C055E3AAE
:10EA000036119D3AD8202D3B8ADC853BA928B53BA1
:10EA1000C674E43B73E0093C8286213C912C393C6E
:10EA2000A0D2503C37ED543C27473D3C18A1253C33
:10EA300009FB0D3CF4A9EC3BD55DBD3BB7118E3B0A
:10EA4000318B3D3BE7E5BD3A136DB536C85B1C3AEB
:10EA50002FAF053B6C47643BD46FA13BF2BBD03B6F
:10EA60000804003C18AA173C27502F3C36F6463CB9
:10EA7000459C5E3C9223473C827D2F3C73D7173CDC
:10EA80006431003CAA16D13B8BCAA13BD9FC643B44
:10EA90009C64063B7D311F3A9DADBA3A75073B3BFE
:10EAA0000F5C8C3B6234BB3BB50CEA3B84720C3C84
:10EAB000AFDE233CD84A3B3C02B7523C1E424F3C9F
:10EAC0008E47383CFD4C213C6C520A3CB9AFE63BCA
:10EAD00098BAB83B77C58A3BACA0393BD36CBB3AFC
:10EAE000CE13E637CD714A3A1BFB093BC459613B53
:10EAF000365C9C3B8A0BC83BDFBAF33B19B50F3C35
:10EB0000C38C253C6E643B3C173C513C80E83D3C4B
:10EB1000B2C2293CE49C153C1677013C8EA2DA3B3C
:10EB2000F256B23B550B8A3B717F433B70D0E53ABE
:10EB3000FC43093A9723923AB298133B971F5E3BE6
:10EB40003F53943BB296B93B25DADE3BCC0E023CF8
:10EB500085B0143C3F52273CF9F3393C59F8373C17
:10EB60001FB3263CE56D153CAA28043CE0C6E53BF6
:10EB70006C3CC33BF8B1A03B074F7C3B1D3A373B95
:10EB8000674AE43A2B41343A3812133AA89AC93A00
:10EB90001AD6243BE0DE643BD373923B3678B23B1B
:10EBA0009A7CD23BFD80F23BB042093CE144193CE7
:10EBB0001347293CAF8F2E3CECB81F3C2AE2103C97
:10EBC000660B023C4869E63BC1BBC83B3B0EAB3B16
:10EBD000B6608D3B60665F3B530B243B9060D13A3F
:10EBE000F054353AA9079939924B943A9D2A013B42
:10EBF000722F383B46346F3B8D1C933BF89EAE3BE7
:10EC00006121CA3BCCA3E53B1B93003C50540E3C16
:10EC100085151C3CBF93233CD0D3163CE1130A3C22
:10EC2000E5A7FA3B0728E13B2AA8C73B4E28AE3BA5
:10EC300070A8943B2551763B6A51433BB051103B41
:10EC4000E9A3BA3AE948293AA6B0323972C3693A17
:10EC50005D6DD33A81FC183B5242483B2588773B97
:10EC6000FB66933BE409AB3BCDACC23BB64FDA3B12
:10EC70009FF2F13BC4CA043C399C103CB28D183C55
:10EC80004B990D3CE4A4023CFA60EF3B2C78D93B55
:10EC90005F8FC33B90A6AD3BC3BD973BF5D4813B93
:10ECA0004ED8573BB3062C3B1735003BF6C6A83A67
:10ECB0007C47223AD528DD381B1D3E3A8E4AB03AB1
:10ECC00047C3003B4861293B47FF513B489D7A3B86
:10ECD000A49D913BA4ECA53BA43BBA3BA58ACE3BAB
:10ECE000A4D9E23BA428F73BD2BB053CEC6F0E3C19
:10ECF0005A06053C9039F73B6D66E43B4A93D13B9D
:10ED000026C0BE3B03EDAB3BDF19993BBC46863BBF
:10ED100030E7663BEA40413BA29A1B3BB7E8EB3A3F
:10ED2000299CA03A369F2A3AD030A038049B253837
:10ED3000F0F1153A18C5903A3891D63AAC2E0E3B00
:10ED4000BC14313BCCFA533BDCE0763B76E38C3BA6
:10ED50007E569E3B86C9AF3B8E3CC13B96AFD23BB5
:10ED60009E22E43BA595F53B5784033C8654FB3B30
:10ED7000E027EB3B39FBDA3B93CECA3BEDA1BA3B34
:10ED80004575AA3B9F489A3BF91B8A3BA5DE733B1E
:10ED90005885533B0A2C333BBED2123BE2F2E43A95
:10EDA0004840A43A5C1B473A516C8B39AEFCCF39D2
:10EDB00044EF5F3A19F0AB3A90E8E73A84F0113B40
:10EDC000BFEC2F3BFAE84D3B36E56B3BB9F0843B9B
:10EDD000D6EE933BF4ECA23B12EBB13B30E9C03BE7
:10EDE0004EE7CF3B6BE5DE3B89E3ED3B548EEF3BDB
:10EDF000A4A8E13BF4C2D33B44DDC53B95F7B73B48
:10EE0000E511AA3B352C9C3B85468E3BD560803B6B
:10EE10004BF6643BEC2A493B8C5F2D3B2D94113B18
:10EE20009B91EB3ADCFAB33A3AC8783ABC9A093A81
:10EE3000F169D338E2223E39B196163AA9A47D3A57
:10EE40005159B23A4EE0E53AA5B30C3B2377263B45
:10EE5000A13A403B1FFE593B9DC1733B8EC2863B8E
:10EE60004CA4933B0C86A03BCB67AD3B8A49BA3B95
:10EE7000492BC73B080DD43BC7EEE03B71E4DA3BBE
:10EE8000A5F3CE3BD902C33B0C12B73B4021AB3BB1
:10EE900073309F3BA73F933BDA4E873B1CBC763BCE
:10EEA00083DA5E3BEAF8463B51172F3BB935173BF7
:10EEB0003FA8FE3A0EE5CE3ADC219F3A54BD5E3AB9
:10EEC000E26DFE396D84FD382DFF86393B0B1C3A0F
:10EED000E096743A4291A63A15D7D23AE61CFF3A28
:10EEE0005DB1153B45D42B3B2FF7413B181A583BDE
:10EEF000023D6E3BF52F823B6A418D3BDE52983BD3
:10EF00005364A33BC875AE3B3C87B93BB198C43B47
:10EF100026AACF3BFE7ACC3B8F38C23B21F6B73BCB
:10EF2000B3B3AD3B4471A33BD62E993B68EC8E3B0B
:10EF3000F9A9843B17CF743B3B4A603B5DC54B3B13
:10EF40008140373BA5BB223BC8360E3BD863F33A22
:10EF50001E5ACA3A6550A13A578D703AE6791E3A60
:10EF6000E7CC9839A45C4B39D5D6FD39ACFF4A3A89
:10EF7000F7898B3A1894B13A399ED73A5AA8FD3A94
:10EF80003ED9113B4EDE243B5FE3373B6FE84A3B03
:10EF90007FED5D3B91F2703BD0FB813B587E8B3B1C
:10EFA000E100953B69839E3BF105A83B7A88B13B24
:10EFB000020BBB3B2249C33B7A78BA3BD3A7B13B98
:10EFC0002BD7A83B8406A03BDC35973B34658E3BB2
:10EFD0008C94853BC987793B7AE6673B2B45563B4A
:10EFE000DCA3443B8D02333B3E61213BEFBF0F3B33
:10EFF000403DFC3AA2FAD83A04B8B53A6575923A5F
:10F000008D655E3A51E0173A29B6A2397D5D2D38FB
:10F01000C9A69037CCC68B399741073AC69F483A64
:10F02000FBFE843A14AEA53A2B5DC63A430CE73A90
:10F03000AEDD033B3935143BC68C243B52E4343BF4
:10F04000DE3B453B6A93553BF6EA653B8242763BA5
:10F05000074D833BCD788B3B93A4933B59D09B3B8F
:10F060001FFCA33BE527AC3BAB53B43B0A2CAF3BA7
:10F070001A99A73B2906A03B3973983B48E0903B7F
:10F08000584D893B67BA813BEE4E743B0C29653B7A
:10F090002C03563B4BDD463B6AB7373B8991283BF7
:10F0A000A86B193BC7450A3BCC3FF63A0BF4D73A5D
:10F0B00048A8B93A875C9B3A8A217A3A068A3D3A4F
:10F0C00083F2003AFEB588395E6FF837FE233E3989
:10F0D0005966CF3959DD1F3A8607583ADA18883A07
:10F0E000F02DA43A0643C03A1D58DC3A336DF83A85
:10F0F00025410A3BB04B183B3B56263BC760343B8F
:10F10000516B423BDD75503B68805E3BF48A6C3B43
:10F110007E957A3B0550843B4B558B3B905A923BF6
:10F12000D65F993B1B65A03B616AA73B2AA4A23B23
:10F1300036229C3B41A0953B4C1E8F3B589C883B04
:10F14000631A823BDD30773BF52C6A3B0B295D3B34
:10F150002225503B3921433B501D363B6619293B44
:10F160007D151C3B94110F3BAB0D023B8413EA3A17
:10F17000B20BD03AE003B63A0EFC9B3A3BF4813A2C
:10F18000D1D84F3A2DC91B3A1173CF3990A74E39B8
:10F19000E54B2839AFA9B439B5960A3A93D83A3A2B
:10F1A000701A6B3A27AE8D3A16CFA53A06F0BD3AE3
:10F1B000F410D63AE331EE3A6929033BE0390F3BCC
:10F1C000584A1B3BCF5A273B476B333BBF7B3F3BE8
:10F1D000358C4B3BAD9C573B25AD633B9CBD6F3B9A
:10F1E00014CE7B3B46EF833B81F7893BBDFF8F3BD2
:10F1F000F907963B7CF99B3B1562963BAECA903B68
:10F2000045338B3BDE9B853B7704803B1DDA743BAB
:10F210004EAB693B7E7C5E3BB04D533BE11E483BB1
:10F2200011F03C3B42C1313B7392263BA3631B3B35
:10F23000D434103B0506053B6BAEF33ACC50DD3AB7
:10F240002EF3C63A8F95B03AF0379A3A52DA833AAB
:10F2500066F95A3A2A3E2E3AEC82013A5E8FA93973
:10F26000C8312039CB13A235661E2739527CA63906
:10F270007269F939482B263AD9A14F3A6818793A78
:10F280007B47913AC302A63A0CBEBA3A5479CF3AB8
:10F290009B34E43AE3EFF83A95D5063B3933113B1A
:10F2A000DD901B3B82EE253B254C303BC9A93A3B08
:10F2B0006D07453B11654F3BB4C2593B5920643B38
:10F2C000FC7D6E3BA1DB783BA29C813B74CB863BF3
:10F2D00046FA8B3B711D903B904F8B3BB081863B38
:10F2E000CFB3813BDECB793B1D30703B5C94663BFA
:10F2F0009BF85C3BDB5C533B1AC1493B5925403BC7
:10F300009889363BD7ED2C3B1652233B55B6193B1B
:10F31000941A103BD37E063B23C6F93AA28EE63AF6
:10F320002057D33A9E1FC03A1CE8AC3A9AB0993A9B
:10F330001979863A2D83663A2914403A26A5193A56
:10F34000446CE6393C8E99396A60193982B06E375F
:10F35000916B1D390CF695395136DD394A3B123A1D
:10F360006DDB353A8E7B593AB01B7D3AE95D903AB8
:10F37000FB2DA23A0CFEB33A1CCEC53A2D9ED73ACD
:10F380003E6EE93A503EFB3A3087063B396F0F3B01
:10F390004257183B4A3F213B53272A3B5B0F333BE5
:10F3A00063F73B3B6BDF443B74C74D3B7DAF563B44
:10F3B00085975F3B8E7F683B9667713B9F4F7A3B9B
:10F3C000D49B813BBB0A863B02EA813B91927B3B0B
:10F3D0002051733BAF0F6B3B3DCE623BCB8C5A3B16
:10F3E000594B523BE8094A3B76C8413B0487393BBD
:10F3F0009345313B2004293BAFC2203B3E81183B63
:10F40000CC3F103B5AFE073BD179FF3AEDF6EE3A7E
:10F410000B74DE3A27F1CD3A446EBD3A60EBAC3A5C
:10F420007D689C3A9AE58B3A6CC5763AA6BF553A08
:10F43000DFB9343A19B4133AA45CE5391751A3394A
:10F44000138B4239DFCF793815FA9134D372F538FE
:10F45000D629753922CDB7395805F539C71E193A5D
:10F46000E2BA373AFD56563A18F3743A9AC7893ACF
:10F47000A815993AB663A83AC3B1B73AD1FFC63ACC
:10F48000DE4DD63AEC9BE53AF9E9F43A031C023B2F
:10F490000AC3093B116A113B1811193B1EB8203BE6
:10F4A000265F283B2C06303B33AD373B39543F3B7E
:10F4B00041FB463B47A24E3B4E49563B55F05D3B18
:10F4C0005C97653B623E6D3B6AE5743B52C6743B9C
:10F4D0006EAE6D3B8A96663BA67E5F3BC166583B2F
:10F4E000DD4E513BF9364A3B151F433B31073C3B50
:10F4F0004CEF343B68D72D3B84BF263BA0A71F3B76
:10F50000BB8F183BD777113BF35F0A3B0F48033B98
:10F510005660F83A8D30EA3AC500DC3AFCD0CD3A74
:10F5200034A1BF3A6B71B13AA341A33ADA11953ACB
:10F5300012E2863A9364713A0205553A71A5383A57
:10F54000E1451C3A9FCCFF397D0DC7395C4E8E39A1
:10F55000741E2B39C280663869D85D3889A9203974
:10F560007CEE84393288B939EA21EE39D15D113A1D
:10F57000ACAA2B3A88F7453A6444603A40917A3A0B
:10F580000E6F8A3A7B95973AE9BBA43A57E2B13AB3
:10F59000C408BF3A322FCC3AA055D93A0F7CE63A8C
:10F5A0007CA2F33A7564003BACF7063BE38A0D3B63
:10F5B000191E143B50B11A3B8744213BBED7273B51
:10F5C000F56A2E3B2CFE343B63913B3B9A24423B35
:10F5D000D0B7483B074B4F3B3EDE553B75715C3B1C
:10F5E000AC04633B4A5B633B0F435D3BD32A573B11
:10F5F0009812513B5DFA4A3B21E2443BE7C93E3B4E
:10F60000ABB1383B7099323B35812C3BFA68263BD5
:10F61000BE50203B83381A3B4820143B0C080E3B5D
:10F62000D1EF073B96D7013BB67EF73A3F4EEB3A18
:10F63000C81DDF3A52EDD23ADCBCC63A658CBA3A04
:10F64000EF5BAE3A792BA23A01FB953A8BCA893A25
:10F6500029347B3A3CD3623A4F724A3A6311323AC8
:10F6600076B0193A884F013A37DDD1395D1BA1399F
:10F6700006B36039A45EFE38EF5CED3784FA3138AA
:10F680005FE206391E466139EFD49D39CE06CB398B
:10F69000AE38F83946B5123A364E293A25E73F3AA0
:10F6A0001680563A05196D3AFAD8813A72258D3A84
:10F6B000EA71983A62BEA33AD90AAF3A5257BA3AB7
:10F6C000CAA3C53A41F0D03AB83CDC3A3189E73AAE
:10F6D000AAD5F23A2022FE3A4DB7043B885D0A3B98
:10F6E000C403103B00AA153B3C501B3B77F6203B64
:10F6F000B49C263BF0422C3B2CE9313B688F373BD6
:10F70000A3353D3BE0DB423B1B82483B57284E3B49
:10F7100093CE533BF0E1513B5FA54C3BCF68473B59
:10F720003D2C423BADEF3C3B1CB3373B8B76323B31
:10F73000FA392D3B6AFD273BD8C0223B48841D3B4C
:10F74000B747183B260B133B95CE0D3B0492083B65
:10F750007455033BC531FC3AA4B8F13A813FE73A0E
:10F7600061C6DC3A3E4DD23A1CD4C73AFB5ABD3A88
:10F77000D9E1B23AB768A83A96EF9D3A7476933ACF
:10F7800053FD883A60087D3A1D16683ADA23533AE9
:10F7900096313E3A533F293A104D143A99B5FE3905
:10F7A00011D1D4398BECAA3903088139FA462E39A4
:10F7B000D8FBB438C99BD6360022583864B2033916
:10F7C000485C513917838F390858B639FB2CDD391D
:10F7D000F600023A6F6B153AE8D5283A62403C3A97
:10F7E000DBAA4F3A5415633ACD7F763A23F5843A33
:10F7F0005FAA8E3A9C5F983AD814A23A15CAAB3ADF
:10F80000527FB53A8E34BF3ACBE9C83A079FD23A15
:10F810004454DC3A8109E63ABDBEEF3AFA73F93A4C
:10F820009B94013B396F063BD7490B3B7624103B39
:10F8300014FF143BB2D9193B50B41E3BEF8E233B4F
:10F840008D69283B2B442D3BCA1E323B68F9363B61
:10F8500006D43B3BA4AE403B4389453B18C9413BE2
:10F8600045493D3B70C9383B9D49343BC9C92F3B95
:10F87000F6492B3B22CA263B4E4A223B7ACA1D3B05
:10F88000A64A193BD3CA143BFF4A103B2CCB0B3B77
:10F89000584B073B84CB023B6097FC3AB997F33A4D
:10F8A0001298EA3A6A98E13AC398D83A1A99CF3A44
:10F8B0007399C63ACC99BD3A259AB43A7D9AAB3A37
:10F8C000D69AA23A2E9B993A869B903ADF9B873A2A
:10F8D00070387D3A20396B3AD139593A833A473AF0
:10F8E000343B353AE43B233A963C113A8E7AFE3962
:10F8F000EF7BDA39527DB639B47E92392D005D390D
:10F90000F10215396A0B9A38230FA136608D7538CC
:10F910000F1E0039C5D84239BEC982391927A4390A
:10F920007584C539CFE1E639951F043A43CE143AC0
:10F93000F07C253A9E2B363A4BDA463AFA88573A0B
:10F94000A737683A54E6783A81CA843AD8218D3A82
:10F950002F79953A86D09D3ADC27A63A337FAE3A86
:10F960008AD6B63AE12DBF3A3785C73A8EDCCF3A10
:10F97000E533D83A3D8BE03A93E2E83AEA39F13A96
:10F980004091F93A4BF4003BF71F053BA34B093B71
:10F990004E770D3BF9A2113BA5CE153B50FA193B12
:10F9A000FB251E3BA751223B527D263BFEA82A3B4E
:10F9B000A9D42E3B5400333B002C373B2DDE333B88
:10F9C0008400303BDB222C3B3145283B8867243BBD
:10F9D000DF89203B36AC1C3B8DCE183BE4F0143B5A
:10F9E0003B13113B91350D3BE857093B3F7A053BF3
:10F9F000969C013BD87DFB3A86C2F33A3407EC3A39
:10FA0000E24BE43A8F90DC3A3DD5D43AEB19CD3A4B
:10FA1000975EC53A45A3BD3AF3E7B53AA12CAE3A95
:10FA20004F71A63AFCB59E3AAAFA963A573F8F3ADA
:10FA30000484873A65917F3ABF1A703A1BA4603AF2
:10FA4000762D513AD2B6413A2C40323A88C9223A00
:10FA5000E352133A3EDC033A33CBE839EADDC939E5
:10FA6000A0F0AA3957038C391B2C5A3987511C39FD
:10FA7000E8EDBC3883710238CE4D55382A52DD3856
:10FA8000B6FE273959546139FD548D39CEFFA93955
:10FA90009EAAC6396F55E3392000003A88550E3AC0
:10FAA000F1AA1C3A5A002B3AC155393A2AAB473AC7
:10FAB0009200563AFB55643A63AB723A6680803ADC
:10FAC0001AAB873ACED58E3A8300963A372B9D3AB9
:10FAD000EB55A43A9F80AB3A53ABB23A08D6B93A49
:10FAE000BC00C13A702BC83A2356CF3AD980D63AD7
:10FAF0008CABDD3A40D6E43AF500EC3AA92BF33A68
:10FB00005D56FA3A88C0003BE355043B3DEB073BAA
:10FB100097800B3BF1150F3B4BAB123BA540163BBF
:10FB2000FFD5193B5A6B1D3BB400213B0E96243B7D
:10FB3000682B283B0B7D283BB82A253B64D8213B0A
:10FB400010861E3BBD331B3B69E1173B168F143BF0
:10FB5000C23C113B6FEA0D3B1C980A3BC845073B72
:10FB600074F3033B21A1003B9B9DFA3AF4F8F33A6E
:10FB70004C54ED3AA6AFE63AFF0AE03A5766D93A56
:10FB8000B1C1D23A091DCC3A6378C53ABCD3BE3A6A
:10FB9000142FB83A6E8AB13AC7E5AA3A1F41A43A7F
:10FBA000799C9D3AD2F7963A2B53903A83AE893A94
:10FBB000DD09833A6BCA783A1D816B3ACF375E3ADA
:10FBC00080EE503A33A5433AE55B363A9712293A2C
:10FBD00049C91B3AFB7F0E3AAD36013ABDDAE73927
:10FBE0002248CD3985B5B239E92298399B207B3935
:10FBF00063FB45392BD61039E561B738EB2E1A383F
:10FC0000FA51BA37D21A913824A1F338BB132B39E1
:10FC1000E5565C3907CD86399C6E9F393110B8396D
:10FC2000C6B1D0395A53E93978FA003A424B0D3A05
:10FC30000C9C193AD7EC253AA03D323A6B8E3E3AED
:10FC400036DF4A3A0030573ACB80633A95D16F3A63
:10FC50005F227C3A9539843AFA618A3A5F8A903A0F
:10FC6000C4B2963A2ADB9C3A8F03A33AF42BA93A02
:10FC70005A54AF3ABE7CB53A23A5BB3A89CDC13AB6
:10FC8000EEF5C73A541ECE3AB846D43A1D6FDA3A6A
:10FC90008397E03AE8BFE63A4CE8EC3AB210F33A20
:10FCA0001739F93A7D61FF3AF1C4023B23D9053B8C
:10FCB00056ED083B89010C3BBB150F3BEE29123B6F
:10FCC000203E153B5352183B86661B3B7DD91C3B9F
:10FCD000E1FE193B4524173BAA49143B0E6F113B2B
:10FCE00072940E3BD6B90B3B3BDF083B9F04063BAF
:10FCF000032A033B684F003B97E9FA3A6034F53A30
:10FD0000287FEF3AF1C9E93AB914E43A815FDE3A63
:10FD10004AAAD83A13F5D23ADB3FCD3AA38AC73A7A
:10FD20006BD5C13A3520BC3AFD6AB63AC5B5B03A92
:10FD30008D00AB3A574BA53A1F969F3AE7E0993AA8
:10FD4000B02B943A79768E3A41C1883A090C833ABD
:10FD5000A3AD7A3A35436F3AC5D8633A576E583AED
:10FD6000E7034D3A7899413A092F363A9AC42A3A2C
:10FD70002A5A1F3ABCEF133A4D85083ABC35FA3976
:10FD8000DE60E339FF8BCC3921B7B53943E29E39C8
:10FD9000650D88390D71623951C73439951D0739A0
:10FDA000B1E7B23872282F38810A3A3728D157384C
:10FDB000D78FC0388D9B0A392FEF3439D1425F3944
:10FDC00039CB84390AF59939DB1EAF39AC48C439CF
:10FDD0007D72D9394E9CEE390FE3013AF8770C3A2F
:10FDE000E00C173AC8A1213AB1362C3A99CB363AF1
:10FDF0008260413A6AF54B3A538A563A3B1F613A60
:10FE000024B46B3A0C49763AFA6E803A6EB9853A68
:10FE1000E3038B3A574E903ACB98953A40E39A3A9F
:10FE2000B32DA03A2878A53A9CC2AA3A100DB03A50
:10FE30008457B53AF9A1BA3A6DECBF3AE136C53A02
:10FE40005581CA3ACACBCF3A3E16D53AB260DA3AB1
:10FE500026ABDF3A9BF5E43A0F40EA3A838AEF3A61
:10FE6000F7D4F43A6C1FFA3AE069FF3A2A5A023B97
:10FE700064FF043B9EA4073BD8490A3B12EF0C3BAE
:10FE80004C940F3BFC03123B3D900F3B7E1C0D3B03
:10FE9000BFA80A3B0035083B41C1053B824D033BEF
:10FEA000C3D9003B08CCFC3A8BE4F73A0CFDF23A9C
:10FEB0008F15EE3A112EE93A9346E43A165FDF3A8F
:10FEC0009777DA3A1A90D53A9CA8D03A1EC1CB3A25
:10FED000A0D9C63A22F2C13AA40ABD3A2723B83AB9
:10FEE000A93BB33A2B54AE3AAD6CA93A2F85A43A4C
:10FEF000B29D9F3A33B69A3AB6CE953A38E7903AE1
:10FF0000BAFF8B3A3C18873ABE30823A80927A3AEE
:10FF100084C3703A89F4663A8E255D3A9256533A14
:10FF20009687493A9AB83F3A9FE9353AA31A2C3A4C
:10FF3000A74B223AAB7C183AB0AD0E3AB4DE043A85
:10FF4000701FF6397981E23981E3CE398A45BB39B0
:10FF500093A7A7399B099439A46B8039599B5939C8
:10FF6000695F32397B230B3918CFC73875AE7238C9
:10FF7000747DAB3776FEBE35447017384B749438B9
:10FF80007430DD384EF612396254373977B25B3946
:10FF900045088039503792395A66A4396395B63985
:10FFA0006EC4C83978F3DA398222ED398D51FF39C0
:10FFB0004CC0083AD1D7113A56EF1A3ADA06243A29
:10FFC0005F1E2D3AE435363A6A4D3F3AEF64483ABF
:10FFD000747C513AF9935A3A7EAB633A03C36C3A54
:10FFE00089DA753A0DF27E3AC904843A8C90883ADF
:10FFF0004E1C8D3A10A8913AD333963A95BF9A3A4F
:020000040802F0
:10000000584B9F3A1BD7A33ADE62A83AA0EEAC3A0F
:10001000637AB13A2506B63AE891BA3AAA1DBF3AD0
:100020006CA9C33A2F35C83AF1C0CC3AB44CD13A96
:1000300076D8D53A3A64DA3AFCEFDE3ABF7BE33A57
:100040008107E83A4393EC3A061FF13AC8AAF53A19
:100050008B36FA3A4DC2FE3A08A7013BE9EC033B66
:10006000CB32063B0A7C063BAC60043B4F45023B6F
:10007000F129003B271DFC3A6CE6F73AB2AFF33AA0
:10008000F778EF3A3B42EB3A810BE73AC6D4E23AD3
:100090000A9EDE3A5067DA3A9530D63AD9F9D13A23
:1000A0001EC3CD3A648CC93AA855C53AED1EC13A73
:1000B00033E8BC3A78B1B83ABC7AB43A0244B03AC0
:1000C000470DAC3A8BD6A73AD09FA33A16699F3A10
:1000D0005A329B3A9FFB963AE5C4923A298E8E3A61
:1000E0006E578A3AB320863AF9E9813A7A667B3AC2
:1000F00005F9723A8F8B6A3A191E623AA3B0593ADF
:100100002C43513AB7D5483A4168403ACBFA373A8E
:10011000558D2F3ADE1F273A69B21E3AF344163A3C
:100120007CD70D3A066A053A22F9F939351EE939C4
:100130004943D8395D68C739728DB63985B2A5395A
:1001400099D79439ADFC833982436639AA8D4439F5
:10015000D1D72239FA21013944D8BE3827D9763887
:100160008E03E037EACB623738B03538BA56993863
:1001700059D5D738FC290B394B692A399AA84939FE
:10018000EAE768399D13843944B39339EB52A339B4
:1001900093F2B2393B92C239E331D2398AD1E13993
:1001A0003271F1396D88003A4158083A1428103AF2
:1001B000E9F7173ABCC71F3A9097273A64672F3A76
:1001C0003737373A0C073F3ADFD6463AB2A64E3AAF
:1001D0008776563A5A465E3A2F16663A02E66D3AE6
:1001E000D6B5753AA9857D3ABFAA823AA992863AD0
:1001F000937A8A3A7C628E3A674A923A5132963AB8
:100200003A1A9A3A24029E3A0EEAA13AF8D1A53A4D
:10021000E2B9A93ACCA1AD3AB689B13A9F71B53AE3
:100220008A59B93A7441BD3A5D29C13A4711C53A74
:1002300031F9C83A1BE1CC3A05C9D03AEFB0D43A0B
:10024000D998D83AC380DC3AAD68E03A9750E43A9E
:100250008038E83A6A20EC3A5508F03A3EF0F33A32
:1002600028D8F73AC979FA3AEEDAF63A133CF33A73
:10027000389DEF3A5DFEEB3A825FE83AA7C0E43A78
:10028000CC21E13AF182DD3A16E4D93A3B45D63A3F
:1002900060A6D23A8507CF3AAA68CB3ACFC9C73A07
:1002A000F42AC43A198CC03A3EEDBC3A624EB93ACF
:1002B00087AFB53AAC10B23AD171AE3AF6D2AA3A9B
:1002C0001B34A73A4095A33A65F69F3A8A579C3A61
:1002D000AFB8983AD419953AF97A913A1EDC8D3A2A
:1002E000433D8A3A689E863A8DFF823A64C17E3ADF
:1002F000AE83773AF845703A4208693A8CCA613A57
:10030000D68C5A3A204F533A6A114C3AB4D3443AF5
:10031000FE953D3A4758363A911A2F3ADBDC273A98
:10032000259F203A6F61193AB923123A02E60A3A38
:100330004CA8033A2DD5F839C159EA3955DEDB39D5
:10034000E962CD397DE7BE39116CB039A4F0A1392D
:1003500038759339CCF98439BFFC6C39E7055039CD
:100360000F0F333936181639BB42F2380B55B838EF
:10037000B5CE7C3853F3083891BFA836FB7C913654
:10038000EA27FB374BF86838502EAA387CE0DF3874
:1003900053C90A3969A225397E7B403993545B39A8
:1003A000A92D76395F838839EAEF9539755CA339D1
:1003B000FFC8B0398A35BE3915A2CB399F0ED9395D
:1003C0002A7BE639B6E7F33920AA003A6560073A96
:1003D000AB160E3AF0CC143A36831B3A7B39223AEC
:1003E000C0EF283A06A62F3A4B5C363A90123D3AB7
:1003F000D6C8433A1B7F4A3A6035513AA6EB573A82
:10040000EBA15E3A3058653A760E6C3ABBC4723A4C
:10041000007B793AA318803AC673833AE8CE863ACD
:100420000B2A8A3A2E858D3A50E0903A733B943AE3
:100430009696973AB8F19A3ADB4C9E3AFEA7A13AC3
:100440002003A53A435EA83A66B9AB3A8814AF3A9E
:10045000AB6FB23ACECAB53AF025B93A1381BC3A7D
:1004600036DCBF3A5837C33A7B92C63A9EEDC93A5A
:10047000C048CD3AE3A3D03A06FFD33A285AD73A38
:100480004BB5DA3A6E10DE3A906BE13AB3C6E43A15
:10049000D621E83AE232E63A8516E33A28FADF3A1C
:1004A000CBDDDC3A6EC1D93A11A5D63AB388D33A3E
:1004B000576CD03AFA4FCD3A9D33CA3A4017C73AF3
:1004C000E3FAC33A86DEC03A29C2BD3ACCA5BA3AAD
:1004D0006F89B73A126DB43AB550B13A5834AE3A62
:1004E000FB17AB3A9EFBA73A41DFA43AE4C2A13A1C
:1004F00087A69E3A2A8A9B3ACD6D983A7051953AD2
:100500001335923AB6188F3A59FC8B3AFCDF883A89
:100510009FC3853A42A7823AC9157F3A11DD783ADE
:1005200056A4723A9D6B6C3AE232663A28FA5F3A08
:100530006EC1593AB388533AFA4F4D3A4017473A89
:1005400086DE403ACCA53A3A126D343A58342E3A07
:100550009EFB273AE4C2213A2A8A1B3A7051153A87
:10056000B6180F3AFCDF083A42A7023A11DDF83913
:100570009D6BEC3928FADF39B388D3394017C73976
:10058000CCA5BA395834AE39E4C2A1397051953985
:10059000FCDF883911DD783928FA5F39401747398F
:1005A00058342E397051153911DDF8384017C738D5
:1005B00070519538401747384017C7370000120070
:1005C000250038004B005E00700083009600A900F3
:1005D000BC00CF00E200F50009011E0135014E010B
:1005E00069018701A701C901EE01150240026F02EE
:1005F000A002D5020F034E039203DB032A047F04FB
:10060000DA043C05A605190695061B07AB07010091
:100610000A0013001D0026003000390042004C0083
:1006200055005F00680072007B0085008F009A0013
:10063000A600B300C100D100E100F30006011A01D9
:100640003101490162017E019C01BD01E001060208
:100650002F025B028A02BD02F40230037003000025
:1006600000000000DEE91D36C6E91D37D1A6B1370E
:1006700064E91D383BBC7638DAA5B138C8CBF1380F
:10068000DFE71D39C7D8473984B876397B439539B8
:1006900000A2B139BF77D039A5C4F1394EC40A3AA6
:1006A000C8E11D3AB53A323A07CF473AB29E5E3AB0
:1006B000A7A9763AECF7873A9A38953AD616A33A2C
:1006C0009892B13AD6ABC03A8762D03AA1B6E03A36
:1006D0001AA8F13A749B013B80B10A3B2C16143BDB
:1006E00071C91D3B49CB273BAF1B323B9DBA3C3BFD
:1006F0000AA8473BF2E3523B4C6E5E3B12476A3B13
:100700003C6E763BE271813BD0D3873BE55C8E3B10
:100710001D0D953B73E49B3BE3E2A23B6A08AA3BB9
:100720000255B13BA7C8B83B5563C03B0625C83B43
:10073000B60DD03B611DD83B0154E03B90B1E83B86
:100740000B36F13B6BE1F93BD659013C64D6053CD5
:100750005C660A3CBD090F3C82C0133CA98A183C68
:1007600030681D3C1359223C4F5D273CE0742C3C03
:10077000C59F313CF9DD363C7A2F3C3C4494413CEA
:10078000540C473CA6974C3C3736523C04E8573C47
:1007900009AD5D3C4285633CAC70693C436F6F3C86
:1007A0000481753CEBA57B3CFAEE803C8D14843CC7
:1007B000AE43873C5A7C8A3C8FBE8D3C4B0A913CB1
:1007C0008C5F943C51BE973C96269B3C5A989E3C2D
:1007D0009C13A23C5798A53C8C26A93C36BEAC3C49
:1007E000555FB03CE509B43CE5BDB73C527BBB3C32
:1007F0002A42BF3C6B12C33C12ECC63C1DCFCA3C24
:100800008ABBCE3C55B1D23C7EB0D63C00B9DA3C76
:10081000DACADE3C0AE6E23C8C0AE73C5E38EB3C96
:100820007E6FEF3CE8AFF33C9BF9F73C934CFC3C0C
:100830006754003D2587023D82BE043D7CFA063D9B
:10084000123B093D43800B3D0DCA0D3D6F18103D15
:10085000676B123DF5C2143D161F173DC97F193D48
:100860000CE51B3DDF4E1E3D3FBD203D2C30233DA2
:10087000A3A7253DA323283D2BA42A3D39292D3D9F
:10088000CCB22F3DE140323D78D3343D8E6A373DC6
:1008900023063A3D34A63C3DC04A3F3DC6F3413DA8
:1008A00043A1443D3653473D9E094A3D78C44C3DE3
:1008B000C3834F3D7D47523DA60F553D3ADC573D22
:1008C00038AD5A3D9E825D3D6B5C603D9E3A633D16
:1008D000331D663D2A04693D80EF6B3D34DF6E3D7C
:1008E00044D3713DAECB743D70C8773D89C97A3D24
:1008F000F6CE7D3D5B6C803D64F3813D947C833D11
:10090000EA07853D6795863D0725883DCCB6893D3C
:10091000B34A8B3DBCE08C3DE6788E3D2F13903D75
:1009200097AF913D1D4E933DC0EE943D7F91963D16
:100930005836983D4BDD993D57869B3D7B319D3D1B
:10094000B5DE9E3D058EA03D693FA23DE2F2A33D8E
:100950006CA8A53D0860A73DB519A93D71D5AA3D74
:100960003B93AC3D1253AE3DF614B03DE4D8B13DDF
:10097000DD9EB33DDE66B53DE730B73DF7FCB83DE3
:100980000CCBBA3D269BBC3D436DBE3D6241C03D94
:100990008217C23DA2EFC33DC1C9C53DDEA5C73D1B
:1009A000F783C93D0B64CB3D1A46CD3D222ACF3D8E
:1009B0002110D13D18F8D23D03E2D43DE4CDD63D1F
:1009C000B7BBD83D7CABDA3D329DDC3DD890DE3DF7
:1009D0006C86E03DED7DE23D5A77E43DB172E63D47
:1009E000F36FE83D1C6FEA3D2D70EC3D2373EE3D47
:1009F000FE77F03DBC7EF23D5D87F43DDE91F63D35
:100A00003F9EF83D7EACFA3D9ABCFC3D91CEFE3D4A
:100A10003271003E087C013EC987023E7694033E57
:100A20000EA2043E90B0053EFBBF063E4ED0073EF0
:100A30008AE1083EADF3093EB7060B3EA71A0C3E0D
:100A40007D2F0D3E37450E3ED55B0F3E5673103E53
:100A5000BB8B113E01A5123E29BF133E31DA143E75
:100A60001AF6153EE112173E8830183E0C4F193E1B
:100A70006E6E1A3EAC8E1B3EC6AF1C3EBBD11D3EF9
:100A80008BF41E3E3418203EB73C213E1262223EBB
:100A90004488233E4EAF243E2DD7253EE3FF263E1D
:100AA0006D29283ECB53293EFC7E2A3E01AB2B3ECE
:100AB000D7D72C3E7E052E3EF6332F3E3E63303E8A
:100AC0005493313E39C4323EECF5333E6B28353E0B
:100AD000B65B363ECD8F373EAEC4383E59FA393E0E
:100AE000CE303B3E0A683C3E0FA03D3EDAD83E3E4B
:100AF0006B12403EC14C413EDC87423EBBC3433E8D
:100B00005D00453EC23D463EE87B473ECEBA483E8C
:100B100075FA493EDB3A4B3EFF7B4C3EE1BD4D3E14
:100B200080004F3EDB43503EF287513EC3CC523EE5
:100B30004E12543E9158553E8E9F563E41E7573EC9
:100B4000AB2F593ECB785A3EA0C25B3E2A0D5D3E8C
:100B500066585E3E56A45F3EF7F0603E4A3E623EF7
:100B60004C8C633EFFDA643E5F2A663E6E7A673ED7
:100B70002ACB683E921C6A3EA56E6B3E63C16C3EFA
:100B8000CB146E3EDB686F3E94BD703EF412723E35
:100B9000FB68733EA8BF743EF916763EEE6E773E54
:100BA00086C7783EC1207A3E9E7A7B3E1BD57C3E2E
:100BB00038307E3EF38B7F3E2774803EA322813EF9
:100BC0006DD1813E8480823EEA2F833E9CDF833E4E
:100BD0009B8F843EE63F853E7CF0853E5EA1863E4F
:100BE0008B52873E0204883EC4B5883ECF67893E5B
:100BF000231A8A3EBFCC8A3EA47F8B3ED1328C3EE4
:100C000046E68C3E019A8D3E034E8E3E4B028F3E51
:100C1000D9B68F3EAC6B903EC320913E20D6913E1C
:100C2000C08B923EA441933ECAF7933E34AE943EAD
:100C3000DF64953ECD1B963EFBD2963E6B8A973E77
:100C40001B42983E0BFA983E3AB2993EA96A9A3EE8
:100C500056239B3E42DC9B3E6B959C3ED24E9D3E76
:100C600075089E3E55C29E3E717C9F3EC936A03E91
:100C70005BF1A03E28ACA13E3067A23E7122A33EAC
:100C8000EBDDA33E9E99A43E8A55A53EAE11A63E3D
:100C900009CEA63E9B8AA73E6347A83E6204A93EB2
:100CA00096C1A93E007FAA3E9E3CAB3E71FAAB3E88
:100CB00077B8AC3EB176AD3E1D35AE3EBDF3AE3E2F
:100CC0008EB2AF3E9071B03EC430B13E28F0B13E1E
:100CD000BDAFB23E816FB33E752FB43E97EFB43EC9
:100CE000E7AFB53E6670B63E1131B73EEAF1B73EAA
:100CF000EFB2B83E2074B93E7D35BA3E04F7BA3E35
:100D0000B6B8BB3E937ABC3E993CBD3EC8FEBD3EE4
:100D100020C1BE3EA083BF3E4846C03E1709C13E2B
:100D20000DCCC13E298FC23E6C52C33ED415C43E89
:100D300060D9C43E119DC53EE760C63EDF24C73E74
:100D4000FBE8C73E3AADC83E9A71C93E1C36CA3E62
:100D5000C0FACA3E84BFCB3E6884CC3E6C49CD3ECF
:100D6000900ECE3ED2D3CE3E3299CF3EB15ED03E33
:100D70004C24D13E05EAD13EDAAFD23ECB75D33E0C
:100D8000D73BD43EFF01D53E41C8D53E9D8ED63ED1
:100D90001355D73EA11BD83E49E2D83E08A9D93EFB
:100DA000DF6FDA3ECD36DB3ED2FDDB3EEDC4DC3E0E
:100DB0001E8CDD3E6553DE3EBF1ADF3E2FE2DF3E76
:100DC000B2A9E03E4871E13EF138E23EAD00E33EBB
:100DD0007AC8E33E5990E43E4958E53E4920E63E54
:100DE00059E8E63E79B0E73EA878E83EE540E93EBE
:100DF0003009EA3E89D1EA3EEF99EB3E6162EC3E72
:100E0000DF2AED3E6AF3ED3EFFBBEE3E9F84EF3EF0
:100E1000494DF03EFD15F13EB9DEF13E7FA7F23EB1
:100E20004D70F33E2339F43E0002F53EE3CAF53E31
:100E3000CD93F63EBD5CF73EB225F83EACEEF83EF3
:100E4000ABB7F93EAD80FA3EB249FB3EBB12FC3E69
:100E5000C6DBFC3ED3A4FD3EE16DFE3EF036FF3E18
:100E60000000003F8864003F10C9003F972D013FFC
:100E70001D92013FA3F6013F275B023FAABF023F3D
:100E80002B24033FAA88033F27ED033FA151043FD2
:100E900019B6043F8E1A053F007F053F6FE3053FFB
:100EA000D947063F40AC063FA310073F0275073FF6
:100EB0005CD9073FB13D083F01A2083F4B06093FFF
:100EC000906A093FD0CE093F09330A3F3C970A3F59
:100ED00068FB0A3F8E5F0B3FACC30B3FC4270C3F40
:100EE000D38B0C3FDBEF0C3FDC530D3FD3B70D3FF3
:100EF000C31B0E3FAA7F0E3F87E30E3F5C470F3FA9
:100F000027AB0F3FE90E103FA072103F4ED6103FA7
:100F1000F139113F899D113F1701123F9964123F2A
:100F200010C8123F7C2B133FDC8E133F2FF2133F70
:100F30007755143FB1B8143FE01B153F017F153FB3
:100F400014E2153F1B45163F13A8163FFE0A173F34
:100F5000DA6D173FA8D0173F6733183F1796183F31
:100F6000B8F8183F4A5B193FCCBD193F3E201A3FE5
:100F7000A0821A3FF2E41A3F33471B3F63A91B3F8D
:100F8000820B1C3F906D1C3F8DCF1C3F77311D3F66
:100F900050931D3F16F51D3FCA561E3F6BB81E3FAE
:100FA000F9191F3F757B1F3FDCDC1F3F303E203FA0
:100FB000709F203F9C00213FB461213FB7C2213F79
:100FC000A523223F7E84223F42E5223FF045233F76
:100FD00088A6233F0B07243F7767243FCDC7243FD4
:100FE0000C28253F3588253F46E8253F3F48263FCA
:100FF00022A8263FEC07273F9E67273F38C7273F99
:10100000B926283F2286283F71E5283FA844293F7A
:10101000C5A3293FC8022A3FB1612A3F80C02A3FA9
:10102000351F2B3FCF7D2B3F4EDC2B3FB33A2C3F60
:10103000FC982C3F29F72C3F3B552D3F31B32D3FDA
:101040000A112E3FC86E2E3F68CC2E3FEC292F3F51
:1010500052872F3F9CE42F3FC741303FD59E303F02
:10106000C5FB303F9758313F4AB5313FDF11323F22
:10107000556E323FABCA323FE326333FFB82333FEC
:10108000F3DE333FCB3A343F8296343F1AF2343F9B
:10109000904D353FE6A8353F1B04363F2E5F363F67
:1010A00020BA363FF014373F9E6F373F2ACA373F8A
:1010B0009424383FDB7E383FFFD8383F0033393F38
:1010C000DD8C393F97E6393F2E403A3FA0993A3FB1
:1010D000EFF23A3F194C3B3F1EA53B3FFFFD3B3F24
:1010E000BA563C3F51AF3C3FC2073D3F0D603D3FCC
:1010F00033B83D3F32103E3F0B683E3FBEBF3E3FE0
:101100004A173F3FAF6E3F3FEDC53F3F031D403F96
:10111000F273403FB9CA403F5921413FD077413F28
:101120001ECE413F4524423F427A423F16D0423FC5
:10113000C125433F437B433F9BD0433FC925443FA9
:10114000CD7A443FA7CF443F5724453FDC78453F05
:1011500036CD453F6421463F6875463F40C9463F0E
:10116000ED1C473F6E70473FC2C3473FEB16483FF9
:10117000E669483FB6BC483F580F493FCD61493FFB
:1011800015B4493F30064A3F1D584A3FDCA94A3F43
:101190006DFB4A3FCF4C4B3F049E4B3F09EF4B3F0B
:1011A000E03F4C3F88904C3F00E14C3F49314D3F80
:1011B00063814D3F4CD14D3F06214E3F90704E3FD5
:1011C000E9BF4E3F110F4F3F095E4F3FD0AC4F3F3D
:1011D00065FB4F3FCA49503FFC97503FFDE5503FEC
:1011E000CD33513F6A81513FD4CE513F0D1C523F08
:1011F0001269523FE5B5523F8502533FF24E533FCD
:101200002B9B533F31E7533F0233543FA07E543F63
:101210000ACA543F4015553F4160553F0DAB553FFD
:10122000A5F5553F0740563F358A563F2DD4563FCA
:10123000EF1D573F7C67573FD2B0573FF3F9573FF9
:10124000DD42583F918B583F0FD4583F551C593FB2
:101250006564593F3DAC593FDEF3593F483B5A3F27
:101260007A825A3F74C95A3F36105B3FC0565B3F83
:10127000119D5B3F2AE35B3F0B295C3FB26E5C3FF5
:1012800021B45C3F56F95C3F523E5D3F15835D3FA4
:101290009DC75D3FEC0B5E3F01505E3FDC935E3FC0
:1012A0007DD75E3FE21A5F3F0E5E5F3FFEA05F3F6D
:1012B000B4E35F3F2E26603F6D68603F70AA603FD9
:1012C00038EC603FC42D613F146F613F28B0613F2F
:1012D00000F1613F9C31623FFA71623F1CB2623F94
:1012E00002F2623FAA31633F1571633F42B0633F30
:1012F00033EF633FE52D643F5A6C643F90AA643F2F
:1013000089E8643F4426653FC063653FFDA0653FB3
:10131000FCDD653FBC1A663F3D57663F7F93663FE5
:1013200081CF663F440B673FC846673F0C82673FEB
:1013300010BD673FD4F7673F5832683F9B6C683FEA
:101340009FA6683F61E0683FE319693F2453693F06
:10135000248C693FE3C4693F61FD693F9E356A3F64
:10136000996D6A3F52A56A3FC9DC6A3FFF136B3F24
:10137000F24A6B3FA4816B3F13B86B3F3FEE6B3F6C
:1013800029246C3FD1596C3F358F6C3F57C46C3F5B
:1013900035F96C3FD02D6D3F28626D3F3C966D3F17
:1013A0000DCA6D3F9AFD6D3FE3306E3FE8636E3FBF
:1013B000AA966E3F27C96E3F5FFB6E3F532D6F3F6E
:1013C000035F6F3F6E906F3F94C16F3F75F26F3F49
:1013D0001123703F6753703F7983703F45B3703F6F
:1013E000CCE2703F0D12713F0841713FBD6F713FFC
:1013F0002D9E713F56CC713F39FA713FD627723F0F
:101400002D55723F3C82723F06AF723F88DB723FC0
:10141000C407733FB933733F665F733FCD8A733F31
:10142000ECB5733FC4E0733F540B743F9D35743F7C
:101430009E5F743F5789743FC9B2743FF2DB743FBB
:10144000D304753F6C2D753FBD55753FC67D753F07
:1014500086A5753FFDCC753F2CF4753F121B763F7A
:10146000AF41763F0368763F0F8E763FD1B3763F2C
:101470004AD9763F79FE763F5F23773FFC47773F37
:101480004F6C773F5890773F18B4773F8ED7773FB0
:10149000BAFA773F9B1D783F3340783F8162783FAF
:1014A0008484783F3DA6783FACC7783FD0E8783F4A
:1014B000A909793F382A793F7C4A793F756A793F93
:1014C000248A793F87A9793F9FC8793F6DE7793FA3
:1014D000EF057A3F25247A3F11427A3FB15F7A3F88
:1014E000057D7A3F0E9A7A3FCCB67A3F3DD37A3F5C
:1014F00063EF7A3F3D0B7B3FCB267B3F0D427B3F2B
:10150000045D7B3FAE777B3F0C927B3F1DAC7B3F06
:10151000E3C57B3F5CDF7B3F88F87B3F68117C3F06
:10152000FC297C3F43427C3F3D5A7C3FEB717C3F32
:101530004C897C3F60A07C3F27B77C3FA1CD7C3F9E
:10154000CFE37C3FAFF97C3F420F7D3F88247D3F56
:1015500081397D3F2C4E7D3F8B627D3F9C767D3F68
:101560005F8A7D3FD59D7D3FFEB07D3FD9C37D3FE6
:1015700067D67D3FA6E87D3F99FA7D3F3D0C7E3FD3
:10158000941D7E3F9D2E7E3F583F7E3FC54F7E3F40
:10159000E55F7E3FB66F7E3F397F7E3F6F8E7E3F39
:1015A000569D7E3FEFAB7E3F3ABA7E3F37C87E3FC7
:1015B000E6D57E3F46E37E3F58F07E3F1CFD7E3FF2
:1015C00092097F3FB9157F3F92217F3F1C2D7F3FBE
:1015D00058387F3F45437F3FE44D7F3F35587F3F3D
:1015E00037627F3FEA6B7F3F4E757F3F657E7F3F6F
:1015F0002C877F3FA58F7F3FCF977F3FAA9F7F3F5D
:1016000037A77F3F75AE7F3F64B57F3F04BC7F3F08
:1016100056C27F3F58C87F3F0CCE7F3F71D37F3F7C
:1016200088D87F3F4FDD7F3FC7E17F3FF1E57F3FB8
:10163000CCE97F3F58ED7F3F94F07F3F82F37F3FBF
:1016400022F67F3F72F87F3F73FA7F3F25FC7F3F92
:1016500088FD7F3F9DFE7F3F62FF7F3FD9FF7F3F39
:101660000000803FD9FF7F3F62FF7F3F9DFE7F3FAD
:1016700088FD7F3F25FC7F3F73FA7F3F72F87F3FF5
:1016800022F67F3F82F37F3F94F07F3F58ED7F3F0C
:10169000CCE97F3FF1E57F3FC7E17F3F4FDD7F3FF3
:1016A00088D87F3F71D37F3F0CCE7F3F58C87F3FA4
:1016B00056C27F3F04BC7F3F64B57F3F75AE7F3F1E
:1016C00037A77F3FAA9F7F3FCF977F3FA58F7F3F61
:1016D0002C877F3F657E7F3F4E757F3FEA6B7F3F64
:1016E00037627F3F35587F3FE44D7F3F45437F3F23
:1016F00058387F3F1C2D7F3F92217F3FB9157F3F98
:1017000092097F3F1CFD7E3F58F07E3F46E37E3FBF
:10171000E6D57E3F37C87E3F3ABA7E3FEFAB7E3F8D
:10172000569D7E3F6F8E7E3F397F7E3FB66F7E3FF8
:10173000E55F7E3FC54F7E3F583F7E3F9D2E7E3FFB
:10174000941D7E3F3D0C7E3F99FA7D3FA6E87D3F8C
:1017500067D67D3FD9C37D3FFEB07D3FD59D7D3FA0
:101760005F8A7D3F9C767D3F8B627D3F2C4E7D3F27
:1017700081397D3F88247D3F420F7D3FAFF97C3F1B
:10178000CFE37C3FA1CD7C3F27B77C3F60A07C3F6F
:101790004C897C3FEB717C3F3D5A7C3F43427C3F10
:1017A000FC297C3F68117C3F88F87B3F5CDF7B3FF6
:1017B000E3C57B3F1DAC7B3F0C927B3FAE777B3F0D
:1017C000045D7B3F0D427B3FCB267B3F3D0B7B3F48
:1017D00063EF7A3F3DD37A3FCCB67A3F0E9A7A3F99
:1017E000057D7A3FB15F7A3F11427A3F25247A3FE7
:1017F000EF057A3F6DE7793F9FC8793F87A9793F29
:10180000248A793F756A793F7C4A793F382A793F43
:10181000A909793FD0E8783FACC7783F3DA6783F2B
:101820008484783F8162783F3340783F9B1D783FC6
:10183000BAFA773F8ED7773F18B4773F5890773F03
:101840004F6C773FFC47773F5F23773F79FE763FCA
:101850004AD9763FD1B3763F0F8E763F0368763F05
:10186000AF41763F121B763F2CF4753FFDCC753FA0
:1018700086A5753FC67D753FBD55753F6C2D753F7F
:10188000D304753FF2DB743FC9B2743F5789743F8C
:101890009E5F743F9D35743F540B743FC4E0733FAB
:1018A000ECB5733FCD8A733F665F733FB933733FC7
:1018B000C407733F88DB723F06AF723F3C82723FC2
:1018C0002D55723FD627723F39FA713F56CC713F82
:1018D0002D9E713FBD6F713F0841713F0D12713FE9
:1018E000CCE2703F45B3703F7983703F6753703FE0
:1018F0001123703F75F26F3F94C16F3F6E906F3F41
:10190000035F6F3F532D6F3F5FFB6E3F27C96E3FF5
:10191000AA966E3FE8636E3FE3306E3F9AFD6D3FDF
:101920000DCA6D3F3C966D3F28626D3FD02D6D3FD7
:1019300035F96C3F57C46C3F358F6C3FD1596C3FC4
:1019400029246C3F3FEE6B3F13B86B3FA4816B3F84
:10195000F24A6B3FFF136B3FC9DC6A3F52A56A3FF7
:10196000996D6A3F9E356A3F61FD693FE3C4693FF7
:10197000248C693F2453693FE319693F61E0683F64
:101980009FA6683F9B6C683F5832683FD4F7673F1B
:1019900010BD673F0C82673FC846673F440B673FF7
:1019A00081CF663F7F93663F3D57663FBC1A663FD7
:1019B000FCDD653FFDA0653FC063653F4426653F94
:1019C00089E8643F90AA643F5A6C643FE52D643F08
:1019D00033EF633F42B0633F1571633FAA31633F0A
:1019E00002F2623F1CB2623FFA71623F9C31623F79
:1019F00000F1613F28B0613F146F613FC42D613F2A
:101A000038EC603F70AA603F6D68603F2E26603FF3
:101A1000B4E35F3FFEA05F3F0E5E5F3FE21A5F3FB1
:101A20007DD75E3FDC935E3F01505E3FEC0B5E3F37
:101A30009DC75D3F15835D3F523E5D3F56F95C3F5C
:101A400021B45C3FB26E5C3F0B295C3F2AE35B3FF5
:101A5000119D5B3FC0565B3F36105B3F74C95A3FD8
:101A60007A825A3F483B5A3FDEF3593F3DAC593FDB
:101A70006564593F551C593F0FD4583F918B583FCF
:101A8000DD42583FF3F9573FD2B0573F7C67573F8D
:101A9000EF1D573F2DD4563F358A563F0740563FDE
:101AA000A5F5553F0DAB553F4160553F4015553F9E
:101AB0000ACA543FA07E543F0233543F31E7533F9C
:101AC0002B9B533FF24E533F8502533FE5B5523FA8
:101AD0001269523F0D1C523FD4CE513F6A81513F93
:101AE000CD33513FFDE5503FFC97503FCA49503F31
:101AF00065FB4F3FD0AC4F3F095E4F3F110F4F3F4B
:101B0000E9BF4E3F90704E3F06214E3F4CD14D3FB6
:101B100063814D3F49314D3F00E14C3F88904C3F40
:101B2000E03F4C3F09EF4B3F049E4B3FCF4C4B3FB8
:101B30006DFB4A3FDCA94A3F1D584A3F30064A3FE9
:101B400015B4493FCD61493F580F493FB6BC483FA6
:101B5000E669483FEB16483FC2C3473F6E70473FB8
:101B6000ED1C473F40C9463F6875463F6421463FEC
:101B700036CD453FDC78453F5724453FA7CF443F0E
:101B8000CD7A443FC925443F9BD0433F437B433FED
:101B9000C125433F16D0423F427A423F4524423F4F
:101BA0001ECE413FD077413F5921413FB9CA403F06
:101BB000F273403F031D403FEDC53F3FAF6E3F3FD7
:101BC0004A173F3FBEBF3E3F0B683E3F32103E3F8D
:101BD00033B83D3F0D603D3FC2073D3F51AF3C3FF5
:101BE000BA563C3FFFFD3B3F1EA53B3F194C3B3FD8
:101BF000EFF23A3FA0993A3F2E403A3F97E6393FFD
:101C0000DD8C393F0033393FFFD8383FDB7E383F2A
:101C10009424383F2ACA373F9E6F373FF014373F2E
:101C200020BA363F2E5F363F1B04363FE6A8353FCD
:101C3000904D353F1AF2343F8296343FCB3A343FD1
:101C4000F3DE333FFB82333FE326333FABCA323F01
:101C5000556E323FDF11323F4AB5313F9758313F21
:101C6000C5FB303FD59E303FC741303F9CE42F3FFE
:101C700052872F3FEC292F3F68CC2E3FC86E2E3F56
:101C80000A112E3F31B32D3F3B552D3F29F72C3FF5
:101C9000FC982C3FB33A2C3F4EDC2B3FCF7D2B3FA3
:101CA000351F2B3F80C02A3FB1612A3FC8022A3F1F
:101CB000C5A3293FA844293F71E5283F2286283F34
:101CC000B926283F38C7273F9E67273FEC07273FA5
:101CD00022A8263F3F48263F46E8253F3588253F36
:101CE0000C28253FCDC7243F7767243F0B07243FAF
:101CF00088A6233FF045233F42E5223F7E84223FD2
:101D0000A523223FB7C2213FB461213F9C00213F60
:101D1000709F203F303E203FDCDC1F3F757B1F3F24
:101D2000F9191F3F6BB81E3FCA561E3F16F51D3FDF
:101D300050931D3F77311D3F8DCF1C3F906D1C3F51
:101D4000820B1C3F63A91B3F33471B3FF2E41A3F42
:101D5000A0821A3F3E201A3FCCBD193F4A5B193F73
:101D6000B8F8183F1796183F6733183FA8D0173FA9
:101D7000DA6D173FFE0A173F13A8163F1B45163FA3
:101D800014E2153F017F153FE01B153FB1B8143F2A
:101D90007755143F2FF2133FDC8E133F7C2B133FFC
:101DA00010C8123F9964123F1701123F899D113FDD
:101DB000F139113F4ED6103FA072103FE90E103F8F
:101DC00027AB0F3F5C470F3F87E30E3FAA7F0E3FD5
:101DD000C31B0E3FD3B70D3FDC530D3FDBEF0C3F72
:101DE000D38B0C3FC4270C3FACC30B3F8E5F0B3F24
:101DF00068FB0A3F3C970A3F09330A3FD0CE093FB0
:101E0000906A093F4B06093F01A2083FB13D083FD8
:101E10005CD9073F0275073FA310073F40AC063F60
:101E2000D947063F6FE3053F007F053F8E1A053F08
:101E300019B6043FA151043F27ED033FAA88033F91
:101E40002B24033FAABF023F275B023FA3F6013FBB
:101E50001D92013F972D013F10C9003F8864003F4C
:101E60000000003FF036FF3EE16DFE3ED3A4FD3E94
:101E7000C6DBFC3EBB12FC3EB249FB3EAD80FA3EE7
:101E8000ABB7F93EACEEF83EB225F83EBD5CF73E8E
:101E9000CD93F63EE3CAF53E0002F53E2339F43E0B
:101EA0004D70F33E7FA7F23EB9DEF13EFD15F13EE7
:101EB000494DF03E9F84EF3EFFBBEE3E6AF3ED3EA0
:101EC000DF2AED3E6162EC3EEF99EB3E89D1EA3EBE
:101ED0003009EA3EE540E93EA878E83E79B0E73EC1
:101EE00059E8E63E4920E63E4958E53E5990E43E31
:101EF0007AC8E33EAD00E33EF138E23E4871E13E90
:101F0000B2A9E03E2FE2DF3EBF1ADF3E6553DE3E60
:101F10001E8CDD3EEDC4DC3ED2FDDB3ECD36DB3E2D
:101F2000DF6FDA3E08A9D93E49E2D83EA11BD83E70
:101F30001355D73E9D8ED63E41C8D53EFF01D53EB6
:101F4000D73BD43ECB75D33EDAAFD23E05EAD13E85
:101F50004C24D13EB15ED03E3299CF3ED2D3CE3E5C
:101F6000900ECE3E6C49CD3E6884CC3E84BFCB3EC5
:101F7000C0FACA3E1C36CA3E9A71C93E3AADC83E46
:101F8000FBE8C73EDF24C73EE760C63E119DC53E65
:101F900060D9C43ED415C43E6C52C33E298FC23EA4
:101FA0000DCCC13E1709C13E4846C03EA083BF3E8E
:101FB00020C1BE3EC8FEBD3E993CBD3E937ABC3EAC
:101FC000B6B8BB3E04F7BA3E7D35BA3E2074B93E82
:101FD000EFB2B83EEAF1B73E1131B73E6670B63E99
:101FE000E7AFB53E97EFB43E752FB43E816FB33E79
:101FF000BDAFB23E28F0B13EC430B13E9071B03EAC
:102000008EB2AF3EBDF3AE3E1D35AE3EB176AD3EB7
:1020100077B8AC3E71FAAB3E9E3CAB3E007FAA3E29
:1020200096C1A93E6204A93E6347A83E9B8AA73E8B
:1020300009CEA63EAE11A63E8A55A53E9E99A43E67
:10204000EBDDA33E7122A33E3067A23E28ACA13E49
:102050005BF1A03EC936A03E717C9F3E55C29E3EBC
:1020600075089E3ED24E9D3E6B959C3E42DC9B3E4B
:1020700056239B3EA96A9A3E3AB2993E0BFA983E85
:102080001B42983E6B8A973EFBD2963ECD1B963EF6
:10209000DF64953E34AE943ECAF7933EA441933E2E
:1020A000C08B923E20D6913EC320913EAC6B903EB9
:1020B000D9B68F3E4B028F3E034E8E3E019A8D3E27
:1020C00046E68C3ED1328C3EA47F8B3EBFCC8A3E0E
:1020D000231A8A3ECF67893EC4B5883E0204883EF3
:1020E0008B52873E5EA1863E7CF0853EE63F853E74
:1020F0009B8F843E9CDF833EEA2F833E8480823E1A
:102100006DD1813EA322813E2774803EF38B7F3EBA
:1021100038307E3E1BD57C3E9E7A7B3EC1207A3E87
:1021200086C7783EEE6E773EF916763EA8BF743EBF
:10213000FB68733EF412723E94BD703EDB686F3EE6
:10214000CB146E3E63C16C3EA56E6B3E921C6A3E24
:102150002ACB683E6E7A673E5F2A663EFFDA643EAF
:102160004C8C633E4A3E623EF7F0603E56A45F3EB2
:1021700066585E3E2A0D5D3EA0C25B3ECB785A3E5D
:10218000AB2F593E41E7573E8E9F563E9158553EE4
:102190004E12543EC3CC523EF287513EDB43503E7A
:1021A00080004F3EE1BD4D3EFF7B4C3EDB3A4B3E57
:1021B00075FA493ECEBA483EE87B473EC23D463EB0
:1021C0005D00453EBBC3433EDC87423EC14C413EC1
:1021D0006B12403EDAD83E3E0FA03D3E0A683C3EC0
:1021E000CE303B3E59FA393EAEC4383ECD8F373EF5
:1021F000B65B363E6B28353EECF5333E39C4323E95
:102200005493313E3E63303EF6332F3E7E052E3EE4
:10221000D7D72C3E01AB2B3EFC7E2A3ECB53293E2A
:102220006D29283EE3FF263E2DD7253E4EAF243EA6
:102230004488233E1262223EB73C213E3418203EA1
:102240008BF41E3EBBD11D3EC6AF1C3EAC8E1B3E6A
:102250006E6E1A3E0C4F193E8830183EE112173E42
:102260001AF6153E31DA143E29BF133E01A5123E7F
:10227000BB8B113E5673103ED55B0F3E37450E3E6D
:102280007D2F0D3EA71A0C3EB7060B3EADF3093E5F
:102290008AE1083E4ED0073EFBBF063E90B0053EA9
:1022A0000EA2043E7694033EC987023E087C013E9E
:1022B0003271003E91CEFE3D9ABCFC3D7EACFA3DB3
:1022C0003F9EF83DDE91F63D5D87F43DBC7EF23DDC
:1022D000FE77F03D2373EE3D2D70EC3D1C6FEA3D23
:1022E000F36FE83DB172E63D5A77E43DED7DE23DA6
:1022F0006C86E03DD890DE3D329DDC3D7CABDA3D26
:10230000B7BBD83DE4CDD63D03E2D43D18F8D23D6D
:102310002110D13D222ACF3D1A46CD3D0B64CB3D45
:10232000F783C93DDEA5C73DC1C9C53DA2EFC33D89
:102330008217C23D6241C03D436DBE3D269BBC3D00
:102340000CCBBA3DF7FCB83DE730B73DDE66B53D96
:10235000DD9EB33DE4D8B13DF614B03D1253AE3D21
:102360003B93AC3D71D5AA3DB519A93D0860A73D89
:102370006CA8A53DE2F2A33D693FA23D058EA03DBC
:10238000B5DE9E3D7B319D3D57869B3D4BDD993DA6
:102390005836983D7F91963DC0EE943D1D4E933D3D
:1023A00097AF913D2F13903DE6788E3DBCE08C3D7C
:1023B000B34A8B3DCCB6893D0725883D6795863D60
:1023C000EA07853D947C833D64F3813D5B6C803DF1
:1023D000F6CE7D3D89C97A3D70C8773DAECB743D60
:1023E00044D3713D34DF6E3D80EF6B3D2A04693D7F
:1023F000331D663D9E3A633D6B5C603D9E825D3D54
:1024000038AD5A3D3ADC573DA60F553D7D47523D0C
:10241000C3834F3D78C44C3D9E094A3D3653473DEA
:1024200043A1443DC6F3413DC04A3F3D34A63C3D37
:1024300023063A3D8E6A373D78D3343DE140323D44
:10244000CCB22F3D39292D3D2BA42A3DA323283D75
:10245000A3A7253D2C30233D3FBD203DDF4E1E3D33
:102460000CE51B3DC97F193D161F173DF5C2143DF4
:10247000676B123D6F18103D0DCA0D3D43800B3D3B
:10248000123B093D7CFA063D82BE043D2587023D94
:102490006754003D934CFC3C9BF9F73CE8AFF33CA0
:1024A0007E6FEF3C5E38EB3C8C0AE73C0AE6E23C90
:1024B000DACADE3C00B9DA3C7EB0D63C55B1D23C3B
:1024C0008ABBCE3C1DCFCA3C12ECC63C6B12C33C4F
:1024D0002A42BF3C527BBB3CE5BDB73CE509B43C5E
:1024E000555FB03C36BEAC3C8C26A93C5798A53C09
:1024F0009C13A23C5A989E3C96269B3C51BE973C0E
:102500008C5F943C4B0A913C8FBE8D3C5A7C8A3C3C
:10251000AE43873C8D14843CFAEE803CEBA57B3CBB
:102520000481753C436F6F3CAC70693C4285633CF1
:1025300009AD5D3C04E8573C3736523CA6974C3C0D
:10254000540C473C4494413C7A2F3C3CF9DD363CEA
:10255000C59F313CE0742C3C4F5D273C1359223C15
:1025600030681D3CA98A183C82C0133CBD090F3C51
:102570005C660A3C64D6053CD659013C6BE1F93BEC
:102580000B36F13B90B1E83B0154E03B611DD83B79
:10259000B60DD03B0625C83B5563C03BA7C8B83B2A
:1025A0000255B13B6A08AA3BE3E2A23B73E49B3BC2
:1025B0001D0D953BE55C8E3BD0D3873BE271813BA3
:1025C0003C6E763B12476A3B4C6E5E3BF2E3523BFD
:1025D0000AA8473B9DBA3C3BAF1B323B49CB273B4C
:1025E00071C91D3B2C16143B80B10A3B749B013B07
:1025F0001AA8F13AA1B6E03A8762D03AD6ABC03A0F
:102600009892B13AD616A33A9A38953AECF7873AA7
:10261000A7A9763AB29E5E3A07CF473AB53A323A20
:10262000C8E11D3A4EC40A3AA5C4F139BF77D03982
:1026300000A2B1397B43953984B87639C7D8473978
:10264000DFE71D39C8CBF138DAA5B1383BBC7638A5
:1026500064E91D38D1A6B137C6E91D37DEE91D365C
:10266000496E76616C696420706172616D65746534
:1026700072204275696C74696E4F70657261746F17
:10268000725F435553544F4D20746F20746865201A
:10269000004164644275696C74696E2066756E638E
:1026A00074696F6E2E0043616C6C696E67204164C3
:1026B000644275696C74696E207769746820746807
:1026C000652073616D65206F70206D6F7265207479
:1026D00068616E20006F6E6365206973206E6F7491
:1026E00020737570706F7274656420284F703A2083
:1026F000232564292E00436F756C646E2774207245
:1027000065676973746572206275696C74696E209F
:102710006F70202325642C207265736F6C76657250
:102720002073697A652000697320746F6F20736D60
:10273000616C6C20282564292E004167656C6169F5
:1027400075735F70686F656E69636575730043616B
:102750007264696E616C69735F63617264696E61F2
:102760006C697300436572746869615F616D65725D
:102770006963616E6100436F727675735F62726147
:102780006368797268796E63686F73005365746FFC
:1027900070686167615F6165737469766100536534
:1027A000746F70686167615F7275746963696C6C7E
:1027B00061005370696E75735F74726973746973C5
:1027C000005475726475735F6D69677261746F72BE
:1027D00069757300496E707574207061796C6F61F2
:1027E00064206C656E67746820646F6573206E6F1B
:1027F00074206D6174636820746865206D6F646512
:102800006C2074656E736F7200646233765F7374EC
:10281000726963745F3573686F745F7063656E5F50
:10282000626E5F686561645F7265706C61795F7329
:102830006565645F31323300323261333963363873
:10284000363966363365383231323238623266397B
:1028500064363465373466396437343165616635DA
:10286000653762633738373461323132333331613F
:102870003164393239386531005541525420686528
:102880006164657220726563656976652066616959
:102890006C656400556E737570706F72746564203A
:1028A00070726F746F636F6C2076657273696F6E90
:1028B00000556E737570706F727465642070726FFE
:1028C000746F636F6C20666C616773005061796C24
:1028D0006F61642065786365656473206669726DF5
:1028E00077617265207265636569766520627566D9
:1028F0006665720055415254207061796C6F616455
:102900002072656365697665206661696C6564003F
:102910005061796C6F6164204352433332206D699A
:10292000736D61746368004745545F494E464F209C
:10293000646F6573206E6F742061636365707420CB
:1029400061207061796C6F616400415544494F5F4B
:10295000424547494E207265717569726573206101
:102960002031362D627974652064657363726970F5
:10297000746F72004578706563746564206D6F6E66
:102980006F2031363030302D487A2050434D5F5320
:1029900031365F4C4520617564696F00417564692B
:1029A0006F206D75737420636F6E7461696E203172
:1029B0002E2E31323020636F6D706C657465206F20
:1029C0006E652D7365636F6E642077696E646F77D3
:1029D0007300415544494F5F424547494E20697352
:1029E000207265717569726564206265666F7265D3
:1029F00020415544494F5F4348554E4B0041554493
:102A0000494F5F4348554E4B207265717569726539
:102A100073206F666673657420706C757320504305
:102A20004D31362073616D706C65730041554449BA
:102A30004F5F4348554E4B206F6666736574206F39
:102A4000722073616D706C652072616E67652069BC
:102A50007320696E76616C696400415544494F5F2B
:102A600052554E20646F6573206E6F7420616363EE
:102A70006570742061207061796C6F6164004175CC
:102A800064696F2075706C6F616420697320696E72
:102A9000636F6D706C65746500436F6D706C657409
:102AA000652050434D2073747265616D204352431D
:102AB0003332206D69736D61746368004155444918
:102AC0004F5F4745545F4645415455524520646F1A
:102AD0006573206E6F74206163636570742061207C
:102AE0007061796C6F6164004E6F20636F6D706C04
:102AF0006574656420617564696F2077696E646FC1
:102B00007720697320617661696C61626C6500553C
:102B10006E737570706F727465642073657269612D
:102B20006C206D6F64656C20636F6D6D616E640009
:102B300042696173207479706520257320282564AB
:102B400029206E6F7420737570706F727465642EB7
:102B50000057656967687420747970652025732053
:102B600028256429206E6F7420737570706F7274DD
:102B700065642E005479706520257320282564290A
:102B8000206E6F7420737570706F727465642E00A0
:102B90002F686F6D652F63792F636F64652F707277
:102BA0006F6772616D2F4C45445F544553542F44F9
:102BB0007269766572732F74666C6974652D6D69C0
:102BC00063726F2F74656E736F72666C6F772F6CA4
:102BD0006974652F6D6963726F2F6B65726E656CBA
:102BE000732F636F6E765F636F6D6D6F6E2E6363B1
:102BF0000025733A256420257320776173206E6F5A
:102C00007420747275652E006861735F6269617308
:102C1000207C7C206E6F64652D3E696E70757473C8
:102C20002D3E73697A65203D3D20320025733A259B
:102C30006420257320213D20257320282564202130
:102C40003D20256429006E6F64652D3E6F7574709C
:102C50007574732D3E73697A6500696E70757420A2
:102C6000213D206E756C6C7074720066696C7465C1
:102C70007220213D206E756C6C707472006F7574DB
:102C800070757420213D206E756C6C707472006FCD
:102C900075747075742D3E7479706500696E707509
:102CA000742D3E74797065002F686F6D652F6379A0
:102CB0002F636F64652F70726F6772616D2F4C4563
:102CC000445F544553542F447269766572732F7470
:102CD000666C6974652D6D6963726F2F74656E73B0
:102CE0006F72666C6F772F6C6974652F6D69637294
:102CF0006F2F6B65726E656C732F636F6E765F639B
:102D00006F6D6D6F6E2E6363204879627269642007
:102D10006D6F64656C7320617265206E6F742073D3
:102D20007570706F72746564206F6E2054464C69C4
:102D30007465204D6963726F2E006B54664C697424
:102D400065416666696E655175616E74697A617414
:102D5000696F6E0066696C7465722D3E7175616E87
:102D600074697A6174696F6E2E747970650061663A
:102D700066696E655F7175616E74697A6174696F99
:102D80006E2D3E7363616C652D3E73697A65203DDF
:102D90003D2031207C7C20616666696E655F7175BF
:102DA000616E74697A6174696F6E2D3E7363616CD4
:102DB000652D3E73697A65203D3D2066696C7465BA
:102DC000722D3E64696D732D3E646174615B6B436B
:102DD0006F6E765175616E74697A656444696D656C
:102DE0006E73696F6E5D0046696C746572207479EC
:102DF0007065202573202825642920666F7220695C
:102E00006E7075742074797065202573206E6F74F0
:102E100020737570706F727465642E00496E7075E2
:102E20007420747970652025732028256429206E0C
:102E30006F7420737570706F727465642E002F68E4
:102E40006F6D652F63792F636F64652F70726F6785
:102E500072616D2F4C45445F544553542F44726941
:102E6000766572732F74666C6974652D6D69637213
:102E70006F2F74656E736F72666C6F772F6C6974E9
:102E8000652F6D6963726F2F6B65726E656C732F42
:102E90006465707468776973655F636F6E765F638E
:102EA0006F6D6D6F6E2E636300616666696E655F40
:102EB0007175616E74697A6174696F6E2D3E7363AA
:102EC000616C652D3E73697A65203D3D2031207C23
:102ED0007C20616666696E655F7175616E74697A82
:102EE0006174696F6E2D3E7363616C652D3E73690D
:102EF0007A65203D3D2066696C7465722D3E64697B
:102F00006D732D3E646174615B6B446570746877AA
:102F1000697365436F6E765175616E74697A656425
:102F200044696D656E73696F6E5D00616666696E9A
:102F3000655F7175616E74697A6174696F6E2D3E3B
:102F40007A65726F5F706F696E742D3E73697A6512
:102F500000616666696E655F7175616E74697A613C
:102F600074696F6E2D3E7363616C652D3E73697A73
:102F700065002F686F6D652F63792F636F64652F10
:102F800070726F6772616D2F4C45445F54455354A6
:102F90002F447269766572732F74666C6974652D3F
:102FA0006D6963726F2F74656E736F72666C6F7785
:102FB0002F6C6974652F6D6963726F2F6B65726E0C
:102FC000656C732F6465707468776973655F636F90
:102FD0006E765F636F6D6D6F6E2E636320487962EE
:102FE000726964206D6F64656C7320617265206E18
:102FF0006F7420737570706F72746564206F6E20CB
:1030000054464C697465204D6963726F2E002F68B9
:103010006F6D652F63792F636F64652F70726F67B3
:1030200072616D2F4C45445F544553542F4472696F
:10303000766572732F74666C6974652D6D69637241
:103040006F2F74656E736F72666C6F772F6C697417
:10305000652F6D6963726F2F6B65726E656C732F70
:1030600066756C6C795F636F6E6E65637465642EF4
:1030700063630025733A256420257320213D2025B4
:10308000732028257320213D2025732900496E7067
:10309000757420747970653A202573207769746897
:1030A0002066696C74657220747970653A202573A6
:1030B000206E6F7420737570706F727465642E006B
:1030C00046696C74657220747970652025732028B8
:1030D000256429206E6F7420737570706F7274652B
:1030E000642E002F686F6D652F63792F636F6465A1
:1030F0002F70726F6772616D2F4C45445F5445535A
:10310000542F447269766572732F74666C697465A6
:103110002D6D6963726F2F74656E736F72666C6F5D
:10312000772F6C6974652F6D6963726F2F6B657291
:103130006E656C732F66756C6C795F636F6E6E6510
:10314000637465645F636F6D6D6F6E2E63630061A2
:103150006666696E655F7175616E74697A617469BE
:103160006F6E2D3E7363616C650028696E707574B7
:103170002D3E74797065203D3D206B54664C69741A
:1031800065496E74382026262066696C7465722D38
:103190003E7479706520213D206B54664C697465DE
:1031A000496E743429207C7C2028696E7075742DDA
:1031B0003E74797065203D3D206B54664C697465A2
:1031C000496E7431362026262066696C7465722D2E
:1031D0003E7479706520213D206B54664C6974659E
:1031E000496E7434290066696C7465722D3E646999
:1031F0006D732D3E646174615B616666696E655FC7
:103200007175616E74697A6174696F6E2D3E717546
:10321000616E74697A65645F64696D656E73696F08
:103220006E5D007065725F6368616E6E656C5F7184
:1032300075616E74697A6174696F6E5F73697A65BE
:103240000064696D735B695D203C207374643A3A75
:103250006E756D657269635F6C696D6974733C69E5
:103260006E743E3A3A6D61782829202F20636F757D
:103270006E7400496E7075742025732C206F757400
:10328000707574202573206E6F7420737570706F65
:10329000727465642E002F686F6D652F63792F63DC
:1032A0006F64652F70726F6772616D2F4C45445F5C
:1032B000544553542F447269766572732F74666C4B
:1032C0006974652D6D6963726F2F74656E736F72AB
:1032D000666C6F772F6C6974652F6D6963726F2FE1
:1032E0006B65726E656C732F6C6F6769737469635D
:1032F0005F636F6D6D6F6E2E6363007374643A3A33
:103300006E756D657269635F6C696D6974733C6934
:103310006E74385F743E3A3A6D696E282900696EA2
:103320007075742D3E706172616D732E7A65726F67
:103330005F706F696E7400436865636B65644C6FA2
:103340006732286F75747075742D3E706172616D8F
:10335000732E7363616C652C20266F7574707574A1
:103360005F7363616C655F6C6F67325F726F756E00
:1033700064656429002D6B4F7574707574467261B5
:103380006374696F6E616C42697473006F757470F9
:1033900075745F7363616C655F6C6F67325F726FCA
:1033A000756E646564006578706F6E656E74203E3E
:1033B0003D203000496E74656765725479706520F0
:1033C00067656D6D6C6F77703A3A526F756E6469B0
:1033D0006E674469766964654279504F5428496E36
:1033E0007465676572547970652C20696E74292044
:1033F0005B7769746820496E74656765725479708B
:1034000065203D206C6F6E6720696E745D002F68CB
:103410006F6D652F63792F636F64652F70726F67AF
:1034200072616D2F4C45445F544553542F4472696B
:10343000766572732F74666C6974652D6D6963723D
:103440006F2F74656E736F72666C6F772F6C697413
:10345000652F6D6963726F2F746F6F6C732F6D6161
:103460006B652F646F776E6C6F6164732F67656D2A
:103470006D6C6F77702F6669786564706F696E74B4
:103480002F6669786564706F696E742E6800657860
:10349000706F6E656E74203C3D203331002F686F75
:1034A0006D652F63792F636F64652F70726F67721C
:1034B000616D2F4C45445F544553542F44726976D7
:1034C0006572732F74666C6974652D6D6963726FB4
:1034D0002F74656E736F72666C6F772F6C6974658D
:1034E0002F6D6963726F2F6B65726E656C732F73CE
:1034F0006F66746D61785F636F6D6D6F6E2E636361
:10350000007261775F6578705F6C757420213D2073
:103510006E756C6C707472006F6E655F6F7665723D
:103520005F6F6E655F706C75735F785F6C7574202C
:10353000213D206E756C6C70747200696E707574CC
:103540002D3E74797065203D3D206B54664C697446
:1035500065496E7438207C7C20696E7075742D3ED0
:1035600074797065203D3D206B54664C69746549E3
:103570006E7431360025733A2564202573206E6FF2
:1035800074206E6561722025732028256620213DF8
:103590002025662900312E66202F20333237363819
:1035A000006F75747075742D3E706172616D732E4D
:1035B0007363616C65002D333237363800312E6607
:1035C000202F203635353336006B54664C697465D0
:1035D000496E7438002D313238006F75747075740F
:1035E0002D3E706172616D732E7363616C65203D59
:1035F0003D20312E66202F20323536006B54664C2C
:10360000697465466C6F61743332004E756D496E36
:1036100070757473286E6F646529004E756D4F75F3
:103620007470757473286E6F646529004E756D44EF
:10363000696D656E73696F6E7328696E7075742934
:10364000203E3D2031006E6F64652D3E75736572BE
:103650005F6461746120213D206E756C6C707472C2
:10366000002162726F6164636173745F696E70756B
:103670007431207C7C202162726F61646361737499
:103680005F696E7075743200626F6F6C2074666C67
:103690006974653A3A52656475636544696D656E2F
:1036A00073696F6E73466F7242726F6164636173A8
:1036B0007428636F6E73742052756E74696D6553F0
:1036C00068617065262C20636F6E73742052756E6E
:1036D00074696D655368617065262C2073697A651D
:1036E0005F742A2C2073697A655F742A2C207369B1
:1036F0007A655F742A29205B7769746820696E7423
:10370000204D41585F44494D203D20363B20736990
:103710007A655F74203D20756E7369676E656420FD
:10372000696E745D002F686F6D652F63792F636F0D
:1037300064652F70726F6772616D2F4C45445F54E2
:103740004553542F447269766572732F74666C69A1
:1037500074652D6D6963726F2F74656E736F726619
:103760006C6F772F6C6974652F6B65726E656C7307
:103770002F696E7465726E616C2F636F6D6D6F6E05
:103780002E68002F686F6D652F63792F636F6465F6
:103790002F70726F6772616D2F4C45445F544553B3
:1037A000542F447269766572732F74666C69746500
:1037B0002D6D6963726F2F74656E736F72666C6FB7
:1037C000772F6C6974652F6D6963726F2F6B6572EB
:1037D0006E656C732F6164645F636F6D6D6F6E2EC9
:1037E000636300696E7075743120213D206E756CC5
:1037F0006C70747200696E7075743220213D206E99
:10380000756C6C707472006B54664C6974654E6FA5
:103810005175616E74697A6174696F6E00696E705A
:103820007574312D3E7175616E74697A6174696F5A
:103830006E2E7479706500696E707574322D3E71EC
:1038400075616E74697A6174696F6E2E74797065D2
:103850000054797065202573206E6F742063757233
:1038600072656E746C7920737570706F72746564B4
:103870002E002F686F6D652F63792F636F64652F3E
:1038800070726F6772616D2F4C45445F544553549D
:103890002F447269766572732F74666C6974652D36
:1038A0006D6963726F2F74656E736F72666C6F777C
:1038B0002F6C6974652F6D6963726F2F6B65726E03
:1038C000656C732F706F6F6C696E675F636F6D6D82
:1038D0006F6E2E6363007363616C655F6469666617
:1038E000203C3D20312E30652D3600696E70757498
:1038F0002D3E706172616D732E7A65726F5F706FAD
:10390000696E74203D3D206F75747075742D3E7026
:103910006172616D732E7A65726F5F706F696E741C
:10392000002F686F6D652F63792F636F64652F704B
:10393000726F6772616D2F4C45445F544553542F2D
:10394000447269766572732F74666C6974652D6D47
:103950006963726F2F74656E736F72666C6F772F09
:103960006C6974652F6D6963726F2F6B65726E651C
:103970006C732F6D756C5F636F6D6D6F6E2E63630F
:1039800000696E707574322D3E7479706500696ED1
:10399000707574312D3E7479706500646174612DA9
:1039A0003E696E707574315F7A65726F5F706F69B2
:1039B0006E7400646174612D3E696E707574325F5F
:1039C0007A65726F5F706F696E7400646174612DE7
:1039D0003E6F75747075745F7A65726F5F706F6932
:1039E0006E74006F705F706172616D732E696E70BE
:1039F0007574315F6F6666736574006F705F7061B8
:103A000072616D732E696E707574325F6F66667366
:103A10006574006F705F706172616D732E6F757485
:103A20007075745F6F6666736574002F686F6D657F
:103A30002F63792F636F64652F70726F6772616D8A
:103A40002F4C45445F544553542F44726976657238
:103A5000732F74666C6974652D6D6963726F2F7452
:103A6000656E736F72666C6F772F6C6974652F6DFE
:103A70006963726F2F6B65726E656C732F7265640C
:103A80007563655F636F6D6D6F6E2E6363006E6F40
:103A900064652D3E696E707574732D3E73697A6529
:103AA000006178697320213D206E756C6C707472B2
:103AB000006B54664C697465496E743332006178EA
:103AC00069732D3E7479706500726573756C74004E
:103AD0007265666572656E63655F6F70733A3A4DC5
:103AE00065616E282074666C6974653A3A6D696325
:103AF000726F3A3A47657454656E736F72446174BD
:103B0000613C666C6F61743E28696E707574292C17
:103B100020696E7075742D3E64696D732D3E64610D
:103B200074612C20696E7075742D3E64696D732DFF
:103B30003E73697A652C2074666C6974653A3A6DD7
:103B40006963726F3A3A47657454656E736F724475
:103B50006174613C666C6F61743E286F757470753A
:103B600074292C206F75747075742D3E64696D73A3
:103B70002D3E646174612C206F75747075742D3ED8
:103B800064696D732D3E73697A652C2074666C6967
:103B900074653A3A6D6963726F3A3A476574546571
:103BA0006E736F72446174613C696E743E28617813
:103BB0006973292C206E756D5F617869732C207094
:103BC0006172616D732D3E6B6565705F64696D73C5
:103BD0002C2074656D705F696E6465782C20726549
:103BE000736F6C7665645F617869732C2074666CA2
:103BF0006974653A3A6D6963726F3A3A476574540D
:103C0000656E736F72446174613C666C6F61743E83
:103C1000286F75747075742929002F686F6D652F72
:103C200063792F636F64652F70726F6772616D2F98
:103C30004C45445F544553542F4472697665727302
:103C40002F74666C6974652D6D6963726F2F74656E
:103C50006E736F72666C6F772F6C6974652F6D6908
:103C600063726F2F6B65726E656C732F726564750E
:103C700063655F636F6D6D6F6E2E63632043757256
:103C800072656E746C792C206F6E6C7920666C6F27
:103C9000617433322C20696E7438206F7220696E23
:103CA00074313620696E707574207479706520697E
:103CB0007320737570706F727465642E00556E6B2F
:103CC0006E6F776E2074797065004E4F5459504571
:103CD00000464C4F415433320055494E543800533E
:103CE0005452494E4700424F4F4C00434F4D504CA9
:103CF0004558363400464C4F4154363400434F4DFE
:103D0000504C45583132380055494E5436340052E3
:103D100045534F555243450056415249414E540078
:103D200055494E5433320055494E54313600494EB0
:103D300054340042464C4F4154313600556E737531
:103D400070706F727465642064617461207479703E
:103D50006520256420696E2074656E736F720A0099
:103D6000556E68616E646C65642066756C6C792D47
:103D7000636F6E6E656374656420776569676874E8
:103D80007320666F726D61742E0069203C20736928
:103D90007A65282900666C6174627566666572735F
:103DA0003A3A566563746F723C542C2053697A65B5
:103DB000543E3A3A72657475726E5F74797065201C
:103DC000666C6174627566666572733A3A566563CD
:103DD000746F723C542C2053697A65543E3A3A47CA
:103DE00065742853697A65542920636F6E73742053
:103DF0005B776974682054203D20666C617462753D
:103E000066666572733A3A4F66667365743C7466AB
:103E10006C6974653A3A4275666665723E3B20533A
:103E2000697A6554203D206C6F6E6720756E7369EA
:103E3000676E656420696E743B2072657475726E7E
:103E40005F74797065203D20636F6E7374207466B3
:103E50006C6974653A3A4275666665722A5D002F30
:103E6000686F6D652F63792F636F64652F70726F54
:103E70006772616D2F4C45445F544553542F447213
:103E800069766572732F74666C6974652D6D6963EC
:103E9000726F2F74656E736F72666C6F772F6C69BB
:103EA00074652F6D6963726F2F746F6F6C732F6DF4
:103EB000616B652F646F776E6C6F6164732F666CD6
:103EC0006174627566666572732F696E636C756482
:103ED000652F666C6174627566666572732F7665B0
:103EE00063746F722E68004D6963726F416C6C6F02
:103EF0006361746F723A204D6F64656C20616C6C05
:103F00006F636174696F6E2066696E69736865645A
:103F1000206265666F7265207374617274696E6782
:103F200020616C6C6F636174696E67206D6F64658E
:103F30006C004D6963726F416C6C6F6361746F727A
:103F40003A204D6F64656C20616C6C6F63617469BD
:103F50006F6E2073746172746564206265666F723F
:103F6000652066696E697368696E67207072657630
:103F7000696F75736C7920616C6C6F6361746564D3
:103F8000206D6F64656C004661696C656420746FB8
:103F900020616C6C6F63617465206D656D6F727903
:103FA00020666F72206D6F64656C206D657461644E
:103FB0006174612E00536372617463682062756678
:103FC00066657220726571756573742065786565C4
:103FD0006473206C696D697420706572206F706500
:103FE0007261746F72202825642900666C617462A6
:103FF0007566666572733A3A566563746F723C54BF
:104000002C2053697A65543E3A3A72657475726E23
:104010005F7479706520666C61746275666665723E
:10402000733A3A566563746F723C542C2053697A24
:1040300065543E3A3A4765742853697A6554292095
:10404000636F6E7374205B776974682054203D2021
:104050006C6F6E67206C6F6E6720696E743B2053C7
:10406000697A6554203D206C6F6E6720756E7369A8
:10407000676E656420696E743B2072657475726E3C
:104080005F74797065203D206C6F6E67206C6F6E79
:104090006720696E745D00556E61626C6520746F97
:1040A00020616C6C6F636174652054664C69746543
:1040B000416666696E655175616E74697A6174698D
:1040C0006F6E2E0A00556E61626C6520746F206100
:1040D0006C6C6F63617465207175616E74697A616F
:1040E00074696F6E2D3E7A65726F5F706F696E7462
:1040F0002E0A00666C6174627566666572733A3A80
:10410000566563746F723C542C2053697A65543E33
:104110003A3A72657475726E5F7479706520666C78
:104120006174627566666572733A3A566563746F58
:10413000723C542C2053697A65543E3A3A47657470
:104140002853697A65542920636F6E7374205B77F6
:104150006974682054203D20666C617462756666DF
:104160006572733A3A4F66667365743C74666C693F
:1041700074653A3A54656E736F723E3B2053697AA8
:104180006554203D206C6F6E6720756E7369676E95
:10419000656420696E743B2072657475726E5F741D
:1041A000797065203D20636F6E73742074666C694E
:1041B00074653A3A54656E736F722A5D00466169A0
:1041C0006C656420746F20616C6C6F636174652032
:1041D0007661726961626C652074656E736F7220BE
:1041E0006F662073697A6520256400666C6174626D
:1041F0007566666572733A3A566563746F723C54BD
:104200002C2053697A65543E3A3A72657475726E21
:104210005F7479706520666C61746275666665723C
:10422000733A3A566563746F723C542C2053697A22
:1042300065543E3A3A4765742853697A6554292093
:10424000636F6E7374205B776974682054203D201F
:10425000666C6174627566666572733A3A4F66663B
:104260007365743C74666C6974653A3A5375624759
:10427000726170683E3B2053697A6554203D206C22
:104280006F6E6720756E7369676E656420696E7402
:104290003B2072657475726E5F74797065203D2085
:1042A000636F6E73742074666C6974653A3A537503
:1042B0006247726170682A5D004661696C656420BE
:1042C000746F20616C6C6F63617465206D656D6FD8
:1042D000727920666F72206E6F64655F616E645FD5
:1042E000726567697374726174696F6E732E0046CC
:1042F00061696C656420746F20616C6C6F636174BC
:1043000065206D656D6F727920666F7220706572C1
:1043100073697374656E742054664C697465546572
:104320006E736F72004661696C656420746F2070F3
:104330006F70756C6174652061207065727369734C
:1043400074656E742054664C69746554656E736F41
:1043500072207374727563742066726F6D20666C60
:1043600061746275666665722064617461210046DD
:1043700061696C656420746F20616C6C6F6361743B
:10438000652074656D702E206D656D6F7279206685
:104390006F722074656E736F722025642C207375A4
:1043A000626772617068202564004661696C6564AB
:1043B00020746F20706F70756C617465206120745B
:1043C000656D702054664C69746554656E736F72C8
:1043D000207374727563742066726F6D20666C61F1
:1043E000746275666665722064617461210046615D
:1043F000696C656420746F20616C6C6F63617465B7
:10440000206D656D6F727920666F7220636F6E74B8
:104410006578742D3E6576616C5F74656E736F723E
:10442000732C202564206279746573207265717520
:1044300069726564004661696C656420746F206907
:104440006E697469616C697A652074656E736F72E8
:10445000202564004E6272206F66206F66666C696C
:104460006E6520627566666572206F666673657438
:1044700073202825642920696E206D65746164614C
:104480007461206E6F7420657175616C206E62724C
:104490002074656E736F727320282564290A006684
:1044A0006C6174627566666572733A3A56656374D8
:1044B0006F723C542C2053697A65543E3A3A7265C7
:1044C0007475726E5F7479706520666C6174627564
:1044D00066666572733A3A566563746F723C542C23
:1044E0002053697A65543E3A3A4765742853697A8D
:1044F00065542920636F6E7374205B77697468203C
:1045000054203D206C6F6E6720696E743B205369A8
:104510007A6554203D206C6F6E6720756E736967F5
:104520006E656420696E743B2072657475726E5F8F
:1045300074797065203D206C6F6E6720696E745DC4
:1045400000666C6174627566666572733A3A5665A8
:1045500063746F723C542C2053697A65543E3A3A26
:1045600072657475726E5F7479706520666C6174C3
:10457000627566666572733A3A566563746F723C2B
:10458000542C2053697A65543E3A3A47657428534F
:10459000697A65542920636F6E7374205B77697440
:1045A000682054203D20666C617462756666657291
:1045B000733A3A4F66667365743C74666C697465E9
:1045C0003A3A4F70657261746F723E3B2053697A5C
:1045D0006554203D206C6F6E6720756E7369676E41
:1045E000656420696E743B2072657475726E5F74C9
:1045F000797065203D20636F6E73742074666C69FA
:1046000074653A3A4F70657261746F722A5D004644
:1046100061696C656420746F20616C6C6F63617498
:1046200065206D656D6F727920666F72206D656DA6
:104630006F727920706C616E6E696E672C202564D4
:1046400020627974657320726571756972656400A2
:10465000446F6573206E6F7420737570706F727421
:1046600020696E7465726D65646961746520746536
:104670006E736F722077697468206E6F6E2D7A6525
:10468000726F2073697A653A20256400666C6174E4
:10469000627566666572733A3A566563746F723C0A
:1046A000542C2053697A65543E3A3A726574757297
:1046B0006E5F7479706520666C617462756666659C
:1046C00072733A3A566563746F723C542C20536986
:1046D0007A65543E3A3A4765742853697A65542995
:1046E00020636F6E7374205B776974682054203D7B
:1046F00020666C6174627566666572733A3A4F66DD
:10470000667365743C74666C6974653A3A4F70659B
:104710007261746F72436F64653E3B2053697A65C2
:1047200054203D206C6F6E6720756E7369676E65EF
:104730006420696E743B2072657475726E5F747963
:104740007065203D20636F6E73742074666C6974AD
:10475000653A3A4F70657261746F72436F64652A8F
:104760005D00496E70757420696E646578202564FB
:10477000206F7574206F662072616E676520286CEB
:10478000656E67746820697320256429004F75740D
:1047900070757420696E646578202564206F757467
:1047A000206F662072616E676520286C656E677485
:1047B0006820697320256429004D697373696E67E9
:1047C00020726567697374726174696F6E20666FB9
:1047D00072206F70636F64655F696E646578202511
:1047E000640A004661696C656420746F20676574B3
:1047F00020726567697374726174696F6E20667286
:104800006F6D206F7020636F64652025730A200030
:10481000536B697070696E67206F7020666F7220CD
:104820006F70636F64655F696E6465782025640AE4
:1048300000556E737570706F727465642062656880
:104840006176696F723A20666F756E642062756971
:104850006C74696E206F70657261746F722025735D
:10486000207769746820637573746F6D206F70743E
:10487000696F6E732E0A00446964206E6F7420663F
:10488000696E6420612070617273657220666F7258
:10489000202573004661696C6564207374617274CD
:1048A000696E67206D6F64656C20616C6C6F63610D
:1048B00074696F6E2E0A004661696C656420746FBE
:1048C00020616C6C6F63617465206D656D6F7279CA
:1048D00020666F7220636F6E746578742D3E696E0A
:1048E0007075745F74656E736F72735F2C202564CE
:1048F00020627974657320726571756972656400F0
:104900004661696C656420746F20696E69746961C1
:104910006C697A6520696E7075742074656E736F4A
:1049200072202564004661696C656420746F2061A3
:104930006C6C6F63617465206D656D6F7279206654
:104940006F7220636F6E746578742D3E6F7574702E
:1049500075745F74656E736F72735F2C20256420AD
:104960006279746573207265717569726564004659
:1049700061696C656420746F20696E697469616C2B
:10498000697A65206F75747075742074656E736FC5
:104990007220256400496E766F6B6528292063615B
:1049A0006C6C656420616674657220696E697469F7
:1049B000616C697A6174696F6E206661696C6564A7
:1049C0000A00415645524147455F504F4F4C5F32B8
:1049D0004400434F4E434154454E4154494F4E00CD
:1049E0004445505448574953455F434F4E565F32F4
:1049F000440044455054485F544F5F535041434531
:104A00000044455155414E54495A4500454D424593
:104A10004444494E475F4C4F4F4B55500046554C10
:104A20004C595F434F4E4E45435445440048415313
:104A3000485441424C455F4C4F4F4B5550004C320F
:104A40005F4E4F524D414C495A4154494F4E004CD4
:104A5000325F504F4F4C5F3244004C4F43414C5FEC
:104A6000524553504F4E53455F4E4F524D414C4966
:104A70005A4154494F4E004C53485F50524F4A459B
:104A80004354494F4E004D41585F504F4F4C5F3299
:104A9000440052454C555F4E315F544F5F310052D8
:104AA000454C553600524553495A455F42494C4999
:104AB0004E4541520053504143455F544F5F44457A
:104AC000505448005356444600434F4E4341545FB0
:104AD000454D42454444494E475300534B49505F6E
:104AE0004752414D00435553544F4D00454D4245AB
:104AF0004444494E475F4C4F4F4B55505F535041D4
:104B000052534500554E49444952454354494F4E2E
:104B1000414C5F53455155454E43455F524E4E0003
:104B200042415443485F544F5F53504143455F4EA9
:104B3000440053504143455F544F5F424154434802
:104B40005F4E44004D45414E005355420053515570
:104B500045455A4500554E49444952454354494FED
:104B60004E414C5F53455155454E43455F4C535460
:104B70004D00535452494445445F534C494345000A
:104B80004249444952454354494F4E414C5F534575
:104B90005155454E43455F524E4E004558500054C6
:104BA0004F504B5F56320053504C4954004C4F47C6
:104BB0005F534F46544D41580044454C454741547E
:104BC00045004249444952454354494F4E414C5F88
:104BD00053455155454E43455F4C53544D0050523B
:104BE000454C55004152475F4D4158004C45535389
:104BF000004E45470050414456320047524541540B
:104C0000455200475245415445525F455155414C2C
:104C1000004C4553535F455155414C0053494E009C
:104C20005452414E53504F53455F434F4E560053DD
:104C300050415253455F544F5F44454E53450054D5
:104C4000494C4500455850414E445F44494D53003E
:104C50004E4F545F455155414C00504F5700415203
:104C6000475F4D494E0046414B455F5155414E54BB
:104C7000005245445543455F50524F44005245440D
:104C80005543455F4D4158004C4F474943414C5FA8
:104C90004F52004F4E455F484F54004C4F474943D9
:104CA000414C5F414E44004C4F474943414C5F4E9D
:104CB0004F5400554E5041434B00524544554345D7
:104CC0005F4D494E00464C4F4F525F44495600528B
:104CD00045445543455F414E590053515541524556
:104CE000005A45524F535F4C494B450046494C4C86
:104CF00000464C4F4F525F4D4F440052414E474586
:104D000000524553495A455F4E4541524553545F01
:104D10004E45494748424F52004C45414B595F521E
:104D2000454C5500535155415245445F4449464610
:104D30004552454E4345004D4952524F525F5041F6
:104D4000440053504C49545F5600554E4951554507
:104D5000004345494C00524556455253455F563233
:104D6000004144445F4E004741544845525F4E4421
:104D700000434F530057484552450052414E4B00A7
:104D8000524556455253455F53455155454E43454F
:104D9000004D41545249585F44494147004D4154E8
:104DA0005249585F5345545F4449414700524F555B
:104DB0004E4400484152445F5357495348004946C6
:104DC000004E4F4E5F4D41585F5355505052455322
:104DD00053494F4E5F5634004E4F4E5F4D41585F22
:104DE0005355505052455353494F4E5F563500531B
:104DF0004341545445525F4E440053454C4543543F
:104E00005F56320044454E5349465900424154438F
:104E1000485F4D41544D554C00504C414345484F1F
:104E20004C4445525F464F525F47524541544552AC
:104E30005F4F505F434F4445530043554D53554DCD
:104E40000043414C4C5F4F4E43450042524F41445A
:104E5000434153545F544F0052464654324400433A
:104E60004F4E565F334400494D4147005245414C37
:104E700000434F4D504C45585F4142530048415309
:104E8000485441424C4500484153485441424C45E6
:104E90005F46494E4400484153485441424C455FA7
:104EA000494D504F525400484153485441424C459B
:104EB0005F53495A45005245445543455F414C4C68
:104EC00000434F4E565F33445F5452414E53504F50
:104ED0005345005641525F48414E444C45005245AF
:104EE00041445F5641524941424C45004153534968
:104EF000474E5F5641524941424C450042524F4154
:104F000044434153545F415247530052414E444F32
:104F10004D5F5354414E444152445F4E4F524D41B8
:104F20004C004255434B4554495A450052414E446A
:104F30004F4D5F554E49464F524D004D554C5449CB
:104F40004E4F4D49414C0047454C550052454C553C
:104F50005F305F544F5F3100554E534F52544544BC
:104F60005F5345474D454E545F50524F4400554E98
:104F7000534F525445445F5345474D454E545F4D42
:104F8000415800554E534F525445445F5345474D89
:104F9000454E545F53554D004154414E3200554EDD
:104FA000534F525445445F5345474D454E545F4D12
:104FB000494E005349474E0042495443415354001F
:104FC000424954574953455F584F52005249474848
:104FD000545F534849465400535441424C45484C51
:104FE0004F5F4C4F47495354494300535441424C3F
:104FF00045484C4F5F41444400535441424C45485E
:105000004C4F5F44495649444500535441424C4536
:10501000484C4F5F4D554C5449504C5900535441E6
:10502000424C45484C4F5F4D4158494D554D0053FA
:105030005441424C45484C4F5F52455348415045BE
:1050400000535441424C45484C4F5F434C414D50F6
:1050500000535441424C45484C4F5F434F4E4341EF
:1050600054454E41544500535441424C45484C4FE1
:105070005F42524F4144434153545F494E5F44495C
:105080004D00535441424C45484C4F5F434F4E56A0
:105090004F4C5554494F4E00535441424C45484C97
:1050A0004F5F534C49434500535441424C45484C93
:1050B0004F5F435553544F4D5F43414C4C00535445
:1050C00041424C45484C4F5F52454455434500537F
:1050D0005441424C45484C4F5F4142530053544168
:1050E000424C45484C4F5F414E4400535441424C62
:1050F00045484C4F5F434F53494E4500535441423E
:105100004C45484C4F5F4558504F4E454E544941D1
:105110004C00535441424C45484C4F5F464C4F4F16
:105120005200535441424C45484C4F5F4C4F47004E
:10513000535441424C45484C4F5F4D494E494D55A3
:105140004D00535441424C45484C4F5F4E454741FA
:10515000544500535441424C45484C4F5F4F520018
:10516000535441424C45484C4F5F504F57455200B5
:10517000535441424C45484C4F5F52454D41494E76
:1051800044455200535441424C45484C4F5F5253A2
:1051900051525400535441424C45484C4F5F534583
:1051A0004C45435400535441424C45484C4F5F5387
:1051B0005542545241435400535441424C45484C8B
:1051C0004F5F54414E4800535441424C45484C4F68
:1051D0005F5343415454455200535441424C454857
:1051E0004C4F5F434F4D5041524500535441424C48
:1051F00045484C4F5F434F4E56455254005354411F
:10520000424C45484C4F5F44594E414D49435F53D2
:105210004C49434500535441424C45484C4F5F4430
:10522000594E414D49435F5550444154455F534C9D
:1052300049434500535441424C45484C4F5F50410F
:105240004400535441424C45484C4F5F494F5441F0
:1052500000535441424C45484C4F5F444F545F47C4
:10526000454E4552414C00535441424C45484C4FE9
:105270005F5245445543455F57494E444F5700538D
:105280005441424C45484C4F5F534F525400535485
:1052900041424C45484C4F5F5748494C4500535498
:1052A00041424C45484C4F5F47415448455200539A
:1052B0005441424C45484C4F5F5452414E53504F1D
:1052C00053450044494C41544500535441424C45D8
:1052D000484C4F5F524E475F4249545F47454E45E9
:1052E0005241544F5200535441424C45484C4F5F39
:1052F000434F4D504F5349544500535441424C4540
:10530000484C4F5F53484946545F4C454654005300
:105310005441424C45484C4F5F4342525400535411
:1053200041424C45484C4F5F43415345000D0A00F4
:105330002F686F6D652F63792F636F64652F7072AF
:105340006F6772616D2F4C45445F544553542F4431
:105350007269766572732F74666C6974652D6D69F8
:1053600063726F2F74656E736F72666C6F772F6CDC
:105370006974652F6B65726E656C732F6B65726EE9
:10538000656C5F7574696C2E6363006E6F5F696E28
:1053900074656765725F6F766572666C6F775F665E
:1053A000726F6D5F7175616E74697A6174696F6E29
:1053B00000696E7075745F70726F647563745F738B
:1053C00063616C65203E3D2030007363616C655FF6
:1053D00064696666202F206F75747075745F7363DF
:1053E000616C65203C3D20302E30320066616C736C
:1053F0006500696E7075742D3E7175616E74697AA1
:105400006174696F6E2E7479706500616666696E8D
:10541000655F7175616E74697A6174696F6E00663B
:10542000696C7465722D3E74797065203D3D206B0A
:1054300054664C697465496E7438207C7C206669BA
:105440006C7465722D3E74797065203D3D206B54FF
:10545000664C697465496E7434006E756D5F63687F
:10546000616E6E656C73007175616E74697A6564E6
:105470005F6D756C7469706C696572203E3D20309B
:1054800000696E7433325F742074666C6974653AB7
:105490003A4D756C7469706C7942795175616E74AE
:1054A000697A65644D756C7469706C696572286998
:1054B0006E7436345F742C20696E7433325F742CD2
:1054C00020696E7429002F686F6D652F63792F63D3
:1054D0006F64652F70726F6772616D2F4C45445F0A
:1054E000544553542F447269766572732F74666CF9
:1054F0006974652D6D6963726F2F74656E736F7259
:10550000666C6F772F6C6974652F6B65726E656C56
:10551000732F696E7465726E616C2F636F6D6D6F42
:105520006E2E6363007368696674203E3D202D33E0
:1055300031202626207368696674203C2038007864
:10554000203E3D202D287374617469635F6361732D
:10555000743C696E7436345F743E283129203C3CBB
:10556000203437292026262078203C202873746197
:105570007469635F636173743C696E7436345F741D
:105580003E283129203C3C2034372900546F6F20BD
:105590006D616E79206275666665727320286D6133
:1055A000782069732025642900627566666572201B
:1055B000696E646578202564206973206F75747343
:1055C0006964652072616E6765203020746F2025E4
:1055D00064002563202869643D2564293A207369A5
:1055E0007A653D25642C206F66667365743D25647D
:1055F0002C2066697273745F757365643D25642041
:105600006C6173745F757365643D25640025346453
:105610003A202573202825646B2900496E74657231
:105620006E616C206572726F723A2065697468658C
:105630007220627566666572206973206E6F7420D1
:10564000726573697A61626C65206F72205265734E
:10565000657454656D70416C6C6F636174696F6ED5
:10566000732829206973206E6F742063616C6C65E8
:1056700064206265666F726520526573697A65425F
:10568000756666657228292E004661696C6564201E
:10569000746F20726573697A6520627566666572DB
:1056A0002E205265717565737465643A2025752CDA
:1056B00020617661696C61626C652025752C206DB6
:1056C000697373696E673A202575004661696C6578
:1056D0006420746F20616C6C6F6361746520746505
:1056E0006D70206D656D6F72792E205265717565D4
:1056F000737465643A2025752C20617661696C614C
:10570000626C652025752C206D697373696E673A2C
:10571000202575004E756D626572206F6620616C84
:105720006C6F63617465642074656D70206275666A
:10573000666572733A2025642E20436865636B7337
:10574000756D2070617373696E6720737461747511
:10575000733A20256400416C6C2074656D70206282
:10576000756666657273206D757374206265206658
:1057700072656564206265666F72652063616C6C3A
:10578000696E6720526573657454656D70416C6C09
:105790006F636174696F6E732829004661696C6577
:1057A0006420746F20616C6C6F6361746520746138
:1057B000696C206D656D6F72792E2052657175650B
:1057C000737465643A2025752C20617661696C617B
:1057D000626C652025752C206D697373696E673A5C
:1057E000202575004E6F646520257320286E756D29
:1057F0006265722025646629206661696C65642093
:10580000746F2070726570617265207769746820AA
:1058100073746174757320256400416363657373E9
:10582000696E6720737562677261706820256420F5
:10583000627574206F6E6C792025642073756267C1
:10584000726170687320666F756E64004E6F646578
:1058500020257320286E756D6265722025642920CD
:105860006661696C656420746F20696E766F6B6524
:1058700020776974682073746174757320256400DF
:10588000417474656D7074696E6720746F20736500
:10589000742065787465726E616C20636F6E7465D8
:1058A000787420746F2025782062757420697420C4
:1058B00077617320257820616C7265616479004F8F
:1058C00070206275696C74696E5F636F6465206FC8
:1058D0007574206F662072616E67653A2025642EAC
:1058E000004469646E27742066696E64206F7020BE
:1058F000666F72206275696C74696E206F70636F79
:1059000064652027257327004F70657261746F727C
:10591000207769746820435553544F4D2062756950
:105920006C74696E5F636F646520686173206E6F6D
:1059300020637573746F6D5F636F64652E0A002C4E
:105940002066756E6374696F6E3A200061737365CB
:105950007274696F6E2022257322206661696C65FE
:10596000643A2066696C6520222573222C206C69BC
:105970006E65202564257325730A00232D302B20A6
:1059800000686C4C0065666745464700303132332D
:105990003435363738394142434445460030313298
:1059A0003334353637383961626364656600000028
:1059B0000000000000000000011100086310000852
:1059C0003310000831100008311000083A2702088F
:1059D0004E27020864270208762702088C2702084F
:1059E0009E270208B2270208C1270208A0860100EC
:1059F000400D0300801A060000350C0040420F00E5
:105A000080841E0000093D0000127A000024F4008A
:105A100000366E010048E801006CDC020000000066
:105A20000000000000000000000000000000000076
:105A30000102030400000000000000000102030452
:105A400006070809010002000400060008000A0019
:105A50000C00100020004000800000010080004089
:105A600000480040000802420004024200000242D6
:105A70008000800000020000000000000200000022
:105A80000100000000000000000000000200000013
:105A90000100000000000000000000000200000003
:105AA00001000000000000000080AB825585FD87EA
:105AB000A58A498DEB8F89922495B9974A9AD59CEE
:105AC0005A9FD8A150A4C0A628A988ABDFAD2EB09C
:105AD00073B2AFB4E1B609B927BB3BBD44BF43C104
:105AE00037C320C5FEC6D1C899CA57CC09CEB1CF9D
:105AF0004DD1DFD266D4E3D555D7BDD81ADA6EDBE7
:105B0000B7DCF7DD2DDF59E07CE197E2A8E3B0E4F4
:105B1000B0E5A8E698E77FE85FE937EA08EBD2EB63
:105B200095EC51ED07EEB6EE5FEF01F09FF036F128
:105B3000C8F154F2DCF25EF3DCF355F4CAF43AF542
:105B4000A6F50EF672F6D2F62FF788F7DEF730F8E4
:105B50007FF8CBF815F95BF99FF9E0F91EFA5AFACC
:105B600094FACCFA01FB34FB65FB95FBC2FBEEFB20
:105B700018FC40FC66FC8CFCAFFCD1FCF2FC12FD76
:105B800030FD4DFD69FD84FD9EFDB6FDCEFDE5FDBC
:105B9000FBFD0FFE24FE37FE49FE5BFE6CFE7DFE24
:105BA0008CFE9BFEAAFEB8FEC5FED2FEDEFEEAFE1D
:105BB000F5FE00FF0BFF15FF1EFF27FF30FF39FF2B
:105BC00041FF48FF50FF57FF5EFF65FF6BFF71FF0E
:105BD00077FF7CFF82FF87FF8CFF91FF95FF99FF86
:105BE0009EFFA2FFA5FFA9FFADFFB0FFB3FFB6FF69
:105BF000B9FFBCFFBFFFC2FFC4FFC7FFC9FFCBFF98
:105C0000CDFFD0FFD1FFD3FFD5FFD7FFD9FFDAFFFC
:105C1000DCFFDDFFDFFFE0FFE1FFE3FFE4FFE5FF87
:105C2000E6FFE7FFE8FFE9FFEAFFEBFFECFFEDFF30
:105C3000EDFFEEFFEFFFF0FFF0FFF1FFF2FFF2FFED
:105C4000F3FFF3FFF4FFF4FFF5FFF5FFF6FFF6FFB8
:105C5000F6FFF7FFF7FFF8FFF8FFF8FFF9FFF9FF8E
:105C6000F9FFF9FFFAFFFAFFFAFFFAFFFBFFFBFF6C
:105C7000FBFFFBFFFBFFFCFFFCFFFCFFFCFFFCFF4F
:105C8000FCFFFDFFFDFFFDFFFDFFFDFFFDFFFDFF35
:105C9000FDFFFEFFFEFFFEFFFEFFFEFFFEFFFEFF1D
:105CA000FEFFFEFFFEFFFFFF0000000000000000FF
:105CB00000000000010000000000000000000000E3
:105CC00000000000000000000100000000000000D3
:105CD000CA3C0208D13C0208213D0208D93C020816
:105CE000093D0208DF3C0208E63C0208283D0208A4
:105CF000EB3C0208DA3C0208343D0208F53C02089D
:105D0000FD3C0208083D02080F3D0208183D02084C
:105D1000203D0208273D02082E3D0208333D0208BF
:105D20000000000000000000D9C0000851C10008B8
:105D30001BBA0008EDB90008F5B90008FDB9000864
:105D400005BA0008E3B90008E1B90008E1B90008A4
:105D500081C00008E1C30008E5BF00080DBA0008D3
:105D60008FC30008D5C100085FBA0008000000001A
:105D700000000000D7B90008DFB9000819BA000810
:105D800019BA0008000000004F66666C696E654D28
:105D9000656D6F7279416C6C6F636174696F6E00D1
:105DA000F54F0208C2490208D2490208EA4902082E
:105DB000E0490208F2490208014A02080C4A0208B6
:105DC0001C5102081D4A02082D4A02083E4A0208D8
:105DD0004F4A02085A4A0208E24F0208774A02086C
:105DE000D94B0208864A0208154E0208DF4B02080A
:105DF000924A02089F4A020839500208A54A02083E
:105E0000974B0208B14B0208B54A0208C44A02087F
:105E1000C2510208C94A0208DB4A0208B950020806
:105E2000E54A0208EC4A02083E520208044B020806
:105E3000A8520208204B0208324B0208C94E020841
:105E4000444B0208494B0208CB4C02084D4B020858
:105E5000554B0208724B0208804B02089B4B02080C
:105E60009F4B0208A74B0208AD4B0208B94B020832
:105E7000C24B0208BB4F0208DE4B02082750020843
:105E8000E44B02083A510208EC4B0208F14B0208BD
:105E9000F54B0208FB4B0208034C0208114C0208A8
:105EA0009E5102080F5202081C4C0208204C0208A6
:105EB0002F4C02083F4C0208444C02080B4C0208CD
:105EC000504C02082C5102083D4E02088F51020826
:105ED0008E5102083B5002085A4C02085E4C0208E0
:105EE000664C0208714C02087D4C0208B54C020851
:105EF000884C0208934C02089B4C0208A74C0208ED
:105F0000B34C0208BA4C0208C54C0208CF4C020838
:105F1000DA4C0208E14C0208EC4C0208F14C020891
:105F2000FB4C0208014D0208194D0208244D0208DD
:105F3000374D0208D9500208424D02084A4D020866
:105F4000514D0208564D0208614D0208674D020886
:105F5000714D0208754D02087B4D0208484F02083A
:105F6000804D0208914D0208034A02089D4D020827
:105F7000AD4D0208B34D0208BE4D0208985202080A
:105F8000C14D0208D84D0208EF4D0208FA4D020833
:105F9000044E02088C4F02080C4E0208194E0208EB
:105FA0003A4E0208414E02084B4E0208584E020873
:105FB0005F4E0208674E02086C4E0208714E0208DE
:105FC0007D4E0208874E0208964E0208A74E020830
:105FD000B64E0208C14E0208D34E0208DE4E020839
:105FE000EC4E0208FC4E02080B4F0208224F02083A
:105FF0002C4F02083B4F0208474F02081F5202086D
:106000004C4F0208584F02086E4F0208834F020897
:10601000984F02089E4F0208B34F0208B84F02087B
:10602000C04F0208CC4F0208D84F0208EB4F0208BD
:10603000F94F02080A5002081D5002082F500208AA
:10604000415002085150020867500208825002086D
:1060500098500208A8500208BE500208CF5002080B
:10606000DD500208EB500208FC50020812510208F1
:1060700022510208305102084251020853510208CD
:1060800060510208705102088451020894510208BC
:10609000A5510208B8510208C7510208D951020897
:1060A000EB510208FD510208155202083452020851
:1060B0004252020851520208675202087F520208F7
:1060C0008E5202089E520208AF520208C3520208C2
:1060D000CA52020871520208E6520208FA52020835
:1060E0000F5302081E5302080000000000000000C9
:1060F0000000000077DD000877DD000889DD00087A
:1061000069DD000879DD000881DD0008BDDD0008DB
:106110006DDD000873DD000871DD0008000000007F
:10612000000000005BDE00085BDE00087DDE00088A
:106130005DDE0008C3E0000879DE000835E20008F3
:1061400027DE0008FDDD0008FDE00008000000007B
:106150000000000069E2000869E200085DE3000851
:106160007DE2000899E30008BDE30008AFE2000803
:1061700005E300086BE200088BE20008DFE200089C
:106180008FE2000819E40008E1E300089FE200083C
:10619000FCFFFFFF0000000033E4000837E40008C4
:1061A00011E40008A7E20008000000000000000061
:1061B000DDE40008DDE40008B5E6000809E90008B0
:1061C000A9E8000823E90008D9E8000895E60008D6
:1061D000D9E40008DFE4000815E6000845E50008FA
:1061E0009DE50008A1E70008000000000000000095
:1061F00047E9000847E900088BE90008E7E90008DB
:10620000A3E9000849E9000865E90008B7E90008C2
:10621000CFE900086DE9000805EA00083FE9000839
:1062200043E9000881E9000887E900080000000050
:106230000000000011EB000811EB000813EB000850
:10624000000000000000803FC70F493BB1FF7F3FC7
:10625000890FC93BC4FE7F3F59CB163C39FD7F3FB8
:10626000900E493C11FB7F3F4B517B3C4AF87F3FEE
:10627000B6C9963CE6F47F3F69EAAF3CE3F07F3F66
:10628000B00AC93C43EC7F3F7B2AE23C05E77F3FF5
:10629000B949FB3C29E17F3F2F340A3DAFDA7F3F0C
:1062A0002CC3163D98D37F3FCC51233DE2CB7F3F9B
:1062B00007E02F3D8FC37F3FD56D3C3D9EBA7F3FAA
:1062C0002FFB483D0FB17F3F0E88553DE3A67F3F32
:1062D0006814623D189C7F3F38A06E3DB1907F3FAF
:1062E000742B7B3DAB847F3F0ADB833D08787F3F87
:1062F0000A208A3DC76A7F3FB464903DE95C7F3FD6
:1063000005A9963D6D4E7F3FF9EC9C3D543F7F3F84
:106310008C30A33D9D2F7F3FBA73A93D491F7F3F1E
:1063200080B6AF3D580E7F3FDAF8B53DC9FC7E3FE1
:10633000C33ABC3D9DEA7E3F397CC23DD4D77E3F07
:1063400036BDC83D6DC47E3FB7FDCE3D69B07E3FD2
:10635000B93DD53DC99B7E3F377DDB3D8B867E3F7A
:106360002EBCE13DB0707E3F9AFAE73D385A7E3F41
:106370007638EE3D23437E3FC075F43D722B7E3F61
:1063800073B2FA3D24137E3F4577003E38FA7D3FD5
:106390000295033EB1E07D3F6EB2063E8CC67D3F66
:1063A00086CF093ECCAB7D3F4AEC0C3E6E907D3FE4
:1063B000B708103E74747D3FCA24133EDE577D3FFC
:1063C0008340163EAC3A7D3FE05B193EDD1C7D3FCD
:1063D000DE761C3E73FE7C3F7B911F3E6CDF7C3F74
:1063E000B6AB223EC9BF7C3F8CC5253E8A9F7C3F11
:1063F000FCDE283EB07E7C3F04F82B3E3A5D7C3FBD
:10640000A2102F3E283B7C3FD428323E7A187C3F96
:106410009840353E31F57B3FEC57383E4DD17B3FC0
:10642000CF6E3B3ECDAC7B3F3E853E3EB2877B3F51
:10643000379B413EFC617B3FB9B0443EAB3B7B3F69
:10644000C2C5473EBE147B3F4FDA4A3E37ED7A3F26
:1064500060EE4D3E16C57A3FF101513E599C7A3FA0
:106460000115543E02737A3F8F27573E10497A3FF9
:1064700097395A3E841E7A3F1A4B5D3E5EF3793F50
:10648000135C603E9DC7793F836C633E439B793FBD
:10649000667C663E4E6E793FBA8B693EC040793F5E
:1064A0007F9A6C3E9812793FB2A86F3ED6E3783F50
:1064B00051B6723E7BB4783F5AC3753E8684783FAE
:1064C000CCCF783EF853783FA4DB7B3ED122783F97
:1064D000E1E67E3E10F1773FC0F8803EB7BE773FE1
:1064E000C07D823EC58B773F7002843E3A58773F2D
:1064F000CE86853E1724773FDA0A873E5BEF763FEC
:10650000938E883E07BA763FF8118A3E1B84763F09
:1065100007958B3E974D763FC0178D3E7A16763F96
:10652000229A8E3EC6DE753F2C1C903E7BA6753FA0
:10653000DD9D913E976D753F351F933E1D34753F30
:1065400031A0943E0BFA743FD220963E62BF743F56
:1065500017A1973E2284743FFE20993E4B48743F1A
:1065600086A09A3EDD0B743FAF1F9C3ED9CE733F91
:10657000789E9D3E3F91733FDF1C9F3E0E53733FBD
:10658000E59AA03E4714733F8718A23EEBD4723FB2
:10659000C595A33EF894723F9F12A53E7054723F7A
:1065A000128FA63E5213723F1F0BA83E9FD1713F20
:1065B000C486A93E578F713F0102AB3E7A4C713FB2
:1065C000D47CAC3E0809713F3CF7AD3E02C5703F3C
:1065D0003A71AF3E6680703FCBEAB03E373B703FCA
:1065E000EF63B23E73F56F3FA5DCB33E1BAF6F3F69
:1065F000EC54B53E30686F3FC3CCB63EB0206F3F21
:106600002A44B83E9ED86E3F1EBBB93EF88F6E3FFF
:10661000A031BB3EBE466E3FAFA7BC3EF2FC6D3F15
:106620004A1DBE3E93B26D3F6F92BF3EA1676D3F64
:106630001E07C13E1D1C6D3F557BC23E07D06C3FFF
:1066400015EFC33E5E836C3F5C62C53E24366C3FF3
:1066500029D5C63E58E86B3F7C47C83EFB996B3F47
:1066600053B9C93E0C4B6B3FAE2ACB3E8CFB6A3F05
:106670008B9BCC3E7BAB6A3FEA0BCE3ED95A6A3F3E
:10668000CA7BCF3EA7096A3F2AEBD03EE4B7693FF9
:10669000095AD23E9165693F67C8D33EAE12693F41
:1066A0004136D53E3CBF683F99A3D63E396B683F23
:1066B0006B10D83EA816683FB97CD93E87C1673FAA
:1066C00080E8DA3ED86B673FC153DC3E9915673FDF
:1066D00079BEDD3ECCBE663FA928DF3E7167663FCE
:1066E0004F92E03E880F663F6AFBE13E10B7653F80
:1066F000FA63E33E0B5E653FFECBE43E7904653F03
:106700007533E63E59AA643F5D9AE73EAC4F643F5D
:10671000B700E93E73F4633F8166EA3EAC98633F9D
:10672000BBCBEB3E5A3C633F6330ED3E7BDF623FC9
:106730007994EE3E1082623FFBF7EF3E1A24623FEF
:10674000EA5AF13E98C5613F43BDF23E8A66613F19
:10675000071FF43EF206613F3580F53ECFA6603F4D
:10676000CBE0F63E2146603FC840F83EE9E45F3F9B
:106770002DA0F93E27835F3FF7FEFA3EDB205F3F07
:10678000275DFC3E05BE5E3FBBBAFD3EA65A5E3F9E
:10679000B217FF3EBEF65D3F063A003F4D925D3FA9
:1067A000E4E7003F532D5D3F7395013FD1C75C3F48
:1067B000B142023FC7615C3F9FEF023F34FB5B3F4A
:1067C0003D9C033F1A945B3F8948043F792C5B3F13
:1067D00084F4043F50C45A3F2CA0053FA05B5A3FAD
:1067E000824B063F6AF2593F86F6063FAD88593F15
:1067F00036A1073F6A1E593F924B083FA1B3583F4D
:106800009BF5083F5348583F4E9F093F7FDC573F59
:10681000AD480A3F2670573FB7F10A3F4803573F3C
:106820006B9A0B3FE595563FC9420C3FFE27563FFA
:10683000D0EA0C3F93B9553F81920D3FA44A553F92
:10684000DA390E3F31DB543FDBE00E3F3B6B543F08
:1068500084870F3FC3FA533FD52D103FC789533F5D
:10686000CDD3103F4918533F6B79113F49A6523F92
:10687000B01E123FC633523F9AC3123FC2C0513FAF
:106880002A68133F3D4D513F5F0C143F37D9503FAD
:1068900039B0143FAF64503FB753153FA8EF4F3F97
:1068A000D9F6153F1F7A4F3F9F99163F17044F3F68
:1068B000073C173F908D4E3F12DE173F89164E3F23
:1068C000C07F183F029F4D3F0F21193FFD264D3FCE
:1068D00000C2193F79AE4C3F93621A3F78354C3F66
:1068E000C6021B3FF8BB4B3F99A21B3FFA414B3FEF
:1068F0000C421C3F7FC74A3F1FE11C3F874C4A3F69
:10690000D17F1D3F12D1493F221E1E3F2155493FD5
:1069100012BC1E3FB3D8483F9F591F3FCA5B483F38
:10692000CBF61F3F65DE473F9393203F8560473F8F
:10693000F92F213F2AE2463FFBCB213F5463463FDC
:106940009967223F03E4453FD302233F3964453F23
:10695000A99D233FF5E3443F1A38243F3763443F62
:1069600025D2243F00E2433FCB6B253F5160433F9C
:106970000A05263F29DE423FE39D263F895B423FD1
:106980005636273F70D8413F61CE273FE154413F03
:106990000566283FDAD0403F41FD283F5C4C403F30
:1069A0001594293F67C73F3F802A2A3FFC413F3F5C
:1069B00082C02A3F1BBC3E3F1B562B3FC5353E3F86
:1069C0004AEB2B3FF9AE3D3F0F802C3FB8273D3FB0
:1069D00069142D3F03A03C3F59A82D3FD9173C3FD8
:1069E000DE3B2E3F3B8F3B3FF7CE2E3F29063B3F02
:1069F000A5612F3FA47C3A3FE6F32F3FACF2393F2D
:106A0000BB85303F4268393F2217313F65DD383F53
:106A10001DA8313F1652383FAA38323F55C6373F7E
:106A2000C9C8323F233A373F7A58333F7FAD363FAC
:106A3000BCE7333F6C20363F8F76343FE792353FDB
:106A4000F304353FF304353FE792353F8F76343F0B
:106A50006C20363FBCE7333F7FAD363F7A58333F3B
:106A6000233A373FC9C8323F55C6373FAA38323F6D
:106A70001652383F1DA8313F65DD383F2217313FA0
:106A80004268393FBB85303FACF2393FE6F32F3FD8
:106A9000A47C3A3FA5612F3F29063B3FF7CE2E3F0E
:106AA0003B8F3B3FDE3B2E3FD9173C3F59A82D3F44
:106AB00003A03C3F69142D3FB8273D3F0F802C3F7A
:106AC000F9AE3D3F4AEB2B3FC5353E3F1B562B3FB2
:106AD0001BBC3E3F82C02A3FFC413F3F802A2A3FE9
:106AE00067C73F3F1594293F5C4C403F41FD283F1D
:106AF000DAD0403F0566283FE154413F61CE273F51
:106B000070D8413F5636273F895B423FE39D263F81
:106B100029DE423F0A05263F5160433FCB6B253FAC
:106B200000E2433F25D2243F3763443F1A38243FD5
:106B3000F5E3443FA99D233F3964453FD302233FFA
:106B400003E4453F9967223F5463463FFBCB213F17
:106B50002AE2463FF92F213F8560473F9393203F2C
:106B600065DE473FCBF61F3FCA5B483F9F591F3F3B
:106B7000B3D8483F12BC1E3F2155493F221E1E3F3D
:106B800012D1493FD17F1D3F874C4A3F1FE11C3F37
:106B90007FC74A3F0C421C3FFA414B3F99A21B3F23
:106BA000F8BB4B3FC6021B3F78354C3F93621A3F00
:106BB00079AE4C3F00C2193FFD264D3F0F21193FD2
:106BC000029F4D3FC07F183F89164E3F12DE173F90
:106BD000908D4E3F073C173F17044F3F9F99163F3C
:106BE0001F7A4F3FD9F6153FA8EF4F3FB753153FD8
:106BF000AF64503F39B0143F37D9503F5F0C143F5A
:106C00003D4D513F2A68133FC2C0513F9AC3123FC6
:106C1000C633523FB01E123F49A6523F6B79113F17
:106C20004918533FCDD3103FC789533FD52D103F4F
:106C3000C3FA533F84870F3F3B6B543FDBE00E3F6B
:106C400031DB543FDA390E3FA44A553F81920D3F64
:106C500093B9553FD0EA0C3FFE27563FC9420C3F3F
:106C6000E595563F6B9A0B3F4803573FB7F10A3FF4
:106C70002670573FAD480A3F7FDC573F4E9F093F84
:106C80005348583F9BF5083FA1B3583F924B083FEC
:106C90006A1E593F36A1073FAD88593F86F6063F29
:106CA0006AF2593F824B063FA05B5A3F2CA0053F3A
:106CB00050C45A3F84F4043F792C5B3F8948043F19
:106CC0001A945B3F3D9C033F34FB5B3F9FEF023FC9
:106CD000C7615C3FB142023FD1C75C3F7395013F42
:106CE000532D5D3FE4E7003F4D925D3F063A003F84
:106CF000BEF65D3FB217FF3EA65A5E3FBBBAFD3EF1
:106D000005BE5E3F275DFC3EDB205F3FF7FEFA3E9F
:106D100027835F3F2DA0F93EE9E45F3FC840F83E7E
:106D20002146603FCBE0F63ECFA6603F3580F53E82
:106D3000F206613F071FF43E8A66613F43BDF23EA3
:106D400098C5613FEA5AF13E1A24623FFBF7EF3ED5
:106D50001082623F7994EE3E7BDF623F6330ED3E0E
:106D60005A3C633FBBCBEB3EAC98633F8166EA3E47
:106D700073F4633FB700E93EAC4F643F5D9AE73E72
:106D800059AA643F7533E63E7904653FFECBE43E85
:106D90000B5E653FFA63E33E10B7653F6AFBE13E79
:106DA000880F663F4F92E03E7167663FA928DF3E3D
:106DB000CCBE663F79BEDD3E9915673FC153DC3ED0
:106DC000D86B673F80E8DA3E87C1673FB97CD93E20
:106DD000A816683F6B10D83E396B683F99A3D63E22
:106DE0003CBF683F4136D53EAE12693F67C8D33ECF
:106DF0009165693F095AD23EE4B7693F2AEBD03E1C
:106E0000A7096A3FCA7BCF3ED95A6A3FEA0BCE3EFA
:106E10007BAB6A3F8B9BCC3E8CFB6A3FAE2ACB3E62
:106E20000C4B6B3F53B9C93EFB996B3F7C47C83E47
:106E300058E86B3F29D5C63E24366C3F5C62C53EA0
:106E40005E836C3F15EFC33E07D06C3F557BC23E5F
:106E50001D1C6D3F1E07C13EA1676D3F6F92BF3E77
:106E600093B26D3F4A1DBE3EF2FC6D3FAFA7BC3EE4
:106E7000BE466E3FA031BB3EF88F6E3F1EBBB93E93
:106E80009ED86E3F2A44B83EB0206F3FC3CCB63E7A
:106E900030686F3FEC54B53E1BAF6F3FA5DCB33E8F
:106EA00073F56F3FEF63B23E373B703FCBEAB03EC6
:106EB0006680703F3A71AF3E02C5703F3CF7AD3E11
:106EC0000809713FD47CAC3E7A4C713F0102AB3E65
:106ED000578F713FC486A93E9FD1713F1F0BA83EBB
:106EE0005213723F128FA63E7054723F9F12A53EFE
:106EF000F894723FC595A33EEBD4723F8718A23E2B
:106F00004714733FE59AA03E0E53733FDF1C9F3E2C
:106F10003F91733F789E9D3ED9CE733FAF1F9C3EFD
:106F2000DD0B743F86A09A3E4B48743FFE20993E8D
:106F30002284743F17A1973E62BF743FD220963ED1
:106F40000BFA743F31A0943E1D34753F351F933EBC
:106F5000976D753FDD9D913E7BA6753F2C1C903E45
:106F6000C6DE753F229A8E3E7A16763FC0178D3E5A
:106F7000974D763F07958B3E1B84763FF8118A3EEE
:106F800007BA763F938E883E5BEF763FDA0A873EFC
:106F90001724773FCE86853E3A58773F7002843E6D
:106FA000C58B773FC07D823EB7BE773FC0F8803E3D
:106FB00010F1773FE1E67E3ED122783FA4DB7B3EB5
:106FC000F853783FCCCF783E8684783F5AC3753EDD
:106FD0007BB4783F51B6723ED6E3783FB2A86F3E9D
:106FE0009812793F7F9A6C3EC040793FBA8B693ED8
:106FF0004E6E793F667C663E439B793F836C633E71
:107000009DC7793F135C603E5EF3793F1A4B5D3E4E
:10701000841E7A3F97395A3E10497A3F8F27573E50
:1070200002737A3F0115543E599C7A3FF101513E5B
:1070300016C57A3F60EE4D3E37ED7A3F4FDA4A3E55
:10704000BE147B3FC2C5473EAB3B7B3FB9B0443E1D
:10705000FC617B3F379B413EB2877B3F3E853E3E96
:10706000CDAC7B3FCF6E3B3E4DD17B3FEC57383EA6
:1070700031F57B3F9840353E7A187C3FD428323E2C
:10708000283B7C3FA2102F3E3A5D7C3F04F82B3E0C
:10709000B07E7C3FFCDE283E8A9F7C3F8CC5253E2F
:1070A000C9BF7C3FB6AB223E6CDF7C3F7B911F3E6D
:1070B00073FE7C3FDE761C3EDD1C7D3FE05B193EAF
:1070C000AC3A7D3F8340163EDE577D3FCA24133ED7
:1070D00074747D3FB708103E6E907D3F4AEC0C3EC5
:1070E000CCAB7D3F86CF093E8CC67D3F6EB2063E5F
:1070F000B1E07D3F0295033E38FA7D3F4577003E83
:1071000024137E3F73B2FA3D722B7E3FC075F43D6F
:1071100023437E3F7638EE3D385A7E3F9AFAE73D6C
:10712000B0707E3F2EBCE13D8B867E3F377DDB3DE0
:10713000C99B7E3FB93DD53D69B07E3FB7FDCE3D91
:107140006DC47E3F36BDC83DD4D77E3F397CC23D3D
:107150009DEA7E3FC33ABC3DC9FC7E3FDAF8B53DAF
:10716000580E7F3F80B6AF3D491F7F3FBA73A93DA0
:107170009D2F7F3F8C30A33D543F7F3FF9EC9C3DDA
:107180006D4E7F3F05A9963DE95C7F3FB464903D1D
:10719000C76A7F3F0A208A3D08787F3F0ADB833D2C
:1071A000AB847F3F742B7B3DB1907F3F38A06E3D19
:1071B000189C7F3F6814623DE3A67F3F0E88553DD3
:1071C0000FB17F3F2FFB483D9EBA7F3FD56D3C3DC1
:1071D0008FC37F3F07E02F3DE2CB7F3FCC51233D64
:1071E00098D37F3F2CC3163DAFDA7F3F2F340A3D43
:1071F00029E17F3FB949FB3C05E77F3F7B2AE23C21
:1072000043EC7F3FB00AC93CE3F07F3F69EAAF3C03
:10721000E6F47F3FB6C9963C4AF87F3F4B517B3C32
:1072200011FB7F3F900E493C39FD7F3F59CB163C07
:10723000C4FE7F3F890FC93BB1FF7F3FC70F493B6A
:107240000000803F00000000B1FF7F3FC70F49BB37
:10725000C4FE7F3F890FC9BB39FD7F3F59CB16BCA8
:1072600011FB7F3F900E49BC4AF87F3F4B517BBCDE
:10727000E6F47F3FB6C996BCE3F07F3F69EAAFBC56
:1072800043EC7F3FB00AC9BC05E77F3F7B2AE2BCE5
:1072900029E17F3FB949FBBCAFDA7F3F2F340ABDFC
:1072A00098D37F3F2CC316BDE2CB7F3FCC5123BD8B
:1072B0008FC37F3F07E02FBD9EBA7F3FD56D3CBD9A
:1072C0000FB17F3F2FFB48BDE3A67F3F0E8855BD22
:1072D000189C7F3F681462BDB1907F3F38A06EBD9F
:1072E000AB847F3F742B7BBD08787F3F0ADB83BD77
:1072F000C76A7F3F0A208ABDE95C7F3FB46490BDC6
:107300006D4E7F3F05A996BD543F7F3FF9EC9CBD74
:107310009D2F7F3F8C30A3BD491F7F3FBA73A9BD0E
:10732000580E7F3F80B6AFBDC9FC7E3FDAF8B5BDD1
:107330009DEA7E3FC33ABCBDD4D77E3F397CC2BDF7
:107340006DC47E3F36BDC8BD69B07E3FB7FDCEBDC2
:10735000C99B7E3FB93DD5BD8B867E3F377DDBBD6A
:10736000B0707E3F2EBCE1BD385A7E3F9AFAE7BD31
:1073700023437E3F7638EEBD722B7E3FC075F4BD51
:1073800024137E3F73B2FABD38FA7D3F457700BEC5
:10739000B1E07D3F029503BE8CC67D3F6EB206BE56
:1073A000CCAB7D3F86CF09BE6E907D3F4AEC0CBED4
:1073B00074747D3FB70810BEDE577D3FCA2413BEEC
:1073C000AC3A7D3F834016BEDD1C7D3FE05B19BEBD
:1073D00073FE7C3FDE761CBE6CDF7C3F7B911FBE64
:1073E000C9BF7C3FB6AB22BE8A9F7C3F8CC525BE01
:1073F000B07E7C3FFCDE28BE3A5D7C3F04F82BBEAD
:10740000283B7C3FA2102FBE7A187C3FD42832BE86
:1074100031F57B3F984035BE4DD17B3FEC5738BEB0
:10742000CDAC7B3FCF6E3BBEB2877B3F3E853EBE41
:10743000FC617B3F379B41BEAB3B7B3FB9B044BE59
:10744000BE147B3FC2C547BE37ED7A3F4FDA4ABE16
:1074500016C57A3F60EE4DBE599C7A3FF10151BE90
:1074600002737A3F011554BE10497A3F8F2757BEE9
:10747000841E7A3F97395ABE5EF3793F1A4B5DBE40
:107480009DC7793F135C60BE439B793F836C63BEAD
:107490004E6E793F667C66BEC040793FBA8B69BE4E
:1074A0009812793F7F9A6CBED6E3783FB2A86FBE40
:1074B0007BB4783F51B672BE8684783F5AC375BE9E
:1074C000F853783FCCCF78BED122783FA4DB7BBE87
:1074D00010F1773FE1E67EBEB7BE773FC0F880BED1
:1074E000C58B773FC07D82BE3A58773F700284BE1D
:1074F0001724773FCE8685BE5BEF763FDA0A87BEDC
:1075000007BA763F938E88BE1B84763FF8118ABEF9
:10751000974D763F07958BBE7A16763FC0178DBE86
:10752000C6DE753F229A8EBE7BA6753F2C1C90BE90
:10753000976D753FDD9D91BE1D34753F351F93BE20
:107540000BFA743F31A094BE62BF743FD22096BE46
:107550002284743F17A197BE4B48743FFE2099BE0A
:10756000DD0B743F86A09ABED9CE733FAF1F9CBE81
:107570003F91733F789E9DBE0E53733FDF1C9FBEAD
:107580004714733FE59AA0BEEBD4723F8718A2BEA2
:10759000F894723FC595A3BE7054723F9F12A5BE6A
:1075A0005213723F128FA6BE9FD1713F1F0BA8BE10
:1075B000578F713FC486A9BE7A4C713F0102ABBEA2
:1075C0000809713FD47CACBE02C5703F3CF7ADBE2C
:1075D0006680703F3A71AFBE373B703FCBEAB0BEBA
:1075E00073F56F3FEF63B2BE1BAF6F3FA5DCB3BE59
:1075F00030686F3FEC54B5BEB0206F3FC3CCB6BE11
:107600009ED86E3F2A44B8BEF88F6E3F1EBBB9BEEF
:10761000BE466E3FA031BBBEF2FC6D3FAFA7BCBE05
:1076200093B26D3F4A1DBEBEA1676D3F6F92BFBE54
:107630001D1C6D3F1E07C1BE07D06C3F557BC2BEEF
:107640005E836C3F15EFC3BE24366C3F5C62C5BEE3
:1076500058E86B3F29D5C6BEFB996B3F7C47C8BE37
:107660000C4B6B3F53B9C9BE8CFB6A3FAE2ACBBEF5
:107670007BAB6A3F8B9BCCBED95A6A3FEA0BCEBE2E
:10768000A7096A3FCA7BCFBEE4B7693F2AEBD0BEE9
:107690009165693F095AD2BEAE12693F67C8D3BE31
:1076A0003CBF683F4136D5BE396B683F99A3D6BE13
:1076B000A816683F6B10D8BE87C1673FB97CD9BE9A
:1076C000D86B673F80E8DABE9915673FC153DCBECF
:1076D000CCBE663F79BEDDBE7167663FA928DFBEBE
:1076E000880F663F4F92E0BE10B7653F6AFBE1BE70
:1076F0000B5E653FFA63E3BE7904653FFECBE4BEF3
:1077000059AA643F7533E6BEAC4F643F5D9AE7BE4D
:1077100073F4633FB700E9BEAC98633F8166EABE8D
:107720005A3C633FBBCBEBBE7BDF623F6330EDBEB9
:107730001082623F7994EEBE1A24623FFBF7EFBEDF
:1077400098C5613FEA5AF1BE8A66613F43BDF2BE09
:10775000F206613F071FF4BECFA6603F3580F5BE3D
:107760002146603FCBE0F6BEE9E45F3FC840F8BE8B
:1077700027835F3F2DA0F9BEDB205F3FF7FEFABEF7
:1077800005BE5E3F275DFCBEA65A5E3FBBBAFDBE8E
:10779000BEF65D3FB217FFBE4D925D3F063A00BF99
:1077A000532D5D3FE4E700BFD1C75C3F739501BF38
:1077B000C7615C3FB14202BF34FB5B3F9FEF02BF3A
:1077C0001A945B3F3D9C03BF792C5B3F894804BF03
:1077D00050C45A3F84F404BFA05B5A3F2CA005BF9D
:1077E0006AF2593F824B06BFAD88593F86F606BF05
:1077F0006A1E593F36A107BFA1B3583F924B08BF3D
:107800005348583F9BF508BF7FDC573F4E9F09BF49
:107810002670573FAD480ABF4803573FB7F10ABF2C
:10782000E595563F6B9A0BBFFE27563FC9420CBFEA
:1078300093B9553FD0EA0CBFA44A553F81920DBF82
:1078400031DB543FDA390EBF3B6B543FDBE00EBFF8
:10785000C3FA533F84870FBFC789533FD52D10BF4D
:107860004918533FCDD310BF49A6523F6B7911BF82
:10787000C633523FB01E12BFC2C0513F9AC312BF9F
:107880003D4D513F2A6813BF37D9503F5F0C14BF9D
:10789000AF64503F39B014BFA8EF4F3FB75315BF87
:1078A0001F7A4F3FD9F615BF17044F3F9F9916BF58
:1078B000908D4E3F073C17BF89164E3F12DE17BF13
:1078C000029F4D3FC07F18BFFD264D3F0F2119BFBE
:1078D00079AE4C3F00C219BF78354C3F93621ABF56
:1078E000F8BB4B3FC6021BBFFA414B3F99A21BBFDF
:1078F0007FC74A3F0C421CBF874C4A3F1FE11CBF59
:1079000012D1493FD17F1DBF2155493F221E1EBFC5
:10791000B3D8483F12BC1EBFCA5B483F9F591FBF28
:1079200065DE473FCBF61FBF8560473F939320BF7F
:107930002AE2463FF92F21BF5463463FFBCB21BFCC
:1079400003E4453F996722BF3964453FD30223BF13
:10795000F5E3443FA99D23BF3763443F1A3824BF52
:1079600000E2433F25D224BF5160433FCB6B25BF8C
:1079700029DE423F0A0526BF895B423FE39D26BFC1
:1079800070D8413F563627BFE154413F61CE27BFF3
:10799000DAD0403F056628BF5C4C403F41FD28BF20
:1079A00067C73F3F159429BFFC413F3F802A2ABF4C
:1079B0001BBC3E3F82C02ABFC5353E3F1B562BBF76
:1079C000F9AE3D3F4AEB2BBFB8273D3F0F802CBFA0
:1079D00003A03C3F69142DBFD9173C3F59A82DBFC8
:1079E0003B8F3B3FDE3B2EBF29063B3FF7CE2EBFF2
:1079F000A47C3A3FA5612FBFACF2393FE6F32FBF1D
:107A00004268393FBB8530BF65DD383F221731BF43
:107A10001652383F1DA831BF55C6373FAA3832BF6E
:107A2000233A373FC9C832BF7FAD363F7A5833BF9C
:107A30006C20363FBCE733BFE792353F8F7634BFCB
:107A4000F304353FF30435BF8F76343FE79235BFFB
:107A5000BCE7333F6C2036BF7A58333F7FAD36BF2B
:107A6000C9C8323F233A37BFAA38323F55C637BF5D
:107A70001DA8313F165238BF2217313F65DD38BF90
:107A8000BB85303F426839BFE6F32F3FACF239BFC8
:107A9000A5612F3FA47C3ABFF7CE2E3F29063BBFFE
:107AA000DE3B2E3F3B8F3BBF59A82D3FD9173CBF34
:107AB00069142D3F03A03CBF0F802C3FB8273DBF6A
:107AC0004AEB2B3FF9AE3DBF1B562B3FC5353EBFA2
:107AD00082C02A3F1BBC3EBF802A2A3FFC413FBFD9
:107AE0001594293F67C73FBF41FD283F5C4C40BF0D
:107AF0000566283FDAD040BF61CE273FE15441BF41
:107B00005636273F70D841BFE39D263F895B42BF71
:107B10000A05263F29DE42BFCB6B253F516043BF9C
:107B200025D2243F00E243BF1A38243F376344BFC5
:107B3000A99D233FF5E344BFD302233F396445BFEA
:107B40009967223F03E445BFFBCB213F546346BF07
:107B5000F92F213F2AE246BF9393203F856047BF1C
:107B6000CBF61F3F65DE47BF9F591F3FCA5B48BF2B
:107B700012BC1E3FB3D848BF221E1E3F215549BF2D
:107B8000D17F1D3F12D149BF1FE11C3F874C4ABF27
:107B90000C421C3F7FC74ABF99A21B3FFA414BBF13
:107BA000C6021B3FF8BB4BBF93621A3F78354CBFF0
:107BB00000C2193F79AE4CBF0F21193FFD264DBFC2
:107BC000C07F183F029F4DBF12DE173F89164EBF80
:107BD000073C173F908D4EBF9F99163F17044FBF2C
:107BE000D9F6153F1F7A4FBFB753153FA8EF4FBFC8
:107BF00039B0143FAF6450BF5F0C143F37D950BF4A
:107C00002A68133F3D4D51BF9AC3123FC2C051BFB6
:107C1000B01E123FC63352BF6B79113F49A652BF07
:107C2000CDD3103F491853BFD52D103FC78953BF3F
:107C300084870F3FC3FA53BFDBE00E3F3B6B54BF5B
:107C4000DA390E3F31DB54BF81920D3FA44A55BF54
:107C5000D0EA0C3F93B955BFC9420C3FFE2756BF2F
:107C60006B9A0B3FE59556BFB7F10A3F480357BFE4
:107C7000AD480A3F267057BF4E9F093F7FDC57BF74
:107C80009BF5083F534858BF924B083FA1B358BFDC
:107C900036A1073F6A1E59BF86F6063FAD8859BF19
:107CA000824B063F6AF259BF2CA0053FA05B5ABF2A
:107CB00084F4043F50C45ABF8948043F792C5BBF09
:107CC0003D9C033F1A945BBF9FEF023F34FB5BBFB9
:107CD000B142023FC7615CBF7395013FD1C75CBF32
:107CE000E4E7003F532D5DBF063A003F4D925DBF74
:107CF000B217FF3EBEF65DBFBBBAFD3EA65A5EBFE1
:107D0000275DFC3E05BE5EBFF7FEFA3EDB205FBF8F
:107D10002DA0F93E27835FBFC840F83EE9E45FBF6E
:107D2000CBE0F63E214660BF3580F53ECFA660BF72
:107D3000071FF43EF20661BF43BDF23E8A6661BF93
:107D4000EA5AF13E98C561BFFBF7EF3E1A2462BFC5
:107D50007994EE3E108262BF6330ED3E7BDF62BFFE
:107D6000BBCBEB3E5A3C63BF8166EA3EAC9863BF37
:107D7000B700E93E73F463BF5D9AE73EAC4F64BF62
:107D80007533E63E59AA64BFFECBE43E790465BF75
:107D9000FA63E33E0B5E65BF6AFBE13E10B765BF69
:107DA0004F92E03E880F66BFA928DF3E716766BF2D
:107DB00079BEDD3ECCBE66BFC153DC3E991567BFC0
:107DC00080E8DA3ED86B67BFB97CD93E87C167BF10
:107DD0006B10D83EA81668BF99A3D63E396B68BF12
:107DE0004136D53E3CBF68BF67C8D33EAE1269BFBF
:107DF000095AD23E916569BF2AEBD03EE4B769BF0C
:107E0000CA7BCF3EA7096ABFEA0BCE3ED95A6ABFEA
:107E10008B9BCC3E7BAB6ABFAE2ACB3E8CFB6ABF52
:107E200053B9C93E0C4B6BBF7C47C83EFB996BBF37
:107E300029D5C63E58E86BBF5C62C53E24366CBF90
:107E400015EFC33E5E836CBF557BC23E07D06CBF4F
:107E50001E07C13E1D1C6DBF6F92BF3EA1676DBF67
:107E60004A1DBE3E93B26DBFAFA7BC3EF2FC6DBFD4
:107E7000A031BB3EBE466EBF1EBBB93EF88F6EBF83
:107E80002A44B83E9ED86EBFC3CCB63EB0206FBF6A
:107E9000EC54B53E30686FBFA5DCB33E1BAF6FBF7F
:107EA000EF63B23E73F56FBFCBEAB03E373B70BFB6
:107EB0003A71AF3E668070BF3CF7AD3E02C570BF01
:107EC000D47CAC3E080971BF0102AB3E7A4C71BF55
:107ED000C486A93E578F71BF1F0BA83E9FD171BFAB
:107EE000128FA63E521372BF9F12A53E705472BFEE
:107EF000C595A33EF89472BF8718A23EEBD472BF1B
:107F0000E59AA03E471473BFDF1C9F3E0E5373BF1C
:107F1000789E9D3E3F9173BFAF1F9C3ED9CE73BFED
:107F200086A09A3EDD0B74BFFE20993E4B4874BF7D
:107F300017A1973E228474BFD220963E62BF74BFC1
:107F400031A0943E0BFA74BF351F933E1D3475BFAC
:107F5000DD9D913E976D75BF2C1C903E7BA675BF35
:107F6000229A8E3EC6DE75BFC0178D3E7A1676BF4A
:107F700007958B3E974D76BFF8118A3E1B8476BFDE
:107F8000938E883E07BA76BFDA0A873E5BEF76BFEC
:107F9000CE86853E172477BF7002843E3A5877BF5D
:107FA000C07D823EC58B77BFC0F8803EB7BE77BF2D
:107FB000E1E67E3E10F177BFA4DB7B3ED12278BFA5
:107FC000CCCF783EF85378BF5AC3753E868478BFCD
:107FD00051B6723E7BB478BFB2A86F3ED6E378BF8D
:107FE0007F9A6C3E981279BFBA8B693EC04079BFC8
:107FF000667C663E4E6E79BF836C633E439B79BF61
:10800000135C603E9DC779BF1A4B5D3E5EF379BF3E
:1080100097395A3E841E7ABF8F27573E10497ABF40
:108020000115543E02737ABFF101513E599C7ABF4B
:1080300060EE4D3E16C57ABF4FDA4A3E37ED7ABF45
:10804000C2C5473EBE147BBFB9B0443EAB3B7BBF0D
:10805000379B413EFC617BBF3E853E3EB2877BBF86
:10806000CF6E3B3ECDAC7BBFEC57383E4DD17BBF96
:108070009840353E31F57BBFD428323E7A187CBF1C
:10808000A2102F3E283B7CBF04F82B3E3A5D7CBFFC
:10809000FCDE283EB07E7CBF8CC5253E8A9F7CBF1F
:1080A000B6AB223EC9BF7CBF7B911F3E6CDF7CBF5D
:1080B000DE761C3E73FE7CBFE05B193EDD1C7DBF9F
:1080C0008340163EAC3A7DBFCA24133EDE577DBFC7
:1080D000B708103E74747DBF4AEC0C3E6E907DBFB5
:1080E00086CF093ECCAB7DBF6EB2063E8CC67DBF4F
:1080F0000295033EB1E07DBF4577003E38FA7DBF73
:1081000073B2FA3D24137EBFC075F43D722B7EBF5F
:108110007638EE3D23437EBF9AFAE73D385A7EBF5C
:108120002EBCE13DB0707EBF377DDB3D8B867EBFD0
:10813000B93DD53DC99B7EBFB7FDCE3D69B07EBF81
:1081400036BDC83D6DC47EBF397CC23DD4D77EBF2D
:10815000C33ABC3D9DEA7EBFDAF8B53DC9FC7EBF9F
:1081600080B6AF3D580E7FBFBA73A93D491F7FBF90
:108170008C30A33D9D2F7FBFF9EC9C3D543F7FBFCA
:1081800005A9963D6D4E7FBFB464903DE95C7FBF0D
:108190000A208A3DC76A7FBF0ADB833D08787FBF1C
:1081A000742B7B3DAB847FBF38A06E3DB1907FBF09
:1081B0006814623D189C7FBF0E88553DE3A67FBFC3
:1081C0002FFB483D0FB17FBFD56D3C3D9EBA7FBFB1
:1081D00007E02F3D8FC37FBFCC51233DE2CB7FBF54
:1081E0002CC3163D98D37FBF2F340A3DAFDA7FBF33
:1081F000B949FB3C29E17FBF7B2AE23C05E77FBF11
:10820000B00AC93C43EC7FBF69EAAF3CE3F07FBFF3
:10821000B6C9963CE6F47FBF4B517B3C4AF87FBF22
:10822000900E493C11FB7FBF59CB163C39FD7FBFF7
:10823000890FC93BC4FE7FBFC70F493BB1FF7FBF5A
:1082400008000010100000021800001220000004B6
:108250002800001430000006380000164000000816
:10826000480000185000000A5800001A6000000C76
:108270006800001C7000000E7800001E80000008DE
:10828000880040109000400298004012A000400476
:10829000A8004014B0004006B8004016C0004008D6
:1082A000C8004018D000400AD800401AE000400C36
:1082B000E800401CF000400EF800401E00010008DD
:1082C0000801801010018002180180122001800432
:1082D0002801801430018006380180164001800892
:1082E000480180185001800A5801801A6001800CF2
:1082F0006801801C7001800E7801801E800140089A
:108300008801C0109001C0029801C012A001C004F1
:10831000A801C014B001C006B801C016C001C00851
:10832000C801C018D001C00AD801C01AE001C00CB1
:10833000E801C01CF001C00EF801C01E00020008D8
:1083400008020011100200031802001320020005A9
:108350002802001530020007380200174002000909
:10836000480200195002000B5802001B6002000D69
:108370006802001D7002000F7802001F8002800852
:10838000880240119002400398024013A002400569
:10839000A8024015B0024007B8024017C0024009C9
:1083A000C8024019D002400BD802401BE002400D29
:1083B000E802401DF002400FF802401F0003400891
:1083C0000803801110038003180380132003800525
:1083D0002803801530038007380380174003800985
:1083E000480380195003800B5803801B6003800DE5
:1083F0006803801D7003800F7803801F8003C0080E
:108400008803C0119003C0039803C013A003C005E4
:10841000A803C015B003C007B803C017C003C00944
:10842000C803C019D003C00BD803C01BE003C00DA4
:10843000E803C01DF003C00FF803C01F00040010C4
:108440000804081010040011180408122004081071
:1084500028040814300408063804081640040808E4
:10846000480408185004080A5804081A6004080C44
:108470006804081C7004080E7804081E80040018A4
:10848000880448109004001998044812A0040818A1
:10849000A8044814B0044806B8044816C0044808A4
:1084A000C8044818D004480AD804481AE004480C04
:1084B000E804481CF004480EF804481E000540106B
:1084C000080588101005401118058812200548106D
:1084D0002805881430058806380588164005880860
:1084E000480588185005880A5805881A6005880CC0
:1084F0006805881C7005880E7805881E8005401860
:108500008805C810900540199805C812A00548189C
:10851000A805C814B005C806B805C816C005C8081F
:10852000C805C818D005C80AD805C81AE005C80C7F
:10853000E805C81CF005C80EF805C81E0006801026
:108540000806081110068011180608132006881066
:1085500028060815300608073806081740060809D7
:10856000480608195006080B5806081B6006080D37
:108570006806081D7006080F7806081F8006801818
:10858000880648119006801998064813A006881896
:10859000A8064815B0064807B8064817C006480997
:1085A000C8064819D006480BD806481BE006480DF7
:1085B000E806481DF006480FF806481F0007C010DF
:1085C000080788111007C011180788132007C81062
:1085D0002807881530078807380788174007880953
:1085E000480788195007880B5807881B6007880DB3
:1085F0006807881D7007880F7807881F8007C018D4
:108600008807C8119007C0199807C813A007C81891
:10861000A807C815B007C807B807C817C007C80912
:10862000C807C819D007C80BD807C81BE007C80D72
:10863000E807C81DF007C80FF807C81F0808101082
:1086400010084008180810122008001128081014FB
:108650003008801138081016480810185008100A01
:108660005808101A6008100C6808101C7008100ECA
:108670007808101E8008000A880850109008000B27
:1086800098085012A008080AA8085014B008080B4F
:10869000B8085016C008100AC8085018D008500A68
:1086A000D808501AE008500CE808501CF008500E8A
:1086B000F808501E08099010100980091809901236
:1086C00020090019280990143009801938099016DA
:1086D0004009000B480990185009900A5809901A4F
:1086E0006009900C6809901C7009900E7809901E22
:1086F0008009400A8809D0109009400B9809D012CF
:10870000A009480AA809D014B009480BB809D01626
:10871000C009500AC809D018D009D00AD809D01AFF
:10872000E009D00CE809D01CF009D00EF809D01EE1
:10873000080A1011180A1013200A4011280A1015EF
:10874000300AC011380A1017480A1019500A100BC5
:10875000580A101B600A100D680A101D700A100FCD
:10876000780A101F880A5011900A800B980A50133B
:10877000A00A5011A80A5015B00A880BB80A501761
:10878000C00A800BC80A5019D00A500BD80A501BD7
:10879000E00A500DE80A501DF00A500FF80A501F69
:1087A000080B9011180B9013200B4019280B9015F3
:1087B000300BC019380B9017480B9019500B900BC9
:1087C000580B901B600B900D680B901D700B900F59
:1087D000780B901F880BD011900BC00B980BD01307
:1087E000A00B5019A80BD015B00BC80BB80BD017A5
:1087F000C80BD019D80BD01BE00BD00DE80BD01D47
:10880000F00BD00FF80BD01F000C0012080C181042
:10881000100C0013180C1812200C0812280C181435
:10882000300C0813380C1816400C1012480C18188D
:10883000500C1013580C181A600C1812680C181CE5
:10884000700C180E780C181E800C001A880C58102A
:10885000900C001B980C5812A00C081AA80C581465
:10886000B00C081BB80C5816C00C101AC80C5818BD
:10887000D00C101BD80C581AE00C181AE80C581C15
:10888000F00C580EF80C581E000D4012080D9810F0
:10889000100D4013180D9812200D4812280D981431
:1088A000300D4813380D9816400D5012480D981889
:1088B000500D5013580D981A600D5812680D981CE1
:1088C000700D980E780D981E800D401A880DD810E6
:1088D000900D401B980DD812A00D481AA80DD81461
:1088E000B00D481BB80DD816C00D501AC80DD818B9
:1088F000D00D501BD80DD81AE00D581AE80DD81C11
:10890000F00DD80EF80DD81E000E8012080E1811AA
:10891000100E8013180E1813200E8812280E18152A
:10892000300E8813380E1817400E9012480E181982
:10893000500E9013580E181B600E9812680E181DDA
:10894000700E180F780E181F800E801A880E58119E
:10895000900E801B980E5813A00E881AA80E58155A
:10896000B00E881BB80E5817C00E901AC80E5819B2
:10897000D00E901BD80E581BE00E981AE80E581D0A
:10898000F00E580FF80E581F000FC012080F981164
:10899000100FC013180F9813200FC812280F981526
:1089A000300FC813380F9817400FD012480F98197E
:1089B000500FD013580F981B600FD812680F981DD6
:1089C000700F980F780F981F800FC01A880FD8115A
:1089D000900FC01B980FD813A00FC81AA80FD81556
:1089E000B00FC81BB80FD817C00FD01AC80FD819AE
:1089F000D00FD01BD80FD81BE00FD81AE80FD81D06
:108A0000F00FD81BF80FD81F0810201010104010BE
:108A1000181020122810201430108810381020163A
:108A20004010001148102018501040115810201A02
:108A3000601008126810201C701088127810201E18
:108A400080100012881008129010401298106012C6
:108A5000A0102012A8106014B0106012B810601698
:108A6000C0100013C8106018D0104013D810601A3E
:108A7000E0101812E810601CF0109812F810601E38
:108A800008112012101140111811A01220110818FD
:108A90002811A014301188183811A0164811A018F8
:108AA0005811A01A6011081A6811A01C7011881AB8
:108AB0007811A01E801110128811181290115012F6
:108AC0009811E012A0111818A811E014B01198180C
:108AD000B811E016C0111013C811E018D0115013CE
:108AE000D811E01AE011181AE811E01CF011981AD8
:108AF000F811E01E00120018081208181012401891
:108B00001812201320122018281220153012601875
:108B1000381220174012001948122019501240191B
:108B20005812201B601220196812201D7012C812E2
:108B30007812201F8012001A8812081A9012401A08
:108B400098126013A012201AA8126015B012601AB1
:108B5000B8126017C012001BC8126019D012401B57
:108B6000D812601BE012201BE812601DF012601B7F
:108B7000F812601F0013101808131818101350185B
:108B80001813A013201348182813A0153013C81861
:108B90003813A017401310194813A0195013501977
:108BA0005813A01B6013481A6813A01D7013C81A2D
:108BB0007813A01F8013101A8813181A9013501AD4
:108BC0009813E013A0135818A813E015B013D81881
:108BD000B813E017C013101BC813E019D013501BB3
:108BE000D813E01BE013581AE813E01DF013D81A4D
:108BF000F813E01F08142014101400151814201581
:108C00003014081538142816401400154814281874
:108C1000501410155814281A601420156814281CB4
:108C2000701418157814281E8014001C8814201C39
:108C30009014001D9814201DA014081CA814281CB2
:108C4000B014081DB8146816C014101CC814681895
:108C5000D014101DD814681AE014181CE814681CED
:108C6000F014181DF814681E08152015101540156D
:108C700018156015201528182815281C30154815BA
:108C80003815A8164815A8185815A81A6015281AD6
:108C90006815A81C7015A81A7815A81E8015401C08
:108CA0008815601C9015401D9815601DA015481C66
:108CB000A815681CB015481DB815E816C015501C3D
:108CC000C815E818D015501DD815E81AE015581C1D
:108CD000E815E81CF015581DF815E81E0016001CD4
:108CE0000816081C1016401C1816481C2016201CBC
:108CF0002816281C3016601C381628174016001D30
:108D0000481628195016401D5816281B6016201D9D
:108D10006816281D7016601D7816281F8016801C86
:108D20008816A01C9016801D9816A01DA016881CE1
:108D3000A816A81CB016881DB8166817C016901C77
:108D4000C8166819D016901DD816681BE016981C16
:108D5000E816681DF016981DF816681F0017101CFD
:108D60000817181C1017501C1817581C20176818C3
:108D70002817681C3017E8183817A8174017101D57
:108D80004817A8195017501D5817A81B6017681AC4
:108D90006817A81D7017E81A7817A81F8017C01C3D
:108DA0008817E01C9017C01D9817E01DA017C81C5D
:108DB000A817E81CB017C81DB817E817C017D01CB3
:108DC000C817E819D017D01DD817E81BE017D81C12
:108DD000E817E81DF017D81DF817E81F18186018D5
:108DE000301848183818601C5818301A6818301C89
:108DF0007018181A7818301E8018001A8818081A67
:108E00009018001B98186019A018201AA818281A82
:108E1000B018201BB818601DC018101AC818181AEE
:108E2000D018101BD818701AE018301AE818701CE7
:108E3000F018581AF818701E081920191819601A15
:108E40002819081D301988193819881D4819201B40
:108E50005819B01A6019081B6819B01C7019881BC2
:108E60007819B01E8019401A8819481A9019401BA9
:108E70009819601BA019601AA819181DB019601B59
:108E8000B819981DC019501AC819581AD019501B72
:108E9000D819F01AE019181BE819F01CF019981BE2
:108EA000F819F01E381A701C581A301B681A301D39
:108EB000701A181B781A301F901AC01A981AC81AFC
:108EC000B01AE01AB81AE81AC01A801BC81A881B10
:108ED000D01AC01BD81A701BE01AA01BE81A701D0C
:108EE000F01AE01BF81A701F281B481D381BC81DFC
:108EF000481B601B581BB01B681BB01D701BC81B98
:108F0000781BB01F901BC01B981BC81BA81B581DAB
:108F1000B01BE01BB81BD81DD81BF01BE81BF01DB5
:108F2000F81BF01F081C201C181C301C381C681C67
:108F3000481C601C581C701C781C381E801C001EAD
:108F4000881C201E901C001F981C201FA01C081E9F
:108F5000A81C281EB01C081FB81C281FC01C101EEF
:108F6000C81C301ED01C101FD81C301FE01C181E3F
:108F7000E81C381EF01C181FF81C781E081D201D48
:108F8000181D301D381DA81D481D601D581D701D61
:108F9000681D281F781DB81E801D401E881D601E7C
:108FA000901D401F981D601FA01D481EA81D681E13
:108FB000B01D481FB81D681FC01D501EC81D701E63
:108FC000D01D501FD81D701FE01D581EE81D781EB3
:108FD000F01D581FF81DF81E081E201E181E301EFA
:108FE000481E601E581E701E781E381F881EA01E48
:108FF000901E801F981EA01FB01E881FB81EA81F9D
:10900000C01E801FC81E881FD01E901FD81EB01FF4
:10901000E01EA01FE81EA81FF01E981FF81E781F54
:10902000081F201F181F301F481F601F581F701F68
:10903000781FB81F881FA01F901FC01F981FE01F18
:10904000B01FC81FB81FE81FC81FE01FD81FF01FA0
:109050000000803F00000000C4FE7F3F890FC93B35
:1090600011FB7F3F900E493CE6F47F3FB6C9963C2A
:1090700043EC7F3FB00AC93C29E17F3FB949FB3C43
:1090800098D37F3F2CC3163D8FC37F3F07E02F3D12
:109090000FB17F3F2FFB483D189C7F3F6814623D16
:1090A000AB847F3F742B7B3DC76A7F3F0A208A3D9C
:1090B0006D4E7F3F05A9963D9D2F7F3F8C30A33D90
:1090C000580E7F3F80B6AF3D9DEA7E3FC33ABC3D20
:1090D0006DC47E3F36BDC83DC99B7E3FB93DD53D81
:1090E000B0707E3F2EBCE13D23437E3F7638EE3D9F
:1090F00024137E3F73B2FA3DB1E07D3F0295033EFB
:10910000CCAB7D3F86CF093E74747D3FB708103EDF
:10911000AC3A7D3F8340163E73FE7C3FDE761C3EBC
:10912000C9BF7C3FB6AB223EB07E7C3FFCDE283E12
:10913000283B7C3FA2102F3E31F57B3F9840353EC7
:10914000CDAC7B3FCF6E3B3EFC617B3F379B413ECE
:10915000BE147B3FC2C5473E16C57A3F60EE4D3E0A
:1091600002737A3F0115543E841E7A3F97395A3E66
:109170009DC7793F135C603E4E6E793F667C663ECC
:109180009812793F7F9A6C3E7BB4783F51B6723E1D
:10919000F853783FCCCF783E10F1773FE1E67E3E42
:1091A000C58B773FC07D823E1724773FCE86853EB4
:1091B00007BA763F938E883E974D763F07958B3E54
:1091C000C6DE753F229A8E3E976D753FDD9D913EBE
:1091D0000BFA743F31A0943E2284743F17A1973E4E
:1091E000DD0B743F86A09A3E3F91733F789E9D3E73
:1091F0004714733FE59AA03EF894723FC595A33E8D
:109200005213723F128FA63E578F713FC486A93EFC
:109210000809713FD47CAC3E6680703F3A71AF3E26
:1092200073F56F3FEF63B23E30686F3FEC54B53E6D
:109230009ED86E3F2A44B83EBE466E3FA031BB3E2C
:1092400093B26D3F4A1DBE3E1D1C6D3F1E07C13EC1
:109250005E836C3F15EFC33E58E86B3F29D5C63E91
:109260000C4B6B3F53B9C93E7BAB6A3F8B9BCC3EEB
:10927000A7096A3FCA7BCF3E9165693F095AD23E32
:109280003CBF683F4136D53EA816683F6B10D83EBC
:10929000D86B673F80E8DA3ECCBE663F79BEDD3EE4
:1092A000880F663F4F92E03E0B5E653FFA63E33EF8
:1092B00059AA643F7533E63E73F4633FB700E93E55
:1092C0005A3C633FBBCBEB3E1082623F7994EE3E4B
:1092D00098C5613FEA5AF13EF206613F071FF43E2E
:1092E0002146603FCBE0F63E27835F3F2DA0F93E4D
:1092F00005BE5E3F275DFC3EBEF65D3FB217FF3EFA
:10930000532D5D3FE4E7003FC7615C3FB142023F40
:109310001A945B3F3D9C033F50C45A3F84F4043F82
:109320006AF2593F824B063F6A1E593F36A1073FFA
:109330005348583F9BF5083F2670573FAD480A3FBA
:10934000E595563F6B9A0B3F93B9553FD0EA0C3FDA
:1093500031DB543FDA390E3FC3FA533F84870F3F66
:109360004918533FCDD3103FC633523FB01E123F72
:109370003D4D513F2A68133FAF64503F39B0143F11
:109380001F7A4F3FD9F6153F908D4E3F073C173F50
:10939000029F4D3FC07F183F79AE4C3F00C2193F3E
:1093A000F8BB4B3FC6021B3F7FC74A3F0C421C3FE6
:1093B00012D1493FD17F1D3FB3D8483F12BC1E3F59
:1093C00065DE473FCBF61F3F2AE2463FF92F213F9C
:1093D00003E4453F9967223FF5E3443FA99D233FBE
:1093E00000E2433F25D2243F29DE423F0A05263FC3
:1093F00070D8413F5636273FDAD0403F0566283FB8
:1094000067C73F3F1594293F1BBC3E3F82C02A3FA0
:10941000F9AE3D3F4AEB2B3F03A03C3F69142D3F83
:109420003B8F3B3FDE3B2E3FA47C3A3FA5612F3F65
:109430004268393FBB85303F1652383F1DA8313F47
:10944000233A373FC9C8323F6C20363FBCE7333F31
:10945000F304353FF304353FBCE7333F6C20363F20
:10946000C9C8323F233A373F1DA8313F1652383F13
:10947000BB85303F4268393FA5612F3FA47C3A3F0E
:10948000DE3B2E3F3B8F3B3F69142D3F03A03C3F0B
:109490004AEB2B3FF9AE3D3F82C02A3F1BBC3E3F0B
:1094A0001594293F67C73F3F0566283FDAD0403F04
:1094B0005636273F70D8413F0A05263F29DE423FF6
:1094C00025D2243F00E2433FA99D233FF5E3443FDB
:1094D0009967223F03E4453FF92F213F2AE2463FA7
:1094E000CBF61F3F65DE473F12BC1E3FB3D8483F57
:1094F000D17F1D3F12D1493F0C421C3F7FC74A3FDD
:10950000C6021B3FF8BB4B3F00C2193F79AE4C3F30
:10951000C07F183F029F4D3F073C173F908D4E3F45
:10952000D9F6153F1F7A4F3F39B0143FAF64503F13
:109530002A68133F3D4D513FB01E123FC633523F84
:10954000CDD3103F4918533F84870F3FC3FA533F91
:10955000DA390E3F31DB543FD0EA0C3F93B9553F27
:109560006B9A0B3FE595563FAD480A3F2670573F33
:109570009BF5083F5348583F36A1073F6A1E593FA5
:10958000824B063F6AF2593F84F4043F50C45A3F6D
:109590003D9C033F1A945B3FB142023FC7615C3F71
:1095A000E4E7003F532D5D3FB217FF3EBEF65D3F3F
:1095B000275DFC3E05BE5E3F2DA0F93E27835F3F41
:1095C000CBE0F63E2146603F071FF43EF206613FC6
:1095D000EA5AF13E98C5613F7994EE3E1082623FAF
:1095E000BBCBEB3E5A3C633FB700E93E73F4633FAD
:1095F0007533E63E59AA643FFA63E33E0B5E653F6E
:109600004F92E03E880F663F79BEDD3ECCBE663F9E
:1096100080E8DA3ED86B673F6B10D83EA816683FEB
:109620004136D53E3CBF683F095AD23E9165693FFD
:10963000CA7BCF3EA7096A3F8B9BCC3E7BAB6A3F80
:1096400053B9C93E0C4B6B3F29D5C63E58E86B3F1A
:1096500015EFC33E5E836C3F1E07C13E1D1C6D3F70
:109660004A1DBE3E93B26D3FA031BB3EBE466E3F2B
:109670002A44B83E9ED86E3FEC54B53E30686F3FEA
:10968000EF63B23E73F56F3F3A71AF3E6680703F55
:10969000D47CAC3E0809713FC486A93E578F713F08
:1096A000128FA63E5213723FC595A33EF894723FA7
:1096B000E59AA03E4714733F789E9D3E3F91733FCD
:1096C00086A09A3EDD0B743F17A1973E2284743F1B
:1096D00031A0943E0BFA743FDD9D913E976D753F2E
:1096E000229A8E3EC6DE753F07958B3E974D763F9C
:1096F000938E883E07BA763FCE86853E1724773F05
:10970000C07D823EC58B773FE1E67E3E10F1773F1C
:10971000CCCF783EF853783F51B6723E7BB4783F59
:109720007F9A6C3E9812793F667C663E4E6E793F1A
:10973000135C603E9DC7793F97395A3E841E7A3F3D
:109740000115543E02737A3F60EE4D3E16C57A3FD6
:10975000C2C5473EBE147B3F379B413EFC617B3F09
:10976000CF6E3B3ECDAC7B3F9840353E31F57B3FE5
:10977000A2102F3E283B7C3FFCDE283EB07E7C3F83
:10978000B6AB223EC9BF7C3FDE761C3E73FE7C3FFB
:109790008340163EAC3A7D3FB708103E74747D3F5F
:1097A00086CF093ECCAB7D3F0295033EB1E07D3FC5
:1097B00073B2FA3D24137E3F7638EE3D23437E3F5D
:1097C0002EBCE13DB0707E3FB93DD53DC99B7E3F8B
:1097D00036BDC83D6DC47E3FC33ABC3D9DEA7E3F69
:1097E00080B6AF3D580E7F3F8C30A33D9D2F7F3F0D
:1097F00005A9963D6D4E7F3F0A208A3DC76A7F3F8F
:10980000742B7B3DAB847F3F6814623D189C7F3F87
:109810002FFB483D0FB17F3F07E02F3D8FC37F3FB8
:109820002CC3163D98D37F3FB949FB3C29E17F3FCC
:10983000B00AC93C43EC7F3FB6C9963CE6F47F3F93
:10984000900E493C11FB7F3F890FC93BC4FE7F3F0F
:10985000000000000000803F890FC9BBC4FE7F3FAD
:10986000900E49BC11FB7F3FB6C996BCE6F47F3F22
:10987000B00AC9BC43EC7F3FB949FBBC29E17F3F3B
:109880002CC316BD98D37F3F07E02FBD8FC37F3F0A
:109890002FFB48BD0FB17F3F681462BD189C7F3F0E
:1098A000742B7BBDAB847F3F0A208ABDC76A7F3F94
:1098B00005A996BD6D4E7F3F8C30A3BD9D2F7F3F88
:1098C00080B6AFBD580E7F3FC33ABCBD9DEA7E3F18
:1098D00036BDC8BD6DC47E3FB93DD5BDC99B7E3F79
:1098E0002EBCE1BDB0707E3F7638EEBD23437E3F97
:1098F00073B2FABD24137E3F029503BEB1E07D3FF3
:1099000086CF09BECCAB7D3FB70810BE74747D3FD7
:10991000834016BEAC3A7D3FDE761CBE73FE7C3FB4
:10992000B6AB22BEC9BF7C3FFCDE28BEB07E7C3F0A
:10993000A2102FBE283B7C3F984035BE31F57B3FBF
:10994000CF6E3BBECDAC7B3F379B41BEFC617B3FC6
:10995000C2C547BEBE147B3F60EE4DBE16C57A3F02
:10996000011554BE02737A3F97395ABE841E7A3F5E
:10997000135C60BE9DC7793F667C66BE4E6E793FC4
:109980007F9A6CBE9812793F51B672BE7BB4783F15
:10999000CCCF78BEF853783FE1E67EBE10F1773F3A
:1099A000C07D82BEC58B773FCE8685BE1724773FAC
:1099B000938E88BE07BA763F07958BBE974D763F4C
:1099C000229A8EBEC6DE753FDD9D91BE976D753FB6
:1099D00031A094BE0BFA743F17A197BE2284743F46
:1099E00086A09ABEDD0B743F789E9DBE3F91733F6B
:1099F000E59AA0BE4714733FC595A3BEF894723F85
:109A0000128FA6BE5213723FC486A9BE578F713FF4
:109A1000D47CACBE0809713F3A71AFBE6680703F1E
:109A2000EF63B2BE73F56F3FEC54B5BE30686F3F65
:109A30002A44B8BE9ED86E3FA031BBBEBE466E3F24
:109A40004A1DBEBE93B26D3F1E07C1BE1D1C6D3FB9
:109A500015EFC3BE5E836C3F29D5C6BE58E86B3F89
:109A600053B9C9BE0C4B6B3F8B9BCCBE7BAB6A3FE3
:109A7000CA7BCFBEA7096A3F095AD2BE9165693F2A
:109A80004136D5BE3CBF683F6B10D8BEA816683FB4
:109A900080E8DABED86B673F79BEDDBECCBE663FDC
:109AA0004F92E0BE880F663FFA63E3BE0B5E653FF0
:109AB0007533E6BE59AA643FB700E9BE73F4633F4D
:109AC000BBCBEBBE5A3C633F7994EEBE1082623F43
:109AD000EA5AF1BE98C5613F071FF4BEF206613F26
:109AE000CBE0F6BE2146603F2DA0F9BE27835F3F45
:109AF000275DFCBE05BE5E3FB217FFBEBEF65D3FF2
:109B0000E4E700BF532D5D3FB14202BFC7615C3F38
:109B10003D9C03BF1A945B3F84F404BF50C45A3F7A
:109B2000824B06BF6AF2593F36A107BF6A1E593FF2
:109B30009BF508BF5348583FAD480ABF2670573FB2
:109B40006B9A0BBFE595563FD0EA0CBF93B9553FD2
:109B5000DA390EBF31DB543F84870FBFC3FA533F5E
:109B6000CDD310BF4918533FB01E12BFC633523F6A
:109B70002A6813BF3D4D513F39B014BFAF64503F09
:109B8000D9F615BF1F7A4F3F073C17BF908D4E3F48
:109B9000C07F18BF029F4D3F00C219BF79AE4C3F36
:109BA000C6021BBFF8BB4B3F0C421CBF7FC74A3FDE
:109BB000D17F1DBF12D1493F12BC1EBFB3D8483F51
:109BC000CBF61FBF65DE473FF92F21BF2AE2463F94
:109BD000996722BF03E4453FA99D23BFF5E3443FB6
:109BE00025D224BF00E2433F0A0526BF29DE423FBB
:109BF000563627BF70D8413F056628BFDAD0403FB0
:109C0000159429BF67C73F3F82C02ABF1BBC3E3F98
:109C10004AEB2BBFF9AE3D3F69142DBF03A03C3F7B
:109C2000DE3B2EBF3B8F3B3FA5612FBFA47C3A3F5D
:109C3000BB8530BF4268393F1DA831BF1652383F3F
:109C4000C9C832BF233A373FBCE733BF6C20363F29
:109C5000F30435BFF304353F6C2036BFBCE7333F18
:109C6000233A37BFC9C8323F165238BF1DA8313F0B
:109C7000426839BFBB85303FA47C3ABFA5612F3F06
:109C80003B8F3BBFDE3B2E3F03A03CBF69142D3F03
:109C9000F9AE3DBF4AEB2B3F1BBC3EBF82C02A3F03
:109CA00067C73FBF1594293FDAD040BF0566283FFC
:109CB00070D841BF5636273F29DE42BF0A05263FEE
:109CC00000E243BF25D2243FF5E344BFA99D233FD3
:109CD00003E445BF9967223F2AE246BFF92F213F9F
:109CE00065DE47BFCBF61F3FB3D848BF12BC1E3F4F
:109CF00012D149BFD17F1D3F7FC74ABF0C421C3FD5
:109D0000F8BB4BBFC6021B3F79AE4CBF00C2193F28
:109D1000029F4DBFC07F183F908D4EBF073C173F3D
:109D20001F7A4FBFD9F6153FAF6450BF39B0143F0B
:109D30003D4D51BF2A68133FC63352BFB01E123F7C
:109D4000491853BFCDD3103FC3FA53BF84870F3F89
:109D500031DB54BFDA390E3F93B955BFD0EA0C3F1F
:109D6000E59556BF6B9A0B3F267057BFAD480A3F2B
:109D7000534858BF9BF5083F6A1E59BF36A1073F9D
:109D80006AF259BF824B063F50C45ABF84F4043F65
:109D90001A945BBF3D9C033FC7615CBFB142023F69
:109DA000532D5DBFE4E7003FBEF65DBFB217FF3E37
:109DB00005BE5EBF275DFC3E27835FBF2DA0F93E39
:109DC000214660BFCBE0F63EF20661BF071FF43EBE
:109DD00098C561BFEA5AF13E108262BF7994EE3EA7
:109DE0005A3C63BFBBCBEB3E73F463BFB700E93EA5
:109DF00059AA64BF7533E63E0B5E65BFFA63E33E66
:109E0000880F66BF4F92E03ECCBE66BF79BEDD3E96
:109E1000D86B67BF80E8DA3EA81668BF6B10D83EE3
:109E20003CBF68BF4136D53E916569BF095AD23EF5
:109E3000A7096ABFCA7BCF3E7BAB6ABF8B9BCC3E78
:109E40000C4B6BBF53B9C93E58E86BBF29D5C63E12
:109E50005E836CBF15EFC33E1D1C6DBF1E07C13E68
:109E600093B26DBF4A1DBE3EBE466EBFA031BB3E23
:109E70009ED86EBF2A44B83E30686FBFEC54B53EE2
:109E800073F56FBFEF63B23E668070BF3A71AF3E4D
:109E9000080971BFD47CAC3E578F71BFC486A93E00
:109EA000521372BF128FA63EF89472BFC595A33E9F
:109EB000471473BFE59AA03E3F9173BF789E9D3EC5
:109EC000DD0B74BF86A09A3E228474BF17A1973E13
:109ED0000BFA74BF31A0943E976D75BFDD9D913E26
:109EE000C6DE75BF229A8E3E974D76BF07958B3E94
:109EF00007BA76BF938E883E172477BFCE86853EFD
:109F0000C58B77BFC07D823E10F177BFE1E67E3E14
:109F1000F85378BFCCCF783E7BB478BF51B6723E51
:109F2000981279BF7F9A6C3E4E6E79BF667C663E12
:109F30009DC779BF135C603E841E7ABF97395A3E35
:109F400002737ABF0115543E16C57ABF60EE4D3ECE
:109F5000BE147BBFC2C5473EFC617BBF379B413E01
:109F6000CDAC7BBFCF6E3B3E31F57BBF9840353EDD
:109F7000283B7CBFA2102F3EB07E7CBFFCDE283E7B
:109F8000C9BF7CBFB6AB223E73FE7CBFDE761C3EF3
:109F9000AC3A7DBF8340163E74747DBFB708103E57
:109FA000CCAB7DBF86CF093EB1E07DBF0295033EBD
:109FB00024137EBF73B2FA3D23437EBF7638EE3D55
:109FC000B0707EBF2EBCE13DC99B7EBFB93DD53D83
:109FD0006DC47EBF36BDC83D9DEA7EBFC33ABC3D61
:109FE000580E7FBF80B6AF3D9D2F7FBF8C30A33D05
:109FF0006D4E7FBF05A9963DC76A7FBF0A208A3D87
:10A00000AB847FBF742B7B3D189C7FBF6814623D7F
:10A010000FB17FBF2FFB483D8FC37FBF07E02F3DB0
:10A0200098D37FBF2CC3163D29E17FBFB949FB3CC4
:10A0300043EC7FBFB00AC93CE6F47FBFB6C9963C8B
:10A0400011FB7FBF900E493CC4FE7FBF890FC93B07
:10A05000000080BF00000000C4FE7FBF890FC9BBA5
:10A0600011FB7FBF900E49BCE6F47FBFB6C996BC1A
:10A0700043EC7FBFB00AC9BC29E17FBFB949FBBC33
:10A0800098D37FBF2CC316BD8FC37FBF07E02FBD02
:10A090000FB17FBF2FFB48BD189C7FBF681462BD06
:10A0A000AB847FBF742B7BBDC76A7FBF0A208ABD8C
:10A0B0006D4E7FBF05A996BD9D2F7FBF8C30A3BD80
:10A0C000580E7FBF80B6AFBD9DEA7EBFC33ABCBD10
:10A0D0006DC47EBF36BDC8BDC99B7EBFB93DD5BD71
:10A0E000B0707EBF2EBCE1BD23437EBF7638EEBD8F
:10A0F00024137EBF73B2FABDB1E07DBF029503BEEB
:10A10000CCAB7DBF86CF09BE74747DBFB70810BECF
:10A11000AC3A7DBF834016BE73FE7CBFDE761CBEAC
:10A12000C9BF7CBFB6AB22BEB07E7CBFFCDE28BE02
:10A13000283B7CBFA2102FBE31F57BBF984035BEB7
:10A14000CDAC7BBFCF6E3BBEFC617BBF379B41BEBE
:10A15000BE147BBFC2C547BE16C57ABF60EE4DBEFA
:10A1600002737ABF011554BE841E7ABF97395ABE56
:10A170009DC779BF135C60BE4E6E79BF667C66BEBC
:10A18000981279BF7F9A6CBE7BB478BF51B672BE0D
:10A19000F85378BFCCCF78BE10F177BFE1E67EBE32
:10A1A000C58B77BFC07D82BE172477BFCE8685BEA4
:10A1B00007BA76BF938E88BE974D76BF07958BBE44
:10A1C000C6DE75BF229A8EBE976D75BFDD9D91BEAE
:10A1D0000BFA74BF31A094BE228474BF17A197BE3E
:10A1E000DD0B74BF86A09ABE3F9173BF789E9DBE63
:10A1F000471473BFE59AA0BEF89472BFC595A3BE7D
:10A20000521372BF128FA6BE578F71BFC486A9BEEC
:10A21000080971BFD47CACBE668070BF3A71AFBE16
:10A2200073F56FBFEF63B2BE30686FBFEC54B5BE5D
:10A230009ED86EBF2A44B8BEBE466EBFA031BBBE1C
:10A2400093B26DBF4A1DBEBE1D1C6DBF1E07C1BEB1
:10A250005E836CBF15EFC3BE58E86BBF29D5C6BE81
:10A260000C4B6BBF53B9C9BE7BAB6ABF8B9BCCBEDB
:10A27000A7096ABFCA7BCFBE916569BF095AD2BE22
:10A280003CBF68BF4136D5BEA81668BF6B10D8BEAC
:10A29000D86B67BF80E8DABECCBE66BF79BEDDBED4
:10A2A000880F66BF4F92E0BE0B5E65BFFA63E3BEE8
:10A2B00059AA64BF7533E6BE73F463BFB700E9BE45
:10A2C0005A3C63BFBBCBEBBE108262BF7994EEBE3B
:10A2D00098C561BFEA5AF1BEF20661BF071FF4BE1E
:10A2E000214660BFCBE0F6BE27835FBF2DA0F9BE3D
:10A2F00005BE5EBF275DFCBEBEF65DBFB217FFBEEA
:10A30000532D5DBFE4E700BFC7615CBFB14202BF30
:10A310001A945BBF3D9C03BF50C45ABF84F404BF72
:10A320006AF259BF824B06BF6A1E59BF36A107BFEA
:10A33000534858BF9BF508BF267057BFAD480ABFAA
:10A34000E59556BF6B9A0BBF93B955BFD0EA0CBFCA
:10A3500031DB54BFDA390EBFC3FA53BF84870FBF56
:10A36000491853BFCDD310BFC63352BFB01E12BF62
:10A370003D4D51BF2A6813BFAF6450BF39B014BF01
:10A380001F7A4FBFD9F615BF908D4EBF073C17BF40
:10A39000029F4DBFC07F18BF79AE4CBF00C219BF2E
:10A3A000F8BB4BBFC6021BBF7FC74ABF0C421CBFD6
:10A3B00012D149BFD17F1DBFB3D848BF12BC1EBF49
:10A3C00065DE47BFCBF61FBF2AE246BFF92F21BF8C
:10A3D00003E445BF996722BFF5E344BFA99D23BFAE
:10A3E00000E243BF25D224BF29DE42BF0A0526BFB3
:10A3F00070D841BF563627BFDAD040BF056628BFA8
:10A4000067C73FBF159429BF1BBC3EBF82C02ABF90
:10A41000F9AE3DBF4AEB2BBF03A03CBF69142DBF73
:10A420003B8F3BBFDE3B2EBFA47C3ABFA5612FBF55
:10A43000426839BFBB8530BF165238BF1DA831BF37
:10A44000233A37BFC9C832BF6C2036BFBCE733BF21
:10A45000F30435BFF30435BFBCE733BF6C2036BF10
:10A46000C9C832BF233A37BF1DA831BF165238BF03
:10A47000BB8530BF426839BFA5612FBFA47C3ABFFE
:10A48000DE3B2EBF3B8F3BBF69142DBF03A03CBFFB
:10A490004AEB2BBFF9AE3DBF82C02ABF1BBC3EBFFB
:10A4A000159429BF67C73FBF056628BFDAD040BFF4
:10A4B000563627BF70D841BF0A0526BF29DE42BFE6
:10A4C00025D224BF00E243BFA99D23BFF5E344BFCB
:10A4D000996722BF03E445BFF92F21BF2AE246BF97
:10A4E000CBF61FBF65DE47BF12BC1EBFB3D848BF47
:10A4F000D17F1DBF12D149BF0C421CBF7FC74ABFCD
:10A50000C6021BBFF8BB4BBF00C219BF79AE4CBF20
:10A51000C07F18BF029F4DBF073C17BF908D4EBF35
:10A52000D9F615BF1F7A4FBF39B014BFAF6450BF03
:10A530002A6813BF3D4D51BFB01E12BFC63352BF74
:10A54000CDD310BF491853BF84870FBFC3FA53BF81
:10A55000DA390EBF31DB54BFD0EA0CBF93B955BF17
:10A560006B9A0BBFE59556BFAD480ABF267057BF23
:10A570009BF508BF534858BF36A107BF6A1E59BF95
:10A58000824B06BF6AF259BF84F404BF50C45ABF5D
:10A590003D9C03BF1A945BBFB14202BFC7615CBF61
:10A5A000E4E700BF532D5DBFB217FFBEBEF65DBF2F
:10A5B000275DFCBE05BE5EBF2DA0F9BE27835FBF31
:10A5C000CBE0F6BE214660BF071FF4BEF20661BFB6
:10A5D000EA5AF1BE98C561BF7994EEBE108262BF9F
:10A5E000BBCBEBBE5A3C63BFB700E9BE73F463BF9D
:10A5F0007533E6BE59AA64BFFA63E3BE0B5E65BF5E
:10A600004F92E0BE880F66BF79BEDDBECCBE66BF8E
:10A6100080E8DABED86B67BF6B10D8BEA81668BFDB
:10A620004136D5BE3CBF68BF095AD2BE916569BFED
:10A63000CA7BCFBEA7096ABF8B9BCCBE7BAB6ABF70
:10A6400053B9C9BE0C4B6BBF29D5C6BE58E86BBF0A
:10A6500015EFC3BE5E836CBF1E07C1BE1D1C6DBF60
:10A660004A1DBEBE93B26DBFA031BBBEBE466EBF1B
:10A670002A44B8BE9ED86EBFEC54B5BE30686FBFDA
:10A68000EF63B2BE73F56FBF3A71AFBE668070BF45
:10A69000D47CACBE080971BFC486A9BE578F71BFF8
:10A6A000128FA6BE521372BFC595A3BEF89472BF97
:10A6B000E59AA0BE471473BF789E9DBE3F9173BFBD
:10A6C00086A09ABEDD0B74BF17A197BE228474BF0B
:10A6D00031A094BE0BFA74BFDD9D91BE976D75BF1E
:10A6E000229A8EBEC6DE75BF07958BBE974D76BF8C
:10A6F000938E88BE07BA76BFCE8685BE172477BFF5
:10A70000C07D82BEC58B77BFE1E67EBE10F177BF0C
:10A71000CCCF78BEF85378BF51B672BE7BB478BF49
:10A720007F9A6CBE981279BF667C66BE4E6E79BF0A
:10A73000135C60BE9DC779BF97395ABE841E7ABF2D
:10A74000011554BE02737ABF60EE4DBE16C57ABFC6
:10A75000C2C547BEBE147BBF379B41BEFC617BBFF9
:10A76000CF6E3BBECDAC7BBF984035BE31F57BBFD5
:10A77000A2102FBE283B7CBFFCDE28BEB07E7CBF73
:10A78000B6AB22BEC9BF7CBFDE761CBE73FE7CBFEB
:10A79000834016BEAC3A7DBFB70810BE74747DBF4F
:10A7A00086CF09BECCAB7DBF029503BEB1E07DBFB5
:10A7B00073B2FABD24137EBF7638EEBD23437EBF4D
:10A7C0002EBCE1BDB0707EBFB93DD5BDC99B7EBF7B
:10A7D00036BDC8BD6DC47EBFC33ABCBD9DEA7EBF59
:10A7E00080B6AFBD580E7FBF8C30A3BD9D2F7FBFFD
:10A7F00005A996BD6D4E7FBF0A208ABDC76A7FBF7F
:10A80000742B7BBDAB847FBF681462BD189C7FBF77
:10A810002FFB48BD0FB17FBF07E02FBD8FC37FBFA8
:10A820002CC316BD98D37FBFB949FBBC29E17FBFBC
:10A83000B00AC9BC43EC7FBFB6C996BCE6F47FBF83
:10A84000900E49BC11FB7FBF890FC9BBC4FE7FBFFF
:10A8500000000080000080BF890FC93BC4FE7FBF9D
:10A86000900E493C11FB7FBFB6C9963CE6F47FBF12
:10A87000B00AC93C43EC7FBFB949FB3C29E17FBF2B
:10A880002CC3163D98D37FBF07E02F3D8FC37FBFFA
:10A890002FFB483D0FB17FBF6814623D189C7FBFFE
:10A8A000742B7B3DAB847FBF0A208A3DC76A7FBF84
:10A8B00005A9963D6D4E7FBF8C30A33D9D2F7FBF78
:10A8C00080B6AF3D580E7FBFC33ABC3D9DEA7EBF08
:10A8D00036BDC83D6DC47EBFB93DD53DC99B7EBF69
:10A8E0002EBCE13DB0707EBF7638EE3D23437EBF87
:10A8F00073B2FA3D24137EBF0295033EB1E07DBFE3
:10A9000086CF093ECCAB7DBFB708103E74747DBFC7
:10A910008340163EAC3A7DBFDE761C3E73FE7CBFA4
:10A92000B6AB223EC9BF7CBFFCDE283EB07E7CBFFA
:10A93000A2102F3E283B7CBF9840353E31F57BBFAF
:10A94000CF6E3B3ECDAC7BBF379B413EFC617BBFB6
:10A95000C2C5473EBE147BBF60EE4D3E16C57ABFF2
:10A960000115543E02737ABF97395A3E841E7ABF4E
:10A97000135C603E9DC779BF667C663E4E6E79BFB4
:10A980007F9A6C3E981279BF51B6723E7BB478BF05
:10A99000CCCF783EF85378BFE1E67E3E10F177BF2A
:10A9A000C07D823EC58B77BFCE86853E172477BF9C
:10A9B000938E883E07BA76BF07958B3E974D76BF3C
:10A9C000229A8E3EC6DE75BFDD9D913E976D75BFA6
:10A9D00031A0943E0BFA74BF17A1973E228474BF36
:10A9E00086A09A3EDD0B74BF789E9D3E3F9173BF5B
:10A9F000E59AA03E471473BFC595A33EF89472BF75
:10AA0000128FA63E521372BFC486A93E578F71BFE4
:10AA1000D47CAC3E080971BF3A71AF3E668070BF0E
:10AA2000EF63B23E73F56FBFEC54B53E30686FBF55
:10AA30002A44B83E9ED86EBFA031BB3EBE466EBF14
:10AA40004A1DBE3E93B26DBF1E07C13E1D1C6DBFA9
:10AA500015EFC33E5E836CBF29D5C63E58E86BBF79
:10AA600053B9C93E0C4B6BBF8B9BCC3E7BAB6ABFD3
:10AA7000CA7BCF3EA7096ABF095AD23E916569BF1A
:10AA80004136D53E3CBF68BF6B10D83EA81668BFA4
:10AA900080E8DA3ED86B67BF79BEDD3ECCBE66BFCC
:10AAA0004F92E03E880F66BFFA63E33E0B5E65BFE0
:10AAB0007533E63E59AA64BFB700E93E73F463BF3D
:10AAC000BBCBEB3E5A3C63BF7994EE3E108262BF33
:10AAD000EA5AF13E98C561BF071FF43EF20661BF16
:10AAE000CBE0F63E214660BF2DA0F93E27835FBF35
:10AAF000275DFC3E05BE5EBFB217FF3EBEF65DBFE2
:10AB0000E4E7003F532D5DBFB142023FC7615CBF28
:10AB10003D9C033F1A945BBF84F4043F50C45ABF6A
:10AB2000824B063F6AF259BF36A1073F6A1E59BFE2
:10AB30009BF5083F534858BFAD480A3F267057BFA2
:10AB40006B9A0B3FE59556BFD0EA0C3F93B955BFC2
:10AB5000DA390E3F31DB54BF84870F3FC3FA53BF4E
:10AB6000CDD3103F491853BFB01E123FC63352BF5A
:10AB70002A68133F3D4D51BF39B0143FAF6450BFF9
:10AB8000D9F6153F1F7A4FBF073C173F908D4EBF38
:10AB9000C07F183F029F4DBF00C2193F79AE4CBF26
:10ABA000C6021B3FF8BB4BBF0C421C3F7FC74ABFCE
:10ABB000D17F1D3F12D149BF12BC1E3FB3D848BF41
:10ABC000CBF61F3F65DE47BFF92F213F2AE246BF84
:10ABD0009967223F03E445BFA99D233FF5E344BFA6
:10ABE00025D2243F00E243BF0A05263F29DE42BFAB
:10ABF0005636273F70D841BF0566283FDAD040BFA0
:10AC00001594293F67C73FBF82C02A3F1BBC3EBF88
:10AC10004AEB2B3FF9AE3DBF69142D3F03A03CBF6B
:10AC2000DE3B2E3F3B8F3BBFA5612F3FA47C3ABF4D
:10AC3000BB85303F426839BF1DA8313F165238BF2F
:10AC4000C9C8323F233A37BFBCE7333F6C2036BF19
:10AC5000F304353FF30435BF6C20363FBCE733BF08
:10AC6000233A373FC9C832BF1652383F1DA831BFFB
:10AC70004268393FBB8530BFA47C3A3FA5612FBFF6
:10AC80003B8F3B3FDE3B2EBF03A03C3F69142DBFF3
:10AC9000F9AE3D3F4AEB2BBF1BBC3E3F82C02ABFF3
:10ACA00067C73F3F159429BFDAD0403F056628BFEC
:10ACB00070D8413F563627BF29DE423F0A0526BFDE
:10ACC00000E2433F25D224BFF5E3443FA99D23BFC3
:10ACD00003E4453F996722BF2AE2463FF92F21BF8F
:10ACE00065DE473FCBF61FBFB3D8483F12BC1EBF3F
:10ACF00012D1493FD17F1DBF7FC74A3F0C421CBFC5
:10AD0000F8BB4B3FC6021BBF79AE4C3F00C219BF18
:10AD1000029F4D3FC07F18BF908D4E3F073C17BF2D
:10AD20001F7A4F3FD9F615BFAF64503F39B014BFFB
:10AD30003D4D513F2A6813BFC633523FB01E12BF6C
:10AD40004918533FCDD310BFC3FA533F84870FBF79
:10AD500031DB543FDA390EBF93B9553FD0EA0CBF0F
:10AD6000E595563F6B9A0BBF2670573FAD480ABF1B
:10AD70005348583F9BF508BF6A1E593F36A107BF8D
:10AD80006AF2593F824B06BF50C45A3F84F404BF55
:10AD90001A945B3F3D9C03BFC7615C3FB14202BF59
:10ADA000532D5D3FE4E700BFBEF65D3FB217FFBE27
:10ADB00005BE5E3F275DFCBE27835F3F2DA0F9BE29
:10ADC0002146603FCBE0F6BEF206613F071FF4BEAE
:10ADD00098C5613FEA5AF1BE1082623F7994EEBE97
:10ADE0005A3C633FBBCBEBBE73F4633FB700E9BE95
:10ADF00059AA643F7533E6BE0B5E653FFA63E3BE56
:10AE0000880F663F4F92E0BECCBE663F79BEDDBE86
:10AE1000D86B673F80E8DABEA816683F6B10D8BED3
:10AE20003CBF683F4136D5BE9165693F095AD2BEE5
:10AE3000A7096A3FCA7BCFBE7BAB6A3F8B9BCCBE68
:10AE40000C4B6B3F53B9C9BE58E86B3F29D5C6BE02
:10AE50005E836C3F15EFC3BE1D1C6D3F1E07C1BE58
:10AE600093B26D3F4A1DBEBEBE466E3FA031BBBE13
:10AE70009ED86E3F2A44B8BE30686F3FEC54B5BED2
:10AE800073F56F3FEF63B2BE6680703F3A71AFBE3D
:10AE90000809713FD47CACBE578F713FC486A9BEF0
:10AEA0005213723F128FA6BEF894723FC595A3BE8F
:10AEB0004714733FE59AA0BE3F91733F789E9DBEB5
:10AEC000DD0B743F86A09ABE2284743F17A197BE03
:10AED0000BFA743F31A094BE976D753FDD9D91BE16
:10AEE000C6DE753F229A8EBE974D763F07958BBE84
:10AEF00007BA763F938E88BE1724773FCE8685BEED
:10AF0000C58B773FC07D82BE10F1773FE1E67EBE04
:10AF1000F853783FCCCF78BE7BB4783F51B672BE41
:10AF20009812793F7F9A6CBE4E6E793F667C66BE02
:10AF30009DC7793F135C60BE841E7A3F97395ABE25
:10AF400002737A3F011554BE16C57A3F60EE4DBEBE
:10AF5000BE147B3FC2C547BEFC617B3F379B41BEF1
:10AF6000CDAC7B3FCF6E3BBE31F57B3F984035BECD
:10AF7000283B7C3FA2102FBEB07E7C3FFCDE28BE6B
:10AF8000C9BF7C3FB6AB22BE73FE7C3FDE761CBEE3
:10AF9000AC3A7D3F834016BE74747D3FB70810BE47
:10AFA000CCAB7D3F86CF09BEB1E07D3F029503BEAD
:10AFB00024137E3F73B2FABD23437E3F7638EEBD45
:10AFC000B0707E3F2EBCE1BDC99B7E3FB93DD5BD73
:10AFD0006DC47E3F36BDC8BD9DEA7E3FC33ABCBD51
:10AFE000580E7F3F80B6AFBD9D2F7F3F8C30A3BDF5
:10AFF0006D4E7F3F05A996BDC76A7F3F0A208ABD77
:10B00000AB847F3F742B7BBD189C7F3F681462BD6F
:10B010000FB17F3F2FFB48BD8FC37F3F07E02FBDA0
:10B0200098D37F3F2CC316BD29E17F3FB949FBBCB4
:10B0300043EC7F3FB00AC9BCE6F47F3FB6C996BC7B
:10B0400011FB7F3F900E49BCC4FE7F3F890FC9BBF7
:10B05000000000000000004B000000CB00000000DA
:10B06000763C7935EF39EA3D763C7935EF39EABD02
:10B070000000E0FE422EE63F0000E0FE422EE6BF6A
:10B08000000000000000E03F000000000000E0BF02
:10B09000D1F71737D1F717B78071313F807131BFC2
:10B0A0000000003F000000BFB0AB02200000000025
:08B0B0004851FD7F0100000082
:08B0B8000D0D0008000000006E
:08B0C000E90C0008000000008B
:10B0C80000000000FF00000000093D000100000032
:10B0D800080000000000000003000000D4A90220BE
:10B0E8002400002000000000D4A902203CAA02206D
:10B0F800A4AA0220000000000000000000000000D8
:10B108000000000000000000000000000000000037
:10B118000000000000000000000000000000000027
:10B128000000000000000000000000000000000017
:08B1380015AB0220000000002D
:0400000508000F6977
:00000001FF
