:020000040800F2
:10000000000003203D0F0008390E00083B0E0008D9
:100010003D0E00083F0E0008410E00088D0F00083D
:10002000000000000000000000000000430E000877
:10003000450E000800000000470E0008490E0008A9
:100040008D0F00088D0F00088D0F00088D0F000820
:100050008D0F00088D0F00088D0F00088D0F000810
:100060008D0F00088D0F00088D0F00088D0F000800
:100070008D0F00088D0F00088D0F00088D0F0008F0
:100080008D0F00088D0F00088D0F00088D0F0008E0
:100090008D0F00088D0F00088D0F00088D0F0008D0
:1000A0004D0E00088D0F00088D0F0008530E00083C
:1000B0008D0F00088D0F0008550E00088D0F0008E9
:1000C0008D0F00088D0F00088D0F00088D0F0008A0
:1000D0008D0F00088D0F00088D0F00088D0F000890
:1000E0008D0F00088D0F00088D0F00088D0F000880
:1000F0008D0F00088D0F00088D0F00088D0F000870
:100100008D0F00088D0F00088D0F00088D0F00085F
:100110008D0F00088D0F00088D0F00088D0F00084F
:100120008D0F00088D0F00088D0F00088D0F00083F
:100130008D0F00088D0F00088D0F00088D0F00082F
:100140008D0F00088D0F00088D0F00088D0F00081F
:100150008D0F00088D0F00088D0F00088D0F00080F
:100160008D0F00088D0F00088D0F00088D0F0008FF
:100170008D0F0008000000008D0F00080000000037
:10018000570E00088D0F00088D0F00088D0F000816
:100190008D0F00088D0F00088D0F00088D0F0008CF
:1001A0008D0F00088D0F0008590E00088D0F0008F4
:1001B0008D0F0008000000008D0F00088D0F000853
:1001C0008D0F0008000000008D0F00088D0F000843
:1001D0008D0F00088D0F00088D0F00088D0F00088F
:1001E0008D0F00088D0F00088D0F00088D0F00087F
:0801F000000000000000000007
:1001F80010F8012B11F8013B012A28BF9A42F7D0C9
:10020800D01A704781F0004102E000BF83F000433C
:1002180030B54FEA41044FEA430594EA050F08BF99
:1002280090EA020F1FBF54EA000C55EA020C7FEA5D
:10023800645C7FEA655C00F0E2804FEA5454D4EBDA
:100248005555B8BF6D420CDD2C4480EA020281EAA4
:10025800030382EA000083EA010180EA020281EADC
:100268000303362D88BF30BD11F0004F4FEA01312E
:100278004FF4801C4CEA113102D0404261EB41013D
:1002880013F0004F4FEA03334CEA133302D05242C3
:1002980063EB430394EA050F00F0A780A4F101047F
:1002A800D5F1200E0DDB02FA0EFC22FA05F28018B9
:1002B80041F1000103FA0EF2801843FA05F359419F
:1002C8000EE0A5F120050EF1200E012A03FA0EFC1E
:1002D80028BF4CF0020C43FA05F3C01851EBE37148
:1002E80001F0004507D54FF0000EDCF1000C7EEB65
:1002F80000006EEB0101B1F5801F1BD3B1F5001FA3
:100308000CD349085FEA30004FEA3C0C04F10104C1
:100318004FEA445212F5800F80F09A80BCF1004FEA
:1003280008BF5FEA500C50F1000041EB045141EA6C
:10033800050130BD5FEA4C0C404141EB0101013C35
:1003480028BFB1F5801FE9D291F0000F04BF014624
:100358000020B1FA81F308BF2033A3F10B03B3F1F6
:1003680020020CDA0C3208DD02F1140CC2F10C0286
:1003780001FA0CF021FA02F10CE002F11402D8BFE4
:10038800C2F1200C01FA02F120FA0CFCDCBF41EAB0
:100398000C019040E41AA2BF01EB0451294330BD7F
:1003A8006FEA04041F3C1CDA0C340EDC04F114045C
:1003B800C4F1200220FA04F001FA02F340EA030033
:1003C80021FA04F345EA030130BDC4F10C04C4F179
:1003D800200220FA02F001FA04F340EA0300294659
:1003E80030BD21FA04F0294630BD94F0000F83F4A3
:1003F800801306BF81F480110134013D4EE77FEA86
:10040800645C18BF7FEA655C29D094EA050F08BFD1
:1004180090EA020F05D054EA000C04BF19461046B2
:1004280030BD91EA030F1EBF0021002030BD5FEAF6
:10043800545C05D14000494128BF41F0004130BD1E
:1004480014F580043CBF01F5801130BD01F0004572
:1004580045F0FE4141F470014FF0000030BD7FEAE5
:10046800645C1ABF194610467FEA655C1CBF0B46E0
:10047800024650EA013406BF52EA033591EA030FF7
:1004880041F4002130BD00BF90F0000F04BF0021EF
:10049800704730B54FF4806404F132044FF0000522
:1004A8004FF0000150E700BF90F0000F04BF00219B
:1004B800704730B54FF4806404F1320410F0004501
:1004C80048BF40424FF000013EE700BF42004FEAFC
:1004D800E2014FEA31014FEA02701FBF12F07F4379
:1004E80093F07F4F81F06051704732F07F4208BF30
:1004F800704793F07F4F04BF41F40021704730B537
:100508004FF4607401F0004521F000411CE700BF82
:1005180050EA010208BF704730B54FF000050AE005
:1005280050EA010208BF704730B511F0004502D506
:10053800404261EB41014FF4806404F132045FEA08
:10054800915C3FF4D8AE4FF003025FEADC0C18BFB1
:1005580003325FEADC0C18BF033202EBDC02C2F1A3
:10056800200300FA03FC20FA02F001FA03FE40EA35
:100578000E0021FA02F11444BDE600BF70B54FF039
:10058800FF0C4CF4E06C1CEA11541DBF1CEA135517
:1005980094EA0C0F95EA0C0F00F0DEF82C4481EA7F
:1005A800030621EA4C5123EA4C5350EA013518BF9F
:1005B80052EA033541F4801143F4801338D0A0FB8C
:1005C80002CE4FF00005E1FB02E506F00042E0FB39
:1005D80003E54FF00006E1FB03569CF0000F18BF3F
:1005E8004EF0010EA4F1FF04B6F5007F64F54074E7
:1005F80004D25FEA4E0E6D4146EB060642EAC6217A
:1006080041EA55514FEAC52040EA5E504FEACE2EE6
:10061800B4F1FD0C88BFBCF5E06F1ED8BEF1004FE9
:1006280008BF5FEA500E50F1000041EB045170BD65
:1006380006F0004646EA010140EA020081EA0301A9
:10064800B4EB5C04C2BFD4EB0C0541EA045170BDA5
:1006580041F480114FF0000E013C00F3AB8014F11F
:10066800360FDEBF002001F0004170BDC4F1000468
:10067800203C35DA0C341BDC04F11404C4F12005E9
:1006880000FA05F320FA04F001FA05F240EA020044
:1006980001F0004221F0004110EBD37021FA04F67A
:1006A80042EB06015EEA430E08BF20EAD37070BD34
:1006B800C4F10C04C4F1200500FA04F320FA05F093
:1006C80001FA04F240EA020001F0004110EBD37095
:1006D80041F100015EEA430E08BF20EAD37070BD05
:1006E800C4F1200500FA05F24EEA020E20FA04F3DE
:1006F80001FA05F243EA020321FA04F001F000418D
:1007080021FA04F220EA020000EBD3705EEA430EFD
:1007180008BF20EAD37070BD94F0000F0FD101F02C
:100728000046400041EB010111F4801F08BF013C65
:10073800F7D041EA060195F0000F18BF704703F0A3
:100748000046520043EB030313F4801F08BF013D2A
:10075800F7D043EA0603704794EA0C0F0CEA1355E6
:1007680018BF95EA0C0F0CD050EA410618BF52EAA0
:100778004306D1D181EA030101F000414FF00000A6
:1007880070BD50EA410606BF1046194652EA4306B4
:1007980019D094EA0C0F02D150EA013613D195EA28
:1007A8000C0F05D152EA03361CBF104619460AD170
:1007B80081EA030101F0004141F0FE4141F470017A
:1007C8004FF0000070BD41F0FE4141F4780170BD6A
:1007D80070B54FF0FF0C4CF4E06C1CEA11541DBFCF
:1007E8001CEA135594EA0C0F95EA0C0F00F0A7F8D1
:1007F800A4EB050481EA030E52EA03354FEA0131FE
:1008080000F088804FEA03334FF0805545EA131310
:1008180043EA12634FEA022245EA111545EA1065D8
:100828004FEA00260EF000419D4208BF964244F16F
:10083800FD0404F5407402D25B084FEA3202B61A8E
:1008480065EB03055B084FEA32024FF480104FF462
:10085800002CB6EB020E75EB030E22BFB61A7546D6
:1008680040EA0C005B084FEA3202B6EB020E75EB69
:10087800030E22BFB61A754640EA5C005B084FEAD1
:100888003202B6EB020E75EB030E22BFB61A75469E
:1008980040EA9C005B084FEA3202B6EB020E75EBA9
:1008A800030E22BFB61A754640EADC0055EA060E6A
:1008B80018D04FEA051545EA16754FEA06164FEAAD
:1008C800C30343EA52734FEAC2025FEA1C1CC0D159
:1008D80011F4801F0BD141EA00014FF000004FF0E6
:1008E800004CB6E711F4801F04BF01430020B4F1A7
:1008F800FD0C88BFBCF5E06F3FF6AFAEB5EB030C5F
:1009080004BFB6EB020C5FEA500C50F1000041EB5B
:10091800045170BD0EF0004E4EEA113114EB5C0428
:10092800C2BFD4EB0C0541EA045170BD41F48011FB
:100938004FF0000E013C90E645EA060E8DE60CEA03
:10094800135594EA0C0F08BF95EA0C0F3FF43BAF20
:1009580094EA0C0F0AD150EA01347FF434AF95EAD7
:100968000C0F7FF425AF104619462CE795EA0C0FBB
:1009780006D152EA03353FF4FDAE1046194622E788
:1009880050EA410618BF52EA43067FF4C5AE50EA62
:1009980041047FF40DAF52EA43057FF4EBAE12E752
:1009A8004FF0FF3C06E000BF4FF0010C02E000BF33
:1009B8004FF0010C4DF804CD4FEA410C7FEA6C5C16
:1009C8004FEA430C18BF7FEA6C5C1BD001B050EAB9
:1009D800410C0CBF52EA430C91EA030F02BF90EAA4
:1009E800020F0020704710F1000F91EA030F58BF63
:1009F800994208BF90422CBFD8176FEAE37040F0C5
:100A0800010070474FEA410C7FEA6C5C02D150EA62
:100A1800013C07D14FEA430C7FEA6C5CD6D152EA1D
:100A2800033CD3D05DF8040B704700BF84461046E2
:100A380062468C461946634600E000BF01B5FFF7E1
:100A4800B7FF002848BF10F1000F01BD4DF808EDB1
:100A5800FFF7F4FF0CBF012000205DF808FB00BF82
:100A68004DF808EDFFF7EAFF34BF012000205DF8DC
:100A780008FB00BF4DF808EDFFF7E0FF94BF012029
:100A880000205DF808FB00BF4DF808EDFFF7CEFF2A
:100A980094BF012000205DF808FB00BF4DF808ED69
:100AA800FFF7C4FF34BF012000205DF808FB00BF3A
:100AB8004FEA410212F5001215D211D56FF478737E
:100AC800B3EB625212D94FEAC12343F0004343EA21
:100AD800505311F0004F23FA02F018BF40427047FC
:100AE8004FF00000704750EA013005D111F0004086
:100AF80008BF6FF0004070474FF00000704700BF1C
:100B08004FEA4102B2F1E04324BFB3F5001CDCF127
:100B1800FE5C0DD901F0004C4FEAC0024CEA50705F
:100B2800B2F1004F40EB830008BF20F0010070478E
:100B380011F0804F21D113F13872BCBF01F0004091
:100B4800704741F480114FEA5252C2F11802C2F1C3
:100B5800200C10FA0CF320FA02F018BF40F0010044
:100B68004FEAC1234FEAD32303FA0CFC40EA0C00F6
:100B780023FA02F34FEA4303CCE77FEA625307D133
:100B880050EA01331EBF4FF0FE4040F4400070476A
:100B980001F0004040F0FE4040F40000704700BF04
:100BA8007BB972B90029BEBF00204FF0004106E0B2
:100BB80008BF00281CBF6FF000414FF0FF3000F065
:100BC80057B8ADF1080C6DE904CE002909DB002BFC
:100BD8001ADB10F0FBFADDF804E0DDE9022304B0CB
:100BE8007047404261EB4101002B1BDB10F0EEFA2D
:100BF800DDF804E0DDE9022304B0404261EB410185
:100C0800524263EB43037047524263EB430310F0D5
:100C1800DDFADDF804E0DDE9022304B0404261EBCF
:100C280041017047524263EB430310F0CFFADDF8FD
:100C380004E0DDE9022304B0524263EB430370474A
:100C480053B94AB9002908BF00281CBF4FF0FF312B
:100C58004FF0FF3000F00CB8ADF1080C6DE904CE90
:100C680010F0B4FADDF804E0DDE9022304B07047BF
:100C7800704700BF4A0011D212F5001211D20DD5EB
:100C88006FF47873B3EB62520ED44FEAC12343F08A
:100C9800004343EA505323FA02F070474FF0000034
:100CA800704750EA013002D14FF0FF3070474FF0E3
:100CB8000000704710B5054C237833B9044B13B1C5
:100CC8000448AFF300800123237010BD800000208A
:100CD800000000002015010808B5034B1BB10349AB
:100CE8000348AFF3008008BD000000008400002026
:100CF8002015010800B599B04822002106A80FF078
:100D08003DFB1422002101A80FF038FB002002F05F
:100D180043F908B172B6FEE7102306936023012257
:100D28000F930223CDE90D20CDE91132372013921C
:100D38000722CDE9140206A8CDE9163301F0CEFB4F
:100D480008B172B6FEE70F220323CDE90300059030
:100D5800052101A8CDE9012301F0DCFE08B172B636
:100D6800FEE719B05DF804FB7FB501F0EFFAFFF775
:100D7800C1FF2C4B0020DA6C42F00402DA64DA6C12
:100D880002F004020192019ADA6C42F02002DA645D
:100D9800DA6C02F020020292029ADA6C42F08002C7
:100DA800DA64DA6C02F080020392039ADA6C42F099
:100DB8000202DA64DA6C02F002020492049ADA6C33
:100DC80042F00102DA64DB6C03F001030593059B32
:100DD80002F078F908B172B6FEE702F083F904462A
:100DE80008B172B6FEE702F0D1FC012002F0CEFC99
:100DF800022002F0CBFC0121204602F027FD4FF42F
:100E0800E13309492046C1E900348C608C8102F045
:100E1800A5FD08B172B6FEE7044800F04BFF30BFED
:100E2800FDE700BF001002409C000020A4A802209B
:100E3800FEE7FEE7FEE7FEE7FEE77047704770470C
:100E480001F096BA002002F055BD70477047704710
:100E5800704700000B4B82B01A6E42F001021A660E
:100E68001A6E02F001020092009A9A6D42F08052C6
:100E78009A659B6D03F080530193019B02B002F0C9
:100E880077B800BF001002400A4A0346106810B540
:100E980008B9094810600949094C0344091B8B42E9
:100EA80006D90FF023FB0C2303604FF0FF3010BD71
:100EB8001360FCE7AC000020B8AC0220000003205F
:100EC800000400000120704708B50FF00FFB16233F
:100ED80003604FF0FF3008BD08B50FF007FB16237D
:100EE8000360FEE770B50D4614460E46731B9C4220
:100EF80001DC204670BDAFF3008006F8010BF5E772
:100F080070B50D4614460E46731B9C4201DC204604
:100F180070BD16F8010B02F0F5FCF5E74FF0FF3055
:100F280070474FF4005300204B6070470120704712
:100F380000207047DFF834D001F088F9002103E081
:100F48000B4B5B58435004310A480B4B42189A42EA
:100F5800F6D30A4A02E0002342F8043B084B9A42BF
:100F6800F9D30FF0C9FAFFF7FFFEFEE700000320F0
:100F780058BE0208000000207800002080000020F1
:100F8800B8AC0220FEE710B538B1406928B1024676
:100F98000468002301209C4200DC10BD52F8041FA5
:100FA800002902DD48430133F5E70020F5E700009A
:100FB800104B1A68137F032B16D0092B07D0012B6F
:100FC80015D1136903EB800393ED000A7047136989
:100FD8001B56D168D2ED027A5B1A00EE103AB8EED1
:100FE800C00A20EE270A704713691B5CF1E79FEDE2
:100FF800020A7047F8020020000080FF7047D0F80E
:101008004C2138B5092A06D8002300F580749A4285
:1010180003D1002008E00FF054F854F8045F8D4223
:1010280003D14A3350F8230038BD0133EFE72DE9E7
:10103800F04104460F4606460025D0F80081A84531
:1010480001D100200BE0B369202B0AD13946F069A1
:10105800FFF7CEF828B91C2303FB05400430BDE890
:10106800F08101351C36EAE7F8B5154B05461868D6
:101078000CF006F8044600BBFFF79AFF114EB0EEDD
:10108800407AA6EC010A01200F4B1F68874202D85C
:101098008DB90020F8BDFFF78BFFB4EEC70AF1EE5B
:1010A80010FAA6EC010AD4BFB0EE470A0446B0EE27
:1010B800407A0130EAE72C60EBE76FF00700E9E7D8
:1010C80000030020D8020020D00200202029F0B51B
:1010D80007D000231C25D0F8004100F11806A342D0
:1010E80001D1002006E005FB03F2B758B94202D14E
:1010F80004321044F0BD0133F1E700002DE9F04758
:1011080017463C4A054692F900002DED028B8846A9
:1011180078B965B1384A1268914208D1374A1668D9
:10112800327F032A40D0092A13D0012A05D06FF054
:101138000600BDEC028BBDE8F0878A0030692946BD
:101148000FF001FABDEC028B3846BDE8F047FFF717
:101158008BBFD6ED027AF5EEC07AF1EE10FAE6D939
:1011680004469FED278A6FF07F09A045EAD0F5EC89
:10117800017AB0EEE77AB4EE487AF1EE10FAD6D8F2
:1011880096ED020A87EE800AD6F810A00EF0C2FB90
:10119800F36818444845B8BF48467F28A8BF7F2051
:1011A8000AF804000134E0E7D6ED027AF5EEC07AD9
:1011B800F1EE10FABBD904469FED118AA045C1D0C3
:1011C800F5EC017AB0EEE77AB4EE487AF1EE10FA6F
:1011D800ADD896ED020A87EE800AD6F810900EF088
:1011E80099FBF368184480F3080009F804000134F7
:1011F800E4E700BF04000020D4020020FC02002025
:10120800FFFF7F7F00487047D8020020024B186814
:1012180000B10069704700BFF8020020084B186849
:1012280058B1007F032809D0092807D0431E584227
:1012380058418000034B1B68584370470120F9E769
:10124800F8020020D0020020014B1868704700BF48
:10125800D4020020014B1868704700BFD00200205C
:10126800014B1868704700BFCC020020084B186873
:1012780058B1007F032809D0092807D0431E5842D7
:1012880058418000034B1B68584370470120F9E719
:10129800FC020020D402002038B50D4B044693F917
:1012A8000000154690B97CB1FFF7E0FF884202467E
:1012B8000AD1084B21461B6818690FF044F92846E3
:1012C800BDE83840FFF7D0BE6FF0060038BD00BF5C
:1012D80004000020FC020020024B186800B1007FC7
:1012E800704700BFFC020020024B186800B1007F65
:1012F800704700BFF8020020044B1B6813B193ED40
:10130800020A70479FED020A704700BFFC020020E6
:1013180000000000024B186800B1C068704700BFA9
:10132800FC020020044B1B6813B193ED020A7047BE
:101338009FED020A704700BFF8020020000000007D
:10134800024B186800B1C068704700BFF80200205F
:1013580007289ABF024B53F820000248704700BF85
:1013680090670208F360020820292DE9F843054632
:1013780088461446994608D120480BF0B5FE204807
:101388000BF0B2FE0120BDE8F88303681B6898479C
:10139800074638B11B480BF0A7FE41461A480BF028
:1013A800A3FEEFE7D5F800C1BCF1080F06D9414606
:1013B80016480BF099FE09211548F0E74FF01C0E6E
:1013C8000FCC0EFB0C5E0EF104060FC60CF10103E8
:1013D80094E8070086E80700CEF81880C5F80031C1
:1013E800D5F84C31384605EB83020133C2F8048145
:1013F800C2F82891C5F84C31C5E700BF243402086B
:10140800553402086A34020899340208BA340208CA
:10141800EB340208074B2DE9F0411A684CF24033CF
:101428009A428CB00AD06FF00800034B18700CB0C9
:10143800BDE8F0814015010804000020AB4B1A6894
:10144800D4189B58E31A1A88042A40F246819B88CC
:10145800002B00F04281E358032B40F03E81A44A60
:10146800A448136813F001030BD1C0F80031C0F889
:101478004C310123A04913600160A04AA0490EF035
:101488001BFE05A806F004FF00219E4B994805AAFB
:10149800FFF76AFF002840F01D8105A803F0DEF879
:1014A8000321994B934805AAFFF75EFF002840F0F7
:1014B800118105A803F09AFF0421944B8D4805AAD1
:1014C800FFF752FF002840F0058105A804F074FBDF
:1014D80009218F4B874805AAFFF746FF002840F0EF
:1014E800F98005A805F0CAF90E218A4B814805AA9A
:1014F800FFF73AFF002840F0ED8005A807F0BEFF8F
:101508001121854B7B4805AAFFF72EFF002840F0E4
:10151800E18005A809F032F92821804B754805AA11
:10152800FFF722FF002840F0D58005A808F0D2F97F
:1015380012217B4B6F4805AAFFF716FF002840F0E1
:10154800C98005A805F086FE1921764B694805AAC9
:10155800FFF70AFF002840F0BD80734D2B68DE07B7
:1015680013D40023CDE9023301934FF4C03321464D
:10157800604A00936D486E4B0BF0F0FA01235F4A06
:101588006C496A482B600EF097FD68486A4D2860E0
:101598000BF088FC0446002840F0A2800146286829
:1015A8000BF01CFB654E2146306028680BF038FBB9
:1015B800DFF8A4810446C8F800003068FFF7E3FCB0
:1015C8005F4F38602046FFF7DEFC5E4C2B682060DA
:1015D800D86E0AF0D7FA5C4B31681860002900F021
:1015E80082804B69002B7ED01A68042A7BD15A6806
:1015F800012A78D19A68202A75D1DA680D2A72D121
:101608001B69012B6FD1D8F80020002A6BD05369D1
:10161800002B68D01868022865D15868012862D163
:101628009B68082B5FD13B68B3F5D07F5BD12368FB
:10163800082B58D10D7F6B1EDBB2082B00F28E8071
:1016480040F2051020FA03F3DC0740F18780147F8D
:10165800631EDBB2082B00F28180D840C3077DD51A
:10166800092D7FF4E0AE092C7FF4DDAED1ED027ACE
:10167800F5EEC07AF1EE10FA7FF6D5AE9FED337A2B
:1016880077EEC77A9FED327AF0EEE77AF4EEC77A12
:10169800F1EE10FA3FF6C7AECB685C2B7FF4C3AE11
:1016A800D2ED027AF5EEC07AF1EE10FA7FF6BBAE13
:1016B800DFED286A77EEE67AF0EEE77AF4EEC77A9D
:1016C800F1EE10FA3FF6AFAED36880337FF4ABAEDD
:1016D8000020AAE66FF00200A7E66FF00100A4E67A
:1016E8006FF00300A1E66FF004009EE650150108B4
:1016F800780100207C0100207C670208000000209F
:101708000510000811B5000871B5000833B60008C7
:10171800D1B6000885B40008D7B70008B9B40008E6
:101728008DB7000889B80008B0000020B400002078
:101738001003002055CC000800030020FC02002004
:10174800D4020020D0020020CC020020A457A440DC
:1017580095BFD6330000803BF80200206FF00500EB
:1017680063E600BF074AD2F8FC3043F08073C2F842
:10177800FC300022044B5A601A6842F001021A60D9
:10178800704700BF00ED00E0001000E00020704747
:101798002DE9F04F2DED048B1646804683B00028C6
:1017A80000F0EA80002A00F0E780B1F57A5F40F0A7
:1017B800E380B3F5D07F40F0DF80714C237863B9C4
:1017C80070480DF001FA30B16FF0C90003B0BDECFC
:1017D800048BBDE8F08F012323706B4F9FED6B8A5C
:1017E800BA46DFED6B8A6B4DDFF8B4912B466A4938
:1017F8006A4A05F50060B3F57A5F37BF38F91340D8
:10180800F0EE487A07EE904AF8EEE77AB1EC017A02
:1018180038BF67EEA87A67EE277A01338342E2EC95
:10182800017AE8D100235E4A5C4956480DF0ACF9CC
:10183800D9ED007A67EEA77A99ED017AC9ED007AB9
:101848000122574B191DD3ED037AD3ED026A67EED7
:10185800A77A46EEA67A0132B2F5806FE1EC017AFA
:1018680003F10803EFD127EE077A4E4B504683ED7C
:10187800007A80244C49DFF84CC1DFED447A3CF80B
:10188800022B0B8809EB82020192484A31F802BF09
:1018980002EB830E5B4565D3013CE0EC017AECD1A9
:1018A80005F50075B5F5705F0AF5007A9ED19FEDD4
:1018B800408ADFED408AB2EE049ADFF8CC90C84641
:1018C800802598ED000AB4EEE80AF1EE10FA48BF58
:1018D800B0EE680A0DF0DEFF20EE090AB4EEC80A81
:1018E800F1EE10FAC8BFB0EE408A013DA8EC010A3B
:1018F800E7D10134202C09F50079E0D1DFED2E7A0B
:10190800DFED2E6A38EE678A2D480346002206EB83
:1019180085013C46DFED1D7A03F5007CB4EC017AC5
:10192800B4EEC78AF1EE10FAB3EC016AC8BFB0EEA4
:10193800487A634547EE067AF0D1B0EEE77AB4EE1E
:10194800667AF1EE10FA3FF63FAF01320D2AE1EC6C
:10195800017ADED10D35B5F5D07F07F50077D4D102
:10196800002033E7019ABEEC017AF2EC016A0133F8
:1019780046EE877A01928DE76FF0C70026E700BF31
:1019880010830120148301202C8301200000000013
:101998000000003800FCFFFF241402082CE301209B
:1019A8002CC301202CD301202012020890F2010838
:1019B800000080FFFFE6DB2E0000A042FFFF7F7FD4
:1019C80090D801082213020830B5084D0A44914204
:1019D80000D130BD11F8013B5840082340F3000402
:1019E8002C40013B84EA5000F8D1F0E72083B8EDA1
:1019F80070B51D46144B86B0019301238DF808304D
:101A080000230A9E0446CDE903268DF809103246C4
:101A180029464FF0FF30ADF80A30FFF7D5FFC04335
:101A28004FF4FA6305901422204601A901F059FDEC
:101A380038B936B141F2883329462046B2B201F0AE
:101A480050FD06B070BD00BF534D543130B50D4642
:101A580000219DB004468DF86F10039219465F224D
:101A680004A80EF0A5FC64232A460093FF21204613
:101A780003ABFFF7BDFF1DB030BD00002DE9F043FB
:101A88004FF05C084FF0FF391F469BB006460D46E5
:101A980014460021424603A8CDF808900EF06EFCCB
:101AA800CDF810904FB10397CDF8008082213046D1
:101AB800AA6803ABFFF79CFF0CE074B1FFF7D6FBF5
:101AC800EB6883420DD06FF0640230462D4BA96855
:101AD800FFF7BCFF1BB0BDE8F083FFF7B5FB800044
:101AE800EEE7012001F092FE274BD3F80480002C8A
:101AF8003BD0E968254802AAFFF7CEFB0446224BF3
:101B080001205F6801F092FE029BA7EB080704938F
:101B18000394059700F0D2FC1D4B984283BF013314
:101B2800B0FBF3F0059B002388BFB3FBF0F30693EB
:101B3800C4B9FFF767FB0446FFF78CFB2346089000
:101B48000AA904EB8002934217D1FFF767FB20280C
:101B580028BF20200990FFF759FB099A014612A8CF
:101B68000EF0F1FC5C230093A0E7FFF76DFB02AADF
:101B780001460648FFF7C2FAC0E753F8040B41F8DC
:101B8800040BE0E798350208001000E08894022072
:101B98003F420F007FB5084B03921A699B69049274
:101BA80005930C230A46009390216B44FFF720FF0E
:101BB80007B05DF804FB00BF301702202DE9F041A3
:101BC800ECB002AC1546074640F2A51288462046FE
:101BD80000210EF0D3FB40F201132560A380FFF72C
:101BE8007BFBA071FFF780FB2D4B2E4AE071C4E907
:101BF80002234FF008132361FFF726FB00284CD07F
:101C0800FFF722FB284B60611B680FADA3614FF4FF
:101C1800C033E361FFF724FB2062FFF76DFB84ED1F
:101C2800090AFFF777FBA062FFF77CFB84ED0B0A3C
:101C3800FFF786FB1D4B206303F128022E46186828
:101C48005968083303C693423546F7D118689A880D
:101C58009B793060B280B371412215491BA80EF000
:101C680072FC00250DF1AD062846FFF771FB013522
:101C780001461F2230460EF09BFB082D06F1200678
:101C8800F2D140F2A51342460093812123463846FB
:101C9800FFF7AEFE6CB0BDE8F0814FF4D070B1E74D
:101CA8000D0001000100200040150108CD35020893
:101CB800FC3502082DE9F04F2DED048BABB004463E
:101CC800FFF7A8FB0646FFF74DFD002001F0AEFD2B
:101CD800012001F0ABFD022001F0A8FDB6BB3046A3
:101CE80001F094FD324600212046FFF767FF0025EA
:101CF800844B0C934FF0000301228DF81B302046D3
:101D08004FF0FF330DF11B0101F046FCB0B905F1AE
:101D1800A8026A449DF81B3012F8781C994217D122
:101D2800032D05F1010002F88C1C16D14FF4FA635B
:101D38001022204608A901F02FFC80B16FF067023D
:101D48000021714B2046FFF781FED0E70220C7E74C
:101D5800532B04BF01208DF81C300546CAE79DF8B7
:101D68002030012B04D0694B6FF063020999E9E731
:101D7800BDF822300BB1664BF6E741F208430A9AE8
:101D88009A4203D9634B6FF06402EFE75AB141F20C
:101D980088332046604992B201F0FEFB18B16FF01B
:101DA80067025E4BE2E7DDF828A04FF0FF305246AD
:101DB8005949FFF709FEC0430B9B834203D0584B98
:101DC8006FF06502D2E79DF82130013B122B00F23B
:101DD8001D82DFE813F013001D0024001B021B0204
:101DE8001B021B021B021B021B021B021B021B0203
:101DF8001B021B0227006D002F01FA010999BAF195
:101E0800000F03D06FF06402464B9BE732466BE746
:101E180033460022204607A9FFF730FE67E733461E
:101E28000122F7E7BAF1100F01D03F4BABE73F4D66
:101E3800394B47F65852D3E900B700212846B3F882
:101E48000880B3F80AA0D3F80C900EF097FA16B1F0
:101E58003246099904E0FFF799FC0999024618B13E
:101E68002046FFF797FE42E7BBF57A5F05D1B8F148
:101E7800010F02D1BAF1000F03D02D4B6FF06802A9
:101E880060E72C4B7A1E9A4204D8B7FBFBF30BFB96
:101E980013730BB1284BF1E74FF0FF333246C5E916
:101EA800017985F80080EB602E6385F83460D7E708
:101EB8001E4D2B781BB9214B6FF0690256E7BAF11A
:101EC800040F02D91AF0010901D01D4B5BE7124F2C
:101ED8002B693968994208D16B68AAF104025B1A28
:101EE800B3EB520F4FEA520B01D2164BE4E7E86806
:101EF800391DFFF769FDDFF85080E860CB4525D133
:101F08000022A6E7534D54313D36020858360208E0
:101F1800753602089036020888940220B8360208FE
:101F2800D4360208EB3602080E37020830170220B2
:101F3800383702087E8A1D00603702089637020883
:101F4800C1370208F0370208001000E07B793A79BF
:101F580042EA03226B69591C05EB4303DA862B69B5
:101F6800B1F57A5F03F1010369612B6152D1D8F8A9
:101F780004A00391FFF768F9A64A03460399A64807
:101F8800FFF706FCD5E90832D8F804102863A1EB5E
:101F98000A015B1842F10002C5E90832024600282E
:101FA80045D14FF0010A4FF0FF3350460C9385F8A6
:101FB80001A001F02BFCD8F804300593FFF744F991
:101FC8000CAA01469348FFF799F8D8F80410049032
:101FD8005046039101F02AFC0399059B049AC81AFC
:101FE800D5E90A311B1841F10001C5E90A3185F824
:101FF8003420E2B9FFF706F98246FFF72BF953467A
:10200800864A0AEB8000984208D1AB690133AB617C
:1020180000236B6109F1010902376FE7D2ED007AFD
:10202800B3EC017A77EE877AE2EC017AEBE70023EA
:102038002B700EE7BAF1000F01D0794BA3E6794D6A
:102048002B785BB1D5F810906B68994506D16F690C
:1020580027B9D5F81880B8F1000F01D1724B2BE7DA
:10206800EB68AA68DB43934203D0704B85F800A065
:10207800A6E66C2251460FA80EF080F9D5E9082C87
:102088004FF0FF3195F93430CDF894800C932B6BD9
:102098000D91CDE92339D5E90A3012EB03084CEB51
:1020A800000991427AEB0C0C38BF0A4626920022AE
:1020B800994282414FF0FF3238BF134642454FF0F4
:1020C800000272EB09022893434638BF4FF0FF33F2
:1020D8000E9300F0F3F9564B984227D90133B0FB21
:1020E800F3FAD5E9080100235246FEF7A9FD0029B5
:1020F80008BF0346D5E90A0118BF4FF0FF3352461F
:1021080027930023FEF79CFD00290CBF03464FF0E0
:10211800FF3352462993404600234946FEF790FD77
:10212800002914BF4FF0FF3303460F93239B0C9AEB
:10213800134310D1FFF78EF89FED3E9A6FF07F0B97
:10214800DFF8D89011900DF16B080DF14C0A119B36
:102158009F420BD3129300232B7078239221099A64
:1021680000930CAB2046FFF743FCC0E5D5ED067A9B
:10217800B9EC017AF8EE677AC7EE278AF4EEC98AD5
:10218800F1EE10FAEAEC018AC4BFB0EE689A0D9736
:10219800FFF7C8F8B0EE408AFFF7D2F8B5EEC08A6C
:1021A800F1EE10FA034606DD88EE880A03900DF07A
:1021B800FDFB039B03447F2BA8BF7F235B45B8BF70
:1021C8005B46013708F8013FC1E7BAF1000F01D0BB
:1021D800194BD8E5134B5A780AB9184B6CE61B6BA8
:1021E800174D2B60FFF730F86860FFF72DF80949A5
:1021F800820005F108000EF0A6F9FFF725F8023075
:1022080080002B469121099A0090ABE76FF0660297
:102218000C4BABE52C0302206617022068940220C1
:102228001E38020830170220423802085D380208BA
:102238003F420F00000080FF80380208AC380208D7
:1022480088940220D338020870470000034AD2F865
:10225800883043F47003C2F88830704700ED00E01E
:1022680021490B681B0754BFD1F894300B688A6862
:1022780058BFC3F3032302F00C0248BFC3F3031390
:10228800082A2FD019480C2A50F823300CD01848A7
:10229800042A08BF03468A681649C2F303128A5CF7
:1022A800D340154A13607047C868CA6800F0030035
:1022B800C2F30312022802F101020FD003280FD043
:1022C800B3FBF2F2CB68C868C3F306235343C0F3E9
:1022D800416201325200B3FBF2F3DCE7044BEFE753
:1022E800064BEDE7054BD6E700100240B067020841
:1022F8000024F400F86702080800002000127A00A1
:1023080038B50F4B05461A780AB9012038BD4FF485
:102318007A73B3FBF2F30B4A1068B0FBF3F000F0EA
:10232800BDFE04460028F0D1072DEED80246294606
:102338004FF0FF3000F074FE034B20461D60E5E7C8
:102348000C000020080000201000002010B5042018
:1023580000F054FEFFF784FF0020FFF7D1FF04468A
:1023680018B9FEF777FD204610BD0124FBE70000F1
:10237800034A044B11681B780B441360704700BF75
:1023880090A802200C000020014B1868704700BF7D
:1023980090A8022037B51D4D0446AB6DD90018D55D
:1023A80000F0D6FD30F4007323D1802C03D9A02C83
:1023B8008CBF0223012316490A6822F00F021A4330
:1023C8000A60086800F00F00C01A18BF012003B0A7
:1023D80030BDAB6D43F08053AB65AB6D03F08053FC
:1023E8000193019B00F0B4FDAB6D23F08053AB6506
:1023F800D8E7802C05D806D0A4F170025342534187
:10240800D9E70323D7E70223D5E700BF001002402E
:1024180000200240254B9A68D96812F00C0205D0BA
:102428000C2A24D101F00301012927D11968204879
:10243800090755BFD3F894101968C1F30321C1F3F4
:10244800031150F8210082B3D968DA6801F003015A
:10245800C2F30312022902F1010211D003291ED08E
:10246800B0FBF2F0D968C1F3062148430FE0042A13
:102478001AD0082A0F4818BF002070470020E3E749
:10248800D8680D49C0F30620B1FBF2F25043DB686F
:10249800C3F3416301335B00B0FBF3F07047D868C6
:1024A8000449C0F30620EFE70348704700100240D4
:1024B800B067020800127A000024F40008B5FFF79C
:1024C800A9FF044B044A9B68C3F30313D35CD840A9
:1024D80008BD00BF00100240F86702082DE9F3416B
:1024E800054618B9012002B0BDE8F081904C036898
:1024F800A668E768DB0606F00C0607F0030735D583
:102508001EB10C2E62D1012F60D12368980702D525
:10251800EB69002BE6D02368686A190756BFD4F820
:10252800943023681B0903F0F003984237D9FFF76A
:1025380031FF0028D6D1236843F0080323602368BD
:102548006A6A23F0F0031343236063682A6A23F45A
:102558007F4343EA02236360FFF7B0FF754B1860BF
:10256800754B1868FFF7CCFE0028BCD12B68DB0739
:1025780069D42B68990700F1AF802B681E0700F11A
:10258800F2802B68590700F12F812B689A0600F119
:10259800F081EB6A002B40F020820020A3E723683B
:1025A80043F008032360236823F0F0030343236008
:1025B80063682A6A23F47F4343EA02236360002E98
:1025C800CAD1FFF7E7FE0028C6D08BE7EB6933B323
:1025D800236843F001032360FFF7D6FE8046236893
:1025E8009B0711D5236843F00803236023686A6AB0
:1025F80023F0F0031343236063682A6A23F47F43BC
:1026080043EA02236360B1E7FFF7BEFEA0EB0800D0
:102618000228E4D923689A07E1D4032063E72368F2
:1026280023F001032360FFF7AFFE804623689A0773
:102638009CD5FFF7A9FEA0EB08000228F6D923686D
:102648009907EAD4F2E7082E03D00C2E08D1032FFD
:1026580006D123689A038CD56B68002B89D141E792
:102668006B68B3F5803F14D1236843F4803323604B
:10267800FFF78AFE8046236899033FF57AAFFFF794
:1026880083FEA0EB08006428F5D923689B03C4D512
:10269800F1E7B3F5A02F04D1236843F48023236026
:1026A800E2E7226822F480322260226822F4802243
:1026B8002260002BDCD1FFF767FE804623689B036E
:1026C8007FF557AFFFF760FEA0EB08006428F5D947
:1026D80023689A03A1D4F1E7042E03D00C2E10D15D
:1026E800022F0ED123685E0503D5EB68002B3FF45B
:1026F800F9AE63682A6923F0FE4343EA0263636024
:102708003BE7EB68D3B1236843F480732360FFF79A
:102718003BFE064623685A05EBD4FFF735FE801BBF
:102728000228F7D9236859057FF577AFF2E700BF8C
:10273800001002400800002010000020236823F445
:1027480080732360FFF720FE064623685F057FF548
:1027580014AFFFF719FE801B0228F6D923685B0522
:102768003FF55BAFF1E76B692BB3AB69F3B9D4F80D
:10277800943023F01003C4F89430D4F8943043F024
:102788000103C4F89430FFF7FFFD0646D4F89430EF
:102798009B073FF5F6AEFFF7F7FD801B0728F5D935
:1027A800D4F894309A077FF538AFEFE7D4F894302F
:1027B80043F01003DFE7D4F8943023F00103C4F8A2
:1027C8009430FFF7E1FD0646D4F8943099077FF579
:1027D800D8AEFFF7D9FD801B0728F5D9D4F8943077
:1027E8009F073FF51AAFEFE7A36DDA0043D401273F
:1027F800A36D43F08053A365A36D03F08053019349
:10280800019BA74E3368DB0537D5AB68D80749D499
:10281800D4F8902022F00102C4F89020D4F8902037
:1028280022F00402C4F89020002B4AD1FFF7ACFD37
:1028380041F288380646D4F89030990700F18D8027
:10284800D4F890301A0655D541F28838D4F890302B
:1028580023F08003C4F89030D4F89030190549D596
:10286800FFF792FD801B4045F6D9D4F890301B0540
:102878003FF5D3AEF0E70027C3E7336843F480732E
:102888003360FFF781FD80463368DA05BDD4FFF772
:102898007BFDA0EB08000228F6D93368D9057FF53F
:1028A800BCAEF1E713F0040FD4F890301EBF43F02C
:1028B8000403C4F89030D4F8903043F00103C4F80E
:1028C8009030FFF761FD41F288380646D4F8903021
:1028D800990717D5AB6813F0800FD4F8903027D03C
:1028E80041F2883843F08003C4F89030D4F890302F
:1028F8001B0512D5002F3FF448AEA36D23F080537B
:10290800A36542E6FFF740FD801B4045DED9D4F8B9
:1029180090309B077FF581AED8E7FFF735FD801B28
:102928004045E3D9D4F890301A057FF576AEDDE757
:1029380041F2883823F08003C4F89030D4F89030FE
:102948001A05D7D5FFF720FD801B4045F6D9D4F8E6
:10295800903019053FF561AEF0E7FFF715FD801BD4
:1029680040457FF668AFD4F890309B073FF555AEE9
:1029780061E7AB6AC3B1D4F8983043F00103C4F8F7
:102988009830FFF701FD0646D4F898309F073FF5C9
:1029980000AEFFF7F9FC801B0228F5D9D4F898306F
:1029A8009B077FF53AAEEFE7D4F8983023F00103A0
:1029B800C4F89830FFF7E8FC0646D4F898309A0730
:1029C8007FF5E7ADFFF7E0FC801B0228F5D9D4F8C6
:1029D800983099073FF521AEEFE7A26802F00C02A4
:1029E8000C2A63D0022B236823F08073236042D122
:1029F800FFF7CAFC064623689F0132D4E268294BD8
:102A080013402A6B1343AA6B43EA0223EA6B43EA97
:102A1800C2636A6B013A43EA02132A6C5208013A0C
:102A280043EA42536A6C5208013A43EA4263E3605C
:102A3800236843F080732360E36843F08073E360A6
:102A4800FFF7A2FC0546236899013FF5A6ADFFF7FD
:102A58009BFC401B0228F6D9236898017FF5DDAD61
:102A6800F1E7FFF791FC801B0228C4D923689B017A
:102A78003FF5D3ADBFE7FFF787FC054623689B0109
:102A880004D4E268084B1340E36086E5FFF77CFC5A
:102A9800401B0228F2D923689A013FF5BEADEDE745
:102AA800007000400C809F01FCFFEEFE012B3FF4FC
:102AB80019ADE3682A6B03F0030191427FF412AD6C
:102AC800696B03F0F0020139B2EB011F7FF40AAD24
:102AD800A96B03F4FE42B2EB012F7FF403ADE96B5F
:102AE80003F07842B2EBC16F7FF4FCAC2A6C03F4BC
:102AF800C0015208013AB1EB425F7FF4F3AC6A6C53
:102B080003F0C0635208013AB3EB426F14BF0120CF
:102B18000020E8E42DE9F8430E46054610B90120E7
:102B2800BDE8F883724A136803F00F038B4232D36F
:102B3800296888073AD4C9077AD56F686D4C032F7E
:102B4800236840F0A0809A01E9D5E368E26803F0C1
:102B58000303C2F30312022B02F1010233D0032B49
:102B680039D0012B3CD00023E268C2F34162013224
:102B78005200B3FBF2F3604A93423FD9A36813F0C3
:102B8800F00F3BD1A3684FF0800823F0F00343F027
:102B98008003A36034E0136823F00F030B43136032
:102BA800136803F00F038B42B9D1C1E7514AA868F3
:102BB800936803F0F003984281BF936823F0F00311
:102BC80003439360B7E7E3684C49C3F30623B1FBBB
:102BD800F2F25343C8E7E3684949C3F30623F6E72B
:102BE8002368484A1B0755BFD4F894302368C3F3B9
:102BF8000323C3F3031352F82330B5E74FF000085B
:102C0800A36841F2883923F003033B43A360FFF72D
:102C1800BBFB0746A3686A6803F00C03B3EB820F9B
:102C280043D1B8F1000F03D0A36823F0F003A360E9
:102C3800296888070BD52F4AA868936803F0F00322
:102C480098423FBF936823F0F00303439360284AF8
:102C5800136803F00F03B34235D84A073FD40B0774
:102C680007D5244A2969936823F4605343EAC103CA
:102C78009360FFF723FC244B1860244B1868BDE8C9
:102C8800F843FFF73DBB022F08D113F4003F3FF490
:102C980046AFFFF7BFFB184B98426EE717B913F022
:102CA800020FF4E713F4806FF1E7FFF76DFBC01B29
:102CB8004845AFD9A3686A6803F00C03B3EB820FE9
:102CC800A8D003202CE7136823F00F0333431360C5
:102CD800136803F00F03B3427FF421AFBDE7054A41
:102CE800E868936823F4E06303439360B7E700BFA1
:102CF800002002400010024000B4C4040024F40084
:102D080000127A00B06702080800002010000020B6
:102D180008B5FFF7D3FB044B044A9B68C3F30223AF
:102D2800D35CD84008BD00BF00100240F06702081D
:102D380008B5FFF7C3FB044B044A9B68C3F3C223DF
:102D4800D35CD84008BD00BF00100240F0670208FD
:102D58002DE9F04F00234FF00F0A5E4C0A6832FA53
:102D680003F501D1BDE8F08F012505FA03F919EA49
:102D7800020200F0A18003274E684FEA430806F0DC
:102D8800030507FA08FE6F1E012F6FEA0E0ED1F831
:102D980008C031D8876807EA0E0BCF6807FA08F72A
:102DA80047EA0B078760476827EA0909C6F300174F
:102DB8009F4047EA09074760C7680CFA08FC07EA1A
:102DC8000E074CEA0707022DC7601AD14FEAD30C49
:102DD80000EB8C0C03F00709DCF820704FEA890936
:102DE8000AFA09FB27EA0B0B0F6907FA09F747EA02
:102DF8000B07CCF8207004E0032DDDD1BCF1010FE6
:102E0800DAD1076805FA08F507EA0E073D4316F414
:102E1800403F056050D023F0030707F1804707F5CE
:102E28003D3703F0030C3D6E4FEACC0C0AFA0CFE5A
:102E380025EA0E0E284DA84240D005F58065A84227
:102E48003ED005F58065A8423CD005F58065A842CE
:102E58003AD005F58065A84238D005F58065A842C6
:102E680036D005F58065A84214BF0725062505FA62
:102E78000CF545EA0E053D66D743256816F4801F14
:102E88000CBF3D4015432560656816F4001F0CBF54
:102E98003D4015436560D4F8845016F4003F0CBFDC
:102EA8003D401543C4F88450D4F88050F60354BF0D
:102EB8003D401543C4F8805001334FE70025D6E75D
:102EC8000125D4E70225D2E70325D0E70425CEE77C
:102ED8000525CCE700F40240000002420AB18161F6
:102EE800704781627047012905D0022901D029B9AC
:102EF8004260826000E04260002070470120704715
:102F080010B10160002070470120704770B501259D
:102F18000468064604F01F039D40C4F300440A4BAE
:102F28006401E2582A4203D0E550436803B1984748
:102F3800064BE2582A4205D0E550B36813B1BDE804
:102F48007040184770BD00BF0CF4024010F40240F6
:102F5800024B186800F4C060704700BF0070004062
:102F6800024A536843F4007353607047007000408E
:102F7800024A936843F480439360704700700040AE
:102F8800044B1869C3045ABFC04300F400404FF40F
:102F98008050704700700040154A10B5014614680B
:102FA800FFF7EEFFB0F5004F20D0D3681B041DD407
:102FB80004F4C0648C4201D1002010BD136823F4CE
:102FC800C0630B4313600B4B0B491B68B3FBF1F356
:102FD80003EB83035169480501D5591C04D1536992
:102FE8005B05E9D50320E8E7013BF3E70120E4E7C7
:102FF8000070004008000020A08601000749030275
:10300800CA6803F4E06322F4E0621204120C13436A
:1030180043F0BF6343F40033CB60704700ED00E03A
:10302800154B30B5DC68C4F30224C4F10703E51C72
:10303800032B28BF0323062D4FF0FF3594BF002430
:10304800043C05FA03F321EA0303A54022EA05023A
:10305800A340002843EA0203ACBF00F16040074ADE
:103068004FEA4313DBB2ABBF00F5614000F00F003D
:1030780080F80033135430BD00ED00E014ED00E09B
:10308800002807DB01234109034A00F01F008340A1
:1030980042F82130704700BF00E100E00138B0F18C
:1030A800807F0BD24FF0E023E021054A586182F877
:1030B80023100020072298611A6170470120704789
:1030C80000ED00E00146064A106810F0010009BF53
:1030D8001368012023F004030B4308BF13607047F3
:1030E80000040340034A0020136843F001031360FF
:1030F800704700BF0004034010B5026852E8003F63
:1031080023F4907342E8003102680029F5D10F4C8E
:1031180002F1080353E8003F234002F1080C4CE891
:1031280000310029F4D1C36E012B07D152E8003FCA
:1031380023F0100342E800310029F7D12023C0F81A
:103148008C300023C366436710BD00BFFEFFFFEF4E
:1031580070470000F8B504462169A26823680A434D
:1031680061691D68C0690A438449024329400A43CA
:103178001A605A68E16822F440520A435A60804A49
:10318800A16993421CBF226A11439A6822F06E42D9
:1031980022F430620A439A60DA6A616A22F00F0206
:1031A8000A43DA62774A934230D1774BD3F88830B2
:1031B80003F00303022B00F0D880032B00F0C88033
:1031C800012B00F0CC80B0F5004F40F0D380FFF722
:1031D800AFFD002877D06D4B626A616833F8122022
:1031E8004B08B0FBF2F203EB4203B3FBF1F34FF6EB
:1031F800EF72A3F11001914220D823F00F02216849
:1032080092B2C3F342031343CB605CE0604A93423B
:1032180016D15D4BD3F8883003F00C03082B00F06F
:10322800A48008D8002B40F09A80B0F5004F78D1E0
:10323800FFF76EFDCDE70C2B00F08A80012043E0FC
:10324800544A93420AD1504BD3F8883003F03003E4
:10325800202B00F08A80E5D9302BEDE74E4A9342C7
:1032680009D1494BD3F8883003F0C003802B7CD0B8
:10327800D8D9C02BE0E7494A93420BD1424BD3F847
:10328800883003F44073B3F5007F6ED0CAD9B3F524
:10329800407FD1E73A4A9342D0D13B4BD3F88830AC
:1032A80003F44063B3F5006F15D003D843B9FFF7B3
:1032B8002FFD07E0B3F5406FC0D14FF400400BE09D
:1032C800FFF7A8F840B900204FF00113A3660023C8
:1032D800C4E91D33F8BD32482C4B626A656833F87F
:1032E800122005EB4501B0FBF2F39942A6D8B3EBE7
:1032F800053FA3D800231946FDF7A2FC0023064684
:1033080019464FF4807768082A46E6FB0701FDF75F
:1033180097FC244BA0F540729A428FD82368D86056
:10332800D1E7FFF7F5FC0028CDD0616A174A63683A
:1033380032F81120B0FBF2F000EB5300B0FBF3F0D1
:103348004FF6EF73A0F11002E6E7FFF763F8EAE73C
:10335800B0F5004F3FF43FAF4FF40040E5E7B0F55C
:10336800004FF2D1FFF756F833E7B0F5004F0C489D
:10337800DBD130E7FFF7DCFCD5E700BFF369FFCF0F
:103388000080004000380140001002400868020830
:103398000044004000480040004C004000500040FD
:1033A8000024F400FFFC0F00836A10B51A0706D545
:1033B8000168846B4A6822F4004222434A60DC07B1
:1033C80006D50168C46A4A6822F4003222434A607A
:1033D800990706D50168046B4A6822F480322243B3
:1033E8004A605A0706D50168446B4A6822F480226D
:1033F80022434A60DC0606D50168C46B8A6822F459
:10340800805222438A60990606D50168046C8A684E
:1034180022F4005222438A605A0610D50168446C8F
:103428004A68B4F5801F22F4801242EA04024A6016
:1034380005D14A68846C22F4C00222434A601B0604
:1034480006D50268C16C536823F400230B4353600C
:1034580010BD2DE9F84304460D4617469846DDF899
:1034680020902268D36935EA03030CBF01230023A7
:10347800BB4201D0002022E0B9F1FF3FF2D0FEF7B5
:1034880083FFA0EB0800484529D8B9F1000F26D0E2
:1034980021680B685A07E4D5802DE2D0402DE0D092
:1034A800CE6916F008060CD0082520460D62FFF7F5
:1034B80023FE00230120C4F8905084F88430BDE82E
:1034C800F883CB691B05CCD54FF4006320460B620B
:1034D800FFF712FE202384F88460C4F8903003209C
:1034E800EDE72DE9F7439846D0F888300446202BBD
:1034F8000E4617464ED119B9012003B0BDE8F08336
:10350800002AF9D021230025C0F89050C0F888304F
:10351800FEF73AFFA3688146B3F5805FA4F85470BC
:10352800A4F8567003D123690BB935461E46B4F882
:1035380056204B4692B2CDF800804AB94021204629
:10354800FFF787FF2023C4F888300028D5D008E08B
:10355800002280212046FFF77CFF20B12023C4F8F9
:1035680088300320C9E722688EB935F8023BC3F3D7
:1035780008039362D4F8883003F02103212BBBD1D0
:10358800B4F85620013A92B2A4F85620CFE716F8BC
:10359800013BEEE70220B0E72DE9F7439846D0F863
:1035A8008C300446202B0F46164661D119B90120EC
:1035B80003B0BDE8F083002AF9D022230025C0F823
:1035C8009050C0F88C30C566FEF7DEFEA3688146D1
:1035D800B3F5805FA4F85C60A4F85E600DD1236940
:1035E800DBB1FF221646A4F86020B4F85E0080B272
:1035F800E0B92023C4F88C30DAE733B92569002D07
:10360800EFD07F221D461646EDE7B3F1805F0AD161
:103618002369002BF5D03F22E4E740F2FF123D4634
:1036280016461F46DFE72A462E46DCE74B460022B1
:1036380020212046CDF80080FFF70BFF20B1202382
:103648000320C4F88C30B3E723685B6A334067B95A
:1036580025F8023BD4F88C30222BA8D1B4F85E3080
:10366800013B9BB2A4F85E30BFE707F8013BF1E7E6
:1036780002209DE773B500260446C0F89060FEF767
:1036880083FE236805461B681A071CD56FF07E4326
:10369800324600934FF4001103462046FFF7D9FE47
:1036A80088B1226852E8003F23F0800342E80031E5
:1036B8000029F6D12023C4F888300320002384F899
:1036C800843002B070BD23681B685B0724D56FF097
:1036D8007E43002200934FF480012B462046FFF7DB
:1036E800B8FEC8B1226852E8003F23F4907342E85C
:1036F800003122680029F5D102F1080353E8003FA0
:1037080023F0010302F1080040E800310029F3D159
:103718002023C4F88C30D0E720230020C4F8883058
:10372800C4F88C30E0662067C8E710B5044650B38B
:10373800D0F888301BB980F88430FFF709FD2423BE
:103748002268C4F88830136823F001031360A36A61
:1037580013B12046FFF728FE2046FFF7FBFC01289F
:1037680011D023682046BDE810405A6822F49042E0
:103778005A609A6822F02A029A601A6842F0010296
:103788001A60FFF777BF012010BD000030B51C4B51
:1037980089B0DA6CF8B942F00402DA64DB6C03F041
:1037A80004030093009B174B03A933F8105001231F
:1037B800CDE9043303230693134B039553F82040B4
:1037C8002046FFF7C5FA204600222946FFF786FB68
:1037D800002009B030BD012808D142F00202DA64A5
:1037E800DB6C03F002030193019BDCE742F001026A
:1037F800DA64DB6C03F001030293029BD3E700BF9A
:1038080000100240346802082868020808B5054B11
:10381800012233F81010044B53F82000FFF75EFB29
:10382800002008BD346802082868020808B5054B5E
:10383800002233F81010044B53F82000FFF74EFB1A
:10384800002008BD346802082868020870B5214BBA
:1038580086B0DA6C064642F00402DA64DB6C0020BB
:1038680003F004030093009B4FF4005301930223D9
:103878000C46CDE9030331B90291174801A9FFF7B6
:1038880067FA002013E00129FBD14FF4881312488E
:1038980001A90293FFF75CFA0C23104D104903FBB2
:1038A80006552846FFF72CFB18B16FF0030006B049
:1038B80070BD0C4A21462846FFF715FB0246002832
:1038C800F3D10F211820FFF7ABFB1820FFF7D8FB27
:1038D800D7E700BF001002400008024298A8022063
:1038E8000D000006F3380008704708B50020FFF700
:1038F800FBFF08BD0C22024B02FB0030FFF706BBA2
:1039080098A8022037B59425074B0190074C1878E2
:1039180001224FF47A7305FB004001A9FFF7E1FD8E
:10392800019803B030BD00BF94A80220A4A80220CB
:103938000A6842604A6882600A89C2604A890261EC
:103948000C2242618A894FF4004182610022C0E959
:1039580007124262FFF7E9BEFFF7EABF2DE9F0431D
:1039680007460E4695B0002900F097804C4B4D490C
:1039780053F820209423434301EB0308CA504A49D3
:103988004A4B4B4CCDE90B13CDE90D13494B4A4932
:10399800CDE902134FF4E163ADF80030ADF804301F
:1039A800464B9A4214BF0125002555D1A36D43F01B
:1039B8008053A365A36D03F080530493049BFFF722
:1039C800CFFAE36C43F04003E364E36C03F0400395
:1039D8000593059BE36C43F04003E364E36C03F059
:1039E80040030693069BE36D43F00103E365E36D33
:1039F80003F001030793079B14AB03EB450939F860
:103A0800483C0FA90F93022310931293012311939B
:103A180005F150030DEB030414F8503C139314AB59
:103A280003EB850555F8240CFFF792F939F8443C67
:103A380055F81C0C0F9314F84C3C0FA91393FFF77F
:103A480087F9314640462FBBFFF772FF00B36FF08E
:103A5800030015B0BDE8F083E36C43F00803E364AA
:103A6800E36C03F008030893089BE36C43F0080336
:103A7800E364E36C03F008030993099BA36D43F423
:103A88008023A365A36D03F480230A930A9BB3E7FD
:103A98000020DEE7FFF760FFD8E76FF00100D8E706
:103AA80020680208A4A8022000180242000C024262
:103AB8000010024000010002800000010080004068
:103AC800002908B501DA0CF0FCFA03688B42FADD2C
:103AD80000EB8100406808BD034601680022012010
:103AE80010B5914200DC10BD53F8044F0132604319
:103AF800F7E770B50568049C042D01D00CF0E1FAD5
:103B08004568A5B90029F9D18668AEB9002AF5D16A
:103B1800C568B5B9002BF1D10069B8B9002CEDD151
:103B280001FB062205FB023300FB034070BD0029A0
:103B3800E4DB8D42E8DCE1E7002ADFDB9642E7DCE4
:103B4800DCE7002BDADB9D42E6DCD7E7002CD5DB8F
:103B5800A042E5DCD2E770B515461E46FFF7B0FF78
:103B6800314604462846FFF7ABFF844201D00CF0EB
:103B7800A8FA70BD2DE9F04F9A464369A1B0159394
:103B8800B0F90A30CDE91E120D93B0F90C30DDF80A
:103B9800ACB00E93B0F90E300F93B0F9103010930B
:103BA800B0F902301193B0F904301293C369169337
:103BB800836A0A93C36A0B93DDE90A32934201DDF3
:103BC8000CF07FFADAF80030042BF9D1DBF800307A
:103BD800042BF5D12F9B1B68042BF1D100232F9ABE
:103BE80019465046FFF7B7FF03231990002158469E
:103BF8002F9AFFF7B0FF2E9BDAF8104008902BB1F0
:103C08002D98FFF769FF089B9842D9D1DAF8083058
:103C18001A93DAF80C301B93DBF808301C93DBF8A6
:103C28000C301D93DBF81030069394FBF3F3002B54
:103C3800C6D0069A02FB1344002CC1D1089A92FB05
:103C4800F3F30C93002BBBD0A1462F9B9B681793D3
:103C58002F9BDB681893199B994580F29A80129BD9
:103C68005B4209930023029310E0119B5B42079388
:103C780000230393039B189A9342C0F28880029B07
:103C88000E9A01330293099B13440993029B179AD6
:103C98009342EADB09F10109DDE70C9B002594FB5F
:103CA800F3F3069A099E534304951493049B1C9AB4
:103CB80093422DDB2E9B13B153F824301D441F9BD8
:103CC800284653F824201E9B53F8241009F0F4FDCD
:103CD800DDE902230546009449462F98FFF709FFBE
:103CE800169B01341D440A9B9D42B8BF1D460B9B81
:103CF8009D42A8BF1D46309B1D54089B9C42CCDBAF
:103D0800039B0D9A01330393079B13440793B1E771
:103D18000023079F0593059B1D9A934205DB049B8F
:103D280001330493109B1E44C0E756EA070328D4C6
:103D38001B9BBB4225DD1A9BB34222DD4FF00008D6
:103D48001CE0149B324643444946009350463B4688
:103D5800FFF7CFFEDDE904231390CDF8008021465C
:103D68005846FFF7C6FE139A2A9B08F101089B568E
:103D7800159A13442C9A125602FB0355069B984534
:103D8800DFDB059B013305930F9B1F44C3E700242A
:103D9800B3E721B0BDE8F08F2DE9F04F2DED048B8E
:103DA800AE4BADF20C4D1A680F46824609F0B3FAD5
:103DB800AB4B8046394650461A6809F0ACFA3C6865
:103DC80006464CB12368032B14D1A64B39465046FE
:103DD8001A6809F0A0FA0446A34B394650461A68F7
:103DE80009F09BFAD7F810B00546BBF1000F03D1D4
:103DF8000CF067F90024EFE7D7F80C90B9F1000F41
:103E0800F6D098F80800072800F03281092800F059
:103E18009083012840F01484BCAF4A46594638467E
:103E280000F046FC414629A809F085FAD8F8003088
:103E3800314630A8129309F07EFA002ED8D03368A4
:103E4800214637A8119309F076FA04B124680DF1D8
:103E5800F8082946404609F06EFA002DC8D02B68AC
:103E6800002145A8209309F066FAB7F90A30D7ED82
:103E78000C8A1393B7F90C3097ED0D9A1493B7F990
:103E88000E3029AD1593B7F910301693B7F90230F3
:103E98001793B7F904301893299B042BA8D1309BAA
:103EA80030AE042BA4D13E9B042BA1D10023424663
:103EB80019462846FFF74FFE032319904246002172
:103EC8003046FFF748FE2D9D0D902CB137A8FFF71F
:103ED80003FE0D9B83428BD12B9B329A1A932C9B0A
:103EE8001C921B93349B339A089395FBF3F31D9212
:103EF800002B3FF47DAF089A02FB1355002D7FF489
:103F080077AF0D9A92FBF3F31093002B3FF470AF49
:103F1800409A419B1E921F93199BAB4240F35383D7
:103F2800189B5B420E9300230B9310E0179B5B4298
:103F38000F9300230C931F9B0C9A934200F38B80E2
:103F48000B9B149A01330B930E9B13440E931E9BE9
:103F58000B9A9342EADC0135DEE7109B4FF0000A2A
:103F680096FBF3F39FED418A089A0E9F53432193E2
:103F78001C9B53452DDC002C6AD004EB8603D3ED43
:103F8800007ADDE90B2338EE278AF4EEC88AF1EED1
:103F980010FAC8BFB0EE688AB4EEC89AF1EE10FA0B
:103FA800009629463EA848BFB0EE498AFFF7A1FD12
:103FB800209B013603EB800080ED008A0D9BB34205
:103FC800CBDC0C9B139A01330C930F9B13440F9378
:103FD800B1E74FF0000BDDF83C801D9B5B4504DC2E
:103FE800169B0AF1010A1F44C2E757EA08032AD4BC
:103FF8001B9B434527DD1A9BBB4224DD4FF000097C
:104008001EE0219B3A464B442946009329A8434683
:10401800FFF76FFD129B524603EB8000D0ED009A2C
:104028005B46CDF80090314630A8FFF762FD119B42
:1040380009F1010903EB8000D0ED007AA9EEA78A07
:10404800089B4B45DDDC159B0BF1010B9844C4E73D
:10405800DFED067A95E70026B0E700BF486802085A
:1040680044680208406802083C6802080000000032
:104078001CB1207A022840F01F814A465946CAA836
:1040880000F048FBD9F8243041461393D9F828307A
:104098004CA8149309F04FF9D8F80030314653A8CA
:1040A800169309F048F9002E3FF4A2AE3368214672
:1040B8005AA8159309F03FF904B1246861AF29465D
:1040C800384609F038F9002D3FF492AE2B68269354
:1040D800BDF932331793BDF934331893BDF936332C
:1040E8001993BDF938331A93BDF92A331B93BDF9D7
:1040F8002C331C93D49B1193D59B1293DDE9113279
:1041080093423FF775AE4C9B4CAD042B7FF470AED9
:10411800539B53AE042B7FF46BAE619B042B7FF44F
:1041280067AE00233A4619462846FFF714FD0323D5
:104138001D903A4600213046FFF70DFD509D109026
:1041480034B15AA8FFF7C8FC109B83427FF450AEE5
:104158004E9B559A1E934F9B20921F93579B569A9E
:10416800089395FBF3F32192089A02FB1355002D4F
:104178007FF43EAE109AAA4692FBF3F3639A229319
:10418800649B239224931D9B534540F31C821C9BE4
:104198005B420E9300230B9310E01B9B5B420F9333
:1041A80000230C93249B0C9A934200F383800B9B6F
:1041B800189A01330B930E9B13440E93239B0B9A6F
:1041C8009342EADC0AF1010ADDE70026229BB346A6
:1041D80095FBF3F3089A0E9F53432793209BB34212
:1041E8002BDC14B154F825309B44149B584653F8E3
:1041F8002520139B53F8251009F05EFBDDE90B23FE
:1042080006460095514661A8FFF773FC119B0135DE
:104218009E42B8BF1E46129B9E42A8BF1E46269BC2
:1042280023F81060109BAB42CFDC0C9B179A01332C
:104238000C930F9B13440F93B4E70023DDF83C80E5
:104248000D93219B0D9A934203DC1A9B01361F4460
:10425800C4E757EA080327D41F9B434524DD1E9B68
:10426800BB4221DD4FF000091BE0279B3A464B4437
:10427800514600934CA84346FFF73BFC169B324639
:1042880033F9103029462593CDF800900D9B53A89B
:10429800FFF72FFC159B259A1B5609F1010912FB04
:1042A80003BB089B4B45E0DC0D9B01330D93199B29
:1042B8009844C6E70025B5E7042840F031814A460E
:1042C8005946D8A800F026FAD9F8243068AF1393D5
:1042D800D9F8283041463846149309F02CF8D8F814
:1042E800003031466FA8269309F025F8002E3FF4D8
:1042F8007FAD3368214676A8259309F01CF8294636
:104308007DA8D4F8009009F016F8002D3FF470ADA0
:104318002B682493BDF96A331593BDF96C33169352
:10432800BDF96E331793BDF970331893BDF9623335
:104338001993BDF964331A93E29B1193E39B12938B
:10434800DDE9113293423FF753AD689B042B7FF4AC
:104358004FAD6F9B6FAD042B7FF44AAD7D9B7DAE57
:10436800042B7FF445AD0023324619463846FFF743
:10437800F2FB03231B90324600212846FFF7EBFB94
:104388003C690E90B9F1000F06D076A8FFF7A4FBA0
:104398000E9B83427FF42CAD6A9B719A1C936B9B96
:1043A8001E921D93739B729A0B9394FBF3F31F92C7
:1043B8000B9A02FB1344002C7FF41AAD0E9A92FB61
:1043C800F3F37F9A2093809B219222931B9BA34215
:1043D80040F3F9801A9B4FF0000B5B4210930FE0FB
:1043E800199B5B420F9300230C93229B0C9A9342D8
:1043F80000F39480109B169A0BF1010B1344109351
:10440800219B5B45ECDC0134E0E7209B0B9A95FB94
:10441800F3F353432793002300220D930023CDE9A0
:104428000823109E1E9B0D9A934237DCB9F1000FAA
:104438000BD0089959F8353009EBC502CB185268EA
:10444800099942EB0102CDE90832DDE90801149B24
:10445800139A53F8253052F8252009F071FA0646C8
:104468000C9B00955A4621467DA8FFF742FB119BFD
:1044780001359E42B8BF1E46129B9E42A8BF1E46EB
:10448800249B23F810600E9BAB42BEDC0C9B159A54
:1044980001330C930F9B13440F93A6E74FF0000AC8
:1044A8000F9F1F9B534505DC0D9B01330D93189BF4
:1044B8001E44B7E757EA06032BD41D9BBB4228DDF1
:1044C8001C9BB34225DD4FF000081FE0279B3246B6
:1044D80043442146009368A83B46FFF70AFB269B06
:1044E800294633F910300D9A2393CDF800805346AE
:1044F8006FA8FFF7FEFA259B239A1B56DDE90801F2
:10450800C2FB8301CDE9080108F101080B9B434573
:10451800DCDC179B0AF1010A1F44C2E70025B2E759
:1045280006F034FF227A0146494808F0DDFD0120F3
:104538004AE0307A09284DD012287BD1DAF8443085
:10454800D9F834105046984731460746F4A8D6F8AB
:1045580000A008F0F0FEF4A8FFF7BEFA3A460146BC
:10456800504609F043FA4A465946E6A800F0D2F800
:10457800D9E909A9414684A808F0DDFED8F800B0B9
:104588000DF50B783146404692AE08F0D4FE214630
:10459800304608F0D0FE04B12468294699A808F0EE
:1045A800CAFE002D3FF424AC4A4651462B68CDE99B
:1045B8000276CDE900B899A8CDE904400693E6A8AB
:1045C80084ABFFF7D7FA00200DF20C4DBDEC048B3D
:1045D800BDE8F08F4A465946F4A800F09BF8D9E99F
:1045E80009A94146A0A8A7AF08F0A5FE314638465C
:1045F800D8F8008008F09FFED6F800B0AEAE21468D
:10460800304608F098FE04B124682946B5A808F099
:1046180092FE002D3FF4ECAB2B68B5A8CDE9044021
:1046280006934A465146CDE902B6CDE90087A0ABCC
:10463800F4A8C6E706F0AAFE327A0146054874E7F0
:1046480006F0A4FE98F80820014603486DE700BF6D
:10465800F43802081539020838390208002313B55E
:104668000446CDE90033044A044B054908F02CFE02
:10467800204602B010BD00BF6D490008A13D0008EA
:104688006B47000810B50446184623B1012C03D027
:10469800022C06D0002010BD1944013991FBF0F01E
:1046A800F9E71944029B013A5A430132891AF5E79E
:1046B8000B7B70B5012B04460D4616461AD0032B0A
:1046C8001AD0022B1BD06FF400020F4B28786363BB
:1046D800226308F045FE33682070638073682046C3
:1046E800A3806B686381AB68A3812B69E3816B69E5
:1046F800238270BD0022E8E70022044BE6E74FF072
:104708007E53034AE2E700BFFFFF7F7F0000C040FF
:10471800000080BF70B51546044613690E465B421B
:10472800436153695B4283619369C361D3690362DF
:10473800136A5B424362087808F012FE6B682070C7
:10474800A3802B6820466380B368A3817368638164
:10475800736923823369E381EB6AA3622B6BE3629B
:1047680070BD836B10B50BB90BF0ABFC3821BDE8FD
:10477800104018472DE9F04F9A460B688FB01B6818
:104788000546023B012B0F4616461E9C07D96C4B6B
:104798006C4A0093582344696B49A04711E04B6861
:1047A800D3F80090B9F1010F0DD00123CDE90293A0
:1047B800664B644A0193664B6649009344695923E2
:1047C800A047012091E0936892F800B00A935368DB
:1047D800D2F810800B9353695146199A0C93CDF86F
:1047E80000800B9B5846FFF74DFF0C9B1A9A1899AF
:1047F8000D90009358460A9BFFF744FF1A9B0C9AAA
:10480800013B53430A9A0138013302FB0033189ADB
:104818000D999B1A199A23EAE373013A08FB02F2ED
:1048280001F1FF380B99013201FB0822A2EB0A02C1
:1048380022EAE2725110D5F80C80216002F00102E0
:10484800591003F001036160A26039460022404616
:10485800E36008F0FBF8824638B93F4B00936623C3
:104868006C692846374A384997E74A4639464046E8
:1048780008F0ECF8814620B9384B00936C6969233D
:10488800EFE739460222404608F0E0F83946834609
:104898000022404608F0EFF8074620B9304B009355
:1048A8006C696E23DDE79DF87430012B20D1DAF8AE
:1048B8000C3039462361D9F80C3040466361FB68F7
:1048C800A361D8F800309B699847D8F80030514662
:1048D80040469B699847D8F80030494640469B694E
:1048E8009847BBF1000F23D100200FB0BDE8F08F2F
:1048F800D9F814300C365B684A460893A36A5146C7
:104908000793636ACDE90006069304F13003059323
:1049180004F12C03049304F12003039304F11C0312
:10492800029328465B4608F0A3FE0028BFD0DCE7C8
:10493800D8F80030594640469B699847D4E700BFED
:10494800CC39020854390208B5390208084402086B
:104958000A3A0208F03902081E3A02082F3A0208F9
:10496800413A02082DE9F04FD1F80CA004468846D8
:1049780099B0BAF1000F01D10BF0A3FBD1F810B038
:10498800BBF1000FF8D0C6680022304608F073F873
:10499800814668B96B4B00939623656920466A4A3D
:1049A8006A49A8474FF00108404619B0BDE8F08FA2
:1049B80000224146304608F049F8074620B9644BC2
:1049C800009365699923E9E701224146304608F0DA
:1049D8003DF8054620B95F4B009365699C23DDE7E8
:1049E8003B7F99F81C2093420CD0CDE902325A4BF8
:1049F80001935A4B00939E2365692046524A5849B1
:104A0800A847CFE7012B07D1037F012B0ED0204603
:104A1800636954499847C5E7072B02D1037F092BDF
:104A2800F4E7092BF3D1037F122BF8D17B692046D9
:104A3800DA689B6809926A690A93D3680B9393684A
:104A48000C93D9F81430D9689B680D915168A26B02
:104A580089000F930E919047A26BCAF824000E9913
:104A6800204690473A7F0F9B092ACAF8280001D0B0
:104A7800072A24D12968012909D00123CDE9021385
:104A8800394B0193394B00936569B923B5E76968D8
:104A980000293FF471AF086800283FF46DAF4968FA
:104AA80000293FF469AF0068012808D0696949689E
:104AB800884204D02E4B00936569C2236EE70493A5
:104AC8000D9B414603930C9BCDE9052A02930B9B52
:104AD8005A4601930A9B20460093099BFFF74AFE1A
:104AE800804600287FF460AF2B7F122B15D16969AF
:104AF80051F804BBBBF1060F3FF73EAF4FEA8B02FC
:104B080012A80BF020FD4346012111AA9B4514DC95
:104B18002046236C0AF13402984733682946304608
:104B28009B6998473368394630469B69984733688C
:104B3800494630469B69984736E752F8040F0133D7
:104B48004143E3E7413A020854390208B5390208FB
:104B58001E3A02082F3A0208533A0208603A02083D
:104B6800F03902086C3A0208FE3A0208183B0208BB
:104B7800323B0208836B10B50BB90BF0A2FA38214F
:104B8800BDE8104018472DE9F04F9A46B0F90A30B1
:104B9800A1B00E93B0F90C30CDE91E120F93B0F905
:104BA8000E30DDF8BCB01093B0F910301193B0F9A5
:104BB80002301293B0F904301393B0F9123008930D
:104BC80043691593C3691693836A0B93C36A0C935D
:104BD800DAF80030042B01D00BF073FA2B9B1B681A
:104BE800042BF9D1DBF80030042BF5D1DDE90B32C9
:104BF8009342F1DC00235A4619465046FEF7ABFFB4
:104C080003235A46194619902B98FEF7A4FFDAF8A1
:104C180008301793DAF80C301893DAF810300D933F
:104C28002B9B0D9A9B681A932B9BDB681B93DBF8D5
:104C380008301C93DBF80C301D93089B02FB03F42F
:104C48008442C9D12D98FEF747FFA042C4D14FF046
:104C580000098EE00025DDF828800695069B1A9A43
:104C6800934234DA0023099F079326E058EA0703A2
:104C78001ED4189BBB421BDD179B434518DD059BC3
:104C880042464946009350463B46FEF732FFDDE96F
:104C98000623149000212B980094FEF72AFF149AFB
:104CA8002A9B9B56159A13442C9A125602FB0355BD
:104CB800079B01330793109B1F44079B1B9A934242
:104CC800D4DB069B01330693119B9844C6E72E9BC1
:104CD80013B153F824301D441F9B284653F8242051
:104CE8001E9B53F8241008F0E7FDDDE90323054671
:104CF800009449465846FEF7FCFE169B01341D44B5
:104D08000B9B9D42B8BF1D460C9B9D42A8BF1D46EC
:104D1800309B1D54089AA31B9A429BDC059B1644A2
:104D280001330593059B0D9A93420DDB049B0E9A64
:104D380001330493099B13440993049B1D9A9342DE
:104D480004DA00260596EDE73446E3E7039B0F9A5D
:104D5800013303930A9B13440A93039B1C9A9342BF
:104D680005DA129B5B42099300230493E5E709F1F6
:104D78000109199B994505DA139B5B420A930023A5
:104D88000393EAE721B0BDE8F08F00002DE9F04F6A
:104D98002DED068BD1F80C9083468846ADF5597DEC
:104DA800B9F1000F01D10BF08CF9D1F810A0BAF1CC
:104DB800000FF8D0A34B1A6808F0AFFAA24B41468F
:104DC8001A680546584608F0A6FAA04B0746414619
:104DD80058461A6808F09FFAD8F80040064654B1B9
:104DE8002368032B40F08680994B414658461A6841
:104DF80008F091FA0446387A072800F0AE810928AD
:104E080000F02A81012840F0E4820DF518784A461E
:104E18005146404600F0FEFA394628A808F08BFAB9
:104E28003B6831462FA8149308F085FA002EBAD0B3
:104E38003368214636A8139308F07DFA04B1246834
:104E48003DAF2946384608F076FA002DABD02B68DE
:104E5800D8ED0C8A2293B8F90A3098ED0D9A15937B
:104E6800B8F90C3028AE1693B8F90E301793B8F984
:104E780010301893B8F902301993B8F904301A931E
:104E8800B8F912300D93289B042B8CD12F9B2FAD92
:104E9800042B88D13D9B042B85D100233A46194623
:104EA8003046FEF758FE03233A4619461B9028461B
:104EB800FEF751FE2A9B80461C932B9B1D932C9B2F
:104EC8001193319B119A1E93329B1F933F9B209302
:104ED800409B21930D9B534398427FF464AF36A8BF
:104EE800FEF7FAFD80457FF45EAF4FF00008DFED76
:104EF800599A9EE000247EE74FF0000B9FED558AFB
:104F080009EB0503109F12931E9B5B4534DD4FF0A0
:104F1800000A0F9E28E057EA060321D41D9BB342DE
:104F28001EDD1C9BBB421BDD089B3A464146009395
:104F380028A83346FEF7DDFD149B5A4603EB800094
:104F4800129B90ED00AA002100932FA85346FEF76C
:104F5800D0FD139B03EB8000D0ED007AAAEE278AE0
:104F6800179B0AF1010A1E441F9B5345D3DC189B6B
:104F78000BF1010B1F44C7E7002C36D00E9BD3ED75
:104F8800007A38EE278AF4EEC88AF1EE10FAC8BF24
:104F9800B0EE688AB4EEC89AF1EE10FA129B414658
:104FA80000933DA8DDE90B3248BFB0EE498AFEF711
:104FB800A0FD229B09F1010903EB800080ED008A26
:104FC8000E9B04330E930D9B4B4595DC089B0133D8
:104FD80008930D9B1D44119B089A934208DD04EB2E
:104FE80085034FF000090E93EDE7F0EE697AC8E704
:104FF8000B9B159A01330B930F9B13440F93219B23
:105008000B9A934202DD00250895E4E70C9B169A5B
:1050180001330C93109B13441093209B0C9A9342DA
:1050280005DD199B5B420F9300230B93E7E708F11B
:1050380001081B9B434559DD1A9B5B4210930023D3
:105048000C93EAE74C68020858680208546802089A
:105058005068020800000000307A09284DD0122854
:1050680040F0A881DBF84430D9F834105846984706
:1050780031468046C8A8D6F800B008F05CF9C8A840
:10508800FEF72AFD42460146584608F0AFFC4A465C
:105098005146A8A800F0F2F9D9E909A9394644A867
:1050A80008F049F9D7F800B04BAF3146384652AE50
:1050B80008F041F92146304608F03DF904B124686A
:1050C800294659A808F037F9002D3FF46CAE4A4636
:1050D80051462B68CDE90286CDE900B759A8CDE93C
:1050E80004400693A8A844ABFFF74DFD00200DF53A
:1050F800597DBDEC068BBDE8F08F4A465146B8A8ED
:1051080000F0BCF9D9E90989394660A808F013F913
:10511800D7F800A067AF3146384608F00CF9D6F842
:1051280000B06EAE2146304608F005F904B1246897
:10513800294675A808F0FFF8002D3FF434AE2B6817
:1051480075A8CDE9044006934A464146CDE902B622
:10515800CDE900A760ABB8A8C6E7307A092840F0C7
:1051680029814A465146C8A800F088F9D9F8243060
:1051780039461593D9F828307CA8169308F0DBF83F
:105188003B68314683A8189308F0D5F83368214660
:105198008AA8179308F0CFF804B1246891AE29467D
:1051A800304608F0C8F8002D3FF4FDAD2B680DF52A
:1051B800F87A2793BDF92A331993BDF92C331A933A
:1051C800BDF92E331B93BDF930331C93BDF922333F
:1051D8001D93BDF924331E93BDF932330F93D29B2F
:1051E8001293D39B1393DAF80030042B7FF4DBADD2
:1051F800839B83AD042B7FF4D6AD919B042B7FF466
:10520800D2ADDDE9123293423FF7CDAD00233246ED
:1052180019465046FEF79FFC0323324619461F9055
:105228002846FEF798FCDAF8083007462093DAF8A3
:105238000C302193DAF810301493859B149A22933A
:10524800869B2393939B2493949B25930F9B534373
:1052580098427FF4A8AD8AA8FEF73EFC87427FF407
:10526800A2AD4FF000099BE0002300220E9300231B
:10527800CDE90823DDF84480229B0E9A934237DD5E
:105288000023109F0D9329E057EA080321D4219B9E
:10529800BB421EDD209B43451BDD0B9B4246494616
:1052A800009350463B46FEF724FC189B002133F937
:1052B80010300095269383A8DDE90D32FEF719FC1E
:1052C800179B269A1B56DDE90801C2FB8301CDE92D
:1052D80008010D9B01330D931B9B1F44239B0D9AC3
:1052E8009342D1DC0E9B01330E931C9B9844C3E779
:1052F8005CB1089954F8353004EBC502CB185268F4
:10530800099942EB0102CDE90832DDE90801169B53
:10531800159A53F8253052F8252008F011FB074656
:105328000C9B00955A46494691A8FEF7E2FB129B52
:1053380001359F42B8BF1F46139B9F42A8BF1F4617
:10534800279B23F810700F9AAB1B9A428CDC0B9B9F
:10535800164401330B93149B0B9A93420DDC0C9B60
:10536800199A01330C93109B13441093259B0C9AA4
:10537800934204DD00260B96EDE73546E3E7119BE3
:105388001A9A0BF1010B13441193249B5B4505DD1D
:105398001D9B5B42109300230C93E7E709F1010979
:1053A8001F9B4B457FF7A2AE1E9B4FF0000B5B4245
:1053B8001193EAE705F0EAFF0446387A357A05F0F2
:1053C800E5FF2A4603462146064807F08DFE0120E0
:1053D8008DE605F0DBFF3A7A0146034807F084FEC4
:1053E800F5E700BFAB3B0208E03B0208002313B51A
:1053F8000446CDE90033044A044B054907F064FF2D
:10540800204602B010BD00BFC9560008954D0008DF
:105418007D4B00080B7C70B5012B04460D461646E3
:105428001CD0032B1CD0022B1DD06FF40002104B94
:1054380028786363226307F093FF336820706380E2
:1054480073682046A3806B686381AB68A3816B692E
:10545800E381AB692382EB68638270BD0022E6E7D3
:105468000022044BE4E74FF07E53034AE0E700BF15
:10547800FFFF7F7F0000C040000080BF70B5154669
:1054880004460E4613695B42436153695B4283617C
:105498009369C361D3690362136A5B424362087804
:1054A80007F05EFF6B682070A3802B68204663803E
:1054B800B368A38173686381B36923827369E381E5
:1054C800F3686382EB6AA3622B6BE36270BD000032
:1054D8002DE9F04F99460B688FB01B6806460A9372
:1054E800023B012B884617461E9C07D9674B684A22
:1054F8000093582344696749A0470FE04B681B682D
:10550800012B0FD00122CDE90232634B604A01938F
:10551800624B6349009344695923A04701200FB0A7
:10552800BDE8F08F936892F800B00B935368D2E906
:10553800055A4946199A009558460C93FFF7A2F860
:105548000B9B1A9A18990D90CDF800A05846FFF7B2
:1055580099F81A9B0B9A013B0AFB03F301380133B4
:1055680002FB0033189A0D999B1A199A23EAE373E0
:10557800013A6A434D1E0C99013201FB0522A2EB48
:10558800090222EAE27251102160591003F0010366
:10559800F568E360434B02F001026160A260414696
:1055A80028461A6807F052FA824638B93E4B0093EB
:1055B800662374693046364A36499DE73B4B414677
:1055C80028461A6807F042FA814620B9384B0093FA
:1055D80074696923EEE7374B41461A68284607F095
:1055E80035FA354B414683461A68284607F043FA90
:1055F800804620B9314B009374696E23DAE79DF831
:105608007430012B21D1DAF80C3051462361D9F8D6
:105618000C3028466361D8F80C30A3612B689B696D
:1056280098472B6849469B69284698470A9B032B4D
:1056380004D12B68594628469B6998472B68284609
:1056480041469B699847002069E7D9F8143010371C
:105658001B694A460893A36A51460793636ACDE9D2
:105668000007069304F13003059304F12C03049317
:1056780004F12003039304F11C03029330465B46B4
:1056880007F0F6FF0028BED049E700BFCC39020872
:10569800023C0208B5390208084402080A3A02081E
:1056A800F0390208486802081E3A020844680208ED
:1056B8002F3A0208406802083C680208413A02088A
:1056C8002DE9F04FD1F80CA00446884699B0BAF1FC
:1056D800000F01D10AF0F5FCD1F810B0BBF1000FB2
:1056E800F8D0C6680022304607F0C5F9814660B98F
:1056F800674B0093962365692046664A6649A84722
:105708000124204619B0BDE8F08F002241463046FA
:1057180007F09CF9074620B9604B00936569992307
:10572800EAE701224146304607F090F9054620B9DC
:105738005B4B009365699C23DEE77B69DA689B68AD
:1057480009920A9343692046DA680B929A680C9288
:10575800D9F81420D16892680D911969A36B890052
:105768000E920F919847A36BCAF824000F99204610
:1057780098473B7FCAF82800092B31D12A68012AAB
:105788000DD00123CDE90223464B0193464B0093EC
:10579800B023656920463F4A4449A847B0E76A688C
:1057A800002A97D01068002894D05168002991D019
:1057B8000268012A08D068690069824204D03C4B1B
:1057C80000936569B92397E709688A4208D0394B7D
:1057D800CDE902210193384B00936569BE23D9E7CF
:1057E8002A7F934234D0092B2BD1122A32D0092A8E
:1057F80029D1CDF818A03B7F204605930E9B5A4629
:1058080004930D9B414603930C9B02930B9B0193BE
:105818000A9B0093099BFFF75BFE044600287FF470
:1058280070AF3368494630469B69984733683946B4
:1058380030469B6998473368294630469B699847A4
:105848005FE7072BD3D0204663691C49984757E781
:10585800122BCED1696951F8043B062B3FF73AAFBA
:105868009A0012A80F930AF06EFE002201210F9BE6
:1058780011A8934205DC2046236C0AF134029847AC
:10588800B7E750F804CF01320CFB01F1F1E700BF94
:10589800413A0208023C0208B53902081E3A0208D9
:1058A8002F3A0208FE3A0208183B0208F0390208AB
:1058B8006D3C0208EF3C0208153D0208363D02081F
:1058C800836B10B50BB90AF0FCFB3021BDE8104022
:1058D800184700002DE9F04FD1F80CA004460F46F8
:1058E800C5688FB0BAF1000F01D10AF0EAFBD1F810
:1058F80010B0BBF1000FF8D0564B28461A6807F0D5
:10590800A5F8804660B9544B00933023656920465A
:10591800524A5349A847012420460FB0BDE8F08FEA
:10592800504B394628461A6807F090F8064620B9C1
:105938004D4B009365693323E9E74C4B39461A68A8
:10594800284607F083F84A4B394681461A682846A4
:1059580007F091F8074620B9464B0093656938234C
:10596800D5E798F81C003B7F834212D0666905F0A2
:105978000DFD0546387F05F009FD3F4BCDE9025086
:1059880001933E4B20460093344A39233C49B047A3
:10599800C1E70128337F0DD1012B2DD005F0F6FC8E
:1059A8000446307F05F0F2FC21460246354807F0F0
:1059B8009BFBB0E7092819D1092B1DD0122BEDD17B
:1059C800716951F8043B062B8FDC9A0008A80593EF
:1059D8000AF0B9FD00220121059B07A8934232DC99
:1059E8002046236C0AF12002984705E0072801D1D8
:1059F800092BD2E7122BE3D098F81C209BF8001053
:105A080020464346CDE9027ACDE9006900F0FAFD67
:105A18000446002880D12B68414628469B69984750
:105A28002B68314628469B699847B9F1000F04D086
:105A38002B68494628469B6998472B68394628466B
:105A48009B69984768E750F804CF01320CFB01F1D5
:105A5800C4E700BF686802081E3A0208D23D02087F
:105A6800B5390208646802082F3A0208606802081B
:105A78005C680208413A0208533A0208603A020890
:105A8800373E0208513E0208002938B5034604682B
:105A980001DBA14201DB0AF014FB002201200433E0
:105AA8008A420CBF012553F822500132944205FB6B
:105AB80000F0F5DC38BD2DE9F04F8DB00A9303688E
:105AC800176802934368012F03938368154604936C
:105AD800C368179C0593036909910693436900936A
:105AE8008369019301DC0AF0ECFA2668002EFADDDE
:105AF800DDE900329342F6DC013E31462046FFF7ED
:105B0800C3FF314607902046FDF7DAFFB91E044669
:105B18002846FDF7D5FF8442E5DC2846791E002695
:105B2800FDF7CEFFB1460546B246079B53453FDD1C
:105B38004FF00008189B474603EB090B28E01EF9B5
:105B4800012B039908921CF9012B01330A440B928B
:105B58000299089A0A4411460B9A01FB02009D42D9
:105B6800EDDC169B13B153F827301844DDE9051214
:105B780007F0A2FE049B01371844009BA8449842F2
:105B8800B8BF1846019B9842A8BF18460BF8010BEE
:105B9800BC4208DD099B03EB060E0A9B03EB080CCD
:105BA80000231846DBE70AF1010AA1442E44BCE7AA
:105BB8000DB0BDE8F08F0000002313B50446CDE911
:105BC8000033044A044B054907F07EFB204602B027
:105BD80010BD00BFDD580008F55B0008C958000873
:105BE80008B508B90AF06DFA006808BD2DE9F04F4C
:105BF8002DED028BD1F810A081460D46ADF2145D53
:105C0800BAF1000F01D10AF05CFABD4B1A6807F02F
:105C180082FBBC4B29461A688046484607F07BFB46
:105C2800B94B29461A680746484607F074FBB74B34
:105C3800294604461A68484607F06FFBED68064691
:105C4800002DE0D098F80800072800F0C98109283D
:105C580000F08F80012840F09C84F4AD28469AF823
:105C6800001000F0B3FC414614A807F064FB0DF1E6
:105C78006C09D8F8003039464846059307F05BFBB5
:105C8800002FC0D03B68214622A81F4607F053FBCF
:105C980004B124680DF1A40A3146504607F04BFBC5
:105CA800002EB0D0336850460793299BD9F800607E
:105CB80003F1FF3B5946FFF7E7FEB11E0690484641
:105CC800FDF7FEFE95ED078AD5ED088A594605468B
:105CD8005046FDF7F5FE854295D14846711EFDF701
:105CE800EFFE002302469C461846DFED896A0699B6
:105CF800614540F387800026079901EB80090599E3
:105D080001EB8308314622E0BAEC016ABBEC017A68
:105D1800E6EE077A0EF1010E7245F5DC0CB304EBE2
:105D2800810E9EED007A77EE877AB4EEE78AF1EE7F
:105D380010FAC8BFF0EE487AF4EEE78AF1EE10FAEE
:105D480048BFF0EE687AE9EC017A01311644A942BD
:105D58000ADAC2464FF0000EDFED6D7A07EB860BCC
:105D6800DAE7B0EE667ADEE70CF1010C284413445A
:105D7800BDE7387A092851D0122840F00084D9F8B4
:105D88004430296A4846984781463846FFF728FF35
:105D9800394682460DF59D6007F0CDFA00230121B2
:105DA800DDF8E8240DF59D6C934232DB4A465046F7
:105DB80007F01CFE2946FEA800F0F6FB414630A875
:105DC80007F0B9FA4046FFF70BFF3946054637A8F2
:105DD80007F0B1FA21463EA807F0ADFA04B12468ED
:105DE80045AF3146384607F0A6FA002E3FF40BAF10
:105DF80033682946CDE901734B46009437AAFEA8BB
:105E0800FFF759FE00200DF2145DBDEC028BBDE8D2
:105E1800F08F5CF8040F01334143C5E795F82C3047
:105E28002946002B00F0AF800DF5846000F0BCFB24
:105E38006B6A41460993AB6A4CA80A9307F07BFA50
:105E48004046FFF7CDFE53AD39460B90284607F084
:105E580072FA3846FFF7C4FE21460C905AA807F09C
:105E68006AFA04B1246861AF3146384607F063FA2C
:105E7800002E3FF4C8AE3368D5F800801093DDF8E3
:105E88002034B8F1010F0D93DDF828340E93DDF8B6
:105E980034340593DDF8383406937FF7B4AE619E49
:105EA800002E7FF7B0AEDDE9053293423FF7ABAE87
:105EB800013E31463846FFF7E7FD31460F90384638
:105EC800FDF7FEFDA8F1020106462846FDF7F8FD9C
:105ED80086423FF798AE08F1FF3128464FF0000898
:105EE800FDF7EEFDC2460746C3460F9B5B4589DDBD
:105EF8004FF00009109B4D465344089333E000BF10
:105F08006868020864680208606802085C68020839
:105F18000000000007991CF9012B11F901EB01336E
:105F280007910D990A440EFB02009F42F2DC14B15E
:105F380054F8253018440A9BB94453F82520099B86
:105F480053F8251007F0B8FC0E9B01351844059B43
:105F58009842B8BF1846069B9842A8BF1846089BA7
:105F680003F8010B0893AE4208DD0B9B03EB080C0A
:105F78000C9B4B44079300231846D6E70BF1010B03
:105F8800B244B844B1E70DF5896000F00DFB414615
:105F980068A807F0D0F94046FFF722FE39460546C3
:105FA8006FA807F0C8F93846FFF71AFE21460746DA
:105FB80076A807F0C0F904B124680DF5FA783146DF
:105FC800404607F0B8F9002E3FF41DAE3368294665
:105FD800CDE9018300943B466FAA0DF589600FE770
:105FE800387A092840F0CB821CB1237A022B40F082
:105FF800548195F82C302946002B00F0A4800DF52B
:106008008E6000F0D1FA6B6A41460993AB6A84A8A6
:106018000A938BAD07F08FF9D8F800303946284637
:106028000C9307F088F93846FFF7DAFD21460B9004
:1060380092A807F080F904B1246899AF3146384630
:1060480007F079F9002E3FF4DEAD33682E6810931F
:10605800DDF87034012E0D93DDF878340E93DDF8F9
:1060680084340693DDF8883407937FF7CCAD999B89
:10607800002B7FF7C8ADDDE906218A423FF7C3ADA3
:1060880003F1FF3841463846FFF7FEFC41460F90C2
:106098003846FDF715FDB11E07462846FDF710FDE9
:1060A80087423FF7B0AD711E28460026FDF708FD70
:1060B800B2468046B3460F9B5B457FF7A3AE4FF0D1
:1060C8000009109B4D4603EB4A0305930C9B03EB19
:1060D8004603119328E008991CF901EB31F9022BCA
:1060E800013308910D990A440EFB02009845F2DC31
:1060F80014B154F8253018440A9BC14453F825209C
:10610800099B53F8251007F0D7FB0E9B013518445F
:10611800069B9842B8BF1846079B9842A8BF1846E6
:10612800059B23F8020B0593AF4207DD0B9B03EB9E
:10613800090C119B089300231846D7E70BF1010BB4
:10614800BA444644B7E70DF5936000F02DFA41468E
:10615800A0A807F0F0F8D8F800303946A7A80993A6
:1061680007F0E9F83846FFF73BFD21460890AEA84E
:1061780007F0E1F804B12468B5AF3146384607F0B6
:10618800DAF8002E3FF43FAD3368A79E1193DDF88F
:106198009834012E0A93DDF89C34A7AD0B93DDF8F3
:1061A800A0340C93DDF8A4340D93DDF8A8340E93D5
:1061B800DDF8AC340593DDF8B03406937FF723ADF2
:1061C800B59B002B7FF71FADDDE905218A423FF71C
:1061D8001AAD03F1FF3841463846FFF755FC4146F2
:1061E8000F903846FDF76CFCB11E83462846FDF734
:1061F80067FC83453FF707AD2846711E0025FDF76C
:106208005FFCA9460646AA460F9B53457FF7FAADA1
:106218004FF00008119B474603EB49030793099B7E
:1062280003EB4503129329E03CF9022B0B991092DA
:106238001EF9012B01330A4413920A99109A0A4451
:106248001146139A01FB02009E42EDDC14B154F88A
:1062580027301844DDE90D1207F02EFB0C9B01379F
:106268001844059BB0449842B8BF1846069B98420C
:10627800A8BF1846079B23F8020B0793BB4507DD09
:10628800089BDDF848C003EB080E00231846DBE73F
:106298000AF1010AD9443544B6E7042B7FF4B2ADBC
:1062A80095F82C302946002B00F0B2800DF5986047
:1062B80000F07AF96B6A41460993AB6ABCA80A9365
:1062C800C3AD07F038F8D8F800303946284611939E
:1062D80007F031F83846FFF783FC21460B90CAA82F
:1062E80007F029F8D4F80090D1AC3146204607F0E1
:1062F80022F8002E3FF487AC3368C39D1093DDF875
:10630800C034012D0C93DDF8C8340D93DDF8D43476
:106318000693DDF8D83407937FF775ACD19E002E2D
:106328007FF771ACDDE9063293423FF76CAC013E72
:1063380031462046FFF7A8FB31460E902046FDF770
:10634800BFFBA91E8346C3A8FDF7BAFB83453FF7E9
:106358005AAC691EC3A80025FDF7B2FBA84606463D
:10636800AA460E9B53457FF74DAD0027109B3C4630
:1063780003EB48030893119B03EB4503129337E0A3
:106388001EF9013B3CF9021B0F930C9B01320B4495
:106398000F994B430599181841EBE37305939642FF
:1063A800EEDCB9F1000F0AD059F8343009EBC40219
:1063B800C31818465268059B43EB020305930A9BD2
:1063C800099A53F8243052F82420059907F0B8FAAE
:1063D8000D9B01341844069B37449842B8BF1846B1
:1063E800079B9842A8BF1846089B23F8020B0893FE
:1063F800A34508DD00220B9B1046DDF848C003EBDF
:10640800070E0592CBE70AF1010AD8443544A8E7FC
:106418000DF59D6000F0C8F84146D8A806F08BFF3E
:10642800DFADD8F8003039462846129306F083FFCE
:106438003846FFF7D5FB21460A90E6A806F07BFF11
:10644800D4F80090EDAC3146204606F074FF002EDB
:106458003FF4D9AB3368DF9D1193DDF8E834012DA3
:106468000B93DDF8EC340C93DDF8F0340D93DDF884
:10647800F4340E93DDF8F8340F93DDF8FC3406930A
:10648800DDF8003507937FF7BEABED9E002E7FF752
:10649800BAABDDE9063293423FF7B5AB013E314670
:1064A8002046FFF7F1FA314610902046FDF708FB29
:1064B800A91E8346DFA8FDF703FB83453FF7A3AB7F
:1064C800691EDFA80025FDF7FBFAA8460646AA467E
:1064D800109B53457FF796AC0027119B3C4603EB76
:1064E80048030993129B03EB4503139337E03EF9E6
:1064F800023B01321946089B13F901CB08930C9B08
:106508009C440B9B194401FB0CF30599181841EBAB
:10651800E37305939642EADCB9F1000F0AD059F803
:10652800343009EBC402C31818465268059B43EB84
:1065380002030593DDE90E23059907F001FA0D9B87
:1065480001341844069B37449842B8BF1846079B45
:106558009842A8BF1846099B23F8020B0993A34544
:1065680008DD00220A9B10463B44DDF84CE0089306
:106578000592CFE70AF1010AD8443544A8E704F0A8
:1065880005FF98F808200146054806F0ADFD0120F2
:1065980039E404F0FBFE98F8082001460148F4E7C6
:1065A800843E0208E03B02084A69524202608A6956
:1065B80052424260CA6982600A68C2604A680261DF
:1065C8008A684261CA68826170470000012909D05F
:1065D800032909D002290AD06FF40002064BC261D0
:1065E800036270470022F9E70022044BF7E74FF0F7
:1065F8007E53034AF3E700BFFFFF7F7F0000C040E0
:10660800000080BF2DE9F04F91B009910021DDE92C
:106618001CA5012A1E46DDE91A73044685F82C10CC
:1066280000F0BB803A68012A40F08E80D7F80480D9
:10663800B8F1000F00F08880D8F8001051B9584B15
:10664800584A009344694B235749A047012011B089
:10665800BDE8F08FD1F80090B9F1010F74DD337FF8
:1066680085F82C20092B01D0072B02D13B7F122B58
:1066780008D14E4B2046009365696323494A4A492D
:10668800A847E3E77B69D8F8082003EB82035B6837
:1066980099450CD0CDE90293454B20460193454BD3
:1066A800404A009365696B234349A847CEE74FEA00
:1066B800890B5946A36B204698475946A36B6862D5
:1066C80020469847D6ED027ACDED057ADAED027AC2
:1066D800D8F80030CDED087A4FF00008A86203F131
:1066E800040BFBEC017A0598CDED067AF9F7EEFE7E
:1066F800CDE90A010698F9F7E9FE02460B46DDE9FD
:106708000A01F9F73BFFCDE906010898F9F7DEFE23
:1067180002460B46DDE90601FAF75AF841EC100B80
:106728000EA90DA807F07EF96B6A0D9A43F8282088
:10673800AB6A0E9A43F8282008F10108C145D0D168
:10674800FB68BBB109F0BDFC002000210EAACDE911
:106758000E01CDE900A231463A46204606F0A4FED5
:1067680000287FF474AF28469DED0E0B291D07F015
:1067780059F9E5E7F2682046C5E905235246DAF8F3
:106788000C300999EB6105F10C031A9305F1080324
:1067980011B0BDE8F04F06F0E1BE084657E700BF6C
:1067A800133F0208A73E0208B53902082E3F020827
:1067B800AA3F0208E73F0208F0390208836B10B5C8
:1067C8000BB909F07EFC1021BDE810401847000005
:1067D80080FB0132002A10B50C4CA8BF4FF0804452
:1067E800B0F1004F08BF88420DD0E31842EBE472C5
:1067F800002A04DA6FF000415B1842F10002D80F5A
:1068080040EA420010BD6FF00040FBE7010000C005
:106818002DE9F0474FF00009064601254C46D0F80F
:1068280000A0CA4503DC28462146BDE8F087012DB3
:1068380074F10003F7DB2A4623466FF0004000217D
:10684800FAF7AEF956F8048F4FEAE877804577EB08
:10685800010105DB0749084806F046FC09F031FC50
:106868006F4308FB0477A5FB085409F101093C4470
:10687800D7E700BF0540020855560208002313B5A4
:106888000446CDE90033044A044B054906F01CFDD3
:10689800204602B010BD00BF4D700008296C0008EA
:1068A800C56700086FF00042C317801843F1000362
:1068B800B3F1FF3F08BFB0F1FF3F15BF0122024609
:1068C80000211946801843EB010370B5DD0F2D1820
:1068D80043F100036D0845EAC37528462C49FFF7C4
:1068E80077FF032600F15A3421462846FFF770FF48
:1068F800C0F100512046FFF76BFFB0F1005F2CDAC2
:10690800B0F1604F23DD00228000002120EA01035E
:1069180021F000414B4023EA020302F000425340B9
:10692800013E1C44E0D1B4F1804F26DAB4F1404F67
:106938001DDD30462419002624EA060426F0004608
:10694800744024EA000400F00040604070BD4FF03D
:10695800FF3208D14FF00040D7E700224FF0FF3157
:106968006FF00040D2E700214FF00040CEE70AD197
:106978004FF000444FF0FF30DDE730466FF0004441
:106988004FF0FF36D8E74FF0FF304FF00044D3E721
:10699800C4C3C3C3704708B5FFF71AFF08BD00009A
:1069A8002DE9F04104461A48FFF7F4FF0546194857
:1069B800FFF7F0FF04F18054074621462046FFF711
:1069C800EAFF21460646FFF7E6FF31468046304695
:1069D800FFF7E1FFC20F013200F0030183108A4282
:1069E800B8BF0133394603EB0800FFF7D4FF83191A
:1069F80003F00102B2EBD37FCCBF0121002101EBF0
:106A0800630128462144FFF7C6FF2844BDE8F0810A
:106A180094A8F570ABAAAA2A2DE9F04140F07E446B
:106A280006462001FFF7BCFF07464148FFF7B2FFC3
:106A380001463846FFF7AFFFA41B04F00075002D90
:106A480014BF80464FF00008C5F34065013D05EAD4
:106A5800070088EA00083748FFF79CFF01464046D0
:106A6800FFF799FF04F08065002D14BF0746002743
:106A78003148FFF78FFFC5F38065013D05EA08053A
:106A88006F4001463846FFF786FF04F00065002D89
:106A980014BF80464FF000082848FFF77BFFC5F376
:106AA800C065013D3D4088EA050801464046FFF7BC
:106AB80072FF04F08055002D14BF074600272048B8
:106AC800FFF768FFC5F30075013D05EA08056F404B
:106AD800014604F000583846FFF75DFFB8F1000F93
:106AE80008BF0020C8F34075013D3D4045401548AA
:106AF800FFF750FF04F0804401462846FFF74BFF9C
:106B0800002C08BF0020C4F38073013B002E03EA69
:106B1800050383EA000314BF4FF0FF30002003EAA7
:106B280000030CBF6FF0004000205840BDE8F08122
:106B38007BBEAF63F2CBA24D6CAC162FA4AA521148
:106B4800B72A580211FE0A002DE9F74F82468946F6
:106B58000025CDE90023DFF8C4B00C9B9D4202DB81
:106B680003B0BDE8F08F0D9BC9F100025857A0EBA8
:106B78000A0082424CDA48454DDADDE9001206F097
:106B88009BFE0028D5BF00224FF0FF3890460246F2
:106B9800D8BFB0FA80F4C0F1000020EA080080EA0B
:106BA8000200D8BF6409C0F10000CCBF00246442D1
:106BB800FFF732FFFFF776FE06464FF08040FFF7FB
:106BC800E9FE6FF0004C6FEA0807ACEB060C0CEA24
:106BD800070108EA060881EA0802204022EA0402BE
:106BE80042400BEBD270C2F31601D2158842B8BFEF
:106BF8000132803A12F1800F07DB802A08BF7F221A
:106C080052B20E9B5A550135A7E76FF07F02F7E79E
:106C18006FF07F02F5E77F22F3E700BFFFFF3F0039
:106C28002DE9F04F2DED048B6F4B93B01A68044695
:106C38000D4606F070FB6D4B07461A68204629463C
:106C480006F06BFBEB6804460BB909F03AFA387AA0
:106C5800012856D1237A012B40F0A180394604A897
:106C680006F069FB21460BA83D6806F064FB049911
:106C78000B9B26689942E8D104AB1C4600200BAA5E
:106C8800814213DC00220127914217DC2C46DFEDFC
:106C9800588A0025B7EE008ABAEE029ABD4212DB86
:106CA800002013B0BDEC048BBDE8F08F52F804CF80
:106CB80054F8047FBC45C8D10130E1E753F8040F0C
:106CC80001324743E0E7B4EC010AB4EEE80AF1EE1A
:106CD80010FA13DCB4EEC90AF1EE10FA05D508F083
:106CE8006DFDA6EC010A0135D8E7B1EE400A08F0BF
:106CF80065FD70EE087A88EE270AF2E7B7EE000A1B
:106D0800EFE7072858D1227A072A48D1D3E9026544
:106D18007868FFF77DFD002DD7F800E0D4F80080F3
:106D280093DBAEBB0323AB40374635461E460022F5
:106D38003049DFF8CCC0304C9042B1DD3EF91290BA
:106D480006FB097949FA05F989EAE97AAAEBE97AA9
:106D5800BAF5FF3F28BF0B464FEA5A2B3FBF3CF816
:106D68001B300BF1010B3CF81BB0CAF3080A3EBFFD
:106D7800ABEB030B5B020AFB0B33B9F1000FACBFA3
:106D880003F50073E31A9B0A28F812300132D3E79F
:106D98001DB101276B1E9F40C9E72F46C7E704F0C6
:106DA800F5FA0546207A04F0F1FA29460246134816
:106DB80006F09AF9012074E70928F0D1227A092A05
:106DC800EDD1D3E90056D3E902897868FFF720FDB1
:106DD8002368424602933B683146CDE900034B469F
:106DE8002846FFF7B1FE5BE7706A02086C6A020882
:106DF800CFF3844100FCFF01FF0100023740020885
:106E08006C680208000000002DE9F04FD0F80CB0C3
:106E1800044616465846002287B00F4605F016FE6F
:106E2800054658B9744B0093272365692046734A71
:106E38007349A847012007B0BDE8F08F3946002202
:106E4800584605F018FE074620B96E4B0093656951
:106E58002A23EBE7287F3B7F834212D0666904F040
:106E680095FA0546387F04F091FA674BCDE9025050
:106E78000193664B20460093604A2C236449B0472F
:106E8800D8E7092B36D1FB6813F1800F0ED06FF0CD
:106E98007F02CDE902325F4B01935F4B00932E23B3
:106EA80065692046554A5D49A847C3E7A868F9F7C8
:106EB8000DFB00225A4BF9F761FB41EC100B3046F1
:106EC800EB6840F80C3B08F047FC0022554B51ECAE
:106ED800100BF9F753FB41EC100B08F021FE51ECB5
:106EE800100BF9F7E5FD1F22B060F168042006F0E9
:106EF8005BFE70602B7F072B6AD1EB684BB10022D9
:106F0800CDE90232484B0193484B0093656946230B
:106F1800C7E7D7F80CA0BAF1000F08D0CDE902A353
:106F2800414B01933C4B009365694723B9E795EDC5
:106F3800020A04A806F07AFE049B0C33F3606BB9CE
:106F480060B1C6F808A097ED020A05A806F06EFE23
:106F580078BB374B00936569652367E7A868F9F73D
:106F6800B5FA0022334BF9F709FB0022324BF9F747
:106F780005FB1FA3D3E9002380468946F9F77AFD6C
:106F880010B1BAF11F0F0BD140464946C6F80CA004
:106F9800F9F78EFDB0F5004FB060D4DB09F091F839
:106FA80042464B46404649460AF1010AF9F730F98C
:106FB800DFE7059B13F10F0F0AD06FF00E02CDE942
:106FC80002321E4B01931E4B00936569672368E7E5
:106FD800DBF80030294658469B699847DBF80030B3
:106FE800584639469B699847002024E7AFF300804C
:106FF80000000000C0FFCF401E3A02085A400208B5
:10700800B5390208413A0208533A0208603A0208C0
:10701800373E0208BF400208CB460208F039020892
:107028000000A0410000E0418C610208E240020833
:10703800FB4002080000B040000008403941020847
:1070480050410208CA6808B50AB909F03AF8BDE81B
:107058000840FFF7D9BE2DE9F84304460E4690468E
:1070680000250768BD4212DB002E1DDBBE421BDA7D
:107078000120002304349E420CBF012254F823202F
:1070880001339F4202FB00F0F5DCBDE8F883B5420E
:107098000CD029462046FCF713FD29468146404678
:1070A800FCF70EFD814501D009F00BF80135D9E751
:1070B800C31103F580739BB231F8132001EB430130
:1070C8004B8840219B1A00F07F0013FB001302EB52
:1070D800E31000B2704700002DE9F04F0C460F682E
:1070E80089B0013F3946069205461A4620461E4693
:1070F800FFF7B1FF3B463946049032462046FCF77D
:107108002AFD0027044647F6FF780197019B049A59
:10711800934202DB09B0BDE8F08F069B002203EB27
:10712800470B59464A4B7E00A24241DB4FF0000A0A
:10713800D146129A16440596A24540DBB9FA89F25F
:107148004FEAE973501EA2F12101834009FA01F1C7
:107158009246C2F1210229FA02F20B4309FA00F918
:1071680019F5005043EA020343F10003800B40EA9B
:107178008340A0F5C03010F5004F3EDB4045A8BF66
:107188004046E96A00B2FFF793FF4FF0010C002177
:10719800CAF11F03DBB25A1E0CFA02FC4FEAEC726A
:1071A8000792A1422BDB019B274401330193ADE7F2
:1071B80031F9020B01328342B8BF0346B4E73BF909
:1071C800020BD5E90212C01A079306F075FB40447A
:1071D80010F5004F079B0EDB4045A8BF4046A96A43
:1071E80000B20793FFF764FF079B26F81A00814453
:1071F8000AF1010AA0E71648F1E71548C1E7079A1E
:10720800CDF808C00392059ADDE902AB32F81120E7
:10721800C3F12009C2FB80ABB3F1200E2AFA03F2B6
:107228000BFA09F942EA09025CBF4BFA0EFE42EA80
:107238000E02002A08DBB2F5004FB4BF9646C646D8
:1072480026F802EB0131ACE74FF0000EF8E700BF7B
:107258000080FFFF002313B50446CDE90033044A3C
:10726800044B054906F030F8204602B010BD00BFB7
:107278008D7D00086D760008797D0008002910B51D
:1072880006DA4FF4B3710C4B0C4A0D4808F020FF96
:107298001F2904DD40F267110A4B084AF5E701236C
:1072A8008B40C20F013B03EA000402EB6303084171
:1072B8009C42C8BF013010BD6A41020878410208EB
:1072C800D2410208524202082DE9F04140F07F44C1
:1072D80007466001FFF764FB80464848FFF75AFB02
:1072E80001464046FFF757FBE41B04F08075002D6C
:1072F80014BF06460026C5F30065013D05EA0800EF
:1073080046403F48FFF746FB01463046FFF743FB40
:1073180004F00075002D14BF80464FF0000839486E
:10732800FFF738FBC5F34065013D354088EA05089D
:1073380001464046FFF72FFB04F08065002D14BF7F
:10734800064600263048FFF725FBC5F38065013D5A
:1073580005EA08056E40014604F000653046FFF76F
:107368001AFB002D08BF0020C5F3C065013D35405C
:1073780045402648FFF70EFB04F080580146284692
:10738800FFF709FBB8F1000F08BF0020C8F300762B
:10739800013E2E4046401E48FFF7FCFA04F0005814
:1073A80001463046FFF7F7FAB8F1000F08BF002092
:1073B800C8F34075013D35404540F220FFF7EAFA31
:1073C80004F0804401462846FFF7E5FA002C08BF80
:1073D8000020C4F38073013B002F03EA050383EA0E
:1073E800000314BF4FF0FF30002003EA00030CBF76
:1073F8006FF0004000205840BDE8F0817BBEAF63CD
:10740800F2CBA24D6CAC162FA4AA5211B72A58027F
:1074180011FE0A002DE9F04F0C461D460E688368E0
:1074280087B0013E0093C36831460492D0F818B083
:107438002A4620460193FFF70EFE2A46029033465D
:1074480020463146FCF787FB00250446AA46029BE6
:107458009A4502DB07B0BDE8F08F049B6FF07F0907
:107468005F193A460023A3421EDB4FF000083B4653
:107478004646A6421FDBB8FA88F608FA06F000F17D
:107488000040FFF70FFAC6F11B061F2E039027D8FE
:10749800109B4FF4004203EB45080023A34221DB75
:1074A8000AF1010A2544D2E712F9011B0133894583
:1074B800B8BF8946D7E713F9010BA0EB090083454C
:1074C8000CDC0393DDE900139840FFF781F9FFF71F
:1074D800FBFE0C21FFF7D2FE039B80440136C8E770
:1074E80008F0EFFD17F9010BA0EB0900834523DC39
:1074F8000593DDE900139840FFF76AF9FFF7E4FE0A
:1075080001460398FFF747FA3146FFF7B7FEA0F5A3
:107518000040B0F5004F4FF40042059B09DA0849D6
:107528008842B8BF0846A8F80000013308F10208ED
:10753800B4E747F6FF70F6E7A8F80020F5E700BFC4
:107548000080FFFF2DE9F04F0C461D460E6883684A
:1075580087B0013E0093C36831460492D0F818B052
:107568002A4620460193FFF776FD2A4602903346C5
:1075780020463146FCF7EFFA00250446A946029B4F
:10758800994502DB07B0BDE8F08F049B6FF07F08D8
:107598005F193A460023A3421CDB4FF0000A3B4622
:1075A8005646A6421DDBBAFA8AF60AFA06F000F138
:1075B8000040FFF777F9C6F123061F2E039025D860
:1075C8004FF0000A109B2B44A24521DB09F1010969
:1075D8002544D4E712F9011B01338845B8BF884612
:1075E800D9E713F9010BA0EB080083450CDC0393E2
:1075F800DDE900139840FFF7EBF8FFF765FE0C2173
:10760800FFF73CFE039B82440136CAE708F059FDA8
:1076180017F9010BA0EB080083451EDC0593DDE993
:1076280000139840FFF7D4F8FFF74EFE0146039881
:10763800FFF7B1F93146FFF721FE80387F28059B17
:1076480009DC6FF07F029042B8BF104618700AF14B
:10765800010A0133B8E77F20F8E76FF07F021A705C
:10766800F5E700002DE9F04F2DED048B0022B1B0B5
:107678000C46054605F04FFE0022074621462846DF
:1076880005F04BFED4F80CC00646BCF1000F01D142
:1076980008F017FD654622AC0FCD0FC40FCD0FC4FF
:1076A8000FCD0FC495E8030084E80300387A072853
:1076B80000F0978009286FD0012840F0A7809CED42
:1076C800007B394606A88DED047B05F034FE3B6847
:1076D80031460DA8039305F02EFE002ED8D0069C47
:1076E8003368013C21460DAA06A80293FFF7B3FCB4
:1076F8002346214680460DAA06A8FCF72CFA002648
:1077080004463746B84505DC002031B0BDEC048B93
:10771800BDE8F08F039B9FED428A03EB860B594629
:107728000022B50094420EDC029B4FF000091D4474
:10773800AA46DFED3C8A4C4511DC00239C4223DC41
:1077480001372644DEE7F1EC017AF4EEC87AF1EE6F
:1077580010FA02F10102C8BFB0EE678AE2E7DDE97C
:107768000401BBEC019AF9F7CBF939EE489A00EE1F
:10777800100A29EE000A08F021F809F10109AAEC1B
:10778800010A78EE808AD6E795ED007AC7EE287A66
:107798000133E5EC017AD1E7337A3946072B1BA888
:1077A8000FD105F0C8FD314614A83C6805F0C3FDAB
:1077B8003368224600931BA914AB22A8FFF72AFEC0
:1077C800A2E705F0B8FD314614A83C6805F0B3FD02
:1077D8003368224600931BA914AB22A8FFF7B2FE18
:1077E80092E739461BA805F0A6FD314614A83C6867
:1077F80005F0A1FD002E3FF44BAF336822460093FD
:107808001BA914AB22A8FFF767FC7DE703F0BEFDB8
:107818003A7A0146044805F067FC012075E700BF85
:10782800FFFF7FFF0000000038390208F7EE007AFA
:1078380030EE270A87EE800A704707F0BFBF0000C6
:10784800F8B547F6FF741E46504B15461A1A2DED2B
:107858000C8B0AEE102A221A09EE102AB8EECAAAD0
:10786800B8EEC99A2AEE00AA29EE009ADFED487A06
:1078780079EE4ACA5B1A6CEEA7CA07EE903A631A09
:10788800B8EEE77A07EE903AF8EEE77A67EEA07A74
:10789800F6EE00AAE7EE607A9FED3E7A2CEEAABAE1
:1078A80087EE27CA0024DFED3C9ADFED3C8AB71E3D
:1078B80007EE904AF0EE4ABAF8EEE77AECEEA7BA8D
:1078C800B0EE6B0AA8470134B0EE408A3BEE2B0AB3
:1078D800A84707EE904AB0EE40DAF8EEE77AB0EE45
:1078E8004A0AACEEA70AA847F0EE40BA2CEE080AFE
:1078F80008F064F9B0EE408AACEE2B0A20EE2A0AB2
:1079080008F05CF9F0EE40BA2CEE0D0A08F056F9D2
:107918003BEEC00A20EE2A0A08F050F938EE408AF9
:10792800B4EEE98AF1EE10FA48BFB0EE698AB4EE17
:10793800E88AF1EE10FAC8BFB0EE688ABDEEC88AD0
:1079480018EE103AB4F5007F27F8023FB0D1B0EE38
:10795800490AA8472CEE000A08F030F9B4EEE90A03
:10796800F1EE10FA58BFF0EE409AF4EEE89AF1EE14
:1079780010FAD8BFF0EE698AFDEEE88A18EE903A60
:10798800BDEC0C8BA6F80034F8BD00BF0080FFFFEB
:107998000000003B00008047000000C700FEFF46D3
:1079A8002DE9F0432DED028B99460B7F89B0072B0B
:1079B80004460F461546129E1AD140F20241836BC7
:1079C800984740B9AA4B0093272365692046A94ADE
:1079D800A949A84769E0B06240F202412046A36B7A
:1079E800984720B9A54B009365692B23EEE7F06211
:1079F8002A7F3B7F072A0AD1092B00F09281072BA7
:107A080000F070819E4B009365693123DEE79A424E
:107A180000F08781CDE902329A4B01939A4B00938B
:107A2800342365692046934A9849A8473DE00023D6
:107A3800CDE90283964B0193964B009365693923F0
:107A4800F0E7EA6842B1CDE90223914B0193914BEB
:107A5800009365695C23E5E7DFED8F7A95ED027A9F
:107A6800B4EEE77AF1EE10FADFED8C6ACCBF77EE70
:107A7800677A77EEC77AF4EEE67AF1EE10FA7EDDF1
:107A88004FF07C53002217EE100ACDE90423F8F7D3
:107A98001DFD834BCDE902010193824B00935D23C9
:107AA80065692046734A8049A847012086E0287FF7
:107AB800072832D1EB6813F5004F09D07B4ACDE98E
:107AC80002327B4B0193734B009365696223A9E7EC
:107AD800DFED787A95ED027AB4EEE77AF1EE10FAF6
:107AE800DFED756ACCBF77EE677A77EEC77AF4EE8A
:107AF800E67AF1EE10FA66DD0022704B17EE100AF6
:107B0800CDE90423F8F7E2FC6D4BCDE902010193BE
:107B1800644B009365696323C3E7092812D066693B
:107B280003F034FC0546404603F030FC654BCDE9D4
:107B380002500193534B0093662320464D4A6249F5
:107B4800B047B2E7EB6813F1800F0AD06FF07F02FD
:107B5800CDE902325D4B01934E4B00936569672373
:107B680060E795ED027ADFED5A7AB4EE677AF1EEC6
:107B780010FA28D0574B00936569682326E7B86840
:107B8800F8F7A4FC0446D9F800000D46F8F79EFC67
:107B980002460B4620462946F8F7F0FC32A3D3E903
:107BA8000023F8F715FE06F1080841EC100B4046D3
:107BB80007A905F037FF079BF360002009B0BDEC6B
:107BC800028BBDE8F083B868F8F780FC41EC180B2D
:107BD800D9F80000F8F77AFC06F1080441EC100B1C
:107BE800B0EE481AF0EE681A2146052007AA05F0FB
:107BF800A7FF07991F22F160052005F0D5FFF8F7C8
:107C080053FC01F10041F8F753FFB061D5E7B8F133
:107C1800010F0FD04046666903F0B8FB0546012006
:107C280003F0B4FB2C4BCDE902500193164B0093A3
:107C3800852382E7287F01280ED0666903F0A6FB1A
:107C48000546404603F0A2FB234BCDE902500193C1
:107C58000C4B0093862370E7D9F80000F8F736FC40
:107C6800C6E90001A9E700BF140014001400243F6E
:107C7800C542020861420208B5390208DC4202081E
:107C8800FF420208533A0208603A0208F039020833
:107C98008C610208CB460208000000386F120333DB
:107CA8005943020865430208394302080080FFFF70
:107CB8007A430208000080376F1283320000F03EDA
:107CC800814302088D430208373E0208994302089F
:107CD8000000803B9E430208C04302088000003831
:107CE800A0002039D5F80C80B8F1000F7FF49FAEC2
:107CF80041465FED060A47F6FF701FED070AB36AB3
:107D0800144AFFF79DFDF36A4146DFED130A9FED24
:107D1800130A134A1348FFF793FDEB68F361AB6846
:107D2800336297F81C80B8F1090F3FF4C0AEB8F180
:107D3800070F7FF46CAFFB68002B3FF482AE002284
:107D4800CDE90232084B0193084B009365695B2328
:107D580068E600BF4378000880000038800080375C
:107D6800357800080080FFFF8C610208E2400208B5
:107D7800836B10B50BB908F0A4F93821BDE81040A1
:107D8800184700002DE9FF410B6804460D4613B162
:107D98001B68012B11D00122CDE902322E4B019331
:107DA8002E4B00939423656920462D4A2D49A847F8
:107DB8000124204604B0BDE8F0814B6813B11B686C
:107DC800012B09D00122CDE90232234B0193264B26
:107DD800009365699523E7E7C6680022304604F0FA
:107DE80035FE074640B9214B009397236569204625
:107DF8001B4A1F49A847DBE743691B68002B04DCC3
:107E08001C4B009365699823F1E700222946304608
:107E180004F031FE804620B9174B009365699A2318
:107E2800E5E7EB6823B9154B009365699C23DEE70A
:107E38000093024639462B692046FFF7B1FD3368A7
:107E4800394604469B693046984733684146304670
:107E58009B699847ADE700BF08440208CF43020872
:107E680061420208F0390208DF4302081E3A02089C
:107E7800B5390208F0430208413A02080A440208E8
:107E880008B5D0E90B239A4201DD08F01AF94268D7
:107E9800802AFADC83687F33FF2BF6D87F32F4DB45
:107EA80008BD836B10B50BB908F00BF93C21BDE890
:107EB800104018472DE9F04F0C1E8DB016461D4690
:107EC800199F099037DD4FF00008179B07EB840BCB
:107ED80003EB840A189B03EB8409013CDBF80030B0
:107EE800984502D30DB0BDE8F08F33680AAA0A930B
:107EF8002B6821460B931D9B099807931C9B08F13F
:107F0800010806931B9B05931A9BCDE90373189BE5
:107F18000293179B0193169B00930BABFFF7CAFFC5
:107F2800DAF800203368134433602B68D9F800204E
:107F380013442B60D2E701D008F0C3F8179B1968E7
:107F4800189BD3F800C051EA0C02F5D032681A9B8E
:107F5800D7F800B003EB02082A681B9B03EB020961
:107F6800169B1A681C9B03EB020A99B9FFF788FF56
:107F78005C4504DB2B683A6813442B6015E019F95B
:107F88000410099A98F900001D9B98470AF8040004
:107F98000134EDE7BCF1000F19D1FFF771FF5C4523
:107FA8000ADB33683A6813443360169B3A681B68E7
:107FB8001344169A136095E718F90400099A99F979
:107FC80000101D9B98470AF804000134E7E7FFF703
:107FD80057FF5C4504DB33683A6813443360C9E7EC
:107FE80019F9041018F90400099A1D9B98470AF812
:107FF80004000134EDE7F8B51546126804469142CD
:10800800016001DA08F05DF8064600208F1AB842D0
:1080180008D1231D9200291D03EB800008F093FA74
:108028002046F8BD8842EDDA46F8043F0130EEE715
:1080380070B50D461646FBF74FFD04462846FBF77C
:108048004BFD05463046FBF747FDAC4201D008F032
:1080580038F88442FBD170BD38B580FB0134002C60
:108068001B4DA8BF4FF08045884208BFB0F1004FB4
:1080780017D0E81844EBE573002B04DA6FF00041E1
:10808800401843F10003C00F40EA4300002AC2F140
:10809800000109DD4FF4B3710E4B0F4A0F4808F089
:1080A80017F86FF00040F1E71F3204DA40F2671169
:1080B8000B4B094AF2E701238B40C20F013B03EA4D
:1080C800000402EB630308419C42C8BF013038BD7D
:1080D800010000C06A41020878410208D241020842
:1080E8005242020870B51446936992681144626856
:1080F80001FA03F510449840D4E90712FFF7ACFFE2
:10810800D4E9091206462846FFF7A6FFD4E9041267
:108118003044FFF7A1FFE3681844E36A9842B8BF08
:108128001846236B9842A8BF184640B270BD2DE987
:10813800F04303680C688FB09C42B8BF1C46042308
:10814800062C0D461646137001DD07F0BAFF0246ED
:10815800012321466846FFF74EFF01232A462146A0
:1081680007A8FFF748FF009A079B9A420AD1920096
:1081780008A901A808F0F2F820B9012333700FB05C
:10818800BDE8F083013C2546002D10DB29466846F2
:10819800FBF796FC2946074607A8FBF791FC8742A0
:1081A80001D1013DF0E7012F24D102233370337848
:1081B8009A1E012AC9D80125032B0CBF6F46E84631
:1081C800C6E91555C6E917550CBF0DF11C0807AFD0
:1081D800002C75665ADB21464046FBF771FC2146A8
:1081E80081463846FBF76CFC814507D109FB05F54C
:1081F800013CEDE7012849D10323D7E7002C45DBF3
:1082080021464046FBF75CFC012808D12146384648
:10821800FBF756FC336E013C43433366EEE7002C14
:1082280034DB21464046FBF74BFC214605463846E1
:10823800FBF746FC854204D1F36D013C6B43F365C3
:10824800EDE7002C22DB21463846FBF739FC0128F4
:1082580008D121464046FBF733FCB36D013C43434C
:10826800B365EEE7002C11DB21464046FBF728FCFE
:10827800214605463846FBF723FC854204D1736D39
:10828800013C6B437365EDE704233370012076E707
:10829800002313B50446CDE90033044A044B0549CD
:1082A80005F012F8204602B010BD00BFE18F0008AB
:1082B800C58D0008AB7E00082DE9F04F93B0CDE9DD
:1082C80003238046072301201C9A8C4606A9013BFC
:1082D8006DD1072001210CAB01386BD11346012465
:1082E80002F11801994268D1D8F80010DCF8004072
:1082F8000B46A14228BF2346059308EB810301934F
:108308000CEB84030125029300232F469B469A46D3
:10831800059EAE4254D2A14240F2AC80BBF1000FA0
:1083280000D101334646091B03F18044013C02EBAE
:108338008405013B12AA02EB830356F8044F002C74
:1083480049D053F8302C0130624343F8302C2A6866
:10835800884204FB02F22A60EFD1012206A80CA988
:108368000D46064600231446039F47F8234056F857
:10837800047B7C43049F47F8232055F8047B013392
:10838800062B07FB02F2EFD100231A4650F8045BD4
:1083980051F8044BA54205D0012D40F08D80039C77
:1083A80044F823200133062BF0D1012014E041F8D2
:1083B800040B8CE743F8041B8EE743F8044B91E762
:1083C800019E56F804E90196029E56F80499029611
:1083D800BEF1000F03D1002013B0BDE8F08FB9F152
:1083E800000FF8D0BEF1010F74D1B9F1010F40F0C0
:1083F800938001358CE7013312AE5F1E06EB8707C9
:1084080057F8186C4FF0010A09FB06FE47F818ECFC
:1084180003F1804E0EF1FF3E52F82E7009FB07F76C
:1084280042F82E700027BB46E3E7BAF1000F03D1EC
:10843800BBF1000F00D107B1013312AE5F1E06EB8E
:10844800870757F8306C0EFB06F957F8186C47F891
:10845800309C0EFB06F947F8189C03F1804909F196
:10846800FF3952F829700EFB07F742F829700027E8
:10847800BB464FE0BFF471AFBAF1000F00D1013332
:108488006646611A03F18044013C02EB8405013B16
:1084980012AA02EB830356F8044F002C9BD053F822
:1084A800182C0130624343F8182C2A68884204FBD0
:1084B80002F22A60EFD150E7012C09D1049C6FE742
:1084C800BEF1010F98D0B9F1010F0CD0CE45ACD058
:1084D80007F0F7FDBAF1000F22D1B9F1010FF5D17C
:1084E800BBF1000F00D1013312AE5F1E06EB870708
:1084F80057F8306C4FF0010B0EFB06F947F8309C2B
:1085080003F18047013F52F827600EFB06FE42F850
:1085180027E00027BA466CE7BAF1000F3FF46BAFCB
:10852800BBF1000FCCD04B21024B034A034807F0A4
:10853800CFFD00BF254402084C440208E944020864
:108548002DE9F04F2DED028B00288BB00D46144617
:10855800B0EE408AF0EE608A169F189E39DD4FF023
:108568000008179A06EB800907EB800A02EB800BDC
:108578000138D9F80020424504D80BB0BDEC028B75
:10858800BDE8F08F2A6808A908922268F0EE680A08
:1085980009921B9AB0EE480A05921A9A0793049218
:1085A800199A0690CDE90262179A08F10108CDE9F7
:1085B800007209AAFFF7C4FFDDE90603DAF8001024
:1085C8002A680A442A602268DBF800100A442260FC
:1085D800CFE701D007F075FD179AD7F800C0D2F899
:1085E80000E05CEA0E02F5D00F68199A1A99D4F8DF
:1085F8000080D6F800A002EB870B01EB88001B9ADD
:1086080019684FEA8A0902EB8101BCF1000F1DD1FC
:108618008144484503D108EB0A0222603DE0F0ECB2
:10862800017A9BED007A77EE877AB4EEE78AF1EE6D
:1086380010FAC8BFF0EE487AF4EEE78AF1EE10FAC5
:1086480048BFF0EE687AE1EC017AE2E75A46D9448D
:10865800BEF1000F1DD04A4524D157442F6022682F
:1086680031680A44D9E7F2EC017A90ED007A77EEA6
:10867800877AB4EEE78AF1EE10FAC8BFF0EE487ACE
:10868800F4EEE78AF1EE10FA48BFF0EE687AE1EC12
:10869800017A4A45E7D157442F601A6831680A447D
:1086A8001A606AE7F2EC017AB0EC017A77EE877A21
:1086B800B4EEE78AF1EE10FAC8BFF0EE487AF4EEAD
:1086C800E78AF1EE10FA48BFF0EE687AE1EC017A39
:1086D800C1E72DE9F04FB0F1000A8DB00D46144600
:1086E8001E46DDF8609037DD002709EB8A03099301
:1086F800169B03EB8A08179B03EB8A0B0AF1FF3AD8
:10870800099B1B68BB4202D80DB0BDE8F08F2B68EF
:108718000BAA0A93236850460B931D9B0AA907933B
:108728001C9B013706931B9B05931A9B0493199B6B
:10873800CDE90293179B0193169B00933346FFF7ED
:10874800C8FFD8F800202B6813442B602368DBF897
:10875800002013442360D3E701D007F0B2FC169B36
:108768001868179B196850EA0103F6D01B9B2A6802
:10877800D4F8008003EB820C1C9B376803EB880E4F
:108788001D9B03EB8707D9F80030B0B9834202D1AB
:108798004344236030E05EF82020DCF800100A44EF
:1087A80019998A42B8BF0A461A998A42D4BF47F82B
:1087B800202047F820100130E8E7C9B1534521D1FE
:1087C8001A442A602368D9F800201344E1E75CF8CA
:1087D8002100DEF800402044199CA042B8BF204682
:1087E8001A9CA042D4BF47F8210047F82140013124
:1087F8008B42ECD11A442A603368D9F8002013441C
:10880800336081E75EF82A005CF82A100144199861
:108818008142B8BF01461A988142D4BF47F82A104E
:1088280047F82A000AF1010AC8E700002DE9F043D9
:108838002DED028BC9B0549EDDE95254307A0128DF
:108848000BD0022800F0818002F0A0FD327A0146A8
:108858006F4804F049FC01203CE01F7893ED0D8A35
:10886800D3ED0E8A2946002F39D009A804F063FDFC
:108878000DB907F026FC214610A82F6804F05BFD0F
:10888800002CF6D0314641A8D4F8008033AD04F06E
:1088980052FD2CACD6F800903AAE2B4622460096F4
:1088A80010A909A8FFF708FD98B10021F0EE680AA1
:1088B80017911E912591B0EE480A0520CDE904894B
:1088C800CDE90267CDE9004525AB1EAA17A9FFF738
:1088D80037FE002049B0BDEC028BBDE8F08317A835
:1088E80004F029FD002DC4D021461EA82D6804F0EF
:1088F80022FD002CBDD0314641A8D4F8008004F0F8
:108908001AFD346841AA1EA917A8FFF791FB2A4649
:10891800214645463B469842DBDDF2EC017AB5EC50
:10892800017A77EE877AB4EEE78AF1EE10FAC8BFDB
:10893800F0EE487AF4EEE78AF1EE10FA48BFF0EE6E
:10894800687A0133E1EC017AE5E71F7829460DF1F1
:10895800CC080DF1E809002F34D025A804F0EBFC71
:10896800002D86D021462CA82D6804F0E4FC002CAC
:108978003FF47FAF3146276841A81EAC04F0DBFC0A
:10898800366843462246CDF800902CA925A8FFF763
:1089980093FC00289DD000236FF0004209931093A8
:1089A80017934FF000430520CDE90332CDE9067651
:1089B800CDE901890595009417AB10AA09A9FFF71D
:1089C80088FE86E7404604F0B6FC002D3FF451AF20
:1089D800214648462D6804F0AEFC002C3FF449AF10
:1089E800314641A8246804F0A6FC4946404641AAFD
:1089F800FFF71EFB3B46366898427FF76AAF55F88B
:108A0800232054F823100A4446F823200133F3E7BF
:108A1800383902082DE9F04F04460D4616464FF046
:108A280000098DB01F46199B03EB81030893179B20
:108A380003EB810A189B03EB810B089B1B684B45D2
:108A480002D80DB0BDE8F08F002D24DD3368204634
:108A58000A933B680AAA0B931C9B691E06931B9BEF
:108A680005931A9B0493199B0393189B0293179BD6
:108A78000193169B00930BABFFF7CCFFDAF80020AD
:108A8800336809F10109134433603B68DBF80020BF
:108A980013443B60D1E701D007F013FB3B681B9AF6
:108AA800A06932F91380A3681A9A984408FA00F367
:108AB8000993336832F913306268134403FA00F0FB
:108AC800D4E90712FFF7C8FAD4E9091280460998D1
:108AD800FFF7C2FAD4E904124044FFF7BDFAE2688E
:108AE800169B1044E26A1B689042B8BF1046226B7E
:108AF8009042A8BF10461C9A22F81300169A013318
:108B08001360BBE72DE9F04F1C46EFB06822DDE9A2
:108B18007897002154A8DDF8E88107F02FFC636AF4
:108B280046AD5A93A36A49465593636928465B93B1
:108B380063685C93E36A5693A3695D93A3685E9345
:108B4800236B5793E3695893236A5993D4E9032312
:108B5800CDE95F2304F0EFFB39464DA804F0EBFBA9
:108B6800284654AA4DA9FFF7E2FA044698F80800E7
:108B780007286AD0092840F011814946002C38D0CE
:108B880015A804F0D8FBB9F1000F01D107F099FA44
:108B980039461CA8D9F8009004F0CDFB002FF5D079
:108BA80041464DA83FAE38AC3F6804F0C4FBD8F846
:108BB80000803346224600951CA915A8FFF77CFBC8
:108BC80098B100217A4B2391CDE9068331AB2A91E4
:108BD800319100930521CDE90497CDE9026501940F
:108BE8002AAB23AA54A8FFF765F900206FB0BDE8A7
:108BF800F08F23A804F09FFBB9F1000FC6D03946C7
:108C08002AA8D9F8009004F096FB002FBED0414660
:108C18004DA83F6804F08FFB54A8FFF731F94DAA1F
:108C28002AA923A8FFF704FA054654A8D8F8006033
:108C3800FFF726F9A542D8DD395719F9040054AAD7
:108C4800FFF750FA30550134F4E749463FAE002C9F
:108C580031D031A804F06FFBB9F1000F96D0394636
:108C680038A8D9F8009004F066FB002F8ED0414652
:108C78004DA82AAC3F6804F05EFBD8F80080334664
:108C88002246009538A931A8FFF716FB0028ACD07A
:108C9800002323A915931C9323930091CDE905780C
:108CA8000521CDE90359CDE901461CAB15AA54A805
:108CB800FFF7B0FE99E7304604F03DFBB9F1000F2D
:108CC8003FF464AFD9F80030394628460C9304F0D5
:108CD80032FB002F3FF45AAF3B6841464DA80B9337
:108CE80004F029FBD8F80030DDE95F89C8450A930C
:108CF8003FF74CAF304629464DAAFFF799F9559EE4
:108D08002C4B09909E42FFF641AF47F6FE734FF693
:108D1800FC72DDF858A10AEB030191423FF636AF29
:108D28009E423FF733AFDDE95AB30D935C9B0E9338
:108D38005D9B0F935E9B1093589B1193599B1293C5
:108D4800579B099AA2427FF750AFDDE90D121393A2
:108D58000B9B33F914500C9B554433F9140005FA56
:108D68000BF5304400FA0BF0FFF776F9DDE90F1246
:108D780007462846FFF770F9DDE911123844FFF776
:108D88006BF9139B0A9A18444045B8BF40464845BA
:108D9800A8BF484622F814000134D2E702F0F6FAD8
:108DA80098F808200146044804F09EF901201DE7C0
:108DB800ED8000080280FFFF383902082DE9FF47DF
:108DC800D1E903A906460C46BAF1000F01D107F014
:108DD80078F91D4B1A6804F09EFA1C4B21461A6854
:108DE8000746304604F097FA194B80461A68214620
:108DF800304604F092FA0546007A431E012B0BD840
:108E080053464A4621463046CDE901850097FFF78B
:108E18000DFD04B0BDE8F087092801D0072809D165
:108E280053464A4621463046CDE901850097FFF76B
:108E380069FEEEE702F0AAFA2A7A0146054804F02C
:108E480053F90120E5E700BF7C6A0208786A020846
:108E5800746A0208383902082DE9F04F2DED068BA7
:108E6800834681B08A46DDE91054194610461E46ED
:108E7800174604F017FD2B7F80F00100092B2070A6
:108E880002D0072B40F081802A680AB907F019F947
:108E980097ED02AA96ED028AB4EEC8AA072B14BF72
:108EA8004FF014084FF00F08F1EE10FAFA6854BFAB
:108EB8001AEE100A18EE100A5242A262F2685242E2
:108EC800E262EA68C4F824802263F7F7FFFA0246F0
:108ED8000B46F7F79DF906460F4618EE100AF7F706
:108EE800F5FA32463B46F7F773FC41EC190B0120C3
:108EF80000FA08F0F7F7D8FA8046A8688946F7F725
:108F0800E5FA02460B4640464946F7F737FB024664
:108F18000B4630463946F7F75BFC41EC180B1AEE66
:108F2800100AF7F7D3FA32463B46F7F751FC04F13B
:108F3800040904F1140841EC100B4946404604F0BA
:108F4800DBFDB0EE490AF0EE690A04F1080104F10C
:108F5800180004F0D1FD04F1200104F11C00B0EE6A
:108F6800480AF0EE680A04F0C7FD2A46584604F19C
:108F7800100310939AF8001004F10C0301B0BDEC33
:108F8800068BBDE8F04F04F0E9BA012B0DD19AF831
:108F98000030012B03D1002363630C4B04E0032B47
:108FA80009D1002363630A4BA363002001B0BDEC21
:108FB800068BBDE8F08F022B04D1064B63634FF09C
:108FC8007E53F1E76FF40003E6E700BFFFFF7F7F02
:108FD8000000C040000080BF2DE9F043CB68044684
:108FE8000E4685B00BB907F06CF80B69002BFAD068
:108FF800C5680022284603F029FD814660B9304B38
:1090080000935823656920462E4A2F49A847012610
:10901800304605B0BDE8F08301223146284603F00A
:1090280015FD804620B9294B009365695B23EAE763
:1090380000223146284603F01EFD074620B9244B7E
:10904800009365695E23DEE7F3684A46CDE90003CD
:10905800434631692046FFF7FFFE06460028D7D170
:109068003B7F022B1BD1D9F8003063B1CDE9023028
:10907800184B0193184B0093682365692046114AE1
:109088001649A847C3E7D8F8002042B1CDE9022322
:10909800104B0193124B009365696A23EEE72B6826
:1090A800494628469B6998472B68414628469B694C
:1090B80098472B68394628469B699847A8E700BF18
:1090C800A745020847450208B5390208B94502080C
:1090D800413A0208CB450208E1450208F039020886
:1090E800FB450208836B10B50BB906F0EAFF202197
:1090F800BDE81040184700002DE9F04F0F69814680
:109108008846B7B00FB906F0DCFFCE68002EFAD05B
:109118009A4B1A6804F0FFF8994B054641464846B1
:109128001A6804F0FAF80446287A072800F0CE8076
:1091380009280ED0012840F0958133463A46414629
:109148004846CDE9005400F09FFA002037B0BDE84A
:10915800F08FBB68294606937B681AA807933B697A
:109168000A93FB680B93B6F904300893B6F90030FC
:109178000993336902937369039304F0DCF82B684D
:10918800214621A8179304F0D6F8002CBBD02368F9
:109198001693DDE902329342B5DC8033B3DB7F2AD4
:1091A800B1DC1A9B042BAED1219B042BABD100233D
:1091B80021AA19461AA8FAF7CEFC03230C901946DF
:1091C80021AA1AA8FAF7C7FC00211C9B0D900E9340
:1091D8001D9B0F93239B1093249B11930C9B8B42F5
:1091E800B3DD089D4FF0000A6B4205935AE0049BDB
:1091F80000944B441AA8CDE91812FAF77AFCDDE975
:109208001812179B09F101091B569B45B8BF9B46CD
:10921800139B4B45EBDC08F10108159B43452EDCFD
:109228009DF908809DF90C30D845B8BFD8469845B7
:10923800A8BF984600943346524621A81891FAF7D9
:1092480058FC169B189903F8008001340D9BA34223
:109258001BDC079B079AFF1A049B013613440493EF
:10926800119BB34216DD27EAE77312930F9B0B9A03
:109278003B449342A8BF134600241393E6E7059B9B
:10928800DDF8489008EB0302C2E76FF07F0BDDF8CA
:109298005080C2E7069B0AF1010AED1ADDE90532A2
:1092A80013440593109B53450EDD25EAE57314938B
:1092B8000E9B0A9A2B449342A8BF1346099F159305
:1092C8007B4200260493CBE7013187E7BB68294638
:1092D80006937B6828A807933B690A93FB680B935E
:1092E800B6F904300893B6F900300993336903934B
:1092F8007369049304F01FF82B6821462FA817936D
:1093080004F019F8002C3FF4FEAE23681693DDE94B
:10931800033293423FF7F7AE13F5004FFFF6F3AE73
:10932800B2F5004FBFF6EFAE289B042B7FF4EBAEEF
:109338002F9B042B7FF4E7AE00232FAA194628A8F9
:10934800FAF709FC03230C9019462FAA28A8FAF764
:1093580002FC00212A9B0D900E932B9B0F93319BAF
:109368001093329B11930C9B8B427FF7EEAE089DB6
:109378004FF0000B6B42059360E000BF846A02085F
:10938800806A020809EB0A03009428A8CDE918129C
:10939800FAF7AFFB179B029A33F9103009F101096C
:1093A8009A42B8BF1A460292DDE91812139B4B4540
:1093B800E8DC08F10108159B43452CDCBDF90C805D
:1093C800029B00949845B8BF9846BDF910305A469C
:1093D8009845A8BF98462FA833460291FAF789FB0B
:1093E800169B029923F8108001340D9BA34218DCC8
:1093F800079B0136FF1A9A44119BB34216DD27EAF0
:10940800E77312930F9B0B9A3B449342A8BF1346F2
:1094180000241393E9E7059BDDF8489008EB030265
:10942800C4E7144BDDF850800293C4E7069B0BF1A8
:10943800010BED1ADDE9053213440593109B5B45DA
:109448000EDD25EAE57314930E9B0A9A2B4493428A
:10945800A8BF1346099F00261593C7F1000ACBE75A
:10946800013180E701F092FF0146034803F03CFE1A
:1094780001206BE60080FFFF15460208002313B5A4
:109488000446CDE90033044A044B054903F01CFFA8
:10949800204602B010BD00BF3195000801910008B8
:1094A800ED9000082DE9F04FD1E901794FF0010B5B
:1094B800536985B091F800A0D3E902830393D1E9F9
:1094C80003340293DDE902213B465046CDF800B053
:1094D800FBF7D8F84B462246054641465046CDF89C
:1094E80000B0FBF7CFF8013809FB00440020029BCD
:1094F800013D07FB0533039A0E9E9B1AA4EB080453
:1095080023EAE37343FA0BF224EAE474326003EAD1
:109518000B0344FA0BF204EA0B047260B360F460C4
:1095280005B0BDE8F08F00002DE9F743D1F81090A1
:1095380004460F46B9F1000F01D106F0C2FDCD680F
:10954800002DFAD0D0F80C800022404603F07EFAB5
:10955800064658B9424B00933D2365692046414A67
:109568004149A847012003B0BDE8F08339460022ED
:10957800404603F080FA074620B93C4B00936569E2
:109588004023EBE703463246494620460095FFF75D
:1095980089FF307F092801D007281FD197ED027A6B
:1095A800D6ED027A77EEC77AF0EEE77A17EE900AF0
:1095B800F6F78CFF28A3D3E90023F7F75BFA20B965
:1095C8002B4B009365694923C8E7F268FB689A4208
:1095D8002CD0284B009365694A23BFE7012831D175
:1095E80099F81430012B03D10023AB61224B04E01E
:1095F800032B11D10023AB61204BEB61D8F800306D
:10960800314640469B699847D8F80030404639466D
:109618009B6998470020A6E7022B04D1184BAB6141
:109628004FF07E53E9E76FF40003DEE705F114031A
:1096380099F814103A460093204605F1100303F0F8
:109648008DFFDBE701F0A2FE327F01460D4803F0F3
:109658004BFD87E7AFF300808DEDB5A0F7C6B03EB0
:109668001E3A020836460208B5390208413A02088D
:109678009A460208AF460208FFFF7F7F0000C040FD
:10968800000080BF383902082DE9F04F2DED048B1A
:109698009168A7B004915168DDE9345405911169C6
:1096A800D26808910992B3F9042029460692B3F9C1
:1096B800002018A8D3ED068A93ED079A079203F0C5
:1096C8003AFE0DB906F0FDFC2B6821461FA815933C
:1096D80003F031FE002CF5D023681493189B042B5B
:1096E800F0D11F9B042BEDD100231FAA194618A8FF
:1096F800FAF731FA03230A9019461FAA18A8FAF7AD
:109708002AFA00211A9B0B900C931B9B0D93219B0B
:109718000E93229B0F930A9B8B427EDD069E0025AB
:109728007342039364E00AEB0B03009418A8CDE995
:109738001612FAF7DEF9DDE91612159B0AF1010A8D
:1097480003EB8000D0ED007AF4EEC87AF1EE10FA5F
:10975800C8BFB0EE678A119B5345E4DC09F10109E3
:10976800139B4B4532DCF4EEC88AF1EE10FAC8BF01
:10977800B0EE688AB4EEC89AF1EE10FA3B4600944F
:109788002A461FA848BFB0EE498A1691FAF7B1F9E0
:10979800149B169903EB800080ED008A01340B9B23
:1097A800A34219DC059B0137A8EB03089B440F9BD8
:1097B800BB4216DD28EAE87310930D9B099A4344CF
:1097C8009342A8BF134600241193E8E7039BDDF8F2
:1097D80040A009EB0302BEE79FED128ADDF848902E
:1097E800BEE7049B0135F61ADDE9033213440393FF
:1097F8000E9BAB420FDD26EAE67312930C9B089A88
:1098080033449342A8BF1346DDF81C800027139306
:10981800C8F1000BCBE701317DE727B0BDEC048B25
:10982800BDE8F08FFFFF7FFF2DE9F043D1F81090DE
:1098380006460C4685B0B9F1000F01D106F041FC8F
:10984800D1F80C80B8F1000FF8D01E4B1A6803F05D
:1098580062FD1D4B05461A682146304603F05BFD44
:109868001A4B07461A682146304603F056FD034650
:10987800287A421E082A1CD8DFE802F011051B1BB3
:109888001B1B051B0500CDE9007342462B462146EC
:10989800304600F09BFD002005B0BDE8F083CDE91F
:1098A80001734A46434621463046009500F004FBC2
:1098B800F1E701F06BFD2A7A0146054803F014FC34
:1098C8000120E9E7906A02088C6A0208886A02089F
:1098D80038390208002313B50446CDE90033044A99
:1098E800044B054903F0F0FC204602B010BD00BF50
:1098F800F99D000831980008719B00082DE9F04F88
:1099080005298FB009930C46DDE91965DDE91B7956
:1099180092461E9B2FD04FF0000803EB810B4B1C87
:109928000A93DBF80030984529DA336852460C93DD
:109938002B680A990D931E9B039706931D9B0B900A
:10994800CDE904930DAB02930CAB0193189B08F17E
:1099580001080093099BFFF7D1FFA11D59F82120A9
:1099680033680B9813441D9A33602B6852F82120F2
:1099780013442B60D5E75C690023A34202DB0FB0D8
:10998800BDE8F08FD6F800C02968099AD0ED0D7AA5
:1099980002EB81010AEB8C02D1ED006A92ED006ABC
:1099A80066EE866AF4EEE67AF1EE10FA90ED0E7A3B
:1099B800D8BFF0EE667AB4EEE77AF1EE10FA58BF47
:1099C800B0EE677A3968189A013302EB8101D9F849
:1099D8002C2081ED007A62441D9932602A68C96A98
:1099E8000A442A603A6801323A60C6E72DE9F04F26
:1099F80005298DB00C46DDE917659A46DDF86890B3
:109A080060D01C9B4FF0000803EB810B4B1C1F46DA
:109A1800DBF80030984552DA336839460A932B68E8
:109A280009920B931C9B089006931B9B08F1010855
:109A3800CDE90493199B03930BAB02930AAB0193F3
:109A4800169B00935346FFF7D1FF04F1060C59F813
:109A58002C1033681B9A0B44336052F82C102B6877
:109A6800DDE908020B442B60D2E7D6F800C02B686A
:109A780052F82C405AF8233019996343C46A09688C
:109A8800A342B8BF2346076B169C0EF1010EBB42DA
:109A9800D4BF44F8213044F82170D9F82C301B99F0
:109AA800634433602B68C96A0B442B60199B19996E
:109AB8001B6801330B601C9B5B699E45D5DB0DB0B1
:109AC800BDE8F08F4FF0000EF5E72DE9F047D0F82C
:109AD8000090D1F800804D46C14504460E46A8BF07
:109AE800454601277B1E9D420DDC2F4609F1FF3AB2
:109AF8004F4519DB08F1FF3745451EDB2046F9F7CE
:109B0800EBFFBDE8F087A9EB07012046F9F7D8FF7E
:109B1800A8EB070182463046F9F7D2FF824507F1E4
:109B28000107DFD006F0CDFA2046AAEB0701F9F7C6
:109B3800C7FF0128F6D10137DAE73046791BF9F774
:109B4800BFFF0128EED10135D6E770B516460546A8
:109B5800FFF7BBFF314604462846FFF7B6FFA04291
:109B680001D006F0AEFA70BD836B10B50BB906F0E4
:109B7800A8FA2421BDE81040184700002DE9F04F4D
:109B8800C668054692463046002287B08B461C467A
:109B980002F05CFF814658B9814B00932C236C6915
:109BA8002846804A8049A047012007B0BDE8F08FC9
:109BB80001225946304602F049FF804620B97B4BC6
:109BC80000936C692F23EBE700225946304602F0D8
:109BD80052FF074620B9764B00936C693223DFE7C2
:109BE800DBF8003013B11B68022B0DD00222CDE93F
:109BF8000232704B0193704B009334236C692846F2
:109C0800684A6E49A047CFE7DBF8043013B11B68F8
:109C1800012B09D00122CDE90232694B0193694B2E
:109C280000936C693523EAE799F81C0098F81C3012
:109C3800834213D06E6901F0A9FB044698F81C0012
:109C480001F0A4FB604BCDE9024001935F4B28462D
:109C58000093544A37235E49B047A5E73B7F9AF8FB
:109C68000010092B01D0072B59D104F10C030093E4
:109C78003A46284604F1080303F070FC824600289F
:109C880093D1D9F80800F6F721FCCDE90401D8F8FA
:109C98000800F6F71BFC02460B46DDE90401F6F75F
:109CA8006DFCCDE90401B868F6F710FC02460B46D6
:109CB800DDE90401F6F78CFD04F1180B41EC100BFB
:109CC800594604F1140003F0ADFE99F81C00D9F8C8
:109CD8000C20D8F80C30F9680728226063602161ED
:109CE8002CD142B13B4BCDE9022A01933A4B009368
:109CF8006C69492383E743B1CDE90232354B0193BF
:109D0800364B00936C694A2379E7B9B1CDE9021360
:109D1800304B0193324B00936C694B236FE7022B56
:109D280027D101294FF0000303D1A3606FF000434E
:109D380003E0032913D1A3600623E360336849468F
:109D480030469B6998473368414630469B69984737
:109D58003368304639469B699847002025E7022931
:109D680004D14FF0FF33A3600123E6E74FF000432F
:109D7800DBE7012903D10023E3611A4B04E003293F
:109D880004D10023E361184B2362D7E7022904D1E9
:109D9800164BE3614FF07E53F6E76FF40003EBE7F1
:109DA800A7450208E5460208B5390208B945020880
:109DB800413A0208EE390208CF430208F039020896
:109DC80008440208DF4302084547020852470208D0
:109DD800373E02088C6102085F470208774702088D
:109DE8008F470208FFFF7F7F0000C040000080BF50
:109DF8000A6910B50AB906F064F9CB68002BFAD0E5
:109E0800BDE81040FFF7BABEF8B50646052401279D
:109E180001F1180521463046F9F752FE45F8040DC0
:109E28002146AF613046F9F74BFE013C00FB07F7CE
:109E3800F0D2F8BD2DE9F0430D461C4616468FB00A
:109E48000AB906F03EF9002BFBD002460123062191
:109E58006846FEF7D0F82A4600250123062107A800
:109E6800FEF7C9F831466846FFF7CEFF214607A836
:109E7800FFF7CAFFA84606F1180929466846F9F708
:109E88001FFE2946074607A8F9F71AFE874205D09C
:109E9800012F0BD149F8258046F825000135062DFC
:109EA80004F10404E9D10FB0BDE8F0830128C8D15A
:109EB800C4F818802760F1E72DE9F04F2DED028BEB
:109EC8001D46E1B06822DDE96C49002146A8DDF8AD
:109ED800B8A106F053FAEB692EAE53932B6A2146CC
:109EE80030463AAF549303F026FA4946384603F011
:109EF80022FA3946304646AAFEF719F905460028DF
:109F080056D012AD2146284603F015FA0CB906F0D2
:109F1800D8F80DF1640B49465846D4F8008003F090
:109F28000AFAB9F1000FF2D020AC51462046D9F810
:109F3800009003F000FABAF1000FE8D02B68DAF8C5
:109F480000A0062BE3DC199B062BE0DC209B062BEC
:109F5800DDDC28463B4632465946FFF76BFF224672
:109F68000123062127A8FEF746F80DF1300C6446B8
:109F780028AD0FCD0FC495E8030084E80300002145
:109F880009AB0AAA0BA8CDE90132CDE903064B4675
:109F98004246CDE9057CCDF800A046A809910A9172
:109FA8000B91FFF7ABFC61B0BDEC028BBDE8F08F05
:109FB800214627A803F0BFF9002CA8D0494630460F
:109FC800D4F800B003F0B7F9B9F1000F9FD05146AB
:109FD8003846D9F8008003F0AEF9BAF1000F96D0F0
:109FE800DAF8004031463A4627A8FFF7AEFD9DED66
:109FF800538ADDED548A5E46414622462B469842F6
:10A00800D1DDF6EC017AB1EC017A67EE877AB4EE2D
:10A01800E78AF1EE10FAC8BFF0EE487AF4EEE78A64
:10A02800F1EE10FA48BFF0EE687A0133E2EC017AFB
:10A03800E5E72DE9F04FBFB01C92044626AA084672
:10A04800194632ABFFF7F6FE0123499A06211FA8ED
:10A05800FDF7D1FFDDE92367209BDDF89480179396
:10A06800219B1693229B1493149A169B5343734374
:10A078007B4308FB03F31893134673437B4308FBA6
:10A0880003F3199307FB06F308FB03F31A9308FB82
:10A0980007F31B930023CDE902330193179A9342E8
:10A0A800C0F2A4803FB0BDE8F08F119A1D931C9BAD
:10A0B800E56813F902C06268489B9444129A98565E
:10A0C800A268104400FB0CF0D4E9041203F0F4FB7E
:10A0D800E26A05449542B8BF1546226B159B954226
:10A0E800A8BF154603F8015B319A1593119B1344D9
:10A0F80011933D9A129B13441293139B01331393AC
:10A108001D9B139A4245D0DB309A1099C2441144E2
:10A118003C9A109191440BF1010BBB4510DA4A9A15
:10A12800CDF8489052441592109A11920022139239
:10A13800E7E70C9A4FF0000BDDE90D9A1092ECE777
:10A148002F9A0C9911440C913B9A0D9911440D9139
:10A158000E9A1B990A440E920F9A01320F920F9A87
:10A16800B242E6DB2E9A0899114408913A9A099965
:10A17800114409910A9A1A990A440A920B9A0132CF
:10A188000B920B9A14998A4220DB2D9A0499114458
:10A198000491399A059911440591069A19990A4426
:10A1A8000692079A01320792079A16998A4215DB96
:10A1B8002C9A0199013311440191389A029911445A
:10A1C8000291039A18990A44039267E70A9A0E9231
:10A1D800099A0D92089A0C920022BFE7069A0A92F1
:10A1E800059A0992049A08920022C9E7039A0692EE
:10A1F800029A0592019A04920022D4E72DE9F04FC1
:10A20800BFB01C92044626AA0846194632ABFFF78F
:10A2180011FE0123499A06211FA8FDF7ECFEDDE98E
:10A228002367209BDDF894801793219B1693229B2C
:10A238001493149A169B534373437B4308FB03F30D
:10A248001893134673437B4308FB03F3199307FBE7
:10A2580006F308FB03F31A9308FB07F31B93002389
:10A26800CDE902330193179A9342C0F2A6803FB01A
:10A27800BDE8F08F119A1D931C9BE56833F912C055
:10A288006268489B9444129A33F91200A2681044F9
:10A2980000FB0CF0D4E9041203F00EFBE26A05445B
:10A2A8009542B8BF1546226B159B9542A8BF154627
:10A2B80023F8025B319A1593119B134411933D9A2D
:10A2C800129B13441293139B013313931D9B139AF0
:10A2D8004245CFDB309A1099C24411443C9A109100
:10A2E80091440BF1010BBB4511DA4A9ACDF848901D
:10A2F80002EB4A021592109A119200221392E6E795
:10A308000C9A4FF0000BDDE90D9A1092EBE72F9AAB
:10A318000C9911440C913B9A0D9911440D910E9A88
:10A328001B990A440E920F9A01320F920F9AB24269
:10A33800E6DB2E9A0899114408913A9A0999114432
:10A3480009910A9A1A990A440A920B9A01320B92B5
:10A358000B9A14998A4220DB2D9A0499114404918E
:10A36800399A059911440591069A19990A44069251
:10A37800079A01320792079A16998A4215DB2C9A96
:10A388000199013311440191389A029911440291BB
:10A39800039A18990A44039265E70A9A0E92099A51
:10A3A8000D92089A0C920022BFE7069A0A92059A23
:10A3B8000992049A08920022C9E7039A0692029A1F
:10A3C8000592019A04920022D4E700002DE9F04F8B
:10A3D80015469A46ADF52D7D6822DDE9B684002143
:10A3E800074692A805F0CAFFAB6851469D93EB68F3
:10A3F80086AE9E932B6AA0932B685B4293936B68FF
:10A408005B4294932B6995936B699693AB697AAD8C
:10A418002846979302F08FFF4146304602F08BFFA3
:10A428003146284692AAFDF782FE9AF808308146FE
:10A43800092B64D1514628B30AA802F07CFF414693
:10A4480011A8DAF8006002F076FFB8F1000F01D128
:10A4580005F037FE18AD21462846D8F8007002F0FE
:10A468006AFF002CF4D023683246CDE901530097E7
:10A4780011AB0AA992A8FFF7DCFD00200DF52D7D90
:10A48800BDE8F08F1FA802F056FF414626A8DAF86B
:10A49800005002F050FFB8F1000FD9D021462DA886
:10A4A800D8F8006002F047FF002CD1D0DDE99D23E9
:10A4B8009A422768CCDC2DAA26A91FA8FDF7B8FD6B
:10A4C8008046C845D9DD15F90930939A16F909006F
:10A4D8001344949A959C10445843DDE9961203F06E
:10A4E800EBF99D9B04449C42B8BF1C469E9B9C4232
:10A4F800A8BF1C4607F8094009F10109E1E7022B4A
:10A5080040F08B8057AF002853D00DF1D009514649
:10A51800484602F010FFDAF800300DF1EC0A414627
:10A528005046099302F007FFB8F1000F90D0D8F811
:10A5380000B00DF584782146404602F0FCFE002C60
:10A5480086D0349B2468062B82DC3B9B062B3FF786
:10A558007FAF429B062B3FF77BAF33462A465146D7
:10A568004846FFF767FC424601230DF5D8780621D7
:10A5780073A8FDF740FDC4460DF5E87EBEE80F0060
:10A58800ACE80F009EE803008CE8030000215EABF6
:10A5980065AA396092A8CDE90325CDE90173CDE913
:10A5A80005685B46099A00945E916591FFF71EFA6B
:10A5B80063E7514649A802F0BEFE414650A8DAF8C2
:10A5C800005002F0B8FEB8F1000F3FF441AF214649
:10A5D8003846D8F8006002F0AEFE002C3FF438AFE1
:10A5E8003A4650A949A8D4F800A0DDE99D48FFF7EC
:10A5F800ACFA48457FF741AF55F8293056F829207D
:10A608005343A342B8BF23464345D4BF4AF8293031
:10A618004AF8298009F10109EBE7072B7FF42DAFF0
:10A62800939A72B10023CDE90223454B0193454B20
:10A6380000939D237C693846434A4449A04701203A
:10A648001CE7949B43B1CDE902323D4B0193404B4B
:10A6580000937C699E23EEE7DDF854B2BBF1000F4E
:10A6680008D0CDE902B3364B01933A4B00937C698D
:10A678009F23E0E7514608B35EA802F05CFE41461E
:10A6880065A8DAF8006002F056FEB8F1000F3FF452
:10A69800DFAE6CAD21462846D8F8007002F04BFEBC
:10A6A800002C3FF4D5AE23683246CDE9015300971C
:10A6B80065AB5EA992A8FFF7A1FDDEE673A802F0DC
:10A6C8003AFE41462846DAF8007002F034FEB8F146
:10A6D800000F3FF4BDAE21463046D8F8008002F0A6
:10A6E8002AFE002C3FF4B4AEDDE99D239A42D4F84B
:10A6F80000903FF7ADAE2946324673A8FDF798FCA7
:10A7080005465D457FF7B9AE37F91B30939A38F99E
:10A718001B001344949A959C10445843DDE9961203
:10A7280003F0CAF89D9B04449C42B8BF1C469E9BFC
:10A738009C42A8BF1C4629F81B400BF1010BE0E71F
:10A748008C610208A7470208E5460208F0390208AA
:10A75800BF470208D747020810B5836B28219847DE
:10A7680004462822002105F009FE204610BDCA68CB
:10A7780000F0CCB9CA6800F0EBBC0000002313B5A8
:10A788000446CDE90033044A044B054902F09CFD18
:10A79800204602B010BD00BF77A700087DA70008BB
:10A7A80061A7000830EE200A704700002DE9F04745
:10A7B8004FF00009064601254C46D0F800A0CA45CE
:10A7C80003DC28462146BDE8F087012D74F100031B
:10A7D800F7DB2A4623466FF000400021F6F7E0F940
:10A7E80056F8048F4FEAE877804577EB010105DBDF
:10A7F8000749084802F078FC05F063FC6F4308FB42
:10A808000477A5FB085409F101093C44D7E700BFC8
:10A8180005400208555602082DE9F84300249C46D5
:10A82800DDE908E391461C6008BBBDE8F883A8424F
:10A8380015DD00261F68BE4213DB4EF827501D6841
:10A8480001351D60013448F100084C4578EB0C05D2
:10A85800EBDA51F82450002DE9DA2D18E9D505F086
:10A8680030FC5EF826209542ECD00136E3E7A0469E
:10A87800EBE7F8B59C460546069FD0B109B905F047
:10A8880020FC002AFBD00024204610E047B1002617
:10A8980004E057F82630A34208D00136B445F8DC66
:10A8A80052F8246051F8243003FB00600134A542BB
:10A8B800ECDCF8BD2DE9F04F2DED048B0E68044655
:10A8C800042E15461F4693B001D005F0FAFB1B680D
:10A8D800042BFADC0A460123314604A8FDF78BFB5A
:10A8E80001233A4631460BA8FDF785FB0B9B002B4D
:10A8F800EBDD012B0C9EE8D0022B0D99E5D0032B44
:10A908000E9AE2D0049BDDF83CA0012BDDDD022B82
:10A91800069FDAD094F90030DDF81C80022BD4D1E0
:10A92800B4F90230012B13D1B4F90430022BCCD185
:10A938000129CAD1012AC8D107FB08F3002408EE6F
:10A94800903AB4423EDB13B0BDEC048BBDE8F08F07
:10A95800022BBAD1B4F90430012BE8E74A46214664
:10A96800CDF800B004A80393F9F7C3F805EB80000D
:10A97800D0ED007A38EE278A039B01334345EDDB9F
:10A9880009F10109B94516DB0023F8EEE87A1A4601
:10A99800CDF800B021460BA888EE279AF9F7A9F858
:10A9A800209B0BF1010B03EB800080ED009AD3454F
:10A9B80003DB0134C5E70023E0E74FF000099FED12
:10A9C800038ADFE74FF0000BF1E700BF000000004B
:10A9D8002DE9F04F8846C56804469246284600226D
:10A9E80085B09B4602F032F8D8F800300646D3F816
:10A9F8000090B9F1020F10D00223CDE90293384B31
:10AA08000193384B00932F2365692046364A37490E
:10AA1800A847012005B0BDE8F08FD8F804301A68BF
:10AA2800012A09D00123CDE90223314B0193314B8F
:10AA3800009365693023E8E74146284602F006F8A6
:10AA4800074640B92C4B2046009365693423264AB3
:10AA58002A49A847DDE7007F022812D0666900F07E
:10AA680095FC0546484600F091FC254BCDE902507F
:10AA78000193244B204600931B4A35232249B047B3
:10AA8800C7E7337F092B1ED100224146284601F033
:10AA9800F2FF0446B068F5F719FD8046A0688946BC
:10AAA800F5F714FD0B46024649464046F5F790FE79
:10AAB80041EC100B5946504602F0B4FF2B68214672
:10AAC80028469B6998472B68394628469B699847CA
:10AAD8002B68284631469B69984700209AE700BFB3
:10AAE800EE39020852480208EF470208F039020816
:10AAF800084402080A3A020865480208B5390208FB
:10AB08007548020882480208373E02082DE9F74FC7
:10AB1800C5681446804600222846894601F096FFFB
:10AB2800002206464946284601F0A5FF01220746AD
:10AB38004946284601F08AFF337F8246092B04F1F3
:10AB4800040B01D0072B13D1B068F5F7BFFCCDE992
:10AB58000001B868F5F7BAFC02460B46DDE90001CA
:10AB6800F5F736FE41EC100B5946204602F05AFF25
:10AB78007869FFF71BFE0090DAF81400FFF716FE5D
:10AB8800337F6062092B01D0072B0FD10099D8F8C9
:10AB98004030404604F1080289009847F368236171
:10ABA800B3686361FB68A361BB68E36122465B46E7
:10ABB80049464046FFF70CFF044670B92B683146FA
:10ABC80028469B6998472B68394628469B699847C9
:10ABD8002B68514628469B699847204603B0BDE834
:10ABE800F08F30B5002314468B4208DB012421EA9C
:10ABF800E17302EB4300032B07DD117030BD50F801
:10AC08002350013324F8025FEEE720F8024F0133A6
:10AC1800F1E708B508B905F054FA006808BD70B541
:10AC2800F8B109B905F04DFA002AFBD00025431EFA
:10AC380002EB8002002B01DA012010E052F8040C2C
:10AC480051F823600130B042A2F10404EADC04D1D7
:10AC580042F8045C013B2246ECE72060002080F0CB
:10AC6800010070BD2DE9F04F8FB005939DF8683055
:10AC78001746DDE9189500220C460B93049002F064
:10AC88004AFB214601220646049802F044FB21466D
:10AC980080460022049802F040FB04460EB905F0F5
:10ACA80010FA0028FBD0D0F804B04046FFF7B1FFF7
:10ACB8004FF0010801465B460022DBF800A09245F0
:10ACC80000F392803368D6F804A00A932B69DAF867
:10ACD8000060089323686A6A0793D5E900430393E1
:10ACE800AB69099300231846984540F09580504673
:10ACF80000239E4200F3978000250DAB0193059B2E
:10AD080030460093D3170D95FFF786FD0D9B0693EC
:10AD18002B46AE4200F38D804FF0000B0AF104057C
:10AD280000233A4629463046CDF800B0FFF7A1FD8A
:10AD3800059B82463A46294600933046069BFFF714
:10AD480098FD0A9B294633F91A2059F820301344F4
:10AD580049F820303A463046FFF761FF0028DFD136
:10AD680006464FF0010B8246069BB34265DC5BEA60
:10AD78000A0336D00B9B5BBBBAF1000F8FDB08BF11
:10AD8800BBFA8BF3039A18BFBAFA8AF302F11F06CB
:10AD980008BF2033202EA8BF2026C3F13F039E42C0
:10ADA800A8BF1E46E117A6F1200304FA03F3C6F173
:10ADB8002005B140194324FA05F5534604FA06F074
:10ADC8005A462943F5F7ECFE0446039B9B1B039365
:10ADD800002647F6FF7A089B2D4F0BFB03FBB04577
:10ADE80041D10FB0BDE8F08F53F8040FA8FB00EC79
:10ADF800BCF1000F0CD0274B274A1893049B274916
:10AE08005C69A023A44604980FB0BDE8F04F6047E2
:10AE180000FB08F8013252E7079D25F8130049F8AE
:10AE28002300013360E750F8045F002DD9D00133C7
:10AE38005FE747F8253001356BE7059B5A4653F81D
:10AE480026304FF0FF3055F823706FF0004153461D
:10AE5800F5F7A6FE8742CED807FB0AF3ABFB07BA85
:10AE680001369A4480E759F826002146039AA0EB58
:10AE78000B0002F021FD099B1844B842B8BF3846C0
:10AE88005045A8BF5046079B23F816000136A6E791
:10AE98000080FFFF8D480208EF470208B539020815
:10AEA8002DE9F04F8FB005939DF868309146DDE9A4
:10AEB800184600220D460B93049002F02CFA2946FE
:10AEC80001228046049802F026FA29460746002205
:10AED800049802F022FA0546B8F1000F01D105F0F6
:10AEE800F0F80028FBD0D0F804B03846FFF791FE00
:10AEF800012701465B460022DBF800A0924500F3DB
:10AF08009680D8F80030D8F804A00A933369DAF8A4
:10AF1800008008932B68726A0793D6E9005303935D
:10AF2800B3690993002318469F4240F09780504622
:10AF38000023984500F3988000260DAB0193059BEC
:10AF480040460093D3170D96FFF766FC0D9B0693BA
:10AF58003346B04500F38E804FF0000B0AF104062B
:10AF680000234A4631464046CDF800B0FFF781FC41
:10AF7800059B82464A46314600934046069BFFF7AA
:10AF880078FC0A9B314613F90A2054F82030134400
:10AF980044F820304A464046FFF741FE0028DFD1FA
:10AFA80080464FF0010B8246069B434566DC5BEA10
:10AFB8000A0339D00B9B63BBBAF1000F8FDB08BFC4
:10AFC800BBFA8BF3039A18BFBAFA8AF302F11F0689
:10AFD80008BF2033202EA8BF2026C3F13F039E427E
:10AFE800A8BF1E46E917A6F1200305FA03F3C6F128
:10AFF800200CB14025FA0CFC194305FA06F053461B
:10B008005A4641EA0C01F5F7CBFD0546039B9B1B0D
:10B0180003936FF07F08089B04EB87070BFB03FB88
:10B02800079B5E1EBC4240D10FB0BDE8F08F53F8BD
:10B03800040FA7FB00ECBCF1000F0CD0244B254AF1
:10B048001893049B24495C69A023A44604980FB074
:10B05800BDE8F04F6047474301324FE7079EF05481
:10B0680044F8230001335FE750F8046F002EDBD06B
:10B0780001335EE749F8263001366AE7059B5A46F0
:10B0880053F828304FF0FF3056F823906FF0004106
:10B098005346F5F785FD8145D0D809FB0AF3ABFB8C
:10B0A80009BA08F101089A447EE754F8040B2946C6
:10B0B800039AA0EB0B0002F0FFFB099B18444045E4
:10B0C800B8BF40467F28A8BF7F2006F8010FA9E730
:10B0D8008D480208EF470208B53902082DE9F74FF5
:10B0E8009A460023144681460D461A460D9EA342F1
:10B0F80029DB4FF0000B0023324629462046CDF8C5
:10B1080000B0FFF7B6FB324629460C9B8046CDF8C7
:10B1180000A02046FFF7ADFB0F9B09EB880803EB67
:10B128008007D8ED000A97ED000A0E9B9847324633
:10B1380087ED000A29462046FFF771FD0028DAD17D
:10B1480003B0BDE8F08F46F823200133CFE70000B5
:10B158002DE9F04F002499B0914622460F46054646
:10B1680002F0D9F8012280463946284602F0D3F881
:10B17800224682463946284602F0CFF83B69064601
:10B18800DAF80400049301F0BCFF98F8083083460D
:10B19800072B00F0C380092B00F0B180012B40F091
:10B1A800CC805046FFF735FD594607AAADF8204038
:10B1B800FFF717FDD8F804301F68042F0CD19DF94C
:10B1C8001C20022A08D1BDF91E20BDF92040012A01
:10B1D80013D1A21E54425441049A127802B3FCB10E
:10B1E80041460AA802F0A7F8314611A8D8F800404D
:10B1F80002F0A1F846B904F064FF022A08BF012C46
:10B208000CBF01240024E7E73368224600930AA90B
:10B2180011AB07A8FFF74EFB002019B0BDE8F08F6F
:10B228000493002EE7D05046FFF7F3FC01220146B5
:10B2380000207468049BD4F8009081453BDCD6F864
:10B2480000A0D8F800000AEB82040590D1465246C7
:10B258000020A24244D15A460026043304930DF13B
:10B26800280806AB38460193CDF80080D317069618
:10B27800FFF7D2FADDE90410324BDDF818B002937B
:10B2880011ABCDE900B33A464346CDF80CA0FFF721
:10B2980025FF0123B34526DC002BBDD0A145BBD03B
:10B2A80007EE903AD9ED006AB8EE677AC6EE877A6B
:10B2B800E9EC017AF2E754F804CFA2FB0CAEBEF138
:10B2C800000F09D0204B284600936C69D2231F4AEF
:10B2D8001F49A0470120A0E70CFB02F20130ACE7B0
:10B2E80042F8040BB5E7049958F8042B51F82220CA
:10B2F800A3FB02010029E5D153430136CAE76B6C71
:10B30800D9F808102846984739460090CDE90194A5
:10B3180028460AAB11AAFFF7C3FD7DE76B6CD9F885
:10B3280008102846984739460090CDE901942846E8
:10B338000AAB11AAFFF796FC6EE728466B69054928
:10B348009847C7E7ADA7000894480208EF470208E6
:10B35800B5390208DE49020801308000704788428A
:10B3680008B50ED060B171B103680A689A420AD173
:10B3780092000431043004F0F1FFB0FA80F0400983
:10B3880008BD0120FCE70020FAE7000013289ABF57
:10B39800024B53F820000248704700BF946A020825
:10B3A800814A020820B1431E584258414000704764
:10B3B8000120704708B508B904F083FE0029FBD0C6
:10B3C800002AF9D0002BF7D008BD03685B6818473E
:10B3D8000368C01A03888B428CBF405A002070470C
:10B3E80010B50C210446FFF7F3FF10B123182058BD
:10B3F800184410BD08B503461046122B33D8DFE8B1
:10B4080003F0100A181C20242614281E122A222CA5
:10B418002E1A16300E000A2300200B7008BD1323C5
:10B42800FAE70123F8E70B23F6E70723F4E71123EC
:10B43800F2E70223F0E71023EEE70323ECE7092302
:10B44800EAE70423E8E70D23E6E70523E4E7062314
:10B45800E2E70823E0E70C23DEE70E23DCE70F230F
:10B46800DAE71223D8E700220A701A46024902F0E6
:10B47800ADFF0120D2E700BF004B02080020704753
:10B4880038B505461446FFF7A3FF00B12C582046EF
:10B4980038BD38B505461446FFF79AFF00B12C5C55
:10B4A800204638BD08B500220A21FFF7F2FF08BD83
:10B4B800F8B5144605461E46FFF77CFF01222368AF
:10B4C800114620461B6898470027044607702846FF
:10B4D800FFF7E8FF1B280BD12846FFF781FF38B19B
:10B4E8003A460421FFF7D5FFC01B18BF0120207082
:10B4F80000203460F8BD38B505461446FFF768FFEC
:10B5080000B12C56204638BDF8B5144605461E46EF
:10B51800FFF750FF23680122022120461B68984745
:10B5280000270446077047702846FFF7BBFF0B2823
:10B5380017D12846FFF754FF054690B13A46042133
:10B54800FFF7D9FFC2B2531E042B88BF3A46062123
:10B55800227028460122FFF79CFFC01B18BF01205C
:10B56800607000203460F8BD2DE9F04717460546A5
:10B578008A469846FFF71EFF3B6804221B681C2179
:10B58800384698471C220021044604F0F7FE284656
:10B59800FFF788FF0128814605D00025C8F800403C
:10B5A8002846BDE8F0872846FFF71AFF0546002819
:10B5B800F3D000220421FFF79EFFFFF7F3FE0022DD
:10B5C800062120702846FFF75BFF002208216060F3
:10B5D8002846FFF755FF00220A21A0602846FFF7FA
:10B5E8008AFFC6B2731E042B88BF00264A460C2168
:10B5F80028462673FFF744FF4A460E212061284655
:10B60800FFF73EFF0022102160612846FFF773FF15
:10B61800524604F11801FFF7EDFE05460028BCD09C
:10B6280021463846FFF7D1FEBAE770B514460546FD
:10B638001E46FFF7BFFE236804221B681C21204614
:10B6480098471C220021044604F098FE2846FFF77C
:10B6580029FF022834D12846FFF7C2FE054678B3F1
:10B6680000220421FFF747FFFFF79CFE0022062176
:10B6780020702846FFF704FF002208216060284652
:10B68800FFF7FEFE00220A21A0602846FFF7F8FE19
:10B6980000220C21E0602846FFF72DFFC0B2431EB0
:10B6A800042B88BF002001220E2120742846FFF7B2
:10B6B800E7FE0122606110212846FFF7E1FEA06144
:10B6C8000020346070BD00002DE9F047174605469C
:10B6D80088469946FFF76EFE3B68012205211B68E4
:10B6E8003846984700260446066006712846FFF744
:10B6F800D9FE082882463DD12846FFF771FE054647
:10B70800C0B332460421FFF7F6FEC3B25A1E042A1C
:10B7180088BF33463246237051462846FFF7B9FEA4
:10B72800801B18BF012032460A21A0702846FFF767
:10B73800B0FE801B18BF012032460C21E07028465D
:10B74800FFF7D9FE4246211DFFF754FE024650B9C5
:10B7580006212846FFF7CFFE58B1012809D04046F8
:10B76800074902F033FE38462146FFF72EFE012036
:10B7780003E060700020C9F80040BDE8F08700BF12
:10B78800244B0208F8B5144605461E46FFF712FE7C
:10B7980001222368114620461B6898470027044663
:10B7A80007702846FFF77EFE15280DD12846FFF7BB
:10B7B80017FE48B13A460421FFF79DFEC2B2531E58
:10B7C800042B88BF3A46227000203460F8BD70B55B
:10B7D800144605461E46FFF7EDFD236804221B6844
:10B7E80028212046984728220021044604F0C6FD57
:10B7F8002846FFF757FE05282ED12846FFF7F0FD0B
:10B80800054648B300220421FFF775FEFFF7CAFD7D
:10B818000022062120702846FFF732FE0022082168
:10B8280060602846FFF72CFE00220A21A060284607
:10B83800FFF726FE00220C21E0602846FFF720FED5
:10B84800002220610E212846FFF755FEC0B2431E94
:10B85800042B88BF002020750020346070BD10B50F
:10B868002DED028B0446B0EE408AFFF7B1FD10B112
:10B87800044494ED008AB0EE480ABDEC028B10BD7A
:10B8880070B514462DED028B05461E46FFF792FD56
:10B8980004222368114620461B6898479FED0C8AAE
:10B8A800044680ED008A2846FFF7FCFD09280AD1E6
:10B8B8002846FFF795FD30B1B0EE480A0421FFF79E
:10B8C800CEFF84ED000ABDEC028B0020346070BD11
:10B8D8000000000010B50446FFF77AFD10B12318E8
:10B8E8002058184410BD406803689B681847704783
:10B8F80070478068102203689B681847406803688F
:10B908009B68184740680368DB6818474068036805
:10B918005B691847406803681B69184780680422F8
:10B92800036820219B681847704770B505460C4688
:10B9380009B904F0C6FB0B68012B0CD14E68002E28
:10B94800F7D0406871680368DB68984768683146D3
:10B958000368DB68984700236868C4E90033C4E9D2
:10B96800043303682146BDE87040DB68184738B5E2
:10B9780013460C4609B904F0A4FB826932B1806809
:10B988009900026895680422A8472060002038BD05
:10B9980010B508210446FFF71BFD10B123182058E5
:10B9A800184410BD10B50A210446FFF711FD10B167
:10B9B80023182058184410BD10B506210446FFF777
:10B9C80007FD00B1205610BD10B50E210446FFF743
:10B9D800FFFC00B1205C003818BF012010BD10B575
:10B9E80004210446FFF7F4FC10B12318205818442A
:10B9F80010BD10B508210446FFF7EAFC10B1231862
:10BA08002058184410BD000038B50D4608210446DA
:10BA1800FFF7DEFC00B120582B68834205D8B0211F
:10BA28000B4B0C4A0C4804F053FB013055F82030FE
:10BA380005EB80041C4404212046FFF7C9FC2218AA
:10BA480020B12358D058D11800B1081D38BD00BF07
:10BA58004E4B0208594B0208234C0208F8B516460B
:10BA68000023C2E9003346F8083F0F46144605464E
:10BA7800FFF7A2FF314601F094FC064658B9394653
:10BA88002846FFF7C1FF042120602846FFF7A0FCE5
:10BA980018B9054B63603046F8BD2A182858104479
:10BAA80001F072FB6060F6E7486B020838B50D4696
:10BAB800044608B904F005FB0029FBD003680422FA
:10BAC80024215B6B9847064AC0E90024002204340D
:10BAD800C0E90325C0E9062284600275026238BD08
:10BAE800EC6A020870B50D4604461021164601F0AE
:10BAF8004DFB2C44211A02F041FC054600B10430EC
:10BB080086B1012E17D10368042241F20C019B680B
:10BB18009847044602F0F0F821462846BDE87040F0
:10BB2800FFF7C4BF036804222C219B68984704468A
:10BB380002F068F9F0E70024EEE700002DE9F04193
:10BB48001D46037D04460E4617462BB90C4801F0E6
:10BB5800CBFA0120BDE8F081036829461B6C826995
:10BB680098470028F6D123683A46D3F83C803146F6
:10BB780020462B68C0470028ECD12075EAE700BFB3
:10BB8800AB4C020838B5044640680368DB6A98473E
:10BB98000546A0680368DB689847284438BD002339
:10BBA80010B50446836140680422036890219B69AC
:10BBB8009847E061B0FA80F0400910BDF8B5044636
:10BBC8000E4609B904F07DFA037D2BB11B4801F03C
:10BBD8008BFA00252846F8BD0123037580680422E6
:10BBE800036808219B689847A368154AC0E90023A1
:10BBF800E0602046FFF7D3FF0028EAD1A568304669
:10BC08002B689F68FFF7F5FE016804222846C900E3
:10BC1800B847054608B90B48D9E7236802463146B4
:10BC28002046DB6A98470028D3D123682A46314644
:10BC380020469B6A98470028CCD0CAE7F64C0208F1
:10BC4800386B02084B4D02080421C06901F09EBA06
:10BC58002DE9F8430546894690461F46FFF7F4FF4D
:10BC68000C2604460022A9694E4300EB060C6445E5
:10BC780008D10B2A0CD90C480C2101F035FA012007
:10BC8800BDE8F88363680C34013308BF0132EEE77E
:10BC98004FF0FF3340F80690C4E901383960AB69CA
:10BCA80000200133AB61EBE7794D0208036870B5FA
:10BCB8005B6904460D469847C8B92046FFF7C4FF9C
:10BCC8000C23A2695A438318984209D16068E16934
:10BCD80003689032DD690423AC46BDE870406047D4
:10BCE80041680C30013108BF40F8085CECE770BDD2
:10BCF800C068704708B50368994205D3B021054B61
:10BD0800054A064804F0E4F900EBC100D0E9010156
:10BD180008BD00BF4E4B0208AF4D0208234C020875
:10BD28002DE9F04F85B00F9C81468A4693461D4603
:10BD38000CB904F0C6F920220021204604F01EFBAD
:10BD48002846FFF739FE04F11C0101F02AFB0746DB
:10BD5800002855D12846FFF737FE0E99A0772846C8
:10BD6800FFF752FE002814BF0123022320616377E6
:10BD7800284603AA04F1180101F056FA07460028DC
:10BD88003ED104212846FFF723FB00283CD02A187F
:10BD98002858104401F0F8F960610C212846FFF793
:10BDA80017FB68B32B582E181E443046FFF7F0FDDA
:10BDB800054628B303681BB33046FFF7F3FDF8B117
:10BDC8000368EBB16B683046A360FFF7EBFD002119
:10BDD800FFF790FFE0603046FFF7DAFDD0F800800B
:10BDE800BBF1000F12D0DAF8003004220C215046C3
:10BDF8009B6898470546F8B92F4801F075F901275F
:10BE0800384605B0BDE8F08F2C48C5E7D9F80030B2
:10BE180004220C2148469B68984705460028EBD029
:10BE2800D9F800304046D3F808A0FFF795FA042265
:10BE380001464846D0470AE0DAF800304046D3F8D1
:10BE48000890FFF789FA042201465046C8476860FF
:10BE580008B91B48D1E73046FFF79AFD01F095F97C
:10BE68006B684FF0000A99462860C3F80080C24505
:10BE78000ADB10213046FFF7ABFA00B13058012336
:10BE8800A860C4E90035BBE73046FFF78BFD0268C0
:10BE9800834630460192FFF77BFD019A03685846B6
:10BEA8009A420CBF51460021FFF724FF0AF1010A0C
:10BEB80049F8040FDBE700BF5B4E0208486B020835
:10BEC800894E020808B50368994205D3B021064B8C
:10BED800064A074804F0FCF8013100EB810250F8EB
:10BEE8002100104408BD00BF4E4B0208B74E02089F
:10BEF800234C02082DE9F34180460F461E4614469E
:10BF080000253846FFF76BFD03689D4201D30020EA
:10BF18001DE02946FFF7D6FFFFF756FDD0B11EB149
:10BF280056F82530013315D1204601A901F0AFF9A3
:10BF380068B9D8F808001022036801999B689847E7
:10BF4800206038B90548019901F0CEF8012002B007
:10BF5800BDE8F08101350C34D3E700BF814F0208FA
:10BF680008B50368994205D3B021064B064A07482D
:10BF780004F0AEF8013100EB810250F821001044C2
:10BF880008BD00BF4E4B0208AF4F0208234C020801
:10BF98002DE9F04107460E46154602BB04F091F81C
:10BFA8002146FFF7DDFF01F0B9F8BB6841011A68C7
:10BFB8001846D2F808800422C04728B9094801F079
:10BFC80093F80120BDE8F08145F83400013430468B
:10BFD800FFF70FFD03689C42E2D30020F2E700243C
:10BFE800F5E700BF7D5002082DE9F3470746DDF865
:10BFF8002890084616461D468846FFF7FAFC49462B
:10C00800FFF7AEFF3B6838465B6B9847044638B984
:10C01800114801F069F80024204602B0BDE8F08715
:10C0280000223B68CDE9009241460246D3F838A089
:10C0380038462B46D04708B10848EAE7002EEBD02F
:10C048000C235D4306EBC90673685A195B592361D3
:10C0580053686361E0E700BFB3500208E950020883
:10C068002DE9F3470746DDF82880084616461D46A1
:10C078008946FFF7BEFC4146FFF772FF7868042245
:10C08800036820219B689847044648B942462946D8
:10C09800124801F029F80024204602B0BDE8F087D4
:10C0A80001223B68CDE9008249460246D3F838A010
:10C0B80038462B46D04718B1094801F015F8EAE789
:10C0C800002EE9D00C235D4306EBC80673685A19A5
:10C0D8005B59236153686361DEE700BF335102088F
:10C0E8006E5102082DE9F04F9946436891B0CDE9A9
:10C0F80007130546884616460021182209A804F0A9
:10C108003DF90023A96907A80F9300F009FA04462E
:10C11800002879D1059005A907A800F059F9044627
:10C12800002871D1074606F1040A4046FFF761FC72
:10C138000368059C9F423ED32146324607A800F07B
:10C1480077FA044600285FD12846FFF77DFD21468F
:10C1580002464B46009607A800F0F9FA0446002864
:10C1680052D1DDE9096A6868102103681B6B98479A
:10C17800074668681022036839469B6898478046D6
:10C18800002800F08A803A46A14637462869414689
:10C198000368DB699847D5F810B0CA451BD16868B1
:10C1A80000270368D5F810B05B6A9847394681467E
:10C1B8004FF0FF3348E03946FFF7D2FE2B680146BF
:10C1C800D3F830B0284623465AF83720D8470446D3
:10C1D800D0B90137A9E73B7D1BB909F10109183727
:10C1E800DBE71021386800F0DBFFD7E902233C6960
:10C1F8000146B4F1FF3FDBF8000009D184685846D6
:10C20800A04704460028E8D0204611B0BDE8F08FCA
:10C218000094C4685846A047F3E7327D92B1DBF832
:10C22800002058469469069306AA0391A04704463D
:10C238000028E9D14FF0FF33069A706803994A4401
:10C248000260013101371836BA45E6D107A800F077
:10C25800B1F8686841460368DB689847686803680E
:10C268005B69984704460028CED16868E969036885
:10C278001B6A984704460028C6D1286903681B69C9
:10C288009847296A102281423CBF014628626868A3
:10C2980003689B6A98470446B6E70124B4E72DE98A
:10C2A800F047D0E901761C46084615468946FFF74F
:10C2B800A0FB0899FFF754FEFFF791FB2146FFF713
:10C2C80001FE0C21044648469DF82480FFF780F8BB
:10C2D80020B109EB000359F800001844CDE908051E
:10C2E8002346424639463046BDE8F047FFF718BDB9
:10C2F8002DE9F74F80460C461746002A47D103F030
:10C30800E0FE3146FFF72CFE0190FFF768FBD0F8FE
:10C3180000B0D8F808000AFB0BF503680422294688
:10C328009B689847814680BB29461B4800F0DCFE85
:10C33800012003B0BDE8F08F0198FFF750FB2946B4
:10C34800FFF7C0FD0C2100902046FFF741F858B1D7
:10C358002158221811440AFB05920098FFF77EFB2A
:10C3680020B129460D48E1E70146F4E701355D456E
:10C37800E2D13A1D42F8369001362046FFF739FBE4
:10C3880003689E42BDD30020D3E70025EFE70026CF
:10C398004FF00C0AF1E700BFB2510208F951020848
:10C3A80008B58B68934201DD03F08BFE013308BFAB
:10C3B8008A6008BD10B504464068A1680368DB6858
:10C3C8009847606821690368DB689847002010BDBA
:10C3D8002DE9F84305680746884628461021FEF7E8
:10C3E800F7FFE8B90020BDE8F883013304EB8302C6
:10C3F80054F82340042114442046FEF7E9FF00289E
:10C4080053D0225823181344D968BA6910338A4282
:10C41800C8F8003005D0274800F066FE0120E2E7A2
:10C42800002610212846FEF7D3FF00283FD02B58BE
:10C438002A18D118D3589E42D4D2013651F8263042
:10C4480001EB8609994404214846FEF7C1FF0028FC
:10C45800E7D059F8003009EB0002D458D018172C4F
:10C468002246154928BF1722043003F08FFF002801
:10C47800D7D1172CD5D10C212846FEF7A9FF0446A1
:10C4880010B12C582B181C4406214846FEF7A0FF73
:10C49800034608B159F8003022689A42A5D8B0215D
:10C4A800064B074A074803F013FEC368FFDE03681C
:10C4B800FCE700BF185202084C6B02084E4B0208FA
:10C4C800594B0208234C020808B50368994205D362
:10C4D800B021044B044A054803F0FAFD013150F835
:10C4E800210008BD4E4B020863520208234C020883
:10C4F80008B50368994205D3B021064B064A074898
:10C5080003F0E6FD013100EB810250F821001044F0
:10C5180008BD00BF4E4B020805530208234C020811
:10C528002DE9F843054600688846FFF762FA046873
:10C538006868A4000368042221469B689847074658
:10C548002861C8B100263446D5F800904846FFF760
:10C5580050FA03689E4216D31823C5E9054444449B
:10C568006868EC605C430368042221469B68C5F850
:10C578001C809847A860A0B90B48214600F0B4FD7C
:10C588000120BDE8F88347F826404846FFF731FA0E
:10C598003146FFF7E5FCFFF722FA036801361C4431
:10C5A800D4E70020EDE700BFD35302082DE9F34795
:10C5B80008460C46174600F0B1FD002506464FF028
:10C5C800FF38B54201D1002027E00A212046FEF7B6
:10C5D800FFFE10B12318205818442946FFF788FF9A
:10C5E8004FF0000A814614214846FFF773F9D0B18D
:10C5F80003689A4517D25146FFF766FF0C2301A935
:10C6080003FB0070CDF8048000F041FE28B90199C1
:10C6180031B1064800F068FD012002B0BDE8F0879E
:10C628000AF1010ADFE70135CBE700BF145402081D
:10C638002DE9F04F00260446B2464FF0FF3B8368D1
:10C6480085B00093131D019102932068FFF7D1F97B
:10C6580003689E4211D3182263690099E06902FBBE
:10C668000313012400224FF0FF31904203F1180315
:10C6780065D1002005B0BDE8F08F3146FFF770FCAA
:10C68800029B074653F836802369014642462046F6
:10C6980053F82650FFF78AFF0028EBD11823009A99
:10C6A80003FB0529454680463846FFF798F9026896
:10C6B800904501D30136C8E749462846C9F80450D1
:10C6C80000F0E5FD0028D5D12A68C9E902BB52BBB4
:10C6D80038460392FFF783F94146FFF7F3FBFFF76C
:10C6E80073F9039A20B9D9F80020003A18BF01223B
:10C6F800019B89F81420FBB153F82A203846C9F861
:10C7080010200392FFF76BF94146FFF7DBFBFFF7B9
:10C718005BF9039A48B90AF1010A08F1010809F11D
:10C7280018090C35C0E70246E2E70132F3D04FF0B2
:10C73800010389F81430EEE7C9F810B0EDE743E9D2
:10C74800041103F8044C43F8081C01328DE72DE965
:10C75800F04F894604468BB00068CDE90523FFF702
:10C7680048F94946FFF7FCFB4FF01808A36807464D
:10C77800049323694FF0000A53F82960049B08FBCF
:10C78800063600F0CBFC079006213846FFF7A2F8E2
:10C798000546002800F0CC8003689A4580F0C780E1
:10C7A8005146FFF791FE08FB0065D4F820B02946F2
:10C7B8005A462046FFF7F4FDEB689B4501DA03F083
:10C7C80080FCC5F80CB00AF1010ADDE7236A0A21EA
:10C7D8000133384623620393FEF7FAFD10B13B1884
:10C7E800385818442946FFF783FE4FF0000A804660
:10C7F80008214046FFF76EF800BB149B41460093A2
:10C808002046DDE9052300F09BF84FF0000A0621D9
:10C818004046FFF75FF800B303689A451DD25146BA
:10C82800FFF752FE002806DB0BFB0060236AC16895
:10C838008B42C4DBC3600AF1010AE8E7026892454B
:10C84800DBD25146FFF740FE039A0BFB00612046FE
:10C85800FFF7A6FD0AF1010ACAE74FF0000A0EE049
:10C868000268924511D25146FFF72EFE0BFB00607D
:10C87800226AC1688A42A2DBC2600AF1010A082161
:10C888004046FFF727F80028EAD1049B6169DDF8E4
:10C8980014800BFB01310023E2699A4225D8013547
:10C8A800079B9D4292D14FF000084FF018090821CC
:10C8B8003846FFF70FF800283DD0036898453AD26C
:10C8C8004146FFF701FE09FB0065D4F820A0294680
:10C8D80052462046FFF764FDEB689A45FFF66FAFB6
:10C8E800C5F80CA008F10108E1E7D8F80420AA422D
:10C8F80018D1D8F80820914514D10698D8F8002006
:10C9080000EB8300C1E900202046039A08910993AF
:10C91800FFF746FD0899226AC8688242FFF64FAFC2
:10C92800099BCA600133183108F10C08B4E70025E7
:10C938004FF0180BB4E700200BB0BDE8F08F0000F3
:10C948002DE9F347056807460E4628460621904616
:10C958009946FEF73DFDDDF828A0044610B12C5895
:10C968002B181C4404213046FEF732FD054600B161
:10C9780035582368AB4205D8B021314B314A32488B
:10C9880003F0A6FB013554F8253004EB850000229E
:10C998000A211844FEF774FD77284AD0812834D03C
:10C9A80076282ED13046FEF77DFD5C2846D13046EC
:10C9B800FEF716FD0546002204212846FEF760FD15
:10C9C8000022044606212846FEF75AFD621C054649
:10C9D8000AD03B6A424601333B6221464B46384601
:10C9E800CDF800A0FFF7B3FE6B1C0AD03B6A4246A5
:10C9F80001333B6229464B463846CDF800A0FFF785
:10CA0800A6FE002002B0BDE8F0873046FEF74AFDDA
:10CA180067280CD13046FEF7E3FC04210022FEF71C
:10CA28002FFD411C0446ECD04FF0FF35D1E7002024
:10CA3800F3E73046FEF736FD5D28B7E70025BAE78D
:10CA48004E4B020850540208234C02080968002A79
:10CA580010B451F8044B0ADB944208DD51F8221057
:10CA6800002904DB03685DF8044B5B691847002064
:10CA78005DF8044B70474968002A10B451F8044B1C
:10CA88000ADB944208DD51F82210002904DB036810
:10CA98005DF8044B5B69184700205DF8044B70474C
:10CAA8000EB403B503A951F8040B019100F012FB71
:10CAB80002B05DF804EB03B07047C06803689B6878
:10CAC8001847C0680368DB681847C06803681B69B3
:10CAD8001847C06803685B691847C06803685B6AE1
:10CAE8001847C0680368DB6A18470000D1289ABF56
:10CAF800024B53F820000248704700BF646B0208DD
:10CB0800F360020870B5044600F1A4060D463046ED
:10CB1800002101F025FF0A4B6661E361094BE563DB
:10CB2800A365094BE365094BA364094B2363094BD0
:10CB38002364094BE364002384F8953070BD00BF7B
:10CB4800A9CA0008DBCA0008E3CA0008CBCA000863
:10CB5800EBCA0008C3CA0008D3CA0008F7B51E46C6
:10CB680000F108070446C0E900120D4664220021BE
:10CB7800384603F003FC9DF82C2008993046FEF750
:10CB8800B1FF099A04F17006E0660346394600923F
:10CB980030462A4601F072FD4FF480732046A4F80F
:10CBA8009430002350F8A42BC4E92633E16EC4F86E
:10CBB800A030334601F0C4FE20460A99FFF7A2FFD1
:10CBC800204603B0F0BD08B5FEF713FF0021FFF7BC
:10CBD800C7F90621FEF77EFE006808BD38B5054690
:10CBE80000680C46FFF7EFFFA042024605D805484B
:10CBF800214600F079FA002038BDD5F89C3053F86A
:10CC08002400F9E72655020808B5FEF7F2FE0021D0
:10CC1800FFF7A6F90821FEF75DFE006808BD0000D1
:10CC280038B5054600680C46FFF7EEFFA0420246FD
:10CC380005D80548214600F057FA002038BDD5F838
:10CC4800A03053F82400F9E75155020838B5D0F858
:10CC58008030044600F1700513B1284601F026FC27
:10CC680004F1A40001F0F7FD284601F0BFFB2046BF
:10CC780038BD00002DE9F04F06464FF0000A8BB092
:10CC880006F1700001F08EFC504501DC00236FE0D6
:10CC980035682846FEF7ADFE5146FFF761F90621D3
:10CCA80000902846FEF794FB044610B12C582B1828
:10CCB8001C44F06EFFF71CF80390009800F02EFA61
:10CCC80000274FEACA0304900193049B9F4202D1B4
:10CCD8000AF1010AD4E70A210098FEF779FB002837
:10CCE80000F0BF80009B1A5819188B188A58974271
:10CCF80005D3B0215C4B5D4A5D4803F0E9F9013783
:10CD080003EB870553F8273004211D442846FEF716
:10CD18005FFB50B155F800802368434507D841466A
:10CD2800544800F0E1F9012322E08046F4E708F1D5
:10CD3800010304EB830B54F82330019A9B44D6F883
:10CD480080304FEA47199A58A9F120094A445846B1
:10CD580071681C3201F006FE70B10090584600F070
:10CD680006FBFFF7C3FE0146434800F0BDF9009BF0
:10CD780018460BB0BDE8F08FD6F8802001995258BC
:10CD88004A44D26912B941463C48CAE7D2F81480ED
:10CD980009900E212846FEF71BFBB8F1200F44D15D
:10CDA80000283AD14FF0000BCDF808B006212846EC
:10CDB800FEF790FD00F0E8F9082105902846FEF7F7
:10CDC80089FD00F0E1F9019AD6F8803000219B58DE
:10CDD800069003EB09081C224046079303F0CEFA9D
:10CDE800079B059A142143F80920069B2846C8F892
:10CDF8000430099BC8F81030029BC8E9053BFEF7D0
:10CE080069FD00283FF461AF0368002B3FF45DAF74
:10CE180000F0BAF9C8F8080057E72B582A18D118B3
:10CE2800043152F803B00291C0E728B14046FFF739
:10CE38005DFE0146124874E77068414603689B68C6
:10CE4800984728B94046FFF751FE01460D4868E764
:10CE580009AB2946039A00F0B0FA03460028A1D08E
:10CE680086E70368FFDE00BF4E4B02080553020841
:10CE7800234C02087D550208A7550208D45502081C
:10CE8800F55502083B56020810B500F1700420461B
:10CE980001F0E0FA20B92046BDE8104001F008BCD6
:10CEA80010BD00002DE9F04F0168054685B0C06E41
:10CEB800FEF784FE014650B96C4800F015F90123CD
:10CEC80085F895300124204605B0BDE8F08F05F1BE
:10CED8007007384601F0EAFB2846FFF7CBFE044608
:10CEE8000028F0D105F1A4060146304601F038FDCE
:10CEF800384601F07CFA04460028E4D10121304686
:10CF080001F02EFD384601F00DFB04460028DAD169
:10CF18000221304601F024FDD5F880202968E86E0A
:10CF280005F19803FEF70AFE04460028CBD1D5F890
:10CF38009810304601F012FDEF6E28683B68D3F870
:10CF48001C80FFF740FE81003846C047C5F89C00AA
:10CF5800002847D12868FFF736FE8100444800F0D2
:10CF6800C3F8AFE7D5F880203846D3F800B003926D
:10CF7800FEF73FFD0021FEF7F3FF0621FEF7AAFCAE
:10CF88002146FFF7A1FAD5F89CA00346394640464A
:10CF9800039ACDF80090D847D5F89C304AF8240079
:10CFA80053F8243013B921463248D8E701342F68A2
:10CFB8003846FFF708FED5F86C80A042D8F8003054
:10CFC800D0D83846DC69FFF71FFE81004046A047ED
:10CFD800C5F8A000002845D12868FFF715FE810094
:10CFE8002548BCE7A146E2E7D5F86C80D5F8802053
:10CFF800D8F800303846D3F800B00392FEF7F9FCB1
:10D008000021FEF7ADFF0821FEF764FC2146FFF77B
:10D018005BFAD5F8A0A0034639464046039ACDF8F6
:10D028000090D847D5F8A0304AF8240053F82430A7
:10D0380013B92146114892E701342F683846FFF7A3
:10D04800E3FDA042D0D82846FFF71EFF044600287B
:10D058007FF439AF01230321304685F8943001F07D
:10D068007FFC30E70024A146E7E700BF58560208D6
:10D078007B560208C4560208E956020833570208CC
:10D0880090F8953010B5044623B10A4800F02CF802
:10D09800012010BD90F8943033B104F170000021E4
:10D0A800BDE8104001F08EBAFFF7FCFE0028F4D06E
:10D0B800EFE700BF595702080FB407B5044805A9A0
:10D0C8000191F5F7C1F803B05DF804EB04B07047BF
:10D0D800F160020808B5F5F7B7F8BDE8084001485F
:10D0E800FFF7EABFF16002080FB407B504A951F8C9
:10D0F800040B0191FFF7EEFF03B05DF804EB04B0F9
:10D108007047034601680022012010B5914200DCF7
:10D1180010BD53F8044F01326043F7E70368C31AA0
:10D128001A880A2A05D95B89C21813B1C358D0587E
:10D138007047002070470000036810B5C31A1A88AA
:10D14800082A17D91B89C418A3B1C258A318A25812
:10D15800914205D3B021094B094A0A4802F0B8FFA9
:10D16800013103EB810053F82130BDE81040184429
:10D17800FFF7D4BF00231B68FFDE00BF4E4B020839
:10D18800AF4F0208234C0208704770474B1E1844E3
:10D19800B0FBF1F048437047B0FBF1F048437047EB
:10D1A800431E0B44B3FBF1F301FB03F0704700008F
:10D1B800132804D8092804D8022826D868BB0120D7
:10D1C80070470A380928FAD801A353F820F000BF9D
:10D1D8000BD2000827D200082BD2000827D200085B
:10D1E80023D20008C7D1000823D200080BD20008B8
:10D1F8001FD200080BD2000812F4887F0FD107282D
:10D20800DDD1022300200B607047012303FA00F2EE
:10D2180012F4127FF0D00123F4E70423F2E7082385
:10D22800F0E71023EEE700BFF7B51446026803469F
:10D23800821A17880D46042F26D99188461809B3F3
:10D24800405831183058012601EB8000884214D12B
:10D25800062F1AD9D08800B118560DF1070100F031
:10D26800A0F840B921469DF80700FFF7A1FF10B9C3
:10D27800236873432B6003B0F0BD51F804CF0CFB57
:10D2880006F6E3E70126E3E701260020E5E773B5A4
:10D298000C4609B902F015FF43689BB1002201252D
:10D2A8001968914209DC007A01A9FFF781FF10B9DA
:10D2B800019B6B43236002B070BD53F8046F0132C9
:10D2C8007543EEE70125EEE710B5C360039B0160E7
:10D2D800036100230299C0E90533C0E9011210BDBA
:10D2E80070B508B902F0EDFE0029FBD00B68002AE2
:10D2F800194651F8045B0CDB95420ADD51F82210FF
:10D30800002906DBBDE8704003EB82035968426DD3
:10D318001047002070BDFFF7E3BF10B508B902F051
:10D32800D0FE0029FBD0BDE810404968436D01EBF1
:10D3380082025168184710B5044609B1496819B9FD
:10D3480000232360204610BD51F8042B062A0260F2
:10D3580001DD02F0B6FE9200043003F0F4F8F1E7C4
:10D36800012803D0831E58425841400070470246A6
:10D3780008B508B902F0A5FE0168411A0B880A2B06
:10D3880009D94B8903B1C358888800B1105698420F
:10D39800B8BF184608BD042B4FF00003F4D8184650
:10D3A800F5E738B504460D4601F042FB294602462A
:10D3B8002046BDE83840FEF71DB82DE9F0410D467E
:10D3C800044616461F4601F033FB3B4601463246EB
:10D3D8002846A446BDE8F0416047000073B580EEDA
:10D3E800800A04460E46154602F0E8FBDFED107A87
:10D3F800B4EEE70AF1EE10FA0FDBDFED0E7AB4EEC9
:10D40800E70AF1EE10FA08D8BDEEC00A10EE103A9D
:10D41800002033442B6002B070BD074B20460093B8
:10D4280065694FF4AF73054A0549A8470120F2E73B
:10D43800000000CF0000004F4F610208F4600208AE
:10D44800B5390208D1ED027A92ED027A67EE877A51
:10D45800F5EEC07AF1EE10FA73B51E460ADA0F4BF4
:10D468000F4A009344694FF4A8730E49A04701205E
:10D4780002B070BD17EE900AF3F728F80446B068BA
:10D488000D46F3F723F80B46024629462046F3F7E4
:10D498009FF9069BC3E900010020E9E775610208CE
:10D4A800F4600208B53902082DE9F74F0446DDE9B2
:10D4B8000C7B886816469A460D46F3F707F88046AF
:10D4C800B0688946F3F702F802460B4640464946DB
:10D4D800F3F754F880468946BAF1000F1BD0DAF802
:10D4E8000800F2F7F3FF02460B4640464946F2F7BA
:10D4F8008DFE8046B86821F00049F2F7E7FF024642
:10D508000B4640464946F3F763F912A3D3E90023D3
:10D51800F3F7B0FA50B13B46324629462046CDF8DB
:10D5280030B003B0BDE8F04FFFF78CBF064B204684
:10D538000093656940F24313044A0549A84701204E
:10D5480003B0BDE8F08F00BF8E610208F4600208E6
:10D55800B53902087B14AE47E17A943F2DE9F043D0
:10D568002DED028B1E46137F85B0072B0446DDF890
:10D57800389011D0092B2BD0032B2DD0374B384A9C
:10D58800009344694FF4CB733649A047012005B096
:10D59800BDEC028BBDE8F08347F6FF75324F0129D9
:10D5A80092ED028AD2F80C8019D1DFED300A41469B
:10D5B800B0EE480A204603AAFFF710FF0028E5D17D
:10D5C800039BBB42ACBF33603760C9F800502AE008
:10D5D8007F256FF07F07E2E7FF250027DFE70329B4
:10D5E80023D1DFED220A4146B0EE480A204603AABD
:10D5F800FFF7F4FE0028C9D1F1EE080A039B03AA3D
:10D60800BB42ACBF336037604146B0EE480A2046A3
:10D61800FFF7E4FE0028B9D1039BAB42D4BFC9F899
:10D628000030C9F800500020B1E7022913D1FFEEFD
:10D63800000A4146B0EE480A204603AAFFF7CEFE8C
:10D648000028A3D1039BF7EE000ABB42ACBF3360AE
:10D65800376003AAD8E73760B7E700BFB0610208B0
:10D66800F4600208B53902080080FFFF00000000DE
:10D678002DE9F04F97B00893209B04460493219B13
:10D688008B460993229B92460A93239B0B93249BD8
:10D698000C93259B0D93269B0E93279B0F93289BFA
:10D6A80005930B68012B0FD00122CDE90232704B94
:10D6B8000193704B0093DE2344696F4A6F49A0477A
:10D6C800012017B0BDE8F08F1268012A08D0CDE913
:10D6D8000223674B01936A4B00934469E023ECE70C
:10D6E800DAF804203AB9674B0093EB234469624A9D
:10D6F8006549A047E4E7176827B9644B0093446974
:10D70800EC23F4E73D68012D39DD0B7F092B06D0AA
:10D71800072B04D05E4B00934469F023E7E79AF89F
:10D728001C30092B0AD0122B08D05A4B20460093E4
:10D738006569F223504A5449A847C1E7059B9D42B1
:10D748000CD0CDE90253544B0193544B0093F4236E
:10D7580065692046484A4949A847B1E7DAF81430CC
:10D76800926803EB82035B68AB4208D0CDE90253B1
:10D778004B4B0193484B00936569F523E9E7DBEDD3
:10D78800027A049BCDED067AD3ED027A0026CDED20
:10D79800077A07F10408059B9E4235DB9BF81C308D
:10D7A800032B1AD100220023CDE9142314AB0193D3
:10D7B800049B5246009359462046089BFFF774FE87
:10D7C80000287FF47DAF9DED140B0A9813A900F093
:10D7D80029F9139B0B9A5B4213609BF81C30092BA9
:10D7E80043D84FF42270D84010F001003FF469AFDD
:10D7F80020460D9B09992093049A0C9B097817B031
:10D80800BDE8F04FFFF7AABE012D0698CCBFD8F8A7
:10D818000090D7F80490F2F759FECDE91001484678
:10D82800F2F754FE02460B46DDE91001F2F7A6FEB8
:10D83800CDE910010798F2F749FE02460B46DDE9EB
:10D848001001F2F7C5FF41EC100B14A913A800F062
:10D85800E9F8139B0E9A08F1040842F82630149B45
:10D868000F9A42F82630013695E7002029E700BFD5
:10D87800FE3A0208B6610208F4600208F0390208AC
:10D88800183B0208CF610208B5390208133F0208A5
:10D89800FF420208E36102081E620208153D020801
:10D8A800AA3F020808B549694069FDF758FD0038E4
:10D8B80018BF012008BD000022EAE273984070B545
:10D8C80080FB0134002C1A4DA8BF4FF080458842D8
:10D8D80008BFB1F1004FC2F1000626EAE67615D07E
:10D8E800EB1844EBE571002904DA6FF000401B18CF
:10D8F80041F10001DB0F43EA41031F3209DA40F22C
:10D9080067110C4B0C4A0D4802F0E2FB6FF0004324
:10D91800F3E70122B240013AD90F02EA030443FABD
:10D9280006F001EB62029442C8BF013070BD00BF2F
:10D93800010000C05242020878410208D2410208A0
:10D94800002A70B505DA5821224B234A234802F0F1
:10D95800BFFB03F11F04262C03D95921204B1E4A73
:10D96800F4E701F50044B4F5803F03D35A211D4B79
:10D97800194AEBE71C4CC3F10E05A242CEBF47F68D
:10D98800FF7202F5004212145143D41700FB041130
:10D99800A2FB002001440120A5F12004C5F12006C6
:10D9A80020FA06F600FA04F4A8403443801841EB44
:10D9B8000401C3F10F041133B4F1200220FA04F07A
:10D9C80001FA03F340EA03005CBF41FA02F2104394
:10D9D80070BD00BF2B620208456202088A62020815
:10D9E800E962020803630208FFFFFE7F0023F0B527
:10D9F80001EBD1746410561C9C4208DCCB0741BF74
:10DA0800035D521843F3030302F8013CF0BDC55609
:10DA180045F303072D1102F8137006F8135001336C
:10DA2800EAE70000F8B500222DED028B06460C4609
:10DA3800002351EC100BB0EE408AF0EE608AF3F749
:10DA480005F8054628B1002333602360BDEC028B3E
:10DA5800F8BD2046B0EE480AF0EE680A01F07CFEF8
:10DA68000022134B51EC100BF2F788FD41EC100B20
:10DA780002F056F851EC100B03F072FB4FF0004225
:10DA8800824275EB0107034601DA02F01AFBA9424C
:10DA980008BF904202BF236801332360226808BF91
:10DAA8004FF080431F32BCBF002323603360CDE7B3
:10DAB8000000E04138B500222DED028B05460C46EA
:10DAC8000C4B51EC100BB0EE408AF0EE608AF2F786
:10DAD800E5FF08B902F0F5FA21462846B0EE480AF3
:10DAE800F0EE680AFFF79EFF2368002BF2DBBDEC1F
:10DAF800028B38BD0000F03FF7B555EC104B0746D8
:10DB08000E460022204629460C4BF2F7A9FF08B919
:10DB180002F0D7FA0022002320462946F2F7BEFF7A
:10DB28000028F5D0384645EC104B01A9FFF77AFFDD
:10DB3800019B002BECDC336003B0F0BD0000F03F2C
:10DB48002DE9F84F4FF0004323FA00F057EC106B23
:10DB580059EC118B93468A46F2F7A6FC42460446D6
:10DB68000D464B4630463946F2F708FD02460B464D
:10DB780020462946F2F702FD09A3D3E9002304460B
:10DB88000D46F2F78BFF38B19FED050B594650460D
:10DB9800BDE8F84FFFF78EBF45EC104BF6E700BF26
:10DBA8000000C0FFFFFFDF412DE9F8430124814653
:10DBB80004FA00F0013888461546F2F775FC064667
:10DBC800A5EB09000F46C0F12003A0F1200124FABB
:10DBD80003F304FA01F104FA00F01943F2F7A0FC88
:10DBE80002460B4630463946F2F7C8FCC8F1200316
:10DBF8000F46A8F1200124FA03F304FA01F10646BE
:10DC0800194304FA08F0F2F78BFC02460B4630463B
:10DC18003946F2F7DDFD41EC100B01F0FDFE51EC49
:10DC2800100BF2F745FFBDE8F883000010B52DEDA5
:10DC3800028B044601F0FEFDDFED0D7A20EE278A07
:10DC4800B0EE480A01F0BAFFFDEEC07A38EE408A1D
:10DC5800C4ED007AB0EEC88ADFED067AB4EEE78A42
:10DC6800BDEC028BF1EE10FA4CBF0120002010BD74
:10DC78003BAAB83F6F12833A0120704700207047D3
:10DC8800704701207047704700F5805080687047E2
:10DC980000F580504068704700F58052536810B511
:10DCA800B3F5806F06DB08484FF48061FFF71CFA74
:10DCB800012010BD946800EB8300214401334460C7
:10DCC800002091605360F4E750630208002910B502
:10DCD80000F5805302DB5C688C4205DC05485A6815
:10DCE800FFF702FA012010BD00EB81004368002015
:10DCF8001360F8E76D630208034A00F58053026079
:10DD08000022C3E901227047B86E0208002070475C
:10DD18003E23092802DC3030C0B27047232801DCDA
:10DD28005730F9E73D2801DC1D30F5E7B0FBF3F289
:10DD380003FB1200EDE7034610B5012483F82840E1
:10DD48002824B2FBF4F20C240020D96001EB021164
:10DD5800196101EB8201596101EB8201996104FBB0
:10DD6800021198605A60596210BD704770B5D0E9C9
:10DD780002650468A468A04720B9049B05EB061552
:10DD88006B6070BD0120FCE780687047F8B50E46EF
:10DD9800D0E901148C4204DB0A48FFF7A5F90120F9
:10DDA800F8BDC168270101EB0415CE51C5E902236E
:10DDB8004FF0FF336B6001230134846080F8283012
:10DDC8000020EDE750630208F0B503460C46012534
:10DDD8000026954202DB002EF7D1F0BDD3E9007C86
:10DDE8006745B8BFC3E900C705F10105B8BFD4E965
:10DDF800006703F10403BCBFC4E9007601260434BC
:10DE0800E7E70000014B0360704700BFE86E0208B7
:10DE180010B54C68C16801EB04118868984205DCAC
:10DE2800C8689042B4BF0020012010BD0020FCE764
:10DE380070B5054689B9016A0C200C26AC6900FB4F
:10DE4800014421462846FFF7E3FF50B9A1684C1C5E
:10DE580009D0AC6906FB0144F3E789684E1CEBD195
:10DE68000024204670BD0446FBE72DE9F04F90F8EA
:10DE78002830044685B093B3D0F808C0BCF1000F31
:10DE88002DD0D0E904E700231A4680F82830A56889
:10DE98000EEB82009D4207EB820123DCAA1AFFF7F2
:10DEA80093FF01230022C4E907324FF0FF33A6692C
:10DEB8004FF0010AB146B3603B68D4F80C80D4F83F
:10DEC80024B008EB031149687360013108BF4BF8AF
:10DED80023205BF823303360A368534520DC05B06A
:10DEE800BDE8F08FE668180106EB0315696830583D
:10DEF800B1F1FF3FD4F824801EBF4EF8220047F846
:10DF0800223069684FEA830605BF0CF1FF3C4EF8E2
:10DF18002C00013247F82C3048F806100133B6E7D8
:10DF280057F82A3000931A0108EB03135D68691C3F
:10DF38001FD10020054658F802200192D3E9022398
:10DF4800029301460390029B2046FFF771FF039955
:10DF580049B14B6809684FEA031C58F80CC08C4457
:10DF68006545B8BF654620B10168019B491B8B42D6
:10DF7800E7DC009B4BF823500C23E1694B43F55039
:10DF8800F218009B53604B1CE361D9F80030AB4298
:10DF980006DD236A9360216291460AF1010A9BE734
:10DFA8004846D0F808C0BCF1FF3F06D18160C2F8EE
:10DFB80008C04A46F0E77046F3E70C2303FB0CF36E
:10DFC80006EB030EF358AB42F5DDC2F808C08160DA
:10DFD800EFE770B50446FFF748FFA06830B10C259D
:10DFE8000020A169236A05FB031303B970BD5A68B1
:10DFF800E6681201B2581E689B683244904238BFE6
:10E0080010465A1CF2D005FB0313EEE72DE9F04F3A
:10E018009DB004460025FFF728FFA168A9420ADC45
:10E02800002350279946994222DC0026B14531DA6F
:10E038001DB0BDE8F08FE6684FEA051906EB051339
:10E04800D3E90278474511D02846FFF761FE01461B
:10E05800CDE90178636A2A4653F82530374800939A
:10E0680056F80930FFF740F80135D6E72A21EFE7DF
:10E07800E068626A1E0100EB031552F823208059FC
:10E08800013302449742B8BF1746EA689145B8BFC2
:10E098009146C8E70025AA460DF11C0850222E21FA
:10E0A800404602F06BF9A3680493049BAB4210DC72
:10E0B80000238DF86C300AF2FF33002BB8BF0AF248
:10E0C800FE73314642461E489B12FFF70DF8013693
:10E0D800ACE7E268280102EB051BDBF80830B34225
:10E0E80019DCDBF80C30B34215DB636A53F82510F2
:10E0F8004B1C10D0135850229A440B44534351439D
:10E1080093FBF7F391FBF7F105934144059AA1EBD3
:10E1180008039A4201DC0135C7E70B782E2B09D199
:10E12800DBE902239A4207D02846FFF7F1FD01F800
:10E13800010BEBE72120FAE72A20F8E796630208AB
:10E14800D163020870B50C4605461646FFF78DFEEA
:10E15800002C02DBAB68A34206DC06482146AA680D
:10E16800FEF7C2FF012070BD6B6A002053F824300F
:10E178003360F8E76D6302087047036810B4DC6920
:10E188000022A44601235DF8044B6047C369594047
:10E19800036AC161013B0362704780687047026986
:10E1A80083688069824234BFC01AD01A7047C26837
:10E1B8004069101A7047A0F10400FFF7F8BF2DE975
:10E1C800F04104460F46806811461646FEF7DEFF0A
:10E1D800236805460146D3F81C803A463346204654
:10E1E800C04700280CBF28460020BDE8F0812DE973
:10E1F800F04104460E46806811461546FEF7C6FFF4
:10E2080023680146DF6932462B462046BC46BDE8F6
:10E21800F0416047F8B504460F4680681946154630
:10E228001E46FEF7B3FF2269A3699A4201D1B8429C
:10E2380004D00C48FEF758FF0120F8BD3146A0680D
:10E24800FEF7A4FF6269121AAA4205D229460648B7
:10E25800AB1AFEF749FFEFE728442061A0610020D0
:10E26800EBE700BFDF6302084D64020838B50446D7
:10E278000D4680691146FEF789FF6269121AAA42A3
:10E2880006D208482946AB1AFEF72EFF002038BDF3
:10E29800E36905444340E361236AA56101332362CE
:10E2A800F5E700BF8F64020808B5D0E9072151EAF5
:10E2B800020307D0B2FA82F203485209FEF714FFAC
:10E2C800002008BD0120FCE7D8640208036810B5E7
:10E2D8001B690446984720B90448FEF705FF01204A
:10E2E80010BD23690020A361FAE700BF1A65020880
:10E2F80038B50D46044640691146401BFEF74CFFF1
:10E308002369834207D91B1A29460448EA1AFEF7EB
:10E31800EBFE002038BD6061FCE700BF5F650208C6
:10E32800A0F10400FFF7E4BF70B5044680690E460B
:10E33800FEF72CFF314605466069FEF72DFF401BAE
:10E3480070BD0438704704387047000010B5C0E944
:10E358000321C0E905210022034CC0E9072204601B
:10E368004434C0E9014110BD186F020808B50346DE
:10E378000A44FFF7EBFF184608BD000000B50A463F
:10E388008BB0014608B901F09CFE01A8FFF7EEFF2B
:10E39800042224210DEB0200FFF7AAFF0A4A0260BB
:10E3A80044324260039A8260049AC260059A02610C
:10E3B800069A4261079A8261089AC261099A0262C2
:10E3C8000BB05DF804FB00BF186F02080EB403B56C
:10E3D80003AA52F8041B036801929B68984702B08D
:10E3E8005DF804EB03B07047C069704770472DE9CA
:10E3F800F047D0E9059804460026236A1B689E4228
:10E4080004D30020C4E90598BDE8F0873146A06828
:10E418006661FEF791FE002507464FEAC60AAF423D
:10E42800A56101D80136E8E7236953F80A3003EB00
:10E438004515EB69D5E904105A691B68202A0ABFFB
:10E4480001460022AA6913B160689847E860A56987
:10E458000135E4E72DE9F843D0E9057604460025BF
:10E46800236A1B689D4204D30020C4E90576BDE8F1
:10E47800F8832946A0686561FEF75EFE00238046A2
:10E488004FEAC5099845A36101D80135E8E7226933
:10E4980052F8092002EB4313DA6922B1126912B16A
:10E4A800D96860689047A3690133EBE72DE9F84321
:10E4B800D0E9057604460025236A1B689D4204D3EB
:10E4C8000020C4E90576BDE8F8832946A06865619F
:10E4D800FEF732FE002380464FEAC5099845A3613E
:10E4E80001D80135E8E7226952F8092002EB431305
:10E4F800DA6922B1526812B1D96860689047A36995
:10E508000133EBE74369202B01D180697047D12B98
:10E518009ABF024A52F8230001487047646B020808
:10E52800F36002082DE9F84FD0E905870446002575
:10E53800236A1B689D4203D30020C4E9058725E0B0
:10E548002946A0686561FEF7F7FD002306464FEAF5
:10E55800C5099E42A36101D80135E9E7226952F84D
:10E56800091001EB4311D1F81CB0DBF808307BB17E
:10E5780060689847824658B15846FFF7C3FF53462C
:10E588000146A2690648FEF7AFFD0120BDE8F88FF5
:10E59800A169E068FDF78AFBA3690133D9E700BFE9
:10E5A800A865020808B58068FDF723FA006808BD69
:10E5B80010B50446406818B103682168DB689847BD
:10E5C800204610BD036A2DE9F74FD0E905981A686F
:10E5D800044691420E46416107D32648FEF784FD62
:10E5E8000125284603B0BDE8F08F8068FEF7A4FD3A
:10E5F800002307469A46F6009F42A36103D80025E8
:10E60800C4E90598EDE72269955905EB4315D5F856
:10E618001CB05846FFF776FF63680146586BCDE992
:10E6280000A018B103689B6898470090DBF80C308D
:10E638000BB901F046FD2946606898470546E06831
:10E6480003685B69984775B10F2D08D05846FFF7E6
:10E6580059FF2B460146A2690748FEF745FD684663
:10E66800FFF7A6FFBDE76846FFF7A2FFA3690133DE
:10E67800C2E700BFDE6502081066020810B504464E
:10E688001046C4E902030023074AC4E90433C4E975
:10E698000021029AA361C4E9072310B1FDF7A9F983
:10E6A8002062204610BD00BF746F020801617047E8
:10E6B8002DE9F04F054600274FF00C0B85B0286A6E
:10E6C80003689F4207D3E869002869D100231846E8
:10E6D80005B0BDE8F08F3946FDF742FC00268046BC
:10E6E8004FEAC70A04214046FCF772FE00285AD0B8
:10E6F80058F8003008EB0002D118D3589E4201D3D5
:10E708000137DCE7013651F8263001EB86041C445A
:10E718000E212046FCF75CFE0028E3D0235C002B8A
:10E72800E0D02B690BFB06F953445868A9F10C0992
:10E7380003A94844FEF7ABFD03460028C7D10621CC
:10E7480001902046FCF744FE0146F0B12256019B99
:10E75800092A23D10C212046FCF73AFE90B1231850
:10E7680024581C440A212046FCF732FED8B123580D
:10E778002218D118D3583BB9B0210C4B0C4A0D487C
:10E7880001F0A6FC0446EDE749682B69039A534457
:10E798005B6853F8090001F0F1FDA3E71946F4E7B7
:10E7A80000F02AF992E70368FFDE00BF4E4B02082B
:10E7B800AF4D0208234C020870B50C4616460546B4
:10E7C8008068FDF716F92146FDF7CAFB0621FDF71B
:10E7D80081F83146FDF778FE0C222B6903EBC40360
:10E7E8005B6802FB003070BD70B50C4616460546E6
:10E7F8008068FDF7FEF82146FDF7B2FB0821FDF71A
:10E8080069F83146FDF760FE0C222B6903EBC4035F
:10E818005B6802FB003070BD10B50C468068FDF7E0
:10E82800E8F82146FDF79CFB0621FDF753F8006840
:10E8380010BD10B50C468068FDF7DBF82146FDF7E2
:10E848008FFB0821FDF746F800B1006810BD80690C
:10E85800704780687047704737B50446D0E90102B1
:10E8680055690B46016800954D681269E168A8472B
:10E8780003B030BD406803689B68184783680C2064
:10E88800D3E9043203EBC2035B6800FB0130704735
:10E89800C16100207047C0697047036910B5012B3A
:10E8A80001D901F00EFC4068BDE810400368DB693F
:10E8B800184708B50369032B01D001F002FC43692E
:10E8C80053F8210008BD036910B5012B01D001F0F0
:10E8D800F8FB4068BDE810400368DB681847036927
:10E8E80010B5012B01D001F0ECFB4068BDE81040E9
:10E8F80003681B6918471346026910B5012A01D03D
:10E9080001F0DFFB8268BDE8104052694068FDF7FE
:10E918009FB9000008B50369012B03D9032B01D067
:10E9280001F0CFFB09B183692BB182690348FEF777
:10E93800DBFB012008BD81611846FBE7446602083D
:10E9480030B5C0E902320023034DC0E90433C0E901
:10E958000051C0E9063330BDB46F02084161704709
:10E96800016170472DE9F0410024146007460E4606
:10E978009046FEF7FCFCD128054606DD01461948FD
:10E98800FEF7B2FB0120BDE8F08120280FD03368E4
:10E9980001461B6830469847C8F8000000BB002DA8
:10E9A800AABF114B114953F825101148E8E73B68F5
:10E9B800FB1A1A88062A0FD9DB88F91863B1FB58A5
:10E9C800326804333046526819449047C8F800004A
:10E9D800B0FA80F04009D6E70648FEF785FBD1E794
:10E9E8002046D0E783660208646B0208F3600208D9
:10E9F800A5660208CC66020870B5054600241426F0
:10EA0800AB68A34201DC002070BD2B6806FB043311
:10EA1800DA6893F91010986801F0B0FC0134EFE758
:10EA2800704708B508461146FEF754FB002008BD9C
:10EA3800034B186818B90348034A18600260704706
:10EA4800CCA90220D0A90220F86F0208D1ED007AE3
:10EA580091ED017A77EEA77A37EE077AF6EE006A3B
:10EA680037EE876A77EEC77A26EE266A67EEA67AC9
:10EA7800038810B54469013B04F1100001F110044A
:10EA880001EBC30182ED006AC2ED017A0839103248
:10EA980091ED034A91ED027A54ED023A54ED017A70
:10EAA80050ED025A50ED014A37EE635A34EE276AA8
:10EAB80037EE237A77EEC47A05EE857A44EE857AC6
:10EAC80004EE867A45EEC67A27EE267A67EEA67AAF
:10EAD800013B02ED027A42ED017A00F1080002F1F1
:10EAE800080204F10804A1F10801D1D110BDD1ED4B
:10EAF800007A91ED016AF6EE006A37EE867A77EED3
:10EB0800C67A27EE267A67EEA67A038830B5446976
:10EB18005D1E82ED007AC2ED017A04F10800083228
:10EB280001F1080401EBC501013B02F1080200F103
:10EB3800080004F10804A1F1080100D130BD91EDED
:10EB4800034A91ED027A54ED023A54ED017A50ED00
:10EB5800025A50ED014A33EEC75A34EE276A37EEAF
:10EB6800237A77EEC47A05EEC57A44EE857A04EE08
:10EB7800C67A45EEC67A27EE267A67EEA67A02EDC1
:10EB8800027A42ED017ACFE72DE9F041058A044681
:10EB98006D0805800F4616461D464BB1FFF7A7FFC7
:10EBA8002A4631462046BDE8F041012300F0D9BA93
:10EBB8002A46012300F0D5FA324639462046BDE8F8
:10EBC800F041FFF743BF000080B14FF4806303803A
:10EBD8004FF4006303824FF4E1638381054B836044
:10EBE800054B4360054B4361002070474FF0FF30F1
:10EBF800704700BF04900208149E020804700208BF
:10EC08002DE9F04780460846B8F80070D8F8042087
:10EC180001EB87092DED028B06464B469446790891
:10EC2800FF0800EB810509EB810402EB0717BC45DF
:10EC380006F1100605F1100504F1100403F11003A4
:10EC48000FD18CB22146022300F0F4FABDEC028BFE
:10EC580021464846D8F804200223BDE8F04700F0D2
:10EC6800E9BA13ED040A16ED046A53ED030A16ED2A
:10EC7800034A36EE008A53ED011A54ED046A54ED46
:10EC8800034A13ED021A55ED032A15ED023A55ED24
:10EC9800013A54ED027A54ED015A16ED027A15ED57
:10ECA800042A06ED048A34EE208A16ED015A06ED90
:10ECB800038A37EE018A06ED028A35EE218A35EE9F
:10ECC800615A72EE261A06ED018A45ED041A72EEB3
:10ECD800A41A45ED031A73EE271A45ED021A73EECE
:10ECE800A51A45ED011A75EEE35A34EE604ADCEDDB
:10ECF800013A74EEE24A77EEC37A36EE406A9CED4A
:10ED0800003A64EE232A46EE032A26EE236A14EE1E
:10ED1800036A76EEC26A03ED036A24EE836A16EE8E
:10ED2800A36A66EE836A44EEA36A43ED042A04EDFF
:10ED3800046A44ED036A0CF1100C1CED026A5CEDE8
:10ED4800016A37EE417A65EE264A47EE064A27EE13
:10ED5800267A15EE067A43ED024A03ED017A25EE8E
:10ED6800867A17EEA67A67EE867A45EEA67A04EDDD
:10ED7800027A44ED017A5AE703882DE9F04F5B08DF
:10ED880001EBC305D1ED007A95ED007AD1ED015A7A
:10ED980037EE876A77EEC77A95ED017A01EB83063D
:10EDA80075EE876A75EEC75A96ED007A05EB83040F
:10EDB800D4ED004A37EE065A2DED048B35EE245A71
:10EDC8008FB04268D6ED013A94ED014A81ED005AC0
:10EDD80096ED015A94ED013A36EE855A35EE035A0E
:10EDE80002925A080A920A4681ED015A33EEA75A4E
:10EDF80008320692324635EE445A08320B922A46B9
:10EE080086ED005A36EE476A35EEC75A76EEE36A63
:10EE180077EEE37A37EE257A08320C92224635EE01
:10EE2800245A36EE646A76EEC46A77EE847A37EE50
:10EE3800647A08320D925A08023A86ED015A009116
:10EE480085ED006AC5ED016A4FEA5208C4ED007A03
:10EE580084ED017A029A834608320792029AA4F155
:10EE6800040910320892029AA6F1040A183209928B
:10EE78000998009A0190089802F1100E04900798DA
:10EE88002F1F09EB830306F1100105F1100C04F1A3
:10EE980010020390CDF814801CED023A5CED013AA3
:10EEA8001EED026A5EED017A51ED026A11ED014A2A
:10EEB80036EE437A77EEE35A36EE036A77EEA37AB4
:10EEC80012ED025A52ED014A75EEE62A34EE072A8F
:10EED80036EE663A76EEA55A77EEC43A37EE447ABD
:10EEE80076EE866A039832EE642A08300390049816
:10EEF80072EE852A10300490019833EE453A1830A6
:10EF08000190059873EEE43A37EE247A75EEC55A07
:10EF180076EE856AAAF1080A083FA9F10809083BB4
:10EF28000EF1080E08310CF1080C0832002873D1D4
:10EF3800182709980D9B07FB0807089803EBC802D8
:10EF480000EB081C0C9B079803EBC80100EBC80EEC
:10EF58000B9B069803EBC80300EBC808C8ED006AD2
:10EF6800D3ED016A77EEA67AD2ED016A77EEA67A3A
:10EF7800C8ED017ADEED017A9EED006A67EEA26ABD
:10EF880067EE827A46EE026A56EE227AC3ED006A8E
:10EF9800C3ED017ADCED017A9CED006A67EEA36AA5
:10EFA80067EE837A46EE036A56EE237AC1ED006A6D
:10EFB800C1ED017AD7ED017A97ED006A67EEA56A8F
:10EFC80067EE877A46EE076A56EE257ABDF828700E
:10EFD800C2ED006AC2ED017A3946029A009804230C
:10EFE80000F028F939463046DBF80420042300F005
:10EFF80021F939462846DBF80420042300F01AF9E1
:10F00800042339462046DBF804200FB0BDEC048BFE
:10F01800BDE8F04F00F00EB94EED046A51ED036AF9
:10F0280077EEA67A52ED036A77EEA67A4EED037A6A
:10F03800D9ED017A9AED011ADAED024A31EE275A32
:10F0480031EE671AD9ED027A93ED028A97ED026ADA
:10F0580034EEA79A76EE481A79EE460A36EE096A31
:10F0680036EE086A93ED014AD7ED018A8AED026A05
:10F0780097ED016A74EEE74A75EE687A35EE065A3E
:10F0880093ED016A35EE065A74EEE86A8AED015A84
:10F09800039877EEC47A10ED016A76EE846A34EE4E
:10F0A800684A10ED025A34EE644A66EE224A31EE9E
:10F0B800810A45EE024A41ED044A60EE054A26EE11
:10F0C800022A56EE864A66EE856A15EE222A40EE38
:10F0D800066A01ED032AC7ED024AC7ED016A0498E2
:10F0E80070EEC80A10ED036A50ED046A26EE235A42
:10F0F80006EE835A26EE033A0CED045A27EE865A9A
:10F1080016EEA33A10EEE65A67EEA66A50EE866A45
:10F118000CED033A89ED025AC9ED016A019871EEC6
:10F12800C11A50ED067A50ED056A26EEA56A07EE7B
:10F13800876A26EE877A17EEA57A02ED037A21EE22
:10F14800A77A64EE277A14EE267A41EEA67A059815
:10F1580002ED046A013883ED027AC3ED017A059065
:10F168009AE6012A2DE9F04106460C4617469846CC
:10F1780005883ED0B5F5807F49D026D8402D31D0BE
:10F188001CD8102D1CD0202D41D0B8F1000F04D070
:10F198002046B268B18900F0BDFA012F0CD107EE04
:10F1A800905AF7EE006AF8EE677A002386EEA77A9F
:10F1B800AB4204F108042FD3BDE8F081802DE4D1DF
:10F1C80021463046FFF71CFDDFE7B5F5006F1ED07E
:10F1D80005D8B5F5007F05D0B5F5806FEFE7B5F533
:10F1E800805FD2D1012329462046726800F022F8B8
:10F1F800CBE700230A1DAB4202F10802BAD252ED56
:10F20800027AF1EE677A013342ED027AF3E721469A
:10F218003046FFF7B1FDB8E754ED027A67EE877A1A
:10F2280044ED027A54ED017A67EEC77A013344ED72
:10F23800017ABDE72DE9F04F2DED108B9FEDB05A07
:10F248008DB002910B9203930191019B4FF0000A3C
:10F25800D908CA0008926FF0170202FB01F92822A8
:10F268004A4307920A010692302200EB411C4A43A6
:10F278000CEB090707EB411606EB090505EB4114F2
:10F28800059204EB0902009238224A43049204EBE7
:10F298000902DB004FEA411B02EB411800F1040EA2
:10F2A800DCED007A1EED017A97ED006A77EE276AA9
:10F2B80037EE677AD6ED007A009AD4ED004A92EDDF
:10F2C800003AD8ED003A76EE275A36EE676AD5ED61
:10F2D800007A37EEA44A77EEE47A73EE234A36EEE4
:10F2E800C40A75EEE40A76EE846A75EEA45A76EEE0
:10F2F800A54A76EEE56A4EED014ACCED006ADCEDF2
:10F30800016ADEED004A96ED014A74EEA65A74EEE3
:10F31800E64AD7ED016A33EE633A76EE842AD4EDF5
:10F32800013A76EEC46A95ED014A98ED012A74EE29
:10F33800231A34EE634AD2ED013A33EE821A73EEA1
:10F34800C23A35EEE12A75EEA15A72EEC11A72EE92
:10F35800812A35EEA21A75EEE25A8EED001ACCED2E
:10F36800015A70EE215A70EE612AC5ED005A72EE0C
:10F37800605AC4ED002AC5ED015A70EE825AC4EDF8
:10F38800015A76EE435A36EE036A36EEE33A76EEE3
:10F39800A36A65EE855A26EE056A23EE053A66EEFF
:10F3A800856A77EE653A74EEC32A37EE257A77EEEA
:10F3B800C65A77EE867A34EE836A74EE664A74EE3D
:10F3C800266A37EE264A37EE667A87ED004A88EDD8
:10F3D800007A33EEA47A73EEE43A86ED007A36EEDC
:10F3E800677A77EE867AC2ED003A87ED017AC8ED42
:10F3F800017A72EEE57A75EEA25AC6ED017AC2ED8F
:10F40800015A019A9C449244009A1F441A4400925B
:10F41800029A1E4452451D441C4498449E443FF69B
:10F428003FAF072940F271810BEB00020992089A5D
:10F43800012402440892079A02440792069A024459
:10F448000692059A02440592A0EB09020A92049AD0
:10F458000244049200223026A346039D00EBC40A0E
:10F468002A440B9D05EBC205D5ED001A05EBC20534
:10F4780095ED008A05EBC205D5ED004A05EBC205FE
:10F4880095ED009A05EBC205D5ED003A05EBC205EE
:10F49800D5ED000A05EBC20506FB1256D5ED002A8C
:10F4A80095ED012A099D96ED011A05EBC409089D01
:10F4B80006EBC20605EBC408079DD6ED018A05EBED
:10F4C800C40E069D06EBC20605EBC40C059D96ED21
:10F4D800014A06EBC206D6ED019A05EBC40706EB16
:10F4E800C2060A9D96ED013A06EBC20696ED010AA0
:10F4F80005EBC406049D05EBC405009502E000BFBA
:10F50800F304353F99ED007A9EED006ADAED007A52
:10F51800D8ED006ADCED005A37EE87AA77EEC77A95
:10F5280036EE867A76EEC66A97ED006A009D96ED0D
:10F5380000DA35EE86BA75EEC6AA95ED006A7DEE5C
:10F54800065A3DEE46DA77EE65DA3AEE4B6A37EE62
:10F55800257A3AEE0BAA7AEE075ACAED005ADAED86
:10F5680001BA3AEE47AA99ED017ADEED015A3BEE6F
:10F5780087FA7BEEC7BA98ED017AD5ED01EA9CEDE2
:10F5880001BAD6ED01CA37EE25EA37EE657AD7ED2E
:10F59800015A3BEE25CA3BEE65BA7CEEAE5A7CEECC
:10F5A800EECA7FEE4CEA3FEE0CCA3EEE65FA3EEE3E
:10F5B80025EA76EE0F5A36EE4F6A3CEE0EFA3CEE2E
:10F5C8004ECA3EEEEDEA7DEEAEDA69EE8CEA49EE21
:10F5D8000AEA29EE8AAA19EE0CAA8AED01FA89ED3F
:10F5E80001AA28EE8EAA08EE25AA68EEA55A58EEBA
:10F5F8000E5AC9ED00EACCED015A60EE2D5A40EEE4
:10F60800865A20EE066A10EEAD6A8CED00AA37EE37
:10F618006CCA87ED016A37EE2C7A36EECD6A76EE43
:10F628008D6A26EE056A66EE856A2CEE05CA27EE17
:10F63800057AC7ED005A37EEC6AA7AEEA65A77EED3
:10F64800867A3BEECCDA3BEE8C6A7BEE47BA7AEEF2
:10F65800E6CA3BEE077A7AEE2BAA3AEE6BAA76EE6A
:10F6680065BA77EE876A21EE2BBA01EEA6BA61EE8B
:10F67800266A77EEC77A51EEAB6A35EE867AC8ED20
:10F68800016A62EE076A7DEE6C5A42EEA76A88ED5F
:10F6980000BAC5ED006A62EE276A63EE257A3CEE91
:10F6A8008D6A52EE876A43EEAA7AC5ED016A23EEA7
:10F6B8002A7ACEED007A64EE067A13EEA57A44EE45
:10F6C8008A7A8EED017AC6ED007A64EE0A7A54EEF3
:10F6D800867AC6ED017A019D9A44AB44009D99440F
:10F6E8001D440095029D98445D459E449C441F44DA
:10F6F8001E443FF607AF0134A1427FF4ACAE039B32
:10F708000191DB009BB203939FE50DB0BDEC108B1C
:10F71800BDE8F08F2DE9F0410023884602F1020C84
:10F72800984501D8BDE8F08132F813503CF81340F1
:10F73800AD08A40850F825E050F82410AF00A60042
:10F7480040F8251040F824E03D1D341D475906595E
:10F75800023346510751E3E7002170B555EC104BD1
:10F76800064625F000430160114883421DD8204613
:10F7780018431AD00F482A46284058B900220E4B81
:10F7880020462946F0F7FAFE0A4621F000430446CF
:10F798006FF035016FF31E521B1542F07F55A3F22F
:10F7A800FE3345F400150B44336045EC104B70BD37
:10F7B800FFFFEF7F0000F07F0000504308B52DEDFC
:10F7C800028BB0EE408A00F0FDF9F0EE408AB0EE10
:10F7D800480A00F08FF868B1DFED127AB4EEE78AD4
:10F7E800F1EE10FA0BDCDFED107AB4EEE78AF1EEF9
:10F7F80010FA0FD4B0EE680ABDEC028B08BDDFED3D
:10F808000B8A00F073FE2223B0EE680A0360BDEC99
:10F81800028B08BD00F06AFE2223DFED058A036033
:10F82800E8E700BF1772B142B5F1CFC20000807F90
:10F838000000000008B52DED028BB0EE408A00F004
:10F84800B3FAB4EE488AF1EE10FA0FD6B5EEC08AD4
:10F85800F1EE10FA0ADCB5EE408AF1EE10FA08D1A2
:10F8680000F044FE22239FED090A0360BDEC028BE1
:10F8780008BD00F03BFE212203460548BDEC028B83
:10F888001A60BDE8084000F03FB800BF000080FFE4
:10F8980014BE020808B52DED028BB0EE408A00F0C8
:10F8A8007FFBB4EE488AF1EE10FA0FD6B5EEC08AA7
:10F8B800F1EE10FA0AD8B5EE408AF1EE10FA08D146
:10F8C80000F014FE22239FED090A0360BDEC028BB1
:10F8D80008BD00F00BFE212203460548BDEC028B53
:10F8E8001A60BDE8084000F00FB800BF000080FFB4
:10F8F80014BE020810EE103A23F00040B0F1FF4F9A
:10F908002CBF0020012070479FED010A704700BFFF
:10F918000000C07F10B485B08DED010A019BC3F3D0
:10F92800C752A2F17F011E2931DC16294FEAD37490
:10F9380025DC1D4BDDED017A03EB840393ED007AA2
:10F9480077EE277ACDED037ADDED037A77EEC77A85
:10F9580017EE903A33F000400DD0C3F3C7507F380C
:10F968001FD4C3F31603C0F1170043F4000323FAAE
:10F9780000F004B1404205B05DF8044B7047C3F392
:10F988001603963A43F4000303FA02F0F1E7DDEDBB
:10F99800017AFDEEE77A17EE900A05B05DF8044BA0
:10F9A80070470020E5E700BF18BE020810EE101AE5
:10F9B800C1F3C7520029A2F17F0CACBF01204FF060
:10F9C800FF30BCF11E0F0FDCBCF1000F1CDBC1F3D4
:10F9D8001603BCF1160F43F400030ADD963A03FA46
:10F9E80002F202FB00F07047FDEEC07A17EE900AB3
:10F9F80070474FF48002CCF1170142FA0CF21A4416
:10FA0800CA4002FB00F07047BCF1FF3F18BF00205E
:10FA1800704700BF0000000051EC100BC1F30A53FF
:10FA28002DE9F041A3F2FF350C460646132D22DCE2
:10FA3800002D41DB384B0F4643FA05F801EA08036D
:10FA480003431DD032A3D3E90023F0F7E1FB0022E2
:10FA58000023F1F723F840B1002C03DA4FF48013A8
:10FA68002B411F4427EA080400262346324643EC6C
:10FA7800102BBDE8F081332D06DDB5F5806F2BD056
:10FA880041EC100BBDE8F081A3F213434FF0FF37B0
:10FA9800DF403842F4D01EA3D3E90023F0F7B8FBC7
:10FAA80000220023F0F7FAFF0028DED0002C3346AE
:10FAB80020DB23EA0706D8E715A3D3E90023F0F7EC
:10FAC800A7FB00220023F0F7E9FF0028CDD0002C87
:10FAD80009DB00263446C8E702460B46F0F798FBD8
:10FAE80041EC100BCEE724F0004426430DD14FF033
:10FAF8000044BAE7142D06D0C5F134050122AA4006
:10FB080013449E42D5D90134D3E70026034CACE711
:10FB18009C7500883CE4377EFFFF0F000000F0BFB3
:10FB280053EC102BC3F30A509C46A0F2FF31132963
:10FB380010B5964613DC00292BDB1F4C0C4104EA58
:10FB48000300104310D04FF4002300200B416344FE
:10FB580023EA040C6346024643EC102B10BD3329FC
:10FB680005DDB1F5806F1AD043EC102B10BDA0F263
:10FB780013404FF0FF34C4401442F5D0C1F13301B3
:10FB880001208840801828BF03F1010C20EA0400F6
:10FB9800E0E7013103F0004C08D00020DAE7104616
:10FBA8001946F0F735FB41EC100B10BD4CF07F5CAB
:10FBB80000204CF4401CCDE7FFFF0F00B8FE400AC0
:10FBC800704700BF10EE103A23F00042B2F1FF4F29
:10FBD80058D84FEAD37100F093806148834200F30C
:10FBE800898019B15F4B9A4200F287805E4B9A4236
:10FBF8004BD95E4B9A4200F295805D4881F0010333
:10FC08005C4A00EB81005B1A02EB8102D0ED004AEE
:10FC1800D2ED007A70EE644A34EEE70A9FED564A58
:10FC28009FED565ADFED565A20EE007ADFED556A01
:10FC38009FED556AA7EE045AE5EE075AE5EE876A86
:10FC4800A6EE876AF0EE406AE6EE476A20EE266A7C
:10FC5800002B42D0B0EE007A13F17D0FB7EE000A08
:10FC680037EE667AC6EE076A77EEE67A77EEE47ADA
:10FC780030EE670A4ADB10EE102A02EBC35300EE9F
:10FC8800103A704730EE000A7047B2F1505F0AD25E
:10FC9800DFED3E7AB7EE007A70EE277AF4EEC77A97
:10FCA800F1EE10FA58DC60EE007A9FED335ADFED82
:10FCB800335A9FED336AE7EE855ADFED326A9FEDDE
:10FCC800327AA7EEA56AE7EE866AA7EEA67AF0EE84
:10FCD800406AE7EEC76A20EE266AF0EE007AB7EED1
:10FCE800007A76EEE76AC6EE267A77EEC07A37EEC5
:10FCF800670A7047002000F0D9B9002000F0D0B999
:10FD0800DFED237A002900FE270A704710EE102A3B
:10FD18006433DFED207A02EBC35300EE103A20EE95
:10FD2800270A70471C4BF0EE404A9FED1C6A03EB14
:10FD38008103DFED1B6A9FED1B7AD3ED007AE0EEBD
:10FD4800067AFDEEE77A17EE903AF8EEE77AE7EEF4
:10FD5800E64A67EE877A5FE730EE070A704700BF2A
:10FD68001772B142B5F1CF421872B13E9115853F75
:10FD780028BE020820BE02084CBB31330EEADDB5AE
:10FD880055B38A38610B36BBABAA2A3ECAF2497111
:10FD9800000000000000800D30BE02083BAAB83FFA
:10FDA8008071313FD1F7173710EE102A32F0004337
:10FDB80030D0002A134634DBB2F1FF4F41DAB2F5F6
:10FDC800000F00B534DB4FF0000EC3F31601634893
:10FDD800DB15F7EE007A084401F10F0C7F3B00F4C5
:10FDE8000002734482F07E5203EBD0535C480A430E
:10FDF8000CEA000000EE102A30EE670A20BBB5EED0
:10FE0800400AF1EE10FA61D1002B40F08F809FED8F
:10FE1800550A59E09FED547ADFED527A87EE270AAA
:10FE2800704770EE407A9FED4F7A87EE870A7047E9
:10FE3800DFED4E7A6FF0180E60EE277A17EE903AE3
:10FE4800C3E730EE000A7047B0EE007A06EE103ACB
:10FE5800DFED472AB8EEC63ADFED464A30EE077ABC
:10FE6800DFED455ADFED453A9FED455A80EE074AEA
:10FE7800DFED447ADFED446A4448454A0844521AA3
:10FE88000243002A24EE046A26EE067AE7EE224AA6
:10FE9800A7EE235AE4EE875AE5EE076AE5EE877A7D
:10FEA80067EE867AE6EE877A2BDDB6EE007A20EEEC
:10FEB800077A27EE007A77EE877A67EE847A43BB73
:10FEC80037EE677A30EE470A5DF804FBF6EE007A03
:10FED800DFED306A20EE007AE0EE667A27EE277AC8
:10FEE800002BEFD007EE903A9FED2B6ADFED2B6ADF
:10FEF800F8EEE77AA7EEC67A37EE400A97EEA60A3A
:10FF0800E2E770EE677A67EE847AE3B930EE670A63
:10FF1800DAE79FED216ADFED216AE3EE067A37EE34
:10FF2800677A37EE400A93EE260ACDE707EE903A55
:10FF38009FED190A9FED197AF8EEE77A27EE800A05
:10FF4800A7EE870AC0E7DFED146A9FED147AE3EEA7
:10FF5800667A37EEC00A93EE070AB5E720FB4A0037
:10FF6800F0FF7F0000000000000000CC0000004C03
:10FF78009788173E25333A3E2549923E4FD01C3E7E
:10FF8800298E633EABAA2A3FCDCCCC3E305CCFFF56
:10FF980088C23500ABAAAA3ED1F717378071313F26
:10FFA80008B510EE103A33F000422DED028B2CD03C
:10FFB800002B1A4632DBB3F1FF4F41DAB3F5000FDD
:10FFC80035DB0021D315C2F316027F3B0B44D90F52
:10FFD80003EBD373C1F17F0107EE903A42EAC153B4
:10FFE800B8EEE78A00EE103AFFF7DEFEDFED176A9B
:08FFF8009FED177A20EE260AA6
:020000040801F1
:10000000DFED167AA8EE070AA8EE270ABDEC028BF0
:1000100008BD9FED137ADFED137ABDEC028B87EEFE
:10002000270A08BD70EE407A9FED0E7ABDEC028B78
:1000300087EE870A08BDDFED0C7A6FF0180160EEDD
:10004000277A17EE902AC1E7BDEC028B30EE000A4A
:1000500008BD00BFD95BDE3EDB27543580209A3EC9
:10006000000000CC000000000000004C10B52DED99
:10007000028BB0EE408A044600F03CFA0460B0EE19
:10008000480ABDEC028B10BD30B1F1EE407A22205F
:1000900027EE800AFFF7EABFF0EE407A222027EE33
:1000A000800AFFF7E3BF00BF9FED010AFFF7ECBF37
:1000B000000000109FED010AFFF7E6BF000000708E
:1000C0000B460146184600F025B8062008B500F09A
:1000D000AFF90120F0F704FF1FB514461A46094B8B
:1000E00005461B68D8684CB1074B00910749CDE91C
:1000F00001342B4600F0C2F8FFF7E7FF044B1C4623
:10010000F3E700BF20000020036702081067020821
:10011000F360020810B504460448134620B10A46AD
:100120000220214600F020FA10BD00BF6905010839
:10013000002310B504468360818119464366C2815D
:1001400008228361C0E90033C0E904335C3000F069
:1001500019F90D4B246263620C4BA3620C4BE362F2
:100160000C4B23630C4B9C4206D003F16802944273
:1001700002D0D0339C4205D104F15800BDE81040B4
:1001800000F0E2B910BD00BFDD020108FF02010866
:10019000370301085D030108D4A90220024A03497C
:1001A000034800F07DB800BF14000020B90E01081C
:1001B0002400002041680C4B994210B5044601D040
:1001C00000F07AFEA168094B994202D0204600F067
:1001D00073FEE168064B994204D02046BDE810400A
:1001E00000F06ABE10BD00BFD4A902203CAA0220C4
:1001F000A4AA02200C4B04210C4A0D4810B51A6029
:100200000022FFF795FF0A4B012209211C4603F14A
:100210006800FFF78DFF022204F1D0001221BDE833
:100220001040FFF785BF00BF0CAB02209D01010805
:10023000D4A90220014800F088B900BF16AB022003
:10024000014800F083B900BF16AB022010B5044688
:10025000FFF7F0FF236A1BB1BDE81040FFF7F0BFC6
:10026000044B2362044B1B68002BF5D1FFF7C2FF40
:10027000F2E700BFB50101080CAB02200EB403B5D4
:1002800003AB0146054853F8042B0068019300F0C6
:10029000E9FA02B05DF804EB03B0704720000020DB
:1002A0002DE9F8430746884614460026D4E901950F
:1002B000B9F1010905D52468002CF7D13046BDE815
:1002C000F883AB89012B07D9B5F90E30013303D080
:1002D00029463846C04706436835E9E710B50C465D
:1002E000B1F90E1000F0CEF80028ABBF636DA38902
:1002F0001B1823F48053ACBF6365A38110BD2DE9A7
:10030000F0411F468B8905460C46DB05164605D590
:1003100002230022B1F90E1000F0A2F8A3893246A0
:10032000B4F90E10284623F48053A3813B46BDE860
:10033000F04100F0CDB810B50C46B1F90E1000F048
:100340008FF8421CB4F90C3015BF606523F480535C
:1003500043F48053A38118BFA38110BDB1F90E10DF
:1003600000F06EB80139024410B5904201D100206E
:1003700005E0037811F8014FA34201D0181B10BD0E
:100380000130F2E702440346934200D1704703F87C
:10039000011BF9E710B56AB10139841810F8012B77
:1003A00011F8013F9A4203D1A04201D0002AF5D1B1
:1003B000D01A10BD1046FCE70139034610B532B122
:1003C00011F8014F013A03F8014B002CF7D11A4400
:1003D0000021934200D110BD03F8011BF9E71F294A
:1003E00038B505460C4604D9162303604FF0FF309C
:1003F00038BDC26B12B152F821304BB9284600F01B
:1004000065F8224601462846BDE8384000F04CB861
:10041000012B0AD0591C03D1162303600120E7E702
:100420000021204642F8241098470020E0E7000011
:10043000024B01461868FFF7D2BF00BF2000002022
:1004400038B50023054D044608462B60F0F76AFDD9
:10045000431C02D12B6803B1236038BD10AB0220CE
:1004600038B50446064D0846114600222A601A4651
:10047000F0F762FD431C02D12B6803B1236038BD45
:1004800010AB022038B50446064D0846114600223E
:100490002A601A46F0F72AFD431C02D12B6803B1EB
:1004A000236038BD10AB022038B50023064D04464A
:1004B000084611462B60F0F70BFD431C02D12B6858
:1004C00003B1236038BD00BF10AB0220F0F7FEBCC3
:1004D00038B50446064D0846114600222A601A46E1
:1004E000F0F712FD431C02D12B6803B1236038BD25
:1004F00010AB0220014B1868704700BF200000209D
:1005000070B50D4B00260D4D5B1B9C10A64209D10A
:100510000B4D01F005F80B4B00265B1B9C10A6420F
:1005200005D170BD55F8043B01369847EEE755F804
:10053000043B01369847F2E748BE020848BE02086D
:1005400048BE02084CBE02087047704770470A4414
:10055000431E914200D1704710B511F8014B9142F2
:1005600003F8014FF9D110BD2DE9F047274E07469A
:100570009246884630689946FFF7E7FF244A156897
:100580003DB9244B1360244A12B11268C3F8882085
:10059000204D6C681F2C06DD3068FFF7D7FF4FF049
:1005A000FF30BDE8F0873FB3D5F8880068B91B4B32
:1005B000002BF1D04FF48470AFF300800028EBD013
:1005C0000023C0E94033C5F888006C680122022F7F
:1005D00040F824A002FA04F2D0F8003100EB8401C4
:1005E00043EA0203C0F80031C1F8809002BFD0F89E
:1005F00004311343C0F80431631C023430686B606B
:1006000045F82480FFF7A2FF0020CAE77000002011
:10061000A4AB022018AB022038BE02080000000084
:1006200038B50546002941D051F8043C0C1F002B79
:10063000B8BFE41800F0E0F81D4A136833B96360EE
:1006400014602846BDE8384000F0DCB8A34208D961
:10065000206821188B4201BF19685B680918216066
:10066000EDE71A465B680BB1A342FAD9116850183E
:10067000A0420BD120680144501811608342E0D1A0
:1006800018685B68084453601060DAE702D90C23ED
:100690002B60D6E7206821188B4202BF19685B687F
:1006A0000918636008BF21605460CAE738BD00BF05
:1006B000ACAB022070B50F4E0C460546316811B93F
:1006C00000F0B4FC30602146284600F0AFFC431C2B
:1006D00003D14FF0FF34204670BDC41C24F0030446
:1006E000A042F8D0211A284600F0A0FC0130F2D137
:1006F000EFE700BFA8AB02202DE9F843CD1C06466A
:1007000025F0030508350C2D38BF0C25002D01DB25
:10071000A94204D90C2333600020BDE8F883DFF838
:10072000D48000F069F8D8F800301C4644BB294654
:100730003046FFF7BFFF431C044658D1D8F80040AD
:100740002746002F43D1002C4BD023683946304632
:1007500004EB030900F06AFC814542D12168304670
:100760006D1A2946FFF7A6FF01303AD023682B44C3
:100770002360D8F800305A6862BBC8F800700FE0F8
:100780002268521B20D40B2A17D96119A342256075
:1007900018BF5960636808BFC8F8001062514B6009
:1007A000304600F02FF804F10B00231D20F0070065
:1007B000C21A1CBF1B1AA350AFE76268A3420CBF4A
:1007C000C8F800205A60EBE723466468AEE73C4671
:1007D0007F68B6E71A465B68A342FBD100235360EB
:1007E000DEE70C233046336000F00CF894E7056038
:1007F000D6E700BFACAB02200148FFF7A6BE00BFA2
:1008000014AB02200148FFF7A1BE00BF14AB0220C9
:100810009368013B002B10B4936008DA9469A342FB
:1008200001DB0A2903D15DF8044B00F06DBB1368AE
:10083000581C1060084619705DF8044B7047F8B5F5
:1008400006460F461446D518AC4201D1002007E0F9
:100850003A4614F8011B3046FFF7DAFF431CF3D188
:10086000F8BD00002DE9F04F0D469DB014469846A6
:10087000064618B1036A0BB9FFF7E8FC6B6ED9079F
:1008800005D4AB899A0502D4A86DFFF75EFEAB894B
:100890001B0701D52B699BB92946304600F072FB36
:1008A00070B16B6EDC0704D54FF0FF301DB0BDE8B2
:1008B000F08FAB899805F7D4A86DFFF747FEF3E7F3
:1008C0000023CDF80C804FF00109DFF8B4810993C3
:1008D00020238DF8293030238DF82A3023469A467C
:1008E00013F8012B0AB1252AF9D1BAEB040B0BD06E
:1008F0005B46224629463046FFF7A1FF013000F053
:10090000A780099A5A4409929AF80030002B00F007
:100910009F8000234FF0FF320AF1010A04930793EE
:100920008DF853301A93CDE90523544605225448D7
:1009300014F8011B00F08AFB049AD8B9D10644BF11
:1009400020238DF85330130744BF2B238DF85330E9
:100950009AF800302A2B15D0079A544600204FF001
:100960000A0C214611F8013B303B092B4BD9B0B1A1
:10097000079214E0A0EB0803A24609FA03F313431D
:100980000493D2E7039B191D1B68002B0391BBBF87
:100990005B4242F0020207930793B8BF04922378A8
:1009A0002E2B0AD163782A2B32D1039B02341A1DD5
:1009B0001B6843EAE37303920593DFF8D4A0032294
:1009C0002178504600F042FB38B1A0EB0A004022EB
:1009D000049B013482401343049314F8011B062244
:1009E00028488DF8281000F031FB00283FD0264B16
:1009F0001BBB039B073323F0070308330393099BB7
:100A00003B4409936AE70CFB02320C460120A8E73D
:100A1000002301344FF00A0C19460593204610F8C4
:100A2000012B303A092A03D9002BC6D00591C4E71F
:100A30000CFB012104460123F0E703AB2A4604A97D
:100A400030460093114BAFF300800746781CD6D197
:100A50006B6ED90705D4AB899A0502D4A86DFFF750
:100A600075FDAB895B063FF51FAF09981EE703AB29
:100A70002A4604A930460093044B00F07DF8E4E7D1
:100A80003F67020849670208000000003F080108AC
:100A9000456702082DE9F047164698468A680746DA
:100AA0000B690C46DDF820909342B8BF13463360C3
:100AB00091F843200AB1013333602368990642BF9D
:100AC000336802333360256815F0060506D104F15A
:100AD000190AE36832689B1AAB422BDC94F8433066
:100AE0002268003B18BF0123920630D404F1430270
:100AF00041463846C847013023D023681A3454F899
:100B00000A2C03F00603042B0ABF54F80E5C0025E0
:100B100033684FF0000608BFED1A54F8123C08BFC6
:100B200025EAE5759342C4BF9B1AED18B5421AD168
:100B3000002008E00123524641463846C8470130AC
:100B400003D14FF0FF30BDE8F0870135C1E7E11870
:100B50005A1C30200233224481F8430094F8451097
:100B600082F84310C2E70123224641463846C8476F
:100B70000130E6D00136D9E72DE9FF470F7E9146D7
:100B800080460C46782F9A460C9E01F1430207D806
:100B9000622F0AD8002F00F0D280582F00F0B780C3
:100BA00004F1420684F842703AE0A7F16303152B82
:100BB000F6D801A151F823F0110C0108250C010809
:100BC000A10B0108A10B0108A10B0108A10B010851
:100BD000250C0108A10B0108A10B0108A10B0108BC
:100BE000A10B0108250D01084F0C0108DB0C0108C1
:100BF000A10B0108A10B0108470D0108A10B010879
:100C00004F0C0108A10B0108A10B0108E30C01081E
:100C100033681A1D1B68326004F1420684F84230C2
:100C200001239DE033682068191D3160060601D557
:100C30001D6803E04506FBD5B3F90050002D03DA2B
:100C40002D236D4284F8433059480A2310E021686F
:100C50003368080653F8045B02D4490648BFADB2B6
:100C60006F2F5348336059D10823002184F8431073
:100C70006668002EA66005DB21682E4321F0040182
:100C800021604DD01646B5FBF3F103FB1157C75D4C
:100C900006F8017D2F460D46BB42F4D9082B0BD137
:100CA0002368DF0708D5236961689942DEBF3023D6
:100CB00006F8013C06F1FF36921B22614B4603AA5F
:100CC00021464046CDF800A0FFF7E4FE01304CD1AC
:100CD0004FF0FF3004B0BDE8F087236843F02003F5
:100CE000236078273348236884F845701F063168ED
:100CF00051F8045B02D45F0648BFADB23160D9073A
:100D000044BF43F0200323601DB11023ADE7284802
:100D1000E9E7236823F020032360F6E70A23A4E72A
:100D20001646BBE733682568181D616930602E06DA
:100D30001B6801D5196002E06806FBD51980002305
:100D400016462361BAE7336800211A1D32601E6817
:100D50006268304600F07AF908B1801B6060636811
:100D60002361002384F84330A8E7236932464946CB
:100D70004046D0470130ABD023689B0713D4E068CE
:100D8000039B9842B8BF1846A4E701233246494660
:100D90004046D04701309BD00135E36803995B1A88
:100DA000AB42F2DCEBE7002504F11906F5E700BFE2
:100DB0005067020861670208B1F90C202DE9F04183
:100DC000160705460C4651D44B68002B02DC0B6C11
:100DD000002B49DDE66A002E46D0002312F4805233
:100DE0002F682B6031D0626DA389590705D56368E0
:100DF000D21A636B0BB1236CD21A0023E66A216A04
:100E00002846B047421CB4F90C3006D129681D2988
:100E100045D8284ACA40D60741D50022D904626085
:100E20002269226004D5421C01D12B6803B9606598
:100E3000616B2F60C1B104F14403994202D028468E
:100E4000FFF7EEFB002363630EE00123216A2846CF
:100E5000B0470246501CC7D12B68002BC4D01D2BB5
:100E600001D0162B19D12F6000201DE00F69002F33
:100E7000FAD093070E680F600CBF4B690023A6EBF6
:100E800007088B60B8F1000FEEDD43463A46216A51
:100E90002846A66AB047002808DCB4F90C3043F0B5
:100EA00040034FF0FF30A381BDE8F0810744A8EB79
:100EB0000008E7E70100402038B50B6905460C46FD
:100EC00013B90025284638BD18B1036A0BB9FFF7DE
:100ED000BDF9B4F90C30002BF3D0626ED00704D406
:100EE000990502D4A06DFFF730FB28462146FFF795
:100EF00063FF636E0546DA07E4D4A3899B05E1D45A
:100F0000A06DFFF723FBDDE7F8B50E461446054656
:100F100018B1036A0BB9FFF799F9A369A360A38914
:100F20001A0701D5236943B92146284600F02AF85B
:100F300018B14FF0FF373846F8BD2368F6B2226982
:100F40003746981A6369834205DC21462846FFF735
:100F5000B3FF0028EDD1A368013BA36023685A1CAE
:100F600022601E70431C62699A4204D0A389DB0789
:100F7000E1D50A2EDFD121462846FFF79DFF002844
:100F8000D9D0D6E738B5284B05460C46186818B1B5
:100F9000036A0BB9FFF75AF9B4F90C301A0721D4D8
:100FA000D80607D409222A6043F040034FF0FF30EF
:100FB000A38130E0590712D5616B41B104F14403BC
:100FC000994202D02846FFF72BFB002363630022DF
:100FD000B4F90C30626023F024032269226043F0EC
:100FE0000803A38122693AB99A0501D5180603D5E9
:100FF0002146284600F05CF8B4F90C3013F00102E9
:101000000AD00022A26062695242A261226942B9FA
:1010100013F08000C8D138BD990758BF6269A2603B
:10102000F4E70020F7E700BF2000002038B50023D8
:10103000054D044608462B60EFF72AFF431C02D1FA
:101040002B6803B1236038BD10AB0220C9B2034640
:10105000024410B59342184601D1002003E0047801
:1010600001338C42F6D110BD70B50C46B1F90E10AB
:1010700096B0154600291E460ADAA18911F08001B2
:1010800013D14FF48062002031602A6016B070BD29
:101090006A4600F047F80028EFDB019901F470413F
:1010A000A1F5005359425941EBE700214022EAE7FC
:1010B0008B8973B59E0705460C4607D504F1470397
:1010C000236023610123636102B070BD01AB6A46F6
:1010D000FFF7CAFF009E28463146FFF70DFBB4F923
:1010E0000C3038B99A05EFD423F0030343F0020320
:1010F000A381E3E743F080032060A381019BC4E95F
:101100000406002BE0D0B4F90E10284600F01CF8BD
:101110000028D9D0A38923F0030343F00103A3815E
:10112000D2E7000038B50023064D044608461146B4
:101130002B60EFF7FAFE431C02D12B6803B123604A
:1011400038BD00BF10AB022038B50023054D044662
:1011500008462B60EFF7EEFE431C02D12B6803B16B
:10116000236038BD10AB022038B5002200230446AE
:101170000D46EFF779FC28B920462946BDE83840EE
:1011800000F00AB8204605F1004100F005F84042A1
:1011900061EB410138BD00BFD0B500220B4B0646C4
:1011A0000F46EFF7EFF9EFF769FD0446EFF770F937
:1011B0000022074BEFF7E6F902460B463046394668
:1011C000EFF728F8EFF75AFD2146D0BD0000F03DBB
:1011D0000000F0412DE9F04F8C46099E04460F4671
:1011E000002B48D18A4215465ED9B2FA82F33BB150
:1011F000C3F120029F409D409C4020FA02F2174319
:101200004FEA154E1FFA85FC220CB7FBFEF10EFBD0
:10121000117701FB0CF042EA0742904207D9AA1865
:1012200001F1FF3702D2904200F258813946121A7A
:10123000A4B2B2FBFEF00EFB102200FB0CFC44EA51
:101240000244A4450BD92C1900F1FF322CBF012711
:101250000027A44502D9002F00F04381104640EA40
:101260000140A4EB0C0400211EB1DC400023C6E9C0
:101270000043BDE8F08F8B4206D90EB1C6E90001EC
:1012800000210846BDE8F08FB3FA83F1002951D15F
:101290006345C0F01681824240F213810846002E59
:1012A000E7D0C6E90047E4E7002A00F0AF80B2FAD1
:1012B00082F3002B40F0C2808A1A4FEA154EAFB27B
:1012C0000121200CB2FBFEFC0EFB1C2240EA024274
:1012D00007FB0CF090420ED9AA180CF1FF382CBF76
:1012E0004FF001094FF00009904203D9B9F1000F06
:1012F00000F0F080C446121AA4B2B2FBFEF00EFB5E
:10130000102200FB07F744EA0244A7420ED92C1929
:1013100000F1FF322CBF4FF0010E4FF0000EA7423C
:1013200003D9BEF1000F00F0D2801046E41B40EA62
:101330000C4099E7C1F120058B400CFA01F400FA4A
:1013400001F922FA05F72CFA05FC8A401F4320FA1E
:1013500005F3380C23431FFA87FE1C0CBCFBF0F886
:1013600000FB18CC44EA0C4408FB0EFCA4450ED943
:101370003C1908F1FF3A2CBF4FF0010B4FF0000B66
:10138000A44503D9BBF1000F00F0B880D046A4EB10
:101390000C041FFA83FCB4FBF0F300FB134403FBC3
:1013A0000EFE4CEA0444A6450ED93C1903F1FF3069
:1013B0002CBF4FF0010C4FF0000CA64503D9BCF137
:1013C000000F00F09F80034643EA0840A4EB0E04A0
:1013D000A0FB02EC64457346E04602D307D1F14519
:1013E00005D2BEEB02036CEB070C0138E0465EB1A0
:1013F000B9EB030264EB080404FA05F522FA01F3E1
:10140000CC401D43C6E90054002132E742082F4674
:101410004B08AC4642EAC172AE46C407110C92B208
:1014200041EA034142EA0142B1FBF5F1B3FBF5F0B9
:101430001F23A2EB0C0241EA004142E79D40C3F1A9
:10144000200299409C402CFA02FC4FEA154E20FAEB
:1014500002F2AFB2BCFBFEF80A430EFB18CC110C33
:1014600041EA0C4108FB07FC8C4550D9691808F18A
:10147000FF302CBF4FF001094FF000098C4502D915
:10148000B9F1000F30D0A1EB0C01B1FBFEF808FB65
:1014900007FC0EFB181192B242EA0142624534D2B7
:1014A000AA1808F1FF312CBF4FF001094FF00009D5
:1014B0006245BED2B9F1000FBBD1A8F102012A44A6
:1014C000B7E7841A6CEB030201201746E7E62C44C9
:1014D00002382BE7ACF1020C2A440CE702392A440B
:1014E000A5E62C440238BAE6A5EB0C0CA8F10200E4
:1014F0006144B1FBFEF808FB07FCCAE7A8F102084B
:101500003C4444E7023B3C445EE7414691E7A1EBA3
:101510000C014046B1FBFEF808FB07FCB9E700BF31
:10152000F8B500BFF8BC08BC9E467047F8B500BFD0
:08153000F8BC08BC9E467047A0
:1015400040C3000000000000000000000000000098
:101550001C00000054464C33140020001C001800EE
:10156000140010000C00000008000400140000002B
:101570001C00000094000000140100001C7D00000D
:101580002C7D000050C2000003000000010000009C
:101590001000000000000A0010000C000800040009
:1015A0000A0000000C0000001C0000003C000000CD
:1015B0000F00000073657276696E675F646566612F
:1015C000756C740001000000040000006CFFFFFF58
:1015D0002700000004000000080000006F75747010
:1015E00075745F300000000001000000040000007E
:1015F000A282FFFF040000000B000000696E7075FE
:10160000745F6C6179657200030000005C0000008B
:101610002C00000004000000B8FFFFFF2B000000BA
:101620000400000013000000434F4E56455253493A
:101630004F4E5F4D4554414441544100DCFFFFFF94
:101640002A00000004000000130000006D696E5FB6
:1016500072756E74696D655F76657273696F6E0021
:1016600008000C0008000400080000002900000029
:1016700004000000130000006D696E5F72756E74E7
:10168000696D655F76657273696F6E002C0000008E
:10169000047C0000FC7B0000E47B0000B47B0000C5
:1016A000A47700009475000084350000F434000035
:1016B0006434000054320000441200003411000071
:1016C000E40E0000940E0000440E0000340D0000F3
:1016D00024050000940400006403000034030000AB
:1016E0000403000074020000440100003C010000FB
:1016F000340100002C010000240100001C01000046
:10170000140100000C01000004010000FC000000B6
:10171000F4000000EC000000E4000000DC00000029
:10172000D4000000CC000000C4000000BC00000099
:10173000B4000000940000007400000004000000E9
:10174000F283FFFF04000000600000000C000000B6
:1017500008000E000800040008000000100000004F
:101760002800000000000600080004000600000039
:101770000400000001000000EB0300000C00180052
:10178000140010000C0004000C00000066B7D776AF
:1017900001FAEA3902000000020000000400000023
:1017A00006000000322E31392E3000005E84FFFF2B
:1017B0000400000010000000000000000000000015
:1017C00000000000000000007A84FFFF0400000019
:1017D00010000000312E31342E30000000000000D7
:1017E00000000000E840FFFFEC40FFFFF040FFFF7B
:1017F000F440FFFFF840FFFFFC40FFFF0041FFFF08
:101800000441FFFF0841FFFF0C41FFFF1041FFFFB4
:101810001441FFFF1841FFFF1C41FFFF2041FFFF64
:101820002441FFFF2841FFFF2C41FFFFDE84FFFF23
:1018300004000000200100004C810424BA1CB3966F
:10184000157F8A2059AAED13E68611AAB317DE8107
:101850007AEB127F9DBEB6946378EE2ABB367F3E4C
:101860002B66F4F5CE35C820582D813201C87B0A8D
:101870007775BE6C6DA27FBBFE5F9FA942FD0A7F9C
:10188000048146D7CC43EABDDF372B85354181E85B
:10189000FDAA812B3EA66C0A3C33CCEC4492EAB400
:1018A0004040815D2D347F21F51CCEE55EBC0748AC
:1018B000F9ECF7B14A8112D60CC5E0CC81A0B37E19
:1018C000FE931D3B4A9E307FD6FD81F753D6F72409
:1018D000D7BE2D7F28EFEE44C332085281F4E93C95
:1018E00013CB50D615D4036EBDBB7F2BC681A12A66
:1018F000D8C18F59C24BC4BAA7F07629387F5D6131
:101900005B8F39DE811D51D47F6BAF6C4D9D6E5660
:1019100069B787F5CE83B47FFF922923812B2604F4
:10192000421C008162C8BA3E07191D20815C56A97D
:10193000E40A19230575B37F53812D98C69D0E0BBC
:1019400081A70994A028B1F87FFC5E4414423E456B
:1019500001EEEA38F0D67F470A86FFFF0400000058
:1019600080000000170000002100000008000000B7
:1019700037000000250000000B000000EFFFFFFF14
:101980000F000000FDFFFFFF30000000C8FFFFFF59
:101990001A000000F9FFFFFFECFFFFFFEAFFFFFF67
:1019A000E7FFFFFF2600000029000000FFFFFFFF08
:1019B0001700000002000000FDFFFFFF1100000003
:1019C000E8FFFFFF370000001500000024000000C2
:1019D000EAFFFFFF38000000E8FFFFFFFFFFFFFF07
:1019E0001F0000009686FFFF04000000200000009A
:1019F000B4B8C1C8C4C8B09296C993E8BB918E254B
:101A000098EA7F928FF69790DC8CA1C5E488A0AF0E
:101A1000C286FFFF040000002000000004D8F0AEE2
:101A2000C3DAB83607A2C0EBCFFCC6E2AFC7A3C982
:101A3000F3C7EDCFF4EC13801FED2D04EE86FFFF0E
:101A4000040000002001000060D42F0246AD2A02ED
:101A5000B9B9AE3BDB1A079A1E508FFF2E7F087C68
:101A60005671DDCF1F07E23F7A48B38181E28E8253
:101A7000A67FCD691B2781D1F68122127FE809DD7F
:101A8000F37F3AE60FE1D7D15ACD70E831B03D216E
:101A90009CBA457F7B81B8E90A0DB850D707B821B9
:101AA000E0D2817D813FDE811AE63C4225D7FE04EB
:101AB0006699ABBBF8CAACAEF863811AE2FAEBC91F
:101AC00054E2F6F521C02319E204F8C8C30BEA81F9
:101AD00081E681231E5DA10117F395EA483B2DAEF7
:101AE000D53864B72DBAF9F7B1D03F2A737FCE2E1F
:101AF0002C30202B7FACBC17BB649427BA94041104
:101B0000ECCAA752B476810F9F3281460E20815FC6
:101B100040FA0B0B06DFC6CCFBD598EA1E5FCD81E1
:101B200081BA088102040D358BC0B804FD32E5E0AE
:101B3000DC36B408C425C0817FFBC02ABEC67FD175
:101B4000BDDBFFF553874F1F7F813FDC8856A172B5
:101B5000F00CA5F03BAB8E65B32B167FC02BB72DD9
:101B6000F19EDF0A1C7FA9981A88FFFF040000007D
:101B700080000000000000000000000000000000E5
:101B80000000000000000000000000000000000055
:101B90000000000000000000000000000000000045
:101BA0000000000000000000000000000000000035
:101BB0000000000000000000000000000000000025
:101BC0000000000000000000000000000000000015
:101BD0000000000000000000000000000000000005
:101BE00000000000000000000000000000000000F5
:101BF00000000000A688FFFF0400000000080000AD
:101C0000169BC7D8E7DBD42FF8AC68617F43C72A9F
:101C1000A3F74BDC20A63ED69E20DC1D63029F1856
:101C20000EB7DCCAC1321ACFA3BEFFEF14D6393CBF
:101C3000D2DE4515D158AF817B3462C4AF4B6F46BD
:101C4000D1C27F3341E62D100205D443CED7D8ACA4
:101C50002BAA18F320B4F44A032569E2E002181510
:101C60008E176EC5D7816EC3E607B9C05F63CDE43A
:101C700011DC9CF4F3C548F5BF09DD27AC21FB5D01
:101C8000E33F1030206ADBEB0BF65CCD7205DA48DF
:101C9000E5ECCED1EC25CBBB5C81D68FD5FCB95C15
:101CA0002C172CE8FCF5E4D2EEC71ADD35F55746C3
:101CB000E230C2EF94A513E62920097F0DF9AC8D1F
:101CC00084611EA922CBD11CBD1C481D403481A2B9
:101CD0001DF0DB9C2BB9DC0E46F4B95568ACFD0752
:101CE00034D63040AE3928B51501FDB3FCBF0AE744
:101CF0009913A2E0FC8B665DEDF3D7E61BC5637F0D
:101D0000A0C4C93921E416BCF654A98E939FEEC332
:101D100005818C70E1097532CA79EF2D1392ED259A
:101D2000D19FC4CC272A3ED36D0801090205C920E2
:101D3000ABFCCF09E0DDD2071A457F183ECD10027B
:101D400005D61ED7E214F7CF4E003733D72919CB6B
:101D5000812AD2B3D5F101220EFD1008F836EECE5D
:101D6000FE4F095A37B3E1910FB6020DBD5C816495
:101D700022343E031FEE65E7A034542F9723E4037B
:101D8000052FC38BE070ECD01B1E50B811622001F0
:101D9000FBE42E131024FDDF810345214BE232DFEB
:101DA0004444E61F8C3BA4D6B9205765BEBAACD2DA
:101DB00003C0B3812ACC2AE311430EB70BDF6501C0
:101DC000272BECDFF3A106C131DD587FF1FEB1E531
:101DD000B30AD1E1C3573BAB0B1EDF13E3DF292569
:101DE000DA75EB7FA7186929BAB0431AED2819D420
:101DF000B0DFE4D856F2D2BEC523E2F03ADBE2947B
:101E0000FB49C80BE1CBCE4C3F3B150E0C03A5A004
:101E1000D7210E0139F9FF7F0B224BABA50DBADD9F
:101E20000F2455CE59C8158FCFCF27F2B52FF7F213
:101E30001454C7020D01387F1007FFE999168C8AE8
:101E400023BB42FF810939D7C152E94ADE94751399
:101E5000D8B17CF2F16311E8D9F02F0B4AF6885E15
:101E6000F0CB1F0611E1E0F7132736492C24093780
:101E7000AC30D1B6E6F91564F2A4AAC6ED7FF31D25
:101E80002F1208CF3ED9EFE9F09BE6BC2A050542A8
:101E9000B48103E0BC32A9071B90AB5038527631B5
:101EA000643121E99CB27F192FE3EA080751FA4C0B
:101EB000211D03F325212AFE0BE7B2F3D2D716E941
:101EC000C2F846593A1217203BD981AB78F8F3F3A0
:101ED00074C2B4500EBCA43ECAD60DE621D240F561
:101EE00091AAEA91E2B742541E982E1ADE269E94D9
:101EF00001C8E08F302B0C72197F4B65B6F7D9669D
:101F0000D8EE09E627DCD14129FD20E52429F84750
:101F1000C181EC10E3CB08141920EBCC18C70FFCDF
:101F20002DFE1EF0DD81E62657F8ECC01B61F0C8DF
:101F3000D5121CD34E611A0E5D1726CB4621F782AF
:101F400038BD100B1EFECF4F18F89D2EF5D5E21CA4
:101F5000022C33E2030C81F8D931E1382D08BF2C73
:101F6000D904021100B3C714BD7F2435D3C7DB04E5
:101F70004ED4C8E55154AC259C27EDAFD32DE628AF
:101F8000E729A7D62B2158FB4E66CBDF1EFADFFED2
:101F9000E503D8D4E628F63A81C3C63D0F1BA1B7A6
:101FA000B1BF2742E52FE8AD3DE13D33CE097715BE
:101FB000CCB1A04F81CF313F169E3A011817462F62
:101FC00026CCD9FC44051EE835EDF20082F315EC71
:101FD000DEE2E40705CDF9FC2D07F8E60ED67F1BFF
:101FE00024B8263D1DFDC813F7A4EBE2443EE6FAF3
:101FF000EDE53E84F9120981EDF2E23DF5FABB1BF5
:10200000C019E5D049EDE42A06C20B4C37D2FBE0FB
:1020100041C3161767F7818746F100C5CCA1DA24C2
:102020001740D526E82EE133A101973DD1D2FFF527
:10203000960AFE5A38CEF381F307CDACC1E9FE21F2
:10204000523D24BAE07F70082A42E661F5099DBF3F
:1020500032CE510B1A5930E121FB1304A6C9D8D254
:102060001FCC113C1756D6FBCBEE20E6F0D2D55F45
:10207000B48136C147ABDAFFE5BEF73FE4C62DFBBE
:10208000122304F32887CFCC17D01F28D738376DF9
:1020900099302F62E4DAFE2E267058629FF97FC9CC
:1020A000F0BC431EE3F2FF3C14D381EEF4EAF7ECFC
:1020B000289CF1441CF3DEB5FA401EF1E2B5CDE6F2
:1020C000031E01CA995700E813E40258B34DC6CE67
:1020D000672128F1097C7F51E30504D0B1D3E915CC
:1020E00008FF9DFF22F08140304112B3FAE2474BD6
:1020F0002C5BFA47095121D723F1B1DE3E10A22B08
:10210000583760206D5CDC05D64A31FF5ACFDD7F41
:10211000137175FBFA69C6B310ACC6D4110E33CC7B
:102120004A03D1942A29E25706C7E3BFCC1C2305F2
:102130006F31E1D9FD0319E58118B52D12D54D1B7D
:10214000F9D907DFD4296FCE13DF08FF167F5CC3F0
:10215000C1D2FBA102CCEFA415071C5D23DDFDD38A
:102160008BB9555B57CD100433D03B1B18B42009F5
:102170007F9D0EF136BBC9F73E5D9EAAC35CA400ED
:102180002411A30C7F3F6F4E5940324D1C2CFBBADB
:102190000A08EDB6D3481929127D2332326C8C32ED
:1021A0001ABF41C9EC3AEAD27FDFEEF23C3DE5943A
:1021B000B6BBD2DB04C1D2D334224E200D2BFD504E
:1021C000BBCFBA2D1EBFDCA5DCC958B0153C61F9E8
:1021D00078EDFF428EC8446804EA8C397FD45132CE
:1021E000272D423F374BEA44B9EFC8277FEEB61F91
:1021F0005990B2C5495ACEACA12B1C1B67D4CAACAE
:102200003E082410CE4D488811FA1A0127E21923FE
:102210000F14043381350A051DC2D7525E510A9549
:10222000FF81C41802E5F811E6B8CB58E01FD3FAD5
:10223000DDEEDEDBF3F4453A093E3CC340CD58E326
:10224000E4D928302E810FBAF7E5E1F5230B363FAC
:10225000CBCFE934EADDC4270C001DB60ED0C83060
:10226000F15B14F6CE3815EAFD6F15E4F8C6BBEA4B
:10227000C92D26234515EBCAF181C1CE1BBEE8C787
:10228000CD1C2F5B845615DCD7E7D9A1D4D1F50B33
:10229000F5D90E52F3F5BA8134EE21A8BE1BC1E781
:1022A000147FB1A11EAC49E982815C544E9A65DA73
:1022B000F81A9B59EFD1FBE0D4B10A74ED42A0B8F3
:1022C00002F9A81F2FEDE81F06213761F7A51A3C78
:1022D0002BD4DA1EDD29879429813E29B92C3F0CA5
:1022E00081A6462D4A3CCCF4ABCECD01EC4C37F464
:1022F000FFD51910AFC334323131395C77B3F5DE15
:102300007ADA4A3C3616F8F3EC222B14A305EEB821
:10231000C4A11CAAC837FD3C0992DDA3697F473FD1
:10232000D5F03BEFFCF7C481BDFB210A2F58FFE03D
:10233000DBF9E62E2AC959FFFAB63FECDF521CFC46
:102340002226C83316062F1B6537C6AFFBE9C37FAD
:1023500020D62020ECDC45DFE5EFD5100D1D58AB75
:10236000E822363ADF217FF1C734BCF2162FFE1384
:1023700024EDDB2BDBB9D30F5305F1002A069CE0DB
:10238000280227E625D90AC70F084017E869010186
:10239000EF4C29B1FEF57F26DF500ED9CA34312E1D
:1023A000D026F481FCF4EE32462B603A3B0F18E85D
:1023B000EA0247FAAE111770DDCBDC540021E721A9
:1023C0004456FFC005AC01B18155281FF7B2F4F6A1
:1023D000CAD4DC08F014FFFC4718430F561A35F531
:1023E000C334D5E204B032C20E0F3C22BA0D5518E8
:1023F000BC0DE425AF32E80035217FE1EA22E2C3DB
:10240000B290FFFF04000000000100005B0200002A
:10241000EDFDFFFF0C01000069FCFFFFF1FCFFFF79
:1024200033000000ADFCFFFFA40000003BFDFFFFF8
:1024300028000000350100005BFFFFFF8EFFFFFF5B
:10244000160200006601000036040000E6FDFFFFF2
:1024500092000000F303000014FFFFFF460000009D
:1024600039000000AEFCFFFF68FDFFFFAEFDFFFF7F
:102470003503000064FDFFFF00050000C4FFFFFFFF
:1024800082FEFFFF3C010000360400008BFCFFFFD2
:10249000E8FBFFFF8CFCFFFF7BFFFFFFA1FEFFFFC0
:1024A00035010000D0FDFFFF800200008F0000001A
:1024B000DCFEFFFFC9000000BF050000E3FDFFFFD9
:1024C000F4F9FFFF5506000063FFFFFF2200000044
:1024D0008F0200003C000000C600000041FAFFFF30
:1024E000B5010000ABFEFFFF52040000FFFDFFFF3F
:1024F000F1FCFFFFB8FEFFFF17010000FF00000026
:102500001F03000074FBFFFF97FFFFFFBE91FFFF5B
:102510000400000040000000FB56F6623320DFFF9D
:10252000F7FCD33320DBF7020234211B4728D819EC
:102530007FD4B9BDDCF9DEEBC7D50D1678B618B877
:10254000F6E111E802F7D4C771BCC90235EB120EEF
:10255000FC360B4908FA06450A92FFFF040000000A
:10256000400000002C2FE0680603210E1815D5430B
:1025700016CBC8A119EBCFD611F3F60D72B70BBB72
:102580003D29C080B9D53A1A59FA18D00CD7BDAF39
:10259000E8FEDBDC73ED1FED3FFBE9D3F72F313CA9
:1025A000C1DEF6EC5692FFFF04000000400200007E
:1025B00035160026441E5936CB1DD12FE5E7FC9673
:1025C000CDFD4AF009F13531A4F544B05F073EFB7B
:1025D000D8C94E48B5F4640C1BD21B39094581BAE1
:1025E00025D2D2D95AF3070F0E297734743123BA82
:1025F000F445817FA937AA1A815881787FE7815CE9
:102600007FD98C7FB27BF0E28181DF4BFA00913E73
:10261000ED4B867FA3DF0B8187D72D334273388143
:102620009EEF9A4A813C7F7F7FD7F4B047812DCCC3
:10263000492F5FD3ECE8911FDD2DE3D3DD4EE82871
:1026400054FCECE6E9F71800EABD01CDCC301DE7FB
:10265000D2DCA10F312E19CCE99F24A1D8D2CF24EE
:10266000025BADDB4CA6E63EB01FF8BAE142FC00CF
:1026700000BA9621F9123200B140C24DC955BA686C
:10268000CA3AA8FDAFCF1ACEA0D2FDE5FAA4D3E591
:10269000372AF537C9CD68C9D44BE0C035CAB00276
:1026A0002242B0E8531D353C18ECE0F42F086DC30E
:1026B0007F819B727FF6E13006551B818E7F7A67A2
:1026C00003E0BFF96181814DD93D817F7F81058123
:1026D0007FE74D9C557F7F3D8181818162174C5FF3
:1026E0007F81E981F37FFA061A7F7F817F968E8151
:1026F0001B3955CDDEB79C2D2F2C1BA51BE60640A4
:1027000036E2B21FD3BA23CD37DBD6E6094F15F632
:102710002F44D144BDF7CADA0C9E3DE9194D3F4C18
:102720003D55E7CB5046EB0B180EF49ADBED50B15C
:10273000BAB9B5BC33BBA3C2220957E878441755D0
:10274000EF0F22EEECFEFCED0F1302B21E370BC8AA
:1027500002F7E2469A130FDFA037101ECD0CEF48A8
:10276000C6C829D85742F53135E2665F8A51ECB9BF
:1027700016005488108181817781D236BE40B17FA6
:102780001E7F7FEC81F44E81CC409CD4F1BD7FEB69
:10279000B58181EF810B1BBF4175AB28818165B786
:1027A0001AB0813029F5ADDBF4E76D2B22207FD6FE
:1027B000FEDE15EC46F31F34F3D04F5B260DFAA076
:1027C000D83CA50840F32925BC4801FC441716D580
:1027D000204BB2B1B6F99EC03859C06B0D50A6144B
:1027E000B8ABAAFD5AC2051E44D8E225E9FF9FAF47
:1027F000A294FFFF040000000001000000000000A0
:1028000000000000000000000000000000000000C8
:1028100000000000000000000000000000000000B8
:1028200000000000000000000000000000000000A8
:102830000000000000000000000000000000000098
:102840000000000000000000000000000000000088
:102850000000000000000000000000000000000078
:102860000000000000000000000000000000000068
:102870000000000000000000000000000000000058
:102880000000000000000000000000000000000048
:102890000000000000000000000000000000000038
:1028A0000000000000000000000000000000000028
:1028B0000000000000000000000000000000000018
:1028C0000000000000000000000000000000000008
:1028D00000000000000000000000000000000000F8
:1028E00000000000000000000000000000000000E8
:1028F000000000000000000000000000AE95FFFF97
:102900000400000000200000560DD832F8CDE6305B
:10291000E521FE28B3142A3081FC55CD8F0BC3630B
:102920001ABF08D1CA2CF047CBD6D5165D13E41ACE
:1029300014C1BEA52CE5DD36BBDA385217F61202FB
:102940004247FDCFDF21FC01E9251C09F91C0A31B2
:10295000F0D730EDE821F6DEC424DCE0D4292DF9EF
:1029600014070C0AEA3D3E09814415F0DAD618E452
:10297000F00FEEFFCBD3CCF1F8F815F40B06FFFA0D
:1029800027FA0ADCEE14241B01E20AD904BC2F3911
:10299000E400DEB5D9B639DDB62DF5EC1EEAC6BBCE
:1029A000E7F16096D6F4813230F0E42817E910514F
:1029B000442B0B06D5DFC8270C35341520350E16F1
:1029C000DB98AA2EFD261ADEE9FD23172B094430D9
:1029D000FAB3EFD82AD61109E000EA00DBFD0700C0
:1029E000EA083333F528E306C12845FB2102B0F895
:1029F0000252E0DF06C02C08D3020C21E8F4D8E92B
:102A00000DED81F2F0CDC11C3D96A300DD20334DCC
:102A10000B08BAC90E311B051769B3343609127495
:102A20001F223BE4E9FE30D1D3BC4A453CC001CD76
:102A30006DFAB42D06E62AF9A6F90FB1D8C44EDC1A
:102A4000FC24E420DC7F3B0996F60AB6FFD621F78A
:102A5000DBC00912F6384F118FB1D8E307E935CA48
:102A600017CA0BCEB3FB24CAF9F413E5EF138E4F4C
:102A7000230226E2EE3281FB1E01EF4E32D717F120
:102A8000FBC5C430CDE0FAD4BDF225D9DB170FF178
:102A9000D9C9F807F4A0D752EF19F228F6D1DBB163
:102AA0000CD33CD9ACE6D3152D46EDECC3C1BB2409
:102AB00036F5F2DFFA3DDE72A31704C20181D6D6E5
:102AC00017E7C9D7516D400AB9DEFC130245010072
:102AD000E203EAE3E4140ED51ACBF22AB98F2ABF37
:102AE000E8F2E5D71B3F15FF5427DB12CFF0E00CCF
:102AF00033A8ED044E30B7FB0FF9D6C48136090177
:102B0000201710EE32FEFCE8353A4424C136300E70
:102B10001B3AC648AF0A3919FA1B29EFF4CEC21482
:102B20000D4A30D60309E93181F0D81BC6AC25D453
:102B30006DFD50282233E50511451938F204C2F025
:102B4000E644C42C1318DF2AB70F7194D82DD53A58
:102B500031FD0F37F3E2E5C343DAFC94F5E00032D0
:102B600045D45B652C41F4040749B41826BC0FE832
:102B7000EACB4F2E7F1AFA3E0CD61F28D3B8BFFAE5
:102B80006EFD0A50AA2DAF70F7FB330DFD1CF82126
:102B9000BD1346F1271F370F36FE1BEB1BF24E0EFF
:102BA0001E291E00E3FAF2E40FD6051013E7A70B67
:102BB000099F1E30364EFCF6BF2903D805D6BEF459
:102BC000E10DE7092D7F08D613EF06AB3AEBE4ECF5
:102BD000FDA40F2C2D1FD42FEE76F923C0DD4F035B
:102BE0006081F110E4DF597ABD01BA0C21A1C9035B
:102BF000EC2E21F3F3B6041E0115222B4C3C94E27B
:102C0000EC97C72C1AEEFE00F7FC71474D313D2AB8
:102C100024DC1C730ED83453D3F8183FE90ECEEFE2
:102C2000B646E8BE560C26EE4AF275D4AE14D22D46
:102C300047DF5ED79B2583695221284C1CB4B38E95
:102C400081CCF3CEA5DA59DA142521ADD2E6D13DF7
:102C50000C1CC9F901D7A2D805CAF1FDF1DA530657
:102C60000881031A9F0FF8E0EE122B16DC97070D70
:102C700049C7C03E1D639F3EB323F135F812321E93
:102C800001D4065C0AE7B90004080197FE18EB2995
:102C9000B7FBF22B1CDCF5EDE41A7FE3CA4DE533FC
:102CA00000D2BFACAD3CB71CC3E84F3C4ADCE5EDFD
:102CB0003639C1B833F5D118FFF8FA1BF2F1CBDE83
:102CC0000258C4ED18BB4F1EFC33EE1719F3F7F38F
:102CD000FDF7F0CDF4F30026B62DBF1A1DE9DB2970
:102CE00025F80B02E76FAFF61237C07F5F12F7E4EB
:102CF000FE12D2E5271FEB341A39CECCE4DE432690
:102D0000D906EFE1CD1BD903E3EABCF66CD9DF1E8F
:102D1000B2B8CA0EEC0E3861EE52F91F03BC02DCE9
:102D2000EDB521FBF24067411D5C1F5E7FD72F4E42
:102D300030A763335D131806C14240260FA9D32480
:102D4000F3DFB5CE3262121698370C8D071743CEDB
:102D5000F80ACDFF2DDF2A4AF481EEEB5B23E8F57C
:102D60000FB5E019E5BD06FA4302B2CAEEC9222842
:102D70006B240A09EE4E17FFBB21C91D30C215F1A5
:102D80000F2C282BECEBC806D4F22F270235FFF5C9
:102D90002CFE28D804C906C402CE2E09191C231AF9
:102DA0006BF3EAFED9F70EBEF9111143DCEAE5F93F
:102DB000D9F225F604F81104F8141C0D600924FE5C
:102DC00081F221DB2AFFF81D2DFDFEF029C42D1C08
:102DD000B0D264AE0505211217D44AD3E02626D618
:102DE00045DA0EEA3715ABF0811858CE241F0FF6DE
:102DF000F030501C35B9CF012916E3EFF23B0F003C
:102E00008B1AC3C1D4FAF049EF46DBFCFE1A08085E
:102E100039E2B5FBF645DEE4F0BCE57FFACB1640BF
:102E20000A2EF1EAB8150BFDF6E42CB122F9EA16E8
:102E30001ACDBAF7EBFDF92E603EED2B39422C226C
:102E4000DC1D0C1B0128211FADE033491C293C125D
:102E500020D41DBDD22AFDFEFCF8D1D94C16041495
:102E6000E9C426D9267F1E012C0BF804152801C6BB
:102E70001EF540A96DF7CD17DD14015DF80C28ECA7
:102E800031A4E8FAD8FD2B21FF0E50E83D7F1B321C
:102E9000ECF6CDEE71C4F800004BB32FCEDBFACDCB
:102EA00012F22116C71059361FCDC8C407F6DF220B
:102EB0004913B80F4F01E22CFD0CFDC80FE0ED3DAA
:102EC000130001C8A0D6C73881D5101AB00704D4A2
:102ED0001B110B5DF1EE27AED00302A343484E2237
:102EE0006C1A001B2D462107D20AF371F111D7FD90
:102EF00032325DFE2F391B05357152FC25A4E7C81F
:102F00002B39AEE0FB1BF3C1F505F10FF6315BE8A1
:102F10001AE13789DF161612B2CAF6E807FD010278
:102F2000BE0DC71434E4EF07CD15D704F3DDD50487
:102F300007FCDB15E2F85F4E31F6D71CEFD8EE0246
:102F4000E2813A1430F12202B810E42BC40D35109E
:102F500004A3E5D627F75AF3B6DCDED103BAB10BEA
:102F6000453CD5072920DC38C619380BE21EFE2D5A
:102F700046F5F3A3E1E4CC460CDE1BB73024D93A86
:102F80001720D9D9657FF2FBF9B8C2FC38DE5B4265
:102F90001206D7C16CD3C8810DFE05E91FFD03429F
:102FA000E703E4EBADECCDF627B8165A48250CE460
:102FB000DAF24F23C7530F3C28506FB5D12E0602CB
:102FC000F5325D219320DFFFDFA2894B4DE70CA294
:102FD000FC59E5309827EF2DC5E04761F17206C72F
:102FE000D32A00F9E9ED4C54D5471AE3FB8FEA4B9D
:102FF000EE15A5252C830C062738EDB615587F3A1B
:103000000F9412DC50E4E43908FFDDB10A0FABEE97
:10301000C80558FE2FBF0BFE13CCDAF9B3C725E560
:103020001FF1E700C815EFE9BC22ED03F3BC93BF25
:10303000031AF5D915F8EA03261DE21BD2188111EF
:10304000E7F7413922242CCA270DE305D1F01C13E0
:1030500004DF13353AC1DED7BDF9B1445FEE19DBA9
:10306000DB0ACEDFB656D43F07A7B49E1066C8DF92
:10307000060940DB21F1CDBA062434EEF055FE2FCF
:10308000C08D5409B601814A534D253006FBF53BEE
:1030900032EAD943D9E8B42714D02D4E043CEEEFE0
:1030A000F6F9DDEEF1F7E508C4FA7F2937B74EFEF1
:1030B0003C264EB6D2EFF11DEC0BCDC4ECD52A2B3D
:1030C0004B232E25E335063DF60AF5128111C0DAB1
:1030D0003CEEF8EE3EE6ABE0B2F8EF6B071CF952BF
:1030E000F1FD36F3C741554F321D20D4F8E90738BA
:1030F0000D07C52BEF73DF32E72335F7D720F9C370
:10310000D0084EED590CD26AFBF361D510083C3A59
:103110000C34ADC125C33DC8BD4A06D8B1FDB6DAF1
:10312000EADB0ABD0D3219F80FF3150CFE2AE9BAD5
:10313000E909FE0B074ED93F12542E7FC66DEB44B2
:10314000040DD0C50AE1FF7E3521BA3234E3EDA784
:1031500008FDB39CF60E25D8543DCDEF027F04F751
:10316000F3FA99FD24F300213508490E0F11209F31
:103170009B40290BB82AE7D8161DDF3A07424020AA
:1031800011261B2418DA14F31D765AE20106EDFB12
:10319000ABC9C5EAFC1A423D18052E0718F8FAF229
:1031A000180AFD10E2EDCE24E2F32EEED3151E1A1E
:1031B00016E0BA2DF8E0F83D2BE3D2D6E82D0DEB62
:1031C000B11181C60324FAD3E41EC8A9EDD5003B92
:1031D000C0B418F508E3CC20EFD0F1A7F7491BC322
:1031E000115A731A4CFB076BC016C3FD16C361401E
:1031F0006602DAC855BEFF0A0FCEE545017F15E429
:10320000E7C60F0899783AD0F4170A31430DFF5BEF
:10321000A5FBFE184ACF1597CE93F8D4836623E01A
:103220001AA00B0DC8FF2A38D6401E47E4043742C7
:10323000FBE82A2EF300EDDBDC0D2FB27FFCA9ECBE
:10324000E330120AB90F0D09DA3322B8B03BC66277
:1032500054D703F4FFBEFE2A101D37F49F54F5AF78
:1032600023C231ABE30F07EAF0D60AE63955207FD7
:103270003BDC5AFA14242731E8060E3ABBF994F5E0
:1032800015403B5511F4EB1C083622F21ECF2EDA06
:10329000053E19DB401C12DB291D7F6DEF0610D6A1
:1032A000DA19242D25D4EDBDF2ADC51704C8D0011F
:1032B00014EE1E05EC17D8DAD8FBEDAF0AE613E8DA
:1032C000C931342A2D01E53620FFF1F32A08ED97A4
:1032D0003A4119F8160B26FF121335E60419FB1AAA
:1032E000F93ED5E8DEF5940B2D071D09D4D65DC552
:1032F00064B5DC17C299B52E8111192EE48F3CE913
:10330000ACEF401052460D18E1DE0220AB49CCEF85
:10331000F3DCE7C20CF3D9EAF7EF2A03EC0536FD3C
:10332000CC453BAED44935F5DB081611DFD139E584
:10333000F51E377F1DF01919D1522F100818EB0117
:10334000F7A21D5FD2F0F8E10BEEB41816DD30E203
:1033500015EC4FE1F896DD5EEBDA0BC11ADB1826AF
:10336000F9173816AD12EF34131C0FEE152E9D16FB
:10337000F24B0814F6E510502D7F4A4FF60BC10EA4
:10338000DCF42D19F70218D1D89AEDA3FC3E0327DF
:10339000A118D2DE5C967F16CBF6741DB0D74159CA
:1033A000FD57EFDE04C20AC5ED2F2C26F5F3FAF720
:1033B0000B4F5AC256F12B09431CCBDF0AD0D00D5C
:1033C000D4FEFF2E86EF181B223C0520F9DF5602A3
:1033D000C3357BD42EDC3923F72AF1D3F9A9102B7E
:1033E000FC7F14D258E908C727F9E047C4DF4441FD
:1033F00023DCED0CD30EBD25FD570ED4C7AAE396F2
:10340000984A4CEB1E30141DD9FDD709DEB5FA04DD
:103410002D0343FCFDA728E9F424FF10F112F0D698
:103420000ADBBBD7DD520B53F72DF0F8E9BED932DA
:10343000E12B2EF798EE00F4350CAFB00FEE3DEA1D
:10344000EAD0B27F3909F33A0CC9EF8123FB283166
:10345000FBBCB01C1B19BAD519B70926C2D1B808D4
:10346000091ADC17F9ECF8EF033DE3E6341BFE1311
:103470000917F30ECCF0F9F494F62EFF0C272CF27A
:10348000D2EE2C03DE18DDE0FD340C44DA2FDDBC77
:10349000EDFFD8D754489CB3F8EB3A2011EC1BAEA3
:1034A0000281C422F8E2FC3FEA1F1F3354FC76007D
:1034B0003B10F619FFF252151852F6C04C2DB637D4
:1034C00069E90D1B25B91167A042E0D5F5FBE220A3
:1034D000EAF819F30B1D030F0E0CD9092C45D5D5AD
:1034E00021E50B05E912F62481E9E20E50E80B1400
:1034F00002CFDFE8D6F2EA4BF103123111160DDCF0
:10350000FF28DCE4FDED00FDCC2530C3F0BEE9472B
:103510003F24E4D0261BE0F41215E5CC29EDDAF2C5
:10352000F907E6CF132FF2E3E71C02143B1E2F121C
:10353000220809281036F2350BECC5DDF30F24F60E
:10354000E004EF14AE01397F4B322AD8442C0A161E
:10355000E7A00FFEEFBE00C1335B41AB0E2E3DEB8B
:10356000F2F9F1DE0FE337E7FEF23D3E0CE6F6003E
:10357000E1E4CD1D44C401DC0A794AD27FFBB623C5
:103580001B021E11C1FE1818FB37F90AFAC1DC8DA7
:1035900017FC163E18CA57313F6D27D00845F35324
:1035A000FDCD030108F5C752DEF1041FFFEB0FF854
:1035B00020ED5F23D9CF09F91255DCF528F3E91581
:1035C000F0EA8B7F1C03D2150BC7110AF527CE2614
:1035D0004A2CC8F00224EF1836EB54FA108100E8A8
:1035E00048F5330609EBEBF1F5ED171D25DCD4FFAB
:1035F000120514E0001D3309F538F7AA044E16FD34
:10360000F5BF06DBAE73E4D20FB201F24D7F354455
:10361000311F260BE23DCC0825EBC615D91E35D04F
:1036200049AFFE1446F02D9F1724DED914151F470D
:10363000EF21D0F20E31BD0329DCC64011ADEE1DE5
:10364000EEF6E3E5533AEAC2151C36D9B695C350F7
:10365000ADD608D1541C360CD8E91ECEEF1E81DA47
:103660000F8AE71FCC170BF69048C7F709C702244B
:1036700028F2CAF929DBE5CB1FF3E448D31AC5F1D8
:10368000132811F41C430F5782CF42D82CDB1D3373
:103690003F690C55BAD910E5F962D2304EF4E6DF35
:1036A00015CA77D33AA7B0B2BF3BECE9CDFAB475EF
:1036B000330C335BF21ACB4D45567EB0D92BD90E65
:1036C0004981A0F668D1F8F7041448E8E22E5019B1
:1036D00030253EF507DD3CE5CCFF03F426EE150969
:1036E000FE1120D8FBF63B26FAEC3820FFD93F002C
:1036F000DC13E10BF0E0087F0B0533E5452C0ADF16
:10370000D61315DB06F00DFAACFBC123D8EE0BC4C3
:10371000C4042CBAC627D1FD3BBF1FC9F25A1610EC
:10372000FADE381629CFAAF9C00538394007F1F773
:1037300040083CDD41B110A4D4E03D907FD2F02A96
:10374000EB101A23AE3138F2DDDE2C2CF8F2CDF27C
:103750003FD038C7FB582ECCF9EC22D1D120CAC1BA
:1037600030000040BC3CF8291E273E401A012111C0
:10377000FE15B9182443BE2DD31CD5D7C8B149476F
:10378000BCEA207FCA0F91E9E4131DF2CD37140B78
:103790001BF62114440657FECDE62425D8DD300C57
:1037A000C505FFC5E91E32DFDD08484D2ECF163BAB
:1037B000D1F57F102CE70204C60666F9C8D73AB2E5
:1037C00017F4DB0D1805F029F1FC0FD9EAC20C251E
:1037D000E5BCED1318092D321345FDAC15F4DC14CE
:1037E000DDDDFE26E2FC367F0E02E7EA1005BDF2C3
:1037F000C0E0E7FF3A160CB903475EC11405D8E6EE
:1038000039AB00E2065EFB09E31FAA41440D07F253
:1038100081144651F0B449D9B59AC941970E14FBA9
:10382000CC75EC1EE636B891D8EE66121E35FB223A
:1038300057FAF1164C3CD5C8384B48F755B6905E50
:1038400020E1DB970302255627FBEE30DFFC4EDB41
:10385000F612223A1BF90B0E00E3F0F2FFEE4CD405
:1038600015244DF6FFFADDF7C51A390416AFEC7FC3
:10387000292C2CEADDF9383D4BE2E2C80621A407E9
:10388000363E124105EEDE0CD6B6D6ED0AE4F7FE62
:1038900017E42BBB37CC1DF2E0E0CFD1FB81CA1C73
:1038A0004EC0E1F3BDF9E1EE26C01BF24AE2FB1F78
:1038B00033FE1AB40846FDE3230AD7DE3513FCF7BE
:1038C000F12B17DFEE09CE2CF0FCFEF925F1503775
:1038D000DA23FEE1373FEACFF0E0E221F82B7FEA7E
:1038E00021C838E409DDBFE293D9EDD5ECEA4251B5
:1038F0001FF1212AEAEFD217F3DF090205E1D265B1
:103900001028BF0B1EF9D7FA00FFFEFB0C0EF9EED4
:103910000AB56A135D3FBE4DF3A2CA21F9EE7103E9
:103920004F1D4DB1DD4ED3F44737E514E9AFA4D5B3
:10393000E7FD520C5158A8C9810638E81734BAF986
:10394000A132243618DCECF32B2A3AC8E3B6B35F75
:10395000262C1DF964C439EC64013A06EC27D71310
:10396000682CA0F8ECBF0036F51AD09F082C3081E7
:10397000042B153BD3F3D9B97A26F6CA5535CE3682
:103980003342F845FA4E521C1304DF0649DCC2F2FA
:1039900022D44F1BE0FF2BF807FB52ECD56D3E0AFB
:1039A0003A064A0014FEF2FE9B1F59B8BA8148E954
:1039B00018F6E3EA1B301F0DA11915023DF61F286A
:1039C0000DFB93F7281F29F9001A7FF1ED3F1438FA
:1039D000E30AF1D42E04F127F7F0E2204ED710537A
:1039E000D9FE1615E7EA1FF3EDE122FCFFE312F022
:1039F000D4D2D357161CE8D71434E9924FCCFFFE2B
:103A0000EEE0E4180049D43F46ED13F0330423FC04
:103A1000021AFFD0DF27D3F11F1D8FD20A263C24C4
:103A2000351232D61B2E3FDDC037BF1D3E813DDE35
:103A3000F40D250A430608FD263F54D6EDF818E894
:103A4000EFF1C8053EFAE854FFEF433281F8DC0B92
:103A500003CA172F7010042ED351DBE719ECF5C9F8
:103A600038254B17EE04BA0FDDFF5DCDEED723D01E
:103A7000EFEDF3EF04ECD8F710315C963A1CF7C584
:103A8000D93E29E53C59FEF7CAF02DD0143D2C9DB6
:103A9000D497DC1C53C5CA8FE1E85247B0F974B41F
:103AA000088E3037262907AE8991E23CCD14F1B655
:103AB000EEC761DA5BEF4F10155CDFDA09D08137B2
:103AC000FA01270E14141E5D9B0F051E52843FF051
:103AD0003FB7DA2A7FAC0A335FC30035F8D2303300
:103AE0001118CB1B9E1465DBD0D5A9412BC618A994
:103AF000255C90D9E91B2703EB13A0EB180AFD0600
:103B00001630814FE8632735114273EE21012A2FC9
:103B1000E328DE3942D7013902AC09F00047C4D3AB
:103B2000399107CFA1F6DCB90CF136AAD7E538F503
:103B3000185248091C3F0A23FE122CAEE33407F743
:103B4000F5D0F3EA8133AFF1F77FEC24CF0603D849
:103B5000BEAEE62426AB1E10040C5EECE8F2CF06E7
:103B600004030EE90A1E0A25E859FE13E60FBBF806
:103B7000054EFDD6E21EE6031FF11274522A6A14A6
:103B8000FC0610CAD05937BDE5D82A1FADAFEA4CA4
:103B900027CAFBDAFA0B20FA223F3F19EEE011EABE
:103BA0007FFAC8C2051E2B1AA03942B83EFC20B9C4
:103BB000E904BD25CF1BE4C1C23BD0DB104ACB23B7
:103BC000D010BA09442B2A91DCDDFF002B48252EAA
:103BD000CF3124F40BDB7F39C6EC0A31F9E3F54031
:103BE000F8FAD714CED818EF55D224C01ADDFAE26D
:103BF000F3EC320DD500EFC22C38E300EA073708AA
:103C0000FB02DB4FF722BEAD1513E72BE0D839EAF4
:103C1000E4E0D4231E3754D909F2E82D37D31281BA
:103C2000F020E6DEB6F30910D706DBFB35EDEA102F
:103C300001450030ECFF821D062B3A2DF8DDF9FE20
:103C40001EEFE3D3C5C70AE4CFDC224CCB571121CA
:103C500043114D17B105E633C381E5DFD93A4EEB89
:103C60003833E3BCB368EB0C6445EBCB1D1EE59821
:103C7000F279EFCD0FD62AF3D00301760CEC5AD2AD
:103C8000AC1FCD2CF725C30D96D010F0EAC3E95E2A
:103C9000E5B304CF1AC2BDC63CEF2234791F71E4EC
:103CA000881B612E36E5E3F4E351ACBECB45F93B0E
:103CB0002C61D85C1BF1A72A9D45FCCDB9BC3BE625
:103CC0002B383FCE0949810D953DC738C525BFD456
:103CD00062F3EB2D061502C3BDA43B34D0377BE65F
:103CE0005EDD0EBED9670ADAE640B0E0D6BDF1A4CB
:103CF000E01307C2812A880AA9213AF82EEFC4F4FA
:103D00008EDBD4EB3F251C34D3E3390B0FD0ECA76B
:103D10007F8DE3DF29D41BD000B7CAFAC942AAEBD2
:103D200029397821CD2C87312C350E2CD038D9C7A4
:103D30005EFCF7DE92C154EA0CCD0D26D9B133D327
:103D4000AEFC35C8F7F2BD192CFFF3080B5B215808
:103D5000312AE4F5663035EDECEE4F131EF5222FD7
:103D6000E8D60ED1DAD3F2FE1F2D0CD9FDB7AE5135
:103D700020F0181A15FDE440CC18DC3636DB0402BE
:103D8000D8EBFD7F2CFFE509C418DDDC03EB151F24
:103D90000E29FC3100034021FE3C0402DBF4E8EE76
:103DA0000CED16F935DE0B7FDD25FA40F2D61A351B
:103DB000060A2CDFF80DEBD1032F38C50D1DE00EE0
:103DC00001E2071FCF0906F7BA2E353DF96ADF0F6A
:103DD000D1E93BFADD31FD0CE9D2D611D713E4F07D
:103DE0004FCF0B5C1E4DC62CD2EA4191564010219C
:103DF00081CC0A4A1F0BDAC7C93434A74564A9EF3E
:103E0000E16263C857D03A2930EA4FA3CBFA28E6DB
:103E1000E2A8EECEF6BA81C715EF3A3B0DED43A806
:103E200052C81CC3F651D8D7D2DD8E6673DB0DEBBA
:103E3000B9BCE0EBCEF839C6221ABD70281245C4D1
:103E40001434B93123A4166F0FBD08ECD6F72A2419
:103E500022B93C03348AF6BB2966053B5221FF5741
:103E600014DC33F3EAE6AFC7134AFD8152CC0D945C
:103E7000271CE31C323CDE5414E9C97AD2DCCC2C7A
:103E80001B336301A13CDFE5E8E9273111163E1938
:103E9000CEEC6019E0F1EC0101FD01D0EA2AB40199
:103EA0001CCCADFA0C260D221D1DB813192216F2DA
:103EB0000581073EEEEBFC1E313313EC950326D64D
:103EC000FF3EDE051F3D23032AF646B6121240CB05
:103ED000CC96DADBA5BA3CD20F461920D704363788
:103EE0003CF3373FC2FE7FE053DC0AC622240FF2C8
:103EF000BEE534CDFEC403159ADA10B0BD3C00E334
:103F0000B1E2C102D4EFDCECE8160B81E938EA2219
:103F1000073FEDF10802FA462B3E23CA480DCD08B3
:103F2000FEEBED020A31C620903C4F060EE6C70EAE
:103F3000FFBA0AFB4CF9BEBB18F20C0204DE64F1B6
:103F40009850F50B38E7EF5A4351CF0DC1F6DDEC31
:103F5000F90E2762FAEF05CA19B8961E289CD43EBE
:103F6000FDCF1DCD062C1217F76A3DECD0FFFCFCEF
:103F700001F2BEF329F1BD400E1C163615022633A0
:103F80001181F70930E7C63DF6C67F271C2D332A7D
:103F9000D8F6484AF7023AF6870F2B3BD10B6E0151
:103FA000D329F6DA06F807C5DCBCD7C9C7B4102197
:103FB000CB1AF039F7529BDCC1D8E30228D0CBD220
:103FC000EFE43513F974EDDBAFAD77257834EB14FE
:103FD00032FFE2F4E93830C1DFB57F2843711C4D70
:103FE000F3A62A011AEF68A1FCED74EF67EBB8E8BD
:103FF000781C52A8F9E2F3F3BB6BD275E900E6D660
:1040000015D78C22BE8505D18A96D890E1CB3B2569
:10401000D7FB3B17FAB625ED41A5F28E07B16AA58D
:104020005D1E46EDE7471EC4AAFF35AADED30CACE1
:10403000E504D135DA06BA3DFC37F127EFC781D068
:10404000292521F3E631BFE702FCC0F209BF0ADBF4
:104050002B290781D4FCD6D10C1CFAF22601D805F5
:104060001CF9E8F24419FD3537CFEAE93538F81A7A
:104070000002C4DEF606B4DF21D9E662ED3CE510AD
:10408000E1F6FC141AB50DF6D23126C031B4430066
:104090000EC6ECDB1FE94DBA0CDA099FF5F411F8F6
:1040A000C8BFF1ACD0DB04F52379AA04403814FC76
:1040B0002E32463E818423073248BD443942C3C86C
:1040C000200221ECEFCF14A204D8119A1BC11BE4EB
:1040D0000BF7E21DBA0606D3DBB61B17EA1EC15268
:1040E000FACD04362DC20A35F71C3DC881D9D5B9A1
:1040F000BE3FC4F10BA049D3B7E5A42DE9022C6162
:10410000C434322DD2A5F5C6F21B2823DCF9FFF406
:10411000D832FE190F2E65F2BA0303E632122538A3
:10412000EE09E1FE12162E2C2331E707DFE8DDF859
:104130001ADB007FF325F4DFAE12F91D392BE2FE06
:1041400012072E23FAF6B41CD4E507B3264B01FD63
:104150001821F4EE1A081113398141E8D809C9125F
:10416000F2E7D203FFED120BCFC3FFFA1010CCE63B
:10417000F31CF8EDF80CB916DADC17F9133DE02161
:10418000CAF1F3D0F0F1FE0EE86AAEC2E55D4D1F54
:10419000ABFDB69DD1DC9518023D308159471D29F4
:1041A0001CB8DF67230A3810937432A037D1A52ECC
:1041B00018111A664554F1C9CFF9A12B171D39D032
:1041C000C9256FDADEE912D49C1D1FF918EEFFCC69
:1041D000E648F3ECC8ECD9C7F1CEDD463019BAD0C9
:1041E0004A591AE0EEEED41C5C42F9CE0D1DD01DEA
:1041F000DE23E203228D04FE4A5DEA100E1E2291A8
:10420000F4811FC4D91107CDC446FB0AFD220D035A
:1042100013D6CC110DF24138F3DC18F9B781F3FC59
:104220004E04522E2756F04F25F8EAC009CD0BF365
:10423000E4F73A5D03F5F347262812BB36411D1D0E
:10424000DA3F0FFCBE2A2ED1CA230BEC20FEEEDE95
:10425000CB31FCF85E3C10110908C71C350430D97D
:10426000E11B07DCB55BC9E0FE0324F807CAA93CE3
:104270007F172525043BE0FED9EC013F19E5FBC77C
:10428000E31EDCD9072A1EF8CE0F32A23BB4BD19BB
:1042900081253827F2F5283EF6E0009DE9FA25A9A8
:1042A000AC01F43ECCFE1A93DED8CD4EEBE8EE48DE
:1042B0003523DC2A0B0917EBC92C17F6073614F542
:1042C0003E13FD542CEAE0AD15CB2AB32F2DEDC5DE
:1042D00038EA1DDE09F4E6C4EE20FFE60DF4129E76
:1042E00024D156C70210C1EB3D14010E0C3E100F35
:1042F000587F001CD4B6EBDFEB1BEDE02C0C25380F
:10430000E88C1F392D3F0CE1BFE77FD42B0D0B2329
:10431000F442E5DCBBB00FD41B1903BC363DF334CB
:10432000705C50D517E4F8290A4C2E0B1CD2EC0116
:10433000DA31C93CFCF7113BBB7633EA6DB7CF28C5
:1043400012031729F00026ECB4FBF1DD3719D21B5C
:10435000CBC227106F2CD9FEFDEFD4CCD727FBF7AB
:1043600041D827EEFEE0A940F6BFBA0D7FE51C1745
:10437000D9AABB8ED39CE94393F7132A4105A9E53B
:10438000F743E6E9EBC0E20E0A05F2170DDA1CD49A
:104390007091E235001FF68429DA3D0BC8B3F7C8E7
:1043A00046F1E7BCD4020F3C0D4AFCCDE11CDDD246
:1043B0001D11E90CFEF7FC2A117F370C0DE8CEEA3F
:1043C000DF3B262CD8094D26D6D921A84A37D70C51
:1043D000F80DE05213FDCAF91EE9EE3F57A92FFC74
:1043E00022C02DE4C2F8334A01E6EAD50D9514BE89
:1043F000E623E8E8E23D26CCDEC6D331F91E3920BB
:10440000BA811D09D4010417BFE2DA81FA2A3616EF
:10441000C90431A8B3ACCD1606C233C4D3D23262BC
:10442000DCCF1B8456B49A1B170A5EB659FA06FEF7
:10443000421C2AFD2D5D0331E5D012F74BBFF3502E
:1044400048FA0B1819CBE817F331A2C90340469478
:10445000F88115FD273FE4CCF72EBB0C16FFCEE507
:104460003715DB4D87F6FE3B21E83814DD5C464B03
:10447000F225F1DEBE2A0E0A15C867BF01C140034E
:104480001DECC9490DD0EA0FEDC7B4C80421123C98
:10449000CB32DD07F7C13CCA2AFDF3CB0803FFB1DD
:1044A0001A9E3B93591F0C818B202909EB41102840
:1044B000EC1230E4D4FBC71F08F124E746EAB257F8
:1044C000F2FBC30F24F5A91E21E71E21EA10F41503
:1044D00007FBFAB0B39BFDB8D2F4C508CFE3E3D82D
:1044E00045273A81CC25D43BED19EEFBEFE8FBC321
:1044F000C901192719BC28EF024809F9D224CF0DA8
:10450000BFC0C104B7CAE4DDE03D063A15DFC36EA3
:10451000EC5E7BB3FEFF7FFEDF22D498FF001E0817
:10452000E45E678AF43EA9F5D9CFCDB1052A1128FA
:1045300052D6D71D2E15D058E7EDE7DF3FA910CD95
:104540000831050F5E2812CCD07F21CA822C1CF8BE
:1045500036B236D007C93EBD0BEABD02F64CD501D6
:104560000AAEDDFEE91402F00655E1F2E2CDFDED02
:10457000DCF94502F421FEF305283B14362FF5EF54
:1045800014F515D41DC0E008EFC9F9EFF93DF81A8C
:10459000F5BB0CF0CCDDC81E981600B8E20F3F2E1C
:1045A00039D8FB81160CE0F908162AC80CF2BB3684
:1045B00008C5F30742EE2155E0EEE6E4F9D7B1C6AF
:1045C00021AE1DF7FCE0FEEEFDC7CA050846F9B9AD
:1045D000320E5247DA1B30EBC808A8EAA6D2557F44
:1045E000CDFCFB14442AFA01F90702B828F01AD4CA
:1045F00009DEABF67F3EE3AC64E7CA9F3206112BBF
:1046000052D2E6004FCE25F0DD15DECAB9E2D30E58
:10461000230BBCFDB3D509173BFE3AFC4FBE210C62
:10462000D7E902FB02FB5DF77F2F13F510D9EE0CE3
:104630004DFD44F0260A2029C24419FFEA1A12232C
:10464000E2BA0C640805BA122A24D9D349B10E5B28
:10465000811E0BA80300B2FC2C5EC8D61818A4D18A
:1046600047D35840FE54F1E8D2B20365CAED16F2C2
:1046700020F6C5DEEFFFE542F8E419C038CAE0F7DE
:1046800045351C0FD7E62E12C8F9D0E37BE424E4AD
:10469000C8C3ED3CA8F0ECDA48F318AFC90BFA0533
:1046A00020C74929E5D565CB1A0ADC2700DCFF0FB6
:1046B00070FE0319FC3EAFC5B86F7FBBACD818388D
:1046C000B422C7F0F4E91AF0EC3BFFD1F6A303FFE4
:1046D000D8010622B7D1EBCC2F08E51D03FFD8E0A7
:1046E0001C13E7DE812BFC3530C9FDFC321335B8D5
:1046F0002EC3EC2FC4375F07305A34F84BF00476E2
:1047000011B23A04D505D4292354F6160053DA36EB
:10471000307F02052B5EF238E2CC4341160A4EB5DB
:10472000E0FD21093D09CD3EC100B93DCAC10744A4
:104730006D1F73E1EC461420EE1261A4E4DD95F2E6
:10474000BCF5064A0FEFC958E71D48381846E77F01
:10475000F03AC21D74C43AD70FD43203F05127F592
:10476000DE33591A30A6C948D9AD0522CE97EE4698
:10477000E12B140B4F890B55D3FFBCDA5B1CEF3ECA
:10478000C491E4220A97D4F4E13B3DD38125CE08BD
:104790002FC5E0B6ADC9B12B212940964BD650525A
:1047A000C3F0E7CFD869533816AEBC210FA18F2EC6
:1047B000544AC729B3F3FB215CCA1134CF2B48A755
:1047C000FCF5E873BEFDECF7F362EE42B9A6292EC4
:1047D000BDDCD72C46055C1C81D6EAFF685A00F088
:1047E000E425081114CCE80AEA30DD3EE0F1E605E4
:1047F000E60AF1134E57C65AE1E6F1040CE0FCFD5F
:10480000E4742D06D4F825EBCC5DF420DA7F160590
:104810000CFF42C3CC0C6FE1F2FFFEE9F1C7E619D1
:104820003918CCDD30F101FBECEF40DE08DBC817B6
:10483000B52434D30D10D208F4F61EEAD8F42DAF07
:10484000BBA909072E43241A061F18F4CCF0E5660D
:10485000F6F85FD70BCA3AECE5F7EC9B0EFC7ADC76
:10486000E0F6E5303CF61638CE7F50B7F3D82FBAD5
:10487000F1FB4B0CE5DAC92DC40DE31D14F79DECDB
:10488000F909EEFD0CF8C6B9F40BFC51BFB3DBF42B
:10489000132AFE0533E0D4CB4CD8F5223B8162FECF
:1048A000F70A9AC8D3B9CDC242ADDF3984482C3853
:1048B00031E3DA2C6454D0E923C31651BEC89AC13F
:1048C000192917382BBF021832D319C836E3162B13
:1048D00031FEEAFFA802F2EE2DE2EC2CEBEDC30B69
:1048E0003F06DCDEE23CD8C71719EFF75B1EF8F095
:1048F000C33D33B23E22FE0217040BF1D112E8FA97
:104900007FDD0D7A92FA094DBAB5FFFF0400000071
:1049100000020000B4F3FFFFA8010000C9FCFFFF84
:1049200051FEFFFFE7F6FFFF6CFEFFFF1FFDFFFFDD
:104930005A0300009BFEFFFFE5F4FFFF39FFFFFF76
:104940009C02000093030000CDF0FFFF2304000051
:1049500069FFFFFF130200004A020000F9FEFFFF9B
:1049600005F5FFFF8CF9FFFF71FFFFFF84FBFFFFE1
:10497000B5050000EFF5FFFF7BF9FFFF9BF2FFFF9E
:10498000FBFDFFFFF7060000DCF4FFFFCCF5FFFFA7
:10499000FEFEFFFFDC010000BF000000D0FFFFFFB4
:1049A00006FDFFFF6AF8FFFF6D020000AEECFFFF9F
:1049B000C1F6FFFF94FDFFFF0BFEFFFFB1F6FFFF07
:1049C000A9F7FFFF3FFDFFFF0F0000002DFDFFFFD8
:1049D000CAF9FFFF62FCFFFF2F02000027FFFFFF65
:1049E0008F02000013FAFFFF59F9FFFFEAFCFFFFF7
:1049F0009BFCFFFFD2F2FFFFC203000025FBFFFF7D
:104A00008FFAFFFF92030000AA0000008A0A00004C
:104A1000DBF9FFFF24FBFFFF9FFCFFFF6DFAFFFFA9
:104A2000E0FCFFFFE1FDFFFFDDFCFFFFE5EBFFFF2B
:104A300053F1FFFFB7F8FFFFD6FAFFFF9FF3FFFF29
:104A400079F9FFFFC8F8FFFFBAFDFFFF48F4FFFF49
:104A50001AF4FFFF53F6FFFF6EFEFFFFDCFCFFFFC3
:104A6000BFF2FFFFC6F8FFFF37FAFFFF4FF5FFFF6A
:104A700033FBFFFF35FBFFFFA200000074FEFFFFCA
:104A8000F5F9FFFF3DFCFFFF9605000059FCFFFF15
:104A9000C9F8FFFF6EF9FFFFA9FEFFFFE30000006A
:104AA00005FAFFFFB9F8FFFF5AFCFFFFB7FAFFFF57
:104AB000B8FFFFFFD2FDFFFF28FCFFFF37FCFFFF21
:104AC00037F6FFFF78F6FFFF90FFFFFFAFF6FFFF1F
:104AD00034FBFFFF80F7FFFF68FBFFFFEBFFFFFFEB
:104AE000CF0D0000B0FCFFFF6AF1FFFF1EFDFFFFCE
:104AF0001B000000A6FFFFFF11FEFFFFFEF8FFFFF7
:104B000082030000B5FAFFFF02FFFFFF5BFAFFFF21
:104B1000B1F8FFFFC6B7FFFF0400000080000000EF
:104B2000D8027F17F6265299FB16EEB7CC2EBFB9E6
:104B3000ECCAEA27C7D80C20C8E504A4B2C5DBEC50
:104B4000E892ADFC25D6CDD74C1CF8D8D3A8A7F257
:104B5000E2C5D1B7AEB9294B06CB57D2B3E2981A0A
:104B600028A55FCDF0E73AD71BE6EFB020E4134865
:104B7000FC24F5B4CB14B8CDD9B5E0F01FA0CCA976
:104B8000E5ABC0D63553B3D45FCAEEE126A40B4BD8
:104B90001CE3E998E9CE10BCD1D31A9DE0F1A0BC8A
:104BA00052B8FFFF0400000080000000252D555A78
:104BB000607564D732472F3041531D0D25F9324CB3
:104BC00033472D450F2D39121D1336252CD0294979
:104BD0003135493A562B322B42F018643F202A2FA8
:104BE000D52769322BFE443EF758DF1D510A4E335C
:104BF0004138453538503907721E2D36343339293E
:104C00002F4A302D3A2545477F801EFC58FB135113
:104C1000534F1C244E2E474947E72F633B35408AAC
:104C20003C57561C323D18182752C01BDEB8FFFFF8
:104C300004000000004000004B40A00C23BC2FFDEE
:104C4000C2EDEF8C09B4FAF4B13A9156070DA543C1
:104C5000038AC781A3D1AD53E52A34BB16DBC1DD7E
:104C6000FC2A15452FA1FD5242F0FF30EDFE16F44F
:104C7000180352AA0927FC4132D4028143132FA9F9
:104C80001620A1CAD082CADB14E1C40CEC04BF1701
:104C9000F631251D30F89CE79DF82CDC20DE0E1E39
:104CA00008E2D50411547EFF4F35BFD2FC162911FE
:104CB0008E086A0CFAFFF729C0F1F512D3C2E7E6B5
:104CC000F4DCDEE70824FFE4E5D4F50D36F7F51251
:104CD000F0CECBE306DBDC38EC0FF4F5030F22FE5D
:104CE00012FFED05F4D2FDD0B1505303C5C1E02E43
:104CF000FCF3AFFD34B90EE5D4D9E82246EBF60655
:104D000000C8D3271E1750EC151729FDCCB925086C
:104D1000F3E8D70317112EF9CB35E6CD140FDFECEE
:104D2000BBD8063D14252C05E82BCCEB072218FF39
:104D300050F919E62F02C881E6DCE79A1AE5170751
:104D400044F7C53D3AE3E2C2F2D2310FD6F9EEDBC9
:104D500021D02732FA9C1E18C004F0A6FADFCBD669
:104D6000D33C1AAEF4EBF9F824DF22050EE5CCDCD7
:104D700015AA39FDFA1F9325E7E8AEDE45D106A155
:104D80007FDF2047341414F8FE15F6B7484CC7DA15
:104D9000212DD4ECD9E5CEF289D21D9D085B338B51
:104DA0000926F5F8B0D60CC932CBCB120AA9CDD85A
:104DB000F710E9FEF634B40A01DB0D11CBAA81F33A
:104DC000C6CEDBC1FBFAE40E0FF4D641CAD3E00035
:104DD00013F327E8C3B22DA1F8F30BBC15E1AE4ED7
:104DE000CBE2F7C6EDB733180CF8F9F5302D5ECCF1
:104DF0001CFF79346BD41754FB25F0FC322E10D3F2
:104E00007446D9AEA7CEFDB9C7132BAD42F9AE2972
:104E100031D451FD1A0BAFC855C53DE3E709F73052
:104E2000E7F2A1891A152CF21404DA481D1CD106E8
:104E30009ED60BF1E9D4EFF4BBFD2F112BD378FCF8
:104E400004E0C51AFAD4F107FB030D151CA412FAED
:104E5000F1D8B8F1BC10B8DAE435DA19E2AAC8CE54
:104E6000122B34B6A82D2ACCA3C62DE65BAF319EFB
:104E7000B51BF3FE98F414143DF729AC4FB7B6E216
:104E8000DEF8C3E50716693F22F571BF95C6DFEF6F
:104E9000BDDBD285E1EFEE04F8FF142D46E0CF181C
:104EA000A4B6C0CD0E2E16BB0E3B3021E6120281F9
:104EB00038D023F42AAA150CDB08612302C87AAE85
:104EC00031003304C4DDCDFAF810D3DDFA9526574E
:104ED000C1B1B908BE39BA5797201D40E4EE43D995
:104EE000935FDCE3F4CDCEA0DE8FFC1AEEFEE4B8D7
:104EF0006381C1E7E0130612FBD034B134DDF5F66F
:104F0000D51DAF01E5283CD9552AE401D3E6E7EBEE
:104F1000EFA392C1E0D742411D20E112131BDF1B1A
:104F2000B8FCD6E3F8DFB3D821B6DAA2B40036ED88
:104F30004830F9D711D0ABDF5B0E030200FF152913
:104F4000F2E9293BA3EC1AF8E4BF1BD1FE1A2EDBD1
:104F50000AD00621DA36CD301227DD141F24229A1A
:104F60002CC7EB88C6DED62135BA54E933E41B35AD
:104F700028D4FA02030D9ACDDE171944C609A46796
:104F8000F2CEE7E82A2C2F37ECBFDC16FCF03B8D85
:104F9000E5CCB2DB81D8D9C5EAF2122F28B4D00310
:104FA000DA44ED1FCC032B39B99A6B3FF0D90B1FB4
:104FB000DFEB050CC3DCE499F7CC1E0CD5B6ECFB9B
:104FC0003317ECDCDCE7DCDE3BE7F6EE9ACA1CDDEF
:104FD000DB2B3E43E4CC2E0AF20BCADA23D99E3DEA
:104FE0000B17FAD2E2C3070724C920FCEA1EB81047
:104FF00018DF1FF432DDFA038106DBEF230BF20D1D
:105000003532B817C80F1BEEFCFE25CB3409FCF275
:1050100032E23EF705CE0205F7E302CDCEE4070407
:10502000140AD1C303E3E612C305D0E00DFFF8FF75
:10503000070D2F0E1FF0EC150CE6F5FB0EC3F21258
:10504000183518F12FD233ED2CFBCF11811722EA3E
:10505000F41DFEF1A8D9EE0A00C931C35FF6BC57B2
:10506000EE32002204F02A111EF2D21DE90F0EE2E8
:1050700038D22F111E080617FF01F2DD21BC100FD8
:1050800040140CD4D0F5E7EC119FBED340FDB7E03F
:105090004D12E407230C12AB1CF41FBFD6FEF3FE27
:1050A0001C17AAAE07E143D93116B2110024DBE484
:1050B000A01F63172DE4E51E40DA620EBB20BC2D55
:1050C0004C07FAF9EAF3C7EF27FA18810BE02AAB8D
:1050D000F9F8DE1F1F343BE42B11E4FE4B08FDB54D
:1050E0002A4526AFEAE3FEFB0007FBF611F31D5B42
:1050F0006FEC10C8FFE9D318E508A0FC4D35B1DA14
:105100002CFDD114F3FAEB05C7DA023B0B3EF7E6B0
:1051100052D79399EE30351208F0140A40A9153D84
:1051200003340352CF89EEF6E5050A25E7E4F0FDE6
:10513000F3DB1D130C0C1ADAAFCF56B028EBC52CDD
:105140005F501AC509FFA2F832F337E82F0A4CC0A6
:10515000FF5137493B0420E01424C7F42D29E2F61F
:10516000E74F1BBE98D710F10B25E5F731D1205A38
:1051700054E305E8D905EA12D602E2E530C0FA2E7A
:10518000F67FE541D341C76609EE46E5E431FDDB34
:1051900031F4C98308E038FB97B7F00FE8CB3D2224
:1051A000FB1711C8E0948DD3EE1CF04CBF9E09B6DE
:1051B000DD070FD0B237EE093150003781F40B17FD
:1051C000570AEDF01E27C8A32CD34B4A2D00ADB2D1
:1051D000F48100ED02C635E2ED4312FAD1CC3E0077
:1051E000F319B7C1861C7FA1B4222BA091F0F3471D
:1051F00011DBFEE2B4DCD772E26685BE472AEDB56C
:10520000CFD7D4371207B5B7EA2DFFD74641A2EE64
:10521000291FACD3652A68EB1D3BDFB1411E42124A
:105220000F330A30C7E2C2EA33DB00DCB00BA3EC79
:105230003840FB14B84BF5299504C811212FD5ED42
:10524000FCC4E381021C4C359F9CCB2CFC4738F3FB
:105250003A1005B70EEFE744191FADEB44F85B4178
:105260000FC3401D2418975EF817FDF0CDCF08D36B
:105270003D2B1EC5D411F30513DFF41F09DB0EB35C
:10528000CEAA5D054DEDF7661A241F2F24D901E43F
:105290000901DF36F8F5CFEFD206DAD90E1F4B3809
:1052A0004AEEAB04DF47231CC9D017F0E9F30FDE49
:1052B000CB2ADECE02BA42F0C1EDDA2DD996D01853
:1052C000F22AC3DAFEDB1147E4D4812D2BF7E8F193
:1052D000EFF03E2F343EF827EA23D9CF194DF7CD12
:1052E00009E31CE7DE121A07D3E4BCE0BC0FDD279C
:1052F000342100CBA0F5F641252A13EB15D109285E
:10530000EBD61916D190C12DF2482EDA1905AEFD53
:10531000E819A902F7F6FF1623F70B22E00BFCF7BA
:10532000DDCCE7C0DE2A1A9AFC118CCCD4F0FB103D
:10533000DF092028CEFE1A1E282511E3D1B620F25F
:10534000CF0D00F21AF5E0FDF4F8DCFDD0F4D8EB57
:1053500005DDEA00EBE3FFF604322CF4060DF01A4B
:1053600011300CEDECFA261125D230FF0CE114FDC2
:105370000C102BB815E0E3464211EDA129B7290026
:1053800014050A00E9E0EDE81B16FCDCE901AD13A9
:10539000022FF910140DD929FF15F817F10E240862
:1053A0001B0731E300F1401832C8F4F502EAE93195
:1053B000F8D010FE1D8125101903E008CE04DADCB8
:1053C000E4D22717DA662411C1D515F930E0F927A0
:1053D00000A8A014B9D43DD8E53404B8A7BE301253
:1053E000F599C4E505F033F1C72BC5CD00F8DE0B08
:1053F00081BDC90309A8F8D1BC1F0EFCF4E0CF920F
:1054000018B5B32874B614DFB36EF4CA43BDA74B06
:10541000F336BDF3E3CE280419F913D90C5F10FB62
:105420000FD957B446FC01C8640189F60DF8642809
:1054300036D8CE2805280A1F3DFF0BE5FB0EF410D9
:105440000A44EF34C315FA0C0525B8CF1ACBE3E0B4
:10545000EFFDFAF70B25C3F00DEEF8CB58EFDEFBAE
:1054600054FCFDE005E7D5FDDECE23D1F917E51E9E
:1054700031D2F6D84CC6FE2509F7EAFD1D3C071DC2
:10548000C1F3FE15F1DB00DDB5E81219DB2E2AA011
:10549000E32FFBE1132E14C215D8C1330FA1F4354D
:1054A0002928EC14ECB7E11B02ADE3350AD0CE0697
:1054B000C1DD1823E4C3F181DCD03DDFC0C827285B
:1054C000315DF6D4EC0682391BF0F8E328D80B03E3
:1054D000E4ED52FDC41D34BDF00CDB010B2BF4CC0C
:1054E000872000D5DC1010FA1E44E7F9F213E630ED
:1054F000F4D035AB0FE2F433DCFCE9DD17CAF5ABD1
:105500002F06D919AF81D3FFF6B01826F3FAE0FCC5
:10551000E0B6B9C1A9F620F81BFBC110080BE833AF
:105520003EF333F40BCAB8E80900BBFAE3EEE5201A
:10553000D1E22232D9B8262543EBCFBF03DB0B32B1
:10554000EBDAE314FAD015F4DE130636F7EBB1F814
:10555000E8F4F7E2E239D70042CC10CADAFAFE12D8
:10556000FB1503151F9FC8ED0D15229C1111150188
:105570002701599635C409271381040EE62573BC0B
:10558000D80CDFEDE4D316D0EBE90C09071995F43C
:10559000FF1DDC2C1E19BD0709C5C41BDAF7F54435
:1055A0002C15D9EC32E340F2CB92DCE947FC02B493
:1055B0009FF1441501A52201F303361A09090C1FB6
:1055C0001EFD143FD2FBCB1341DFE2FDC6277FC691
:1055D0000A20062BDA1AE733F7E5DF2C31FCF0312D
:1055E00017D433BAEF07D5E511F026CB232940476E
:1055F00025F7021207D4EBAA13D0041BE717F520F6
:10560000DCF533F90F6FF61BF4DBBD0DE93221E455
:1056100010EE2FBCE42C17CAE3D91AD705D8F00D29
:105620000C07D62FD4FEAD48D22DE21813DC340778
:10563000F00DF4DCB6E53FB3D68C1F12FAE533FC6F
:1056400000CAC90CE1D71DF72DA97F1B4EEF12DF51
:10565000CC52C948DEA7ED07FD0FA9EE332EE1D4E9
:10566000CB4E1ABCCE2EDA9AD2D32E3AFD9249A94D
:1056700044FA33CDFD182176243CEFA9DAA2081EA6
:10568000F336B203BD0542C93EDE4C22E83F0BA80B
:10569000F7160EE811473C0AC9F94147F517FA0514
:1056A000AEF10DA033FE3C144602FAD72911F106E3
:1056B0002D16FE1458DEEDF5CBFE32E411F53E1F3B
:1056C000EBE7B338F312BCE3E3EC0B1E20D3D4CDED
:1056D00006D709442788FC04EC04BF0001DFF4AAC4
:1056E0000E3E1605DD210BE3BD2831F8098C33C5CC
:1056F00022EF7FE79732F54918B0E2C82CA217AD28
:1057000038FCD322E21820070AD452BB1818140D13
:105710000023BAF9182A2A2FBCC8F3223435E8D05E
:10572000B81609F9E43723B41CE6F8FC8EE90FD368
:10573000131CC8DC390A1BE5F928DBB82CE29E36BD
:105740000E0FCAED2103FDC8D5A4EAF1F1EE25D074
:1057500012D1CB04FF2108F9EEEFCE2B1C07CDE3CD
:1057600009F54BA6E79EB0FBAF26E5CA36ED81658D
:105770004718FC060D10AC23C1B805F62A3FC71226
:10578000D3C3B92119F2A450F6052CF1A42FADE62C
:10579000C12D2C0A27F821D80518B1E2EFED2CC352
:1057A000FE0FE50BECE15A07EFC719F00EEBEADA52
:1057B000AF0F36E8DA11E20512FDA9082D2D9FE999
:1057C000DB17E4EAE9C5C2D5E7E221BA7113240F79
:1057D0000FFEDEF720FFD6201FEAE3317F38FC04FE
:1057E000230F230FD2A603F8FFD8E3050833C62CF6
:1057F00043C1E2E7D7400AFCA7EFBA2ABF00BF3295
:10580000E2E930FEA7F5F603DC25F502C2D75FCE4C
:10581000D2FCFA4416ED32CA0716DD18F3EEF8C5CD
:10582000E6551B48D9C629F0F01205F7F0ED200720
:10583000B3DEDA2A0123E2E3DDE2FB9DFCDBFB378A
:105840000EC516F9ECB5E30C66006584052D7AE605
:10585000F04899D8D919CEF3532ADCE712BF0ED0FD
:105860001AD4EC04FD0BCDF4DA04653B25B6FA55E9
:10587000FAB801F5171A02EC0D05C952B6DE05207B
:10588000FFF90D112359DA2846B7F00AE332ED96F5
:105890000EEA81E2F63C381FCD08254164B036E8B7
:1058A000B5E72AA60A1EC6E404E9E229D8E91EB132
:1058B00027D4C2FAE12753A25AF72E04D4A4A51C78
:1058C000CF02F6D1E1D4F7FFB4E0BFEEC1D8113E6C
:1058D000CEF1ECCE07320CDD28EDE9FA0B02FAF539
:1058E000BADF154B43DEEC18DEDF2FD6FD2E372D49
:1058F0002D1C14D30681285408A820A4E40B64F9B5
:10590000D9D1FAD0E3D017DD09212BFBBFA50B536A
:1059100005045E15CD00D21BE3EDEB00E7F3E506D1
:10592000D8B68DD9602B4402660108FF1B0925F605
:10593000DE1DE321FC2ADCD926035E0BF95ACE32A8
:1059400043316300E62BD7DD2909D415CB49FEECA2
:10595000DC1B24FBEC5F9826D9C49AC3FEF4114FDC
:10596000FFDB3AE0C6F9FF0308AC2D05F7EBD35394
:105970004FBFE822E1CCFA8DBAFA5142A82AD5CA23
:105980001707AC011670EC16F9E8B53833C345EFCC
:105990001BDA1F35FF0E3DB228D42C4122EA3563B5
:1059A000502E430CF096812ABD263EBAF11FF81006
:1059B00001C1F0DFF80F17F9EBD6FEFBDEF7B3A05D
:1059C000263406B8B626B3B9F8250B200AF6DD90C2
:1059D000332708C50423F328A0011DE32F3FC4C2C9
:1059E000D11B081BCEBC850A3FE3E5A8CB26C3121A
:1059F000D28DDD07DC1EAC11B5CD95FEF321DB1D8C
:105A000034F9FF8211CC1155EB4A4317C91A0A2CFD
:105A1000AEE9D70828AD17FFF4CB0606462F1E8146
:105A2000F49E22C0BAE452BF0A12B9E70DD2A1DE39
:105A30002802B013ED47CFE93DEF08BD000EF83C5A
:105A400022CF041EB80E86DDB7D50CD3270D38DA69
:105A50001E2B81E931F91531B3EDF328E22EECEA82
:105A6000234E2EBEF32FBB093D0804F137D9D9CF01
:105A700021FC26D6B6EBE1E3651DFCECA41FD23D6C
:105A80000E0AD621B6D8D73210BA4322E8011E0436
:105A9000FAE117D803230CDBEF30DDF9FC23F0F635
:105AA000DF42D30E0FEFDF1304D6FEFBF4CABACBEE
:105AB000AAEF0CF6EAF20D1C08D546C7ED1D0F2C17
:105AC000F2091CEEB4BCFCC97FEE15D1E5284500F7
:105AD000BB24DFFBC309E502F113D21B2B05C3F680
:105AE00040FA2B01E11922F21ECA61F52FFE1E2B8E
:105AF000C316F13F2902E4D439DFCD26C1FEEA39CD
:105B0000D52818D9E138422DE8AD2DEF062628BC5E
:105B10003A071AC9D2EF4EFBE10618F1F7D5DD0FAF
:105B20003129D5B40B148D0AE7F2F006F7FD09AC64
:105B30000BE91128FF023AF38C2AB80717A0B50920
:105B40001F3517D5E80BE803B7BCDE0230E61EEFC1
:105B50001DEDFAFA05D3D585F0D20D28120B4C298C
:105B6000EBF3E2C2DBA3B5AFBC7C1AD81FEA09F4A1
:105B70000B03BB3A2AA5E5FDF9B6EE58E20908F198
:105B8000CF81EEE2D943441E14FBBE1FA8D922F3F5
:105B900002E79C16F70740A3C721FBD724D01C18A7
:105BA0000DA5D3CB650961ED492BD56FC54E2B39BA
:105BB0001D282EE92513D18DDCC274E5EA2C28318D
:105BC0005A1AE1150BF8D5C03F2463D8DCE1EFCEBB
:105BD000C9F643EBAAFA388103DCD4F708CE949CCB
:105BE0000B36EBFABFE1C1F03BFC2230CDD22352A1
:105BF000D3CFEBE6FF3B054B1402C3FA1CD3D80A04
:105C0000413AE1F6F64B57A41AB134E7282F0E12A9
:105C10004E90A9A301E0522DF924E508001D573844
:105C2000E6F72A1307D3A00A05E4A5AC09CAD24AAD
:105C300052400B3E4C162F301BDE1EAE15053107B1
:105C40001FEED417E3E5B6E31AE42EDC05E51F1AD0
:105C5000F12EBF0B0216C940E628E80FFFD0E4B2D0
:105C60004317EBF934F8270B24E32D183EC9DDF276
:105C7000FFD918E4E6F1E4E80012F2EC0215DD5178
:105C800011D9BB11E5D4E50EEFF1120A131B201058
:105C900014F581D39E2DF412E31F0FE127F4AF1208
:105CA0001619C5200FD8F14B0EF52D28FFF6B3EDD0
:105CB000FFFCD814FCD512D6F86FE9FBF112ABBF8C
:105CC000C43D06D1143F39F2A134D9F01D3A200861
:105CD0001200CCF1E40DFE7709CAE00770FB15FE57
:105CE0003FF51E3607E2E920C410CCDAD9D9DF4CE3
:105CF0002313810316D40E3BB6D615F400DE23D74A
:105D000008E22905101FE300DA5BD605A22216D1AE
:105D1000F7D4E8FC271000EED928A34F0C2303DBAF
:105D2000B70700FA11D81AACF0F1B6C53FEEFD2363
:105D300024E92BC11F4B19CF3AE112D009F5150008
:105D40005B28E7F9E4D11D1CFE9502EEE2492FDA4B
:105D5000D5001C03F251C7E43AED0E0BEADF0B0944
:105D60001D153FD4F7E4CD40FC3EE5CD1D0544DCD8
:105D70003756C1DDE310E2191F0803FE280D271670
:105D8000230926CCE64BF311E0810E1EAE0A04EC8B
:105D90000B06011ACE25F72BD105FC183011EA4C61
:105DA0003319D4EB051DFC05FEF64FE7E3FBC6BC3B
:105DB00029D800F5D4F41E2603CA1699FE0505104D
:105DC00022CBDE119DF60DF4F0F247B31021471BF4
:105DD0000908D5FDBC13E1B05D12EB041A05E6819C
:105DE000453C05FCE01533281EB04DF507DEBB1F12
:105DF00043CC15F1FC03F2ED1DD8E0E613F7B354E4
:105E000003BF1609C216CCD906961051F001ECDA80
:105E1000FCDF98CCCE06F01BE92C1EFE3AB6AFADE7
:105E2000CD1EFE5AE70E0EDEFE051F2BE9C48ACEFC
:105E300014BFE015D8D3F6D51AFBF790F0BA21CCF1
:105E400011FD28DD17249658EE09A34705C8C5DEC5
:105E500005C5120619ED43E716C7ED9F391BFFEF85
:105E6000DB27FC1FF8DB04CA14D715E9FD30EAF67E
:105E70001D17FBD4D2130C4DC90BC4BDCF1DE0BA06
:105E80007A01FE071CE0BFC7E2F34F37ED1B1FFF8F
:105E90000213CBD01FA5E284F0CFE7E31BCF0BB1F9
:105EA0002D102C1D238135A130E0FDD92BE1C944F3
:105EB000F8DB7130CDE9E034FA04CBF7D2D281EED1
:105EC0006B303745D4C6F21DFADE281D4AF956EA72
:105ED000FCDDF83814C97523CE0D2695D3ABD41B41
:105EE000A3E2F70007D606D902DE08CD0630F4D1CA
:105EF000F6E10E19C1F4EB3704EBDEEE2CD764D7D4
:105F0000DF58282C2D3EAA30AE5DDD175DF6D32D6F
:105F10001C23C1E307DFDBF3CECE22128F5FFEE34B
:105F2000250A8FF701D3E6D2EE3897FB1CD22FC794
:105F3000026AFE0D3632AFDBF209E39507FCF3127D
:105F40004FFE371494C6B6DBFF0D12C00DF96AD1AF
:105F5000D144DAEDC81CF2F90627BE2DD6DA0BEDD6
:105F6000E70122FA2803F4142D8D35254D0EF8474C
:105F700008FF2C240DFD3E014F0625F2E221142FCF
:105F800010E0F1CAD91FE7271381280F05F7C4C90C
:105F9000E8F9DEBCF336F22ACF2749F84BD6AEB08B
:105FA000F306CA081D100A10F104FBD6DF21BD89D3
:105FB00013E0ECEAEDFE59D0E7279FEB33C616114C
:105FC0000AAEF4A7D5AA3D19EAF3DD0000D0FB1410
:105FD000460FFA9B1911E0E4FD00F53CBF2830FAAA
:105FE000D9184535C7F6D1DCE81DC603102AF8BA22
:105FF000052932C61E14E1375ADC1A062BF5423049
:10600000FDB541B6C229D86D5A05F3F689061E21A1
:106010002AFA3E7FBADAFB049E02FED813233DFF24
:10602000E21914232DF832EA41F3150AFC3435F154
:10603000000F0DFEE50E3916136104E2FB13D1FDCE
:10604000F919EA1D134E2AE3AEEA15C9DCE23B0D4D
:10605000D2C8A411E02D1F1815C4F2CF5C16ED02B2
:106060002BC73714E5F3ED12D91108F42116EFF818
:10607000EA15C5CF1B871C2BBFAEFB24CB011B072A
:10608000B9E0160717281CF5E920D3E0C8001FFC6B
:10609000DEFDFE0DF1BB3C15EEEC81E1DDC5D10866
:1060A0001906B42BFF2F13CADA01D71528FD11F1F9
:1060B000F9E217C5051A44FEC6077F16C1F5251576
:1060C0001ABEBB130F21CFE137381B9308D3E1A3CE
:1060D000B6E619FA04F1FCC6ECF4DE25F8E8F6B6EB
:1060E000A730D9DDC8350CB52700380C19C2E9FE38
:1060F000020357C1D539C62CBE1DA9D3D99AC9C22E
:106100004E17DB0ABCF3211B3CF54FF9102E12D2BF
:106110004411E0AA0C464007DA26FAFC1D62F3C9D6
:106120000C0D31E8FEF22719560CEFF112F1A542E1
:106130001E40F1062B33ED0318D9D1F32211F10DD6
:1061400018E2023AE106E2F4EC0337FAEFFEC30A82
:106150000C3317D0C807161CC8CE24F8D8DF13F6A6
:10616000AEF2DBF4C00CF1BA1BD91EFBF0F10CB798
:10617000DEC71AFE050A0310FBCACDE5E609D728DB
:106180001F13E101E81755EE13FB24F4222B10171F
:1061900029EEFF0AFAC92DFE1906E8E7DC7FF5AA09
:1061A000F4DCCA24F218E6DB4707C290FB0FC5BC3B
:1061B0001436D1F43E07F10C4A26D909CA4609C95A
:1061C0002EC4553FE37FB51BEBE3E2AFFBD5DC2BE1
:1061D000D0FBFBDF91400B9CFC213F9A21E793E72A
:1061E0002E9221BAB6F3E5226531E1392C1BF8CAAB
:1061F000A793EEBED327FB00D4EEEF519A68D607E3
:106200003BEFFDDF2BC81B9AD523E83D4BD2140989
:10621000BCBF114487FA0CC71F320DFF3B53EB4E36
:10622000EFE1EF0503345834EC43B3C460A8A3F99D
:10623000D3DB3D07190C40EE221BE707D903381CBE
:10624000E6D93122E54EE5D8270D4C321DFDC44C70
:1062500000F433DBFBF6E2D0C0EE3F3EAEF82004A4
:10626000B5E9F519B111F0CE06C2DF15F80B25E737
:10627000B10AF1D9C0E8F7071BE5BAC91104E2D3A6
:10628000F1DDA6F9F523307F1339DB0AD2D2C32022
:10629000E3A1E3D2D01018012F0F1A0E85320FE9B7
:1062A000CCE6D40A1432450F402DCED3BE09F9EF07
:1062B0002D49D35B03FC27E14979200B02C92A123F
:1062C000E7CAE7FA9E1806F5E205B84AF6CAEDA253
:1062D0000BF406E9003CBF24E0D20A0A19480F1566
:1062E0000AEA4D36D9FA084012C823EA50F82314B6
:1062F0003720E79ABAA7E304271967C7B402B72E75
:10630000ACD24FCAC9272B7B0D28E417BFCF45E479
:10631000F8ED4A748ACCD345CB21D6A3DF99EC00A3
:106320002C25847F285B62F916BE17421C3ADACF0F
:10633000D11C342CE1FF0EFB140D81D0DFE2D6B26C
:10634000EB01C2AD14A81C16ABE7FD69D6EBD55026
:1063500005FCDAE4C5FED51C23F1F50D3DFAE1108C
:10636000CB0648161EE6A924E61332C2131CF1F52B
:1063700046062CE513EDEF37DFE9E6CD24C2F9E759
:10638000B52A12CAF7CAFB3229DC05F1EB01A511C7
:10639000F8121B1BEE25B7DEF4CF1203F6ECBB0F91
:1063A0004CD0C314190138E838CA0AFDE0180415A6
:1063B000B6E82AEDD30CD8223A24FB2EF0BFFAE43B
:1063C000F4142CBFD3AB0C2C2BEFF502D91231DC1B
:1063D000360C0AABC8F6D51EBEC5DF3705153C61C5
:1063E00095DBF0212706FFD0E20725FEE50FD0332D
:1063F00019E1E4C90241F181E7E2590CFBF33AFAF1
:10640000B695EC9DDD39AD4F2D9DB001CFF43BDD50
:106410000CE1F608E5BF24F3AEEFBED8E9950230F3
:10642000EDAEEF02F12BDAF1E62B40FAF51A380562
:10643000D9250EE2F1F20CDD2AF690E730DFF318F1
:10644000CCF0D7100CC0DE16CE8BE13323243D10E8
:106450002C1551F5FE10DB2810071BED38391C0AEE
:10646000D7204014FBB7D7DAF712D5CCF4FEC747D4
:1064700038FFCD0BF34FDD19C601250D0BBB27B33C
:10648000FDE9FF23A6F8C2110826D0D5F2211DF997
:10649000FC19F12600E9F0C7DEB8EBF5B2090BDB19
:1064A0002ED9F1F629D519A981C301F2EB3408D808
:1064B000C5F9FD18D223F445FF604381FC0EF91C99
:1064C0000E08C8F1E5E3E90CA118D8FF1FE0C6FBF0
:1064D000EEDCC1F4FE3F31FB0202D9041E3618EA9D
:1064E0002F3747FA019505C9B228C4B3D333C92D54
:1064F000F626F3E91342DA1BE11C12A415E116A0FB
:1065000021CF243DEA2BCAFFEC23FB10DB1EF9FB55
:10651000F21FDB1D04B2D8ACF918C602DB0735EA5E
:10652000C81513C8BECAECD70D9EF80027131F2349
:10653000DDEA2CF7CF20D2F808F9710ADE0E0E033F
:106540002D2674E1A8EBBF9F560E451FF47F02F481
:10655000FDE931EBF30AF32F8DF5DBC8A5B12DEE84
:106560000CFD002AC7EA14ABE1DE03D41114EA6F74
:106570002312EF0408F10BB6F412022AC3EEF90657
:106580000DEF4904012C12634318F3130CD3E532C9
:10659000F13133EABEF824F62C17F510C143324B23
:1065A00049BF3FDABD2CDA053A050CDBC9D811FC2E
:1065B000F5F3F6EEDFE11FDC1EC73A888103D60E45
:1065C000C03AC52E03D30CDDF4FF5FFF11D318B81A
:1065D000F44FCCF7063B04174A21DB295517E8D9BD
:1065E000E71F58A6FFC9F407F8F728DA2D37271E4A
:1065F000E7C661A14CFBC845CE0CDA13501FEB9FD8
:1066000003B51A0CD82C33D927F056E5131EA695DE
:10661000103BD3AFAAD226BDD3CF8F21CDD12345F6
:10662000D43CE821C9E4F60DAF99260FD3FF5706F5
:10663000D1D125AA14E539A5D4D16A0F11D341ECE3
:106640001BEE1EFEFF1381C703093CE148FFF32048
:10665000D0DA42EDC081FAFBA2D40FFEB31CF111D7
:1066600093CCC3C9DC07DBE4EC9CD3F0CC2033ED46
:10667000EDEF3C00E215AB2623CD11BA26CADA298C
:10668000712CF40B194B3F1739D909F15829DCF05B
:106690002BD0CB0BC5C6072759F90F01D07E2AE9AD
:1066A000E6ED4021A149220673F510D58E251BA7E2
:1066B0004BF109FC68DFD208A5E42228DEA51A32D6
:1066C000F4FA37B61BBAB9FB43EC4B22BB8313DA9F
:1066D000A81A4F06D293EAB5E2F3ECFDE5E0C8163E
:1066E000E00E0CADEA1D22E40ED3D5F4C92C45DE34
:1066F000F123014414222A2B68B13F471C9AEFDC96
:106700007F2AA1D2E974E650DD173DE8148EE3E05C
:10671000EEBAE313D6EBEC26C4EEECBA014EE2126D
:1067200089F9CDE36820E83F9D1AF2C60C0E5DDAC8
:10673000694F002A4D1900D61E2DE3091EFECD30EB
:106740000B0004ECA40C1BC741CF19F6EDF11AC2E3
:10675000343526B103F2DEE9CC08F32B1FDE382BEB
:10676000FE0B3B20FAFCC7A121360AE82528B90A0E
:10677000073C13B7C8F5FCA465F31CC9D80ED512A5
:1067800009B958B9EA49FB7234DFC802DD1211EDCC
:1067900007B715FEBBFDFA32D1EFF98130EA22E7E7
:1067A000000E17DA39EEE732141211FEF325E0F08D
:1067B000EAEB0221152025EA9FE3BC0A0B9647D39A
:1067C000ED93D719E255088127051BE103DC0AF791
:1067D000FEF9C7F4EFB1E1FFE8F9FC0BE701E2EFE6
:1067E0001C23A9F1F017C3BCF84228FFEEC7AFEF96
:1067F0001BE9E536F52BEBC71419F5DD1313C1F1D1
:1068000020ECF6E4931907CE1B014B05ECF0F7C121
:10681000FC24A02AB501532FE035EEEF3829DEFA2B
:1068200092F01949BCB7201608100CBF00F0FC2AE2
:10683000433EBEC6F7F7AC885122BEE4DFA323F97E
:106840000F24C7ECE03A21E0EB2F07F831AC540DF0
:10685000D8DD18D2C5000735CEF60AA31BF0FE32EC
:10686000213839ECCC040838CE2523F81919F2E385
:10687000C314BC5A1ABDF624A6F0F61B093930BF62
:10688000FB04FB2FF7FADCE0E922B9E7FCF9FB494E
:10689000F5E2EC4B11DDDE8EBA0625F20E33B5EBD8
:1068A0007F33E730F109FD130210B32D0AF8091800
:1068B0000CEA39160AFCC5191C2C02D217FFE0CBD2
:1068C000AA0F0A0E26A7D0CE9A97FCB4BF11D0D536
:1068D00029ECF1FEBD31BF03BBF0ADC759E706CBD4
:1068E000221C0AF6CFC7BAD8EA13E2BB19EDE3348B
:1068F00035D918F4D2279715C20EDF25291C14129A
:10690000E6BF121932E08B361D10DDF4C44301D806
:106910004C30CACCF2CEFF23E2CD21A9F5CFECEE6C
:1069200008F7DACE9BBE1BA40CBDF3C12532FDCE09
:10693000D814F503E523811DFD1AD5EEF4070619D9
:1069400003B54509CF3ED2B9CFFC31E509F3E96B78
:1069500017E30DBEFDD92EB6C621160906D91AF1C8
:10696000D7C2F14ADD30E18140C638FFC22727A5F2
:10697000A20628DCB723D135FF081613D72908E96A
:106980003CE0F2C81B1A4E5E2F202B0802D20C12DC
:1069900003E5B71CC7EE10193726F51FB851F2EC06
:1069A000A2E2EB26CA07200721E51BE0F5FA0AD28E
:1069B000EF4EE50A1B062CD22033E61F0E23B61538
:1069C000EE391D091D33F913CCF5FE0B21F3DD2E35
:1069D000F4C3E3F3DB18D0FBCACD1EE33FD6EE07CA
:1069E000D6DAEE3ED4E3261DDA04EF0CCFBFE50F76
:1069F000D520C6E51EBF18CDBFB717F3E60408D0F3
:106A0000E0F1222637CF14E1D72C810B26E910EDD7
:106A1000F1FB0520D8DF0823F81AE1D2D62ED423C3
:106A2000E806F40D160B18F3E046CB0EF10C02004D
:106A300021E20B27E00428E51B130447C8DEE1E749
:106A400043B20FC8FB32007DF4D518220F11BADB18
:106A5000350501E0CAA2C6E84CF90B10FD16363226
:106A6000DB0D073FD404F8C5FDD1F3F921F33DBA9E
:106A7000ED3B1CCA03DD1C4516F9E3F735E20017B0
:106A80007F1251E2E006D54F24E02A161CEEE8F70B
:106A900065030F3E141CB5E73E061CE7ED0DEA2129
:106AA0003DFE1922EEEB46E72AE3D0ECD6F80B2C9C
:106AB000C4C82CEB41F0182313A8F2F20B1817DC12
:106AC0000B2E14D71AD4040339CEDC42F6007081A1
:106AD00014202E1DFF35924B6E04F7FB7A470E30C3
:106AE000E6123EF718F2E357F90BCC97DC2C1011A5
:106AF0003A2806F8E5203105FE0D15F84A132E2F29
:106B0000FFFBDEC2DE23A10FFBD4EB3E054B0304EB
:106B10001825EFD8CF48C7ECD9C4E7F839D61163A8
:106B20005D0E9ADCE629CDBC8F15F1BFF4300FD88D
:106B3000CFE31FFADFFF280B01DACDCED9C5F40C65
:106B400006CCFC060213F31308F12DD8D70B2C0B3F
:106B500017C80AD2E8D8D518F2F2A5270911F92DDD
:106B6000E808E2E1E3EF0807BBE3DFF814E2AEE791
:106B70001D2635F03EB51AED81C6CDDFF9FE20EEBB
:106B8000180200E4B4F20824E3DB0DE7CE0B04178F
:106B900016F20BE114B8CEF307DE34F3F3F7160662
:106BA000E5E8E90F05FB06DA03DAF50305D602E2AC
:106BB000C9E60FDA1410E80823E23AFAD2F0B21666
:106BC0004428DA25EFE00B36B0BEC72BDC77EF1F89
:106BD000EA101F190205BEFAF2EA25C8081A0A13BC
:106BE0005DF33ED215FDFA3A5913D3E2E521252B88
:106BF00020273AD50CD0D63116160500F3022E38D0
:106C0000210539F2C537F41C1881332912D316F443
:106C1000E10F1F148615F7D8F0F20AE70FEFEE29FF
:106C20005F3CD9E6132EF944C7F442EF8D15C7EA4D
:106C30001BDA3C13F8B024185FF24DE0C5B5C4E090
:106C400023282213ABFF39E01EEF166D0244E7CC78
:106C5000E44AF8EFD819EFD517EAE6015005CE005F
:106C60002CF64A0EEFB01C2EE9DD062208E12F4A71
:106C700050A9B1AD05E50B05F6BA192308F3F831B3
:106C8000EA04001DD520E6E19004EB4410DE15DC9B
:106C9000CC13DAC8B4E6D300D520DC283EDB27507D
:106CA000274304F6F9D0B1F3E2E548291C81ACCAC8
:106CB000C9C34EF1C7BAF1A7E73CE2B1A73CC51A78
:106CC000FD5CDE1FA65AB411DCEDE301FD2A060CC3
:106CD000F1D2230DE3165B27F6F7B5C20DC3F741DA
:106CE000AE27F021811E5413F41FBF1CCDF499F17F
:106CF000D9FBF7D6CDC0BADF1BCE3016F0E6D59B58
:106D0000E6F298DC22DF291AE24EC7115E1EEF265A
:106D1000A3B3EF98B32069CE3A26E1CC321F0BE043
:106D20003F2F77EB3F1687FE2D1997C8F1C72C2A06
:106D3000C032EF4BE2A5453C143FE09890AEF1DA4B
:106D4000A523D626F11AE2E6C2FDD8224AEB6AFF55
:106D5000FE37B5FB082802FB7F42CCFA414912F905
:106D600033017CBBC4F1F41B0507E6D4D2F7432002
:106D70002197E25EEAB4B62B91310E3E2550D1FA4E
:106D8000E5CEC25A3CD110B6AB45AEDF2A2B56A198
:106D9000FCABB3BE103915211E574BE7D6CA15D62A
:106DA000C1332405E404C6D9FFE1D6F70EC048007C
:106DB000FACFAA2FEE1CACA81B5055FE16E3E7D95C
:106DC000F20DFF43E02E2011E8C8DA1BEBE9B6F81C
:106DD00094E5F3DCDD05E8003905262A461BA0CF43
:106DE00007E332F339FC081AF20E0C010530F92FD3
:106DF00029D0121300A00FBF0DDB273EB55EF9FAB4
:106E0000BDC3FB05FDD841DE8126BE0A10ED195237
:106E1000F4370C21B0431410E5F3E6F8E6BDC40BDB
:106E2000FC46EB1B20E562F1470CE42FE4E3A90FDD
:106E30009EE2FE00E6F93EEA03BE211BCF20F629C2
:106E4000571722DEFEE505501FB8EA4ABF5414B9B1
:106E5000142C220DDDFDF3F345DEE8DC39E209E513
:106E6000430423FEC8CB121421FAB4FA2B26131BB9
:106E7000297FD730E7EEF519D81117FC1DDC023455
:106E8000242125FE8CEDF4EC3AEDF020F30605F01C
:106E9000111405F0A842FDEBF8D50F0F02E6D9500A
:106EA0007B1CD32FC02DF305AD0F31FDD00EF4D1D7
:106EB0003900121FE802012F17EF5DC4FEFA0633F6
:106EC00028062B1FB2D2D811FB17FC271B305BB44E
:106ED000CB35F7210A58D12537FE02BD36F0F2ED49
:106EE000E81D7DE60024C5030A3DD3AC14050A74F1
:106EF000F7C20411FC24D4812A2DBC09E127FCDF50
:106F0000E011141FC526F4B0B7EDDA52FFA829FA34
:106F100015E006B20CFA0DCE1AFEE4152EC52D5A58
:106F200031520A3ABD2B96E1E31FEBF0BECFEC1ACB
:106F3000CD08BEF2CBE8EAC1171A150AF300E72024
:106F4000772200F924A4D2441CB0E42CBD11E5EE54
:106F5000171946F3D126DFC424FB9EF8E312FFD8AD
:106F600018F2F8AD1DD8DBF8CC2CC30643CEB8EA36
:106F70001D1EED1A10E2F602DBE9EF291D813DE34B
:106F8000030E002CB9D7DB1EE5B50D39DB1E092831
:106F9000D0BB07AFE4201323000EC932D6F4D94189
:106FA0005F25193F15C9EFF3DAFA86E086CEFC0BB0
:106FB00005094525D1FEF2002733F808C8FAE2108A
:106FC000F0415525C97F18CEC1DFF92F11E0AB0C78
:106FD000B3F0EDF9FE253809E0D7219CF1DE020778
:106FE000FCD7F54901FDDCEEE3E7E2F0B71EB3EEB6
:106FF000F421FE15F7E216F8DA0406BDF41E0A09BC
:1070000012FAED226AD42BDB0436FCC53FD10F0106
:10701000B1B6E1FDF5F728012FD7BFC3EC0A14087C
:10702000F629D91F03EDCCD823ECE4F81DD609EAE4
:1070300008EB52120C0525FF2CFF3E00DFE4C0D206
:10704000041ECC2E05C5A1AE56FB08A017C44C01EA
:1070500030F3383AF4E52006FA38C7C8D0EBC1A9B6
:10706000136BEAB7FDF42CB8EBE801C329381CC652
:1070700019B22B21D8F4BF1FDE0D9EB64915FFB8FB
:10708000F9EDDD3BAC6510CD0E4BE0BE2D3B0F2E78
:107090005B2CCE23E8011E3D81C4451DE5E4C204FE
:1070A000C71CC1E3C2B7C0F0FC46D6ECEFF6C4E3A0
:1070B00000FD0A324748A121F5EDDA04123AD9F66B
:1070C000E3EFE9CFD1F6B8D69C1DB74B5118F53197
:1070D0002500E4EA0E141249E0DB00DE321B51F712
:1070E00017E3FC4939DB2C0CB7C8CDADED1DC1FD54
:1070F000FCF2EE05C72B0F560037E3F6C1093781C6
:10710000E59E0C24F8E4D853BB52D9F820FC321485
:10711000DCD0AB2613E24705E7EBC51FEBF7EBD25C
:10712000430B1CCDAF1606E2B405D90E09E3F605F4
:1071300033D30B0CF4B50108D0353F410FD72704EA
:107140002D81DD22271AE401EA45D72FFB9ED7497E
:1071500041BEB7D60EB7F128CB3F5513DC9615BC10
:10716000D01DD708FEFEF9FCB936011F1CC5D3B4EB
:10717000E7F902F1D0BEEB4300C4B7DC122AEC8B76
:10718000DE21AFF726BA6407C62AFFB91D9C00406E
:10719000012CBB1C4216125A3143EED4F107EEE823
:1071A000DC1B01310A3266F74C0441F7070E2D3E15
:1071B00040FD0124FCA23714DBDBB442F9F4DBE828
:1071C0007FC5F9C9C00BE8FE6E1AE827B0E13DEFB4
:1071D000F40A76DBAFDEBD11D120DE1E323C210683
:1071E000E76E120400C4B5DB3BD4DB2813280DC4C2
:1071F0001C5A05FB3D14111DD0E172F73BF35629D3
:10720000D648EBA89538C92C57C9DB2EE3D32539CE
:107210001D19D9FCBAE4EE3FE1EAE5ADD0BD206826
:10722000E6D5C5934C3939CECEF34D20D94A13AEAD
:10723000DB131CDC00FC220D2A1024A7C83BA5028E
:10724000A70408EFF046E4FED11AC6184EFC21E56B
:107250001BAEDA2BD2EA3E4B29CECDDF20F33FF234
:107260003607EC261BEA0AFBCF40EEE1383BB5526D
:10727000F1DAB316E10FF7EAB52E08ECBBFDFA9E82
:1072800000F0C70357DE051CDA4AC7CD2105FC1CF8
:10729000810DE13815EEF3C3FA12C9FD95E9E4C694
:1072A000EE2C14F107FCDAE430D0DF0903C6391EF6
:1072B00020FBB73DE4E513EA39DAFBF0CE9734085A
:1072C000E80114D909E70C3DDEB099F9A029DA9458
:1072D0009DFB181EFB1B0CA12B2B3BFE12B2A2EA3E
:1072E00043B0F00233D4260C30E0FB0CF0FA512FFF
:1072F0001E0843D6E7EFEA7F21FBF9001A1F263567
:10730000470322DAA0C510DECACAFD0D00D6B1FBC4
:1073100012E667F8A306B4F5E04DD4EA431AF23C4E
:107320005B2EE4ECBDC352301FB605E814D3D5D3B1
:10733000CB006444EF981E4E3DB04FE0D9EC0700FF
:107340000AD9F513CBCF2C2234841BF9F0E0720C50
:107350001F4A2F44094CB6F8F7BFF36DDD02FE4912
:1073600051BAE705F9ECCBFAE8F1122BED2BF00E50
:10737000DDC7E0ADFA22F7007B834E0E19D1172D41
:10738000EA082A88E4180C6603860DE2DCC4E7DC10
:10739000EECDE7A68132E8F90D9A13F73FE6EE56F7
:1073A00026D7F3C30EEAED4CCAEE61D4050E22C611
:1073B000D4FD26DE020018AFDCE64912DCAEDA2886
:1073C00082B6E52E839B2007221335CA2FB93CD302
:1073D0001A1D18EDBF32EC19ED2DF20EFAB9F72B8C
:1073E000EAA2320DEBE7EE96F613FC163411E167D4
:1073F000DBF8D9B8C4022EC360220BFDD72817E5ED
:107400001BE749BFB17FF967488813DBDC3A3C0CC6
:1074100031F5DCDBC20B022D0FDAFAD33E1814373C
:107420000B0CBBE2CA41DC5B380023D2A3A0B9E459
:10743000FA13C5D4A7434EB6EE1BE5420FEB12F389
:10744000F8071EC7F5F609F7F61DDE1DF4EADC4F56
:107450001ECF099DD334D618A6E915DEF2D933F92B
:10746000DF04E753E91217F4C5170905E61F01EC1D
:107470001B0FCADB0E230EDFF8EC2406060343FEC7
:10748000EDCE11EDBE20075636E7C3EDD3DCFC167A
:10749000E115DA15E5F11EF431DAFBDBD535D3471A
:1074A00081B90D0802422201F1FF1D19CE30E4D24C
:1074B00012E52413EBF81107C56DEFE509FCBAC519
:1074C0001735130E02383ACC92061E150F1A13E820
:1074D00045FEBC1DC0E0DE321FE1BBC764D816E527
:1074E0002E373AD5B1EAB526EC46E4CF0D18B118DF
:1074F0000411CF03EFE4E16FB23E2F46F912A2D59B
:10750000C2B08140123927FD1945CDD9DC0DED0EF1
:10751000CB58DAF6ECF330E0E2C78D93E4F0DEFB13
:1075200061C9E0FEB20D05E5E2DFB7FF3EF7E0C856
:10753000DDD8F1D0A422CA3306C17FC30106F1F51C
:107540000BD4E40AFE0AF6C635E028CFE0E104D900
:10755000CD4114FFF2F9FFC42A3BE3E722E6E0D471
:10756000221FE4DBEF02FDE7F5FA13F33DDA332ED9
:10757000EAF01BDA0221002D1EFBB3FE282ACA0BFB
:107580000742E4EA0B3C4BADF1A82C0D231BE3EDC5
:1075900023C9EDC008062020E02CDA44332CE22970
:1075A000FB071EFC33D9DF13CA31D3FD060FB0121F
:1075B0001BF41FEB1705D9D23A4B1BD1E9A8AC1924
:1075C000EE0E2E1FA724E040E1E0A32CEA39EA7278
:1075D000FC20891CCC54E06FF61D4BF02629C440DA
:1075E00058C35F0DE0E29038405731185B0A48F30A
:1075F0001D2F1DF6EE8AAC0C54EF08F5E50F3C5933
:107600000DB82DF5C7C9BE35C74BFB390CB92F498D
:107610000714E10E99C3F5EAAF10C4E1CD20C4F51B
:107620005657F138E84E627F36FA0423F2EC9107A0
:10763000CCC06FC1DCA24AE03B4504D6E4F9D84D8A
:10764000E3010C49E31DF835CA1D02A90C1EE8250B
:10765000D7C1C218E0390927F5D620C638E8B3C526
:1076600013871104E531151B3E2227E111C731F7BD
:1076700097A2F91C1EB60111C1FD162FEC35C51AD3
:10768000FCAC2A253599FEC48A0DB80D16FF29F0E9
:1076900011F8F126E3060EF13B47D7CF131FDB436A
:1076A000CFF1BF290006B6050FE9ED1D5981FCD7C2
:1076B000F4E451E9E9E030C7D8D0F1B4DFFBBD20F4
:1076C0000803E50FBE2116B21E101D0CFBFFDDE9FD
:1076D000FEF418CD09E530C7CF29F6EAFD812E2B3F
:1076E000D9141B3E980605C61F1304EA10D3E43FC5
:1076F000CA1EDF05DCE5D91F42FA0A12FF37EFB7D1
:10770000E1981AE1F746464A0F132DF4AC92E0D700
:1077100018D8DE1EB11B3817F7FA2ADB0BF22AB88D
:10772000FA17F7FB1CEBDFDA0BF315FCEB10100676
:10773000F8412D1907001AE20B235E36A6F8C3E9BB
:107740004C66FBED20BEDE1205DAC9E0DEEE1CBDA4
:10775000B2DB513BC45601E7E330D19FDDEEE7D009
:10776000281CC1B7912F14F41A4481E02FDC43592F
:107770002A0A13FCCB0EFD37163BDC391EF7D41654
:10778000320AE335CFBAEAAAED05FC11F62FF0F97B
:10779000B7950FD1D1E30719311FED2BF4D5D02FB9
:1077A0003F4FFD2D9FC0DB0AD722AF06B3F5CC08B3
:1077B000BAD0021DABE7FDF848E94AF60316DE1D14
:1077C0002CECE92EB30FD202031903980512CE2434
:1077D0001014F406EB3113E30406D3EE13D10EDFDD
:1077E000141D32D507DE0E361FC1381D11DB1C33C8
:1077F0001EE9E2F9D7FFD23208CDC6F74608D40E0B
:107800003B0B1C1DEECF37D3E7CD373333D2FBCF45
:10781000E7049CD2811FEFF31AF7F201470DEBEE5C
:1078200029FC13FAFD22232228C934C318B7B9B69C
:10783000E40B5A14C0F3F6E6F9480DF0F6BD351026
:10784000EEE8B5B611DC09F5AD0E06579B0FCFF08B
:10785000F936FAA43F0DDA2B21D209F705DA17DB46
:107860004E042ED4CEBC0812EEE0DC8127242CF38B
:10787000053526C9DACED8560C01C0DAEFCD38F579
:1078800022F51DAAFFF7EF15F809F3D3E4C8D301D9
:1078900017FD0F0B0302C4D703320BF0BFAF081163
:1078A000FB20B7FB15126DE113F8D4ED311EF7E0A4
:1078B00084BE2FA6F30FE92FF6F1B520DEA197B015
:1078C0002821050B160B1D2C5028FCC03AC84A0570
:1078D00059FA6A2BEE02252F04D6DDEDF8BBF80D20
:1078E000FBF1E1521CA8B1F3B3F9B7B1DDACE0D7BD
:1078F0005928BA31EB282F28FCEA56005EB35B0901
:10790000EC4532DDD936CC535258E2DD42050FE367
:10791000E7D8F344D52E28358529DC27FE00170447
:10792000341EDACCF29DABEACA5297B4F303E619DF
:107930000D6AEEDA7FF6EDFB46E614A7E2EC31F6CF
:1079400034D43A2CF7172539B90AB22917B211A342
:107950000AFFCCFC2829FAEE07B81BC53DDDBDE3C4
:10796000D9E63538FEEADCEB36DFFFA4C53100FD91
:1079700027C2D4BF42F91228D921E4FBE22BFD1023
:107980000E1AF92437D3F2E3F5132A4716FB24A283
:10799000033FF8F903D9EB81010D0EE317AA34096F
:1079A0009F12F922E8D91DF819B6DAF516B7BDCB42
:1079B000D8A67711C0E4E7C0F3AE0B0524963DDDF1
:1079C000626CE20A26B5D2272F91E72134F2469D58
:1079D00012C36922DC2733F924E182F515E482C958
:1079E0000ED4C81329E2B3B32200FEF7D6F4EBE8B5
:1079F00052071E230252E7D38FF549E65FB80FA462
:107A0000FC5B1FF596EEE00A611709D13440F5F8EA
:107A10001CCAF4160AFA31D4A9CB0642E64AF0FF92
:107A20005F1A04DC7FF4DEAEB923C108D4A7CBD43F
:107A3000C945E9FEEFADE81F0931E11DAE1DDA0FC2
:107A40000A1658EDEC15ACE8361FF41EEC4611236F
:107A500019E462D4DB18F8209F1317B0FFE1303B24
:107A6000DE1EBB07F0FFFFD7C4F13A19292C9C2575
:107A70001706C4FE0BECCCCA00ED0F32DDF056F851
:107A8000D9BF07F4141EF23E306381FEF6E8CEFC47
:107A900007F11AFAEEE661230C30E541C02AED1039
:107AA00028E034021039BC0EC412B9F5F9F10136E0
:107AB0000E1AEDF3CCE71CDE0FCBFB320E0C0F19C8
:107AC00041C33F1AE14DFD07130AD5CC0EDCEDF69C
:107AD00028B409EAEAA649E3BFF8578AB181F83C1D
:107AE000A03A932022F830F9F01F16FA04F5CCD60C
:107AF000BEDDA916D8B1BE190EF4A8AEBCF5EBA038
:107B000054BBCCE241BB562F1FFCF4A017E6AC4798
:107B1000F80CE8B6931C040C591508EC0A59FDDB67
:107B20000918E9E545CDEEDA30F3DA4605E7D41376
:107B300026142E20CB5CFA24FF3630B7B1E9E5D508
:107B40002E2EC5DCCE1AB9020AF216EDFBB6ECF900
:107B5000F91ADF22D2D4F1540C31CCDE341BAB192C
:107B600003012212DE010CF50F43C2110B1026DABD
:107B700034DA03202281E9EDE4F7F246EA34E1EB5E
:107B800011FCB8220AFBEBF2B419BEF11864A80389
:107B9000F60810D8F6FE05EAF5FFDA960BFFC12EBF
:107BA00064450427041D06CF0822B1E4F5BDE13386
:107BB000D1F2FF21BF88244635E043F83822C2C7FE
:107BC0001114DCF2FCD9C5EBFBE80CC2F6FFDDAC0E
:107BD0002BD9D90BF329C20DFF14CB1671253ED931
:107BE0002ECBEF11F0AACECB15ECEFB60FF7CB1CD6
:107BF000F50CEFE8DB3FC931A320B21335681A3723
:107C0000E3A216C241ED8BE6CC0611DACA25E6C91D
:107C10000B46CFED23D3D12A0ABAF2F51658F8E86D
:107C2000ED0F16E681BEEAD420F9EE21CFD6E3F9B6
:107C300000131420C423CFFF13D1C1F4FDCAAC0E2E
:107C4000D4D70A0742E02ADF26C73420F6F3CAFE5B
:107C50001B2AD5DC0100EAF80617C2F3BC07B943BA
:107C6000D331EAF2130A040815ECD93E0F0AD1A168
:107C7000352958F225D7FE3CFECFE41931CA33FC32
:107C800035F494F081B4F8C9F0E3EAE40BB4B83504
:107C9000FB063704FF02AB1ED3C419F72603E836F0
:107CA000CE19A2BC181226F7F91415C00923140620
:107CB000C10C1120360727FDED41D1C709559AEEB9
:107CC000887005F0073518FEBE32EFDF31EEF30D98
:107CD0000ADB12F0E62EF44A04C2DDB14CEC15CCFE
:107CE00036F5323AED011529C9F4D2A2AD42C76C7E
:107CF000F3089BDB2BF04419B2F617F2EC0A40D3E1
:107D00000D00116048E1EBD2F85AC1AEFE0C25E738
:107D10008B030A260BE8D0C9250EB812AFF1FAEF93
:107D20002341140DE8EFFC81F502FD2EF7CAF00F98
:107D3000F8DD0E29BF3B0EF6120AD52941CD3603D8
:107D4000B7C0E5B29CED4A5233E1D137AB134DA435
:107D500030F7C6DCFED0FC5DF4EA044B411A004863
:107D600053B45CC0CF3D87EFE4CADB10F71282E961
:107D7000154ACA81D0E80D2BDBA21AF310F19CE35F
:107D800088E27EB52203D52A1813BB4BBC16F6A891
:107D900037D2E2FFDDFAF0F3DC0AF6D5EEA623DDFA
:107DA000D84BF22934FF453DB3DC15D6F200C5C7E8
:107DB000A7DD33A8D657F1CCDEF337081DD85D38E0
:107DC00018C4E70CF43ED0CAEF06083821F0E21ED2
:107DD000E9C7F2F3DF81291AA7E60604E9EDD4BB6F
:107DE000E21AEC06A31ACBAF0CF92509E9E4DED6BA
:107DF000F8D97605CF0F00594C00EAA843B318E232
:107E00005230DD11BEDD271D2AF93CCA251CD90CD4
:107E1000FFB0D3F6F42E582AF132EF4D013310AFF4
:107E2000FFD5D221E83AEDE44DF321BBB44DA5DAFC
:107E3000DAF01F1050E825192B20771EC1F5FC1130
:107E400054BC311CF15994DE2F0A3ADCF0C4089C72
:107E5000C3FE44E11CFF27EC29FA17B318D6D3F66A
:107E6000D031000F9F16D4171ED12ACAE0482645EC
:107E70009B03FC020522F6F410ECA029BF09ED27B4
:107E80004BF2A3FBE30B4FECF1E6353B09DEA134EB
:107E9000B3B6E9FBEBE30E3420CCF30D4AF7405DBB
:107EA0002AE3FA3C2AD6F4CC3B35BDC332F5814FE8
:107EB0000BCF6502BDEDE2E70DA05AD416D9D4C2AE
:107EC0000E193BDFFDD41D0C25FFE40FA0332FD48A
:107ED000A41B27DE0204FCCDF5D12AF54C1CE5FDE0
:107EE0003E241DBDDBD007464BDE2AE930ED364689
:107EF0003A20B810A210D1F341E222E330F4070295
:107F0000DE461F02FC69DB4C13B6E72807E51E1AA4
:107F100029B510C4811DF32EEED7F6331D19F95E75
:107F20001EF99FE21AF4A826B5FC520FE6F701BB32
:107F3000FB0D1402FCF71027D9C0D824C6E2231386
:107F40003A815BD2FF3EFFFFAB48C3553C339F35C0
:107F500029A002DDE4D30A08D631FBCC2A2BD3FDBD
:107F6000F3341440E10AB4B0CB10E69F8D2BC4CF9C
:107F7000C22C20ABCA32CB56D248D8F4E824EFCE7C
:107F80004DF7E429F3E89D09E81949E821F7C7030B
:107F900004FDCE255E0220EF5D1F1ABDFE50EAA74C
:107FA0001CC2EC07F0F03D8F6BE4C7EC31AD21FB58
:107FB0005E162021BC39FD41D9F0D70AF21F01FF1E
:107FC000AD1015010AF83545F004BD4816DA220F48
:107FD0004AC209B5B6D1ED1C00C0F10427D911453C
:107FE000AF4F0A3361831618CEDB07D5150181D256
:107FF0000809D65FF2020347A2C812312EF656AC2A
:1080000015F3D7FB08C727D80E6C930E080F182955
:108010002F0BECFE0EDFC1E0DDE833E212CFDFED27
:1080200032C5D3EC54E55825DE51C508C054054788
:108030008BDE47A31B2EC21845571548C70664FEA2
:1080400024D97AEA1B48DAECCD0C26D83014F83063
:10805000DEBCEF0ECBDD04E5BB1164CEB0C1E6E6BD
:10806000BA15DBC7C82E3BE9B11144FA15C00CF0B4
:1080700092D3F004D7F21AB707B7DB3EBD4DEFD766
:1080800016FD121517F17ECABF7F91044E8C5BF36B
:10809000F7D9B7D9DFF3111F1602B58FCB4DA1F178
:1080A000C3104C02371E0E4E4327A2EDF48E063944
:1080B00007F7334BF1E43F07ABEF430881C6D20B20
:1080C0001CBD14EEEA04CDBDFFD4230FD6A827C3F0
:1080D000F6181EF0EFE2F103D81FA2C313F7EDCBA1
:1080E000561FE7C0FDE2CE06CCE20FD2D7A9F0FFC3
:1080F000DF0001F0F3FF07EA2ADEF5D5E5CDF02138
:1081000023F7EB38DCF50E1A1A1248FC0700FF00C3
:108110003CDFE3EFEFEF2331D02735ED4BFD2806B1
:10812000F41DE604F124F3ED3C1FE71FEADCCC026A
:10813000C0EF2D08252CF917B10BDBF6399EF01C8A
:1081400065CDCDE9E1D206E80D1509A5E3AC08122D
:108150000A09B82D26F7D61FE4F7DA14DBC2219FEF
:10816000104081BBC1B918B8C0CB313520C5BC3275
:1081700048130CDDFA03F3FD13D1BFC0451AE1FC2F
:10818000EA0CF522E7E934160FC32521062C03F883
:10819000142F9FCBA93CE4F98FD1334E2CFEF0CAAB
:1081A0008F11C41A8E27AF1E4BD016121AF6BAFCC6
:1081B000FA1CE1DBFAD321E9EFF72FBE1EC121281B
:1081C0001114EDF9032425BD10D3571700D41AD884
:1081D000019E8126A30E10144B2D0FE813A805C392
:1081E000EB23D9080AFBCC0ED2DA0E3251C6FDEDD4
:1081F000E38D242B4AB8ECC6F998E5D70609BBBB3A
:10820000E8E6E75222D655F0D5211CFCEDCFE06818
:10821000CBE602EA9C01E052BD0C201C30DEA1D668
:10822000D8DBFA280FCE1A780347D2492BDE24FC7C
:1082300025DF3BBECBBF310098F3F3F6D8FBA8E9AE
:1082400017D4DFF9FF02F8C12FD82A8331C400B355
:10825000DB26BBDF08E6D3FFE6F2E11203E00ECA3D
:10826000FC3BEB171809EA9DDB2452D921AEB1473C
:108270002FD8D7DC0B04231DEBFEC4D923D2E2E6B2
:1082800028F7F30DCD201CFC26083A36D507220529
:10829000EC2BADE2223A05F8AB28E11152FCCAE71B
:1082A000941B36EFF329F041DB21FF0F0DCFE829B6
:1082B0001E4BFCC64E18E081E7D1CCDC3DFEED0B39
:1082C000E9D5C72806BA094618C02C44F4CEF9D718
:1082D0003105D737F3A20AF716010AC519D5D4D448
:1082E0002C2948DA1EA7CAE9FB0E31EA3FFCFB81C4
:1082F00014F3570917E4D661E9DBAFDD40CAFF8309
:108300006033FE1A9BF02912C9FCD2135623084091
:108310003E2BF0360DCBB7BCCABB25191B59BD0F80
:108320002605A2E6FE0C2AC032F20304E3D2DFB136
:10833000042E251D1E3BDD09FF3CA343DDF1F21594
:10834000EFE42722DA2D08452FE6DE19FB23222051
:108350004317110BF43EEF1EEBE91FE00CEA224538
:10836000F83C3FFA0018F0DEFC3D34F007D7811CE2
:108370000605B2F6060308C70DD85F3BB3EE0D2124
:10838000B1AF11F445E9E71C1E309B0FFF2937E917
:10839000FDD813FCA5CC1DE0B907F0D7F2FB26D41D
:1083A000C9DD4354F72DE7F1BD08CD11222621D8B0
:1083B0000B1AEB17E3F6269615FD36BEBBCC15223D
:1083C00013F99B1FBAD405CC32E631F6AFEEEDD1EE
:1083D000AAE5FC17F83EDAA719D8E118F724CB1E56
:1083E000071FA8E9F6B7D5E8D1B5CFBA0B270AF72A
:1083F0002FCA0FC8FBB60614109A543017E1C2E416
:1084000020E611F5E72A1ED902980DA9FB44011CAC
:10841000CB02F801BA0C17F3DED382EFABDCFD4FD1
:1084200034D981F7EF9DE212C39FE71240BB0EF3F0
:1084300015D919F0DBD02ED77FED35EF8FFA7AB64C
:10844000E610B4F2FCEDD4EC8BDCFA539ECFD6A64A
:10845000E813D6BE39C404EECC3325FEE3C8B9EC2C
:10846000F13316CFD221E9EA4AD8C6F11F0D07E948
:10847000F10EA291A1F5FE60E6321A18263CE41B2B
:108480007C0AEFD3AAA12FA2F11DE632F605E2364F
:10849000CBE43904E508251E18E945E603EC9036DF
:1084A000BA21EEDE300F421F7FA2DBE3C6F0C0E44C
:1084B000B0091337BD921B236C1445E3D9D004CD0A
:1084C0003F002E3086462DEFDB19D8C319398B813A
:1084D000C0230E011E3A1934AEC716B503C41A39AB
:1084E00012C3060EFCFDD2121EB9130E060DF12F9B
:1084F000100408BBCE352BF920F917E8B42ECC2197
:108500001BE40507E2E638CAB7D93C29120804D7AC
:10851000B80517EA11D72BCF3FC9CBB92CD000270C
:10852000C50BDCF3020409DF4EBDCCD9D6D4B8D7D5
:10853000DAF93C10C7C60CEDCD16DA00ECFD9DF55E
:10854000152362931D18C1C7DF24FBF8E72AF9EC55
:108550005A16EF81F4FDA0FDA4C9FCE0E5B743067F
:10856000FB213C5CF8D0DDB3FEE2CABEA50C9D5EEB
:1085700038DCEC253DDE98D6122211F4DE1E5127A0
:10858000E48F47D8EB5900767410BDCBFEC241C5CD
:10859000E4E6C6CDF6B5E73FFAAEEEF91935DB40B5
:1085A0001CB037CFA109B99E211BE52D2100FD414B
:1085B00034EFF83D16552ACAF6C0FFC704E0B2F5FD
:1085C00003195CFCD30FF8B718CF19D4EB03D228EA
:1085D00024590706E8D3BAB7EC1FF011FBCFE8BC6B
:1085E0001F16CB1AD616DB0CE41C3CEF19CF002269
:1085F000D22EB3F11DF91C32BB10D71DFECA08E103
:108600002ACAD9DC472C7059C4C5D4EE3A9029C186
:10861000E7F525F6FEFC5729EFF1BE01381FE513FB
:1086200081F754E9A5D3D642E61CBDEFF3B305DBD1
:10863000F0091CCE36112ABCB524FD0EF23988CCC7
:10864000B8F3C4CD324E3BEDD532B647543602F2C4
:1086500010888BD001131232FA2882F1322C1301C8
:1086600025570F2824AAF8B99D63C5922306EF4029
:10867000112CAE6152F031F405FE1763E41CFBD5FA
:10868000A5C5D07F57C40102D137DBE9FCF83D42D4
:108690000C0AC818CAE5F8041521D5F7C31EF6CB95
:1086A00031CBE430BC0026E2101BA2EC359F5D25E7
:1086B000D412FDD7EDF60DDE0626FA280A05EB04E6
:1086C000EE01CB1515F0E511F9129F4D1BE5D20A0D
:1086D000F3CDF3B31C360BDD070E1DC0E2D6FFC78A
:1086E000EDF5060226C3EE070B1702EAE12535D7A2
:1086F000EB2229C1F3F1F45D1B2AF8CDE6C935C898
:108700002703F8EF46C80617190205D6EAD3080C66
:10871000D9EE0412EDF5E5E6260826CA4427DEF177
:10872000C2D5C0FA03093AF37FD8A01C48DDD9F4BA
:10873000E9C3681607CFE0289BB2FEF85054DB026D
:108740003835219012E4E8F82DAB21293EEE3AE3CA
:10875000FE7FF90738DFF514253A932B42210302F7
:108760005E3751C3E7E2C405D3F2E8C300EEE32667
:1087700009FC01D90C011C5E0739B0CED0A8102E1F
:10878000E025840C0D49E74159F83038EE2925C021
:1087900016DFE6DE151B1BE0D3D40942298229DF50
:1087A000F6F512F51510F5FDE9D216DCDEE2260C21
:1087B000DE18F0D0FB0CFDD10FB3F3DCD5CC39CEF5
:1087C000FC3060EA1613172D26D30633061AD4029E
:1087D000AB283001CB89100DBE1A42FDBDDEF5E19C
:1087E000E820FC02A8491CC2E0C1160F07FD19C809
:1087F000FA012013E60EE7E705EDF1DE33BA54E1A6
:10880000390FAF1ACC3F59251EFF0BDC2A21AC25AE
:1088100006BAF319E9E214212EEE1120E17F24EAD1
:10882000D4C9E01DF5322ED00F452BBCB606F5B7E6
:1088300008FCFC1F3DE21AFC3D2FFEFBD0071CC5C7
:1088400027303D0C9B030901DF9529CA0A33DCCE92
:108850000DE708D6F216DF0AF6D9CFF3DACDCF1935
:108860004DE0D020D6EE2029E5CDDF1B000EDF4DF8
:10887000532A7FB7F309074526DF1309F041C3F6F2
:1088800012D873C20F27EC740205EB00CEF8D00E9D
:1088900020E711BFD52EFB201BC749D3542F0BF463
:1088A000C6333338BB2100FF34FEB207BBC40327F5
:1088B00000070B2F01A8EABBD20EF223EDEAD43950
:1088C00036D00F1AD548E321EAEF140E23CDE9473D
:1088D00027D3EE0BEAA936E0B91034DDCDC1011D76
:1088E00030F5EBCF13F5290BEA151BDA2105FEDB7A
:1088F0009FECD12235D62D1215F7E83BE8FFB49551
:1089000039D0E2F1130C7FE8D52ADFB515BAC66A73
:10891000210BCEF9D8F5ED0A443405E40739E4EA31
:10892000F01A3B2C5411E7170B0DAE24121D26F044
:1089300015EB1F161812BEEFDA8723E7E7DFD61D07
:108940001E0604D3FBF9E72A24F3C8D8953604E9B8
:10895000961149EFEC0A34ED0FFA20CD21F481E3B2
:10896000AAB3EFEB02ED2AEC0EFFB1282DECEA12D0
:10897000FFD97B1530A319FC01111AFCE9F9F60A9D
:108980002213DCF183234D1CD9AF34F85E270DDAB6
:108990000A08331ACC1FF9FA420626CFEB351B3EE4
:1089A000FD0307D8F723F8D6D4EFCEC3C904B0F936
:1089B000FBE60D34EE9125183407AE5F2810AAE9C6
:1089C0000EF3ED0ACE30F413AE06A5BDFBE5CDFBEC
:1089D000F4D77FE9F6FFDDCA06E906FEF9DFECEB26
:1089E0003FCDC0D8F90910D32AF2C4E0E4A426D5BB
:1089F000F22AF5BEE597C8132F09F9C3E8EB3F2823
:108A000025016A04DB02184336E570AE1BC3E5F1AD
:108A1000F1F1CF00E129FA03E2F712C914DEFC1DDF
:108A200043195AFEA1040511078D9EE8D41EEDE0FE
:108A3000F81E301EF3F8EDCC00F901BE2014FE370D
:108A4000BAEBC709B813FE071EDE1DFFC9050FF4F8
:108A5000F5F007FB000D0AD012C4074D2712DCE326
:108A60001DEB39B8EFF9CAEDF8E5EBE60BE830F0AD
:108A7000091B0AEEE1F8CB2742AB0A0E020721E8F8
:108A8000D7F31DF713F12304EEDF19FDCA2CBFFB4A
:108A9000F31B3521E2CB42E1F0D2D0ECEEF21633FB
:108AA000112EBB401A813CF5F8A0181C0DB1DADD7F
:108AB000C404420916BED90D2633D1C60411DAE822
:108AC00015D8300EE906B92A00223ABDE8E0B9F21D
:108AD000ED1824E0A41E2B07DAEE09B524FDA3FE51
:108AE00043E5FAC2D4030937D6E404EF43063FE86E
:108AF0000316DD0825BDE714D1FE0634EE22FCED99
:108B00001E132C1FEA0AEDC3C826E7F84FD6EB5117
:108B100028E7F104D5EAD0AE2DF6DDF4EE45C2200B
:108B20004736F5F540463124190A20F338DF0F1097
:108B3000DD147F0D23DF1E31C0E709EFD246F5B10A
:108B40003DC8FF061526F0CFF941EE3F5D080AE06B
:108B5000F6BCF60F01DC3029B31C26B81E1412D760
:108B6000158B323EE6DFE0AE2228E5C2811FBDC78D
:108B70000624BBF6BDD90475A01DD71BF949F9D64B
:108B8000D71003FC10DEDDD0F26617B003D104F17C
:108B900095FD0822EA1725DB3FE696C5F14AF3A4C6
:108BA000DAAC34E7B41D0DD815EFDCFBD3E3031CBE
:108BB000300BE42EB145BFCEB0F1041707950BEC96
:108BC000C9DAF308F82DC2E80722BD393F25F77648
:108BD000F4E4FA29C9EB424ACF22D6CDFFE614D5F8
:108BE000A92B122BF44108CFCC08040CD5DBCDCB3C
:108BF000FCEC0E04C63F037FFCCAECCCBE360EF480
:108C0000D8F5141B0CF702F01C2400C403F9E61875
:108C1000DDFFF641391013253C1DB7C3BB5314EFDC
:108C20001BE024EF34FD77D856AC1BABC1AA31E56D
:108C30003B21E21504ECDF1EEAF8FFFF0400000010
:108C4000000200003AFDFFFF40FEFFFF1DFEFFFF98
:108C50009FFCFFFFAAFBFFFFA6FCFFFFCEFBFFFF71
:108C600097FCFFFFB8FAFFFF5FFDFFFF3401000034
:108C700016FEFFFF9DFCFFFF8FFCFFFFD5FDFFFFF2
:108C80007BFDFFFFE9FCFFFF5FFBFFFF60FEFFFFD7
:108C90001BFDFFFF8AFDFFFFA9FFFFFF1FFBFFFF7B
:108CA0008FFCFFFF40FBFFFFB2FCFFFF6DFDFFFFEE
:108CB000B7FEFFFF48FEFFFF43FEFFFF4FFDFFFF34
:108CC0009AFCFFFF05FDFFFF1BFFFFFFE2FEFFFF1A
:108CD00006FDFFFF62FCFFFFC5FCFFFF8BFAFFFFF5
:108CE0006EFBFFFF8BFEFFFF3D00000017FEFFFF46
:108CF00022FBFFFFCEFEFFFF1FFBFFFF4CFEFFFF2F
:108D000026F9FFFF7EFBFFFFACFCFFFF30FBFFFF00
:108D100022FCFFFF0BFCFFFF20FCFFFF24FBFFFFFB
:108D20005FFDFFFFCBFBFFFFC5FAFFFF1DFFFFFF4E
:108D300063FFFFFFB4FDFFFF72FCFFFF86FCFFFF38
:108D40008DFEFFFFF3F9FFFF87FDFFFFDF0000004F
:108D5000B0FDFFFF90FCFFFFA2FEFFFFE5FAFFFF63
:108D60003DFDFFFF92FDFFFF36FCFFFF54000000BA
:108D70009AF9FFFF68FCFFFF3BFCFFFF35FCFFFF9C
:108D80004BFBFFFF8CFEFFFF24FCFFFF64FEFFFF99
:108D900090FBFFFFB4FDFFFF9EFCFFFF5CFAFFFFAF
:108DA000ABFCFFFFACFEFFFF5DFCFFFF3DFEFFFFE6
:108DB000FFF9FFFFE7FDFFFF44FEFFFF28FEFFFF77
:108DC00003FEFFFF9FFDFFFFDAFDFFFFECFEFFFF4D
:108DD000E0FCFFFF25FBFFFFC4FEFFFF6CFDFFFF74
:108DE000F2FDFFFF77FDFFFF59FDFFFF95FEFFFF3F
:108DF0005FFCFFFF97FBFFFF2DFEFFFF05FDFFFF61
:108E000043FAFFFFA5FDFFFFA5FCFFFF2AFCFFFFC4
:108E1000A7FEFFFFAEFDFFFFECFCFFFF73FDFFFFB2
:108E2000ADFFFFFF54F9FFFF3BFDFFFFD0FBFFFF4E
:108E3000B7FAFFFFFFFEFFFF84FDFFFF0600000003
:108E4000D9FBFFFFF6FAFFFF04000000000400005A
:108E5000FEED291DFCBBDE41100D27FBFE28FF2087
:108E60001132EF131820D0BF19BD1C81DD34D41F7F
:108E7000EBA61ED8212011B9B211EEFEE2C016FDFC
:108E800021D8FD14F12DAEBA34B5C8A81A3BFE1B8B
:108E90002A0AFCD2130B3DD528C8EF1A03140DDEA5
:108EA000B6CF2FFBDCB0490EBD3532391DFE1EC4D6
:108EB000FFD6CBE11522C11BD11CD9EDFC44F12911
:108EC0000FD6A108FCF53428D50A4A01FD2DE2E8A9
:108ED000EDD5A6B322F353B6C02C16061FE5FE2629
:108EE00067E34833F6CF3A312B1622A34F2CDB151C
:108EF0003306322EFC8338F552DFF134FB3E0CE8AA
:108F0000F90D012CC2010EE02B49E4160C2681312B
:108F10004B0906620319E00DE8DF10ED1B272E2137
:108F2000C926403855A6583E13E236A8FECF3B3F2F
:108F3000AF1E17A51621B1C41BA82222E89B165408
:108F40002A40A7EC101FF8EB42AF1CD52725EDAB4C
:108F5000260E24D8D9D6D3B2D7F909073F2DEA3047
:108F60005413FDEF2512564D0BCD1B2BFFCC20F9D2
:108F7000FB180AD84BF9DDFA12F69F8795F521FB0D
:108F80002835DD2CACBAE20A1146BBEF231BD40214
:108F9000E8131CDD1208F80E063A1A0235B09CECF4
:108FA000FF3C02ABF8D80EB72A163CF6F2F8DF34D5
:108FB000D02940E8E2DB0B2CC82C29E71915E2D9AF
:108FC000C7D215EA1D2637D3FCACD23127812D1B21
:108FD0004710DE2D4D24CFE41495C196330F3DEF9D
:108FE0001EAF4BBD2429219EBA43B5AAF2D818BAA8
:108FF000EC0019A933B1D82A35CFCFD41E3D42F1A8
:109000001F089524F110F9001CB0F4F1131D111C78
:10901000F2938129F4B3EDB3B5033728DB3104A80B
:1090200032E8EB33E6A9BE0A2EE822F8E6FCE2D9E4
:1090300002090C0DA1040223E0FB021FE024FA0D3B
:1090400024D69CAE152E0B29D4E61C25331BD42820
:10905000340F12050B10B8010804FF12F41E232C64
:10906000FC25AFF90A1CB10DEFEA1725F60FE61241
:10907000D6EFDEB84003D6F00E130F2022E2F0EA5E
:10908000D50314C70401EA050335112C11E3FD1DB6
:10909000E11E01D7EAFBD018F21925E00EF4B5F570
:1090A00008DB08FE2019180EF2F312CE17221B3F20
:1090B000EE11FD1B11F809081ECDC8E3E700FB8186
:1090C000FE100505E330D120200F2E28D0132620D6
:1090D0000449D81AF13506E1E9DAA016FFEAEB46B1
:1090E000F8CBF112B5FCD811F3322717A507780495
:1090F000DB0D8EA6F608EBD52EF3FB1536EE110C24
:10910000EFDA17DAEC21F3154FCF0F1F99FEDBBA18
:10911000CC31115A9701C22810353C013781D1D288
:10912000072DF8032F31CEAABC1402D13B330B0A12
:10913000E91CC7B712B10E2C37E2A332E6DB27AE2B
:10914000BDCA2C190D0ADE14B817CCA3B227352DD1
:10915000F8491B0163464604BA1D2D14E3903018EC
:10916000C4E5A42853442A214DF8F4EF2641EE3BF0
:1091700023DF0228D5FC3813D3313AD018EAB59C46
:10918000D302082F2729ED2ABDC007A722F014CA51
:10919000C3B2D8D2EDDC85CB16AC4E0BD4AEF212F6
:1091A000D7A85D9CE81FF039B21DA005D228812008
:1091B000E58FC0320111EBD8FC02442E571BD0F4CE
:1091C0002DD0DF30AAEA444AFD1B14BE1FF80B2144
:1091D000FBE5C4D2E91707E4FBF211F325EBB9E490
:1091E000CEDACB2401BF212220F70FE2061E200D8C
:1091F000EF0419E7D0FF112006AADCBD1937072BB1
:109200002DD725C1F71223E8F0230A081C2C0C1EC9
:109210000408E409160507E9D6FACE24EDFA1F2E54
:109220001E00011AEC2CEAECE70FFB072C9FC81E6E
:10923000D30F34C8DC16A50A0681D0A2E8BE28DB0D
:10924000E8031315CBAB15182CCD12FD1DEDF2DE86
:1092500002FFFFFF0400000020000000D105000015
:1092600001FAFFFF9E030000B9FBFFFF65FCFFFF53
:10927000A405000010FEFFFFC70000002EFFFFFF47
:1092800004000000080000000100000002000000CF
:1092900094BBFFFF98BBFFFF0F0000004D4C4952ED
:1092A00020436F6E7665727465642E0001000000C5
:1092B0001400000000000E001800140010000C0044
:1092C000080004000E000000140000001C00000054
:1092D000B8040000BC040000C0040000040000004A
:1092E0006D61696E00000000120000005004000073
:1092F0000C040000C80300007403000020030000F9
:10930000DC020000A802000074020000300200002D
:10931000E00100009C010000680100003401000031
:10932000F0000000BC0000007800000040000000D9
:109330000400000046FCFFFF1C00000000000009C4
:109340001C000000200000000700000000000600D4
:1093500008000400060000000000803F010000003B
:109360002700000001000000260000007EFCFFFF37
:1093700014000000000000081000000014000000AD
:109380000600000088BCFFFF01000000260000006E
:1093900003000000250000000300000002000000A0
:1093A000B2FCFFFF1C000000000000081C000000D1
:1093B0002000000006000000000006000800070072
:1093C0000600000000000001010000002500000070
:1093D000030000002400000005000000040000005D
:1093E000F2FCFFFF140000000000001B1000000052
:1093F0001400000005000000FCBCFFFF010000009D
:109400002400000002000000230000000100000012
:1094100022FDFFFF140000000000000524000000F2
:109420002800000003000000A2FDFFFF0200000072
:109430000100000002000000010000000000000127
:1094400001000000230000000100000022000000D5
:1094500062FDFFFF140000000000000B1000000080
:1094600014000000020000006CBDFFFF01000000BE
:1094700022000000020000002100000006000000A1
:1094800092FDFFFF14000000000000151000000016
:1094900014000000010000009CBDFFFF010000005F
:1094A0002100000002000000200000000700000072
:1094B00082FDFFFF10000000000000011C00000002
:1094C0002000000074FDFFFF00000001010000000B
:1094D0000100000000000001010000002000000069
:1094E000030000001F000000090000000800000049
:1094F00002FEFFFF20000000000000022800000024
:109500002C000000040000000C00100000000C0003
:10951000080004000C000000010000000100000031
:1095200001000000010000001F0000000300000017
:109530001E0000000B0000000A0000004EFEFFFFAE
:1095400014000000000000052400000028000000B6
:1095500003000000CEFEFFFF02000000020000003A
:1095600002000000020000000000000101000000F5
:109570001E000000010000001D0000008EFEFFFF25
:10958000140000000000000B100000001400000098
:109590000200000098BEFFFF010000001D00000057
:1095A000020000001C0000000C000000BEFEFFFFD7
:1095B000140000000000001510000000140000005E
:1095C00001000000C8BEFFFF010000001C000000F9
:1095D000020000001B0000000D000000AEFEFFFFB7
:1095E00010000000000000011C000000200000002E
:1095F000A0FEFFFF000000010100000001000000CC
:1096000000000001010000001B000000030000003A
:109610001A0000000F0000000E0000002EFFFFFFE8
:1096200020000000000000022C00000030000000BC
:10963000040000000C00140013000C0008000400DB
:109640000C0000000100000001000000010000000B
:1096500000000001010000001A00000003000000EB
:109660001900000011000000100000007EFFFFFF45
:109670002400000000000005340000003800000055
:109680000300000000000E001800170010000C007E
:10969000080004000E0000000200000002000000AC
:1096A00002000000020000000000000101000000B4
:1096B000190000000100000018000000CEFFFFFFAD
:1096C000140000000000000B100000001400000057
:1096D00002000000D8BFFFFF0100000018000000DA
:1096E00002000000170000001200000000000E0041
:1096F0001800140010000C000B0004000E00000005
:10970000140000000000001510000000140000000C
:109710000100000018C0FFFF01000000170000005A
:1097200002000000160000001300000000000E0000
:109730001400000010000C000B0004000E000000DC
:109740001C00000000000001280000002C000000A8
:109750000C00140013000C00080007000C000000AF
:1097600000000001010000000100000000000001F5
:1097700001000000160000000300000000000000CF
:109780001500000014000000010000002700000088
:109790000100000000000000280000009C3F0000C5
:1097A000403F0000703E0000B43D00006037000004
:1097B00004310000A03000003C300000E829000027
:1097C0008423000030200000B41C0000501C000066
:1097D000EC1B000098180000341500006013000016
:1097E0007811000018110000B4100000E00E000015
:1097F000FC0C0000080C00005C0B0000B00A00002C
:10980000140A0000600900003C08000090070000F6
:10981000E40600004806000094050000680400000B
:10982000BC0300001003000074020000E00100000F
:109830002401000080000000040000001AC1FFFFA6
:109840000000000118000000200000003C000000A3
:109850002800000000000009500000000200000085
:10986000FFFFFFFF08000000FCC0FFFF0800000032
:10987000100000000100000080FFFFFFFFFFFFFF5E
:10988000010000000000803B1B0000005374617465
:109890006566756C506172746974696F6E65644356
:1098A000616C6C5F313A3000020000000100000082
:1098B0000800000092C1FFFF000000011800000036
:1098C000200000003C00000027000000000000090C
:1098D0007800000002000000FFFFFFFF080000000A
:1098E00074C1FFFF0800000010000000010000002C
:1098F000E9FFFFFFFFFFFFFF010000006226D73DE9
:109900004000000044535F434E4E5F4D6F64656CF2
:109910005F312F64656E73655F315F322F4D617407
:109920004D756C3B44535F434E4E5F4D6F64656CA9
:109930005F312F64656E73655F315F322F426961FD
:109940007341646400000000020000000100000098
:109950000800000032C2FFFF0000000118000000F4
:10996000200000003C00000026000000000000096C
:109970009000000002000000FFFFFFFF80000000D9
:1099800014C2FFFF080000001000000001000000EA
:1099900080FFFFFFFFFFFFFF01000000DFCE013D62
:1099A0005800000044535F434E4E5F4D6F64656C3A
:1099B0005F312F64656E73655F312F4D61744D7536
:1099C0006C3B44535F434E4E5F4D6F64656C5F313B
:1099D0002F64656E73655F312F52656C753B445320
:1099E0005F434E4E5F4D6F64656C5F312F64656EF3
:1099F00073655F312F426961734164640000000048
:109A0000020000000100000080000000EAC2FFFF29
:109A100000000001180000002000000040000000CD
:109A2000250000000000000968000000020000009E
:109A3000FFFFFFFF80000000CCC2FFFF0800000016
:109A4000140000000100000096FFFFFFFFFFFFFF72
:109A500000000000010000003E22403D2E000000FA
:109A600044535F434E4E5F4D6F64656C5F312F67AB
:109A70006C6F62616C5F617665726167655F706F64
:109A80006F6C696E6732645F312F4D65616E0000E7
:109A90000200000001000000800000007AC3FFFF08
:109AA0000000000118000000280000004400000031
:109AB000240000000000000968000000040000000D
:109AC000FFFFFFFF03000000010000008000000016
:109AD00064C3FFFF08000000100000000100000048
:109AE0008DFFFFFFFFFFFFFF010000008472CA3DF2
:109AF0002A00000044535F434E4E5F4D6F64656C17
:109B00005F312F6D61785F706F6F6C696E67326463
:109B10005F325F312F4D6178506F6F6C326400009F
:109B2000040000000100000003000000010000002C
:109B30008000000012C4FFFF0000000118000000B8
:109B40002800000048000000230000000000000979
:109B50007800000004000000FFFFFFFF0600000087
:109B60000100000080000000FCC3FFFF08000000AF
:109B700014000000010000008DFFFFFFFFFFFFFF4A
:109B800000000000010000008472CA3D36000000A1
:109B900044535F434E4E5F4D6F64656C5F312F627F
:109BA000617463685F6E6F726D616C697A6174690C
:109BB0006F6E5F325F312F62617463686E6F726DBA
:109BC0002F6164645F3100000400000001000000A8
:109BD000060000000100000080000000BAC4FFFF82
:109BE00000000001180000002800000048000000EC
:109BF00022000000000000097800000004000000BE
:109C0000FFFFFFFF060000000100000080000000D1
:109C1000A4C4FFFF080000001400000001000000C1
:109C20008DFFFFFFFFFFFFFF0000000001000000AD
:109C3000C387CC3D3600000044535F434E4E5F4D1A
:109C40006F64656C5F312F62617463685F6E6F7201
:109C50006D616C697A6174696F6E5F325F312F621A
:109C6000617463686E6F726D2F6D756C5F3100008B
:109C700004000000010000000600000001000000D8
:109C80008000000062C5FFFF000000011800000016
:109C9000280000004800000021000000000000092A
:109CA000F800000004000000FFFFFFFF06000000B6
:109CB00001000000800000004CC5FFFF080000000C
:109CC000140000000100000080FFFFFFFFFFFFFF06
:109CD00000000000010000001F62C23DB50000004E
:109CE00044535F434E4E5F4D6F64656C5F312F731D
:109CF0006570617261626C655F636F6E7632645F1E
:109D0000315F322F52656C753B44535F434E4E5F5B
:109D10004D6F64656C5F312F736570617261626C49
:109D2000655F636F6E7632645F315F322F426961C7
:109D3000734164643B44535F434E4E5F4D6F6465B3
:109D40006C5F312F736570617261626C655F636F08
:109D50006E7632645F315F322F736570617261625B
:109D60006C655F636F6E7632643B44535F434E4E67
:109D70005F4D6F64656C5F312F73657061726162F6
:109D80006C655F636F6E7632645F315F322F537143
:109D90007565657A650000000400000001000000A0
:109DA0000600000001000000800000008AC6FFFFDE
:109DB000000000011800000028000000480000001A
:109DC00020000000000000098000000004000000E6
:109DD000FFFFFFFF06000000010000004000000040
:109DE00074C6FFFF0800000014000000010000001E
:109DF000FAFFFFFFFFFFFFFF00000000010000006F
:109E00005886A43C3E00000044535F434E4E5F4DD5
:109E10006F64656C5F312F736570617261626C6530
:109E20005F636F6E7632645F315F322F736570618E
:109E30007261626C655F636F6E7632642F64657009
:109E40007468776973650000040000000100000079
:109E50000600000001000000400000003AC7FFFFBC
:109E6000000000011800000028000000440000006D
:109E70001F0000000000000968000000040000004E
:109E8000FFFFFFFF0600000001000000400000008F
:109E900024C7FFFF080000001000000001000000C0
:109EA00091FFFFFFFFFFFFFF01000000F7749A3DE5
:109EB0002A00000044535F434E4E5F4D6F64656C53
:109EC0005F312F6D61785F706F6F6C696E673264A0
:109ED0005F315F322F4D6178506F6F6C32640000DC
:109EE0000400000001000000060000000100000066
:109EF00040000000D2C7FFFF000000011800000072
:109F000028000000480000001E00000000000009BA
:109F10007800000004000000FFFFFFFF0D000000BC
:109F20000300000040000000BCC7FFFF0800000065
:109F3000140000000100000091FFFFFFFFFFFFFF82
:109F40000000000001000000F7749A3D3600000098
:109F500044535F434E4E5F4D6F64656C5F312F62BB
:109F6000617463685F6E6F726D616C697A61746948
:109F70006F6E5F315F322F62617463686E6F726DF6
:109F80002F6164645F3100000400000001000000E4
:109F90000D00000003000000400000007AC8FFFF31
:109FA0000000000118000000280000004800000028
:109FB0001D000000000000097800000004000000FF
:109FC000FFFFFFFF0D000000030000004000000045
:109FD00064C8FFFF0800000014000000010000003A
:109FE00091FFFFFFFFFFFFFF0000000001000000E6
:109FF00012EE9A3D3600000044535F434E4E5F4DD3
:10A000006F64656C5F312F62617463685F6E6F723D
:10A010006D616C697A6174696F6E5F315F322F6256
:10A02000617463686E6F726D2F6D756C5F310000C7
:10A0300004000000010000000D000000030000000B
:10A040004000000022C9FFFF0000000118000000CE
:10A0500028000000480000001C000000000000096B
:10A06000F000000004000000FFFFFFFF0D000000F3
:10A0700003000000400000000CC9FFFF08000000C2
:10A08000140000000100000080FFFFFFFFFFFFFF42
:10A0900000000000010000004087903DAD0000007E
:10A0A00044535F434E4E5F4D6F64656C5F312F7359
:10A0B0006570617261626C655F636F6E7632645F5A
:10A0C000312F52656C753B44535F434E4E5F4D6F6D
:10A0D00064656C5F312F736570617261626C655F7E
:10A0E000636F6E7632645F312F42696173416464DD
:10A0F0003B44535F434E4E5F4D6F64656C5F312F41
:10A10000736570617261626C655F636F6E763264F5
:10A110005F312F736570617261626C655F636F6E32
:10A120007632643B44535F434E4E5F4D6F64656CC3
:10A130005F312F736570617261626C655F636F6E12
:10A140007632645F312F53717565657A6500000062
:10A1500004000000010000000D00000003000000EA
:10A160004000000042CAFFFF00000001180000008C
:10A1700028000000480000001B000000000000094B
:10A180008000000004000000FFFFFFFF0D00000042
:10A1900003000000200000002CCAFFFF08000000A0
:10A1A000140000000100000020000000000000007A
:10A1B0000000000001000000FC7B353D3C00000079
:10A1C00044535F434E4E5F4D6F64656C5F312F7338
:10A1D0006570617261626C655F636F6E7632645F39
:10A1E000312F736570617261626C655F636F6E764B
:10A1F00032642F64657074687769736500000000CD
:10A2000004000000010000000D0000000300000039
:10A2100020000000F2CAFFFF00000001180000004B
:10A2200028000000440000001A000000000000099F
:10A230006800000004000000FFFFFFFF0F000000A7
:10A240000500000020000000DCCAFFFF080000003D
:10A25000100000000100000089FFFFFFFFFFFFFF6B
:10A26000010000001184A23D2800000044535F4318
:10A270004E4E5F4D6F64656C5F312F6D61785F701E
:10A280006F6F6C696E6732645F312F4D6178506F0C
:10A290006F6C326400000000040000000100000048
:10A2A0000F00000005000000200000008ACBFFFF27
:10A2B0000000000118000000280000004800000015
:10A2C00019000000000000097800000004000000F0
:10A2D000FFFFFFFF1E0000000B0000002000000039
:10A2E00074CBFFFF08000000140000000100000014
:10A2F00089FFFFFFFFFFFFFF0000000001000000DB
:10A300001184A23D3400000044535F434E4E5F4D24
:10A310006F64656C5F312F62617463685F6E6F722A
:10A320006D616C697A6174696F6E5F312F626174FF
:10A3300063686E6F726D2F6164645F3100000000AE
:10A3400004000000010000001E0000000B000000DF
:10A350002000000032CCFFFF0000000118000000C8
:10A36000280000004800000018000000000000095C
:10A370007800000004000000FFFFFFFF1E00000047
:10A380000B000000200000001CCCFFFF08000000B4
:10A39000140000000100000088FFFFFFFFFFFFFF27
:10A3A0000000000001000000373CA73D3400000021
:10A3B00044535F434E4E5F4D6F64656C5F312F6257
:10A3C000617463685F6E6F726D616C697A617469E4
:10A3D0006F6E5F312F62617463686E6F726D2F6D87
:10A3E000756C5F31000000000400000001000000F7
:10A3F0001E0000000B00000020000000DACCFFFF70
:10A4000000000001180000002800000044000000C7
:10A410001700000000000009C00000000400000058
:10A42000FFFFFFFF1E0000000B00000020000000E7
:10A43000C4CCFFFF08000000100000000100000075
:10A4400080FFFFFFFFFFFFFF01000000F7F61E4047
:10A450008100000044535F434E4E5F4D6F64656C56
:10A460005F312F636F6E7632645F312F52656C758A
:10A470003B44535F434E4E5F4D6F64656C5F312FBD
:10A48000636F6E7632645F312F4269617341646439
:10A490003B44535F434E4E5F4D6F64656C5F312F9D
:10A4A000636F6E7632645F312F636F6E766F6C759B
:10A4B00074696F6E3B44535F434E4E5F4D6F6465EE
:10A4C0006C5F312F636F6E7632645F312F5371751D
:10A4D00065657A653100000004000000010000009D
:10A4E0001E0000000B0000002000000022CEFFFF35
:10A4F0000000000114000000A80100001600000088
:10A5000000000009B40100009CCDFFFF080000001E
:10A510000C0100002000000000000000000000000E
:10A52000000000000000000000000000000000002B
:10A53000000000000000000000000000000000001B
:10A54000000000000000000000000000000000000B
:10A5500000000000000000000000000000000000FB
:10A5600000000000000000000000000000000000EB
:10A5700000000000000000000000000000000000DB
:10A5800000000000000000000000000000000000CB
:10A5900000000000000000000000000000000000BB
:10A5A00000000000000000000000000000000000AB
:10A5B000000000000000000000000000000000009B
:10A5C000000000000000000000000000000000008B
:10A5D000000000000000000000000000000000007B
:10A5E000000000000000000000000000000000006B
:10A5F000000000000000000000000000000000005B
:10A60000000000000000000000000000000000004A
:10A61000000000000000000000000000200000001A
:10A620004A4AD83A112CB33AE547CF3AFE01B53A37
:10A63000296B0E3B1831F73AAC93A63AE8DAD13AD7
:10A640001660173BD725DA3AA0E2CD3A9B6BCB3A9E
:10A65000F37C413BD9BBE03AF640E53A707EBA3A2A
:10A66000E309263BE3B3103B02C2F83A57AE103B76
:10A670001A49E33ABC17ED3A3CF9BC3A72EDBF3ADD
:10A68000F440B13AB058053BA628123B2FD1ED3A21
:10A690004A8CA03A8466DB3ABFED023B7328433B09
:10A6A0001300000074666C2E70736575646F5F71C3
:10A6B000636F6E73743139000400000020000000E5
:10A6C00003000000030000000100000002D0FFFFB3
:10A6D0000000000114000000A401000015000000AB
:10A6E00000000002B00100007CCFFFFF0800000066
:10A6F0000801000020000000000000000000000031
:10A700000000000000000000000000000000000049
:10A710000000000000000000000000000000000039
:10A720000000000000000000000000000000000029
:10A730000000000000000000000000000000000019
:10A740000000000000000000000000000000000009
:10A7500000000000000000000000000000000000F9
:10A7600000000000000000000000000000000000E9
:10A7700000000000000000000000000000000000D9
:10A7800000000000000000000000000000000000C9
:10A7900000000000000000000000000000000000B9
:10A7A00000000000000000000000000000000000A9
:10A7B0000000000000000000000000000000000099
:10A7C0000000000000000000000000000000000089
:10A7D0000000000000000000000000000000000079
:10A7E0000000000000000000000000000000000069
:10A7F000000000000000000020000000A3D90A3C77
:10A80000230BE63B0511053C7D66E83BD0DA363C80
:10A8100013B01E3C42DFD53B14B8063CC15A423C43
:10A82000EC0A0C3CAA2B043C9396023C926C783CBC
:10A830004745103C1A2C133CB071EF3B5A2E553C47
:10A840008FC9393C73B11F3C6FC2393CA4E8113C3D
:10A850005F34183CB8A0F23BA36BF63B9694E33B05
:10A86000EF342B3C28A83B3C6DAB183CAC21CE3BD5
:10A87000C9D80C3C421A283C73917A3C1300000062
:10A8800074666C2E70736575646F5F71636F6E7341
:10A89000743138000100000020000000D2D1FFFF19
:10A8A000000000011400000034000000140000004B
:10A8B00000000009400000004CD1FFFF080000002C
:10A8C000140000000100000080FFFFFFFFFFFFFFFA
:10A8D0000000000001000000456B033B1300000076
:10A8E00074666C2E70736575646F5F71636F6E73E1
:10A8F00074313700010000002000000032D2FFFF59
:10A9000000000001140000003000000013000000EF
:10A91000000000093C000000ACD1FFFF080000006F
:10A9200010000000010000007F0000000000000097
:10A9300001000000296E2F3B1300000074666C2E8E
:10A9400070736575646F5F71636F6E737431360019
:10A9500001000000200000008ED2FFFF0000000177
:10A9600014000000AC01000012000000000000090B
:10A97000B8010000DAF4FFFF030000000800000047
:10A980000C0100002000000000000000000000009A
:10A9900000000000000000000000000000000000B7
:10A9A00000000000000000000000000000000000A7
:10A9B0000000000000000000000000000000000097
:10A9C0000000000000000000000000000000000087
:10A9D0000000000000000000000000000000000077
:10A9E0000000000000000000000000000000000067
:10A9F0000000000000000000000000000000000057
:10AA00000000000000000000000000000000000046
:10AA10000000000000000000000000000000000036
:10AA20000000000000000000000000000000000026
:10AA30000000000000000000000000000000000016
:10AA40000000000000000000000000000000000006
:10AA500000000000000000000000000000000000F6
:10AA600000000000000000000000000000000000E6
:10AA700000000000000000000000000000000000D6
:10AA800000000000000000000000000020000000A6
:10AA900026A0C93AB6F0073BCDC4AF3AEFE5013B7B
:10AAA0007746E93AD705033B1B19EC3A3977C03AA8
:10AAB000DE6DC73A6371DE3A954CF73A3AC3C13A54
:10AAC000D687D73AF4AF2E3BDEC3F73A6730C53AA4
:10AAD0008E6E2E3B8A0EDF3A29FE9A3A32B2673BDF
:10AAE000CA5E033B0B68D63A79F45C3BC282F73A04
:10AAF00020FEB93AAA0C023B1A32ED3A5118CD3A6F
:10AB0000FF04363B1054013BC2ED213B2A60CA3A98
:10AB10001300000074666C2E70736575646F5F714E
:10AB2000636F6E7374313500040000000100000093
:10AB300003000000030000002000000072D4FFFFAB
:10AB40000000000114000000A4010000110000003A
:10AB500000000002B0010000ECD3FFFF080000007D
:10AB600008010000200000000000000000000000BC
:10AB700000000000000000000000000000000000D5
:10AB800000000000000000000000000000000000C5
:10AB900000000000000000000000000000000000B5
:10ABA00000000000000000000000000000000000A5
:10ABB0000000000000000000000000000000000095
:10ABC0000000000000000000000000000000000085
:10ABD0000000000000000000000000000000000075
:10ABE0000000000000000000000000000000000065
:10ABF0000000000000000000000000000000000055
:10AC00000000000000000000000000000000000044
:10AC10000000000000000000000000000000000034
:10AC20000000000000000000000000000000000024
:10AC30000000000000000000000000000000000014
:10AC40000000000000000000000000000000000004
:10AC500000000000000000000000000000000000F4
:10AC6000000000000000000020000000B8FEFF38D7
:10AC7000E9982C396E2ADF3809ED2439EF1614399A
:10AC8000945A2639B0E11539795DF438D134FD385C
:10AC900082360D390AFE1C390003F63826D30839EE
:10ACA000EDCA5D39C4491D39B65CFA38E5775D39BE
:10ACB000469A0D3997C9C4384B16933983CB263938
:10ACC000731C0839B1448C396F201D398725EC3845
:10ACD000351E25391294163931330239201A673955
:10ACE000D4332439FC974D394279003913000000E0
:10ACF00074666C2E70736575646F5F71636F6E73CD
:10AD000074313400010000002000000042D6FFFF33
:10AD100000000001140000002803000010000000E3
:10AD20000000000934030000BCD5FFFF080000004C
:10AD30000C020000400000000000000000000000C5
:10AD40000000000000000000000000000000000003
:10AD500000000000000000000000000000000000F3
:10AD600000000000000000000000000000000000E3
:10AD700000000000000000000000000000000000D3
:10AD800000000000000000000000000000000000C3
:10AD900000000000000000000000000000000000B3
:10ADA00000000000000000000000000000000000A3
:10ADB0000000000000000000000000000000000093
:10ADC0000000000000000000000000000000000083
:10ADD0000000000000000000000000000000000073
:10ADE0000000000000000000000000000000000063
:10ADF0000000000000000000000000000000000053
:10AE00000000000000000000000000000000000042
:10AE10000000000000000000000000000000000032
:10AE20000000000000000000000000000000000022
:10AE30000000000000000000000000000000000012
:10AE40000000000000000000000000000000000002
:10AE500000000000000000000000000000000000F2
:10AE600000000000000000000000000000000000E2
:10AE700000000000000000000000000000000000D2
:10AE800000000000000000000000000000000000C2
:10AE900000000000000000000000000000000000B2
:10AEA00000000000000000000000000000000000A2
:10AEB0000000000000000000000000000000000092
:10AEC0000000000000000000000000000000000082
:10AED0000000000000000000000000000000000072
:10AEE0000000000000000000000000000000000062
:10AEF0000000000000000000000000000000000052
:10AF00000000000000000000000000000000000041
:10AF10000000000000000000000000000000000031
:10AF20000000000000000000000000000000000021
:10AF300000000000000000000000000040000000D1
:10AF4000AACB1B3B3C8F393BB8B0483B37212F3B4A
:10AF5000B6773A3BF64C4B3BEB3D373B95CA423B11
:10AF6000484C1A3BE37F683B116A8F3BAB38223B6E
:10AF70006B244D3BB7D23B3B8C95593BF3E0293BCF
:10AF8000B7E7343B11DC433B656C283B6D635E3BAC
:10AF900028832E3BFC8A783B84B0403BA0A4243B12
:10AFA000B862833BDADD563BE629763B656D4A3B6A
:10AFB000DF7E6C3B9E8B433B885D953B1195693BE7
:10AFC000F2E25E3B3F2C533B815D323BBCEA553B9A
:10AFD000E178323BA30F843B13D92E3B5FAE4F3B4E
:10AFE000EB36213B3A82593B2D99663BC864343B92
:10AFF000074E3A3BF871413B7399453B51572F3B04
:10B00000C6F4523B48D26F3BBE467A3BC850523BD7
:10B0100068C83A3BDA11113BBABA603B3521313B83
:10B020005F18393BA7F7803BBF126E3B96DB813B35
:10B0300020BB8E3B574B693B2D784D3B223F653BF8
:10B040001300000074666C2E70736575646F5F7119
:10B05000636F6E7374313300040000004000000021
:10B06000010000000100000020000000A2D9FFFF45
:10B070000000000114000000240300000F00000085
:10B0800000000002300300001CD9FFFF0800000090
:10B090000802000040000000000000000000000066
:10B0A00000000000000000000000000000000000A0
:10B0B0000000000000000000000000000000000090
:10B0C0000000000000000000000000000000000080
:10B0D0000000000000000000000000000000000070
:10B0E0000000000000000000000000000000000060
:10B0F0000000000000000000000000000000000050
:10B10000000000000000000000000000000000003F
:10B11000000000000000000000000000000000002F
:10B12000000000000000000000000000000000001F
:10B13000000000000000000000000000000000000F
:10B1400000000000000000000000000000000000FF
:10B1500000000000000000000000000000000000EF
:10B1600000000000000000000000000000000000DF
:10B1700000000000000000000000000000000000CF
:10B1800000000000000000000000000000000000BF
:10B1900000000000000000000000000000000000AF
:10B1A000000000000000000000000000000000009F
:10B1B000000000000000000000000000000000008F
:10B1C000000000000000000000000000000000007F
:10B1D000000000000000000000000000000000006F
:10B1E000000000000000000000000000000000005F
:10B1F000000000000000000000000000000000004F
:10B20000000000000000000000000000000000003E
:10B21000000000000000000000000000000000002E
:10B22000000000000000000000000000000000001E
:10B23000000000000000000000000000000000000E
:10B2400000000000000000000000000000000000FE
:10B2500000000000000000000000000000000000EE
:10B2600000000000000000000000000000000000DE
:10B2700000000000000000000000000000000000CE
:10B2800000000000000000000000000000000000BE
:10B29000000000000000000040000000E7E4DC388F
:10B2A000248C033925460E399A4EF838F330043988
:10B2B000E01F103986E7013992170A3953C5DA3889
:10B2C00006D32439E6564B394401E6381A6E113953
:10B2D000F32605391D401A39A4DCF038723F0039D5
:10B2E00074D90A396BCCEE3801A81D39806EF73855
:10B2F000A4323039209A08394570E938DC483A39A7
:10B30000EB521839D8822E3962810F393DA827397E
:10B310006BA00A39F0C653398697253968021E3961
:10B320008FB41539FDE4FC3891A61739CE0BFD38E2
:10B33000083E3B3952E8F738DE3A1339D093E43807
:10B340006B321A39FB7923393FC5FF38661304394C
:10B350004523093932150C39509BF8383B8D153986
:10B36000D3032A393B6D3139F9181539286A043964
:10B37000C3AFCD38DC501F398824FB38E0370339A0
:10B380001EDB36398EC628394B1E3839DC5E4A3909
:10B39000416325397BA91139AA84223913000000A1
:10B3A00074666C2E70736575646F5F71636F6E7316
:10B3B000743132000100000040000000F2DCFFFFA9
:10B3C0000000000114000000340000000E00000026
:10B3D00000000009400000006CDCFFFF08000000D6
:10B3E000140000000100000080FFFFFFFFFFFFFFCF
:10B3F0000000000001000000CC150E3D130000000D
:10B4000074666C2E70736575646F5F71636F6E73B5
:10B4100074313100010000004000000052DDFFFFE8
:10B420000000000114000000340000000D000000C6
:10B430000000000940000000CCDCFFFF0800000015
:10B4400014000000010000007F0000000000000068
:10B4500000000000010000001B6DA63B130000006F
:10B4600074666C2E70736575646F5F71636F6E7355
:10B47000743130000100000040000000B2DDFFFF29
:10B480000000000128000000400300000C00000044
:10B49000000000094C030000000012001000000032
:10B4A00000000C0008000000000004001200000072
:10B4B00003000000080000000C0200004000000033
:10B4C000000000000000000000000000000000007C
:10B4D000000000000000000000000000000000006C
:10B4E000000000000000000000000000000000005C
:10B4F000000000000000000000000000000000004C
:10B50000000000000000000000000000000000003B
:10B51000000000000000000000000000000000002B
:10B52000000000000000000000000000000000001B
:10B53000000000000000000000000000000000000B
:10B5400000000000000000000000000000000000FB
:10B5500000000000000000000000000000000000EB
:10B5600000000000000000000000000000000000DB
:10B5700000000000000000000000000000000000CB
:10B5800000000000000000000000000000000000BB
:10B5900000000000000000000000000000000000AB
:10B5A000000000000000000000000000000000009B
:10B5B000000000000000000000000000000000008B
:10B5C000000000000000000000000000000000007B
:10B5D000000000000000000000000000000000006B
:10B5E000000000000000000000000000000000005B
:10B5F000000000000000000000000000000000004B
:10B60000000000000000000000000000000000003A
:10B61000000000000000000000000000000000002A
:10B62000000000000000000000000000000000001A
:10B63000000000000000000000000000000000000A
:10B6400000000000000000000000000000000000FA
:10B6500000000000000000000000000000000000EA
:10B6600000000000000000000000000000000000DA
:10B6700000000000000000000000000000000000CA
:10B6800000000000000000000000000000000000BA
:10B6900000000000000000000000000000000000AA
:10B6A000000000000000000000000000000000009A
:10B6B000000000000000000000000000000000008A
:10B6C00000000000400000002A679F3AEC34A13AD5
:10B6D0002A94773AF5C77F3AD1A98C3AA450A93A6F
:10B6E000AE765A3A4D7BC23ACCCE993A7DA2A13A77
:10B6F0002957943A6C19863ACDFF573A38E0983A70
:10B700003806AB3A23AC4E3AD023833AB46CD43AE1
:10B71000CD118E3AD54AED3A93A9A03AD0CE913ABE
:10B720007029E23A58DBB33A25E56D3A976FA63AAD
:10B7300060B5AB3AFC47993A8C73863AAC5E8E3A68
:10B740002E08803ABCDBD83AB74BEB3A7C9BA53A43
:10B75000D667843A243BA13AC373693AF307B63AF1
:10B76000D5C7663A4AA3983AD5BB533A1A30813ABC
:10B7700098AAB03AE095653A359EC03A0699993A4A
:10B78000631D373AF6FBAD3A6AD8AF3A87308F3A45
:10B790005D2E783A0E66F83A4C28913A7FBE8F3A81
:10B7A000872ADF3A87ED933AEE529B3ADCE0D73AAC
:10B7B0006B42583AB6E57E3A1B0D483A7E6E983A8F
:10B7C000B124523AC3CA7F3A1200000074666C2E4C
:10B7D00070736575646F5F71636F6E7374390000A9
:10B7E000040000000100000003000000030000004E
:10B7F000400000002AE1FFFF0000000114000000EB
:10B80000240300000B0000000000000230030000D1
:10B81000A4E0FFFF08000000080200004000000054
:10B820000000000000000000000000000000000018
:10B830000000000000000000000000000000000008
:10B8400000000000000000000000000000000000F8
:10B8500000000000000000000000000000000000E8
:10B8600000000000000000000000000000000000D8
:10B8700000000000000000000000000000000000C8
:10B8800000000000000000000000000000000000B8
:10B8900000000000000000000000000000000000A8
:10B8A0000000000000000000000000000000000098
:10B8B0000000000000000000000000000000000088
:10B8C0000000000000000000000000000000000078
:10B8D0000000000000000000000000000000000068
:10B8E0000000000000000000000000000000000058
:10B8F0000000000000000000000000000000000048
:10B900000000000000000000000000000000000037
:10B910000000000000000000000000000000000027
:10B920000000000000000000000000000000000017
:10B930000000000000000000000000000000000007
:10B9400000000000000000000000000000000000F7
:10B9500000000000000000000000000000000000E7
:10B9600000000000000000000000000000000000D7
:10B9700000000000000000000000000000000000C7
:10B9800000000000000000000000000000000000B7
:10B9900000000000000000000000000000000000A7
:10B9A0000000000000000000000000000000000097
:10B9B0000000000000000000000000000000000087
:10B9C0000000000000000000000000000000000077
:10B9D0000000000000000000000000000000000067
:10B9E0000000000000000000000000000000000057
:10B9F0000000000000000000000000000000000047
:10BA00000000000000000000000000000000000036
:10BA10000000000000000000000000000000000026
:10BA200040000000C859C038FB86C2383F609538D6
:10BA300027539A38D9BCA938BD4FCC3835CF833875
:10BA400010AEEA385A99B938320BC3386B00B338A4
:10BA500020D1A138925282387679B838C35FCE3877
:10BA6000F5637938EC3E9E38722A00393D6FAB3869
:10BA70006F2B0F39D5DEC1380FF2AF384274083959
:10BA80004008D9388A888F3858D6C8381F33CF38FD
:10BA9000ACF6B838E13DA238FFCBAB38D67E9A3849
:10BAA00044D702390DF70D3966D6C738EBC59F3834
:10BAB0007C8EC2384DDA8C38E7A7DB38A73D8B384F
:10BAC000F02FB838777F7F38ECE39B38AE2ED5382F
:10BAD0000E858A385B6EE8387658B938AFF65C3830
:10BAE00020F2D1380F31D4383BC9AC3848BD953835
:10BAF000E2DE15392029AF388B74AD388CA50639B4
:10BB0000F380B238B56DBB38E73F0239C37A82386B
:10BB1000A6CA9938926671383AF0B7382C947D38B5
:10BB2000D8549A381200000074666C2E70736575D4
:10BB3000646F5F71636F6E73743800000100000002
:10BB4000400000007AE4FFFF000000011400000044
:10BB5000280600000A00000000000009340600006A
:10BB6000F4E3FFFF080000000C0400008000000068
:10BB700000000000000000000000000000000000C5
:10BB800000000000000000000000000000000000B5
:10BB900000000000000000000000000000000000A5
:10BBA0000000000000000000000000000000000095
:10BBB0000000000000000000000000000000000085
:10BBC0000000000000000000000000000000000075
:10BBD0000000000000000000000000000000000065
:10BBE0000000000000000000000000000000000055
:10BBF0000000000000000000000000000000000045
:10BC00000000000000000000000000000000000034
:10BC10000000000000000000000000000000000024
:10BC20000000000000000000000000000000000014
:10BC30000000000000000000000000000000000004
:10BC400000000000000000000000000000000000F4
:10BC500000000000000000000000000000000000E4
:10BC600000000000000000000000000000000000D4
:10BC700000000000000000000000000000000000C4
:10BC800000000000000000000000000000000000B4
:10BC900000000000000000000000000000000000A4
:10BCA0000000000000000000000000000000000094
:10BCB0000000000000000000000000000000000084
:10BCC0000000000000000000000000000000000074
:10BCD0000000000000000000000000000000000064
:10BCE0000000000000000000000000000000000054
:10BCF0000000000000000000000000000000000044
:10BD00000000000000000000000000000000000033
:10BD10000000000000000000000000000000000023
:10BD20000000000000000000000000000000000013
:10BD30000000000000000000000000000000000003
:10BD400000000000000000000000000000000000F3
:10BD500000000000000000000000000000000000E3
:10BD600000000000000000000000000000000000D3
:10BD700000000000000000000000000000000000C3
:10BD800000000000000000000000000000000000B3
:10BD900000000000000000000000000000000000A3
:10BDA0000000000000000000000000000000000093
:10BDB0000000000000000000000000000000000083
:10BDC0000000000000000000000000000000000073
:10BDD0000000000000000000000000000000000063
:10BDE0000000000000000000000000000000000053
:10BDF0000000000000000000000000000000000043
:10BE00000000000000000000000000000000000032
:10BE10000000000000000000000000000000000022
:10BE20000000000000000000000000000000000012
:10BE30000000000000000000000000000000000002
:10BE400000000000000000000000000000000000F2
:10BE500000000000000000000000000000000000E2
:10BE600000000000000000000000000000000000D2
:10BE700000000000000000000000000000000000C2
:10BE800000000000000000000000000000000000B2
:10BE900000000000000000000000000000000000A2
:10BEA0000000000000000000000000000000000092
:10BEB0000000000000000000000000000000000082
:10BEC0000000000000000000000000000000000072
:10BED0000000000000000000000000000000000062
:10BEE0000000000000000000000000000000000052
:10BEF0000000000000000000000000000000000042
:10BF00000000000000000000000000000000000031
:10BF10000000000000000000000000000000000021
:10BF20000000000000000000000000000000000011
:10BF30000000000000000000000000000000000001
:10BF400000000000000000000000000000000000F1
:10BF500000000000000000000000000000000000E1
:10BF600000000000000000000000000000000000D1
:10BF700000000000800000007FE4353B159A903BF4
:10BF8000A583563B24A3883B7D11223B4EFE5A3BA2
:10BF90003BA8483BBDB1573B02714C3B1B2F1B3BA1
:10BFA000DD496F3BC6D5303B3E93183BE6F93F3B3E
:10BFB0002C6D423B3E4B6E3B3DE52F3BD7493F3B13
:10BFC0006CDC793BEC043D3BB7375C3B6656553B3C
:10BFD0006276523B92A8323BCAF45E3B708F403B84
:10BFE0004350333B7F83183BB2DF463B72B72D3B58
:10BFF0009007353B8C473E3BED1D373B6D342B3B6B
:10C0000089464D3BB6B52C3B2C24423B2A202F3B86
:10C0100047554D3B38562F3BF2AF653BFBEB423B60
:10C02000EDA32E3B8A1A423B9547453B9C7F6C3BD8
:10C03000CAAC253B02358D3B1C016D3B5565473B2A
:10C040005903433B5E3B543B71353A3BD478363B16
:10C050001DE4163BC4E28E3B3523273BEFD53D3B29
:10C0600009DB5F3B0F2A5B3BEFDF0D3B7C07603B4F
:10C07000AEB15B3BC9F96C3BB939313B7776173BC5
:10C08000A423523BB4BB6E3B8060443BD064483B2E
:10C090006653113BA1A71A3B2C7D4D3BE6684B3BF9
:10C0A000707A303B7E10653B2C316D3B577C363BC4
:10C0B000304A1C3B0806233BFE4E213B30CE863BDC
:10C0C000D3298E3B4CC9183B0DCE1D3BA96E2B3B93
:10C0D0006167543B326F2F3BD227383BEBF44F3B29
:10C0E00000153E3BA6EC123B6F8C313B9D595B3BF0
:10C0F00034F6283B8CB32D3B36A1853B0088733B3F
:10C10000B04D123B70F1373BB039463B4338773B7B
:10C110005A812B3B0F564C3BF893563BF0F9373B7B
:10C12000E7CA4D3BFB35393B2D12263BE323313B20
:10C1300067C0203B6B7C563BEF31313B80F0653B69
:10C14000EAE3583B20AD2B3BF2E6583B7E5A243BBA
:10C1500096772B3BA2113F3B2CE6263BEA5D303B1A
:10C16000B291213B540A3F3B26D05A3BD7745C3BEB
:10C17000DCED1F3BDC9D473B1200000074666C2E1B
:10C1800070736575646F5F71636F6E7374370000F1
:10C190000400000080000000010000000100000019
:10C1A00040000000DAEAFFFF000000011400000078
:10C1B0002406000009000000000000023006000014
:10C1C00054EAFFFF0800000008040000800000009F
:10C1D000000000000000000000000000000000005F
:10C1E000000000000000000000000000000000004F
:10C1F000000000000000000000000000000000003F
:10C20000000000000000000000000000000000002E
:10C21000000000000000000000000000000000001E
:10C22000000000000000000000000000000000000E
:10C2300000000000000000000000000000000000FE
:10C2400000000000000000000000000000000000EE
:10C2500000000000000000000000000000000000DE
:10C2600000000000000000000000000000000000CE
:10C2700000000000000000000000000000000000BE
:10C2800000000000000000000000000000000000AE
:10C29000000000000000000000000000000000009E
:10C2A000000000000000000000000000000000008E
:10C2B000000000000000000000000000000000007E
:10C2C000000000000000000000000000000000006E
:10C2D000000000000000000000000000000000005E
:10C2E000000000000000000000000000000000004E
:10C2F000000000000000000000000000000000003E
:10C30000000000000000000000000000000000002D
:10C31000000000000000000000000000000000001D
:10C32000000000000000000000000000000000000D
:10C3300000000000000000000000000000000000FD
:10C3400000000000000000000000000000000000ED
:10C3500000000000000000000000000000000000DD
:10C3600000000000000000000000000000000000CD
:10C3700000000000000000000000000000000000BD
:10C3800000000000000000000000000000000000AD
:10C39000000000000000000000000000000000009D
:10C3A000000000000000000000000000000000008D
:10C3B000000000000000000000000000000000007D
:10C3C000000000000000000000000000000000006D
:10C3D000000000000000000000000000000000005D
:10C3E000000000000000000000000000000000004D
:10C3F000000000000000000000000000000000003D
:10C40000000000000000000000000000000000002C
:10C41000000000000000000000000000000000001C
:10C42000000000000000000000000000000000000C
:10C4300000000000000000000000000000000000FC
:10C4400000000000000000000000000000000000EC
:10C4500000000000000000000000000000000000DC
:10C4600000000000000000000000000000000000CC
:10C4700000000000000000000000000000000000BC
:10C4800000000000000000000000000000000000AC
:10C49000000000000000000000000000000000009C
:10C4A000000000000000000000000000000000008C
:10C4B000000000000000000000000000000000007C
:10C4C000000000000000000000000000000000006C
:10C4D000000000000000000000000000000000005C
:10C4E000000000000000000000000000000000004C
:10C4F000000000000000000000000000000000003C
:10C50000000000000000000000000000000000002B
:10C51000000000000000000000000000000000001B
:10C52000000000000000000000000000000000000B
:10C5300000000000000000000000000000000000FB
:10C5400000000000000000000000000000000000EB
:10C5500000000000000000000000000000000000DB
:10C5600000000000000000000000000000000000CB
:10C5700000000000000000000000000000000000BB
:10C5800000000000000000000000000000000000AB
:10C59000000000000000000000000000000000009B
:10C5A000000000000000000000000000000000008B
:10C5B000000000000000000000000000000000007B
:10C5C000000000000000000000000000000000006B
:10C5D00080000000ABCB693830DDB938E8DC893841
:10C5E0006FA0AF3882505038D6BD8C3813F58038E4
:10C5F0000E9F8A38AF6383383B774738E4C8993851
:10C600007F4B6338CA1C4438ACC17638F0E77938C0
:10C61000412599385316623860DF75385494A03834
:10C62000B1F4723842878D384E1B893849428738B9
:10C630007EA36538D2498F38E2817738097B663826
:10C640008D084438579F7F385E495F38B1AF6838EE
:10C6500061937438895E6B38DC0E5C38E9EC8338A2
:10C6600016FE5D381C8A79380419613863F6833800
:10C670007F5E6138409D9338EF8A7A38537960380D
:10C68000BA7D7938C5927D38DCFD973846F3543849
:10C690001F80B538165198388E258038F8A87A381A
:10C6A00068658838E9576F38548A6A38A4F2413887
:10C6B00083A8B73888D4563859017438CBDD8F3801
:10C6C000F5D98C38D25B36385CFA8F381E318D380C
:10C6D000614C9838F7CB6338C1AE42381C0D8738AF
:10C6E000886D9938C0697C38BFC9803862CB3A38C8
:10C6F00018C9463806108438F2B9823819D662381B
:10C70000C6369338F96F9838D78E6A3817E34838A9
:10C71000D58A513883564F38AA45AD38CCBAB63889
:10C7200045624438A1D54A38B6595C38B181883859
:10C73000997E61384DB46C3808A6853869527438D2
:10C7400069D93C384736643885F88C38C92C593853
:10C750005B445F38CEC2AB38ED829C38170D3C3855
:10C76000676E6C38F6C97E38C7E19E38BD715C389B
:10C770005D52833866E7893854796C38FB418438D8
:10C780008D0F6E3897755538E6AF63383C9F4E383D
:10C7900043D88938F4C16338BDC69338D4638B3825
:10C7A00000AA5C38C6658B38714053382F655C38F9
:10C7B00021977538148656386FB1623840AC4F38BF
:10C7C000BE8D75382DA08C388BAE8D389D904D3830
:10C7D000E24980381200000074666C2E7073657533
:10C7E000646F5F71636F6E73743600000100000048
:10C7F000800000002AF1FFFF00000001140000008B
:10C8000034000000080000000000000940000000A3
:10C81000A4F0FFFF08000000140000000100000069
:10C8200080FFFFFFFFFFFFFF00000000010000008E
:10C8300061DC0C3E1200000074666C2E707365752E
:10C84000646F5F71636F6E737435000001000000E8
:10C85000800000008AF1FFFF0000000114000000CA
:10C860003400000007000000000000094000000044
:10C8700004F1FFFF080000001400000001000000A8
:10C880005F00000000000000000000000100000048
:10C89000ABE5B93B1200000074666C2E70736575D1
:10C8A000646F5F71636F6E73743400000100000089
:10C8B00080000000EAF1FFFF00000001140000000A
:10C8C00028060000060000000000000934060000F1
:10C8D00064F1FFFF080000000C040000800000006D
:10C8E0000000000000000000000000000000000048
:10C8F0000000000000000000000000000000000038
:10C900000000000000000000000000000000000027
:10C910000000000000000000000000000000000017
:10C920000000000000000000000000000000000007
:10C9300000000000000000000000000000000000F7
:10C9400000000000000000000000000000000000E7
:10C9500000000000000000000000000000000000D7
:10C9600000000000000000000000000000000000C7
:10C9700000000000000000000000000000000000B7
:10C9800000000000000000000000000000000000A7
:10C990000000000000000000000000000000000097
:10C9A0000000000000000000000000000000000087
:10C9B0000000000000000000000000000000000077
:10C9C0000000000000000000000000000000000067
:10C9D0000000000000000000000000000000000057
:10C9E0000000000000000000000000000000000047
:10C9F0000000000000000000000000000000000037
:10CA00000000000000000000000000000000000026
:10CA10000000000000000000000000000000000016
:10CA20000000000000000000000000000000000006
:10CA300000000000000000000000000000000000F6
:10CA400000000000000000000000000000000000E6
:10CA500000000000000000000000000000000000D6
:10CA600000000000000000000000000000000000C6
:10CA700000000000000000000000000000000000B6
:10CA800000000000000000000000000000000000A6
:10CA90000000000000000000000000000000000096
:10CAA0000000000000000000000000000000000086
:10CAB0000000000000000000000000000000000076
:10CAC0000000000000000000000000000000000066
:10CAD0000000000000000000000000000000000056
:10CAE0000000000000000000000000000000000046
:10CAF0000000000000000000000000000000000036
:10CB00000000000000000000000000000000000025
:10CB10000000000000000000000000000000000015
:10CB20000000000000000000000000000000000005
:10CB300000000000000000000000000000000000F5
:10CB400000000000000000000000000000000000E5
:10CB500000000000000000000000000000000000D5
:10CB600000000000000000000000000000000000C5
:10CB700000000000000000000000000000000000B5
:10CB800000000000000000000000000000000000A5
:10CB90000000000000000000000000000000000095
:10CBA0000000000000000000000000000000000085
:10CBB0000000000000000000000000000000000075
:10CBC0000000000000000000000000000000000065
:10CBD0000000000000000000000000000000000055
:10CBE0000000000000000000000000000000000045
:10CBF0000000000000000000000000000000000035
:10CC00000000000000000000000000000000000024
:10CC10000000000000000000000000000000000014
:10CC20000000000000000000000000000000000004
:10CC300000000000000000000000000000000000F4
:10CC400000000000000000000000000000000000E4
:10CC500000000000000000000000000000000000D4
:10CC600000000000000000000000000000000000C4
:10CC700000000000000000000000000000000000B4
:10CC800000000000000000000000000000000000A4
:10CC90000000000000000000000000000000000094
:10CCA0000000000000000000000000000000000084
:10CCB0000000000000000000000000000000000074
:10CCC0000000000000000000000000000000000064
:10CCD0000000000000000000000000000000000054
:10CCE0000000000080000000281D173BF9CE613BCA
:10CCF000CE9D2D3B4D8D233B29D6303BA6AB203B13
:10CD00005588293B361B713B7B6B3F3B11FA403BFF
:10CD10004A152A3B4214083B34FA2F3BAB2C473BC5
:10CD20008D1B7F3B97B31F3BC2856D3B24D34C3B90
:10CD300002E6503BFB55483BA26A2F3BA1DB343B4C
:10CD40009493463B69E34A3BAFA21A3B0234333B20
:10CD5000C863233B339D303BC68B503BF144343B8F
:10CD600018F3243B5C2D143B8C1D633BC6D5403B24
:10CD7000AD984B3B4FC5443B68DA3F3B491C2A3BCF
:10CD8000B1013D3B96C4343B8B88673B9F102B3BE6
:10CD900018FF623BEE731F3B2B4A533B4FA81F3BD0
:10CDA000ED786C3B6EEF2F3BDC265B3B9CD64F3B1C
:10CDB00018D8393B0BC5283B9325233BA18E143B48
:10CDC0003D895A3BD5A1333B45FA423B1A4E463B7F
:10CDD000346D473BA1416A3B2D364C3B4E51333BB2
:10CDE000AB9D823BAD0D3D3BF4C6343B8FDB1A3B24
:10CDF00020631E3B171C513B7408443BC62E2E3B40
:10CE00009396493B5C094C3BBB1E173B0C5F4B3B6D
:10CE10007E49313BE449123B0EC7383BAE72353B8D
:10CE200086FF253B59E9263B0E3A703BFFDD2C3B44
:10CE3000D790603BEC1A143B3CA02D3BD6775A3B75
:10CE400057DF373B83AC533B8148493B54BC1F3BC6
:10CE5000C58B413B85B9133B374D453BD90C2E3B28
:10CE6000DCEB493B94C7453B9264403B358A2A3B07
:10CE700057221A3B2D483E3B831B2D3BFCE53A3B9A
:10CE80003D26263B3C24233B957F243B3B25703BA2
:10CE900075FD3B3B03D3303B84684D3BA442373B9D
:10CEA000B4173A3B0D3E423BC311143BFA7D403B65
:10CEB000BCFB263B69FE383BE5AF143B4CF65B3BC5
:10CEC000679B3E3B07163E3BDA35383B9484453B37
:10CED00082EA433BFE353C3B8DD06E3B9864573B2A
:10CEE0006ECE233B6102463B1200000074666C2E3E
:10CEF00070736575646F5F71636F6E737433000078
:10CF000002000000800000008000000042F8FFFFE7
:10CF100000000001140000002406000005000000CD
:10CF20000000000230060000BCF7FFFF0800000010
:10CF30000804000080000000000000000000000065
:10CF400000000000000000000000000000000000E1
:10CF500000000000000000000000000000000000D1
:10CF600000000000000000000000000000000000C1
:10CF700000000000000000000000000000000000B1
:10CF800000000000000000000000000000000000A1
:10CF90000000000000000000000000000000000091
:10CFA0000000000000000000000000000000000081
:10CFB0000000000000000000000000000000000071
:10CFC0000000000000000000000000000000000061
:10CFD0000000000000000000000000000000000051
:10CFE0000000000000000000000000000000000041
:10CFF0000000000000000000000000000000000031
:10D000000000000000000000000000000000000020
:10D010000000000000000000000000000000000010
:10D020000000000000000000000000000000000000
:10D0300000000000000000000000000000000000F0
:10D0400000000000000000000000000000000000E0
:10D0500000000000000000000000000000000000D0
:10D0600000000000000000000000000000000000C0
:10D0700000000000000000000000000000000000B0
:10D0800000000000000000000000000000000000A0
:10D090000000000000000000000000000000000090
:10D0A0000000000000000000000000000000000080
:10D0B0000000000000000000000000000000000070
:10D0C0000000000000000000000000000000000060
:10D0D0000000000000000000000000000000000050
:10D0E0000000000000000000000000000000000040
:10D0F0000000000000000000000000000000000030
:10D10000000000000000000000000000000000001F
:10D11000000000000000000000000000000000000F
:10D1200000000000000000000000000000000000FF
:10D1300000000000000000000000000000000000EF
:10D1400000000000000000000000000000000000DF
:10D1500000000000000000000000000000000000CF
:10D1600000000000000000000000000000000000BF
:10D1700000000000000000000000000000000000AF
:10D18000000000000000000000000000000000009F
:10D19000000000000000000000000000000000008F
:10D1A000000000000000000000000000000000007F
:10D1B000000000000000000000000000000000006F
:10D1C000000000000000000000000000000000005F
:10D1D000000000000000000000000000000000004F
:10D1E000000000000000000000000000000000003F
:10D1F000000000000000000000000000000000002F
:10D20000000000000000000000000000000000001E
:10D21000000000000000000000000000000000000E
:10D2200000000000000000000000000000000000FE
:10D2300000000000000000000000000000000000EE
:10D2400000000000000000000000000000000000DE
:10D2500000000000000000000000000000000000CE
:10D2600000000000000000000000000000000000BE
:10D2700000000000000000000000000000000000AE
:10D28000000000000000000000000000000000009E
:10D29000000000000000000000000000000000008E
:10D2A000000000000000000000000000000000007E
:10D2B000000000000000000000000000000000006E
:10D2C000000000000000000000000000000000005E
:10D2D000000000000000000000000000000000004E
:10D2E000000000000000000000000000000000003E
:10D2F000000000000000000000000000000000002E
:10D30000000000000000000000000000000000001D
:10D31000000000000000000000000000000000000D
:10D3200000000000000000000000000000000000FD
:10D3300000000000000000008000000029D4E23856
:10D340006F792939944D0239B47FF53846B80439DC
:10D35000742CF138DA79FE38A9F4343937AA0F3948
:10D360005DD510396F4DFF38CA42CC3831130439BE
:10D37000247C1539C9763F391CB8EF381744323947
:10D38000C1B9193973C81C39485B163970A70339FC
:10D39000EABC07393F091539B2451839651DE83827
:10D3A000FA7E06396241F538868D0439BA841C3913
:10D3B000D24B0739C498F738AE6BDE388A742A39F5
:10D3C00020BA1039BDCD18394DAE133977FD0F395C
:10D3D000EF57FF388DDA0D399EAB073960C52D390F
:10D3E00059630039AF5D2A398D58EF38E3931E3900
:10D3F0002DA7EF38537A31391B0B0439757A24394C
:10D40000C2FC1B39EE7A0B39B754FD3802E4F4380C
:10D41000AFFDDE382904243967D10639C8551239E1
:10D420001AD5143994AC15398ED02F39F2431939E5
:10D43000F7940639720F44398BE30D3965AD07391E
:10D44000C472E8380FBFED380AF11C399020133947
:10D4500061BA0239E54B17395022193986D6E238BC
:10D460007DA21839D50E0539F895DB3802AE0A3998
:10D47000482E0839B12BF938AC8AFA38AC4B34391C
:10D480009FBD0139AB8A28390150DE38664F023919
:10D4900019F7233919000A39B2DD1E394D11173930
:10D4A00039C5EF38B7421139CCBDDD384D141439C8
:10D4B000EBA00239E78B173923701439296510392D
:10D4C000EFFCFF38BE5CE73895CF0E39CAEB013967
:10D4D0007D450C39CE65F938FFE1F43861EBF6385B
:10D4E0000B3C34393D170D39E9B50439DD291A39BA
:10D4F0007E8A0939ABAA0B3985C811394142DE3819
:10D500003B78103946A6FA388DD70A399E2FDF3876
:10D51000251625390C0E0F39F2A90E3907410A39A3
:10D52000DA3D1439160A1339AB410D395B3C3339F6
:10D5300042A8213977E1F538459C143912000000E2
:10D5400074666C2E70736575646F5F71636F6E7354
:10D5500074320000010000008000000092FEFFFF16
:10D56000000000011400000088000000040000001A
:10D5700000000009940000000CFEFFFF08000000FE
:10D580004C00000008000000000000000000000047
:10D59000000000000000000000000000000000008B
:10D5A000000000000000000000000000000000007B
:10D5B000000000000000000000000000000000006B
:10D5C0000000000000000000000000000800000053
:10D5D0000392573B54EC3E3B99AC4F3B6A62723B23
:10D5E0008A2D8E3BE725433B181B333B47C7873BC0
:10D5F0001200000074666C2E70736575646F5F7145
:10D60000636F6E73743100000200000008000000B8
:10D61000800000004AFFFFFF00000001140000002E
:10D6200088000000030000000000000294000000D9
:10D63000C4FEFFFF080000004C00000008000000CE
:10D6400000000000000000000000000000000000DA
:10D6500000000000000000000000000000000000CA
:10D6600000000000000000000000000000000000BA
:10D6700000000000000000000000000000000000AA
:10D6800000000000080000008E9DDA38BE9EC13800
:10D69000969BD238EBCEF538AE2F103998E7C538C7
:10D6A000C6A2B53847B209391100000074666C2E65
:10D6B00070736575646F5F71636F6E7374000000E3
:10D6C0000100000008000000000016001C00180007
:10D6D000170010000C000800000000000000070008
:10D6E00016000000000000011800000018000000F3
:10D6F00002000000000000022000000004000400FE
:10D70000040000000E00000061726974682E636FEF
:10D710006E7374616E74000001000000020000006E
:10D720000000160020001C001B00140010000C005C
:10D7300000000000080007001600000000000001C3
:10D740001800000034000000540000000100000038
:10D75000000000096C00000004000000FFFFFFFF54
:10D76000200000000D000000010000000C000C0073
:10D7700000000000080004000C0000000800000089
:10D7800014000000010000005C0000000000000028
:10D790000000000001000000A457A4401D0000008C
:10D7A00073657276696E675F64656661756C745FD8
:10D7B000696E7075745F6C617965723A3000000053
:10D7C0000400000001000000200000000D00000027
:10D7D0000100000008000000A80000008800000010
:10D7E0007C00000060000000400000002C000000F1
:10D7F000180000000400000084FFFFFF1900000073
:10D80000020000000000001994FFFFFF0900000063
:10D810000400000000000009A4FFFFFF2800000032
:10D820000200000000000028B4FFFFFF0400000019
:10D8300003000000000000040C000E000D000000BA
:10D84000080004000C0000001100000002000000AD
:10D8500000110A0008000000000004000A00000097
:10D8600002000000F0FFFFFF1200000002000000B5
:10D87000000000120C0010000F000000080004005F
:10D880000C00000003000000030000000000000383
:10D89000F304B53DF304B53DF304B53DF304B53DE4
:10D8A000F304B53DF304B53DF304B53DF304B53DD4
:10D8B000F304B53DF304B53DF304B53DF304B53DC4
:10D8C000F304B53DF304B53DF304B53DF304B53DB4
:10D8D000F304B53DF304B53DF304B53DF304B53DA4
:10D8E000F304B53DF304B53DF304B53DF304B53D94
:10D8F000F304B53DF304B53DF304B53DF304B53D84
:10D90000F304B53DF304B53DF304B53DF304B53D73
:10D91000F304B53DF304B53DF304B53DF304B53D63
:10D92000F304B53DF304B53DF304B53DF304B53D53
:10D93000F304B53DF304B53DF304B53DF304B53D43
:10D94000F304B53DF304B53DF304B53DF304B53D33
:10D95000F304B53DF304B53DF304B53DF304B53D23
:10D96000F304B53DF304B53DF304B53DF304B53D13
:10D97000F304B53DF304B53DF304B53DF304B53D03
:10D98000F304B53DF304B53DF304B53DF304B53DF3
:10D99000F304B53DF304B53DF304B53DF304B53DE3
:10D9A000F304B53DF304B53DF304B53DF304B53DD3
:10D9B000F304B53DF304B53DF304B53DF304B53DC3
:10D9C000F304B53DF304B53DF304B53DF304B53DB3
:10D9D000F304B53DF304B53DF304B53DF304B53DA3
:10D9E000F304B53DF304B53DF304B53DF304B53D93
:10D9F000F304B53DF304B53DF304B53DF304B53D83
:10DA0000F304B53DF304B53DF304B53DF304B53D72
:10DA1000F304B53DF304B53DF304B53DF304B53D62
:10DA2000F304B53DF304B53DF304B53DF304B53D52
:10DA3000F304B53DF304B53DF304B53DF304B53D42
:10DA4000F304B53DF304B53DF304B53DF304B53D32
:10DA5000F304B53DF304B53DF304B53DF304B53D22
:10DA6000F304B53DF304B53DF304B53DF304B53D12
:10DA7000F304B53DF304B53DF304B53DF304B53D02
:10DA8000F304B53DF304B53DF304B53DF304B53DF2
:10DA900011FBFF3D97D3FF3DAB84FF3D580EFF3D8B
:10DAA000B070FE3DCCABFD3DC9BFFC3DCDACFB3DF8
:10DAB0000273FA3D9812F93DC58BF73DC6DEF53D80
:10DAC000DD0BF43D5213F23D73F5EF3D93B2ED3DA6
:10DAD0000C4BEB3D3CBFE83D880FE63D5A3CE33D37
:10DAE0002146E03D532DDD3D6AF2D93DE595D63D19
:10DAF0004918D33D1F7ACF3DF8BBCB3D65DEC73D0E
:10DB000000E2C33D67C7BF3D3B8FBB3D233AB73DF6
:10DB1000C9C8B23DDE3BAE3D1594A93D25D2A43D1A
:10DB2000CBF69F3DC6029B3DD9F6953DCDD3903DAA
:10DB30006B9A8B3D824B863DE4E7803DCBE0763DA2
:10DB4000BBCB6B3D4F92603D4136553D53B9493D8E
:10DB50004A1D3E3DEF63323D128F263D86A01A3DA1
:10DB6000229A0E3DC07D023D7F9AEC3C0115D43CCB
:10DB7000CF6EBB3CB6ABA23C86CF893C2EBC613C91
:10DB800080B62F3C742BFB3B2CC3963B900EC93ABE
:10DB9000900EC9BA2CC396BB742BFBBB80B62FBCAE
:10DBA0002EBC61BC86CF89BCB6ABA2BCCF6EBBBC61
:10DBB0000115D4BC7F9AECBCC07D02BD229A0EBD7B
:10DBC00086A01ABD128F26BDEF6332BD4A1D3EBD31
:10DBD00053B949BD413655BD4F9260BDBBCB6BBDFE
:10DBE000CBE076BDE4E780BD824B86BD6B9A8BBDF2
:10DBF000CDD390BDD9F695BDC6029BBDCBF69FBDDA
:10DC000025D2A4BD1594A9BDDE3BAEBDC9C8B2BD29
:10DC1000233AB7BD3B8FBBBD67C7BFBD00E2C3BDE5
:10DC200065DEC7BDF8BBCBBD1F7ACFBD4918D3BDDC
:10DC3000E595D6BD6AF2D9BD532DDDBD2146E0BDC7
:10DC40005A3CE3BD880FE6BD3CBFE8BD0C4BEBBDC5
:10DC500093B2EDBD73F5EFBD5213F2BDDD0BF4BD14
:10DC6000C6DEF5BDC58BF7BD9812F9BD0273FABDCE
:10DC7000CDACFBBDC9BFFCBDCCABFDBDB070FEBD26
:10DC8000580EFFBDAB84FFBD97D3FFBD11FBFFBD99
:10DC900043ECFF3D6D4EFF3D2413FE3D283BFC3D14
:10DCA0009DC7F93D07BAF63D4714F33D9ED8EE3DBA
:10DCB000A709EA3D59AAE43D05BEDE3D5348D83DDB
:10DCC0003D4DD13D12D1C93D70D8C13D4268B93DED
:10DCD000BB85B03D5636A73DD17F9D3D2A68933D1B
:10DCE0009BF5883D275D7C3D7533663DCA7B4F3D86
:10DCF0002A44383DE59A203D938E083D135CE03C74
:10DD0000A210AF3C73B27A3C05A9163CB00A493B5D
:10DD1000B00A49BB05A916BC73B27ABCA210AFBC4D
:10DD2000135CE0BC938E08BDE59A20BD2A4438BD43
:10DD3000CA7B4FBD753366BD275D7CBD9BF588BD35
:10DD40002A6893BDD17F9DBD5636A7BDBB85B0BDAA
:10DD50004268B9BD70D8C1BD12D1C9BD3D4DD1BD5C
:10DD60005348D8BD05BEDEBD59AAE4BDA709EABD2A
:10DD70009ED8EEBD4714F3BD07BAF6BD9DC7F9BDE9
:10DD8000283BFCBD2413FEBD6D4EFFBD43ECFFBD23
:10DD900043ECFFBD6D4EFFBD2413FEBD283BFCBD13
:10DDA0009DC7F9BD07BAF6BD4714F3BD9ED8EEBDB9
:10DDB000A709EABD59AAE4BD05BEDEBD5348D8BDDA
:10DDC0003D4DD1BD12D1C9BD70D8C1BD4268B9BDEC
:10DDD000BB85B0BD5636A7BDD17F9DBD2A6893BD1A
:10DDE0009BF588BD275D7CBD753366BDCA7B4FBD85
:10DDF0002A4438BDE59A20BD938E08BD135CE0BC73
:10DE0000A210AFBC73B27ABC05A916BCB00A49BB5C
:10DE1000B00A493B05A9163C73B27A3CA210AF3C4C
:10DE2000135CE03C938E083DE59A203D2A44383D42
:10DE3000CA7B4F3D7533663D275D7C3D9BF5883D34
:10DE40002A68933DD17F9D3D5636A73DBB85B03DA9
:10DE50004268B93D70D8C13D12D1C93D3D4DD13D5B
:10DE60005348D83D05BEDE3D59AAE43DA709EA3D29
:10DE70009ED8EE3D4714F33D07BAF63D9DC7F93DE8
:10DE8000283BFC3D2413FE3D6D4EFF3D43ECFF3D22
:10DE900097D3FF3DB070FE3DCDACFB3DC58BF73D4C
:10DEA0005213F23D0C4BEB3D5A3CE33D6AF2D93D37
:10DEB0001F7ACF3D00E2C33D233AB73D1594A93DFB
:10DEC000C6029B3D6B9A8B3DCBE0763D4136553D7E
:10DED000EF63323D229A0E3D0115D43C86CF893C3A
:10DEE000742BFB3B900EC9BA80B62FBCB6ABA2BC5C
:10DEF0007F9AECBC86A01ABD4A1D3EBD4F9260BD04
:10DF0000E4E780BDCDD390BDCBF69FBDDE3BAEBD7B
:10DF10003B8FBBBD65DEC7BD4918D3BD532DDDBDED
:10DF2000880FE6BD93B2EDBDDD0BF4BD9812F9BDCF
:10DF3000C9BFFCBD580EFFBD11FBFFBDAB84FFBDCB
:10DF4000CCABFDBD0273FABDC6DEF5BD73F5EFBD0A
:10DF50003CBFE8BD2146E0BDE595D6BDF8BBCBBDD5
:10DF600067C7BFBDC9C8B2BD25D2A4BDD9F695BD8E
:10DF7000824B86BDBBCB6BBD53B949BD128F26BD4D
:10DF8000C07D02BDCF6EBBBC2EBC61BC2CC396BB9A
:10DF90002CC3963B2EBC613CCF6EBB3CC07D023D8A
:10DFA000128F263D53B9493DBBCB6B3D824B863D1D
:10DFB000D9F6953D25D2A43DC9C8B23D67C7BF3D3E
:10DFC000F8BBCB3DE595D63D2146E03D3CBFE83D65
:10DFD00073F5EF3DC6DEF53D0273FA3DCCABFD3D7A
:10DFE000AB84FF3D11FBFF3D580EFF3DC9BFFC3D1B
:10DFF0009812F93DDD0BF43D93B2ED3D880FE63DFF
:10E00000532DDD3D4918D33D65DEC73D3B8FBB3DFC
:10E01000DE3BAE3DCBF69F3DCDD3903DE4E7803D6A
:10E020004F92603D4A1D3E3D86A01A3D7F9AEC3CD2
:10E03000B6ABA23C80B62F3C900EC93A742BFBBB0A
:10E0400086CF89BC0115D4BC229A0EBDEF6332BDC8
:10E05000413655BDCBE076BD6B9A8BBDC6029BBDEC
:10E060001594A9BD233AB7BD00E2C3BD1F7ACFBD49
:10E070006AF2D9BD5A3CE3BD0C4BEBBD5213F2BD65
:10E08000C58BF7BDCDACFBBDB070FEBD97D3FFBD5A
:10E090000FB1FF3DAC3AFD3DF853F83D0809F13DA5
:10E0A000D86BE73D1A94DB3D029FCD3DF9AEBD3DF7
:10E0B0004AEBAB3DC07F983D3D9C833D80E85A3D97
:10E0C000D47C2C3DCCCFF83C8340963C30FBC83B05
:10E0D00030FBC8BB834096BCCCCFF8BCD47C2CBDF5
:10E0E00080E85ABD3D9C83BDC07F98BD4AEBABBD67
:10E0F000F9AEBDBD029FCDBD1A94DBBDD86BE7BDA7
:10E100000809F1BDF853F8BDAC3AFDBD0FB1FFBD34
:10E110000FB1FFBDAC3AFDBDF853F8BD0809F1BD24
:10E12000D86BE7BD1A94DBBD029FCDBDF9AEBDBD76
:10E130004AEBABBDC07F98BD3D9C83BD80E85ABD16
:10E14000D47C2CBDCCCFF8BC834096BC30FBC8BB84
:10E1500030FBC83B8340963CCCCFF83CD47C2C3D74
:10E1600080E85A3D3D9C833DC07F983D4AEBAB3DE6
:10E17000F9AEBD3D029FCD3D1A94DB3DD86BE73D26
:10E180000809F13DF853F83DAC3AFD3D0FB1FF3DB4
:10E190000FB1FF3DAC3AFD3DF853F83D0809F13DA4
:10E1A000D86BE73D1A94DB3D029FCD3DF9AEBD3DF6
:10E1B0004AEBAB3DC07F983D3D9C833D80E85A3D96
:10E1C000D47C2C3DCCCFF83C8340963C30FBC83B04
:10E1D00030FBC8BB834096BCCCCFF8BCD47C2CBDF4
:10E1E00080E85ABD3D9C83BDC07F98BD4AEBABBD66
:10E1F000F9AEBDBD029FCDBD1A94DBBDD86BE7BDA6
:10E200000809F1BDF853F8BDAC3AFDBD0FB1FFBD33
:10E210000FB1FFBDAC3AFDBDF853F8BD0809F1BD23
:10E22000D86BE7BD1A94DBBD029FCDBDF9AEBDBD75
:10E230004AEBABBDC07F98BD3D9C83BD80E85ABD15
:10E24000D47C2CBDCCCFF8BC834096BC30FBC8BB83
:10E2500030FBC83B8340963CCCCFF83CD47C2C3D73
:10E2600080E85A3D3D9C833DC07F983D4AEBAB3DE5
:10E27000F9AEBD3D029FCD3D1A94DB3DD86BE73D25
:10E280000809F13DF853F83DAC3AFD3D0FB1FF3DB3
:10E29000AB84FF3DCDACFB3DDD0BF43D3CBFE83D29
:10E2A0006AF2D93D65DEC73DC9C8B23DC6029B3D95
:10E2B000E4E7803D53B9493D229A0E3DB6ABA23CFE
:10E2C0002CC3963B80B62FBC0115D4BC128F26BD43
:10E2D0004F9260BD6B9A8BBD25D2A4BD3B8FBBBD59
:10E2E0001F7ACFBD2146E0BD93B2EDBDC58BF7BD12
:10E2F000CCABFDBD11FBFFBDB070FEBD9812F9BDEA
:10E3000073F5EFBD5A3CE3BD4918D3BD67C7BFBD28
:10E310001594A9BDCDD390BDBBCB6BBDEF6332BD12
:10E320007F9AECBC2EBC61BC900EC93A86CF893C6A
:10E33000C07D023D4A1D3E3DCBE0763DD9F6953D80
:10E34000DE3BAE3D00E2C33DE595D63D880FE63DA0
:10E350005213F23D0273FA3D580EFF3D97D3FF3D35
:10E36000C9BFFC3DC6DEF53D0C4BEB3D532DDD3DFD
:10E37000F8BBCB3D233AB73DCBF69F3D824B863D64
:10E380004136553D86A01A3DCF6EBB3C742BFB3BFE
:10E39000742BFBBBCF6EBBBC86A01ABD413655BDEE
:10E3A000824B86BDCBF69FBD233AB7BDF8BBCBBD34
:10E3B000532DDDBD0C4BEBBDC6DEF5BDC9BFFCBDAD
:10E3C00097D3FFBD580EFFBD0273FABD5213F2BDC5
:10E3D000880FE6BDE595D6BD00E2C3BDDE3BAEBD10
:10E3E000D9F695BDCBE076BD4A1D3EBDC07D02BDD0
:10E3F00086CF89BC900EC9BA2EBC613C7F9AEC3C9A
:10E40000EF63323DBBCB6B3DCDD3903D1594A93D21
:10E4100067C7BF3D4918D33D5A3CE33D73F5EF3D17
:10E420009812F93DB070FE3D11FBFF3DCCABFD3DB8
:10E43000C58BF73D93B2ED3D2146E03D1F7ACF3DC0
:10E440003B8FBB3D25D2A43D6B9A8B3D4F92603DE7
:10E45000128F263D0115D43C80B62F3C2CC396BBB1
:10E46000B6ABA2BC229A0EBD53B949BDE4E780BD4C
:10E47000C6029BBDC9C8B2BD65DEC7BD6AF2D9BDC3
:10E480003CBFE8BDDD0BF4BDCDACFBBDAB84FFBD37
:10E490006D4EFF3D9DC7F93D9ED8EE3D05BEDE3D6C
:10E4A00012D1C93DBB85B03D2A68933D7533663DA9
:10E4B000E59A203DA210AF3CB00A493B73B27ABC4A
:10E4C000938E08BDCA7B4FBD9BF588BD5636A7BD50
:10E4D00070D8C1BD5348D8BDA709EABD07BAF6BD7B
:10E4E0002413FEBD43ECFFBD283BFCBD4714F3BD28
:10E4F00059AAE4BD3D4DD1BD4268B9BDD17F9DBD96
:10E50000275D7CBD2A4438BD135CE0BC05A916BC60
:10E5100005A9163C135CE03C2A44383D275D7C3D50
:10E52000D17F9D3D4268B93D3D4DD13D59AAE43D65
:10E530004714F33D283BFC3D43ECFF3D2413FE3DD7
:10E5400007BAF63DA709EA3D5348D83D70D8C13D0A
:10E550005636A73D9BF5883DCA7B4F3D938E083DBF
:10E5600073B27A3CB00A49BBA210AFBCE59A20BD99
:10E57000753366BD2A6893BDBB85B0BD12D1C9BDD8
:10E5800005BEDEBD9ED8EEBD9DC7F9BD6D4EFFBD7B
:10E590006D4EFFBD9DC7F9BD9ED8EEBD05BEDEBD6B
:10E5A00012D1C9BDBB85B0BD2A6893BD753366BDA8
:10E5B000E59A20BDA210AFBCB00A49BB73B27A3C49
:10E5C000938E083DCA7B4F3D9BF5883D5636A73D4F
:10E5D00070D8C13D5348D83DA709EA3D07BAF63D7A
:10E5E0002413FE3D43ECFF3D283BFC3D4714F33D27
:10E5F00059AAE43D3D4DD13D4268B93DD17F9D3D95
:10E60000275D7C3D2A44383D135CE03C05A9163C5F
:10E6100005A916BC135CE0BC2A4438BD275D7CBD4F
:10E62000D17F9DBD4268B9BD3D4DD1BD59AAE4BD64
:10E630004714F3BD283BFCBD43ECFFBD2413FEBDD6
:10E6400007BAF6BDA709EABD5348D8BD70D8C1BD09
:10E650005636A7BD9BF588BDCA7B4FBD938E08BDBE
:10E6600073B27ABCB00A493BA210AF3CE59A203D98
:10E670007533663D2A68933DBB85B03D12D1C93DD7
:10E6800005BEDE3D9ED8EE3D9DC7F93D6D4EFF3D7A
:10E69000580EFF3DC58BF73D3CBFE83D4918D33DC3
:10E6A000233AB73DD9F6953D4F92603D229A0E3DF3
:10E6B0002EBC613C742BFBBB7F9AECBC53B949BDAB
:10E6C0006B9A8BBDDE3BAEBDF8BBCBBD5A3CE3BD08
:10E6D000DD0BF4BDCCABFDBD97D3FFBD0273FABD1E
:10E6E00093B2EDBD6AF2D9BD67C7BFBDCBF69FBD82
:10E6F000CBE076BD128F26BDB6ABA2BC900EC93A58
:10E70000CF6EBB3CEF63323DE4E7803D25D2A43DB4
:10E7100000E2C33D532DDD3D73F5EF3DCDACFB3D38
:10E7200011FBFF3DC9BFFC3D5213F23D2146E03DC8
:10E7300065DEC73D1594A93D824B863D4A1D3E3D91
:10E740000115D43C2CC3963B86CF89BC86A01ABD4C
:10E75000BBCB6BBDC6029BBD3B8FBBBDE595D6BD9C
:10E760000C4BEBBD9812F9BDAB84FFBDB070FEBD84
:10E77000C6DEF5BD880FE6BD1F7ACFBDC9C8B2BDE4
:10E78000CDD390BD413655BDC07D02BD80B62FBCF6
:10E7900080B62F3CC07D023D4136553DCDD3903DE6
:10E7A000C9C8B23D1F7ACF3D880FE63DC6DEF53DB4
:10E7B000B070FE3DAB84FF3D9812F93D0C4BEB3D34
:10E7C000E595D63D3B8FBB3DC6029B3DBBCB6B3D2C
:10E7D00086A01A3D86CF893C2CC396BB0115D4BCBC
:10E7E0004A1D3EBD824B86BD1594A9BD65DEC7BDE1
:10E7F0002146E0BD5213F2BDC9BFFCBD11FBFFBDF8
:10E80000CDACFBBD73F5EFBD532DDDBD00E2C3BD47
:10E8100025D2A4BDE4E780BDEF6332BDCF6EBBBCA3
:10E82000900EC9BAB6ABA23C128F263DCBE0763D26
:10E83000CBF69F3D67C7BF3D6AF2D93D93B2ED3D30
:10E840000273FA3D97D3FF3DCCABFD3DDD0BF43DAC
:10E850005A3CE33DF8BBCB3DDE3BAE3D6B9A8B3D76
:10E8600053B9493D7F9AEC3C742BFB3B2EBC61BCF9
:10E87000229A0EBD4F9260BDD9F695BD233AB7BD21
:10E880004918D3BD3CBFE8BDC58BF7BD580EFFBDD1
:10E890006DC4FE3D0BFAF43D98C5E13D03E4C53D72
:10E8A0009967A23DEA5A713D31A0143D36BD483CFE
:10E8B00036BD48BC31A014BDEA5A71BD9967A2BDEE
:10E8C00003E4C5BD98C5E1BD0BFAF4BD6DC4FEBD42
:10E8D0006DC4FEBD0BFAF4BD98C5E1BD03E4C5BD32
:10E8E0009967A2BDEA5A71BD31A014BD36BD48BCBE
:10E8F00036BD483C31A0143DEA5A713D9967A23DAE
:10E9000003E4C53D98C5E13D0BFAF43D6DC4FE3D01
:10E910006DC4FE3D0BFAF43D98C5E13D03E4C53DF1
:10E920009967A23DEA5A713D31A0143D36BD483C7D
:10E9300036BD48BC31A014BDEA5A71BD9967A2BD6D
:10E9400003E4C5BD98C5E1BD0BFAF4BD6DC4FEBDC1
:10E950006DC4FEBD0BFAF4BD98C5E1BD03E4C5BDB1
:10E960009967A2BDEA5A71BD31A014BD36BD48BC3D
:10E9700036BD483C31A0143DEA5A713D9967A23D2D
:10E9800003E4C53D98C5E13D0BFAF43D6DC4FE3D81
:10E990006DC4FE3D0BFAF43D98C5E13D03E4C53D71
:10E9A0009967A23DEA5A713D31A0143D36BD483CFD
:10E9B00036BD48BC31A014BDEA5A71BD9967A2BDED
:10E9C00003E4C5BD98C5E1BD0BFAF4BD6DC4FEBD41
:10E9D0006DC4FEBD0BFAF4BD98C5E1BD03E4C5BD31
:10E9E0009967A2BDEA5A71BD31A014BD36BD48BCBD
:10E9F00036BD483C31A0143DEA5A713D9967A23DAD
:10EA000003E4C53D98C5E13D0BFAF43D6DC4FE3D00
:10EA10006DC4FE3D0BFAF43D98C5E13D03E4C53DF0
:10EA20009967A23DEA5A713D31A0143D36BD483C7C
:10EA300036BD48BC31A014BDEA5A71BD9967A2BD6C
:10EA400003E4C5BD98C5E1BD0BFAF4BD6DC4FEBDC0
:10EA50006DC4FEBD0BFAF4BD98C5E1BD03E4C5BDB0
:10EA60009967A2BDEA5A71BD31A014BD36BD48BC3C
:10EA700036BD483C31A0143DEA5A713D9967A23D2C
:10EA800003E4C53D98C5E13D0BFAF43D6DC4FE3D80
:10EA9000B070FE3D5213F23D6AF2D93D233AB73DC4
:10EAA0006B9A8B3DEF63323D86CF893C80B62FBC9D
:10EAB00086A01ABDE4E780BDDE3BAEBD4918D3BDDC
:10EAC00093B2EDBDC9BFFCBDAB84FFBDC6DEF5BDD5
:10EAD0002146E0BD67C7BFBDD9F695BD53B949BD55
:10EAE000CF6EBBBC2CC3963BC07D023DBBCB6B3D08
:10EAF00025D2A43DF8BBCB3D3CBFE83D0273FA3DB7
:10EB000011FBFF3D9812F93D880FE63D65DEC73DDC
:10EB1000CBF69F3D4F92603D7F9AEC3C900EC93AF8
:10EB20000115D4BC413655BDC6029BBD00E2C3BD34
:10EB30005A3CE3BDC58BF7BD97D3FFBDCDACFBBD44
:10EB40000C4BEBBD1F7ACFBD1594A9BDCBE076BDB4
:10EB5000229A0EBD742BFBBBB6ABA23C4A1D3E3DB8
:10EB6000CDD3903D3B8FBB3D532DDD3DDD0BF43DC3
:10EB7000580EFF3DCCABFD3D73F5EF3DE595D63D21
:10EB8000C9C8B23D824B863D128F263D2EBC613CEA
:10EB90002EBC61BC128F26BD824B86BDC9C8B2BDDA
:10EBA000E595D6BD73F5EFBDCCABFDBD580EFFBDF1
:10EBB000DD0BF4BD532DDDBD3B8FBBBDCDD390BD73
:10EBC0004A1D3EBDB6ABA2BC742BFB3B229A0E3D48
:10EBD000CBE0763D1594A93D1F7ACF3D0C4BEB3D24
:10EBE000CDACFB3D97D3FF3DC58BF73D5A3CE33D94
:10EBF00000E2C33DC6029B3D4136553D0115D43C64
:10EC0000900EC9BA7F9AECBC4F9260BDCBF69FBD07
:10EC100065DEC7BD880FE6BD9812F9BD11FBFFBDCB
:10EC20000273FABD3CBFE8BDF8BBCBBD25D2A4BD85
:10EC3000BBCB6BBDC07D02BD2CC396BBCF6EBB3CB6
:10EC400053B9493DD9F6953D67C7BF3D2146E03DE3
:10EC5000C6DEF53DAB84FF3DC9BFFC3D93B2ED3D43
:10EC60004918D33DDE3BAE3DE4E7803D86A01A3D2A
:10EC700080B62F3C86CF89BCEF6332BD6B9A8BBDCB
:10EC8000233AB7BD6AF2D9BD5213F2BDB070FEBDD2
:10EC90002413FE3D9ED8EE3D3D4DD13D5636A73D59
:10ECA0007533663D135CE03CB00A49BB938E08BDEA
:10ECB000275D7CBDBB85B0BD5348D8BD4714F3BDAF
:10ECC0006D4EFFBD283BFCBDA709EABD12D1C9BDF1
:10ECD000D17F9DBDCA7B4FBDA210AFBC05A9163C1C
:10ECE000E59A203D9BF5883D4268B93D05BEDE3D75
:10ECF00007BAF63D43ECFF3D9DC7F93D59AAE43DF7
:10ED000070D8C13D2A68933D2A44383D73B27A3C9D
:10ED100073B27ABC2A4438BD2A6893BD70D8C1BD8D
:10ED200059AAE4BD9DC7F9BD43ECFFBD07BAF6BDC6
:10ED300005BEDEBD4268B9BD9BF588BDE59A20BD24
:10ED400005A916BCA210AF3CCA7B4F3DD17F9D3DAB
:10ED500012D1C93DA709EA3D283BFC3D6D4EFF3D60
:10ED60004714F33D5348D83DBB85B03D275D7C3DFE
:10ED7000938E083DB00A493B135CE0BC753366BD19
:10ED80005636A7BD3D4DD1BD9ED8EEBD2413FEBD68
:10ED90002413FEBD9ED8EEBD3D4DD1BD5636A7BD58
:10EDA000753366BD135CE0BCB00A493B938E083DE9
:10EDB000275D7C3DBB85B03D5348D83D4714F33DAE
:10EDC0006D4EFF3D283BFC3DA709EA3D12D1C93DF0
:10EDD000D17F9D3DCA7B4F3DA210AF3C05A916BC1B
:10EDE000E59A20BD9BF588BD4268B9BD05BEDEBD74
:10EDF00007BAF6BD43ECFFBD9DC7F9BD59AAE4BDF6
:10EE000070D8C1BD2A6893BD2A4438BD73B27ABC9C
:10EE100073B27A3C2A44383D2A68933D70D8C13D8C
:10EE200059AAE43D9DC7F93D43ECFF3D07BAF63DC5
:10EE300005BEDE3D4268B93D9BF5883DE59A203D23
:10EE400005A9163CA210AFBCCA7B4FBDD17F9DBDAA
:10EE500012D1C9BDA709EABD283BFCBD6D4EFFBD5F
:10EE60004714F3BD5348D8BDBB85B0BD275D7CBDFD
:10EE7000938E08BDB00A49BB135CE03C7533663D18
:10EE80005636A73D3D4DD13D9ED8EE3D2413FE3D67
:10EE9000CCABFD3D0C4BEB3D65DEC73DD9F6953D5A
:10EEA000EF63323D80B62F3CCF6EBBBC4F9260BD4E
:10EEB0001594A9BDE595D6BDDD0BF4BD97D3FFBD77
:10EEC0009812F9BD2146E0BD233AB7BDE4E780BD05
:10EED000C07D02BD900EC93A229A0E3D824B863DFE
:10EEE0003B8FBB3D5A3CE33D0273FA3DAB84FF3D93
:10EEF0005213F23D4918D33D25D2A43D4136553D2C
:10EF0000B6ABA23C2EBC61BC4A1D3EBDC6029BBD39
:10EF1000F8BBCBBD93B2EDBDB070FEBDC9BFFCBDAB
:10EF20003CBFE8BD00E2C3BDCDD390BD128F26BD6E
:10EF3000742BFBBB0115D43CBBCB6B3DDE3BAE3D24
:10EF40006AF2D93DC6DEF53D11FBFF3DC58BF73DAD
:10EF5000532DDD3DC9C8B23DCBE0763D7F9AEC3CF8
:10EF60002CC396BB86A01ABD6B9A8BBD67C7BFBD6D
:10EF7000880FE6BDCDACFBBD580EFFBD73F5EFBDF0
:10EF80001F7ACFBDCBF69FBD53B949BD86CF89BC93
:10EF900086CF893C53B9493DCBF69F3D1F7ACF3D83
:10EFA00073F5EF3D580EFF3DCDACFB3D880FE63DC0
:10EFB00067C7BF3D6B9A8B3D86A01A3D2CC3963B1D
:10EFC0007F9AECBCCBE076BDC9C8B2BD532DDDBD88
:10EFD000C58BF7BD11FBFFBDC6DEF5BD6AF2D9BD1D
:10EFE000DE3BAEBDBBCB6BBD0115D4BC742BFB3B74
:10EFF000128F263DCDD3903D00E2C33D3CBFE83D9E
:10F00000C9BFFC3DB070FE3D93B2ED3DF8BBCB3DBA
:10F01000C6029B3D4A1D3E3D2EBC613CB6ABA2BC28
:10F02000413655BD25D2A4BD4918D3BD5213F2BDFA
:10F03000AB84FFBD0273FABD5A3CE3BD3B8FBBBD41
:10F04000824B86BD229A0EBD900EC9BAC07D023D8C
:10F05000E4E7803D233AB73D2146E03D9812F93D73
:10F0600097D3FF3DDD0BF43DE595D63D1594A93DC5
:10F070004F92603DCF6EBB3C80B62FBCEF6332BD7C
:10F08000D9F695BD65DEC7BD0C4BEBBDCCABFDBD68
:10F09000AC3AFD3DD86BE73DF9AEBD3D3D9C833DAF
:10F0A000CCCFF83C30FBC8BBD47C2CBDC07F98BD16
:10F0B000029FCDBD0809F1BD0FB1FFBDF853F8BDEA
:10F0C0001A94DBBD4AEBABBD80E85ABD834096BCC9
:10F0D0008340963C80E85A3D4AEBAB3D1A94DB3DB9
:10F0E000F853F83D0FB1FF3D0809F13D029FCD3DBA
:10F0F000C07F983DD47C2C3D30FBC83BCCCFF8BCC6
:10F100003D9C83BDF9AEBDBDD86BE7BDAC3AFDBD3E
:10F11000AC3AFDBDD86BE7BDF9AEBDBD3D9C83BD2E
:10F12000CCCFF8BC30FBC83BD47C2C3DC07F983D95
:10F13000029FCD3D0809F13D0FB1FF3DF853F83D69
:10F140001A94DB3D4AEBAB3D80E85A3D8340963C48
:10F15000834096BC80E85ABD4AEBABBD1A94DBBD38
:10F16000F853F8BD0FB1FFBD0809F1BD029FCDBD39
:10F17000C07F98BDD47C2CBD30FBC8BBCCCFF83C45
:10F180003D9C833DF9AEBD3DD86BE73DAC3AFD3DBE
:10F19000AC3AFD3DD86BE73DF9AEBD3D3D9C833DAE
:10F1A000CCCFF83C30FBC8BBD47C2CBDC07F98BD15
:10F1B000029FCDBD0809F1BD0FB1FFBDF853F8BDE9
:10F1C0001A94DBBD4AEBABBD80E85ABD834096BCC8
:10F1D0008340963C80E85A3D4AEBAB3D1A94DB3DB8
:10F1E000F853F83D0FB1FF3D0809F13D029FCD3DB9
:10F1F000C07F983DD47C2C3D30FBC83BCCCFF8BCC5
:10F200003D9C83BDF9AEBDBDD86BE7BDAC3AFDBD3D
:10F21000AC3AFDBDD86BE7BDF9AEBDBD3D9C83BD2D
:10F22000CCCFF8BC30FBC83BD47C2C3DC07F983D94
:10F23000029FCD3D0809F13D0FB1FF3DF853F83D68
:10F240001A94DB3D4AEBAB3D80E85A3D8340963C47
:10F25000834096BC80E85ABD4AEBABBD1A94DBBD37
:10F26000F853F8BD0FB1FFBD0809F1BD029FCDBD38
:10F27000C07F98BDD47C2CBD30FBC8BBCCCFF83C44
:10F280003D9C833DF9AEBD3DD86BE73DAC3AFD3DBD
:10F29000F31B6A3CF31BEA3CFFC22E3D0578E83CB9
:10F2A00018D4663CA5F6D138E0BF6B3CE9EDEA3CEA
:10F2B000045A2E3D0EA6E73C2B30653CA5F651398D
:10F2C000CE636D3CE0BFEB3C08F12D3D18D4E63C2D
:10F2D0003D8C633CFB789D39BB076F3CD691EC3C81
:10F2E0000D882D3D2202E63C50E8613CA5F6D1395F
:10F2F000A7AB703CCE63ED3C121F2D3D2B30E53C9F
:10F300006244603C263A033A954F723CC435EE3C69
:10F3100017B62C3D345EE43C76A05E3CFB781D3A8B
:10F3200082F3733CBB07EF3C1C4D2C3D3D8CE33C12
:10F3300089FC5C3CCFB7373A7097753CB1D9EF3C4C
:10F3400020E42B3D47BAE23C9B585B3CA5F6513A82
:10F350005D3B773CA7ABF03C257B2B3D50E8E13C87
:10F36000AEB4593C79356C3A4ADF783C9F7DF13C2C
:10F3700029122B3D5A16E13CC010583C263A833ADC
:10F3800038837A3C954FF23C2EA92A3D6244E03CFA
:10F39000D36C563C9159903A25277C3C8C21F33C08
:10F3A00033402A3D6C72DF3CE6C8543CFB789D3A02
:10F3B00013CB7D3C82F3F33C37D7293D76A0DE3C6E
:10F3C000F824533C6598AA3AFF6E7F3C78C5F43C1C
:10F3D0003C6E293D7FCEDD3C0C81513CCFB7B73A26
:10F3E0007689803C7097F53C4105293D89FCDC3CE1
:10F3F0001EDD4F3C3BD7C43A6D5B813C6769F63CF0
:10F40000469C283D912ADC3C31394E3CA5F6D13A48
:10F41000632D823C5D3BF73C4A33283D9B58DB3CE7
:10F4200044954C3C0F16DF3A5BFF823C530DF83C91
:10F430004FCA273DA486DA3C56F14A3C7935EC3A6E
:10F4400051D1833C4ADFF83C5361273DAEB4D93CEF
:10F45000694D493CE354F93A47A3843C41B1F93C36
:10F4600058F8263DB8E2D83C7BA9473C263A033BF6
:10F470003E75853C3883FA3C5D8F263DC010D83CF4
:10F480008E05463CDCC9093B3547863C2E55FB3C86
:10F490006226263DCA3ED73CA261443C9159103BAE
:10F4A0002C19873C2527FC3C66BD253DD36CD63CFA
:10F4B000B3BD423C46E9163B22EB873C1BF9FC3CC2
:10F4C0006B54253DDD9AD53CC719413CFB781D3B6B
:10F4D00019BD883C13CBFD3C70EB243DE6C8D43C01
:10F4E000D9753F3CB008243B108F893C099DFE3CF8
:10F4F0007482243DEFF6D33CECD13D3C65982A3B29
:10F5000006618A3CFF6EFF3C7919243DF824D33C08
:10F51000FF2D3C3C1B28313BFD328B3C7B20003DCA
:10F520007DB0233D0253D23C118A3A3CCFB7373BE2
:10F53000F3048C3C7689003D8247233D0C81D13C0D
:10F5400024E6383C85473E3BEAD68C3C72F2003DCF
:10F5500087DE223D15AFD03C3842373C3BD7443B99
:10F56000E1A88D3C6D5B013D8C75223D1EDDCF3CDD
:10F57000499E353CEF664B3BD77A8E3C68C4013DD3
:10F58000910C223D270BCF3C5DFA333CA5F6513B55
:10F59000CE4C8F3C632D023D95A3213D3139CE3CAD
:10F5A0006F56323C5986583BC51E903C5F96023DD3
:10F5B0009A3A213D3A67CD3C82B2303C0F165F3B10
:10F5C000BBF0903C5BFF023D9ED1203D4495CC3C7E
:10F5D000940E2F3CC4A5653BB2C2913C5668033DD6
:10F5E000A368203D4CC3CB3CA76A2D3C79356C3BCE
:10F5F000A894923C51D1033DA8FF1F3D56F1CA3C4F
:10F60000BAC62B3C2EC5723B9F66933C4C3A043DD8
:10F61000AC961F3D601FCA3CCD222A3CE354793B87
:10F620009638943C47A3043DB12D1F3D694DC93C1C
:10F63000DF7E283C98E47F3B8C0A953C430C053DDB
:10F64000B6C41E3D737BC83CF2DA263C263A833BA7
:10F6500083DC953C3E75053DBB5B1E3D7BA9C73CED
:10F660000537253C27F9853B2B15963C0656053D6D
:10F67000D1741D3D0F3FC73CF728273C8FDD843BED
:10F68000B616923C057B013D4E3A1B3DD011CA3C5B
:10F690000B5E3B3C28E9683B9E10863C1804EF3C1F
:10F6A000B5EA1D3D1262D53C79DD5D3C56B6873A20
:10F6B0005F0ED93AB426633CCE95D53C22CC1C3D96
:10F6C0009F54E83C2AB4863CD24E943B46D22E3C12
:10F6D00023B6B63C91010B3DE240003D0C7AA33CC1
:10F6E000A6E40C3CFA4BE13B4B23933C96F3ED3CF8
:10F6F00085990E3DA78CC43C87CC573CFAFE193B3C
:10F700006E0F283B3817573C4A15C23C7C4F0C3DC6
:10F710006E47E93C93CD943C71A7003C461D013CEB
:10F720003D05933CD87BE53CF889083D4F94C03CAF
:10F730005C29603C65A87C3B4AF1153B99A5423C9D
:10F7400070E7AF3C147CFE3C86B3EE3C2DFEA13C42
:10F75000AA912A3CC437893AA302B63B44C4703C00
:10F760009B43C33C8B12073DA097D53CE07E8C3C6D
:10F7700041CC063C8B82FD3B8ABB863C7216CE3C5C
:10F78000C439053DDBCBC43C58487E3CF4F1E53B35
:10F79000799A293A5197123C7E4A8D3C5249D13C84
:10F7A000A8CEFD3C8F6EBB3CE91C723C6AB9DA3BCB
:10F7B000B01CB53A183A183C4DE88C3C8DB3CD3CA2
:10F7C00099EFF73C8BAFB83CFDDE723CC5BDE83B22
:10F7D000250DAE3A2C3E113C5A5D863C9D1BC43C27
:10F7E0009A14F83CF0CEBB3C88127F3C3187063C33
:10F7F000A5BD5F3ADFC3163AAD30FE3B6EC4743C24
:10F800004338B53C500EF03C0E1CC43CDFAC8A3C87
:10F81000617B223C0A743E3B6F3FC63B7541533CC3
:10F8200099B1A13C79C2D93C6BF4D03C84399A3C63
:10F8300039FD463CD40EB33B333F7A3BF869293C53
:10F8400012228A3C288FBF3CC0C2E13C889BAD3C61
:10F85000A0E8723C309A0A3CFF2E093B7852943A59
:10F8600015B9F03BC72E5E3C8100A23CA0E9D43C18
:10F870007E4BC43CE798923C9DCC413CD9CEBC3BEE
:10F88000D13F823BD926223CE596813C5D1AB23CB1
:10F890005FCDDD3CCE71AE3C792C7E3C56751F3C75
:10F8A000677C813BF49294390C34C23B748F3D3CAD
:10F8B00071028D3C293DBB3CFB8ECC3C3C6E9F3C99
:10F8C000FB9A643C7D590A3CFF5F403BAA0BDF3A40
:10F8D000E4F8E73B6F174C3C3619923CB426BE3C2B
:10F8E0006389C13C9688963C920F573CF90D013CC8
:10F8F0007E312C3BF6E01C3B825AF63B45224F3CC6
:10F90000A58B913C2786BB3C5611BC3CDE16933C34
:10F91000CF38543CE143023CCD3B413B07D71F3B32
:10F920009BEDEF3BD8F7473C72FC8B3CF8FCB33CBB
:10F93000EB88BB3C627C943CB1DF5A3CA0C60C3CDB
:10F9400037B67A3BA666FA3A1B13D73B46C6373C16
:10F950008001823CDC1FA83CA95EBF3CCD289A3CBC
:10F96000E1E5693C287A1F3CDE1CAA3B5A2B2A3A67
:10F970007580653AA9FBAD3BA2A31F3C7049683C6A
:10F980009F77983C86CABC3C5997A33C0022803C98
:10F990004D59393C36DDE43BA20F2E3BCE556D3B35
:10F9A0009A8F003CBFC9453CF381853C061FA83CAB
:10F9B000044EB03C10848E3C3774593C50E0153CEA
:10F9C000CF98A43BF3876B3AF5E9CB3AF1E9B63B24
:10F9D000B26C1D3C6B645F3C13AE903CF0A9B13C33
:10F9E00024AA9F3CEBEE7E3C8D893E3C6048FC3B6C
:10F9F0004CFB763B59AC443B5B0FE03B44E42E3C74
:10FA0000DAC06D3CB94E963C892EB33CF37F943CF2
:10FA1000B8A26B3C8C452E3CC1D0E13BD22C4E3B76
:10FA2000F5CB1D394F78793BEF89F43BDC2B363C25
:10FA3000C012723CD2FC963C6E77AB3CAA3A8E3C2C
:10FA4000CFFB613C4882273C8211DA3BE73C4A3BD2
:10FA50006428123AC96E843B8598F63B2161343C98
:10FA6000FF756D3C6E45933C682DA83C0D518C3C58
:10FA700066E9603CB130293CF9EFE23B20FD663B92
:10FA8000C7A401397D9CEB39EB06773B244DE83B5D
:10FA9000698B2A3C40F0603C8CAA8B3CF7DCA63C8E
:10FAA0009E448E3C2A70673C1857323C0B7CFA3BD4
:10FAB000E749903B0A5F983A4ACB473B0F90CB3BD4
:10FAC0003C9D193C71724D3CD4A3803C6E8E9A3C97
:10FAD000E8A0933CC1A8743CB20F423CA3760F3C13
:10FAE00027BBB93B1112293BB866FD3A9222A23BD3
:10FAF000BB75023C2CDA333C9D3E653C88518B3C07
:10FB0000D1FA9B3C3ADF833C4687573C1850273C50
:10FB1000D231EE3B75C38D3B5E54B53AFAF6F739F8
:10FB200043435B3BD3C3CB3B03F3143C1C04443C37
:10FB30003415733C2613913CF6F68F3CE7FB713C81
:10FB4000E109443CDC17163CAE4BD03B49CF683B47
:10FB5000D61C443A7221BE3AED3B893B7DEFE23B35
:10FB600086511E3C4F2B4B3C1605783C6F6F923CE8
:10FB7000E15D883C89F3643C512B393C18630D3CB2
:10FB8000BF35C33B9C4A573BEEA6203AD5B2FA3A62
:10FB90001027943B6AA1E93BE38D1F3C104B4A3C84
:10FBA0003D08753CB5E28F3CC2B5843C05B35F3C73
:10FBB00086FA353C07420C3C1213C53B2644633B96
:10FBC000AB88713AD117FB3A023A903B0FAEE13B5A
:10FBD0000E91193C154B423C1C056B3C91DF893C56
:10FBE000498E843CF25A613C5499393CB6D7113C59
:10FBF0002E2CD43BF1A8843BD196D43A4922C63A64
:10FC0000AA4D7E3B18C5CC3BAD310D3CCE00343CFB
:10FC1000F0CF5A3C88CF803CFB7F873C8C1D693CF1
:10FC2000213B433CB5581D3C94ECEE3BBE27A33B27
:10FC3000CFC52E3B0CE1B939FF33443A64FA443B5B
:10FC4000E473AC3B966AF63BA430203CFD2B453C6C
:10FC500056276A3C5791873C863D763CBE23523CF2
:10FC6000F6092E3C2EF0093CCBACCB3B3B79833BD9
:10FC7000A816ED3AABB2EE3AD927823B07A3C83BB0
:10FC80001A8F073CB1CC2A3C480A4E3CDF47713CF6
:10FC90007506843C46A6653CA13F433CFCD8203C0D
:10FCA000ADE4FC3B6317B83B3294663B3DF3B93A95
:10FCB0008B6EC03919611E3B315A923BD583D53BBF
:10FCC000BC560C3C8EEB2D3C60804F3C3315713C98
:10FCD00012247D3C135C5C3C14943B3C16CC1A3CD7
:10FCE0002E08F43B3078B23B66D0613BD560BD3A1C
:10FCF000900E263AD883293B05C2943B1FC2D43BC1
:10FD00001C610A3C29612A3C36614A3C43616A3CD9
:10FD1000E2CE783C0492593C25553A3C47181B3CAE
:10FD2000D0B6F73B133DB93BAC86753B6326F13A41
:10FD30007892073AF9DD1B3BA9EB8A3B57E8C73BB2
:10FD40008272023CD9F0203C2F6F3F3C86ED5D3C37
:10FD5000954F7A3C3B8B5C3CE3C63E3C8A02213C9F
:10FD6000313E033CB0F3CA3BFE6A8F3B9AC4273B4B
:10FD7000D9CC423A39438238809AF03A66886C3B53
:10FD8000C661B03B597FEA3B764E123C3F5D2F3C4B
:10FD90000A6C4C3CD37A693CDD99643C503C483C4D
:10FDA000C3DE2B3C35810F3C4E47E63B338CAD3BED
:10FDB0002FA2693BF257F03A4FB8D63806EA823A9A
:10FDC0002E37303BAC7C8F3BC2DDC63BD73EFE3B83
:10FDD000F6CF1A3C8180363C0B31523C96E16D3CAB
:10FDE0005D16563CB60E3B3C0F07203C68FF043CBA
:10FDF00082EFD33B34E09D3BCBA14F3B5E06C73A3D
:10FE0000899AC63A6BD84C3BC9319B3B5BF7CF3BD9
:10FE1000775E023C41C11C3C0A24373CD486513CED
:10FE2000F6C2673C1D014E3C433F343C697D1A3CA1
:10FE300090BB003C6DF3CD3BBA6F9A3B0DD84D3B68
:10FE40004EA1CD3A7C1A00394929D93AA127513B14
:10FE50004FDD9A3BCE26CD3B4C70FF3BE5DC183C9A
:10FE6000A501323C64264B3CBC30643C59A54B3C5C
:10FE7000F519333C938E1A3C2F03023C99EFD23B89
:10FE8000D2D8A13B1884613B18ADFE3AFA47E93954
:10FE900082B44B364D13C03A60E03F3B8DDB8F3B65
:10FEA000EAC6BF3B46B2EF3BD2CE0F3C80C4273CF4
:10FEB0002FBA3F3CDDAF573C7C5C4E3CF1F8363C02
:10FEC00066951F3CDC31083CA19CE13B8CD5B23BE4
:10FED000760E843BC28E2A3B2D019A3A0367803A04
:10FEE0000B871B3B96DA763B1017A93BD5C0D63B58
:10FEF0004D35023C2F0A193C12DF2F3CF5B3463C2E
:10FF00002C8D553C8C433F3CEBF9283C4BB0123CCC
:10FF100055CDF83B143ACC3BD3A69F3B2527663BF7
:10FF2000A3000D3B86684F3A955D763930D9CC3ABF
:10FF300057733D3B0B3D8A3B6AC0B53BC843E13B31
:10FF40009563063C44251C3CF4E6313CA3A8473CA1
:10FF5000676D4B3C6B30363C6FF3203C73B60B3C0B
:10FF6000EDF2EC3BF678C23BFEFE973B0B0A5B3BA7
:10FF70001B16063BAC88443A12C80A3A973FEB3A44
:10FF8000938D483BAEBD8D3B9134B73B75ABE03BA9
:10FF90002C11053C9ECC193C10882E3C8243433CDE
:10FFA0009FB8463CA27B323CA43E1E3CA6010A3CC4
:10FFB0005089EB3B550FC33B59959A3BBC36643B8C
:10FFC000C442133B9A9D843A5747053A14B0E03A2D
:10FFD0003E5E3F3B3932873B53B5AE3B6C38D63B38
:10FFE00087BBFD3B509F123CDD60263C6B223A3CB8
:10FFF000D9D3463CCC8A333CBF41203CB2F80C3CC0
:020000040802F0
:10000000495FF33B2ECDCC3B153BA63BF4517F3BE8
:10001000C02D323B1613CA3AB52ABF3951F85939A7
:100020006BDAB13AE63A243B97886F3B246B9D3BF1
:10003000FC11C33BD5B8E83BD72F073C43031A3C20
:10004000AFD62C3C1BAA3F3CBCCF383C246F263C8F
:100050008B0E143CF2AD013CB39ADE3B81D9B93B27
:100060005018953B3CAE603BD92B173BEB529B3A6B
:1000700058E28438671E463A4293F23AA80B413B55
:10008000D766843BDA47A83BDD28CC3BE109F03B4F
:1000900072F5093CF4E51B3C75D62D3CF7C63F3C98
:1000A0009244303C7CC11E3C653E0D3C9F76F73B44
:1000B0007270D43B456AB13B19648E3BD9BB563B49
:1000C0007FAF103B4C46953A9FD992386D08813AE4
:1000D0004FE5043B6946493BC1D3863B4D04A93BF0
:1000E000DA34CB3B6665ED3BF9CA073C3FE3183C8D
:1000F00086FB293CCC133B3C5D9A2C3C5CEA1B3CC8
:100100005A3A0B3CB014F53BADB4D33BAA54B23BC6
:10011000A6F4903B45295F3B3F691C3B6F52B33AC5
:100120008749B7395190733AF219FC3ADE353F3BB3
:10013000612F803BD3C3A03B4658C13BB8ECE13BA9
:100140009540013CCE8A113C07D5213C411F323CF1
:1001500002452D3C255E1D3C48770D3CD320FB3BE2
:100160001953DB3B5F85BB3BA3B79B3BD1D3773BAD
:100170005C38383BCC39F13AC205643A7D1E233AEB
:100180003CBECD3A9DF6243B1B0E633BCD92903B8B
:100190008C9EAF3B4BAACE3B0BB6ED3BE560063CDD
:1001A000C5E6153CA56C253C77C3313C469C223CFA
:1001B0001475133CE34D043C624DEA3BFFFECB3B20
:1001C0009CB0AD3B39628F3BAB27623BE68A253B57
:1001D0003FDCD13A6545313A7E82C4384F9E823A3F
:1001E00076F4F83A4FA5373B63D0723BBBFD963BA4
:1001F0004493B43BCE28D23B59BEEF3BF1A9063C19
:10020000B674153C7B3F243C7C2E2B3CF0BD1C3C43
:10021000644D0E3CB1B9FF3B98D8E23B81F7C53B3A
:100220006916A93B51358C3B71A85E3B41E6243BE6
:100230002248D63A8387453AFD8472396A148F3A48
:1002400036D8FF3A014E383BE5AF703BE588943B2A
:10025000D9B9B03BCBEACC3BBE1BE93B58A6023C2C
:10026000D2BE103C4BD71E3CA0E5283C20231B3CB3
:10027000A0600D3C413CFF3B41B7E33B4132C83BF2
:1002800041ADAC3B4128913B83466B3B833C343BC7
:100290000665FA3A07518C3A3AE871393355F9381C
:1002A000D513763A827EE63A8DF9283BD8B35E3B89
:1002B00012378A3B3814A53B5EF1BF3B84CEDA3B54
:1002C000AAABF53B6844083CFBB2153C8E21233CAD
:1002D0008C4F1D3CE632103C4016033C35F3EB3BA3
:1002E000EAB9D13B9E80B73B53479D3B080E833B09
:1002F00078A9513BE1361D3B9488D13ACC46513A1E
:100300002B89143AF9A9B03AAE870B3B5EBA3E3B53
:1003100010ED713BE18F923B3A29AC3B91C2C53B5A
:10032000EA5BDF3B43F5F83B4E47093CFA13163CCA
:10033000CAD0223C2F52163C94D3093CF3A9FA3B75
:10034000BEACE13B89AFC83B54B2AF3B1EB5963B58
:10035000D16F7B3B6675493BFC7A173B2201CB3A58
:100360009B184E3A06DEC53737C4F435B6A0433A7B
:100370008463C33A577B123BEB44433B810E743B8F
:100380000B6C923BD5D0AA3BA035C33B6A9ADB3BB2
:1003900035FFF33BFF31063C6464123CCA961E3CB9
:1003A000A36D133CA385073C453BF73B436BDF3B09
:1003B000429BC73B41CBAF3B40FB973B3F2B803B36
:1003C0007CB6503B7916213BEEECE23AEAAC833A3C
:1003D00096B39139A235343ADE15B73A76080A3B1E
:1003E000FC85383B8303673B85C08A3B48FFA13BC4
:1003F0000B3EB93BCF7CD03B92BBE73B55FAFE3B73
:100400008C1C0B3CEEBB163C032C143C85D3083CE7
:100410000EF6FA3B1345E43B1794CD3B1CE3B63B89
:100420002132A03B2681893B54A0653B5D3E383B91
:1004300066DC0A3BE0F4BA3AE461403A8FA02D381A
:10044000B9E0DA397F528F3AD0ECE73A9043203B5B
:10045000B9904C3BE2DD783B8595923B1ABCA83BBA
:10046000ADE2BE3B4109D53BD62FEB3B35AB003C63
:100470007FBE0B3CC9D1163CFE500D3C4281023C74
:100480000A63EF3B90C3D93B1724C43B9D84AE3B2A
:1004900025E5983BAB45833B644C5B3B710D303BA2
:1004A0007ECE043B181FB33A6742393ACA694438D2
:1004B00089C41E3A9ED0A33AF73EF83AA856263B86
:1004C000D58D503B01C57A3B177E923BAD99A73B3A
:1004D00044B5BC3BDAD0D13B71ECE63B0608FC3BB3
:1004E000CF91083C9A1F133C144D0A3C50FFFF3B30
:1004F0007964EB3BA0C9D63BC92EC23BF193AD3B1F
:1005000018F9983B415E843BD3865F3B2251363BD2
:10051000731B0D3B86CBC73A4EC06A3A1ED38B394C
:100520000A7E153AAF339B3A59A8EB3A820E1E3B2E
:10053000D748463B2C836E3BC15E8B3BEB7B9F3B9E
:100540001699B33B40B6C73B6CD3DB3B96F0EF3B11
:10055000E006023C76150C3C18B20A3CDAE0003C9E
:10056000381FEE3BBC7CDA3B41DAC63BC437B33BB9
:1005700048959F3BCCF28B3BA1A0703BA85B493BCD
:10058000B016223B71A3F53A8219A73A241F313ADB
:10059000265AA038889AB03911A3713A6F7CC53AAF
:1005A000AA13093B1D692F3B90BE553B03147C3BAE
:1005B000BC34913B755FA43B2F8AB73BE8B4CA3B80
:1005C000A2DFDD3B5B0AF13B8A1A023CE7AF0B3C42
:1005D000A9BF043C81C9F63BB013E43BDE5DD13BCF
:1005E0000BA8BE3B3AF2AB3B683C993B9786863BF7
:1005F0008BA1673BE835423B45CA1C3B43BDEE3A05
:10060000FCE5A33A6C1D323AFA76E338D4F0FE39B1
:1006100000CB883ACAD9D13A4B740D3BB0FB313B81
:100620001583563B7B0A7B3BF1C88F3BA30CA23B57
:100630005650B43B0894C63BBBD7D83B6E1BEB3B34
:10064000205FFD3B69D1073CDE54023C6FD5F23B95
:100650002301E13BD72CCF3B8B58BD3B4084AB3BC8
:10066000F4AF993BA8DB873BB70E6C3B2066483B59
:1006700088BD243BF014013BB0D8BA3A010F673A69
:1006800044D9B039FD92E139E3057C3A24A1C33A5B
:10069000AB9F043BC46E273BDD3D4A3BF70C6D3BF3
:1006A00008EE873B9455993B21BDAA3BAE24BC3B49
:1006B000398CCD3BC6F3DE3B535BF03B70E1003C35
:1006C000FF0B033C9A1AF53B351DE43BD21FD33B8D
:1006D0006D22C23B0825B13BA427A03B3F2A8F3B9C
:1006E000B5597C3BED5E5A3B2464383B5A69163B56
:1006F00023DDE83A92E7A43AFEE3413A69E3673939
:10070000FBB449395F1B373ABFE49D3ACF3BE03A2F
:100710007049113BF774323B7FA0533B07CC743BCD
:10072000C8FB8A3B8C919B3B5027AC3B13BDBC3B29
:10073000D752CD3B9BE8DD3B5F7EEE3B2314FF3B76
:1007400033DEFC3B97ADEC3BFC7CDC3B604CCC3BB4
:10075000C51BBC3B29EBAB3B8EBA9B3BF3898B3B68
:10076000AFB2763B7751563B41F0353B0A8F153B94
:10077000A65BEA3A3899A93A94AD513A7351A03937
:100780007503913999F0463ABDAFA23A2CE7E13AA8
:100790004E8F103B062B303BBEC64F3B75626F3B06
:1007A000167F873BF24C973BCF1AA73BABE8B63B93
:1007B00087B6C63B6284D63B3E52E63B1A20F63BE8
:1007C000EF06FA3B7899EA3B012CDB3B8ABECB3B38
:1007D0001351BC3B9DE3AC3B26769D3BAF088E3B63
:1007E00070367D3B845B5E3B96803F3BA9A5203BFA
:1007F000BBCA013B9BDFC53AC029883ACBE7143A14
:10080000A6E0CB3827A937393565263A11708F3ADB
:1008100087ADCB3A7EF5033B3914223BF432403BA3
:10082000AF515E3B6B707C3B93478D3BF0569C3BDE
:100830004E66AB3BAB75BA3B0885C93B6694D83B6B
:10084000C3A3E73B21B3F63BD024EE3B4E71DF3B25
:10085000CBBDD03B490AC23BC856B33B46A3A43BE1
:10086000C3EF953B413C873B7D11713B79AA533BDC
:100870007543363B71DC183BD8EAF63ACF1CBC3ADC
:10088000C74E813A7C010D3A582BBB38E233B6395A
:10089000AAE84D3AB25BA03A0EC3D93A3595093B66
:1008A000E448263B91FC423B40B05F3BEE637C3B1F
:1008B000CE8B8C3BA6E59A3B7D3FA93B5399B73B3A
:1008C0002AF3C53B024DD43BD9A6E23BB000F13B35
:1008D000A5A2E83B56A0DA3B079ECC3BB89BBE3BAB
:1008E0006999B03B1A97A23BCB94943B7C92863B90
:1008F0005B20713BBD1B553B1E17393B80121D3BD6
:10090000E20D013B8912CA3A4D09923A2200343A6B
:1009100053DB8739F046AF395E0A453AA238993A37
:1009200015ECCF3AC44F033B7EA91E3B37033A3B3D
:10093000F15C553BAAB6703B3208863B0EB5933B43
:10094000EB61A13BC80EAF3BA5BBBC3B8268CA3B79
:100950005E15D83B3BC2E53B10CAE83B9B70DB3BD6
:100960002817CE3BB4BDC03B4064B33BCD0AA63B89
:1009700059B1983BE6578B3BE3FC7B3BFB49613B22
:100980001497463B2DE42B3B4631113BBCFCEC3A23
:10099000ED96B73A1E31823A9E96193A032C3B39AE
:1009A0009A4024396250113A9D90793A6CE8B03AF5
:1009B0008908E53A53940C3B62A4263B72B4403B51
:1009C00080C45A3B8ED4743B4F72873B577A943B1A
:1009D0005E82A13B658AAE3B6C92BB3B749AC83B7E
:1009E0007BA2D53B83AAE23B8A3AE13BFE81D43B22
:1009F00072C9C73BE610BB3B5B58AE3BCF9FA13BE8
:100A000043E7943BB72E883B58EC763B407B5D3BFD
:100A1000290A443B11992A3BFA27113BC46DEF3A4E
:100A2000968BBC3A67A9893A718E2D3A25948F39F5
:100A300089425F3949281B3AEF7F7E3ACBEBB03AC7
:100A40009E97E23AB9210A3BA2F7223B8DCD3B3B70
:100A500076A3543B5F796D3BA527833B9A928F3BEE
:100A60008EFD9B3B8368A83B78D3B43B6D3EC13B76
:100A700062A9CD3B5614DA3BBE44DF3B8725D33B0E
:100A80005006C73B19E7BA3BE1C7AE3BAAA8A23B59
:100A90007389963B3C6A8A3B0A967C3B9B57643B36
:100AA0002D194C3BBEDA333B4F9C1B3BE15D033BB6
:100AB000E63ED63A09C2A53A598A6A3A9F90093A5F
:100AC000975B2239CA15DF38EB19F5393237593AB5
:100AD000B7F09B3AD545CB3AF39AFA3A09F8143B6A
:100AE00098A22C3B274D443BB6F75B3B45A2733B9A
:100AF0006AA6853BB17B913BF9509D3B4026A93BC3
:100B000088FBB43BCFD0C03B18A6CC3B5F7BD83B27
:100B1000E4B7D63BC82ACB3BAD9DBF3B9310B43B5B
:100B20007883A83B5DF69C3B4369913B27DC853B82
:100B3000199E743BE4835D3BAF69463B784F2F3B86
:100B40004335183B0D1B013BAF01D43A44CDA53AC8
:100B5000B1316F3ADAC8123A0E805939D3CD5139D2
:100B6000A8A80E3ADADD683A8789A13A20A4CE3ADD
:100B7000BABEFB3AA96C143BF6F92A3B4387413BCA
:100B80008F14583BDCA16E3B9497823B3BDE8D3B40
:100B9000E124993B886BA43B2EB2AF3BD4F8BA3B1F
:100BA0007A3FC63B2186D13BE1A0D33B009FC83BA7
:100BB000219DBD3B429BB23B6199A73B82979C3BE9
:100BC000A395913BC393863BC623773B0720613BAC
:100BD000491C4B3B8918353BCA141F3B0B11093B81
:100BE000981AE63A1913BA3A9B0B8E3A3908443AE6
:100BF00078F2D739F9519F3844850D3967AEF2390B
:100C0000164D4F3A7CA1923A6E9CBD3A6097E83AF5
:100C100028C9093BA1461F3B1AC4343B93414A3BB8
:100C20000BBF5F3B833C753BFE5C853BBB1B903B36
:100C300077DA9A3B3399A53BF057B03BAC16BB3BF8
:100C400068D5C53B2494D03B51E4CA3B1F67C03BE9
:100C5000ECE9B53BBA6CAB3B87EFA03B5472963BDB
:100C600022F58B3BEF77813B7AF56D3B15FB583BCB
:100C7000AF00443B4A062F3BE50B1A3B7F11053B77
:100C8000352EE03A6A39B63AA1448C3AAC9F443AE0
:100C90002F6CE1391664E638438D7D39154D113AD4
:100CA000D936633A4F909A3A3185C33A137AEC3A7F
:100CB0007BB70A3BEC311F3B5DAC333BCE26483B58
:100CC0003FA15C3BB11B713B11CB823B49088D3B83
:100CD0008245973BBA82A13BF3BFAB3B2BFDB53BB3
:100CE000643AC03B9D77CA3BA06AC73BDB6BBD3B08
:100CF000166DB33B526EA93B8D6F9F3BC870953B01
:100D000003728B3B3F73813BF4E86E3B6AEB5A3BCB
:100D1000E0ED463B56F0323BCDF21E3B43F50A3B3D
:100D200074EFED3A62F4C53A4FF99D3A77FC6B3AAD
:100D300050061C3A55209839BA114D39DE52013A05
:100D40004D614F3ADEB78E3A15BFB53A4CC6DC3A24
:100D5000C2E6013B5E6A153BFAED283B96713C3BCF
:100D600031F54F3BCC78633B68FC763B0240853BDA
:100D7000D0018F3B9EC3983B6C85A23B3947AC3B6F
:100D80000709B63BD5CABF3BFD9BC83BB215BF3B6D
:100D9000678FB53B1C09AC3BD182A23B87FC983BDB
:100DA0003C768F3BF1EF853B4CD3783BB7C6653B38
:100DB00020BA523B8BAD3F3BF6A02C3B6094193BD5
:100DC000CB87063B6AF6E63A3EDDC03A13C49A3A50
:100DD000CE55693A78231D3A43E2A13961D9973754
:100DE0007C156837D8039C398263183A18C5623A73
:100DF0005793963A23C4BB3AEEF4E03ADC12033B35
:100E000042AB153BA843283B0DDC3A3B73744D3B8A
:100E1000D80C603B3DA5723BD29E823B04EB8B3BE2
:100E20003737953B6A839E3B9DCFA73BCF1BB13B9A
:100E30000268BA3B35B4C33BA6C5BB3B2AB2B23B42
:100E4000AC9EA93B2F8BA03BB277973B35648E3B82
:100E5000B850853B757A783B7C53663B822C543B7B
:100E60008705423B8DDE2F3B93B71D3B99900B3B93
:100E70003ED3F23A4985CE3A5537AA3A61E9853AE6
:100E8000D936433AE235F53921FC47390CEE84393D
:100E90001058093A1939503A128D8B3A97FDAE3AEB
:100EA0001B6ED23AA1DEF53A93A70C3BD65F1E3BF0
:100EB0001818303B5BD0413B9C88533BDF40653B7F
:100EC00022F9763BB258843BD3348D3BF510963BE8
:100ED00016ED9E3B37C9A73B58A5B03B7A81B93B7D
:100EE000B3E9BC3B9C43B43B849DAB3B6DF7A23B59
:100EF00056519A3B3FAB913B2805893B115F803BA4
:100F0000F4716F3BC5255E3B97D94C3B698D3B3BEC
:100F10003B412A3B0DF5183BDEA8073B61B9EC3A93
:100F20000421CA3AA888A73A4CF0843ADFAF443A81
:100F30004EFEFE39B93969391347A8382D27B13922
:100F40004B1E1C3AFFA85F3AD999913A335FB33AE6
:100F50008E24D53AE7E9F63AA1570C3B4E3A1D3BB1
:100F6000FB1C2E3BA8FF3E3B54E24F3B03C5603BBE
:100F7000AFA7713B2E45813B84B6893BDB27923B73
:100F800032999A3B880AA33BDE7BAB3B35EDB33B02
:100F9000ABBEB93BD480B13BFC42A93B2405A13B8D
:100FA0004DC7983B7589903B9D4B883BC50D803B59
:100FB000DC9F6F3B2D245F3B7CA84E3BCD2C3E3B02
:100FC0001EB12D3B6F351D3BBFB90C3B1F7CF83A62
:100FD000BF84D73A618DB63A0296953A483D693A50
:100FE0008A4E273A97BFCA3938C40D397BFD21385C
:100FF000DFF8943908D90A3A9F354B3A1CC9853A2B
:1010000068F7A53AB425C63A0054E63A2641033BB0
:101010004C58133B726F233B9886333BBE9D433B3A
:10102000E4B4533B09CC633B30E3733B2BFD813B82
:10103000BE088A3B5114923BE41F9A3B772BA23B9C
:101040000A37AA3B9D42B23BF4F3B23B7319AB3B68
:10105000F23EA33B71649B3BF089933B6FAF8B3BAC
:10106000EED4833BDBF4773BD93F683BD88A583BCF
:10107000D6D5483BD420393BD26B293BD0B6193B5F
:10108000CF010A3B9A99F43A962FD53A93C5B53ACF
:101090008F5B963A18E36D3A110F2F3A1376E039C9
:1010A0000A9C453992E7E2388663B3399306173ACA
:1010B000645B543A1AD8883A8282A73AEB2CC63A33
:1010C00054D7E43ADEC0013B1216113B466B203B7D
:1010D0007AC02F3BAF153F3BE36A4E3B17C05D3BE9
:1010E0004B156D3B7F6A7C3BDADF853B748A8D3B19
:1010F0000E35953BA8DF9C3B428AA43BDC34AC3BDD
:10110000ACA2B03BD526A93BFDAAA13B262F9A3B1A
:101110004EB3923B77378B3B9FBB833B907F783BB3
:10112000E087693B32905A3B83984B3BD4A03C3BD1
:1011300025A92D3B76B11E3BC8B90F3B19C2003B18
:10114000D494E33A76A5C53A18B6A73ABAC6893A0E
:10115000B8AE573AFECF1B3A84E2BF391A4A10396B
:1011600080D2473870DD8D394860013AD8D13B3A9A
:101170006843763A7C5A983A4493B53A0CCCD23AC2
:10118000D404F03ACE9E063B323B153B96D7233B28
:10119000FB73323B5E10413BC3AC4F3B26495E3B89
:1011A0008AE56C3BEE817B3B290F853B5B5D8C3B8D
:1011B0008DAB933BBFF99A3BF147A23B2396A93BEA
:1011C0004827AB3BA505A43B02E49C3B5FC2953B93
:1011D000BCA08E3B197F873B765D803BA677723B38
:1011E0005F34643B1AF1553BD3AD473B8E6A393BC4
:1011F00048272B3B02E41C3BBCA00E3B765D003B2A
:101200005F34E43AD3ADC73A4827AB3ABCA08E3A34
:101210005F34643A48272B3A5F34E4395F346439E9
:10122000000005000B00110017001D00230029001D
:101230002F0035003B00410047004D00530059008E
:101240005F0065006B00710077007D0083008900FE
:101250008F0095009B00A100A700AD00B300B9006E
:10126000BF00C500CB00D100D700DD00E300E900DE
:10127000EF00F500FB00010108010F0115011C0141
:1012800023012A013201390140014801500159016D
:1012900062016A0173017C0185018F019901A3013B
:1012A000AD01B801C301CE01D901E401F001FD0196
:1012B0000A021602230231023F024D025B026A0259
:1012C000790288029802A802B902CB02DC02ED0280
:1012D0000003130326033A034E03630379038F03CA
:1012E000A503BB03D203EA0303041C043604510420
:1012F0006C048804A404C104DF04FD041C053C053F
:101300005D057F05A105C405E8050D0633065A06EF
:101310008206AA06D406FF062A0757078507B407E0
:10132000E40701000300060009000C000F00120092
:10133000150018001B001E002100240027002A00B1
:101340002D0030003300360039003C003F004200E1
:10135000450048004B004E005100540057005A0011
:101360005D0060006300660069006C006F00720041
:10137000750078007B007E008100840088008B006F
:101380008E009200950099009D00A000A400A80086
:10139000AC00B100B500B900BE00C200C700CC006F
:1013A000D100D600DB00E100E600EC00F100F70020
:1013B000FD0004010A01100117011E0125012C0185
:1013C00033013B0142014A0152015A0163016C01A0
:1013D00074017D01870190019A01A401AE01B90158
:1013E000C401CF01DA01E501F101FD010A02160293
:1013F000240231023F024D025B026A027902880236
:101400009802A802B902CA02DB02ED02FF0212032F
:10141000250339034D03610377038C03A203B9034A
:10142000D003000000000000DEE91D36C6E91D37CC
:10143000D1A6B13764E91D383BBC7638DAA5B1389E
:10144000C8CBF138DFE71D39C7D8473984B87639BA
:101450007B43953900A2B139BF77D039A5C4F139A2
:101460004EC40A3AC8E11D3AB53A323A07CF473A74
:10147000B29E5E3AA7A9763AECF7873A9A38953A3F
:10148000D616A33A9892B13AD6ABC03A8762D03A10
:10149000A1B6E03A1AA8F13A749B013B80B10A3B2D
:1014A0002C16143B71C91D3B49CB273BAF1B323B6C
:1014B0009DBA3C3B0AA8473BF2E3523B4C6E5E3B75
:1014C00012476A3B3C6E763BE271813BD0D3873B4F
:1014D000E55C8E3B1D0D953B73E49B3BE3E2A23B39
:1014E0006A08AA3B0255B13BA7C8B83B5563C03B4D
:1014F0000625C83BB60DD03B611DD83B0154E03BEF
:1015000090B1E83B0B36F13B6BE1F93BD659013C1E
:1015100064D6053C5C660A3CBD090F3C82C0133CA6
:10152000A98A183C30681D3C1359223C4F5D273C6A
:10153000E0742C3CC59F313CF9DD363C7A2F3C3CB5
:101540004494413C540C473CA6974C3C3736523CA3
:1015500004E8573C09AD5D3C4285633CAC70693C96
:10156000436F6F3C0481753CEBA57B3CFAEE803CFD
:101570008D14843CAE43873C5A7C8A3C8FBE8D3CA4
:101580004B0A913C8C5F943C51BE973C96269B3C09
:101590005A989E3C9C13A23C5798A53C8C26A93C8B
:1015A00036BEAC3C555FB03CE509B43CE5BDB73C4C
:1015B000527BBB3C2A42BF3C6B12C33C12ECC63C84
:1015C0001DCFCA3C8ABBCE3C55B1D23C7EB0D63C86
:1015D00000B9DA3CDACADE3C0AE6E23C8C0AE73CB7
:1015E0005E38EB3C7E6FEF3CE8AFF33C9BF9F73C99
:1015F000934CFC3C6754003D2587023D82BE043D70
:101600007CFA063D123B093D43800B3D0DCA0D3D62
:101610006F18103D676B123DF5C2143D161F173D44
:10162000C97F193D0CE51B3DDF4E1E3D3FBD203DF2
:101630002C30233DA3A7253DA323283D2BA42A3DE1
:1016400039292D3DCCB22F3DE140323D78D3343D98
:101650008E6A373D23063A3D34A63C3DC04A3F3DA5
:10166000C6F3413D43A1443D3653473D9E094A3DA3
:1016700078C44C3DC3834F3D7D47523DA60F553D39
:101680003ADC573D38AD5A3D9E825D3D6B5C603D16
:101690009E3A633D331D663D2A04693D80EF6B3DF4
:1016A00034DF6E3D44D3713DAECB743D70C8773DA1
:1016B00089C97A3DF6CE7D3D5B6C803D64F3813D0A
:1016C000947C833DEA07853D6795863D0725883DE7
:1016D000CCB6893DB34A8B3DBCE08C3DE6788E3D6F
:1016E0002F13903D97AF913D1D4E933DC0EE943D1D
:1016F0007F91963D5836983D4BDD993D57869B3DF1
:101700007B319D3DB5DE9E3D058EA03D693FA23DEE
:10171000E2F2A33D6CA8A53D0860A73DB519A93D1F
:1017200071D5AA3D3B93AC3D1253AE3DF614B03D8E
:10173000E4D8B13DDD9EB33DDE66B53DE730B73D53
:10174000F7FCB83D0CCBBA3D269BBC3D436DBE3D7E
:101750006241C03D8217C23DA2EFC33DC1C9C53D34
:10176000DEA5C73DF783C93D0B64CB3D1A46CD3D91
:10177000222ACF3D2110D13D18F8D23D03E2D43DBD
:10178000E4CDD63DB7BBD83D7CABDA3D329DDC3DE8
:10179000D890DE3D6C86E03DED7DE23D5A77E43D3C
:1017A000B172E63DF36FE83D1C6FEA3D2D70EC3DF4
:1017B0002373EE3DFE77F03DBC7EF23D5D87F43D48
:1017C000DE91F63D3F9EF83D7EACFA3D9ABCFC3D75
:1017D00091CEFE3D3271003E087C013EC987023E3B
:1017E0007694033E0EA2043E90B0053EFBBF063E3B
:1017F0004ED0073E8AE1083EADF3093EB7060B3EE8
:10180000A71A0C3E7D2F0D3E37450E3ED55B0F3E91
:101810005673103EBB8B113E01A5123E29BF133EED
:1018200031DA143E1AF6153EE112173E8830183EA2
:101830000C4F193E6E6E1A3EAC8E1B3EC6AF1C3E60
:10184000BBD11D3E8BF41E3E3418203EB73C213EDA
:101850001262223E4488233E4EAF243E2DD7253EC1
:10186000E3FF263E6D29283ECB53293EFC7E2A3ECF
:1018700001AB2B3ED7D72C3E7E052E3EF6332F3EB6
:101880003E63303E5493313E39C4323EECF5333E34
:101890006B28353EB65B363ECD8F373EAEC4383E04
:1018A00059FA393ECE303B3E0A683C3E0FA03D3EE1
:1018B000DAD83E3E6B12403EC14C413EDC87423E90
:1018C000BBC3433E5D00453EC23D463EE87B473ECE
:1018D000CEBA483E75FA493EDB3A4B3EFF7B4C3E62
:1018E000E1BD4D3E80004F3EDB43503EF287513E0E
:1018F000C3CC523E4E12543E9158553E8E9F563E9A
:1019000041E7573EAB2F593ECB785A3EA0C25B3ED3
:101910002A0D5D3E66585E3E56A45F3EF7F0603E7F
:101920004A3E623E4C8C633EFFDA643E5F2A663E6E
:101930006E7A673E2ACB683E921C6A3EA56E6B3E6D
:1019400063C16C3ECB146E3EDB686F3E94BD703E4F
:10195000F412723EFB68733EA8BF743EF916763EE1
:10196000EE6E773E86C7783EC1207A3E9E7A7B3EF9
:101970001BD57C3E38307E3EF38B7F3E2774803E05
:10198000A322813E6DD1813E8480823EEA2F833E38
:101990009CDF833E9B8F843EE63F853E7CF0853E08
:1019A0005EA1863E8B52873E0204883EC4B5883EC7
:1019B000CF67893E231A8A3EBFCC8A3EA47F8B3EE6
:1019C000D1328C3E46E68C3E019A8D3E034E8E3ED1
:1019D0004B028F3ED9B68F3EAC6B903EC320913EFA
:1019E00020D6913EC08B923EA441933ECAF7933ECF
:1019F00034AE943EDF64953ECD1B963EFBD2963EC0
:101A00006B8A973E1B42983E0BFA983E3AB2993E3B
:101A1000A96A9A3E56239B3E42DC9B3E6B959C3EB8
:101A2000D24E9D3E75089E3E55C29E3E717C9F3EA5
:101A3000C936A03E5BF1A03E28ACA13E3067A23E75
:101A40007122A33EEBDDA33E9E99A43E8A55A53E9E
:101A5000AE11A63E09CEA63E9B8AA73E6347A83E8E
:101A60006204A93E96C1A93E007FAA3E9E3CAB3EC1
:101A700071FAAB3E77B8AC3EB176AD3E1D35AE3EA9
:101A8000BDF3AE3E8EB2AF3E9071B03EC430B13EBB
:101A900028F0B13EBDAFB23E816FB33E752FB43E6C
:101AA00097EFB43EE7AFB53E6670B63E1131B73E34
:101AB000EAF1B73EEFB2B83E2074B93E7D35BA3E8A
:101AC00004F7BA3EB6B8BB3E937ABC3E993CBD3EE5
:101AD000C8FEBD3E20C1BE3EA083BF3E4846C03EBC
:101AE0001709C13E0DCCC13E298FC23E6C52C33E88
:101AF000D415C43E60D9C43E119DC53EE760C63EC4
:101B0000DF24C73EFBE8C73E3AADC83E9A71C93EE6
:101B10001C36CA3EC0FACA3E84BFCB3E6884CC3E67
:101B20006C49CD3E900ECE3ED2D3CE3E3299CF3EC2
:101B3000B15ED03E4C24D13E05EAD13EDAAFD23E72
:101B4000CB75D33ED73BD43EFF01D53E41C8D53EF1
:101B50009D8ED63E1355D73EA11BD83E49E2D83EB6
:101B600008A9D93EDF6FDA3ECD36DB3ED2FDDB3E43
:101B7000EDC4DC3E1E8CDD3E6553DE3EBF1ADF3E0B
:101B80002FE2DF3EB2A9E03E4871E13EF138E23E8D
:101B9000AD00E33E7AC8E33E5990E43E4958E53E45
:101BA0004920E63E59E8E63E79B0E73EA878E83EAF
:101BB000E540E93E3009EA3E89D1EA3EEF99EB3E45
:101BC0006162EC3EDF2AED3E6AF3ED3EFFBBEE3E86
:101BD0009F84EF3E494DF03EFD15F13EB9DEF13EEA
:101BE0007FA7F23E4D70F33E2339F43E0002F53EEE
:101BF000E3CAF53ECD93F63EBD5CF73EB225F83E16
:101C0000ACEEF83EABB7F93EAD80FA3EB249FB3ED2
:101C1000BB12FC3EC6DBFC3ED3A4FD3EE16DFE3EA6
:101C2000F036FF3E0000003F8864003F10C9003FCF
:101C3000972D013F1D92013FA3F6013F275B023F15
:101C4000AABF023F2B24033FAA88033F27ED033F8F
:101C5000A151043F19B6043F8E1A053F007F053F8E
:101C60006FE3053FD947063F40AC063FA310073F4F
:101C70000275073F5CD9073FB13D083F01A2083F0D
:101C80004B06093F906A093FD0CE093F09330A3F0E
:101C90003C970A3F68FB0A3F8E5F0B3FACC30B3F8C
:101CA000C4270C3FD38B0C3FDBEF0C3FDC530D3FC5
:101CB000D3B70D3FC31B0E3FAA7F0E3F87E30E3FF6
:101CC0005C470F3F27AB0F3FE90E103FA072103F5C
:101CD0004ED6103FF139113F899D113F1701123F38
:101CE0009964123F10C8123F7C2B133FDC8E133FC8
:101CF0002FF2133F7755143FB1B8143FE01B153F47
:101D0000017F153F14E2153F1B45163F13A8163FF0
:101D1000FE0A173FDA6D173FA8D0173F6733183F09
:101D20001796183FB8F8183F4A5B193FCCBD193FCA
:101D30003E201A3FA0821A3FF2E41A3F33471B3F6E
:101D400063A91B3F820B1C3F906D1C3F8DCF1C3F36
:101D500077311D3F50931D3F16F51D3FCA561E3F5C
:101D60006BB81E3FF9191F3F757B1F3FDCDC1F3F1F
:101D7000303E203F709F203F9C00213FB461213FB7
:101D8000B7C2213FA523223F7E84223F42E5223F66
:101D9000F045233F88A6233F0B07243F7767243F66
:101DA000CDC7243F0C28253F3588253F46E8253FF1
:101DB0003F48263F22A8263FEC07273F9E67273F44
:101DC00038C7273FB926283F2286283F71E5283F9C
:101DD000A844293FC5A3293FC8022A3FB1612A3F31
:101DE00080C02A3F351F2B3FCF7D2B3F4EDC2B3F42
:101DF000B33A2C3FFC982C3F29F72C3F3B552D3F05
:101E000031B32D3F0A112E3FC86E2E3F68CC2E3FB6
:101E1000EC292F3F52872F3F9CE42F3FC741303F93
:101E2000D59E303FC5FB303F9758313F4AB5313FD3
:101E3000DF11323F556E323FABCA323FE326333FAC
:101E4000FB82333FF3DE333FCB3A343F8296343F5D
:101E50001AF2343F904D353FE6A8353F1B04363F1C
:101E60002E5F363F20BA363FF014373F9E6F373F24
:101E70002ACA373F9424383FDB7E383FFFD8383FAB
:101E80000033393FDD8C393F97E6393F2E403A3FEA
:101E9000A0993A3FEFF23A3F194C3B3F1EA53B3F1A
:101EA000FFFD3B3FBA563C3F51AF3C3FC2073D3F71
:101EB0000D603D3F33B83D3F32103E3F0B683E3F23
:101EC000BEBF3E3F4A173F3FAF6E3F3FEDC53F3F6E
:101ED000031D403FF273403FB9CA403F5921413F83
:101EE000D077413F1ECE413F4524423F427A423F98
:101EF00016D0423FC125433F437B433F9BD0433FE6
:101F0000C925443FCD7A443FA7CF443F5724453F9E
:101F1000DC78453F36CD453F6421463F6875463FF6
:101F200040C9463FED1C473F6E70473FC2C3473F25
:101F3000EB16483FE669483FB6BC483F580F493F5B
:101F4000CD61493F15B4493F30064A3F1D584A3FCD
:101F5000DCA94A3F6DFB4A3FCF4C4B3F049E4B3FB1
:101F600009EF4B3FE03F4C3F88904C3F00E14C3F36
:101F700049314D3F63814D3F4CD14D3F06214E3F8E
:101F800090704E3FE9BF4E3F110F4F3F095E4F3FEC
:101F9000D0AC4F3F65FB4F3FCA49503FFC97503F85
:101FA000FDE5503FCD33513F6A81513FD4CE513F83
:101FB0000D1C523F1269523FE5B5523F8502533F17
:101FC000F24E533F2B9B533F31E7533F0233543F75
:101FD000A07E543F0ACA543F4015553F4160553FCB
:101FE0000DAB553FA5F5553F0740563F358A563F47
:101FF0002DD4563FEF1D573F7C67573FD2B0573F18
:10200000F3F9573FDD42583F918B583F0FD4583F6B
:10201000551C593F6564593F3DAC593FDEF3593F6C
:10202000483B5A3F7A825A3F74C95A3F36105B3F49
:10203000C0565B3F119D5B3F2AE35B3F0B295C3F32
:10204000B26E5C3F21B45C3F56F95C3F523E5D3F4F
:1020500015835D3F9DC75D3FEC0B5E3F01505E3FCA
:10206000DC935E3F7DD75E3FE21A5F3F0E5E5F3FCF
:10207000FEA05F3FB4E35F3F2E26603F6D68603F88
:1020800070AA603F38EC603FC42D613F146F613F20
:1020900028B0613F00F1613F9C31623FFA71623FBD
:1020A0001CB2623F02F2623FAA31633F1571633F87
:1020B00042B0633F33EF633FE52D643F5A6C643FAA
:1020C00090AA643F89E8643F4426653FC063653F4A
:1020D000FDA0653FFCDD653FBC1A663F3D57663F8E
:1020E0007F93663F81CF663F440B673FC846673F9B
:1020F0000C82673F10BD673FD4F7673F5832683F97
:102100009B6C683F9FA6683F61E0683FE319693FA9
:102110002453693F248C693FE3C4693F61FD693FF3
:102120009E356A3F996D6A3F52A56A3FC9DC6A3F96
:10213000FF136B3FF24A6B3FA4816B3F13B86B3FB9
:102140003FEE6B3F29246C3FD1596C3F358F6C3F7C
:1021500057C46C3F35F96C3FD02D6D3F28626D3F01
:102160003C966D3F0DCA6D3F9AFD6D3FE3306E3F6B
:10217000E8636E3FAA966E3F27C96E3F5FFB6E3FD6
:10218000532D6F3F035F6F3F6E906F3F94C16F3F62
:1021900075F26F3F1123703F6753703F7983703F33
:1021A00045B3703FCCE2703F0D12713F0841713F63
:1021B000BD6F713F2D9E713F56CC713F39FA713F13
:1021C000D627723F2D55723F3C82723F06AF723F59
:1021D00088DB723FC407733FB933733F665F733F59
:1021E000CD8A733FECB5733FC4E0733F540B743F2B
:1021F0009D35743F9E5F743F5789743FC9B2743FE9
:10220000F2DB743FD304753F6C2D753FBD55753FB0
:10221000C67D753F86A5753FFDCC753F2CF4753F97
:10222000121B763FAF41763F0368763F0F8E763FB5
:10223000D1B3763F4AD9763F79FE763F5F23773F29
:10224000FC47773F4F6C773F5890773F18B4773F04
:102250008ED7773FBAFA773F9B1D783F3340783F60
:102260008162783F8484783F3DA6783FACC7783F51
:10227000D0E8783FA909793F382A793F7C4A793FED
:10228000756A793F248A793F87A9793F9FC8793F4A
:102290006DE7793FEF057A3F25247A3F11427A3F77
:1022A000B15F7A3F057D7A3F0E9A7A3FCCB67A3F8E
:1022B0003DD37A3F63EF7A3F3D0B7B3FCB267B3F9D
:1022C0000D427B3F045D7B3FAE777B3F0C927B3FB3
:1022D0001DAC7B3FE3C57B3F5CDF7B3F88F87B3FEA
:1022E00068117C3FFC297C3F43427C3F3D5A7C3F48
:1022F000EB717C3F4C897C3F60A07C3F27B77C3FE3
:10230000A1CD7C3FCFE37C3FAFF97C3F420F7D3FC7
:1023100088247D3F81397D3F2C4E7D3F8B627D3F00
:102320009C767D3F5F8A7D3FD59D7D3FFEB07D3FA2
:10233000D9C37D3F67D67D3FA6E87D3F99FA7D3FB3
:102340003D0C7E3F941D7E3F9D2E7E3F583F7E3F3D
:10235000C54F7E3FE55F7E3FB66F7E3F397F7E3F54
:102360006F8E7E3F569D7E3FEFAB7E3F3ABA7E3FFB
:1023700037C87E3FE6D57E3F46E37E3F58F07E3F3E
:102380001CFD7E3F92097F3FB9157F3F92217F3F21
:102390001C2D7F3F58387F3F45437F3FE44D7F3FB3
:1023A00035587F3F37627F3FEA6B7F3F4E757F3FF7
:1023B000657E7F3F2C877F3FA58F7F3FCF977F3FF5
:1023C000AA9F7F3F37A77F3F75AE7F3F64B57F3FB2
:1023D00004BC7F3F56C27F3F58C87F3F0CCE7F3F33
:1023E00071D37F3F88D87F3F4FDD7F3FC7E17F3F7D
:1023F000F1E57F3FCCE97F3F58ED7F3F94F07F3F91
:1024000082F37F3F22F67F3F72F87F3F73FA7F3F70
:1024100025FC7F3F88FD7F3F9DFE7F3F62FF7F3F22
:10242000D9FF7F3F0000803FD9FF7F3F62FF7F3FA2
:102430009DFE7F3F88FD7F3F25FC7F3F73FA7F3FF6
:1024400072F87F3F22F67F3F82F37F3F94F07F3F19
:1024500058ED7F3FCCE97F3FF1E57F3FC7E17F3F0C
:102460004FDD7F3F88D87F3F71D37F3F0CCE7F3FCA
:1024700058C87F3F56C27F3F04BC7F3F64B57F3F53
:1024800075AE7F3F37A77F3FAA9F7F3FCF977F3FA4
:10249000A58F7F3F2C877F3F657E7F3F4E757F3FB7
:1024A000EA6B7F3F37627F3F35587F3FE44D7F3F88
:1024B00045437F3F58387F3F1C2D7F3F92217F3F10
:1024C000B9157F3F92097F3F1CFD7E3F58F07E3F4C
:1024D00046E37E3FE6D57E3F37C87E3F3ABA7E3F31
:1024E000EFAB7E3F569D7E3F6F8E7E3F397F7E3FB6
:1024F000B66F7E3FE55F7E3FC54F7E3F583F7E3FD4
:102500009D2E7E3F941D7E3F3D0C7E3F99FA7D3F80
:10251000A6E87D3F67D67D3FD9C37D3FFEB07D3FB6
:10252000D59D7D3F5F8A7D3F9C767D3F8B627D3F61
:102530002C4E7D3F81397D3F88247D3F420F7D3F7A
:10254000AFF97C3FCFE37C3FA1CD7C3F27B77C3FF9
:1025500060A07C3F4C897C3FEB717C3F3D5A7C3FC7
:1025600043427C3FFC297C3F68117C3F88F87B3FDD
:102570005CDF7B3FE3C57B3F1DAC7B3F0C927B3F29
:10258000AE777B3F045D7B3F0D427B3FCB267B3F9D
:102590003D0B7B3F63EF7A3F3DD37A3FCCB67A3F2A
:1025A0000E9A7A3F057D7A3FB15F7A3F11427A3FBA
:1025B00025247A3FEF057A3F6DE7793F9FC8793F41
:1025C00087A9793F248A793F756A793F7C4A793FA8
:1025D000382A793FA909793FD0E8783FACC7783FDE
:1025E0003DA6783F8484783F8162783F3340783FCE
:1025F0009B1D783FBAFA773F8ED7773F18B4773F65
:102600005890773F4F6C773FFC47773F5F23773F8A
:1026100079FE763F4AD9763FD1B3763F0F8E763F2B
:102620000368763FAF41763F121B763F2CF4753F2F
:10263000FDCC753F86A5753FC67D753FBD55753F81
:102640006C2D753FD304753FF2DB743FC9B2743F04
:102650005789743F9E5F743F9D35743F540B743FA0
:10266000C4E0733FECB5733FCD8A733F665F733F41
:10267000B933733FC407733F88DB723F06AF723FC5
:102680003C82723F2D55723FD627723F39FA713F17
:1026900056CC713F2D9E713FBD6F713F0841713F18
:1026A0000D12713FCCE2703F45B3703F7983703FAC
:1026B0006753703F1123703F75F26F3F94C16F3FB6
:1026C0006E906F3F035F6F3F532D6F3F5FFB6E3F19
:1026D00027C96E3FAA966E3FE8636E3FE3306E3FB8
:1026E0009AFD6D3F0DCA6D3F3C966D3F28626D3F70
:1026F000D02D6D3F35F96C3F57C46C3F358F6C3F23
:10270000D1596C3F29246C3F3FEE6B3F13B86B3FB0
:10271000A4816B3FF24A6B3FFF136B3FC9DC6A3FFA
:1027200052A56A3F996D6A3F9E356A3F61FD693FD8
:10273000E3C4693F248C693F2453693FE319693F2F
:1027400061E0683F9FA6683F9B6C683F5832683FD6
:10275000D4F7673F10BD673F0C82673FC846673FAD
:10276000440B673F81CF663F7F93663F3D57663F8F
:10277000BC1A663FFCDD653FFDA0653FC063653F59
:102780004426653F89E8643F90AA643F5A6C643FE1
:10279000E52D643F33EF633F42B0633F1571633F04
:1027A000AA31633F02F2623F1CB2623FFA71623F9C
:1027B0009C31623F00F1613F28B0613F146F613F7F
:1027C000C42D613F38EC603F70AA603F6D68603F88
:1027D0002E26603FB4E35F3FFEA05F3F0E5E5F3F8B
:1027E000E21A5F3F7DD75E3FDC935E3F01505E3F64
:1027F000EC0B5E3F9DC75D3F15835D3F523E5D3FE5
:1028000056F95C3F21B45C3FB26E5C3F0B295C3FE4
:102810002AE35B3F119D5B3FC0565B3F36105B3F39
:1028200074C95A3F7A825A3F483B5A3FDEF3593FB8
:102830003DAC593F6564593F551C593F0FD4583F33
:10284000918B583FDD42583FF3F9573FD2B0573F85
:102850007C67573FEF1D573F2DD4563F358A563F73
:102860000740563FA5F5553F0DAB553F4160553FDD
:102870004015553F0ACA543FA07E543F0233543F8F
:1028800031E7533F2B9B533FF24E533F8502533F5B
:10289000E5B5523F1269523F0D1C523FD4CE513F15
:1028A0006A81513FCD33513FFDE5503FFC97503F8A
:1028B000CA49503F65FB4F3FD0AC4F3F095E4F3F89
:1028C000110F4F3FE9BF4E3F90704E3F06214E3FE4
:1028D0004CD14D3F63814D3F49314D3F00E14C3F6D
:1028E00088904C3FE03F4C3F09EF4B3F049E4B3FED
:1028F000CF4C4B3F6DFB4A3FDCA94A3F1D584A3F36
:1029000030064A3F15B4493FCD61493F580F493F12
:10291000B6BC483FE669483FEB16483FC2C3473F55
:102920006E70473FED1C473F40C9463F6875463FC4
:102930006421463F36CD453FDC78453F5724453F2F
:10294000A7CF443FCD7A443FC925443F9BD0433F66
:10295000437B433FC125433F16D0423F427A423F2B
:102960004524423F1ECE413FD077413F5921413F50
:10297000B9CA403FF273403F031D403FEDC53F3FA2
:10298000AF6E3F3F4A173F3FBEBF3E3F0B683E3FE3
:1029900032103E3F33B83D3F0D603D3FC2073D3FE3
:1029A00051AF3C3FBA563C3FFFFD3B3F1EA53B3F6E
:1029B000194C3B3FEFF23A3FA0993A3F2E403A3F45
:1029C00097E6393FDD8C393F0033393FFFD8383F38
:1029D000DB7E383F9424383F2ACA373F9E6F373F0B
:1029E000F014373F20BA363F2E5F363F1B04363F88
:1029F000E6A8353F904D353F1AF2343F8296343F7A
:102A0000CB3A343FF3DE333FFB82333FE326333FA1
:102A1000ABCA323F556E323FDF11323F4AB5313FCC
:102A20009758313FC5FB303FD59E303FC741303FBF
:102A30009CE42F3F52872F3FEC292F3F68CC2E3F3D
:102A4000C86E2E3F0A112E3F31B32D3F3B552D3F0F
:102A500029F72C3FFC982C3FB33A2C3F4EDC2B3F00
:102A6000CF7D2B3F351F2B3F80C02A3FB1612A3FCE
:102A7000C8022A3FC5A3293FA844293F71E5283F42
:102A80002286283FB926283F38C7273F9E67273F21
:102A9000EC07273F22A8263F3F48263F46E8253F30
:102AA0003588253F0C28253FCDC7243F7767243F35
:102AB0000B07243F88A6233FF045233F42E5223FF2
:102AC0007E84223FA523223FB7C2213FB461213F2C
:102AD0009C00213F709F203F303E203FDCDC1F3FA9
:102AE000757B1F3FF9191F3F6BB81E3FCA561E3F2B
:102AF00016F51D3F50931D3F77311D3F8DCF1C3F75
:102B0000906D1C3F820B1C3F63A91B3F33471B3F4B
:102B1000F2E41A3FA0821A3F3E201A3FCCBD193F73
:102B20004A5B193FB8F8183F1796183F6733183FAC
:102B3000A8D0173FDA6D173FFE0A173F13A8163FBC
:102B40001B45163F14E2153F017F153FE01B153F63
:102B5000B1B8143F7755143F2FF2133FDC8E133F6B
:102B60007C2B133F10C8123F9964123F1701123F8C
:102B7000899D113FF139113F4ED6103FA072103F91
:102B8000E90E103F27AB0F3F5C470F3F87E30E3F37
:102B9000AA7F0E3FC31B0E3FD3B70D3FDC530D3F43
:102BA000DBEF0C3FD38B0C3FC4270C3FACC30B3F78
:102BB0008E5F0B3F68FB0A3F3C970A3F09330A3F91
:102BC000D0CE093F906A093F4B06093F01A2083F5A
:102BD000B13D083F5CD9073F0275073FA310073F8F
:102BE00040AC063FD947063F6FE3053F007F053FF6
:102BF0008E1A053F19B6043FA151043F27ED033F4C
:102C0000AA88033F2B24033FAABF023F275B023F52
:102C1000A3F6013F1D92013F972D013F10C9003FD0
:102C20008864003F0000003FF036FF3EE16DFE3E4D
:102C3000D3A4FD3EC6DBFC3EBB12FC3EB249FB3ECC
:102C4000AD80FA3EABB7F93EACEEF83EB225F83EA9
:102C5000BD5CF73ECD93F63EE3CAF53E0002F53E7D
:102C60002339F43E4D70F33E7FA7F23EB9DEF13ECC
:102C7000FD15F13E494DF03E9F84EF3EFFBBEE3E19
:102C80006AF3ED3EDF2AED3E6162EC3EEF99EB3EEA
:102C900089D1EA3E3009EA3EE540E93EA878E83EBF
:102CA00079B0E73E59E8E63E4920E63E4958E53E20
:102CB0005990E43E7AC8E33EAD00E33EF138E23E8F
:102CC0004871E13EB2A9E03E2FE2DF3EBF1ADF3E8F
:102CD0006553DE3E1E8CDD3EEDC4DC3ED2FDDB3EA8
:102CE000CD36DB3EDF6FDA3E08A9D93E49E2D83E59
:102CF000A11BD83E1355D73E9D8ED63E41C8D53E2A
:102D0000FF01D53ED73BD43ECB75D33EDAAFD23EA2
:102D100005EAD13E4C24D13EB15ED03E3299CF3E41
:102D2000D2D3CE3E900ECE3E6C49CD3E6884CC3E92
:102D300084BFCB3EC0FACA3E1C36CA3E9A71C93E19
:102D40003AADC83EFBE8C73EDF24C73EE760C63E5B
:102D5000119DC53E60D9C43ED415C43E6C52C33EDD
:102D6000298FC23E0DCCC13E1709C13E4846C03E28
:102D7000A083BF3E20C1BE3EC8FEBD3E993CBD3EC5
:102D8000937ABC3EB6B8BB3E04F7BA3E7D35BA3E38
:102D90002074B93EEFB2B83EEAF1B73E1131B73E0A
:102DA0006670B63EE7AFB53E97EFB43E752FB43EC2
:102DB000816FB33EBDAFB23E28F0B13EC430B13EEC
:102DC0009071B03E8EB2AF3EBDF3AE3E1D35AE3E0D
:102DD000B176AD3E77B8AC3E71FAAB3E9E3CAB3EB1
:102DE000007FAA3E96C1A93E6204A93E6347A83E61
:102DF0009B8AA73E09CEA63EAE11A63E8A55A53EA9
:102E00009E99A43EEBDDA33E7122A33E3067A23E15
:102E100028ACA13E5BF1A03EC936A03E717C9F3E2E
:102E200055C29E3E75089E3ED24E9D3E6B959C3E81
:102E300042DC9B3E56239B3EA96A9A3E3AB2993E9B
:102E40000BFA983E1B42983E6B8A973EFBD2963E09
:102E5000CD1B963EDF64953E34AE943ECAF7933E5A
:102E6000A441933EC08B923E20D6913EC320913E1A
:102E7000AC6B903ED9B68F3E4B028F3E034E8E3EDA
:102E8000019A8D3E46E68C3ED1328C3EA47F8B3E2D
:102E9000BFCC8A3E231A8A3ECF67893EC4B5883E9E
:102EA0000204883E8B52873E5EA1863E7CF0853EC2
:102EB000E63F853E9B8F843E9CDF833EEA2F833E28
:102EC0008480823E6DD1813EA322813E2774803E64
:102ED000F38B7F3E38307E3E1BD57C3E9E7A7B3E18
:102EE000C1207A3E86C7783EEE6E773EF916763E72
:102EF000A8BF743EFB68733EF412723E94BD703EF0
:102F0000DB686F3ECB146E3E63C16C3EA56E6B3EBC
:102F1000921C6A3E2ACB683E6E7A673E5F2A663E06
:102F2000FFDA643E4C8C633E4A3E623EF7F0603E00
:102F300056A45F3E66585E3E2A0D5D3EA0C25B3ED3
:102F4000CB785A3EAB2F593E41E7573E8E9F563EB7
:102F50009158553E4E12543EC3CC523EF287513EDC
:102F6000DB43503E80004F3EE1BD4D3EFF7B4C3E7B
:102F7000DB3A4B3E75FA493ECEBA483EE87B473EC7
:102F8000C23D463E5D00453EBBC3433EDC87423EFC
:102F9000C14C413E6B12403EDAD83E3E0FA03D3E52
:102FA0000A683C3ECE303B3E59FA393EAEC4383E0C
:102FB000CD8F373EB65B363E6B28353EECF5333E63
:102FC00039C4323E5493313E3E63303EF6332F3E99
:102FD0007E052E3ED7D72C3E01AB2B3EFC7E2A3EF3
:102FE000CB53293E6D29283EE3FF263E2DD7253EB3
:102FF0004EAF243E4488233E1262223EB73C213E1F
:103000003418203E8BF41E3EBBD11D3EC6AF1C3E85
:10301000AC8E1B3E6E6E1A3E0C4F193E8830183E29
:10302000E112173E1AF6153E31DA143E29BF133E5F
:1030300001A5123EBB8B113E5673103ED55B0F3E71
:1030400037450E3E7D2F0D3EA71A0C3EB7060B3EB0
:10305000ADF3093E8AE1083E4ED0073EFBBF063E77
:1030600090B0053E0EA2043E7694033EC987023E10
:10307000087C013E3271003E91CEFE3D9ABCFC3D83
:103080007EACFA3D3F9EF83DDE91F63D5D87F43D16
:10309000BC7EF23DFE77F03D2373EE3D2D70EC3D9E
:1030A0001C6FEA3DF36FE83DB172E63D5A77E43DAF
:1030B000ED7DE23D6C86E03DD890DE3D329DDC3D0D
:1030C0007CABDA3DB7BBD83DE4CDD63D03E2D43D81
:1030D00018F8D23D2110D13D222ACF3D1A46CD3DD0
:1030E0000B64CB3DF783C93DDEA5C73DC1C9C53DD6
:1030F000A2EFC33D8217C23D6241C03D436DBE3D5C
:10310000269BBC3D0CCBBA3DF7FCB83DE730B73D44
:10311000DE66B53DDD9EB33DE4D8B13DF614B03D6D
:103120001253AE3D3B93AC3D71D5AA3DB519A93DB7
:103130000860A73D6CA8A53DE2F2A33D693FA23D12
:10314000058EA03DB5DE9E3D7B319D3D57869B3D66
:103150004BDD993D5836983D7F91963DC0EE943DAC
:103160001D4E933D97AF913D2F13903DE6788E3DD8
:10317000BCE08C3DB34A8B3DCCB6893D0725883DEC
:103180006795863DEA07853D947C833D64F3813DE8
:103190005B6C803DF6CE7D3D89C97A3D70C8773D38
:1031A000AECB743D44D3713D34DF6E3D80EF6B3D5B
:1031B0002A04693D331D663D9E3A633D6B5C603D6C
:1031C0009E825D3D38AD5A3D3ADC573DA60F553DD8
:1031D0007D47523DC3834F3D78C44C3D9E094A3DD7
:1031E0003653473D43A1443DC6F3413DC04A3F3DB0
:1031F00034A63C3D23063A3D8E6A373D78D3343DB4
:10320000E140323DCCB22F3D39292D3D2BA42A3D42
:10321000A323283DA3A7253D2C30233D3FBD203DC2
:10322000DF4E1E3D0CE51B3DC97F193D161F173DA6
:10323000F5C2143D676B123D6F18103D0DCA0D3D70
:1032400043800B3D123B093D7CFA063D82BE043DA6
:103250002587023D6754003D934CFC3C9BF9F73CAD
:10326000E8AFF33C7E6FEF3C5E38EB3C8C0AE73C0A
:103270000AE6E23CDACADE3C00B9DA3C7EB0D63C73
:1032800055B1D23C8ABBCE3C1DCFCA3C12ECC63CE9
:103290006B12C33C2A42BF3C527BBB3CE5BDB73CF2
:1032A000E509B43C555FB03C36BEAC3C8C26A93C2D
:1032B0005798A53C9C13A23C5A989E3C96269B3C52
:1032C00051BE973C8C5F943C4B0A913C8FBE8D3C29
:1032D0005A7C8A3CAE43873C8D14843CFAEE803C99
:1032E000EBA57B3C0481753C436F6F3CAC70693C43
:1032F0004285633C09AD5D3C04E8573C3736523C9F
:10330000A6974C3C540C473C4494413C7A2F3C3C9F
:10331000F9DD363CC59F313CE0742C3C4F5D273CC9
:103320001359223C30681D3CA98A183C82C0133CCA
:10333000BD090F3C5C660A3C64D6053CD659013C8D
:103340006BE1F93B0B36F13B90B1E83B0154E03BBC
:10335000611DD83BB60DD03B0625C83B5563C03B2D
:10336000A7C8B83B0255B13B6A08AA3BE3E2A23BBF
:1033700073E49B3B1D0D953BE55C8E3BD0D3873BB7
:10338000E271813B3C6E763B12476A3B4C6E5E3B82
:10339000F2E3523B0AA8473B9DBA3C3BAF1B323B92
:1033A00049CB273B71C91D3B2C16143B80B10A3B0E
:1033B000749B013B1AA8F13AA1B6E03A8762D03A71
:1033C000D6ABC03A9892B13AD616A33A9A38953A03
:1033D000ECF7873AA7A9763AB29E5E3A07CF473A0A
:1033E000B53A323AC8E11D3A4EC40A3AA5C4F13999
:1033F000BF77D03900A2B1397B43953984B876398B
:10340000C7D84739DFE71D39C8CBF138DAA5B1385D
:103410003BBC763864E91D38D1A6B137C6E91D3703
:10342000DEE91D36496E76616C69642070617261F7
:103430006D65746572204275696C74696E4F706554
:103440007261746F725F435553544F4D20746F20F7
:1034500074686520004164644275696C74696E200B
:1034600066756E6374696F6E2E0043616C6C696E75
:1034700067204164644275696C74696E2077697471
:1034800068207468652073616D65206F70206D6FB2
:103490007265207468616E20006F6E6365206973C9
:1034A000206E6F7420737570706F7274656420285D
:1034B0004F703A20232564292E00436F756C646E8B
:1034C0002774207265676973746572206275696C10
:1034D00074696E206F70202325642C207265736FD1
:1034E0006C7665722073697A652000697320746F49
:1034F0006F20736D616C6C20282564292E00416754
:10350000656C616975735F70686F656E6963657519
:10351000730043617264696E616C69735F636172A9
:1035200064696E616C697300436572746869615F98
:10353000616D65726963616E6100436F7276757368
:103540005F6272616368797268796E63686F730035
:103550005365746F70686167615F616573746976E4
:1035600061005365746F70686167615F727574693B
:1035700063696C6C61005370696E75735F74726916
:1035800073746973005475726475735F6D696772E3
:1035900061746F7269757300496E70757420706123
:1035A000796C6F6164206C656E67746820646F6508
:1035B00073206E6F74206D61746368207468652079
:1035C0006D6F64656C2074656E736F720064623336
:1035D000765F7374726963745F323073686F745F9F
:1035E0006D6663635F626E5F686561645F7265707C
:1035F0006C61795F736565645F3432003562336591
:10360000383734386663356663353433343765317B
:10361000326434623865373932656333346233314A
:10362000373461623138373736616137366232306C
:1036300037666166326339646662623400554152AE
:10364000542068656164657220726563656976659A
:10365000206661696C656400556E737570706F7279
:103660007465642070726F746F636F6C207665721E
:1036700073696F6E00556E737570706F72746564E8
:103680002070726F746F636F6C20666C616773007B
:103690005061796C6F61642065786365656473203F
:1036A0006669726D776172652072656365697665BA
:1036B00020627566666572005541525420706179CA
:1036C0006C6F616420726563656976652066616907
:1036D0006C6564005061796C6F61642043524333C0
:1036E00032206D69736D61746368004745545F49AA
:1036F0004E464F20646F6573206E6F742061636364
:103700006570742061207061796C6F61640041554F
:1037100044494F5F424547494E2072657175697251
:10372000657320612031362D62797465206465737C
:1037300063726970746F7200457870656374656454
:10374000206D6F6E6F2031363030302D487A20502A
:10375000434D5F5331365F4C4520617564696F009E
:10376000417564696F206D75737420636F6E746149
:10377000696E20312E2E31323020636F6D706C6592
:103780007465206F6E652D7365636F6E6420776955
:103790006E646F777300415544494F5F4245474916
:1037A0004E20697320726571756972656420626567
:1037B000666F726520415544494F5F4348554E4BF3
:1037C00000415544494F5F4348554E4B2072657147
:1037D0007569726573206F666673657420706C75A9
:1037E000732050434D31362073616D706C657300EA
:1037F000415544494F5F4348554E4B206F666673B1
:103800006574206F722073616D706C652072616EDB
:10381000676520697320696E76616C696400415543
:1038200044494F5F52554E20646F6573206E6F742C
:10383000206163636570742061207061796C6F61D1
:103840006400417564696F2075706C6F61642069F4
:103850007320696E636F6D706C65746500436F6D86
:10386000706C6574652050434D2073747265616D92
:10387000204352433332206D69736D617463680075
:10388000415544494F5F4745545F46454154555261
:103890004520646F6573206E6F742061636365708B
:1038A000742061207061796C6F6164004E6F2063D9
:1038B0006F6D706C6574656420617564696F2077E5
:1038C000696E646F7720697320617661696C6162EB
:1038D0006C6500556E737570706F727465642073DB
:1038E000657269616C206D6F64656C20636F6D6DCE
:1038F000616E64004269617320747970652025737C
:103900002028256429206E6F7420737570706F7283
:103910007465642E005765696768742074797065F2
:103920002025732028256429206E6F7420737570FC
:10393000706F727465642E00547970652025732051
:1039400028256429206E6F7420737570706F7274EF
:1039500065642E002F686F6D652F63792F636F6428
:10396000652F70726F6772616D2F4C45445F5445CF
:1039700053542F447269766572732F74666C697440
:10398000652D6D6963726F2F74656E736F72666CEF
:103990006F772F6C6974652F6D6963726F2F6B651C
:1039A000726E656C732F636F6E765F636F6D6D6F94
:1039B0006E2E63630025733A25642025732077619A
:1039C00073206E6F7420747275652E006861735F6A
:1039D00062696173207C7C206E6F64652D3E696E28
:1039E000707574732D3E73697A65203D3D203200F9
:1039F00025733A256420257320213D202573202836
:103A0000256420213D20256429006E6F64652D3ECC
:103A10006F7574707574732D3E73697A6500696E85
:103A200070757420213D206E756C6C707472006628
:103A3000696C74657220213D206E756C6C707472B7
:103A4000006F757470757420213D206E756C6C70FC
:103A50007472006F75747075742D3E7479706500A2
:103A6000696E7075742D3E74797065002F686F6D86
:103A7000652F63792F636F64652F70726F67726152
:103A80006D2F4C45445F544553542F4472697665FD
:103A900072732F74666C6974652D6D6963726F2F14
:103AA00074656E736F72666C6F772F6C6974652FB7
:103AB0006D6963726F2F6B65726E656C732F636FC8
:103AC0006E765F636F6D6D6F6E2E636320487962F3
:103AD000726964206D6F64656C7320617265206E1D
:103AE0006F7420737570706F72746564206F6E20D0
:103AF00054464C697465204D6963726F2E006B5497
:103B0000664C697465416666696E655175616E746F
:103B1000697A6174696F6E0066696C7465722D3EB6
:103B20007175616E74697A6174696F6E2E747970E3
:103B30006500616666696E655F7175616E74697A4C
:103B40006174696F6E2D3E7363616C652D3E7369A0
:103B50007A65203D3D2031207C7C20616666696E5F
:103B6000655F7175616E74697A6174696F6E2D3EFF
:103B70007363616C652D3E73697A65203D3D2066F7
:103B8000696C7465722D3E64696D732D3E64617459
:103B9000615B6B436F6E765175616E74697A6564B3
:103BA00044696D656E73696F6E5D0046696C74651E
:103BB0007220747970652025732028256429206679
:103BC0006F7220696E70757420747970652025732A
:103BD000206E6F7420737570706F727465642E0040
:103BE000496E7075742074797065202573202825BE
:103BF0006429206E6F7420737570706F72746564C1
:103C00002E002F686F6D652F63792F636F64652FAA
:103C100070726F6772616D2F4C45445F5445535409
:103C20002F447269766572732F74666C6974652DA2
:103C30006D6963726F2F74656E736F72666C6F77E8
:103C40002F6C6974652F6D6963726F2F6B65726E6F
:103C5000656C732F6465707468776973655F636FF3
:103C60006E765F636F6D6D6F6E2E63630061666667
:103C7000696E655F7175616E74697A6174696F6E82
:103C80002D3E7363616C652D3E73697A65203D3D01
:103C90002031207C7C20616666696E655F7175618C
:103CA0006E74697A6174696F6E2D3E7363616C65C1
:103CB0002D3E73697A65203D3D2066696C7465729E
:103CC0002D3E64696D732D3E646174615B6B446568
:103CD00070746877697365436F6E765175616E7441
:103CE000697A656444696D656E73696F6E5D0061C4
:103CF0006666696E655F7175616E74697A61746913
:103D00006F6E2D3E7A65726F5F706F696E742D3EB7
:103D100073697A6500616666696E655F7175616E6B
:103D200074697A6174696F6E2D3E7363616C652D81
:103D30003E73697A65002F686F6D652F63792F6315
:103D40006F64652F70726F6772616D2F4C45445FB1
:103D5000544553542F447269766572732F74666CA0
:103D60006974652D6D6963726F2F74656E736F7200
:103D7000666C6F772F6C6974652F6D6963726F2F36
:103D80006B65726E656C732F6465707468776973A8
:103D9000655F636F6E765F636F6D6D6F6E2E6363CD
:103DA00020487962726964206D6F64656C7320616C
:103DB0007265206E6F7420737570706F72746564B5
:103DC000206F6E2054464C697465204D6963726F94
:103DD0002E002F686F6D652F63792F636F64652FD9
:103DE00070726F6772616D2F4C45445F5445535438
:103DF0002F447269766572732F74666C6974652DD1
:103E00006D6963726F2F74656E736F72666C6F7716
:103E10002F6C6974652F6D6963726F2F6B65726E9D
:103E2000656C732F66756C6C795F636F6E6E65631E
:103E30007465642E63630025733A2564202573201E
:103E4000213D2025732028257320213D202573291D
:103E500000496E70757420747970653A202573205E
:103E6000776974682066696C74657220747970650E
:103E70003A202573206E6F7420737570706F7274A2
:103E800065642E0046696C746572207479706520D3
:103E900025732028256429206E6F74207375707037
:103EA0006F727465642E002F686F6D652F63792FB4
:103EB000636F64652F70726F6772616D2F4C45443C
:103EC0005F544553542F447269766572732F74663C
:103ED0006C6974652D6D6963726F2F74656E736F95
:103EE00072666C6F772F6C6974652F6D6963726F82
:103EF0002F6B65726E656C732F66756C6C795F6382
:103F00006F6E6E65637465645F636F6D6D6F6E2E4B
:103F1000636300616666696E655F7175616E746981
:103F20007A6174696F6E2D3E7363616C65002869F8
:103F30006E7075742D3E74797065203D3D206B5414
:103F4000664C697465496E74382026262066696C53
:103F50007465722D3E7479706520213D206B546626
:103F60004C697465496E743429207C7C2028696E04
:103F70007075742D3E74797065203D3D206B5466DC
:103F80004C697465496E7431362026262066696C4A
:103F90007465722D3E7479706520213D206B5466E6
:103FA0004C697465496E7434290066696C74657275
:103FB0002D3E64696D732D3E646174615B6166665C
:103FC000696E655F7175616E74697A6174696F6E2F
:103FD0002D3E7175616E74697A65645F64696D65A3
:103FE0006E73696F6E5D007065725F6368616E6E9F
:103FF000656C5F7175616E74697A6174696F6E5F0B
:1040000073697A650064696D735B695D203C207338
:1040100074643A3A6E756D657269635F6C696D6957
:1040200074733C696E743E3A3A6D61782829202F8A
:1040300020636F756E7400496E7075742025732C43
:10404000206F7574707574202573206E6F742073E3
:104050007570706F727465642E002F686F6D652FB8
:1040600063792F636F64652F70726F6772616D2F54
:104070004C45445F544553542F44726976657273BE
:104080002F74666C6974652D6D6963726F2F74652A
:104090006E736F72666C6F772F6C6974652F6D69C4
:1040A00063726F2F6B65726E656C732F6C6F6769CF
:1040B000737469635F636F6D6D6F6E2E63630073FE
:1040C00074643A3A6E756D657269635F6C696D69A7
:1040D00074733C696E74385F743E3A3A6D696E2849
:1040E0002900696E7075742D3E706172616D732E5A
:1040F0007A65726F5F706F696E7400436865636B99
:1041000065644C6F6732286F75747075742D3E70DE
:104110006172616D732E7363616C652C20266F75FF
:10412000747075745F7363616C655F6C6F67325F29
:10413000726F756E64656429002D6B4F75747075B0
:10414000744672616374696F6E616C426974730066
:104150006F75747075745F7363616C655F6C6F67A6
:10416000325F726F756E646564006578706F6E653E
:104170006E74203E3D203000496E74656765725450
:104180007970652067656D6D6C6F77703A3A526F24
:10419000756E64696E674469766964654279504FEB
:1041A0005428496E7465676572547970652C20696E
:1041B0006E7429205B7769746820496E7465676541
:1041C0007254797065203D206C6F6E6720696E7443
:1041D0005D002F686F6D652F63792F636F64652FA6
:1041E00070726F6772616D2F4C45445F5445535434
:1041F0002F447269766572732F74666C6974652DCD
:104200006D6963726F2F74656E736F72666C6F7712
:104210002F6C6974652F6D6963726F2F746F6F6C8B
:10422000732F6D616B652F646F776E6C6F61647354
:104230002F67656D6D6C6F77702F66697865647038
:104240006F696E742F6669786564706F696E742E1D
:1042500068006578706F6E656E74203C3D20333168
:10426000002F686F6D652F63792F636F64652F7002
:10427000726F6772616D2F4C45445F544553542FE4
:10428000447269766572732F74666C6974652D6DFE
:104290006963726F2F74656E736F72666C6F772FC0
:1042A0006C6974652F6D6963726F2F6B65726E65D3
:1042B0006C732F736F66746D61785F636F6D6D6F74
:1042C0006E2E6363007261775F6578705F6C7574E2
:1042D00020213D206E756C6C707472006F6E655F8E
:1042E0006F7665725F6F6E655F706C75735F785F18
:1042F0006C757420213D206E756C6C707472006951
:104300006E7075742D3E74797065203D3D206B5440
:10431000664C697465496E7438207C7C20696E70C7
:1043200075742D3E74797065203D3D206B54664C4C
:10433000697465496E7431360025733A2564202509
:1043400073206E6F74206E6561722025732028259E
:104350006620213D2025662900312E66202F20333E
:1043600032373638006F75747075742D3E70617217
:10437000616D732E7363616C65002D33323736388F
:1043800000312E66202F203635353336006B5466CB
:104390004C697465496E7438002D313238006F7580
:1043A000747075742D3E706172616D732E736361EC
:1043B0006C65203D3D20312E66202F2032353600A1
:1043C0006B54664C697465466C6F61743332004E91
:1043D000756D496E70757473286E6F646529004E33
:1043E000756D4F757470757473286E6F64652900F0
:1043F0004E756D44696D656E73696F6E7328696E75
:1044000070757429203E3D2031006E6F64652D3E2D
:10441000757365725F6461746120213D206E756CF7
:104420006C707472002162726F6164636173745F97
:10443000696E70757431207C7C202162726F6164BA
:10444000636173745F696E7075743200626F6F6C54
:104450002074666C6974653A3A52656475636544A4
:10446000696D656E73696F6E73466F7242726F61CC
:10447000646361737428636F6E73742052756E7415
:10448000696D655368617065262C20636F6E737467
:104490002052756E74696D655368617065262C20B5
:1044A00073697A655F742A2C2073697A655F742A50
:1044B0002C2073697A655F742A29205B7769746898
:1044C00020696E74204D41585F44494D203D20368F
:1044D0003B2073697A655F74203D20756E73696750
:1044E0006E656420696E745D002F686F6D652F6363
:1044F000792F636F64652F70726F6772616D2F4CD7
:1045000045445F544553542F447269766572732F46
:1045100074666C6974652D6D6963726F2F74656E56
:10452000736F72666C6F772F6C6974652F6B657231
:104530006E656C732F696E7465726E616C2F636F3C
:104540006D6D6F6E2E68002F686F6D652F63792F0C
:10455000636F64652F70726F6772616D2F4C454495
:104560005F544553542F447269766572732F746695
:104570006C6974652D6D6963726F2F74656E736FEE
:1045800072666C6F772F6C6974652F6D6963726FDB
:104590002F6B65726E656C732F6164645F636F6D02
:1045A0006D6F6E2E636300696E7075743120213DEE
:1045B000206E756C6C70747200696E707574322048
:1045C000213D206E756C6C707472006B54664C6982
:1045D00074654E6F5175616E74697A6174696F6E3E
:1045E00000696E707574312D3E7175616E74697AF3
:1045F0006174696F6E2E7479706500696E70757480
:10460000322D3E7175616E74697A6174696F6E2EB8
:10461000747970650054797065202573206E6F740D
:104620002063757272656E746C7920737570706F2B
:10463000727465642E002F686F6D652F63792F6328
:104640006F64652F70726F6772616D2F4C45445FA8
:10465000544553542F447269766572732F74666C97
:104660006974652D6D6963726F2F74656E736F72F7
:10467000666C6F772F6C6974652F6D6963726F2F2D
:104680006B65726E656C732F706F6F6C696E675FB0
:10469000636F6D6D6F6E2E6363007363616C655F36
:1046A00064696666203C3D20312E30652D360069F8
:1046B0006E7075742D3E706172616D732E7A6572C5
:1046C0006F5F706F696E74203D3D206F75747075FB
:1046D000742D3E706172616D732E7A65726F5F70BA
:1046E0006F696E74002F686F6D652F63792F636F2C
:1046F00064652F70726F6772616D2F4C45445F5413
:104700004553542F447269766572732F74666C69D1
:1047100074652D6D6963726F2F74656E736F726649
:104720006C6F772F6C6974652F6D6963726F2F6B77
:1047300065726E656C732F6D756C5F636F6D6D6FF9
:104740006E2E636300696E707574322D3E747970DD
:104750006500696E707574312D3E74797065006402
:104760006174612D3E696E707574315F7A65726F28
:104770005F706F696E7400646174612D3E696E7064
:104780007574325F7A65726F5F706F696E74006402
:104790006174612D3E6F75747075745F7A65726FA8
:1047A0005F706F696E74006F705F706172616D73BE
:1047B0002E696E707574315F6F6666736574006F15
:1047C000705F706172616D732E696E707574325FA7
:1047D0006F6666736574006F705F706172616D7390
:1047E0002E6F75747075745F6F6666736574002FD5
:1047F000686F6D652F63792F636F64652F70726FBB
:104800006772616D2F4C45445F544553542F447279
:1048100069766572732F74666C6974652D6D696352
:10482000726F2F74656E736F72666C6F772F6C6921
:1048300074652F6D6963726F2F6B65726E656C7333
:104840002F7265647563655F636F6D6D6F6E2E6348
:1048500063006E6F64652D3E696E707574732D3ED6
:1048600073697A65006178697320213D206E756CEB
:104870006C707472006B54664C697465496E743365
:104880003200617869732D3E7479706500726573CA
:10489000756C74007265666572656E63655F6F70D6
:1048A000733A3A4D65616E282074666C6974653A96
:1048B0003A6D6963726F3A3A47657454656E736F07
:1048C00072446174613C666C6F61743E28696E70FD
:1048D0007574292C20696E7075742D3E64696D7332
:1048E0002D3E646174612C20696E7075742D3E6478
:1048F000696D732D3E73697A652C2074666C6974DA
:10490000653A3A6D6963726F3A3A47657454656EF9
:10491000736F72446174613C666C6F61743E286FA2
:104920007574707574292C206F75747075742D3EB4
:1049300064696D732D3E646174612C206F757470B1
:1049400075742D3E64696D732D3E73697A652C20F4
:1049500074666C6974653A3A6D6963726F3A3A4786
:10496000657454656E736F72446174613C696E74F2
:104970003E2861786973292C206E756D5F617869B6
:10498000732C20706172616D732D3E6B6565705F75
:1049900064696D732C2074656D705F696E646578F1
:1049A0002C207265736F6C7665645F617869732C17
:1049B0002074666C6974653A3A6D6963726F3A3A4D
:1049C00047657454656E736F72446174613C666CC4
:1049D0006F61743E286F75747075742929002F6893
:1049E0006F6D652F63792F636F64652F70726F67CA
:1049F00072616D2F4C45445F544553542F44726986
:104A0000766572732F74666C6974652D6D69637257
:104A10006F2F74656E736F72666C6F772F6C69742D
:104A2000652F6D6963726F2F6B65726E656C732F86
:104A30007265647563655F636F6D6D6F6E2E636322
:104A40002043757272656E746C792C206F6E6C7970
:104A500020666C6F617433322C20696E7438206F5D
:104A60007220696E74313620696E707574207479A5
:104A7000706520697320737570706F727465642E31
:104A800000556E6B6E6F776E2074797065004E4FB7
:104A90005459504500464C4F415433320055494E0D
:104AA000543800535452494E4700424F4F4C004334
:104AB0004F4D504C4558363400464C4F41543634D7
:104AC00000434F4D504C45583132380055494E54F3
:104AD0003634005245534F555243450056415249D2
:104AE000414E540055494E5433320055494E5431CD
:104AF0003600494E54340042464C4F415431360042
:104B0000556E737570706F72746564206461746142
:104B1000207479706520256420696E2074656E7339
:104B20006F720A00556E68616E646C65642066750C
:104B30006C6C792D636F6E6E656374656420776548
:104B4000696768747320666F726D61742E006920E6
:104B50003C2073697A65282900666C617462756609
:104B6000666572733A3A566563746F723C542C20D2
:104B700053697A65543E3A3A72657475726E5F7421
:104B800079706520666C6174627566666572733AE9
:104B90003A566563746F723C542C2053697A65549D
:104BA0003E3A3A4765742853697A65542920636F01
:104BB0006E7374205B776974682054203D20666CA6
:104BC0006174627566666572733A3A4F66667365BC
:104BD000743C74666C6974653A3A427566666572CF
:104BE0003E3B2053697A6554203D206C6F6E6720F0
:104BF000756E7369676E656420696E743B207265BB
:104C00007475726E5F74797065203D20636F6E738A
:104C1000742074666C6974653A3A427566666572AA
:104C20002A5D002F686F6D652F63792F636F646550
:104C30002F70726F6772616D2F4C45445F544553FE
:104C4000542F447269766572732F74666C6974654B
:104C50002D6D6963726F2F74656E736F72666C6F02
:104C6000772F6C6974652F6D6963726F2F746F6F26
:104C70006C732F6D616B652F646F776E6C6F616401
:104C8000732F666C6174627566666572732F696EE8
:104C9000636C7564652F666C6174627566666572B7
:104CA000732F766563746F722E68004D6963726F3F
:104CB000416C6C6F6361746F723A204D6F64656C08
:104CC00020616C6C6F636174696F6E2066696E69D8
:104CD00073686564206265666F72652073746172C3
:104CE00074696E6720616C6C6F636174696E6720B4
:104CF0006D6F64656C004D6963726F416C6C6F63BE
:104D000061746F723A204D6F64656C20616C6C6FDA
:104D1000636174696F6E207374617274656420627C
:104D200065666F72652066696E697368696E672073
:104D300070726576696F75736C7920616C6C6F63E6
:104D400061746564206D6F64656C004661696C65B3
:104D50006420746F20616C6C6F63617465206D6595
:104D60006D6F727920666F72206D6F64656C206D57
:104D7000657461646174612E005363726174636869
:104D80002062756666657220726571756573742040
:104D9000657865656473206C696D697420706572EF
:104DA000206F70657261746F722028256429006617
:104DB0006C6174627566666572733A3A56656374BF
:104DC0006F723C542C2053697A65543E3A3A7265AE
:104DD0007475726E5F7479706520666C617462754B
:104DE00066666572733A3A566563746F723C542C0A
:104DF0002053697A65543E3A3A4765742853697A74
:104E000065542920636F6E7374205B776974682022
:104E100054203D206C6F6E67206C6F6E6720696E4A
:104E2000743B2053697A6554203D206C6F6E672077
:104E3000756E7369676E656420696E743B20726578
:104E40007475726E5F74797065203D206C6F6E674B
:104E5000206C6F6E6720696E745D00556E61626CC8
:104E60006520746F20616C6C6F636174652054669B
:104E70004C697465416666696E655175616E7469E9
:104E80007A6174696F6E2E0A00556E61626C6520DE
:104E9000746F20616C6C6F63617465207175616EF5
:104EA00074697A6174696F6E2D3E7A65726F5F7096
:104EB0006F696E742E0A00666C6174627566666551
:104EC00072733A3A566563746F723C542C2053697E
:104ED0007A65543E3A3A72657475726E5F74797091
:104EE0006520666C6174627566666572733A3A56DF
:104EF0006563746F723C542C2053697A65543E3A52
:104F00003A4765742853697A65542920636F6E7334
:104F100074205B776974682054203D20666C61744E
:104F2000627566666572733A3A4F66667365743C7D
:104F300074666C6974653A3A54656E736F723E3B81
:104F40002053697A6554203D206C6F6E6720756E22
:104F50007369676E656420696E743B207265747551
:104F6000726E5F74797065203D20636F6E7374207C
:104F700074666C6974653A3A54656E736F722A5D33
:104F8000004661696C656420746F20616C6C6F63AE
:104F9000617465207661726961626C652074656E0A
:104FA000736F72206F662073697A652025640066CE
:104FB0006C6174627566666572733A3A56656374BD
:104FC0006F723C542C2053697A65543E3A3A7265AC
:104FD0007475726E5F7479706520666C6174627549
:104FE00066666572733A3A566563746F723C542C08
:104FF0002053697A65543E3A3A4765742853697A72
:1050000065542920636F6E7374205B776974682020
:1050100054203D20666C6174627566666572733AF1
:105020003A4F66667365743C74666C6974653A3AA7
:1050300053756247726170683E3B2053697A6554CC
:10504000203D206C6F6E6720756E7369676E6564B6
:1050500020696E743B2072657475726E5F7479702E
:1050600065203D20636F6E73742074666C6974658F
:105070003A3A53756247726170682A5D0046616909
:105080006C656420746F20616C6C6F636174652063
:105090006D656D6F727920666F72206E6F64655FEB
:1050A000616E645F726567697374726174696F6E53
:1050B000732E004661696C656420746F20616C6CAE
:1050C0006F63617465206D656D6F727920666F72B4
:1050D0002070657273697374656E742054664C69D0
:1050E000746554656E736F72004661696C65642007
:1050F000746F20706F70756C6174652061207065CD
:105100007273697374656E742054664C6974655467
:10511000656E736F72207374727563742066726F3C
:105120006D20666C61746275666665722064617478
:105130006121004661696C656420746F20616C6C4C
:105140006F636174652074656D702E206D656D6F81
:10515000727920666F722074656E736F7220256499
:105160002C20737562677261706820256400466147
:10517000696C656420746F20706F70756C61746504
:1051800020612074656D702054664C6974655465A7
:105190006E736F72207374727563742066726F6DB4
:1051A00020666C6174627566666572206461746104
:1051B00021004661696C656420746F20616C6C6FBE
:1051C00063617465206D656D6F727920666F722002
:1051D000636F6E746578742D3E6576616C5F74657F
:1051E0006E736F72732C202564206279746573204E
:1051F0007265717569726564004661696C656420E9
:10520000746F20696E697469616C697A6520746570
:105210006E736F72202564004E6272206F66206F7D
:1052200066666C696E6520627566666572206F667B
:105230006673657473202825642920696E206D6566
:10524000746164617461206E6F7420657175616C46
:10525000206E62722074656E736F727320282564ED
:10526000290A00666C6174627566666572733A3A03
:10527000566563746F723C542C2053697A65543EB2
:105280003A3A72657475726E5F7479706520666CF7
:105290006174627566666572733A3A566563746FD7
:1052A000723C542C2053697A65543E3A3A476574EF
:1052B0002853697A65542920636F6E7374205B7775
:1052C0006974682054203D206C6F6E6720696E748D
:1052D0003B2053697A6554203D206C6F6E672075C2
:1052E0006E7369676E656420696E743B20726574C5
:1052F00075726E5F74797065203D206C6F6E6720EB
:10530000696E745D00666C61746275666665727361
:105310003A3A566563746F723C542C2053697A652F
:10532000543E3A3A72657475726E5F747970652096
:10533000666C6174627566666572733A3A56656347
:10534000746F723C542C2053697A65543E3A3A4744
:1053500065742853697A65542920636F6E737420CD
:105360005B776974682054203D20666C61746275B7
:1053700066666572733A3A4F66667365743C746626
:105380006C6974653A3A4F70657261746F723E3B36
:105390002053697A6554203D206C6F6E6720756ECE
:1053A0007369676E656420696E743B2072657475FD
:1053B000726E5F74797065203D20636F6E73742028
:1053C00074666C6974653A3A4F70657261746F7295
:1053D0002A5D004661696C656420746F20616C6CA5
:1053E0006F63617465206D656D6F727920666F7291
:1053F000206D656D6F727920706C616E6E696E677D
:105400002C2025642062797465732072657175693A
:1054100072656400446F6573206E6F7420737570DD
:10542000706F727420696E7465726D656469617401
:10543000652074656E736F722077697468206E6F73
:105440006E2D7A65726F2073697A653A2025640043
:10545000666C6174627566666572733A3A56656326
:10546000746F723C542C2053697A65543E3A3A72F8
:10547000657475726E5F7479706520666C617462B4
:105480007566666572733A3A566563746F723C541A
:105490002C2053697A65543E3A3A4765742853691B
:1054A0007A65542920636F6E7374205B7769746822
:1054B0002054203D20666C61746275666665727367
:1054C0003A3A4F66667365743C74666C6974653A03
:1054D0003A4F70657261746F72436F64653E3B2032
:1054E00053697A6554203D206C6F6E6720756E732A
:1054F00069676E656420696E743B207265747572AD
:105500006E5F74797065203D20636F6E73742074D4
:10551000666C6974653A3A4F70657261746F724374
:105520006F64652A5D00496E70757420696E6465EC
:1055300078202564206F7574206F662072616E6715
:105540006520286C656E677468206973202564295E
:10555000004F757470757420696E646578202564D9
:10556000206F7574206F662072616E676520286CED
:10557000656E67746820697320256429004D69731E
:1055800073696E6720726567697374726174696F9D
:105590006E20666F72206F70636F64655F696E6402
:1055A00065782025640A004661696C656420746F23
:1055B0002067657420726567697374726174696FBE
:1055C0006E2066726F6D206F7020636F646520259A
:1055D000730A2000536B697070696E67206F7020CA
:1055E000666F72206F70636F64655F696E64657863
:1055F0002025640A00556E737570706F727465644F
:10560000206265686176696F723A20666F756E64B4
:10561000206275696C74696E206F70657261746F59
:1056200072202573207769746820637573746F6DB9
:10563000206F7074696F6E732E0A00446964206E67
:105640006F742066696E6420612070617273657288
:1056500020666F72202573004661696C6564207353
:1056600074617274696E67206D6F64656C20616C23
:105670006C6F636174696F6E2E0A004661696C65B8
:105680006420746F20616C6C6F63617465206D655C
:105690006D6F727920666F7220636F6E74657874B7
:1056A0002D3E696E7075745F74656E736F72735F93
:1056B0002C20256420627974657320726571756988
:1056C000726564004661696C656420746F20696E60
:1056D000697469616C697A6520696E70757420748B
:1056E000656E736F72202564004661696C65642085
:1056F000746F20616C6C6F63617465206D656D6F94
:10570000727920666F7220636F6E746578742D3EB7
:105710006F75747075745F74656E736F72735F2CE0
:1057200020256420627974657320726571756972D1
:105730006564004661696C656420746F20696E69F8
:105740007469616C697A65206F7574707574207402
:10575000656E736F7220256400496E766F6B6528E5
:10576000292063616C6C65642061667465722069D0
:105770006E697469616C697A6174696F6E206661C3
:10578000696C65640A00415645524147455F504F78
:105790004F4C5F324400434F4E434154454E4154B9
:1057A000494F4E004445505448574953455F434F75
:1057B0004E565F32440044455054485F544F5F5347
:1057C000504143450044455155414E54495A4500C6
:1057D000454D42454444494E475F4C4F4F4B555011
:1057E0000046554C4C595F434F4E4E45435445443B
:1057F00000484153485441424C455F4C4F4F4B5534
:1058000050004C325F4E4F524D414C495A41544921
:105810004F4E004C325F504F4F4C5F3244004C4F64
:1058200043414C5F524553504F4E53455F4E4F528C
:105830004D414C495A4154494F4E004C53485F50DA
:10584000524F4A454354494F4E004D41585F504FC7
:105850004F4C5F32440052454C555F4E315F544FC0
:105860005F310052454C553600524553495A455F09
:1058700042494C494E4541520053504143455F54C3
:105880004F5F4445505448005356444600434F4EE2
:105890004341545F454D42454444494E47530053AC
:1058A0004B49505F4752414D00435553544F4D00B3
:1058B000454D42454444494E475F4C4F4F4B555030
:1058C0005F53504152534500554E49444952454358
:1058D00054494F4E414C5F53455155454E43455FEA
:1058E000524E4E0042415443485F544F5F53504123
:1058F00043455F4E440053504143455F544F5F4220
:10590000415443485F4E44004D45414E005355427B
:105910000053515545455A4500554E494449524555
:105920004354494F4E414C5F53455155454E4345B5
:105930005F4C53544D00535452494445445F534CBB
:10594000494345004249444952454354494F4E4119
:105950004C5F53455155454E43455F524E4E0045B1
:10596000585000544F504B5F56320053504C4954DE
:10597000004C4F475F534F46544D41580044454CEF
:105980004547415445004249444952454354494FD3
:105990004E414C5F53455155454E43455F4C535422
:1059A0004D005052454C55004152475F4D41580003
:1059B0004C455353004E4547005041445632004732
:1059C00052454154455200475245415445525F4566
:1059D0005155414C004C4553535F455155414C0086
:1059E00053494E005452414E53504F53455F434F1D
:1059F0004E56005350415253455F544F5F44454EFD
:105A000053450054494C4500455850414E445F446D
:105A1000494D53004E4F545F455155414C00504F36
:105A200057004152475F4D494E0046414B455F513B
:105A300055414E54005245445543455F50524F44E2
:105A4000005245445543455F4D4158004C4F47492E
:105A500043414C5F4F52004F4E455F484F54004CFE
:105A60004F474943414C5F414E44004C4F474943E7
:105A7000414C5F4E4F5400554E5041434B005245F0
:105A8000445543455F4D494E00464C4F4F525F448D
:105A90004956005245445543455F414E59005351C4
:105AA00055415245005A45524F535F4C494B4500B2
:105AB00046494C4C00464C4F4F525F4D4F440052AC
:105AC000414E474500524553495A455F4E45415264
:105AD0004553545F4E45494748424F52004C45415B
:105AE0004B595F52454C5500535155415245445F07
:105AF000444946464552454E4345004D4952524F52
:105B0000525F5041440053504C49545F5600554E2B
:105B100049515545004345494C005245564552535D
:105B2000455F5632004144445F4E0047415448456A
:105B3000525F4E4400434F53005748455245005270
:105B4000414E4B00524556455253455F53455155C2
:105B5000454E4345004D41545249585F44494147E1
:105B6000004D41545249585F5345545F44494147A1
:105B700000524F554E4400484152445F53574953D9
:105B800048004946004E4F4E5F4D41585F535550B7
:105B90005052455353494F4E5F5634004E4F4E5F5F
:105BA0004D41585F5355505052455353494F4E5FE6
:105BB000563500534341545445525F4E44005345BB
:105BC0004C4543545F56320044454E5349465900B4
:105BD00042415443485F4D41544D554C00504C4157
:105BE0004345484F4C4445525F464F525F475245EC
:105BF000415445525F4F505F434F44455300435516
:105C00004D53554D0043414C4C5F4F4E4345004270
:105C1000524F4144434153545F544F0052464654FF
:105C2000324400434F4E565F334400494D414700D4
:105C30005245414C00434F4D504C45585F414253F3
:105C400000484153485441424C4500484153485450
:105C500041424C455F46494E4400484153485441F7
:105C6000424C455F494D504F5254004841534854AF
:105C700041424C455F53495A4500524544554345BE
:105C80005F414C4C00434F4E565F33445F5452418A
:105C90004E53504F5345005641525F48414E444C7D
:105CA0004500524541445F5641524941424C4500EE
:105CB00041535349474E5F5641524941424C45007A
:105CC00042524F4144434153545F41524753005263
:105CD000414E444F4D5F5354414E444152445F4EF8
:105CE0004F524D414C004255434B4554495A450093
:105CF00052414E444F4D5F554E49464F524D004D17
:105D0000554C54494E4F4D49414C0047454C550068
:105D100052454C555F305F544F5F3100554E534FE5
:105D2000525445445F5345474D454E545F50524F82
:105D30004400554E534F525445445F5345474D45DB
:105D40004E545F4D415800554E534F525445445F99
:105D50005345474D454E545F53554D004154414EB8
:105D60003200554E534F525445445F5345474D45BD
:105D70004E545F4D494E005349474E0042495443EB
:105D800041535400424954574953455F584F5200BC
:105D900052494748545F534849465400535441427E
:105DA0004C45484C4F5F4C4F47495354494300536F
:105DB0005441424C45484C4F5F4144440053544188
:105DC000424C45484C4F5F44495649444500535462
:105DD00041424C45484C4F5F4D554C5449504C59ED
:105DE00000535441424C45484C4F5F4D4158494D3A
:105DF000554D00535441424C45484C4F5F5245531A
:105E00004841504500535441424C45484C4F5F4334
:105E10004C414D5000535441424C45484C4F5F4318
:105E20004F4E434154454E41544500535441424C1A
:105E300045484C4F5F42524F4144434153545F49A0
:105E40004E5F44494D00535441424C45484C4F5FCE
:105E5000434F4E564F4C5554494F4E0053544142B8
:105E60004C45484C4F5F534C4943450053544142C5
:105E70004C45484C4F5F435553544F4D5F43414C45
:105E80004C00535441424C45484C4F5F5245445599
:105E9000434500535441424C45484C4F5F414253A7
:105EA00000535441424C45484C4F5F414E440053CF
:105EB0005441424C45484C4F5F434F53494E450077
:105EC000535441424C45484C4F5F4558504F4E4506
:105ED0004E5449414C00535441424C45484C4F5F4D
:105EE000464C4F4F5200535441424C45484C4F5F33
:105EF0004C4F4700535441424C45484C4F5F4D492D
:105F00004E494D554D00535441424C45484C4F5F0E
:105F10004E454741544500535441424C45484C4F2F
:105F20005F4F5200535441424C45484C4F5F504FD5
:105F300057455200535441424C45484C4F5F5245DF
:105F40004D41494E44455200535441424C45484C02
:105F50004F5F525351525400535441424C45484CA8
:105F60004F5F53454C45435400535441424C4548C0
:105F70004C4F5F5355425452414354005354414295
:105F80004C45484C4F5F54414E4800535441424C9D
:105F900045484C4F5F53434154544552005354417C
:105FA000424C45484C4F5F434F4D50415245005382
:105FB0005441424C45484C4F5F434F4E5645525416
:105FC00000535441424C45484C4F5F44594E414D5B
:105FD00049435F534C49434500535441424C454863
:105FE0004C4F5F44594E414D49435F5550444154D5
:105FF000455F534C49434500535441424C45484C3E
:106000004F5F50414400535441424C45484C4F5F10
:10601000494F544100535441424C45484C4F5F4412
:106020004F545F47454E4552414C00535441424CFA
:1060300045484C4F5F5245445543455F57494E4490
:106040004F5700535441424C45484C4F5F534F52B9
:106050005400535441424C45484C4F5F5748494CBB
:106060004500535441424C45484C4F5F47415448CA
:10607000455200535441424C45484C4F5F545241A5
:106080004E53504F53450044494C415445005354DE
:1060900041424C45484C4F5F524E475F4249545F26
:1060A00047454E455241544F5200535441424C458E
:1060B000484C4F5F434F4D504F5349544500535444
:1060C00041424C45484C4F5F53484946545F4C450C
:1060D000465400535441424C45484C4F5F43425252
:1060E0005400535441424C45484C4F5F4341534543
:1060F000000D0A002F686F6D652F63792F636F6441
:10610000652F70726F6772616D2F4C45445F544507
:1061100053542F447269766572732F74666C697478
:10612000652D6D6963726F2F74656E736F72666C27
:106130006F772F6C6974652F6B65726E656C732F4A
:106140006B65726E656C5F7574696C2E6363006E4F
:106150006F5F696E74656765725F6F766572666C96
:106160006F775F66726F6D5F7175616E74697A616A
:1061700074696F6E00696E7075745F70726F6475AC
:1061800063745F7363616C65203E3D203000736310
:10619000616C655F64696666202F206F7574707529
:1061A000745F7363616C65203C3D20302E3032009B
:1061B00066616C736500696E7075742D3E717561F2
:1061C0006E74697A6174696F6E2E7479706500619E
:1061D0006666696E655F7175616E74697A6174690E
:1061E0006F6E0066696C7465722D3E7479706520FF
:1061F0003D3D206B54664C697465496E7438207C53
:106200007C2066696C7465722D3E74797065203DE2
:106210003D206B54664C697465496E7434006E752C
:106220006D5F6368616E6E656C73007175616E742D
:10623000697A65645F6D756C7469706C69657220EC
:106240003E3D203000696E7433325F742074666C9A
:106250006974653A3A4D756C7469706C794279511C
:1062600075616E74697A65644D756C7469706C697A
:10627000657228696E7436345F742C20696E7433CD
:10628000325F742C20696E7429002F686F6D652F42
:1062900063792F636F64652F70726F6772616D2F02
:1062A0004C45445F544553542F447269766572736C
:1062B0002F74666C6974652D6D6963726F2F7465D8
:1062C0006E736F72666C6F772F6C6974652F6B6578
:1062D000726E656C732F696E7465726E616C2F637C
:1062E0006F6D6D6F6E2E6363007368696674203E18
:1062F0003D202D3331202626207368696674203CAA
:1063000020380078203E3D202D2873746174696325
:106310005F636173743C696E7436345F743E283118
:1063200029203C3C203437292026262078203C2078
:10633000287374617469635F636173743C696E741C
:1063400036345F743E283129203C3C203437290004
:10635000546F6F206D616E79206275666665727329
:1063600020286D6178206973202564290062756694
:1063700066657220696E64657820256420697320E3
:106380006F7574736964652072616E676520302073
:10639000746F202564002563202869643D256429E5
:1063A0003A2073697A653D25642C206F66667365B3
:1063B000743D25642C2066697273745F757365641F
:1063C0003D2564206C6173745F757365643D25645D
:1063D000002534643A202573202825646B29004960
:1063E0006E7465726E616C206572726F723A2065B0
:1063F00069746865722062756666657220697320CB
:106400006E6F7420726573697A61626C65206F7259
:1064100020526573657454656D70416C6C6F636177
:1064200074696F6E732829206973206E6F742063FE
:10643000616C6C6564206265666F7265205265737D
:10644000697A6542756666657228292E004661691B
:106450006C656420746F20726573697A652062755B
:10646000666665722E205265717565737465643A4F
:106470002025752C20617661696C61626C65202530
:10648000752C206D697373696E673A202575004617
:1064900061696C656420746F20616C6C6F636174FA
:1064A000652074656D70206D656D6F72792E205258
:1064B00065717565737465643A2025752C20617665
:1064C00061696C61626C652025752C206D69737340
:1064D000696E673A202575004E756D626572206F92
:1064E0006620616C6C6F63617465642074656D70A7
:1064F00020627566666572733A2025642E204368B3
:1065000065636B73756D2070617373696E6720735B
:1065100074617475733A20256400416C6C20746555
:106520006D702062756666657273206D7573742078
:106530006265206672656564206265666F726520BB
:1065400063616C6C696E6720526573657454656D28
:1065500070416C6C6F636174696F6E7328290046BB
:1065600061696C656420746F20616C6C6F63617429
:1065700065207461696C206D656D6F72792E205293
:1065800065717565737465643A2025752C20617694
:1065900061696C61626C652025752C206D6973736F
:1065A000696E673A202575004E6F6465202573205B
:1065B000286E756D626572202564662920666169A2
:1065C0006C656420746F20707265706172652077ED
:1065D0006974682073746174757320256400416365
:1065E00063657373696E6720737562677261706843
:1065F00020256420627574206F6E6C7920256420DC
:1066000073756267726170687320666F756E64007F
:106610004E6F646520257320286E756D626572204B
:10662000256429206661696C656420746F20696E39
:10663000766F6B6520776974682073746174757305
:1066400020256400417474656D7074696E672074F0
:106650006F207365742065787465726E616C206359
:106660006F6E7465787420746F202578206275745D
:106670002069742077617320257820616C726561D0
:106680006479004F70206275696C74696E5F636F26
:106690006465206F7574206F662072616E67653A5D
:1066A0002025642E004469646E27742066696E6438
:1066B000206F7020666F72206275696C74696E203D
:1066C0006F70636F64652027257327004F706572B4
:1066D00061746F72207769746820435553544F4D2D
:1066E000206275696C74696E5F636F6465206861B0
:1066F00073206E6F20637573746F6D5F636F646575
:106700002E0A002C2066756E6374696F6E3A200045
:10671000617373657274696F6E202225732220661F
:1067200061696C65643A2066696C65202225732274
:106730002C206C696E65202564257325730A00235F
:106740002D302B2000686C4C00656667454647007D
:106750003031323334353637383941424344454697
:10676000003031323334353637383961626364652D
:10677000660000000000000000000000D5100008C6
:106780003710000807100008051000080510000861
:10679000FE34020812350208283502083A3502088C
:1067A0005035020862350208763502088535020840
:1067B000A0860100400D0300801A060000350C0081
:1067C00040420F0080841E0000093D0000127A0044
:1067D0000024F40000366E010048E801006CDC0281
:1067E00000000000000000000000000000000000A9
:1067F000000000000102030400000000000000008F
:106800000102030406070809010002000400060053
:1068100008000A000C001000200040008000000169
:10682000008000400048004000080242000402428C
:106830000000024280008000000200000000000012
:106840000200000001000000000000000000000045
:106850000200000001000000000000000000000035
:106860000200000001000000000000000080AB8278
:106870005585FD87A58A498DEB8F89922495B99717
:106880004A9AD59C5A9FD8A150A4C0A628A988ABE3
:10689000DFAD2EB073B2AFB4E1B609B927BB3BBDD3
:1068A00044BF43C137C320C5FEC6D1C899CA57CC1F
:1068B00009CEB1CF4DD1DFD266D4E3D555D7BDD8FF
:1068C0001ADA6EDBB7DCF7DD2DDF59E07CE197E209
:1068D000A8E3B0E4B0E5A8E698E77FE85FE937EA27
:1068E00008EBD2EB95EC51ED07EEB6EE5FEF01F061
:1068F0009FF036F1C8F154F2DCF25EF3DCF355F4AC
:10690000CAF43AF5A6F50EF672F6D2F62FF788F726
:10691000DEF730F87FF8CBF815F95BF99FF9E0F96D
:106920001EFA5AFA94FACCFA01FB34FB65FB95FB8C
:10693000C2FBEEFB18FC40FC66FC8CFCAFFCD1FCFF
:10694000F2FC12FD30FD4DFD69FD84FD9EFDB6FD9E
:10695000CEFDE5FDFBFD0FFE24FE37FE49FE5BFE8E
:106960006CFE7DFE8CFE9BFEAAFEB8FEC5FED2FE2E
:10697000DEFEEAFEF5FE00FF0BFF15FF1EFF27FF00
:1069800030FF39FF41FF48FF50FF57FF5EFF65FFB3
:106990006BFF71FF77FF7CFF82FF87FF8CFF91FF0A
:1069A00095FF99FF9EFFA2FFA5FFA9FFADFFB0FFD6
:1069B000B3FFB6FFB9FFBCFFBFFFC2FFC4FFC7FFF5
:1069C000C9FFCBFFCDFFD0FFD1FFD3FFD5FFD7FF4E
:1069D000D9FFDAFFDCFFDDFFDFFFE0FFE1FFE3FFD0
:1069E000E4FFE5FFE6FFE7FFE8FFE9FFEAFFEBFF73
:1069F000ECFFEDFFEDFFEEFFEFFFF0FFF0FFF1FF2B
:106A0000F2FFF2FFF3FFF3FFF4FFF4FFF5FFF5FFF2
:106A1000F6FFF6FFF6FFF7FFF7FFF8FFF8FFF8FFC6
:106A2000F9FFF9FFF9FFF9FFFAFFFAFFFAFFFAFFA2
:106A3000FBFFFBFFFBFFFBFFFBFFFCFFFCFFFCFF83
:106A4000FCFFFCFFFCFFFDFFFDFFFDFFFDFFFDFF69
:106A5000FDFFFDFFFDFFFEFFFEFFFEFFFEFFFEFF51
:106A6000FEFFFEFFFEFFFEFFFEFFFFFF0000000037
:106A70000000000000000000010000000000000015
:106A80000000000000000000000000000100000005
:106A9000000000008E4A0208954A0208E54A0208F2
:106AA0009D4A0208CD4A0208A34A0208AA4A0208DF
:106AB000EC4A0208AF4A02089E4A0208F84A020855
:106AC000B94A0208C14A0208CC4A0208D34A02085D
:106AD000DC4A0208E44A0208EB4A0208F24A0208C9
:106AE000F74A02080000000000000000F1BF0008A3
:106AF00069C0000833B9000805B900080DB90008DD
:106B000015B900081DB90008FBB80008F9B800085D
:106B1000F9B8000899BF0008F9C20008FDBE0008D6
:106B200025B90008A7C20008EDC0000877B9000821
:106B30000000000000000000EFB80008F7B80008EF
:106B400031B9000831B90008000000004F66666CDA
:106B5000696E654D656D6F7279416C6C6F636174C0
:106B6000696F6E00B95D02088657020896570208E1
:106B7000AE570208A4570208B6570208C5570208C4
:106B8000D0570208E05E0208E1570208F1570208F8
:106B900002580208135802081E580208A65D02088F
:106BA0003B5802089D5902084A580208D95B02085E
:106BB000A35902085658020863580208FD5D0208EE
:106BC000695802085B590208755902087958020889
:106BD00088580208865F02088D5802089F580208EC
:106BE0007D5E0208A9580208B05802080260020837
:106BF000C85802086C600208E4580208F6580208F7
:106C00008D5C0208085902080D5902088F5A0208C3
:106C10001159020819590208365902084459020844
:106C20005F590208635902086B590208715902083A
:106C30007D590208865902087F5D0208A2590208A0
:106C4000EB5D0208A8590208FE5E0208B05902086E
:106C5000B5590208B9590208BF590208C7590208B4
:106C6000D5590208625F0208D35F0208E0590208A2
:106C7000E4590208F3590208035A0208085A0208A4
:106C8000CF590208145A0208F05E0208015C02089B
:106C9000535F0208525F0208FF5D02081E5A020895
:106CA000225A02082A5A0208355A0208415A020892
:106CB000795A02084C5A0208575A02085F5A0208C9
:106CC0006B5A0208775A02087E5A0208895A02084B
:106CD000935A02089E5A0208A55A0208B05A02089E
:106CE000B55A0208BF5A0208C55A0208DD5A0208FE
:106CF000E85A0208FB5A02089D5E0208065B020879
:106D00000E5B0208155B02081A5B0208255B02088D
:106D10002B5B0208355B0208395B02083F5B020807
:106D20000C5D0208445B0208555B0208C757020865
:106D3000615B0208715B0208775B0208825B0208F4
:106D40005C600208855B02089C5B0208B35B02087A
:106D5000BE5B0208C85B0208505D0208D05B0208F7
:106D6000DD5B0208FE5B0208055C02080F5C02089E
:106D70001C5C0208235C02082B5C0208305C0208E1
:106D8000355C0208415C02084B5C02085A5C020850
:106D90006B5C02087A5C0208855C0208975C02085A
:106DA000A25C0208B05C0208C05C0208CF5C02086A
:106DB000E65C0208F05C0208FF5C02080B5D02085A
:106DC000E35F0208105D02081C5D0208325D0208E4
:106DD000475D02085C5D0208625D0208775D02089B
:106DE0007C5D0208845D0208905D02089C5D0208DB
:106DF000AF5D0208BD5D0208CE5D0208E15D0208DC
:106E0000F35D0208055E0208155E02082B5E0208AB
:106E1000465E02085C5E02086C5E0208825E020842
:106E2000935E0208A15E0208AF5E0208C05E02081F
:106E3000D65E0208E65E0208F45E0208065F0208FB
:106E4000175F0208245F0208345F0208485F0208E7
:106E5000585F0208695F02087C5F02088B5F0208C6
:106E60009D5F0208AF5F0208C15F0208D95F020898
:106E7000F85F020806600208156002082B6002082D
:106E800043600208526002086260020873600208F0
:106E9000876002088E60020835600208AA60020856
:106EA000BE600208D3600208E26002080000000031
:106EB00000000000000000008FDC00088FDC0008EC
:106EC000A1DC000881DC000891DC000899DC0008E6
:106ED000D5DC000885DC00088BDC000889DC0008B4
:106EE000000000000000000073DD000873DD0008F2
:106EF00095DD000875DD0008DBDF000891DD000886
:106F00004DE100083FDD000815DD000815E0000830
:106F1000000000000000000081E1000881E100089D
:106F200075E2000895E10008B1E20008D5E200082A
:106F3000C7E100081DE2000883E10008A3E10008A2
:106F4000F7E10008A7E1000831E30008F9E20008D2
:106F5000B7E10008FCFFFFFF000000004BE3000862
:106F60004FE3000829E30008BFE10008000000002B
:106F700000000000F5E30008F5E30008CDE5000897
:106F800021E80008C1E700083BE80008F1E7000835
:106F9000ADE50008F1E30008F7E300082DE500087F
:106FA0005DE40008B5E40008B9E600080000000050
:106FB000000000005FE800085FE80008A3E80008A0
:106FC000FFE80008BBE8000861E800087DE8000869
:106FD000CFE80008E7E8000885E800081DE9000898
:106FE00057E800085BE8000899E800089FE80008F7
:106FF000000000000000000029EA000829EA00085B
:107000002BEA0008000000000000803FC70F493B4A
:10701000B1FF7F3F890FC93BC4FE7F3F59CB163C70
:1070200039FD7F3F900E493C11FB7F3F4B517B3C2C
:107030004AF87F3FB6C9963CE6F47F3F69EAAF3C29
:10704000E3F07F3FB00AC93C43EC7F3F7B2AE23C40
:1070500005E77F3FB949FB3C29E17F3F2F340A3DDB
:10706000AFDA7F3F2CC3163D98D37F3FCC51233DF1
:10707000E2CB7F3F07E02F3D8FC37F3FD56D3C3D87
:107080009EBA7F3F2FFB483D0FB17F3F0E88553D95
:10709000E3A67F3F6814623D189C7F3F38A06E3D99
:1070A000B1907F3F742B7B3DAB847F3F0ADB833DF8
:1070B00008787F3F0A208A3DC76A7F3FB464903DCD
:1070C000E95C7F3F05A9963D6D4E7F3FF9EC9C3D05
:1070D000543F7F3F8C30A33D9D2F7F3FBA73A93D26
:1070E000491F7F3F80B6AF3D580E7F3FDAF8B53D70
:1070F000C9FC7E3FC33ABC3D9DEA7E3F397CC23D20
:10710000D4D77E3F36BDC83D6DC47E3FB7FDCE3D72
:1071100069B07E3FB93DD53DC99B7E3F377DDB3DA4
:107120008B867E3F2EBCE13DB0707E3F9AFAE73DF4
:10713000385A7E3F7638EE3D23437E3FC075F43D9E
:10714000722B7E3F73B2FA3D24137E3F4577003E9B
:1071500038FA7D3F0295033EB1E07D3F6EB2063EB8
:107160008CC67D3F86CF093ECCAB7D3F4AEC0C3EC2
:107170006E907D3FB708103E74747D3FCA24133E65
:10718000DE577D3F8340163EAC3A7D3FE05B193EC3
:10719000DD1C7D3FDE761C3E73FE7C3F7B911F3EF7
:1071A0006CDF7C3FB6AB223EC9BF7C3F8CC5253E21
:1071B0008A9F7C3FFCDE283EB07E7C3F04F82B3E5D
:1071C0003A5D7C3FA2102F3E283B7C3FD428323EC4
:1071D0007A187C3F9840353E31F57B3FEC57383E7E
:1071E0004DD17B3FCF6E3B3ECDAC7B3F3E853E3E9F
:1071F000B2877B3F379B413EFC617B3FB9B0443E49
:10720000AB3B7B3FC2C5473EBE147B3F4FDA4A3E95
:1072100037ED7A3F60EE4D3E16C57A3FF101513EA3
:10722000599C7A3F0115543E02737A3F8F27573E8F
:1072300010497A3F97395A3E841E7A3F1A4B5D3E79
:107240005EF3793F135C603E9DC7793F836C633E7C
:10725000439B793F667C663E4E6E793FBA8B693EB2
:10726000C040793F7F9A6C3E9812793FB2A86F3E3A
:10727000D6E3783F51B6723E7BB4783F5AC3753E31
:107280008684783FCCCF783EF853783FA4DB7B3EB2
:10729000D122783FE1E67E3E10F1773FC0F8803E94
:1072A000B7BE773FC07D823EC58B773F7002843E7C
:1072B0003A58773FCE86853E1724773FDA0A873ED5
:1072C0005BEF763F938E883E07BA763FF8118A3E91
:1072D0001B84763F07958B3E974D763FC0178D3EBA
:1072E0007A16763F229A8E3EC6DE753F2C1C903E63
:1072F0007BA6753FDD9D913E976D753F351F933E93
:107300001D34753F31A0943E0BFA743FD220963E57
:1073100062BF743F17A1973E2284743FFE20993EBE
:107320004B48743F86A09A3EDD0B743FAF1F9C3ED6
:10733000D9CE733F789E9D3E3F91733FDF1C9F3EA9
:107340000E53733FE59AA03E4714733F8718A23E41
:10735000EBD4723FC595A33EF894723F9F12A53EB1
:107360007054723F128FA63E5213723F1F0BA83EFD
:107370009FD1713FC486A93E578F713F0102AB3E3A
:107380007A4C713FD47CAC3E0809713F3CF7AD3E6E
:1073900002C5703F3A71AF3E6680703FCBEAB03EA7
:1073A000373B703FEF63B23E73F56F3FA5DCB33EF2
:1073B0001BAF6F3FEC54B53E30686F3FC3CCB63E59
:1073C000B0206F3F2A44B83E9ED86E3F1EBBB93EE8
:1073D000F88F6E3FA031BB3EBE466E3FAFA7BC3EAE
:1073E000F2FC6D3F4A1DBE3E93B26D3F6F92BF3EB1
:1073F000A1676D3F1E07C13E1D1C6D3F557BC23E00
:1074000007D06C3F15EFC33E5E836C3F5C62C53EA8
:1074100024366C3F29D5C63E58E86B3F7C47C83EB2
:10742000FB996B3F53B9C93E0C4B6B3FAE2ACB3E29
:107430008CFB6A3F8B9BCC3E7BAB6A3FEA0BCE3E1C
:10744000D95A6A3FCA7BCF3EA7096A3F2AEBD03E92
:10745000E4B7693F095AD23E9165693F67C8D33E98
:10746000AE12693F4136D53E3CBF683F99A3D63E38
:10747000396B683F6B10D83EA816683FB97CD93E7F
:1074800087C1673F80E8DA3ED86B673FC153DC3E77
:107490009915673F79BEDD3ECCBE663FA928DF3E29
:1074A0007167663F4F92E03E880F663F6AFBE13EA0
:1074B00010B7653FFA63E33E0B5E653FFECBE43EEB
:1074C0007904653F7533E63E59AA643F5D9AE73E0D
:1074D000AC4F643FB700E93E73F4633F8166EA3E18
:1074E000AC98633FBBCBEB3E5A3C633F6330ED3E11
:1074F0007BDF623F7994EE3E1082623FFBF7EF3E06
:107500001A24623FEA5AF13E98C5613F43BDF23EFC
:107510008A66613F071FF43EF206613F3580F53E03
:10752000CFA6603FCBE0F63E2146603FC840F83E24
:10753000E9E45F3F2DA0F93E27835F3FF7FEFA3E67
:10754000DB205F3F275DFC3E05BE5E3FBBBAFD3ED4
:10755000A65A5E3FB217FF3EBEF65D3F063A003FB9
:107560004D925D3FE4E7003F532D5D3F7395013F32
:10757000D1C75C3FB142023FC7615C3F9FEF023F12
:1075800034FB5B3F3D9C033F1A945B3F8948043FBB
:10759000792C5B3F84F4043F50C45A3F2CA0053F34
:1075A000A05B5A3F824B063F6AF2593F86F6063F80
:1075B000AD88593F36A1073F6A1E593F924B083F9D
:1075C000A1B3583F9BF5083F5348583F4E9F093F92
:1075D0007FDC573FAD480A3F2670573FB7F10A3F5F
:1075E0004803573F6B9A0B3FE595563FC9420C3F06
:1075F000FE27563FD0EA0C3F93B9553F81920D3F8D
:10760000A44A553FDA390E3F31DB543FDBE00E3FF1
:107610003B6B543F84870F3FC3FA533FD52D103F38
:10762000C789533FCDD3103F4918533F6B79113F62
:1076300049A6523FB01E123FC633523F9AC3123F73
:10764000C2C0513F2A68133F3D4D513F5F0C143F6C
:1076500037D9503F39B0143FAF64503FB753153F4F
:10766000A8EF4F3FD9F6153F1F7A4F3F9F99163F1E
:1076700017044F3F073C173F908D4E3F12DE173FD8
:1076800089164E3FC07F183F029F4D3F0F21193F83
:10769000FD264D3F00C2193F79AE4C3F93621A3F21
:1076A00078354C3FC6021B3FF8BB4B3F99A21B3FAE
:1076B000FA414B3F0C421C3F7FC74A3F1FE11C3F32
:1076C000874C4A3FD17F1D3F12D1493F221E1E3FAA
:1076D0002155493F12BC1E3FB3D8483F9F591F3F19
:1076E000CA5B483FCBF61F3F65DE473F9393203F81
:1076F0008560473FF92F213F2AE2463FFBCB213FE0
:107700005463463F9967223F03E4453FD302233F3A
:107710003964453FA99D233FF5E3443F1A38243F90
:107720003763443F25D2243F00E2433FCB6B253FE4
:107730005160433F0A05263F29DE423FE39D263F35
:10774000895B423F5636273F70D8413F61CE273F85
:10775000E154413F0566283FDAD0403F41FD283FD4
:107760005C4C403F1594293F67C73F3F802A2A3F22
:10777000FC413F3F82C02A3F1BBC3E3F1B562B3F74
:10778000C5353E3F4AEB2B3FF9AE3D3F0F802C3FC6
:10779000B8273D3F69142D3F03A03C3F59A82D3F1A
:1077A000D9173C3FDE3B2E3F3B8F3B3FF7CE2E3F72
:1077B00029063B3FA5612F3FA47C3A3FE6F32F3FCC
:1077C000ACF2393FBB85303F4268393F2217313F29
:1077D00065DD383F1DA8313F1652383FAA38323F89
:1077E00055C6373FC9C8323F233A373F7A58333FEF
:1077F0007FAD363FBCE7333F6C20363F8F76343F5A
:10780000E792353FF304353FF304353FE792353FC8
:107810008F76343F6C20363FBCE7333F7FAD363F39
:107820007A58333F233A373FC9C8323F55C6373FAE
:10783000AA38323F1652383F1DA8313F65DD383F28
:107840002217313F4268393FBB85303FACF2393FA8
:10785000E6F32F3FA47C3A3FA5612F3F29063B3F2B
:10786000F7CE2E3F3B8F3B3FDE3B2E3FD9173C3FB1
:1078700059A82D3F03A03C3F69142D3FB8273D3F39
:107880000F802C3FF9AE3D3F4AEB2B3FC5353E3FC5
:107890001B562B3F1BBC3E3F82C02A3FFC413F3F53
:1078A000802A2A3F67C73F3F1594293F5C4C403FE1
:1078B00041FD283FDAD0403F0566283FE154413F73
:1078C00061CE273F70D8413F5636273F895B423F04
:1078D000E39D263F29DE423F0A05263F5160433F94
:1078E000CB6B253F00E2433F25D2243F3763443F23
:1078F0001A38243FF5E3443FA99D233F3964453FAF
:10790000D302233F03E4453F9967223F5463463F38
:10791000FBCB213F2AE2463FF92F213F8560473FBD
:107920009393203F65DE473FCBF61F3FCA5B483F3E
:107930009F591F3FB3D8483F12BC1E3F2155493FB6
:10794000221E1E3F12D1493FD17F1D3F874C4A3F27
:107950001FE11C3F7FC74A3F0C421C3FFA414B3F8F
:1079600099A21B3FF8BB4B3FC6021B3F78354C3FEB
:1079700093621A3F79AE4C3F00C2193FFD264D3F3E
:107980000F21193F029F4D3FC07F183F89164E3F80
:1079900012DE173F908D4E3F073C173F17044F3FB5
:1079A0009F99163F1F7A4F3FD9F6153FA8EF4F3FDB
:1079B000B753153FAF64503F39B0143F37D9503FEC
:1079C0005F0C143F3D4D513F2A68133FC2C0513FE9
:1079D0009AC3123FC633523FB01E123F49A6523FD0
:1079E0006B79113F4918533FCDD3103FC789533F9F
:1079F000D52D103FC3FA533F84870F3F3B6B543F55
:107A0000DBE00E3F31DB543FDA390E3FA44A553FED
:107A100081920D3F93B9553FD0EA0C3FFE27563F68
:107A2000C9420C3FE595563F6B9A0B3F4803573FC1
:107A3000B7F10A3F2670573FAD480A3F7FDC573FFA
:107A40004E9F093F5348583F9BF5083FA1B3583F0D
:107A5000924B083F6A1E593F36A1073FAD88593FF8
:107A600086F6063F6AF2593F824B063FA05B5A3FBB
:107A70002CA0053F50C45A3F84F4043F792C5B3F4F
:107A80008948043F1A945B3F3D9C033F34FB5B3FB6
:107A90009FEF023FC7615C3FB142023FD1C75C3FED
:107AA0007395013F532D5D3FE4E7003F4D925D3FED
:107AB000063A003FBEF65D3FB217FF3EA65A5E3F54
:107AC000BBBAFD3E05BE5E3F275DFC3EDB205F3F4F
:107AD000F7FEFA3E27835F3F2DA0F93EE9E45F3FC2
:107AE000C840F83E2146603FCBE0F63ECFA6603F5F
:107AF0003580F53EF206613F071FF43E8A66613F1E
:107B000043BDF23E98C5613FEA5AF13E1A24623FF6
:107B1000FBF7EF3E1082623F7994EE3E7BDF623FDF
:107B20006330ED3E5A3C633FBBCBEB3EAC98633FCA
:107B30008166EA3E73F4633FB700E93EAC4F643FB1
:107B40005D9AE73E59AA643F7533E63E7904653F86
:107B5000FECBE43E0B5E653FFA63E33E10B7653F44
:107B60006AFBE13E880F663F4F92E03E7167663FD9
:107B7000A928DF3ECCBE663F79BEDD3E9915673F42
:107B8000C153DC3ED86B673F80E8DA3E87C1673F70
:107B9000B97CD93EA816683F6B10D83E396B683F58
:107BA00099A3D63E3CBF683F4136D53EAE12693FF1
:107BB00067C8D33E9165693F095AD23EE4B7693F31
:107BC0002AEBD03EA7096A3FCA7BCF3ED95A6A3F0B
:107BD000EA0BCE3E7BAB6A3F8B9BCC3E8CFB6A3F75
:107BE000AE2ACB3E0C4B6B3F53B9C93EFB996B3F62
:107BF0007C47C83E58E86B3F29D5C63E24366C3FCB
:107C00005C62C53E5E836C3F15EFC33E07D06C3FA0
:107C1000557BC23E1D1C6D3F1E07C13EA1676D3FD7
:107C20006F92BF3E93B26D3F4A1DBE3EF2FC6D3F68
:107C3000AFA7BC3EBE466E3FA031BB3EF88F6E3F45
:107C40001EBBB93E9ED86E3F2A44B83EB0206F3F5F
:107C5000C3CCB63E30686F3FEC54B53E1BAF6F3FB0
:107C6000A5DCB33E73F56F3FEF63B23E373B703F29
:107C7000CBEAB03E6680703F3A71AF3E02C5703FBE
:107C80003CF7AD3E0809713FD47CAC3E7A4C713F65
:107C90000102AB3E578F713FC486A93E9FD1713F11
:107CA0001F0BA83E5213723F128FA63E7054723FB4
:107CB0009F12A53EF894723FC595A33EEBD4723F48
:107CC0008718A23E4714733FE59AA03E0E53733FB8
:107CD000DF1C9F3E3F91733F789E9D3ED9CE733F00
:107CE000AF1F9C3EDD0B743F86A09A3E4B48743F0D
:107CF000FE20993E2284743F17A1973E62BF743FD5
:107D0000D220963E0BFA743F31A0943E1D34753F4D
:107D1000351F933E976D753FDD9D913E7BA6753F68
:107D20002C1C903EC6DE753F229A8E3E7A16763F18
:107D3000C0178D3E974D763F07958B3E1B84763F4F
:107D4000F8118A3E07BA763F938E883E5BEF763F06
:107D5000DA0A873E1724773FCE86853E3A58773F2A
:107D60007002843EC58B773FC07D823EB7BE773FB1
:107D7000C0F8803E10F1773FE1E67E3ED122783FA9
:107D8000A4DB7B3EF853783FCCCF783E8684783FA7
:107D90005AC3753E7BB4783F51B6723ED6E3783F06
:107DA000B2A86F3E9812793F7F9A6C3EC040793FEF
:107DB000BA8B693E4E6E793F667C663E439B793F47
:107DC000836C633E9DC7793F135C603E5EF3793FF1
:107DD0001A4B5D3E841E7A3F97395A3E10497A3FCE
:107DE0008F27573E02737A3F0115543E599C7A3FC4
:107DF000F101513E16C57A3F60EE4D3E37ED7A3FB8
:107E00004FDA4A3EBE147B3FC2C5473EAB3B7B3F89
:107E1000B9B0443EFC617B3F379B413EB2877B3F1C
:107E20003E853E3ECDAC7B3FCF6E3B3E4DD17B3F52
:107E3000EC57383E31F57B3F9840353E7A187C3F11
:107E4000D428323E283B7C3FA2102F3E3A5D7C3F37
:107E500004F82B3EB07E7C3FFCDE283E8A9F7C3FB0
:107E60008CC5253EC9BF7C3FB6AB223E6CDF7C3F54
:107E70007B911F3E73FE7C3FDE761C3EDD1C7D3F0A
:107E8000E05B193EAC3A7D3F8340163EDE577D3FB6
:107E9000CA24133E74747D3FB708103E6E907D3F38
:107EA0004AEC0C3ECCAB7D3F86CF093E8CC67D3F75
:107EB0006EB2063EB1E07D3F0295033E38FA7D3F4B
:107EC0004577003E24137E3F73B2FA3D722B7E3F0E
:107ED000C075F43D23437E3F7638EE3D385A7E3FF1
:107EE0009AFAE73DB0707E3F2EBCE13D8B867E3F27
:107EF000377DDB3DC99B7E3FB93DD53D69B07E3FB7
:107F0000B7FDCE3D6DC47E3F36BDC83DD4D77E3F64
:107F1000397CC23D9DEA7E3FC33ABC3DC9FC7E3FF1
:107F2000DAF8B53D580E7F3F80B6AF3D491F7F3F21
:107F3000BA73A93D9D2F7F3F8C30A33D543F7F3FB7
:107F4000F9EC9C3D6D4E7F3F05A9963DE95C7F3F76
:107F5000B464903DC76A7F3F0A208A3D08787F3F1E
:107F60000ADB833DAB847F3F742B7B3DB1907F3F29
:107F700038A06E3D189C7F3F6814623DE3A67F3FAA
:107F80000E88553D0FB17F3F2FFB483D9EBA7F3F86
:107F9000D56D3C3D8FC37F3F07E02F3DE2CB7F3F58
:107FA000CC51233D98D37F3F2CC3163DAFDA7F3FA2
:107FB0002F340A3D29E17F3FB949FB3C05E77F3F6C
:107FC0007B2AE23C43EC7F3FB00AC93CE3F07F3FB1
:107FD00069EAAF3CE6F47F3FB6C9963C4AF87F3F7A
:107FE0004B517B3C11FB7F3F900E493C39FD7F3F5D
:107FF00059CB163CC4FE7F3F890FC93BB1FF7F3F81
:10800000C70F493B0000803F00000000B1FF7F3FE9
:10801000C70F49BBC4FE7F3F890FC9BB39FD7F3FF6
:1080200059CB16BC11FB7F3F900E49BC4AF87F3FED
:108030004B517BBCE6F47F3FB6C996BCE3F07F3F73
:1080400069EAAFBC43EC7F3FB00AC9BC05E77F3F9C
:108050007B2AE2BC29E17F3FB949FBBCAFDA7F3F15
:108060002F340ABD98D37F3F2CC316BDE2CB7F3F90
:10807000CC5123BD8FC37F3F07E02FBD9EBA7F3F0A
:10808000D56D3CBD0FB17F3F2FFB48BDE3A67F3FC1
:108090000E8855BD189C7F3F681462BDB1907F3F2C
:1080A00038A06EBDAB847F3F742B7BBD08787F3FCB
:1080B0000ADB83BDC76A7F3F0A208ABDE95C7F3F38
:1080C000B46490BD6D4E7F3F05A996BD543F7F3F80
:1080D000F9EC9CBD9D2F7F3F8C30A3BD491F7F3F96
:1080E000BA73A9BD580E7F3F80B6AFBDC9FC7E3FB5
:1080F000DAF8B5BD9DEA7E3FC33ABCBDD4D77E3F1A
:10810000397CC2BD6DC47E3F36BDC8BD69B07E3FFF
:10811000B7FDCEBDC99B7E3FB93DD5BD8B867E3FA9
:10812000377DDBBDB0707E3F2EBCE1BD385A7E3F4F
:108130009AFAE7BD23437E3F7638EEBD722B7E3F31
:10814000C075F4BD24137E3F73B2FABD38FA7D3F8B
:10815000457700BEB1E07D3F029503BE8CC67D3FF2
:108160006EB206BECCAB7D3F86CF09BE6E907D3F22
:108170004AEC0CBE74747D3FB70810BEDE577D3FDD
:10818000CA2413BEAC3A7D3F834016BEDD1C7D3F42
:10819000E05B19BE73FE7C3FDE761CBE6CDF7C3F6D
:1081A0007B911FBEC9BF7C3FB6AB22BE8A9F7C3F7E
:1081B0008CC525BEB07E7C3FFCDE28BE3A5D7C3F90
:1081C00004F82BBE283B7C3FA2102FBE7A187C3FC0
:1081D000D42832BE31F57B3F984035BE4DD17B3F30
:1081E000EC5738BECDAC7B3FCF6E3BBEB2877B3FFA
:1081F0003E853EBEFC617B3F379B41BEAB3B7B3F38
:10820000B9B044BEBE147B3FC2C547BE37ED7A3F0E
:108210004FDA4ABE16C57A3F60EE4DBE599C7A3F92
:10822000F10151BE02737A3F011554BE10497A3FE5
:108230008F2757BE841E7A3F97395ABE5EF3793F27
:108240001A4B5DBE9DC7793F135C60BE439B793F6F
:10825000836C63BE4E6E793F667C66BEC040793FDC
:10826000BA8B69BE9812793F7F9A6CBED6E3783F8D
:10827000B2A86FBE7BB4783F51B672BE8684783F99
:108280005AC375BEF853783FCCCF78BED122783F21
:10829000A4DB7BBE10F1773FE1E67EBEB7BE773F41
:1082A000C0F880BEC58B773FC07D82BE3A58773F0D
:1082B000700284BE1724773FCE8685BE5BEF763F83
:1082C000DA0A87BE07BA763F938E88BE1B84763F54
:1082D000F8118ABE974D763F07958BBE7A16763F8A
:1082E000C0178DBEC6DE753F229A8EBE7BA6753F37
:1082F0002C1C90BE976D753FDD9D91BE1D34753F62
:10830000351F93BE0BFA743F31A094BE62BF743F19
:10831000D22096BE2284743F17A197BE4B48743F6B
:10832000FE2099BEDD0B743F86A09ABED9CE733F66
:10833000AF1F9CBE3F91733F789E9DBE0E53733F0F
:10834000DF1C9FBE4714733FE59AA0BEEBD4723F7B
:108350008718A2BEF894723FC595A3BE7054723FB1
:108360009F12A5BE5213723F128FA6BE9FD1713FBE
:108370001F0BA8BE578F713FC486A9BE7A4C713FB0
:108380000102ABBE0809713FD47CACBE02C5703F90
:108390003CF7ADBE6680703F3A71AFBE373B703F71
:1083A000CBEAB0BE73F56F3FEF63B2BE1BAF6F3F5A
:1083B000A5DCB3BE30686F3FEC54B5BEB0206F3F54
:1083C000C3CCB6BE9ED86E3F2A44B8BEF88F6E3F6F
:1083D0001EBBB9BEBE466E3FA031BBBEF2FC6D3FB8
:1083E000AFA7BCBE93B26D3F4A1DBEBEA1676D3F35
:1083F0006F92BFBE1D1C6D3F1E07C1BE07D06C3FF4
:10840000557BC2BE5E836C3F15EFC3BE24366C3F06
:108410005C62C5BE58E86B3F29D5C6BEFB996B3F71
:108420007C47C8BE0C4B6B3F53B9C9BE8CFB6A3F3F
:10843000AE2ACBBE7BAB6A3F8B9BCCBED95A6A3F80
:10844000EA0BCEBEA7096A3FCA7BCFBEE4B7693F3D
:108450002AEBD0BE9165693F095AD2BEAE12693F80
:1084600067C8D3BE3CBF683F4136D5BE396B683F55
:1084700099A3D6BEA816683F6B10D8BE87C1673FC8
:10848000B97CD9BED86B673F80E8DABE9915673FE3
:10849000C153DCBECCBE663F79BEDDBE7167663FB0
:1084A000A928DFBE880F663F4F92E0BE10B7653F38
:1084B0006AFBE1BE0B5E653FFA63E3BE7904653F8C
:1084C000FECBE4BE59AA643F7533E6BEAC4F643FB1
:1084D0005D9AE7BE73F4633FB700E9BEAC98633FB3
:1084E0008166EABE5A3C633FBBCBEBBE7BDF623F9B
:1084F0006330EDBE1082623F7994EEBE1A24623F73
:10850000FBF7EFBE98C5613FEA5AF1BE8A66613F4C
:1085100043BDF2BEF206613F071FF4BECFA6603F27
:108520003580F5BE2146603FCBE0F6BEE9E45F3F13
:10853000C840F8BE27835F3F2DA0F9BEDB205F3F18
:10854000F7FEFABE05BE5E3F275DFCBEA65A5E3F43
:10855000BBBAFDBEBEF65D3FB217FFBE4D925D3F9A
:10856000063A00BF532D5D3FE4E700BFD1C75C3F33
:10857000739501BFC7615C3FB14202BF34FB5B3FF3
:108580009FEF02BF1A945B3F3D9C03BF792C5B3F7A
:10859000894804BF50C45A3F84F404BFA05B5A3FCB
:1085A0002CA005BF6AF2593F824B06BFAD88593FE8
:1085B00086F606BF6A1E593F36A107BFA1B3583FD2
:1085C000924B08BF5348583F9BF508BF7FDC573F8D
:1085D0004E9F09BF2670573FAD480ABF4803573F1B
:1085E000B7F10ABFE595563F6B9A0BBFFE27563F82
:1085F000C9420CBF93B9553FD0EA0CBFA44A553FBE
:1086000081920DBF31DB543FDA390EBF3B6B543FD3
:10861000DBE00EBFC3FA533F84870FBFC789533FC8
:10862000D52D10BF4918533FCDD310BF49A6523F97
:108630006B7911BFC633523FB01E12BFC2C0513F4B
:108640009AC312BF3D4D513F2A6813BF37D9503FDF
:108650005F0C14BFAF64503F39B014BFA8EF4F3F59
:10866000B75315BF1F7A4F3FD9F615BF17044F3FB9
:108670009F9916BF908D4E3F073C17BF89164E3FFE
:1086800012DE17BF029F4D3FC07F18BFFD264D3F32
:108690000F2119BF79AE4C3F00C219BF78354C3F4E
:1086A00093621ABFF8BB4B3FC6021BBFFA414B3F58
:1086B00099A21BBF7FC74A3F0C421CBF874C4A3F51
:1086C0001FE11CBF12D1493FD17F1DBF2155493F3A
:1086D000221E1EBFB3D8483F12BC1EBFCA5B483F14
:1086E0009F591FBF65DE473FCBF61FBF8560473FE1
:1086F000939320BF2AE2463FF92F21BF5463463FA0
:10870000FBCB21BF03E4453F996722BF3964453F56
:10871000D30223BFF5E3443FA99D23BF3763443F02
:108720001A3824BF00E2433F25D224BF5160433FA3
:10873000CB6B25BF29DE423F0A0526BF895B423F3E
:10874000E39D26BF70D8413F563627BFE154413FD5
:1087500061CE27BFDAD0403F056628BF5C4C403F62
:1087600041FD28BF67C73F3F159429BFFC413F3FEC
:10877000802A2ABF1BBC3E3F82C02ABFC5353E3F70
:108780001B562BBFF9AE3D3F4AEB2BBFB8273D3FF1
:108790000F802CBF03A03C3F69142DBFD9173C3F6D
:1087A00059A82DBF3B8F3B3FDE3B2EBF29063B3FE9
:1087B000F7CE2EBFA47C3A3FA5612FBFACF2393F64
:1087C000E6F32FBF4268393FBB8530BF65DD383FD8
:1087D000221731BF1652383F1DA831BF55C6373F4B
:1087E000AA3832BF233A373FC9C832BF7FAD363FC0
:1087F0007A5833BF6C20363FBCE733BFE792353F32
:108800008F7634BFF304353FF30435BF8F76343FA2
:10881000E79235BFBCE7333F6C2036BF7A58333F11
:108820007FAD36BFC9C8323F233A37BFAA38323F7F
:1088300055C637BF1DA8313F165238BF2217313FEA
:1088400065DD38BFBB85303F426839BFE6F32F3F57
:10885000ACF239BFA5612F3FA47C3ABFF7CE2E3FC3
:1088600029063BBFDE3B2E3F3B8F3BBF59A82D3F28
:10887000D9173CBF69142D3F03A03CBF0F802C3F8C
:10888000B8273DBF4AEB2B3FF9AE3DBF1B562B3FF0
:10889000C5353EBF82C02A3F1BBC3EBF802A2A3F4F
:1088A000FC413FBF1594293F67C73FBF41FD283FAB
:1088B0005C4C40BF0566283FDAD040BF61CE273F01
:1088C000E15441BF5636273F70D841BFE39D263F54
:1088D000895B42BF0A05263F29DE42BFCB6B253F9D
:1088E000516043BF25D2243F00E243BF1A38243FE2
:1088F000376344BFA99D233FF5E344BFD302233F21
:10890000396445BF9967223F03E445BFFBCB213F54
:10891000546346BFF92F213F2AE246BF9393203F7D
:10892000856047BFCBF61F3F65DE47BF9F591F3F9E
:10893000CA5B48BF12BC1E3FB3D848BF221E1E3FB1
:10894000215549BFD17F1D3F12D149BF1FE11C3FB7
:10895000874C4ABF0C421C3F7FC74ABF99A21B3FAE
:10896000FA414BBFC6021B3FF8BB4BBF93621A3F95
:1089700078354CBF00C2193F79AE4CBF0F21193F6B
:10898000FD264DBFC07F183F029F4DBF12DE173F2F
:1089900089164EBF073C173F908D4EBF9F99163FDB
:1089A00017044FBFD9F6153F1F7A4FBFB753153F76
:1089B000A8EF4FBF39B0143FAF6450BF5F0C143FF6
:1089C00037D950BF2A68133F3D4D51BF9AC3123F5C
:1089D000C2C051BFB01E123FC63352BF6B79113FA8
:1089E00049A652BFCDD3103F491853BFD52D103FD4
:1089F000C78953BF84870F3FC3FA53BFDBE00E3FE5
:108A00003B6B54BFDA390E3F31DB54BF81920D3FCF
:108A1000A44A55BFD0EA0C3F93B955BFC9420C3F99
:108A2000FE2756BF6B9A0B3FE59556BFB7F10A3F3D
:108A3000480357BFAD480A3F267057BF4E9F093FB6
:108A40007FDC57BF9BF5083F534858BF924B083F08
:108A5000A1B358BF36A1073F6A1E59BF86F6063F2D
:108A6000AD8859BF824B063F6AF259BF2CA0053F23
:108A7000A05B5ABF84F4043F50C45ABF8948043FE6
:108A8000792C5BBF3D9C033F1A945BBF9FEF023F75
:108A900034FB5BBFB142023FC7615CBF7395013FCE
:108AA000D1C75CBFE4E7003F532D5DBF063A003FEE
:108AB0004D925DBFB217FF3EBEF65DBFBBBAFD3E35
:108AC000A65A5EBF275DFC3E05BE5EBFF7FEFA3EBE
:108AD000DB205FBF2DA0F93E27835FBFC840F83E73
:108AE000E9E45FBFCBE0F63E214660BF3580F53E4E
:108AF000CFA660BF071FF43EF20661BF43BDF23E42
:108B00008A6661BFEA5AF13E98C561BFFBF7EF3E46
:108B10001A2462BF7994EE3E108262BF6330ED3E4C
:108B20007BDF62BFBBCBEB3E5A3C63BF8166EA3E54
:108B3000AC9863BFB700E93E73F463BF5D9AE73E4C
:108B4000AC4F64BF7533E63E59AA64BFFECBE43E2A
:108B5000790465BFFA63E33E0B5E65BF6AFBE13EE5
:108B600010B765BF4F92E03E880F66BFA928DF3E71
:108B7000716766BF79BEDD3ECCBE66BFC153DC3EC9
:108B8000991567BF80E8DA3ED86B67BFB97CD93EDC
:108B900087C167BF6B10D83EA81668BF99A3D63EA1
:108BA000396B68BF4136D53E3CBF68BF67C8D33E0E
:108BB000AE1269BF095AD23E916569BF2AEBD03E19
:108BC000E4B769BFCA7BCF3EA7096ABFEA0BCE3EB6
:108BD000D95A6ABF8B9BCC3E7BAB6ABFAE2ACB3ED9
:108BE0008CFB6ABF53B9C93E0C4B6BBF7C47C83E78
:108BF000FB996BBF29D5C63E58E86BBF5C62C53E8A
:108C000024366CBF15EFC33E5E836CBF557BC23EFE
:108C100007D06CBF1E07C13E1D1C6DBF6F92BF3ECB
:108C2000A1676DBF4A1DBE3E93B26DBFAFA7BC3EEC
:108C3000F2FC6DBFA031BB3EBE466EBF1EBBB93E4F
:108C4000F88F6EBF2A44B83E9ED86EBFC3CCB63EE6
:108C5000B0206FBFEC54B53E30686FBFA5DCB33EAB
:108C60001BAF6FBFEF63B23E73F56FBFCBEAB03E91
:108C7000373B70BF3A71AF3E668070BF3CF7AD3E88
:108C800002C570BFD47CAC3E080971BF0102AB3E87
:108C90007A4C71BFC486A93E578F71BF1F0BA83E87
:108CA0009FD171BF128FA63E521372BF9F12A53E75
:108CB000705472BFC595A33EF89472BF8718A23E48
:108CC000EBD472BFE59AA03E471473BFDF1C9F3EF2
:108CD0000E5373BF789E9D3E3F9173BFAF1F9C3E66
:108CE000D9CE73BF86A09A3EDD0B74BFFE20993E9D
:108CF0004B4874BF17A1973E228474BFD220963E82
:108D000062BF74BF31A0943E0BFA74BF351F933E0F
:108D10001D3475BFDD9D913E976D75BF2C1C903E37
:108D20007BA675BF229A8E3EC6DE75BFC0178D3EEC
:108D30007A1676BF07958B3E974D76BFF8118A3E1F
:108D40001B8476BF938E883E07BA76BFDA0A873EC9
:108D50005BEF76BFCE86853E172477BF7002843ED8
:108D60003A5877BFC07D823EC58B77BFC0F8803E42
:108D7000B7BE77BFE1E67E3E10F177BFA4DB7B3E56
:108D8000D12278BFCCCF783EF85378BF5AC3753E16
:108D9000868478BF51B6723E7BB478BFB2A86F3E6E
:108DA000D6E378BF7F9A6C3E981279BFBA8B693E42
:108DB000C04079BF667C663E4E6E79BF836C633E71
:108DC000439B79BF135C603E9DC779BF1A4B5D3EE4
:108DD0005EF379BF97395A3E841E7ABF8F27573E7C
:108DE00010497ABF0115543E02737ABFF101513E1A
:108DF000599C7ABF60EE4D3E16C57ABF4FDA4A3EA7
:108E000037ED7ABFC2C5473EBE147BBFB9B0443E02
:108E1000AB3B7BBF379B413EFC617BBF3E853E3E0B
:108E2000B2877BBFCF6E3B3ECDAC7BBFEC57383EAD
:108E30004DD17BBF9840353E31F57BBFD428323EC3
:108E40007A187CBFA2102F3E283B7CBF04F82B3E33
:108E50003A5D7CBFFCDE283EB07E7CBF8CC5253EE3
:108E60008A9F7CBFB6AB223EC9BF7CBF7B911F3EB1
:108E70006CDF7CBFDE761C3E73FE7CBFE05B193E80
:108E8000DD1C7DBF8340163EAC3A7DBFCA24133E35
:108E9000DE577DBFB708103E74747DBF4AEC0C3EB0
:108EA0006E907DBF86CF093ECCAB7DBF6EB2063ED5
:108EB0008CC67DBF0295033EB1E07DBF4577003E85
:108EC00038FA7DBF73B2FA3D24137EBFC075F43DFE
:108ED000722B7EBF7638EE3D23437EBF9AFAE73D84
:108EE000385A7EBF2EBCE13DB0707EBF377DDB3D82
:108EF0008B867EBFB93DD53DC99B7EBFB7FDCE3DBC
:108F000069B07EBF36BDC83D6DC47EBF397CC23DF1
:108F1000D4D77EBFC33ABC3D9DEA7EBFDAF8B53DEB
:108F2000C9FC7EBF80B6AF3D580E7FBFBA73A93D66
:108F3000491F7FBF8C30A33D9D2F7FBFF9EC9C3D27
:108F4000543F7FBF05A9963D6D4E7FBFB464903DF1
:108F5000E95C7FBF0A208A3DC76A7FBF0ADB833D89
:108F600008787FBF742B7B3DAB847FBF38A06E3DFC
:108F7000B1907FBF6814623D189C7FBF0E88553D3D
:108F8000E3A67FBF2FFB483D0FB17FBFD56D3C3DB2
:108F90009EBA7FBF07E02F3D8FC37FBFCC51233DDB
:108FA000E2CB7FBF2CC3163D98D37FBF2F340A3D41
:108FB000AFDA7FBFB949FB3C29E17FBF7B2AE23CA6
:108FC00005E77FBFB00AC93C43EC7FBF69EAAF3C0D
:108FD000E3F07FBFB6C9963CE6F47FBF4B517B3CC4
:108FE0004AF87FBF900E493C11FB7FBF59CB163C1E
:108FF00039FD7FBF890FC93BC4FE7FBFC70F493B07
:10900000B1FF7FBF0800001010000002180000121E
:10901000200000042800001430000006380000166C
:1090200040000008480000185000000A5800001ACC
:109030006000000C6800001C7000000E7800001E2C
:109040008000000888004010900040029800401204
:10905000A0004004A8004014B0004006B80040162C
:10906000C0004008C8004018D000400AD800401A8C
:10907000E000400CE800401CF000400EF800401EEC
:109080000001000808018010100180021801801200
:1090900020018004280180143001800638018016E8
:1090A00040018008480180185001800A5801801A48
:1090B0006001800C6801801C7001800E7801801EA8
:1090C000800140088801C0109001C0029801C012C0
:1090D000A001C004A801C014B001C006B801C016A8
:1090E000C001C008C801C018D001C00AD801C01A08
:1090F000E001C00CE801C01CF001C00EF801C01E68
:1091000000020008080200111002000318020013F8
:10911000200200052802001530020007380200175F
:1091200040020009480200195002000B5802001BBF
:109130006002000D6802001D7002000F7802001F1F
:109140008002800888024011900240039802401378
:10915000A0024005A8024015B0024007B80240171F
:10916000C0024009C8024019D002400BD802401B7F
:10917000E002400DE802401DF002400FF802401FDF
:1091800000034008080380111003800318038013B4
:1091900020038005280380153003800738038017DB
:1091A00040038009480380195003800B5803801B3B
:1091B0006003800D6803801D7003800F7803801F9B
:1091C0008003C0088803C0119003C0039803C01334
:1091D000A003C005A803C015B003C007B803C0179B
:1091E000C003C009C803C019D003C00BD803C01BFB
:1091F000E003C00DE803C01DF003C00FF803C01F5B
:1092000000040010080408101004001118040812CB
:10921000200408102804081430040806380408162E
:1092200040040808480408185004080A5804081A9A
:109230006004080C6804081C7004080E7804081EFA
:1092400080040018880448109004001998044812FB
:10925000A0040818A8044814B0044806B804481626
:10926000C0044808C8044818D004480AD804481A5A
:10927000E004480CE804481CF004480EF804481EBA
:1092800000054010080588101005401118058812C7
:1092900020054810280588143005880638058816EA
:1092A00040058808480588185005880A5805881A16
:1092B0006005880C6805881C7005880E7805881E76
:1092C000800540188805C810900540199805C812F7
:1092D000A0054818A805C814B005C806B805C816E2
:1092E000C005C808C805C818D005C80AD805C81AD6
:1092F000E005C80CE805C81CF005C80EF805C81E36
:1093000000068010080608111006801118060813C0
:1093100020068810280608153006080738060817A2
:1093200040060809480608195006080B5806081B8D
:109330006006080D6806081D7006080F7806081FED
:1093400080068018880648119006801998064813F0
:10935000A0068818A8064815B0064807B80648179A
:10936000C0064809C8064819D006480BD806481B4D
:10937000E006480DE806481DF006480FF806481FAD
:109380000007C010080788111007C01118078813BC
:109390002007C8102807881530078807380788175E
:1093A00040078809480788195007880B5807881B09
:1093B0006007880D6807881D7007880F7807881F69
:1093C0008007C0188807C8119007C0199807C813EC
:1093D000A007C818A807C815B007C807B807C81756
:1093E000C007C809C807C819D007C80BD807C81BC9
:1093F000E007C80DE807C81DF007C80FF807C81F29
:109400000808101010084008180810122008001151
:109410002808101430088011380810164808101851
:109420005008100A5808101A6008100C6808101C20
:109430007008100E7808101E8008000A8808501066
:109440009008000B98085012A008080AA8085014A9
:10945000B008080BB8085016C008100AC808501801
:10946000D008500AD808501AE008500CE808501CE0
:10947000F008500EF808501E0809901010098009D5
:109480001809901220090019280990143009801930
:10949000380990164009000B480990185009900AA5
:1094A0005809901A6009900C6809901C7009900E78
:1094B0007809901E8009400A8809D0109009400B55
:1094C0009809D012A009480AA809D014B009480B7D
:1094D000B809D016C009500AC809D018D009D00A56
:1094E000D809D01AE009D00CE809D01CF009D00E38
:1094F000F809D01E080A1011180A1013200A40118A
:10950000280A1015300AC011380A1017480A101915
:10951000500A100B580A101B600A100D680A101D23
:10952000700A100F780A101F880A5011900A800BD9
:10953000980A5013A00A5011A80A5015B00A880BB7
:10954000B80A5017C00A800BC80A5019D00A500B2D
:10955000D80A501BE00A500DE80A501DF00A500FBF
:10956000F80A501F080B9011180B9013200B40198C
:10957000280B9015300BC019380B9017480B901919
:10958000500B900B580B901B600B900D680B901DAF
:10959000700B900F780B901F880BD011900BC00BA5
:1095A000980BD013A00B5019A80BD015B00BC80BFB
:1095B000B80BD017C80BD019D80BD01BE00BD00DAF
:1095C000E80BD01DF00BD00FF80BD01F000C0012D1
:1095D000080C1810100C0013180C1812200C08128C
:1095E000280C1814300C0813380C1816400C1012E4
:1095F000480C1818500C1013580C181A600C18123C
:10960000680C181C700C180E780C181E800C001AB0
:10961000880C5810900C001B980C5812A00C081ABB
:10962000A80C5814B00C081BB80C5816C00C101A13
:10963000C80C5818D00C101BD80C581AE00C181A6B
:10964000E80C581CF00C580EF80C581E000D401277
:10965000080D9810100D4013180D9812200D481287
:10966000280D9814300D4813380D9816400D5012DF
:10967000480D9818500D5013580D981A600D581237
:10968000680D981C700D980E780D981E800D401A6C
:10969000880DD810900D401B980DD812A00D481AB7
:1096A000A80DD814B00D481BB80DD816C00D501A0F
:1096B000C80DD818D00D501BD80DD81AE00D581A67
:1096C000E80DD81CF00DD80EF80DD81E000E801233
:1096D000080E1811100E8013180E1813200E881281
:1096E000280E1815300E8813380E1817400E9012D9
:1096F000480E1819500E9013580E181B600E981231
:10970000680E181D700E180F780E181F800E801A24
:10971000880E5811900E801B980E5813A00E881AB0
:10972000A80E5815B00E881BB80E5817C00E901A08
:10973000C80E5819D00E901BD80E581BE00E981A60
:10974000E80E581DF00E580FF80E581F000FC012EB
:10975000080F9811100FC013180F9813200FC8127C
:10976000280F9815300FC813380F9817400FD012D4
:10977000480F9819500FD013580F981B600FD8122C
:10978000680F981D700F980F780F981F800FC01AE0
:10979000880FD811900FC01B980FD813A00FC81AAC
:1097A000A80FD815B00FC81BB80FD817C00FD01A04
:1097B000C80FD819D00FD01BD80FD81BE00FD81A5C
:1097C000E80FD81DF00FD81BF80FD81F0810201075
:1097D000101040101810201228102014301088107B
:1097E0003810201640100011481020185010401159
:1097F0005810201A601008126810201C701088126F
:109800007810201E8010001288100812901040124C
:1098100098106012A0102012A8106014B0106012EE
:10982000B8106016C0100013C8106018D010401394
:10983000D810601AE0101812E810601CF01098128E
:10984000F810601E08112012101140111811A012FA
:10985000201108182811A014301188183811A016EA
:109860004811A0185811A01A6011081A6811A01CFC
:109870007011881A7811A01E801110128811181208
:10988000901150129811E012A0111818A811E014AC
:10989000B0119818B811E016C0111013C811E018D3
:1098A000D0115013D811E01AE011181AE811E01C79
:1098B000F011981AF811E01E00120018081208188A
:1098C00010124018181220132012201828122015E8
:1098D000301260183812201740120019481220194F
:1098E000501240195812201B601220196812201DB6
:1098F0007012C8127812201F8012001A8812081ADB
:109900009012401A98126013A012201AA812601523
:10991000B012601AB8126017C012001BC81260198A
:10992000D012401BD812601BE012201BE812601DF1
:10993000F012601BF812601F00131018081318189B
:10994000101350181813A013201348182813A0152B
:109950003013C8183813A017401310194813A01952
:10996000501350195813A01B6013481A6813A01DF8
:109970007013C81A7813A01F8013101A8813181AAE
:109980009013501A9813E013A0135818A813E01559
:10999000B013D818B813E017C013101BC813E01980
:1099A000D013501BD813E01BE013581AE813E01D26
:1099B000F013D81AF813E01F08142014101400151F
:1099C00018142015301408153814281640140015E2
:1099D00048142818501410155814281A601420150B
:1099E0006814281C701418157814281E8014001C84
:1099F0008814201C9014001D9814201DA014081C0D
:109A0000A814281CB014081DB8146816C014101C23
:109A1000C8146818D014101DD814681AE014181C43
:109A2000E814681CF014181DF814681E0815201599
:109A30001015401518156015201528182815281C14
:109A4000301548153815A8164815A8185815A81A1D
:109A50006015281A6815A81C7015A81A7815A81E74
:109A60008015401C8815601C9015401D9815601DC0
:109A7000A015481CA815681CB015481DB815E81697
:109A8000C015501CC815E818D015501DD815E81A77
:109A9000E015581CE815E81CF015581DF815E81ECF
:109AA0000016001C0816081C1016401C1816481C2E
:109AB0002016201C2816281C3016601C3816281763
:109AC0004016001D481628195016401D5816281B10
:109AD0006016201D6816281D7016601D7816281F38
:109AE0008016801C8816A01C9016801D9816A01D3C
:109AF000A016881CA816A81CB016881DB8166817D2
:109B0000C016901CC8166819D016901DD816681B70
:109B1000E016981CE816681DF016981DF816681FC8
:109B20000017101C0817181C1017501C1817581C69
:109B3000201768182817681C3017E8183817A81756
:109B40004017101D4817A8195017501D5817A81B6B
:109B50006017681A6817A81D7017E81A7817A81FE9
:109B60008017C01C8817E01C9017C01D9817E01DB7
:109B7000A017C81CA817E81CB017C81DB817E8170D
:109B8000C017D01CC817E819D017D01DD817E81B6C
:109B9000E017D81CE817E81DF017D81DF817E81FC4
:109BA00018186018301848183818601C5818301ADF
:109BB0006818301C7018181A7818301E8018001A8F
:109BC0008818081A9018001B98186019A018201AF5
:109BD000A818281AB018201BB818601DC018101A31
:109BE000C818181AD018101BD818701AE018301A94
:109BF000E818701CF018581AF818701E0819201967
:109C00001819601A2819081D301988193819881D63
:109C10004819201B5819B01A6019081B6819B01C84
:109C20007019881B7819B01E8019401A8819481AB3
:109C30009019401B9819601BA019601AA819181DCB
:109C4000B019601BB819981DC019501AC819581AB4
:109C5000D019501BD819F01AE019181BE819F01C7C
:109C6000F019981BF819F01E381A701C581A301B7E
:109C7000681A301D701A181B781A301F901AC01AF3
:109C8000981AC81AB01AE01AB81AE81AC01A801B33
:109C9000C81A881BD01AC01BD81A701BE01AA01B48
:109CA000E81A701DF01AE01BF81A701F281B481DD7
:109CB000381BC81D481B601B581BB01B681BB01D00
:109CC000701BC81B781BB01F901BC01B981BC81BA8
:109CD000A81B581DB01BE01BB81BD81DD81BF01BC0
:109CE000E81BF01DF81BF01F081C201C181C301C62
:109CF000381C681C481C601C581C701C781C381EC2
:109D0000801C001E881C201E901C001F981C201FF9
:109D1000A01C081EA81C281EB01C081FB81C281F49
:109D2000C01C101EC81C301ED01C101FD81C301F99
:109D3000E01C181EE81C381EF01C181FF81C781EAA
:109D4000081D201D181D301D381DA81D481D601D33
:109D5000581D701D681D281F781DB81E801D401ECF
:109D6000881D601E901D401F981D601FA01D481E6D
:109D7000A81D681EB01D481FB81D681FC01D501EBD
:109D8000C81D701ED01D501FD81D701FE01D581E0D
:109D9000E81D781EF01D581FF81DF81E081E201E15
:109DA000181E301E481E601E581E701E781E381F5A
:109DB000881EA01E901E801F981EA01FB01E881F08
:109DC000B81EA81FC01E801FC81E881FD01E901F4F
:109DD000D81EB01FE01EA01FE81EA81FF01E981F6F
:109DE000F81E781F081F201F181F301F481F601FF4
:109DF000581F701F781FB81F881FA01F901FC01FFB
:109E0000981FE01FB01FC81FB81FE81FC81FE01F22
:109E1000D81FF01F0000803F00000000C4FE7F3FFD
:109E2000890FC93B11FB7F3F900E493CE6F47F3F11
:109E3000B6C9963C43EC7F3FB00AC93C29E17F3F5D
:109E4000B949FB3C98D37F3F2CC3163D8FC37F3F5E
:109E500007E02F3D0FB17F3F2FFB483D189C7F3F10
:109E60006814623DAB847F3F742B7B3DC76A7F3FA4
:109E70000A208A3D6D4E7F3F05A9963D9D2F7F3F6D
:109E80008C30A33D580E7F3F80B6AF3D9DEA7E3FAC
:109E9000C33ABC3D6DC47E3F36BDC83DC99B7E3FC5
:109EA000B93DD53DB0707E3F2EBCE13D23437E3FA2
:109EB0007638EE3D24137E3F73B2FA3DB1E07D3F2C
:109EC0000295033ECCAB7D3F86CF093E74747D3F47
:109ED000B708103EAC3A7D3F8340163E73FE7C3F90
:109EE000DE761C3EC9BF7C3FB6AB223EB07E7C3FD7
:109EF000FCDE283E283B7C3FA2102F3E31F57B3F05
:109F00009840353ECDAC7B3FCF6E3B3EFC617B3F06
:109F1000379B413EBE147B3FC2C5473E16C57A3FC4
:109F200060EE4D3E02737A3F0115543E841E7A3F27
:109F300097395A3E9DC7793F135C603E4E6E793F1C
:109F4000667C663E9812793F7F9A6C3E7BB4783F80
:109F500051B6723EF853783FCCCF783E10F1773F40
:109F6000E1E67E3EC58B773FC07D823E1724773F7A
:109F7000CE86853E07BA763F938E883E974D763FD4
:109F800007958B3EC6DE753F229A8E3E976D753FD4
:109F9000DD9D913E0BFA743F31A0943E2284743FC4
:109FA00017A1973EDD0B743F86A09A3E3F91733F09
:109FB000789E9D3E4714733FE59AA03EF894723F09
:109FC000C595A33E5213723F128FA63E578F713F25
:109FD000C486A93E0809713FD47CAC3E6680703FC0
:109FE0003A71AF3E73F56F3FEF63B23E30686F3F3B
:109FF000EC54B53E9ED86E3F2A44B83EBE466E3FF6
:10A00000A031BB3E93B26D3F4A1DBE3E1D1C6D3F4D
:10A010001E07C13E5E836C3F15EFC33E58E86B3FA1
:10A0200029D5C63E0C4B6B3F53B9C93E7BAB6A3F4B
:10A030008B9BCC3EA7096A3FCA7BCF3E9165693FA7
:10A04000095AD23E3CBF683F4136D53EA816683F0C
:10A050006B10D83ED86B673F80E8DA3ECCBE663FD7
:10A0600079BEDD3E880F663F4F92E03E0B5E653F56
:10A07000FA63E33E59AA643F7533E63E73F4633FE7
:10A08000B700E93E5A3C633FBBCBEB3E1082623FD8
:10A090007994EE3E98C5613FEA5AF13EF206613F7F
:10A0A000071FF43E2146603FCBE0F63E27835F3F2B
:10A0B0002DA0F93E05BE5E3F275DFC3EBEF65D3F2E
:10A0C000B217FF3E532D5D3FE4E7003FC7615C3FA1
:10A0D000B142023F1A945B3F3D9C033F50C45A3F3C
:10A0E00084F4043F6AF2593F824B063F6A1E593F8F
:10A0F00036A1073F5348583F9BF5083F2670573F0E
:10A10000AD480A3FE595563F6B9A0B3F93B9553FD3
:10A11000D0EA0C3F31DB543FDA390E3FC3FA533FEC
:10A1200084870F3F4918533FCDD3103FC633523F6A
:10A13000B01E123F3D4D513F2A68133FAF64503F60
:10A1400039B0143F1F7A4F3FD9F6153F908D4E3FDF
:10A15000073C173F029F4D3FC07F183F79AE4C3FF1
:10A1600000C2193FF8BB4B3FC6021B3F7FC74A3FA7
:10A170000C421C3F12D1493FD17F1D3FB3D8483F0D
:10A1800012BC1E3F65DE473FCBF61F3F2AE2463F2B
:10A19000F92F213F03E4453F9967223FF5E3443F10
:10A1A000A99D233F00E2433F25D2243F29DE423FC1
:10A1B0000A05263F70D8413F5636273FDAD0403F48
:10A1C0000566283F67C73F3F1594293F1BBC3E3FAC
:10A1D00082C02A3FF9AE3D3F4AEB2B3F03A03C3FF4
:10A1E00069142D3F3B8F3B3FDE3B2E3FA47C3A3F23
:10A1F000A5612F3F4268393FBB85303F1652383F3B
:10A200001DA8313F233A373FC9C8323F6C20363F43
:10A21000BCE7333FF304353FF304353FBCE7333F3E
:10A220006C20363FC9C8323F233A373F1DA8313F23
:10A230001652383FBB85303F4268393FA5612F3FFA
:10A24000A47C3A3FDE3B2E3F3B8F3B3F69142D3FC2
:10A2500003A03C3F4AEB2B3FF9AE3D3F82C02A3F73
:10A260001BBC3E3F1594293F67C73F3F0566283F0B
:10A27000DAD0403F5636273F70D8413F0A05263F87
:10A2800029DE423F25D2243F00E2433FA99D233FE0
:10A29000F5E3443F9967223F03E4453FF92F213F0F
:10A2A0002AE2463FCBF61F3F65DE473F12BC1E3F0A
:10A2B000B3D8483FD17F1D3F12D1493F0C421C3FCC
:10A2C0007FC74A3FC6021B3FF8BB4B3F00C2193F46
:10A2D00079AE4C3FC07F183F029F4D3F073C173F70
:10A2E000908D4E3FD9F6153F1F7A4F3F39B0143F3E
:10A2F000AF64503F2A68133F3D4D513FB01E123F9F
:10A30000C633523FCDD3103F4918533F84870F3F88
:10A31000C3FA533FDA390E3F31DB543FD0EA0C3FEA
:10A3200093B9553F6B9A0B3FE595563FAD480A3FB1
:10A330002670573F9BF5083F5348583F36A1073FCB
:10A340006A1E593F824B063F6AF2593F84F4043F2C
:10A3500050C45A3F3D9C033F1A945B3FB142023FB9
:10A36000C7615C3FE4E7003F532D5D3FB217FF3EFE
:10A37000BEF65D3F275DFC3E05BE5E3F2DA0F93E6B
:10A3800027835F3FCBE0F63E2146603F071FF43E48
:10A39000F206613FEA5AF13E98C5613F7994EE3E7C
:10A3A0001082623FBBCBEB3E5A3C633FB700E93EB5
:10A3B00073F4633F7533E63E59AA643FFA63E33EA4
:10A3C0000B5E653F4F92E03E880F663F79BEDD3EF3
:10A3D000CCBE663F80E8DA3ED86B673F6B10D83E54
:10A3E000A816683F4136D53E3CBF683F095AD23E69
:10A3F0009165693FCA7BCF3EA7096A3F8B9BCC3EE4
:10A400007BAB6A3F53B9C93E0C4B6B3F29D5C63E67
:10A4100058E86B3F15EFC33E5E836C3F1E07C13E9D
:10A420001D1C6D3F4A1DBE3E93B26D3FA031BB3E29
:10A43000BE466E3F2A44B83E9ED86E3FEC54B53EB1
:10A4400030686F3FEF63B23E73F56F3F3A71AF3ED6
:10A450006680703FD47CAC3E0809713FC486A93E3B
:10A46000578F713F128FA63E5213723FC595A33E80
:10A47000F894723FE59AA03E4714733F789E9D3E44
:10A480003F91733F86A09A3EDD0B743F17A1973E24
:10A490002284743F31A0943E0BFA743FDD9D913EBF
:10A4A000976D753F229A8E3EC6DE753F07958B3EAF
:10A4B000974D763F938E883E07BA763FCE86853E8F
:10A4C0001724773FC07D823EC58B773FE1E67E3E15
:10A4D00010F1773FCCCF783EF853783F51B6723EBB
:10A4E0007BB4783F7F9A6C3E9812793F667C663EDB
:10A4F0004E6E793F135C603E9DC7793F97395A3E57
:10A50000841E7A3F0115543E02737A3F60EE4D3E41
:10A5100016C57A3FC2C5473EBE147B3F379B413EBE
:10A52000FC617B3FCF6E3B3ECDAC7B3F9840353EE0
:10A5300031F57B3FA2102F3E283B7C3FFCDE283EBE
:10A54000B07E7C3FB6AB223EC9BF7C3FDE761C3E70
:10A5500073FE7C3F8340163EAC3A7D3FB708103E09
:10A5600074747D3F86CF093ECCAB7D3F0295033EA0
:10A57000B1E07D3F73B2FA3D24137E3F7638EE3D65
:10A5800023437E3F2EBCE13DB0707E3FB93DD53DBB
:10A59000C99B7E3F36BDC83D6DC47E3FC33ABC3DBE
:10A5A0009DEA7E3F80B6AF3D580E7F3F8C30A33D85
:10A5B0009D2F7F3F05A9963D6D4E7F3F0A208A3D26
:10A5C000C76A7F3F742B7B3DAB847F3F6814623D3D
:10A5D000189C7F3F2FFB483D0FB17F3F07E02F3D89
:10A5E0008FC37F3F2CC3163D98D37F3FB949FB3CB7
:10A5F00029E17F3FB00AC93C43EC7F3FB6C9963C96
:10A60000E6F47F3F900E493C11FB7F3F890FC93B29
:10A61000C4FE7F3F000000000000803F890FC9BBDF
:10A62000C4FE7F3F900E49BC11FB7F3FB6C996BC6C
:10A63000E6F47F3FB00AC9BC43EC7F3FB949FBBC9D
:10A6400029E17F3F2CC316BD98D37F3F07E02FBD84
:10A650008FC37F3F2FFB48BD0FB17F3F681462BDA2
:10A66000189C7F3F742B7BBDAB847F3F0A208ABD43
:10A67000C76A7F3F05A996BD6D4E7F3F8C30A3BD55
:10A680009D2F7F3F80B6AFBD580E7F3FC33ABCBD04
:10A690009DEA7E3F36BDC8BD6DC47E3FB93DD5BD88
:10A6A000C99B7E3F2EBCE1BDB0707E3F7638EEBDCB
:10A6B00023437E3F73B2FABD24137E3F029503BE4F
:10A6C000B1E07D3F86CF09BECCAB7D3FB70810BE61
:10A6D00074747D3F834016BEAC3A7D3FDE761CBE6F
:10A6E00073FE7C3FB6AB22BEC9BF7C3FFCDE28BEFA
:10A6F000B07E7C3FA2102FBE283B7C3F984035BEE9
:10A7000031F57B3FCF6E3BBECDAC7B3F379B41BE2F
:10A71000FC617B3FC2C547BEBE147B3F60EE4DBEB1
:10A7200016C57A3F011554BE02737A3F97395ABE57
:10A73000841E7A3F135C60BE9DC7793F667C66BE0F
:10A740004E6E793F7F9A6CBE9812793F51B672BEB9
:10A750007BB4783FCCCF78BEF853783FE1E67EBE3D
:10A7600010F1773FC07D82BEC58B773FCE8685BE18
:10A770001724773F938E88BE07BA763F07958BBE26
:10A78000974D763F229A8EBEC6DE753FDD9D91BE07
:10A79000976D753F31A094BE0BFA743F17A197BE19
:10A7A0002284743F86A09ABEDD0B743F789E9DBEC6
:10A7B0003F91733FE59AA0BE4714733FC595A3BE72
:10A7C000F894723F128FA6BE5213723FC486A9BE80
:10A7D000578F713FD47CACBE0809713F3A71AFBE50
:10A7E0006680703FEF63B2BE73F56F3FEC54B5BE49
:10A7F00030686F3F2A44B8BE9ED86E3FA031BBBEC2
:10A80000BE466E3F4A1DBEBE93B26D3F1E07C1BE1F
:10A810001D1C6D3F15EFC3BE5E836C3F29D5C6BEC0
:10A8200058E86B3F53B9C9BE0C4B6B3F8B9BCCBEFA
:10A830007BAB6A3FCA7BCFBEA7096A3F095AD2BE2B
:10A840009165693F4136D5BE3CBF683F6B10D8BEAD
:10A85000A816683F80E8DABED86B673F79BEDDBED8
:10A86000CCBE663F4F92E0BE880F663FFA63E3BE00
:10A870000B5E653F7533E6BE59AA643FB700E9BE7B
:10A8800073F4633FBBCBEBBE5A3C633F7994EEBE9F
:10A890001082623FEA5AF1BE98C5613F071FF4BEBD
:10A8A000F206613FCBE0F6BE2146603F2DA0F9BE27
:10A8B00027835F3F275DFCBE05BE5E3FB217FFBE2C
:10A8C000BEF65D3FE4E700BF532D5D3FB14202BFDE
:10A8D000C7615C3F3D9C03BF1A945B3F84F404BF97
:10A8E00050C45A3F824B06BF6AF2593F36A107BF98
:10A8F0006A1E593F9BF508BF5348583FAD480ABFF1
:10A900002670573F6B9A0BBFE595563FD0EA0CBFB8
:10A9100093B9553FDA390EBF31DB543F84870FBFFF
:10A92000C3FA533FCDD310BF4918533FB01E12BFD7
:10A93000C633523F2A6813BF3D4D513F39B014BF53
:10A94000AF64503FD9F615BF1F7A4F3F073C17BF82
:10A95000908D4E3FC07F18BF029F4D3F00C219BF70
:10A9600079AE4C3FC6021BBFF8BB4B3F0C421CBF2D
:10A970007FC74A3FD17F1DBF12D1493F12BC1EBFC6
:10A98000B3D8483FCBF61FBF65DE473FF92F21BF45
:10A990002AE2463F996722BF03E4453FA99D23BFB2
:10A9A000F5E3443F25D224BF00E2433F0A0526BF1A
:10A9B00029DE423F563627BF70D8413F056628BF83
:10A9C000DAD0403F159429BF67C73F3F82C02ABFF6
:10A9D0001BBC3E3F4AEB2BBFF9AE3D3F69142DBF78
:10A9E00003A03C3FDE3B2EBF3B8F3B3FA5612FBF0B
:10A9F000A47C3A3FBB8530BF4268393F1DA831BFB8
:10AA00001652383FC9C832BF233A373FBCE733BF7D
:10AA10006C20363FF30435BFF304353F6C2036BF5E
:10AA2000BCE7333F233A37BFC9C8323F165238BF5D
:10AA30001DA8313F426839BFBB85303FA47C3ABF77
:10AA4000A5612F3F3B8F3BBFDE3B2E3F03A03CBFAA
:10AA500069142D3FF9AE3DBF4AEB2B3F1BBC3EBFF7
:10AA600082C02A3F67C73FBF1594293FDAD040BF55
:10AA70000566283F70D841BF5636273F29DE42BFC2
:10AA80000A05263F00E243BF25D2243FF5E344BF39
:10AA9000A99D233F03E445BF9967223F2AE246BFB1
:10AAA000F92F213F65DE47BFCBF61F3FB3D848BF24
:10AAB00012BC1E3F12D149BFD17F1D3F7FC74ABF85
:10AAC0000C421C3FF8BB4BBFC6021B3F79AE4CBFCC
:10AAD00000C2193F029F4DBFC07F183F908D4EBFEF
:10AAE000073C173F1F7A4FBFD9F6153FAF6450BFE1
:10AAF00039B0143F3D4D51BF2A68133FC63352BF92
:10AB0000B01E123F491853BFCDD3103FC3FA53BFF5
:10AB100084870F3F31DB54BFDA390E3F93B955BFFD
:10AB2000D0EA0C3FE59556BF6B9A0B3F267057BF96
:10AB3000AD480A3F534858BF9BF5083F6A1E59BFAE
:10AB400036A1073F6AF259BF824B063F50C45ABF35
:10AB500084F4043F1A945BBF3D9C033FC7615CBF14
:10AB6000B142023F532D5DBFE4E7003FBEF65DBF3B
:10AB7000B217FF3E05BE5EBF275DFC3E27835FBF69
:10AB80002DA0F93E214660BFCBE0F63EF20661BF44
:10AB9000071FF43E98C561BFEA5AF13E108262BFBA
:10ABA0007994EE3E5A3C63BFBBCBEB3E73F463BF7C
:10ABB000B700E93E59AA64BF7533E63E0B5E65BF38
:10ABC000FA63E33E880F66BF4F92E03ECCBE66BF9D
:10ABD00079BEDD3ED86B67BF80E8DA3EA81668BF55
:10ABE0006B10D83E3CBF68BF4136D53E916569BF0A
:10ABF000095AD23EA7096ABFCA7BCF3E7BAB6ABF68
:10AC00008B9BCC3E0C4B6BBF53B9C93E58E86BBF16
:10AC100029D5C63E5E836CBF15EFC33E1D1C6DBFBC
:10AC20001E07C13E93B26DBF4A1DBE3EBE466EBFFB
:10AC3000A031BB3E9ED86EBF2A44B83E30686FBF7D
:10AC4000EC54B53E73F56FBFEF63B23E668070BFE4
:10AC50003A71AF3E080971BFD47CAC3E578F71BFCB
:10AC6000C486A93E521372BF128FA63EF89472BFDB
:10AC7000C595A33E471473BFE59AA03E3F9173BFAD
:10AC8000789E9D3EDD0B74BF86A09A3E228474BFE1
:10AC900017A1973E0BFA74BF31A0943E976D75BF14
:10ACA000DD9D913EC6DE75BF229A8E3E974D76BFE2
:10ACB00007958B3E07BA76BF938E883E172477BFE1
:10ACC000CE86853EC58B77BFC07D823E10F177BFB3
:10ACD000E1E67E3EF85378BFCCCF783E7BB478BFB8
:10ACE00051B6723E981279BF7F9A6C3E4E6E79BF14
:10ACF000667C663E9DC779BF135C603E841E7ABF4A
:10AD000097395A3E02737ABF0115543E16C57ABF71
:10AD100060EE4D3EBE147BBFC2C5473EFC617BBFAB
:10AD2000379B413ECDAC7BBFCF6E3B3E31F57BBF09
:10AD30009840353E283B7CBFA2102F3EB07E7CBFA2
:10AD4000FCDE283EC9BF7CBFB6AB223E73FE7CBF93
:10AD5000DE761C3EAC3A7DBF8340163E74747DBFE8
:10AD6000B708103ECCAB7DBF86CF093EB1E07DBFBA
:10AD70000295033E24137EBF73B2FA3D23437EBF88
:10AD80007638EE3DB0707EBF2EBCE13DC99B7EBFE4
:10AD9000B93DD53D6DC47EBF36BDC83D9DEA7EBF81
:10ADA000C33ABC3D580E7FBF80B6AF3D9D2F7FBFDD
:10ADB0008C30A33D6D4E7FBF05A9963DC76A7FBF0E
:10ADC0000A208A3DAB847FBF742B7B3D189C7FBFDC
:10ADD0006814623D0FB17FBF2FFB483D8FC37FBF1B
:10ADE00007E02F3D98D37FBF2CC3163D29E17FBFDD
:10ADF000B949FB3C43EC7FBFB00AC93CE6F47FBFD6
:10AE0000B6C9963C11FB7FBF900E493CC4FE7FBF84
:10AE1000890FC93B000080BF00000000C4FE7FBF57
:10AE2000890FC9BB11FB7FBF900E49BCE6F47FBF01
:10AE3000B6C996BC43EC7FBFB00AC9BC29E17FBF4D
:10AE4000B949FBBC98D37FBF2CC316BD8FC37FBF4E
:10AE500007E02FBD0FB17FBF2FFB48BD189C7FBF00
:10AE6000681462BDAB847FBF742B7BBDC76A7FBF94
:10AE70000A208ABD6D4E7FBF05A996BD9D2F7FBF5D
:10AE80008C30A3BD580E7FBF80B6AFBD9DEA7EBF9C
:10AE9000C33ABCBD6DC47EBF36BDC8BDC99B7EBFB5
:10AEA000B93DD5BDB0707EBF2EBCE1BD23437EBF92
:10AEB0007638EEBD24137EBF73B2FABDB1E07DBF1C
:10AEC000029503BECCAB7DBF86CF09BE74747DBF37
:10AED000B70810BEAC3A7DBF834016BE73FE7CBF80
:10AEE000DE761CBEC9BF7CBFB6AB22BEB07E7CBFC7
:10AEF000FCDE28BE283B7CBFA2102FBE31F57BBFF5
:10AF0000984035BECDAC7BBFCF6E3BBEFC617BBFF6
:10AF1000379B41BEBE147BBFC2C547BE16C57ABFB4
:10AF200060EE4DBE02737ABF011554BE841E7ABF17
:10AF300097395ABE9DC779BF135C60BE4E6E79BF0C
:10AF4000667C66BE981279BF7F9A6CBE7BB478BF70
:10AF500051B672BEF85378BFCCCF78BE10F177BF30
:10AF6000E1E67EBEC58B77BFC07D82BE172477BF6A
:10AF7000CE8685BE07BA76BF938E88BE974D76BFC4
:10AF800007958BBEC6DE75BF229A8EBE976D75BFC4
:10AF9000DD9D91BE0BFA74BF31A094BE228474BFB4
:10AFA00017A197BEDD0B74BF86A09ABE3F9173BFF9
:10AFB000789E9DBE471473BFE59AA0BEF89472BFF9
:10AFC000C595A3BE521372BF128FA6BE578F71BF15
:10AFD000C486A9BE080971BFD47CACBE668070BFB0
:10AFE0003A71AFBE73F56FBFEF63B2BE30686FBF2B
:10AFF000EC54B5BE9ED86EBF2A44B8BEBE466EBFE6
:10B00000A031BBBE93B26DBF4A1DBEBE1D1C6DBF3D
:10B010001E07C1BE5E836CBF15EFC3BE58E86BBF91
:10B0200029D5C6BE0C4B6BBF53B9C9BE7BAB6ABF3B
:10B030008B9BCCBEA7096ABFCA7BCFBE916569BF97
:10B04000095AD2BE3CBF68BF4136D5BEA81668BFFC
:10B050006B10D8BED86B67BF80E8DABECCBE66BFC7
:10B0600079BEDDBE880F66BF4F92E0BE0B5E65BF46
:10B07000FA63E3BE59AA64BF7533E6BE73F463BFD7
:10B08000B700E9BE5A3C63BFBBCBEBBE108262BFC8
:10B090007994EEBE98C561BFEA5AF1BEF20661BF6F
:10B0A000071FF4BE214660BFCBE0F6BE27835FBF1B
:10B0B0002DA0F9BE05BE5EBF275DFCBEBEF65DBF1E
:10B0C000B217FFBE532D5DBFE4E700BFC7615CBF91
:10B0D000B14202BF1A945BBF3D9C03BF50C45ABF2C
:10B0E00084F404BF6AF259BF824B06BF6A1E59BF7F
:10B0F00036A107BF534858BF9BF508BF267057BFFE
:10B10000AD480ABFE59556BF6B9A0BBF93B955BFC3
:10B11000D0EA0CBF31DB54BFDA390EBFC3FA53BFDC
:10B1200084870FBF491853BFCDD310BFC63352BF5A
:10B13000B01E12BF3D4D51BF2A6813BFAF6450BF50
:10B1400039B014BF1F7A4FBFD9F615BF908D4EBFCF
:10B15000073C17BF029F4DBFC07F18BF79AE4CBFE1
:10B1600000C219BFF8BB4BBFC6021BBF7FC74ABF97
:10B170000C421CBF12D149BFD17F1DBFB3D848BFFD
:10B1800012BC1EBF65DE47BFCBF61FBF2AE246BF1B
:10B19000F92F21BF03E445BF996722BFF5E344BF00
:10B1A000A99D23BF00E243BF25D224BF29DE42BFB1
:10B1B0000A0526BF70D841BF563627BFDAD040BF38
:10B1C000056628BF67C73FBF159429BF1BBC3EBF9C
:10B1D00082C02ABFF9AE3DBF4AEB2BBF03A03CBFE4
:10B1E00069142DBF3B8F3BBFDE3B2EBFA47C3ABF13
:10B1F000A5612FBF426839BFBB8530BF165238BF2B
:10B200001DA831BF233A37BFC9C832BF6C2036BF33
:10B21000BCE733BFF30435BFF30435BFBCE733BF2E
:10B220006C2036BFC9C832BF233A37BF1DA831BF13
:10B23000165238BFBB8530BF426839BFA5612FBFEA
:10B24000A47C3ABFDE3B2EBF3B8F3BBF69142DBFB2
:10B2500003A03CBF4AEB2BBFF9AE3DBF82C02ABF63
:10B260001BBC3EBF159429BF67C73FBF056628BFFB
:10B27000DAD040BF563627BF70D841BF0A0526BF77
:10B2800029DE42BF25D224BF00E243BFA99D23BFD0
:10B29000F5E344BF996722BF03E445BFF92F21BFFF
:10B2A0002AE246BFCBF61FBF65DE47BF12BC1EBFFA
:10B2B000B3D848BFD17F1DBF12D149BF0C421CBFBC
:10B2C0007FC74ABFC6021BBFF8BB4BBF00C219BF36
:10B2D00079AE4CBFC07F18BF029F4DBF073C17BF60
:10B2E000908D4EBFD9F615BF1F7A4FBF39B014BF2E
:10B2F000AF6450BF2A6813BF3D4D51BFB01E12BF8F
:10B30000C63352BFCDD310BF491853BF84870FBF78
:10B31000C3FA53BFDA390EBF31DB54BFD0EA0CBFDA
:10B3200093B955BF6B9A0BBFE59556BFAD480ABFA1
:10B33000267057BF9BF508BF534858BF36A107BFBB
:10B340006A1E59BF824B06BF6AF259BF84F404BF1C
:10B3500050C45ABF3D9C03BF1A945BBFB14202BFA9
:10B36000C7615CBFE4E700BF532D5DBFB217FFBEEE
:10B37000BEF65DBF275DFCBE05BE5EBF2DA0F9BE5B
:10B3800027835FBFCBE0F6BE214660BF071FF4BE38
:10B39000F20661BFEA5AF1BE98C561BF7994EEBE6C
:10B3A000108262BFBBCBEBBE5A3C63BFB700E9BEA5
:10B3B00073F463BF7533E6BE59AA64BFFA63E3BE94
:10B3C0000B5E65BF4F92E0BE880F66BF79BEDDBEE3
:10B3D000CCBE66BF80E8DABED86B67BF6B10D8BE44
:10B3E000A81668BF4136D5BE3CBF68BF095AD2BE59
:10B3F000916569BFCA7BCFBEA7096ABF8B9BCCBED4
:10B400007BAB6ABF53B9C9BE0C4B6BBF29D5C6BE57
:10B4100058E86BBF15EFC3BE5E836CBF1E07C1BE8D
:10B420001D1C6DBF4A1DBEBE93B26DBFA031BBBE19
:10B43000BE466EBF2A44B8BE9ED86EBFEC54B5BEA1
:10B4400030686FBFEF63B2BE73F56FBF3A71AFBEC6
:10B45000668070BFD47CACBE080971BFC486A9BE2B
:10B46000578F71BF128FA6BE521372BFC595A3BE70
:10B47000F89472BFE59AA0BE471473BF789E9DBE34
:10B480003F9173BF86A09ABEDD0B74BF17A197BE14
:10B49000228474BF31A094BE0BFA74BFDD9D91BEAF
:10B4A000976D75BF229A8EBEC6DE75BF07958BBE9F
:10B4B000974D76BF938E88BE07BA76BFCE8685BE7F
:10B4C000172477BFC07D82BEC58B77BFE1E67EBE05
:10B4D00010F177BFCCCF78BEF85378BF51B672BEAB
:10B4E0007BB478BF7F9A6CBE981279BF667C66BECB
:10B4F0004E6E79BF135C60BE9DC779BF97395ABE47
:10B50000841E7ABF011554BE02737ABF60EE4DBE31
:10B5100016C57ABFC2C547BEBE147BBF379B41BEAE
:10B52000FC617BBFCF6E3BBECDAC7BBF984035BED0
:10B5300031F57BBFA2102FBE283B7CBFFCDE28BEAE
:10B54000B07E7CBFB6AB22BEC9BF7CBFDE761CBE60
:10B5500073FE7CBF834016BEAC3A7DBFB70810BEF9
:10B5600074747DBF86CF09BECCAB7DBF029503BE90
:10B57000B1E07DBF73B2FABD24137EBF7638EEBD55
:10B5800023437EBF2EBCE1BDB0707EBFB93DD5BDAB
:10B59000C99B7EBF36BDC8BD6DC47EBFC33ABCBDAE
:10B5A0009DEA7EBF80B6AFBD580E7FBF8C30A3BD75
:10B5B0009D2F7FBF05A996BD6D4E7FBF0A208ABD16
:10B5C000C76A7FBF742B7BBDAB847FBF681462BD2D
:10B5D000189C7FBF2FFB48BD0FB17FBF07E02FBD79
:10B5E0008FC37FBF2CC316BD98D37FBFB949FBBCA7
:10B5F00029E17FBFB00AC9BC43EC7FBFB6C996BC86
:10B60000E6F47FBF900E49BC11FB7FBF890FC9BB19
:10B61000C4FE7FBF00000080000080BF890FC93BCF
:10B62000C4FE7FBF900E493C11FB7FBFB6C9963C5C
:10B63000E6F47FBFB00AC93C43EC7FBFB949FB3C8D
:10B6400029E17FBF2CC3163D98D37FBF07E02F3D74
:10B650008FC37FBF2FFB483D0FB17FBF6814623D92
:10B66000189C7FBF742B7B3DAB847FBF0A208A3D33
:10B67000C76A7FBF05A9963D6D4E7FBF8C30A33D45
:10B680009D2F7FBF80B6AF3D580E7FBFC33ABC3DF4
:10B690009DEA7EBF36BDC83D6DC47EBFB93DD53D78
:10B6A000C99B7EBF2EBCE13DB0707EBF7638EE3DBB
:10B6B00023437EBF73B2FA3D24137EBF0295033E3F
:10B6C000B1E07DBF86CF093ECCAB7DBFB708103E51
:10B6D00074747DBF8340163EAC3A7DBFDE761C3E5F
:10B6E00073FE7CBFB6AB223EC9BF7CBFFCDE283EEA
:10B6F000B07E7CBFA2102F3E283B7CBF9840353ED9
:10B7000031F57BBFCF6E3B3ECDAC7BBF379B413E1F
:10B71000FC617BBFC2C5473EBE147BBF60EE4D3EA1
:10B7200016C57ABF0115543E02737ABF97395A3E47
:10B73000841E7ABF135C603E9DC779BF667C663EFF
:10B740004E6E79BF7F9A6C3E981279BF51B6723EA9
:10B750007BB478BFCCCF783EF85378BFE1E67E3E2D
:10B7600010F177BFC07D823EC58B77BFCE86853E08
:10B77000172477BF938E883E07BA76BF07958B3E16
:10B78000974D76BF229A8E3EC6DE75BFDD9D913EF7
:10B79000976D75BF31A0943E0BFA74BF17A1973E09
:10B7A000228474BF86A09A3EDD0B74BF789E9D3EB6
:10B7B0003F9173BFE59AA03E471473BFC595A33E62
:10B7C000F89472BF128FA63E521372BFC486A93E70
:10B7D000578F71BFD47CAC3E080971BF3A71AF3E40
:10B7E000668070BFEF63B23E73F56FBFEC54B53E39
:10B7F00030686FBF2A44B83E9ED86EBFA031BB3EB2
:10B80000BE466EBF4A1DBE3E93B26DBF1E07C13E0F
:10B810001D1C6DBF15EFC33E5E836CBF29D5C63EB0
:10B8200058E86BBF53B9C93E0C4B6BBF8B9BCC3EEA
:10B830007BAB6ABFCA7BCF3EA7096ABF095AD23E1B
:10B84000916569BF4136D53E3CBF68BF6B10D83E9D
:10B85000A81668BF80E8DA3ED86B67BF79BEDD3EC8
:10B86000CCBE66BF4F92E03E880F66BFFA63E33EF0
:10B870000B5E65BF7533E63E59AA64BFB700E93E6B
:10B8800073F463BFBBCBEB3E5A3C63BF7994EE3E8F
:10B89000108262BFEA5AF13E98C561BF071FF43EAD
:10B8A000F20661BFCBE0F63E214660BF2DA0F93E17
:10B8B00027835FBF275DFC3E05BE5EBFB217FF3E1C
:10B8C000BEF65DBFE4E7003F532D5DBFB142023FCE
:10B8D000C7615CBF3D9C033F1A945BBF84F4043F87
:10B8E00050C45ABF824B063F6AF259BF36A1073F88
:10B8F0006A1E59BF9BF5083F534858BFAD480A3FE1
:10B90000267057BF6B9A0B3FE59556BFD0EA0C3FA8
:10B9100093B955BFDA390E3F31DB54BF84870F3FEF
:10B92000C3FA53BFCDD3103F491853BFB01E123FC7
:10B93000C63352BF2A68133F3D4D51BF39B0143F43
:10B94000AF6450BFD9F6153F1F7A4FBF073C173F72
:10B95000908D4EBFC07F183F029F4DBF00C2193F60
:10B9600079AE4CBFC6021B3FF8BB4BBF0C421C3F1D
:10B970007FC74ABFD17F1D3F12D149BF12BC1E3FB6
:10B98000B3D848BFCBF61F3F65DE47BFF92F213F35
:10B990002AE246BF9967223F03E445BFA99D233FA2
:10B9A000F5E344BF25D2243F00E243BF0A05263F0A
:10B9B00029DE42BF5636273F70D841BF0566283F73
:10B9C000DAD040BF1594293F67C73FBF82C02A3FE6
:10B9D0001BBC3EBF4AEB2B3FF9AE3DBF69142D3F68
:10B9E00003A03CBFDE3B2E3F3B8F3BBFA5612F3FFB
:10B9F000A47C3ABFBB85303F426839BF1DA8313FA8
:10BA0000165238BFC9C8323F233A37BFBCE7333F6D
:10BA10006C2036BFF304353FF30435BF6C20363F4E
:10BA2000BCE733BF233A373FC9C832BF1652383F4D
:10BA30001DA831BF4268393FBB8530BFA47C3A3F67
:10BA4000A5612FBF3B8F3B3FDE3B2EBF03A03C3F9A
:10BA500069142DBFF9AE3D3F4AEB2BBF1BBC3E3FE7
:10BA600082C02ABF67C73F3F159429BFDAD0403F45
:10BA7000056628BF70D8413F563627BF29DE423FB2
:10BA80000A0526BF00E2433F25D224BFF5E3443F29
:10BA9000A99D23BF03E4453F996722BF2AE2463FA1
:10BAA000F92F21BF65DE473FCBF61FBFB3D8483F14
:10BAB00012BC1EBF12D1493FD17F1DBF7FC74A3F75
:10BAC0000C421CBFF8BB4B3FC6021BBF79AE4C3FBC
:10BAD00000C219BF029F4D3FC07F18BF908D4E3FDF
:10BAE000073C17BF1F7A4F3FD9F615BFAF64503FD1
:10BAF00039B014BF3D4D513F2A6813BFC633523F82
:10BB0000B01E12BF4918533FCDD310BFC3FA533FE5
:10BB100084870FBF31DB543FDA390EBF93B9553FED
:10BB2000D0EA0CBFE595563F6B9A0BBF2670573F86
:10BB3000AD480ABF5348583F9BF508BF6A1E593F9E
:10BB400036A107BF6AF2593F824B06BF50C45A3F25
:10BB500084F404BF1A945B3F3D9C03BFC7615C3F04
:10BB6000B14202BF532D5D3FE4E700BFBEF65D3F2B
:10BB7000B217FFBE05BE5E3F275DFCBE27835F3F59
:10BB80002DA0F9BE2146603FCBE0F6BEF206613F34
:10BB9000071FF4BE98C5613FEA5AF1BE1082623FAA
:10BBA0007994EEBE5A3C633FBBCBEBBE73F4633F6C
:10BBB000B700E9BE59AA643F7533E6BE0B5E653F28
:10BBC000FA63E3BE880F663F4F92E0BECCBE663F8D
:10BBD00079BEDDBED86B673F80E8DABEA816683F45
:10BBE0006B10D8BE3CBF683F4136D5BE9165693FFA
:10BBF000095AD2BEA7096A3FCA7BCFBE7BAB6A3F58
:10BC00008B9BCCBE0C4B6B3F53B9C9BE58E86B3F06
:10BC100029D5C6BE5E836C3F15EFC3BE1D1C6D3FAC
:10BC20001E07C1BE93B26D3F4A1DBEBEBE466E3FEB
:10BC3000A031BBBE9ED86E3F2A44B8BE30686F3F6D
:10BC4000EC54B5BE73F56F3FEF63B2BE6680703FD4
:10BC50003A71AFBE0809713FD47CACBE578F713FBB
:10BC6000C486A9BE5213723F128FA6BEF894723FCB
:10BC7000C595A3BE4714733FE59AA0BE3F91733F9D
:10BC8000789E9DBEDD0B743F86A09ABE2284743FD1
:10BC900017A197BE0BFA743F31A094BE976D753F04
:10BCA000DD9D91BEC6DE753F229A8EBE974D763FD2
:10BCB00007958BBE07BA763F938E88BE1724773FD1
:10BCC000CE8685BEC58B773FC07D82BE10F1773FA3
:10BCD000E1E67EBEF853783FCCCF78BE7BB4783FA8
:10BCE00051B672BE9812793F7F9A6CBE4E6E793F04
:10BCF000667C66BE9DC7793F135C60BE841E7A3F3A
:10BD000097395ABE02737A3F011554BE16C57A3F61
:10BD100060EE4DBEBE147B3FC2C547BEFC617B3F9B
:10BD2000379B41BECDAC7B3FCF6E3BBE31F57B3FF9
:10BD3000984035BE283B7C3FA2102FBEB07E7C3F92
:10BD4000FCDE28BEC9BF7C3FB6AB22BE73FE7C3F83
:10BD5000DE761CBEAC3A7D3F834016BE74747D3FD8
:10BD6000B70810BECCAB7D3F86CF09BEB1E07D3FAA
:10BD7000029503BE24137E3F73B2FABD23437E3F78
:10BD80007638EEBDB0707E3F2EBCE1BDC99B7E3FD4
:10BD9000B93DD5BD6DC47E3F36BDC8BD9DEA7E3F71
:10BDA000C33ABCBD580E7F3F80B6AFBD9D2F7F3FCD
:10BDB0008C30A3BD6D4E7F3F05A996BDC76A7F3FFE
:10BDC0000A208ABDAB847F3F742B7BBD189C7F3FCC
:10BDD000681462BD0FB17F3F2FFB48BD8FC37F3F0B
:10BDE00007E02FBD98D37F3F2CC316BD29E17F3FCD
:10BDF000B949FBBC43EC7F3FB00AC9BCE6F47F3FC6
:10BE0000B6C996BC11FB7F3F900E49BCC4FE7F3F74
:10BE1000890FC9BB000000000000004B000000CBF0
:10BE2000D1F71737D1F717B78071313F807131BF24
:10BE30000000003F000000BFB0AB02200000000087
:08BE4000B843FD7F0100000082
:08BE4800E10C000800000000FD
:08BE5000BD0C00080000000019
:10BE580000000000FF00000000093D000100000094
:10BE6800080000000000000003000000D4A9022020
:10BE78002400002000000000D4A902203CAA0220CF
:10BE8800A4AA02200000000000000000000000003A
:10BE9800000000000000000000000000000000009A
:10BEA800000000000000000000000000000000008A
:10BEB800000000000000000000000000000000007A
:08BEC80015AB02200000000090
:0400000508000F3DA3
:00000001FF
