:020000040800F2
:1000000000000320690F0008650E0008670E000855
:10001000690E00086B0E00086D0E0008B90F00088D
:100020000000000000000000000000006F0E00084B
:10003000710E000800000000730E0008750E000825
:10004000B90F0008B90F0008B90F0008B90F000870
:10005000B90F0008B90F0008B90F0008B90F000860
:10006000B90F0008B90F0008B90F0008B90F000850
:10007000B90F0008B90F0008B90F0008B90F000840
:10008000B90F0008B90F0008B90F0008B90F000830
:10009000B90F0008B90F0008B90F0008B90F000820
:1000A000790E0008B90F0008B90F00087F0E00088C
:1000B000B90F0008B90F0008810E0008B90F000839
:1000C000B90F0008B90F0008B90F0008B90F0008F0
:1000D000B90F0008B90F0008B90F0008B90F0008E0
:1000E000B90F0008B90F0008B90F0008B90F0008D0
:1000F000B90F0008B90F0008B90F0008B90F0008C0
:10010000B90F0008B90F0008B90F0008B90F0008AF
:10011000B90F0008B90F0008B90F0008B90F00089F
:10012000B90F0008B90F0008B90F0008B90F00088F
:10013000B90F0008B90F0008B90F0008B90F00087F
:10014000B90F0008B90F0008B90F0008B90F00086F
:10015000B90F0008B90F0008B90F0008B90F00085F
:10016000B90F0008B90F0008B90F0008B90F00084F
:10017000B90F000800000000B90F000800000000DF
:10018000830E0008B90F0008B90F0008B90F000866
:10019000B90F0008B90F0008B90F0008B90F00081F
:1001A000B90F0008B90F0008850E0008B90F000844
:1001B000B90F000800000000B90F0008B90F0008CF
:1001C000B90F000800000000B90F0008B90F0008BF
:1001D000B90F0008B90F0008B90F0008B90F0008DF
:1001E000B90F0008B90F0008B90F0008B90F0008CF
:0801F000000000000000000007
:1001F80010F8012B11F8013B012A28BF9A42F7D0C9
:10020800D01A704781F0004102E000BF83F000433C
:1002180030B54FEA41044FEA430594EA050F08BF99
:1002280090EA020F1FBF54EA000C55EA020C7FEA5D
:10023800645C7FEA655C00F0E2804FEA5454D4EBDA
:100248005555B8BF6D420CDD2C4480EA020281EAA4
:10025800030382EA000083EA010180EA020281EADC
:100268000303362D88BF30BD11F0004F4FEA01312E
:100278004FF4801C4CEA113102D0404261EB41013D
:1002880013F0004F4FEA03334CEA133302D05242C3
:1002980063EB430394EA050F00F0A780A4F101047F
:1002A800D5F1200E0DDB02FA0EFC22FA05F28018B9
:1002B80041F1000103FA0EF2801843FA05F359419F
:1002C8000EE0A5F120050EF1200E012A03FA0EFC1E
:1002D80028BF4CF0020C43FA05F3C01851EBE37148
:1002E80001F0004507D54FF0000EDCF1000C7EEB65
:1002F80000006EEB0101B1F5801F1BD3B1F5001FA3
:100308000CD349085FEA30004FEA3C0C04F10104C1
:100318004FEA445212F5800F80F09A80BCF1004FEA
:1003280008BF5FEA500C50F1000041EB045141EA6C
:10033800050130BD5FEA4C0C404141EB0101013C35
:1003480028BFB1F5801FE9D291F0000F04BF014624
:100358000020B1FA81F308BF2033A3F10B03B3F1F6
:1003680020020CDA0C3208DD02F1140CC2F10C0286
:1003780001FA0CF021FA02F10CE002F11402D8BFE4
:10038800C2F1200C01FA02F120FA0CFCDCBF41EAB0
:100398000C019040E41AA2BF01EB0451294330BD7F
:1003A8006FEA04041F3C1CDA0C340EDC04F114045C
:1003B800C4F1200220FA04F001FA02F340EA030033
:1003C80021FA04F345EA030130BDC4F10C04C4F179
:1003D800200220FA02F001FA04F340EA0300294659
:1003E80030BD21FA04F0294630BD94F0000F83F4A3
:1003F800801306BF81F480110134013D4EE77FEA86
:10040800645C18BF7FEA655C29D094EA050F08BFD1
:1004180090EA020F05D054EA000C04BF19461046B2
:1004280030BD91EA030F1EBF0021002030BD5FEAF6
:10043800545C05D14000494128BF41F0004130BD1E
:1004480014F580043CBF01F5801130BD01F0004572
:1004580045F0FE4141F470014FF0000030BD7FEAE5
:10046800645C1ABF194610467FEA655C1CBF0B46E0
:10047800024650EA013406BF52EA033591EA030FF7
:1004880041F4002130BD00BF90F0000F04BF0021EF
:10049800704730B54FF4806404F132044FF0000522
:1004A8004FF0000150E700BF90F0000F04BF00219B
:1004B800704730B54FF4806404F1320410F0004501
:1004C80048BF40424FF000013EE700BF42004FEAFC
:1004D800E2014FEA31014FEA02701FBF12F07F4379
:1004E80093F07F4F81F06051704732F07F4208BF30
:1004F800704793F07F4F04BF41F40021704730B537
:100508004FF4607401F0004521F000411CE700BF82
:1005180050EA010208BF704730B54FF000050AE005
:1005280050EA010208BF704730B511F0004502D506
:10053800404261EB41014FF4806404F132045FEA08
:10054800915C3FF4D8AE4FF003025FEADC0C18BFB1
:1005580003325FEADC0C18BF033202EBDC02C2F1A3
:10056800200300FA03FC20FA02F001FA03FE40EA35
:100578000E0021FA02F11444BDE600BF70B54FF039
:10058800FF0C4CF4E06C1CEA11541DBF1CEA135517
:1005980094EA0C0F95EA0C0F00F0DEF82C4481EA7F
:1005A800030621EA4C5123EA4C5350EA013518BF9F
:1005B80052EA033541F4801143F4801338D0A0FB8C
:1005C80002CE4FF00005E1FB02E506F00042E0FB39
:1005D80003E54FF00006E1FB03569CF0000F18BF3F
:1005E8004EF0010EA4F1FF04B6F5007F64F54074E7
:1005F80004D25FEA4E0E6D4146EB060642EAC6217A
:1006080041EA55514FEAC52040EA5E504FEACE2EE6
:10061800B4F1FD0C88BFBCF5E06F1ED8BEF1004FE9
:1006280008BF5FEA500E50F1000041EB045170BD65
:1006380006F0004646EA010140EA020081EA0301A9
:10064800B4EB5C04C2BFD4EB0C0541EA045170BDA5
:1006580041F480114FF0000E013C00F3AB8014F11F
:10066800360FDEBF002001F0004170BDC4F1000468
:10067800203C35DA0C341BDC04F11404C4F12005E9
:1006880000FA05F320FA04F001FA05F240EA020044
:1006980001F0004221F0004110EBD37021FA04F67A
:1006A80042EB06015EEA430E08BF20EAD37070BD34
:1006B800C4F10C04C4F1200500FA04F320FA05F093
:1006C80001FA04F240EA020001F0004110EBD37095
:1006D80041F100015EEA430E08BF20EAD37070BD05
:1006E800C4F1200500FA05F24EEA020E20FA04F3DE
:1006F80001FA05F243EA020321FA04F001F000418D
:1007080021FA04F220EA020000EBD3705EEA430EFD
:1007180008BF20EAD37070BD94F0000F0FD101F02C
:100728000046400041EB010111F4801F08BF013C65
:10073800F7D041EA060195F0000F18BF704703F0A3
:100748000046520043EB030313F4801F08BF013D2A
:10075800F7D043EA0603704794EA0C0F0CEA1355E6
:1007680018BF95EA0C0F0CD050EA410618BF52EAA0
:100778004306D1D181EA030101F000414FF00000A6
:1007880070BD50EA410606BF1046194652EA4306B4
:1007980019D094EA0C0F02D150EA013613D195EA28
:1007A8000C0F05D152EA03361CBF104619460AD170
:1007B80081EA030101F0004141F0FE4141F470017A
:1007C8004FF0000070BD41F0FE4141F4780170BD6A
:1007D80070B54FF0FF0C4CF4E06C1CEA11541DBFCF
:1007E8001CEA135594EA0C0F95EA0C0F00F0A7F8D1
:1007F800A4EB050481EA030E52EA03354FEA0131FE
:1008080000F088804FEA03334FF0805545EA131310
:1008180043EA12634FEA022245EA111545EA1065D8
:100828004FEA00260EF000419D4208BF964244F16F
:10083800FD0404F5407402D25B084FEA3202B61A8E
:1008480065EB03055B084FEA32024FF480104FF462
:10085800002CB6EB020E75EB030E22BFB61A7546D6
:1008680040EA0C005B084FEA3202B6EB020E75EB69
:10087800030E22BFB61A754640EA5C005B084FEAD1
:100888003202B6EB020E75EB030E22BFB61A75469E
:1008980040EA9C005B084FEA3202B6EB020E75EBA9
:1008A800030E22BFB61A754640EADC0055EA060E6A
:1008B80018D04FEA051545EA16754FEA06164FEAAD
:1008C800C30343EA52734FEAC2025FEA1C1CC0D159
:1008D80011F4801F0BD141EA00014FF000004FF0E6
:1008E800004CB6E711F4801F04BF01430020B4F1A7
:1008F800FD0C88BFBCF5E06F3FF6AFAEB5EB030C5F
:1009080004BFB6EB020C5FEA500C50F1000041EB5B
:10091800045170BD0EF0004E4EEA113114EB5C0428
:10092800C2BFD4EB0C0541EA045170BD41F48011FB
:100938004FF0000E013C90E645EA060E8DE60CEA03
:10094800135594EA0C0F08BF95EA0C0F3FF43BAF20
:1009580094EA0C0F0AD150EA01347FF434AF95EAD7
:100968000C0F7FF425AF104619462CE795EA0C0FBB
:1009780006D152EA03353FF4FDAE1046194622E788
:1009880050EA410618BF52EA43067FF4C5AE50EA62
:1009980041047FF40DAF52EA43057FF4EBAE12E752
:1009A8004FF0FF3C06E000BF4FF0010C02E000BF33
:1009B8004FF0010C4DF804CD4FEA410C7FEA6C5C16
:1009C8004FEA430C18BF7FEA6C5C1BD001B050EAB9
:1009D800410C0CBF52EA430C91EA030F02BF90EAA4
:1009E800020F0020704710F1000F91EA030F58BF63
:1009F800994208BF90422CBFD8176FEAE37040F0C5
:100A0800010070474FEA410C7FEA6C5C02D150EA62
:100A1800013C07D14FEA430C7FEA6C5CD6D152EA1D
:100A2800033CD3D05DF8040B704700BF84461046E2
:100A380062468C461946634600E000BF01B5FFF7E1
:100A4800B7FF002848BF10F1000F01BD4DF808EDB1
:100A5800FFF7F4FF0CBF012000205DF808FB00BF82
:100A68004DF808EDFFF7EAFF34BF012000205DF8DC
:100A780008FB00BF4DF808EDFFF7E0FF94BF012029
:100A880000205DF808FB00BF4DF808EDFFF7CEFF2A
:100A980094BF012000205DF808FB00BF4DF808ED69
:100AA800FFF7C4FF34BF012000205DF808FB00BF3A
:100AB8004FEA410C7FEA6C5C02D150EA013C0AD152
:100AC8004FEA430C7FEA6C5C02D152EA033C02D144
:100AD8004FF0000070474FF0010070474FEA4102A5
:100AE80012F5001215D211D56FF47873B3EB625278
:100AF80012D94FEAC12343F0004343EA505311F09F
:100B0800004F23FA02F018BF404270474FF0000030
:100B1800704750EA013005D111F0004008BF6FF06E
:100B2800004070474FF00000704700BF4FEA410295
:100B3800B2F1E04324BFB3F5001CDCF1FE5C0DD933
:100B480001F0004C4FEAC0024CEA5070B2F1004F7D
:100B580040EB830008BF20F00100704711F0804F80
:100B680021D113F13872BCBF01F00040704741F445
:100B780080114FEA5252C2F11802C2F1200C10FA49
:100B88000CF320FA02F018BF40F001004FEAC1232D
:100B98004FEAD32303FA0CFC40EA0C0023FA02F3D1
:100BA8004FEA4303CCE77FEA625307D150EA0133A7
:100BB8001EBF4FF0FE4040F44000704701F0004077
:100BC80040F0FE4040F40000704700BF7BB972B9A6
:100BD8000029BEBF00204FF0004106E008BF0028F2
:100BE8001CBF6FF000414FF0FF3000F057B8ADF177
:100BF800080C6DE904CE002909DB002B1ADB11F083
:100C080019FADDF804E0DDE9022304B07047404238
:100C180061EB4101002B1BDB11F00CFADDF804E05D
:100C2800DDE9022304B0404261EB4101524263EB2B
:100C380043037047524263EB430311F0FBF9DDF8BD
:100C480004E0DDE9022304B0404261EB4101704752
:100C5800524263EB430311F0EDF9DDF804E0DDE9FE
:100C6800022304B0524263EB4303704753B94AB9B5
:100C7800002908BF00281CBF4FF0FF314FF0FF309C
:100C880000F00CB8ADF1080C6DE904CE11F0D2F902
:100C9800DDF804E0DDE9022304B07047704700BFC7
:100CA8004A0011D212F5001211D20DD56FF47873E3
:100CB800B3EB62520ED44FEAC12343F0004343EA38
:100CC800505323FA02F070474FF00000704750EA83
:100CD800013002D14FF0FF3070474FF000007047ED
:100CE80010B5054C237833B9044B13B10448AFF35E
:100CF80000800123237010BD800000200000000048
:100D08008823010808B5034B1BB103490348AFF317
:100D1800008008BD0000000084000020882301082E
:100D280000B599B04822002106A810F05BFA1422F9
:100D3800002101A810F056FA002002F095F908B138
:100D480072B6FEE710230693602301220F93022355
:100D5800CDE90D20CDE91132372013920722CDE9D4
:100D6800140206A8CDE9163301F020FC08B172B6CA
:100D7800FEE70F220323CDE903000590052101A812
:100D8800CDE9012301F02EFF08B172B6FEE719B0D4
:100D98005DF804FB7FB501F041FBFFF7C1FF2C4B69
:100DA8000020DA6C42F00402DA64DA6C02F0040221
:100DB8000192019ADA6C42F02002DA64DA6C02F0ED
:100DC80020020292029ADA6C42F08002DA64DA6C4B
:100DD80002F080020392039ADA6C42F00202DA64AB
:100DE800DA6C02F002020492049ADA6C42F0010210
:100DF800DA64DB6C03F001030593059B02F0CAF982
:100E080008B172B6FEE702F0D5F9044608B172B629
:100E1800FEE702F023FD012002F020FD022002F08F
:100E28001DFD0121204602F079FD4FF4E133094907
:100E38002046C1E900348C608C8102F0F7FD08B1CE
:100E480072B6FEE7044800F09DFF30BFFDE700BF23
:100E5800001002409C000020A4A80220FEE7FEE744
:100E6800FEE7FEE7FEE770477047704701F0E8BA13
:100E7800002002F0A7BD7047704770477047000018
:100E88000B4B82B01A6E42F001021A661A6E02F01B
:100E980001020092009A9A6D42F080529A659B6D09
:100EA80003F080530193019B02B002F0C9B800BF60
:100EB800001002400A4A0346106810B508B90948EC
:100EC80010600949094C0344091B8B4206D910F0EC
:100ED80041FA0C2303604FF0FF3010BD1360FCE7AC
:100EE800AC000020B8AC0220000003200004000081
:100EF8000120704708B510F02DFA162303604FF053
:100F0800FF3008BD08B510F025FA16230360FEE788
:100F180070B50D4614460E46731B9C4201DC2046F4
:100F280070BDAFF3008006F8010BF5E770B50D460C
:100F380014460E46731B9C4201DC204670BD16F811
:100F4800010B02F047FDF5E74FF0FF3070474FF413
:100F5800005300204B607047012070470020704705
:100F6800DFF834D001F0DAF9002103E00B4B5B58CD
:100F7800435004310A480B4B42189A42F6D30A4AA6
:100F880002E0002342F8043B084B9A42F9D310F0E0
:100F9800E7F9FFF7FFFEFEE70000032088B002082C
:100FA800000000207800002080000020B8AC02205B
:100FB800FEE710B538B1406928B10246046800233D
:100FC80001209C4200DC10BD52F8041F002902DDFC
:100FD80048430133F5E70020F5E70000104B1A6895
:100FE800137F032B16D0092B07D0012B15D11369BA
:100FF80003EB800393ED000A704713691B56D16811
:10100800D2ED027A5B1A00EE103AB8EEC00A20EE72
:10101800270A704713691B5CF1E79FED020A7047C6
:10102800F8020020000080FF7047D0F84C2138B546
:10103800092A06D8002300F580749A4203D10020BB
:1010480008E00FF072FF54F8045F8D4203D14A3371
:1010580050F8230038BD0133EFE72DE9F04104468D
:101068000F4606460025D0F80081A84501D100208A
:101078000BE0B369202B0AD13946F069FFF7B8F8BD
:1010880028B91C2303FB05400430BDE8F081013575
:101098001C36EAE7F8B5154B054618680CF058F801
:1010A800044600BBFFF79AFF114EB0EE407AA6EC5B
:1010B800010A01200F4B1F68874202D88DB9002012
:1010C800F8BDFFF78BFFB4EEC70AF1EE10FAA6ECF5
:1010D800010AD4BFB0EE470A0446B0EE407A0130A8
:1010E800EAE72C60EBE76FF00700E9E70003002070
:1010F800D8020020D00200202029F0B507D0002314
:101108001C25D0F8004100F11806A34201D10020A7
:1011180006E005FB03F2B758B94202D10432104485
:10112800F0BD0133F1E700002DE9F04717463C4ACE
:10113800054692F900002DED028B884678B965B115
:10114800384A1268914208D1374A1668327F032A12
:1011580040D0092A13D0012A05D06FF00600BDEC53
:10116800028BBDE8F0878A003069294610F01FF924
:10117800BDEC028B3846BDE8F047FFF78BBFD6EDD4
:10118800027AF5EEC07AF1EE10FAE6D904469FED40
:10119800278A6FF07F09A045EAD0F5EC017AB0EE16
:1011A800E77AB4EE487AF1EE10FAD6D896ED020A4C
:1011B80087EE800AD6F810A00FF06CF9F36818448F
:1011C8004845B8BF48467F28A8BF7F200AF80400D2
:1011D8000134E0E7D6ED027AF5EEC07AF1EE10FAC6
:1011E800BBD904469FED118AA045C1D0F5EC017A20
:1011F800B0EEE77AB4EE487AF1EE10FAADD896ED93
:10120800020A87EE800AD6F810900FF043F9F368C7
:10121800184480F3080009F804000134E4E700BF2B
:1012280004000020D4020020FC020020FFFF7F7F82
:1012380000487047D8020020024B186800B10069C6
:10124800704700BFF8020020084B186858B1007FAB
:10125800032809D0092807D0431E58425841800066
:10126800034B1B68584370470120F9E7F802002038
:10127800D0020020014B1868704700BFD40200203C
:10128800014B1868704700BFD0020020014B186856
:10129800704700BFCC020020084B186858B1007F87
:1012A800032809D0092807D0431E58425841800016
:1012B800034B1B68584370470120F9E7FC020020E4
:1012C800D402002038B50D4B044693F900001546AA
:1012D80090B97CB1FFF7E0FF884202460AD1084B7B
:1012E80021461B68186910F062F82846BDE83840A6
:1012F800FFF7D0BE6FF0060038BD00BF0400002025
:10130800FC020020024B186800B1007F704700BF44
:10131800FC020020024B186800B1007F704700BF34
:10132800F8020020044B1B6813B193ED020A7047C2
:101338009FED020A704700BFFC0200200000000079
:10134800024B186800B1C068704700BFFC0200205B
:10135800044B1B6813B193ED020A70479FED020A14
:10136800704700BFF802002000000000024B186818
:1013780000B1C068704700BFF802002007289ABF74
:10138800024B53F820000248704700BF8C590208EE
:10139800EF52020820292DE9F843054688461446ED
:1013A800994608D120480BF007FF20480BF004FFAE
:1013B8000120BDE8F88303681B689847074638B1E1
:1013C8001B480BF0F9FE41461A480BF0F5FEEFE713
:1013D800D5F800C1BCF1080F06D9414616480BF0F4
:1013E800EBFE09211548F0E74FF01C0E0FCC0EFB61
:1013F8000C5E0EF104060FC60CF1010394E8070019
:1014080086E80700CEF81880C5F80031D5F84C31C9
:10141800384605EB83020133C2F80481C2F82891EB
:10142800C5F84C31C5E700BF4026020871260208FE
:1014380086260208B5260208D626020807270208CB
:10144800074B2DE9F0411A684CF240339A428CB0B0
:101458000AD06FF00800034B18700CB0BDE8F0819B
:10146800A023010804000020AB4B1A68D4189B582D
:10147800E31A1A88042A40F246819B88002B00F060
:101488004281E358032B40F03E81A44AA4481368E4
:1014980013F001030BD1C0F80031C0F84C3101231F
:1014A800A04913600160A04AA0490FF039FD05A8C2
:1014B80006F056FF00219E4B994805AAFFF76AFFE0
:1014C800002840F01D8105A803F030F90321994B4D
:1014D800934805AAFFF75EFF002840F0118105A890
:1014E80003F0ECFF0421944B8D4805AAFFF752FF47
:1014F800002840F0058105A804F0C6FB09218F4BA0
:10150800874805AAFFF746FF002840F0F98005A89C
:1015180005F01CFA0E218A4B814805AAFFF73AFF0D
:10152800002840F0ED8005A808F010F81121854B3F
:101538007B4805AAFFF72EFF002840F0E18005A8A8
:1015480009F084F92821804B754805AAFFF722FF86
:10155800002840F0D58005A808F024FA12217B4B1A
:101568006F4805AAFFF716FF002840F0C98005A8B4
:1015780005F0D8FE1921764B694805AAFFF70AFF3E
:10158800002840F0BD80734D2B68DE0713D400237C
:10159800CDE9023301934FF4C0332146604A0093EA
:1015A8006D486E4B0BF042FB01235F4A6C496A4859
:1015B8002B600FF0B5FC68486A4D28600BF0DAFC28
:1015C8000446002840F0A280014628680BF06EFB14
:1015D800654E2146306028680BF08AFBDFF8A4814D
:1015E8000446C8F800003068FFF7E3FC5F4F386036
:1015F8002046FFF7DEFC5E4C2B682060D86E0AF0B0
:1016080029FB5C4B31681860002900F082804B6927
:10161800002B7ED01A68042A7BD15A68012A78D117
:101628009A68202A75D1DA68282A72D11B69012B99
:101638006FD1D8F80020002A6BD05369002B68D0EE
:101648001868022865D15868012862D19B68082B60
:101658005FD13B68B3F5A06F5BD12368082B58D1E5
:101668000D7F6B1EDBB2082B00F28E8040F2051056
:1016780020FA03F3DC0740F18780147F631EDBB296
:10168800082B00F28180D840C3077DD5092D7FF44F
:10169800E0AE092C7FF4DDAED1ED027AF5EEC07A2A
:1016A800F1EE10FA7FF6D5AE9FED337A77EEC77A72
:1016B8009FED327AF0EEE77AF4EEC77AF1EE10FA9F
:1016C8003FF6C7AECB6880337FF4C3AED2ED027A63
:1016D800F5EEC07AF1EE10FA7FF6BBAEDFED286AC0
:1016E80077EEE67AF0EEE77AF4EEC77AF1EE10FAE2
:1016F8003FF6AFAED36880337FF4ABAE0020AAE6E6
:101708006FF00200A7E66FF00100A4E66FF0030097
:10171800A1E66FF004009EE6B023010878010020DE
:101728007C010020785902080000002031100008D0
:10173800E1B5000841B6000803B70008A1B70008E2
:1017480055B50008A7B8000889B500085DB80008B5
:1017580059B90008B0000020B40000201003002090
:1017680025CD000800030020FC020020D402002040
:10177800D0020020CC02002057004F3C95BFD63342
:101788000000803BF80200206FF0050063E600BF10
:10179800074AD2F8FC3043F08073C2F8FC300022CC
:1017A800044B5A601A6842F001021A60704700BF81
:1017B80000ED00E0001000E000207047000000008D
:1017C8002DE9F04F2DED028B1446074685B0002811
:1017D80000F02F81002A00F02C81B1F57A5F40F0EB
:1017E8002881B3F5A06F40F02481A14D2B7863B90F
:1017F800A0480DF051FA30B16FF0C90005B0BDEC4A
:10180800028BBDE8F08F01232B70DFF89CB29FEDAF
:101818009A8AD946DFED998A994EDFF87082334665
:101828009849994A06F50060B3F57A5F37BF37F9EA
:101838001350F0EE487A07EE905AF8EEE77AB1ECDA
:10184800017A38BF67EEA87A67EE277A01338342B8
:10185800E2EC017AE8D100238C4A8B4985480DF0E7
:10186800FBF9D8ED007A67EEA77A884D98ED017AF2
:10187800C8ED007A2B460122291DD3ED037AD3ED5A
:10188800026A67EEA77A46EEA67A0132B2F5806F51
:10189800E1EC017A03F10803EFD127EE077A7C4BDC
:1018A80040F2014A83ED007A95ED000A0EF0AAF89D
:1018B800BAF1010AA5EC010AF6D14846282575496E
:1018C800DFF8E8C1DFED6C7A3CF8022B0B8808EBF7
:1018D80082020292704A31F802AF02EB830E53453E
:1018E800C0F09D80013DE0EC017AEBD106F5007671
:1018F800B6F5705F09F5007991D104F5A0549FED14
:101908004E7BD8468DED027BA4F5A059D8F800008F
:10191800FEF7DCFD0022614BFEF730FE48A3D3E959
:10192800002306460F46DDE90201FEF727FE46A31F
:10193800D3E90023CDE9020130463946FEF71EFE01
:10194800DDE90223FEF764FC02460B46CDE90223DB
:101958003FA3D3E90023FEF73BFF41EC100B0EF049
:10196800DFFA3DA3D3E9002351EC100BFEF74EFC40
:101978003BA3D3E90023FEF701FE41EC100B0DF069
:1019880053FF304653EC102B3946FEF7F7FD002283
:10199800434BFEF7F3FD41EC100B0EF0C1FA0022A9
:1019A8003F4B51EC100BFEF7E9FD41EC100B0EF02C
:1019B8005BF82DA3D3E9002351EC100BFEF7DEFDF5
:1019C80021F000430193009006460F46DDE900012F
:1019D8004FF0FF32334BFFF76BF800287FF40CAF62
:1019E800DDE900014FF0FF322E4BFFF757F8824632
:1019F80000287FF401AF30463946FFF797F849F8D9
:101A0800A00B4C4508F5007880D10135282D04F14C
:101A180004040BF1040B7FF472AF5046EEE6029A11
:101A2800BEEC017AF2EC016A013346EE877A029243
:101A380055E76FF0C700E1E6000000000000F03F46
:101A480016F4F38F548AED3F4F5F60805BADB33F70
:101A58008DEDB5A0F7C6B03EA0FF8F998AA12B40A7
:101A68005C8FC2F5285CEFBFCD3B7F669EA0F63F3A
:101A780010830120148301200000000000000038BA
:101A880000FCFFFF400602082CE301202CC30120C4
:101A98002CD301209C050208F0E601080000E04173
:101AA8000000E03FFFFFEF7F2C830120EE050208D6
:101AB80030B5084D0A44914200D130BD11F8013BC0
:101AC8005840082340F300042C40013B84EA5000AE
:101AD800F8D1F0E72083B8ED70B51D46144B86B0F9
:101AE800019301238DF8083000230A9E0446CDE9AE
:101AF80003268DF80910324629464FF0FF30ADF81D
:101B08000A30FFF7D5FFC0434FF4FA63059014225B
:101B1800204601A901F04DFD38B936B141F28833AC
:101B280029462046B2B201F044FD06B070BD00BFA0
:101B3800534D543130B50D4600219DB004468DF803
:101B48006F10039219465F2204A80FF065FB642307
:101B58002A460093FF21204603ABFFF7BDFF1DB0C7
:101B680030BD00002DE9F0434FF05C084FF0FF391D
:101B78001F469BB006460D4614460021424603A860
:101B8800CDF808900FF02EFBCDF810904FB10397C9
:101B9800CDF8008082213046AA6803ABFFF79CFF8E
:101BA8000CE074B1FFF778FBEB6883420DD06FF05F
:101BB800640230462D4BA968FFF7BCFF1BB0BDE897
:101BC800F083FFF757FB8000EEE7012001F086FE67
:101BD800274BD3F80480002C3BD0E968254802AA9B
:101BE800FFF770FB0446224B01205F6801F086FE78
:101BF800029BA7EB080704930394059700F0C6FC23
:101C08001D4B984283BF0133B0FBF3F0059B0023C3
:101C180088BFB3FBF0F30693C4B9FFF709FB04468A
:101C2800FFF72EFB234608900AA904EB8002934293
:101C380017D1FFF709FB202828BF20200990FFF7BC
:101C4800FBFA099A014612A80FF0B1FB5C23009336
:101C5800A0E7FFF70FFB02AA01460648FFF764FA60
:101C6800C0E753F8040B41F8040BE0E7B427020877
:101C7800001000E0889402203F420F007FB5084B17
:101C880003921A699B69049205930C230A460093F0
:101C980090216B44FFF720FF07B05DF804FB00BFFD
:101CA800301702202DE9F041ECB002AC154606468B
:101CB80040F2A5120F46204600210FF093FA40F299
:101CC80003132560A380FFF71DFBA071FFF722FB1C
:101CD800274B284AE071C4E902234FF00813236117
:101CE800FFF7C8FA00283FD0FFF7C4FA224B60611B
:101CF8001B680025A3614FF4C033E361FFF7C6FA00
:101D08002062FFF70FFB84ED090AFFF719FBA062B9
:101D1800FFF71EFB84ED0B0AFFF728FB2F2217495C
:101D280020630FA80FF078FA412215491BA80FF07D
:101D38003EFB0DF1AD082846FFF720FB01350146B3
:101D48001F2240460FF068FA082D08F12008F2D14A
:101D580040F2A5133A460093812123463046FFF707
:101D6800BBFE6CB0BDE8F0814FF4A060BEE700BFD9
:101D78002800010001002000A0230108E92702082B
:101D8800F82702082DE9F04F2DED048BABB004467F
:101D9800FFF756FB0646FFF7FBFC002001F0AEFDFF
:101DA800012001F0ABFD022001F0A8FDB6BB3046D2
:101DB80001F094FD324600212046FFF773FF00250D
:101DC800844B0C934FF0000301228DF81B30204602
:101DD8004FF0FF330DF11B0101F046FCB0B905F1DE
:101DE800A8026A449DF81B3012F8781C994217D152
:101DF800032D05F1010002F88C1C16D14FF4FA638B
:101E08001022204608A901F02FFC80B16FF067026C
:101E18000021714B2046FFF78DFED0E70220C7E76F
:101E2800532B04BF01208DF81C300546CAE79DF8E6
:101E38002030012B04D0694B6FF063020999E9E760
:101E4800BDF822300BB1664BF6E741F208430A9A17
:101E58009A4203D9634B6FF06402EFE75AB141F23B
:101E680088332046604992B201F0FEFB18B16FF04A
:101E780067025E4BE2E7DDF828A04FF0FF305246DC
:101E88005949FFF715FEC0430B9B834203D0584BBB
:101E98006FF06502D2E79DF82130013B122B00F26A
:101EA8001D82DFE813F013001D0024001B021B0233
:101EB8001B021B021B021B021B021B021B021B0232
:101EC8001B021B0227006D002F01FA010999BAF1C4
:101ED800000F03D06FF06402464B9BE732466BE776
:101EE80033460022204607A9FFF73CFE67E7334642
:101EF8000122F7E7BAF1100F01D03F4BABE73F4D96
:101F0800394B47F65852D3E900B700212846B3F8B1
:101F18000880B3F80AA0D3F80C900FF063F916B153
:101F28003246099904E0FFF747FC0999024618B1BF
:101F38002046FFF7A3FE42E7BBF57A5F05D1B8F16B
:101F4800010F02D1BAF1000F03D02D4B6FF06802D8
:101F580060E72C4B7A1E9A4204D8B7FBFBF30BFBC5
:101F680013730BB1284BF1E74FF0FF333246C5E945
:101F7800017985F80080EB602E6385F83460D7E737
:101F88001E4D2B781BB9214B6FF0690256E7BAF149
:101F9800040F02D91AF0010901D01D4B5BE7124F5B
:101FA8002B693968994208D16B68AAF104025B1A57
:101FB800B3EB520F4FEA520B01D2164BE4E7E86835
:101FC800391DFFF775FDDFF85080E860CB4525D156
:101FD8000022A6E7534D5431392802085428020834
:101FE800712802088C28020888940220B428020864
:101FF800D0280208E72802080A2902083017022018
:10200800342902087E8A1D005C29020892290208E8
:10201800BD290208EC290208001000E07B793A7912
:1020280042EA03226B69591C05EB4303DA862B69E4
:10203800B1F57A5F03F1010369612B6152D1D8F8D8
:1020480004A00391FFF716F9A64A03460399A64888
:10205800FFF7B6FBD5E90832D8F804102863A1EBDE
:102068000A015B1842F10002C5E90832024600285D
:1020780045D14FF0010A4FF0FF3350460C9385F8D5
:1020880001A001F02BFCD8F804300593FFF7F2F813
:102098000CAA01469348FFF747F8D8F804100490B3
:1020A8005046039101F02AFC0399059B049AC81A2B
:1020B800D5E90A311B1841F10001C5E90A3185F853
:1020C8003420E2B9FFF7B4F88246FFF7D9F853464F
:1020D800864A0AEB8000984208D1AB690133AB61AC
:1020E80000236B6109F1010902376FE7D2ED007A2D
:1020F800B3EC017A77EE877AE2EC017AEBE700231A
:102108002B700EE7BAF1000F01D0794BA3E6794D99
:102118002B785BB1D5F810906B68994506D16F693B
:1021280027B9D5F81880B8F1000F01D1724B2BE709
:10213800EB68AA68DB43934203D0704B85F800A094
:10214800A6E66C2251460FA80FF04CF8D5E9082CEA
:102158004FF0FF3195F93430CDF894800C932B6B08
:102168000D91CDE92339D5E90A3012EB03084CEB80
:10217800000991427AEB0C0C38BF0A4626920022DD
:10218800994282414FF0FF3238BF134642454FF023
:10219800000272EB09022893434638BF4FF0FF3321
:1021A8000E9300F0F3F9564B984227D90133B0FB50
:1021B800F3FAD5E9080100235246FEF757FD002936
:1021C80008BF0346D5E90A0118BF4FF0FF3352464E
:1021D80027930023FEF74AFD00290CBF03464FF062
:1021E800FF3352462993404600234946FEF73EFDF9
:1021F800002914BF4FF0FF3303460F93239B0C9A1B
:10220800134310D1FFF73CF89FED3E9A6FF07F0B18
:10221800DFF8D89011900DF16B080DF14C0A119B65
:102228009F420BD3129300232B7078239221099A93
:1022380000930CAB2046FFF74FFCC0E5D5ED067ABE
:10224800B9EC017AF8EE677AC7EE278AF4EEC98A04
:10225800F1EE10FAEAEC018AC4BFB0EE689A0D9765
:10226800FFF776F8B0EE408AFFF780F8B5EEC08A3F
:10227800F1EE10FA034606DD88EE880A03900EF0A8
:1022880055F9039B03447F2BA8BF7F235B45B8BF49
:102298005B46013708F8013FC1E7BAF1000F01D0EA
:1022A800194BD8E5134B5A780AB9184B6CE61B6BD7
:1022B800174D2B60FEF7DEFF6860FEF7DBFF09496C
:1022C800820005F108000FF072F8FEF7D3FF023024
:1022D80080002B469121099A0090ABE76FF06602C7
:1022E8000C4BABE52C0302206617022068940220F1
:1022F8001A2A0208301702203E2A0208592A020820
:102308003F420F00000080FF7C2A0208A82A02082A
:1023180088940220CF2A020870470000034AD2F8A6
:10232800883043F47003C2F88830704700ED00E04D
:1023380021490B681B0754BFD1F894300B688A6891
:1023480058BFC3F3032302F00C0248BFC3F30313BF
:10235800082A2FD019480C2A50F823300CD01848D6
:10236800042A08BF03468A681649C2F303128A5C26
:10237800D340154A13607047C868CA6800F0030064
:10238800C2F30312022802F101020FD003280FD072
:10239800B3FBF2F2CB68C868C3F306235343C0F318
:1023A800416201325200B3FBF2F3DCE7044BEFE782
:1023B800064BEDE7054BD6E700100240AC59020882
:1023C8000024F400F45902080800002000127A00E2
:1023D80038B50F4B05461A780AB9012038BD4FF4B5
:1023E8007A73B3FBF2F30B4A1068B0FBF3F000F01A
:1023F800BDFE04460028F0D1072DEED80246294636
:102408004FF0FF3000F074FE034B20461D60E5E7F7
:102418000C000020080000201000002010B5042047
:1024280000F054FEFFF784FF0020FFF7D1FF0446B9
:1024380018B9FEF725FD204610BD0124FBE7000072
:10244800034A044B11681B780B441360704700BFA4
:1024580090A802200C000020014B1868704700BFAC
:1024680090A8022037B51D4D0446AB6DD90018D58C
:1024780000F0D6FD30F4007323D1802C03D9A02CB2
:102488008CBF0223012316490A6822F00F021A435F
:102498000A60086800F00F00C01A18BF012003B0D6
:1024A80030BDAB6D43F08053AB65AB6D03F080532B
:1024B8000193019B00F0B4FDAB6D23F08053AB6535
:1024C800D8E7802C05D806D0A4F1700253425341B6
:1024D800D9E70323D7E70223D5E700BF001002405E
:1024E80000200240254B9A68D96812F00C0205D0EA
:1024F8000C2A24D101F00301012927D119682048A9
:10250800090755BFD3F894101968C1F30321C1F323
:10251800031150F8210082B3D968DA6801F0030189
:10252800C2F30312022902F1010211D003291ED0BD
:10253800B0FBF2F0D968C1F3062148430FE0042A42
:102548001AD0082A0F4818BF002070470020E3E778
:10255800D8680D49C0F30620B1FBF2F25043DB689E
:10256800C3F3416301335B00B0FBF3F07047D868F5
:102578000449C0F30620EFE7034870470010024003
:10258800AC59020800127A000024F40008B5FFF7DD
:10259800A9FF044B044A9B68C3F30313D35CD840D8
:1025A80008BD00BF00100240F45902082DE9F341AC
:1025B800054618B9012002B0BDE8F081904C0368C7
:1025C800A668E768DB0606F00C0607F0030735D5B2
:1025D8001EB10C2E62D1012F60D12368980702D555
:1025E800EB69002BE6D02368686A190756BFD4F850
:1025F800943023681B0903F0F003984237D9FFF79A
:1026080031FF0028D6D1236843F0080323602368EC
:102618006A6A23F0F0031343236063682A6A23F489
:102628007F4343EA02236360FFF7B0FF754B1860EE
:10263800754B1868FFF7CCFE0028BCD12B68DB0768
:1026480069D42B68990700F1AF802B681E0700F149
:10265800F2802B68590700F12F812B689A0600F148
:10266800F081EB6A002B40F020820020A3E723686A
:1026780043F008032360236823F0F0030343236037
:1026880063682A6A23F47F4343EA02236360002EC7
:10269800CAD1FFF7E7FE0028C6D08BE7EB6933B352
:1026A800236843F001032360FFF7D6FE80462368C2
:1026B8009B0711D5236843F00803236023686A6ADF
:1026C80023F0F0031343236063682A6A23F47F43EB
:1026D80043EA02236360B1E7FFF7BEFEA0EB080000
:1026E8000228E4D923689A07E1D4032063E7236822
:1026F80023F001032360FFF7AFFE804623689A07A3
:102708009CD5FFF7A9FEA0EB08000228F6D923689C
:102718009907EAD4F2E7082E03D00C2E08D1032F2C
:1027280006D123689A038CD56B68002B89D141E7C1
:102738006B68B3F5803F14D1236843F4803323607A
:10274800FFF78AFE8046236899033FF57AAFFFF7C3
:1027580083FEA0EB08006428F5D923689B03C4D541
:10276800F1E7B3F5A02F04D1236843F48023236055
:10277800E2E7226822F480322260226822F4802272
:102788002260002BDCD1FFF767FE804623689B039D
:102798007FF557AFFFF760FEA0EB08006428F5D976
:1027A80023689A03A1D4F1E7042E03D00C2E10D18C
:1027B800022F0ED123685E0503D5EB68002B3FF48A
:1027C800F9AE63682A6923F0FE4343EA0263636053
:1027D8003BE7EB68D3B1236843F480732360FFF7CA
:1027E8003BFE064623685A05EBD4FFF735FE801BEF
:1027F8000228F7D9236859057FF577AFF2E700BFBC
:10280800001002400800002010000020236823F474
:1028180080732360FFF720FE064623685F057FF577
:1028280014AFFFF719FE801B0228F6D923685B0551
:102838003FF55BAFF1E76B692BB3AB69F3B9D4F83C
:10284800943023F01003C4F89430D4F8943043F053
:102858000103C4F89430FFF7FFFD0646D4F894301E
:102868009B073FF5F6AEFFF7F7FD801B0728F5D964
:10287800D4F894309A077FF538AFEFE7D4F894305E
:1028880043F01003DFE7D4F8943023F00103C4F8D1
:102898009430FFF7E1FD0646D4F8943099077FF5A8
:1028A800D8AEFFF7D9FD801B0728F5D9D4F89430A6
:1028B8009F073FF51AAFEFE7A36DDA0043D401276E
:1028C800A36D43F08053A365A36D03F08053019378
:1028D800019BA74E3368DB0537D5AB68D80749D4C9
:1028E800D4F8902022F00102C4F89020D4F8902067
:1028F80022F00402C4F89020002B4AD1FFF7ACFD67
:1029080041F288380646D4F89030990700F18D8056
:10291800D4F890301A0655D541F28838D4F890305A
:1029280023F08003C4F89030D4F89030190549D5C5
:10293800FFF792FD801B4045F6D9D4F890301B056F
:102948003FF5D3AEF0E70027C3E7336843F480735D
:102958003360FFF781FD80463368DA05BDD4FFF7A1
:102968007BFDA0EB08000228F6D93368D9057FF56E
:10297800BCAEF1E713F0040FD4F890301EBF43F05B
:102988000403C4F89030D4F8903043F00103C4F83D
:102998009030FFF761FD41F288380646D4F8903050
:1029A800990717D5AB6813F0800FD4F8903027D06B
:1029B80041F2883843F08003C4F89030D4F890305E
:1029C8001B0512D5002F3FF448AEA36D23F08053AA
:1029D800A36542E6FFF740FD801B4045DED9D4F8E9
:1029E80090309B077FF581AED8E7FFF735FD801B58
:1029F8004045E3D9D4F890301A057FF576AEDDE787
:102A080041F2883823F08003C4F89030D4F890302D
:102A18001A05D7D5FFF720FD801B4045F6D9D4F815
:102A2800903019053FF561AEF0E7FFF715FD801B03
:102A380040457FF668AFD4F890309B073FF555AE18
:102A480061E7AB6AC3B1D4F8983043F00103C4F826
:102A58009830FFF701FD0646D4F898309F073FF5F8
:102A680000AEFFF7F9FC801B0228F5D9D4F898309E
:102A78009B077FF53AAEEFE7D4F8983023F00103CF
:102A8800C4F89830FFF7E8FC0646D4F898309A075F
:102A98007FF5E7ADFFF7E0FC801B0228F5D9D4F8F5
:102AA800983099073FF521AEEFE7A26802F00C02D3
:102AB8000C2A63D0022B236823F08073236042D151
:102AC800FFF7CAFC064623689F0132D4E268294B07
:102AD80013402A6B1343AA6B43EA0223EA6B43EAC7
:102AE800C2636A6B013A43EA02132A6C5208013A3C
:102AF80043EA42536A6C5208013A43EA4263E3608C
:102B0800236843F080732360E36843F08073E360D5
:102B1800FFF7A2FC0546236899013FF5A6ADFFF72C
:102B28009BFC401B0228F6D9236898017FF5DDAD90
:102B3800F1E7FFF791FC801B0228C4D923689B01A9
:102B48003FF5D3ADBFE7FFF787FC054623689B0138
:102B580004D4E268084B1340E36086E5FFF77CFC89
:102B6800401B0228F2D923689A013FF5BEADEDE774
:102B7800007000400C809F01FCFFEEFE012B3FF42B
:102B880019ADE3682A6B03F0030191427FF412AD9B
:102B9800696B03F0F0020139B2EB011F7FF40AAD53
:102BA800A96B03F4FE42B2EB012F7FF403ADE96B8E
:102BB80003F07842B2EBC16F7FF4FCAC2A6C03F4EB
:102BC800C0015208013AB1EB425F7FF4F3AC6A6C82
:102BD80003F0C0635208013AB3EB426F14BF0120FF
:102BE8000020E8E42DE9F8430E46054610B9012017
:102BF800BDE8F883724A136803F00F038B4232D39F
:102C0800296888073AD4C9077AD56F686D4C032FAD
:102C1800236840F0A0809A01E9D5E368E26803F0F0
:102C28000303C2F30312022B02F1010233D0032B78
:102C380039D0012B3CD00023E268C2F34162013253
:102C48005200B3FBF2F3604A93423FD9A36813F0F2
:102C5800F00F3BD1A3684FF0800823F0F00343F056
:102C68008003A36034E0136823F00F030B43136061
:102C7800136803F00F038B42B9D1C1E7514AA86822
:102C8800936803F0F003984281BF936823F0F00340
:102C980003439360B7E7E3684C49C3F30623B1FBEA
:102CA800F2F25343C8E7E3684949C3F30623F6E75A
:102CB8002368484A1B0755BFD4F894302368C3F3E8
:102CC8000323C3F3031352F82330B5E74FF000088A
:102CD800A36841F2883923F003033B43A360FFF75D
:102CE800BBFB0746A3686A6803F00C03B3EB820FCB
:102CF80043D1B8F1000F03D0A36823F0F003A36019
:102D0800296888070BD52F4AA868936803F0F00351
:102D180098423FBF936823F0F00303439360284A27
:102D2800136803F00F03B34235D84A073FD40B07A3
:102D380007D5244A2969936823F4605343EAC103F9
:102D48009360FFF723FC244B1860244B1868BDE8F8
:102D5800F843FFF73DBB022F08D113F4003F3FF4BF
:102D680046AFFFF7BFFB184B98426EE717B913F051
:102D7800020FF4E713F4806FF1E7FFF76DFBC01B58
:102D88004845AFD9A3686A6803F00C03B3EB820F18
:102D9800A8D003202CE7136823F00F0333431360F4
:102DA800136803F00F03B3427FF421AFBDE7054A70
:102DB800E868936823F4E06303439360B7E700BFD0
:102DC800002002400010024000B4C4040024F400B3
:102DD80000127A00AC5902080800002010000020F8
:102DE80008B5FFF7D3FB044B044A9B68C3F30223DF
:102DF800D35CD84008BD00BF00100240EC5902085F
:102E080008B5FFF7C3FB044B044A9B68C3F3C2230E
:102E1800D35CD84008BD00BF00100240EC5902083E
:102E28002DE9F04F00234FF00F0A5E4C0A6832FA82
:102E380003F501D1BDE8F08F012505FA03F919EA78
:102E4800020200F0A18003274E684FEA430806F00B
:102E5800030507FA08FE6F1E012F6FEA0E0ED1F860
:102E680008C031D8876807EA0E0BCF6807FA08F759
:102E780047EA0B078760476827EA0909C6F300177E
:102E88009F4047EA09074760C7680CFA08FC07EA49
:102E98000E074CEA0707022DC7601AD14FEAD30C78
:102EA80000EB8C0C03F00709DCF820704FEA890965
:102EB8000AFA09FB27EA0B0B0F6907FA09F747EA31
:102EC8000B07CCF8207004E0032DDDD1BCF1010F15
:102ED800DAD1076805FA08F507EA0E073D4316F444
:102EE800403F056050D023F0030707F1804707F5FE
:102EF8003D3703F0030C3D6E4FEACC0C0AFA0CFE8A
:102F080025EA0E0E284DA84240D005F58065A84256
:102F18003ED005F58065A8423CD005F58065A842FD
:102F28003AD005F58065A84238D005F58065A842F5
:102F380036D005F58065A84214BF0725062505FA91
:102F48000CF545EA0E053D66D743256816F4801F43
:102F58000CBF3D4015432560656816F4001F0CBF83
:102F68003D4015436560D4F8845016F4003F0CBF0B
:102F78003D401543C4F88450D4F88050F60354BF3C
:102F88003D401543C4F8805001334FE70025D6E78C
:102F98000125D4E70225D2E70325D0E70425CEE7AB
:102FA8000525CCE700F40240000002420AB1816125
:102FB800704781627047012905D0022901D029B9DB
:102FC8004260826000E04260002070470120704744
:102FD80010B10160002070470120704770B50125CD
:102FE8000468064604F01F039D40C4F300440A4BDE
:102FF8006401E2582A4203D0E550436803B1984778
:10300800064BE2582A4205D0E550B36813B1BDE833
:103018007040184770BD00BF0CF4024010F4024025
:10302800024B186800F4C060704700BF0070004091
:10303800024A536843F400735360704700700040BD
:10304800024A936843F480439360704700700040DD
:10305800044B1869C3045ABFC04300F400404FF43E
:103068008050704700700040154A10B5014614683A
:10307800FFF7EEFFB0F5004F20D0D3681B041DD436
:1030880004F4C0648C4201D1002010BD136823F4FD
:10309800C0630B4313600B4B0B491B68B3FBF1F385
:1030A80003EB83035169480501D5591C04D15369C1
:1030B8005B05E9D50320E8E7013BF3E70120E4E7F6
:1030C8000070004008000020A086010007490302A4
:1030D800CA6803F4E06322F4E0621204120C13439A
:1030E80043F0BF6343F40033CB60704700ED00E06A
:1030F800154B30B5DC68C4F30224C4F10703E51CA2
:10310800032B28BF0323062D4FF0FF3594BF00245F
:10311800043C05FA03F321EA0303A54022EA050269
:10312800A340002843EA0203ACBF00F16040074A0D
:103138004FEA4313DBB2ABBF00F5614000F00F006C
:1031480080F80033135430BD00ED00E014ED00E0CA
:10315800002807DB01234109034A00F01F008340D0
:1031680042F82130704700BF00E100E00138B0F1BB
:10317800807F0BD24FF0E023E021054A586182F8A6
:1031880023100020072298611A61704701207047B8
:1031980000ED00E00146064A106810F0010009BF82
:1031A8001368012023F004030B4308BF1360704722
:1031B80000040340034A0020136843F0010313602E
:1031C800704700BF0004034010B5026852E8003F92
:1031D80023F4907342E8003102680029F5D10F4CBE
:1031E80002F1080353E8003F234002F1080C4CE8C1
:1031F80000310029F4D1C36E012B07D152E8003FFA
:1032080023F0100342E800310029F7D12023C0F849
:103218008C300023C366436710BD00BFFEFFFFEF7D
:1032280070470000F8B504462169A26823680A437C
:1032380061691D68C0690A438449024329400A43F9
:103248001A605A68E16822F440520A435A60804A78
:10325800A16993421CBF226A11439A6822F06E4208
:1032680022F430620A439A60DA6A616A22F00F0235
:103278000A43DA62774A934230D1774BD3F88830E1
:1032880003F00303022B00F0D880032B00F0C88062
:10329800012B00F0CC80B0F5004F40F0D380FFF751
:1032A800AFFD002877D06D4B626A616833F8122051
:1032B8004B08B0FBF2F203EB4203B3FBF1F34FF61A
:1032C800EF72A3F11001914220D823F00F02216878
:1032D80092B2C3F342031343CB605CE0604A93426B
:1032E80016D15D4BD3F8883003F00C03082B00F09F
:1032F800A48008D8002B40F09A80B0F5004F78D110
:10330800FFF76EFDCDE70C2B00F08A80012043E02B
:10331800544A93420AD1504BD3F8883003F0300313
:10332800202B00F08A80E5D9302BEDE74E4A9342F6
:1033380009D1494BD3F8883003F0C003802B7CD0E7
:10334800D8D9C02BE0E7494A93420BD1424BD3F876
:10335800883003F44073B3F5007F6ED0CAD9B3F553
:10336800407FD1E73A4A9342D0D13B4BD3F88830DB
:1033780003F44063B3F5006F15D003D843B9FFF7E2
:103388002FFD07E0B3F5406FC0D14FF400400BE0CC
:10339800FFF7A8F840B900204FF00113A3660023F7
:1033A800C4E91D33F8BD32482C4B626A656833F8AE
:1033B800122005EB4501B0FBF2F39942A6D8B3EB16
:1033C800053FA3D800231946FDF750FC0023064605
:1033D80019464FF4807768082A46E6FB0701FDF78F
:1033E80045FC244BA0F540729A428FD82368D860D8
:1033F800D1E7FFF7F5FC0028CDD0616A174A63686A
:1034080032F81120B0FBF2F000EB5300B0FBF3F000
:103418004FF6EF73A0F11002E6E7FFF763F8EAE76B
:10342800B0F5004F3FF43FAF4FF40040E5E7B0F58B
:10343800004FF2D1FFF756F833E7B0F5004F0C48CC
:10344800DBD130E7FFF7DCFCD5E700BFF369FFCF3E
:10345800008000400038014000100240045A020871
:103468000044004000480040004C0040005000402C
:103478000024F400FFFC0F00836A10B51A0706D574
:103488000168846B4A6822F4004222434A60DC07E0
:1034980006D50168C46A4A6822F4003222434A60A9
:1034A800990706D50168046B4A6822F480322243E2
:1034B8004A605A0706D50168446B4A6822F480229C
:1034C80022434A60DC0606D50168C46B8A6822F488
:1034D800805222438A60990606D50168046C8A687E
:1034E80022F4005222438A605A0610D50168446CBF
:1034F8004A68B4F5801F22F4801242EA04024A6046
:1035080005D14A68846C22F4C00222434A601B0633
:1035180006D50268C16C536823F400230B4353603B
:1035280010BD2DE9F84304460D4617469846DDF8C8
:1035380020902268D36935EA03030CBF01230023D6
:10354800BB4201D0002022E0B9F1FF3FF2D0FEF7E4
:1035580083FFA0EB0800484529D8B9F1000F26D011
:1035680021680B685A07E4D5802DE2D0402DE0D0C1
:10357800CE6916F008060CD0082520460D62FFF724
:1035880023FE00230120C4F8905084F88430BDE85D
:10359800F883CB691B05CCD54FF4006320460B623A
:1035A800FFF712FE202384F88460C4F890300320CB
:1035B800EDE72DE9F7439846D0F888300446202BEC
:1035C8000E4617464ED119B9012003B0BDE8F08365
:1035D800002AF9D021230025C0F89050C0F888307F
:1035E800FEF73AFFA3688146B3F5805FA4F85470EC
:1035F800A4F8567003D123690BB935461E46B4F8B2
:1036080056204B4692B2CDF800804AB94021204658
:10361800FFF787FF2023C4F888300028D5D008E0BA
:10362800002280212046FFF77CFF20B12023C4F828
:1036380088300320C9E722688EB935F8023BC3F306
:1036480008039362D4F8883003F02103212BBBD1FF
:10365800B4F85620013A92B2A4F85620CFE716F8EB
:10366800013BEEE70220B0E72DE9F7439846D0F892
:103678008C300446202B0F46164661D119B901201B
:1036880003B0BDE8F083002AF9D022230025C0F852
:103698009050C0F88C30C566FEF7DEFEA368814600
:1036A800B3F5805FA4F85C60A4F85E600DD123696F
:1036B800DBB1FF221646A4F86020B4F85E0080B2A1
:1036C800E0B92023C4F88C30DAE733B92569002D36
:1036D800EFD07F221D461646EDE7B3F1805F0AD191
:1036E8002369002BF5D03F22E4E740F2FF123D4664
:1036F80016461F46DFE72A462E46DCE74B460022E1
:1037080020212046CDF80080FFF70BFF20B12023B1
:103718000320C4F88C30B3E723685B6A334067B989
:1037280025F8023BD4F88C30222BA8D1B4F85E30AF
:10373800013B9BB2A4F85E30BFE707F8013BF1E715
:1037480002209DE773B500260446C0F89060FEF796
:1037580083FE236805461B681A071CD56FF07E4355
:10376800324600934FF4001103462046FFF7D9FE76
:1037780088B1226852E8003F23F0800342E8003114
:103788000029F6D12023C4F888300320002384F8C8
:10379800843002B070BD23681B685B0724D56FF0C6
:1037A8007E43002200934FF480012B462046FFF70A
:1037B800B8FEC8B1226852E8003F23F4907342E88B
:1037C800003122680029F5D102F1080353E8003FCF
:1037D80023F0010302F1080040E800310029F3D189
:1037E8002023C4F88C30D0E720230020C4F8883088
:1037F800C4F88C30E0662067C8E710B5044650B3BB
:10380800D0F888301BB980F88430FFF709FD2423ED
:103818002268C4F88830136823F001031360A36A90
:1038280013B12046FFF728FE2046FFF7FBFC0128CE
:1038380011D023682046BDE810405A6822F490420F
:103848005A609A6822F02A029A601A6842F00102C5
:103858001A60FFF777BF012010BD000030B51C4B80
:1038680089B0DA6CF8B942F00402DA64DB6C03F070
:1038780004030093009B174B03A933F8105001234E
:10388800CDE9043303230693134B039553F82040E3
:103898002046FFF7C5FA204600222946FFF786FB97
:1038A800002009B030BD012808D142F00202DA64D4
:1038B800DB6C03F002030193019BDCE742F0010299
:1038C800DA64DB6C03F001030293029BD3E700BFC9
:1038D80000100240305A0208245A020808B5054B65
:1038E800012233F81010044B53F82000FFF75EFB59
:1038F800002008BD305A0208245A020808B5054BB2
:10390800002233F81010044B53F82000FFF74EFB49
:10391800002008BD305A0208245A020870B5214B0D
:1039280086B0DA6C064642F00402DA64DB6C0020EA
:1039380003F004030093009B4FF400530193022308
:103948000C46CDE9030331B90291174801A9FFF7E5
:1039580067FA002013E00129FBD14FF488131248BD
:1039680001A90293FFF75CFA0C23104D104903FBE1
:1039780006552846FFF72CFB18B16FF0030006B078
:1039880070BD0C4A21462846FFF715FB0246002861
:10399800F3D10F211820FFF7ABFB1820FFF7D8FB56
:1039A800D7E700BF001002400008024298A8022092
:1039B8000D000006C3390008704708B50020FFF75E
:1039C800FBFF08BD0C22024B02FB0030FFF706BBD1
:1039D80098A8022037B59425074B0190074C187812
:1039E80001224FF47A7305FB004001A9FFF7E1FDBE
:1039F800019803B030BD00BF94A80220A4A80220FB
:103A08000A6842604A6882600A89C2604A8902611B
:103A18000C2242618A894FF4004182610022C0E988
:103A280007124262FFF7E9BEFFF7EABF2DE9F0434C
:103A380007460E4695B0002900F097804C4B4D493B
:103A480053F820209423434301EB0308CA504A4902
:103A58004A4B4B4CCDE90B13CDE90D13494B4A4961
:103A6800CDE902134FF4E163ADF80030ADF804304E
:103A7800464B9A4214BF0125002555D1A36D43F04A
:103A88008053A365A36D03F080530493049BFFF751
:103A9800CFFAE36C43F04003E364E36C03F04003C4
:103AA8000593059BE36C43F04003E364E36C03F088
:103AB80040030693069BE36D43F00103E365E36D62
:103AC80003F001030793079B14AB03EB450939F88F
:103AD800483C0FA90F9302231093129301231193CB
:103AE80005F150030DEB030414F8503C139314AB89
:103AF80003EB850555F8240CFFF792F939F8443C97
:103B080055F81C0C0F9314F84C3C0FA91393FFF7AE
:103B180087F9314640462FBBFFF772FF00B36FF0BD
:103B2800030015B0BDE8F083E36C43F00803E364D9
:103B3800E36C03F008030893089BE36C43F0080365
:103B4800E364E36C03F008030993099BA36D43F452
:103B58008023A365A36D03F480230A930A9BB3E72C
:103B68000020DEE7FFF760FFD8E76FF00100D8E735
:103B78001C5A0208A4A8022000180242000C0242A3
:103B88000010024000010002800000010080004097
:103B9800002908B501DA0DF0C8F903688B42FADD8F
:103BA80000EB8100406808BD03460168002201203F
:103BB80010B5914200DC10BD53F8044F0132604348
:103BC800F7E770B50568049C042D01D00DF0ADF938
:103BD8004568A5B90029F9D18668AEB9002AF5D19A
:103BE800C568B5B9002BF1D10069B8B9002CEDD181
:103BF80001FB062205FB023300FB034070BD0029D0
:103C0800E4DB8D42E8DCE1E7002ADFDB9642E7DC13
:103C1800DCE7002BDADB9D42E6DCD7E7002CD5DBBE
:103C2800A042E5DCD2E770B515461E46FFF7B0FFA7
:103C3800314604462846FFF7ABFF844201D00DF019
:103C480074F970BD2DE9F04F9A464369A1B01593F8
:103C5800B0F90A30CDE91E120D93B0F90C30DDF839
:103C6800ACB00E93B0F90E300F93B0F9103010933A
:103C7800B0F902301193B0F904301293C369169366
:103C8800836A0A93C36A0B93DDE90A32934201DD22
:103C98000DF04BF9DAF80030042BF9D1DBF80030DD
:103CA800042BF5D12F9B1B68042BF1D100232F9AED
:103CB80019465046FFF7B7FF0323199000215846CD
:103CC8002F9AFFF7B0FF2E9BDAF8104008902BB11F
:103CD8002D98FFF769FF089B9842D9D1DAF8083088
:103CE8001A93DAF80C301B93DBF808301C93DBF8D6
:103CF8000C301D93DBF81030069394FBF3F3002B84
:103D0800C6D0069A02FB1344002CC1D1089A92FB34
:103D1800F3F30C93002BBBD0A1462F9B9B68179302
:103D28002F9BDB681893199B994580F29A80129B08
:103D38005B4209930023029310E0119B5B420793B7
:103D480000230393039B189A9342C0F28880029B36
:103D58000E9A01330293099B13440993029B179A05
:103D68009342EADB09F10109DDE70C9B002594FB8E
:103D7800F3F3069A099E534304951493049B1C9AE3
:103D880093422DDB2E9B13B153F824301D441F9B07
:103D9800284653F824201E9B53F8241009F0F4FDFC
:103DA800DDE902230546009449462F98FFF709FFED
:103DB800169B01341D440A9B9D42B8BF1D460B9BB0
:103DC8009D42A8BF1D46309B1D54089B9C42CCDBDE
:103DD800039B0D9A01330393079B13440793B1E7A1
:103DE8000023079F0593059B1D9A934205DB049BBF
:103DF80001330493109B1E44C0E756EA070328D4F6
:103E08001B9BBB4225DD1A9BB34222DD4FF0000805
:103E18001CE0149B324643444946009350463B46B7
:103E2800FFF7CFFEDDE904231390CDF8008021468B
:103E38005846FFF7C6FE139A2A9B08F101089B56BD
:103E4800159A13442C9A125602FB0355069B984563
:103E5800DFDB059B013305930F9B1F44C3E7002459
:103E6800B3E721B0BDE8F08F2DE9F04F2DED048BBD
:103E7800AE4BADF20C4D1A680F46824609F0B3FA04
:103E8800AB4B8046394650461A6809F0ACFA3C6894
:103E980006464CB12368032B14D1A64B394650462D
:103EA8001A6809F0A0FA0446A34B394650461A6826
:103EB80009F09BFAD7F810B00546BBF1000F03D103
:103EC8000DF033F80024EFE7D7F80C90B9F1000FA4
:103ED800F6D098F80800072800F03281092800F089
:103EE8009083012840F01484BCAF4A4659463846AE
:103EF80000F046FC414629A809F085FAD8F80030B8
:103F0800314630A8129309F07EFA002ED8D03368D3
:103F1800214637A8119309F076FA04B124680DF107
:103F2800F8082946404609F06EFA002DC8D02B68DB
:103F3800002145A8209309F066FAB7F90A30D7EDB1
:103F48000C8A1393B7F90C3097ED0D9A1493B7F9BF
:103F58000E3029AD1593B7F910301693B7F9023022
:103F68001793B7F904301893299B042BA8D1309BD9
:103F780030AE042BA4D13E9B042BA1D10023424692
:103F880019462846FFF74FFE0323199042460021A1
:103F98003046FFF748FE2D9D0D902CB137A8FFF74E
:103FA80003FE0D9B83428BD12B9B329A1A932C9B39
:103FB8001C921B93349B339A089395FBF3F31D9241
:103FC800002B3FF47DAF089A02FB1355002D7FF4B8
:103FD80077AF0D9A92FBF3F31093002B3FF470AF79
:103FE800409A419B1E921F93199BAB4240F3538307
:103FF800189B5B420E9300230B9310E0179B5B42C8
:104008000F9300230C931F9B0C9A934200F38B8011
:104018000B9B149A01330B930E9B13440E931E9B18
:104028000B9A9342EADC0135DEE7109B4FF0000A59
:1040380096FBF3F39FED418A089A0E9F5343219311
:104048001C9B53452DDC002C6AD004EB8603D3ED72
:10405800007ADDE90B2338EE278AF4EEC88AF1EE00
:1040680010FAC8BFB0EE688AB4EEC89AF1EE10FA3A
:10407800009629463EA848BFB0EE498AFFF7A1FD41
:10408800209B013603EB800080ED008A0D9BB34234
:10409800CBDC0C9B139A01330C930F9B13440F93A7
:1040A800B1E74FF0000BDDF83C801D9B5B4504DC5D
:1040B800169B0AF1010A1F44C2E757EA08032AD4EB
:1040C8001B9B434527DD1A9BBB4224DD4FF00009AB
:1040D8001EE0219B3A464B442946009329A84346B3
:1040E800FFF76FFD129B524603EB8000D0ED009A5C
:1040F8005B46CDF80090314630A8FFF762FD119B72
:1041080009F1010903EB8000D0ED007AA9EEA78A36
:10411800089B4B45DDDC159B0BF1010B9844C4E76C
:10412800DFED067A95E70026B0E700BF445A02089B
:10413800405A02083C5A0208385A02080000000097
:104148001CB1207A022840F01F814A465946CAA865
:1041580000F048FBD9F8243041461393D9F82830A9
:104168004CA8149309F04FF9D8F80030314653A8F9
:10417800169309F048F9002E3FF4A2AE33682146A1
:104188005AA8159309F03FF904B1246861AF29468C
:10419800384609F038F9002D3FF492AE2B68269383
:1041A800BDF932331793BDF934331893BDF936335B
:1041B8001993BDF938331A93BDF92A331B93BDF906
:1041C8002C331C93D49B1193D59B1293DDE91132A8
:1041D80093423FF775AE4C9B4CAD042B7FF470AE09
:1041E800539B53AE042B7FF46BAE619B042B7FF47F
:1041F80067AE00233A4619462846FFF714FD032305
:104208001D903A4600213046FFF70DFD509D109055
:1042180034B15AA8FFF7C8FC109B83427FF450AE14
:104228004E9B559A1E934F9B20921F93579B569ACD
:10423800089395FBF3F32192089A02FB1355002D7E
:104248007FF43EAE109AAA4692FBF3F3639A229348
:10425800649B239224931D9B534540F31C821C9B13
:104268005B420E9300230B9310E01B9B5B420F9362
:1042780000230C93249B0C9A934200F383800B9B9E
:10428800189A01330B930E9B13440E93239B0B9A9E
:104298009342EADC0AF1010ADDE70026229BB346D5
:1042A80095FBF3F3089A0E9F53432793209BB34241
:1042B8002BDC14B154F825309B44149B584653F812
:1042C8002520139B53F8251009F05EFBDDE90B232D
:1042D80006460095514661A8FFF773FC119B01350E
:1042E8009E42B8BF1E46129B9E42A8BF1E46269BF2
:1042F80023F81060109BAB42CFDC0C9B179A01335C
:104308000C930F9B13440F93B4E70023DDF83C8014
:104318000D93219B0D9A934203DC1A9B01361F448F
:10432800C4E757EA080327D41F9B434524DD1E9B97
:10433800BB4221DD4FF000091BE0279B3A464B4466
:10434800514600934CA84346FFF73BFC169B324668
:1043580033F9103029462593CDF800900D9B53A8CA
:10436800FFF72FFC159B259A1B5609F1010912FB33
:1043780003BB089B4B45E0DC0D9B01330D93199B58
:104388009844C6E70025B5E7042840F031814A463D
:104398005946D8A800F026FAD9F8243068AF139304
:1043A800D9F8283041463846149309F02CF8D8F843
:1043B800003031466FA8269309F025F8002E3FF407
:1043C8007FAD3368214676A8259309F01CF8294665
:1043D8007DA8D4F8009009F016F8002D3FF470ADD0
:1043E8002B682493BDF96A331593BDF96C33169382
:1043F800BDF96E331793BDF970331893BDF9623365
:104408001993BDF964331A93E29B1193E39B1293BA
:10441800DDE9113293423FF753AD689B042B7FF4DB
:104428004FAD6F9B6FAD042B7FF44AAD7D9B7DAE86
:10443800042B7FF445AD0023324619463846FFF772
:10444800F2FB03231B90324600212846FFF7EBFBC3
:104458003C690E90B9F1000F06D076A8FFF7A4FBCF
:104468000E9B83427FF42CAD6A9B719A1C936B9BC5
:104478001E921D93739B729A0B9394FBF3F31F92F6
:104488000B9A02FB1344002C7FF41AAD0E9A92FB90
:10449800F3F37F9A2093809B219222931B9BA34244
:1044A80040F3F9801A9B4FF0000B5B4210930FE02A
:1044B800199B5B420F9300230C93229B0C9A934207
:1044C80000F39480109B169A0BF1010B1344109380
:1044D800219B5B45ECDC0134E0E7209B0B9A95FBC4
:1044E800F3F353432793002300220D930023CDE9D0
:1044F8000823109E1E9B0D9A934237DCB9F1000FDA
:104508000BD0089959F8353009EBC502CB18526819
:10451800099942EB0102CDE90832DDE90801149B53
:10452800139A53F8253052F8252009F071FA0646F7
:104538000C9B00955A4621467DA8FFF742FB119B2C
:1045480001359E42B8BF1E46129B9E42A8BF1E461A
:10455800249B23F810600E9BAB42BEDC0C9B159A83
:1045680001330C930F9B13440F93A6E74FF0000AF7
:104578000F9F1F9B534505DC0D9B01330D93189B23
:104588001E44B7E757EA06032BD41D9BBB4228DD20
:104598001C9BB34225DD4FF000081FE0279B3246E5
:1045A80043442146009368A83B46FFF70AFB269B35
:1045B800294633F910300D9A2393CDF800805346DD
:1045C8006FA8FFF7FEFA259B239A1B56DDE9080121
:1045D800C2FB8301CDE9080108F101080B9B4345A3
:1045E800DCDC179B0AF1010A1F44C2E70025B2E789
:1045F80006F034FF227A0146494808F0DDFD012023
:104608004AE0307A09284DD012287BD1DAF84430B4
:10461800D9F834105046984731460746F4A8D6F8DA
:1046280000A008F0F0FEF4A8FFF7BEFA3A460146EB
:10463800504609F043FA4A465946E6A800F0D2F82F
:10464800D9E909A9414684A808F0DDFED8F800B0E8
:104658000DF50B783146404692AE08F0D4FE21465F
:10466800304608F0D0FE04B12468294699A808F01D
:10467800CAFE002D3FF424AC4A4651462B68CDE9CA
:104688000276CDE900B899A8CDE904400693E6A8DA
:1046980084ABFFF7D7FA00200DF20C4DBDEC048B6C
:1046A800BDE8F08F4A465946F4A800F09BF8D9E9CE
:1046B80009A94146A0A8A7AF08F0A5FE314638468B
:1046C800D8F8008008F09FFED6F800B0AEAE2146BC
:1046D800304608F098FE04B124682946B5A808F0C9
:1046E80092FE002D3FF4ECAB2B68B5A8CDE9044051
:1046F80006934A465146CDE902B6CDE90087A0ABFC
:10470800F4A8C6E706F0AAFE327A0146054874E71F
:1047180006F0A4FE98F80820014603486DE700BF9C
:10472800F02A0208112B0208342B0208002313B5C3
:104738000446CDE90033044A044B054908F02CFE31
:10474800204602B010BD00BF3D4A0008713E000877
:104758003B48000810B50446184623B1012C03D085
:10476800022C06D0002010BD1944013991FBF0F04D
:10477800F9E71944029B013A5A430132891AF5E7CD
:104788000B7B70B5012B04460D4616461AD0032B39
:104798001AD0022B1BD06FF400020F4B28786363EA
:1047A800226308F045FE33682070638073682046F2
:1047B800A3806B686381AB68A3812B69E3816B6914
:1047C800238270BD0022E8E70022044BE6E74FF0A1
:1047D8007E53034AE2E700BFFFFF7F7F0000C0402F
:1047E800000080BF70B51546044613690E465B424B
:1047F800436153695B4283619369C361D36903620F
:10480800136A5B424362087808F012FE6B682070F6
:10481800A3802B6820466380B368A3817368638193
:10482800736923823369E381EB6AA3622B6BE362CA
:1048380070BD836B10B50BB90CF077FB3821BDE860
:10484800104018472DE9F04F9A460B688FB01B6847
:104858000546023B012B0F4616461E9C07D96C4B9A
:104868006C4A0093582344696B49A04711E04B6890
:10487800D3F80090B9F1010F0DD00123CDE90293CF
:10488800664B644A0193664B664900934469592311
:10489800A047012091E0936892F800B00A9353680A
:1048A800D2F810800B9353695146199A0C93CDF89E
:1048B80000800B9B5846FFF74DFF0C9B1A9A1899DE
:1048C8000D90009358460A9BFFF744FF1A9B0C9AD9
:1048D800013B53430A9A0138013302FB0033189A0B
:1048E8000D999B1A199A23EAE373013A08FB02F21D
:1048F80001F1FF380B99013201FB0822A2EB0A02F1
:1049080022EAE2725110D5F80C80216002F001020F
:10491800591003F001036160A26039460022404645
:10492800E36008F0FBF8824638B93F4B00936623F2
:104938006C692846374A384997E74A463946404617
:1049480008F0ECF8814620B9384B00936C6969236C
:10495800EFE739460222404608F0E0F83946834638
:104968000022404608F0EFF8074620B9304B009384
:104978006C696E23DDE79DF87430012B20D1DAF8DD
:104988000C3039462361D9F80C3040466361FB6826
:10499800A361D8F800309B699847D8F80030514691
:1049A80040469B699847D8F80030494640469B697D
:1049B8009847BBF1000F23D100200FB0BDE8F08F5E
:1049C800D9F814300C365B684A460893A36A5146F6
:1049D8000793636ACDE90006069304F13003059353
:1049E80004F12C03049304F12003039304F11C0342
:1049F800029328465B4608F0A3FE0028BFD0DCE7F8
:104A0800D8F80030594640469B699847D4E700BF1C
:104A1800C82B0208502B0208B12B020804360208E2
:104A2800062C0208EC2B02081A2C02082B2C020870
:104A38003D2C02082DE9F04FD1F80CA00446884619
:104A480099B0BAF1000F01D10CF06FFAD1F810B09B
:104A5800BBF1000FF8D0C6680022304608F073F8A2
:104A6800814668B96B4B00939623656920466A4A6C
:104A78006A49A8474FF00108404619B0BDE8F08FD1
:104A880000224146304608F049F8074620B9644BF1
:104A9800009365699923E9E701224146304608F009
:104AA8003DF8054620B95F4B009365699C23DDE717
:104AB8003B7F99F81C2093420CD0CDE902325A4B27
:104AC80001935A4B00939E2365692046524A5849E0
:104AD800A847CFE7012B07D1037F012B0ED0204633
:104AE800636954499847C5E7072B02D1037F092B0F
:104AF800F4E7092BF3D1037F122BF8D17B69204609
:104B0800DA689B6809926A690A93D3680B93936879
:104B18000C93D9F81430D9689B680D915168A26B31
:104B280089000F930E919047A26BCAF824000E9942
:104B3800204690473A7F0F9B092ACAF8280001D0DF
:104B4800072A24D12968012909D00123CDE90213B4
:104B5800394B0193394B00936569B923B5E7696807
:104B680000293FF471AF086800283FF46DAF496829
:104B780000293FF469AF0068012808D069694968CD
:104B8800884204D02E4B00936569C2236EE70493D4
:104B98000D9B414603930C9BCDE9052A02930B9B81
:104BA8005A4601930A9B20460093099BFFF74AFE49
:104BB800804600287FF460AF2B7F122B15D16969DE
:104BC80051F804BBBBF1060F3FF73EAF4FEA8B022B
:104BD80012A80CF0ECFB4346012111AA9B4514DCFA
:104BE8002046236C0AF13402984733682946304638
:104BF8009B6998473368394630469B6998473368BC
:104C0800494630469B69984736E752F8040F013306
:104C18004143E3E73D2C0208502B0208B12B020860
:104C28001A2C02082B2C02084F2C02085C2C0208B4
:104C3800EC2B0208682C0208FA2C0208142D020832
:104C48002E2D0208836B10B50BB90CF06EF93821C4
:104C5800BDE8104018472DE9F04F9A46B0F90A30E0
:104C6800A1B00E93B0F90C30CDE91E120F93B0F934
:104C78000E30DDF8BCB01093B0F910301193B0F9D4
:104C880002301293B0F904301393B0F9123008933C
:104C980043691593C3691693836A0B93C36A0C938C
:104CA800DAF80030042B01D00CF03FF92B9B1B687D
:104CB800042BF9D1DBF80030042BF5D1DDE90B32F8
:104CC8009342F1DC00235A4619465046FEF7ABFFE3
:104CD80003235A46194619902B98FEF7A4FFDAF8D1
:104CE80008301793DAF80C301893DAF810300D936F
:104CF8002B9B0D9A9B681A932B9BDB681B93DBF805
:104D080008301C93DBF80C301D93089B02FB03F45E
:104D18008442C9D12D98FEF747FFA042C4D14FF075
:104D280000098EE00025DDF828800695069B1A9A72
:104D3800934234DA0023099F079326E058EA0703D1
:104D48001ED4189BBB421BDD179B434518DD059BF2
:104D580042464946009350463B46FEF732FFDDE99E
:104D68000623149000212B980094FEF72AFF149A2A
:104D78002A9B9B56159A13442C9A125602FB0355EC
:104D8800079B01330793109B1F44079B1B9A934271
:104D9800D4DB069B01330693119B9844C6E72E9BF0
:104DA80013B153F824301D441F9B284653F8242080
:104DB8001E9B53F8241008F0E7FDDDE903230546A0
:104DC800009449465846FEF7FCFE169B01341D44E4
:104DD8000B9B9D42B8BF1D460C9B9D42A8BF1D461C
:104DE800309B1D54089AA31B9A429BDC059B1644D2
:104DF80001330593059B0D9A93420DDB049B0E9A94
:104E080001330493099B13440993049B1D9A93420D
:104E180004DA00260596EDE73446E3E7039B0F9A8C
:104E2800013303930A9B13440A93039B1C9A9342EE
:104E380005DA129B5B42099300230493E5E709F125
:104E48000109199B994505DA139B5B420A930023D4
:104E58000393EAE721B0BDE8F08F00002DE9F04F99
:104E68002DED068BD1F80C9083468846ADF5597D1B
:104E7800B9F1000F01D10CF058F8D1F810A0BAF12F
:104E8800000FF8D0A34B1A6808F0AFFAA24B4146BE
:104E98001A680546584608F0A6FAA04B0746414648
:104EA80058461A6808F09FFAD8F80040064654B1E8
:104EB8002368032B40F08680994B414658461A6870
:104EC80008F091FA0446387A072800F0AE810928DC
:104ED80000F02A81012840F0E4820DF518784A464E
:104EE8005146404600F0FEFA394628A808F08BFAE9
:104EF8003B6831462FA8149308F085FA002EBAD0E3
:104F08003368214636A8139308F07DFA04B1246863
:104F18003DAF2946384608F076FA002DABD02B680D
:104F2800D8ED0C8A2293B8F90A3098ED0D9A1593AA
:104F3800B8F90C3028AE1693B8F90E301793B8F9B3
:104F480010301893B8F902301993B8F904301A934D
:104F5800B8F912300D93289B042B8CD12F9B2FADC1
:104F6800042B88D13D9B042B85D100233A46194652
:104F78003046FEF758FE03233A4619461B9028464A
:104F8800FEF751FE2A9B80461C932B9B1D932C9B5E
:104F98001193319B119A1E93329B1F933F9B209331
:104FA800409B21930D9B534398427FF464AF36A8EE
:104FB800FEF7FAFD80457FF45EAF4FF00008DFEDA5
:104FC800599A9EE000247EE74FF0000B9FED558A2A
:104FD80009EB0503109F12931E9B5B4534DD4FF0D0
:104FE800000A0F9E28E057EA060321D41D9BB3420E
:104FF8001EDD1C9BBB421BDD089B3A4641460093C5
:1050080028A83346FEF7DDFD149B5A4603EB8000C3
:10501800129B90ED00AA002100932FA85346FEF79B
:10502800D0FD139B03EB8000D0ED007AAAEE278A0F
:10503800179B0AF1010A1E441F9B5345D3DC189B9A
:105048000BF1010B1F44C7E7002C36D00E9BD3EDA4
:10505800007A38EE278AF4EEC88AF1EE10FAC8BF53
:10506800B0EE688AB4EEC89AF1EE10FA129B414687
:1050780000933DA8DDE90B3248BFB0EE498AFEF740
:10508800A0FD229B09F1010903EB800080ED008A55
:105098000E9B04330E930D9B4B4595DC089B013307
:1050A80008930D9B1D44119B089A934208DD04EB5D
:1050B80085034FF000090E93EDE7F0EE697AC8E733
:1050C8000B9B159A01330B930F9B13440F93219B52
:1050D8000B9A934202DD00250895E4E70C9B169A8B
:1050E80001330C93109B13441093209B0C9A93420A
:1050F80005DD199B5B420F9300230B93E7E708F14B
:1051080001081B9B434559DD1A9B5B421093002302
:105118000C93EAE7485A0208545A0208505A0208FF
:105128004C5A020800000000307A09284DD0122895
:1051380040F0A881DBF84430D9F834105846984735
:1051480031468046C8A8D6F800B008F05CF9C8A86F
:10515800FEF72AFD42460146584608F0AFFC4A468B
:105168005146A8A800F0F2F9D9E909A9394644A896
:1051780008F049F9D7F800B04BAF3146384652AE7F
:1051880008F041F92146304608F03DF904B1246899
:10519800294659A808F037F9002D3FF46CAE4A4665
:1051A80051462B68CDE90286CDE900B759A8CDE96B
:1051B80004400693A8A844ABFFF74DFD00200DF569
:1051C800597DBDEC068BBDE8F08F4A465146B8A81C
:1051D80000F0BCF9D9E90989394660A808F013F943
:1051E800D7F800A067AF3146384608F00CF9D6F872
:1051F80000B06EAE2146304608F005F904B12468C7
:10520800294675A808F0FFF8002D3FF434AE2B6846
:1052180075A8CDE9044006934A464146CDE902B651
:10522800CDE900A760ABB8A8C6E7307A092840F0F6
:1052380029814A465146C8A800F088F9D9F824308F
:1052480039461593D9F828307CA8169308F0DBF86E
:105258003B68314683A8189308F0D5F8336821468F
:105268008AA8179308F0CFF804B1246891AE2946AC
:10527800304608F0C8F8002D3FF4FDAD2B680DF559
:10528800F87A2793BDF92A331993BDF92C331A9369
:10529800BDF92E331B93BDF930331C93BDF922336E
:1052A8001D93BDF924331E93BDF932330F93D29B5E
:1052B8001293D39B1393DAF80030042B7FF4DBAD01
:1052C800839B83AD042B7FF4D6AD919B042B7FF495
:1052D800D2ADDDE9123293423FF7CDAD002332461D
:1052E80019465046FEF79FFC0323324619461F9085
:1052F8002846FEF798FCDAF8083007462093DAF8D3
:105308000C302193DAF810301493859B149A229369
:10531800869B2393939B2493949B25930F9B5343A2
:1053280098427FF4A8AD8AA8FEF73EFC87427FF436
:10533800A2AD4FF000099BE0002300220E9300234A
:10534800CDE90823DDF84480229B0E9A934237DD8D
:105358000023109F0D9329E057EA080321D4219BCD
:10536800BB421EDD209B43451BDD0B9B4246494645
:10537800009350463B46FEF724FC189B002133F966
:1053880010300095269383A8DDE90D32FEF719FC4D
:10539800179B269A1B56DDE90801C2FB8301CDE95C
:1053A80008010D9B01330D931B9B1F44239B0D9AF2
:1053B8009342D1DC0E9B01330E931C9B9844C3E7A8
:1053C8005CB1089954F8353004EBC502CB18526823
:1053D800099942EB0102CDE90832DDE90801169B83
:1053E800159A53F8253052F8252008F011FB074686
:1053F8000C9B00955A46494691A8FEF7E2FB129B82
:1054080001359F42B8BF1F46139B9F42A8BF1F4646
:10541800279B23F810700F9AAB1B9A428CDC0B9BCE
:10542800164401330B93149B0B9A93420DDC0C9B8F
:10543800199A01330C93109B13441093259B0C9AD3
:10544800934204DD00260B96EDE73546E3E7119B12
:105458001A9A0BF1010B13441193249B5B4505DD4C
:105468001D9B5B42109300230C93E7E709F10109A8
:105478001F9B4B457FF7A2AE1E9B4FF0000B5B4274
:105488001193EAE705F0EAFF0446387A357A05F021
:10549800E5FF2A4603462146064807F08DFE01200F
:1054A8008DE605F0DBFF3A7A0146034807F084FEF3
:1054B800F5E700BFA72D0208DC2D0208002313B56D
:1054C8000446CDE90033044A044B054907F064FF5C
:1054D800204602B010BD00BF99570008654E00086D
:1054E8004D4C00080B7C70B5012B04460D46164642
:1054F8001CD0032B1CD0022B1DD06FF40002104BC4
:1055080028786363226307F093FF33682070638011
:1055180073682046A3806B686381AB68A3816B695D
:10552800E381AB692382EB68638270BD0022E6E702
:105538000022044BE4E74FF07E53034AE0E700BF44
:10554800FFFF7F7F0000C040000080BF70B5154698
:1055580004460E4613695B42436153695B428361AB
:105568009369C361D3690362136A5B424362087833
:1055780007F05EFF6B682070A3802B68204663806D
:10558800B368A38173686381B36923827369E38114
:10559800F3686382EB6AA3622B6BE36270BD000061
:1055A8002DE9F04F99460B688FB01B6806460A93A1
:1055B800023B012B884617461E9C07D9674B684A51
:1055C8000093582344696749A0470FE04B681B685C
:1055D800012B0FD00122CDE90232634B604A0193BF
:1055E800624B6349009344695923A04701200FB0D7
:1055F800BDE8F08F936892F800B00B935368D2E936
:10560800055A4946199A009558460C93FFF7A2F88F
:105618000B9B1A9A18990D90CDF800A05846FFF7E1
:1056280099F81A9B0B9A013B0AFB03F301380133E3
:1056380002FB0033189A0D999B1A199A23EAE3730F
:10564800013A6A434D1E0C99013201FB0522A2EB77
:10565800090222EAE27251102160591003F0010395
:10566800F568E360434B02F001026160A2604146C5
:1056780028461A6807F052FA824638B93E4B00931A
:10568800662374693046364A36499DE73B4B4146A6
:1056980028461A6807F042FA814620B9384B009329
:1056A80074696923EEE7374B41461A68284607F0C4
:1056B80035FA354B414683461A68284607F043FABF
:1056C800804620B9314B009374696E23DAE79DF860
:1056D8007430012B21D1DAF80C3051462361D9F806
:1056E8000C3028466361D8F80C30A3612B689B699D
:1056F80098472B6849469B69284698470A9B032B7D
:1057080004D12B68594628469B6998472B68284638
:1057180041469B699847002069E7D9F8143010374B
:105728001B694A460893A36A51460793636ACDE901
:105738000007069304F13003059304F12C03049346
:1057480004F12003039304F11C03029330465B46E3
:1057580007F0F6FF0028BED049E700BFC82B0208B3
:10576800FE2D0208B12B020804360208062C020896
:10577800EC2B0208445A02081A2C0208405A020864
:105788002B2C02083C5A0208385A02083D2C020801
:105798002DE9F04FD1F80CA00446884699B0BAF12B
:1057A800000F01D10BF0C1FBD1F810B0BBF1000F15
:1057B800F8D0C6680022304607F0C5F9814660B9BE
:1057C800674B0093962365692046664A6649A84751
:1057D8000124204619B0BDE8F08F0022414630462A
:1057E80007F09CF9074620B9604B00936569992337
:1057F800EAE701224146304607F090F9054620B90C
:105808005B4B009365699C23DEE77B69DA689B68DC
:1058180009920A9343692046DA680B929A680C92B7
:10582800D9F81420D16892680D911969A36B890081
:105838000E920F919847A36BCAF824000F9920463F
:1058480098473B7FCAF82800092B31D12A68012ADA
:105858000DD00123CDE90223464B0193464B00931B
:10586800B023656920463F4A4449A847B0E76A68BB
:10587800002A97D01068002894D05168002991D048
:105888000268012A08D068690069824204D03C4B4A
:1058980000936569B92397E709688A4208D0394BAC
:1058A800CDE902210193384B00936569BE23D9E7FE
:1058B8002A7F934234D0092B2BD1122A32D0092ABD
:1058C80029D1CDF818A03B7F204605930E9B5A4658
:1058D80004930D9B414603930C9B02930B9B0193EE
:1058E8000A9B0093099BFFF75BFE044600287FF4A0
:1058F80070AF3368494630469B69984733683946E4
:1059080030469B6998473368294630469B699847D3
:105918005FE7072BD3D0204663691C49984757E7B0
:10592800122BCED1696951F8043B062B3FF73AAFE9
:105938009A0012A80F930BF03AFD002201210F9B49
:1059480011A8934205DC2046236C0AF134029847DB
:10595800B7E750F804CF01320CFB01F1F1E700BFC3
:105968003D2C0208FE2D0208B12B02081A2C020851
:105978002B2C0208FA2C0208142D0208EC2B020822
:10598800692E0208EB2E0208112F0208322F020896
:10599800836B10B50BB90BF0C8FA3021BDE8104085
:1059A800184700002DE9F04FD1F80CA004460F4627
:1059B800C5688FB0BAF1000F01D10BF0B6FAD1F873
:1059C80010B0BBF1000FF8D0564B28461A6807F004
:1059D800A5F8804660B9544B00933023656920468A
:1059E800524A5349A847012420460FB0BDE8F08F1A
:1059F800504B394628461A6807F090F8064620B9F1
:105A08004D4B009365693323E9E74C4B39461A68D7
:105A1800284607F083F84A4B394681461A682846D3
:105A280007F091F8074620B9464B0093656938237B
:105A3800D5E798F81C003B7F834212D0666905F0D1
:105A48000DFD0546387F05F009FD3F4BCDE90250B5
:105A580001933E4B20460093344A39233C49B047D2
:105A6800C1E70128337F0DD1012B2DD005F0F6FCBD
:105A78000446307F05F0F2FC21460246354807F01F
:105A88009BFBB0E7092819D1092B1DD0122BEDD1AA
:105A9800716951F8043B062B8FDC9A0008A805931E
:105AA8000BF085FC00220121059B07A8934232DCFC
:105AB8002046236C0AF12002984705E0072801D107
:105AC800092BD2E7122BE3D098F81C209BF8001082
:105AD80020464346CDE9027ACDE9006900F0FAFD97
:105AE8000446002880D12B68414628469B69984780
:105AF8002B68314628469B699847B9F1000F04D0B6
:105B08002B68494628469B6998472B68394628469A
:105B18009B69984768E750F804CF01320CFB01F104
:105B2800C4E700BF645A02081A2C0208CE2F0208E4
:105B3800B12B0208605A02082B2C02085C5A020892
:105B4800585A02083D2C02084F2C02085C2C020807
:105B5800333002084D300208002938B5034604687E
:105B680001DBA14201DB0BF0E0F900220120043344
:105B78008A420CBF012553F822500132944205FB9A
:105B880000F0F5DC38BD2DE9F04F8DB00A930368BD
:105B9800176802934368012F03938368154604939B
:105BA800C368179C05930369099106934369009399
:105BB8008369019301DC0BF0B8F92668002EFADD41
:105BC800DDE900329342F6DC013E31462046FFF71C
:105BD800C3FF314607902046FDF7DAFFB91E044699
:105BE8002846FDF7D5FF8442E5DC2846791E0026C5
:105BF800FDF7CEFFB1460546B246079B53453FDD4C
:105C08004FF00008189B474603EB090B28E01EF9E4
:105C1800012B039908921CF9012B01330A440B92BA
:105C28000299089A0A4411460B9A01FB02009D4208
:105C3800EDDC169B13B153F827301844DDE9051243
:105C480007F0A2FE049B01371844009BA844984221
:105C5800B8BF1846019B9842A8BF18460BF8010B1D
:105C6800BC4208DD099B03EB060E0A9B03EB080CFC
:105C780000231846DBE70AF1010AA1442E44BCE7D9
:105C88000DB0BDE8F08F0000002313B50446CDE940
:105C98000033044A044B054907F07EFB204602B056
:105CA80010BD00BFAD590008C55C0008995900082F
:105CB80008B508B90BF039F9006808BD2DE9F04FAF
:105CC8002DED028BD1F810A081460D46ADF2145D82
:105CD800BAF1000F01D10BF028F9BD4B1A6807F093
:105CE80082FBBC4B29461A688046484607F07BFB76
:105CF800B94B29461A680746484607F074FBB74B64
:105D0800294604461A68484607F06FFBED680646C0
:105D1800002DE0D098F80800072800F0C98109286C
:105D280000F08F80012840F09C84F4AD28469AF852
:105D3800001000F0B3FC414614A807F064FB0DF115
:105D48006C09D8F8003039464846059307F05BFBE4
:105D5800002FC0D03B68214622A81F4607F053FBFE
:105D680004B124680DF1A40A3146504607F04BFBF4
:105D7800002EB0D0336850460793299BD9F80060AD
:105D880003F1FF3B5946FFF7E7FEB11E0690484670
:105D9800FDF7FEFE95ED078AD5ED088A59460546BA
:105DA8005046FDF7F5FE854295D14846711EFDF730
:105DB800EFFE002302469C461846DFED896A0699E5
:105DC800614540F387800026079901EB8009059912
:105DD80001EB8308314622E0BAEC016ABBEC017A98
:105DE800E6EE077A0EF1010E7245F5DC0CB304EB12
:105DF800810E9EED007A77EE877AB4EEE78AF1EEAF
:105E080010FAC8BFF0EE487AF4EEE78AF1EE10FA1D
:105E180048BFF0EE687AE9EC017A01311644A942EC
:105E28000ADAC2464FF0000EDFED6D7A07EB860BFB
:105E3800DAE7B0EE667ADEE70CF1010C2844134489
:105E4800BDE7387A092851D0122840F00084D9F8E3
:105E58004430296A4846984781463846FFF728FF64
:105E6800394682460DF59D6007F0CDFA00230121E1
:105E7800DDF8E8240DF59D6C934232DB4A46504626
:105E880007F01CFE2946FEA800F0F6FB414630A8A4
:105E980007F0B9FA4046FFF70BFF3946054637A821
:105EA80007F0B1FA21463EA807F0ADFA04B124681C
:105EB80045AF3146384607F0A6FA002E3FF40BAF3F
:105EC80033682946CDE901734B46009437AAFEA8EA
:105ED800FFF759FE00200DF2145DBDEC028BBDE802
:105EE800F08F5CF8040F01334143C5E795F82C3077
:105EF8002946002B00F0AF800DF5846000F0BCFB54
:105F08006B6A41460993AB6A4CA80A9307F07BFA7F
:105F18004046FFF7CDFE53AD39460B90284607F0B3
:105F280072FA3846FFF7C4FE21460C905AA807F0CB
:105F38006AFA04B1246861AF3146384607F063FA5B
:105F4800002E3FF4C8AE3368D5F800801093DDF812
:105F58002034B8F1010F0D93DDF828340E93DDF8E5
:105F680034340593DDF8383406937FF7B4AE619E78
:105F7800002E7FF7B0AEDDE9053293423FF7ABAEB6
:105F8800013E31463846FFF7E7FD31460F90384667
:105F9800FDF7FEFDA8F1020106462846FDF7F8FDCB
:105FA80086423FF798AE08F1FF3128464FF00008C7
:105FB800FDF7EEFDC2460746C3460F9B5B4589DDEC
:105FC8004FF00009109B4D465344089333E000BF3F
:105FD800645A0208605A02085C5A0208585A0208B1
:105FE8000000000007991CF9012B11F901EB01339E
:105FF80007910D990A440EFB02009F42F2DC14B18E
:1060080054F8253018440A9BB94453F82520099BB5
:1060180053F8251007F0B8FC0E9B01351844059B72
:106028009842B8BF1846069B9842A8BF1846089BD6
:1060380003F8010B0893AE4208DD0B9B03EB080C39
:106048000C9B4B44079300231846D6E70BF1010B32
:10605800B244B844B1E70DF5896000F00DFB414644
:1060680068A807F0D0F94046FFF722FE39460546F2
:106078006FA807F0C8F93846FFF71AFE2146074609
:1060880076A807F0C0F904B124680DF5FA7831460E
:10609800404607F0B8F9002E3FF41DAE3368294694
:1060A800CDE9018300943B466FAA0DF589600FE79F
:1060B800387A092840F0CB821CB1237A022B40F0B1
:1060C800548195F82C302946002B00F0A4800DF55A
:1060D8008E6000F0D1FA6B6A41460993AB6A84A8D6
:1060E8000A938BAD07F08FF9D8F800303946284667
:1060F8000C9307F088F93846FFF7DAFD21460B9034
:1061080092A807F080F904B1246899AF314638465F
:1061180007F079F9002E3FF4DEAD33682E6810934E
:10612800DDF87034012E0D93DDF878340E93DDF828
:1061380084340693DDF8883407937FF7CCAD999BB8
:10614800002B7FF7C8ADDDE906218A423FF7C3ADD2
:1061580003F1FF3841463846FFF7FEFC41460F90F1
:106168003846FDF715FDB11E07462846FDF710FD18
:1061780087423FF7B0AD711E28460026FDF708FD9F
:10618800B2468046B3460F9B5B457FF7A3AE4FF000
:106198000009109B4D4603EB4A0305930C9B03EB48
:1061A8004603119328E008991CF901EB31F9022BF9
:1061B800013308910D990A440EFB02009845F2DC60
:1061C80014B154F8253018440A9BC14453F82520CB
:1061D800099B53F8251007F0D7FB0E9B013518448F
:1061E800069B9842B8BF1846079B9842A8BF184616
:1061F800059B23F8020B0593AF4207DD0B9B03EBCE
:10620800090C119B089300231846D7E70BF1010BE3
:10621800BA444644B7E70DF5936000F02DFA4146BD
:10622800A0A807F0F0F8D8F800303946A7A80993D5
:1062380007F0E9F83846FFF73BFD21460890AEA87D
:1062480007F0E1F804B12468B5AF3146384607F0E5
:10625800DAF8002E3FF43FAD3368A79E1193DDF8BE
:106268009834012E0A93DDF89C34A7AD0B93DDF822
:10627800A0340C93DDF8A4340D93DDF8A8340E9304
:10628800DDF8AC340593DDF8B03406937FF723AD21
:10629800B59B002B7FF71FADDDE905218A423FF74B
:1062A8001AAD03F1FF3841463846FFF755FC414621
:1062B8000F903846FDF76CFCB11E83462846FDF763
:1062C80067FC83453FF707AD2846711E0025FDF79B
:1062D8005FFCA9460646AA460F9B53457FF7FAADD1
:1062E8004FF00008119B474603EB49030793099BAE
:1062F80003EB4503129329E03CF9022B0B9910920A
:106308001EF9012B01330A4413920A99109A0A4480
:106318001146139A01FB02009E42EDDC14B154F8B9
:1063280027301844DDE90D1207F02EFB0C9B0137CE
:106338001844059BB0449842B8BF1846069B98423B
:10634800A8BF1846079B23F8020B0793BB4507DD38
:10635800089BDDF848C003EB080E00231846DBE76E
:106368000AF1010AD9443544B6E7042B7FF4B2ADEB
:1063780095F82C302946002B00F0B2800DF5986076
:1063880000F07AF96B6A41460993AB6ABCA80A9394
:10639800C3AD07F038F8D8F80030394628461193CD
:1063A80007F031F83846FFF783FC21460B90CAA85E
:1063B80007F029F8D4F80090D1AC3146204607F010
:1063C80022F8002E3FF487AC3368C39D1093DDF8A4
:1063D800C034012D0C93DDF8C8340D93DDF8D434A6
:1063E8000693DDF8D83407937FF775ACD19E002E5D
:1063F8007FF771ACDDE9063293423FF76CAC013EA2
:1064080031462046FFF7A8FB31460E902046FDF79F
:10641800BFFBA91E8346C3A8FDF7BAFB83453FF718
:106428005AAC691EC3A80025FDF7B2FBA84606466C
:10643800AA460E9B53457FF74DAD0027109B3C465F
:1064480003EB48030893119B03EB4503129337E0D2
:106458001EF9013B3CF9021B0F930C9B01320B44C4
:106468000F994B430599181841EBE373059396422E
:10647800EEDCB9F1000F0AD059F8343009EBC40248
:10648800C31818465268059B43EB020305930A9B01
:10649800099A53F8243052F82420059907F0B8FADD
:1064A8000D9B01341844069B37449842B8BF1846E0
:1064B800079B9842A8BF1846089B23F8020B08932D
:1064C800A34508DD00220B9B1046DDF848C003EB0E
:1064D800070E0592CBE70AF1010AD8443544A8E72C
:1064E8000DF59D6000F0C8F84146D8A806F08BFF6E
:1064F800DFADD8F8003039462846129306F083FFFE
:106508003846FFF7D5FB21460A90E6A806F07BFF40
:10651800D4F80090EDAC3146204606F074FF002E0A
:106528003FF4D9AB3368DF9D1193DDF8E834012DD2
:106538000B93DDF8EC340C93DDF8F0340D93DDF8B3
:10654800F4340E93DDF8F8340F93DDF8FC34069339
:10655800DDF8003507937FF7BEABED9E002E7FF781
:10656800BAABDDE9063293423FF7B5AB013E31469F
:106578002046FFF7F1FA314610902046FDF708FB58
:10658800A91E8346DFA8FDF703FB83453FF7A3ABAE
:10659800691EDFA80025FDF7FBFAA8460646AA46AD
:1065A800109B53457FF796AC0027119B3C4603EBA5
:1065B80048030993129B03EB4503139337E03EF915
:1065C800023B01321946089B13F901CB08930C9B37
:1065D8009C440B9B194401FB0CF30599181841EBDB
:1065E800E37305939642EADCB9F1000F0AD059F833
:1065F800343009EBC402C31818465268059B43EBB4
:1066080002030593DDE90E23059907F001FA0D9BB6
:1066180001341844069B37449842B8BF1846079B74
:106628009842A8BF1846099B23F8020B0993A34573
:1066380008DD00220A9B10463B44DDF84CE0089335
:106648000592CFE70AF1010AD8443544A8E704F0D7
:1066580005FF98F808200146054806F0ADFD012021
:1066680039E404F0FBFE98F8082001460148F4E7F5
:1066780080300208DC2D02084A69524202608A69A9
:1066880052424260CA6982600A68C2604A6802610E
:106698008A684261CA68826170470000012909D08E
:1066A800032909D002290AD06FF40002064BC261FF
:1066B800036270470022F9E70022044BF7E74FF026
:1066C8007E53034AF3E700BFFFFF7F7F0000C0400F
:1066D800000080BF2DE9F04F91B009910021DDE95C
:1066E8001CA5012A1E46DDE91A73044685F82C10FC
:1066F80000F0BB803A68012A40F08E80D7F8048009
:10670800B8F1000F00F08880D8F8001051B9584B44
:10671800584A009344694B235749A047012011B0B8
:10672800BDE8F08FD1F80090B9F1010F74DD337F27
:1067380085F82C20092B01D0072B02D13B7F122B87
:1067480008D14E4B2046009365696323494A4A495C
:10675800A847E3E77B69D8F8082003EB82035B6866
:1067680099450CD0CDE90293454B20460193454B02
:10677800404A009365696B234349A847CEE74FEA2F
:10678800890B5946A36B204698475946A36B686204
:1067980020469847D6ED027ACDED057ADAED027AF1
:1067A800D8F80030CDED087A4FF00008A86203F160
:1067B800040BFBEC017A0598CDED067AF9F786FE15
:1067C800CDE90A010698F9F781FE02460B46DDE994
:1067D8000A01F9F7D3FECDE906010898F9F776FE24
:1067E80002460B46DDE90601F9F7F2FF41EC100B12
:1067F8000EA90DA807F07EF96B6A0D9A43F82820B8
:10680800AB6A0E9A43F8282008F10108C145D0D197
:10681800FB68BBB10AF089FB002000210EAACDE974
:106828000E01CDE900A231463A46204606F0A4FE04
:1068380000287FF474AF28469DED0E0B291D07F044
:1068480059F9E5E7F2682046C5E905235246DAF822
:106858000C300999EB6105F10C031A9305F1080353
:1068680011B0BDE8F04F06F0E1BE084657E700BF9B
:106878000F310208A3300208B12B02082A3102089E
:10688800A6310208E3310208EC2B0208836B10B52D
:106898000BB90AF04AFB1021BDE810401847000068
:1068A80080FB0132002A10B50C4CA8BF4FF0804481
:1068B800B0F1004F08BF88420DD0E31842EBE472F4
:1068C800002A04DA6FF000415B1842F10002D80F89
:1068D80040EA420010BD6FF00040FBE7010000C035
:1068E8002DE9F0474FF00009064601254C46D0F83F
:1068F80000A0CA4503DC28462146BDE8F087012DE3
:1069080074F10003F7DB2A4623466FF000400021AC
:10691800FAF75CF956F8048F4FEAE877804577EB89
:10692800010105DB0749084806F046FC0AF0FDFAB4
:106938006F4308FB0477A5FB085409F101093C449F
:10694800D7E700BF0132020851480208002313B5F7
:106958000446CDE90033044A044B054906F01CFD02
:10696800204602B010BD00BF1D710008F96C000878
:10697800956800086FF00042C317801843F10003C0
:10698800B3F1FF3F08BFB0F1FF3F15BF0122024638
:1069980000211946801843EB010370B5DD0F2D184F
:1069A80043F100036D0845EAC37528462C49FFF7F3
:1069B80077FF032600F15A3421462846FFF770FF77
:1069C800C0F100512046FFF76BFFB0F1005F2CDAF1
:1069D800B0F1604F23DD00228000002120EA01038E
:1069E80021F000414B4023EA020302F000425340E9
:1069F800013E1C44E0D1B4F1804F26DAB4F1404F97
:106A08001DDD30462419002624EA060426F0004637
:106A1800744024EA000400F00040604070BD4FF06C
:106A2800FF3208D14FF00040D7E700224FF0FF3186
:106A38006FF00040D2E700214FF00040CEE70AD1C6
:106A48004FF000444FF0FF30DDE730466FF0004470
:106A58004FF0FF36D8E74FF0FF304FF00044D3E750
:106A6800C4C3C3C3704708B5FFF71AFF08BD0000C9
:106A78002DE9F04104461A48FFF7F4FF0546194886
:106A8800FFF7F0FF04F18054074621462046FFF740
:106A9800EAFF21460646FFF7E6FF314680463046C4
:106AA800FFF7E1FFC20F013200F0030183108A42B1
:106AB800B8BF0133394603EB0800FFF7D4FF831949
:106AC80003F00102B2EBD37FCCBF0121002101EB1F
:106AD800630128462144FFF7C6FF2844BDE8F0813A
:106AE80094A8F570ABAAAA2A2DE9F04140F07E449B
:106AF80006462001FFF7BCFF07464148FFF7B2FFF3
:106B080001463846FFF7AFFFA41B04F00075002DBF
:106B180014BF80464FF00008C5F34065013D05EA03
:106B2800070088EA00083748FFF79CFF01464046FF
:106B3800FFF799FF04F08065002D14BF0746002772
:106B48003148FFF78FFFC5F38065013D05EA080569
:106B58006F4001463846FFF786FF04F00065002DB8
:106B680014BF80464FF000082848FFF77BFFC5F3A5
:106B7800C065013D3D4088EA050801464046FFF7EB
:106B880072FF04F08055002D14BF074600272048E7
:106B9800FFF768FFC5F30075013D05EA08056F407A
:106BA800014604F000583846FFF75DFFB8F1000FC2
:106BB80008BF0020C8F34075013D3D4045401548D9
:106BC800FFF750FF04F0804401462846FFF74BFFCB
:106BD800002C08BF0020C4F38073013B002E03EA99
:106BE800050383EA000314BF4FF0FF30002003EAD7
:106BF80000030CBF6FF0004000205840BDE8F08152
:106C08007BBEAF63F2CBA24D6CAC162FA4AA521177
:106C1800B72A580211FE0A002DE9F74F8246894625
:106C28000025CDE90023DFF8C4B00C9B9D4202DBB0
:106C380003B0BDE8F08F0D9BC9F100025857A0EBD7
:106C48000A0082424CDA48454DDADDE9001206F0C6
:106C58009BFE0028D5BF00224FF0FF389046024621
:106C6800D8BFB0FA80F4C0F1000020EA080080EA3A
:106C78000200D8BF6409C0F10000CCBF0024644200
:106C8800FFF732FFFFF776FE06464FF08040FFF72A
:106C9800E9FE6FF0004C6FEA0807ACEB060C0CEA53
:106CA800070108EA060881EA0802204022EA0402ED
:106CB80042400BEBD270C2F31601D2158842B8BF1E
:106CC8000132803A12F1800F07DB802A08BF7F2249
:106CD80052B20E9B5A550135A7E76FF07F02F7E7CE
:106CE8006FF07F02F5E77F22F3E700BFFFFF3F0069
:106CF8002DE9F04F2DED048B6F4B93B01A680446C5
:106D08000D4606F070FB6D4B07461A68204629466B
:106D180006F06BFBEB6804460BB90AF006F9387A03
:106D2800012856D1237A012B40F0A180394604A8C6
:106D380006F069FB21460BA83D6806F064FB049940
:106D48000B9B26689942E8D104AB1C4600200BAA8D
:106D5800814213DC00220127914217DC2C46DFED2B
:106D6800588A0025B7EE008ABAEE029ABD4212DBB5
:106D7800002013B0BDEC048BBDE8F08F52F804CFAF
:106D880054F8047FBC45C8D10130E1E753F8040F3B
:106D980001324743E0E7B4EC010AB4EEE80AF1EE49
:106DA80010FA13DCB4EEC90AF1EE10FA05D508F0B2
:106DB800BDFDA6EC010A0135D8E7B1EE400A08F09E
:106DC800B5FD70EE087A88EE270AF2E7B7EE000AFA
:106DD800EFE7072858D1227A072A48D1D3E9026574
:106DE8007868FFF77DFD002DD7F800E0D4F8008023
:106DF80093DBAEBB0323AB40374635461E46002225
:106E08003049DFF8CCC0304C9042B1DD3EF91290E9
:106E180006FB097949FA05F989EAE97AAAEBE97AD8
:106E2800BAF5FF3F28BF0B464FEA5A2B3FBF3CF845
:106E38001B300BF1010B3CF81BB0CAF3080A3EBF2C
:106E4800ABEB030B5B020AFB0B33B9F1000FACBFD2
:106E580003F50073E31A9B0A28F812300132D3E7CE
:106E68001DB101276B1E9F40C9E72F46C7E704F0F5
:106E7800F5FA0546207A04F0F1FA29460246134845
:106E880006F09AF9012074E70928F0D1227A092A34
:106E9800EDD1D3E90056D3E902897868FFF720FDE0
:106EA8002368424602933B683146CDE900034B46CE
:106EB8002846FFF7B1FE5BE76C5C0208685C0208D5
:106EC800CFF3844100FCFF01FF01000233320208C6
:106ED800685A0208000000002DE9F04FD0F80CB005
:106EE800044616465846002287B00F4605F016FE9F
:106EF800054658B9744B0093272365692046734AA1
:106F08007349A847012007B0BDE8F08F3946002231
:106F1800584605F018FE074620B96E4B0093656980
:106F28002A23EBE7287F3B7F834212D0666904F06F
:106F380095FA0546387F04F091FA674BCDE902507F
:106F48000193664B20460093604A2C236449B0475E
:106F5800D8E7092B36D1FB6813F1800F0ED06FF0FC
:106F68007F02CDE902325F4B01935F4B00932E23E2
:106F780065692046554A5D49A847C3E7A868F9F7F7
:106F8800A5FA00225A4BF9F7F9FA41EC100B3046F2
:106F9800EB6840F80C3B08F097FC0022554B51EC8D
:106FA800100BF9F7EBFA41EC100B09F07DFB51ECF3
:106FB800100BF9F793FD1F22B060F168042006F06A
:106FC8005BFE70602B7F072B6AD1EB684BB1002208
:106FD800CDE90232484B0193484B0093656946233B
:106FE800C7E7D7F80CA0BAF1000F08D0CDE902A383
:106FF800414B01933C4B009365694723B9E795EDF5
:10700800020A04A806F07AFE049B0C33F3606BB9FD
:1070180060B1C6F808A097ED020A05A806F06EFE52
:1070280078BB374B00936569652367E7A868F9F76C
:107038004DFA0022334BF9F7A1FA0022324BF9F747
:107048009DFA1FA3D3E9002380468946F9F712FD6C
:1070580010B1BAF11F0F0BD140464946C6F80CA033
:10706800F9F73CFDB0F5004FB060D4DB09F05DFFE7
:1070780042464B46404649460AF1010AF9F7C8F824
:10708800DFE7059B13F10F0F0AD06FF00E02CDE971
:1070980002321E4B01931E4B00936569672368E714
:1070A800DBF80030294658469B699847DBF80030E2
:1070B800584639469B699847002024E7AFF300807B
:1070C80000000000C0FFCF401A2C02085632020808
:1070D800B12B02083D2C02084F2C02085C2C020838
:1070E80033300208BB320208C7380208EC2B02080A
:1070F8000000A0410000E04188530208DE32020887
:10710800F73202080000B04000000840353302089A
:107118004C330208CA6808B50AB909F006FFBDE889
:107128000840FFF7D9BE2DE9F84304460E469046BD
:1071380000250768BD4212DB002E1DDBBE421BDAAC
:107148000120002304349E420CBF012254F823205E
:1071580001339F4202FB00F0F5DCBDE8F883B5423D
:107168000CD029462046FCF713FD294681464046A7
:10717800FCF70EFD814501D009F0D7FE0135D9E7AE
:10718800C31103F580739BB231F8132001EB43015F
:107198004B8840219B1A00F07F0013FB001302EB81
:1071A800E31000B2704700002DE9F04F0C460F685D
:1071B80089B0013F3946069205461A4620461E46C2
:1071C800FFF7B1FF3B463946049032462046FCF7AC
:1071D8002AFD0027044647F6FF780197019B049A89
:1071E800934202DB09B0BDE8F08F069B002203EB57
:1071F800470B59464A4B7E00A24241DB4FF0000A3A
:10720800D146129A16440596A24540DBB9FA89F28E
:107218004FEAE973501EA2F12101834009FA01F1F6
:107228009246C2F1210229FA02F20B4309FA00F947
:1072380019F5005043EA020343F10003800B40EACA
:107248008340A0F5C03010F5004F3EDB4045A8BF95
:107258004046E96A00B2FFF793FF4FF0010C0021A6
:10726800CAF11F03DBB25A1E0CFA02FC4FEAEC7299
:107278000792A1422BDB019B274401330193ADE721
:1072880031F9020B01328342B8BF0346B4E73BF938
:10729800020BD5E90212C01A079306F075FB4044A9
:1072A80010F5004F079B0EDB4045A8BF4046A96A72
:1072B80000B20793FFF764FF079B26F81A00814482
:1072C8000AF1010AA0E71648F1E71548C1E7079A4D
:1072D800CDF808C00392059ADDE902AB32F8112017
:1072E800C3F12009C2FB80ABB3F1200E2AFA03F2E6
:1072F8000BFA09F942EA09025CBF4BFA0EFE42EAB0
:107308000E02002A08DBB2F5004FB4BF9646C64607
:1073180026F802EB0131ACE74FF0000EF8E700BFAA
:107328000080FFFF002313B50446CDE90033044A6B
:10733800044B054906F030F8204602B010BD00BFE6
:107348005D7E00083D770008497E0008002910B5D9
:1073580006DA4FF4B3710C4B0C4A0D4809F0ECFDFA
:107368001F2904DD40F267110A4B084AF5E701239B
:107378008B40C20F013B03EA000402EB63030841A0
:107388009C42C8BF013010BD66330208743302083E
:10739800CE3302084E3402082DE9F04140F07F4414
:1073A80007466001FFF764FB80464848FFF75AFB31
:1073B80001464046FFF757FBE41B04F08075002D9B
:1073C80014BF06460026C5F30065013D05EA08001E
:1073D80046403F48FFF746FB01463046FFF743FB70
:1073E80004F00075002D14BF80464FF0000839489E
:1073F800FFF738FBC5F34065013D354088EA0508CD
:1074080001464046FFF72FFB04F08065002D14BFAE
:10741800064600263048FFF725FBC5F38065013D89
:1074280005EA08056E40014604F000653046FFF79E
:107438001AFB002D08BF0020C5F3C065013D35408B
:1074480045402648FFF70EFB04F0805801462846C1
:10745800FFF709FBB8F1000F08BF0020C8F300765A
:10746800013E2E4046401E48FFF7FCFA04F0005843
:1074780001463046FFF7F7FAB8F1000F08BF0020C1
:10748800C8F34075013D35404540F220FFF7EAFA60
:1074980004F0804401462846FFF7E5FA002C08BFAF
:1074A8000020C4F38073013B002F03EA050383EA3D
:1074B800000314BF4FF0FF30002003EA00030CBFA5
:1074C8006FF0004000205840BDE8F0817BBEAF63FC
:1074D800F2CBA24D6CAC162FA4AA5211B72A5802AF
:1074E80011FE0A002DE9F04F0C461D460E68836810
:1074F80087B0013E0093C36831460492D0F818B0B3
:107508002A4620460193FFF70EFE2A46029033468C
:1075180020463146FCF787FB00250446AA46029B15
:107528009A4502DB07B0BDE8F08F049B6FF07F0936
:107538005F193A460023A3421EDB4FF000083B4682
:107548004646A6421FDBB8FA88F608FA06F000F1AC
:107558000040FFF70FFAC6F11B061F2E039027D82D
:10756800109B4FF4004203EB45080023A34221DBA4
:107578000AF1010A2544D2E712F9011B01338945B2
:10758800B8BF8946D7E713F9010BA0EB090083457B
:107598000CDC0393DDE900139840FFF781F9FFF74E
:1075A800FBFE0C21FFF7D2FE039B80440136C8E79F
:1075B80009F0BBFC17F9010BA0EB0900834523DC9C
:1075C8000593DDE900139840FFF76AF9FFF7E4FE39
:1075D80001460398FFF747FA3146FFF7B7FEA0F5D3
:1075E8000040B0F5004F4FF40042059B09DA084906
:1075F8008842B8BF0846A8F80000013308F102081D
:10760800B4E747F6FF70F6E7A8F80020F5E700BFF3
:107618000080FFFF2DE9F04F0C461D460E68836879
:1076280087B0013E0093C36831460492D0F818B081
:107638002A4620460193FFF776FD2A4602903346F4
:1076480020463146FCF7EFFA00250446A946029B7E
:10765800994502DB07B0BDE8F08F049B6FF07F0807
:107668005F193A460023A3421CDB4FF0000A3B4651
:107678005646A6421DDBBAFA8AF60AFA06F000F167
:107688000040FFF777F9C6F123061F2E039025D88F
:107698004FF0000A109B2B44A24521DB09F1010998
:1076A8002544D4E712F9011B01338845B8BF884641
:1076B800D9E713F9010BA0EB080083450CDC039311
:1076C800DDE900139840FFF7EBF8FFF765FE0C21A2
:1076D800FFF73CFE039B82440136CAE709F025FC0C
:1076E80017F9010BA0EB080083451EDC0593DDE9C3
:1076F80000139840FFF7D4F8FFF74EFE01460398B1
:10770800FFF7B1F93146FFF721FE80387F28059B46
:1077180009DC6FF07F029042B8BF104618700AF17A
:10772800010A0133B8E77F20F8E76FF07F021A708B
:10773800F5E700002DE9F04F2DED048B0022B1B0E4
:107748000C46054605F04FFE00220746214628460E
:1077580005F04BFED4F80CC00646BCF1000F01D171
:1077680009F0E3FB654622AC0FCD0FC40FCD0FC463
:107778000FCD0FC495E8030084E80300387A072882
:1077880000F0978009286FD0012840F0A7809CED71
:10779800007B394606A88DED047B05F034FE3B6876
:1077A80031460DA8039305F02EFE002ED8D0069C76
:1077B8003368013C21460DAA06A80293FFF7B3FCE3
:1077C8002346214680460DAA06A8FCF72CFA002677
:1077D80004463746B84505DC002031B0BDEC048BC3
:1077E800BDE8F08F039B9FED428A03EB860B594659
:1077F8000022B50094420EDC029B4FF000091D44A4
:10780800AA46DFED3C8A4C4511DC00239C4223DC70
:1078180001372644DEE7F1EC017AF4EEC87AF1EE9E
:1078280010FA02F10102C8BFB0EE678AE2E7DDE9AB
:107838000401BBEC019AF9F779F939EE489A00EEA0
:10784800100A29EE000A08F071F809F10109AAECFA
:10785800010A78EE808AD6E795ED007AC7EE287A95
:107868000133E5EC017AD1E7337A3946072B1BA8B7
:107878000FD105F0C8FD314614A83C6805F0C3FDDA
:107888003368224600931BA914AB22A8FFF72AFEEF
:10789800A2E705F0B8FD314614A83C6805F0B3FD31
:1078A8003368224600931BA914AB22A8FFF7B2FE47
:1078B80092E739461BA805F0A6FD314614A83C6896
:1078C80005F0A1FD002E3FF44BAF3368224600932C
:1078D8001BA914AB22A8FFF767FC7DE703F0BEFDE8
:1078E8003A7A0146044805F067FC012075E700BFB5
:1078F800FFFF7FFF00000000342B0208F7EE007A3C
:1079080030EE270A87EE800A704708F00FB80000AB
:10791800F8B547F6FF741E46504B15461A1A2DED5A
:107928000C8B0AEE102A221A09EE102AB8EECAAAFF
:10793800B8EEC99A2AEE00AA29EE009ADFED487A35
:1079480079EE4ACA5B1A6CEEA7CA07EE903A631A38
:10795800B8EEE77A07EE903AF8EEE77A67EEA07AA3
:10796800F6EE00AAE7EE607A9FED3E7A2CEEAABA10
:1079780087EE27CA0024DFED3C9ADFED3C8AB71E6C
:1079880007EE904AF0EE4ABAF8EEE77AECEEA7BABC
:10799800B0EE6B0AA8470134B0EE408A3BEE2B0AE2
:1079A800A84707EE904AB0EE40DAF8EEE77AB0EE74
:1079B8004A0AACEEA70AA847F0EE40BA2CEE080A2D
:1079C80008F0C0FEB0EE408AACEE2B0A20EE2A0A80
:1079D80008F0B8FEF0EE40BA2CEE0D0A08F0B2FE40
:1079E8003BEEC00A20EE2A0A08F0ACFE38EE408AC8
:1079F800B4EEE98AF1EE10FA48BFB0EE698AB4EE47
:107A0800E88AF1EE10FAC8BFB0EE688ABDEEC88AFF
:107A180018EE103AB4F5007F27F8023FB0D1B0EE67
:107A2800490AA8472CEE000A08F08CFEB4EEE90AD1
:107A3800F1EE10FA58BFF0EE409AF4EEE89AF1EE43
:107A480010FAD8BFF0EE698AFDEEE88A18EE903A8F
:107A5800BDEC0C8BA6F80034F8BD00BF0080FFFF1A
:107A68000000003B00008047000000C700FEFF4602
:107A78002DE9F0432DED028B99460B7F89B0072B3A
:107A880004460F461546129E1AD140F20241836BF6
:107A9800984740B9AA4B0093272365692046A94A0D
:107AA800A949A84769E0B06240F202412046A36BA9
:107AB800984720B9A54B009365692B23EEE7F06240
:107AC8002A7F3B7F072A0AD1092B00F09281072BD6
:107AD80000F070819E4B009365693123DEE79A427E
:107AE80000F08781CDE902329A4B01939A4B0093BB
:107AF800342365692046934A9849A8473DE0002306
:107B0800CDE90283964B0193964B0093656939231F
:107B1800F0E7EA6842B1CDE90223914B0193914B1A
:107B2800009365695C23E5E7DFED8F7A95ED027ACE
:107B3800B4EEE77AF1EE10FADFED8C6ACCBF77EE9F
:107B4800677A77EEC77AF4EEE67AF1EE10FA7EDD20
:107B58004FF07C53002217EE100ACDE90423F8F702
:107B6800B5FC834BCDE902010193824B00935D2361
:107B780065692046734A8049A847012086E0287F26
:107B8800072832D1EB6813F5004F09D07B4ACDE9BD
:107B980002327B4B0193734B009365696223A9E71B
:107BA800DFED787A95ED027AB4EEE77AF1EE10FA25
:107BB800DFED756ACCBF77EE677A77EEC77AF4EEB9
:107BC800E67AF1EE10FA66DD0022704B17EE100A25
:107BD800CDE90423F8F77AFC6D4BCDE90201019356
:107BE800644B009365696323C3E7092812D066696B
:107BF80003F034FC0546404603F030FC654BCDE904
:107C080002500193534B0093662320464D4A624924
:107C1800B047B2E7EB6813F1800F0AD06FF07F022C
:107C2800CDE902325D4B01934E4B009365696723A2
:107C380060E795ED027ADFED5A7AB4EE677AF1EEF5
:107C480010FA28D0574B00936569682326E7B8686F
:107C5800F8F73CFC0446D9F800000D46F8F736FC66
:107C680002460B4620462946F8F788FC32A3D3E99A
:107C78000023F8F7ADFD06F1080841EC100B40466B
:107C880007A905F037FF079BF360002009B0BDEC9A
:107C9800028BBDE8F083B868F8F718FC41EC180BC4
:107CA800D9F80000F8F712FC06F1080441EC100BB3
:107CB800B0EE481AF0EE681A2146052007AA05F02A
:107CC800A7FF07991F22F160052005F0D5FFF8F7F7
:107CD800EBFB01F10041F8F701FFB061D5E7B8F11E
:107CE800010F0FD04046666903F0B8FB0546012036
:107CF80003F0B4FB2C4BCDE902500193164B0093D3
:107D0800852382E7287F01280ED0666903F0A6FB49
:107D18000546404603F0A2FB234BCDE902500193F0
:107D28000C4B0093862370E7D9F80000F8F7CEFBD8
:107D3800C6E90001A9E700BF140014001400243F9D
:107D4800C13402085D340208B12B0208D834020895
:107D5800FB3402084F2C02085C2C0208EC2B0208AA
:107D680088530208C7380208000000386F1203332E
:107D78005535020861350208353502080080FFFFD5
:107D880076350208000080376F1283320000F03E1B
:107D98007D35020889350208333002089535020816
:107DA8000000803B9A350208BC3502088000003884
:107DB800A0002039D5F80C80B8F1000F7FF49FAEF1
:107DC80041465FED060A47F6FF701FED070AB36AE2
:107DD800144AFFF79DFDF36A4146DFED130A9FED54
:107DE800130A134A1348FFF793FDEB68F361AB6876
:107DF800336297F81C80B8F1090F3FF4C0AEB8F1B0
:107E0800070F7FF46CAFFB68002B3FF482AE0022B3
:107E1800CDE90232084B0193084B009365695B2357
:107E280068E600BF137900088000003880008037BA
:107E3800057900080080FFFF88530208DE32020837
:107E4800836B10B50BB909F070F83821BDE8104004
:107E5800184700002DE9FF410B6804460D4613B191
:107E68001B68012B11D00122CDE902322E4B019360
:107E78002E4B00939423656920462D4A2D49A84727
:107E88000124204604B0BDE8F0814B6813B11B689B
:107E9800012B09D00122CDE90232234B0193264B55
:107EA800009365699523E7E7C6680022304604F029
:107EB80035FE074640B9214B009397236569204654
:107EC8001B4A1F49A847DBE743691B68002B04DCF2
:107ED8001C4B009365699823F1E700222946304638
:107EE80004F031FE804620B9174B009365699A2348
:107EF800E5E7EB6823B9154B009365699C23DEE73A
:107F08000093024639462B692046FFF7B1FD3368D6
:107F1800394604469B69304698473368414630469F
:107F28009B699847ADE700BF04360208CB350208C5
:107F38005D340208EC2B0208DB3502081A2C020813
:107F4800B12B0208EC3502083D2C0208063602085F
:107F580008B5D0E90B239A4201DD08F0E6FF426834
:107F6800802AFADC83687F33FF2BF6D87F32F4DB74
:107F780008BD836B10B50BB908F0D7FF3C21BDE8ED
:107F8800104018472DE9F04F0C1E8DB016461D46BF
:107F9800199F099037DD4FF00008179B07EB840BFA
:107FA80003EB840A189B03EB8409013CDBF80030DF
:107FB800984502D30DB0BDE8F08F33680AAA0A933A
:107FC8002B6821460B931D9B099807931C9B08F16E
:107FD800010806931B9B05931A9BCDE90373189B15
:107FE8000293179B0193169B00930BABFFF7CAFFF5
:107FF800DAF800203368134433602B68D9F800207E
:1080080013442B60D2E701D008F08FFF179B196843
:10801800189BD3F800C051EA0C02F5D032681A9BBD
:10802800D7F800B003EB02082A681B9B03EB020990
:10803800169B1A681C9B03EB020A99B9FFF788FF85
:108048005C4504DB2B683A6813442B6015E019F98A
:108058000410099A98F900001D9B98470AF8040033
:108068000134EDE7BCF1000F19D1FFF771FF5C4552
:108078000ADB33683A6813443360169B3A681B6816
:108088001344169A136095E718F90400099A99F9A8
:1080980000101D9B98470AF804000134E7E7FFF732
:1080A80057FF5C4504DB33683A6813443360C9E71B
:1080B80019F9041018F90400099A1D9B98470AF841
:1080C80004000134EDE7F8B51546126804469142FC
:1080D800016001DA08F029FF064600208F1AB8422D
:1080E80008D1231D9200291D03EB800009F05FF9D8
:1080F8002046F8BD8842EDDA46F8043F0130EEE745
:1081080070B50D461646FBF74FFD04462846FBF7AB
:108118004BFD05463046FBF747FDAC4201D008F061
:1081280004FF8442FBD170BD38B580FB0134002CBC
:108138001B4DA8BF4FF08045884208BFB0F1004FE3
:1081480017D0E81844EBE573002B04DA6FF0004110
:10815800401843F10003C00F40EA4300002AC2F16F
:10816800000109DD4FF4B3710E4B0F4A0F4808F0B8
:10817800E3FE6FF00040F1E71F3204DA40F26711C6
:108188000B4B094AF2E701238B40C20F013B03EA7C
:10819800000402EB630308419C42C8BF013038BDAC
:1081A800010000C06633020874330208CE330208A7
:1081B8004E34020870B51446936992681144626897
:1081C80001FA03F510449840D4E90712FFF7ACFF11
:1081D800D4E9091206462846FFF7A6FFD4E9041297
:1081E8003044FFF7A1FFE3681844E36A9842B8BF38
:1081F8001846236B9842A8BF184640B270BD2DE9B7
:10820800F04303680C688FB09C42B8BF1C46042337
:10821800062C0D461646137001DD08F086FE024650
:10822800012321466846FFF74EFF01232A462146CF
:1082380007A8FFF748FF009A079B9A420AD19200C5
:1082480008A901A808F0BEFF20B9012333700FB0B8
:10825800BDE8F083013C2546002D10DB2946684621
:10826800FBF796FC2946074607A8FBF791FC8742CF
:1082780001D1013DF0E7012F24D102233370337877
:108288009A1E012AC9D80125032B0CBF6F46E84660
:10829800C6E91555C6E917550CBF0DF11C0807AFFF
:1082A800002C75665ADB21464046FBF771FC2146D7
:1082B80081463846FBF76CFC814507D109FB05F57B
:1082C800013CEDE7012849D10323D7E7002C45DB22
:1082D80021464046FBF75CFC012808D12146384678
:1082E800FBF756FC336E013C43433366EEE7002C44
:1082F80034DB21464046FBF74BFC21460546384611
:10830800FBF746FC854204D1F36D013C6B43F365F2
:10831800EDE7002C22DB21463846FBF739FC012823
:1083280008D121464046FBF733FCB36D013C43437B
:10833800B365EEE7002C11DB21464046FBF728FC2D
:10834800214605463846FBF723FC854204D1736D68
:10835800013C6B437365EDE704233370012076E736
:10836800002313B50446CDE90033044A044B0549FC
:1083780005F012F8204602B010BD00BFB190000809
:10838800958E00087B7F00082DE9F04F93B0CDE96A
:1083980003238046072301201C9A8C4606A9013B2B
:1083A8006DD1072001210CAB01386BD11346012494
:1083B80002F11801994268D1D8F80010DCF80040A1
:1083C8000B46A14228BF2346059308EB810301937E
:1083D8000CEB84030125029300232F469B469A4603
:1083E800059EAE4254D2A14240F2AC80BBF1000FD0
:1083F80000D101334646091B03F18044013C02EBDE
:108408008405013B12AA02EB830356F8044F002CA3
:1084180049D053F8302C0130624343F8302C2A6895
:10842800884204FB02F22A60EFD1012206A80CA9B7
:108438000D46064600231446039F47F8234056F886
:10844800047B7C43049F47F8232055F8047B0133C1
:10845800062B07FB02F2EFD100231A4650F8045B03
:1084680051F8044BA54205D0012D40F08D80039CA6
:1084780044F823200133062BF0D1012014E041F801
:10848800040B8CE743F8041B8EE743F8044B91E791
:10849800019E56F804E90196029E56F80499029640
:1084A800BEF1000F03D1002013B0BDE8F08FB9F181
:1084B800000FF8D0BEF1010F74D1B9F1010F40F0EF
:1084C800938001358CE7013312AE5F1E06EB8707F8
:1084D80057F8186C4FF0010A09FB06FE47F818EC2C
:1084E80003F1804E0EF1FF3E52F82E7009FB07F79C
:1084F80042F82E700027BB46E3E7BAF1000F03D11C
:10850800BBF1000F00D107B1013312AE5F1E06EBBD
:10851800870757F8306C0EFB06F957F8186C47F8C0
:10852800309C0EFB06F947F8189C03F1804909F1C5
:10853800FF3952F829700EFB07F742F82970002717
:10854800BB464FE0BFF471AFBAF1000F00D1013361
:108558006646611A03F18044013C02EB8405013B45
:1085680012AA02EB830356F8044F002C9BD053F851
:10857800182C0130624343F8182C2A68884204FBFF
:1085880002F22A60EFD150E7012C09D1049C6FE771
:10859800BEF1010F98D0B9F1010F0CD0CE45ACD087
:1085A80008F0C3FCBAF1000F22D1B9F1010FF5D1DF
:1085B800BBF1000F00D1013312AE5F1E06EB870737
:1085C80057F8306C4FF0010B0EFB06F947F8309C5A
:1085D80003F18047013F52F827600EFB06FE42F880
:1085E80027E00027BA466CE7BAF1000F3FF46BAFFB
:1085F800BBF1000FCCD04B21024B034A034808F0D3
:108608009BFC00BF2136020848360208E5360208FE
:108618002DE9F04F2DED028B00288BB00D46144646
:10862800B0EE408AF0EE608A169F189E39DD4FF052
:108638000008179A06EB800907EB800A02EB800B0B
:108648000138D9F80020424504D80BB0BDEC028BA4
:10865800BDE8F08F2A6808A908922268F0EE680A37
:1086680009921B9AB0EE480A05921A9A0793049247
:10867800199A0690CDE90262179A08F10108CDE926
:10868800007209AAFFF7C4FFDDE90603DAF8001053
:108698002A680A442A602268DBF800100A4422602B
:1086A800CFE701D008F041FC179AD7F800C0D2F8FC
:1086B80000E05CEA0E02F5D00F68199A1A99D4F80E
:1086C8000080D6F800A002EB870B01EB88001B9A0C
:1086D80019684FEA8A0902EB8101BCF1000F1DD12C
:1086E8008144484503D108EB0A0222603DE0F0ECE2
:1086F800017A9BED007A77EE877AB4EEE78AF1EE9D
:1087080010FAC8BFF0EE487AF4EEE78AF1EE10FAF4
:1087180048BFF0EE687AE1EC017AE2E75A46D944BC
:10872800BEF1000F1DD04A4524D157442F6022685E
:1087380031680A44D9E7F2EC017A90ED007A77EED5
:10874800877AB4EEE78AF1EE10FAC8BFF0EE487AFD
:10875800F4EEE78AF1EE10FA48BFF0EE687AE1EC41
:10876800017A4A45E7D157442F601A6831680A44AC
:108778001A606AE7F2EC017AB0EC017A77EE877A50
:10878800B4EEE78AF1EE10FAC8BFF0EE487AF4EEDC
:10879800E78AF1EE10FA48BFF0EE687AE1EC017A68
:1087A800C1E72DE9F04FB0F1000A8DB00D4614462F
:1087B8001E46DDF8609037DD002709EB8A03099330
:1087C800169B03EB8A08179B03EB8A0B0AF1FF3A07
:1087D800099B1B68BB4202D80DB0BDE8F08F2B681F
:1087E8000BAA0A93236850460B931D9B0AA907936B
:1087F8001C9B013706931B9B05931A9B0493199B9B
:10880800CDE90293179B0193169B00933346FFF71C
:10881800C8FFD8F800202B6813442B602368DBF8C6
:10882800002013442360D3E701D008F07EFB169B99
:108838001868179B196850EA0103F6D01B9B2A6831
:10884800D4F8008003EB820C1C9B376803EB880E7E
:108858001D9B03EB8707D9F80030B0B9834202D1DA
:108868004344236030E05EF82020DCF800100A441E
:1088780019998A42B8BF0A461A998A42D4BF47F85A
:10888800202047F820100130E8E7C9B1534521D12D
:108898001A442A602368D9F800201344E1E75CF8F9
:1088A8002100DEF800402044199CA042B8BF2046B1
:1088B8001A9CA042D4BF47F8210047F82140013153
:1088C8008B42ECD11A442A603368D9F8002013444B
:1088D800336081E75EF82A005CF82A100144199891
:1088E8008142B8BF01461A988142D4BF47F82A107E
:1088F80047F82A000AF1010AC8E700002DE9F04309
:108908002DED028BC9B0549EDDE95254307A01280E
:108918000BD0022800F0818002F0A0FD327A0146D7
:108928006F4804F049FC01203CE01F7893ED0D8A64
:10893800D3ED0E8A2946002F39D009A804F063FD2B
:108948000DB908F0F2FA214610A82F6804F05BFD73
:10895800002CF6D0314641A8D4F8008033AD04F09D
:1089680052FD2CACD6F800903AAE2B462246009623
:1089780010A909A8FFF708FD98B10021F0EE680AD0
:1089880017911E912591B0EE480A0520CDE904897A
:10899800CDE90267CDE9004525AB1EAA17A9FFF767
:1089A80037FE002049B0BDEC028BBDE8F08317A864
:1089B80004F029FD002DC4D021461EA82D6804F01E
:1089C80022FD002CBDD0314641A8D4F8008004F027
:1089D8001AFD346841AA1EA917A8FFF791FB2A4679
:1089E800214645463B469842DBDDF2EC017AB5EC80
:1089F800017A77EE877AB4EEE78AF1EE10FAC8BF0B
:108A0800F0EE487AF4EEE78AF1EE10FA48BFF0EE9D
:108A1800687A0133E1EC017AE5E71F7829460DF120
:108A2800CC080DF1E809002F34D025A804F0EBFCA0
:108A3800002D86D021462CA82D6804F0E4FC002CDB
:108A48003FF47FAF3146276841A81EAC04F0DBFC39
:108A5800366843462246CDF800902CA925A8FFF792
:108A680093FC00289DD000236FF0004209931093D7
:108A780017934FF000430520CDE90332CDE9067680
:108A8800CDE901890595009417AB10AA09A9FFF74C
:108A980088FE86E7404604F0B6FC002D3FF451AF4F
:108AA800214648462D6804F0AEFC002C3FF449AF3F
:108AB800314641A8246804F0A6FC4946404641AA2C
:108AC800FFF71EFB3B46366898427FF76AAF55F8BA
:108AD800232054F823100A4446F823200133F3E7EF
:108AE800342B02082DE9F04F04460D4616464FF088
:108AF80000098DB01F46199B03EB81030893179B50
:108B080003EB810A189B03EB810B089B1B684B4501
:108B180002D80DB0BDE8F08F002D24DD3368204663
:108B28000A933B680AAA0B931C9B691E06931B9B1E
:108B380005931A9B0493199B0393189B0293179B05
:108B48000193169B00930BABFFF7CCFFDAF80020DC
:108B5800336809F10109134433603B68DBF80020EE
:108B680013443B60D1E701D008F0DFF93B681B9A5A
:108B7800A06932F91380A3681A9A984408FA00F396
:108B88000993336832F913306268134403FA00F02A
:108B9800D4E90712FFF7C8FAD4E909128046099800
:108BA800FFF7C2FAD4E904124044FFF7BDFAE268BD
:108BB800169B1044E26A1B689042B8BF1046226BAD
:108BC8009042A8BF10461C9A22F81300169A013347
:108BD8001360BBE72DE9F04F1C46EFB06822DDE9D2
:108BE8007897002154A8DDF8E88108F0FBFA636A59
:108BF80046AD5A93A36A49465593636928465B93E1
:108C080063685C93E36A5693A3695D93A3685E9374
:108C1800236B5793E3695893236A5993D4E9032341
:108C2800CDE95F2304F0EFFB39464DA804F0EBFBD8
:108C3800284654AA4DA9FFF7E2FA044698F8080016
:108C480007286AD0092840F011814946002C38D0FD
:108C580015A804F0D8FBB9F1000F01D108F065F9A7
:108C680039461CA8D9F8009004F0CDFB002FF5D0A8
:108C780041464DA83FAE38AC3F6804F0C4FBD8F875
:108C880000803346224600951CA915A8FFF77CFBF7
:108C980098B100217A4B2391CDE9068331AB2A9113
:108CA800319100930521CDE90497CDE9026501943E
:108CB8002AAB23AA54A8FFF765F900206FB0BDE8D6
:108CC800F08F23A804F09FFBB9F1000FC6D03946F6
:108CD8002AA8D9F8009004F096FB002FBED0414690
:108CE8004DA83F6804F08FFB54A8FFF731F94DAA4F
:108CF8002AA923A8FFF704FA054654A8D8F8006063
:108D0800FFF726F9A542D8DD395719F9040054AA06
:108D1800FFF750FA30550134F4E749463FAE002CCE
:108D280031D031A804F06FFBB9F1000F96D0394665
:108D380038A8D9F8009004F066FB002F8ED0414681
:108D48004DA82AAC3F6804F05EFBD8F80080334693
:108D58002246009538A931A8FFF716FB0028ACD0A9
:108D6800002323A915931C9323930091CDE905783B
:108D78000521CDE90359CDE901461CAB15AA54A834
:108D8800FFF7B0FE99E7304604F03DFBB9F1000F5C
:108D98003FF464AFD9F80030394628460C9304F004
:108DA80032FB002F3FF45AAF3B6841464DA80B9366
:108DB80004F029FBD8F80030DDE95F89C8450A933B
:108DC8003FF74CAF304629464DAAFFF799F9559E13
:108DD8002C4B09909E42FFF641AF47F6FE734FF6C3
:108DE800FC72DDF858A10AEB030191423FF636AF59
:108DF8009E423FF733AFDDE95AB30D935C9B0E9368
:108E08005D9B0F935E9B1093589B1193599B1293F4
:108E1800579B099AA2427FF750AFDDE90D121393D1
:108E28000B9B33F914500C9B554433F9140005FA85
:108E38000BF5304400FA0BF0FFF776F9DDE90F1275
:108E480007462846FFF770F9DDE911123844FFF7A5
:108E58006BF9139B0A9A18444045B8BF40464845E9
:108E6800A8BF484622F814000134D2E702F0F6FA07
:108E780098F808200146044804F09EF901201DE7EF
:108E8800BD8100080280FFFF342B02082DE9FF474F
:108E9800D1E903A906460C46BAF1000F01D108F042
:108EA80044F81D4B1A6804F09EFA1C4B21461A68B8
:108EB8000746304604F097FA194B80461A6821464F
:108EC800304604F092FA0546007A431E012B0BD86F
:108ED80053464A4621463046CDE901850097FFF7BB
:108EE8000DFD04B0BDE8F087092801D0072809D195
:108EF80053464A4621463046CDE901850097FFF79B
:108F080069FEEEE702F0AAFA2A7A0146054804F05B
:108F180053F90120E5E700BF785C0208745C020899
:108F2800705C0208342B02082DE9F04F2DED068BFA
:108F3800834681B08A46DDE91054194610461E461C
:108F4800174604F017FD2B7F80F00100092B2070D5
:108F580002D0072B40F081802A680AB907F0E5FFA4
:108F680097ED02AA96ED028AB4EEC8AA072B14BFA1
:108F78004FF014084FF00F08F1EE10FAFA6854BFDA
:108F88001AEE100A18EE100A5242A262F268524211
:108F9800E262EA68C4F824802263F7F797FA024687
:108FA8000B46F7F735F906460F4618EE100AF7F79D
:108FB8008DFA32463B46F7F70BFC41EC190B0120C2
:108FC80000FA08F0F7F770FA8046A8688946F7F7BC
:108FD8007DFA02460B4640464946F7F7CFFA024665
:108FE8000B4630463946F7F7F3FB41EC180B1AEEFF
:108FF800100AF7F76BFA32463B46F7F7E9FB04F13C
:10900800040904F1140841EC100B4946404604F0E9
:10901800DBFDB0EE490AF0EE690A04F1080104F13B
:10902800180004F0D1FD04F1200104F11C00B0EE99
:10903800480AF0EE680A04F0C7FD2A46584604F1CB
:10904800100310939AF8001004F10C0301B0BDEC62
:10905800068BBDE8F04F04F0E9BA012B0DD19AF860
:109068000030012B03D1002363630C4B04E0032B76
:1090780009D1002363630A4BA363002001B0BDEC50
:10908800068BBDE8F08F022B04D1064B63634FF0CB
:109098007E53F1E76FF40003E6E700BFFFFF7F7F31
:1090A8000000C040000080BF2DE9F043CB680446B3
:1090B8000E4685B00BB907F038FF0B69002BFAD0C4
:1090C800C5680022284603F029FD814660B9304B67
:1090D80000935823656920462E4A2F49A847012640
:1090E800304605B0BDE8F08301223146284603F03A
:1090F80015FD804620B9294B009365695B23EAE793
:1091080000223146284603F01EFD074620B9244BAD
:10911800009365695E23DEE7F3684A46CDE90003FC
:10912800434631692046FFF7FFFE06460028D7D19F
:109138003B7F022B1BD1D9F8003063B1CDE9023057
:10914800184B0193184B0093682365692046114A10
:109158001649A847C3E7D8F8002042B1CDE9022351
:10916800104B0193124B009365696A23EEE72B6855
:10917800494628469B6998472B68414628469B697B
:1091880098472B68394628469B699847A8E700BF47
:10919800A337020843370208B12B0208B537020883
:1091A8003D2C0208C7370208DD370208EC2B0208FD
:1091B800F7370208836B10B50BB907F0B6FE20210C
:1091C800BDE81040184700002DE9F04F0F698146AF
:1091D8008846B7B00FB907F0A8FECE68002EFAD0BF
:1091E8009A4B1A6804F0FFF8994B054641464846E1
:1091F8001A6804F0FAF80446287A072800F0CE80A6
:1092080009280ED0012840F0958133463A46414658
:109218004846CDE9005400F09FFA002037B0BDE879
:10922800F08FBB68294606937B681AA807933B69A9
:109238000A93FB680B93B6F904300893B6F900302B
:109248000993336902937369039304F0DCF82B687C
:10925800214621A8179304F0D6F8002CBBD0236828
:109268001693DDE902329342B5DC8033B3DB7F2A03
:10927800B1DC1A9B042BAED1219B042BABD100236C
:1092880021AA19461AA8FAF7CEFC03230C9019460E
:1092980021AA1AA8FAF7C7FC00211C9B0D900E936F
:1092A8001D9B0F93239B1093249B11930C9B8B4224
:1092B800B3DD089D4FF0000A6B4205935AE0049B0A
:1092C80000944B441AA8CDE91812FAF77AFCDDE9A4
:1092D8001812179B09F101091B569B45B8BF9B46FD
:1092E800139B4B45EBDC08F10108159B43452EDC2D
:1092F8009DF908809DF90C30D845B8BFD8469845E7
:10930800A8BF984600943346524621A81891FAF708
:1093180058FC169B189903F8008001340D9BA34252
:109328001BDC079B079AFF1A049B0136134404931E
:10933800119BB34216DD27EAE77312930F9B0B9A32
:109348003B449342A8BF134600241393E6E7059BCA
:10935800DDF8489008EB0302C2E76FF07F0BDDF8F9
:109368005080C2E7069B0AF1010AED1ADDE90532D1
:1093780013440593109B53450EDD25EAE5731493BA
:109388000E9B0A9A2B449342A8BF1346099F159334
:109398007B4200260493CBE7013187E7BB68294667
:1093A80006937B6828A807933B690A93FB680B938D
:1093B800B6F904300893B6F900300993336903937A
:1093C8007369049304F01FF82B6821462FA817939C
:1093D80004F019F8002C3FF4FEAE23681693DDE97B
:1093E800033293423FF7F7AE13F5004FFFF6F3AEA3
:1093F800B2F5004FBFF6EFAE289B042B7FF4EBAE1F
:109408002F9B042B7FF4E7AE00232FAA194628A828
:10941800FAF709FC03230C9019462FAA28A8FAF793
:1094280002FC00212A9B0D900E932B9B0F93319BDE
:109438001093329B11930C9B8B427FF7EEAE089DE5
:109448004FF0000B6B42059360E000BF805C0208A0
:109458007C5C020809EB0A03009428A8CDE91812DD
:10946800FAF7AFFB179B029A33F9103009F101099B
:109478009A42B8BF1A460292DDE91812139B4B456F
:10948800E8DC08F10108159B43452CDCBDF90C808C
:10949800029B00949845B8BF9846BDF910305A46CB
:1094A8009845A8BF98462FA833460291FAF789FB3A
:1094B800169B029923F8108001340D9BA34218DCF7
:1094C800079B0136FF1A9A44119BB34216DD27EA1F
:1094D800E77312930F9B0B9A3B449342A8BF134622
:1094E80000241393E9E7059BDDF8489008EB030295
:1094F800C4E7144BDDF850800293C4E7069B0BF1D8
:10950800010BED1ADDE9053213440593109B5B4509
:109518000EDD25EAE57314930E9B0A9A2B449342B9
:10952800A8BF1346099F00261593C7F1000ACBE789
:10953800013180E701F092FF0146034803F03CFE49
:1095480001206BE60080FFFF11380208002313B5E5
:109558000446CDE90033044A044B054903F01CFFD7
:10956800204602B010BD00BF01960008D191000846
:10957800BD9100082DE9F04FD1E901794FF0010BB9
:10958800536985B091F800A0D3E902830393D1E928
:1095980003340293DDE902213B465046CDF800B082
:1095A800FBF7D8F84B462246054641465046CDF8CB
:1095B80000B0FBF7CFF8013809FB00440020029BFC
:1095C800013D07FB0533039A0E9E9B1AA4EB080482
:1095D80023EAE37343FA0BF224EAE474326003EA01
:1095E8000B0344FA0BF204EA0B047260B360F460F4
:1095F80005B0BDE8F08F00002DE9F743D1F81090D1
:1096080004460F46B9F1000F01D107F08EFCCD6872
:10961800002DFAD0D0F80C800022404603F07EFAE4
:10962800064658B9424B00933D2365692046414A96
:109638004149A847012003B0BDE8F083394600221C
:10964800404603F080FA074620B93C4B0093656911
:109658004023EBE703463246494620460095FFF78C
:1096680089FF307F092801D007281FD197ED027A9A
:10967800D6ED027A77EEC77AF0EEE77A17EE900A1F
:10968800F6F724FF28A3D3E90023F7F7F3F920B965
:109698002B4B009365694923C8E7F268FB689A4237
:1096A8002CD0284B009365694A23BFE7012831D1A4
:1096B80099F81430012B03D10023AB61224B04E04D
:1096C800032B11D10023AB61204BEB61D8F800309C
:1096D800314640469B699847D8F80030404639469D
:1096E8009B6998470020A6E7022B04D1184BAB6171
:1096F8004FF07E53E9E76FF40003DEE705F114034A
:1097080099F814103A460093204605F1100303F027
:109718008DFFDBE701F0A2FE327F01460D4803F022
:109728004BFD87E7AFF300808DEDB5A0F7C6B03EDF
:109738001A2C020832380208B12B02083D2C020804
:1097480096380208AB380208FFFF7F7F0000C04050
:10975800000080BF342B02082DE9F04F2DED048B5B
:109768009168A7B004915168DDE9345405911169F5
:10977800D26808910992B3F9042029460692B3F9F0
:10978800002018A8D3ED068A93ED079A079203F0F4
:109798003AFE0DB907F0C9FB2B6821461FA815939F
:1097A80003F031FE002CF5D023681493189B042B8A
:1097B800F0D11F9B042BEDD100231FAA194618A82E
:1097C800FAF731FA03230A9019461FAA18A8FAF7DC
:1097D8002AFA00211A9B0B900C931B9B0D93219B3B
:1097E8000E93229B0F930A9B8B427EDD069E0025DB
:1097F8007342039364E00AEB0B03009418A8CDE9C5
:109808001612FAF7DEF9DDE91612159B0AF1010ABC
:1098180003EB8000D0ED007AF4EEC87AF1EE10FA8E
:10982800C8BFB0EE678A119B5345E4DC09F1010912
:10983800139B4B4532DCF4EEC88AF1EE10FAC8BF30
:10984800B0EE688AB4EEC89AF1EE10FA3B4600947E
:109858002A461FA848BFB0EE498A1691FAF7B1F90F
:10986800149B169903EB800080ED008A01340B9B52
:10987800A34219DC059B0137A8EB03089B440F9B07
:10988800BB4216DD28EAE87310930D9B099A4344FE
:109898009342A8BF134600241193E8E7039BDDF821
:1098A80040A009EB0302BEE79FED128ADDF848905D
:1098B800BEE7049B0135F61ADDE90332134403932E
:1098C8000E9BAB420FDD26EAE67312930C9B089AB7
:1098D80033449342A8BF1346DDF81C800027139336
:1098E800C8F1000BCBE701317DE727B0BDEC048B55
:1098F800BDE8F08FFFFF7FFF2DE9F043D1F810900E
:1099080006460C4685B0B9F1000F01D107F00DFBF2
:10991800D1F80C80B8F1000FF8D01E4B1A6803F08C
:1099280062FD1D4B05461A682146304603F05BFD73
:109938001A4B07461A682146304603F056FD03467F
:10994800287A421E082A1CD8DFE802F011051B1BE2
:109958001B1B051B0500CDE9007342462B4621461B
:10996800304600F09BFD002005B0BDE8F083CDE94E
:1099780001734A46434621463046009500F004FBF1
:10998800F1E701F06BFD2A7A0146054803F014FC63
:109998000120E9E78C5C0208885C0208845C020804
:1099A800342B0208002313B50446CDE90033044ADA
:1099B800044B054903F0F0FC204602B010BD00BF7F
:1099C800C99E000801990008419C00082DE9F04F44
:1099D80005298FB009930C46DDE91965DDE91B7986
:1099E80092461E9B2FD04FF0000803EB810B4B1CB7
:1099F8000A93DBF80030984529DA336852460C930D
:109A08002B680A990D931E9B039706931D9B0B9039
:109A1800CDE904930DAB02930CAB0193189B08F1AD
:109A280001080093099BFFF7D1FFA11D59F82120D8
:109A380033680B9813441D9A33602B6852F8212021
:109A480013442B60D5E75C690023A34202DB0FB007
:109A5800BDE8F08FD6F800C02968099AD0ED0D7AD4
:109A680002EB81010AEB8C02D1ED006A92ED006AEB
:109A780066EE866AF4EEE67AF1EE10FA90ED0E7A6A
:109A8800D8BFF0EE667AB4EEE77AF1EE10FA58BF76
:109A9800B0EE677A3968189A013302EB8101D9F878
:109AA8002C2081ED007A62441D9932602A68C96AC7
:109AB8000A442A603A6801323A60C6E72DE9F04F55
:109AC80005298DB00C46DDE917659A46DDF86890E2
:109AD80060D01C9B4FF0000803EB810B4B1C1F460A
:109AE800DBF80030984552DA336839460A932B6818
:109AF80009920B931C9B089006931B9B08F1010885
:109B0800CDE90493199B03930BAB02930AAB019322
:109B1800169B00935346FFF7D1FF04F1060C59F842
:109B28002C1033681B9A0B44336052F82C102B68A6
:109B3800DDE908020B442B60D2E7D6F800C02B6899
:109B480052F82C405AF8233019996343C46A0968BB
:109B5800A342B8BF2346076B169C0EF1010EBB4209
:109B6800D4BF44F8213044F82170D9F82C301B991F
:109B7800634433602B68C96A0B442B60199B19999D
:109B88001B6801330B601C9B5B699E45D5DB0DB0E0
:109B9800BDE8F08F4FF0000EF5E72DE9F047D0F85B
:109BA8000090D1F800804D46C14504460E46A8BF36
:109BB800454601277B1E9D420DDC2F4609F1FF3AE1
:109BC8004F4519DB08F1FF3745451EDB2046F9F7FD
:109BD800EBFFBDE8F087A9EB07012046F9F7D8FFAE
:109BE800A8EB070182463046F9F7D2FF824507F114
:109BF8000107DFD007F099F92046AAEB0701F9F72A
:109C0800C7FF0128F6D10137DAE73046791BF9F7A3
:109C1800BFFF0128EED10135D6E770B516460546D7
:109C2800FFF7BBFF314604462846FFF7B6FFA042C0
:109C380001D007F07AF970BD836B10B50BB907F046
:109C480074F92421BDE81040184700002DE9F04FB1
:109C5800C668054692463046002287B08B461C46A9
:109C680002F05CFF814658B9814B00932C236C6944
:109C78002846804A8049A047012007B0BDE8F08FF8
:109C880001225946304602F049FF804620B97B4BF5
:109C980000936C692F23EBE700225946304602F007
:109CA80052FF074620B9764B00936C693223DFE7F1
:109CB800DBF8003013B11B68022B0DD00222CDE96E
:109CC8000232704B0193704B009334236C69284621
:109CD800684A6E49A047CFE7DBF8043013B11B6828
:109CE800012B09D00122CDE90232694B0193694B5E
:109CF80000936C693523EAE799F81C0098F81C3042
:109D0800834213D06E6901F0A9FB044698F81C0041
:109D180001F0A4FB604BCDE9024001935F4B28465C
:109D28000093544A37235E49B047A5E73B7F9AF82A
:109D38000010092B01D0072B59D104F10C03009313
:109D48003A46284604F1080303F070FC82460028CE
:109D580093D1D9F80800F6F7B9FBCDE90401D8F892
:109D68000800F6F7B3FB02460B46DDE90401F6F7F7
:109D780005FCCDE90401B868F6F7A8FB02460B46D6
:109D8800DDE90401F6F724FD04F1180B41EC100B92
:109D9800594604F1140003F0ADFE99F81C00D9F8F7
:109DA8000C20D8F80C30F96807282260636021611C
:109DB8002CD142B13B4BCDE9022A01933A4B009397
:109DC8006C69492383E743B1CDE90232354B0193EE
:109DD800364B00936C694A2379E7B9B1CDE9021390
:109DE800304B0193324B00936C694B236FE7022B86
:109DF80027D101294FF0000303D1A3606FF000437E
:109E080003E0032913D1A3600623E36033684946BE
:109E180030469B6998473368414630469B69984766
:109E28003368304639469B699847002025E7022960
:109E380004D14FF0FF33A3600123E6E74FF000435E
:109E4800DBE7012903D10023E3611A4B04E003296E
:109E580004D10023E361184B2362D7E7022904D118
:109E6800164BE3614FF07E53F6E76FF40003EBE720
:109E7800A3370208E1380208B12B0208B5370208F7
:109E88003D2C0208EA2B0208CB350208EC2B02080D
:109E980004360208DB350208413902084E39020847
:109EA80033300208885302085B3902087339020804
:109EB8008B390208FFFF7F7F0000C040000080BF91
:109EC8000A6910B50AB907F030F8CB68002BFAD048
:109ED800BDE81040FFF7BABEF8B5064605240127CD
:109EE80001F1180521463046F9F752FE45F8040DF0
:109EF8002146AF613046F9F74BFE013C00FB07F7FE
:109F0800F0D2F8BD2DE9F0430D461C4616468FB039
:109F18000AB907F00AF8002BFBD0024601230621F4
:109F28006846FEF7D0F82A4600250123062107A82F
:109F3800FEF7C9F831466846FFF7CEFF214607A865
:109F4800FFF7CAFFA84606F1180929466846F9F737
:109F58001FFE2946074607A8F9F71AFE874205D0CB
:109F6800012F0BD149F8258046F825000135062D2B
:109F780004F10404E9D10FB0BDE8F0830128C8D189
:109F8800C4F818802760F1E72DE9F04F2DED028B1A
:109F98001D46E1B06822DDE96C49002146A8DDF8DC
:109FA800B8A107F01FF9EB692EAE53932B6A21462F
:109FB80030463AAF549303F026FA4946384603F040
:109FC80022FA3946304646AAFEF719F9054600280E
:109FD80056D012AD2146284603F015FA0CB906F002
:109FE800A4FF0DF1640B49465846D4F8008003F0ED
:109FF8000AFAB9F1000FF2D020AC51462046D9F840
:10A00800009003F000FABAF1000FE8D02B68DAF8F4
:10A0180000A0062BE3DC199B062BE0DC209B062B1B
:10A02800DDDC28463B4632465946FFF76BFF2246A1
:10A038000123062127A8FEF746F80DF1300C6446E7
:10A0480028AD0FCD0FC495E8030084E80300002174
:10A0580009AB0AAA0BA8CDE90132CDE903064B46A4
:10A068004246CDE9057CCDF800A046A809910A91A1
:10A078000B91FFF7ABFC61B0BDEC028BBDE8F08F34
:10A08800214627A803F0BFF9002CA8D0494630463E
:10A09800D4F800B003F0B7F9B9F1000F9FD05146DA
:10A0A8003846D9F8008003F0AEF9BAF1000F96D01F
:10A0B800DAF8004031463A4627A8FFF7AEFD9DED95
:10A0C800538ADDED548A5E46414622462B46984225
:10A0D800D1DDF6EC017AB1EC017A67EE877AB4EE5D
:10A0E800E78AF1EE10FAC8BFF0EE487AF4EEE78A94
:10A0F800F1EE10FA48BFF0EE687A0133E2EC017A2B
:10A10800E5E72DE9F04FBFB01C92044626AA0846A1
:10A11800194632ABFFF7F6FE0123499A06211FA81C
:10A12800FDF7D1FFDDE92367209BDDF894801793C5
:10A13800219B1693229B1493149A169B53437343A3
:10A148007B4308FB03F31893134673437B4308FBD5
:10A1580003F3199307FB06F308FB03F31A9308FBB1
:10A1680007F31B930023CDE902330193179A934217
:10A17800C0F2A4803FB0BDE8F08F119A1D931C9BDC
:10A18800E56813F902C06268489B9444129A98568D
:10A19800A268104400FB0CF0D4E9041203F0F4FBAD
:10A1A800E26A05449542B8BF1546226B159B954255
:10A1B800A8BF154603F8015B319A1593119B134408
:10A1C80011933D9A129B13441293139B01331393DB
:10A1D8001D9B139A4245D0DB309A1099C244114412
:10A1E8003C9A109191440BF1010BBB4510DA4A9A45
:10A1F800CDF8489052441592109A11920022139269
:10A20800E7E70C9A4FF0000BDDE90D9A1092ECE7A6
:10A218002F9A0C9911440C913B9A0D9911440D9168
:10A228000E9A1B990A440E920F9A01320F920F9AB6
:10A23800B242E6DB2E9A0899114408913A9A099994
:10A24800114409910A9A1A990A440A920B9A0132FE
:10A258000B920B9A14998A4220DB2D9A0499114487
:10A268000491399A059911440591069A19990A4455
:10A278000692079A01320792079A16998A4215DBC5
:10A288002C9A0199013311440191389A0299114489
:10A298000291039A18990A44039267E70A9A0E9260
:10A2A800099A0D92089A0C920022BFE7069A0A9220
:10A2B800059A0992049A08920022C9E7039A06921D
:10A2C800029A0592019A04920022D4E72DE9F04FF0
:10A2D800BFB01C92044626AA0846194632ABFFF7BF
:10A2E80011FE0123499A06211FA8FDF7ECFEDDE9BE
:10A2F8002367209BDDF894801793219B1693229B5C
:10A308001493149A169B534373437B4308FB03F33C
:10A318001893134673437B4308FB03F3199307FB16
:10A3280006F308FB03F31A9308FB07F31B930023B8
:10A33800CDE902330193179A9342C0F2A6803FB049
:10A34800BDE8F08F119A1D931C9BE56833F912C084
:10A358006268489B9444129A33F91200A268104428
:10A3680000FB0CF0D4E9041203F00EFBE26A05448A
:10A378009542B8BF1546226B159B9542A8BF154656
:10A3880023F8025B319A1593119B134411933D9A5C
:10A39800129B13441293139B013313931D9B139A1F
:10A3A8004245CFDB309A1099C24411443C9A10912F
:10A3B80091440BF1010BBB4511DA4A9ACDF848904C
:10A3C80002EB4A021592109A119200221392E6E7C4
:10A3D8000C9A4FF0000BDDE90D9A1092EBE72F9ADB
:10A3E8000C9911440C913B9A0D9911440D910E9AB8
:10A3F8001B990A440E920F9A01320F920F9AB24299
:10A40800E6DB2E9A0899114408913A9A0999114461
:10A4180009910A9A1A990A440A920B9A01320B92E4
:10A428000B9A14998A4220DB2D9A049911440491BD
:10A43800399A059911440591069A19990A44069280
:10A44800079A01320792079A16998A4215DB2C9AC5
:10A458000199013311440191389A029911440291EA
:10A46800039A18990A44039265E70A9A0E92099A80
:10A478000D92089A0C920022BFE7069A0A92059A52
:10A488000992049A08920022C9E7039A0692029A4E
:10A498000592019A04920022D4E700002DE9F04FBA
:10A4A80015469A46ADF52D7D6822DDE9B684002172
:10A4B800074692A806F096FEAB6851469D93EB6856
:10A4C80086AE9E932B6AA0932B685B4293936B682E
:10A4D8005B4294932B6995936B699693AB697AADBC
:10A4E8002846979302F08FFF4146304602F08BFFD3
:10A4F8003146284692AAFDF782FE9AF8083081462E
:10A50800092B64D1514628B30AA802F07CFF4146C2
:10A5180011A8DAF8006002F076FFB8F1000F01D157
:10A5280006F003FD18AD21462846D8F8007002F061
:10A538006AFF002CF4D023683246CDE90153009716
:10A5480011AB0AA992A8FFF7DCFD00200DF52D7DBF
:10A55800BDE8F08F1FA802F056FF414626A8DAF89A
:10A56800005002F050FFB8F1000FD9D021462DA8B5
:10A57800D8F8006002F047FF002CD1D0DDE99D2318
:10A588009A422768CCDC2DAA26A91FA8FDF7B8FD9A
:10A598008046C845D9DD15F90930939A16F909009E
:10A5A8001344949A959C10445843DDE9961203F09D
:10A5B800EBF99D9B04449C42B8BF1C469E9B9C4261
:10A5C800A8BF1C4607F8094009F10109E1E7022B79
:10A5D80040F08B8057AF002853D00DF1D009514679
:10A5E800484602F010FFDAF800300DF1EC0A414657
:10A5F8005046099302F007FFB8F1000F90D0D8F841
:10A6080000B00DF584782146404602F0FCFE002C8F
:10A6180086D0349B2468062B82DC3B9B062B3FF7B5
:10A628007FAF429B062B3FF77BAF33462A46514606
:10A638004846FFF767FC424601230DF5D878062106
:10A6480073A8FDF740FDC4460DF5E87EBEE80F008F
:10A65800ACE80F009EE803008CE8030000215EAB25
:10A6680065AA396092A8CDE90325CDE90173CDE942
:10A6780005685B46099A00945E916591FFF71EFA9A
:10A6880063E7514649A802F0BEFE414650A8DAF8F1
:10A69800005002F0B8FEB8F1000F3FF441AF214678
:10A6A8003846D8F8006002F0AEFE002C3FF438AF10
:10A6B8003A4650A949A8D4F800A0DDE99D48FFF71B
:10A6C800ACFA48457FF741AF55F8293056F82920AC
:10A6D8005343A342B8BF23464345D4BF4AF8293061
:10A6E8004AF8298009F10109EBE7072B7FF42DAF20
:10A6F800939A72B10023CDE90223454B0193454B50
:10A7080000939D237C693846434A4449A047012069
:10A718001CE7949B43B1CDE902323D4B0193404B7A
:10A7280000937C699E23EEE7DDF854B2BBF1000F7D
:10A7380008D0CDE902B3364B01933A4B00937C69BC
:10A748009F23E0E7514608B35EA802F05CFE41464D
:10A7580065A8DAF8006002F056FEB8F1000F3FF481
:10A76800DFAE6CAD21462846D8F8007002F04BFEEB
:10A77800002C3FF4D5AE23683246CDE9015300974B
:10A7880065AB5EA992A8FFF7A1FDDEE673A802F00B
:10A798003AFE41462846DAF8007002F034FEB8F175
:10A7A800000F3FF4BDAE21463046D8F8008002F0D5
:10A7B8002AFE002C3FF4B4AEDDE99D239A42D4F87A
:10A7C80000903FF7ADAE2946324673A8FDF798FCD6
:10A7D80005465D457FF7B9AE37F91B30939A38F9CE
:10A7E8001B001344949A959C10445843DDE9961233
:10A7F80003F0CAF89D9B04449C42B8BF1C469E9B2C
:10A808009C42A8BF1C4629F81B400BF1010BE0E74E
:10A8180088530208A3390208E1380208EC2B020821
:10A82800BB390208D339020810B5836B2821984731
:10A8380004462822002106F0D5FC204610BDCA682F
:10A8480000F0CCB9CA6800F0EBBC0000002313B5D7
:10A858000446CDE90033044A044B054902F09CFD47
:10A86800204602B010BD00BF47A800084DA8000848
:10A8780031A8000830EE200A704700002DE9F047A3
:10A888004FF00009064601254C46D0F800A0CA45FD
:10A8980003DC28462146BDE8F087012D74F100034A
:10A8A800F7DB2A4623466FF000400021F6F78EF9C1
:10A8B80056F8048F4FEAE877804577EB010105DB0E
:10A8C8000749084802F078FC06F02FFB6F4308FBA5
:10A8D8000477A5FB085409F101093C44D7E700BFF8
:10A8E80001320208514802082DE9F84300249C4629
:10A8F800DDE908E391461C6008BBBDE8F883A8427F
:10A9080015DD00261F68BE4213DB4EF827501D6870
:10A9180001351D60013448F100084C4578EB0C0501
:10A92800EBDA51F82450002DE9DA2D18E9D506F0B4
:10A93800FCFA5EF826209542ECD00136E3E7A04603
:10A94800EBE7F8B59C460546069FD0B109B906F075
:10A95800ECFA002AFBD00024204610E047B100267C
:10A9680004E057F82630A34208D00136B445F8DC95
:10A9780052F8246051F8243003FB00600134A542EA
:10A98800ECDCF8BD2DE9F04F2DED048B0E68044684
:10A99800042E15461F4693B001D006F0C6FA1B6870
:10A9A800042BFADC0A460123314604A8FDF78BFB89
:10A9B80001233A4631460BA8FDF785FB0B9B002B7C
:10A9C800EBDD012B0C9EE8D0022B0D99E5D0032B73
:10A9D8000E9AE2D0049BDDF83CA0012BDDDD022BB2
:10A9E800069FDAD094F90030DDF81C80022BD4D110
:10A9F800B4F90230012B13D1B4F90430022BCCD1B5
:10AA08000129CAD1012AC8D107FB08F3002408EE9E
:10AA1800903AB4423EDB13B0BDEC048BBDE8F08F36
:10AA2800022BBAD1B4F90430012BE8E74A46214693
:10AA3800CDF800B004A80393F9F7C3F805EB80003C
:10AA4800D0ED007A38EE278A039B01334345EDDBCE
:10AA580009F10109B94516DB0023F8EEE87A1A4630
:10AA6800CDF800B021460BA888EE279AF9F7A9F887
:10AA7800209B0BF1010B03EB800080ED009AD3457E
:10AA880003DB0134C5E70023E0E74FF000099FED41
:10AA9800038ADFE74FF0000BF1E700BF000000007A
:10AAA8002DE9F04F8846C56804469246284600229C
:10AAB80085B09B4602F032F8D8F800300646D3F845
:10AAC8000090B9F1020F10D00223CDE90293384B60
:10AAD8000193384B00932F2365692046364A37493E
:10AAE800A847012005B0BDE8F08FD8F804301A68EF
:10AAF800012A09D00123CDE90223314B0193314BBF
:10AB0800009365693023E8E74146284602F006F8D5
:10AB1800074640B92C4B2046009365693423264AE2
:10AB28002A49A847DDE7007F022812D0666900F0AD
:10AB380095FC0546484600F091FC254BCDE90250AE
:10AB48000193244B204600931B4A35232249B047E2
:10AB5800C7E7337F092B1ED100224146284601F062
:10AB6800F2FF0446B068F5F7B1FC8046A068894654
:10AB7800F5F7ACFC0B46024649464046F5F728FE79
:10AB880041EC100B5946504602F0B4FF2B682146A1
:10AB980028469B6998472B68394628469B699847F9
:10ABA8002B68284631469B69984700209AE700BFE2
:10ABB800EA2B02084E3A0208EB390208EC2B02088D
:10ABC80004360208062C0208613A0208B12B020872
:10ABD800713A02087E3A0208333002082DE9F74F2D
:10ABE800C5681446804600222846894601F096FF2B
:10ABF800002206464946284601F0A5FF01220746DD
:10AC08004946284601F08AFF337F8246092B04F122
:10AC1800040B01D0072B13D1B068F5F757FCCDE929
:10AC28000001B868F5F752FC02460B46DDE9000161
:10AC3800F5F7CEFD41EC100B5946204602F05AFFBD
:10AC48007869FFF71BFE0090DAF81400FFF716FE8C
:10AC5800337F6062092B01D0072B0FD10099D8F8F8
:10AC68004030404604F1080289009847F3682361A0
:10AC7800B3686361FB68A361BB68E36122465B4616
:10AC880049464046FFF70CFF044670B92B68314629
:10AC980028469B6998472B68394628469B699847F8
:10ACA8002B68514628469B699847204603B0BDE863
:10ACB800F08F30B5002314468B4208DB012421EACB
:10ACC800E17302EB4300032B07DD117030BD50F830
:10ACD8002350013324F8025FEEE720F8024F0133D6
:10ACE800F1E708B508B906F020F9006808BD70B5A5
:10ACF800F8B109B906F019F9002AFBD00025431E5E
:10AD080002EB8002002B01DA012010E052F8040C5B
:10AD180051F823600130B042A2F10404EADC04D106
:10AD280042F8045C013B2246ECE72060002080F0FA
:10AD3800010070BD2DE9F04F8FB005939DF8683084
:10AD48001746DDE9189500220C460B93049002F093
:10AD58004AFB214601220646049802F044FB21469C
:10AD680080460022049802F040FB04460EB906F023
:10AD7800DCF80028FBD0D0F804B04046FFF7B1FF5C
:10AD88004FF0010801465B460022DBF800A092451F
:10AD980000F392803368D6F804A00A932B69DAF896
:10ADA8000060089323686A6A0793D5E90043039310
:10ADB800AB69099300231846984540F095805046A2
:10ADC80000239E4200F3978000250DAB0193059B5D
:10ADD80030460093D3170D95FFF786FD0D9B06931C
:10ADE8002B46AE4200F38D804FF0000B0AF10405AC
:10ADF80000233A4629463046CDF800B0FFF7A1FDBA
:10AE0800059B82463A46294600933046069BFFF743
:10AE180098FD0A9B294633F91A2059F82030134423
:10AE280049F820303A463046FFF761FF0028DFD165
:10AE380006464FF0010B8246069BB34265DC5BEA8F
:10AE48000A0336D00B9B5BBBBAF1000F8FDB08BF40
:10AE5800BBFA8BF3039A18BFBAFA8AF302F11F06FA
:10AE680008BF2033202EA8BF2026C3F13F039E42EF
:10AE7800A8BF1E46E117A6F1200304FA03F3C6F1A2
:10AE88002005B140194324FA05F5534604FA06F0A3
:10AE98005A462943F5F79AFE0446039B9B1B0393E6
:10AEA800002647F6FF7A089B2D4F0BFB03FBB045A6
:10AEB80041D10FB0BDE8F08F53F8040FA8FB00ECA8
:10AEC800BCF1000F0CD0274B274A1893049B274945
:10AED8005C69A023A44604980FB0BDE8F04F604712
:10AEE80000FB08F8013252E7079D25F8130049F8DE
:10AEF8002300013360E750F8045F002DD9D00133F7
:10AF08005FE747F8253001356BE7059B5A4653F84C
:10AF180026304FF0FF3055F823706FF0004153464C
:10AF2800F5F754FE8742CED807FB0AF3ABFB07BA06
:10AF380001369A4480E759F826002146039AA0EB87
:10AF48000B0002F021FD099B1844B842B8BF3846EF
:10AF58005045A8BF5046079B23F816000136A6E7C0
:10AF68000080FFFF893A0208EB390208B12B02087A
:10AF78002DE9F04F8FB005939DF868309146DDE9D3
:10AF8800184600220D460B93049002F02CFA29462D
:10AF980001228046049802F026FA29460746002234
:10AFA800049802F022FA0546B8F1000F01D105F025
:10AFB800BCFF0028FBD0D0F804B03846FFF791FE5C
:10AFC800012701465B460022DBF800A0924500F30A
:10AFD8009680D8F80030D8F804A00A933369DAF8D4
:10AFE800008008932B68726A0793D6E9005303938D
:10AFF800B3690993002318469F4240F09780504652
:10B008000023984500F3988000260DAB0193059B1B
:10B0180040460093D3170D96FFF766FC0D9B0693E9
:10B028003346B04500F38E804FF0000B0AF104065A
:10B0380000234A4631464046CDF800B0FFF781FC70
:10B04800059B82464A46314600934046069BFFF7D9
:10B0580078FC0A9B314613F90A2054F8203013442F
:10B0680044F820304A464046FFF741FE0028DFD129
:10B0780080464FF0010B8246069B434566DC5BEA3F
:10B088000A0339D00B9B63BBBAF1000F8FDB08BFF3
:10B09800BBFA8BF3039A18BFBAFA8AF302F11F06B8
:10B0A80008BF2033202EA8BF2026C3F13F039E42AD
:10B0B800A8BF1E46E917A6F1200305FA03F3C6F157
:10B0C800200CB14025FA0CFC194305FA06F053464A
:10B0D8005A4641EA0C01F5F779FD0546039B9B1B8F
:10B0E80003936FF07F08089B04EB87070BFB03FBB8
:10B0F800079B5E1EBC4240D10FB0BDE8F08F53F8ED
:10B10800040FA7FB00ECBCF1000F0CD0244B254A20
:10B118001893049B24495C69A023A44604980FB0A3
:10B12800BDE8F04F6047474301324FE7079EF054B0
:10B1380044F8230001335FE750F8046F002EDBD09A
:10B1480001335EE749F8263001366AE7059B5A461F
:10B1580053F828304FF0FF3056F823906FF0004135
:10B168005346F5F733FD8145D0D809FB0AF3ABFB0D
:10B1780009BA08F101089A447EE754F8040B2946F5
:10B18800039AA0EB0B0002F0FFFB099B1844404513
:10B19800B8BF40467F28A8BF7F2006F8010FA9E75F
:10B1A800893A0208EB390208B12B02082DE9F74F5A
:10B1B8009A460023144681460D461A460D9EA34220
:10B1C80029DB4FF0000B0023324629462046CDF8F4
:10B1D80000B0FFF7B6FB324629460C9B8046CDF8F7
:10B1E80000A02046FFF7ADFB0F9B09EB880803EB97
:10B1F8008007D8ED000A97ED000A0E9B9847324663
:10B2080087ED000A29462046FFF771FD0028DAD1AC
:10B2180003B0BDE8F08F46F823200133CFE70000E4
:10B228002DE9F04F002499B0914622460F46054675
:10B2380002F0D9F8012280463946284602F0D3F8B0
:10B24800224682463946284602F0CFF83B69064630
:10B25800DAF80400049301F0BCFF98F8083083463C
:10B26800072B00F0C380092B00F0B180012B40F0C0
:10B27800CC805046FFF735FD594607AAADF8204067
:10B28800FFF717FDD8F804301F68042F0CD19DF97B
:10B298001C20022A08D1BDF91E20BDF92040012A30
:10B2A80013D1A21E54425441049A127802B3FCB13D
:10B2B80041460AA802F0A7F8314611A8D8F800407C
:10B2C80002F0A1F846B905F030FE022A08BF012CA9
:10B2D8000CBF01240024E7E73368224600930AA93B
:10B2E80011AB07A8FFF74EFB002019B0BDE8F08F9F
:10B2F8000493002EE7D05046FFF7F3FC01220146E5
:10B3080000207468049BD4F8009081453BDCD6F893
:10B3180000A0D8F800000AEB82040590D1465246F6
:10B328000020A24244D15A460026043304930DF16A
:10B33800280806AB38460193CDF80080D317069647
:10B34800FFF7D2FADDE90410324BDDF818B00293AA
:10B3580011ABCDE900B33A464346CDF80CA0FFF750
:10B3680025FF0123B34526DC002BBDD0A145BBD06A
:10B3780007EE903AD9ED006AB8EE677AC6EE877A9A
:10B38800E9EC017AF2E754F804CFA2FB0CAEBEF167
:10B39800000F09D0204B284600936C69D2231F4A1E
:10B3A8001F49A0470120A0E70CFB02F20130ACE7DF
:10B3B80042F8040BB5E7049958F8042B51F82220F9
:10B3C800A3FB02010029E5D153430136CAE76B6CA0
:10B3D800D9F808102846984739460090CDE90194D5
:10B3E80028460AAB11AAFFF7C3FD7DE76B6CD9F8B5
:10B3F80008102846984739460090CDE90194284618
:10B408000AAB11AAFFF796FC6EE728466B69054957
:10B418009847C7E77DA80008903A0208EB39020868
:10B42800B12B0208DA3B02080130800070478842DD
:10B4380008B50ED060B171B103680A689A420AD1A2
:10B4480092000431043005F0BDFEB0FA80F04009E6
:10B4580008BD0120FCE70020FAE7000013289ABF86
:10B46800024B53F820000248704700BF905C020866
:10B478007D3C020820B1431E5842584140007047A5
:10B488000120704708B508B905F04FFD0029FBD029
:10B49800002AF9D0002BF7D008BD03685B6818476D
:10B4A8000368C01A03888B428CBF405A002070473B
:10B4B80010B50C210446FFF7F3FF10B123182058EC
:10B4C800184410BD08B503461046122B33D8DFE8E0
:10B4D80003F0100A181C20242614281E122A222CD5
:10B4E8002E1A16300E000A2300200B7008BD1323F5
:10B4F800FAE70123F8E70B23F6E70723F4E711231C
:10B50800F2E70223F0E71023EEE70323ECE7092331
:10B51800EAE70423E8E70D23E6E70523E4E7062343
:10B52800E2E70823E0E70C23DEE70E23DCE70F233E
:10B53800DAE71223D8E700220A701A46024902F015
:10B54800ADFF0120D2E700BFFC3C02080020704795
:10B5580038B505461446FFF7A3FF00B12C5820461E
:10B5680038BD38B505461446FFF79AFF00B12C5C84
:10B57800204638BD08B500220A21FFF7F2FF08BDB2
:10B58800F8B5144605461E46FFF77CFF01222368DE
:10B59800114620461B68984700270446077028462E
:10B5A800FFF7E8FF1B280BD12846FFF781FF38B1CA
:10B5B8003A460421FFF7D5FFC01B18BF01202070B1
:10B5C80000203460F8BD38B505461446FFF768FF1B
:10B5D80000B12C56204638BDF8B5144605461E461F
:10B5E800FFF750FF23680122022120461B68984775
:10B5F80000270446077047702846FFF7BBFF0B2853
:10B6080017D12846FFF754FF054690B13A46042162
:10B61800FFF7D9FFC2B2531E042B88BF3A46062152
:10B62800227028460122FFF79CFFC01B18BF01208B
:10B63800607000203460F8BD2DE9F04717460546D4
:10B648008A469846FFF71EFF3B6804221B681C21A8
:10B65800384698471C220021044605F0C3FD2846B9
:10B66800FFF788FF0128814605D00025C8F800406B
:10B678002846BDE8F0872846FFF71AFF0546002848
:10B68800F3D000220421FFF79EFFFFF7F3FE00220C
:10B69800062120702846FFF75BFF00220821606022
:10B6A8002846FFF755FF00220A21A0602846FFF729
:10B6B8008AFFC6B2731E042B88BF00264A460C2197
:10B6C80028462673FFF744FF4A460E212061284684
:10B6D800FFF73EFF0022102160612846FFF773FF45
:10B6E800524604F11801FFF7EDFE05460028BCD0CC
:10B6F80021463846FFF7D1FEBAE770B5144605462D
:10B708001E46FFF7BFFE236804221B681C21204643
:10B7180098471C220021044605F064FD2846FFF7DF
:10B7280029FF022834D12846FFF7C2FE054678B320
:10B7380000220421FFF747FFFFF79CFE00220621A5
:10B7480020702846FFF704FF002208216060284681
:10B75800FFF7FEFE00220A21A0602846FFF7F8FE48
:10B7680000220C21E0602846FFF72DFFC0B2431EDF
:10B77800042B88BF002001220E2120742846FFF7E1
:10B78800E7FE0122606110212846FFF7E1FEA06173
:10B798000020346070BD00002DE9F04717460546CB
:10B7A80088469946FFF76EFE3B68012205211B6813
:10B7B8003846984700260446066006712846FFF773
:10B7C800D9FE082882463DD12846FFF771FE054676
:10B7D800C0B332460421FFF7F6FEC3B25A1E042A4C
:10B7E80088BF33463246237051462846FFF7B9FED4
:10B7F800801B18BF012032460A21A0702846FFF797
:10B80800B0FE801B18BF012032460C21E07028468C
:10B81800FFF7D9FE4246211DFFF754FE024650B9F4
:10B8280006212846FFF7CFFE58B1012809D0404627
:10B83800074902F033FE38462146FFF72EFE012065
:10B8480003E060700020C9F80040BDE8F08700BF41
:10B85800203D0208F8B5144605461E46FFF712FEBD
:10B8680001222368114620461B6898470027044692
:10B8780007702846FFF77EFE15280DD12846FFF7EA
:10B8880017FE48B13A460421FFF79DFEC2B2531E87
:10B89800042B88BF3A46227000203460F8BD70B58A
:10B8A800144605461E46FFF7EDFD236804221B6873
:10B8B80028212046984728220021044605F092FCBA
:10B8C8002846FFF757FE05282ED12846FFF7F0FD3A
:10B8D800054648B300220421FFF775FEFFF7CAFDAD
:10B8E8000022062120702846FFF732FE0022082198
:10B8F80060602846FFF72CFE00220A21A060284637
:10B90800FFF726FE00220C21E0602846FFF720FE04
:10B91800002220610E212846FFF755FEC0B2431EC3
:10B92800042B88BF002020750020346070BD10B53E
:10B938002DED028B0446B0EE408AFFF7B1FD10B141
:10B94800044494ED008AB0EE480ABDEC028B10BDA9
:10B9580070B514462DED028B05461E46FFF792FD85
:10B9680004222368114620461B6898479FED0C8ADD
:10B97800044680ED008A2846FFF7FCFD09280AD115
:10B988002846FFF795FD30B1B0EE480A0421FFF7CD
:10B99800CEFF84ED000ABDEC028B0020346070BD40
:10B9A8000000000010B50446FFF77AFD10B1231817
:10B9B8002058184410BD406803689B6818477047B2
:10B9C80070478068102203689B68184740680368BE
:10B9D8009B68184740680368DB6818474068036835
:10B9E8005B691847406803681B6918478068042228
:10B9F800036820219B681847704770B505460C46B8
:10BA080009B905F092FA0B68012B0CD14E68002E8B
:10BA1800F7D0406871680368DB6898476868314602
:10BA28000368DB68984700236868C4E90033C4E901
:10BA3800043303682146BDE87040DB68184738B511
:10BA480013460C4609B905F070FA826932B180686C
:10BA58009900026895680422A8472060002038BD34
:10BA680010B508210446FFF71BFD10B12318205814
:10BA7800184410BD10B50A210446FFF711FD10B196
:10BA880023182058184410BD10B506210446FFF7A6
:10BA980007FD00B1205610BD10B50E210446FFF772
:10BAA800FFFC00B1205C003818BF012010BD10B5A4
:10BAB80004210446FFF7F4FC10B123182058184459
:10BAC80010BD10B508210446FFF7EAFC10B1231891
:10BAD8002058184410BD000038B50D46082104460A
:10BAE800FFF7DEFC00B120582B68834205D8B0214F
:10BAF8000B4B0C4A0C4805F01FFA013055F8203062
:10BB080005EB80041C4404212046FFF7C9FC2218D9
:10BB180020B12358D058D11800B1081D38BD00BF36
:10BB28004A3D0208553D02081F3E0208F8B5164670
:10BB38000023C2E9003346F8083F0F46144605467D
:10BB4800FFF7A2FF314601F094FC064658B9394682
:10BB58002846FFF7C1FF042120602846FFF7A0FC14
:10BB680018B9054B63603046F8BD2A1828581044A8
:10BB780001F072FB6060F6E7445D020838B50D46D7
:10BB8800044608B905F0D1F90029FBD0036804225E
:10BB980024215B6B9847064AC0E90024002204343C
:10BBA800C0E90325C0E9062284600275026238BD37
:10BBB800E85C020870B50D4604461021164601F0EF
:10BBC8004DFB2C44211A02F041FC054600B104301B
:10BBD80086B1012E17D10368042241F20C019B683B
:10BBE8009847044602F0F0F821462846BDE8704020
:10BBF800FFF7C4BF036804222C219B6898470446BA
:10BC080002F068F9F0E70024EEE700002DE9F041C2
:10BC18001D46037D04460E4617462BB90C4801F015
:10BC2800CBFA0120BDE8F081036829461B6C8269C4
:10BC380098470028F6D123683A46D3F83C80314625
:10BC480020462B68C0470028ECD12075EAE700BFE2
:10BC5800A73E020838B5044640680368DB6A98477F
:10BC68000546A0680368DB689847284438BD002368
:10BC780010B50446836140680422036890219B69DB
:10BC88009847E061B0FA80F0400910BDF8B5044665
:10BC98000E4609B905F049F9037D2BB11B4801F09F
:10BCA8008BFA00252846F8BD012303758068042215
:10BCB800036808219B689847A368154AC0E90023D0
:10BCC800E0602046FFF7D3FF0028EAD1A568304698
:10BCD8002B689F68FFF7F5FE016804222846C90013
:10BCE800B847054608B90B48D9E7236802463146E4
:10BCF8002046DB6A98470028D3D123682A46314674
:10BD080020469B6A98470028CCD0CAE7F23E020832
:10BD1800345D0208473F02080421C06901F09EBA59
:10BD28002DE9F8430546894690461F46FFF7F4FF7C
:10BD38000C2604460022A9694E4300EB060C644514
:10BD480008D10B2A0CD90C480C2101F035FA012036
:10BD5800BDE8F88363680C34013308BF0132EEE7AD
:10BD68004FF0FF3340F80690C4E901383960AB69F9
:10BD780000200133AB61EBE7753F0208036870B53B
:10BD88005B6904460D469847C8B92046FFF7C4FFCB
:10BD98000C23A2695A438318984209D16068E16963
:10BDA80003689032DD690423AC46BDE87040604703
:10BDB80041680C30013108BF40F8085CECE770BD01
:10BDC800C068704708B50368994205D3B021054B90
:10BDD800054A064805F0B0F800EBC100D0E90101BA
:10BDE80008BD00BF4A3D0208AB3F02081F3E0208DB
:10BDF8002DE9F04F85B00F9C81468A4693461D4633
:10BE08000CB905F092F820220021204605F0EAF945
:10BE18002846FFF739FE04F11C0101F02AFB07460A
:10BE2800002855D12846FFF737FE0E99A0772846F7
:10BE3800FFF752FE002814BF012302232061637715
:10BE4800284603AA04F1180101F056FA074600280B
:10BE58003ED104212846FFF723FB00283CD02A18AE
:10BE68002858104401F0F8F960610C212846FFF7C2
:10BE780017FB68B32B582E181E443046FFF7F0FD09
:10BE8800054628B303681BB33046FFF7F3FDF8B146
:10BE98000368EBB16B683046A360FFF7EBFD002148
:10BEA800FFF790FFE0603046FFF7DAFDD0F800803A
:10BEB800BBF1000F12D0DAF8003004220C215046F2
:10BEC8009B6898470546F8B92F4801F075F901278E
:10BED800384605B0BDE8F08F2C48C5E7D9F80030E2
:10BEE80004220C2148469B68984705460028EBD059
:10BEF800D9F800304046D3F808A0FFF795FA042295
:10BF080001464846D0470AE0DAF800304046D3F800
:10BF18000890FFF789FA042201465046C84768602E
:10BF280008B91B48D1E73046FFF79AFD01F095F9AB
:10BF38006B684FF0000A99462860C3F80080C24534
:10BF48000ADB10213046FFF7ABFA00B13058012365
:10BF5800A860C4E90035BBE73046FFF78BFD0268EF
:10BF6800834630460192FFF77BFD019A03685846E5
:10BF78009A420CBF51460021FFF724FF0AF1010A3B
:10BF880049F8040FDBE700BF57400208445D020888
:10BF98008540020808B50368994205D3B021064BCD
:10BFA800064A074804F0C8FF013100EB810250F847
:10BFB8002100104408BD00BF4A3D0208B3400208F2
:10BFC8001F3E02082DE9F34180460F461E461446DF
:10BFD80000253846FFF76BFD03689D4201D300201A
:10BFE8001DE02946FFF7D6FFFFF756FDD0B11EB179
:10BFF80056F82530013315D1204601A901F0AFF9D3
:10C0080068B9D8F808001022036801999B68984716
:10C01800206038B90548019901F0CEF8012002B036
:10C02800BDE8F08101350C34D3E700BF7D4102083B
:10C0380008B50368994205D3B021064B064A07485C
:10C0480004F07AFF013100EB810250F8210010441E
:10C0580008BD00BF4A3D0208AB4102081F3E020866
:10C068002DE9F04107460E46154602BB04F05DFF78
:10C078002146FFF7DDFF01F0B9F8BB6841011A68F6
:10C088001846D2F808800422C04728B9094801F0A8
:10C0980093F80120BDE8F08145F8340001343046BA
:10C0A800FFF70FFD03689C42E2D30020F2E700246B
:10C0B800F5E700BF794202082DE9F3470746DDF8A6
:10C0C8002890084616461D468846FFF7FAFC49465A
:10C0D800FFF7AEFF3B6838465B6B9847044638B9B4
:10C0E800114801F069F80024204602B0BDE8F08745
:10C0F80000223B68CDE9009241460246D3F838A0B9
:10C1080038462B46D04708B10848EAE7002EEBD05E
:10C118000C235D4306EBC90673685A195B59236102
:10C1280053686361E0E700BFAF420208E5420208D6
:10C138002DE9F3470746DDF82880084616461D46D0
:10C148008946FFF7BEFC4146FFF772FF7868042274
:10C15800036820219B689847044648B94246294607
:10C16800124801F029F80024204602B0BDE8F08703
:10C1780001223B68CDE9008249460246D3F838A03F
:10C1880038462B46D04718B1094801F015F8EAE7B8
:10C19800002EE9D00C235D4306EBC80673685A19D4
:10C1A8005B59236153686361DEE700BF2F430208D0
:10C1B8006A4302082DE9F04F9946436891B0CDE9EA
:10C1C80007130546884616460021182209A805F0D7
:10C1D80009F80023A96907A80F9300F009FA044693
:10C1E800002879D1059005A907A800F059F9044657
:10C1F800002871D1074606F1040A4046FFF761FCA2
:10C208000368059C9F423ED32146324607A800F0AA
:10C2180077FA044600285FD12846FFF77DFD2146BE
:10C2280002464B46009607A800F0F9FA0446002893
:10C2380052D1DDE9096A6868102103681B6B9847C9
:10C24800074668681022036839469B689847804605
:10C25800002800F08A803A46A146374628694146B8
:10C268000368DB699847D5F810B0CA451BD16868E0
:10C2780000270368D5F810B05B6A984739468146AD
:10C288004FF0FF3348E03946FFF7D2FE2B680146EE
:10C29800D3F830B0284623465AF83720D847044602
:10C2A800D0B90137A9E73B7D1BB909F10109183756
:10C2B800DBE71021386800F0DBFFD7E902233C698F
:10C2C8000146B4F1FF3FDBF8000009D18468584605
:10C2D800A04704460028E8D0204611B0BDE8F08FFA
:10C2E8000094C4685846A047F3E7327D92B1DBF862
:10C2F800002058469469069306AA0391A04704466D
:10C308000028E9D14FF0FF33069A706803994A4430
:10C318000260013101371836BA45E6D107A800F0A6
:10C32800B1F8686841460368DB689847686803683D
:10C338005B69984704460028CED16868E9690368B4
:10C348001B6A984704460028C6D1286903681B69F8
:10C358009847296A102281423CBF014628626868D2
:10C3680003689B6A98470446B6E70124B4E72DE9B9
:10C37800F047D0E901761C46084615468946FFF77E
:10C38800A0FB0899FFF754FEFFF791FB2146FFF742
:10C3980001FE0C21044648469DF82480FFF780F8EA
:10C3A80020B109EB000359F800001844CDE908054D
:10C3B8002346424639463046BDE8F047FFF718BDE8
:10C3C8002DE9F74F80460C461746002A47D104F05E
:10C3D800ACFD3146FFF72CFE0190FFF768FBD0F863
:10C3E80000B0D8F808000AFB0BF5036804222946B8
:10C3F8009B689847814680BB29461B4800F0DCFEB5
:10C40800012003B0BDE8F08F0198FFF750FB2946E3
:10C41800FFF7C0FD0C2100902046FFF741F858B106
:10C428002158221811440AFB05920098FFF77EFB59
:10C4380020B129460D48E1E70146F4E701355D459D
:10C44800E2D13A1D42F8369001362046FFF739FB13
:10C4580003689E42BDD30020D3E70025EFE70026FE
:10C468004FF00C0AF1E700BFAE430208F54302089B
:10C4780008B58B68934201DD04F057FD013308BF0E
:10C488008A6008BD10B504464068A1680368DB6887
:10C498009847606821690368DB689847002010BDE9
:10C4A8002DE9F84305680746884628461021FEF717
:10C4B800F7FFE8B90020BDE8F883013304EB8302F5
:10C4C80054F82340042114442046FEF7E9FF0028CD
:10C4D80053D0225823181344D968BA6910338A42B2
:10C4E800C8F8003005D0274800F066FE0120E2E7D2
:10C4F800002610212846FEF7D3FF00283FD02B58EE
:10C508002A18D118D3589E42D4D2013651F8263071
:10C5180001EB8609994404214846FEF7C1FF00282B
:10C52800E7D059F8003009EB0002D458D018172C7E
:10C538002246154928BF1722043004F05BFE002864
:10C54800D7D1172CD5D10C212846FEF7A9FF0446D0
:10C5580010B12C582B181C4406214846FEF7A0FFA2
:10C56800034608B159F8003022689A42A5D8B0218C
:10C57800064B074A074804F0DFFCC368FFDE036880
:10C58800FCE700BF14440208485D02084A3D02085F
:10C59800553D02081F3E020808B50368994205D3B5
:10C5A800B021044B044A054804F0C6FC013150F898
:10C5B800210008BD4A3D02085F4402081F3E0208E8
:10C5C80008B50368994205D3B021064B064A0748C7
:10C5D80004F0B2FC013100EB810250F82100104454
:10C5E80008BD00BF4A3D0208014502081F3E020877
:10C5F8002DE9F843054600688846FFF762FA0468A3
:10C608006868A4000368042221469B689847074687
:10C618002861C8B100263446D5F800904846FFF78F
:10C6280050FA03689E4216D31823C5E905444444CA
:10C638006868EC605C430368042221469B68C5F87F
:10C648001C809847A860A0B90B48214600F0B4FDAB
:10C658000120BDE8F88347F826404846FFF731FA3D
:10C668003146FFF7E5FCFFF722FA036801361C4460
:10C67800D4E70020EDE700BFCF4502082DE9F347D6
:10C6880008460C46174600F0B1FD002506464FF057
:10C69800FF38B54201D1002027E00A212046FEF7E5
:10C6A800FFFE10B12318205818442946FFF788FFC9
:10C6B8004FF0000A814614214846FFF773F9D0B1BC
:10C6C80003689A4517D25146FFF766FF0C2301A964
:10C6D80003FB0070CDF8048000F041FE28B90199F1
:10C6E80031B1064800F068FD012002B0BDE8F087CE
:10C6F8000AF1010ADFE70135CBE700BF104602085F
:10C708002DE9F04F00260446B2464FF0FF3B836800
:10C7180085B00093131D019102932068FFF7D1F9AA
:10C7280003689E4211D3182263690099E06902FBED
:10C738000313012400224FF0FF31904203F1180344
:10C7480065D1002005B0BDE8F08F3146FFF770FCD9
:10C75800029B074653F83680236901464246204625
:10C7680053F82650FFF78AFF0028EBD11823009AC8
:10C7780003FB0529454680463846FFF798F90268C5
:10C78800904501D30136C8E749462846C9F8045000
:10C7980000F0E5FD0028D5D12A68C9E902BB52BBE3
:10C7A80038460392FFF783F94146FFF7F3FBFFF79B
:10C7B80073F9039A20B9D9F80020003A18BF01226A
:10C7C800019B89F81420FBB153F82A203846C9F890
:10C7D80010200392FFF76BF94146FFF7DBFBFFF7E9
:10C7E8005BF9039A48B90AF1010A08F1010809F14D
:10C7F80018090C35C0E70246E2E70132F3D04FF0E2
:10C80800010389F81430EEE7C9F810B0EDE743E901
:10C81800041103F8044C43F8081C01328DE72DE994
:10C82800F04F894604468BB00068CDE90523FFF731
:10C8380048F94946FFF7FCFB4FF01808A36807467C
:10C84800049323694FF0000A53F82960049B08FBFE
:10C85800063600F0CBFC079006213846FFF7A2F811
:10C868000546002800F0CC8003689A4580F0C78010
:10C878005146FFF791FE08FB0065D4F820B0294621
:10C888005A462046FFF7F4FDEB689B4501DA04F0B1
:10C898004CFBC5F80CB00AF1010ADDE7236A0A214E
:10C8A8000133384623620393FEF7FAFD10B13B18B3
:10C8B800385818442946FFF783FE4FF0000A80468F
:10C8C80008214046FFF76EF800BB149B41460093D1
:10C8D8002046DDE9052300F09BF84FF0000A062109
:10C8E8004046FFF75FF800B303689A451DD25146EA
:10C8F800FFF752FE002806DB0BFB0060236AC168C5
:10C908008B42C4DBC3600AF1010AE8E7026892457A
:10C91800DBD25146FFF740FE039A0BFB006120462D
:10C92800FFF7A6FD0AF1010ACAE74FF0000A0EE078
:10C938000268924511D25146FFF72EFE0BFB0060AC
:10C94800226AC1688A42A2DBC2600AF1010A082190
:10C958004046FFF727F80028EAD1049B6169DDF813
:10C9680014800BFB01310023E2699A4225D8013576
:10C97800079B9D4292D14FF000084FF018090821FB
:10C988003846FFF70FF800283DD0036898453AD29B
:10C998004146FFF701FE09FB0065D4F820A02946AF
:10C9A80052462046FFF764FDEB689A45FFF66FAFE5
:10C9B800C5F80CA008F10108E1E7D8F80420AA425C
:10C9C80018D1D8F80820914514D10698D8F8002035
:10C9D80000EB8300C1E900202046039A08910993DF
:10C9E800FFF746FD0899226AC8688242FFF64FAFF2
:10C9F800099BCA600133183108F10C08B4E7002517
:10CA08004FF0180BB4E700200BB0BDE8F08F000022
:10CA18002DE9F347056807460E4628460621904645
:10CA28009946FEF73DFDDDF828A0044610B12C58C4
:10CA38002B181C4404213046FEF732FD054600B190
:10CA480035582368AB4205D8B021314B314A3248BA
:10CA580004F072FA013554F8253004EB8500002201
:10CA68000A211844FEF774FD77284AD0812834D06B
:10CA780076282ED13046FEF77DFD5C2846D130461B
:10CA8800FEF716FD0546002204212846FEF760FD44
:10CA98000022044606212846FEF75AFD621C054678
:10CAA8000AD03B6A424601333B6221464B46384630
:10CAB800CDF800A0FFF7B3FE6B1C0AD03B6A4246D4
:10CAC80001333B6229464B463846CDF800A0FFF7B4
:10CAD800A6FE002002B0BDE8F0873046FEF74AFD0A
:10CAE80067280CD13046FEF7E3FC04210022FEF74C
:10CAF8002FFD411C0446ECD04FF0FF35D1E7002054
:10CB0800F3E73046FEF736FD5D28B7E70025BAE7BC
:10CB18004A3D02084C4602081F3E02080968002ADE
:10CB280010B451F8044B0ADB944208DD51F8221086
:10CB3800002904DB03685DF8044B5B691847002093
:10CB48005DF8044B70474968002A10B451F8044B4B
:10CB58000ADB944208DD51F82210002904DB03683F
:10CB68005DF8044B5B69184700205DF8044B70477B
:10CB78000EB403B503A951F8040B019100F012FBA0
:10CB880002B05DF804EB03B07047C06803689B68A7
:10CB98001847C0680368DB681847C06803681B69E2
:10CBA8001847C06803685B691847C06803685B6A10
:10CBB8001847C0680368DB6A18470000D1289ABF85
:10CBC800024B53F820000248704700BF605D02081E
:10CBD800EF52020870B5044600F1A4060D4630462F
:10CBE800002101F025FF0A4B6661E361094BE5630B
:10CBF800A365094BE365094BA364094B2363094B00
:10CC08002364094BE364002384F8953070BD00BFAA
:10CC180079CB0008ABCB0008B3CB00089BCB00084E
:10CC2800BBCB000893CB0008A3CB0008F7B51E4682
:10CC380000F108070446C0E900120D4664220021ED
:10CC4800384604F0CFFA9DF82C2008993046FEF7B4
:10CC5800B1FF099A04F17006E0660346394600926E
:10CC680030462A4601F072FD4FF480732046A4F83E
:10CC78009430002350F8A42BC4E92633E16EC4F89D
:10CC8800A030334601F0C4FE20460A99FFF7A2FF00
:10CC9800204603B0F0BD08B5FEF713FF0021FFF7EB
:10CCA800C7F90621FEF77EFE006808BD38B50546BF
:10CCB80000680C46FFF7EFFFA042024605D805487A
:10CCC800214600F079FA002038BDD5F89C3053F899
:10CCD8002400F9E72247020808B5FEF7F2FE002112
:10CCE800FFF7A6F90821FEF75DFE006808BD000001
:10CCF80038B5054600680C46FFF7EEFFA04202462D
:10CD080005D80548214600F057FA002038BDD5F867
:10CD1800A03053F82400F9E74D47020838B5D0F899
:10CD28008030044600F1700513B1284601F026FC56
:10CD380004F1A40001F0F7FD284601F0BFFB2046EE
:10CD480038BD00002DE9F04F06464FF0000A8BB0C1
:10CD580006F1700001F08EFC504501DC00236FE005
:10CD680035682846FEF7ADFE5146FFF761F9062102
:10CD780000902846FEF794FB044610B12C582B1857
:10CD88001C44F06EFFF71CF80390009800F02EFA90
:10CD980000274FEACA0304900193049B9F4202D1E3
:10CDA8000AF1010AD4E70A210098FEF779FB002866
:10CDB80000F0BF80009B1A5819188B188A589742A0
:10CDC80005D3B0215C4B5D4A5D4804F0B5F80137E6
:10CDD80003EB870553F8273004211D442846FEF746
:10CDE8005FFB50B155F800802368434507D841469A
:10CDF800544800F0E1F9012322E08046F4E708F105
:10CE0800010304EB830B54F82330019A9B44D6F8B2
:10CE180080304FEA47199A58A9F120094A445846E0
:10CE280071681C3201F006FE70B10090584600F09F
:10CE380006FBFFF7C3FE0146434800F0BDF9009B1F
:10CE480018460BB0BDE8F08FD6F8802001995258EB
:10CE58004A44D26912B941463C48CAE7D2F814801C
:10CE680009900E212846FEF71BFBB8F1200F44D18C
:10CE780000283AD14FF0000BCDF808B0062128461B
:10CE8800FEF790FD00F0E8F9082105902846FEF726
:10CE980089FD00F0E1F9019AD6F8803000219B580D
:10CEA800069003EB09081C224046079304F09AF900
:10CEB800079B059A142143F80920069B2846C8F8C1
:10CEC8000430099BC8F81030029BC8E9053BFEF7FF
:10CED80069FD00283FF461AF0368002B3FF45DAFA4
:10CEE80000F0BAF9C8F8080057E72B582A18D118E3
:10CEF800043152F803B00291C0E728B14046FFF769
:10CF08005DFE0146124874E77068414603689B68F5
:10CF1800984728B94046FFF751FE01460D4868E793
:10CF280009AB2946039A00F0B0FA03460028A1D0BD
:10CF380086E70368FFDE00BF4A3D02080145020894
:10CF48001F3E020879470208A3470208D047020893
:10CF5800F14702083748020810B500F1700420466E
:10CF680001F0E0FA20B92046BDE8104001F008BC05
:10CF780010BD00002DE9F04F0168054685B0C06E70
:10CF8800FEF784FE014650B96C4800F015F90123FC
:10CF980085F895300124204605B0BDE8F08F05F1ED
:10CFA8007007384601F0EAFB2846FFF7CBFE044637
:10CFB8000028F0D105F1A4060146304601F038FDFD
:10CFC800384601F07CFA04460028E4D101213046B5
:10CFD80001F02EFD384601F00DFB04460028DAD199
:10CFE8000221304601F024FDD5F880202968E86E3A
:10CFF80005F19803FEF70AFE04460028CBD1D5F8C0
:10D008009810304601F012FDEF6E28683B68D3F89F
:10D018001C80FFF740FE81003846C047C5F89C00D9
:10D02800002847D12868FFF736FE8100444800F001
:10D03800C3F8AFE7D5F880203846D3F800B003929C
:10D04800FEF73FFD0021FEF7F3FF0621FEF7AAFCDD
:10D058002146FFF7A1FAD5F89CA003463946404679
:10D06800039ACDF80090D847D5F89C304AF82400A8
:10D0780053F8243013B921463248D8E701342F68D1
:10D088003846FFF708FED5F86C80A042D8F8003083
:10D09800D0D83846DC69FFF71FFE81004046A0471C
:10D0A800C5F8A000002845D12868FFF715FE8100C3
:10D0B8002548BCE7A146E2E7D5F86C80D5F8802082
:10D0C800D8F800303846D3F800B00392FEF7F9FCE0
:10D0D8000021FEF7ADFF0821FEF764FC2146FFF7AB
:10D0E8005BFAD5F8A0A0034639464046039ACDF826
:10D0F8000090D847D5F8A0304AF8240053F82430D7
:10D1080013B92146114892E701342F683846FFF7D2
:10D11800E3FDA042D0D82846FFF71EFF04460028AA
:10D128007FF439AF01230321304685F8943001F0AC
:10D138007FFC30E70024A146E7E700BF5448020817
:10D1480077480208C0480208E54802082F49020843
:10D1580090F8953010B5044623B10A4800F02CF831
:10D16800012010BD90F8943033B104F17000002113
:10D17800BDE8104001F08EBAFFF7FCFE0028F4D09D
:10D18800EFE700BF554902080FB407B5044805A9E1
:10D198000191F5F7C1F803B05DF804EB04B07047EE
:10D1A800ED52020808B5F5F7B7F8BDE808400148A0
:10D1B800FFF7EABFED5202080FB407B504A951F80A
:10D1C800040B0191FFF7EEFF03B05DF804EB04B028
:10D1D8007047034601680022012010B5914200DC27
:10D1E80010BD53F8044F01326043F7E70368C31AD0
:10D1F8001A880A2A05D95B89C21813B1C358D058AE
:10D208007047002070470000036810B5C31A1A88D9
:10D21800082A17D91B89C418A3B1C258A318A25841
:10D22800914205D3B021094B094A0A4803F084FE0C
:10D23800013103EB810053F82130BDE81040184458
:10D24800FFF7D4BF00231B68FFDE00BF4A3D02087A
:10D25800AB4102081F3E0208704770474B1E184436
:10D26800B0FBF1F048437047B0FBF1F0484370471A
:10D27800431E0B44B3FBF1F301FB03F070470000BE
:10D28800132804D8092804D8022826D868BB012006
:10D2980070470A380928FAD801A353F820F000BFCC
:10D2A800DBD20008F7D20008FBD20008F7D200084A
:10D2B800F3D2000897D20008F3D20008DBD20008A6
:10D2C800EFD20008DBD2000812F4887F0FD10728BC
:10D2D800DDD1022300200B607047012303FA00F21E
:10D2E80012F4127FF0D00123F4E70423F2E70823B5
:10D2F800F0E71023EEE700BFF7B5144602680346CF
:10D30800821A17880D46042F26D99188461809B322
:10D31800405831183058012601EB8000884214D15A
:10D32800062F1AD9D08800B118560DF1070100F060
:10D33800A0F840B921469DF80700FFF7A1FF10B9F2
:10D34800236873432B6003B0F0BD51F804CF0CFB86
:10D3580006F6E3E70126E3E701260020E5E773B5D3
:10D368000C4609B903F0E1FD43689BB10022012591
:10D378001968914209DC007A01A9FFF781FF10B909
:10D38800019B6B43236002B070BD53F8046F0132F8
:10D398007543EEE70125EEE710B5C360039B016016
:10D3A800036100230299C0E90533C0E9011210BDE9
:10D3B80070B508B903F0B9FD0029FBD00B68002A45
:10D3C800194651F8045B0CDB95420ADD51F822102E
:10D3D800002906DBBDE8704003EB82035968426D03
:10D3E8001047002070BDFFF7E3BF10B508B903F080
:10D3F8009CFD0029FBD0BDE810404968436D01EB56
:10D4080082025168184710B5044609B1496819B92C
:10D4180000232360204610BD51F8042B062A026021
:10D4280001DD03F082FD9200043003F0C0FFF1E754
:10D43800012803D0831E58425841400070470246D5
:10D4480008B508B903F071FD0168411A0B880A2B69
:10D4580009D94B8903B1C358888800B1105698423E
:10D46800B8BF184608BD042B4FF00003F4D818467F
:10D47800F5E738B504460D4601F042FB2946024659
:10D488002046BDE83840FEF71DB82DE9F0410D46AD
:10D49800044616461F4601F033FB3B46014632461A
:10D4A8002846A446BDE8F0416047000073B580EE09
:10D4B800800A04460E46154603F044F9DFED107A5B
:10D4C800B4EEE70AF1EE10FA0FDBDFED0E7AB4EEF8
:10D4D800E70AF1EE10FA08D8BDEEC00A10EE103ACD
:10D4E800002033442B6002B070BD074B20460093E8
:10D4F80065694FF4AF73054A0549A8470120F2E76B
:10D50800000000CF0000004F4B530208F052020801
:10D51800B12B0208D1ED027A92ED027A67EE877A92
:10D52800F5EEC07AF1EE10FA73B51E460ADA0F4B23
:10D538000F4A009344694FF4A8730E49A04701208D
:10D5480002B070BD17EE900AF2F7C0FF0446B0684B
:10D558000D46F2F7BBFF0B46024629462046F3F775
:10D5680037F9069BC3E900010020E9E77153020877
:10D57800F0520208B12B02082DE9F74F0446DDE905
:10D588000C7B886816469A460D46F2F79FFF804640
:10D59800B0688946F2F79AFF02460B46404649466C
:10D5A800F2F7ECFF80468946BAF1000F1BD0DAF893
:10D5B8000800F2F78BFF02460B4640464946F2F751
:10D5C80025FE8046B86821F00049F2F77FFF024641
:10D5D8000B4640464946F3F7FBF812A3D3E900236C
:10D5E800F3F748FA50B13B46324629462046CDF873
:10D5F80030B003B0BDE8F04FFFF78CBF064B2046B4
:10D608000093656940F24313044A0549A84701207D
:10D6180003B0BDE8F08F00BF8A530208F052020839
:10D62800B12B02087B14AE47E17A943F2DE9F04311
:10D638002DED028B1E46137F85B0072B0446DDF8BF
:10D64800389011D0092B2BD0032B2DD0374B384ACB
:10D65800009344694FF4CB733649A047012005B0C5
:10D66800BDEC028BBDE8F08347F6FF75324F012908
:10D6780092ED028AD2F80C8019D1DFED300A4146CA
:10D68800B0EE480A204603AAFFF710FF0028E5D1AC
:10D69800039BBB42ACBF33603760C9F800502AE037
:10D6A8007F256FF07F07E2E7FF250027DFE70329E3
:10D6B80023D1DFED220A4146B0EE480A204603AAEC
:10D6C800FFF7F4FE0028C9D1F1EE080A039B03AA6C
:10D6D800BB42ACBF336037604146B0EE480A2046D3
:10D6E800FFF7E4FE0028B9D1039BAB42D4BFC9F8C9
:10D6F8000030C9F800500020B1E7022913D1FFEE2D
:10D70800000A4146B0EE480A204603AAFFF7CEFEBB
:10D718000028A3D1039BF7EE000ABB42ACBF3360DD
:10D72800376003AAD8E73760B7E700BFAC530208F1
:10D73800F0520208B12B02080080FFFF0000000031
:10D748002DE9F04F97B00893209B04460493219B42
:10D758008B460993229B92460A93239B0B93249B07
:10D768000C93259B0D93269B0E93279B0F93289B29
:10D7780005930B68012B0FD00122CDE90232704BC3
:10D788000193704B0093DE2344696F4A6F49A047A9
:10D79800012017B0BDE8F08F1268012A08D0CDE942
:10D7A8000223674B01936A4B00934469E023ECE73B
:10D7B800DAF804203AB9674B0093EB234469624ACC
:10D7C8006549A047E4E7176827B9644B00934469A3
:10D7D800EC23F4E73D68012D39DD0B7F092B06D0DA
:10D7E800072B04D05E4B00934469F023E7E79AF8CF
:10D7F8001C30092B0AD0122B08D05A4B2046009314
:10D808006569F223504A5449A847C1E7059B9D42E0
:10D818000CD0CDE90253544B0193544B0093F4239D
:10D8280065692046484A4949A847B1E7DAF81430FB
:10D83800926803EB82035B68AB4208D0CDE90253E0
:10D848004B4B0193484B00936569F523E9E7DBED02
:10D85800027A049BCDED067AD3ED027A0026CDED4F
:10D86800077A07F10408059B9E4235DB9BF81C30BC
:10D87800032B1AD100220023CDE9142314AB019302
:10D88800049B5246009359462046089BFFF774FEB6
:10D8980000287FF47DAF9DED140B0A9813A900F0C2
:10D8A80029F9139B0B9A5B4213609BF81C30092BD8
:10D8B80043D84FF42270D84010F001003FF469AF0C
:10D8C80020460D9B09992093049A0C9B097817B060
:10D8D800BDE8F04FFFF7AABE012D0698CCBFD8F8D7
:10D8E8000090D7F80490F2F7F1FDCDE91001484611
:10D8F800F2F7ECFD02460B46DDE91001F2F73EFEB9
:10D90800CDE910010798F2F7E1FD02460B46DDE983
:10D918001001F2F75DFF41EC100B14A913A800F0F9
:10D92800E9F8139B0E9A08F1040842F82630149B74
:10D938000F9A42F82630013695E7002029E700BF04
:10D94800FA2C0208B2530208F0520208EC2B020823
:10D95800142D0208CB530208B12B02080F3102081C
:10D96800FB340208DF5302081A540208112F020878
:10D97800A631020808B549694069FDF758FD003825
:10D9880018BF012008BD000022EAE273984070B574
:10D9980080FB0134002C1A4DA8BF4FF08045884207
:10D9A80008BFB1F1004FC2F1000626EAE67615D0AD
:10D9B800EB1844EBE571002904DA6FF000401B18FE
:10D9C80041F10001DB0F43EA41031F3209DA40F25B
:10D9D80067110C4B0C4A0D4803F0AEFA6FF0004388
:10D9E800F3E70122B240013AD90F02EA030443FAED
:10D9F80006F001EB62029442C8BF013070BD00BF5F
:10DA0800010000C04E34020874330208CE33020805
:10DA1800002A70B505DA5821224B234A234803F01F
:10DA28008BFA03F11F04262C03D95921204B1E4AD7
:10DA3800F4E701F50044B4F5803F03D35A211D4BA8
:10DA4800194AEBE71C4CC3F10E05A242CEBF47F6BC
:10DA5800FF7202F5004212145143D41700FB04115F
:10DA6800A2FB002001440120A5F12004C5F12006F5
:10DA780020FA06F600FA04F4A8403443801841EB73
:10DA88000401C3F10F041133B4F1200220FA04F0A9
:10DA980001FA03F340EA03005CBF41FA02F21043C3
:10DAA80070BD00BF2754020841540208865402087A
:10DAB800E5540208FF540208FFFFFE7F0023F0B57B
:10DAC80001EBD1746410561C9C4208DCCB0741BFA3
:10DAD800035D521843F3030302F8013CF0BDC55639
:10DAE80045F303072D1102F8137006F8135001339C
:10DAF800EAE70000F8B500222DED028B06460C4639
:10DB0800002351EC100BB0EE408AF0EE608AF2F779
:10DB18009DFF054628B1002333602360BDEC028BCE
:10DB2800F8BD2046B0EE480AF0EE680A01F0CCFED7
:10DB38000022134B51EC100BF2F720FD41EC100BB7
:10DB480002F0B2FD51EC100B04F03EFA4FF0004227
:10DB5800824275EB0107034601DA03F0E6F9A942B0
:10DB680008BF904202BF236801332360226808BFC0
:10DB78004FF080431F32BCBF002323603360CDE7E2
:10DB88000000E04138B500222DED028B05460C4619
:10DB98000C4B51EC100BB0EE408AF0EE608AF2F7B5
:10DBA8007DFF08B903F0C1F921462846B0EE480ABE
:10DBB800F0EE680AFFF79EFF2368002BF2DBBDEC4E
:10DBC800028B38BD0000F03FF7B555EC104B074607
:10DBD8000E460022204629460C4BF2F741FF08B9B1
:10DBE80003F0A3F90022002320462946F2F756FF46
:10DBF8000028F5D0384645EC104B01A9FFF77AFF0D
:10DC0800019B002BECDC336003B0F0BD0000F03F5B
:10DC18002DE9F84F4FF0004323FA00F057EC106B52
:10DC280059EC118B93468A46F2F73EFC424604466D
:10DC38000D464B4630463946F2F7A0FC02460B46E5
:10DC480020462946F2F79AFC09A3D3E900230446A3
:10DC58000D46F2F723FF38B19FED050B59465046A4
:10DC6800BDE8F84FFFF78EBF45EC104BF6E700BF55
:10DC78000000C0FFFFFFDF412DE9F8430124814682
:10DC880004FA00F0013888461546F2F70DFC0646FE
:10DC9800A5EB09000F46C0F12003A0F1200124FAEA
:10DCA80003F304FA01F104FA00F01943F2F738FC1F
:10DCB80002460B4630463946F2F760FCC8F12003AD
:10DCC8000F46A8F1200124FA03F304FA01F10646ED
:10DCD800194304FA08F0F2F723FC02460B463046D3
:10DCE8003946F2F775FD41EC100B02F059FC51EC86
:10DCF800100BF2F7F3FEBDE8F883000010B52DED28
:10DD0800028B044601F04EFEDFED0D7A20EE278AE5
:10DD1800B0EE480A02F016FDFDEEC07A38EE408AF1
:10DD2800C4ED007AB0EEC88ADFED067AB4EEE78A71
:10DD3800BDEC028BF1EE10FA4CBF0120002010BDA3
:10DD48003BAAB83F6F12833A012070470020704702
:10DD5800704701207047704700F580508068704711
:10DD680000F580504068704700F58052536810B540
:10DD7800B3F5806F06DB08484FF48061FFF71CFAA3
:10DD8800012010BD946800EB8300214401334460F6
:10DD9800002091605360F4E74C550208002910B543
:10DDA80000F5805302DB5C688C4205DC05485A6844
:10DDB800FFF702FA012010BD00EB81004368002044
:10DDC8001360F8E769550208034A00F580530260BA
:10DDD8000022C3E901227047B4600208002070479E
:10DDE8003E23092802DC3030C0B27047232801DC0A
:10DDF8005730F9E73D2801DC1D30F5E7B0FBF3F2B9
:10DE080003FB1200EDE7034610B5012483F8284010
:10DE18002824B2FBF4F20C240020D96001EB021193
:10DE2800196101EB8201596101EB8201996104FBDF
:10DE3800021198605A60596210BD704770B5D0E9F8
:10DE480002650468A468A04720B9049B05EB061581
:10DE58006B6070BD0120FCE780687047F8B50E461E
:10DE6800D0E901148C4204DB0A48FFF7A5F9012028
:10DE7800F8BDC168270101EB0415CE51C5E902239D
:10DE88004FF0FF336B6001230134846080F8283041
:10DE98000020EDE74C550208F0B503460C46012575
:10DEA8000026954202DB002EF7D1F0BDD3E9007CB5
:10DEB8006745B8BFC3E900C705F10105B8BFD4E994
:10DEC800006703F10403BCBFC4E9007601260434EB
:10DED800E7E70000014B0360704700BFE4600208F9
:10DEE80010B54C68C16801EB04118868984205DCDC
:10DEF800C8689042B4BF0020012010BD0020FCE794
:10DF080070B5054689B9016A0C200C26AC6900FB7E
:10DF1800014421462846FFF7E3FF50B9A1684C1C8D
:10DF280009D0AC6906FB0144F3E789684E1CEBD1C4
:10DF38000024204670BD0446FBE72DE9F04F90F819
:10DF48002830044685B093B3D0F808C0BCF1000F60
:10DF58002DD0D0E904E700231A4680F82830A568B8
:10DF68000EEB82009D4207EB820123DCAA1AFFF721
:10DF780093FF01230022C4E907324FF0FF33A6695B
:10DF88004FF0010AB146B3603B68D4F80C80D4F86E
:10DF980024B008EB031149687360013108BF4BF8DE
:10DFA80023205BF823303360A368534520DC05B099
:10DFB800BDE8F08FE668180106EB0315696830586C
:10DFC800B1F1FF3FD4F824801EBF4EF8220047F875
:10DFD800223069684FEA830605BF0CF1FF3C4EF812
:10DFE8002C00013247F82C3048F806100133B6E708
:10DFF80057F82A3000931A0108EB03135D68691C6F
:10E008001FD10020054658F802200192D3E90223C7
:10E01800029301460390029B2046FFF771FF039984
:10E0280049B14B6809684FEA031C58F80CC08C4486
:10E038006545B8BF654620B10168019B491B8B4205
:10E04800E7DC009B4BF823500C23E1694B43F55068
:10E05800F218009B53604B1CE361D9F80030AB42C7
:10E0680006DD236A9360216291460AF1010A9BE763
:10E078004846D0F808C0BCF1FF3F06D18160C2F81D
:10E0880008C04A46F0E77046F3E70C2303FB0CF39D
:10E0980006EB030EF358AB42F5DDC2F808C0816009
:10E0A800EFE770B50446FFF748FFA06830B10C25CC
:10E0B8000020A169236A05FB031303B970BD5A68E0
:10E0C800E6681201B2581E689B683244904238BF15
:10E0D80010465A1CF2D005FB0313EEE72DE9F04F6A
:10E0E8009DB004460025FFF728FFA168A9420ADC75
:10E0F800002350279946994222DC0026B14531DA9F
:10E108001DB0BDE8F08FE6684FEA051906EB051368
:10E11800D3E90278474511D02846FFF761FE01464A
:10E12800CDE90178636A2A4653F8253037480093C9
:10E1380056F80930FFF740F80135D6E72A21EFE70E
:10E14800E068626A1E0100EB031552F8232080592B
:10E15800013302449742B8BF1746EA689145B8BFF1
:10E168009146C8E70025AA460DF11C0850222E2129
:10E17800404603F037F8A3680493049BAB4210DCD5
:10E1880000238DF86C300AF2FF33002BB8BF0AF277
:10E19800FE73314642461E489B12FFF70DF80136C2
:10E1A800ACE7E268280102EB051BDBF80830B34254
:10E1B80019DCDBF80C30B34215DB636A53F8251021
:10E1C8004B1C10D0135850229A440B4453435143CC
:10E1D80093FBF7F391FBF7F105934144059AA1EB03
:10E1E80008039A4201DC0135C7E70B782E2B09D1C9
:10E1F800DBE902239A4207D02846FFF7F1FD01F830
:10E20800010BEBE72120FAE72A20F8E792550208EC
:10E21800CD55020870B50C4605461646FFF78DFE2B
:10E22800002C02DBAB68A34206DC06482146AA683C
:10E23800FEF7C2FF012070BD6B6A002053F824303E
:10E248003360F8E7695502087047036810B4DC6961
:10E258000022A44601235DF8044B6047C369594076
:10E26800036AC161013B03627047806870470269B5
:10E2780083688069824234BFC01AD01A7047C26866
:10E288004069101A7047A0F10400FFF7F8BF2DE9A4
:10E29800F04104460F46806811461646FEF7DEFF39
:10E2A800236805460146D3F81C803A463346204683
:10E2B800C04700280CBF28460020BDE8F0812DE9A2
:10E2C800F04104460E46806811461546FEF7C6FF23
:10E2D80023680146DF6932462B462046BC46BDE826
:10E2E800F0416047F8B504460F4680681946154660
:10E2F8001E46FEF7B3FF2269A3699A4201D1B842CC
:10E3080004D00C48FEF758FF0120F8BD3146A0683C
:10E31800FEF7A4FF6269121AAA4205D229460648E6
:10E32800AB1AFEF749FFEFE728442061A0610020FF
:10E33800EBE700BFDB5502084956020838B504462A
:10E348000D4680691146FEF789FF6269121AAA42D2
:10E3580006D208482946AB1AFEF72EFF002038BD22
:10E36800E36905444340E361236AA56101332362FD
:10E37800F5E700BF8B56020808B5D0E9072151EA36
:10E38800020307D0B2FA82F203485209FEF714FFDB
:10E39800002008BD0120FCE7D4560208036810B528
:10E3A8001B690446984720B90448FEF705FF012079
:10E3B80010BD23690020A361FAE700BF16570208C1
:10E3C80038B50D46044640691146401BFEF74CFF20
:10E3D8002369834207D91B1A29460448EA1AFEF71B
:10E3E800EBFE002038BD6061FCE700BF5B57020808
:10E3F800A0F10400FFF7E4BF70B5044680690E463B
:10E40800FEF72CFF314605466069FEF72DFF401BDD
:10E4180070BD0438704704387047000010B5C0E973
:10E428000321C0E905210022034CC0E9072204604A
:10E438004434C0E9014110BD1461020808B503461F
:10E448000A44FFF7EBFF184608BD000000B50A466E
:10E458008BB0014608B902F068FD01A8FFF7EEFF8E
:10E46800042224210DEB0200FFF7AAFF0A4A0260EA
:10E4780044324260039A8260049AC260059A02613B
:10E48800069A4261079A8261089AC261099A0262F1
:10E498000BB05DF804FB00BF146102080EB403B5AD
:10E4A80003AA52F8041B036801929B68984702B0BC
:10E4B8005DF804EB03B07047C069704770472DE9F9
:10E4C800F047D0E9059804460026236A1B689E4257
:10E4D80004D30020C4E90598BDE8F0873146A06858
:10E4E8006661FEF791FE002507464FEAC60AAF426D
:10E4F800A56101D80136E8E7236953F80A3003EB30
:10E508004515EB69D5E904105A691B68202A0ABF2A
:10E5180001460022AA6913B160689847E860A569B6
:10E528000135E4E72DE9F843D0E9057604460025EE
:10E53800236A1B689D4204D30020C4E90576BDE820
:10E54800F8832946A0686561FEF75EFE00238046D1
:10E558004FEAC5099845A36101D80135E8E7226962
:10E5680052F8092002EB4313DA6922B1126912B199
:10E57800D96860689047A3690133EBE72DE9F84350
:10E58800D0E9057604460025236A1B689D4204D31A
:10E598000020C4E90576BDE8F8832946A0686561CE
:10E5A800FEF732FE002380464FEAC5099845A3616D
:10E5B80001D80135E8E7226952F8092002EB431334
:10E5C800DA6922B1526812B1D96860689047A369C4
:10E5D8000133EBE74369202B01D180697047D12BC8
:10E5E8009ABF024A52F8230001487047605D02084A
:10E5F800EF5202082DE9F84FD0E9058704460025B7
:10E60800236A1B689D4203D30020C4E9058725E0DF
:10E618002946A0686561FEF7F7FD002306464FEA24
:10E62800C5099E42A36101D80135E9E7226952F87C
:10E63800091001EB4311D1F81CB0DBF808307BB1AD
:10E6480060689847824658B15846FFF7C3FF53465B
:10E658000146A2690648FEF7AFFD0120BDE8F88F24
:10E66800A169E068FDF78AFBA3690133D9E700BF18
:10E67800A457020808B58068FDF723FA006808BDAA
:10E6880010B50446406818B103682168DB689847EC
:10E69800204610BD036A2DE9F74FD0E905981A689E
:10E6A800044691420E46416107D32648FEF784FD91
:10E6B8000125284603B0BDE8F08F8068FEF7A4FD69
:10E6C800002307469A46F6009F42A36103D8002517
:10E6D800C4E90598EDE72269955905EB4315D5F886
:10E6E8001CB05846FFF776FF63680146586BCDE9C2
:10E6F80000A018B103689B6898470090DBF80C30BD
:10E708000BB902F012FC2946606898470546E06894
:10E7180003685B69984775B10F2D08D05846FFF715
:10E7280059FF2B460146A2690748FEF745FD684692
:10E73800FFF7A6FFBDE76846FFF7A2FFA36901330D
:10E74800C2E700BFDA5702080C58020810B50446A1
:10E758001046C4E902030023074AC4E90433C4E9A4
:10E768000021029AA361C4E9072310B1FDF7A9F9B2
:10E778002062204610BD00BF706102080161704729
:10E788002DE9F04F054600274FF00C0B85B0286A9D
:10E7980003689F4207D3E869002869D10023184617
:10E7A80005B0BDE8F08F3946FDF742FC00268046EB
:10E7B8004FEAC70A04214046FCF772FE00285AD0E7
:10E7C80058F8003008EB0002D118D3589E4201D304
:10E7D8000137DCE7013651F8263001EB86041C448A
:10E7E8000E212046FCF75CFE0028E3D0235C002BBA
:10E7F800E0D02B690BFB06F953445868A9F10C09C2
:10E8080003A94844FEF7ABFD03460028C7D10621FB
:10E8180001902046FCF744FE0146F0B12256019BC8
:10E82800092A23D10C212046FCF73AFE90B123187F
:10E8380024581C440A212046FCF732FED8B123583C
:10E848002218D118D3583BB9B0210C4B0C4A0D48AB
:10E8580002F072FB0446EDE749682B69039A5344BA
:10E868005B6853F8090002F0BDFCA3E71946F4E71A
:10E8780000F02AF992E70368FFDE00BF4A3D02086C
:10E88800AB3F02081F3E020870B50C461646054607
:10E898008068FDF716F92146FDF7CAFB0621FDF74A
:10E8A80081F83146FDF778FE0C222B6903EBC4038F
:10E8B8005B6802FB003070BD70B50C461646054615
:10E8C8008068FDF7FEF82146FDF7B2FB0821FDF749
:10E8D80069F83146FDF760FE0C222B6903EBC4038F
:10E8E8005B6802FB003070BD10B50C468068FDF710
:10E8F800E8F82146FDF79CFB0621FDF753F8006870
:10E9080010BD10B50C468068FDF7DBF82146FDF711
:10E918008FFB0821FDF746F800B1006810BD80693B
:10E92800704780687047704737B50446D0E90102E0
:10E9380055690B46016800954D681269E168A8475A
:10E9480003B030BD406803689B68184783680C2093
:10E95800D3E9043203EBC2035B6800FB0130704764
:10E96800C16100207047C0697047036910B5012B69
:10E9780001D902F0DAFA4068BDE810400368DB69A3
:10E98800184708B50369032B01D002F0CEFA436992
:10E9980053F8210008BD036910B5012B01D002F01E
:10E9A800C4FA4068BDE810400368DB68184703698B
:10E9B80010B5012B01D002F0B8FA4068BDE810404C
:10E9C80003681B6918471346026910B5012A01D06C
:10E9D80002F0ABFA8268BDE8104052694068FDF762
:10E9E8009FB9000008B50369012B03D9032B01D097
:10E9F80002F09BFA09B183692BB182690348FEF7DB
:10EA0800DBFB012008BD81611846FBE7405802087E
:10EA180030B5C0E902320023034DC0E90433C0E930
:10EA28000051C0E9063330BDB0610208416170474A
:10EA3800016170472DE9F0410024146007460E4635
:10EA48009046FEF7FCFCD128054606DD014619482C
:10EA5800FEF7B2FB0120BDE8F08120280FD0336813
:10EA680001461B6830469847C8F8000000BB002DD7
:10EA7800AABF114B114953F825101148E8E73B6824
:10EA8800FB1A1A88062A0FD9DB88F91863B1FB58D4
:10EA9800326804333046526819449047C8F8000079
:10EAA800B0FA80F04009D6E70648FEF785FBD1E7C3
:10EAB8002046D0E77F580208605D0208EF5202083E
:10EAC800A1580208C858020870B505460024142643
:10EAD800AB68A34201DC002070BD2B6806FB043341
:10EAE800DA6893F91010986802F07CFB0134EFE7BC
:10EAF800704708B508461146FEF754FB002008BDCC
:10EB0800034B186818B90348034A18600260704735
:10EB1800CCA90220D0A90220F4610208D1ED007A24
:10EB280091ED017A77EEA77A37EE077AF6EE006A6A
:10EB380037EE876A77EEC77A26EE266A67EEA67AF8
:10EB4800038810B54469013B04F1100001F1100479
:10EB580001EBC30182ED006AC2ED017A0839103277
:10EB680091ED034A91ED027A54ED023A54ED017A9F
:10EB780050ED025A50ED014A37EE635A34EE276AD7
:10EB880037EE237A77EEC47A05EE857A44EE857AF5
:10EB980004EE867A45EEC67A27EE267A67EEA67ADE
:10EBA800013B02ED027A42ED017A00F1080002F120
:10EBB800080204F10804A1F10801D1D110BDD1ED7A
:10EBC800007A91ED016AF6EE006A37EE867A77EE02
:10EBD800C67A27EE267A67EEA67A038830B54469A6
:10EBE8005D1E82ED007AC2ED017A04F10800083258
:10EBF80001F1080401EBC501013B02F1080200F133
:10EC0800080004F10804A1F1080100D130BD91ED1C
:10EC1800034A91ED027A54ED023A54ED017A50ED2F
:10EC2800025A50ED014A33EEC75A34EE276A37EEDE
:10EC3800237A77EEC47A05EEC57A44EE857A04EE37
:10EC4800C67A45EEC67A27EE267A67EEA67A02EDF0
:10EC5800027A42ED017ACFE72DE9F041058A0446B0
:10EC68006D0805800F4616461D464BB1FFF7A7FFF6
:10EC78002A4631462046BDE8F041012300F0D9BAC2
:10EC88002A46012300F0D5FA324639462046BDE827
:10EC9800F041FFF743BF000080B14FF48063038069
:10ECA8004FF4006303824FF4E1638381054B836073
:10ECB800054B4360054B4361002070474FF0FF3020
:10ECC800704700BF00820208109002080062020824
:10ECD8002DE9F04780460846B8F80070D8F80420B7
:10ECE80001EB87092DED028B06464B4694467908C1
:10ECF800FF0800EB810509EB810402EB0717BC450F
:10ED080006F1100605F1100504F1100403F11003D3
:10ED18000FD18CB22146022300F0F4FABDEC028B2D
:10ED280021464846D8F804200223BDE8F04700F001
:10ED3800E9BA13ED040A16ED046A53ED030A16ED59
:10ED4800034A36EE008A53ED011A54ED046A54ED75
:10ED5800034A13ED021A55ED032A15ED023A55ED53
:10ED6800013A54ED027A54ED015A16ED027A15ED86
:10ED7800042A06ED048A34EE208A16ED015A06EDBF
:10ED8800038A37EE018A06ED028A35EE218A35EECE
:10ED9800615A72EE261A06ED018A45ED041A72EEE2
:10EDA800A41A45ED031A73EE271A45ED021A73EEFD
:10EDB800A51A45ED011A75EEE35A34EE604ADCED0A
:10EDC800013A74EEE24A77EEC37A36EE406A9CED79
:10EDD800003A64EE232A46EE032A26EE236A14EE4E
:10EDE800036A76EEC26A03ED036A24EE836A16EEBE
:10EDF800A36A66EE836A44EEA36A43ED042A04ED2F
:10EE0800046A44ED036A0CF1100C1CED026A5CED17
:10EE1800016A37EE417A65EE264A47EE064A27EE42
:10EE2800267A15EE067A43ED024A03ED017A25EEBD
:10EE3800867A17EEA67A67EE867A45EEA67A04ED0C
:10EE4800027A44ED017A5AE703882DE9F04F5B080E
:10EE580001EBC305D1ED007A95ED007AD1ED015AA9
:10EE680037EE876A77EEC77A95ED017A01EB83066C
:10EE780075EE876A75EEC75A96ED007A05EB83043E
:10EE8800D4ED004A37EE065A2DED048B35EE245AA0
:10EE98008FB04268D6ED013A94ED014A81ED005AEF
:10EEA80096ED015A94ED013A36EE855A35EE035A3D
:10EEB80002925A080A920A4681ED015A33EEA75A7D
:10EEC80008320692324635EE445A08320B922A46E8
:10EED80086ED005A36EE476A35EEC75A76EEE36A93
:10EEE80077EEE37A37EE257A08320C92224635EE31
:10EEF800245A36EE646A76EEC46A77EE847A37EE80
:10EF0800647A08320D925A08023A86ED015A009145
:10EF180085ED006AC5ED016A4FEA5208C4ED007A32
:10EF280084ED017A029A834608320792029AA4F184
:10EF3800040910320892029AA6F1040A18320992BA
:10EF48000998009A0190089802F1100E0490079809
:10EF58002F1F09EB830306F1100105F1100C04F1D2
:10EF680010020390CDF814801CED023A5CED013AD2
:10EF78001EED026A5EED017A51ED026A11ED014A59
:10EF880036EE437A77EEE35A36EE036A77EEA37AE3
:10EF980012ED025A52ED014A75EEE62A34EE072ABE
:10EFA80036EE663A76EEA55A77EEC43A37EE447AEC
:10EFB80076EE866A039832EE642A08300390049845
:10EFC80072EE852A10300490019833EE453A1830D5
:10EFD8000190059873EEE43A37EE247A75EEC55A37
:10EFE80076EE856AAAF1080A083FA9F10809083BE4
:10EFF8000EF1080E08310CF1080C0832002873D104
:10F00800182709980D9B07FB0807089803EBC80207
:10F0180000EB081C0C9B079803EBC80100EBC80E1B
:10F028000B9B069803EBC80300EBC808C8ED006A01
:10F03800D3ED016A77EEA67AD2ED016A77EEA67A69
:10F04800C8ED017ADEED017A9EED006A67EEA26AEC
:10F0580067EE827A46EE026A56EE227AC3ED006ABD
:10F06800C3ED017ADCED017A9CED006A67EEA36AD4
:10F0780067EE837A46EE036A56EE237AC1ED006A9C
:10F08800C1ED017AD7ED017A97ED006A67EEA56ABE
:10F0980067EE877A46EE076A56EE257ABDF828703D
:10F0A800C2ED006AC2ED017A3946029A009804233B
:10F0B80000F028F939463046DBF80420042300F034
:10F0C80021F939462846DBF80420042300F01AF910
:10F0D800042339462046DBF804200FB0BDEC048B2E
:10F0E800BDE8F04F00F00EB94EED046A51ED036A29
:10F0F80077EEA67A52ED036A77EEA67A4EED037A9A
:10F10800D9ED017A9AED011ADAED024A31EE275A61
:10F1180031EE671AD9ED027A93ED028A97ED026A09
:10F1280034EEA79A76EE481A79EE460A36EE096A60
:10F1380036EE086A93ED014AD7ED018A8AED026A34
:10F1480097ED016A74EEE74A75EE687A35EE065A6D
:10F1580093ED016A35EE065A74EEE86A8AED015AB3
:10F16800039877EEC47A10ED016A76EE846A34EE7D
:10F17800684A10ED025A34EE644A66EE224A31EECD
:10F18800810A45EE024A41ED044A60EE054A26EE40
:10F19800022A56EE864A66EE856A15EE222A40EE67
:10F1A800066A01ED032AC7ED024AC7ED016A049811
:10F1B80070EEC80A10ED036A50ED046A26EE235A71
:10F1C80006EE835A26EE033A0CED045A27EE865AC9
:10F1D80016EEA33A10EEE65A67EEA66A50EE866A75
:10F1E8000CED033A89ED025AC9ED016A019871EEF6
:10F1F800C11A50ED067A50ED056A26EEA56A07EEAB
:10F20800876A26EE877A17EEA57A02ED037A21EE51
:10F21800A77A64EE277A14EE267A41EEA67A059844
:10F2280002ED046A013883ED027AC3ED017A059094
:10F238009AE6012A2DE9F04106460C4617469846FB
:10F2480005883ED0B5F5807F49D026D8402D31D0ED
:10F258001CD8102D1CD0202D41D0B8F1000F04D09F
:10F268002046B268B18900F0BDFA012F0CD107EE33
:10F27800905AF7EE006AF8EE677A002386EEA77ACE
:10F28800AB4204F108042FD3BDE8F081802DE4D10E
:10F2980021463046FFF71CFDDFE7B5F5006F1ED0AD
:10F2A80005D8B5F5007F05D0B5F5806FEFE7B5F562
:10F2B800805FD2D1012329462046726800F022F8E7
:10F2C800CBE700230A1DAB4202F10802BAD252ED85
:10F2D800027AF1EE677A013342ED027AF3E72146CA
:10F2E8003046FFF7B1FDB8E754ED027A67EE877A4A
:10F2F80044ED027A54ED017A67EEC77A013344EDA2
:10F30800017ABDE72DE9F04F2DED108B9FEDB05A36
:10F318008DB002910B9203930191019B4FF0000A6B
:10F32800D908CA0008926FF0170202FB01F92822D7
:10F338004A4307920A010692302200EB411C4A43D5
:10F348000CEB090707EB411606EB090505EB411421
:10F35800059204EB0902009238224A43049204EB16
:10F368000902DB004FEA411B02EB411800F1040ED1
:10F37800DCED007A1EED017A97ED006A77EE276AD8
:10F3880037EE677AD6ED007A009AD4ED004A92ED0E
:10F39800003AD8ED003A76EE275A36EE676AD5ED90
:10F3A800007A37EEA44A77EEE47A73EE234A36EE13
:10F3B800C40A75EEE40A76EE846A75EEA45A76EE0F
:10F3C800A54A76EEE56A4EED014ACCED006ADCED21
:10F3D800016ADEED004A96ED014A74EEA65A74EE13
:10F3E800E64AD7ED016A33EE633A76EE842AD4ED25
:10F3F800013A76EEC46A95ED014A98ED012A74EE59
:10F40800231A34EE634AD2ED013A33EE821A73EED0
:10F41800C23A35EEE12A75EEA15A72EEC11A72EEC1
:10F42800812A35EEA21A75EEE25A8EED001ACCED5D
:10F43800015A70EE215A70EE612AC5ED005A72EE3B
:10F44800605AC4ED002AC5ED015A70EE825AC4ED27
:10F45800015A76EE435A36EE036A36EEE33A76EE12
:10F46800A36A65EE855A26EE056A23EE053A66EE2E
:10F47800856A77EE653A74EEC32A37EE257A77EE19
:10F48800C65A77EE867A34EE836A74EE664A74EE6C
:10F49800266A37EE264A37EE667A87ED004A88ED07
:10F4A800007A33EEA47A73EEE43A86ED007A36EE0B
:10F4B800677A77EE867AC2ED003A87ED017AC8ED71
:10F4C800017A72EEE57A75EEA25AC6ED017AC2EDBE
:10F4D800015A019A9C449244009A1F441A4400928B
:10F4E800029A1E4452451D441C4498449E443FF6CB
:10F4F8003FAF072940F271810BEB00020992089A8D
:10F50800012402440892079A02440792069A024488
:10F518000692059A02440592A0EB09020A92049AFF
:10F528000244049200223026A346039D00EBC40A3D
:10F538002A440B9D05EBC205D5ED001A05EBC20563
:10F5480095ED008A05EBC205D5ED004A05EBC2052D
:10F5580095ED009A05EBC205D5ED003A05EBC2051D
:10F56800D5ED000A05EBC20506FB1256D5ED002ABB
:10F5780095ED012A099D96ED011A05EBC409089D30
:10F5880006EBC20605EBC408079DD6ED018A05EB1C
:10F59800C40E069D06EBC20605EBC40C059D96ED50
:10F5A800014A06EBC206D6ED019A05EBC40706EB45
:10F5B800C2060A9D96ED013A06EBC20696ED010ACF
:10F5C80005EBC406049D05EBC405009502E000BFE9
:10F5D800F304353F99ED007A9EED006ADAED007A82
:10F5E800D8ED006ADCED005A37EE87AA77EEC77AC5
:10F5F80036EE867A76EEC66A97ED006A009D96ED3D
:10F6080000DA35EE86BA75EEC6AA95ED006A7DEE8B
:10F61800065A3DEE46DA77EE65DA3AEE4B6A37EE91
:10F62800257A3AEE0BAA7AEE075ACAED005ADAEDB5
:10F6380001BA3AEE47AA99ED017ADEED015A3BEE9E
:10F6480087FA7BEEC7BA98ED017AD5ED01EA9CED11
:10F6580001BAD6ED01CA37EE25EA37EE657AD7ED5D
:10F66800015A3BEE25CA3BEE65BA7CEEAE5A7CEEFB
:10F67800EECA7FEE4CEA3FEE0CCA3EEE65FA3EEE6D
:10F6880025EA76EE0F5A36EE4F6A3CEE0EFA3CEE5D
:10F698004ECA3EEEEDEA7DEEAEDA69EE8CEA49EE50
:10F6A8000AEA29EE8AAA19EE0CAA8AED01FA89ED6E
:10F6B80001AA28EE8EAA08EE25AA68EEA55A58EEE9
:10F6C8000E5AC9ED00EACCED015A60EE2D5A40EE13
:10F6D800865A20EE066A10EEAD6A8CED00AA37EE67
:10F6E8006CCA87ED016A37EE2C7A36EECD6A76EE73
:10F6F8008D6A26EE056A66EE856A2CEE05CA27EE47
:10F70800057AC7ED005A37EEC6AA7AEEA65A77EE02
:10F71800867A3BEECCDA3BEE8C6A7BEE47BA7AEE21
:10F72800E6CA3BEE077A7AEE2BAA3AEE6BAA76EE99
:10F7380065BA77EE876A21EE2BBA01EEA6BA61EEBA
:10F74800266A77EEC77A51EEAB6A35EE867AC8ED4F
:10F75800016A62EE076A7DEE6C5A42EEA76A88ED8E
:10F7680000BAC5ED006A62EE276A63EE257A3CEEC0
:10F778008D6A52EE876A43EEAA7AC5ED016A23EED6
:10F788002A7ACEED007A64EE067A13EEA57A44EE74
:10F798008A7A8EED017AC6ED007A64EE0A7A54EE22
:10F7A800867AC6ED017A019D9A44AB44009D99443E
:10F7B8001D440095029D98445D459E449C441F4409
:10F7C8001E443FF607AF0134A1427FF4ACAE039B61
:10F7D8000191DB009BB203939FE50DB0BDEC108B4C
:10F7E800BDE8F08F2DE9F0410023884602F1020CB4
:10F7F800984501D8BDE8F08132F813503CF8134021
:10F80800AD08A40850F825E050F82410AF00A60071
:10F8180040F8251040F824E03D1D341D475906598D
:10F82800023346510751E3E708B52DED048BB0EEDE
:10F83800408AF0EE608A00F08BFFB0EE409AF0EE5E
:10F84800609AB0EE480AF0EE680A00F0FDF878B168
:10F8580019A3D3E9002351EC180BF1F71FF970B97C
:10F8680017A3D3E9002351EC180BF1F7F9F898B96D
:10F87800B0EE490AF0EE690ABDEC048B08BD9FEDB5
:10F888000A9B01F067FD2223B0EE490AF0EE690AEF
:10F898000360BDEC048B08BD01F05CFD22239FEDE5
:10F8A800049B0360E4E700BF000000000000F07F55
:10F8B8000000000000000000EF39FAFE422E8640EA
:10F8C80051302DD5104987C0002170B555EC104B2B
:10F8D800064625F000430160114883421DD82046A2
:10F8E80018431AD00F482A46284058B900220E4B10
:10F8F80020462946F0F742FE0A4621F00043044616
:10F908006FF035016FF31E521B1542F07F55A3F2BD
:10F91800FE3345F400150B44336045EC104B70BDC5
:10F92800FFFFEF7F0000F07F0000504308B52DED8A
:10F93800028BB0EE408A01F0DBF8F0EE408AB0EEC0
:10F94800480A00F097FD68B1DFED127AB4EEE78A55
:10F95800F1EE10FA0BDCDFED107AB4EEE78AF1EE87
:10F9680010FA0FD4B0EE680ABDEC028B08BDDFEDCB
:10F978000B8A01F0EFFC2223B0EE680A0360BDECAD
:10F98800028B08BD01F0E6FC2223DFED058A036047
:10F99800E8E700BF1772B142B5F1CFC20000807F1F
:10F9A8000000000008B52DED028BB0EE408A01F092
:10F9B80091F9B4EE488AF1EE10FA0FD6B5EEC08A86
:10F9C800F1EE10FA0ADCB5EE408AF1EE10FA08D131
:10F9D80001F0C0FC22239FED090A0360BDEC028BF5
:10F9E80008BD01F0B7FC212203460548BDEC028B97
:10F9F8001A60BDE8084000F047BD00BF000080FF66
:10FA080010B0020808B52DED028BB0EE408A00F068
:10FA1800C1FDB4EE488AF1EE10FA06D6DFED098A88
:10FA2800B4EEE88AF1EE10FA02D4BDEC028B08BD00
:10FA380001F090FC88EEA80A21230360BDEC028B3C
:10FA480008BD00BF0000000082B005488DED000B26
:10FA5800019B23F000431844C00F02B0704700BF59
:10FA680000001080000000002DE9F04D5BEC10ABA9
:10FA78002BF00043D84984B00BF000448B4216D9D0
:10FA8800D6498B4240F2D680D5498B4240F2C88095
:10FA9800CBF3130253461A4300F0EB8152465B4600
:10FAA80050465946F0F7B4FB41EC100BEEE0CD4A56
:10FAB800934200F2EE80CC4A934240F251814FF0DB
:10FAC80000080022C94B50465946F0F757FD044636
:10FAD8000D465046224659462B46F0F74FFD06463E
:10FAE8000F46A5A3D3E90023F0F748FDA4A3D3E963
:10FAF8000023F0F78DFB32463B46F0F73FFDA2A30B
:10FB0800D3E90023F0F782FB32463B46F0F736FD97
:10FB18009FA3D3E90023F0F77BFB32463B46F0F77F
:10FB28002DFD9DA3D3E90023F0F770FB32463B4639
:10FB3800F0F724FD0022AE4BF0F76AFB02460B46B5
:10FB480020462946CDE90023F0F718FD02460B466A
:10FB58000020A849F0F75AFB04460D4622462B46DA
:10FB6800DDE90001F0F752FB22462B4604460D461C
:10FB780050465946F0F702FD02460B4600209E49C2
:10FB8800F0F744FB02460B4620462946F0F720FED4
:10FB980032463B46F0F7F2FC02460B46B8F1000F3E
:10FBA80064D0DDE9024522462B46F0F72FFB52468A
:10FBB8005B46F0F7E3FC22462B46F0F727FB32467C
:10FBC8003B46F0F723FBB8F1FF3F04460D4600F033
:10FBD8003F81B8F1010F00F0158108F101034FEAE8
:10FBE8000854392B00F2AA80B8F1130F00F354819E
:10FBF8004FF40015002652465B4645FA08F5F0F723
:10FC080005FB02460B46C5F17F57304607F54017FE
:10FC18003946F0F7FBFA0246631843EC102B35E03F
:10FC28005FA3D3E9002350465946F0F737FF002871
:10FC380040F05A81002C56D0504659465AA3D3E971
:10FC48000023F0F7E5FA00220023F0F709FF002867
:10FC580040F012815046594655A3D3E90023F0F7E6
:10FC68008DFC02460B460020644947E05046594641
:10FC7800F0F784FC32463B46F0F7C8FA02460B46DA
:10FC880050465946F0F7C2FA41EC100B04B0BDE8F3
:10FC9800F08D5B4A934200F2F2805046594646A3E3
:10FCA800D3E90023002C00F0C980F0F7B1FA4FF037
:10FCB800FF3804460D4642A7D7E9006732463B465F
:10FCC80020462946F0F7A2FA82468B46204652463D
:10FCD80029465B46F0F79AFA32463B46F0F796FA21
:10FCE800CDE90201EDE632A3D3E900235046594697
:10FCF800F0F744FC02460B4600203C49F0F788FA2E
:10FD0800F0F7ECFE8046F0F7CFFB06460F462AA335
:10FD1800D3E90023F0F732FC02460B465046594619
:10FD2800F0F774FA04460D463046394626A3D3E95F
:10FD38000023F0F723FC06460F46BFE752465B4612
:10FD4800F0F764FA02460B4600202949F0F75EFAFC
:10FD580000226118264BF0F759FA41EC100B95E791
:10FD68001BA3D3E9002350465946F0F751FA02463F
:10FD78000B4681E7AFF300802DC3096EB7FD8ABE3D
:10FD88003952E686CACFD03EB7DBAA9E19CE143FB9
:10FD98008555FE19A0015A3FF41011111111A13F08
:10FDA800EF39FAFE422E864059F3F8C21F6EA501BC
:10FDB800FE822B654715F73F0000E0FE422EE63F26
:10FDC800763C7935EF39EABD763C7935EF39EA3D4D
:10FDD8009C7500883CE4377E79684340412E864014
:10FDE800FFFFEF7F422ED63FFFFF8F3C0000E03F32
:10FDF8000000F03F00000840000018400000E0BF8D
:10FE0800B1A2F03F0022424B50465946F0F728FE77
:10FE1800002858D000223F4B50465946F0F7F8F9D1
:10FE280002460B4620462946F0F7F0F900224FF02B
:10FE38004043F0F7A3FB41EC100B27E7F0F7E6F996
:10FE48004FF0010804460D462BA7D7E9006735E7B0
:10FE580002460B4650465946F0F7D8F900222D4B7A
:10FE6800F0F78CFB00222B4BF0F7D0F941EC100B8C
:10FE78000CE7002C3FF40AAF9FED210B06E722A305
:10FE8800D3E9002350465946F0F778FB02460B4663
:10FE980000207CB3204931E740F2FF350022A5EB72
:10FEA80008052B05F0F7B4F902460B4650465946AB
:10FEB800F0F7ACF90022194BF0F7AAF902466318DB
:10FEC80043EC102BE2E622462B4650465946F0F703
:10FED8009DF902460B46F0F79BF900220F4BF0F70D
:10FEE80097F941EC100BD1E6002004B0BDE8F04DC5
:10FEF80000F072BA074901E7763C7935EF39EA3DF7
:10FF0800000000000000F0BFFE822B654715F73F98
:10FF18000000D0BF0000E03F0000E0BF0000F03F5D
:10FF2800D14B2DE9F04F5BEC10AB9B4585B05C469F
:10FF380013DC2BF00045CD4B9D426BD90022CC4BF6
:10FF480050465946F0F782FD002800F0A5800120B0
:10FF580005B0BDE8F04F00F047BAC64B9B4500F32B
:10FF68009080C54B9B455DDD2515C44BC4F3130438
:10FF78005646A5F2FF359C429FEDA57B8DED027B91
:10FF880074DC44F07F57304647F440173946002266
:10FF9800BB4BF0F73BF906460F460022B94B8246A9
:10FFA8008B46F0F7EBFA32463B46F0F7E7FA804625
:10FFB8008946CDE90089002C40F0A8800022002362
:10FFC80030463946F0F742FD002800F00281002D46
:10FFD80000F090812846F0F767FA06460F468EA390
:10FFE800D3E90023F0F7CAFADDE90223F0F710F9A4
:08FFF80004460D46304639466F
:020000040801F1
:1000000089A3D3E90023F0F7BDFA02460B46204648
:100010002946F0F701F941EC100B3EE0A3F1E8733B
:100020009D4244D99A4B1C449C4266D80022964B70
:1000300050465946F0F7F0F806460D150F460C46A7
:10004000A5F2FF35002D40F37C8152465B46F0F768
:10005000E1F802460B4600208B49F0F7DBF83B46FF
:100060003246F0F7B9FBC4F31304864B9C42CDE94A
:1000700002018ADD44F07F57C4F580140135304613
:1000800047F40017A410394685E752465B465046B0
:100090002146F0F7C1F841EC100B05B0BDE8F08F38
:1000A0004BEC10AB05B0BDE8F04F00F0BDB900223D
:1000B000784B50465946F0F7AFF800220023F0F78E
:1000C000F1FC28B1744B9D4202D84BEC10ABE4E735
:1000D00052465B4650465946F0F754FA00226B4BA5
:1000E000F0F750FA02460B4650465946F0F792F8A0
:1000F00041EC100B05B0BDE8F08F0022634B504679
:1001000059460025F0F73EFA52465B46F0F73AFAB8
:10011000CDE9000100224FF0804350465946F0F7E8
:100120007BF802460B4650465946F0F755FB02460F
:100130000B4680468946F0F725FA06460F463CA353
:10014000D3E90023F0F71EFA3BA3D3E90023F0F72D
:1001500063F832463B46F0F715FA39A3D3E900239A
:10016000F0F75AF832463B46F0F70CFA36A3D3E9DB
:100170000023F0F751F832463B46F0F703FA34A378
:10018000D3E90023F0F748F832463B46F0F7FAF996
:1001900031A3D3E90023F0F73FF832463B46F0F7AE
:1001A000F1F92FA3D3E90023F0F736F832463B46A6
:1001B000F0F7E8F9DDE90023F0F72EF842464B4668
:1001C000F0F7E0F906460F46002D67D102460B46D0
:1001D000DDE90001F0F71EF884E723A3D3E900234B
:1001E00030463946F0F7CEF902460B460020264944
:1001F000F0F710F842464B46F0F7C4F980468946BE
:10020000002D7ED102460B4630463946F0F702F803
:1002100041EC100B41E700BF0000000000000000AF
:10022000763C7935EF39EA3D0000E0FE422EE63FAC
:1002300044523EDF12F1C23F9FC678D0099AC33FB5
:10024000DE03CB966446C73FAF788E1DC571CC3FA9
:10025000599322942449D23F04FA97999999D93F06
:10026000935555555555E53F555555555555E53F0C
:100270007982DA3FFFFFEF3F0000F0BFFFFFEF7F23
:10028000FFFF3F439DA006000000F03F0000E03F5D
:100290003C412D4000005043FFFF8F3C2846F0F7C3
:1002A00007F9804689462FA3D3E90023F0F76AF9BE
:1002B00004460D46404649462CA3D3E90023F0F7F7
:1002C00061F9DDE90223EFF7A7FF32463B46EFF77E
:1002D000A3FF02460B46DDE90001EFF79BFF524604
:1002E0005B46EFF797FF02460B4620462946EFF79D
:1002F00091FF41EC100B05B0BDE8F08F9FED160BA0
:10030000CBE62846F0F7D4F882468B4615A3D3E90E
:100310000023F0F737F904460D465046594613A31B
:10032000D3E90023F0F72EF9DDE90223EFF774FF9C
:1003300002460B4640464946EFF76CFF32463B46C5
:10034000CFE70022064BEFF765FF02460B4650460B
:100350005946EFF75FFF82E6000000000000000052
:100360000000F03F0000E0FE422EE63F763C79358B
:10037000EF39EA3D10B52DED028BB0EE408AF0EE7C
:10038000608A044600F0EAFF0460B0EE480AF0EE2E
:10039000680ABDEC028B10BD00B553EC102B83B086
:1003A00090B1104603F10041CDE900011046194615
:1003B000DDE90023F0F7E6F841EC100B222003B052
:1003C0005DF804EBFFF7D6BF10461946ECE700BF17
:1003D0009FED010BFFF7E0BF0000000000000010E0
:1003E0009FED010BFFF7D8BF000000000000007078
:1003F00000B5002283B080B1094BCDE90023DDE9CF
:10040000000100220023F0F7E7F941EC100B222055
:1004100003B05DF804EBFFF7ADBF024BEDE700BFA3
:100420000000F0BF0000F03F38B555EC104B2DED4B
:10043000028B22462B4620462946EFF7EBFE02466A
:100440000B46F0F7C9F922462B4641EC180B204623
:100450002946F0F731FB50B9B0EE480AF0EE680AD1
:100460002120BDEC028BBDE83840FFF783BFB0EE22
:10047000480AF0EE680ABDEC028B38BD10EE103A67
:1004800023F00040B0F1FF4F2CBF00200120704747
:100490009FED010A704700BF0000C07F10B485B017
:1004A0008DED010A019BC3F3C752A2F17F011E2902
:1004B00031DC16294FEAD37425DC1D4BDDED017AC2
:1004C00003EB840393ED007A77EE277ACDED037A80
:1004D000DDED037A77EEC77A17EE903A33F00040FD
:1004E0000DD0C3F3C7507F381FD4C3F31603C0F138
:1004F000170043F4000323FA00F004B1404205B0B2
:100500005DF8044B7047C3F31603963A43F40003B7
:1005100003FA02F0F1E7DDED017AFDEEE77A17EE7E
:10052000900A05B05DF8044B70470020E5E700BF76
:1005300014B0020810EE101AC1F3C7520029A2F13C
:100540007F0CACBF01204FF0FF30BCF11E0F0FDC61
:10055000BCF1000F1CDBC1F31603BCF1160F43F412
:1005600000030ADD963A03FA02F202FB00F070473C
:10057000FDEEC07A17EE900A70474FF48002CCF17E
:10058000170142FA0CF21A44CA4002FB00F070470D
:10059000BCF1FF3F18BF0020704700BFB1EEC00A9A
:1005A000704700BF0000000051EC100BC1F30A536C
:1005B0002DE9F041A3F2FF350C460646132D22DC4F
:1005C000002D41DB384B0F4643FA05F801EA0803DA
:1005D00003431DD032A3D3E90023EFF71DFE002211
:1005E0000023F0F75FFA40B1002C03DA4FF48013D8
:1005F0002B411F4427EA080400262346324643ECD9
:10060000102BBDE8F081332D06DDB5F5806F2BD0C2
:1006100041EC100BBDE8F081A3F213434FF0FF371C
:10062000DF403842F4D01EA3D3E90023EFF7F4FDF6
:1006300000220023F0F736FA0028DED0002C3346E3
:1006400020DB23EA0706D8E715A3D3E90023EFF759
:10065000E3FD00220023F0F725FA0028CDD0002C7E
:1006600009DB00263446C8E702460B46EFF7D4FD07
:1006700041EC100BCEE724F0004426430DD14FF09F
:100680000044BAE7142D06D0C5F134050122AA4072
:1006900013449E42D5D90134D3E70026034CACE77E
:1006A0009C7500883CE4377EFFFF0F000000F0BF20
:1006B00053EC102BC3F30A509C46A0F2FF311329D0
:1006C00010B5964613DC00292BDB1F4C0C4104EAC5
:1006D0000300104310D04FF4002300200B4163446B
:1006E00023EA040C6346024643EC102B10BD332969
:1006F00005DDB1F5806F1AD043EC102B10BDA0F2D0
:1007000013404FF0FF34C4401442F5D0C1F133011F
:1007100001208840801828BF03F1010C20EA040062
:10072000E0E7013103F0004C08D00020DAE7104682
:100730001946EFF771FD41EC100B10BD4CF07F5CDA
:1007400000204CF4401CCDE7FFFF0F00B8FE400A2C
:10075000704700BF000000002DE9F04755EC104B3A
:1007600025F00042D84986B0EE0F8A420DD9D7490C
:100770008A4271D9C5F313032246234340F05381C3
:10078000002E66D09FEDB80B63E0D14B9A4200F289
:100790001881D04B9A4240F22F8122462B462046A8
:1007A0002946EFF7EFFE06460F46B1A3D3E9002333
:1007B000EFF7E8FEB0A3D3E90023EFF72BFD3246B5
:1007C0003B46EFF7DFFEAEA3D3E90023EFF724FDAE
:1007D00032463B46EFF7D6FEABA3D3E90023EFF753
:1007E00019FD32463B46EFF7CDFEA9A3D3E900231E
:1007F000EFF712FD32463B46EFF7C4FE02460B46CA
:1008000020462946EFF706FDCDE90201DDE9028920
:100810002046294642464B46EFF7B4FE06460F46B1
:1008200000224FF0804340464946EFF7F3FC024672
:100830000B4630463946EFF7CFFF22462B46EFF7FF
:10084000E9FC02460B460020A349EFF7E3FC41EC2C
:10085000100B06B0BDE8F0878FA3D3E90023204634
:100860002946F0F71FF90746002840F0E6802046A9
:1008700029468BA3D3E90023F0F7F6F8002840F0CF
:100880003581964B2046294603EBC60686A3D3E95D
:100890000023EFF777FED6E90023EFF7BDFCF0F772
:1008A00021F98246EFF704FE06460F4680A3D3E9FE
:1008B0000023EFF767FE02460B4620462946EFF776
:1008C000A9FC80468946304639467BA3D3E90023FC
:1008D000EFF758FECDE90001DDE900234046494627
:1008E000EFF798FC02460B4604460D46EFF74AFE2A
:1008F00006460F465EA3D3E90023EFF743FE5EA34F
:10090000D3E90023EFF786FC32463B46EFF73AFE89
:100910005BA3D3E90023EFF77FFC32463B46EFF7BA
:1009200031FE59A3D3E90023EFF774FC32463B466E
:10093000EFF728FE56A3D3E90023EFF76DFC32460C
:100940003B46EFF71FFE02460B4620462946EFF7CF
:1009500061FC06460F462046294632463B46CDE915
:100960000267EFF70FFECDE90401BAF1000F3FF483
:100970004DAF32463B4600204FF08041EFF74AFC36
:1009800002460B46DDE90401EFF726FF02460B465F
:10099000DDE90001EFF73EFC42464B46EFF73AFC3B
:1009A00002460B4600204C49EFF734FC6FF47F728F
:1009B000924548DB01EB0A5141EC100B06B0BDE853
:1009C000F087474B9A423FF65CAF464B204629469C
:1009D000F40003EBC60386F0010AD3E90023EFF726
:1009E00019FC414B804689462344AAEB060A93ED45
:1009F000007B8DED007B6FE731A3D3E90023204618
:100A00002946EFF709FC0022334BF0F74BF800289A
:100A10003FF4C3AE0022304B20462946EFF7FCFBE3
:100A200041EC100B15E72B4620462946EFF7F4FB67
:100A300041EC100B06B0BDE8F087002006B0BDE821
:100A4000F047FFF7CDBC0AF57A7A00224FF0B87371
:100A500001EB0A51EFF796FD41EC100B06B0BDE833
:100A6000F08700BFAFF3008000000000000000002E
:100A7000D0A4BE726937663EF16BD2C541BDBB3EA4
:100A80002CDE25AF6A56113F93BDBE166CC1663F82
:100A90003E5555555555C53FEF39FAFE422E864015
:100AA00051302DD5104987C0FE822B654715F73F81
:100AB0000000E0FE422EE63F763C7935EF39EA3D14
:100AC0009C7500883CE4377E412E8640FFFFEF7F17
:100AD000422ED63FFFFFEF3D0000F03F40B002083E
:100AE000B1A2F03F30B0020820B00208384606B08C
:100AF000BDE8F047FFF76CBC10EE103A23F000425F
:100B0000B2F1FF4F58D84FEAD37100F0938061489B
:100B1000834200F3898019B15F4B9A4200F28780CB
:100B20005E4B9A424BD95E4B9A4200F295805D48EB
:100B300081F001035C4A00EB81005B1A02EB810249
:100B4000D0ED004AD2ED007A70EE644A34EEE70A46
:100B50009FED564A9FED565ADFED565A20EE007A29
:100B6000DFED556A9FED556AA7EE045AE5EE075A88
:100B7000E5EE876AA6EE876AF0EE406AE6EE476A1F
:100B800020EE266A002B42D0B0EE007A13F17D0FE2
:100B9000B7EE000A37EE667AC6EE076A77EEE67AB7
:100BA00077EEE47A30EE670A4ADB10EE102A02EBA9
:100BB000C35300EE103A704730EE000A7047B2F1AE
:100BC000505F0AD2DFED3E7AB7EE007A70EE277AF8
:100BD000F4EEC77AF1EE10FA58DC60EE007A9FED81
:100BE000335ADFED335A9FED336AE7EE855ADFED76
:100BF000326A9FED327AA7EEA56AE7EE866AA7EE23
:100C0000A67AF0EE406AE7EEC76A20EE266AF0EEBA
:100C1000007AB7EE007A76EEE76AC6EE267A77EECD
:100C2000C07A37EE670A7047002000F077B90020DD
:100C300000F06EB9DFED237A002900FE270A704725
:100C400010EE102A6433DFED207A02EBC35300EE7E
:100C5000103A20EE270A70471C4BF0EE404A9FEDF9
:100C60001C6A03EB8103DFED1B6A9FED1B7AD3ED5A
:100C7000007AE0EE067AFDEEE77A17EE903AF8EEAB
:100C8000E77AE7EEE64A67EE877A5FE730EE070A33
:100C9000704700BF1772B142B5F1CF421872B13E32
:100CA0009115853F58B0020850B002084CBB313353
:100CB0000EEADDB555B38A38610B36BBABAA2A3EC6
:100CC000CAF24971000000000000800D60B0020807
:100CD0003BAAB83F8071313FD1F7173710EE102A89
:100CE00032F0004330D0002A134634DBB2F1FF4F1C
:100CF00041DAB2F5000F00B534DB4FF0000EC3F35C
:100D000016016348DB15F7EE007A084401F10F0C79
:100D10007F3B00F40002734482F07E5203EBD05319
:100D20005C480A430CEA000000EE102A30EE670A25
:100D300020BBB5EE400AF1EE10FA61D1002B40F075
:100D40008F809FED550A59E09FED547ADFED527A7E
:100D500087EE270A704770EE407A9FED4F7A87EE54
:100D6000870A7047DFED4E7A6FF0180E60EE277A33
:100D700017EE903AC3E730EE000A7047B0EE007A03
:100D800006EE103ADFED472AB8EEC63ADFED464AE6
:100D900030EE077ADFED455ADFED453A9FED455AD3
:100DA00080EE074ADFED447ADFED446A4448454A65
:100DB0000844521A0243002A24EE046A26EE067AF8
:100DC000E7EE224AA7EE235AE4EE875AE5EE076AD9
:100DD000E5EE877A67EE867AE6EE877A2BDDB6EE69
:100DE000007A20EE077A27EE007A77EE877A67EEB0
:100DF000847A43BB37EE677A30EE470A5DF804FB2E
:100E0000F6EE007ADFED306A20EE007AE0EE667AE8
:100E100027EE277A002BEFD007EE903A9FED2B6A52
:100E2000DFED2B6AF8EEE77AA7EEC67A37EE400AD6
:100E300097EEA60AE2E770EE677A67EE847AE3B986
:100E400030EE670ADAE79FED216ADFED216AE3EE13
:100E5000067A37EE677A37EE400A93EE260ACDE738
:100E600007EE903A9FED190A9FED197AF8EEE77AAE
:100E700027EE800AA7EE870AC0E7DFED146A9FED30
:100E8000147AE3EE667A37EEC00A93EE070AB5E706
:100E900020FB4A00F0FF7F0000000000000000CCB3
:100EA0000000004C9788173E25333A3E2549923E74
:100EB0004FD01C3E298E633EABAA2A3FCDCCCC3E00
:100EC000305CCFFF88C23500ABAAAA3ED1F71737F6
:100ED0008071313F10B52DED028BB0EE408A044693
:100EE00000F03CFA0460B0EE480ABDEC028B10BD85
:100EF00030B1F1EE407A222027EE800AFFF7EABFF8
:100F0000F0EE407A222027EE800AFFF7E3BF00BF11
:100F10009FED010AFFF7ECBF000000109FED010AF2
:100F2000FFF7E6BF000000700B460146184600F0D0
:100F300025B8062008B500F0AFF90120EFF7E6FF6D
:100F40001FB514461A46094B05461B68D8684CB1B4
:100F5000074B00910749CDE901342B4600F0C2F858
:100F6000FFF7E7FF044B1C46F3E700BF200000201B
:100F7000FF5802080C590208EF52020810B5044647
:100F80000448134620B10A460220214600F020FA08
:100F900010BD00BFD1130108002310B504468360C3
:100FA000818119464366C28108228361C0E900330A
:100FB000C0E904335C3000F019F90D4B2462636220
:100FC0000C4BA3620C4BE3620C4B23630C4B9C4217
:100FD00006D003F16802944202D0D0339C4205D17E
:100FE00004F15800BDE8104000F0E2B910BD00BFA8
:100FF00045110108671101089F110108C511010879
:10100000D4A90220024A0349034800F07DB800BF7A
:1010100014000020211D01082400002041680C4B11
:10102000994210B5044601D000F07AFEA168094B40
:10103000994202D0204600F073FEE168064B9942C7
:1010400004D02046BDE8104000F06ABE10BD00BFCD
:10105000D4A902203CAA0220A4AA02200C4B0421FD
:101060000C4A0D4810B51A600022FFF795FF0A4B95
:10107000012209211C4603F16800FFF78DFF0222BF
:1010800004F1D0001221BDE81040FFF785BF00BF7A
:101090000CAB022005100108D4A90220014800F081
:1010A00088B900BF16AB0220014800F083B900BF29
:1010B00016AB022010B50446FFF7F0FF236A1BB100
:1010C000BDE81040FFF7F0BF044B2362044B1B68E0
:1010D000002BF5D1FFF7C2FFF2E700BF1D1001089A
:1010E0000CAB02200EB403B503AB0146054853F820
:1010F000042B0068019300F0E9FA02B05DF804EBFC
:1011000003B07047200000202DE9F84307468846C9
:1011100014460026D4E90195B9F1010905D52468E2
:10112000002CF7D13046BDE8F883AB89012B07D9F5
:10113000B5F90E30013303D029463846C04706437F
:101140006835E9E710B50C46B1F90E1000F0CEF89D
:101150000028ABBF636DA3891B1823F48053ACBF79
:101160006365A38110BD2DE9F0411F468B890546BB
:101170000C46DB05164605D502230022B1F90E10F8
:1011800000F0A2F8A3893246B4F90E10284623F4E1
:101190008053A3813B46BDE8F04100F0CDB810B5C7
:1011A0000C46B1F90E1000F08FF8421CB4F90C3067
:1011B00015BF606523F4805343F48053A38118BFA7
:1011C000A38110BDB1F90E1000F06EB801390244D0
:1011D00010B5904201D1002005E0037811F8014FCD
:1011E000A34201D0181B10BD0130F2E702440346B0
:1011F000934200D1704703F8011BF9E710B56AB1BB
:101200000139841810F8012B11F8013F9A4203D1DB
:10121000A04201D0002AF5D1D01A10BD1046FCE73B
:101220000139034610B532B111F8014F013A03F804
:10123000014B002CF7D11A440021934200D110BD7C
:1012400003F8011BF9E71F2938B505460C4604D9F8
:10125000162303604FF0FF3038BDC26B12B152F855
:1012600021304BB9284600F065F822460146284651
:10127000BDE8384000F04CB8012B0AD0591C03D10E
:10128000162303600120E7E70021204642F82410DE
:1012900098470020E0E70000024B01461868FFF77E
:1012A000D2BF00BF2000002038B50023054D044602
:1012B00008462B60EFF74CFE431C02D12B6803B1AC
:1012C000236038BD10AB022038B50446064D0846F1
:1012D000114600222A601A46EFF744FE431C02D151
:1012E0002B6803B1236038BD10AB022038B504462B
:1012F000064D0846114600222A601A46EFF70CFEFA
:10130000431C02D12B6803B1236038BD10AB02200F
:1013100038B50023064D0446084611462B60EFF70A
:10132000EDFD431C02D12B6803B1236038BD00BF23
:1013300010AB0220EFF7E0BD38B50446064D084675
:10134000114600222A601A46EFF7F4FD431C02D131
:101350002B6803B1236038BD10AB0220014B186825
:10136000704700BF2000002070B50D4B00260D4DCA
:101370005B1B9C10A64209D10B4D01F005F80B4BED
:1013800000265B1B9C10A64205D170BD55F8043B9E
:1013900001369847EEE755F8043B01369847F2E7E7
:1013A00078B0020878B0020878B002087CB0020871
:1013B0007047704770470A44431E914200D17047FE
:1013C00010B511F8014B914203F8014FF9D110BD4E
:1013D0002DE9F047274E07469246884630689946E1
:1013E000FFF7E7FF244A15683DB9244B1360244AF0
:1013F00012B11268C3F88820204D6C681F2C06DDDE
:101400003068FFF7D7FF4FF0FF30BDE8F0873FB3FC
:10141000D5F8880068B91B4B002BF1D04FF48470CD
:10142000AFF300800028EBD00023C0E94033C5F8BB
:1014300088006C680122022F40F824A002FA04F20E
:10144000D0F8003100EB840143EA0203C0F8003118
:10145000C1F8809002BFD0F804311343C0F80431C2
:10146000631C023430686B6045F82480FFF7A2FFEC
:101470000020CAE770000020A4AB022018AB0220B5
:1014800068B002080000000038B50546002941D0C8
:1014900051F8043C0C1F002BB8BFE41800F0E0F832
:1014A0001D4A136833B9636014602846BDE83840AC
:1014B00000F0DCB8A34208D9206821188B4201BF94
:1014C00019685B6809182160EDE71A465B680BB183
:1014D000A342FAD911685018A0420BD120680144E8
:1014E000501811608342E0D118685B68084453606B
:1014F0001060DAE702D90C232B60D6E720682118A8
:101500008B4202BF19685B680918636008BF2160DD
:101510005460CAE738BD00BFACAB022070B50F4EB7
:101520000C460546316811B900F0B4FC3060214624
:10153000284600F0AFFC431C03D14FF0FF34204697
:1015400070BDC41C24F00304A042F8D0211A284620
:1015500000F0A0FC0130F2D1EFE700BFA8AB022001
:101560002DE9F843CD1C064625F0030508350C2D62
:1015700038BF0C25002D01DBA94204D90C233360B0
:101580000020BDE8F883DFF8D48000F069F8D8F8CF
:1015900000301C4644BB29463046FFF7BFFF431CC2
:1015A000044658D1D8F800402746002F43D1002CDC
:1015B0004BD023683946304604EB030900F06AFC3F
:1015C000814542D1216830466D1A2946FFF7A6FFB2
:1015D00001303AD023682B442360D8F800305A6891
:1015E00062BBC8F800700FE02268521B20D40B2A9F
:1015F00017D96119A342256018BF5960636808BFF5
:10160000C8F8001062514B60304600F02FF804F12A
:101610000B00231D20F00700C21A1CBF1B1AA35089
:10162000AFE76268A3420CBFC8F800205A60EBE73E
:1016300023466468AEE73C467F68B6E71A465B68B7
:10164000A342FBD100235360DEE70C233046336016
:1016500000F00CF894E70560D6E700BFACAB0220C1
:101660000148FFF7A6BE00BF14AB02200148FFF7F8
:10167000A1BE00BF14AB02209368013B002B10B445
:10168000936008DA9469A34201DB0A2903D15DF86B
:10169000044B00F06DBB1368581C106008461970AD
:1016A0005DF8044B7047F8B506460F461446D5184A
:1016B000AC4201D1002007E03A4614F8011B304645
:1016C000FFF7DAFF431CF3D1F8BD00002DE9F04F1E
:1016D0000D469DB014469846064618B1036A0BB9EC
:1016E000FFF7E8FC6B6ED90705D4AB899A0502D4E5
:1016F000A86DFFF75EFEAB891B0701D52B699BB96F
:101700002946304600F072FB70B16B6EDC0704D5E1
:101710004FF0FF301DB0BDE8F08FAB899805F7D4CE
:10172000A86DFFF747FEF3E70023CDF80C804FF0DC
:101730000109DFF8B481099320238DF82930302383
:101740008DF82A3023469A4613F8012B0AB1252A30
:10175000F9D1BAEB040B0BD05B4622462946304642
:10176000FFF7A1FF013000F0A780099A5A440992BF
:101770009AF80030002B00F09F8000234FF0FF32DA
:101780000AF1010A049307938DF853301A93CDE9B7
:10179000052354460522544814F8011B00F08AFB27
:1017A000049AD8B9D10644BF20238DF853301307CB
:1017B00044BF2B238DF853309AF800302A2B15D0D4
:1017C000079A544600204FF00A0C214611F8013BBD
:1017D000303B092B4BD9B0B1079214E0A0EB0803C2
:1017E000A24609FA03F313430493D2E7039B191D9E
:1017F0001B68002B0391BBBF5B4242F002020793C0
:101800000793B8BF049223782E2B0AD163782A2B32
:1018100032D1039B02341A1D1B6843EAE37303921F
:101820000593DFF8D4A003222178504600F042FB54
:1018300038B1A0EB0A004022049B013482401343DC
:10184000049314F8011B062228488DF8281000F094
:1018500031FB00283FD0264B1BBB039B073323F0F3
:10186000070308330393099B3B4409936AE70CFB86
:1018700002320C460120A8E7002301344FF00A0C85
:1018800019460593204610F8012B303A092A03D94E
:10189000002BC6D00591C4E70CFB012104460123AF
:1018A000F0E703AB2A4604A930460093114BAFF38F
:1018B00000800746781CD6D16B6ED90705D4AB895A
:1018C0009A0502D4A86DFFF775FDAB895B063FF55D
:1018D0001FAF09981EE703AB2A4604A930460093C0
:1018E000044B00F07DF8E4E73B5902084559020833
:1018F00000000000A7160108415902082DE9F04731
:10190000164698468A6807460B690C46DDF8209013
:101910009342B8BF1346336091F843200AB10133B4
:1019200033602368990642BF336802333360256809
:1019300015F0060506D104F1190AE36832689B1A0E
:10194000AB422BDC94F843302268003B18BF0123E4
:10195000920630D404F1430241463846C84701306C
:1019600023D023681A3454F80A2C03F00603042BFE
:101970000ABF54F80E5C002533684FF0000608BF1C
:10198000ED1A54F8123C08BF25EAE5759342C4BF2E
:101990009B1AED18B5421AD1002008E001235246E7
:1019A00041463846C847013003D14FF0FF30BDE80B
:1019B000F0870135C1E7E1185A1C30200233224478
:1019C00081F8430094F8451082F84310C2E70123E0
:1019D000224641463846C8470130E6D00136D9E7AD
:1019E0002DE9FF470F7E914680460C46782F9A4698
:1019F0000C9E01F1430207D8622F0AD8002F00F095
:101A0000D280582F00F0B78004F1420684F842706B
:101A10003AE0A7F16303152BF6D801A151F823F0A2
:101A2000791A01088D1A0108091A0108091A010812
:101A3000091A0108091A01088D1A0108091A010872
:101A4000091A0108091A0108091A01088D1B010861
:101A5000B71A0108431B0108091A0108091A0108ED
:101A6000AF1B0108091A0108B71A0108091A010871
:101A7000091A01084B1B010833681A1D1B683260E4
:101A800004F1420684F8423001239DE03368206867
:101A9000191D3160060601D51D6803E04506FBD51A
:101AA000B3F90050002D03DA2D236D4284F8433042
:101AB00059480A2310E021683368080653F8045B8C
:101AC00002D4490648BFADB26F2F5348336059D195
:101AD0000823002184F843106668002EA66005DB09
:101AE00021682E4321F0040121604DD01646B5FB3C
:101AF000F3F103FB1157C75D06F8017D2F460D4634
:101B0000BB42F4D9082B0BD12368DF0708D5236922
:101B100061689942DEBF302306F8013C06F1FF36CA
:101B2000921B22614B4603AA21464046CDF800A0F5
:101B3000FFF7E4FE01304CD14FF0FF3004B0BDE8B8
:101B4000F087236843F02003236078273348236815
:101B500084F845701F06316851F8045B02D45F06B3
:101B600048BFADB23160D90744BF43F020032360C2
:101B70001DB11023ADE72848E9E7236823F02003CF
:101B80002360F6E70A23A4E71646BBE73368256817
:101B9000181D616930602E061B6801D5196002E0CE
:101BA0006806FBD51980002316462361BAE733681F
:101BB00000211A1D32601E686268304600F07AF912
:101BC00008B1801B606063682361002384F84330A0
:101BD000A8E72369324649464046D0470130ABD09A
:101BE00023689B0713D4E068039B9842B8BF18464C
:101BF000A4E70123324649464046D04701309BD0F6
:101C00000135E36803995B1AAB42F2DCEBE7002590
:101C100004F11906F5E700BF4C5902085D590208A6
:101C2000B1F90C202DE9F041160705460C4651D4B8
:101C30004B68002B02DC0B6C002B49DDE66A002EA2
:101C400046D0002312F480522F682B6031D0626D91
:101C5000A389590705D56368D21A636B0BB1236C4E
:101C6000D21A0023E66A216A2846B047421CB4F91A
:101C70000C3006D129681D2945D8284ACA40D60704
:101C800041D50022D90462602269226004D5421C39
:101C900001D12B6803B96065616B2F60C1B104F19C
:101CA0004403994202D02846FFF7EEFB002363630A
:101CB0000EE00123216A2846B0470246501CC7D1D6
:101CC0002B68002BC4D01D2B01D0162B19D12F60EF
:101CD00000201DE00F69002FFAD093070E680F60F7
:101CE0000CBF4B690023A6EB07088B60B8F1000F0F
:101CF000EEDD43463A46216A2846A66AB0470028E8
:101D000008DCB4F90C3043F040034FF0FF30A381FE
:101D1000BDE8F0810744A8EB0008E7E70100402098
:101D200038B50B6905460C4613B90025284638BD61
:101D300018B1036A0BB9FFF7BDF9B4F90C30002BE9
:101D4000F3D0626ED00704D4990502D4A06DFFF7DA
:101D500030FB28462146FFF763FF636E0546DA072E
:101D6000E4D4A3899B05E1D4A06DFFF723FBDDE755
:101D7000F8B50E461446054618B1036A0BB9FFF7CD
:101D800099F9A369A360A3891A0701D5236943B907
:101D90002146284600F02AF818B14FF0FF373846A0
:101DA000F8BD2368F6B222693746981A6369834200
:101DB00005DC21462846FFF7B3FF0028EDD1A368D4
:101DC000013BA36023685A1C22601E70431C626999
:101DD0009A4204D0A389DB07E1D50A2EDFD1214640
:101DE0002846FFF79DFF0028D9D0D6E738B5284B05
:101DF00005460C46186818B1036A0BB9FFF75AF983
:101E0000B4F90C301A0721D4D80607D409222A6065
:101E100043F040034FF0FF30A38130E0590712D563
:101E2000616B41B104F14403994202D02846FFF7A7
:101E30002BFB002363630022B4F90C30626023F0B3
:101E400024032269226043F00803A38122693AB97E
:101E50009A0501D5180603D52146284600F05CF8FE
:101E6000B4F90C3013F001020AD00022A2606269BA
:101E70005242A261226942B913F08000C8D138BD34
:101E8000990758BF6269A260F4E70020F7E700BF36
:101E90002000002038B50023054D044608462B607D
:101EA000EFF70CF8431C02D12B6803B1236038BD57
:101EB00010AB0220C9B20346024410B59342184643
:101EC00001D1002003E0047801338C42F6D110BD2B
:101ED00070B50C46B1F90E1096B0154600291E4695
:101EE0000ADAA18911F0800113D14FF48062002039
:101EF00031602A6016B070BD6A4600F047F80028CD
:101F0000EFDB019901F47041A1F5005359425941A9
:101F1000EBE700214022EAE78B8973B59E0705466F
:101F20000C4607D504F14703236023610123636155
:101F300002B070BD01AB6A46FFF7CAFF009E28469B
:101F40003146FFF70DFBB4F90C3038B99A05EFD4E0
:101F500023F0030343F00203A381E3E743F080038C
:101F60002060A381019BC4E90406002BE0D0B4F9F2
:101F70000E10284600F01CF80028D9D0A38923F0C1
:101F8000030343F00103A381D2E7000038B5002327
:101F9000064D0446084611462B60EEF7DCFF431C55
:101FA00002D12B6803B1236038BD00BF10AB022003
:101FB00038B50023054D044608462B60EEF7D0FFE8
:101FC000431C02D12B6803B1236038BD10AB022043
:101FD00038B50022002304460D46EEF745FD28B92A
:101FE00020462946BDE8384000F00AB8204605F1F1
:101FF000004100F005F8404261EB410138BD00BFEF
:10200000D0B500220B4B06460F46EEF7BBFAEEF7B3
:102010004BFE0446EEF73CFA0022074BEEF7B2FA0D
:1020200002460B4630463946EEF7F4F8EEF73CFE32
:102030002146D0BD0000F03D0000F0412DE9F04FF9
:102040008C46099E04460F46002B48D18A4215460D
:102050005ED9B2FA82F33BB1C3F120029F409D40AA
:102060009C4020FA02F217434FEA154E1FFA85FCF6
:10207000220CB7FBFEF10EFB117701FB0CF042EADC
:102080000742904207D9AA1801F1FF3702D29042C5
:1020900000F258813946121AA4B2B2FBFEF00EFBD0
:1020A000102200FB0CFC44EA0244A4450BD92C1975
:1020B00000F1FF322CBF01270027A44502D9002FD1
:1020C00000F04381104640EA0140A4EB0C040021DB
:1020D0001EB1DC400023C6E90043BDE8F08F8B420F
:1020E00006D90EB1C6E9000100210846BDE8F08F0F
:1020F000B3FA83F1002951D16345C0F016818242C1
:1021000040F213810846002EE7D0C6E90047E4E715
:10211000002A00F0AF80B2FA82F3002B40F0C280B8
:102120008A1A4FEA154EAFB20121200CB2FBFEFC19
:102130000EFB1C2240EA024207FB0CF090420ED933
:10214000AA180CF1FF382CBF4FF001094FF000091D
:10215000904203D9B9F1000F00F0F080C446121A82
:10216000A4B2B2FBFEF00EFB102200FB07F744EA1C
:102170000244A7420ED92C1900F1FF322CBF4FF0B8
:10218000010E4FF0000EA74203D9BEF1000F00F080
:10219000D2801046E41B40EA0C4099E7C1F12005CB
:1021A0008B400CFA01F400FA01F922FA05F72CFA37
:1021B00005FC8A401F4320FA05F3380C23431FFA1D
:1021C00087FE1C0CBCFBF0F800FB18CC44EA0C4466
:1021D00008FB0EFCA4450ED93C1908F1FF3A2CBFB0
:1021E0004FF0010B4FF0000BA44503D9BBF1000FDA
:1021F00000F0B880D046A4EB0C041FFA83FCB4FBBB
:10220000F0F300FB134403FB0EFE4CEA0444A64526
:102210000ED93C1903F1FF302CBF4FF0010C4FF0E9
:10222000000CA64503D9BCF1000F00F09F800346C7
:1022300043EA0840A4EB0E04A0FB02EC644573469D
:10224000E04602D307D1F14505D2BEEB02036CEBA9
:10225000070C0138E0465EB1B9EB030264EB0804F9
:1022600004FA05F522FA01F3CC401D43C6E90054F7
:10227000002132E742082F464B08AC4642EAC172C1
:10228000AE46C407110C92B241EA034142EA014250
:10229000B1FBF5F1B3FBF5F01F23A2EB0C0241EA11
:1022A000004142E79D40C3F1200299409C402CFA36
:1022B00002FC4FEA154E20FA02F2AFB2BCFBFEF868
:1022C0000A430EFB18CC110C41EA0C4108FB07FC39
:1022D0008C4550D9691808F1FF302CBF4FF0010927
:1022E0004FF000098C4502D9B9F1000F30D0A1EBB5
:1022F0000C01B1FBFEF808FB07FC0EFB181192B2B3
:1023000042EA0142624534D2AA1808F1FF312CBFDB
:102310004FF001094FF000096245BED2B9F1000F3C
:10232000BBD1A8F102012A44B7E7841A6CEB03027F
:1023300001201746E7E62C4402382BE7ACF1020CEB
:102340002A440CE702392A44A5E62C440238BAE6AE
:10235000A5EB0C0CA8F102006144B1FBFEF808FBF0
:1023600007FCCAE7A8F102083C4444E7023B3C44AE
:102370005EE7414691E7A1EB0C014046B1FBFEF858
:1023800008FB07FCB9E700BFF8B500BFF8BC08BC04
:102390009E467047F8B500BFF8BC08BC9E46704723
:1023A00040C300000000000000000000000000002A
:1023B0001C00000054464C33140020001C00180080
:1023C000140010000C0000000800040014000000BD
:1023D0001C00000094000000140100001C7D00009F
:1023E0002C7D000050C2000003000000010000002E
:1023F0001000000000000A0010000C00080004009B
:102400000A0000000C0000001C0000003C0000005E
:102410000F00000073657276696E675F64656661C0
:10242000756C740001000000040000006CFFFFFFE9
:102430002700000004000000080000006F757470A1
:1024400075745F300000000001000000040000000F
:10245000A282FFFF040000000B000000696E70758F
:10246000745F6C6179657200030000005C0000001D
:102470002C00000004000000B8FFFFFF2B0000004C
:102480000400000013000000434F4E5645525349CC
:102490004F4E5F4D4554414441544100DCFFFFFF26
:1024A0002A00000004000000130000006D696E5F48
:1024B00072756E74696D655F76657273696F6E00B3
:1024C00008000C00080004000800000029000000BB
:1024D00004000000130000006D696E5F72756E7479
:1024E000696D655F76657273696F6E002C00000020
:1024F000047C0000FC7B0000E47B0000B47B000057
:10250000A47700009475000084350000F4340000C6
:102510006434000054320000441200003411000002
:10252000E40E0000940E0000440E0000340D000084
:10253000240500009404000064030000340300003C
:102540000403000074020000440100003C0100008C
:10255000340100002C010000240100001C010000D7
:10256000140100000C01000004010000FC00000048
:10257000F4000000EC000000E4000000DC000000BB
:10258000D4000000CC000000C4000000BC0000002B
:10259000B40000009400000074000000040000007B
:1025A000F283FFFF04000000600000000C00000048
:1025B00008000E00080004000800000010000000E1
:1025C00028000000000006000800040006000000CB
:1025D0000400000001000000EB0300000C001800E4
:1025E000140010000C0004000C0000009CBAFC0D4C
:1025F000358D96CF020000000200000004000000AC
:1026000006000000322E31392E3000005E84FFFFBC
:1026100004000000100000000000000000000000A6
:1026200000000000000000007A84FFFF04000000AA
:1026300010000000312E31342E3000000000000068
:1026400000000000E840FFFFEC40FFFFF040FFFF0C
:10265000F440FFFFF840FFFFFC40FFFF0041FFFF99
:102660000441FFFF0841FFFF0C41FFFF1041FFFF46
:102670001441FFFF1841FFFF1C41FFFF2041FFFFF6
:102680002441FFFF2841FFFF2C41FFFFDE84FFFFB5
:1026900004000000200100007FAAA064732CBAC4CB
:1026A000272FD8FC7FCAFD64B2A08581B6E2319F96
:1026B0006C43554B81BCDBCC7A5F18F597F4083638
:1026C000117FE8CBD611D84C701A8114D6D91EAC24
:1026D0007F09B347FEE27D243669C481F908D1BD84
:1026E000CD817683F26B1633B2131AA50E3581FDB8
:1026F00011F293BFE58136CF042E0CE3C181DE9643
:10270000C020AA017F6EE948ACCDA4CF54EAC82707
:10271000E381C9872290FD0208B209C6819E9246D4
:10272000BD84427F3AA6143F819FA2F63BF8EA158A
:10273000E19E30493163D8477F1E1D1181FCFE6543
:10274000F0FF74AB18D9E77FAE9C37408981B55D47
:10275000CADC8F389A268581A6DB5A6E60637F2B90
:1027600047AAFE8B8BE04CC0572C9D7FEE8C7108E6
:102770003E0B24CBA39F107F3C8BC1FD81D6D39D04
:10278000AA1422B5CBAE81FF3725640697457FB1E9
:102790009FF02411A55321697FDB02A2B8B35F81AA
:1027A000C6B4BEB08B1A89AD7F3AF61E4015764C82
:1027B00017E1D827CD810D0F0A86FFFF0400000026
:1027C00080000000670600006415000056FAFFFF55
:1027D0001A0300006B0B000072050000680900007E
:1027E000E4030000860E000080100000A5FDFFFF3E
:1027F000220D0000950C000005F5FFFF6EFDFFFFA8
:102800009D010000AFF4FFFFA606000065F0FFFF8A
:102810007405000015F6FFFF4A040000782200004E
:10282000590800007600000071FAFFFFDBF6FFFF99
:10283000B40800009710000092F7FFFF7BEEFFFF47
:10284000E50300009686FFFF040000002000000062
:10285000FF0944131A11BC531615717FB86B71ED43
:102860005CA2FD246DEDEADBF26D573ED96DD152CD
:10287000C286FFFF0400000020000000BDC66C13EC
:10288000F00F807C302D7B7DC27979B379944852EA
:10289000792786CAEE797962AA79027FEE86FFFFF0
:1028A0000400000020010000670155011BD75BBC3C
:1028B000C5BAF94D312C28B0245BAF36377FF353BE
:1028C000245FDAC51811C60F5E39D1D3DAB3BDA0C3
:1028D000B22B137FFA7F81DBB3BDFC1C66017F1F27
:1028E0002C7F424015BBAEF8D5EFEFD2F6F43A7F1D
:1028F000EB063D2E7FB4278C6BF77F713DFE8D1A62
:10290000E9CC8158B26EDEA4C5DA5B0EFA98108568
:102910003BD1811EB2A299F21975A36BB21110CEF0
:1029200003CD87811A82F33ED3F0D512F44DF0F136
:1029300081E6C415DC77F753D3E5DE822B2353BF42
:10294000E76458AFFEDD4FFB9CE0B728457F816907
:1029500066601A4179997AE3F97F14AAF3CD350AB2
:1029600008EFAF58DD5E811FCA43817F3A3DBE3418
:10297000CB04F25F14CFE981D50BFECC1850A981AE
:1029800099C8209710DD3A46818DB920D935DC4EA3
:1029900037F80F4CF12F2B9F5BDCF46E81E66393CD
:1029A00081B7D01049AB76EA7B81F6C7815DA2631F
:1029B000297F300D47EF1166813A7F7FBC55C1F307
:1029C000F5B891F77F7FE1811A88FFFF04000000CE
:1029D0008000000000000000000000000000000077
:1029E00000000000000000000000000000000000E7
:1029F00000000000000000000000000000000000D7
:102A000000000000000000000000000000000000C6
:102A100000000000000000000000000000000000B6
:102A200000000000000000000000000000000000A6
:102A30000000000000000000000000000000000096
:102A40000000000000000000000000000000000086
:102A500000000000A688FFFF04000000000800003E
:102A600055A2E0B5C32D1D7FA2C954617F3CE30C84
:102A70008CEB522A30B250EEE449FABC3615BEF166
:102A8000D5A982ABD17C0CCECC1834FBF0B1166149
:102A9000899A3410B42EF9BB431DFEB5C25D7F6721
:102AA000E8B33B3A34172C0420494F43ABF4DE81A2
:102AB0002AC90D03F4CD1441F02460F6022B5C21E9
:102AC00005F606C9C3CB7FBCF115FEE42231CF0663
:102AD0002DBEB6FDD5D95134DCF4C8F1AD1CF1FFE3
:102AE0001A204FD90C4304E8BCFA1709430CD23A18
:102AF0000CDB1CDCF3EDC3E47FD0E0D5E4EDDC16A9
:102B000034F221E5EF1DD6FAEFEC24FCFAE22F2691
:102B1000FF0BDFF2E0B8F5C27FF118222DF8EA07CB
:102B2000E33418D03481E627C70C2C0A2823C2C608
:102B300035F9E6E811B7EF4907FFD86014E2E5FC84
:102B40008287435BC26114F1AC28F18F4195FFA8E5
:102B5000B30A8109191B7E6F00B217CE14A04D5421
:102B600081ED05250ADAD3B99C160DB7DDDE17DA3B
:102B7000FFB3CD39C8ED13B7EBC43F0C02BFC71884
:102B8000AD81DFBD243760B2792F2A19FA15AC3632
:102B9000F3E0CFFFC3F4EE00FDFF775242D620E80A
:102BA000CC1C7FE4E622DEB421E5E25B9B24F8A4A2
:102BB000CC36EECF1A0EBCF2D7C03F0A1416E4E0B2
:102BC000465809194281D8C6EE9C3313D833DA30FF
:102BD00024431E4C28B5242BE00C0BF3F924AD162E
:102BE000F0FFD3CEBE7F108DFE443DC0F34E2813C0
:102BF00023F811282120ABCDDB08541A3FA91CC4AF
:102C00007FFF32EBBF40E31BD2F47B4ADFD1DCE332
:102C100004FBCED94CDB1A0CD03635E560E751D237
:102C2000221F1EFF0DB30E95EAB41520C91AC7FC6A
:102C3000F70CC2D8EC4D54A6FF46FCD102C32F7F3F
:102C4000D53B01F7E2FC2232DBC96113E0100EDD57
:102C5000CBF315034103E2FABB442221F0D2EF810A
:102C6000F41F0AD6F9F78125072731E7E707CC03D8
:102C7000E7F441E30DBCFB0702F6E44EB630BAF6CA
:102C8000211444C043B57FF7D1D3109EC7AFDA0FEC
:102C90001B0DE727B201016CF601101B8B04BAE390
:102CA000EBF535E381E7400BFB0CE92DD8CB4CED80
:102CB000D5D524E5F53949FFF7034C2A1BF1BC2B88
:102CC0001F946402E4D7A5F25E4D0346221AE40382
:102CD0000EECF7BA130C317FA8DDDACEE1389F1283
:102CE0008117C7013FE525AFC2B9C7904F25D34033
:102CF000D393B0DFC83EB149CCB9B5C50B3A1C3748
:102D000076031A94CBC85C2F4EDAEE02DA72F97FA2
:102D100054021BEE313F15FF00DFA408FABF6D0A15
:102D2000F224012B5A43DD0A59CAE2811D22E6AC86
:102D300000D2F009D8B1DB23B5AF1AC51CE156EEBD
:102D4000B681CEBBEBF42037E2A633C17206C8D4FD
:102D5000A9E308AE4DD1FC67C3640B1BE9F8D3436C
:102D6000AFED0FC769B2D37F17FB3FB76344EC5E8B
:102D70009BCCA9EDCE97F10462051BD738976AA8C2
:102D8000402A16C4E7C38D5F6AD1B03AE668E9818C
:102D900098E15600482DCA0FF5F936AD4138DFDB12
:102DA00007DEBFFE3A5C81D9F3DBF53DD403B910F1
:102DB000EA601CA71F2DAAC0AD36FD504D37C42FA9
:102DC000F7B393DC32B4F0C5B329E273C9DEF3C7BD
:102DD000189D05DA446DB77FBD3DC1A5B569D22107
:102DE00072E8D8F9EF0C3B027F58FAF6F7FBD812DD
:102DF000EF39CDAAEF32A742C8F5FE2C1D1FA4AEB5
:102E0000BDF617009D5EAEA02C0C3042EED6F0DA77
:102E100049A9F841E5F6502CC8812C044A1F07E364
:102E20003EF31BFF11052ED624FF1023B7D7EF81E9
:102E300006CDCD2C0C84F9EAF6A3E6EC10C7563A81
:102E400006BA633827D5A9CAADEAE5F73A28EB1EDA
:102E5000D9E62ED51824F08A2EFBC37F0B00E50F90
:102E6000DDC0E19D52FE167FE5A417DE4130DFE5AF
:102E700060C946C3200DC1D922FBE3D9E8C7AAFB2C
:102E8000FF4C0F4908C1A6BFB481BA789CF231E368
:102E9000B5E4215A47DE78B1DF2119BCCFF51230F5
:102EA00026511C8600144A18DB1AB75E1408E4DFAA
:102EB00012D37FCAFC5314E103FCEA1BAAF7ED0D01
:102EC0001BEEEA17041CF3C7E5033321C6D9DA4425
:102ED000D38120F51EBA130DEBCCF313EAE7090EEC
:102EE0004739FA53E981B1B25EBC2D68ABF6254192
:102EF000053C0956ECFFA30CE5303A1BC7F762F618
:102F00000ECB4052F4B4AA2E42C78106D721120735
:102F100022A0462A2DEB23BA213C0F98EE97BAF057
:102F2000DBCF2E1FA506DF0301E6B07FDB19E09A99
:102F3000470FF6EFE53C713DF7F024C814D2F9E1F4
:102F4000FD0EC4102CCDA22717310786F60E2907D7
:102F50004573FD2B3D4F29078F1881126815831C7F
:102F6000264866015622F10E051703EF19F7E16DA9
:102F7000182541FBFC5781E8B8EFF5F2FF1434F057
:102F800070DEDD81351FD15456A8D0C8FE145FF223
:102F900009F3F9D805E5E5DEC027BC1946983AF7EC
:102FA000C09B09B5851637C41D1CEBC63C3F38CA0B
:102FB000E2B6C3EE27B8DE81061D254EF4D8279C65
:102FC000BF181B362CD21BF22B915A04F4B143F2DA
:102FD00039C008EEFEB9BCE77F5BB995F63DCD057B
:102FE00046E1022B460F2118E92B27294408ECFA69
:102FF000E12AD6C3C40513160C097F213944D5290B
:1030000001C74E99E47FE8A51C409EB6552AFDCE27
:10301000CAA0D029FFCBDEA1FDED493FED2AD9584A
:103020001FDFE000FBCFF7A4FFB944811E0C21A0F5
:103030002EFDE221B8E35C11EECBD84E28D32CF064
:103040003249315B430EFF42DAF8C2E413F2CF2D6E
:10305000139DDDD4464BFDABAD2A10E87FBB07FBCB
:103060002BE849090D3A32AF3019F50904AAE2708C
:103070000AE21FE7CFDFD9101EFE1D712C405E81D2
:103080002AA8E67FE6F81C5EB8F49A220727C9FF53
:1030900022C7E50811134F5D023942B70AB863B978
:1030A00098E7124971B9F0ACB72BE6C14A66713C9A
:1030B000BBE1AD1DEC03AD35CD24F181EDA18B70ED
:1030C000F6062CF1BD2241D9F07F1CFEE4EED405BA
:1030D000BDD53B1902182B6BE2CCCDEDDAD1E987D7
:1030E0001216514CB53718B29DF0ECC7A4D5BC36BA
:1030F000F0812D631AE5D6E9D5200DA2C404F0F6BF
:103100002943E4C95EDE4D43D199423D2DFD26D4CD
:10311000D240E8213097F7D3F4FA8150052F982058
:10312000F4B7BF0F3EF0DC3EED364F2A10D83030FA
:103130005C890924BFD197C307B73B58813A214B1B
:10314000CCFC1F1EE82CE8EAC7CE080256270DEA81
:1031500015FDF62BCAA95E2D312B5B7F00CDF7EE56
:1031600047BA74C42921C2013A5B107681F810C5B0
:10317000DEB705EFD01322283CB55E0E563CCA459B
:10318000941E7506EABD84A6F1D9F01E0A5416E213
:103190000ADFF67F25F528D816D534D7DF2231CAC5
:1031A0002F4ED333360771034F28EEE235E3AE7F5F
:1031B00035D63A2EFFB3070204BEB707F5241CBB71
:1031C00013193720C507500904F0E50C1D2CF51B19
:1031D0002BD2D750CAF8B61902F1EDFF3905CC81D0
:1031E0002D1C2EC847C5FFF229F73405FF33D1192E
:1031F0000A251CFF32812015F8F71AD5FC3928253D
:10320000E3C728A40202E063553F7F5D20050BC59C
:10321000D7C45A4BC724D209C3D0501BF0160F7124
:103220004B53ABA236814C0BB5F21D3B1DC5DEAF37
:103230000C08E5DA172DF3531245F0235B1F4ECB34
:10324000D564DEF6FAA82B01C3E5EFE2B1120F2335
:10325000DF2681D0DF2CF6EC021C5DFEE212C2DD1F
:10326000B290FFFF0400000000010000BF01000059
:103270007EFAFFFFB2000000D9FFFFFFF6FEFFFF5E
:10328000DE000000C9FEFFFF08040000B0FFFFFFE2
:1032900059FEFFFF0B000000C7010000D80100002D
:1032A000EFFFFFFF93FEFFFFC101000015FEFFFFD0
:1032B00052000000C60100006BFEFFFFC8FEFFFFCA
:1032C000BD0000000CFBFFFF98010000BC000000E7
:1032D000B2000000B1FBFFFF75FEFFFFA30000007E
:1032E000BCF9FFFF96FDFFFF2DFFFFFFDCFCFFFF9A
:1032F0005C000000CCFFFFFF97FEFFFF7FFFFFFF9A
:10330000460200003A000000CAFCFFFFD7000000A0
:103310006305000062FEFFFFAD0100003AFFFFFF02
:10332000F1FEFFFF10FFFFFF5A0000002200000027
:1033300007010000C2000000F301000003FFFFFFCF
:103340000AFDFFFF73FEFFFF61FCFFFF4901000064
:103350009A010000DCFEFFFF3001000039FDFFFF95
:1033600062FEFFFF1FFFFFFFBBFEFFFFBE91FFFFDF
:103370000400000040000000C4DEE7D13603E2B5DF
:10338000D1EED8DDB7E0E2DB35DAC5ED06DC25C8E5
:1033900002B8C7CAC60859D8D2F3C92FE2DDB0AF08
:1033A000E4D3D8F1CFDDBECDF2C0DBC800052616D0
:1033B000DAD9FFCC7FCCDE1C0A92FFFF04000000AC
:1033C00040000000DB20E70B5F27178C023B092140
:1033D000EE2724D869F39F04383F6A157FE163061E
:1033E000E15E4E6343262C6456B3A02516F53ABA27
:1033F000F039360DFE84EE80EF2D3054F1D03DB61D
:103400005B3526585692FFFF040000004002000082
:103410006F16BA0A5F24257FCF21052713DAF5A39B
:10342000C3092CB0A30E4602B50DF8BD7FF67FEDA3
:10343000D627547FCCBC3C2E382B00775B54D88DDC
:10344000B09110B717E81B284B403C2D581D56C8AB
:10345000812D365A0AFFE2B5CB4AE51C5FDCE27FDC
:1034600050AD817CB92DE30DEE1BC24625E12B1832
:10347000CA16B0F7054ECFCA23E17F642C3DF3B3E3
:10348000D303EF4CAE7F34453220DEA221D5DC964B
:10349000684244A11A09BCCFEA51E581F416C4354B
:1034A00075DBDEE8E0CA53DD24D000C6F557B0C3B3
:1034B000DE03822F2548B2D3AFD144DC09ADB00D75
:1034C000F35AA3B6369AFC6CFC30CFBB176AF5D81A
:1034D0003481814B5964FF36817FD57A8D1BAE696B
:1034E0008130F29581FF42D181C5B7C53BFC5FAE0B
:1034F0003F080556818170B5AC7FBABD73E4810386
:103500003918C9E73E317F7509C7BF4272257FBBB5
:1035100003AA37690204F3FF685ED9ABF97F7F58CD
:103520005998AD432DFDB2480615816029C604CED9
:1035300056F7BBA1FA67637F1C9E2816572F2301FD
:103540007FFABD18A825C5EE547F4496D5FEE281CA
:10355000451E5481F6AFAA3835DB43A3B5DC1F3ACC
:1035600072B2894FD7817F810EE7C2C6087FA681DC
:103570001B71CC33FAE8B3F306A479C7187F107F28
:10358000525D30C015EFB22D283BCFB5E7122AFDB2
:10359000C7BBBAB778B0C9A019187F4E7FFA1AFD19
:1035A000D42F32BFC2EEC5DDFFFE2F81F63EF1B053
:1035B00020D27F548C0121D5B428BCD881B5B90C58
:1035C000B9E44F817F44E7097FED637FD87F43D221
:1035D000BF5852D27F8181A368BDE4AA0972BF3F60
:1035E0007A53347FDAFE55CBA90DB749CDD43ED7F7
:1035F00081819C9AB325D2257FE060EB9BF10DB2CF
:103600001C99E849FE6EFA8107D37FD3EBC0C2FB59
:10361000E5DCFEF30996F67A0A9245570CC9E0B547
:10362000C27F8CF965E37E2ED47F0A16761F1CCEEE
:103630006D46BE9DEA1181173267857F047DB92DE5
:103640008C8181D95482D23E218BBEFF81DBADCCEF
:10365000A294FFFF04000000000100000000000031
:10366000000000000000000000000000000000005A
:10367000000000000000000000000000000000004A
:10368000000000000000000000000000000000003A
:10369000000000000000000000000000000000002A
:1036A000000000000000000000000000000000001A
:1036B000000000000000000000000000000000000A
:1036C00000000000000000000000000000000000FA
:1036D00000000000000000000000000000000000EA
:1036E00000000000000000000000000000000000DA
:1036F00000000000000000000000000000000000CA
:1037000000000000000000000000000000000000B9
:1037100000000000000000000000000000000000A9
:103720000000000000000000000000000000000099
:103730000000000000000000000000000000000089
:103740000000000000000000000000000000000079
:10375000000000000000000000000000AE95FFFF28
:10376000040000000020000019E5EAE3C1ECF14A82
:10377000F823E11290521DFE81F50DB4E6F6F11B1F
:1037800046120BC5FD0A0F410037E42D60DCDB1447
:10379000D223B1C328F9C229FB080613F6D90CF5C8
:1037A0000B04DBF308E5F8D3061C33ECDF3C5FDCED
:1037B0001682EAF6B8340DEDB322D4C8362B3A2778
:1037C000192037F0113B320E0348EBD1FDD0E69DB6
:1037D000FA10C9E91AA7E331E0E23407F481D7F51A
:1037E0002A0DB23DF1041C3406BFB7E5F2E71F20F5
:1037F000F20FDFB5B9F212E1C0C0071217F3C4C966
:10380000DF2B39E415D5D94410CAD8DBFCF91603EF
:103810003C3CE5E99FBDF91C17101781E5FB061D2F
:10382000E0B2CF1FC127FAEBCE4BE9AA3722510DE8
:10383000C6BAD4D703A912CF1BECF2ABCEB3F0DFDC
:1038400001F64A2EE910A771E0E42A097F3FC75B21
:103850001EF2D18DC0945E0A9AF914D7D439C6CB22
:10386000F309D911189FC1F8DFD518540B57FFE69B
:103870001BFCCE09250E712D223D02304D6CE33725
:103880003F0517DEBFE60B97E0B6FF2C47EA46225E
:1038900011F4AF1C1DB32EE6A0340706EFC93AE3BE
:1038A000E6F0DB7FBB251B27B30249F409AC43D20A
:1038B00021C59C2BD6F82BEDBDA90823D4F853DFE6
:1038C0001DF2EA03B332E7E0CFFD29F5D3F9CCEDE1
:1038D0006439229895EED1C92E1912D506EF2BDA4C
:1038E000CA14A51681140A8EDBD911ADC4CB24E409
:1038F000B9AF263F1C85C824F406FE1449DABB8103
:10390000E6A33FE1A11CB24E0E3A0CAF24DBDECEA3
:10391000B58F01150D213640C84C19318A0909F5BA
:10392000ECFAFDCEF54EC61FDD2D906299019CF19B
:10393000D8DFEEEFDD5A06B8A1EE08080222C5AFC7
:10394000030BDA1ADE28F4DDEF231233558C1C0446
:10395000EEBAE00B7F67CBD6BD0BD2ACBB17064DE2
:10396000F420941A5DED1AE81525000999100E044B
:103970001B31D4D9FCF4FC2D23342FFDEE0EDD20B9
:10398000FFD519F0DD2C357F29112E1EFE1222FBEA
:1039900015EB5CF50A4CD603175C0CF6003B2800CF
:1039A000DA64FEE5D50EDE4BD3DF2FEEFBCDDA3E3B
:1039B0004F07C602B7A3CAAF1DC45ADFD7E010DF56
:1039C000540B534E12E8CB0F0604ED442CDAFA48A0
:1039D000D91E2FF821EB370300C9F11781C7D62E66
:1039E00016022316970CDC022715FC24993925E6CC
:1039F000EF2F4DB8F71FD830E405CB12491CFE1845
:103A0000F5A53E768FD7E5EB811F4AE5A9D41DD8F1
:103A1000CDD0310437112611485521E248D1B0B834
:103A2000E20FE6BB221CC6BD11BDE20844FAC4DFAA
:103A3000EE00AF3406F1C31803F2FF16EFE35C09A2
:103A400066E8246C16CCE475C7E3ABB5399CE8D4C2
:103A5000181400D5E1DD02B6D2AA0EEEC87FF0162A
:103A600087C1B5EB36E3DED0FF3E5952F327481746
:103A7000C590C762EF902C111F02696F81FBFAFF9E
:103A8000AF48FE0342FCA3F8C3016CD9F666DF1E03
:103A9000269C7D813A2503F13A112A7EFB1015A15F
:103AA000A2D311D3F8D21EA83CD70512CDE207222B
:103AB000B459B12028833E8640F8F41B1BE23A4DEE
:103AC0000D172D4DDED9DDFBE20F3A8116AA48DD38
:103AD0001609F7241808F60B1021130CFA3CF70E00
:103AE0000BB01648ECBFF0F7D40513EE26B5DBBBE0
:103AF0009530FC1A2C342ADA4A0A7AB7E548D649B6
:103B0000F9B9EFE8B87FFF2B81B72D0951C3B2B8DF
:103B1000021CEBD836DDD1D119FB285CDF5EDD9DC0
:103B2000F2DFA52F36880A1ED53CE0481D46C105A8
:103B300015BDEFD30D052C16B83617423100A23152
:103B400046F65009B3ED5DEA55040F0515AB324555
:103B50002EDAA837561E124B2A6AEF3181962301BE
:103B6000F662D8AD06D78DF61E07A5E9C5CCC737D6
:103B7000B0CBA742EB0CEB35D653EFB546F5CA14E4
:103B8000FBD87FE7131BFF2145EC470A13CF13F542
:103B900016134B1635DA3C240D39031A32C6BFFA18
:103BA000073DE3B5C93EE6F8E610F1A5FA1826E9A7
:103BB000A6EC81603DF1EF0DE71852211C26E2D6FC
:103BC0005BF4E0371DA81E2FEBBEE41E03C2E60423
:103BD0005C10F3B7411823C21A4330240E0F181A91
:103BE000E0EB14F0C7F0D41CE4A82B35060D2CF341
:103BF000F9162B29A70F699EBEDD20014D48003B19
:103C000066F6E944ADDA36F2B0741D57F9BFE63E08
:103C1000C0FB471B0DE27F12F7221AEE51345FD32F
:103C2000A1C9EEFE08E3B24A2F04D63AC8DA04E985
:103C3000EBD62C19F0D92C16F3FB08E3FB7F30E50B
:103C400012F1FBE02B2DF1E6BF172C252910E2E045
:103C5000061F1C371EC31607EDDFFAF9B926E82E3A
:103C6000E907F80610F4F1180AF4E9FB025514C844
:103C70000EF3CE2C0F2FF246B7F7FF2D0EDCEC55CE
:103C80000BE8E630CDE8B130FE3B6AD727CBE6E65D
:103C9000DD0CA212F90DDFED7F46EFD7FC33360FB6
:103CA000F24F4A20B602126B466E367052206BC736
:103CB00046820E9B943724D7140017FA463BE63F02
:103CC0001AB100CE5E4AEC364C2AEBF07F3E15ADC1
:103CD000DCD61AA12AD4E64EE618E310FB06C5018D
:103CE00039CF9C00FA01352B07E564E89A416A2B2D
:103CF00023D5CE163EE49FF81822A6B40919E5CCC8
:103D000072EA2C7FF330EB2435DEEDD645121AFE35
:103D100035FAB33520CCF45409455718A0F4E80619
:103D2000CB25D5CF32119112BF86E12A86F63EEE21
:103D30003E130D0138F219D4CC1C148169260D579D
:103D40004BC834490C001436BAFD2C10E4E915A90F
:103D5000493909C6FDC948F4FC4116CE5AC2F0F0F3
:103D60001627D2D8E20098C8CC66F024E43365095F
:103D700013071CBCE8C748D0FEDCE8FC01D7C20929
:103D80000A10D949FA01BCFAD31AF3FA26E28123C0
:103D90004306F6D6C7F121231AE0DC46DBDCF01639
:103DA000C3A94A203FDC3CFD1939EA07C52F08604A
:103DB000C3C7A5118E19BEC89F14F4C4650DCD1FCD
:103DC0001E12EFEC1E2DBC151BDC5904FCCF4F1648
:103DD00020BDDAA14928C73247224081230BB7ED25
:103DE0000AFFCEC74744BDF91CF4A4A0DDB74BF3CE
:103DF00005D4AE0BF4B408B7FC014FB51009122E70
:103E0000C828CBE0A82BE1D210330EE405B72FF47D
:103E1000A9D60A7FAF3436460F4435F2F520C5E205
:103E2000D510450E9421D70FF5C3D05713035894DE
:103E30005922A91D0AE00F15C0ECF9CC0AFF35FA8A
:103E4000E520022CDBA2FF62C1E2EFE70981B83E68
:103E50001731ABF636D12A0DAC12F9C9F72C5F3CFD
:103E6000F0BC35EE29FBDF08DBF9E40D394CAAF193
:103E7000010411D7FCB9C9D03A8903C6E91229D483
:103E80002D1F0F4EDE03A8FCFF57FFD229CEC3071C
:103E9000022181D330B7C3C2D8D8FB27A517D230AF
:103EA000C7C8560F44C963E411FBCB3FECFD0F17A5
:103EB000E3DCFD3D0ADCFAD2F8E1F3E21244C45639
:103EC000E618DC0CC2DFE03825F5BBC2F31616227B
:103ED0000D02E60B12C934D5220D5837F23B01070B
:103EE000F2CC1411F100D67FB952F0FA27F5E008B0
:103EF00025E6BF5DEFBC160F222812243BF3832971
:103F0000FA03E63CF1BD8125B89C537026B421DA52
:103F1000FD0A08E60DDFD3770207D1FDDEE34D3160
:103F2000163F331DD2B50B3013F4DE1ADC16E5EE66
:103F3000F50E0115170C0FE4DDF0FA550833F11FEB
:103F40002226097CFFEE4C3C4F2624B52406E77F51
:103F5000F6E3F016ECE53E2609EF4323CD37F2C534
:103F6000DE4B1CE51EEADB0CFED00F2504002212FE
:103F7000E21BBDB1CDD71316A318288106E5E52EA7
:103F8000CCDB11E53320F81AEAEF0238F3E721CD54
:103F9000BC441E260AFAE520053A46FD05020B0B35
:103FA000F909BDDC46FCE319140EF70464D5F7D516
:103FB0001417A00DD5474ECD344D1AEBE924F7E781
:103FC0001EDBD6E102BB1F44EA505971EBEFECD97E
:103FD0008150FE0BC2EDE1352A1A244C0F0C1993C7
:103FE00030D3F34EEBB621024D3D1E4C0B3DE61C8B
:103FF000DCEAF80FBD4733423CE1E0050AE5350A4B
:10400000211A35F307028127DD0A459553163B3AFD
:1040100024D4A5013AE0CB4D2E1327330A18D4FE41
:10402000A0E3DE0A1B2F38E407E2F3D5CC3E145F91
:10403000A8B3DD4AD3E9D31617A0CBE2FB451AD8C3
:1040400007FD411852C9297FF841A5EF65CA6509E6
:10405000FA0DB7A334A2E5DBFDFA050B9CFD040DB8
:10406000DF18BE3BDF5C26170BF712F2F93EE17F4B
:1040700009E3A1F854CE17ABC9BC328FC1FC3FE5B0
:104080005F964FE2FA0739380C1174553D146F16DC
:1040900093E8DDED3BEEA8B9F8A408EB5C03B4BBF4
:1040A000AB190946A02037D62D16161BD610E9EA03
:1040B0003FDFE6CD27E54A31282F4C20F93C1E0191
:1040C000F9F630FB04ED241ED0D7721F1639387F65
:1040D000EEE72D2B32220807BCF1F561CB05F71274
:1040E00003F3204D1608A954B72F062AF114160B16
:1040F00097304238151603B9021B72FFC33B1EE00E
:104100001D654906FEE32EDE05DAB6D91EADE106D1
:10411000151BC4220035DDE2F8D31F24ED357F14D2
:10412000A81B0C5C659FCD2A2DCCC4E1DF1ADDD71E
:10413000FB0D30B813230BFE09113ED22DD4FBEA40
:10414000F5100188F9358121172B2467EBB70BC3D4
:1041500034CAEE7CF1BFD151E0EEC62FD6A036C6F0
:10416000B0C8330A4B1364EAC605CF02D518EE2453
:10417000F8FF05E4FCD200B503EF620E0F221B7FAF
:10418000FF2016A6F8FB06FFF6E3341AD0E81CB3AE
:10419000122320412735F6C11D402B0ED90DD9C958
:1041A000D5DDF331FCEEE404CF059555940527B435
:1041B0003101311C20E3E11340B8226720D0B42C38
:1041C000F85748098FB8D821CEF51A07ED00DF124D
:1041D000AF3CE42CE581000AC7790760F2B0C5D195
:1041E00007966421EEDECDE9D3DEEEC1E83C103463
:1041F0009701E3C43581048FC2E36FB6F315362F00
:1042000061003DCCE9D639D336367AFCE3F73A95EE
:10421000082D1ABC48EE1807FD16F405D1C718F48E
:10422000D3EC0C24D5D9E1090418C41C2B2747E989
:10423000B42CFD075E18ACFBB66CDDC93B980E4A8A
:104240003B2E62433FCD42F1DF424209E7047FE566
:10425000F2E6D07EE4D7DAF6E42A1F0BC809FDAEF9
:10426000EC3B543B5EFA1925C717C934F3D22BEA4D
:10427000391E3216139E21AE023851F2F75BBB1382
:104280002331B3E7D561B01AD312F22308A5ED1F8D
:10429000CB4E20AE96365033BC34F6EF12B9408187
:1042A000B2079A22F7A2DE3272A5EDB8161C30F8DA
:1042B000BCC8BE2B30F2E3A62D005FDEEFB390B793
:1042C000E1360438D7CA394A95E9A987552624FD2D
:1042D000103F8435A000D1FD86E66FA9525C7F14A3
:1042E000A09BBCDEF827BBBD2666D31AB1F01BD15C
:1042F000AE2D33006A2CEFD9E023F71AF8F9F1114B
:10430000FEFAF34FF0998127E7F721FF0E1F520FB6
:10431000064616DB10AD3FC82B4FFB11F1F3F5FF3E
:104320003EF5ACD513F1D704DE0E9F8609110A01C4
:104330001B810D0B03032723E59DD30E3A3CCBDAFB
:104340002CCC0426CA076D2ACAC9B9424AC3F5FA59
:104350000CAEE85BB9C82C20131CFD7E3651FBD88F
:10436000AE0000B430860622E7BDFA1DE3ABF221B1
:1043700036E4E9D142EDC6A58139DFF74102CA50E2
:10438000F609F6021AD3E503094BFEF215DAEB48FB
:104390000627EB1101E00F0CBEE0F2F8E8C9F111BD
:1043A000DBF4C0FADD87404CFA3DC0C902451AB2C1
:1043B00039E00BF3D4EE01C908285DC9F5332912A1
:1043C00006F0E9ADCEFA37E409F663E800A9EDE6B8
:1043D000B4F8FB441E8A111B360A70E12BD0CE08BC
:1043E00011F44A0681E1A4EDDBDCE63CF40D06D1D4
:1043F000E5DC0326EEFD122A1C000ED5027FE24DFD
:10440000EBD50C01E5F8E00516CB501DF3D402D82E
:10441000E9D2221C06D7E10FFE0304270AD10612B7
:10442000040BD02AEB0BF5E426DC51E6B3E61708C3
:104430001A28BD24F91DD411EF2C00F879E3C9C165
:104440004C004A4702AAEC32DC1916CF2018DEC60F
:1044500013C9D7F2070449E22A7FD9BB020C15A081
:10446000F9E844B5F71B95E239E4DFD34209054E7C
:10447000F2FE67D5D708FC18B6D1149601C0288182
:104480003FDD582E4FD6DCB31A1103CB5A904700AC
:10449000D36AC9D320F8E36CE10E06F5328DA3236D
:1044A000F8DE983E3E66FCF90F1B15ADCFEB0E1EF5
:1044B000901D250009312AD2E020FBF7E8CC81F6D7
:1044C0002F33252315BFAF1CB64033BC08F50F189A
:1044D0002C1BF1CB13A00CDE3E14CB1CEE51BBFF0A
:1044E000F602E4E2990AD33681C10FD4D1881BA722
:1044F0003B40DE3DB28C0297C77AC0A94E0FC00880
:10450000EF296EE0FADCF2CDB0DB40439E0B9E0556
:10451000C65B313DB4191F2F332518F4D55476618D
:104520002ABF9526E4AE92E5D93AE61425F120E3B8
:1045300011252BC530E97FAFD9C2D6171B01FF3734
:104540001DF0F8BC16CB36144BF9011921C74DC923
:10455000B9E1D2F0D90F486413D8350112491CC90A
:10456000EA56EDCC0FBC1D2B01F2BFE1F2DDEED718
:10457000E2A3DC0E112211C008153AD319F110D0B4
:10458000059938F609E0F52F02007F135EF242E844
:10459000E7019C073CDCE29DB9CAE2C91EFFC9F4F1
:1045A0008C532863D9AE7B04E7E5B210DFD881F7DE
:1045B0001BC05DEE081C1BD2B90D3FAF03E5F5DC57
:1045C00046011413F41F13040938693F04FD4AEF30
:1045D000DE02C3393AFFB651DD04C8DCF5AB5263E5
:1045E000D6D0D8F7EB301DD9D7FFE615E9EF10DBB1
:1045F00015DDD4EC12225F0DED9D7F44EB3A1E0ACF
:10460000DBEA02C3D8E5DAF2F5B5381A1EEF274720
:10461000FFD61A2AF7DEE5E3E9FA3203BA023FD5FC
:10462000FD01DB1D19F50417F7CAB4F1A4F637F63E
:10463000FA9AC7ACE455F84AE27DF1CB7F0888F2DC
:10464000B8273D2783B60660AAA905D9D506FDB6C9
:10465000AF20A58F4DF54AB14E1A65F7F61CE2B4AE
:1046600020CD2B182AFBFCF80A7FF203E8F0FDE5C9
:10467000C5D426336E2648ECE3D4F71BF828EAF7B6
:10468000DC060D53EADE9C06F81A291F0B112FEDEC
:10469000EC072B012B0201A31F1B1E150901E7E8E4
:1046A000F7B6CBBBFCE60012FEEF020EF31C4FB9CF
:1046B000171B0C061CD4DA074006D6DCCC18E31016
:1046C000073619FED0ECFB142535451C7F392C36F6
:1046D000E3CFE0B5CACB4FC2FFCCEC430B3B19CACA
:1046E0001DFD114130C2D52BDED6FEF31CE102ECDC
:1046F000D2BCF1CE0AC6F3090825E7D359C3A2E913
:1047000059DDFB35C79C8119E3DF0EC81DEADD0DBD
:1047100059E41FD3E71F29CE23FCD418051FE0213D
:10472000DB0EEEEDDCD0D81BE4DED05826611F6531
:1047300011EAE800561061DB831E072FE9525B8106
:104740000BB9685E45F08ACBEDAEC8F9CC87672916
:104750001BD3B7EB30F9CA7F10F132D67FFCCF4EB6
:10476000A51BCC3417B3FB5A1915E5DCF90C25F859
:10477000CEE618FD1233112005E9001C090CFD04DA
:1047800006EC28C4EE15D1014526102AEAB3DFFE57
:104790001F1D13031E16D6F281FD230EF9F8FFEB41
:1047A000E5E5FF1FF3ED00080402490AD8F0CC2626
:1047B000D3FD2564389C33E67FBAF6D80A49CC2964
:1047C0004AF3EC2AB5B9F055E51AEEB30A362EDFF6
:1047D000E827DEED041413DD1501DC20BF16D8F345
:1047E0002DEB157C0EBF4034BD08810A05D3CDE00A
:1047F000529D5E15A2B251D42E0E24860940FAFEB7
:1048000056350BEBE7DA503EB05D288C1899FBD893
:10481000E914D15AA413145CA83B6209ED8B2BFF59
:1048200013F9DEFB30904DF01E1B6ABAD7524AE5F1
:10483000043EE0CFF031CD3031BEACED71C1D320BC
:10484000EBB0284BF281A82BC1D1F7A7072FFAB400
:104850009FD28BDB03FD5400EE5205D2D58FB5C23B
:10486000E2DB2DEBE942A2131DCB06D5C0FFF3E43A
:10487000D71CC51FED278111FE1715B7C269DE0EC3
:10488000004A3988F816FD3FA93BE12B66C31EE6B6
:104890001DBE414C2B10EADD0811FE12346AF79F51
:1048A000CFC6F6B82096275B10D313483331E8AF54
:1048B000F6FB350D34C766EBE8E769F6027FF22EAA
:1048C000FC2F2CF99A1BEA131CC52F061C0DDA04C9
:1048D0003DEFCF33F43613EB2A3540092D031FC3C8
:1048E000EEE429D045D9D345F48141D02C1D1BC11C
:1048F00007DBC95203C6318AF1054DFADDEEF3E854
:1049000037D968EA4216A2EAF2C1FE1FC1F60FFCCF
:104910005EF92C2C57192919FC52E105D7C9BF3A69
:1049200018D74A3153BA5655FF0DC53E0EF92EBB66
:10493000C6C6E8E437FB2F083ECF0BFCF733EA7F0F
:104940002FEF0ABCA83BD5EE01EBFB1423DCD1AE64
:104950000717D9EAC43427082012EFFBFCEDED114C
:10496000D604DA171F20215115260DDAEC3D20FE62
:10497000C016146144AC1D0DF4E8EC160739DA04D6
:1049800021DDFFE4BFDD3DDB0D0903A20B813AEE23
:104990000C16EB183B27F8FAF72F3A001C2D07E30B
:1049A000DA99C7D6F4EFD50B6332A336C12D0DC10A
:1049B000CF031EFCE2C9E913292B2D7B2743815A23
:1049C000E8C70F00141E2C1F325CD1F60147E9E145
:1049D000E01F47F7FBCC6218D0B44675E3025F10C6
:1049E000C5D402D3D3321529CCFA48A5D4160F1B4F
:1049F0004B09E07CC014F3A26E4C601EEC0C35CC6D
:104A00004F55E0A03CE0061800AE12CF1B010ACEC5
:104A1000192005EEF7C961BD134CFE2A15810E124F
:104A20008F351BE85BB8EAC6E2B714F4B5091E3C43
:104A30002F280812462B6347E0202206505FE056DD
:104A4000E9C50D09A5E8F525009B14B91DBAFA2C96
:104A50009AF4B31AB1FD0D0B4238B3F9E0411630A8
:104A6000AFEC8134D1F9E919B9114D49DEDE1DF5FC
:104A700040E6BEE2CD50F6F70B18BA0DC4BE35C500
:104A8000E6E6F21395C3283108FDECA26222F31189
:104A9000C51F2D0AA012D617C520D3EBDBD0FB060D
:104AA000B0462F2281DC51FD81B92642ED0F19233A
:104AB0001D213CFED2F8F613B3BF0CC814683206B1
:104AC0003436E5B0CB3C021EEA1C2B0DFD11F7D0AD
:104AD0000B400AEBD6EB1B2BE128140908F94BC558
:104AE000A6E4D328D624C615CB3DC8F3EBDED10F00
:104AF0000619F4D2F59BA5DAB4D13AFC25FCD66AA6
:104B0000F230442F1601B022672C01C4CA4C253460
:104B10002E7FBCDBF3FEF73EE8260AE0C3D440EF6D
:104B2000EC271D21B3F4DA3FD914F911E8EEF7C9E7
:104B3000FB9DE222EB2445FBF1FC102B3225290DD5
:104B40000DD1FF25A715EE2A0DC9D6FB6603E70098
:104B5000C0E02818DCF1E7FBE548FE28A7FE00FED0
:104B6000811299AFFC02E4202BEA3BE23E211CA615
:104B700016C212641DBFCCC40DCE24273943FE0FCC
:104B8000E3FF6565A82B3D2C1EC13BB4393E91A5C2
:104B9000EAC1497FFE85449ACF01C749D0FB1CFD7D
:104BA000D7A426B340E5FE2409F5FA0EEC3D131F09
:104BB0000F45CFC4181675DBFC031F1F540C19F9E1
:104BC000C6CE100E13E81EE42112F6CE2181E318A2
:104BD000061A033E21F5DB79EA28CF4ECEB9E6F975
:104BE000CD022D440FE8F112E89AFD458EAD414803
:104BF0005F4626FFF7077472AF111FCE694313504B
:104C0000DE4008FEF1DB2032F3101CF3E5E4304C0B
:104C100004912C8108FEEFF5213C0888773885E067
:104C2000DFC64346DCCF2B238BDF7F0723444A04B8
:104C30000DED6148DA09200FF9BC41E04029F0F0A0
:104C400052CE2E03A40FCB30FFE361E7F5063617F3
:104C5000C3C0F02F0DBFEB97B93637F03E189FFC5D
:104C6000CD02DEC456AD313DE3125DB10FFE35C35A
:104C700027B7F9D80102EC0251F6FB58FDF70EE414
:104C80002EB7194FF90E95F1E2C2D2DB21FFC41FF6
:104C9000BD9EC581DCBC62DF521CC2021E0950C22F
:104CA00008F78F28AFE10C07CBF35413DEF02EA1E9
:104CB00024BEEDB43FDBABD5311F4F57FA11333073
:104CC000FFC42405CDE2E91EE62521BF2DCE19C97A
:104CD0002D2214F7BB2A040702E0DA7FD709E9FA8C
:104CE00007EB591EDDDC01D107E24828D9717FC1ED
:104CF000BCD320D5A154B6A54F31BFE3BB25900B43
:104D00006CAADC3410A4B268F599C5A63D1849D741
:104D1000E3BCE7FFD5893DC14E59989BBEF13BFAF4
:104D2000BF0ADAEFF813C1E43724DACCB10406E1A4
:104D300022D025C4EBAB45B5F47FDAFD0609E527A3
:104D400076D85016D31F1BDDE006AFD1160DC3F881
:104D5000C0D112DEFAAB29F8BBB418EEB31347CEBC
:104D6000A409A925B2EB370A810BFABCC13134A6DC
:104D70001EE4B303FD22F93014FD21E50525E2FA16
:104D80002FDBDCE2EA1BC33DD12B34FBF217B5DF8E
:104D9000FFEFFC07E2C5E4CD09C956CDBB2813D50A
:104DA000E94C382008B2F73B1D1081F41137DCAA1A
:104DB0002205051C3849FCFE0A13DE0920D7C21D56
:104DC00017CD0FBA10030C07C71C21B2E5F619FD69
:104DD00094EBC90537F2D24AC005101F233BE60504
:104DE000C0F3C52EFAB8BBE334D4200819474536C2
:104DF000DCA7225AA2FC03E2B009501DCA1D2A25D5
:104E00001A9F0FBBA71A3CCEF5DAE0CE23ABE90C14
:104E1000F23BF77FE3FAE9E6D563B14E1AA0A3DCD3
:104E2000F32C032DBE05BABAE3DD71042D0D0D0977
:104E300034DDE11F221F30AA0FEC5F56333BF7032E
:104E400054B320F71DDCDEC01DBF3C1365819711F4
:104E5000E7F9CFDBF3CB4318F63B0F6A38BDC52B20
:104E600024D8E848D3AFD100BDDAC3C4B744492A37
:104E7000E71D49CB549E45000BEB0EC9CF01151D14
:104E800061F30CD9DF35EDCD8128242BCA081BC670
:104E9000B5A641F5E277EC40EB5D2846CCC4BA8973
:104EA0002CEC02A3DE2FEB0E1516E9560EDB05DE09
:104EB00001D30CEFE52BB202F3D530F8467FC1E603
:104EC00042D1F2FB1D01E226EB0D27F61AD8105154
:104ED000EA1692F5FAF7D4C6FEBEDB37DD2CD426EF
:104EE000C11D187D10A11810937F2AE4DC9B553159
:104EF00001FBFAB120FE37D76FFAD043C5D93C6920
:104F0000D9D7FE71CDCCD1320F0217FD38212B1C21
:104F100036FE11DA81C135F62277A030E346E09003
:104F2000D7161DCA0E9E409E1D00B2C056D8B7D9D6
:104F3000B1E8E324070924F0A51B1435032DDCD4C4
:104F4000E0EA4B4C2A901359C21D54BE52FFFFD8C1
:104F50002FD3F71E3AD4F9D3A93AD243D9ED167F0D
:104F6000E9655BF8ECCC4E27F8387A78B3A7EA32DB
:104F70003904B7EFE87608C4FB3BCECBDCFA343615
:104F8000CEEDDD700CEA37732B7FBE1A6A6EECE94A
:104F9000FEC62042A1094AC4D0FFF16FA468B2E561
:104FA000BDEE2058B9BE1450F7BC148DE1132BF799
:104FB000BF08EE1C42D2E8E016A22F1730DDDC0D50
:104FC00031ECEF66D281AD2EBDE6DE8D1412DBCB67
:104FD0004711262187A1F92CD9E51729DF2AE315E6
:104FE0009EE282E8D9CD120C1B2AF1E8DC4E0715AF
:104FF000C000BD12ED0CAA1BDD5D1ABA7F18F50AC0
:10500000F8AF0732EF1E19ECF204292A08EA053C32
:1050100003E0270B292D14FBF704F5EDFC12F3F741
:10502000CE2C06ED0FF2DA0BE7EB3732192CC0036A
:10503000D21ED8BCFDD6CDE3CB15E2067D2FC1F044
:1050400049DA4C03F8DF8CED475DDCF67F0E373A2A
:105050000F34DFE322CAE840263E140CCF1D10F0C7
:10506000F6024DC4FB12F1F2F6D2E9140DEEB420B3
:10507000EDFCB5FADAF53F16CE0631F2F0C71903AA
:1050800034C8382D1CF6122F0BFFF2D257D643D757
:1050900081EF2D24E4FA052A011E2AD00D1D0615E4
:1050A000D61EC700E410DED3EE4441F24841FED1E3
:1050B000B9EDBB21E517FAE2EC0C120662E106CD70
:1050C000310112F7CD2C9FEBE902447F35B5D5FDB8
:1050D00031EE1FFC3D222D3AE300EB400FA007C943
:1050E000184495D90B221A01E463980BADADE3295E
:1050F0008128176EE1E9835B90DAAA92462FC3E517
:10510000CC39EF0DFEDDF7C40329E703FDFEFE6C8D
:1051100010799F1F674638EFB40447F4DD05A9DB1B
:105120001520CB2C07D913D026BFE0FD3543DEAFC9
:1051300009A2FF111DD8CBD83B1605CD2D04C5F112
:10514000DFC87FDC2CFF004306E84D0E1229020267
:105150003E0B0B16F0FB24C6FD32F3DA323AAF31C8
:10516000FBE9E7FB6A5417FCED0DD5DC0BEF201FC4
:10517000FD3CE54FC4C412D87FF8E9420454F33B28
:1051800063445C680EE91B2CB9E0C92C1B62E5BBCB
:105190001F29D626D5F13012F4F729C61EE029ECD6
:1051A000F8F32AD1A8ECBBF8D7D0141209ECC7D871
:1051B0009C9F281156390416F21FA118EB34DF63A7
:1051C000571C485907B415444232052A49F8015C76
:1051D00039CCC839F9E4452DA5A908284005CF09DF
:1051E000FCECE217E081C1AB2BF7C5D10407F0BAA4
:1051F00011F40107ED45F9B0610D4430ED34AFAE67
:10520000281405D2D6EC1D16D52520C60B21F7C3D0
:10521000D32BE506F9FDFCE220384134E7B49DD3F9
:105220000329F223C94A0B7F02F8D2C8332CD03BA2
:105230000220BC7517CA3BE03335180239F6D9D0C5
:105240003BD40CFEF7C91C22C28EEDEA2CC57FF3BD
:105250001F2CAAE51C1406DD11CF19020670FEC32F
:105260009B223664EFC7FA21F6CFCADC0F2C2CF054
:105270000AE8300CD5EF0721162553150D11EA3C2D
:10528000EE2C1CF5399BF331208124E9453802FAD4
:105290000DFF1AEAFB0A3913F4B9493F0BFEEEE39E
:1052A0000601F9FEBBC90502B81ECA1AF834350D4D
:1052B000ECDF41332718CFD10AE27F47FD2CE814F9
:1052C0002213D035DA02FC2AEAE54AF5F2072C1659
:1052D00005E6D1FBC4CA14010BC031FC07CA092C76
:1052E000E1D6EF6F28D113EEEDF3CBC407F911E24D
:1052F000E91BC6F6D9132FDF105203CA352FDDD4B0
:1053000025B113E21F81EBC7EC3943FF310F26347F
:10531000DBE016ECF21B1A220BD92A5733F7F812EE
:10532000E91AFB4514DEE54931CE2CF9021EF3DB08
:105330007AFBFEF7DE1024C6E2F0BFEE68E7A13D7F
:105340005BBB44FDBFB1A23C4019E281E50230F2F3
:105350000AB20C0B35BA3000445D347188E1EC2898
:10536000B801FBBBA0CE82A7FF9FE767F035B1E194
:10537000E51C5530E6C5DBAA020509052C2D0816EB
:10538000CFCD7FDFC740F72DBDBD1DC13B292BC849
:1053900009E0E6520E9BC1E02875207A3CF246AA4D
:1053A000ECCBDDBF6F174EFAD2F2390BD9E337DA07
:1053B00039B36BD958E3EFAF23AFBE75223BC2FFC1
:1053C0001A9FED7FE72ABE02126EEEA3B4CA4BC845
:1053D000E72837F6EE26FDC51D093FD8206D25E1EB
:1053E000F3DBBAD30CEEDD1F9BFCE111F911322E79
:1053F00046021D07D4BAE5C7CCBD158109FEFA4C9B
:105400004338E5AAF2EFDE2492381EE1FCD2843A5A
:10541000F4D3F1193CFF0B50CD3204F0F0DA97F6DB
:10542000E410040913B7E4022CE499C5FD3DEE1223
:1054300032AC4629C0F40A04B033E6E301CE1F3093
:10544000194947FD7817954C3D05340729ABDABB60
:10545000F5F888F42E31ED0C4304D8EEFDEBB6F6EA
:10546000F81ABA007FECF5F4E622B9DD02EF151F59
:10547000582D0CB408B6BFF3F62548872AC007009C
:10548000CDB115E5DBEF41CA7FCF1ED44888F4F3D8
:105490003AF53623FFE46916932D1BF60FDCC5069B
:1054A000F1BC27674608D6430A23DADE04101B4501
:1054B0000D261DE5AEF3E4EE815BEEB71ABBACEF53
:1054C00007FD46CACBF7350F43DF190BD3ADC936FD
:1054D000B5E3DA3AF5DA1F5AEBEA27C818C5F50D35
:1054E00013F80C06D3A8FD1CEA2AE9B324020D2404
:1054F000CEB5C0AAAFCF11BB7F153B05E15B1BF951
:1055000042A3FFB1F5F022DD032DE0F22101D8FB2B
:1055100024E91BD0131316F802326CCDE8DF1EEB22
:10552000BA16140901C5441CD8087EC6C093CAC166
:10553000C6F2F7EFDFE8EA8114518B33FAAB078C40
:105540000FF1A7BFB4FFEC32D80628AF433509C826
:1055500073E5F6B500D822D59E7D593ECDD034DE18
:10556000BD0035B517D0EBDEFB591923D015E5602A
:10557000F640EE1601DFD7F526E56545DC631A1E19
:10558000F1D1EC130BE6F82CF3B9E8020FECF1685B
:105590006BF30FB3E01A4E20DE7F1957CBD5D8E25C
:1055A000F230265433C2F849E7C2C85C277FA67B95
:1055B000BB4FBC434CEB09E1EFC565224F723BE2A8
:1055C0000D2B4A5E10C5C5042BE25C4FFDEF302366
:1055D000A84E0C4E2B93F714D619F2263E2E2959BD
:1055E00005C6DD1EDBA798E8D0EC09A4D6ECE7558C
:1055F000DB90BEA78105C0EFE81337E171D8413CCD
:10560000BCD8EBF5B84F2B42F7C631BFFFDC8F3269
:10561000F852AF2A8DCE1713100708C6FD0E5FD5BE
:10562000C3B0103EB3ECF1FD4B0CE538C9DB1EEC0A
:10563000C7E0EA1D10032DE70E29DF4E714200C9B5
:10564000FC2D077F21CC1C1BD1E4F0FDEB2E242088
:10565000DF3AF01D451811162BE61C5EC1A3030EA0
:10566000F437F7BEE0C0091D8E109F14BB4A7FF8C7
:1056700052222C9EB4CEFE3BEFCD50DDF8CFB94385
:105680002D30D9B33ABDE4E6A5ED162D57EFCED2B5
:10569000AD39401DD9262BF3EC175AF9B225638793
:1056A000F80EE624FE35F8EAD6DA2412F205E447CD
:1056B0002E111FC5A1BD5DF4B3E9C6EC280F498EBC
:1056C000E1FD127F1AE0DA34F60F0CB534FA583ADD
:1056D000C3210E1BC3C3F45FCF36F02EF5DCB5B18A
:1056E000F81E2B0AEBCAD1F5A228B141CC92D4D333
:1056F0003423F6B133BBAFC41EE81617F8AF390632
:10570000C7DFDFCAB9D293EF1F81F7EDB9E31B0AF8
:10571000D9D2EC2E0707DE4E46F73426F4E127F403
:10572000BA26B85C51F1F2452149DFDA34E3355C41
:10573000C3C58C2F921530E20D361BFDF9FCC01449
:10574000618F31A7B13401FAF3022C247FCCEF2909
:10575000DFDC12B7392709EECDEDEBE0F204F6FC01
:105760001011FF43C1CF5830BAB5FFFF040000004D
:1057700000020000DCFBFFFF500100005DFFFFFFA7
:1057800001000000F00100002DFFFFFF25FEFFFFDC
:10579000D90000001FFCFFFF40FEFFFF4F0000008C
:1057A00075FBFFFF11FCFFFF8BFFFFFF6FFFFFFF8C
:1057B00031FDFFFFABFEFFFF2E0000009FFAFFFF51
:1057C00064000000F4FCFFFF3C040000D1FEFFFF7A
:1057D000D9FEFFFF0BFEFFFFEFFDFFFF6EFBFFFF9C
:1057E0003D020000A3FCFFFF1AFFFFFF83FEFFFF47
:1057F000F9FDFFFF05010000C5FFFFFFF8FEFFFFF9
:1058000040FFFFFFB4FDFFFFE1FFFFFF29000000A5
:1058100073FDFFFFBEFEFFFF0C000000ACFEFFFFAC
:105820000E010000FEFEFFFFB9FDFFFF9F0000001C
:10583000E5FCFFFFC9FEFFFFD7FDFFFF4CFEFFFFAA
:10584000FFFEFFFF16FFFFFF5FFFFFFFA3FFFFFF4E
:1058500040FFFFFFE1FFFFFFA9FDFFFFD6FDFFFFB8
:1058600099FFFFFF0A01000072010000E5FFFFFF42
:1058700046010000F10000005EFEFFFF5200000044
:105880001C000000D5FFFFFFECFEFFFFC3FEFFFF83
:1058900038FEFFFF52FEFFFFDFFEFFFFD2FCFFFFDF
:1058A00036FEFFFFDF010000E3FCFFFF7FFEFFFF8E
:1058B00074FCFFFF9EFEFFFF92FEFFFF5FF9FFFFFC
:1058C0000E0100000A010000A10000005FFFFFFFC1
:1058D000C8000000CFFFFFFF82FDFFFF2101000095
:1058E00056FEFFFF93010000BBFFFFFF2DFFFFFFF0
:1058F000D2FCFFFF3E010000E9FDFFFFC7FFFFFFF5
:1059000075000000DBFCFFFF90FFFFFF6F01000050
:1059100043FBFFFF37FEFFFFE4FFFFFFCFFCFFFF6E
:1059200077FDFFFF95FFFFFF81FFFFFF55FEFFFFA4
:1059300002FFFFFF0C01000032FEFFFFA8FEFFFF89
:1059400057F9FFFFD2FEFFFF0B000000B1FEFFFF83
:10595000E0FAFFFF3BFFFFFFA5FEFFFF9AFDFFFF01
:10596000ABFCFFFF090000007900000044FDFFFFD1
:10597000EEFEFFFFC6B7FFFF04000000800000003E
:1059800010B6C4F9DAA6E7A109F7B20FD4045E0194
:10599000D3F33BBE0AA4D302E8D021AFD87F1C4387
:1059A000B0CDC8D0D3DDDBC7112931AD31F1C62F61
:1059B000F3EB09BEA2C7C0E5F1B403F3BB05C9A868
:1059C000B83708ACDC73BF45E9F80029AFF5F351EF
:1059D00038CCD20AABE6D71D24D5CC25ABFEB2D944
:1059E000B636D0BEFABBA0E0CCDF28F0391617DB04
:1059F000F7B20CF5EABCE3D72ACA0ECAD1B3CD1070
:105A000052B8FFFF0400000080000000368BD3E393
:105A1000FA0903AF392AA84C392453FDC91A60C3C7
:105A20004590D02D18E552F0235C3C4DBE0EF6DFBC
:105A300022EA1C2B440751926C26BE4C2F492CAAFB
:105A4000A9D6DA0D05CC3201D2E200A3BC512B89D4
:105A5000285EE169174034528D5A1C4F24F8361ED7
:105A600091F9BFF740F2073AD70FBDFCEF5CFDC7D5
:105A700039BE802D23C1473C42472DEE19E3482E05
:105A80001ACA2BF949073BFB01D6252BDEB8FFFFCD
:105A90000400000000400000243FD9F5FA15291544
:105AA000A544B8E6DC01C2ACB0323C11FA3617E9C5
:105AB00013A901DEDD12143ED9180D0342C1BAD577
:105AC0004D0561314992006E0FF41A0EF52E0981D1
:105AD00007F6A8B4F81EFFDF14C4F5F8044033B588
:105AE000D01402DFF82BF20234F6DD2D5BD533380B
:105AF000B3FC3619F5BBF55CCFEEB01404CE193FFC
:105B00001ABA9B4AFDFA35CC2D1CF9C1B6D8410D05
:105B1000DE30E0080EF20BFAB4FD09E9AF0FBCC1AC
:105B200009F909C63AFBD9E081F823F61E4DFADFE0
:105B30000EFBDAC8CFB2BD35DC30A5D6EC4BC1E0E8
:105B4000C0ECF4B2DAA811DBF7434128F2DCFF1B0A
:105B5000F0E4CCF7E8EC25F31D29C91CEEBC17EDE9
:105B6000ED091F121E0F0306471ED526130E450C06
:105B7000C8020E57341B1BF9F34CC7C8D4F8FEED0E
:105B800012E031E75E473BB3C93E44CA9EC461F4AC
:105B9000314320111529C6FDB1EBEC1430D535BECB
:105BA00077EE23E9361BB03DF4FAF31AEDECD50A93
:105BB000520F11E2C8811B2CF70CB9A5CA341CCABC
:105BC000CD2AF8EAC615D7212ADF3F3809BEA4132B
:105BD00019CE2CF3F0F6ED140D0C0108219E11F7EF
:105BE0001A0E465417AEC616D914130301642ACBF5
:105BF0000BFBCE18E641E4F9DDE425C0F30AF5A479
:105C00000C164FF21D4F0CFF9DEA35F7E6D4FA0C47
:105C10002848D5F7FE07AD2B33C81AD5B308C21CE8
:105C2000D0D70B8EEBF6810BD11BEC502D23F21A43
:105C3000CDE90E38F4C0D7A41CEF0CDB011DF741F1
:105C4000C7F215C3BCDF39F8D54D0C0F03F7F915B2
:105C5000471A4A433CABBC132901E42441C00E213E
:105C60003F2FF3EBD006EE81D311F0CB463ACFF7BE
:105C7000FEA642FC2CF6FFD5F1DE2FF3BD04190E73
:105C8000E6124A8F3BA9C6A50353B0194A27D70885
:105C90009FDA2AD70B0CF4D435E1AD0F46BE07DBF3
:105CA000DBB7DFC7021491212EF90B3A39DA31E064
:105CB0001B09FFC7E00528D8074D812413C1E10562
:105CC000FF3807FD212D302DEFD1D3A42A0A13E28E
:105CD000EE4BECE314081CDFC1034B95E127E80D04
:105CE000F2EFA4FEAB343B24EF1624A7B3A8D30DE8
:105CF00027F10CF221F98D13A0F00CF714DB07F358
:105D0000E6C6FAD3E8E634C1FF132414E5DE198BA6
:105D1000C7EFEFFB0DDAFC1ADB491210BEE80FAA41
:105D20001CEE0B1AE7D7EAE18B21FD9900CD1CDCB4
:105D30000FA3C710DF7F0137FA18F2B8F996FADB24
:105D4000C912E7E324A6B110CEE4ABCEFB0AAD9DA9
:105D50003D96BEE115E61CFCD4D4D7B515241DE94B
:105D6000BFDBE8EBEE201337E9D9B36014FD056A19
:105D7000EB98C1E10CE2295F3639BC161D2ECAEA48
:105D8000E0F3BBE221BFE4DC29FCEAB5ED95F614B3
:105D90003EFF37AE09C7D4FF351CCFF028080A41B3
:105DA000F8022511F41D2F1C0CA8EF10DEE944C4E5
:105DB00066E726EE1CF917F60818033154EC15C8EF
:105DC00022030CD118DCA8E506CA3AE439EBCEE48C
:105DD000FA3F7FD7DF30D3DEBE23251FE260CF211D
:105DE00022FABCCB1F043C3917E8F7160F0625F939
:105DF000F714FD4BA712CAF7FCF0352F01CC121691
:105E0000A04B0104D62E2B21D7BF3C66F4E2F21A38
:105E1000FF321518BF02BEF52BEB1214DBD913218C
:105E20001DF7FFCAF6EF37F107E7B604BEDAFB2429
:105E3000B5111B2804810EE0EAF5DF01F7F1001A25
:105E400023AFE1C9A0E411D4260D571FDFFFD926E7
:105E50002F271D0025E0ED21E5031EEC08D4FB14DF
:105E6000191EE025FF000BBEDA1121CFFF0B11B781
:105E700017E713110EE017E601180F01D5E3FEF93D
:105E8000F8215CB90D1A0F2BC61DC9E4341634096C
:105E9000080347FC23F5FD09FDF94ADDDAE79E1FFB
:105EA000F50914DEFBC1E3B3043BF101DD28F2F98F
:105EB000B826F12B9FA9DF00F2F0E5BE2A04D12815
:105EC000DD190AE1CB14600B0856B23ED9EDCC1AAD
:105ED00034B3B211341A03AD37F9C5DE2D88F0069C
:105EE0001B4126E42818FBE1ECE0D58539FDE0D71D
:105EF000EDE00B32451632AA1604FA048119E9CEF8
:105F0000344071A213E03AD636EA98F43C1544E8DE
:105F10001A116B1F3FF51B1D17F2CEFFEBE1FFF2CD
:105F2000772201E226BF183045DCA9B017D019C787
:105F300020F8A8F30785E2EB130D0941EB371AB7F8
:105F4000001BA0ECB4FD09F6D9AEE64F01E4E9511F
:105F5000F1EBF3D7FAECE9F4BE23E9081E11D3A85C
:105F6000F3CF10EF37DDEE39E413FD6501351EA9DF
:105F70005DE181CE142E52A13F19E70851B41DF600
:105F8000FD220F1AD405E602EBE65010E0D7D1024D
:105F900024DB43264702FED3F7DFF0021AC7182A94
:105FA0003AE34DD004FBE36231C8DD3C2BF73AE81D
:105FB000C61D501A32A1F6B31A02CDC6B34E0F1346
:105FC000F2EDBD12BFED1CFF5D19595D12DE9F673A
:105FD000460F78E9FFCF0CF0B7FE3104EDBF9541D5
:105FE000134CB535FDE12B1FE03C3A31DC1D3EA7DB
:105FF0002BD2DBF422030BD7DFEA0C1AC83A30BCF1
:10600000D54C4D81E30BB4E3A01CAD38FED500DBCD
:10601000C7F94FF8F93BDD5F2E09DF20DECABC234C
:1060200037E1C3E5361002CDF7D9DFF227DAD2D453
:1060300034DA12FFDECBCE04011200294000060044
:106040003E5FCA81DD3C2B0CAC15D7A6B6D2F4FF5F
:1060500032EFF2050AF5EF001C5D0CA2591FBEF4E9
:10606000E0CA1826F929BEFB691BF3F4E2F30A091A
:106070003135F0AAF81D0AE1DDD9FDA049981F2AA3
:106080004327F31CA2EDABF0FDE4F6A6DAF119C24A
:1060900039D9250AD12BEDFBCB0C0514F9F40CC929
:1060A000F1E6AFABD61A49151AC655C9CE2710FA74
:1060B00012F4E501FFEDDA0ADF07C61A47BEFFFA60
:1060C0003C160B2422F1BDFC2AF91423AE1A3A9394
:1060D0002FFA1595C224F4B7FEB10321D657E90271
:1060E000B61121CA361E34595CC811384A81036181
:1060F000D803DB0FDDA7E75B2EFECEEFBA1D0765E9
:106100003AE4A607F52BF0FD55D55830C3BE3AC189
:10611000132DA300DCC0110A81E4F514A0EFCAE03E
:10612000DA12D10D610CF511E7172B2859F237FF60
:10613000C7EE154A0949DC45E748D1C9AE2CF3EB57
:10614000F6ED13F2FDD72931BAC426D6E40CD9B93D
:106150003AE69EB7C2CA15F11AE3CFEEDB01E021A1
:10616000D6F1323CE0FDD8673B03551A5DBB9D3A42
:10617000DED6BF5DF59A0467F8F612E1E03E02292B
:1061800013D62BEC11FA158AE1229FEFBBC305173A
:10619000FD16AB41F2BA0E371FAEDDA1B2DF05F43A
:1061A000F40B1BBFE9F3C7ED033720E016ABFBF997
:1061B0001EE20F1FD61E0AC01637FCE82AD3EB4892
:1061C000EF3C17EC20E01808F5EFE4D119D60811E0
:1061D0004519BABFE7F5C820F4CB0CCC12A23B2678
:1061E000FEF60A14950ADDE8C8E41707DCFA810513
:1061F0001043D1131BEDA038A69F17FFEF250DF11B
:1062000011972336FFBE0EE15504FA05110A14F466
:10621000EEE0DCD933B301181209003FE0FCE0F2F4
:10622000D402087F1A63314FBAE8EAAB0B3525FA7E
:1062300011F2E92308700B18F42D2936D5044724F0
:10624000B0812D06D761DD16FFF9E5F556B1C948D5
:1062500099E2EFDDE4DEFAF4DB1CFD34F1EAFE2323
:10626000FF9BC91E3E8F1301C73D262D23F1F6B4B7
:106270003853FB350A1420B8EAEEF8006E0DFEEB39
:10628000FE0F3EF0CE30C21FC7E3C2FD36141133FD
:1062900027F40A01DD3128E1510E1EDEEE111D3119
:1062A000BD52F42B134C10F9ECC8B5E6A4D7E6EBBD
:1062B00001CD4EE11CF6FBABFA292E00300D0B1B75
:1062C0004FD90EEA0C34CBB5CD022EFE2202D2CB32
:1062D000ED1713D80209DD13E723E3FCF2201223A4
:1062E00002F0430D15DF0FEAE5FE01EC163521B68D
:1062F000B84519EC121128B7F6DCC1E931E6CB1F1D
:10630000312748EA81C3D60AE1EBA93511E9F5CF77
:106310000D091ACED50EDFAD01F30D0FFAA8342BFF
:10632000E32FFABAA8CAF33D1D02B6E30C9AFF1494
:10633000D9CA0EF414E8D781C609CC14DB1DE4D900
:10634000831FCBDDB938E0D94B51543ACCFF991FAC
:10635000E0573EDD08C21007DADE07F9C5D1EDFED1
:10636000E1E81A4202BDDC99D9F6BBEEC439D1D0BE
:106370001300B917D434E5E1CEF3CE0EDA08D527F1
:10638000D0EE39B80E16DB0805A7BAF7FB3FB821E7
:10639000B9F12513F8BC13E914E0CEE9EAEC151EB7
:1063A00017DEE82CD6F4EFCD16370FFD1A00DC0C03
:1063B000DF061B04E856F6E72AF6EAE30F08D940A1
:1063C000DB2BF3F703D0F3060F1BC2C908D2130A65
:1063D0001E05080B22C4EAF716A92BDE05E03EFADB
:1063E0000715FA1DF606E8DBD6D5352CD80081D87E
:1063F000FCEEDC110D02A13A14BDF4F8F633023FB5
:10640000F210CE2A16B22DB716CCDEF03AF12DC816
:106410000130130501DEE60A4A5F241C0E0C1C0F36
:106420000A29F0D6FA202E1AC8BF222F97DE4FBABB
:1064300004F8FF08C5A0E1F8D4FC0853CA134B0FB9
:1064400021A77FE9DB08CA9DF2554E0DF14631FDCB
:10645000D30549ED089CD5D821F61960DB47EE1C21
:106460003AE5EE8E164C6FCA9DF7C2F53F08FDBAAD
:10647000EDF04CDFEB2A03D3FDB1DCE5E1000924AC
:10648000F30B1DFB961AA240D64CEA624113DF11B2
:10649000F54F2CA3CECC23A20DA9D6DBA6BD22FBA3
:1064A00027B116EECF09E2E038F42A1A5ADD0D11B1
:1064B000DC2B1540E02B169D1605C2CA4FCEA00E50
:1064C000C752CAE3F915EBE10DF4CFE1E1D535038D
:1064D0002326F1C01FCCC4331F112FBAEE920A0637
:1064E0000C13AF1D8142E2CC05E729FCF4FD97EACD
:1064F000C53B2CC14EEDF72CB98D5013EE3FFA0D74
:10650000D7CE05F3FCDF44ED39E8E3EC1F3319E2A5
:10651000E4BD07112BEBD217251E3EF9F901E41655
:10652000EE2BBE53EB08E731F7AEE4D7078125AD7C
:1065300023F7FE383FE6DDFB04FC0A0E22D8F9E41F
:10654000E925D72DB558DB4FB00DF1D300D8DBA925
:106550004302E9F7A922D1DF07EC00F8E2B7D60F32
:106560002493D9240707C7392C1D17C1EF152DEB2C
:106570000A4EE9DDFF28201A07BEF7D63CEB0104DE
:106580000B46F5E5A4F8C9F909E6A9049FFF30F424
:10659000130A19D3EFFDFCD8CDB03C082CF4C1F799
:1065A0000402C6DD0A2054B9DB10DFBE40CA11EF79
:1065B00017D8CD00E44BFD9EDE06DEC901CBD4DF4B
:1065C000E811D9D8E448F2D1E4E9F9C40C1FD405A4
:1065D00036C1FD190AEAE2A081DE14CD2235E0427F
:1065E000C8BAD61AF9B1FC1CE8DE1234F713DDF193
:1065F000D10424FD21E3260ED01BACE8160CDBD120
:10660000209F0903CA3E0CE8220105FC1604F8C4C9
:10661000DF1A43AE1707E8F7E70CF853481F31A914
:106620005FED1CA6DCC4EC9D16CF40DA2DFF12D521
:1066300028298BC70B9FB70001DBB6F50401F6B321
:10664000232F030ECBBB1AD91CA80A510224BEEA81
:1066500029C126A7CB213DE8DCEDF141EFF1D84679
:106660009A1D52FAEF4F2F623023F54E1AA85D049F
:1066700081DEB54AD8013934E651D222B9C8DC0FDF
:1066800043FC1335E7384FFF34255DFCAC953F0CD8
:10669000F100BE3D1A08DF0D1806F81AFBD1320BC7
:1066A00013CED8ECF8DE114305CD0CF3E3FE24D76E
:1066B000FC37E8B7DFA5B1A931271CEC1DF64DB9B1
:1066C00005C6D8300215D621D724534AE4DF81FD10
:1066D000F2CE57C4E9F82E2CF311F139EC34103A0C
:1066E00028C1FDEB0D0C5004F02D2B25F436E3B33F
:1066F0003007B209EB6B0A2A28011E2E28CB391766
:10670000A6203DAB015BF008E0C82531F11CC9D2E1
:106710002AE418051512FFD63E15160F24D8062BAD
:106720002B0BF6AF81E1E0064FF23FFCF4DD6A315E
:1067300009160704E91CC2B51014CE2842E3E0E1B3
:106740003A34F72D3FD31004CADC23C3D523EFFD21
:1067500079103112A3DCFD0DECB7F9BED14B24004A
:1067600008F0F005DC37695833D835501CA3277280
:10677000A9F608EAD32DE643B9D9E11BD422CC18F7
:1067800011B5DB25044613C34AFF71F7F8F04F0338
:10679000CB0BDF32C0E1C70926DF49EEE42DEF3134
:1067A0001AE426F8DC0F36E6E51D271ABB45C01AA9
:1067B000DCFAEBCBF80BD529BAE9DAE996CFFB1A6C
:1067C0002C8150CFEF1D06E12D0E5147FB200B13FE
:1067D000E9BFEEC9E7B02EEAFC1AD332B435C1FAEC
:1067E0003FF8ECDF2E1310A4E2ECC3E51BB714C393
:1067F00007DD300605EFF7DD163EFA03FFEF36F84A
:10680000644B39CE16D6C22CCF3F0ED5461E113062
:1068100016E333F6F1F71D1B2CC5139AF308C9D6FE
:10682000F418E7B2C2F3E2A3F33318F021DBA3813B
:106830000F21DCD9D1E04747D00ADC0CD034D2EBB1
:1068400007D9E5DF27DE96175C04E9CA2C4102CFA1
:10685000E10BF2DDE7B6E4280BC0FB25EE2FE823C1
:10686000FA21BFC717B922FBBD23CCFFCDD2F82632
:10687000B3C9E02B1DDFCEDB0FC3FFAEFDD7F5E3C1
:1068800021AF17E7E4E434080615CBCF40161AFE13
:106890002BAEDC13FAB4400DD6CD1ED5FC01CDD203
:1068A00059D404EB160DBFD4DDDDE4CE04E5089623
:1068B0001F35E1F2EBA70E0FEDFDDBFFD645CDE472
:1068C0001C6CC1B21CF106D3D8FCDFF314CAF7E18B
:1068D0002B371CD7FB07D0F804302004EEF11A3810
:1068E000E514F028DD06E52872D7240438101E09C7
:1068F000E5FB810D314617F4AE078CD6C00ACE25D4
:10690000EC1F33D646E132F1DEC4311CE3CB54DB5D
:10691000153E0A0AFD14F4404D4311F6FD233827B5
:10692000D3E6D7C2D1FE2EF016D72E1DB74262197C
:10693000951B34F3F881E08504FD04DA181FEEEBB3
:106940003C9F3F0EB23921B3133B67462BEEF71441
:10695000E41455F822DCD61F28BADD45DD25BB56E8
:106960000FFDE7A2DBEC48FD8FFD5CCD124827B69A
:1069700023141617D1043B18E2EAFFF7C4EEF7110F
:106980001A322DA10B28A719DEE9D6661206F8CC1B
:1069900010DA3A1622DB0A21F81AB2E9EDFD1AE202
:1069A000521DD32EEE15C5DE9FA800D91FC704D1F6
:1069B000F9AE0FEECEE6E9ECB9FAC0F41CB5E1335E
:1069C0002B07EFE3D0BFE399F87F0CCEE40C3A4AF3
:1069D00010BDE92ADF0012E4F3FFDB0AADE6B8F4EC
:1069E000F1C6F814DA163E35F0B8030D0358E71E69
:1069F0001DAFDDFED2FA2E020035009F0D05D8E84E
:106A0000DDED32B74540280F3618EEEDD11EF2FF0E
:106A1000140044D6F4CFE9DADDDBC4431C21650C55
:106A2000320703CECCC5FC124326303518FE6F1852
:106A3000FBCC0ADCB7D8DBC720AEE1C302DE05CF52
:106A40004181274115FD962631F17076E400C23F61
:106A5000C3DA30EF2DC6EA52B7E6322EDA43093EEA
:106A60000A13F0F3E22559E1F7E10DBAF4C50E3F40
:106A70002BC1CAB9059911270F3AE630C5EC2C078E
:106A80000A129B19165CA17FE7EFFEEC39DCDE5B96
:106A9000D935C53E35231D35ED0081515D1247EBDB
:106AA0001A46EDE1EB13FA383C988B290ACA1F12FB
:106AB0002A35BAED2DDEAF02EF27E426DDD1529163
:106AC000F022004CE6CDFF230CB1326721E1B42562
:106AD000D5F65BC3BBF7A002AC274003F6F21B1E42
:106AE0003BC5D6210AD71E47A2291E1E23211412F8
:106AF0005C0AB43BC559F313130B2A113ED5BFFCF6
:106B0000E9E7C535232F9F42D7C42C35C60FB35AAA
:106B1000D311DC5A2EF8F2CB0529A8C4C1AD9C9A3A
:106B2000C50AE1D4CC521CCBAB6401C5E74533F0B8
:106B3000D60DD6ECC515FE53BCF504FE5A269511AC
:106B40003B044E2508B0F8F3B304B216FE0509BEA7
:106B5000642C95DE3202FE12F11B12D5D59375DD41
:106B60001B196BE3CC1F0E49473CB96D07E70E15A7
:106B7000E701B2F94D15D878E7E1B41B092AB15302
:106B8000D4E62E161BA16E81F4E9C1C10BC22B12F3
:106B90006B7FDE92231B21FB41331B8120DA4D02E8
:106BA000F4FBA42DD0E03DFF06A430CBD00150C4AF
:106BB00003ED52071F290FB1141840442BDDD63DB9
:106BC000D2FF28FC16EAC009CF07CEE028D9FBABDC
:106BD0004156FB9BEA23F009D13CE806281F2D0A09
:106BE00019EB05C30202202915DF011BEE0CD608A4
:106BF000DD3DE80DF107E64BCF020E185525045395
:106C0000CF2FE90DEFF4F6DD2EAA123104E0BD9E80
:106C10003729E1D8BE230B2FF4D1E3FE0F10F72163
:106C2000CE98E1ECA81F1F18FEE716E850273E1E7D
:106C3000240740E915D9FBB32EFBE8044F08BCF24A
:106C4000E44BEF1B16FE0523EACE1C9FDCDEC907D2
:106C50006A0FE0E311170A07F9F462B31BD84A4D33
:106C600009E40CF19337DAD4F9E70E19E9D2DE29F9
:106C7000F92AF4052CF38143A2DD01F226F3050580
:106C8000D4000740BBFC26CE2EE10629EFBE1892A9
:106C90002101C8FA0CE922FC1DFD5BC6DA2AF1E9E4
:106CA000C8E73CC9F8ABB30203050831FFD100F8CF
:106CB000B6F128F517F8FCBF28D303DF0BE3D50B9B
:106CC000F1020704E200FD810AF630D90D051F1517
:106CD000F418130BEBD6EF182EDA0B0A03F4D317C4
:106CE000462DD5F4DE371BB211D82503DB25FED4A3
:106CF00007F101DFF7C0E9ECF6D001E9EFCF12E0D0
:106D0000461F20BE35BFDBEA0A2AF8E9FAD4FD0A9D
:106D1000AEF76C0AFA1323BEF1FCE2E6D815DCDE0E
:106D2000D9167D05F9C5B4399C3EFE154F23430F96
:106D3000B6093AE113283EDBFAAD0A9F9B05E0CA8B
:106D4000A591DEBBAA4EFBFF603828122F07D1DFCA
:106D5000DE17F217D981FB3131E0070C26DCEE0299
:106D6000FB34ED7B3219E5E6855422F40FF508CAB1
:106D700035CAF4DA06DBD6DED614503DBE5420BB4D
:106D80005723FB1036109F099C45B8A051D34225CC
:106D9000C931241F4C0B12BEDF22FA06D82081E62F
:106DA00005C0E6D5FF2A1BEDD73A19AD15F7BDE9A9
:106DB000223A4C02DD19F8EF1730A5D418F121ED75
:106DC000E74BE8FA252D06FFDDB4B023EA1C092EB7
:106DD0000CD0DB2FDF0221CFEE1657D6312D6CB64B
:106DE00002D3E5C389032CE6F3DF2151FDF8CACFB6
:106DF000D14D00D714EDF019DBE712CE3D099EF01E
:106E000002B6EFDFABF116F82ED826C41D09EA9EB4
:106E100076D5ED97E2C614B51204D0AAE4D2380EA6
:106E2000F5EEC3C2D2E80E0C0FFE30CF3FDF0950A3
:106E30000C51F0CA1B1702B3201BC91131C681FFC8
:106E4000AF3804EC1F03EDEEC20AB6DA1541FBEBD6
:106E50002558D1A24102D80425C301FE3C16382290
:106E6000BC142A019044E3F90FB9DFC9D5C1EE6023
:106E7000FFFC1B2BDCFE8932A2BA0ED65645FE2B38
:106E80000EFAD766130C17814D09481FD3F11BF377
:106E9000E2CBE0D922E92239FA26091C0322F4FDCB
:106EA000E345D64018633BCD9DFA12E1D11B3BE28E
:106EB0001DDCA0FDEB4AFD03DCCAF4CC0FE5020C9F
:106EC00025FA7F12E7D6E10BDFC704151C5B60AC27
:106ED000CE1CC1DBEDFA2DE7DDB001F2A4F047D9FD
:106EE000DBC142CB014B032E1102EF200E1B0046EB
:106EF000D8C5E93DFDB30E2FF935A5E9C037B2EE8F
:106F0000FFCFD1EBFEFFCCDD0DEEFBF105BA09C7DB
:106F10002904CFB10BFC381EE305FB2314C54FF049
:106F20005CE404001905EE632312CDE025FD01EBBE
:106F3000D2F1E7D1FCD5CAEFF6CFE51BD8D92AB2FA
:106F4000B602B213DB35FD131EA76B3D2B92BCF7C7
:106F5000F9C24FD9CDE1BD189D1D38F0F481D7009D
:106F60003BF3FD49EAAE1D40EFFD59FAF3310199BB
:106F700077E9E3E4055C22BFEA16E0EB533BE291DC
:106F8000F31CF3F6262C0514D21C10113EE4C54068
:106F9000EF2C4A1D4951CFE223E5DDF51324011002
:106FA000F710FC1BE4DFF4EBB82913EB0613052103
:106FB0000E0EF6E2EE27F112FCAF2104D6013EE2FE
:106FC000CFB10904D9390C211A21121100F2081786
:106FD000FDE41723F981FF1AE1E3E408EFE20A2553
:106FE00033140319EDDD30F3E0EE02E51CED1AD4A5
:106FF00047E61BFA0DD01EE9EB15F3F2D72300C5C7
:107000001023FE28143CEC2FFE44DDD34604FE0C76
:10701000B6F616F60A0D26F927C1F21CB5DB0DED02
:10702000FAED1F69DF3BF140FFF39DA1FAD5F3377D
:10703000EDD7BCE5F65AD9EA0CF5220C0CE3FCF8C6
:107040000E8F12CCAE4CD2FA4B30033E1504E6FC48
:1070500090E3D7C6E7D0EA1EE410113EEAB70F2F3F
:107060002C03001E1EC7F0BFC038CEE6FFE9178F05
:1070700045E41B15E1FF12B70E32EA25691213062B
:1070800022F4EFD4C15E1A498122E6BE38E0C9E598
:10709000F1CC3BEB425532CAEB259A3111ED7F0F13
:1070A00015DE08D9C1EC561B43F1163F702D22F0B6
:1070B00011221AEDBFB1F99B1A12FC10E7DD14F88A
:1070C000D9FACA171DF3C4EA18EE03462922E1BA19
:1070D000184370CCD5C913E8B8E2DDE8E13EC5320B
:1070E000CEE5BF05E7544434FBDB201FCDC0E0559F
:1070F0000DA7D3C2E73A1B2ADB13E124C20712050E
:10710000B5F8B13BD16AEC442D0F27110BB7FB1E2C
:10711000CF3AD950ED05F1EA1F241FE00CB64C0719
:1071200004C1F286A70126E01D2D1E3DF90F3EE1A8
:1071300025E950ED470DD0C2210CF0094A24A2F0F8
:107140001C2E03F41DDC0625FDC6281020DF45C2D9
:1071500048240681BCF8F0F2DE1B69ECDE23F83F20
:10716000CE044696D35E015254FF227162D7366434
:10717000F929223BC9B69071A9FCFEE724D6DF1C91
:1071800026E7B841CA48101828E7444ADDC7F0B8D6
:10719000003407250D01DD2732FAF9C4BEE4CAE840
:1071A000EBF4B2AF88DE20CB0C2F7F12F0010B3353
:1071B0001C342BF3DF0B23CD3D41CF12660AA71DF4
:1071C0001A3B35064D0FEE08E30B11DF185F0EEA90
:1071D00045CB0DC30EDCF9B7D427F402E3EBDA2775
:1071E000E243FBDBDA573B28380B343516FBDF1B59
:1071F00099E73228D7FAFA26F2E8260FFA36B3547E
:107200004197E42EFB18EBDA40D149F1ECFE38FA55
:10721000DDE010DDE6FAC7104E213324DF0030F840
:107220001E0AFAAACDB5F52534142A2531373610B1
:107230000B3F1DE4E58E3981DDE40202DEDBECF874
:10724000F2B4E9EC2E08099A2139311D032B06D03E
:10725000CAB331C2F602F5EB4108EE302242D04605
:107260000D07C0AFD14543CA05F0220606DC47082A
:10727000E8D201CE16A9EA37D716D9BDDAD9233517
:10728000FDDB1C061713EF0746212B03150740EE05
:10729000F02A29EFEDB91FDE46E803EC16F12215BE
:1072A000D9AA03FFE8F10F00BF9BFF0A0B2D553150
:1072B000F9FE2D0232DBF0E1D13A35FF55F4D91158
:1072C0006A652A482CE0C7F4F62A42000CCC0D234C
:1072D0001417FCA1D415F0FE22F42A190AC8F103F0
:1072E00011CD2DF6BA0E2830D8E7DDE0232CEF3E85
:1072F000F01EE20EF1C6D5D4D381BC33F5F119D717
:1073000006C5B0F8DD0207BF18CEE1ECE0C903CF37
:10731000E21DB5EDDD20260EF0070AE9190DDDFCB2
:10732000A3D9DAAAB7F0B508E71CF70C01F9CEE843
:10733000D80EED0ADB333E81043015031FDAE01866
:10734000DD41FA1627BE1AF8C51A97A9CDE5DD0F5B
:10735000382ED50B392DD0F7F5F061931FB6F4EF29
:107360002A021CF7A46FDFF4C022FFF3CBB5F02B89
:107370002E55EE0016E1B128B5CC18FA102424EFF2
:10738000240AE5F8F4CE37B727A4FE52001911EC11
:107390003E00F8F4F101F6FE1A23484EE52C2FE4E6
:1073A000F915089084BFDFBB3D2F7F24FE4E0317E5
:1073B00018E23E09E3BEACFC81E2ECD6C9A0349EE3
:1073C0004E925B21E50715B4FE2E3E3B1F5DED2D71
:1073D00016E1F1E80BCE3121D1068C42E5479A58EF
:1073E000472E02E518195A1B07FD28E42CC5EB218E
:1073F000D9ED2694A4BAD4112C73CB2DA6FC3F0A48
:1074000031F81BC6044DE740E9176CE4E8DEE2E220
:1074100097D9271202DBFCDB03FC5F03812D00D22E
:10742000EC34E6415AD72C20DCA6ECB9EBCEFFBFFA
:10743000101C16E721F4C70F33272333200021CB7C
:10744000FF3907F5B812D9DA2904F21C3CC40A073F
:10745000CD0741B9154BC927D54ACB043DE0FBD335
:1074600010A957C713C9062A3D4E2200F91CECD3B8
:107470000B60EDE9CAE730B4ED9A98EB15DFF73C05
:107480001A457932AD060C00AEA91D42CF1220EB91
:1074900028D90193D70C3C91ACD3D35423C47EE3B9
:1074A0003DF635A5CAF10C0942EC4AE857F85325D8
:1074B00021EDEBE7D5B9D501DDB90105C4FA38C036
:1074C0000EAFF61225F0A546FABA2C311039F61D8A
:1074D00007131AEDD5E2C6FE81C911F0FE77C34449
:1074E00026381B143B33711CBBC1C2F336CFF32EBD
:1074F0001CC8FDFEDBEFF3373E3405302B1100E3F3
:10750000CEF2D546D85FF9602AFD6800BDC6D8FF27
:10751000E507DE2D08F4D8DF0A05EF1C10D0382966
:1075200010EB209602E6E63D1F04EF210ADD53072B
:107530000333500CE1BEEA81F8E8E6DFEB09EC0624
:10754000C4F3EAD52D0B1C0C1AFBF504F41C030E36
:107550004E232C0525EB092217BE4F200EDED7281F
:107560001C11A50ACD2A3DFBB3234DD912DBE20A3B
:1075700022CFD511F509EA31D9CEFFD4DB2C01F7A2
:10758000D6011CF40149F2DFDC3306FA1EE91B11B7
:10759000FA2303251525FF172902F4000FDDD01962
:1075A000E5F7CCD3D809D5F933F5221911E3EAF17F
:1075B000FC200DE91B1847DCF010ED0439B6D83477
:1075C000EA27142E17F3D8BDF72CCFC613E7010115
:1075D0004C35ECA7D4FBD5DD01DC038101DF2A1299
:1075E0001AF9DBC9D317DD10FFBDEDFBE416BFEDC3
:1075F000E10707DDF90DAC2F88B1FFEE2125F72853
:10760000E9FDEA0A24CF12F937FE2223031DFCD438
:10761000EDE9D71E02E4FA20C2B3D2FDD6CE12DFC6
:1076200017A8EFEBF654D4C6E322EF4B3119DFA9CC
:10763000F43B28FE069E1AF2E6EE13D0FC129AE9FD
:10764000116AA5A34225C0F8FC45ABD1E3A8E59C8F
:107650001121B94E5C29D8D54F4937DB03AC2067DF
:10766000E3F5EABFB7FD9A0D2E514CC83FD3F81D84
:10767000D875CA27F2252226E5D3D4F2392ECC3E7E
:1076800032C7006422CD7FB527E02C28F81B4F1DA0
:107690006448DFBCFCFFCEE8571329E9EAC8EF0BCA
:1076A000A814DAF2FB3E39B8A112E6EFFCE619C9DC
:1076B000E309E6ECF333E2511001DE334E100F2301
:1076C00045236725B51A0827DDE4F80935020CDAE9
:1076D000BF2EB63801070B201D35BD06E71D40D96A
:1076E000E8D831EC2CF5D22B31E7B22AE90E39E992
:1076F000FC1F1C24FAE6C7C3FDC918F51623CC31BC
:107700000610460DADB0F4DD1DF6F9171BD4E601E9
:107710007F1B2EE6100CDFED23181CF4301B06FB3C
:10772000DF19183E260F5105CAB00F8182F6F6A266
:107730003AFC46DCE5F6E5C00531E83E22FFF6D42A
:10774000361E02F2F53AC2DCB6EDFEE21AB228C5E8
:1077500011100E05DC45D1D11446054831F124EB5A
:107760000DDC30FE09C2AF275222D5FCE42F2FE8F2
:107770000163FAD6E8E5FCF3C4C6F6EA3ECDF7406D
:10778000F4D3FAE3C3C2D1EAF9E108FFF50024D14A
:107790004A0934B29107C3D2D9DA94082DE26DFEBA
:1077A0000E1CF6EDD643FC261CD9FCD446164FEC35
:1077B0004EABC9C7FD091ECEB22223401AB73FA463
:1077C00029D0D4792536B4DB0FB1103BCC082DD2AB
:1077D000A4053EF8B302C833BE00354FEE5C251E4B
:1077E00025481DCC533D4E6BDA0734ED12811B4DFD
:1077F00000D8A702DBABF63A1A221E6622CBD5FFD1
:10780000D3F2856ED4191F2F130450EC28C9E8FF5A
:10781000B9248643EE01EFCF1D0E5B101016D12F59
:107820008C65DD342B5F4A3F93CEFFBA11FB03DF3B
:1078300026A7F6E0DB7BC836A9BF0B42360D1BF34B
:1078400042034A0A03EB253D0921D13213023AC112
:10785000B33181C3240923E42A04D0F6F4E2EFCD46
:107860000E0C5F3720EAF51A0E09D31938FA46F0E4
:10787000E138E452D7B2ED1A0A0ED9BF000AEB1D67
:107880001203D62AE0BA22E81F3EF2DC0CF02D0DDE
:107890003EAEDCD7ABDA43E301EBC72BBCDDAA037A
:1078A000D905C50D0DEAFFE536132E024AF91ADB9C
:1078B0003CD30F160829DFA93600EE225206013507
:1078C000B655131705FC44E0B3E8D7A61CED28D540
:1078D000FCE0FE2916D5F3D316B1F89C32D717FC7D
:1078E0000E1DE0D90005C521FEE70002E48AC12291
:1078F000380FFB1424E5814A32DC29B8083AE21437
:10790000DB02AB29FBB44CA31EE1E807FD030FD457
:10791000091916010DE4113D4CC3E3CEF800F6053C
:1079200016B90281DCE9B9AD400BE63543C105FD6E
:107930000F131925FB3CF5D01D19F5014BEDC416AD
:10794000E840D91839EDDB27C613BCD102172F0642
:107950001A3DE3D2D2F3D5E606E00DB32DD3441899
:10796000EDE0C7F2A6FCE1BABEDC2140DFFED303A6
:10797000CB29D3ED0D3AA314F197F9C2264205376E
:1079800007CFCAEBE20E0D862A2E12D22C1811EF69
:10799000CE01D2E8FAFAFB291D0F0BAEC6210B402F
:1079A000119153FAF00BC924CAF73D1524274D2134
:1079B000B6FA26ABBBEDDF1E07F5E1D6E8AFC41182
:1079C000FDD4D3C2EFEB0AA725E408F904FFF22C9B
:1079D000D3374A062E810B11EBC9F1DCD81FED52CB
:1079E000351BEC26AF0851E9B0FB35F9DA251D153A
:1079F00023F1F3D51EA3CCDA292C39DBDEF23908CA
:107A0000FEF520C2CC24D89E120CFB0B05D212FB33
:107A1000A8EB03E8041D120853233A81D7F2061E8F
:107A2000FAECE317E41B071612C60B050327F32B2A
:107A3000DF28351D0ED5F4BCF61B4AFF1D06E305F5
:107A40003DF40D043914CEC53628FDECE9380E128C
:107A5000F91F25BCFEDFD119F326CFF4D058274BF0
:107A6000EDF4E0DAD41E2BB3FDE02C2F2ED8DF0F7F
:107A7000C236F30FE0E2ED1BE0DF20D61CFE023F32
:107A80000331EAE00FF3DF3600F6CF04D833E6D156
:107A90000F2936DD08C605F4383E4BF8C2FEF20E5B
:107AA000F2F5259ED1E940D5273C20430737FFF466
:107AB000AD4222C9F8F4F5C20D0A1413E5F901FD2F
:107AC0002AC7F4FF04EE04D41B2358220F172CDB23
:107AD000DAB01DCD1081F21809ED2835E8EC065A10
:107AE0002B01A1E5BB235B8CE945E5030BE304D443
:107AF000E9D500DC14B4BAF3D323EE050DBD501262
:107B00002A2667DDF214A2E7CE15102411C7D2D6BB
:107B1000AE1206CCCDCF38B0ECE8FFAED131EB19C8
:107B2000E050C630D644FBE6C23600C109E2092760
:107B30003BAABD161773273408AB0219DDBF0B35FE
:107B4000DEE541EBA7192F46030C93E8E22FF6E997
:107B5000A712A1CD10C320D22CF2FE0BE7E2CBD5A9
:107B6000D70DFFEFF0EC273BBF05DA2120FFDB0F3D
:107B700026BDF71AE6202EDFE85001D60F0721B800
:107B80000A16F817D7E0C2202A32CC8726C6F33D62
:107B9000D204F90AEBB87FF4E51CEB10FEF4439C29
:107BA0003B14083B1DB9031FFCD3C0144BCA0DDFA7
:107BB000181FC5FCCC81C3323433CEB0DB413CED61
:107BC000DF3710DC9FD5D71A34991417E4B2FB497C
:107BD000DEA4120CFA1BCA4DDC1847352BED050B41
:107BE000F3D2296F4ABA062BFE411A09175956AE2D
:107BF00008B9B7F4F35F3C1957200BBF04CCEADC9B
:107C0000EE33F5ED3263CC1DC7CFECCBEBDD1E0DB3
:107C10002A0F1B3EDB58C6D0DA0501BF12FAC7E5B2
:107C20003BEC24F3E341EE1F0CC4E41A06FFA64824
:107C3000FFB7FBCD02042DF0FD2CFEBAD412E8D321
:107C40002621C30A12BD21FAD80EFCCEF718250250
:107C5000E9D6221415DF20FB242308FBD2280DB718
:107C6000F3E3C61A81E24FFFD7FA061408CDCBF929
:107C7000153FE2100527DAB2B7C2F0CCAA070BF025
:107C8000FBF90AA8C1DB27B82430E2FCDFF5BFDD31
:107C900000EB16D8F6002CAED1EC40F99918D7209D
:107CA0000FEA1FC419E3C20B030CEA1CCEFEE9DF86
:107CB000A8FF4DFBC3B014D42EF1E2CCECEEC6BB52
:107CC000FCDFC5C4D9BC2CCA38290E4A260EDA20DE
:107CD000CB20F62DF6CFFFFAE52921F50EB5B50F2D
:107CE00028360A06A2BE0D81321FBCFEE6300AA06D
:107CF000413920CDF40D00B4EBFB215FE70BFE17FB
:107D00004E6465A215370D28D651CFA9FD243A152A
:107D100052024820332FCD4E20102A1812043D0B5A
:107D2000F5EB361CEAD02A3426D6F53DF3F053FDA8
:107D3000C5351ADAE0FEC8CD15F02BFED3EE24C50A
:107D400001B710FB2F46BBCE3E3146372C4710D42F
:107D5000DAC90FC4220DFECEE3450124E67FF80FF9
:107D6000E62CCBCBE10D6AEEC92B19F6A6BB09E1D7
:107D70004FCEF4AABEC4F9F0225CCC3438FE2C16E7
:107D8000EA65DEF9134EDE5FF41D291BFFECF52ECC
:107D9000DF2ED4052407D5CB0B3038F2C300D73201
:107DA000F1E806C215DCFBEF1B2E1E0FDEE7F93CE7
:107DB000F32A3AFDE2F7F3811E0B15D7DF0AF5FD32
:107DC000ECF0F4C806E3F8D10046FC241007DC11FF
:107DD0001C13211328EAF5DBFED2EB231ED9042164
:107DE00007F3D5FBE12711DED60CEA0DFC08FAD328
:107DF000F0FEF3D6EFF70324F8F7FB1BD42913F5B5
:107E00001931221220E207EDC901B4EAF7141D0B63
:107E1000F6ED2716EEF32F163A220AE102E8F103F7
:107E2000C6540607DA3D1EE1DA150F170DCCBA0F5E
:107E3000DFEF0238B54B2A5DDDD00B29D1EC05E927
:107E400031EC0D0BC712F95301E58118CE3600AEA7
:107E5000E30BA228280D0FC3261EAAC90B07ECF7B7
:107E600032FE333B2AC5174A5FED0FF927DC181D98
:107E7000F0E4EAFEEC0C34CF1A010BD500DF2DFA4A
:107E80000C3C1339E9C1E00D2CDDF4C2120A621674
:107E900041E032F8FBB51CFE373663E39D31C10883
:107EA0001604BAEDDC9118C02808B7E23EC42300DE
:107EB000E5EF2930A9BAE1E2F008FA20001BACD4C2
:107EC000DC14C7BAFF2814B11EF329FF11390FE4DF
:107ED000E8812DEDE1D0C2E723F78FD8523AB606FC
:107EE00026D9F714F217D293290CFBBAC5E021EF7B
:107EF0002632F0D5E4FA06FAF9BE3C16D3A5ED0D0C
:107F0000B825B8B819D2E41D70E009E41C3B03039E
:107F100093D108133254F3F4DC22E315343258CBF6
:107F200073FAE9D400EBD4EFDA2ABE025C0B18BE78
:107F3000382F990B20D9001DE9B02299DC310BB6FE
:107F400000FD17540F1EF2D9E2A3B8FCFAEABBA851
:107F5000DBDCFA53BC4A163300E703F9B3D3F9C3A9
:107F6000E5EB1B3BFAA5EE5F024C16091EFF214410
:107F7000CAE58127FC063567F4DFF41ECCEABBB7FF
:107F80000D1FFE28303903DFF5B63716A4E92B2C78
:107F9000EC152902E1F6E2B2C7F6E9B047D2B4EA3D
:107FA00033B9261950D5E0AF31F203182BEBBF13CC
:107FB000122621B2E302DF35D10D081302A001B66B
:107FC00014CE13E3F5F4DBF1E705F7F346E6B90465
:107FD00043A8F9B6F3BC8D46FCF01BDE123D0CD570
:107FE000C230FA10EA902D22FFFF04B2CD81F3C116
:107FF0002A26D9321CFD2F2D0708E6CAEFCC1CD447
:1080000029C2CC1BDE3B29A3BF0A3AD91AED344260
:108010003ECEF239CACE3655F00FF0FBE9FD15D64B
:108020001DBAE7ADC105F6F9371211F2F0E54712B6
:10803000FB2931F6DDD5F9B1E12C0CFF3616DEDE79
:108040000854FDDA03F8E7CC1BDDE808080AF2C89B
:1080500013201DDC15EFF5FDEAEC011D2037FB2F89
:10806000EA310AE6F25415EC360FF2201BED1C7FC4
:10807000D81DC4E0F4DE092E13F6BACBF1E50744AF
:10808000E2ECD6E6202C0BF113092725B70C16D00D
:108090000613CED6080CF90236DD37F8E14096FA21
:1080A000A01812E938DA8E9A923937F84F1EE3E3B6
:1080B00013F2F5039110F56C00A3BBDEE601000D91
:1080C0001BE0FEDBF712000CD54FD30A1E51B6F7AA
:1080D000BFBBBBF7DBF81DD151E888D8ADA4F4EEE7
:1080E0005143EF1131C9FA3563F9B5E43229280457
:1080F000C302335A23C515C9B91BE000A1C9E092D8
:108100003142310C4BF10AFDFC2545A9FDE85E5AD0
:10811000171A1B1BD6813EE227F31CB0A4E5291BCE
:10812000CD361C08190BEFF8E5D2C0C9BC20D6012A
:10813000F5E83E5E0344DBB318111F4AE1F5FFE9A1
:10814000FFB8EBF4E865F6D226131537FDC2221509
:10815000CA191905EDEDDC3B122CF1F53EF2FF1DBD
:1081600029AE0FF1E4C30FCBCB3B13F6EB30D68136
:1081700017F62532D701F5DE0616CFEB3FF5F22CC8
:10818000E72A2DE198D50D06C3DBFF0620E9DADBEF
:10819000353645F514F1E9E545ED2F9C01D4F005A0
:1081A00013ECFCF0BB0C5924298D51E5E4D6790D74
:1081B0001A57F44224E6FC83E2F9110D1EBEE90CC5
:1081C0002504E1310E02B8E2EDEFD61B0AF7D4E048
:1081D000D81A22A4BA12E72CD9E4F42917311F4A7D
:1081E000FE0A1A81F22A610E3EE7EE0AF3C0DF3082
:1081F000AE11F2D7C108CA342ED318DB04D7F95A0E
:10820000DE110102D50924243D004D27B70249EBB8
:108210001C5C05E4A202EBD9E5F5192CFCE334055E
:1082200014D6E1E1C49751F215D55D0532D665F15A
:108230001A3C2FCECCA3EDA7DE2F124514C511E1B9
:10824000F6BF093E06E0DA81FE470B2D1038FDD857
:10825000BAFE4099E21047C8134FD825EE78F70FC1
:10826000EC2218AC104D455249D815DBF9D31F70DC
:10827000F13FE70DA0DC01494D1625F605E1563228
:108280000F13C8FCE742094823D04AF6CDE4E1C009
:10829000D515CBDCB0172DB1ECF0F12A18EA26CDBC
:1082A0000FED0C99E2FF15BC173B59F81AFDF420AD
:1082B0001AD2F2EDB4EEF9069AFF0BB033C505D22F
:1082C00030080C0F22011314D6150802E73AF29F6A
:1082D000411FD89D0C264705C5F6EA0F001E2B2727
:1082E0000105520FEB7C44577FE9E913239F145A91
:1082F000A8F6C122DD032C071DE7CEE4DE01CE4F38
:10830000F79716CD161E43E4F9ED421DDDEA4FDF67
:1083100041E7DA14D7F328302F231DD3E5F5E1EC3C
:10832000E04AE435195B5DF5BAE103C6811B35C649
:10833000190F16EDFD1CF417EC25FA3C59C2231E4B
:108340005A1CFD10DC42D21F2A13E5FB19F2FEE194
:10835000C23F1DACC721D53FED6D0A1B263506096E
:10836000DDB6FA05FFBBE7252B28CF35E4FC16DF89
:10837000A23FD5FCD9EA22BD0CBCB9EF3E2DFC2FA3
:1083800027F700F79EBEC803F5C7E2FF1614C8C35F
:1083900044F929D9B619FF01358A2FD2091DC90020
:1083A000B01703C8310AEFCCDF39F8E8ED08BD0893
:1083B000E0EF0DFDF3C9D3DB281EFAEB1A1E410BCB
:1083C0000A83A7DCF91AC0C020BFFCF931DEFB46E6
:1083D000D9001CB2D6E4EC3437E4E8E213DEE4144E
:1083E000F8FADCE42F091A95DF200DC30AD3D18EE9
:1083F00012CC1C1B31DDF301F6F4E61D1E18D92D3D
:10840000F433F4FC0EE318399941A2D74F280CFD40
:108410003E8117E2F83406E62A2D39C9E7F4DF1861
:10842000C41C18F1EC1A1F15EEBEF5E3D911FF16A6
:10843000F025E83B235646282C7F47241C12AB47E7
:1084400029EE4833BBEF9BD9F5511BFC25E83FE6ED
:108450001E31CAB6D0D6BF3531FFC0E8C10131E602
:108460000EBCD6C2BEB3F401AE3805306408B4EE1B
:10847000EB36F742DDB90B24C9B3DC180D40C61E3C
:1084800020083624E1E3FE1029D4DD44EC1FC308A4
:10849000E9142F98EDCF2ADE47F037E5FBFD0F1DDD
:1084A000A72019151B082217D11CECCD0B19FC1B9A
:1084B000E5A7F718FE7FFB2AD5D83A0F260FF2134F
:1084C000F7A33D2BAA67000B2E18F3E417FC2AFF35
:1084D000C7DEDC261EB60417F2F6FA18FAF11111FF
:1084E00025C1140900B9FCFE9CCCE7EDFB05F9B7EA
:1084F00032052B040BED08C00624D4DD1611E2155D
:10850000F605F517AAE1D720DF15CAF35ADAE7EB2B
:1085100004C238A41BDB2EC045FF1686D62249D7DD
:1085200021DAF19BB8F323E832EAFCC9CCB714C7CF
:10853000D0183C05AFD02DDD015992E73490034BA4
:108540000CF705F9B8D4BADE4125DDE91602102092
:10855000E9E6B833C9B2C9F53CB004072124FE816D
:10856000C7DC0410D6FC371BE7E5FAD7D3DDCF0410
:10857000DAC1DE1FB2F321BBE9DFE9C0C5D711D6EE
:1085800018D2BEEA1B08D3E751E1F0FAEA43C3313F
:108590008CB9041713B0FCBE05FA7BE7CC35DEF5C9
:1085A000EC3C1908230D5CF707B4170C98DFC80ED4
:1085B000E0D41B1B0F6DC0FBDA1FFC10BBE52AE1EA
:1085C00008AA1CF8D54211DB2B3FEBDD05DB1D189B
:1085D000B029F8E0ECEB101EE161B22ED622E3F0F8
:1085E0003FC6F002D9B52088DD2BDEE0E827DB9E10
:1085F000FC141622EACEC1CB2C00D6084CE0D5459F
:10860000D439430F81EEDA079F0FD9161A1DEAEF0E
:1086100028C326A1D9EA41BB0CDFE8F7CD0906FC47
:10862000D419E027EF4A101FB640F7BD1D12E2260D
:108630000DCD15E5047F0920F9DE0B03F1E842E6D4
:1086400018B62818D11A125517DBD2000DEF2D09D4
:10865000E2DCA5DD06DE072801F8C7F6FEDCCAD39A
:1086600006F6F8C1E8C2420EF4EEFA092BEAFBD78F
:1086700004F1E000E9ECE2DE2F2CC3FA2806FED379
:108680000EEAFDFFD70EE836B3FFCBB744CFDBF3DE
:10869000FDF63523B31C1DBC0B0515BEFFB7091D28
:1086A000FEFFB627EAEF3AB329FE2940EB132490E8
:1086B000B210FBFD1BEFDB18E2C3F1402102CDCB72
:1086C0002D2827E7D3082A40A3C4EADD0A01E9BC24
:1086D000413C3B3FCAE5AEFDFADFF3D5FCFCABE520
:1086E00004C3DDB6112BA05F011108A50EDBCB047E
:1086F000313A10DDE420C6F90ED445FAD4B02FB6D5
:10870000F22EF3E21DD07FC128B2C60EC13625A1DC
:10871000EEEBF3A4D30DE9272427D2068EF9BCBFD4
:10872000260EF21637FDF2FCD52C15F433DDE88168
:1087300017EE0CFEAC08EF2BCDF9C8300DE4D6D205
:1087400033F717FD1C95F7E3B932BDD8E705D3E33E
:10875000E32524D3112941AD23EEEB0934F822FDA2
:10876000CC0D40C0EE29CF2E4E13C4FF39E71C02BA
:10877000B0DD01320DF7085AF531DBB0C037030028
:108780000D0C2EC90201F1EEF923E3C9D7E71C1243
:108790000F1728F21CD4E03B2CB50DE8DEE91005DC
:1087A00004E4FE0AEF33F61CDB2808ED2CD9F82E82
:1087B000F4AAFBFF207F1B1EC8E22321EEC60DEAB0
:1087C000E0051015E42E11161D07ACC9F21A38E0A9
:1087D000E3E4C6D441DA10E805F9DAF8BF0CF7E9AA
:1087E00012160407EEEA330210F2171210CEFDEF54
:1087F000143029FDE5E11ECEF12E0AB5F1E21FD5B8
:10880000090AF61DDCFCEAF500019FCB1400F5E730
:10881000EFFA190DF6F932CFA2C20603FF951FEF4A
:1088200031FB5CDE1AD5D324F2D2A73E1CC01EEE6B
:10883000F8D22A10E014C3DD35C7A7D2D30B20D05D
:1088400018A2D2F7FF01F8DC621A7F40D315ABFB08
:10885000420E3B1D2E01260BF603693830C2C6D9E5
:10886000DC22144BC1E52DD8F30B1AD10E40F8D6FB
:1088700035C2BE24F01431F6FFDE0F1CDBFE08F219
:10888000373E4FDC22560E12E81DB7193BEAC5E908
:10889000BA41E20533F8BAFF25FA1822C4001410D1
:1088A000DAED0CFDF820B5B6EB4E46CE1E19F17F81
:1088B00021E605F2D125EA4BAAEC07B913CF3132F4
:1088C00001FB16140E120137240F0F12034AF21A7D
:1088D000DF25BAD414E80724EEBEAF09A722E83595
:1088E000DCFC1AE7094538E61F00C8D2FEB5E413E0
:1088F00020D007C4DBB42A19F571D019F9D0C9D337
:108900004BF5E40A1E2A282AC813E49F34DBF950E9
:10891000D52408D9DAA932D302D0D10FFCE108E777
:10892000DADE192EE609DBFF8125F6C313D0F82025
:108930002BBB39D2C4590E40A4B91CB1DCAA280EF5
:10894000F601C71CEFD80252FB13C4E6F4B0E1D81D
:10895000DCC4A4B8E0A6F404FBD2D6B6BD172AE660
:10896000B6A81EB840F94D4A11D4E0C540ADCB4081
:1089700030ECD5BEB62226F74805AEF397D4E5F421
:108980000427BFCF36BEB119E42AC3FBD2E1E0EF22
:108990004DC01C12190A10BDB3EB20E4C0D4BEC5F3
:1089A0002CCC09A11818CBA4CCEFE6FEF6FCA8E16C
:1089B000FC34DE01C683EC4A2524CECDF748813253
:1089C000092AB0D6DC0617C5D741DE44D5F1E4B09C
:1089D00040E0EB391AFEC8F7400CBC50030411C24A
:1089E00016322C593B21F040486AE6C4E13F11D9C8
:1089F000D148EEFA1929479FBFBFF3A2ECD3FC1D63
:108A0000636A30D21EEC42C6C22FC9E918D25F4158
:108A10003B002005E9181C2A32D8230220F828063A
:108A2000E855EA4C23275A3EF9E4C0C9C4D6F98177
:108A300032D5CE1AFC37E134F94AEE4A5BEC51B636
:108A400003E5CCECD5FEB50021EA21051DE0E9F7F0
:108A5000BC203AD7DE1C0010C8450444483C0C2A10
:108A6000E6AC1E995ABFB63FD70F00480B02FCED8B
:108A70000567F53DF3EEA93E24EE0015483DD8F11B
:108A8000D843DDEFBDD394BAD705193DB5CFD0207B
:108A90000F1C3328AB0A0A051693F5A7CF2CCC2E52
:108AA000D1F626A21915C9D6340636EA53F4BF0604
:108AB0000912F8FFF93213E90F3D8AEF2CDAB44FAF
:108AC000D210F1F6F6F4011C18DCB0FEEDECFFFF5D
:108AD000222C1FD62DC3B21C24BF1DE022A93E06A6
:108AE000E212C50396F7F9E1BEA7DC1418CF81FDA9
:108AF000F7EB01CF33F1A73D99A82201183FF22EE1
:108B0000FCD7C80710BF41C0290F13B3F33846F193
:108B1000FAFAE9F827CD111D08ED040DC3F5A4FFFD
:108B2000EC17B9FEF09127E72CE307B9289AC33870
:108B3000E1F1592D81B4A327171AFED82A0B0BE2B5
:108B400032FB1B0DCA2015F8C4EA2DADA81AB82AAD
:108B5000FBD3D3B707EC028E35B7BFD90E2A190B5A
:108B600029B80D273D47280C0E1515D5B2BD3EE39B
:108B7000D2F8D9A7EB8FE1AA35DDD8AC09EDF9DB46
:108B80000E4123A6E3E205B420E9330FD0BAAB2FA0
:108B9000F8D86F15BB22F2ECB3D19BFCFAD61222A7
:108BA000100C0134CBEB3AFE71D0D42DBC0E16A4C0
:108BB00007F511D60BB6F347FB0CCA25D1A5D80192
:108BC00041DCF58123E3B50502F0DC050405D0FEA8
:108BD000EEBAE7B0C1DAC8DC30FBD8EE40F5B7201A
:108BE000FB4314C207BC9F1F461CE43DF8DBD019B1
:108BF000F9E6CDF3E91BDF13330525CED9CE43B318
:108C00000B2AE2EE3BF26509EC320D1818CAD1D1FD
:108C1000AE8EFF2CF3F1FC98C1DAD20430BF6FEEB8
:108C20005AFE29E51A1CDD0113E2FEDF37DD562F5F
:108C300044D5CBEDFBC81F16E0950FAEC138E981D6
:108C4000DD08C42EAA13A51E270043E4EDCB8F2E0A
:108C500036CA1A51ECF90D2C8F0F2EFEECD6F0D13E
:108C6000001E2767E5FF312DFC5255B4451CFB2E35
:108C70002CAEA10ED857355FFE43C64B03CAEF9901
:108C800019F0BC39EF519E36D1022BD1DE1CE42CF9
:108C9000BF1B0522101EE3E02CE50A1DF7F9F815AD
:108CA000FAF13520FB2A81F8C84BF2AD0C0C0B23EE
:108CB000D2C210B803F4C22E1DB62DE0E4EACECF26
:108CC000FA96FB12B363E9213B0F15FDEB273B1D21
:108CD000B315C11011AC1A0CD6E8DA09AA9E191303
:108CE00015013825F3DA0D0BC1D8E8F1DAC6EE012B
:108CF0002DDEC504D6F3DD10262B08F32FC917F49B
:108D0000533BDA371152160F1754B2A633D2DC5A3E
:108D1000CCAEDF1415110ED532FDD61F19A51CC01F
:108D2000EDF62197EE0E297258E0C74AF1FF701B4D
:108D3000F91D49C217CECB952FFB1F0EE5F4FAB7EC
:108D4000E8B0160F26CBDAFB35EC7F2D41E5E00EBF
:108D5000AC2B6DCDCDE3E214DADB1408347E942223
:108D60001036EBDB1C39793CE8B845E403E13AF90D
:108D70004CAED9ADF0E1EE2546D4EC4513DC152F11
:108D8000AC1EFDE7E744A342BE1A45660909ECE4C0
:108D9000C11FF9101E2C1912E28BF7CB9FFA243B4E
:108DA00029D71BB1FB02CADAE7580E2F65F5012956
:108DB00008010927EC0E5AA70F38E3DC15EE832AC9
:108DC000D32EEF05FA00EDDFD509D2B3D72509D7A9
:108DD0001314BBE7ECEAB0EB1D0245E2FAB52C1127
:108DE0000C27EC379A2ECC0F9A07110AE6B784F7B6
:108DF0001528EEF726E6DE08FA8807E6F836F016BC
:108E0000299BB93D12CA4B812A08F53309F448EB76
:108E100025C3F3ECEEDC184D0FBE12F8851CF2E60C
:108E20001CFDEE391EAD3EDFD0B7EAD03DD7E9BA22
:108E300037F2E9ED99CAF3E6D5E4D433FDE6D6E49A
:108E4000E642E2C914E4330D1522D209EEE0B7CCB4
:108E5000F4B9EE47F712A5ABA3D8E80D28D721E760
:108E6000D9AA2FCE1C0B360E28E8E131D4F223C14B
:108E7000CA1BE381BCD823282DDC02B510C2D3F66F
:108E8000C0FE03044DD9DDF83911F2E4D70EEA250E
:108E9000CDDD59D6340DCBE50516A81FD73C3FD400
:108EA000F100F40B3B0F96DB8D5A163D634900B67B
:108EB000EFCCDA1FE83FF835B6C020FBACBEFFB000
:108EC000F74823F1EC352C2ACFF817B421E70AEF45
:108ED000B8C0CAF3E5E9F91313B7B6E2A7F1E7BDE5
:108EE000D7685E3809FB4226C62BFF2440A32BEB34
:108EF00028D8ECD711FD1F53CC3104E6CFEDF1811A
:108F00001819141F3047CDF32607EB84EABA0B4B30
:108F1000A3FDFF1BDB004DF0F7253CDC81F1B5D94B
:108F200000EAE7F6FFCAC4E5CBE5F1080ABA0CC8C7
:108F30003CF910D6C6BD28D3E306DBBCF1E3CCD0A8
:108F4000F80DC6CEF8EFECCAE8F707E5B919E70E59
:108F5000C9DD09ECF30300D8CEEDD4AAD7E1D218CD
:108F6000ED1322FA0A1CF73B1FB509F5F312ED08C1
:108F700026D0D3C0DEBC3055090B0EBEEEE1F7198A
:108F8000E42903E4FD1F001635EF090CBCE6EB16DF
:108F9000F1CCF905263D132ABF06991751B1132AC2
:108FA0006FE2DEEBCB00D05E550881C315BE18D052
:108FB00034FEC6F551E710B9F8ECE6C9FEE1369B80
:108FC000F716B3E0EEA7EA07EFC23F222BD28444A4
:108FD0003B5A2F06EEC4EF3C11FA290811D1F8E6EE
:108FE00040F9095704F93452180127341F4017304B
:108FF0004713B705ED56C016B3B74B132A1710A287
:10900000E216B856AD3BECBE9FD719FF080502012A
:10901000E6142E08E0DCF51DB321A00F1EE93AEF9F
:109020004A2EE823E8FEDDFBB93400FB41F12DE1D7
:109030001FC08F18F21C142014C221DBF5EE2594FA
:1090400008FDDE46B5FAD132F9B7013B11D9FB1064
:10905000BD04223121F4D70CA9CF3A16AE12BAC200
:109060000AF02D3959CC2205C8064D1C1225EF37C0
:10907000E5BFE142D529CF3A0EEB171306F1EC819B
:1090800004E8B92008339A23FF270CDECFE118410A
:10909000CB303CF7CAF720AAA411CD2FE42722C079
:1090A00056F0F5D93D23D42D1920D2C355E335BE52
:1090B0000609A8D20514DD22D5A117C1A60C219955
:1090C000F23C4712E819BB1415E327060CDCBA1969
:1090D00010BAD80CDCE8F72BA5F2C2DCAFD6E3D887
:1090E00015495F2412BE363AEB1D4821211E3D244E
:1090F0000F0B89D70655F328FC2DECED1EFBEF95E1
:109100002B19C405494BF73EB12112D8B5B3EF7FF7
:10911000BB55FEF62A0BB0B6E0E7C0360C1F4E304A
:109120004AD730C009B4EC400A01A812E3DCE324BA
:10913000EE36F008BD88D8F529E8ECB5E2141E93A8
:109140000C93FB98F7B3F6FE24FA600F34E6BD09E2
:109150006BCD7F292CA6EC46E3040B0C4FA196F6B1
:109160004618D525E5D830BB98F91F290D5C481E57
:1091700063EEE2382F06DECF42E5540CE8FBFADD61
:10918000082B43E11922DCDCCA0ABF1A10D5F8F516
:109190000E235D28030DA2321A623410A527260D76
:1091A000E901EE13DE1A7915FABA0FF7C80CF611B9
:1091B0000D1B64EFDF07E20CBC1CE3E00A053B0B70
:1091C0005CEA49C5C2F71CB2037F2FE7F720E0082D
:1091D0009DEAF5C0284B50154830003ADD00E940C3
:1091E000D6E1FCAA47D528BE4906C21E302741E475
:1091F000E2102705C39E1CB8EA1DD5C0EEEA39E58A
:1092000001C470F1060906EAD6ECC10E26463BC33E
:1092100046214AFBE6CE2F957FF74EA9AA1C372E92
:109220003600AB1AFBEE24FF17C5DCB98DE53ECF47
:10923000C0E912380004DF9FE2E8F52B1621392D32
:10924000FD1FD02AD135B6BDB6E1FF151AA7C9E476
:109250001B004EF3A5F11228AED90B3CF1B9D9D3BE
:109260001FA4F0DD1A050A29DEFD24FFCF4E37A129
:10927000DB29EC48D92E04FDF611C0B03B35E26382
:10928000DCE8FCE103E7B5E4BCB6E2581CCCDDE168
:1092900038C762EDCCE02C9051F51DC7CF0425EC0A
:1092A000D83DC83623EF00F9EC92FEE086F329E1C1
:1092B000F8E7181E4AF40AFDF74F1324FEE00239BE
:1092C000F2F7DEECC44DC5F319FAFB0B29B9FDE04A
:1092D000F423E4A3A01BEC34DE3ADC46F82BF800C0
:1092E00011B71FF6DB811C021A4DF346FA3B0FEA59
:1092F00010732320F4F71DFEE8C101F73120BF00F1
:10930000D12430F9DAF3F9E631CFE9570000F9DF7B
:10931000DD2BFDE5DE0AE5DB13BCF6FBDCEE12E43B
:10932000E4FE0D10C4474910CF36DFBF1C09E61B11
:10933000E9E5D417167FFA61CDA4F204A4CB550D4C
:109340002BD2E5EB0D09DE42FFCFCFF0E3ED2FE2AC
:10935000EBD0BADB1E022CE9F4EDECE6C725F5E60E
:1093600021F2F3F5DCE12DF0E70E0A4114D3EDD93B
:109370003D361E070DF30EF7160AE9C30BDD01F3A8
:10938000D8F2F1EEDCDD0114F4E4CED0FBE7EE2000
:1093900005D43A0DFDE148E7E7EBFC1CF730EBFCA8
:1093A000BB43F9121B5506F8C43EEBD829D8179DCC
:1093B00024B0D2CEC6470E53B2AA04FD08B0F8F6C8
:1093C000174113E6121E112A020E81BBD440C7CBEF
:1093D00003CCA3EF48F420D62B201BC30F1D03168C
:1093E0002A024D1A034DB9217E13D4BE56B6471E2C
:1093F000F150D4ED00CBD935FFFAE11A16C7ECE2F3
:1094000048F60A29C89439EB2111F6F3E6DF444CFB
:109410000ABBF02203D83DFB090BB5CF012DD6C501
:10942000D333043F411104BAD416CFE5E743D60441
:109430007F14E73AEB03FB9FB821B7030E1217BB6B
:10944000C9FB309BE8A6E367D72817E101E20D05C9
:10945000C50FDADB29134C32D4F81ED3F6FD33D412
:1094600004DF0BCD2D21EF0DC9F201493B1BFC0B95
:1094700004EF21FEDF04112235F0A8FBDC0EF0E83A
:10948000BE1304CE04D8D4FAE91D20149FA8F30615
:10949000FA1613CDD3E0F3F0DA1C3C19CE28A6D689
:1094A00036DEB30024153BA2CD0BCD233F39CE8150
:1094B000EAD98BDBEDD31014D01EBB3E061AA303F2
:1094C0004717E8BF0DC035B0CD3384C6171E080C52
:1094D0002EDFDC2E462B0D0525ED130232B4FDD810
:1094E000C4FA3EF83DE4BB621C0397E716FC2FE18B
:1094F000E228E1F4E1F631270FBAD2A9E41314030C
:10950000182829080ABE3BD029F1EFE38CBE673941
:1095100027210FE9CEEB1AF30EF7EFDBF218E21377
:10952000AD32FD0AF7DD9C042A07E80D01B6EE1AFC
:109530000804FB00367F228AF931F1F32498CEFD2E
:10954000B04405D720EFEEE4E72CCDB5F1F909CF13
:10955000334EADCBEEFED83B2FFD46B7DD9050D15C
:10956000090C112AF00ADDE7C614ED07A4C0D8E6FD
:10957000EF4CD01C2CFB9BFBDE983AC43F5CDB1409
:10958000F2EEBF1BF8EB19F01AECEB4C0622FCD8FC
:10959000E2FF011D21E5EC3ADC12D05132FB38121A
:1095A00054FA15A10EDBD41510A7DE3C06D007FB3C
:1095B000E53F0F030D81DDDAE925BCFFF340F20A38
:1095C0001317F3C8D4F3F80E1FEA29E3FB01B82EF2
:1095D000F9FC46F71FF1EF29F62B1EDFED99C33199
:1095E0000519CBF819FA1D1C12153234EA273FEB86
:1095F0001FE2EFE71900F9E700EFF914D4D245D0E4
:10960000F81A39DC1D3902D4DDF90CE9E7ED17F35E
:1096100003180F1E03E5CB0B58A8A18EA5EE09E594
:10962000C91B419B1A12B1133DE0023C2CFEFD22E6
:10963000C9420C2CCDF629F71247DADA04DEA5115F
:10964000EB0CF3F3D7262D2CD811E7CD0C1FFF1808
:109650004B2C1B1F13CEB3D1E7D50CA813E052C778
:10966000ED19FE19C00D0FF0C5D7F0EC08FF8830DA
:10967000DDBE1A0909C71460C4960BA6255B0F2628
:10968000D9B5C348020B37810B0724D4CCEFF2DEE7
:10969000B39EFF0BD9D2FC13BF11C242DCDF18EC22
:1096A00017362523230ADC680DA1CBDA01240DD55A
:1096B00038D1EDF147D816D9F2F2EBF3CDE1CE2552
:1096C0000329CE36E024031FC7153D3927DC845417
:1096D000133658BBE8EEF2F19AFBFC4912E5B60FDF
:1096E00016CD2DFA45985452FB4B2D09D428E00491
:1096F00046F4DEE5D72807F02FDC36FA7F22D1CCFE
:10970000C040E92DE058C0FE9E9BED4CD5C2E46000
:109710000B2F2046DD25CBA90C220505D8F71D29E6
:10972000F413C547DB3FB60AAC2F29D21E24F253EF
:1097300024810A10D475001DB6DA1E27BD91F307E7
:1097400035D141DDD7F32170C804EB0CE2EFF5F41D
:10975000CAB2C8200CBB3DEDBFE3E80EC91FB7B3CA
:10976000B1F248D119CD5355D4E3091A47C1C64ABD
:1097700051E69E0ADDDAB14A2661D801E09EB8D3EF
:10978000E710EAE81D0C9A08F405D096090AF5F6E8
:10979000DCAD2729E7FFF3F610DAF1D6D8ED16276E
:1097A00012CB2AB904D5FE2F4817D1FE110E425B09
:1097B000C71E260D0957068F3CD831B8DED4C40128
:1097C000B9D2BBF233F1209BF7FEE92E2CF4FF2334
:1097D0001B0324162BD2F72A2FFC5921EF0DFDF87D
:1097E0001D07C51999184AB881FF41C106CF09F96B
:1097F00001E8ED2645F8E0EC16D34BCB0D3D3608DD
:10980000E6DF27DDF712E0D3EAEB06F70515F9DE10
:10981000F4DDEA3AFEF2F8062F2B700FF24AD8CFA9
:10982000DBD8ECC009FFE9D1EC2522F80EE12708CE
:10983000C1E84DB4D1BF16D00C07010FF7E4CBFE41
:109840005BCAF5BA13EA7F90444A0C08DE4740EF42
:1098500098C3DAA622D4029740699914CE5DE052EB
:10986000260B3EB1F7184EC34BD5220515C4012473
:10987000DFFF0F21BCAF2133C52D0213EEBC321E1A
:10988000473F73B0CC2EF72902D2C4E3CD1D251972
:10989000F742631427F820A74408EB8F051742FC12
:1098A000AE09BC3BC5F851372A827F99B9C96AF223
:1098B000FDF4390240D25494003D253D66C9E012C2
:1098C00041E44DF0E72ADAC59BF60CE9239C3AC344
:1098D000E925F1E6CE31C70B1904DB24E722100C91
:1098E000CFCD0DD018A0F4FC07FBAF680647E820E9
:1098F000FB7A231BE4BFFBD7E5D0A81EE802E451A6
:109900000F23DB25E1D736F964F4DD5BF9D3A3A897
:10991000F72FEBF3A0C8D405340715B7DE1FED12FF
:10992000F2C14AC9FCCCB4C11430F8EE18EBCC0F2C
:10993000B5211CF7DA5133DCFCDBFADA15F9AF217B
:10994000FCD0CCEFE84B0B0AFA06BFFF2B15F8153D
:109950003A0FF71529BEC109FAE8FC1CE9B90DF068
:10996000020DDF2EDC100481BA21D5F429F1C9F0F3
:1099700034FFEFE235F2E8D303D72009E632EBFEFD
:109980003A1C20EEFDF317221034F20818EC1A00EE
:10999000D1E853E644292F20BAC91D231D5266CBB6
:1099A0007ED4EB244E34F7E0E953430761E506C764
:1099B0003BE18733F8E60D2FA5F449A7C311E4B6C0
:1099C0000D051F23E527D6E80ED8C3EED129DCBA52
:1099D000E3FFA5F4C5F8FE46F1E602ECCBFADBEABC
:1099E000CE7750FB15D8F25CE53440013DB04D46D2
:1099F000EEDFF642CC1009034828C6DE0127BC8101
:109A000024D9B7203C5336FAD50330F0DFF1327A4F
:109A1000EF21D034DA0FD9F0DDDE0EE1BF02F6E837
:109A2000D519B012074CB9C09C61EF0C174B23033A
:109A30001A079C181B3F3600B0CB03CAFCBCFB00C6
:109A4000112C19110307CF0EEDEA04FA0009C4EF37
:109A50000FD8852DDC1C374407A3F9EBAB2061162A
:109A6000D7FD6C3E36F9DD031406AA0420D8F63380
:109A7000B4F82048E6150E7F1F2EC5F4E4123BB55E
:109A800043E1D60C31AE12D806EE2F87C6A043565E
:109A9000E31ECD14EAB60ED4EAF8FFFF040000007E
:109AA0000002000084FFFFFFECFEFFFF59FEFFFFF6
:109AB000C0FCFFFFFAFDFFFF32FEFFFFCAFEFFFF03
:109AC000B1FEFFFFE9FEFFFF25FBFFFF28010000BD
:109AD00074FDFFFF7CFEFFFF71F9FFFFEEFBFFFF50
:109AE0009AFEFFFF70FEFFFF72FDFFFF64FBFFFFAA
:109AF00008FEFFFF69FAFFFF79FCFFFFFEFEFFFF94
:109B000038000000D9FDFFFF0CFBFFFF7CFFFFFFCB
:109B100021FCFFFFBDFFFFFFEAFDFFFF62FBFFFF30
:109B2000F6FFFFFFC2FBFFFF83FEFFFF45000000C3
:109B30005AFFFFFF31FEFFFF8AFFFFFF74FDFFFFAB
:109B400089FEFFFFE6FFFFFF70FDFFFF74FFFFFFD1
:109B5000FAFFFFFF10FDFFFF7E000000B4FDFFFFD6
:109B60003BFDFFFF78FDFFFF83FEFFFF55FDFFFF7D
:109B7000F0FBFFFF6BFEFFFF86FDFFFF86FFFFFF91
:109B80006CFFFFFFECFEFFFF9AFFFFFF3F000000AE
:109B9000D6FFFFFF310000009DFAFFFFCBFEFFFF65
:109BA0009FFEFFFF78FFFFFFBAFEFFFFD5FDFFFF1F
:109BB000D5FDFFFF0DFFFFFF2CFFFFFFF2FFFFFFB3
:109BC000C4FDFFFF1DFFFFFF4C0000001FFCFFFF57
:109BD00097FFFFFFDEFEFFFFCDFDFFFFA1FFFFFFB1
:109BE000C8FBFFFFF6FFFFFF62FFFFFF2FFFFFFF36
:109BF00095FEFFFFE2FFFFFFDAFBFFFF16FEFFFF10
:109C000073FFFFFF0CFEFFFF0DFEFFFF5CFFFFFF7A
:109C10006BFCFFFFC9000000E3FCFFFFE4FEFFFF59
:109C200017FEFFFFE1FCFFFF33FAFFFFA1FBFFFF81
:109C3000C1FCFFFF7F01000004FEFFFF1BFCFFFFD4
:109C4000AAFBFFFFF4FEFFFF9EFDFFFFEDFFFFFFFE
:109C5000D1FFFFFF11000000AFFEFFFFBDFFFFFFC0
:109C600018FAFFFFB1FAFFFF23FFFFFFDC0100003E
:109C7000B9FDFFFFDEFEFFFF52FEFFFF24000000E4
:109C80009FFDFFFFFEFAFFFF49FCFFFFA70000005A
:109C900014FEFFFFC6FEFFFF910000002A01000036
:109CA0000A020000F6FAFFFF0400000000040000B2
:109CB000E4170E39DAC6D83E23E72AB0E216EA05E1
:109CC0001729DD2C19CFF6EE19D832C9E83A00224F
:109CD000C8CAEFA84E1ADEC8C4FC1F0AFFDA05275F
:109CE000E4D01BC1EA2FCBD8E7C9CFD0DC1C292494
:109CF0002EE3E8EE45122CF317D5DFFA1D1BE5FC29
:109D0000E18130EE1DD81FEEC807F7251AD614D111
:109D1000EB1BCADE0F15F604F1E8D8C6E12A1809D4
:109D2000C5BBB0E6CCFB2B22CFD42B22C637CCDE72
:109D3000DBE2B6CC15E937F4D81EFB04FCD7125A87
:109D400070C2F02A131CF8C339D91FD2E539C8F004
:109D500015F33805F1A120CE1208E127E51DFEE636
:109D60002009E35ECAEC24F74A56E21D01E9B32D4F
:109D7000021AED27E809C922D4CAECF6ED491A0700
:109D8000BA662E3A4B876B28FAD236B7E5FDCE5D20
:109D9000C1E1F581F80FC0E1AAB3EEC4A9CA3153FD
:109DA0005C30F0E2F224EAD026DF0B144BEFD6B899
:109DB000255C3DD815EED30B3621F4582621D3FE71
:109DC000F81625CE23552B47E1CC08E56AD116CBF2
:109DD000BC2EF8FFFBC8F50D1AE0AC9CCC070BCCF1
:109DE0001D19E536ADD1024D305097183100C0D263
:109DF000ABA126E221CBF71B49252322449DBEDFE0
:109E00003613A99AAEB4E3844158D7F0FFBE560684
:109E1000BF5D4FFFB4B90148100433DA17FC20D0FE
:109E2000DE8115F357FB34EAD996E62CF7E837279D
:109E300025D9DF27521A04C106B3F2F41D1C63E9C9
:109E4000050146D8511207CBC92FB0D502E3F4B8AB
:109E5000D823371D30F63C48FEB2AD81163D37FDA4
:109E6000302FAEE5C430281E22F7D8C33F57032653
:109E7000E1C8BA54EFB328C50115022DBFE021D7C0
:109E800003080C38E3EADCF116EF23E3D800F1060F
:109E90003AEEEAF4CAF94B20D7EA100BD7F5D1F223
:109EA00027D1D4E0004A005A2BCD46CF2C32DD0D0D
:109EB0002600F4E31BF581CDE106FBE6E6F3224143
:109EC000F9DACDF5F7FEA206D9A52C4DDADACE2EB9
:109ED00015CE98923030A1FC1D212F1E0A85CACFC5
:109EE000BEF112F31DE7F3E9FCF318220B06FBE7C2
:109EF0000F4002BFE809C42ADD124B9D28E397E317
:109F0000D4CF46EA4F232235F0D94EE94322DF0A67
:109F100003DD032736F3E0EB3BD2CA2D27D4F28AC8
:109F2000D41F17F1ED11CF10303817F6BC43362E81
:109F30006B26F01AF567F1C7F7C6A4162220F43095
:109F40002DC6F12CDAE4E61BD4211FE3D3FC49F340
:109F5000E026F4D1FAE920BE55B219E7C8151CA2D3
:109F600009F202CDCFB4BED2411DF934FD0EC6E7D1
:109F7000AD49E812A7CAD02FDC15F0F438C0D3C61B
:109F8000161D084F43450E2FC6473F9A4857BC2F12
:109F9000DD0BC1F824BCA3403425B92811D80A939D
:109FA00004261F7F13CDD0FEC743ACF129DE2E4B14
:109FB000D4043CC5172E1EF89E3431D700B12C3581
:109FC000B816FDF11AD423364B27E2121417FC3DC4
:109FD00050C3F6E4C610F619ED3C02164805EADE59
:109FE000DAE80AFF253E08F0DACC1B9FF82D01C302
:109FF000C1BD36F8EE0F9982AE2664FECED0EA01DE
:10A00000F1E329ACD6E9C5DDBDE2932FB40CBF3E28
:10A01000DAB3F02CF836FDE610C94B41324A90FB1A
:10A02000F381A524CB17482358C92F9CDBD9320DC7
:10A0300045DE9AE9091731D3CFECFFF56AF681CDF9
:10A0400002F5AA28D1CA6C492D4117B4F235263D34
:10A05000F6D225F712B6211523BDB3AE45473B38DE
:10A060002EF02BDA1A24D5DFFCFF260801F8E9329E
:10A0700033E7B424DD1DEECB07E50653F0CD3B46B8
:10A080002AF7E911C523FCDFFF0203CA27D891187C
:10A0900086FC4DBABD2891F2CCB5D0BECBE41BED09
:10A0A000D8FBF3C8B5B02006E7DF2A2F2DD3DEF0AA
:10A0B00002FFFFFF0400000020000000DE0100009E
:10A0C0008CFEFFFF88010000DAFDFFFF5A00000050
:10A0D0001D010000A4FDFFFFE80000002EFFFFFFB0
:10A0E0000400000008000000010000000200000061
:10A0F00094BBFFFF98BBFFFF0F0000004D4C49527F
:10A1000020436F6E7665727465642E000100000056
:10A110001400000000000E001800140010000C00D5
:10A12000080004000E000000140000001C000000E5
:10A13000B8040000BC040000C004000004000000DB
:10A140006D61696E00000000120000005004000004
:10A150000C040000C803000074030000200300008A
:10A16000DC020000A80200007402000030020000BF
:10A17000E00100009C0100006801000034010000C3
:10A18000F0000000BC00000078000000400000006B
:10A190000400000046FCFFFF1C0000000000000956
:10A1A0001C00000020000000070000000000060066
:10A1B00008000400060000000000803F01000000CD
:10A1C0002700000001000000260000007EFCFFFFC9
:10A1D000140000000000000810000000140000003F
:10A1E0000600000088BCFFFF010000002600000000
:10A1F0000300000025000000030000000200000032
:10A20000B2FCFFFF1C000000000000081C00000062
:10A210002000000006000000000006000800070003
:10A220000600000000000001010000002500000001
:10A2300003000000240000000500000004000000EE
:10A24000F2FCFFFF140000000000001B10000000E3
:10A250001400000005000000FCBCFFFF010000002E
:10A2600024000000020000002300000001000000A4
:10A2700022FDFFFF14000000000000052400000084
:10A280002800000003000000A2FDFFFF0200000004
:10A2900001000000020000000100000000000001B9
:10A2A0000100000023000000010000002200000067
:10A2B00062FDFFFF140000000000000B1000000012
:10A2C00014000000020000006CBDFFFF0100000050
:10A2D0002200000002000000210000000600000033
:10A2E00092FDFFFF140000000000001510000000A8
:10A2F00014000000010000009CBDFFFF01000000F1
:10A300002100000002000000200000000700000003
:10A3100082FDFFFF10000000000000011C00000093
:10A320002000000074FDFFFF00000001010000009C
:10A3300001000000000000010100000020000000FA
:10A34000030000001F0000000900000008000000DA
:10A3500002FEFFFF200000000000000228000000B5
:10A360002C000000040000000C00100000000C0095
:10A37000080004000C0000000100000001000000C3
:10A3800001000000010000001F00000003000000A9
:10A390001E0000000B0000000A0000004EFEFFFF40
:10A3A0001400000000000005240000002800000048
:10A3B00003000000CEFEFFFF0200000002000000CC
:10A3C0000200000002000000000000010100000087
:10A3D0001E000000010000001D0000008EFEFFFFB7
:10A3E000140000000000000B10000000140000002A
:10A3F0000200000098BEFFFF010000001D000000E9
:10A40000020000001C0000000C000000BEFEFFFF68
:10A4100014000000000000151000000014000000EF
:10A4200001000000C8BEFFFF010000001C0000008A
:10A43000020000001B0000000D000000AEFEFFFF48
:10A4400010000000000000011C00000020000000BF
:10A45000A0FEFFFF0000000101000000010000005D
:10A4600000000001010000001B00000003000000CC
:10A470001A0000000F0000000E0000002EFFFFFF7A
:10A4800020000000000000022C000000300000004E
:10A49000040000000C00140013000C00080004006D
:10A4A0000C0000000100000001000000010000009D
:10A4B00000000001010000001A000000030000007D
:10A4C0001900000011000000100000007EFFFFFFD7
:10A4D00024000000000000053400000038000000E7
:10A4E0000300000000000E001800170010000C0010
:10A4F000080004000E00000002000000020000003E
:10A500000200000002000000000000010100000045
:10A51000190000000100000018000000CEFFFFFF3E
:10A52000140000000000000B1000000014000000E8
:10A5300002000000D8BFFFFF01000000180000006B
:10A5400002000000170000001200000000000E00D2
:10A550001800140010000C000B0004000E00000096
:10A56000140000000000001510000000140000009E
:10A570000100000018C0FFFF0100000017000000EC
:10A5800002000000160000001300000000000E0092
:10A590001400000010000C000B0004000E0000006E
:10A5A0001C00000000000001280000002C0000003A
:10A5B0000C00140013000C00080007000C00000041
:10A5C0000000000101000000010000000000000187
:10A5D0000100000016000000030000000000000061
:10A5E000150000001400000001000000270000001A
:10A5F0000100000000000000280000009C3F000057
:10A60000403F0000703E0000B43D00006037000095
:10A6100004310000A03000003C300000E8290000B8
:10A620008423000030200000B41C0000501C0000F7
:10A63000EC1B0000981800003415000060130000A7
:10A640007811000018110000B4100000E00E0000A6
:10A65000FC0C0000080C00005C0B0000B00A0000BD
:10A66000140A0000600900003C0800009007000088
:10A67000E40600004806000094050000680400009D
:10A68000BC0300001003000074020000E0010000A1
:10A690002401000080000000040000001AC1FFFF38
:10A6A0000000000118000000200000003C00000035
:10A6B0002800000000000009500000000200000017
:10A6C000FFFFFFFF08000000FCC0FFFF08000000C4
:10A6D000100000000100000080FFFFFFFFFFFFFFF0
:10A6E000010000000000803B1B00000053746174F7
:10A6F0006566756C506172746974696F6E656443E8
:10A70000616C6C5F313A3000020000000100000013
:10A710000800000092C1FFFF0000000118000000C7
:10A72000200000003C00000027000000000000099D
:10A730007800000002000000FFFFFFFF080000009B
:10A7400074C1FFFF080000001000000001000000BD
:10A75000C4FFFFFFFFFFFFFF01000000DE68193E9E
:10A760004000000044535F434E4E5F4D6F64656C84
:10A770005F312F64656E73655F315F322F4D617499
:10A780004D756C3B44535F434E4E5F4D6F64656C3B
:10A790005F312F64656E73655F315F322F4269618F
:10A7A000734164640000000002000000010000002A
:10A7B0000800000032C2FFFF000000011800000086
:10A7C000200000003C0000002600000000000009FE
:10A7D0009000000002000000FFFFFFFF800000006B
:10A7E00014C2FFFF0800000010000000010000007C
:10A7F00080FFFFFFFFFFFFFF0100000002A7263DD3
:10A800005800000044535F434E4E5F4D6F64656CCB
:10A810005F312F64656E73655F312F4D61744D75C7
:10A820006C3B44535F434E4E5F4D6F64656C5F31CC
:10A830002F64656E73655F312F52656C753B4453B1
:10A840005F434E4E5F4D6F64656C5F312F64656E84
:10A8500073655F312F4269617341646400000000D9
:10A86000020000000100000080000000EAC2FFFFBB
:10A87000000000011800000020000000400000005F
:10A880002500000000000009680000000200000030
:10A89000FFFFFFFF80000000CCC2FFFF08000000A8
:10A8A000140000000100000096FFFFFFFFFFFFFF04
:10A8B00000000000010000003447FD3C2E000000B5
:10A8C00044535F434E4E5F4D6F64656C5F312F673D
:10A8D0006C6F62616C5F617665726167655F706FF6
:10A8E0006F6C696E6732645F312F4D65616E000079
:10A8F0000200000001000000800000007AC3FFFF9A
:10A9000000000001180000002800000044000000C2
:10A91000240000000000000968000000040000009E
:10A92000FFFFFFFF030000000800000080000000A0
:10A9300064C3FFFF080000001000000001000000D9
:10A9400083FFFFFFFFFFFFFF01000000886C803ED8
:10A950002A00000044535F434E4E5F4D6F64656CA8
:10A960005F312F6D61785F706F6F6C696E673264F5
:10A970005F325F312F4D6178506F6F6C3264000031
:10A9800004000000010000000300000008000000B7
:10A990008000000012C4FFFF00000001180000004A
:10A9A000280000004800000023000000000000090B
:10A9B0007800000004000000FFFFFFFF0600000019
:10A9C0000800000080000000FCC3FFFF080000003A
:10A9D000140000000100000083FFFFFFFFFFFFFFE6
:10A9E0000000000001000000886C803E360000007E
:10A9F00044535F434E4E5F4D6F64656C5F312F6211
:10AA0000617463685F6E6F726D616C697A6174699D
:10AA10006F6E5F325F312F62617463686E6F726D4B
:10AA20002F6164645F310000040000000100000039
:10AA3000060000000800000080000000BAC4FFFF0C
:10AA4000000000011800000028000000480000007D
:10AA5000220000000000000978000000040000004F
:10AA6000FFFFFFFF0600000008000000800000005C
:10AA7000A4C4FFFF08000000140000000100000053
:10AA800083FFFFFFFFFFFFFF000000000100000049
:10AA900019B0803E3600000044535F434E4E5F4D78
:10AAA0006F64656C5F312F62617463685F6E6F7293
:10AAB0006D616C697A6174696F6E5F325F312F62AC
:10AAC000617463686E6F726D2F6D756C5F3100001D
:10AAD0000400000001000000060000000800000063
:10AAE0008000000062C5FFFF0000000118000000A8
:10AAF00028000000480000002100000000000009BC
:10AB0000F800000004000000FFFFFFFF0600000047
:10AB100008000000800000004CC5FFFF0800000096
:10AB2000140000000100000080FFFFFFFFFFFFFF97
:10AB30000000000001000000E6777E3EB500000046
:10AB400044535F434E4E5F4D6F64656C5F312F73AE
:10AB50006570617261626C655F636F6E7632645FAF
:10AB6000315F322F52656C753B44535F434E4E5FED
:10AB70004D6F64656C5F312F736570617261626CDB
:10AB8000655F636F6E7632645F315F322F42696159
:10AB9000734164643B44535F434E4E5F4D6F646545
:10ABA0006C5F312F736570617261626C655F636F9A
:10ABB0006E7632645F315F322F73657061726162ED
:10ABC0006C655F636F6E7632643B44535F434E4EF9
:10ABD0005F4D6F64656C5F312F7365706172616288
:10ABE0006C655F636F6E7632645F315F322F5371D5
:10ABF0007565657A65000000040000000100000032
:10AC00000600000008000000800000008AC6FFFF68
:10AC100000000001180000002800000048000000AB
:10AC20002000000000000009800000000400000077
:10AC3000FFFFFFFF060000000800000040000000CA
:10AC400074C6FFFF080000001400000001000000AF
:10AC5000F4FFFFFFFFFFFFFF000000000100000006
:10AC60002EF88D3D3E00000044535F434E4E5F4D35
:10AC70006F64656C5F312F736570617261626C65C2
:10AC80005F636F6E7632645F315F322F7365706120
:10AC90007261626C655F636F6E7632642F6465709B
:10ACA000746877697365000004000000010000000B
:10ACB0000600000008000000400000003AC7FFFF47
:10ACC00000000001180000002800000044000000FF
:10ACD0001F000000000000096800000004000000E0
:10ACE000FFFFFFFF0600000008000000400000001A
:10ACF00024C7FFFF08000000100000000100000052
:10AD000088FFFFFFFFFFFFFF0100000070EF033E21
:10AD10002A00000044535F434E4E5F4D6F64656CE4
:10AD20005F312F6D61785F706F6F6C696E67326431
:10AD30005F315F322F4D6178506F6F6C326400006D
:10AD400004000000010000000600000008000000F0
:10AD500040000000D2C7FFFF000000011800000003
:10AD600028000000480000001E000000000000094C
:10AD70007800000004000000FFFFFFFF0D0000004E
:10AD80001100000040000000BCC7FFFF08000000E9
:10AD9000140000000100000088FFFFFFFFFFFFFF1D
:10ADA000000000000100000070EF033E36000000CC
:10ADB00044535F434E4E5F4D6F64656C5F312F624D
:10ADC000617463685F6E6F726D616C697A617469DA
:10ADD0006F6E5F315F322F62617463686E6F726D88
:10ADE0002F6164645F310000040000000100000076
:10ADF0000D00000011000000400000007AC8FFFFB5
:10AE000000000001180000002800000048000000B9
:10AE10001D00000000000009780000000400000090
:10AE2000FFFFFFFF0D0000001100000040000000C8
:10AE300064C8FFFF080000001400000001000000CB
:10AE400088FFFFFFFFFFFFFF000000000100000080
:10AE5000FA3C043E3600000044535F434E4E5F4DC3
:10AE60006F64656C5F312F62617463685F6E6F72CF
:10AE70006D616C697A6174696F6E5F315F322F62E8
:10AE8000617463686E6F726D2F6D756C5F31000059
:10AE900004000000010000000D000000110000008F
:10AEA0004000000022C9FFFF000000011800000060
:10AEB00028000000480000001C00000000000009FD
:10AEC000F000000004000000FFFFFFFF0D00000085
:10AED00011000000400000000CC9FFFF0800000046
:10AEE000140000000100000080FFFFFFFFFFFFFFD4
:10AEF000000000000100000086CAFF3DAD00000018
:10AF000044535F434E4E5F4D6F64656C5F312F73EA
:10AF10006570617261626C655F636F6E7632645FEB
:10AF2000312F52656C753B44535F434E4E5F4D6FFE
:10AF300064656C5F312F736570617261626C655F0F
:10AF4000636F6E7632645F312F426961734164646E
:10AF50003B44535F434E4E5F4D6F64656C5F312FD2
:10AF6000736570617261626C655F636F6E76326487
:10AF70005F312F736570617261626C655F636F6EC4
:10AF80007632643B44535F434E4E5F4D6F64656C55
:10AF90005F312F736570617261626C655F636F6EA4
:10AFA0007632645F312F53717565657A65000000F4
:10AFB00004000000010000000D000000110000006E
:10AFC0004000000042CAFFFF00000001180000001E
:10AFD00028000000480000001B00000000000009DD
:10AFE0008000000004000000FFFFFFFF0D000000D4
:10AFF00011000000200000002CCAFFFF0800000024
:10B00000140000000100000010000000000000001B
:10B0100000000000010000009F905C3D3C0000002B
:10B0200044535F434E4E5F4D6F64656C5F312F73C9
:10B030006570617261626C655F636F6E7632645FCA
:10B04000312F736570617261626C655F636F6E76DC
:10B0500032642F646570746877697365000000005E
:10B0600004000000010000000D00000011000000BD
:10B0700020000000F2CAFFFF0000000118000000DD
:10B0800028000000440000001A0000000000000931
:10B090006800000004000000FFFFFFFF0F00000039
:10B0A0001300000020000000DCCAFFFF08000000C1
:10B0B000100000000100000096FFFFFFFFFFFFFFF0
:10B0C00001000000ED70B93D2800000044535F43CB
:10B0D0004E4E5F4D6F64656C5F312F6D61785F70B0
:10B0E0006F6F6C696E6732645F312F4D6178506F9E
:10B0F0006F6C3264000000000400000001000000DA
:10B100000F00000013000000200000008ACBFFFFAA
:10B1100000000001180000002800000048000000A6
:10B120001900000000000009780000000400000081
:10B13000FFFFFFFF1E0000002600000020000000AF
:10B1400074CBFFFF080000001400000001000000A5
:10B1500096FFFFFFFFFFFFFF00000000010000005F
:10B16000ED70B93D3400000044535F434E4E5F4DD7
:10B170006F64656C5F312F62617463685F6E6F72BC
:10B180006D616C697A6174696F6E5F312F62617491
:10B1900063686E6F726D2F6164645F310000000040
:10B1A00004000000010000001E0000002600000056
:10B1B0002000000032CCFFFF00000001180000005A
:10B1C00028000000480000001800000000000009EE
:10B1D0007800000004000000FFFFFFFF1E000000D9
:10B1E00026000000200000001CCCFFFF080000002B
:10B1F000140000000100000096FFFFFFFFFFFFFFAB
:10B2000000000000010000006844BA3D3400000066
:10B2100044535F434E4E5F4D6F64656C5F312F62E8
:10B22000617463685F6E6F726D616C697A61746975
:10B230006F6E5F312F62617463686E6F726D2F6D18
:10B24000756C5F3100000000040000000100000088
:10B250001E0000002600000020000000DACCFFFFE6
:10B260000000000118000000280000004400000059
:10B270001700000000000009C000000004000000EA
:10B28000FFFFFFFF1E00000026000000200000005E
:10B29000C4CCFFFF08000000100000000100000007
:10B2A00080FFFFFFFFFFFFFF010000005241AA3DAA
:10B2B0008100000044535F434E4E5F4D6F64656CE8
:10B2C0005F312F636F6E7632645F312F52656C751C
:10B2D0003B44535F434E4E5F4D6F64656C5F312F4F
:10B2E000636F6E7632645F312F42696173416464CB
:10B2F0003B44535F434E4E5F4D6F64656C5F312F2F
:10B30000636F6E7632645F312F636F6E766F6C752C
:10B3100074696F6E3B44535F434E4E5F4D6F64657F
:10B320006C5F312F636F6E7632645F312F537175AE
:10B3300065657A653100000004000000010000002E
:10B340001E000000260000002000000022CEFFFFAB
:10B350000000000114000000A80100001600000019
:10B3600000000009B40100009CCDFFFF08000000B0
:10B370000C010000200000000000000000000000A0
:10B3800000000000000000000000000000000000BD
:10B3900000000000000000000000000000000000AD
:10B3A000000000000000000000000000000000009D
:10B3B000000000000000000000000000000000008D
:10B3C000000000000000000000000000000000007D
:10B3D000000000000000000000000000000000006D
:10B3E000000000000000000000000000000000005D
:10B3F000000000000000000000000000000000004D
:10B40000000000000000000000000000000000003C
:10B41000000000000000000000000000000000002C
:10B42000000000000000000000000000000000001C
:10B43000000000000000000000000000000000000C
:10B4400000000000000000000000000000000000FC
:10B4500000000000000000000000000000000000EC
:10B4600000000000000000000000000000000000DC
:10B4700000000000000000000000000020000000AC
:10B4800004F2A43A31CDC33A4D9EB83A3829D63A9F
:10B49000FCDA093BC7D4E33A8D9FD63A0838EA3A3A
:10B4A000F960AC3AE523D73A3B83073BACD2FD3A8F
:10B4B000B066DA3AC563583A2B2E963AB395B23A4B
:10B4C0006DBCC13A9F4FE33A4128BA3A9822F03A0C
:10B4D000B5D59F3A0043B43AAF55BB3ACA9DBF3A7F
:10B4E000E45BC83A77408C3AEC2FBF3A13BAD53AAE
:10B4F0004DFFAC3ADE74953A75FEAB3A214C303BC9
:10B500001300000074666C2E70736575646F5F7154
:10B51000636F6E7374313900040000002000000076
:10B5200003000000030000000100000002D0FFFF44
:10B530000000000114000000A4010000150000003C
:10B5400000000002B00100007CCFFFFF08000000F7
:10B5500008010000200000000000000000000000C2
:10B5600000000000000000000000000000000000DB
:10B5700000000000000000000000000000000000CB
:10B5800000000000000000000000000000000000BB
:10B5900000000000000000000000000000000000AB
:10B5A000000000000000000000000000000000009B
:10B5B000000000000000000000000000000000008B
:10B5C000000000000000000000000000000000007B
:10B5D000000000000000000000000000000000006B
:10B5E000000000000000000000000000000000005B
:10B5F000000000000000000000000000000000004B
:10B60000000000000000000000000000000000003A
:10B61000000000000000000000000000000000002A
:10B62000000000000000000000000000000000001A
:10B63000000000000000000000000000000000000A
:10B6400000000000000000000000000000000000FA
:10B65000000000000000000020000000E95F8537C6
:10B660002D539E373F4895379D2BAD3781F0DE3700
:10B670005A39B8374C8BAD379E63BD37A4628B37D0
:10B680004FF6AD379626DB37AF3DCD375399B03700
:10B69000F6F82E3710DF7237486790379EA79C3731
:10B6A000AFCDB737CC8696374B2CC237043E8137A7
:10B6B0006AC29137887A9737D7F09A379102A237C2
:10B6C000A0D0623701989A37BED1AC37AAE28B3747
:10B6D00065B37137FB128B37CB8D0E38130000002A
:10B6E00074666C2E70736575646F5F71636F6E73D3
:10B6F000743138000100000020000000D2D1FFFFAB
:10B7000000000001140000003400000014000000DC
:10B7100000000009400000004CD1FFFF08000000BD
:10B72000140000000100000080FFFFFFFFFFFFFF8B
:10B730000000000001000000CA6D063E130000007A
:10B7400074666C2E70736575646F5F71636F6E7372
:10B7500074313700010000002000000032D2FFFFEA
:10B760000000000114000000300000001300000081
:10B77000000000093C000000ACD1FFFF0800000001
:10B78000100000000100000079000000000000002F
:10B7900001000000726D033C1300000074666C2E03
:10B7A00070736575646F5F71636F6E7374313600AB
:10B7B00001000000200000008ED2FFFF0000000109
:10B7C00014000000AC01000012000000000000099D
:10B7D000B8010000DAF4FFFF0300000008000000D9
:10B7E0000C0100002000000000000000000000002C
:10B7F0000000000000000000000000000000000049
:10B800000000000000000000000000000000000038
:10B810000000000000000000000000000000000028
:10B820000000000000000000000000000000000018
:10B830000000000000000000000000000000000008
:10B8400000000000000000000000000000000000F8
:10B8500000000000000000000000000000000000E8
:10B8600000000000000000000000000000000000D8
:10B8700000000000000000000000000000000000C8
:10B8800000000000000000000000000000000000B8
:10B8900000000000000000000000000000000000A8
:10B8A0000000000000000000000000000000000098
:10B8B0000000000000000000000000000000000088
:10B8C0000000000000000000000000000000000078
:10B8D0000000000000000000000000000000000068
:10B8E0000000000000000000000000002000000038
:10B8F000E13FEB3A9A30D13A969BDA3A8AE00A3B3A
:10B900001E7B223B1D06E43AE402EA3AE9F9A93A31
:10B9100012A9BB3AEF38C03A9FBE0D3B7EBDCA3A72
:10B92000A5A3C43A94F88E3AD06C513A3F46D03A27
:10B93000F01F803AEE3AC03A7B9FC53A2F138F3AF8
:10B94000A6719A3A7C29063B079ABC3AED09F13A6E
:10B95000357FC13A749EA23A0DDE8E3A5BAF863ACD
:10B96000E628093BA7F18A3A4149AE3A4870F93ACC
:10B970001300000074666C2E70736575646F5F71E0
:10B98000636F6E7374313500040000000100000025
:10B9900003000000030000002000000072D4FFFF3D
:10B9A0000000000114000000A401000011000000CC
:10B9B00000000002B0010000ECD3FFFF080000000F
:10B9C000080100002000000000000000000000004E
:10B9D0000000000000000000000000000000000067
:10B9E0000000000000000000000000000000000057
:10B9F0000000000000000000000000000000000047
:10BA00000000000000000000000000000000000036
:10BA10000000000000000000000000000000000026
:10BA20000000000000000000000000000000000016
:10BA30000000000000000000000000000000000006
:10BA400000000000000000000000000000000000F6
:10BA500000000000000000000000000000000000E6
:10BA600000000000000000000000000000000000D6
:10BA700000000000000000000000000000000000C6
:10BA800000000000000000000000000000000000B6
:10BA900000000000000000000000000000000000A6
:10BAA0000000000000000000000000000000000096
:10BAB0000000000000000000000000000000000086
:10BAC000000000000000000020000000EF682A399C
:10BAD00066881739DE5A1E390D3349394A656B3984
:10BAE000012D2539518329392841F638F6EF0739D8
:10BAF000F03D0B398F5A4D395FDC123900710E3928
:10BB00006821CF3804B49738A3DE1639329FB9388C
:10BB1000623F0B396D270F39F447CF3883C0DF38C8
:10BB2000525E4239819E0839809A2E39482A0C3952
:10BB30007B98EB38FAFACE384420C3381EB6463923
:10BB4000D84BC938A37FFC382CB03439130000001F
:10BB500074666C2E70736575646F5F71636F6E735E
:10BB600074313400010000002000000042D6FFFFC5
:10BB70000000000114000000280300001000000075
:10BB80000000000934030000BCD5FFFF08000000DE
:10BB90000C02000040000000000000000000000057
:10BBA0000000000000000000000000000000000095
:10BBB0000000000000000000000000000000000085
:10BBC0000000000000000000000000000000000075
:10BBD0000000000000000000000000000000000065
:10BBE0000000000000000000000000000000000055
:10BBF0000000000000000000000000000000000045
:10BC00000000000000000000000000000000000034
:10BC10000000000000000000000000000000000024
:10BC20000000000000000000000000000000000014
:10BC30000000000000000000000000000000000004
:10BC400000000000000000000000000000000000F4
:10BC500000000000000000000000000000000000E4
:10BC600000000000000000000000000000000000D4
:10BC700000000000000000000000000000000000C4
:10BC800000000000000000000000000000000000B4
:10BC900000000000000000000000000000000000A4
:10BCA0000000000000000000000000000000000094
:10BCB0000000000000000000000000000000000084
:10BCC0000000000000000000000000000000000074
:10BCD0000000000000000000000000000000000064
:10BCE0000000000000000000000000000000000054
:10BCF0000000000000000000000000000000000044
:10BD00000000000000000000000000000000000033
:10BD10000000000000000000000000000000000023
:10BD20000000000000000000000000000000000013
:10BD30000000000000000000000000000000000003
:10BD400000000000000000000000000000000000F3
:10BD500000000000000000000000000000000000E3
:10BD600000000000000000000000000000000000D3
:10BD700000000000000000000000000000000000C3
:10BD800000000000000000000000000000000000B3
:10BD90000000000000000000000000004000000063
:10BDA000AC8D173BDFBF1C3B5CB8333B26707E3B42
:10BDB000E7C9743B6DD78A3B32247D3B8DDB0B3B5F
:10BDC0007BF4673B1E632F3BE8DA4F3B740B413B30
:10BDD00016F2463BF1B8663BE1CF4E3B1FFC6B3B96
:10BDE0007DCD6E3B17C04C3B8F15713BBD93303BF7
:10BDF00074B7183B1360373B70544D3B2911423BDD
:10BE0000CEB2163B9899303BD2501E3B5D962A3BF2
:10BE1000F383443B217E3D3B7E023F3B827A503B95
:10BE2000C5AA413B773A213BCCF5483B4A53863B78
:10BE3000D532393B07FC433B2370523B232F353B24
:10BE400092884C3BCDDC303BB9D2393B88FA4B3B36
:10BE50008EE6833BD43A223B1EF6803BC96A503BB8
:10BE6000BBAA413B92BF3D3B452B273B4AE03F3BB2
:10BE7000B26B2B3BA09A2B3BBCAB433B4F164F3BCB
:10BE8000F9C0333BDCFC3E3B44D5403BBB02853B29
:10BE9000EAC98B3BA541433B07C0243BEF0E473B20
:10BEA0001300000074666C2E70736575646F5F71AB
:10BEB000636F6E73743133000400000040000000B3
:10BEC000010000000100000020000000A2D9FFFFD7
:10BED0000000000114000000240300000F00000017
:10BEE00000000002300300001CD9FFFF0800000022
:10BEF00008020000400000000000000000000000F8
:10BF00000000000000000000000000000000000031
:10BF10000000000000000000000000000000000021
:10BF20000000000000000000000000000000000011
:10BF30000000000000000000000000000000000001
:10BF400000000000000000000000000000000000F1
:10BF500000000000000000000000000000000000E1
:10BF600000000000000000000000000000000000D1
:10BF700000000000000000000000000000000000C1
:10BF800000000000000000000000000000000000B1
:10BF900000000000000000000000000000000000A1
:10BFA0000000000000000000000000000000000091
:10BFB0000000000000000000000000000000000081
:10BFC0000000000000000000000000000000000071
:10BFD0000000000000000000000000000000000061
:10BFE0000000000000000000000000000000000051
:10BFF0000000000000000000000000000000000041
:10C000000000000000000000000000000000000030
:10C010000000000000000000000000000000000020
:10C020000000000000000000000000000000000010
:10C030000000000000000000000000000000000000
:10C0400000000000000000000000000000000000F0
:10C0500000000000000000000000000000000000E0
:10C0600000000000000000000000000000000000D0
:10C0700000000000000000000000000000000000C0
:10C0800000000000000000000000000000000000B0
:10C0900000000000000000000000000000000000A0
:10C0A0000000000000000000000000000000000090
:10C0B0000000000000000000000000000000000080
:10C0C0000000000000000000000000000000000070
:10C0D0000000000000000000000000000000000060
:10C0E0000000000000000000000000000000000050
:10C0F0000000000000000000400000005E930239D4
:10C10000710D0739F6D71A391E385B39CCE7523929
:10C11000223F6F391D1A5A395FFFF03823D947394A
:10C12000421C17398C153339E65226396F682B3982
:10C1300046C946397B2F3239FB514B397FBF4D39C8
:10C14000BF683039B9B64F39B7221839EE93033981
:10C1500028FE1D398FE8303961342739CBD60139B3
:10C16000C3271839E466083996F912396950293914
:10C17000714323390C9224390E9F33392ADC263936
:10C1800053E90A39C2242D39EC7667394F901F39AB
:10C190004EDB2839404F3539DD1A1C39E938303942
:10C1A000AA611839111A203988BE2F394B496339D1
:10C1B00034C60B39B9385E398291333921DC2639DE
:10C1C000D37B23399F0710392551253964B11339A1
:10C1D000D3D9133920962839296C323962DF1A39BC
:10C1E000328D243936242639FA326539FBE070392C
:10C1F000B83A283918F20D3949812B39130000005B
:10C2000074666C2E70736575646F5F71636F6E73A7
:10C21000743132000100000040000000F2DCFFFF3A
:10C220000000000114000000340000000E000000B7
:10C2300000000009400000006CDCFFFF0800000067
:10C24000140000000100000080FFFFFFFFFFFFFF60
:10C2500000000000010000000F85A43D1300000055
:10C2600074666C2E70736575646F5F71636F6E7347
:10C2700074313100010000004000000052DDFFFF7A
:10C280000000000114000000340000000D00000058
:10C290000000000940000000CCDCFFFF08000000A7
:10C2A00014000000010000007B00000000000000FE
:10C2B0000000000001000000D2058D3B13000000CB
:10C2C00074666C2E70736575646F5F71636F6E73E7
:10C2D000743130000100000040000000B2DDFFFFBB
:10C2E0000000000128000000400300000C000000D6
:10C2F000000000094C0300000000120010000000C4
:10C3000000000C0008000000000004001200000003
:10C3100003000000080000000C02000040000000C4
:10C32000000000000000000000000000000000000D
:10C3300000000000000000000000000000000000FD
:10C3400000000000000000000000000000000000ED
:10C3500000000000000000000000000000000000DD
:10C3600000000000000000000000000000000000CD
:10C3700000000000000000000000000000000000BD
:10C3800000000000000000000000000000000000AD
:10C39000000000000000000000000000000000009D
:10C3A000000000000000000000000000000000008D
:10C3B000000000000000000000000000000000007D
:10C3C000000000000000000000000000000000006D
:10C3D000000000000000000000000000000000005D
:10C3E000000000000000000000000000000000004D
:10C3F000000000000000000000000000000000003D
:10C40000000000000000000000000000000000002C
:10C41000000000000000000000000000000000001C
:10C42000000000000000000000000000000000000C
:10C4300000000000000000000000000000000000FC
:10C4400000000000000000000000000000000000EC
:10C4500000000000000000000000000000000000DC
:10C4600000000000000000000000000000000000CC
:10C4700000000000000000000000000000000000BC
:10C4800000000000000000000000000000000000AC
:10C49000000000000000000000000000000000009C
:10C4A000000000000000000000000000000000008C
:10C4B000000000000000000000000000000000007C
:10C4C000000000000000000000000000000000006C
:10C4D000000000000000000000000000000000005C
:10C4E000000000000000000000000000000000004C
:10C4F000000000000000000000000000000000003C
:10C50000000000000000000000000000000000002B
:10C51000000000000000000000000000000000001B
:10C520000000000040000000B8F4A83A1B1CC23A0A
:10C53000EDE0EB3A8C37B13A9E42873A803B6E3A57
:10C540005BC2EB3A15DBBD3A8739C93AF773973AC4
:10C550006259EF3A2499AF3A4828983A7AA2D83AE1
:10C56000A1B5DD3A5AE9A13A5507923A85ACAB3A02
:10C570008763C83AF1C9B23AC55BB53A6B50273BFD
:10C58000D35D9C3A4C96013B7636D83A1F76FD3AFD
:10C59000E775AE3AA2A9F53A1DE7C43A07C4D93AFD
:10C5A000FE30B23A3907C93A0FC1D33AB79FD73AEA
:10C5B00035FEA43A921BB23AF19AD93AA930B83A68
:10C5C000375D993AC49DDD3A12BABF3AB1F0AF3A3D
:10C5D000F9D0903A20D9B53A482CB53AD967AB3A58
:10C5E0007A28AA3A5AF5EB3A045FB63A78CADA3AA8
:10C5F0000811AB3A30C7EE3ADC8AD03A2B24AB3A7A
:10C60000FF04F23A430F8C3A92CDD03A8B0AB33AF8
:10C610006246B93AC2FAD23A9240CB3AA6B4DE3A6E
:10C6200069CEAD3AF51DA53A1200000074666C2E75
:10C6300070736575646F5F71636F6E73743900003A
:10C6400004000000010000000300000003000000DF
:10C65000400000002AE1FFFF00000001140000007C
:10C66000240300000B000000000000023003000063
:10C67000A4E0FFFF080000000802000040000000E6
:10C6800000000000000000000000000000000000AA
:10C69000000000000000000000000000000000009A
:10C6A000000000000000000000000000000000008A
:10C6B000000000000000000000000000000000007A
:10C6C000000000000000000000000000000000006A
:10C6D000000000000000000000000000000000005A
:10C6E000000000000000000000000000000000004A
:10C6F000000000000000000000000000000000003A
:10C700000000000000000000000000000000000029
:10C710000000000000000000000000000000000019
:10C720000000000000000000000000000000000009
:10C7300000000000000000000000000000000000F9
:10C7400000000000000000000000000000000000E9
:10C7500000000000000000000000000000000000D9
:10C7600000000000000000000000000000000000C9
:10C7700000000000000000000000000000000000B9
:10C7800000000000000000000000000000000000A9
:10C790000000000000000000000000000000000099
:10C7A0000000000000000000000000000000000089
:10C7B0000000000000000000000000000000000079
:10C7C0000000000000000000000000000000000069
:10C7D0000000000000000000000000000000000059
:10C7E0000000000000000000000000000000000049
:10C7F0000000000000000000000000000000000039
:10C800000000000000000000000000000000000028
:10C810000000000000000000000000000000000018
:10C820000000000000000000000000000000000008
:10C8300000000000000000000000000000000000F8
:10C8400000000000000000000000000000000000E8
:10C8500000000000000000000000000000000000D8
:10C8600000000000000000000000000000000000C8
:10C8700000000000000000000000000000000000B8
:10C880004000000081262E39DE1348396F217339AC
:10C890005AAA3639326B0B39898EF538EC01733967
:10C8A0005DB143394A694F39FE1B1C3935B57639BC
:10C8B00034FF3439DAD51C39864B5F399E866439AA
:10C8C000B1E32639AA841639B2F33039B58C4E3922
:10C8D0001E4938392CEF3A394875AC39862C213944
:10C8E0003A92853930DC5E3982A0823903D33339FC
:10C8F00025377D39DCF44A39FA75603977AB373939
:10C9000070354F39B1435A39CE405E39CD102A398E
:10C9100063953739A04B603959DA3D3949141E39CE
:10C92000056E6439149F453973593539C444153936
:10C9300061703B3939BE3A39EAAC3039B9632F39C5
:10C940007D36733963FA3B397C8461396E533039F3
:10C95000841E763937F4563927673039D6757939D8
:10C960009E5D1039FA385739B58B38399CF83E3905
:10C970004B7759394A8051397A8D65395F26333979
:10C9800087312A391200000074666C2E7073657549
:10C99000646F5F71636F6E73743800000100000094
:10C9A000400000007AE4FFFF0000000114000000D6
:10C9B000280600000A0000000000000934060000FC
:10C9C000F4E3FFFF080000000C04000080000000FA
:10C9D0000000000000000000000000000000000057
:10C9E0000000000000000000000000000000000047
:10C9F0000000000000000000000000000000000037
:10CA00000000000000000000000000000000000026
:10CA10000000000000000000000000000000000016
:10CA20000000000000000000000000000000000006
:10CA300000000000000000000000000000000000F6
:10CA400000000000000000000000000000000000E6
:10CA500000000000000000000000000000000000D6
:10CA600000000000000000000000000000000000C6
:10CA700000000000000000000000000000000000B6
:10CA800000000000000000000000000000000000A6
:10CA90000000000000000000000000000000000096
:10CAA0000000000000000000000000000000000086
:10CAB0000000000000000000000000000000000076
:10CAC0000000000000000000000000000000000066
:10CAD0000000000000000000000000000000000056
:10CAE0000000000000000000000000000000000046
:10CAF0000000000000000000000000000000000036
:10CB00000000000000000000000000000000000025
:10CB10000000000000000000000000000000000015
:10CB20000000000000000000000000000000000005
:10CB300000000000000000000000000000000000F5
:10CB400000000000000000000000000000000000E5
:10CB500000000000000000000000000000000000D5
:10CB600000000000000000000000000000000000C5
:10CB700000000000000000000000000000000000B5
:10CB800000000000000000000000000000000000A5
:10CB90000000000000000000000000000000000095
:10CBA0000000000000000000000000000000000085
:10CBB0000000000000000000000000000000000075
:10CBC0000000000000000000000000000000000065
:10CBD0000000000000000000000000000000000055
:10CBE0000000000000000000000000000000000045
:10CBF0000000000000000000000000000000000035
:10CC00000000000000000000000000000000000024
:10CC10000000000000000000000000000000000014
:10CC20000000000000000000000000000000000004
:10CC300000000000000000000000000000000000F4
:10CC400000000000000000000000000000000000E4
:10CC500000000000000000000000000000000000D4
:10CC600000000000000000000000000000000000C4
:10CC700000000000000000000000000000000000B4
:10CC800000000000000000000000000000000000A4
:10CC90000000000000000000000000000000000094
:10CCA0000000000000000000000000000000000084
:10CCB0000000000000000000000000000000000074
:10CCC0000000000000000000000000000000000064
:10CCD0000000000000000000000000000000000054
:10CCE0000000000000000000000000000000000044
:10CCF0000000000000000000000000000000000034
:10CD00000000000000000000000000000000000023
:10CD10000000000000000000000000000000000013
:10CD20000000000000000000000000000000000003
:10CD300000000000000000000000000000000000F3
:10CD400000000000000000000000000000000000E3
:10CD500000000000000000000000000000000000D3
:10CD600000000000000000000000000000000000C3
:10CD700000000000000000000000000000000000B3
:10CD800000000000000000000000000000000000A3
:10CD90000000000000000000000000000000000093
:10CDA0000000000000000000000000000000000083
:10CDB0000000000000000000000000000000000073
:10CDC0000000000000000000000000000000000063
:10CDD0000000000080000000E132563BF0E1333BF0
:10CDE00088E8503BB892253BDE34253B0AC01C3B0B
:10CDF0005C92223BC5581C3B8AFD403B4972413B3B
:10CE000049FC273B2358243BFF88063B966F4E3B4B
:10CE1000F2111D3B63DF1F3B870E393BFA64413B38
:10CE2000C400193B2C8C803BA13E333B488B0F3B0D
:10CE30004457193B169B293B46604D3B3E141D3B16
:10CE40004588273B4736273B21E1273B30FF783B8E
:10CE5000E7381E3B908C5D3BE5435E3BCEB6253B01
:10CE60003CCB2D3B9416233B26240D3B29DF453B31
:10CE700076F2393B04A72A3BBDB35A3B78AF283B37
:10CE8000E1473C3B6A92223BC3081F3B78A6083B24
:10CE90002FE1383B1B49223BDCDA4D3B111F3B3B6A
:10CEA00080C78B3B4A47323B54E60C3BAB4D313B92
:10CEB0005030093B72E23C3B90D6223BB9BF2D3B40
:10CEC00093E16D3BEF34173BF50C523B3F5C503B1D
:10CED0001BE0503B4F45123BA9A78C3B3690273BAC
:10CEE00003FA193BE62B123B01821D3B4844503BA1
:10CEF000E7F1233BDEDC5A3B6825693BD459263BEE
:10CF00001F74153B4E6E373BCC4C2A3BA7294B3B3D
:10CF1000801E3C3BC6184F3B6CDF223B77B14C3B3D
:10CF200025C6093B5326293B9B88303BBC1F413B10
:10CF30008633083BAFC2343B3C9D483BB3E44F3B98
:10CF40003DA4263BFB64193B21481D3BD509433BCF
:10CF5000322C1A3B37731A3B93430A3B23CC243BB6
:10CF60002E99713B3C77323BAF72613B7F33323B52
:10CF7000B4B30F3BA9EF333B0738283BBA421D3B04
:10CF8000913C3D3BF3702A3B8BAC623B6DF6693BB9
:10CF9000660D513B81BF1D3B5A1C163BB19D2A3B80
:10CFA0006CA2313BBB18283B3AAC263B1267423B94
:10CFB0003EA3343B4D69073BAE813A3B9EFD1F3B90
:10CFC000C75F243B28023D3BA710193BA8FE3A3B14
:10CFD000B6D2203BB6342E3B1200000074666C2E95
:10CFE00070736575646F5F71636F6E737437000083
:10CFF00004000000800000000100000001000000AB
:10D0000040000000DAEAFFFF000000011400000009
:10D0100024060000090000000000000230060000A5
:10D0200054EAFFFF08000000080400008000000030
:10D0300000000000000000000000000000000000F0
:10D0400000000000000000000000000000000000E0
:10D0500000000000000000000000000000000000D0
:10D0600000000000000000000000000000000000C0
:10D0700000000000000000000000000000000000B0
:10D0800000000000000000000000000000000000A0
:10D090000000000000000000000000000000000090
:10D0A0000000000000000000000000000000000080
:10D0B0000000000000000000000000000000000070
:10D0C0000000000000000000000000000000000060
:10D0D0000000000000000000000000000000000050
:10D0E0000000000000000000000000000000000040
:10D0F0000000000000000000000000000000000030
:10D10000000000000000000000000000000000001F
:10D11000000000000000000000000000000000000F
:10D1200000000000000000000000000000000000FF
:10D1300000000000000000000000000000000000EF
:10D1400000000000000000000000000000000000DF
:10D1500000000000000000000000000000000000CF
:10D1600000000000000000000000000000000000BF
:10D1700000000000000000000000000000000000AF
:10D18000000000000000000000000000000000009F
:10D19000000000000000000000000000000000008F
:10D1A000000000000000000000000000000000007F
:10D1B000000000000000000000000000000000006F
:10D1C000000000000000000000000000000000005F
:10D1D000000000000000000000000000000000004F
:10D1E000000000000000000000000000000000003F
:10D1F000000000000000000000000000000000002F
:10D20000000000000000000000000000000000001E
:10D21000000000000000000000000000000000000E
:10D2200000000000000000000000000000000000FE
:10D2300000000000000000000000000000000000EE
:10D2400000000000000000000000000000000000DE
:10D2500000000000000000000000000000000000CE
:10D2600000000000000000000000000000000000BE
:10D2700000000000000000000000000000000000AE
:10D28000000000000000000000000000000000009E
:10D29000000000000000000000000000000000008E
:10D2A000000000000000000000000000000000007E
:10D2B000000000000000000000000000000000006E
:10D2C000000000000000000000000000000000005E
:10D2D000000000000000000000000000000000004E
:10D2E000000000000000000000000000000000003E
:10D2F000000000000000000000000000000000002E
:10D30000000000000000000000000000000000001D
:10D31000000000000000000000000000000000000D
:10D3200000000000000000000000000000000000FD
:10D3300000000000000000000000000000000000ED
:10D3400000000000000000000000000000000000DD
:10D3500000000000000000000000000000000000CD
:10D3600000000000000000000000000000000000BD
:10D3700000000000000000000000000000000000AD
:10D38000000000000000000000000000000000009D
:10D39000000000000000000000000000000000008D
:10D3A000000000000000000000000000000000007D
:10D3B000000000000000000000000000000000006D
:10D3C000000000000000000000000000000000005D
:10D3D000000000000000000000000000000000004D
:10D3E000000000000000000000000000000000003D
:10D3F000000000000000000000000000000000002D
:10D40000000000000000000000000000000000001C
:10D41000000000000000000000000000000000000C
:10D4200000000000000000000000000000000000FC
:10D43000800000005B936D39A983473933B56739A4
:10D44000A6A437398E3C373977DB2D396F50343904
:10D45000ED682D397B0D5639F78E56399E513A3984
:10D46000BC473639C33715392EF7643950362E3953
:10D470000D523139CF404D393580563980B3293975
:10D48000A6938E3987CE4639BF351F3971132A3995
:10D49000B01D3C3941CA6339DC382E39F0D03939F6
:10D4A000FF7539397F333A39F1158A39767D2F394D
:10D4B00067BA7539BE857639ADCC3739D8C24039AF
:10D4C00015E334397B8B1C397B775B399F3D4E39B3
:10D4D000DB463D39099272395B183B393DD45039EE
:10D4E0007F5034390164303954901739850E4D39E5
:10D4F00030FF333938526439088B4F39C8089B39AB
:10D5000032BC4539E9461C3955A744393729183901
:10D51000AC7F5139159C343914B64039DBEB833973
:10D520007CB527398AF968399B196739DBAB6739CC
:10D53000F43B223968019C39BFD93939F3C72A39FC
:10D54000C51F22399AB22E3906FF663958D63539A9
:10D55000A7BF7239A04B81397D813839B1C32539D4
:10D560002A734B39CBE23C39CC55613958A6503936
:10D57000D5B26539E8A534395E08633966CF183904
:10D580002E9C3B39C3CC433968335639D6101739F2
:10D59000EF7C48392D825E390395663905D43839D8
:10D5A000A7222A3969722E39FE5258399CFF2A392E
:10D5B000614E2B39855A193965C8363996FB85393C
:10D5C0005FF14539740D7A393EA6453994621F39A9
:10D5D000E1924739E1933A396B6C2E39A1E3513925
:10D5E000E40A3D3991697B398BBF813917DE673990
:10D5F000D0F62E39487E2639843C3D3955054539CB
:10D600002A713A39E1DC3839779E57390F5A48394F
:10D610008C30163978DC4E399573313936503639BD
:10D62000D8A251391FC5293916674F39EF5F3239F2
:10D63000D53741391200000074666C2E7073657521
:10D64000646F5F71636F6E737436000001000000D9
:10D65000800000002AF1FFFF00000001140000001C
:10D660003400000008000000000000094000000035
:10D67000A4F0FFFF080000001400000001000000FB
:10D6800080FFFFFFFFFFFFFF000000000100000020
:10D690009A8CC53D1200000074666C2E707365751F
:10D6A000646F5F71636F6E7374350000010000007A
:10D6B000800000008AF1FFFF00000001140000005C
:10D6C00034000000070000000000000940000000D6
:10D6D00004F1FFFF0800000014000000010000003A
:10D6E0007F000000000000000000000001000000BA
:10D6F0003C133A3B1200000074666C2E7073657523
:10D70000646F5F71636F6E7374340000010000001A
:10D7100080000000EAF1FFFF00000001140000009B
:10D720002806000006000000000000093406000082
:10D7300064F1FFFF080000000C04000080000000FE
:10D7400000000000000000000000000000000000D9
:10D7500000000000000000000000000000000000C9
:10D7600000000000000000000000000000000000B9
:10D7700000000000000000000000000000000000A9
:10D780000000000000000000000000000000000099
:10D790000000000000000000000000000000000089
:10D7A0000000000000000000000000000000000079
:10D7B0000000000000000000000000000000000069
:10D7C0000000000000000000000000000000000059
:10D7D0000000000000000000000000000000000049
:10D7E0000000000000000000000000000000000039
:10D7F0000000000000000000000000000000000029
:10D800000000000000000000000000000000000018
:10D810000000000000000000000000000000000008
:10D8200000000000000000000000000000000000F8
:10D8300000000000000000000000000000000000E8
:10D8400000000000000000000000000000000000D8
:10D8500000000000000000000000000000000000C8
:10D8600000000000000000000000000000000000B8
:10D8700000000000000000000000000000000000A8
:10D880000000000000000000000000000000000098
:10D890000000000000000000000000000000000088
:10D8A0000000000000000000000000000000000078
:10D8B0000000000000000000000000000000000068
:10D8C0000000000000000000000000000000000058
:10D8D0000000000000000000000000000000000048
:10D8E0000000000000000000000000000000000038
:10D8F0000000000000000000000000000000000028
:10D900000000000000000000000000000000000017
:10D910000000000000000000000000000000000007
:10D9200000000000000000000000000000000000F7
:10D9300000000000000000000000000000000000E7
:10D9400000000000000000000000000000000000D7
:10D9500000000000000000000000000000000000C7
:10D9600000000000000000000000000000000000B7
:10D9700000000000000000000000000000000000A7
:10D980000000000000000000000000000000000097
:10D990000000000000000000000000000000000087
:10D9A0000000000000000000000000000000000077
:10D9B0000000000000000000000000000000000067
:10D9C0000000000000000000000000000000000057
:10D9D0000000000000000000000000000000000047
:10D9E0000000000000000000000000000000000037
:10D9F0000000000000000000000000000000000027
:10DA00000000000000000000000000000000000016
:10DA10000000000000000000000000000000000006
:10DA200000000000000000000000000000000000F6
:10DA300000000000000000000000000000000000E6
:10DA400000000000000000000000000000000000D6
:10DA500000000000000000000000000000000000C6
:10DA600000000000000000000000000000000000B6
:10DA700000000000000000000000000000000000A6
:10DA80000000000000000000000000000000000096
:10DA90000000000000000000000000000000000086
:10DAA0000000000000000000000000000000000076
:10DAB0000000000000000000000000000000000066
:10DAC0000000000000000000000000000000000056
:10DAD0000000000000000000000000000000000046
:10DAE0000000000000000000000000000000000036
:10DAF0000000000000000000000000000000000026
:10DB00000000000000000000000000000000000015
:10DB10000000000000000000000000000000000005
:10DB200000000000000000000000000000000000F5
:10DB300000000000000000000000000000000000E5
:10DB4000000000008000000043DD2B3B5478373B91
:10DB50000004363BA3B8293B593E373BA8B0233BD2
:10DB6000943E2F3B3E706C3B69D3263BDA15203B3D
:10DB7000D2C10C3B28F7313BFB932D3B0B5C0B3B9D
:10DB80007B31493BC2C5293B2ACD4E3B6CD4213B5E
:10DB900002E5623B6B571A3B918F383BF10C4D3BD2
:10DBA0004925533B0B7E0A3BB9D1293B37731E3BBA
:10DBB0007868363B28F73A3B53B5363BC3460F3BB4
:10DBC000EF3C2F3BF801163B1A5A193B37A6123B84
:10DBD000EF36283B761A4A3B75C75C3B0AE6173B93
:10DBE0007C1F303B2378203B1B5F3A3BB6151E3B26
:10DBF000DE137A3B7BFC2A3BA29C233BF4EA163BD8
:10DC0000DA46323BAA81393B766B433B3EA0343B3C
:10DC10004F9F083BA400273B7EA2193B0303513BC7
:10DC20002254763B54AD103B2B35303B080B393B2F
:10DC300062FF183B8348263B41F7313B51D53E3BC1
:10DC40000336443BD3193A3B61C4403B81EC413B32
:10DC5000C307283B8D2E443B7CE3293BF7582E3BE2
:10DC6000BCA6863BE28C3E3B8817203BFDB6233B9F
:10DC70004DA6333B52F2683BB5D5123B7D51543B28
:10DC8000E5D0273BC84B1D3B9BA82C3BB4903F3BAA
:10DC9000BB1E4D3BA6762B3B3CD63C3BF78C313B29
:10DCA000AAE42A3B3F154F3BBD4B273BA3644E3BA9
:10DCB00000AB7D3B8CB7333B7AC2343BB084243B12
:10DCC000388A313BB42F1B3B057B363BB8EA1E3B01
:10DCD000D523293BD4DA193BC7C8343B7F8C123B90
:10DCE00097CF3B3B46C6203B6600293B4B35513B1B
:10DCF0004CBD233B265A313B1B68303B7182193B9C
:10DD0000559F253B2F3A1B3B2877343B3E386B3BD6
:10DD10009B7D2E3B4BAC483B0B70253B3297333BF6
:10DD2000A934553B0B662C3B54201A3B03E9153BA9
:10DD30006811393BFF29143BD9661C3B298B5E3B9C
:10DD4000505B113B2BE52C3B1200000074666C2EDF
:10DD500070736575646F5F71636F6E737433000009
:10DD600002000000800000008000000042F8FFFF79
:10DD7000000000011400000024060000050000005F
:10DD80000000000230060000BCF7FFFF08000000A2
:10DD900008040000800000000000000000000000F7
:10DDA0000000000000000000000000000000000073
:10DDB0000000000000000000000000000000000063
:10DDC0000000000000000000000000000000000053
:10DDD0000000000000000000000000000000000043
:10DDE0000000000000000000000000000000000033
:10DDF0000000000000000000000000000000000023
:10DE00000000000000000000000000000000000012
:10DE10000000000000000000000000000000000002
:10DE200000000000000000000000000000000000F2
:10DE300000000000000000000000000000000000E2
:10DE400000000000000000000000000000000000D2
:10DE500000000000000000000000000000000000C2
:10DE600000000000000000000000000000000000B2
:10DE700000000000000000000000000000000000A2
:10DE80000000000000000000000000000000000092
:10DE90000000000000000000000000000000000082
:10DEA0000000000000000000000000000000000072
:10DEB0000000000000000000000000000000000062
:10DEC0000000000000000000000000000000000052
:10DED0000000000000000000000000000000000042
:10DEE0000000000000000000000000000000000032
:10DEF0000000000000000000000000000000000022
:10DF00000000000000000000000000000000000011
:10DF10000000000000000000000000000000000001
:10DF200000000000000000000000000000000000F1
:10DF300000000000000000000000000000000000E1
:10DF400000000000000000000000000000000000D1
:10DF500000000000000000000000000000000000C1
:10DF600000000000000000000000000000000000B1
:10DF700000000000000000000000000000000000A1
:10DF80000000000000000000000000000000000091
:10DF90000000000000000000000000000000000081
:10DFA0000000000000000000000000000000000071
:10DFB0000000000000000000000000000000000061
:10DFC0000000000000000000000000000000000051
:10DFD0000000000000000000000000000000000041
:10DFE0000000000000000000000000000000000031
:10DFF0000000000000000000000000000000000021
:10E000000000000000000000000000000000000010
:10E010000000000000000000000000000000000000
:10E0200000000000000000000000000000000000F0
:10E0300000000000000000000000000000000000E0
:10E0400000000000000000000000000000000000D0
:10E0500000000000000000000000000000000000C0
:10E0600000000000000000000000000000000000B0
:10E0700000000000000000000000000000000000A0
:10E080000000000000000000000000000000000090
:10E090000000000000000000000000000000000080
:10E0A0000000000000000000000000000000000070
:10E0B0000000000000000000000000000000000060
:10E0C0000000000000000000000000000000000050
:10E0D0000000000000000000000000000000000040
:10E0E0000000000000000000000000000000000030
:10E0F0000000000000000000000000000000000020
:10E10000000000000000000000000000000000000F
:10E1100000000000000000000000000000000000FF
:10E1200000000000000000000000000000000000EF
:10E1300000000000000000000000000000000000DF
:10E1400000000000000000000000000000000000CF
:10E1500000000000000000000000000000000000BF
:10E1600000000000000000000000000000000000AF
:10E17000000000000000000000000000000000009F
:10E18000000000000000000000000000000000008F
:10E190000000000000000000800000007809AA389C
:10E1A000F384B5389414B438AEEAA738954BB53833
:10E1B0001DF3A1389661AD38B0ECE938550DA5389E
:10E1C0001F629E38B3428B38C212B03886BBAB3860
:10E1D000BAE08938DC0DC738A9F7A738479ACC3898
:10E1E000F21BA0386F7BE03852B398383899B638B4
:10E1F000D2DECA3893E6D038160589387F03A838AE
:10E20000EFC39C38FB77B43843FAB83804C4B43849
:10E21000C8C08D38F65FAD38AB699438B3B897385D
:10E220000E179138146DA6385DF4C738876EDA384A
:10E23000984896381A40AE385DC39E38D463B838D3
:10E240006D679C38316BF738142BA9384EDFA13835
:10E250002D5095389B61B038BE88B7388E57C1387D
:10E260009AB4B238712B8738153AA53852009838CD
:10E270001CCACE38A9B5F33889238F388E55AE38ED
:10E280005F13B738F25E9738E983A438DB12B038F1
:10E29000E5CDBC38F41FC238481FB838B1B7BE3816
:10E2A000ABDCBF38683EA6389218C2381215A838C1
:10E2B0006A7EAC383B3805393B86BC38C8639E382B
:10E2C00061F9A13852BDB1384678E6380B4691382D
:10E2D000960FD2381F08A638A59F9B38A7D2AA3818
:10E2E0004A87BD386CF0CA38F3A3A9383FD4BA388E
:10E2F000B2A9AF388413A93898E1CC386284A53824
:10E30000DD32CC388DF8FA3862CEB13879D6B238F1
:10E31000E4C4A238FBA6AF384F899938558AB4387F
:10E320002B3A9D387557A7380E389838B5DCB23877
:10E330009CFD903865D0B938AB109F386634A7384B
:10E34000DBFBCE389FFFA1386C77AF38F387AE3850
:10E350009CE0973888DCA338AD939938F48BB238B9
:10E3600002B8E838AAA2AC38178AC638BFADA338BD
:10E3700060AEB13858F0D238CC90AA38D17C9838F9
:10E38000FA509438AD19B738B796923825BD9A38F7
:10E390006D2DDC38ACCF8F38920EAB3812000000F8
:10E3A00074666C2E70736575646F5F71636F6E73E6
:10E3B00074320000010000008000000092FEFFFFA8
:10E3C00000000001140000008800000004000000AC
:10E3D00000000009940000000CFEFFFF0800000090
:10E3E0004C000000080000000000000000000000D9
:10E3F000000000000000000000000000000000001D
:10E40000000000000000000000000000000000000C
:10E4100000000000000000000000000000000000FC
:10E4200000000000000000000000000008000000E4
:10E430009DCF8D3B220D5D3B39514D3BC492713BCD
:10E440008F60563B00E2413B4267573B53D8553BF8
:10E450001200000074666C2E70736575646F5F71D6
:10E46000636F6E737431000002000000080000004A
:10E47000800000004AFFFFFF0000000114000000C0
:10E48000880000000300000000000002940000006B
:10E49000C4FEFFFF080000004C0000000800000060
:10E4A000000000000000000000000000000000006C
:10E4B000000000000000000000000000000000005C
:10E4C000000000000000000000000000000000004C
:10E4D000000000000000000000000000000000003C
:10E4E000000000000800000047A23839B9E60F39E3
:10E4F0009DA80539C4421D39778E0B39106EFC3842
:10E500007B390C39C8350B391100000074666C2E4C
:10E5100070736575646F5F71636F6E737400000074
:10E520000100000008000000000016001C00180098
:10E53000170010000C000800000000000000070099
:10E540001600000000000001180000001800000084
:10E55000020000000000000220000000040004008F
:10E56000040000000E00000061726974682E636F81
:10E570006E7374616E740000010000000200000000
:10E580000000160020001C001B00140010000C00EE
:10E590000000000008000700160000000000000155
:10E5A00018000000340000005400000001000000CA
:10E5B000000000096C00000004000000FFFFFFFFE6
:10E5C0002000000028000000010000000C000C00EA
:10E5D00000000000080004000C000000080000001B
:10E5E000140000000100000080FFFFFFFFFFFFFF9D
:10E5F000000000000100000057004F3C1D0000001B
:10E6000073657276696E675F64656661756C745F69
:10E61000696E7075745F6C617965723A30000000E4
:10E62000040000000100000020000000280000009D
:10E630000100000008000000A800000088000000A1
:10E640007C00000060000000400000002C00000082
:10E65000180000000400000084FFFFFF1900000004
:10E66000020000000000001994FFFFFF09000000F5
:10E670000400000000000009A4FFFFFF28000000C4
:10E680000200000000000028B4FFFFFF04000000AB
:10E6900003000000000000040C000E000D0000004C
:10E6A000080004000C00000011000000020000003F
:10E6B00000110A0008000000000004000A00000029
:10E6C00002000000F0FFFFFF120000000200000047
:10E6D000000000120C0010000F00000008000400F1
:10E6E0000C00000003000000030000000000000315
:10E6F0007A30BD3A7A303D3B5BE48D3B7A30BD3BAE
:10E70000987CEC3B5BE40D3C6A8A253C7A303D3CCE
:10E7100089D6543C4EE9503C3F43393C309D213C26
:10E7200020F7093C22A2E43B0456B53BE609863BB0
:10E730008E7B2D3BA3C69D3A519A5C3AD2BE153BC7
:10E740000F57743BA577A93BC4C3D83BF107043CE2
:10E7500000AE1B3C0F54333C1FFA4A3CB8C55A3C30
:10E76000A91F433C9A792B3C8BD3133CF65AF83BB8
:10E77000D90EC93BBAC2993B37ED543BF4A9EC3AE8
:10E78000E7E5BD39BC4E7B39519ADC3A66E54C3B36
:10E79000D2BE953BF00AC53B0F57F43B96D1113CD6
:10E7A000A577293CB51D413CC4C3583C13FC4C3CE7
:10E7B0000456353CF5AF1D3CE609063CADC7DC3BD5
:10E7C0008E7BAD3BDF5E7C3BA3C61D3B96B97C3A9E
:10E7D00000B78D3ABD73253BFD05823B1C52B13B12
:10E7E000399EE03B2CF5073C3C9B1F3C4B41373CA2
:10E7F0005AE74E3C7ED8563C6E323F3C5F8C273CFD
:10E8000050E60F3C8180F03B6234C13B44E8913BD1
:10E810004B38453B1C40CD3A127D0039BC4EFB398C
:10E820002904FC3A519A5C3B47999D3B66E5CC3BF9
:10E830008331FC3BD2BE153CE1642D3CF00A453CE3
:10E84000FFB05C3CD90E493CC968313CBAC2193CA6
:10E85000AB1C023C37EDD43B18A1A53BF4A96C3BA3
:10E86000B7110E3BE7E53D3AD820AD3AA928353B34
:10E8700073E0893B912CB93BAF78E83B67E20B3CF6
:10E880007788233C862E3B3C95D4523C43EB523C4C
:10E8900034453B3C249F233C15F90B3C0BA6E83B3D
:10E8A000ED59B93BCE0D8A3B6083353B45D6AD3A39
:10E8B0000C7B3C3A00B70D3B3D4F6C3BBD73A53B19
:10E8C000DBBFD43BFD05023C0CAC193C1C52313C77
:10E8D0002BF8483CADC75C3C9E21453C8E7B2D3CD3
:10E8E0007FD5153CDF5EFC3BC112CD3BA3C69D3BF3
:10E8F00008F55C3B96B9FC3A7024FE3953A3F53811
:10E90000AF8ACC3A95DD443BE9BA913B0807C13B5D
:10E910002653F03BA2CF0F3CB175273CC11B3F3CB7
:10E92000D0C1563C07FE4E3CF857373CE9B11F3C7E
:10E93000D90B083C95CBE03B777FB13B5833823B0A
:10E9400074CE253B6D6C8E3ABC4E7B3AEC6B1D3B16
:10E9500029047C3B334EAD3B519ADC3B38F3053CFC
:10E9600047991D3C563F353C66E54C3C71DA583CB6
:10E970006234413C538E293C44E8113C6984F43BA9
:10E980004B38C53B2CEC953B1C404D3BBF4FDD3A13
:10E99000127D80393310BB3987F4EB3A8092543BB7
:10E9A0005F95993B7DE1C83B9C2DF83BDDBC133C5A
:10E9B000EC622B3CFB08433C0AAF5A3CCC104B3C6E
:10E9C000BD6A333CAEC41B3C9F1E043C1FF1D83BC8
:10E9D00001A5A93BC4B1743B8819163B2C055E3ACE
:10E9E00036119D3AD8202D3B8ADC853BA928B53BC2
:10E9F000C674E43B73E0093C8286213C912C393C8F
:10EA0000A0D2503C37ED543C27473D3C18A1253C53
:10EA100009FB0D3CF4A9EC3BD55DBD3BB7118E3B2A
:10EA2000318B3D3BE7E5BD3A136DB536C85B1C3A0B
:10EA30002FAF053B6C47643BD46FA13BF2BBD03B8F
:10EA40000804003C18AA173C27502F3C36F6463CD9
:10EA5000459C5E3C9223473C827D2F3C73D7173CFC
:10EA60006431003CAA16D13B8BCAA13BD9FC643B64
:10EA70009C64063B7D311F3A9DADBA3A75073B3B1E
:10EA80000F5C8C3B6234BB3BB50CEA3B84720C3CA4
:10EA9000AFDE233CD84A3B3C02B7523C1E424F3CBF
:10EAA0008E47383CFD4C213C6C520A3CB9AFE63BEA
:10EAB00098BAB83B77C58A3BACA0393BD36CBB3A1C
:10EAC000CE13E637CD714A3A1BFB093BC459613B73
:10EAD000365C9C3B8A0BC83BDFBAF33B19B50F3C55
:10EAE000C38C253C6E643B3C173C513C80E83D3C6C
:10EAF000B2C2293CE49C153C1677013C8EA2DA3B5D
:10EB0000F256B23B550B8A3B717F433B70D0E53ADE
:10EB1000FC43093A9723923AB298133B971F5E3B06
:10EB20003F53943BB296B93B25DADE3BCC0E023C18
:10EB300085B0143C3F52273CF9F3393C59F8373C37
:10EB40001FB3263CE56D153CAA28043CE0C6E53B16
:10EB50006C3CC33BF8B1A03B074F7C3B1D3A373BB5
:10EB6000674AE43A2B41343A3812133AA89AC93A20
:10EB70001AD6243BE0DE643BD373923B3678B23B3B
:10EB80009A7CD23BFD80F23BB042093CE144193C07
:10EB90001347293CAF8F2E3CECB81F3C2AE2103CB7
:10EBA000660B023C4869E63BC1BBC83B3B0EAB3B36
:10EBB000B6608D3B60665F3B530B243B9060D13A5F
:10EBC000F054353AA9079939924B943A9D2A013B62
:10EBD000722F383B46346F3B8D1C933BF89EAE3B07
:10EBE0006121CA3BCCA3E53B1B93003C50540E3C37
:10EBF00085151C3CBF93233CD0D3163CE1130A3C43
:10EC0000E5A7FA3B0728E13B2AA8C73B4E28AE3BC5
:10EC100070A8943B2551763B6A51433BB051103B61
:10EC2000E9A3BA3AE948293AA6B0323972C3693A37
:10EC30005D6DD33A81FC183B5242483B2588773BB7
:10EC4000FB66933BE409AB3BCDACC23BB64FDA3B32
:10EC50009FF2F13BC4CA043C399C103CB28D183C75
:10EC60004B990D3CE4A4023CFA60EF3B2C78D93B75
:10EC70005F8FC33B90A6AD3BC3BD973BF5D4813BB3
:10EC80004ED8573BB3062C3B1735003BF6C6A83A87
:10EC90007C47223AD528DD381B1D3E3A8E4AB03AD1
:10ECA00047C3003B4861293B47FF513B489D7A3BA6
:10ECB000A49D913BA4ECA53BA43BBA3BA58ACE3BCB
:10ECC000A4D9E23BA428F73BD2BB053CEC6F0E3C39
:10ECD0005A06053C9039F73B6D66E43B4A93D13BBD
:10ECE00026C0BE3B03EDAB3BDF19993BBC46863BE0
:10ECF00030E7663BEA40413BA29A1B3BB7E8EB3A60
:10ED0000299CA03A369F2A3AD030A038049B253857
:10ED1000F0F1153A18C5903A3891D63AAC2E0E3B20
:10ED2000BC14313BCCFA533BDCE0763B76E38C3BC6
:10ED30007E569E3B86C9AF3B8E3CC13B96AFD23BD5
:10ED40009E22E43BA595F53B5784033C8654FB3B50
:10ED5000E027EB3B39FBDA3B93CECA3BEDA1BA3B54
:10ED60004575AA3B9F489A3BF91B8A3BA5DE733B3E
:10ED70005885533B0A2C333BBED2123BE2F2E43AB5
:10ED80004840A43A5C1B473A516C8B39AEFCCF39F2
:10ED900044EF5F3A19F0AB3A90E8E73A84F0113B60
:10EDA000BFEC2F3BFAE84D3B36E56B3BB9F0843BBB
:10EDB000D6EE933BF4ECA23B12EBB13B30E9C03B07
:10EDC0004EE7CF3B6BE5DE3B89E3ED3B548EEF3BFB
:10EDD000A4A8E13BF4C2D33B44DDC53B95F7B73B68
:10EDE000E511AA3B352C9C3B85468E3BD560803B8C
:10EDF0004BF6643BEC2A493B8C5F2D3B2D94113B39
:10EE00009B91EB3ADCFAB33A3AC8783ABC9A093AA1
:10EE1000F169D338E2223E39B196163AA9A47D3A77
:10EE20005159B23A4EE0E53AA5B30C3B2377263B65
:10EE3000A13A403B1FFE593B9DC1733B8EC2863BAE
:10EE40004CA4933B0C86A03BCB67AD3B8A49BA3BB5
:10EE5000492BC73B080DD43BC7EEE03B71E4DA3BDE
:10EE6000A5F3CE3BD902C33B0C12B73B4021AB3BD1
:10EE700073309F3BA73F933BDA4E873B1CBC763BEE
:10EE800083DA5E3BEAF8463B51172F3BB935173B17
:10EE90003FA8FE3A0EE5CE3ADC219F3A54BD5E3AD9
:10EEA000E26DFE396D84FD382DFF86393B0B1C3A2F
:10EEB000E096743A4291A63A15D7D23AE61CFF3A48
:10EEC0005DB1153B45D42B3B2FF7413B181A583BFE
:10EED000023D6E3BF52F823B6A418D3BDE52983BF3
:10EEE0005364A33BC875AE3B3C87B93BB198C43B68
:10EEF00026AACF3BFE7ACC3B8F38C23B21F6B73BEC
:10EF0000B3B3AD3B4471A33BD62E993B68EC8E3B2B
:10EF1000F9A9843B17CF743B3B4A603B5DC54B3B33
:10EF20008140373BA5BB223BC8360E3BD863F33A42
:10EF30001E5ACA3A6550A13A578D703AE6791E3A80
:10EF4000E7CC9839A45C4B39D5D6FD39ACFF4A3AA9
:10EF5000F7898B3A1894B13A399ED73A5AA8FD3AB4
:10EF60003ED9113B4EDE243B5FE3373B6FE84A3B23
:10EF70007FED5D3B91F2703BD0FB813B587E8B3B3C
:10EF8000E100953B69839E3BF105A83B7A88B13B44
:10EF9000020BBB3B2249C33B7A78BA3BD3A7B13BB8
:10EFA0002BD7A83B8406A03BDC35973B34658E3BD2
:10EFB0008C94853BC987793B7AE6673B2B45563B6A
:10EFC000DCA3443B8D02333B3E61213BEFBF0F3B53
:10EFD000403DFC3AA2FAD83A04B8B53A6575923A7F
:10EFE0008D655E3A51E0173A29B6A2397D5D2D381C
:10EFF000C9A69037CCC68B399741073AC69F483A85
:10F00000FBFE843A14AEA53A2B5DC63A430CE73AB0
:10F01000AEDD033B3935143BC68C243B52E4343B14
:10F02000DE3B453B6A93553BF6EA653B8242763BC5
:10F03000074D833BCD788B3B93A4933B59D09B3BAF
:10F040001FFCA33BE527AC3BAB53B43B0A2CAF3BC7
:10F050001A99A73B2906A03B3973983B48E0903B9F
:10F06000584D893B67BA813BEE4E743B0C29653B9A
:10F070002C03563B4BDD463B6AB7373B8991283B17
:10F08000A86B193BC7450A3BCC3FF63A0BF4D73A7D
:10F0900048A8B93A875C9B3A8A217A3A068A3D3A6F
:10F0A00083F2003AFEB588395E6FF837FE233E39A9
:10F0B0005966CF3959DD1F3A8607583ADA18883A27
:10F0C000F02DA43A0643C03A1D58DC3A336DF83AA5
:10F0D00025410A3BB04B183B3B56263BC760343BAF
:10F0E000516B423BDD75503B68805E3BF48A6C3B64
:10F0F0007E957A3B0550843B4B558B3B905A923B17
:10F10000D65F993B1B65A03B616AA73B2AA4A23B43
:10F1100036229C3B41A0953B4C1E8F3B589C883B24
:10F12000631A823BDD30773BF52C6A3B0B295D3B54
:10F130002225503B3921433B501D363B6619293B64
:10F140007D151C3B94110F3BAB0D023B8413EA3A37
:10F15000B20BD03AE003B63A0EFC9B3A3BF4813A4C
:10F16000D1D84F3A2DC91B3A1173CF3990A74E39D8
:10F17000E54B2839AFA9B439B5960A3A93D83A3A4B
:10F18000701A6B3A27AE8D3A16CFA53A06F0BD3A03
:10F19000F410D63AE331EE3A6929033BE0390F3BEC
:10F1A000584A1B3BCF5A273B476B333BBF7B3F3B08
:10F1B000358C4B3BAD9C573B25AD633B9CBD6F3BBA
:10F1C00014CE7B3B46EF833B81F7893BBDFF8F3BF2
:10F1D000F907963B7CF99B3B1562963BAECA903B88
:10F1E00045338B3BDE9B853B7704803B1DDA743BCC
:10F1F0004EAB693B7E7C5E3BB04D533BE11E483BD2
:10F2000011F03C3B42C1313B7392263BA3631B3B55
:10F21000D434103B0506053B6BAEF33ACC50DD3AD7
:10F220002EF3C63A8F95B03AF0379A3A52DA833ACB
:10F2300066F95A3A2A3E2E3AEC82013A5E8FA93993
:10F24000C8312039CB13A235661E2739527CA63926
:10F250007269F939482B263AD9A14F3A6818793A98
:10F260007B47913AC302A63A0CBEBA3A5479CF3AD8
:10F270009B34E43AE3EFF83A95D5063B3933113B3A
:10F28000DD901B3B82EE253B254C303BC9A93A3B28
:10F290006D07453B11654F3BB4C2593B5920643B58
:10F2A000FC7D6E3BA1DB783BA29C813B74CB863B13
:10F2B00046FA8B3B711D903B904F8B3BB081863B58
:10F2C000CFB3813BDECB793B1D30703B5C94663B1A
:10F2D0009BF85C3BDB5C533B1AC1493B5925403BE7
:10F2E0009889363BD7ED2C3B1652233B55B6193B3C
:10F2F000941A103BD37E063B23C6F93AA28EE63A17
:10F300002057D33A9E1FC03A1CE8AC3A9AB0993ABB
:10F310001979863A2D83663A2914403A26A5193A76
:10F32000446CE6393C8E99396A60193982B06E377F
:10F33000916B1D390CF695395136DD394A3B123A3D
:10F340006DDB353A8E7B593AB01B7D3AE95D903AD8
:10F35000FB2DA23A0CFEB33A1CCEC53A2D9ED73AED
:10F360003E6EE93A503EFB3A3087063B396F0F3B21
:10F370004257183B4A3F213B53272A3B5B0F333B05
:10F3800063F73B3B6BDF443B74C74D3B7DAF563B64
:10F3900085975F3B8E7F683B9667713B9F4F7A3BBB
:10F3A000D49B813BBB0A863B02EA813B91927B3B2B
:10F3B0002051733BAF0F6B3B3DCE623BCB8C5A3B36
:10F3C000594B523BE8094A3B76C8413B0487393BDD
:10F3D0009345313B2004293BAFC2203B3E81183B83
:10F3E000CC3F103B5AFE073BD179FF3AEDF6EE3A9F
:10F3F0000B74DE3A27F1CD3A446EBD3A60EBAC3A7D
:10F400007D689C3A9AE58B3A6CC5763AA6BF553A28
:10F41000DFB9343A19B4133AA45CE5391751A3396A
:10F42000138B4239DFCF793815FA9134D372F5381E
:10F43000D629753922CDB7395805F539C71E193A7D
:10F44000E2BA373AFD56563A18F3743A9AC7893AEF
:10F45000A815993AB663A83AC3B1B73AD1FFC63AEC
:10F46000DE4DD63AEC9BE53AF9E9F43A031C023B4F
:10F470000AC3093B116A113B1811193B1EB8203B06
:10F48000265F283B2C06303B33AD373B39543F3B9E
:10F4900041FB463B47A24E3B4E49563B55F05D3B38
:10F4A0005C97653B623E6D3B6AE5743B52C6743BBC
:10F4B0006EAE6D3B8A96663BA67E5F3BC166583B4F
:10F4C000DD4E513BF9364A3B151F433B31073C3B70
:10F4D0004CEF343B68D72D3B84BF263BA0A71F3B96
:10F4E000BB8F183BD777113BF35F0A3B0F48033BB9
:10F4F0005660F83A8D30EA3AC500DC3AFCD0CD3A95
:10F5000034A1BF3A6B71B13AA341A33ADA11953AEB
:10F5100012E2863A9364713A0205553A71A5383A77
:10F52000E1451C3A9FCCFF397D0DC7395C4E8E39C1
:10F53000741E2B39C280663869D85D3889A9203994
:10F540007CEE84393288B939EA21EE39D15D113A3D
:10F55000ACAA2B3A88F7453A6444603A40917A3A2B
:10F560000E6F8A3A7B95973AE9BBA43A57E2B13AD3
:10F57000C408BF3A322FCC3AA055D93A0F7CE63AAC
:10F580007CA2F33A7564003BACF7063BE38A0D3B83
:10F59000191E143B50B11A3B8744213BBED7273B71
:10F5A000F56A2E3B2CFE343B63913B3B9A24423B55
:10F5B000D0B7483B074B4F3B3EDE553B75715C3B3C
:10F5C000AC04633B4A5B633B0F435D3BD32A573B31
:10F5D0009812513B5DFA4A3B21E2443BE7C93E3B6E
:10F5E000ABB1383B7099323B35812C3BFA68263BF6
:10F5F000BE50203B83381A3B4820143B0C080E3B7E
:10F60000D1EF073B96D7013BB67EF73A3F4EEB3A38
:10F61000C81DDF3A52EDD23ADCBCC63A658CBA3A24
:10F62000EF5BAE3A792BA23A01FB953A8BCA893A45
:10F6300029347B3A3CD3623A4F724A3A6311323AE8
:10F6400076B0193A884F013A37DDD1395D1BA139BF
:10F6500006B36039A45EFE38EF5CED3784FA3138CA
:10F660005FE206391E466139EFD49D39CE06CB39AB
:10F67000AE38F83946B5123A364E293A25E73F3AC0
:10F680001680563A05196D3AFAD8813A72258D3AA4
:10F69000EA71983A62BEA33AD90AAF3A5257BA3AD7
:10F6A000CAA3C53A41F0D03AB83CDC3A3189E73ACE
:10F6B000AAD5F23A2022FE3A4DB7043B885D0A3BB8
:10F6C000C403103B00AA153B3C501B3B77F6203B84
:10F6D000B49C263BF0422C3B2CE9313B688F373BF6
:10F6E000A3353D3BE0DB423B1B82483B57284E3B6A
:10F6F00093CE533BF0E1513B5FA54C3BCF68473B7A
:10F700003D2C423BADEF3C3B1CB3373B8B76323B51
:10F71000FA392D3B6AFD273BD8C0223B48841D3B6C
:10F72000B747183B260B133B95CE0D3B0492083B85
:10F730007455033BC531FC3AA4B8F13A813FE73A2E
:10F7400061C6DC3A3E4DD23A1CD4C73AFB5ABD3AA8
:10F75000D9E1B23AB768A83A96EF9D3A7476933AEF
:10F7600053FD883A60087D3A1D16683ADA23533A09
:10F7700096313E3A533F293A104D143A99B5FE3925
:10F7800011D1D4398BECAA3903088139FA462E39C4
:10F79000D8FBB438C99BD6360022583864B2033936
:10F7A000485C513917838F390858B639FB2CDD393D
:10F7B000F600023A6F6B153AE8D5283A62403C3AB7
:10F7C000DBAA4F3A5415633ACD7F763A23F5843A53
:10F7D0005FAA8E3A9C5F983AD814A23A15CAAB3AFF
:10F7E000527FB53A8E34BF3ACBE9C83A079FD23A36
:10F7F0004454DC3A8109E63ABDBEEF3AFA73F93A6D
:10F800009B94013B396F063BD7490B3B7624103B59
:10F8100014FF143BB2D9193B50B41E3BEF8E233B6F
:10F820008D69283B2B442D3BCA1E323B68F9363B81
:10F8300006D43B3BA4AE403B4389453B18C9413B02
:10F8400045493D3B70C9383B9D49343BC9C92F3BB5
:10F85000F6492B3B22CA263B4E4A223B7ACA1D3B25
:10F86000A64A193BD3CA143BFF4A103B2CCB0B3B97
:10F87000584B073B84CB023B6097FC3AB997F33A6D
:10F880001298EA3A6A98E13AC398D83A1A99CF3A64
:10F890007399C63ACC99BD3A259AB43A7D9AAB3A57
:10F8A000D69AA23A2E9B993A869B903ADF9B873A4A
:10F8B00070387D3A20396B3AD139593A833A473A10
:10F8C000343B353AE43B233A963C113A8E7AFE3982
:10F8D000EF7BDA39527DB639B47E92392D005D392D
:10F8E000F10215396A0B9A38230FA136608D7538ED
:10F8F0000F1E0039C5D84239BEC982391927A4392B
:10F900007584C539CFE1E639951F043A43CE143AE0
:10F91000F07C253A9E2B363A4BDA463AFA88573A2B
:10F92000A737683A54E6783A81CA843AD8218D3AA2
:10F930002F79953A86D09D3ADC27A63A337FAE3AA6
:10F940008AD6B63AE12DBF3A3785C73A8EDCCF3A30
:10F95000E533D83A3D8BE03A93E2E83AEA39F13AB6
:10F960004091F93A4BF4003BF71F053BA34B093B91
:10F970004E770D3BF9A2113BA5CE153B50FA193B32
:10F98000FB251E3BA751223B527D263BFEA82A3B6E
:10F99000A9D42E3B5400333B002C373B2DDE333BA8
:10F9A0008400303BDB222C3B3145283B8867243BDD
:10F9B000DF89203B36AC1C3B8DCE183BE4F0143B7A
:10F9C0003B13113B91350D3BE857093B3F7A053B13
:10F9D000969C013BD87DFB3A86C2F33A3407EC3A59
:10F9E000E24BE43A8F90DC3A3DD5D43AEB19CD3A6C
:10F9F000975EC53A45A3BD3AF3E7B53AA12CAE3AB6
:10FA00004F71A63AFCB59E3AAAFA963A573F8F3AFA
:10FA10000484873A65917F3ABF1A703A1BA4603A12
:10FA2000762D513AD2B6413A2C40323A88C9223A20
:10FA3000E352133A3EDC033A33CBE839EADDC93905
:10FA4000A0F0AA3957038C391B2C5A3987511C391D
:10FA5000E8EDBC3883710238CE4D55382A52DD3876
:10FA6000B6FE273959546139FD548D39CEFFA93975
:10FA70009EAAC6396F55E3392000003A88550E3AE0
:10FA8000F1AA1C3A5A002B3AC155393A2AAB473AE7
:10FA90009200563AFB55643A63AB723A6680803AFC
:10FAA0001AAB873ACED58E3A8300963A372B9D3AD9
:10FAB000EB55A43A9F80AB3A53ABB23A08D6B93A69
:10FAC000BC00C13A702BC83A2356CF3AD980D63AF7
:10FAD0008CABDD3A40D6E43AF500EC3AA92BF33A88
:10FAE0005D56FA3A88C0003BE355043B3DEB073BCB
:10FAF00097800B3BF1150F3B4BAB123BA540163BE0
:10FB0000FFD5193B5A6B1D3BB400213B0E96243B9D
:10FB1000682B283B0B7D283BB82A253B64D8213B2A
:10FB200010861E3BBD331B3B69E1173B168F143B10
:10FB3000C23C113B6FEA0D3B1C980A3BC845073B92
:10FB400074F3033B21A1003B9B9DFA3AF4F8F33A8E
:10FB50004C54ED3AA6AFE63AFF0AE03A5766D93A76
:10FB6000B1C1D23A091DCC3A6378C53ABCD3BE3A8A
:10FB7000142FB83A6E8AB13AC7E5AA3A1F41A43A9F
:10FB8000799C9D3AD2F7963A2B53903A83AE893AB4
:10FB9000DD09833A6BCA783A1D816B3ACF375E3AFA
:10FBA00080EE503A33A5433AE55B363A9712293A4C
:10FBB00049C91B3AFB7F0E3AAD36013ABDDAE73947
:10FBC0002248CD3985B5B239E92298399B207B3955
:10FBD00063FB45392BD61039E561B738EB2E1A385F
:10FBE000FA51BA37D21A913824A1F338BB132B3902
:10FBF000E5565C3907CD86399C6E9F393110B8398E
:10FC0000C6B1D0395A53E93978FA003A424B0D3A25
:10FC10000C9C193AD7EC253AA03D323A6B8E3E3A0D
:10FC200036DF4A3A0030573ACB80633A95D16F3A83
:10FC30005F227C3A9539843AFA618A3A5F8A903A2F
:10FC4000C4B2963A2ADB9C3A8F03A33AF42BA93A22
:10FC50005A54AF3ABE7CB53A23A5BB3A89CDC13AD6
:10FC6000EEF5C73A541ECE3AB846D43A1D6FDA3A8A
:10FC70008397E03AE8BFE63A4CE8EC3AB210F33A40
:10FC80001739F93A7D61FF3AF1C4023B23D9053BAC
:10FC900056ED083B89010C3BBB150F3BEE29123B8F
:10FCA000203E153B5352183B86661B3B7DD91C3BBF
:10FCB000E1FE193B4524173BAA49143B0E6F113B4B
:10FCC00072940E3BD6B90B3B3BDF083B9F04063BCF
:10FCD000032A033B684F003B97E9FA3A6034F53A50
:10FCE000287FEF3AF1C9E93AB914E43A815FDE3A84
:10FCF0004AAAD83A13F5D23ADB3FCD3AA38AC73A9B
:10FD00006BD5C13A3520BC3AFD6AB63AC5B5B03AB2
:10FD10008D00AB3A574BA53A1F969F3AE7E0993AC8
:10FD2000B02B943A79768E3A41C1883A090C833ADD
:10FD3000A3AD7A3A35436F3AC5D8633A576E583A0D
:10FD4000E7034D3A7899413A092F363A9AC42A3A4C
:10FD50002A5A1F3ABCEF133A4D85083ABC35FA3996
:10FD6000DE60E339FF8BCC3921B7B53943E29E39E8
:10FD7000650D88390D71623951C73439951D0739C0
:10FD8000B1E7B23872282F38810A3A3728D157386C
:10FD9000D78FC0388D9B0A392FEF3439D1425F3964
:10FDA00039CB84390AF59939DB1EAF39AC48C439EF
:10FDB0007D72D9394E9CEE390FE3013AF8770C3A4F
:10FDC000E00C173AC8A1213AB1362C3A99CB363A11
:10FDD0008260413A6AF54B3A538A563A3B1F613A80
:10FDE00024B46B3A0C49763AFA6E803A6EB9853A89
:10FDF000E3038B3A574E903ACB98953A40E39A3AC0
:10FE0000B32DA03A2878A53A9CC2AA3A100DB03A70
:10FE10008457B53AF9A1BA3A6DECBF3AE136C53A22
:10FE20005581CA3ACACBCF3A3E16D53AB260DA3AD1
:10FE300026ABDF3A9BF5E43A0F40EA3A838AEF3A81
:10FE4000F7D4F43A6C1FFA3AE069FF3A2A5A023BB7
:10FE500064FF043B9EA4073BD8490A3B12EF0C3BCE
:10FE60004C940F3BFC03123B3D900F3B7E1C0D3B23
:10FE7000BFA80A3B0035083B41C1053B824D033B0F
:10FE8000C3D9003B08CCFC3A8BE4F73A0CFDF23ABC
:10FE90008F15EE3A112EE93A9346E43A165FDF3AAF
:10FEA0009777DA3A1A90D53A9CA8D03A1EC1CB3A45
:10FEB000A0D9C63A22F2C13AA40ABD3A2723B83AD9
:10FEC000A93BB33A2B54AE3AAD6CA93A2F85A43A6C
:10FED000B29D9F3A33B69A3AB6CE953A38E7903A01
:10FEE000BAFF8B3A3C18873ABE30823A80927A3A0F
:10FEF00084C3703A89F4663A8E255D3A9256533A35
:10FF00009687493A9AB83F3A9FE9353AA31A2C3A6C
:10FF1000A74B223AAB7C183AB0AD0E3AB4DE043AA5
:10FF2000701FF6397981E23981E3CE398A45BB39D0
:10FF300093A7A7399B099439A46B8039599B5939E8
:10FF4000695F32397B230B3918CFC73875AE7238E9
:10FF5000747DAB3776FEBE35447017384B749438D9
:10FF60007430DD384EF612396254373977B25B3966
:10FF700045088039503792395A66A4396395B639A5
:10FF80006EC4C83978F3DA398222ED398D51FF39E0
:10FF90004CC0083AD1D7113A56EF1A3ADA06243A49
:10FFA0005F1E2D3AE435363A6A4D3F3AEF64483ADF
:10FFB000747C513AF9935A3A7EAB633A03C36C3A74
:10FFC00089DA753A0DF27E3AC904843A8C90883AFF
:10FFD0004E1C8D3A10A8913AD333963A95BF9A3A6F
:10FFE000584B9F3A1BD7A33ADE62A83AA0EEAC3A30
:10FFF000637AB13A2506B63AE891BA3AAA1DBF3AF1
:020000040802F0
:100000006CA9C33A2F35C83AF1C0CC3AB44CD13AB6
:1000100076D8D53A3A64DA3AFCEFDE3ABF7BE33A77
:100020008107E83A4393EC3A061FF13AC8AAF53A39
:100030008B36FA3A4DC2FE3A08A7013BE9EC033B86
:10004000CB32063B0A7C063BAC60043B4F45023B8F
:10005000F129003B271DFC3A6CE6F73AB2AFF33AC0
:10006000F778EF3A3B42EB3A810BE73AC6D4E23AF3
:100070000A9EDE3A5067DA3A9530D63AD9F9D13A43
:100080001EC3CD3A648CC93AA855C53AED1EC13A93
:1000900033E8BC3A78B1B83ABC7AB43A0244B03AE0
:1000A000470DAC3A8BD6A73AD09FA33A16699F3A30
:1000B0005A329B3A9FFB963AE5C4923A298E8E3A81
:1000C0006E578A3AB320863AF9E9813A7A667B3AE2
:1000D00005F9723A8F8B6A3A191E623AA3B0593AFF
:1000E0002C43513AB7D5483A4168403ACBFA373AAF
:1000F000558D2F3ADE1F273A69B21E3AF344163A5D
:100100007CD70D3A066A053A22F9F939351EE939E4
:100110004943D8395D68C739728DB63985B2A5397A
:1001200099D79439ADFC833982436639AA8D443915
:10013000D1D72239FA21013944D8BE3827D97638A7
:100140008E03E037EACB623738B03538BA56993883
:1001500059D5D738FC290B394B692A399AA849391E
:10016000EAE768399D13843944B39339EB52A339D4
:1001700093F2B2393B92C239E331D2398AD1E139B3
:100180003271F1396D88003A4158083A1428103A12
:10019000E9F7173ABCC71F3A9097273A64672F3A96
:1001A0003737373A0C073F3ADFD6463AB2A64E3ACF
:1001B0008776563A5A465E3A2F16663A02E66D3A06
:1001C000D6B5753AA9857D3ABFAA823AA992863AF0
:1001D000937A8A3A7C628E3A674A923A5132963AD8
:1001E0003A1A9A3A24029E3A0EEAA13AF8D1A53A6E
:1001F000E2B9A93ACCA1AD3AB689B13A9F71B53A04
:100200008A59B93A7441BD3A5D29C13A4711C53A94
:1002100031F9C83A1BE1CC3A05C9D03AEFB0D43A2B
:10022000D998D83AC380DC3AAD68E03A9750E43ABE
:100230008038E83A6A20EC3A5508F03A3EF0F33A52
:1002400028D8F73AC979FA3AEEDAF63A133CF33A93
:10025000389DEF3A5DFEEB3A825FE83AA7C0E43A98
:10026000CC21E13AF182DD3A16E4D93A3B45D63A5F
:1002700060A6D23A8507CF3AAA68CB3ACFC9C73A27
:10028000F42AC43A198CC03A3EEDBC3A624EB93AEF
:1002900087AFB53AAC10B23AD171AE3AF6D2AA3ABB
:1002A0001B34A73A4095A33A65F69F3A8A579C3A81
:1002B000AFB8983AD419953AF97A913A1EDC8D3A4A
:1002C000433D8A3A689E863A8DFF823A64C17E3AFF
:1002D000AE83773AF845703A4208693A8CCA613A77
:1002E000D68C5A3A204F533A6A114C3AB4D3443A16
:1002F000FE953D3A4758363A911A2F3ADBDC273AB9
:10030000259F203A6F61193AB923123A02E60A3A58
:100310004CA8033A2DD5F839C159EA3955DEDB39F5
:10032000E962CD397DE7BE39116CB039A4F0A1394D
:1003300038759339CCF98439BFFC6C39E7055039ED
:100340000F0F333936181639BB42F2380B55B8380F
:10035000B5CE7C3853F3083891BFA836FB7C913674
:10036000EA27FB374BF86838502EAA387CE0DF3894
:1003700053C90A3969A225397E7B403993545B39C8
:10038000A92D76395F838839EAEF9539755CA339F1
:10039000FFC8B0398A35BE3915A2CB399F0ED9397D
:1003A0002A7BE639B6E7F33920AA003A6560073AB6
:1003B000AB160E3AF0CC143A36831B3A7B39223A0C
:1003C000C0EF283A06A62F3A4B5C363A90123D3AD7
:1003D000D6C8433A1B7F4A3A6035513AA6EB573AA2
:1003E000EBA15E3A3058653A760E6C3ABBC4723A6D
:1003F000007B793AA318803AC673833AE8CE863AEE
:100400000B2A8A3A2E858D3A50E0903A733B943A03
:100410009696973AB8F19A3ADB4C9E3AFEA7A13AE3
:100420002003A53A435EA83A66B9AB3A8814AF3ABE
:10043000AB6FB23ACECAB53AF025B93A1381BC3A9D
:1004400036DCBF3A5837C33A7B92C63A9EEDC93A7A
:10045000C048CD3AE3A3D03A06FFD33A285AD73A58
:100460004BB5DA3A6E10DE3A906BE13AB3C6E43A35
:10047000D621E83AE232E63A8516E33A28FADF3A3C
:10048000CBDDDC3A6EC1D93A11A5D63AB388D33A5E
:10049000576CD03AFA4FCD3A9D33CA3A4017C73A13
:1004A000E3FAC33A86DEC03A29C2BD3ACCA5BA3ACD
:1004B0006F89B73A126DB43AB550B13A5834AE3A82
:1004C000FB17AB3A9EFBA73A41DFA43AE4C2A13A3C
:1004D00087A69E3A2A8A9B3ACD6D983A7051953AF2
:1004E0001335923AB6188F3A59FC8B3AFCDF883AAA
:1004F0009FC3853A42A7823AC9157F3A11DD783AFF
:1005000056A4723A9D6B6C3AE232663A28FA5F3A28
:100510006EC1593AB388533AFA4F4D3A4017473AA9
:1005200086DE403ACCA53A3A126D343A58342E3A27
:100530009EFB273AE4C2213A2A8A1B3A7051153AA7
:10054000B6180F3AFCDF083A42A7023A11DDF83933
:100550009D6BEC3928FADF39B388D3394017C73996
:10056000CCA5BA395834AE39E4C2A13970519539A5
:10057000FCDF883911DD783928FA5F3940174739AF
:1005800058342E397051153911DDF8384017C738F5
:1005900070519538401747384017C7370000120090
:1005A000250038004B005E00700083009600A90013
:1005B000BC00CF00E200F50009011E0135014E012B
:1005C00069018701A701C901EE01150240026F020E
:1005D000A002D5020F034E039203DB032A047F041B
:1005E000DA043C05A605190695061B07AB070100B2
:1005F0000A0013001D0026003000390042004C00A4
:1006000055005F00680072007B0085008F009A0033
:10061000A600B300C100D100E100F30006011A01F9
:100620003101490162017E019C01BD01E001060228
:100630002F025B028A02BD02F40230037003000045
:1006400000000000DEE91D36C6E91D37D1A6B1372E
:1006500064E91D383BBC7638DAA5B138C8CBF1382F
:10066000DFE71D39C7D8473984B876397B439539D8
:1006700000A2B139BF77D039A5C4F1394EC40A3AC6
:10068000C8E11D3AB53A323A07CF473AB29E5E3AD0
:10069000A7A9763AECF7873A9A38953AD616A33A4C
:1006A0009892B13AD6ABC03A8762D03AA1B6E03A56
:1006B0001AA8F13A749B013B80B10A3B2C16143BFB
:1006C00071C91D3B49CB273BAF1B323B9DBA3C3B1D
:1006D0000AA8473BF2E3523B4C6E5E3B12476A3B33
:1006E0003C6E763BE271813BD0D3873BE55C8E3B31
:1006F0001D0D953B73E49B3BE3E2A23B6A08AA3BDA
:100700000255B13BA7C8B83B5563C03B0625C83B63
:10071000B60DD03B611DD83B0154E03B90B1E83BA6
:100720000B36F13B6BE1F93BD659013C64D6053CF5
:100730005C660A3CBD090F3C82C0133CA98A183C88
:1007400030681D3C1359223C4F5D273CE0742C3C23
:10075000C59F313CF9DD363C7A2F3C3C4494413C0A
:10076000540C473CA6974C3C3736523C04E8573C67
:1007700009AD5D3C4285633CAC70693C436F6F3CA6
:100780000481753CEBA57B3CFAEE803C8D14843CE7
:10079000AE43873C5A7C8A3C8FBE8D3C4B0A913CD1
:1007A0008C5F943C51BE973C96269B3C5A989E3C4D
:1007B0009C13A23C5798A53C8C26A93C36BEAC3C69
:1007C000555FB03CE509B43CE5BDB73C527BBB3C52
:1007D0002A42BF3C6B12C33C12ECC63C1DCFCA3C44
:1007E0008ABBCE3C55B1D23C7EB0D63C00B9DA3C97
:1007F000DACADE3C0AE6E23C8C0AE73C5E38EB3CB7
:100800007E6FEF3CE8AFF33C9BF9F73C934CFC3C2C
:100810006754003D2587023D82BE043D7CFA063DBB
:10082000123B093D43800B3D0DCA0D3D6F18103D35
:10083000676B123DF5C2143D161F173DC97F193D68
:100840000CE51B3DDF4E1E3D3FBD203D2C30233DC2
:10085000A3A7253DA323283D2BA42A3D39292D3DBF
:10086000CCB22F3DE140323D78D3343D8E6A373DE6
:1008700023063A3D34A63C3DC04A3F3DC6F3413DC8
:1008800043A1443D3653473D9E094A3D78C44C3D03
:10089000C3834F3D7D47523DA60F553D3ADC573D42
:1008A00038AD5A3D9E825D3D6B5C603D9E3A633D36
:1008B000331D663D2A04693D80EF6B3D34DF6E3D9C
:1008C00044D3713DAECB743D70C8773D89C97A3D44
:1008D000F6CE7D3D5B6C803D64F3813D947C833D31
:1008E000EA07853D6795863D0725883DCCB6893D5D
:1008F000B34A8B3DBCE08C3DE6788E3D2F13903D96
:1009000097AF913D1D4E933DC0EE943D7F91963D36
:100910005836983D4BDD993D57869B3D7B319D3D3B
:10092000B5DE9E3D058EA03D693FA23DE2F2A33DAE
:100930006CA8A53D0860A73DB519A93D71D5AA3D94
:100940003B93AC3D1253AE3DF614B03DE4D8B13DFF
:10095000DD9EB33DDE66B53DE730B73DF7FCB83D03
:100960000CCBBA3D269BBC3D436DBE3D6241C03DB4
:100970008217C23DA2EFC33DC1C9C53DDEA5C73D3B
:10098000F783C93D0B64CB3D1A46CD3D222ACF3DAE
:100990002110D13D18F8D23D03E2D43DE4CDD63D3F
:1009A000B7BBD83D7CABDA3D329DDC3DD890DE3D17
:1009B0006C86E03DED7DE23D5A77E43DB172E63D67
:1009C000F36FE83D1C6FEA3D2D70EC3D2373EE3D67
:1009D000FE77F03DBC7EF23D5D87F43DDE91F63D55
:1009E0003F9EF83D7EACFA3D9ABCFC3D91CEFE3D6B
:1009F0003271003E087C013EC987023E7694033E78
:100A00000EA2043E90B0053EFBBF063E4ED0073E10
:100A10008AE1083EADF3093EB7060B3EA71A0C3E2D
:100A20007D2F0D3E37450E3ED55B0F3E5673103E73
:100A3000BB8B113E01A5123E29BF133E31DA143E95
:100A40001AF6153EE112173E8830183E0C4F193E3B
:100A50006E6E1A3EAC8E1B3EC6AF1C3EBBD11D3E19
:100A60008BF41E3E3418203EB73C213E1262223EDB
:100A70004488233E4EAF243E2DD7253EE3FF263E3D
:100A80006D29283ECB53293EFC7E2A3E01AB2B3EEE
:100A9000D7D72C3E7E052E3EF6332F3E3E63303EAA
:100AA0005493313E39C4323EECF5333E6B28353E2B
:100AB000B65B363ECD8F373EAEC4383E59FA393E2E
:100AC000CE303B3E0A683C3E0FA03D3EDAD83E3E6B
:100AD0006B12403EC14C413EDC87423EBBC3433EAD
:100AE0005D00453EC23D463EE87B473ECEBA483EAD
:100AF00075FA493EDB3A4B3EFF7B4C3EE1BD4D3E35
:100B000080004F3EDB43503EF287513EC3CC523E05
:100B10004E12543E9158553E8E9F563E41E7573EE9
:100B2000AB2F593ECB785A3EA0C25B3E2A0D5D3EAC
:100B300066585E3E56A45F3EF7F0603E4A3E623E17
:100B40004C8C633EFFDA643E5F2A663E6E7A673EF7
:100B50002ACB683E921C6A3EA56E6B3E63C16C3E1A
:100B6000CB146E3EDB686F3E94BD703EF412723E55
:100B7000FB68733EA8BF743EF916763EEE6E773E74
:100B800086C7783EC1207A3E9E7A7B3E1BD57C3E4E
:100B900038307E3EF38B7F3E2774803EA322813E19
:100BA0006DD1813E8480823EEA2F833E9CDF833E6E
:100BB0009B8F843EE63F853E7CF0853E5EA1863E6F
:100BC0008B52873E0204883EC4B5883ECF67893E7B
:100BD000231A8A3EBFCC8A3EA47F8B3ED1328C3E04
:100BE00046E68C3E019A8D3E034E8E3E4B028F3E72
:100BF000D9B68F3EAC6B903EC320913E20D6913E3D
:100C0000C08B923EA441933ECAF7933E34AE943ECD
:100C1000DF64953ECD1B963EFBD2963E6B8A973E97
:100C20001B42983E0BFA983E3AB2993EA96A9A3E08
:100C300056239B3E42DC9B3E6B959C3ED24E9D3E96
:100C400075089E3E55C29E3E717C9F3EC936A03EB1
:100C50005BF1A03E28ACA13E3067A23E7122A33ECC
:100C6000EBDDA33E9E99A43E8A55A53EAE11A63E5D
:100C700009CEA63E9B8AA73E6347A83E6204A93ED2
:100C800096C1A93E007FAA3E9E3CAB3E71FAAB3EA8
:100C900077B8AC3EB176AD3E1D35AE3EBDF3AE3E4F
:100CA0008EB2AF3E9071B03EC430B13E28F0B13E3E
:100CB000BDAFB23E816FB33E752FB43E97EFB43EE9
:100CC000E7AFB53E6670B63E1131B73EEAF1B73ECA
:100CD000EFB2B83E2074B93E7D35BA3E04F7BA3E55
:100CE000B6B8BB3E937ABC3E993CBD3EC8FEBD3E05
:100CF00020C1BE3EA083BF3E4846C03E1709C13E4C
:100D00000DCCC13E298FC23E6C52C33ED415C43EA9
:100D100060D9C43E119DC53EE760C63EDF24C73E94
:100D2000FBE8C73E3AADC83E9A71C93E1C36CA3E82
:100D3000C0FACA3E84BFCB3E6884CC3E6C49CD3EEF
:100D4000900ECE3ED2D3CE3E3299CF3EB15ED03E53
:100D50004C24D13E05EAD13EDAAFD23ECB75D33E2C
:100D6000D73BD43EFF01D53E41C8D53E9D8ED63EF1
:100D70001355D73EA11BD83E49E2D83E08A9D93E1B
:100D8000DF6FDA3ECD36DB3ED2FDDB3EEDC4DC3E2E
:100D90001E8CDD3E6553DE3EBF1ADF3E2FE2DF3E96
:100DA000B2A9E03E4871E13EF138E23EAD00E33EDB
:100DB0007AC8E33E5990E43E4958E53E4920E63E74
:100DC00059E8E63E79B0E73EA878E83EE540E93EDE
:100DD0003009EA3E89D1EA3EEF99EB3E6162EC3E92
:100DE000DF2AED3E6AF3ED3EFFBBEE3E9F84EF3E11
:100DF000494DF03EFD15F13EB9DEF13E7FA7F23ED2
:100E00004D70F33E2339F43E0002F53EE3CAF53E51
:100E1000CD93F63EBD5CF73EB225F83EACEEF83E13
:100E2000ABB7F93EAD80FA3EB249FB3EBB12FC3E89
:100E3000C6DBFC3ED3A4FD3EE16DFE3EF036FF3E38
:100E40000000003F8864003F10C9003F972D013F1C
:100E50001D92013FA3F6013F275B023FAABF023F5D
:100E60002B24033FAA88033F27ED033FA151043FF2
:100E700019B6043F8E1A053F007F053F6FE3053F1B
:100E8000D947063F40AC063FA310073F0275073F16
:100E90005CD9073FB13D083F01A2083F4B06093F1F
:100EA000906A093FD0CE093F09330A3F3C970A3F79
:100EB00068FB0A3F8E5F0B3FACC30B3FC4270C3F60
:100EC000D38B0C3FDBEF0C3FDC530D3FD3B70D3F13
:100ED000C31B0E3FAA7F0E3F87E30E3F5C470F3FC9
:100EE00027AB0F3FE90E103FA072103F4ED6103FC8
:100EF000F139113F899D113F1701123F9964123F4B
:100F000010C8123F7C2B133FDC8E133F2FF2133F90
:100F10007755143FB1B8143FE01B153F017F153FD3
:100F200014E2153F1B45163F13A8163FFE0A173F54
:100F3000DA6D173FA8D0173F6733183F1796183F51
:100F4000B8F8183F4A5B193FCCBD193F3E201A3F05
:100F5000A0821A3FF2E41A3F33471B3F63A91B3FAD
:100F6000820B1C3F906D1C3F8DCF1C3F77311D3F86
:100F700050931D3F16F51D3FCA561E3F6BB81E3FCE
:100F8000F9191F3F757B1F3FDCDC1F3F303E203FC0
:100F9000709F203F9C00213FB461213FB7C2213F99
:100FA000A523223F7E84223F42E5223FF045233F96
:100FB00088A6233F0B07243F7767243FCDC7243FF4
:100FC0000C28253F3588253F46E8253F3F48263FEA
:100FD00022A8263FEC07273F9E67273F38C7273FB9
:100FE000B926283F2286283F71E5283FA844293F9B
:100FF000C5A3293FC8022A3FB1612A3F80C02A3FCA
:10100000351F2B3FCF7D2B3F4EDC2B3FB33A2C3F80
:10101000FC982C3F29F72C3F3B552D3F31B32D3FFA
:101020000A112E3FC86E2E3F68CC2E3FEC292F3F71
:1010300052872F3F9CE42F3FC741303FD59E303F22
:10104000C5FB303F9758313F4AB5313FDF11323F42
:10105000556E323FABCA323FE326333FFB82333F0C
:10106000F3DE333FCB3A343F8296343F1AF2343FBB
:10107000904D353FE6A8353F1B04363F2E5F363F87
:1010800020BA363FF014373F9E6F373F2ACA373FAA
:101090009424383FDB7E383FFFD8383F0033393F58
:1010A000DD8C393F97E6393F2E403A3FA0993A3FD1
:1010B000EFF23A3F194C3B3F1EA53B3FFFFD3B3F44
:1010C000BA563C3F51AF3C3FC2073D3F0D603D3FEC
:1010D00033B83D3F32103E3F0B683E3FBEBF3E3F00
:1010E0004A173F3FAF6E3F3FEDC53F3F031D403FB7
:1010F000F273403FB9CA403F5921413FD077413F49
:101100001ECE413F4524423F427A423F16D0423FE5
:10111000C125433F437B433F9BD0433FC925443FC9
:10112000CD7A443FA7CF443F5724453FDC78453F25
:1011300036CD453F6421463F6875463F40C9463F2E
:10114000ED1C473F6E70473FC2C3473FEB16483F19
:10115000E669483FB6BC483F580F493FCD61493F1B
:1011600015B4493F30064A3F1D584A3FDCA94A3F63
:101170006DFB4A3FCF4C4B3F049E4B3F09EF4B3F2B
:10118000E03F4C3F88904C3F00E14C3F49314D3FA0
:1011900063814D3F4CD14D3F06214E3F90704E3FF5
:1011A000E9BF4E3F110F4F3F095E4F3FD0AC4F3F5D
:1011B00065FB4F3FCA49503FFC97503FFDE5503F0C
:1011C000CD33513F6A81513FD4CE513F0D1C523F28
:1011D0001269523FE5B5523F8502533FF24E533FED
:1011E0002B9B533F31E7533F0233543FA07E543F84
:1011F0000ACA543F4015553F4160553F0DAB553F1E
:10120000A5F5553F0740563F358A563F2DD4563FEA
:10121000EF1D573F7C67573FD2B0573FF3F9573F19
:10122000DD42583F918B583F0FD4583F551C593FD2
:101230006564593F3DAC593FDEF3593F483B5A3F47
:101240007A825A3F74C95A3F36105B3FC0565B3FA3
:10125000119D5B3F2AE35B3F0B295C3FB26E5C3F15
:1012600021B45C3F56F95C3F523E5D3F15835D3FC4
:101270009DC75D3FEC0B5E3F01505E3FDC935E3FE0
:101280007DD75E3FE21A5F3F0E5E5F3FFEA05F3F8D
:10129000B4E35F3F2E26603F6D68603F70AA603FF9
:1012A00038EC603FC42D613F146F613F28B0613F4F
:1012B00000F1613F9C31623FFA71623F1CB2623FB4
:1012C00002F2623FAA31633F1571633F42B0633F50
:1012D00033EF633FE52D643F5A6C643F90AA643F4F
:1012E00089E8643F4426653FC063653FFDA0653FD4
:1012F000FCDD653FBC1A663F3D57663F7F93663F06
:1013000081CF663F440B673FC846673F0C82673F0B
:1013100010BD673FD4F7673F5832683F9B6C683F0A
:101320009FA6683F61E0683FE319693F2453693F26
:10133000248C693FE3C4693F61FD693F9E356A3F84
:10134000996D6A3F52A56A3FC9DC6A3FFF136B3F44
:10135000F24A6B3FA4816B3F13B86B3F3FEE6B3F8C
:1013600029246C3FD1596C3F358F6C3F57C46C3F7B
:1013700035F96C3FD02D6D3F28626D3F3C966D3F37
:101380000DCA6D3F9AFD6D3FE3306E3FE8636E3FDF
:10139000AA966E3F27C96E3F5FFB6E3F532D6F3F8E
:1013A000035F6F3F6E906F3F94C16F3F75F26F3F69
:1013B0001123703F6753703F7983703F45B3703F8F
:1013C000CCE2703F0D12713F0841713FBD6F713F1C
:1013D0002D9E713F56CC713F39FA713FD627723F2F
:1013E0002D55723F3C82723F06AF723F88DB723FE1
:1013F000C407733FB933733F665F733FCD8A733F52
:10140000ECB5733FC4E0733F540B743F9D35743F9C
:101410009E5F743F5789743FC9B2743FF2DB743FDB
:10142000D304753F6C2D753FBD55753FC67D753F27
:1014300086A5753FFDCC753F2CF4753F121B763F9A
:10144000AF41763F0368763F0F8E763FD1B3763F4C
:101450004AD9763F79FE763F5F23773FFC47773F57
:101460004F6C773F5890773F18B4773F8ED7773FD0
:10147000BAFA773F9B1D783F3340783F8162783FCF
:101480008484783F3DA6783FACC7783FD0E8783F6A
:10149000A909793F382A793F7C4A793F756A793FB3
:1014A000248A793F87A9793F9FC8793F6DE7793FC3
:1014B000EF057A3F25247A3F11427A3FB15F7A3FA8
:1014C000057D7A3F0E9A7A3FCCB67A3F3DD37A3F7C
:1014D00063EF7A3F3D0B7B3FCB267B3F0D427B3F4B
:1014E000045D7B3FAE777B3F0C927B3F1DAC7B3F27
:1014F000E3C57B3F5CDF7B3F88F87B3F68117C3F27
:10150000FC297C3F43427C3F3D5A7C3FEB717C3F52
:101510004C897C3F60A07C3F27B77C3FA1CD7C3FBE
:10152000CFE37C3FAFF97C3F420F7D3F88247D3F76
:1015300081397D3F2C4E7D3F8B627D3F9C767D3F88
:101540005F8A7D3FD59D7D3FFEB07D3FD9C37D3F06
:1015500067D67D3FA6E87D3F99FA7D3F3D0C7E3FF3
:10156000941D7E3F9D2E7E3F583F7E3FC54F7E3F60
:10157000E55F7E3FB66F7E3F397F7E3F6F8E7E3F59
:10158000569D7E3FEFAB7E3F3ABA7E3F37C87E3FE7
:10159000E6D57E3F46E37E3F58F07E3F1CFD7E3F12
:1015A00092097F3FB9157F3F92217F3F1C2D7F3FDE
:1015B00058387F3F45437F3FE44D7F3F35587F3F5D
:1015C00037627F3FEA6B7F3F4E757F3F657E7F3F8F
:1015D0002C877F3FA58F7F3FCF977F3FAA9F7F3F7D
:1015E00037A77F3F75AE7F3F64B57F3F04BC7F3F29
:1015F00056C27F3F58C87F3F0CCE7F3F71D37F3F9D
:1016000088D87F3F4FDD7F3FC7E17F3FF1E57F3FD8
:10161000CCE97F3F58ED7F3F94F07F3F82F37F3FDF
:1016200022F67F3F72F87F3F73FA7F3F25FC7F3FB2
:1016300088FD7F3F9DFE7F3F62FF7F3FD9FF7F3F59
:101640000000803FD9FF7F3F62FF7F3F9DFE7F3FCD
:1016500088FD7F3F25FC7F3F73FA7F3F72F87F3F15
:1016600022F67F3F82F37F3F94F07F3F58ED7F3F2C
:10167000CCE97F3FF1E57F3FC7E17F3F4FDD7F3F13
:1016800088D87F3F71D37F3F0CCE7F3F58C87F3FC4
:1016900056C27F3F04BC7F3F64B57F3F75AE7F3F3E
:1016A00037A77F3FAA9F7F3FCF977F3FA58F7F3F81
:1016B0002C877F3F657E7F3F4E757F3FEA6B7F3F84
:1016C00037627F3F35587F3FE44D7F3F45437F3F43
:1016D00058387F3F1C2D7F3F92217F3FB9157F3FB8
:1016E00092097F3F1CFD7E3F58F07E3F46E37E3FE0
:1016F000E6D57E3F37C87E3F3ABA7E3FEFAB7E3FAE
:10170000569D7E3F6F8E7E3F397F7E3FB66F7E3F18
:10171000E55F7E3FC54F7E3F583F7E3F9D2E7E3F1B
:10172000941D7E3F3D0C7E3F99FA7D3FA6E87D3FAC
:1017300067D67D3FD9C37D3FFEB07D3FD59D7D3FC0
:101740005F8A7D3F9C767D3F8B627D3F2C4E7D3F47
:1017500081397D3F88247D3F420F7D3FAFF97C3F3B
:10176000CFE37C3FA1CD7C3F27B77C3F60A07C3F8F
:101770004C897C3FEB717C3F3D5A7C3F43427C3F30
:10178000FC297C3F68117C3F88F87B3F5CDF7B3F16
:10179000E3C57B3F1DAC7B3F0C927B3FAE777B3F2D
:1017A000045D7B3F0D427B3FCB267B3F3D0B7B3F68
:1017B00063EF7A3F3DD37A3FCCB67A3F0E9A7A3FB9
:1017C000057D7A3FB15F7A3F11427A3F25247A3F07
:1017D000EF057A3F6DE7793F9FC8793F87A9793F49
:1017E000248A793F756A793F7C4A793F382A793F64
:1017F000A909793FD0E8783FACC7783F3DA6783F4C
:101800008484783F8162783F3340783F9B1D783FE6
:10181000BAFA773F8ED7773F18B4773F5890773F23
:101820004F6C773FFC47773F5F23773F79FE763FEA
:101830004AD9763FD1B3763F0F8E763F0368763F25
:10184000AF41763F121B763F2CF4753FFDCC753FC0
:1018500086A5753FC67D753FBD55753F6C2D753F9F
:10186000D304753FF2DB743FC9B2743F5789743FAC
:101870009E5F743F9D35743F540B743FC4E0733FCB
:10188000ECB5733FCD8A733F665F733FB933733FE7
:10189000C407733F88DB723F06AF723F3C82723FE2
:1018A0002D55723FD627723F39FA713F56CC713FA2
:1018B0002D9E713FBD6F713F0841713F0D12713F09
:1018C000CCE2703F45B3703F7983703F6753703F00
:1018D0001123703F75F26F3F94C16F3F6E906F3F61
:1018E000035F6F3F532D6F3F5FFB6E3F27C96E3F16
:1018F000AA966E3FE8636E3FE3306E3F9AFD6D3F00
:101900000DCA6D3F3C966D3F28626D3FD02D6D3FF7
:1019100035F96C3F57C46C3F358F6C3FD1596C3FE4
:1019200029246C3F3FEE6B3F13B86B3FA4816B3FA4
:10193000F24A6B3FFF136B3FC9DC6A3F52A56A3F17
:10194000996D6A3F9E356A3F61FD693FE3C4693F17
:10195000248C693F2453693FE319693F61E0683F84
:101960009FA6683F9B6C683F5832683FD4F7673F3B
:1019700010BD673F0C82673FC846673F440B673F17
:1019800081CF663F7F93663F3D57663FBC1A663FF7
:10199000FCDD653FFDA0653FC063653F4426653FB4
:1019A00089E8643F90AA643F5A6C643FE52D643F28
:1019B00033EF633F42B0633F1571633FAA31633F2A
:1019C00002F2623F1CB2623FFA71623F9C31623F99
:1019D00000F1613F28B0613F146F613FC42D613F4A
:1019E00038EC603F70AA603F6D68603F2E26603F14
:1019F000B4E35F3FFEA05F3F0E5E5F3FE21A5F3FD2
:101A00007DD75E3FDC935E3F01505E3FEC0B5E3F57
:101A10009DC75D3F15835D3F523E5D3F56F95C3F7C
:101A200021B45C3FB26E5C3F0B295C3F2AE35B3F15
:101A3000119D5B3FC0565B3F36105B3F74C95A3FF8
:101A40007A825A3F483B5A3FDEF3593F3DAC593FFB
:101A50006564593F551C593F0FD4583F918B583FEF
:101A6000DD42583FF3F9573FD2B0573F7C67573FAD
:101A7000EF1D573F2DD4563F358A563F0740563FFE
:101A8000A5F5553F0DAB553F4160553F4015553FBE
:101A90000ACA543FA07E543F0233543F31E7533FBC
:101AA0002B9B533FF24E533F8502533FE5B5523FC8
:101AB0001269523F0D1C523FD4CE513F6A81513FB3
:101AC000CD33513FFDE5503FFC97503FCA49503F51
:101AD00065FB4F3FD0AC4F3F095E4F3F110F4F3F6B
:101AE000E9BF4E3F90704E3F06214E3F4CD14D3FD7
:101AF00063814D3F49314D3F00E14C3F88904C3F61
:101B0000E03F4C3F09EF4B3F049E4B3FCF4C4B3FD8
:101B10006DFB4A3FDCA94A3F1D584A3F30064A3F09
:101B200015B4493FCD61493F580F493FB6BC483FC6
:101B3000E669483FEB16483FC2C3473F6E70473FD8
:101B4000ED1C473F40C9463F6875463F6421463F0C
:101B500036CD453FDC78453F5724453FA7CF443F2E
:101B6000CD7A443FC925443F9BD0433F437B433F0D
:101B7000C125433F16D0423F427A423F4524423F6F
:101B80001ECE413FD077413F5921413FB9CA403F26
:101B9000F273403F031D403FEDC53F3FAF6E3F3FF7
:101BA0004A173F3FBEBF3E3F0B683E3F32103E3FAD
:101BB00033B83D3F0D603D3FC2073D3F51AF3C3F15
:101BC000BA563C3FFFFD3B3F1EA53B3F194C3B3FF8
:101BD000EFF23A3FA0993A3F2E403A3F97E6393F1D
:101BE000DD8C393F0033393FFFD8383FDB7E383F4B
:101BF0009424383F2ACA373F9E6F373FF014373F4F
:101C000020BA363F2E5F363F1B04363FE6A8353FED
:101C1000904D353F1AF2343F8296343FCB3A343FF1
:101C2000F3DE333FFB82333FE326333FABCA323F21
:101C3000556E323FDF11323F4AB5313F9758313F41
:101C4000C5FB303FD59E303FC741303F9CE42F3F1E
:101C500052872F3FEC292F3F68CC2E3FC86E2E3F76
:101C60000A112E3F31B32D3F3B552D3F29F72C3F15
:101C7000FC982C3FB33A2C3F4EDC2B3FCF7D2B3FC3
:101C8000351F2B3F80C02A3FB1612A3FC8022A3F3F
:101C9000C5A3293FA844293F71E5283F2286283F54
:101CA000B926283F38C7273F9E67273FEC07273FC5
:101CB00022A8263F3F48263F46E8253F3588253F56
:101CC0000C28253FCDC7243F7767243F0B07243FCF
:101CD00088A6233FF045233F42E5223F7E84223FF2
:101CE000A523223FB7C2213FB461213F9C00213F81
:101CF000709F203F303E203FDCDC1F3F757B1F3F45
:101D0000F9191F3F6BB81E3FCA561E3F16F51D3FFF
:101D100050931D3F77311D3F8DCF1C3F906D1C3F71
:101D2000820B1C3F63A91B3F33471B3FF2E41A3F62
:101D3000A0821A3F3E201A3FCCBD193F4A5B193F93
:101D4000B8F8183F1796183F6733183FA8D0173FC9
:101D5000DA6D173FFE0A173F13A8163F1B45163FC3
:101D600014E2153F017F153FE01B153FB1B8143F4A
:101D70007755143F2FF2133FDC8E133F7C2B133F1C
:101D800010C8123F9964123F1701123F899D113FFD
:101D9000F139113F4ED6103FA072103FE90E103FAF
:101DA00027AB0F3F5C470F3F87E30E3FAA7F0E3FF5
:101DB000C31B0E3FD3B70D3FDC530D3FDBEF0C3F92
:101DC000D38B0C3FC4270C3FACC30B3F8E5F0B3F44
:101DD00068FB0A3F3C970A3F09330A3FD0CE093FD0
:101DE000906A093F4B06093F01A2083FB13D083FF9
:101DF0005CD9073F0275073FA310073F40AC063F81
:101E0000D947063F6FE3053F007F053F8E1A053F28
:101E100019B6043FA151043F27ED033FAA88033FB1
:101E20002B24033FAABF023F275B023FA3F6013FDB
:101E30001D92013F972D013F10C9003F8864003F6C
:101E40000000003FF036FF3EE16DFE3ED3A4FD3EB4
:101E5000C6DBFC3EBB12FC3EB249FB3EAD80FA3E07
:101E6000ABB7F93EACEEF83EB225F83EBD5CF73EAE
:101E7000CD93F63EE3CAF53E0002F53E2339F43E2B
:101E80004D70F33E7FA7F23EB9DEF13EFD15F13E07
:101E9000494DF03E9F84EF3EFFBBEE3E6AF3ED3EC0
:101EA000DF2AED3E6162EC3EEF99EB3E89D1EA3EDE
:101EB0003009EA3EE540E93EA878E83E79B0E73EE1
:101EC00059E8E63E4920E63E4958E53E5990E43E51
:101ED0007AC8E33EAD00E33EF138E23E4871E13EB0
:101EE000B2A9E03E2FE2DF3EBF1ADF3E6553DE3E81
:101EF0001E8CDD3EEDC4DC3ED2FDDB3ECD36DB3E4E
:101F0000DF6FDA3E08A9D93E49E2D83EA11BD83E90
:101F10001355D73E9D8ED63E41C8D53EFF01D53ED6
:101F2000D73BD43ECB75D33EDAAFD23E05EAD13EA5
:101F30004C24D13EB15ED03E3299CF3ED2D3CE3E7C
:101F4000900ECE3E6C49CD3E6884CC3E84BFCB3EE5
:101F5000C0FACA3E1C36CA3E9A71C93E3AADC83E66
:101F6000FBE8C73EDF24C73EE760C63E119DC53E85
:101F700060D9C43ED415C43E6C52C33E298FC23EC4
:101F80000DCCC13E1709C13E4846C03EA083BF3EAE
:101F900020C1BE3EC8FEBD3E993CBD3E937ABC3ECC
:101FA000B6B8BB3E04F7BA3E7D35BA3E2074B93EA2
:101FB000EFB2B83EEAF1B73E1131B73E6670B63EB9
:101FC000E7AFB53E97EFB43E752FB43E816FB33E99
:101FD000BDAFB23E28F0B13EC430B13E9071B03ECC
:101FE0008EB2AF3EBDF3AE3E1D35AE3EB176AD3ED8
:101FF00077B8AC3E71FAAB3E9E3CAB3E007FAA3E4A
:1020000096C1A93E6204A93E6347A83E9B8AA73EAB
:1020100009CEA63EAE11A63E8A55A53E9E99A43E87
:10202000EBDDA33E7122A33E3067A23E28ACA13E69
:102030005BF1A03EC936A03E717C9F3E55C29E3EDC
:1020400075089E3ED24E9D3E6B959C3E42DC9B3E6B
:1020500056239B3EA96A9A3E3AB2993E0BFA983EA5
:102060001B42983E6B8A973EFBD2963ECD1B963E16
:10207000DF64953E34AE943ECAF7933EA441933E4E
:10208000C08B923E20D6913EC320913EAC6B903ED9
:10209000D9B68F3E4B028F3E034E8E3E019A8D3E47
:1020A00046E68C3ED1328C3EA47F8B3EBFCC8A3E2E
:1020B000231A8A3ECF67893EC4B5883E0204883E13
:1020C0008B52873E5EA1863E7CF0853EE63F853E94
:1020D0009B8F843E9CDF833EEA2F833E8480823E3A
:1020E0006DD1813EA322813E2774803EF38B7F3EDB
:1020F00038307E3E1BD57C3E9E7A7B3EC1207A3EA8
:1021000086C7783EEE6E773EF916763EA8BF743EDF
:10211000FB68733EF412723E94BD703EDB686F3E06
:10212000CB146E3E63C16C3EA56E6B3E921C6A3E44
:102130002ACB683E6E7A673E5F2A663EFFDA643ECF
:102140004C8C633E4A3E623EF7F0603E56A45F3ED2
:1021500066585E3E2A0D5D3EA0C25B3ECB785A3E7D
:10216000AB2F593E41E7573E8E9F563E9158553E04
:102170004E12543EC3CC523EF287513EDB43503E9A
:1021800080004F3EE1BD4D3EFF7B4C3EDB3A4B3E77
:1021900075FA493ECEBA483EE87B473EC23D463ED0
:1021A0005D00453EBBC3433EDC87423EC14C413EE1
:1021B0006B12403EDAD83E3E0FA03D3E0A683C3EE0
:1021C000CE303B3E59FA393EAEC4383ECD8F373E15
:1021D000B65B363E6B28353EECF5333E39C4323EB5
:1021E0005493313E3E63303EF6332F3E7E052E3E05
:1021F000D7D72C3E01AB2B3EFC7E2A3ECB53293E4B
:102200006D29283EE3FF263E2DD7253E4EAF243EC6
:102210004488233E1262223EB73C213E3418203EC1
:102220008BF41E3EBBD11D3EC6AF1C3EAC8E1B3E8A
:102230006E6E1A3E0C4F193E8830183EE112173E62
:102240001AF6153E31DA143E29BF133E01A5123E9F
:10225000BB8B113E5673103ED55B0F3E37450E3E8D
:102260007D2F0D3EA71A0C3EB7060B3EADF3093E7F
:102270008AE1083E4ED0073EFBBF063E90B0053EC9
:102280000EA2043E7694033EC987023E087C013EBE
:102290003271003E91CEFE3D9ABCFC3D7EACFA3DD3
:1022A0003F9EF83DDE91F63D5D87F43DBC7EF23DFC
:1022B000FE77F03D2373EE3D2D70EC3D1C6FEA3D43
:1022C000F36FE83DB172E63D5A77E43DED7DE23DC6
:1022D0006C86E03DD890DE3D329DDC3D7CABDA3D46
:1022E000B7BBD83DE4CDD63D03E2D43D18F8D23D8E
:1022F0002110D13D222ACF3D1A46CD3D0B64CB3D66
:10230000F783C93DDEA5C73DC1C9C53DA2EFC33DA9
:102310008217C23D6241C03D436DBE3D269BBC3D20
:102320000CCBBA3DF7FCB83DE730B73DDE66B53DB6
:10233000DD9EB33DE4D8B13DF614B03D1253AE3D41
:102340003B93AC3D71D5AA3DB519A93D0860A73DA9
:102350006CA8A53DE2F2A33D693FA23D058EA03DDC
:10236000B5DE9E3D7B319D3D57869B3D4BDD993DC6
:102370005836983D7F91963DC0EE943D1D4E933D5D
:1023800097AF913D2F13903DE6788E3DBCE08C3D9C
:10239000B34A8B3DCCB6893D0725883D6795863D80
:1023A000EA07853D947C833D64F3813D5B6C803D11
:1023B000F6CE7D3D89C97A3D70C8773DAECB743D80
:1023C00044D3713D34DF6E3D80EF6B3D2A04693D9F
:1023D000331D663D9E3A633D6B5C603D9E825D3D74
:1023E00038AD5A3D3ADC573DA60F553D7D47523D2D
:1023F000C3834F3D78C44C3D9E094A3D3653473D0B
:1024000043A1443DC6F3413DC04A3F3D34A63C3D57
:1024100023063A3D8E6A373D78D3343DE140323D64
:10242000CCB22F3D39292D3D2BA42A3DA323283D95
:10243000A3A7253D2C30233D3FBD203DDF4E1E3D53
:102440000CE51B3DC97F193D161F173DF5C2143D14
:10245000676B123D6F18103D0DCA0D3D43800B3D5B
:10246000123B093D7CFA063D82BE043D2587023DB4
:102470006754003D934CFC3C9BF9F73CE8AFF33CC0
:102480007E6FEF3C5E38EB3C8C0AE73C0AE6E23CB0
:10249000DACADE3C00B9DA3C7EB0D63C55B1D23C5B
:1024A0008ABBCE3C1DCFCA3C12ECC63C6B12C33C6F
:1024B0002A42BF3C527BBB3CE5BDB73CE509B43C7E
:1024C000555FB03C36BEAC3C8C26A93C5798A53C29
:1024D0009C13A23C5A989E3C96269B3C51BE973C2E
:1024E0008C5F943C4B0A913C8FBE8D3C5A7C8A3C5D
:1024F000AE43873C8D14843CFAEE803CEBA57B3CDC
:102500000481753C436F6F3CAC70693C4285633C11
:1025100009AD5D3C04E8573C3736523CA6974C3C2D
:10252000540C473C4494413C7A2F3C3CF9DD363C0A
:10253000C59F313CE0742C3C4F5D273C1359223C35
:1025400030681D3CA98A183C82C0133CBD090F3C71
:102550005C660A3C64D6053CD659013C6BE1F93B0C
:102560000B36F13B90B1E83B0154E03B611DD83B99
:10257000B60DD03B0625C83B5563C03BA7C8B83B4A
:102580000255B13B6A08AA3BE3E2A23B73E49B3BE2
:102590001D0D953BE55C8E3BD0D3873BE271813BC3
:1025A0003C6E763B12476A3B4C6E5E3BF2E3523B1D
:1025B0000AA8473B9DBA3C3BAF1B323B49CB273B6C
:1025C00071C91D3B2C16143B80B10A3B749B013B27
:1025D0001AA8F13AA1B6E03A8762D03AD6ABC03A2F
:1025E0009892B13AD616A33A9A38953AECF7873AC8
:1025F000A7A9763AB29E5E3A07CF473AB53A323A41
:10260000C8E11D3A4EC40A3AA5C4F139BF77D039A2
:1026100000A2B1397B43953984B87639C7D8473998
:10262000DFE71D39C8CBF138DAA5B1383BBC7638C5
:1026300064E91D38D1A6B137C6E91D37DEE91D367C
:10264000496E76616C696420706172616D65746554
:1026500072204275696C74696E4F70657261746F37
:10266000725F435553544F4D20746F20746865203A
:10267000004164644275696C74696E2066756E63AE
:1026800074696F6E2E0043616C6C696E67204164E3
:10269000644275696C74696E207769746820746827
:1026A000652073616D65206F70206D6F7265207499
:1026B00068616E20006F6E6365206973206E6F74B1
:1026C00020737570706F7274656420284F703A20A3
:1026D000232564292E00436F756C646E2774207265
:1026E00065676973746572206275696C74696E20C0
:1026F0006F70202325642C207265736F6C76657271
:102700002073697A652000697320746F6F20736D80
:10271000616C6C20282564292E004167656C616915
:1027200075735F70686F656E69636575730043618B
:102730007264696E616C69735F63617264696E6112
:102740006C697300436572746869615F616D65727D
:102750006963616E6100436F727675735F62726167
:102760006368797268796E63686F73005365746F1C
:1027700070686167615F6165737469766100536554
:10278000746F70686167615F7275746963696C6C9E
:1027900061005370696E75735F74726973746973E5
:1027A000005475726475735F6D69677261746F72DE
:1027B00069757300496E707574207061796C6F6112
:1027C00064206C656E67746820646F6573206E6F3B
:1027D00074206D6174636820746865206D6F646532
:1027E0006C2074656E736F72007A65726F5F7368C8
:1027F0006F745F7063656E003661343133653531F7
:1028000038323934386631626139393439383631E1
:1028100036613731623630396238393633303237E3
:102820003334636138653763373733343165626118
:10283000346635343563356300554152542068653C
:102840006164657220726563656976652066616999
:102850006C656400556E737570706F72746564207A
:1028600070726F746F636F6C2076657273696F6ED0
:1028700000556E737570706F727465642070726F3E
:10288000746F636F6C20666C616773005061796C64
:102890006F61642065786365656473206669726D35
:1028A0007761726520726563656976652062756619
:1028B0006665720055415254207061796C6F616495
:1028C0002072656365697665206661696C65640080
:1028D0005061796C6F6164204352433332206D69DB
:1028E000736D61746368004745545F494E464F20DD
:1028F000646F6573206E6F7420616363657074200C
:1029000061207061796C6F616400415544494F5F8B
:10291000424547494E207265717569726573206141
:102920002031362D62797465206465736372697035
:10293000746F72004578706563746564206D6F6EA6
:102940006F2031363030302D487A2050434D5F5360
:1029500031365F4C4520617564696F00417564696B
:102960006F206D75737420636F6E7461696E2031B2
:102970002E2E31323020636F6D706C657465206F60
:102980006E652D7365636F6E642077696E646F7713
:102990007300415544494F5F424547494E20697392
:1029A000207265717569726564206265666F726513
:1029B00020415544494F5F4348554E4B00415544D3
:1029C000494F5F4348554E4B20726571756972657A
:1029D00073206F666673657420706C757320504346
:1029E0004D31362073616D706C65730041554449FB
:1029F0004F5F4348554E4B206F6666736574206F7A
:102A0000722073616D706C652072616E67652069FC
:102A10007320696E76616C696400415544494F5F6B
:102A200052554E20646F6573206E6F74206163632E
:102A30006570742061207061796C6F61640041750C
:102A400064696F2075706C6F616420697320696EB2
:102A5000636F6D706C65746500436F6D706C657449
:102A6000652050434D2073747265616D204352435D
:102A70003332206D69736D61746368004155444958
:102A80004F5F4745545F4645415455524520646F5A
:102A90006573206E6F7420616363657074206120BC
:102AA0007061796C6F6164004E6F20636F6D706C44
:102AB0006574656420617564696F2077696E646F01
:102AC0007720697320617661696C61626C6500557D
:102AD0006E737570706F727465642073657269616E
:102AE0006C206D6F64656C20636F6D6D616E64004A
:102AF00042696173207479706520257320282564EC
:102B000029206E6F7420737570706F727465642EF7
:102B10000057656967687420747970652025732093
:102B200028256429206E6F7420737570706F72741D
:102B300065642E005479706520257320282564294A
:102B4000206E6F7420737570706F727465642E00E0
:102B50002F686F6D652F63792F636F64652F7072B7
:102B60006F6772616D2F4C45445F544553542F4439
:102B70007269766572732F74666C6974652D6D6900
:102B800063726F2F74656E736F72666C6F772F6CE4
:102B90006974652F6D6963726F2F6B65726E656CFA
:102BA000732F636F6E765F636F6D6D6F6E2E6363F1
:102BB0000025733A256420257320776173206E6F9A
:102BC0007420747275652E006861735F6269617349
:102BD000207C7C206E6F64652D3E696E7075747309
:102BE0002D3E73697A65203D3D20320025733A25DC
:102BF0006420257320213D20257320282564202171
:102C00003D20256429006E6F64652D3E6F757470DC
:102C10007574732D3E73697A6500696E70757420E2
:102C2000213D206E756C6C7074720066696C746501
:102C30007220213D206E756C6C707472006F75741B
:102C400070757420213D206E756C6C707472006F0D
:102C500075747075742D3E7479706500696E707549
:102C6000742D3E74797065002F686F6D652F6379E0
:102C70002F636F64652F70726F6772616D2F4C45A3
:102C8000445F544553542F447269766572732F74B0
:102C9000666C6974652D6D6963726F2F74656E73F0
:102CA0006F72666C6F772F6C6974652F6D696372D4
:102CB0006F2F6B65726E656C732F636F6E765F63DB
:102CC0006F6D6D6F6E2E6363204879627269642048
:102CD0006D6F64656C7320617265206E6F74207314
:102CE0007570706F72746564206F6E2054464C6905
:102CF0007465204D6963726F2E006B54664C697465
:102D000065416666696E655175616E74697A617454
:102D1000696F6E0066696C7465722D3E7175616EC7
:102D200074697A6174696F6E2E747970650061667A
:102D300066696E655F7175616E74697A6174696FD9
:102D40006E2D3E7363616C652D3E73697A65203D1F
:102D50003D2031207C7C20616666696E655F7175FF
:102D6000616E74697A6174696F6E2D3E7363616C14
:102D7000652D3E73697A65203D3D2066696C7465FA
:102D8000722D3E64696D732D3E646174615B6B43AB
:102D90006F6E765175616E74697A656444696D65AC
:102DA0006E73696F6E5D0046696C7465722074792C
:102DB0007065202573202825642920666F7220699C
:102DC0006E7075742074797065202573206E6F7431
:102DD00020737570706F727465642E00496E707523
:102DE0007420747970652025732028256429206E4D
:102DF0006F7420737570706F727465642E002F6825
:102E00006F6D652F63792F636F64652F70726F67C5
:102E100072616D2F4C45445F544553542F44726981
:102E2000766572732F74666C6974652D6D69637253
:102E30006F2F74656E736F72666C6F772F6C697429
:102E4000652F6D6963726F2F6B65726E656C732F82
:102E50006465707468776973655F636F6E765F63CE
:102E60006F6D6D6F6E2E636300616666696E655F80
:102E70007175616E74697A6174696F6E2D3E7363EA
:102E8000616C652D3E73697A65203D3D2031207C63
:102E90007C20616666696E655F7175616E74697AC2
:102EA0006174696F6E2D3E7363616C652D3E73694D
:102EB0007A65203D3D2066696C7465722D3E6469BB
:102EC0006D732D3E646174615B6B446570746877EB
:102ED000697365436F6E765175616E74697A656466
:102EE00044696D656E73696F6E5D00616666696EDB
:102EF000655F7175616E74697A6174696F6E2D3E7C
:102F00007A65726F5F706F696E742D3E73697A6552
:102F100000616666696E655F7175616E74697A617C
:102F200074696F6E2D3E7363616C652D3E73697AB3
:102F300065002F686F6D652F63792F636F64652F50
:102F400070726F6772616D2F4C45445F54455354E6
:102F50002F447269766572732F74666C6974652D7F
:102F60006D6963726F2F74656E736F72666C6F77C5
:102F70002F6C6974652F6D6963726F2F6B65726E4C
:102F8000656C732F6465707468776973655F636FD0
:102F90006E765F636F6D6D6F6E2E6363204879622E
:102FA000726964206D6F64656C7320617265206E58
:102FB0006F7420737570706F72746564206F6E200B
:102FC00054464C697465204D6963726F2E002F68FA
:102FD0006F6D652F63792F636F64652F70726F67F4
:102FE00072616D2F4C45445F544553542F447269B0
:102FF000766572732F74666C6974652D6D69637282
:103000006F2F74656E736F72666C6F772F6C697457
:10301000652F6D6963726F2F6B65726E656C732FB0
:1030200066756C6C795F636F6E6E65637465642E34
:1030300063630025733A256420257320213D2025F4
:10304000732028257320213D2025732900496E70A7
:10305000757420747970653A2025732077697468D7
:103060002066696C74657220747970653A202573E6
:10307000206E6F7420737570706F727465642E00AB
:1030800046696C74657220747970652025732028F8
:10309000256429206E6F7420737570706F7274656B
:1030A000642E002F686F6D652F63792F636F6465E1
:1030B0002F70726F6772616D2F4C45445F5445539A
:1030C000542F447269766572732F74666C697465E7
:1030D0002D6D6963726F2F74656E736F72666C6F9E
:1030E000772F6C6974652F6D6963726F2F6B6572D2
:1030F0006E656C732F66756C6C795F636F6E6E6551
:10310000637465645F636F6D6D6F6E2E63630061E2
:103110006666696E655F7175616E74697A617469FE
:103120006F6E2D3E7363616C650028696E707574F7
:103130002D3E74797065203D3D206B54664C69745A
:1031400065496E74382026262066696C7465722D78
:103150003E7479706520213D206B54664C6974651E
:10316000496E743429207C7C2028696E7075742D1A
:103170003E74797065203D3D206B54664C697465E2
:10318000496E7431362026262066696C7465722D6E
:103190003E7479706520213D206B54664C697465DE
:1031A000496E7434290066696C7465722D3E6469D9
:1031B0006D732D3E646174615B616666696E655F07
:1031C0007175616E74697A6174696F6E2D3E717587
:1031D000616E74697A65645F64696D656E73696F49
:1031E0006E5D007065725F6368616E6E656C5F71C5
:1031F00075616E74697A6174696F6E5F73697A65FF
:103200000064696D735B695D203C207374643A3AB5
:103210006E756D657269635F6C696D6974733C6925
:103220006E743E3A3A6D61782829202F20636F75BD
:103230006E7400496E7075742025732C206F757440
:10324000707574202573206E6F7420737570706FA5
:10325000727465642E002F686F6D652F63792F631C
:103260006F64652F70726F6772616D2F4C45445F9C
:10327000544553542F447269766572732F74666C8B
:103280006974652D6D6963726F2F74656E736F72EB
:10329000666C6F772F6C6974652F6D6963726F2F21
:1032A0006B65726E656C732F6C6F6769737469639D
:1032B0005F636F6D6D6F6E2E6363007374643A3A73
:1032C0006E756D657269635F6C696D6974733C6975
:1032D0006E74385F743E3A3A6D696E282900696EE3
:1032E0007075742D3E706172616D732E7A65726FA8
:1032F0005F706F696E7400436865636B65644C6FE3
:103300006732286F75747075742D3E706172616DCF
:10331000732E7363616C652C20266F7574707574E1
:103320005F7363616C655F6C6F67325F726F756E40
:1033300064656429002D6B4F7574707574467261F5
:103340006374696F6E616C42697473006F75747039
:1033500075745F7363616C655F6C6F67325F726F0A
:10336000756E646564006578706F6E656E74203E7E
:103370003D203000496E7465676572547970652030
:1033800067656D6D6C6F77703A3A526F756E6469F0
:103390006E674469766964654279504F5428496E76
:1033A0007465676572547970652C20696E74292084
:1033B0005B7769746820496E7465676572547970CB
:1033C00065203D206C6F6E6720696E745D002F680C
:1033D0006F6D652F63792F636F64652F70726F67F0
:1033E00072616D2F4C45445F544553542F447269AC
:1033F000766572732F74666C6974652D6D6963727E
:103400006F2F74656E736F72666C6F772F6C697453
:10341000652F6D6963726F2F746F6F6C732F6D61A1
:103420006B652F646F776E6C6F6164732F67656D6A
:103430006D6C6F77702F6669786564706F696E74F4
:103440002F6669786564706F696E742E68006578A0
:10345000706F6E656E74203C3D203331002F686FB5
:103460006D652F63792F636F64652F70726F67725C
:10347000616D2F4C45445F544553542F4472697617
:103480006572732F74666C6974652D6D6963726FF4
:103490002F74656E736F72666C6F772F6C697465CD
:1034A0002F6D6963726F2F6B65726E656C732F730E
:1034B0006F66746D61785F636F6D6D6F6E2E6363A1
:1034C000007261775F6578705F6C757420213D20B4
:1034D0006E756C6C707472006F6E655F6F7665727E
:1034E0005F6F6E655F706C75735F785F6C7574206D
:1034F000213D206E756C6C70747200696E7075740D
:103500002D3E74797065203D3D206B54664C697486
:1035100065496E7438207C7C20696E7075742D3E10
:1035200074797065203D3D206B54664C6974654923
:103530006E7431360025733A2564202573206E6F32
:1035400074206E6561722025732028256620213D38
:103550002025662900312E66202F20333237363859
:10356000006F75747075742D3E706172616D732E8D
:103570007363616C65002D333237363800312E6647
:10358000202F203635353336006B54664C69746510
:10359000496E7438002D313238006F75747075744F
:1035A0002D3E706172616D732E7363616C65203D99
:1035B0003D20312E66202F20323536006B54664C6C
:1035C000697465466C6F61743332004E756D496E77
:1035D00070757473286E6F646529004E756D4F7534
:1035E0007470757473286E6F646529004E756D4430
:1035F000696D656E73696F6E7328696E7075742975
:10360000203E3D2031006E6F64652D3E75736572FE
:103610005F6461746120213D206E756C6C70747202
:10362000002162726F6164636173745F696E7075AB
:103630007431207C7C202162726F616463617374D9
:103640005F696E7075743200626F6F6C2074666CA7
:103650006974653A3A52656475636544696D656E6F
:1036600073696F6E73466F7242726F6164636173E8
:103670007428636F6E73742052756E74696D655330
:1036800068617065262C20636F6E73742052756EAE
:1036900074696D655368617065262C2073697A655D
:1036A0005F742A2C2073697A655F742A2C207369F1
:1036B0007A655F742A29205B7769746820696E7463
:1036C000204D41585F44494D203D20363B207369D1
:1036D0007A655F74203D20756E7369676E6564203E
:1036E000696E745D002F686F6D652F63792F636F4E
:1036F00064652F70726F6772616D2F4C45445F5423
:103700004553542F447269766572732F74666C69E1
:1037100074652D6D6963726F2F74656E736F726659
:103720006C6F772F6C6974652F6B65726E656C7347
:103730002F696E7465726E616C2F636F6D6D6F6E45
:103740002E68002F686F6D652F63792F636F646536
:103750002F70726F6772616D2F4C45445F544553F3
:10376000542F447269766572732F74666C69746540
:103770002D6D6963726F2F74656E736F72666C6FF7
:10378000772F6C6974652F6D6963726F2F6B65722B
:103790006E656C732F6164645F636F6D6D6F6E2E09
:1037A000636300696E7075743120213D206E756C05
:1037B0006C70747200696E7075743220213D206ED9
:1037C000756C6C707472006B54664C6974654E6FE6
:1037D0005175616E74697A6174696F6E00696E709B
:1037E0007574312D3E7175616E74697A6174696F9B
:1037F0006E2E7479706500696E707574322D3E712D
:1038000075616E74697A6174696F6E2E7479706512
:103810000054797065202573206E6F742063757273
:1038200072656E746C7920737570706F72746564F4
:103830002E002F686F6D652F63792F636F64652F7E
:1038400070726F6772616D2F4C45445F54455354DD
:103850002F447269766572732F74666C6974652D76
:103860006D6963726F2F74656E736F72666C6F77BC
:103870002F6C6974652F6D6963726F2F6B65726E43
:10388000656C732F706F6F6C696E675F636F6D6DC2
:103890006F6E2E6363007363616C655F6469666657
:1038A000203C3D20312E30652D3600696E707574D8
:1038B0002D3E706172616D732E7A65726F5F706FED
:1038C000696E74203D3D206F75747075742D3E7067
:1038D0006172616D732E7A65726F5F706F696E745D
:1038E000002F686F6D652F63792F636F64652F708C
:1038F000726F6772616D2F4C45445F544553542F6E
:10390000447269766572732F74666C6974652D6D87
:103910006963726F2F74656E736F72666C6F772F49
:103920006C6974652F6D6963726F2F6B65726E655C
:103930006C732F6D756C5F636F6D6D6F6E2E63634F
:1039400000696E707574322D3E7479706500696E11
:10395000707574312D3E7479706500646174612DE9
:103960003E696E707574315F7A65726F5F706F69F2
:103970006E7400646174612D3E696E707574325F9F
:103980007A65726F5F706F696E7400646174612D27
:103990003E6F75747075745F7A65726F5F706F6972
:1039A0006E74006F705F706172616D732E696E70FE
:1039B0007574315F6F6666736574006F705F7061F8
:1039C00072616D732E696E707574325F6F666673A7
:1039D0006574006F705F706172616D732E6F7574C6
:1039E0007075745F6F6666736574002F686F6D65C0
:1039F0002F63792F636F64652F70726F6772616DCB
:103A00002F4C45445F544553542F44726976657278
:103A1000732F74666C6974652D6D6963726F2F7492
:103A2000656E736F72666C6F772F6C6974652F6D3E
:103A30006963726F2F6B65726E656C732F7265644C
:103A40007563655F636F6D6D6F6E2E6363006E6F80
:103A500064652D3E696E707574732D3E73697A6569
:103A6000006178697320213D206E756C6C707472F2
:103A7000006B54664C697465496E7433320061782A
:103A800069732D3E7479706500726573756C74008E
:103A90007265666572656E63655F6F70733A3A4D05
:103AA00065616E282074666C6974653A3A6D696365
:103AB000726F3A3A47657454656E736F72446174FD
:103AC000613C666C6F61743E28696E707574292C58
:103AD00020696E7075742D3E64696D732D3E64614E
:103AE00074612C20696E7075742D3E64696D732D40
:103AF0003E73697A652C2074666C6974653A3A6D18
:103B00006963726F3A3A47657454656E736F7244B5
:103B10006174613C666C6F61743E286F757470757A
:103B200074292C206F75747075742D3E64696D73E3
:103B30002D3E646174612C206F75747075742D3E18
:103B400064696D732D3E73697A652C2074666C69A7
:103B500074653A3A6D6963726F3A3A4765745465B1
:103B60006E736F72446174613C696E743E28617853
:103B70006973292C206E756D5F617869732C2070D4
:103B80006172616D732D3E6B6565705F64696D7305
:103B90002C2074656D705F696E6465782C20726589
:103BA000736F6C7665645F617869732C2074666CE2
:103BB0006974653A3A6D6963726F3A3A476574544D
:103BC000656E736F72446174613C666C6F61743EC4
:103BD000286F75747075742929002F686F6D652FB3
:103BE00063792F636F64652F70726F6772616D2FD9
:103BF0004C45445F544553542F4472697665727343
:103C00002F74666C6974652D6D6963726F2F7465AE
:103C10006E736F72666C6F772F6C6974652F6D6948
:103C200063726F2F6B65726E656C732F726564754E
:103C300063655F636F6D6D6F6E2E63632043757296
:103C400072656E746C792C206F6E6C7920666C6F67
:103C5000617433322C20696E7438206F7220696E63
:103C600074313620696E70757420747970652069BE
:103C70007320737570706F727465642E00556E6B6F
:103C80006E6F776E2074797065004E4F54595045B1
:103C900000464C4F415433320055494E543800537E
:103CA0005452494E4700424F4F4C00434F4D504CE9
:103CB0004558363400464C4F4154363400434F4D3E
:103CC000504C45583132380055494E543634005224
:103CD00045534F555243450056415249414E5400B9
:103CE00055494E5433320055494E54313600494EF1
:103CF00054340042464C4F4154313600556E737572
:103D000070706F727465642064617461207479707E
:103D10006520256420696E2074656E736F720A00D9
:103D2000556E68616E646C65642066756C6C792D87
:103D3000636F6E6E65637465642077656967687428
:103D40007320666F726D61742E0069203C20736968
:103D50007A65282900666C6174627566666572739F
:103D60003A3A566563746F723C542C2053697A65F5
:103D7000543E3A3A72657475726E5F74797065205C
:103D8000666C6174627566666572733A3A5665630D
:103D9000746F723C542C2053697A65543E3A3A470A
:103DA00065742853697A65542920636F6E73742093
:103DB0005B776974682054203D20666C617462757D
:103DC00066666572733A3A4F66667365743C7466EC
:103DD0006C6974653A3A4275666665723E3B20537B
:103DE000697A6554203D206C6F6E6720756E73692B
:103DF000676E656420696E743B2072657475726EBF
:103E00005F74797065203D20636F6E7374207466F3
:103E10006C6974653A3A4275666665722A5D002F70
:103E2000686F6D652F63792F636F64652F70726F94
:103E30006772616D2F4C45445F544553542F447253
:103E400069766572732F74666C6974652D6D69632C
:103E5000726F2F74656E736F72666C6F772F6C69FB
:103E600074652F6D6963726F2F746F6F6C732F6D34
:103E7000616B652F646F776E6C6F6164732F666C16
:103E80006174627566666572732F696E636C7564C2
:103E9000652F666C6174627566666572732F7665F0
:103EA00063746F722E68004D6963726F416C6C6F42
:103EB0006361746F723A204D6F64656C20616C6C45
:103EC0006F636174696F6E2066696E69736865649B
:103ED000206265666F7265207374617274696E67C3
:103EE00020616C6C6F636174696E67206D6F6465CF
:103EF0006C004D6963726F416C6C6F6361746F72BB
:103F00003A204D6F64656C20616C6C6F63617469FD
:103F10006F6E2073746172746564206265666F727F
:103F2000652066696E697368696E67207072657670
:103F3000696F75736C7920616C6C6F636174656413
:103F4000206D6F64656C004661696C656420746FF8
:103F500020616C6C6F63617465206D656D6F727943
:103F600020666F72206D6F64656C206D657461648E
:103F70006174612E005363726174636820627566B8
:103F80006665722072657175657374206578656504
:103F90006473206C696D697420706572206F706540
:103FA0007261746F72202825642900666C617462E6
:103FB0007566666572733A3A566563746F723C54FF
:103FC0002C2053697A65543E3A3A72657475726E64
:103FD0005F7479706520666C61746275666665727F
:103FE000733A3A566563746F723C542C2053697A65
:103FF00065543E3A3A4765742853697A65542920D6
:10400000636F6E7374205B776974682054203D2061
:104010006C6F6E67206C6F6E6720696E743B205307
:10402000697A6554203D206C6F6E6720756E7369E8
:10403000676E656420696E743B2072657475726E7C
:104040005F74797065203D206C6F6E67206C6F6EB9
:104050006720696E745D00556E61626C6520746FD7
:1040600020616C6C6F636174652054664C69746583
:10407000416666696E655175616E74697A617469CD
:104080006F6E2E0A00556E61626C6520746F206140
:104090006C6C6F63617465207175616E74697A61AF
:1040A00074696F6E2D3E7A65726F5F706F696E74A2
:1040B0002E0A00666C6174627566666572733A3AC0
:1040C000566563746F723C542C2053697A65543E74
:1040D0003A3A72657475726E5F7479706520666CB9
:1040E0006174627566666572733A3A566563746F99
:1040F000723C542C2053697A65543E3A3A476574B1
:104100002853697A65542920636F6E7374205B7736
:104110006974682054203D20666C6174627566661F
:104120006572733A3A4F66667365743C74666C697F
:1041300074653A3A54656E736F723E3B2053697AE8
:104140006554203D206C6F6E6720756E7369676ED5
:10415000656420696E743B2072657475726E5F745D
:10416000797065203D20636F6E73742074666C698E
:1041700074653A3A54656E736F722A5D00466169E0
:104180006C656420746F20616C6C6F636174652072
:104190007661726961626C652074656E736F7220FE
:1041A0006F662073697A6520256400666C617462AD
:1041B0007566666572733A3A566563746F723C54FD
:1041C0002C2053697A65543E3A3A72657475726E62
:1041D0005F7479706520666C61746275666665727D
:1041E000733A3A566563746F723C542C2053697A63
:1041F00065543E3A3A4765742853697A65542920D4
:10420000636F6E7374205B776974682054203D205F
:10421000666C6174627566666572733A3A4F66667B
:104220007365743C74666C6974653A3A5375624799
:10423000726170683E3B2053697A6554203D206C62
:104240006F6E6720756E7369676E656420696E7442
:104250003B2072657475726E5F74797065203D20C5
:10426000636F6E73742074666C6974653A3A537543
:104270006247726170682A5D004661696C656420FE
:10428000746F20616C6C6F63617465206D656D6F18
:10429000727920666F72206E6F64655F616E645F15
:1042A000726567697374726174696F6E732E00460C
:1042B00061696C656420746F20616C6C6F636174FC
:1042C00065206D656D6F727920666F722070657202
:1042D00073697374656E742054664C6974655465B3
:1042E0006E736F72004661696C656420746F207034
:1042F0006F70756C6174652061207065727369738D
:1043000074656E742054664C69746554656E736F81
:1043100072207374727563742066726F6D20666CA0
:10432000617462756666657220646174612100461D
:1043300061696C656420746F20616C6C6F6361747B
:10434000652074656D702E206D656D6F72792066C5
:104350006F722074656E736F722025642C207375E4
:10436000626772617068202564004661696C6564EB
:1043700020746F20706F70756C617465206120749B
:10438000656D702054664C69746554656E736F7208
:10439000207374727563742066726F6D20666C6131
:1043A000746275666665722064617461210046619D
:1043B000696C656420746F20616C6C6F63617465F7
:1043C000206D656D6F727920666F7220636F6E74F9
:1043D0006578742D3E6576616C5F74656E736F727F
:1043E000732C202564206279746573207265717561
:1043F00069726564004661696C656420746F206948
:104400006E697469616C697A652074656E736F7228
:10441000202564004E6272206F66206F66666C69AC
:104420006E6520627566666572206F666673657478
:1044300073202825642920696E206D65746164618C
:104440007461206E6F7420657175616C206E62728C
:104450002074656E736F727320282564290A0066C4
:104460006C6174627566666572733A3A5665637418
:104470006F723C542C2053697A65543E3A3A726507
:104480007475726E5F7479706520666C61746275A4
:1044900066666572733A3A566563746F723C542C63
:1044A0002053697A65543E3A3A4765742853697ACD
:1044B00065542920636F6E7374205B77697468207C
:1044C00054203D206C6F6E6720696E743B205369E9
:1044D0007A6554203D206C6F6E6720756E73696736
:1044E0006E656420696E743B2072657475726E5FD0
:1044F00074797065203D206C6F6E6720696E745D05
:1045000000666C6174627566666572733A3A5665E8
:1045100063746F723C542C2053697A65543E3A3A66
:1045200072657475726E5F7479706520666C617403
:10453000627566666572733A3A566563746F723C6B
:10454000542C2053697A65543E3A3A47657428538F
:10455000697A65542920636F6E7374205B77697480
:10456000682054203D20666C6174627566666572D1
:10457000733A3A4F66667365743C74666C69746529
:104580003A3A4F70657261746F723E3B2053697A9C
:104590006554203D206C6F6E6720756E7369676E81
:1045A000656420696E743B2072657475726E5F7409
:1045B000797065203D20636F6E73742074666C693A
:1045C00074653A3A4F70657261746F722A5D004685
:1045D00061696C656420746F20616C6C6F636174D9
:1045E00065206D656D6F727920666F72206D656DE7
:1045F0006F727920706C616E6E696E672C20256415
:1046000020627974657320726571756972656400E2
:10461000446F6573206E6F7420737570706F727461
:1046200020696E7465726D65646961746520746576
:104630006E736F722077697468206E6F6E2D7A6565
:10464000726F2073697A653A20256400666C617424
:10465000627566666572733A3A566563746F723C4A
:10466000542C2053697A65543E3A3A7265747572D7
:104670006E5F7479706520666C61746275666665DC
:1046800072733A3A566563746F723C542C205369C6
:104690007A65543E3A3A4765742853697A655429D5
:1046A00020636F6E7374205B776974682054203DBB
:1046B00020666C6174627566666572733A3A4F661D
:1046C000667365743C74666C6974653A3A4F7065DC
:1046D0007261746F72436F64653E3B2053697A6503
:1046E00054203D206C6F6E6720756E7369676E6530
:1046F0006420696E743B2072657475726E5F7479A4
:104700007065203D20636F6E73742074666C6974ED
:10471000653A3A4F70657261746F72436F64652ACF
:104720005D00496E70757420696E6465782025643B
:10473000206F7574206F662072616E676520286C2B
:10474000656E67746820697320256429004F75744D
:1047500070757420696E646578202564206F7574A7
:10476000206F662072616E676520286C656E6774C5
:104770006820697320256429004D697373696E6729
:1047800020726567697374726174696F6E20666FF9
:1047900072206F70636F64655F696E646578202551
:1047A000640A004661696C656420746F20676574F3
:1047B00020726567697374726174696F6E206672C6
:1047C0006F6D206F7020636F64652025730A200071
:1047D000536B697070696E67206F7020666F72200E
:1047E0006F70636F64655F696E6465782025640A25
:1047F00000556E737570706F7274656420626568C1
:104800006176696F723A20666F756E6420627569B1
:104810006C74696E206F70657261746F722025739D
:10482000207769746820637573746F6D206F70747E
:10483000696F6E732E0A00446964206E6F7420667F
:10484000696E6420612070617273657220666F7298
:10485000202573004661696C65642073746172740D
:10486000696E67206D6F64656C20616C6C6F63614D
:1048700074696F6E2E0A004661696C656420746FFE
:1048800020616C6C6F63617465206D656D6F72790A
:1048900020666F7220636F6E746578742D3E696E4A
:1048A0007075745F74656E736F72735F2C2025640E
:1048B0002062797465732072657175697265640030
:1048C0004661696C656420746F20696E6974696102
:1048D0006C697A6520696E7075742074656E736F8B
:1048E00072202564004661696C656420746F2061E4
:1048F0006C6C6F63617465206D656D6F7279206695
:104900006F7220636F6E746578742D3E6F7574706E
:1049100075745F74656E736F72735F2C20256420ED
:104920006279746573207265717569726564004699
:1049300061696C656420746F20696E697469616C6B
:10494000697A65206F75747075742074656E736F05
:104950007220256400496E766F6B6528292063619B
:104960006C6C656420616674657220696E69746937
:10497000616C697A6174696F6E206661696C6564E7
:104980000A00415645524147455F504F4F4C5F32F8
:104990004400434F4E434154454E4154494F4E000D
:1049A0004445505448574953455F434F4E565F3234
:1049B000440044455054485F544F5F535041434571
:1049C0000044455155414E54495A4500454D4245D4
:1049D0004444494E475F4C4F4F4B55500046554C51
:1049E0004C595F434F4E4E45435445440048415354
:1049F000485441424C455F4C4F4F4B5550004C3250
:104A00005F4E4F524D414C495A4154494F4E004C14
:104A1000325F504F4F4C5F3244004C4F43414C5F2C
:104A2000524553504F4E53455F4E4F524D414C49A6
:104A30005A4154494F4E004C53485F50524F4A45DB
:104A40004354494F4E004D41585F504F4F4C5F32D9
:104A5000440052454C555F4E315F544F5F31005218
:104A6000454C553600524553495A455F42494C49D9
:104A70004E4541520053504143455F544F5F4445BA
:104A8000505448005356444600434F4E4341545FF0
:104A9000454D42454444494E475300534B49505FAE
:104AA0004752414D00435553544F4D00454D4245EB
:104AB0004444494E475F4C4F4F4B55505F53504114
:104AC00052534500554E49444952454354494F4E6F
:104AD000414C5F53455155454E43455F524E4E0044
:104AE00042415443485F544F5F53504143455F4EEA
:104AF000440053504143455F544F5F424154434843
:104B00005F4E44004D45414E0053554200535155B0
:104B100045455A4500554E49444952454354494F2D
:104B20004E414C5F53455155454E43455F4C5354A0
:104B30004D00535452494445445F534C494345004A
:104B40004249444952454354494F4E414C5F5345B5
:104B50005155454E43455F524E4E00455850005406
:104B60004F504B5F56320053504C4954004C4F4706
:104B70005F534F46544D41580044454C45474154BE
:104B800045004249444952454354494F4E414C5FC8
:104B900053455155454E43455F4C53544D0050527B
:104BA000454C55004152475F4D4158004C455353C9
:104BB000004E45470050414456320047524541544B
:104BC000455200475245415445525F455155414C6D
:104BD000004C4553535F455155414C0053494E00DD
:104BE0005452414E53504F53455F434F4E5600531E
:104BF00050415253455F544F5F44454E5345005416
:104C0000494C4500455850414E445F44494D53007E
:104C10004E4F545F455155414C00504F5700415243
:104C2000475F4D494E0046414B455F5155414E54FB
:104C3000005245445543455F50524F44005245444D
:104C40005543455F4D4158004C4F474943414C5FE8
:104C50004F52004F4E455F484F54004C4F47494319
:104C6000414C5F414E44004C4F474943414C5F4EDD
:104C70004F5400554E5041434B0052454455434517
:104C80005F4D494E00464C4F4F525F4449560052CB
:104C900045445543455F414E590053515541524596
:104CA000005A45524F535F4C494B450046494C4CC6
:104CB00000464C4F4F525F4D4F440052414E4745C6
:104CC00000524553495A455F4E4541524553545F42
:104CD0004E45494748424F52004C45414B595F525F
:104CE000454C5500535155415245445F4449464651
:104CF0004552454E4345004D4952524F525F504137
:104D0000440053504C49545F5600554E4951554547
:104D1000004345494C00524556455253455F563273
:104D2000004144445F4E004741544845525F4E4461
:104D300000434F530057484552450052414E4B00E7
:104D4000524556455253455F53455155454E43458F
:104D5000004D41545249585F44494147004D415428
:104D60005249585F5345545F4449414700524F559B
:104D70004E4400484152445F535749534800494606
:104D8000004E4F4E5F4D41585F5355505052455362
:104D900053494F4E5F5634004E4F4E5F4D41585F62
:104DA0005355505052455353494F4E5F563500535B
:104DB0004341545445525F4E440053454C4543547F
:104DC0005F56320044454E534946590042415443D0
:104DD000485F4D41544D554C00504C414345484F60
:104DE0004C4445525F464F525F47524541544552ED
:104DF0005F4F505F434F4445530043554D53554D0E
:104E00000043414C4C5F4F4E43450042524F41449A
:104E1000434153545F544F0052464654324400437A
:104E20004F4E565F334400494D4147005245414C77
:104E300000434F4D504C45585F4142530048415349
:104E4000485441424C4500484153485441424C4526
:104E50005F46494E4400484153485441424C455FE7
:104E6000494D504F525400484153485441424C45DB
:104E70005F53495A45005245445543455F414C4CA8
:104E800000434F4E565F33445F5452414E53504F90
:104E90005345005641525F48414E444C45005245EF
:104EA00041445F5641524941424C450041535349A8
:104EB000474E5F5641524941424C450042524F4194
:104EC00044434153545F415247530052414E444F73
:104ED0004D5F5354414E444152445F4E4F524D41F9
:104EE0004C004255434B4554495A450052414E44AB
:104EF0004F4D5F554E49464F524D004D554C54490C
:104F00004E4F4D49414C0047454C550052454C557C
:104F10005F305F544F5F3100554E534F52544544FC
:104F20005F5345474D454E545F50524F4400554ED8
:104F3000534F525445445F5345474D454E545F4D82
:104F4000415800554E534F525445445F5345474DC9
:104F5000454E545F53554D004154414E3200554E1D
:104F6000534F525445445F5345474D454E545F4D52
:104F7000494E005349474E0042495443415354005F
:104F8000424954574953455F584F52005249474888
:104F9000545F534849465400535441424C45484C91
:104FA0004F5F4C4F47495354494300535441424C7F
:104FB00045484C4F5F41444400535441424C45489E
:104FC0004C4F5F44495649444500535441424C4577
:104FD000484C4F5F4D554C5449504C590053544127
:104FE000424C45484C4F5F4D4158494D554D00533B
:104FF0005441424C45484C4F5F52455348415045FF
:1050000000535441424C45484C4F5F434C414D5036
:1050100000535441424C45484C4F5F434F4E43412F
:1050200054454E41544500535441424C45484C4F21
:105030005F42524F4144434153545F494E5F44499C
:105040004D00535441424C45484C4F5F434F4E56E0
:105050004F4C5554494F4E00535441424C45484CD7
:105060004F5F534C49434500535441424C45484CD3
:105070004F5F435553544F4D5F43414C4C00535485
:1050800041424C45484C4F5F5245445543450053BF
:105090005441424C45484C4F5F41425300535441A8
:1050A000424C45484C4F5F414E4400535441424CA2
:1050B00045484C4F5F434F53494E4500535441427E
:1050C0004C45484C4F5F4558504F4E454E54494112
:1050D0004C00535441424C45484C4F5F464C4F4F57
:1050E0005200535441424C45484C4F5F4C4F47008F
:1050F000535441424C45484C4F5F4D494E494D55E4
:105100004D00535441424C45484C4F5F4E4547413A
:10511000544500535441424C45484C4F5F4F520058
:10512000535441424C45484C4F5F504F57455200F5
:10513000535441424C45484C4F5F52454D41494EB6
:1051400044455200535441424C45484C4F5F5253E2
:1051500051525400535441424C45484C4F5F5345C3
:105160004C45435400535441424C45484C4F5F53C7
:105170005542545241435400535441424C45484CCB
:105180004F5F54414E4800535441424C45484C4FA8
:105190005F5343415454455200535441424C454897
:1051A0004C4F5F434F4D5041524500535441424C88
:1051B00045484C4F5F434F4E56455254005354415F
:1051C000424C45484C4F5F44594E414D49435F5313
:1051D0004C49434500535441424C45484C4F5F4471
:1051E000594E414D49435F5550444154455F534CDE
:1051F00049434500535441424C45484C4F5F504150
:105200004400535441424C45484C4F5F494F544130
:1052100000535441424C45484C4F5F444F545F4704
:10522000454E4552414C00535441424C45484C4F29
:105230005F5245445543455F57494E444F570053CD
:105240005441424C45484C4F5F534F5254005354C5
:1052500041424C45484C4F5F5748494C45005354D8
:1052600041424C45484C4F5F4741544845520053DA
:105270005441424C45484C4F5F5452414E53504F5D
:1052800053450044494C41544500535441424C4518
:10529000484C4F5F524E475F4249545F47454E4529
:1052A0005241544F5200535441424C45484C4F5F79
:1052B000434F4D504F5349544500535441424C4580
:1052C000484C4F5F53484946545F4C454654005341
:1052D0005441424C45484C4F5F4342525400535452
:1052E00041424C45484C4F5F43415345000D0A0035
:1052F0002F686F6D652F63792F636F64652F7072F0
:105300006F6772616D2F4C45445F544553542F4471
:105310007269766572732F74666C6974652D6D6938
:1053200063726F2F74656E736F72666C6F772F6C1C
:105330006974652F6B65726E656C732F6B65726E29
:10534000656C5F7574696C2E6363006E6F5F696E68
:1053500074656765725F6F766572666C6F775F669E
:10536000726F6D5F7175616E74697A6174696F6E69
:1053700000696E7075745F70726F647563745F73CB
:1053800063616C65203E3D2030007363616C655F36
:1053900064696666202F206F75747075745F73631F
:1053A000616C65203C3D20302E30320066616C73AC
:1053B0006500696E7075742D3E7175616E74697AE1
:1053C0006174696F6E2E7479706500616666696ECE
:1053D000655F7175616E74697A6174696F6E00667C
:1053E000696C7465722D3E74797065203D3D206B4B
:1053F00054664C697465496E7438207C7C206669FB
:105400006C7465722D3E74797065203D3D206B543F
:10541000664C697465496E7434006E756D5F6368BF
:10542000616E6E656C73007175616E74697A656426
:105430005F6D756C7469706C696572203E3D2030DB
:1054400000696E7433325F742074666C6974653AF7
:105450003A4D756C7469706C7942795175616E74EE
:10546000697A65644D756C7469706C6965722869D8
:105470006E7436345F742C20696E7433325F742C12
:1054800020696E7429002F686F6D652F63792F6313
:105490006F64652F70726F6772616D2F4C45445F4A
:1054A000544553542F447269766572732F74666C39
:1054B0006974652D6D6963726F2F74656E736F7299
:1054C000666C6F772F6C6974652F6B65726E656C97
:1054D000732F696E7465726E616C2F636F6D6D6F83
:1054E0006E2E6363007368696674203E3D202D3321
:1054F00031202626207368696674203C20380078A5
:10550000203E3D202D287374617469635F6361736D
:10551000743C696E7436345F743E283129203C3CFB
:10552000203437292026262078203C2028737461D7
:105530007469635F636173743C696E7436345F745D
:105540003E283129203C3C2034372900546F6F20FD
:105550006D616E79206275666665727320286D6173
:10556000782069732025642900627566666572205B
:10557000696E646578202564206973206F75747383
:105580006964652072616E6765203020746F202524
:1055900064002563202869643D2564293A207369E5
:1055A0007A653D25642C206F66667365743D2564BD
:1055B0002C2066697273745F757365643D25642081
:1055C0006C6173745F757365643D25640025346494
:1055D0003A202573202825646B2900496E74657272
:1055E0006E616C206572726F723A206569746865CD
:1055F0007220627566666572206973206E6F742012
:10560000726573697A61626C65206F72205265738E
:10561000657454656D70416C6C6F636174696F6E15
:10562000732829206973206E6F742063616C6C6528
:1056300064206265666F726520526573697A65429F
:10564000756666657228292E004661696C6564205E
:10565000746F20726573697A65206275666665721B
:105660002E205265717565737465643A2025752C1A
:1056700020617661696C61626C652025752C206DF6
:10568000697373696E673A202575004661696C65B8
:105690006420746F20616C6C6F6361746520746545
:1056A0006D70206D656D6F72792E20526571756514
:1056B000737465643A2025752C20617661696C618C
:1056C000626C652025752C206D697373696E673A6D
:1056D000202575004E756D626572206F6620616CC5
:1056E0006C6F63617465642074656D7020627566AB
:1056F000666572733A2025642E20436865636B7378
:10570000756D2070617373696E6720737461747551
:10571000733A20256400416C6C2074656D702062C2
:10572000756666657273206D757374206265206698
:1057300072656564206265666F72652063616C6C7A
:10574000696E6720526573657454656D70416C6C49
:105750006F636174696F6E732829004661696C65B7
:105760006420746F20616C6C6F6361746520746178
:10577000696C206D656D6F72792E2052657175654B
:10578000737465643A2025752C20617661696C61BB
:10579000626C652025752C206D697373696E673A9C
:1057A000202575004E6F646520257320286E756D69
:1057B0006265722025646629206661696C656420D3
:1057C000746F2070726570617265207769746820EB
:1057D000737461747573202564004163636573732A
:1057E000696E672073756267726170682025642036
:1057F000627574206F6E6C79202564207375626702
:10580000726170687320666F756E64004E6F6465B8
:1058100020257320286E756D62657220256429200D
:105820006661696C656420746F20696E766F6B6564
:10583000207769746820737461747573202564001F
:10584000417474656D7074696E6720746F20736540
:10585000742065787465726E616C20636F6E746518
:10586000787420746F202578206275742069742004
:1058700077617320257820616C7265616479004FCF
:1058800070206275696C74696E5F636F6465206F08
:105890007574206F662072616E67653A2025642EEC
:1058A000004469646E27742066696E64206F7020FE
:1058B000666F72206275696C74696E206F70636FB9
:1058C00064652027257327004F70657261746F72BD
:1058D000207769746820435553544F4D2062756991
:1058E0006C74696E5F636F646520686173206E6FAE
:1058F00020637573746F6D5F636F64652E0A002C8F
:105900002066756E6374696F6E3A2000617373650B
:105910007274696F6E2022257322206661696C653E
:10592000643A2066696C6520222573222C206C69FC
:105930006E65202564257325730A00232D302B20E6
:1059400000686C4C0065666745464700303132336D
:1059500034353637383941424344454600303132D8
:105960003334353637383961626364656600000068
:105970000000000000000000011100086310000892
:105980003310000831100008311000081A270208EF
:105990002E27020844270208562702086C2702080F
:1059A0007E27020892270208A1270208A08601008C
:1059B000400D0300801A060000350C0040420F0025
:1059C00080841E0000093D0000127A000024F400CB
:1059D00000366E010048E801006CDC0200000000A7
:1059E00000000000000000000000000000000000B7
:1059F0000102030400000000000000000102030493
:105A000006070809010002000400060008000A0059
:105A10000C001000200040008000000100800040C9
:105A20000048004000080242000402420000024216
:105A30008000800000020000000000000200000062
:105A40000100000000000000000000000200000053
:105A50000100000000000000000000000200000043
:105A600001000000000000000080AB825585FD872A
:105A7000A58A498DEB8F89922495B9974A9AD59C2E
:105A80005A9FD8A150A4C0A628A988ABDFAD2EB0DC
:105A900073B2AFB4E1B609B927BB3BBD44BF43C144
:105AA00037C320C5FEC6D1C899CA57CC09CEB1CFDD
:105AB0004DD1DFD266D4E3D555D7BDD81ADA6EDB27
:105AC000B7DCF7DD2DDF59E07CE197E2A8E3B0E435
:105AD000B0E5A8E698E77FE85FE937EA08EBD2EBA4
:105AE00095EC51ED07EEB6EE5FEF01F09FF036F169
:105AF000C8F154F2DCF25EF3DCF355F4CAF43AF583
:105B0000A6F50EF672F6D2F62FF788F7DEF730F824
:105B10007FF8CBF815F95BF99FF9E0F91EFA5AFA0C
:105B200094FACCFA01FB34FB65FB95FBC2FBEEFB60
:105B300018FC40FC66FC8CFCAFFCD1FCF2FC12FDB6
:105B400030FD4DFD69FD84FD9EFDB6FDCEFDE5FDFC
:105B5000FBFD0FFE24FE37FE49FE5BFE6CFE7DFE64
:105B60008CFE9BFEAAFEB8FEC5FED2FEDEFEEAFE5D
:105B7000F5FE00FF0BFF15FF1EFF27FF30FF39FF6B
:105B800041FF48FF50FF57FF5EFF65FF6BFF71FF4E
:105B900077FF7CFF82FF87FF8CFF91FF95FF99FFC6
:105BA0009EFFA2FFA5FFA9FFADFFB0FFB3FFB6FFA9
:105BB000B9FFBCFFBFFFC2FFC4FFC7FFC9FFCBFFD8
:105BC000CDFFD0FFD1FFD3FFD5FFD7FFD9FFDAFF3D
:105BD000DCFFDDFFDFFFE0FFE1FFE3FFE4FFE5FFC8
:105BE000E6FFE7FFE8FFE9FFEAFFEBFFECFFEDFF71
:105BF000EDFFEEFFEFFFF0FFF0FFF1FFF2FFF2FF2E
:105C0000F3FFF3FFF4FFF4FFF5FFF5FFF6FFF6FFF8
:105C1000F6FFF7FFF7FFF8FFF8FFF8FFF9FFF9FFCE
:105C2000F9FFF9FFFAFFFAFFFAFFFAFFFBFFFBFFAC
:105C3000FBFFFBFFFBFFFCFFFCFFFCFFFCFFFCFF8F
:105C4000FCFFFDFFFDFFFDFFFDFFFDFFFDFFFDFF75
:105C5000FDFFFEFFFEFFFEFFFEFFFEFFFEFFFEFF5D
:105C6000FEFFFEFFFEFFFFFF00000000000000003F
:105C70000000000001000000000000000000000023
:105C80000000000000000000010000000000000013
:105C90008A3C0208913C0208E13C0208993C020857
:105CA000C93C02089F3C0208A63C0208E83C0208E6
:105CB000AB3C02089A3C0208F43C0208B53C0208DE
:105CC000BD3C0208C83C0208CF3C0208D83C020890
:105CD000E03C0208E73C0208EE3C0208F33C020804
:105CE0000000000000000000C1C0000839C1000829
:105CF00003BA0008D5B90008DDB90008E5B9000805
:105D0000EDB90008CBB90008C9B90008C9B9000845
:105D100069C00008C9C30008CDBF0008F5B9000874
:105D200077C30008BDC1000847BA000800000000A2
:105D300000000000BFB90008C7B9000801BA000898
:105D400001BA0008000000004F66666C696E654D80
:105D5000656D6F7279416C6C6F636174696F6E0011
:105D6000B54F02088249020892490208AA4902086E
:105D7000A0490208B2490208C1490208CC490208F8
:105D8000DC500208DD490208ED490208FE4902081C
:105D90000F4A02081A4A0208A24F0208374A0208AC
:105DA000994B0208464A0208D54D02089F4B02084B
:105DB000524A02085F4A0208F94F0208654A02087F
:105DC000574B0208714B0208754A0208844A0208C0
:105DD00082510208894A02089B4A02087950020847
:105DE000A54A0208AC4A0208FE510208C44A020849
:105DF00068520208E04A0208F24A0208894E020884
:105E0000044B0208094B02088B4C02080D4B020898
:105E1000154B0208324B0208404B02085B4B02084C
:105E20005F4B0208674B02086D4B0208794B020872
:105E3000824B02087B4F02089E4B0208E74F020884
:105E4000A44B0208FA500208AC4B0208B14B0208FE
:105E5000B54B0208BB4B0208C34B0208D14B0208EA
:105E60005E510208CF510208DC4B0208E04B0208E9
:105E7000EF4B0208FF4B0208044C0208CB4B020810
:105E8000104C0208EC500208FD4D02084F51020868
:105E90004E510208FB4F02081A4C02081E4C020821
:105EA000264C0208314C02083D4C0208754C020891
:105EB000484C0208534C02085B4C0208674C02082D
:105EC000734C02087A4C0208854C02088F4C020879
:105ED0009A4C0208A14C0208AC4C0208B14C0208D2
:105EE000BB4C0208C14C0208D94C0208E44C020821
:105EF000F74C020899500208024D02080A4D0208A8
:105F0000114D0208164D0208214D0208274D0208C6
:105F1000314D0208354D02083B4D0208084F02087A
:105F2000404D0208514D0208C34902085D4D020868
:105F30006D4D0208734D02087E4D0208585202084A
:105F4000814D0208984D0208AF4D0208BA4D020873
:105F5000C44D02084C4F0208CC4D0208D94D02082E
:105F6000FA4D0208014E02080B4E0208184E0208B4
:105F70001F4E0208274E02082C4E0208314E02081E
:105F80003D4E0208474E0208564E0208674E020870
:105F9000764E0208814E0208934E02089E4E020879
:105FA000AC4E0208BC4E0208CB4E0208E24E02087C
:105FB000EC4E0208FB4E0208074F0208DF510208B0
:105FC0000C4F0208184F02082E4F0208434F0208D8
:105FD000584F02085E4F0208734F0208784F0208BC
:105FE000804F02088C4F0208984F0208AB4F0208FE
:105FF000B94F0208CA4F0208DD4F0208EF4F0208EE
:1060000001500208115002082750020842500208AD
:1060100058500208685002087E5002088F5002084B
:106020009D500208AB500208BC500208D250020832
:10603000E2500208F050020802510208135102080F
:1060400020510208305102084451020854510208FC
:1060500065510208785102088751020899510208D7
:10606000AB510208BD510208D5510208F451020893
:106070000252020811520208275202083F52020837
:106080004E5202085E5202086F5202088352020802
:106090008A52020831520208A6520208BA52020875
:1060A000CF520208DE52020800000000000000008B
:1060B000000000005FDD00085FDD000871DD000802
:1060C00051DD000861DD000869DD0008A5DD00087C
:1060D00055DD00085BDD000859DD00080000000008
:1060E0000000000043DE000843DE000865DE000813
:1060F00045DE0008ABE0000861DE00081DE2000894
:106100000FDE0008E5DD0008E5E000080000000003
:106110000000000051E2000851E2000845E30008D9
:1061200065E2000881E30008A5E3000897E20008A3
:10613000EDE2000853E2000873E20008C7E200083D
:1061400077E2000801E40008C9E3000887E20008DC
:10615000FCFFFFFF000000001BE400081FE4000834
:10616000F9E300088FE200080000000000000000D2
:10617000C5E40008C5E400089DE60008F1E8000851
:1061800091E800080BE90008C1E800087DE6000876
:10619000C1E40008C7E40008FDE500082DE500089B
:1061A00085E5000889E70008000000000000000005
:1061B0002FE900082FE9000873E90008CFE900087B
:1061C0008BE9000831E900084DE900089FE9000863
:1061D000B7E9000855E90008EDE9000827E90008DB
:1061E0002BE9000869E900086FE9000800000000D9
:1061F00000000000F9EA0008F9EA0008FBEA0008DC
:10620000000000000000803FC70F493BB1FF7F3F07
:10621000890FC93BC4FE7F3F59CB163C39FD7F3FF8
:10622000900E493C11FB7F3F4B517B3C4AF87F3F2E
:10623000B6C9963CE6F47F3F69EAAF3CE3F07F3FA6
:10624000B00AC93C43EC7F3F7B2AE23C05E77F3F35
:10625000B949FB3C29E17F3F2F340A3DAFDA7F3F4C
:106260002CC3163D98D37F3FCC51233DE2CB7F3FDB
:1062700007E02F3D8FC37F3FD56D3C3D9EBA7F3FEA
:106280002FFB483D0FB17F3F0E88553DE3A67F3F72
:106290006814623D189C7F3F38A06E3DB1907F3FEF
:1062A000742B7B3DAB847F3F0ADB833D08787F3FC7
:1062B0000A208A3DC76A7F3FB464903DE95C7F3F16
:1062C00005A9963D6D4E7F3FF9EC9C3D543F7F3FC5
:1062D0008C30A33D9D2F7F3FBA73A93D491F7F3F5F
:1062E00080B6AF3D580E7F3FDAF8B53DC9FC7E3F22
:1062F000C33ABC3D9DEA7E3F397CC23DD4D77E3F48
:1063000036BDC83D6DC47E3FB7FDCE3D69B07E3F12
:10631000B93DD53DC99B7E3F377DDB3D8B867E3FBA
:106320002EBCE13DB0707E3F9AFAE73D385A7E3F81
:106330007638EE3D23437E3FC075F43D722B7E3FA1
:1063400073B2FA3D24137E3F4577003E38FA7D3F15
:106350000295033EB1E07D3F6EB2063E8CC67D3FA6
:1063600086CF093ECCAB7D3F4AEC0C3E6E907D3F24
:10637000B708103E74747D3FCA24133EDE577D3F3C
:106380008340163EAC3A7D3FE05B193EDD1C7D3F0D
:10639000DE761C3E73FE7C3F7B911F3E6CDF7C3FB4
:1063A000B6AB223EC9BF7C3F8CC5253E8A9F7C3F51
:1063B000FCDE283EB07E7C3F04F82B3E3A5D7C3FFD
:1063C000A2102F3E283B7C3FD428323E7A187C3FD7
:1063D0009840353E31F57B3FEC57383E4DD17B3F01
:1063E000CF6E3B3ECDAC7B3F3E853E3EB2877B3F92
:1063F000379B413EFC617B3FB9B0443EAB3B7B3FAA
:10640000C2C5473EBE147B3F4FDA4A3E37ED7A3F66
:1064100060EE4D3E16C57A3FF101513E599C7A3FE0
:106420000115543E02737A3F8F27573E10497A3F39
:1064300097395A3E841E7A3F1A4B5D3E5EF3793F90
:10644000135C603E9DC7793F836C633E439B793FFD
:10645000667C663E4E6E793FBA8B693EC040793F9E
:106460007F9A6C3E9812793FB2A86F3ED6E3783F90
:1064700051B6723E7BB4783F5AC3753E8684783FEE
:10648000CCCF783EF853783FA4DB7B3ED122783FD7
:10649000E1E67E3E10F1773FC0F8803EB7BE773F21
:1064A000C07D823EC58B773F7002843E3A58773F6D
:1064B000CE86853E1724773FDA0A873E5BEF763F2C
:1064C000938E883E07BA763FF8118A3E1B84763F4A
:1064D00007958B3E974D763FC0178D3E7A16763FD7
:1064E000229A8E3EC6DE753F2C1C903E7BA6753FE1
:1064F000DD9D913E976D753F351F933E1D34753F71
:1065000031A0943E0BFA743FD220963E62BF743F96
:1065100017A1973E2284743FFE20993E4B48743F5A
:1065200086A09A3EDD0B743FAF1F9C3ED9CE733FD1
:10653000789E9D3E3F91733FDF1C9F3E0E53733FFD
:10654000E59AA03E4714733F8718A23EEBD4723FF2
:10655000C595A33EF894723F9F12A53E7054723FBA
:10656000128FA63E5213723F1F0BA83E9FD1713F60
:10657000C486A93E578F713F0102AB3E7A4C713FF2
:10658000D47CAC3E0809713F3CF7AD3E02C5703F7C
:106590003A71AF3E6680703FCBEAB03E373B703F0A
:1065A000EF63B23E73F56F3FA5DCB33E1BAF6F3FA9
:1065B000EC54B53E30686F3FC3CCB63EB0206F3F61
:1065C0002A44B83E9ED86E3F1EBBB93EF88F6E3F40
:1065D000A031BB3EBE466E3FAFA7BC3EF2FC6D3F56
:1065E0004A1DBE3E93B26D3F6F92BF3EA1676D3FA5
:1065F0001E07C13E1D1C6D3F557BC23E07D06C3F40
:1066000015EFC33E5E836C3F5C62C53E24366C3F33
:1066100029D5C63E58E86B3F7C47C83EFB996B3F87
:1066200053B9C93E0C4B6B3FAE2ACB3E8CFB6A3F45
:106630008B9BCC3E7BAB6A3FEA0BCE3ED95A6A3F7E
:10664000CA7BCF3EA7096A3F2AEBD03EE4B7693F39
:10665000095AD23E9165693F67C8D33EAE12693F81
:106660004136D53E3CBF683F99A3D63E396B683F63
:106670006B10D83EA816683FB97CD93E87C1673FEA
:1066800080E8DA3ED86B673FC153DC3E9915673F1F
:1066900079BEDD3ECCBE663FA928DF3E7167663F0E
:1066A0004F92E03E880F663F6AFBE13E10B7653FC0
:1066B000FA63E33E0B5E653FFECBE43E7904653F43
:1066C0007533E63E59AA643F5D9AE73EAC4F643F9E
:1066D000B700E93E73F4633F8166EA3EAC98633FDE
:1066E000BBCBEB3E5A3C633F6330ED3E7BDF623F0A
:1066F0007994EE3E1082623FFBF7EF3E1A24623F30
:10670000EA5AF13E98C5613F43BDF23E8A66613F59
:10671000071FF43EF206613F3580F53ECFA6603F8D
:10672000CBE0F63E2146603FC840F83EE9E45F3FDB
:106730002DA0F93E27835F3FF7FEFA3EDB205F3F47
:10674000275DFC3E05BE5E3FBBBAFD3EA65A5E3FDE
:10675000B217FF3EBEF65D3F063A003F4D925D3FE9
:10676000E4E7003F532D5D3F7395013FD1C75C3F88
:10677000B142023FC7615C3F9FEF023F34FB5B3F8A
:106780003D9C033F1A945B3F8948043F792C5B3F53
:1067900084F4043F50C45A3F2CA0053FA05B5A3FED
:1067A000824B063F6AF2593F86F6063FAD88593F55
:1067B00036A1073F6A1E593F924B083FA1B3583F8D
:1067C0009BF5083F5348583F4E9F093F7FDC573F9A
:1067D000AD480A3F2670573FB7F10A3F4803573F7D
:1067E0006B9A0B3FE595563FC9420C3FFE27563F3B
:1067F000D0EA0C3F93B9553F81920D3FA44A553FD3
:10680000DA390E3F31DB543FDBE00E3F3B6B543F48
:1068100084870F3FC3FA533FD52D103FC789533F9D
:10682000CDD3103F4918533F6B79113F49A6523FD2
:10683000B01E123FC633523F9AC3123FC2C0513FEF
:106840002A68133F3D4D513F5F0C143F37D9503FED
:1068500039B0143FAF64503FB753153FA8EF4F3FD7
:10686000D9F6153F1F7A4F3F9F99163F17044F3FA8
:10687000073C173F908D4E3F12DE173F89164E3F63
:10688000C07F183F029F4D3F0F21193FFD264D3F0E
:1068900000C2193F79AE4C3F93621A3F78354C3FA6
:1068A000C6021B3FF8BB4B3F99A21B3FFA414B3F2F
:1068B0000C421C3F7FC74A3F1FE11C3F874C4A3FA9
:1068C000D17F1D3F12D1493F221E1E3F2155493F16
:1068D00012BC1E3FB3D8483F9F591F3FCA5B483F79
:1068E000CBF61F3F65DE473F9393203F8560473FD0
:1068F000F92F213F2AE2463FFBCB213F5463463F1D
:106900009967223F03E4453FD302233F3964453F63
:10691000A99D233FF5E3443F1A38243F3763443FA2
:1069200025D2243F00E2433FCB6B253F5160433FDC
:106930000A05263F29DE423FE39D263F895B423F11
:106940005636273F70D8413F61CE273FE154413F43
:106950000566283FDAD0403F41FD283F5C4C403F70
:106960001594293F67C73F3F802A2A3FFC413F3F9C
:1069700082C02A3F1BBC3E3F1B562B3FC5353E3FC6
:106980004AEB2B3FF9AE3D3F0F802C3FB8273D3FF0
:1069900069142D3F03A03C3F59A82D3FD9173C3F18
:1069A000DE3B2E3F3B8F3B3FF7CE2E3F29063B3F42
:1069B000A5612F3FA47C3A3FE6F32F3FACF2393F6D
:1069C000BB85303F4268393F2217313F65DD383F94
:1069D0001DA8313F1652383FAA38323F55C6373FBF
:1069E000C9C8323F233A373F7A58333F7FAD363FED
:1069F000BCE7333F6C20363F8F76343FE792353F1C
:106A0000F304353FF304353FE792353F8F76343F4B
:106A10006C20363FBCE7333F7FAD363F7A58333F7B
:106A2000233A373FC9C8323F55C6373FAA38323FAD
:106A30001652383F1DA8313F65DD383F2217313FE0
:106A40004268393FBB85303FACF2393FE6F32F3F18
:106A5000A47C3A3FA5612F3F29063B3FF7CE2E3F4E
:106A60003B8F3B3FDE3B2E3FD9173C3F59A82D3F84
:106A700003A03C3F69142D3FB8273D3F0F802C3FBA
:106A8000F9AE3D3F4AEB2B3FC5353E3F1B562B3FF2
:106A90001BBC3E3F82C02A3FFC413F3F802A2A3F29
:106AA00067C73F3F1594293F5C4C403F41FD283F5D
:106AB000DAD0403F0566283FE154413F61CE273F91
:106AC00070D8413F5636273F895B423FE39D263FC2
:106AD00029DE423F0A05263F5160433FCB6B253FED
:106AE00000E2433F25D2243F3763443F1A38243F16
:106AF000F5E3443FA99D233F3964453FD302233F3B
:106B000003E4453F9967223F5463463FFBCB213F57
:106B10002AE2463FF92F213F8560473F9393203F6C
:106B200065DE473FCBF61F3FCA5B483F9F591F3F7B
:106B3000B3D8483F12BC1E3F2155493F221E1E3F7D
:106B400012D1493FD17F1D3F874C4A3F1FE11C3F77
:106B50007FC74A3F0C421C3FFA414B3F99A21B3F63
:106B6000F8BB4B3FC6021B3F78354C3F93621A3F40
:106B700079AE4C3F00C2193FFD264D3F0F21193F12
:106B8000029F4D3FC07F183F89164E3F12DE173FD0
:106B9000908D4E3F073C173F17044F3F9F99163F7C
:106BA0001F7A4F3FD9F6153FA8EF4F3FB753153F18
:106BB000AF64503F39B0143F37D9503F5F0C143F9A
:106BC0003D4D513F2A68133FC2C0513F9AC3123F07
:106BD000C633523FB01E123F49A6523F6B79113F58
:106BE0004918533FCDD3103FC789533FD52D103F90
:106BF000C3FA533F84870F3F3B6B543FDBE00E3FAC
:106C000031DB543FDA390E3FA44A553F81920D3FA4
:106C100093B9553FD0EA0C3FFE27563FC9420C3F7F
:106C2000E595563F6B9A0B3F4803573FB7F10A3F34
:106C30002670573FAD480A3F7FDC573F4E9F093FC4
:106C40005348583F9BF5083FA1B3583F924B083F2C
:106C50006A1E593F36A1073FAD88593F86F6063F69
:106C60006AF2593F824B063FA05B5A3F2CA0053F7A
:106C700050C45A3F84F4043F792C5B3F8948043F59
:106C80001A945B3F3D9C033F34FB5B3F9FEF023F09
:106C9000C7615C3FB142023FD1C75C3F7395013F82
:106CA000532D5D3FE4E7003F4D925D3F063A003FC4
:106CB000BEF65D3FB217FF3EA65A5E3FBBBAFD3E31
:106CC00005BE5E3F275DFC3EDB205F3FF7FEFA3EE0
:106CD00027835F3F2DA0F93EE9E45F3FC840F83EBF
:106CE0002146603FCBE0F63ECFA6603F3580F53EC3
:106CF000F206613F071FF43E8A66613F43BDF23EE4
:106D000098C5613FEA5AF13E1A24623FFBF7EF3E15
:106D10001082623F7994EE3E7BDF623F6330ED3E4E
:106D20005A3C633FBBCBEB3EAC98633F8166EA3E87
:106D300073F4633FB700E93EAC4F643F5D9AE73EB2
:106D400059AA643F7533E63E7904653FFECBE43EC5
:106D50000B5E653FFA63E33E10B7653F6AFBE13EB9
:106D6000880F663F4F92E03E7167663FA928DF3E7D
:106D7000CCBE663F79BEDD3E9915673FC153DC3E10
:106D8000D86B673F80E8DA3E87C1673FB97CD93E60
:106D9000A816683F6B10D83E396B683F99A3D63E62
:106DA0003CBF683F4136D53EAE12693F67C8D33E0F
:106DB0009165693F095AD23EE4B7693F2AEBD03E5C
:106DC000A7096A3FCA7BCF3ED95A6A3FEA0BCE3E3B
:106DD0007BAB6A3F8B9BCC3E8CFB6A3FAE2ACB3EA3
:106DE0000C4B6B3F53B9C93EFB996B3F7C47C83E88
:106DF00058E86B3F29D5C63E24366C3F5C62C53EE1
:106E00005E836C3F15EFC33E07D06C3F557BC23E9F
:106E10001D1C6D3F1E07C13EA1676D3F6F92BF3EB7
:106E200093B26D3F4A1DBE3EF2FC6D3FAFA7BC3E24
:106E3000BE466E3FA031BB3EF88F6E3F1EBBB93ED3
:106E40009ED86E3F2A44B83EB0206F3FC3CCB63EBA
:106E500030686F3FEC54B53E1BAF6F3FA5DCB33ECF
:106E600073F56F3FEF63B23E373B703FCBEAB03E06
:106E70006680703F3A71AF3E02C5703F3CF7AD3E51
:106E80000809713FD47CAC3E7A4C713F0102AB3EA5
:106E9000578F713FC486A93E9FD1713F1F0BA83EFB
:106EA0005213723F128FA63E7054723F9F12A53E3E
:106EB000F894723FC595A33EEBD4723F8718A23E6B
:106EC0004714733FE59AA03E0E53733FDF1C9F3E6D
:106ED0003F91733F789E9D3ED9CE733FAF1F9C3E3E
:106EE000DD0B743F86A09A3E4B48743FFE20993ECE
:106EF0002284743F17A1973E62BF743FD220963E12
:106F00000BFA743F31A0943E1D34753F351F933EFC
:106F1000976D753FDD9D913E7BA6753F2C1C903E85
:106F2000C6DE753F229A8E3E7A16763FC0178D3E9A
:106F3000974D763F07958B3E1B84763FF8118A3E2E
:106F400007BA763F938E883E5BEF763FDA0A873E3C
:106F50001724773FCE86853E3A58773F7002843EAD
:106F6000C58B773FC07D823EB7BE773FC0F8803E7D
:106F700010F1773FE1E67E3ED122783FA4DB7B3EF5
:106F8000F853783FCCCF783E8684783F5AC3753E1D
:106F90007BB4783F51B6723ED6E3783FB2A86F3EDD
:106FA0009812793F7F9A6C3EC040793FBA8B693E18
:106FB0004E6E793F667C663E439B793F836C633EB1
:106FC0009DC7793F135C603E5EF3793F1A4B5D3E8F
:106FD000841E7A3F97395A3E10497A3F8F27573E91
:106FE00002737A3F0115543E599C7A3FF101513E9C
:106FF00016C57A3F60EE4D3E37ED7A3F4FDA4A3E96
:10700000BE147B3FC2C5473EAB3B7B3FB9B0443E5D
:10701000FC617B3F379B413EB2877B3F3E853E3ED6
:10702000CDAC7B3FCF6E3B3E4DD17B3FEC57383EE6
:1070300031F57B3F9840353E7A187C3FD428323E6C
:10704000283B7C3FA2102F3E3A5D7C3F04F82B3E4C
:10705000B07E7C3FFCDE283E8A9F7C3F8CC5253E6F
:10706000C9BF7C3FB6AB223E6CDF7C3F7B911F3EAD
:1070700073FE7C3FDE761C3EDD1C7D3FE05B193EEF
:10708000AC3A7D3F8340163EDE577D3FCA24133E17
:1070900074747D3FB708103E6E907D3F4AEC0C3E05
:1070A000CCAB7D3F86CF093E8CC67D3F6EB2063E9F
:1070B000B1E07D3F0295033E38FA7D3F4577003EC3
:1070C00024137E3F73B2FA3D722B7E3FC075F43DB0
:1070D00023437E3F7638EE3D385A7E3F9AFAE73DAD
:1070E000B0707E3F2EBCE13D8B867E3F377DDB3D21
:1070F000C99B7E3FB93DD53D69B07E3FB7FDCE3DD2
:107100006DC47E3F36BDC83DD4D77E3F397CC23D7D
:107110009DEA7E3FC33ABC3DC9FC7E3FDAF8B53DEF
:10712000580E7F3F80B6AF3D491F7F3FBA73A93DE0
:107130009D2F7F3F8C30A33D543F7F3FF9EC9C3D1A
:107140006D4E7F3F05A9963DE95C7F3FB464903D5D
:10715000C76A7F3F0A208A3D08787F3F0ADB833D6C
:10716000AB847F3F742B7B3DB1907F3F38A06E3D59
:10717000189C7F3F6814623DE3A67F3F0E88553D13
:107180000FB17F3F2FFB483D9EBA7F3FD56D3C3D01
:107190008FC37F3F07E02F3DE2CB7F3FCC51233DA4
:1071A00098D37F3F2CC3163DAFDA7F3F2F340A3D83
:1071B00029E17F3FB949FB3C05E77F3F7B2AE23C61
:1071C00043EC7F3FB00AC93CE3F07F3F69EAAF3C44
:1071D000E6F47F3FB6C9963C4AF87F3F4B517B3C73
:1071E00011FB7F3F900E493C39FD7F3F59CB163C48
:1071F000C4FE7F3F890FC93BB1FF7F3FC70F493BAB
:107200000000803F00000000B1FF7F3FC70F49BB77
:10721000C4FE7F3F890FC9BB39FD7F3F59CB16BCE8
:1072200011FB7F3F900E49BC4AF87F3F4B517BBC1E
:10723000E6F47F3FB6C996BCE3F07F3F69EAAFBC96
:1072400043EC7F3FB00AC9BC05E77F3F7B2AE2BC25
:1072500029E17F3FB949FBBCAFDA7F3F2F340ABD3C
:1072600098D37F3F2CC316BDE2CB7F3FCC5123BDCB
:107270008FC37F3F07E02FBD9EBA7F3FD56D3CBDDA
:107280000FB17F3F2FFB48BDE3A67F3F0E8855BD62
:10729000189C7F3F681462BDB1907F3F38A06EBDDF
:1072A000AB847F3F742B7BBD08787F3F0ADB83BDB7
:1072B000C76A7F3F0A208ABDE95C7F3FB46490BD06
:1072C0006D4E7F3F05A996BD543F7F3FF9EC9CBDB5
:1072D0009D2F7F3F8C30A3BD491F7F3FBA73A9BD4F
:1072E000580E7F3F80B6AFBDC9FC7E3FDAF8B5BD12
:1072F0009DEA7E3FC33ABCBDD4D77E3F397CC2BD38
:107300006DC47E3F36BDC8BD69B07E3FB7FDCEBD02
:10731000C99B7E3FB93DD5BD8B867E3F377DDBBDAA
:10732000B0707E3F2EBCE1BD385A7E3F9AFAE7BD71
:1073300023437E3F7638EEBD722B7E3FC075F4BD91
:1073400024137E3F73B2FABD38FA7D3F457700BE05
:10735000B1E07D3F029503BE8CC67D3F6EB206BE96
:10736000CCAB7D3F86CF09BE6E907D3F4AEC0CBE14
:1073700074747D3FB70810BEDE577D3FCA2413BE2C
:10738000AC3A7D3F834016BEDD1C7D3FE05B19BEFD
:1073900073FE7C3FDE761CBE6CDF7C3F7B911FBEA4
:1073A000C9BF7C3FB6AB22BE8A9F7C3F8CC525BE41
:1073B000B07E7C3FFCDE28BE3A5D7C3F04F82BBEED
:1073C000283B7C3FA2102FBE7A187C3FD42832BEC7
:1073D00031F57B3F984035BE4DD17B3FEC5738BEF1
:1073E000CDAC7B3FCF6E3BBEB2877B3F3E853EBE82
:1073F000FC617B3F379B41BEAB3B7B3FB9B044BE9A
:10740000BE147B3FC2C547BE37ED7A3F4FDA4ABE56
:1074100016C57A3F60EE4DBE599C7A3FF10151BED0
:1074200002737A3F011554BE10497A3F8F2757BE29
:10743000841E7A3F97395ABE5EF3793F1A4B5DBE80
:107440009DC7793F135C60BE439B793F836C63BEED
:107450004E6E793F667C66BEC040793FBA8B69BE8E
:107460009812793F7F9A6CBED6E3783FB2A86FBE80
:107470007BB4783F51B672BE8684783F5AC375BEDE
:10748000F853783FCCCF78BED122783FA4DB7BBEC7
:1074900010F1773FE1E67EBEB7BE773FC0F880BE11
:1074A000C58B773FC07D82BE3A58773F700284BE5D
:1074B0001724773FCE8685BE5BEF763FDA0A87BE1C
:1074C00007BA763F938E88BE1B84763FF8118ABE3A
:1074D000974D763F07958BBE7A16763FC0178DBEC7
:1074E000C6DE753F229A8EBE7BA6753F2C1C90BED1
:1074F000976D753FDD9D91BE1D34753F351F93BE61
:107500000BFA743F31A094BE62BF743FD22096BE86
:107510002284743F17A197BE4B48743FFE2099BE4A
:10752000DD0B743F86A09ABED9CE733FAF1F9CBEC1
:107530003F91733F789E9DBE0E53733FDF1C9FBEED
:107540004714733FE59AA0BEEBD4723F8718A2BEE2
:10755000F894723FC595A3BE7054723F9F12A5BEAA
:107560005213723F128FA6BE9FD1713F1F0BA8BE50
:10757000578F713FC486A9BE7A4C713F0102ABBEE2
:107580000809713FD47CACBE02C5703F3CF7ADBE6C
:107590006680703F3A71AFBE373B703FCBEAB0BEFA
:1075A00073F56F3FEF63B2BE1BAF6F3FA5DCB3BE99
:1075B00030686F3FEC54B5BEB0206F3FC3CCB6BE51
:1075C0009ED86E3F2A44B8BEF88F6E3F1EBBB9BE30
:1075D000BE466E3FA031BBBEF2FC6D3FAFA7BCBE46
:1075E00093B26D3F4A1DBEBEA1676D3F6F92BFBE95
:1075F0001D1C6D3F1E07C1BE07D06C3F557BC2BE30
:107600005E836C3F15EFC3BE24366C3F5C62C5BE23
:1076100058E86B3F29D5C6BEFB996B3F7C47C8BE77
:107620000C4B6B3F53B9C9BE8CFB6A3FAE2ACBBE35
:107630007BAB6A3F8B9BCCBED95A6A3FEA0BCEBE6E
:10764000A7096A3FCA7BCFBEE4B7693F2AEBD0BE29
:107650009165693F095AD2BEAE12693F67C8D3BE71
:107660003CBF683F4136D5BE396B683F99A3D6BE53
:10767000A816683F6B10D8BE87C1673FB97CD9BEDA
:10768000D86B673F80E8DABE9915673FC153DCBE0F
:10769000CCBE663F79BEDDBE7167663FA928DFBEFE
:1076A000880F663F4F92E0BE10B7653F6AFBE1BEB0
:1076B0000B5E653FFA63E3BE7904653FFECBE4BE33
:1076C00059AA643F7533E6BEAC4F643F5D9AE7BE8E
:1076D00073F4633FB700E9BEAC98633F8166EABECE
:1076E0005A3C633FBBCBEBBE7BDF623F6330EDBEFA
:1076F0001082623F7994EEBE1A24623FFBF7EFBE20
:1077000098C5613FEA5AF1BE8A66613F43BDF2BE49
:10771000F206613F071FF4BECFA6603F3580F5BE7D
:107720002146603FCBE0F6BEE9E45F3FC840F8BECB
:1077300027835F3F2DA0F9BEDB205F3FF7FEFABE37
:1077400005BE5E3F275DFCBEA65A5E3FBBBAFDBECE
:10775000BEF65D3FB217FFBE4D925D3F063A00BFD9
:10776000532D5D3FE4E700BFD1C75C3F739501BF78
:10777000C7615C3FB14202BF34FB5B3F9FEF02BF7A
:107780001A945B3F3D9C03BF792C5B3F894804BF43
:1077900050C45A3F84F404BFA05B5A3F2CA005BFDD
:1077A0006AF2593F824B06BFAD88593F86F606BF45
:1077B0006A1E593F36A107BFA1B3583F924B08BF7D
:1077C0005348583F9BF508BF7FDC573F4E9F09BF8A
:1077D0002670573FAD480ABF4803573FB7F10ABF6D
:1077E000E595563F6B9A0BBFFE27563FC9420CBF2B
:1077F00093B9553FD0EA0CBFA44A553F81920DBFC3
:1078000031DB543FDA390EBF3B6B543FDBE00EBF38
:10781000C3FA533F84870FBFC789533FD52D10BF8D
:107820004918533FCDD310BF49A6523F6B7911BFC2
:10783000C633523FB01E12BFC2C0513F9AC312BFDF
:107840003D4D513F2A6813BF37D9503F5F0C14BFDD
:10785000AF64503F39B014BFA8EF4F3FB75315BFC7
:107860001F7A4F3FD9F615BF17044F3F9F9916BF98
:10787000908D4E3F073C17BF89164E3F12DE17BF53
:10788000029F4D3FC07F18BFFD264D3F0F2119BFFE
:1078900079AE4C3F00C219BF78354C3F93621ABF96
:1078A000F8BB4B3FC6021BBFFA414B3F99A21BBF1F
:1078B0007FC74A3F0C421CBF874C4A3F1FE11CBF99
:1078C00012D1493FD17F1DBF2155493F221E1EBF06
:1078D000B3D8483F12BC1EBFCA5B483F9F591FBF69
:1078E00065DE473FCBF61FBF8560473F939320BFC0
:1078F0002AE2463FF92F21BF5463463FFBCB21BF0D
:1079000003E4453F996722BF3964453FD30223BF53
:10791000F5E3443FA99D23BF3763443F1A3824BF92
:1079200000E2433F25D224BF5160433FCB6B25BFCC
:1079300029DE423F0A0526BF895B423FE39D26BF01
:1079400070D8413F563627BFE154413F61CE27BF33
:10795000DAD0403F056628BF5C4C403F41FD28BF60
:1079600067C73F3F159429BFFC413F3F802A2ABF8C
:107970001BBC3E3F82C02ABFC5353E3F1B562BBFB6
:10798000F9AE3D3F4AEB2BBFB8273D3F0F802CBFE0
:1079900003A03C3F69142DBFD9173C3F59A82DBF08
:1079A0003B8F3B3FDE3B2EBF29063B3FF7CE2EBF32
:1079B000A47C3A3FA5612FBFACF2393FE6F32FBF5D
:1079C0004268393FBB8530BF65DD383F221731BF84
:1079D0001652383F1DA831BF55C6373FAA3832BFAF
:1079E000233A373FC9C832BF7FAD363F7A5833BFDD
:1079F0006C20363FBCE733BFE792353F8F7634BF0C
:107A0000F304353FF30435BF8F76343FE79235BF3B
:107A1000BCE7333F6C2036BF7A58333F7FAD36BF6B
:107A2000C9C8323F233A37BFAA38323F55C637BF9D
:107A30001DA8313F165238BF2217313F65DD38BFD0
:107A4000BB85303F426839BFE6F32F3FACF239BF08
:107A5000A5612F3FA47C3ABFF7CE2E3F29063BBF3E
:107A6000DE3B2E3F3B8F3BBF59A82D3FD9173CBF74
:107A700069142D3F03A03CBF0F802C3FB8273DBFAA
:107A80004AEB2B3FF9AE3DBF1B562B3FC5353EBFE2
:107A900082C02A3F1BBC3EBF802A2A3FFC413FBF19
:107AA0001594293F67C73FBF41FD283F5C4C40BF4D
:107AB0000566283FDAD040BF61CE273FE15441BF81
:107AC0005636273F70D841BFE39D263F895B42BFB2
:107AD0000A05263F29DE42BFCB6B253F516043BFDD
:107AE00025D2243F00E243BF1A38243F376344BF06
:107AF000A99D233FF5E344BFD302233F396445BF2B
:107B00009967223F03E445BFFBCB213F546346BF47
:107B1000F92F213F2AE246BF9393203F856047BF5C
:107B2000CBF61F3F65DE47BF9F591F3FCA5B48BF6B
:107B300012BC1E3FB3D848BF221E1E3F215549BF6D
:107B4000D17F1D3F12D149BF1FE11C3F874C4ABF67
:107B50000C421C3F7FC74ABF99A21B3FFA414BBF53
:107B6000C6021B3FF8BB4BBF93621A3F78354CBF30
:107B700000C2193F79AE4CBF0F21193FFD264DBF02
:107B8000C07F183F029F4DBF12DE173F89164EBFC0
:107B9000073C173F908D4EBF9F99163F17044FBF6C
:107BA000D9F6153F1F7A4FBFB753153FA8EF4FBF08
:107BB00039B0143FAF6450BF5F0C143F37D950BF8A
:107BC0002A68133F3D4D51BF9AC3123FC2C051BFF7
:107BD000B01E123FC63352BF6B79113F49A652BF48
:107BE000CDD3103F491853BFD52D103FC78953BF80
:107BF00084870F3FC3FA53BFDBE00E3F3B6B54BF9C
:107C0000DA390E3F31DB54BF81920D3FA44A55BF94
:107C1000D0EA0C3F93B955BFC9420C3FFE2756BF6F
:107C20006B9A0B3FE59556BFB7F10A3F480357BF24
:107C3000AD480A3F267057BF4E9F093F7FDC57BFB4
:107C40009BF5083F534858BF924B083FA1B358BF1C
:107C500036A1073F6A1E59BF86F6063FAD8859BF59
:107C6000824B063F6AF259BF2CA0053FA05B5ABF6A
:107C700084F4043F50C45ABF8948043F792C5BBF49
:107C80003D9C033F1A945BBF9FEF023F34FB5BBFF9
:107C9000B142023FC7615CBF7395013FD1C75CBF72
:107CA000E4E7003F532D5DBF063A003F4D925DBFB4
:107CB000B217FF3EBEF65DBFBBBAFD3EA65A5EBF21
:107CC000275DFC3E05BE5EBFF7FEFA3EDB205FBFD0
:107CD0002DA0F93E27835FBFC840F83EE9E45FBFAF
:107CE000CBE0F63E214660BF3580F53ECFA660BFB3
:107CF000071FF43EF20661BF43BDF23E8A6661BFD4
:107D0000EA5AF13E98C561BFFBF7EF3E1A2462BF05
:107D10007994EE3E108262BF6330ED3E7BDF62BF3E
:107D2000BBCBEB3E5A3C63BF8166EA3EAC9863BF77
:107D3000B700E93E73F463BF5D9AE73EAC4F64BFA2
:107D40007533E63E59AA64BFFECBE43E790465BFB5
:107D5000FA63E33E0B5E65BF6AFBE13E10B765BFA9
:107D60004F92E03E880F66BFA928DF3E716766BF6D
:107D700079BEDD3ECCBE66BFC153DC3E991567BF00
:107D800080E8DA3ED86B67BFB97CD93E87C167BF50
:107D90006B10D83EA81668BF99A3D63E396B68BF52
:107DA0004136D53E3CBF68BF67C8D33EAE1269BFFF
:107DB000095AD23E916569BF2AEBD03EE4B769BF4C
:107DC000CA7BCF3EA7096ABFEA0BCE3ED95A6ABF2B
:107DD0008B9BCC3E7BAB6ABFAE2ACB3E8CFB6ABF93
:107DE00053B9C93E0C4B6BBF7C47C83EFB996BBF78
:107DF00029D5C63E58E86BBF5C62C53E24366CBFD1
:107E000015EFC33E5E836CBF557BC23E07D06CBF8F
:107E10001E07C13E1D1C6DBF6F92BF3EA1676DBFA7
:107E20004A1DBE3E93B26DBFAFA7BC3EF2FC6DBF14
:107E3000A031BB3EBE466EBF1EBBB93EF88F6EBFC3
:107E40002A44B83E9ED86EBFC3CCB63EB0206FBFAA
:107E5000EC54B53E30686FBFA5DCB33E1BAF6FBFBF
:107E6000EF63B23E73F56FBFCBEAB03E373B70BFF6
:107E70003A71AF3E668070BF3CF7AD3E02C570BF41
:107E8000D47CAC3E080971BF0102AB3E7A4C71BF95
:107E9000C486A93E578F71BF1F0BA83E9FD171BFEB
:107EA000128FA63E521372BF9F12A53E705472BF2E
:107EB000C595A33EF89472BF8718A23EEBD472BF5B
:107EC000E59AA03E471473BFDF1C9F3E0E5373BF5D
:107ED000789E9D3E3F9173BFAF1F9C3ED9CE73BF2E
:107EE00086A09A3EDD0B74BFFE20993E4B4874BFBE
:107EF00017A1973E228474BFD220963E62BF74BF02
:107F000031A0943E0BFA74BF351F933E1D3475BFEC
:107F1000DD9D913E976D75BF2C1C903E7BA675BF75
:107F2000229A8E3EC6DE75BFC0178D3E7A1676BF8A
:107F300007958B3E974D76BFF8118A3E1B8476BF1E
:107F4000938E883E07BA76BFDA0A873E5BEF76BF2C
:107F5000CE86853E172477BF7002843E3A5877BF9D
:107F6000C07D823EC58B77BFC0F8803EB7BE77BF6D
:107F7000E1E67E3E10F177BFA4DB7B3ED12278BFE5
:107F8000CCCF783EF85378BF5AC3753E868478BF0D
:107F900051B6723E7BB478BFB2A86F3ED6E378BFCD
:107FA0007F9A6C3E981279BFBA8B693EC04079BF08
:107FB000667C663E4E6E79BF836C633E439B79BFA1
:107FC000135C603E9DC779BF1A4B5D3E5EF379BF7F
:107FD00097395A3E841E7ABF8F27573E10497ABF81
:107FE0000115543E02737ABFF101513E599C7ABF8C
:107FF00060EE4D3E16C57ABF4FDA4A3E37ED7ABF86
:10800000C2C5473EBE147BBFB9B0443EAB3B7BBF4D
:10801000379B413EFC617BBF3E853E3EB2877BBFC6
:10802000CF6E3B3ECDAC7BBFEC57383E4DD17BBFD6
:108030009840353E31F57BBFD428323E7A187CBF5C
:10804000A2102F3E283B7CBF04F82B3E3A5D7CBF3C
:10805000FCDE283EB07E7CBF8CC5253E8A9F7CBF5F
:10806000B6AB223EC9BF7CBF7B911F3E6CDF7CBF9D
:10807000DE761C3E73FE7CBFE05B193EDD1C7DBFDF
:108080008340163EAC3A7DBFCA24133EDE577DBF07
:10809000B708103E74747DBF4AEC0C3E6E907DBFF5
:1080A00086CF093ECCAB7DBF6EB2063E8CC67DBF8F
:1080B0000295033EB1E07DBF4577003E38FA7DBFB3
:1080C00073B2FA3D24137EBFC075F43D722B7EBFA0
:1080D0007638EE3D23437EBF9AFAE73D385A7EBF9D
:1080E0002EBCE13DB0707EBF377DDB3D8B867EBF11
:1080F000B93DD53DC99B7EBFB7FDCE3D69B07EBFC2
:1081000036BDC83D6DC47EBF397CC23DD4D77EBF6D
:10811000C33ABC3D9DEA7EBFDAF8B53DC9FC7EBFDF
:1081200080B6AF3D580E7FBFBA73A93D491F7FBFD0
:108130008C30A33D9D2F7FBFF9EC9C3D543F7FBF0A
:1081400005A9963D6D4E7FBFB464903DE95C7FBF4D
:108150000A208A3DC76A7FBF0ADB833D08787FBF5C
:10816000742B7B3DAB847FBF38A06E3DB1907FBF49
:108170006814623D189C7FBF0E88553DE3A67FBF03
:108180002FFB483D0FB17FBFD56D3C3D9EBA7FBFF1
:1081900007E02F3D8FC37FBFCC51233DE2CB7FBF94
:1081A0002CC3163D98D37FBF2F340A3DAFDA7FBF73
:1081B000B949FB3C29E17FBF7B2AE23C05E77FBF51
:1081C000B00AC93C43EC7FBF69EAAF3CE3F07FBF34
:1081D000B6C9963CE6F47FBF4B517B3C4AF87FBF63
:1081E000900E493C11FB7FBF59CB163C39FD7FBF38
:1081F000890FC93BC4FE7FBFC70F493BB1FF7FBF9B
:1082000008000010100000021800001220000004F6
:108210002800001430000006380000164000000856
:10822000480000185000000A5800001A6000000CB6
:108230006800001C7000000E7800001E800000081E
:10824000880040109000400298004012A0004004B6
:10825000A8004014B0004006B8004016C000400816
:10826000C8004018D000400AD800401AE000400C76
:10827000E800401CF000400EF800401E000100081D
:108280000801801010018002180180122001800472
:1082900028018014300180063801801640018008D2
:1082A000480180185001800A5801801A6001800C32
:1082B0006801801C7001800E7801801E80014008DA
:1082C0008801C0109001C0029801C012A001C00432
:1082D000A801C014B001C006B801C016C001C00892
:1082E000C801C018D001C00AD801C01AE001C00CF2
:1082F000E801C01CF001C00EF801C01E0002000819
:1083000008020011100200031802001320020005E9
:108310002802001530020007380200174002000949
:10832000480200195002000B5802001B6002000DA9
:108330006802001D7002000F7802001F8002800892
:10834000880240119002400398024013A0024005A9
:10835000A8024015B0024007B8024017C002400909
:10836000C8024019D002400BD802401BE002400D69
:10837000E802401DF002400FF802401F00034008D1
:108380000803801110038003180380132003800565
:1083900028038015300380073803801740038009C5
:1083A000480380195003800B5803801B6003800D25
:1083B0006803801D7003800F7803801F8003C0084E
:1083C0008803C0119003C0039803C013A003C00525
:1083D000A803C015B003C007B803C017C003C00985
:1083E000C803C019D003C00BD803C01BE003C00DE5
:1083F000E803C01DF003C00FF803C01F0004001005
:1084000008040810100400111804081220040810B1
:108410002804081430040806380408164004080824
:10842000480408185004080A5804081A6004080C84
:108430006804081C7004080E7804081E80040018E4
:10844000880448109004001998044812A0040818E1
:10845000A8044814B0044806B8044816C0044808E4
:10846000C8044818D004480AD804481AE004480C44
:10847000E804481CF004480EF804481E00054010AB
:1084800008058810100540111805881220054810AD
:1084900028058814300588063805881640058808A0
:1084A000480588185005880A5805881A6005880C00
:1084B0006805881C7005880E7805881E80054018A0
:1084C0008805C810900540199805C812A0054818DD
:1084D000A805C814B005C806B805C816C005C80860
:1084E000C805C818D005C80AD805C81AE005C80CC0
:1084F000E805C81CF005C80EF805C81E0006801067
:1085000008060811100680111806081320068810A6
:108510002806081530060807380608174006080917
:10852000480608195006080B5806081B6006080D77
:108530006806081D7006080F7806081F8006801858
:10854000880648119006801998064813A0068818D6
:10855000A8064815B0064807B8064817C0064809D7
:10856000C8064819D006480BD806481BE006480D37
:10857000E806481DF006480FF806481F0007C0101F
:10858000080788111007C011180788132007C810A2
:108590002807881530078807380788174007880993
:1085A000480788195007880B5807881B6007880DF3
:1085B0006807881D7007880F7807881F8007C01814
:1085C0008807C8119007C0199807C813A007C818D2
:1085D000A807C815B007C807B807C817C007C80953
:1085E000C807C819D007C80BD807C81BE007C80DB3
:1085F000E807C81DF007C80FF807C81F08081010C3
:10860000100840081808101220080011280810143B
:108610003008801138081016480810185008100A41
:108620005808101A6008100C6808101C7008100E0A
:108630007808101E8008000A880850109008000B67
:1086400098085012A008080AA8085014B008080B8F
:10865000B8085016C008100AC8085018D008500AA8
:10866000D808501AE008500CE808501CF008500ECA
:10867000F808501E08099010100980091809901276
:10868000200900192809901430098019380990161A
:108690004009000B480990185009900A5809901A8F
:1086A0006009900C6809901C7009900E7809901E62
:1086B0008009400A8809D0109009400B9809D0120F
:1086C000A009480AA809D014B009480BB809D01667
:1086D000C009500AC809D018D009D00AD809D01A40
:1086E000E009D00CE809D01CF009D00EF809D01E22
:1086F000080A1011180A1013200A4011280A101530
:10870000300AC011380A1017480A1019500A100B05
:10871000580A101B600A100D680A101D700A100F0D
:10872000780A101F880A5011900A800B980A50137B
:10873000A00A5011A80A5015B00A880BB80A5017A1
:10874000C00A800BC80A5019D00A500BD80A501B17
:10875000E00A500DE80A501DF00A500FF80A501FA9
:10876000080B9011180B9013200B4019280B901533
:10877000300BC019380B9017480B9019500B900B09
:10878000580B901B600B900D680B901D700B900F99
:10879000780B901F880BD011900BC00B980BD01347
:1087A000A00B5019A80BD015B00BC80BB80BD017E5
:1087B000C80BD019D80BD01BE00BD00DE80BD01D87
:1087C000F00BD00FF80BD01F000C0012080C181083
:1087D000100C0013180C1812200C0812280C181476
:1087E000300C0813380C1816400C1012480C1818CE
:1087F000500C1013580C181A600C1812680C181C26
:10880000700C180E780C181E800C001A880C58106A
:10881000900C001B980C5812A00C081AA80C5814A5
:10882000B00C081BB80C5816C00C101AC80C5818FD
:10883000D00C101BD80C581AE00C181AE80C581C55
:10884000F00C580EF80C581E000D4012080D981030
:10885000100D4013180D9812200D4812280D981471
:10886000300D4813380D9816400D5012480D9818C9
:10887000500D5013580D981A600D5812680D981C21
:10888000700D980E780D981E800D401A880DD81026
:10889000900D401B980DD812A00D481AA80DD814A1
:1088A000B00D481BB80DD816C00D501AC80DD818F9
:1088B000D00D501BD80DD81AE00D581AE80DD81C51
:1088C000F00DD80EF80DD81E000E8012080E1811EB
:1088D000100E8013180E1813200E8812280E18156B
:1088E000300E8813380E1817400E9012480E1819C3
:1088F000500E9013580E181B600E9812680E181D1B
:10890000700E180F780E181F800E801A880E5811DE
:10891000900E801B980E5813A00E881AA80E58159A
:10892000B00E881BB80E5817C00E901AC80E5819F2
:10893000D00E901BD80E581BE00E981AE80E581D4A
:10894000F00E580FF80E581F000FC012080F9811A4
:10895000100FC013180F9813200FC812280F981566
:10896000300FC813380F9817400FD012480F9819BE
:10897000500FD013580F981B600FD812680F981D16
:10898000700F980F780F981F800FC01A880FD8119A
:10899000900FC01B980FD813A00FC81AA80FD81596
:1089A000B00FC81BB80FD817C00FD01AC80FD819EE
:1089B000D00FD01BD80FD81BE00FD81AE80FD81D46
:1089C000F00FD81BF80FD81F0810201010104010FF
:1089D000181020122810201430108810381020167B
:1089E0004010001148102018501040115810201A43
:1089F000601008126810201C701088127810201E59
:108A00008010001288100812901040129810601206
:108A1000A0102012A8106014B0106012B8106016D8
:108A2000C0100013C8106018D0104013D810601A7E
:108A3000E0101812E810601CF0109812F810601E78
:108A400008112012101140111811A012201108183D
:108A50002811A014301188183811A0164811A01838
:108A60005811A01A6011081A6811A01C7011881AF8
:108A70007811A01E80111012881118129011501236
:108A80009811E012A0111818A811E014B01198184C
:108A9000B811E016C0111013C811E018D01150130E
:108AA000D811E01AE011181AE811E01CF011981A18
:108AB000F811E01E001200180812081810124018D1
:108AC00018122013201220182812201530126018B6
:108AD000381220174012001948122019501240195C
:108AE0005812201B601220196812201D7012C81223
:108AF0007812201F8012001A8812081A9012401A49
:108B000098126013A012201AA8126015B012601AF1
:108B1000B8126017C012001BC8126019D012401B97
:108B2000D812601BE012201BE812601DF012601BBF
:108B3000F812601F0013101808131818101350189B
:108B40001813A013201348182813A0153013C818A1
:108B50003813A017401310194813A01950135019B7
:108B60005813A01B6013481A6813A01D7013C81A6D
:108B70007813A01F8013101A8813181A9013501A14
:108B80009813E013A0135818A813E015B013D818C1
:108B9000B813E017C013101BC813E019D013501BF3
:108BA000D813E01BE013581AE813E01DF013D81A8D
:108BB000F813E01F081420141014001518142015C1
:108BC00030140815381428164014001548142818B5
:108BD000501410155814281A601420156814281CF5
:108BE000701418157814281E8014001C8814201C7A
:108BF0009014001D9814201DA014081CA814281CF3
:108C0000B014081DB8146816C014101CC8146818D5
:108C1000D014101DD814681AE014181CE814681C2D
:108C2000F014181DF814681E0815201510154015AD
:108C300018156015201528182815281C30154815FA
:108C40003815A8164815A8185815A81A6015281A16
:108C50006815A81C7015A81A7815A81E8015401C48
:108C60008815601C9015401D9815601DA015481CA6
:108C7000A815681CB015481DB815E816C015501C7D
:108C8000C815E818D015501DD815E81AE015581C5D
:108C9000E815E81CF015581DF815E81E0016001C14
:108CA0000816081C1016401C1816481C2016201CFC
:108CB0002816281C3016601C381628174016001D70
:108CC000481628195016401D5816281B6016201DDE
:108CD0006816281D7016601D7816281F8016801CC7
:108CE0008816A01C9016801D9816A01DA016881C22
:108CF000A816A81CB016881DB8166817C016901CB8
:108D0000C8166819D016901DD816681BE016981C56
:108D1000E816681DF016981DF816681F0017101C3D
:108D20000817181C1017501C1817581C2017681803
:108D30002817681C3017E8183817A8174017101D97
:108D40004817A8195017501D5817A81B6017681A04
:108D50006817A81D7017E81A7817A81F8017C01C7D
:108D60008817E01C9017C01D9817E01DA017C81C9D
:108D7000A817E81CB017C81DB817E817C017D01CF3
:108D8000C817E819D017D01DD817E81BE017D81C52
:108D9000E817E81DF017D81DF817E81F1818601815
:108DA000301848183818601C5818301A6818301CC9
:108DB0007018181A7818301E8018001A8818081AA7
:108DC0009018001B98186019A018201AA818281AC3
:108DD000B018201BB818601DC018101AC818181A2F
:108DE000D018101BD818701AE018301AE818701C28
:108DF000F018581AF818701E081920191819601A56
:108E00002819081D301988193819881D4819201B80
:108E10005819B01A6019081B6819B01C7019881B02
:108E20007819B01E8019401A8819481A9019401BE9
:108E30009819601BA019601AA819181DB019601B99
:108E4000B819981DC019501AC819581AD019501BB2
:108E5000D819F01AE019181BE819F01CF019981B22
:108E6000F819F01E381A701C581A301B681A301D79
:108E7000701A181B781A301F901AC01A981AC81A3C
:108E8000B01AE01AB81AE81AC01A801BC81A881B50
:108E9000D01AC01BD81A701BE01AA01BE81A701D4C
:108EA000F01AE01BF81A701F281B481D381BC81D3C
:108EB000481B601B581BB01B681BB01D701BC81BD8
:108EC000781BB01F901BC01B981BC81BA81B581DEC
:108ED000B01BE01BB81BD81DD81BF01BE81BF01DF6
:108EE000F81BF01F081C201C181C301C381C681CA8
:108EF000481C601C581C701C781C381E801C001EEE
:108F0000881C201E901C001F981C201FA01C081EDF
:108F1000A81C281EB01C081FB81C281FC01C101E2F
:108F2000C81C301ED01C101FD81C301FE01C181E7F
:108F3000E81C381EF01C181FF81C781E081D201D88
:108F4000181D301D381DA81D481D601D581D701DA1
:108F5000681D281F781DB81E801D401E881D601EBC
:108F6000901D401F981D601FA01D481EA81D681E53
:108F7000B01D481FB81D681FC01D501EC81D701EA3
:108F8000D01D501FD81D701FE01D581EE81D781EF3
:108F9000F01D581FF81DF81E081E201E181E301E3A
:108FA000481E601E581E701E781E381F881EA01E88
:108FB000901E801F981EA01FB01E881FB81EA81FDD
:108FC000C01E801FC81E881FD01E901FD81EB01F35
:108FD000E01EA01FE81EA81FF01E981FF81E781F95
:108FE000081F201F181F301F481F601F581F701FA9
:108FF000781FB81F881FA01F901FC01F981FE01F59
:10900000B01FC81FB81FE81FC81FE01FD81FF01FE0
:109010000000803F00000000C4FE7F3F890FC93B75
:1090200011FB7F3F900E493CE6F47F3FB6C9963C6A
:1090300043EC7F3FB00AC93C29E17F3FB949FB3C83
:1090400098D37F3F2CC3163D8FC37F3F07E02F3D52
:109050000FB17F3F2FFB483D189C7F3F6814623D56
:10906000AB847F3F742B7B3DC76A7F3F0A208A3DDC
:109070006D4E7F3F05A9963D9D2F7F3F8C30A33DD0
:10908000580E7F3F80B6AF3D9DEA7E3FC33ABC3D60
:109090006DC47E3F36BDC83DC99B7E3FB93DD53DC1
:1090A000B0707E3F2EBCE13D23437E3F7638EE3DDF
:1090B00024137E3F73B2FA3DB1E07D3F0295033E3B
:1090C000CCAB7D3F86CF093E74747D3FB708103E20
:1090D000AC3A7D3F8340163E73FE7C3FDE761C3EFD
:1090E000C9BF7C3FB6AB223EB07E7C3FFCDE283E53
:1090F000283B7C3FA2102F3E31F57B3F9840353E08
:10910000CDAC7B3FCF6E3B3EFC617B3F379B413E0E
:10911000BE147B3FC2C5473E16C57A3F60EE4D3E4A
:1091200002737A3F0115543E841E7A3F97395A3EA6
:109130009DC7793F135C603E4E6E793F667C663E0C
:109140009812793F7F9A6C3E7BB4783F51B6723E5D
:10915000F853783FCCCF783E10F1773FE1E67E3E82
:10916000C58B773FC07D823E1724773FCE86853EF4
:1091700007BA763F938E883E974D763F07958B3E94
:10918000C6DE753F229A8E3E976D753FDD9D913EFE
:109190000BFA743F31A0943E2284743F17A1973E8E
:1091A000DD0B743F86A09A3E3F91733F789E9D3EB3
:1091B0004714733FE59AA03EF894723FC595A33ECD
:1091C0005213723F128FA63E578F713FC486A93E3D
:1091D0000809713FD47CAC3E6680703F3A71AF3E67
:1091E00073F56F3FEF63B23E30686F3FEC54B53EAE
:1091F0009ED86E3F2A44B83EBE466E3FA031BB3E6D
:1092000093B26D3F4A1DBE3E1D1C6D3F1E07C13E01
:109210005E836C3F15EFC33E58E86B3F29D5C63ED1
:109220000C4B6B3F53B9C93E7BAB6A3F8B9BCC3E2B
:10923000A7096A3FCA7BCF3E9165693F095AD23E72
:109240003CBF683F4136D53EA816683F6B10D83EFC
:10925000D86B673F80E8DA3ECCBE663F79BEDD3E24
:10926000880F663F4F92E03E0B5E653FFA63E33E38
:1092700059AA643F7533E63E73F4633FB700E93E95
:109280005A3C633FBBCBEB3E1082623F7994EE3E8B
:1092900098C5613FEA5AF13EF206613F071FF43E6E
:1092A0002146603FCBE0F63E27835F3F2DA0F93E8D
:1092B00005BE5E3F275DFC3EBEF65D3FB217FF3E3A
:1092C000532D5D3FE4E7003FC7615C3FB142023F81
:1092D0001A945B3F3D9C033F50C45A3F84F4043FC3
:1092E0006AF2593F824B063F6A1E593F36A1073F3B
:1092F0005348583F9BF5083F2670573FAD480A3FFB
:10930000E595563F6B9A0B3F93B9553FD0EA0C3F1A
:1093100031DB543FDA390E3FC3FA533F84870F3FA6
:109320004918533FCDD3103FC633523FB01E123FB2
:109330003D4D513F2A68133FAF64503F39B0143F51
:109340001F7A4F3FD9F6153F908D4E3F073C173F90
:10935000029F4D3FC07F183F79AE4C3F00C2193F7E
:10936000F8BB4B3FC6021B3F7FC74A3F0C421C3F26
:1093700012D1493FD17F1D3FB3D8483F12BC1E3F99
:1093800065DE473FCBF61F3F2AE2463FF92F213FDC
:1093900003E4453F9967223FF5E3443FA99D233FFE
:1093A00000E2433F25D2243F29DE423F0A05263F03
:1093B00070D8413F5636273FDAD0403F0566283FF8
:1093C00067C73F3F1594293F1BBC3E3F82C02A3FE1
:1093D000F9AE3D3F4AEB2B3F03A03C3F69142D3FC4
:1093E0003B8F3B3FDE3B2E3FA47C3A3FA5612F3FA6
:1093F0004268393FBB85303F1652383F1DA8313F88
:10940000233A373FC9C8323F6C20363FBCE7333F71
:10941000F304353FF304353FBCE7333F6C20363F60
:10942000C9C8323F233A373F1DA8313F1652383F53
:10943000BB85303F4268393FA5612F3FA47C3A3F4E
:10944000DE3B2E3F3B8F3B3F69142D3F03A03C3F4B
:109450004AEB2B3FF9AE3D3F82C02A3F1BBC3E3F4B
:109460001594293F67C73F3F0566283FDAD0403F44
:109470005636273F70D8413F0A05263F29DE423F36
:1094800025D2243F00E2433FA99D233FF5E3443F1B
:109490009967223F03E4453FF92F213F2AE2463FE7
:1094A000CBF61F3F65DE473F12BC1E3FB3D8483F97
:1094B000D17F1D3F12D1493F0C421C3F7FC74A3F1D
:1094C000C6021B3FF8BB4B3F00C2193F79AE4C3F71
:1094D000C07F183F029F4D3F073C173F908D4E3F86
:1094E000D9F6153F1F7A4F3F39B0143FAF64503F54
:1094F0002A68133F3D4D513FB01E123FC633523FC5
:10950000CDD3103F4918533F84870F3FC3FA533FD1
:10951000DA390E3F31DB543FD0EA0C3F93B9553F67
:109520006B9A0B3FE595563FAD480A3F2670573F73
:109530009BF5083F5348583F36A1073F6A1E593FE5
:10954000824B063F6AF2593F84F4043F50C45A3FAD
:109550003D9C033F1A945B3FB142023FC7615C3FB1
:10956000E4E7003F532D5D3FB217FF3EBEF65D3F7F
:10957000275DFC3E05BE5E3F2DA0F93E27835F3F81
:10958000CBE0F63E2146603F071FF43EF206613F06
:10959000EA5AF13E98C5613F7994EE3E1082623FEF
:1095A000BBCBEB3E5A3C633FB700E93E73F4633FED
:1095B0007533E63E59AA643FFA63E33E0B5E653FAE
:1095C0004F92E03E880F663F79BEDD3ECCBE663FDF
:1095D00080E8DA3ED86B673F6B10D83EA816683F2C
:1095E0004136D53E3CBF683F095AD23E9165693F3E
:1095F000CA7BCF3EA7096A3F8B9BCC3E7BAB6A3FC1
:1096000053B9C93E0C4B6B3F29D5C63E58E86B3F5A
:1096100015EFC33E5E836C3F1E07C13E1D1C6D3FB0
:109620004A1DBE3E93B26D3FA031BB3EBE466E3F6B
:109630002A44B83E9ED86E3FEC54B53E30686F3F2A
:10964000EF63B23E73F56F3F3A71AF3E6680703F95
:10965000D47CAC3E0809713FC486A93E578F713F48
:10966000128FA63E5213723FC595A33EF894723FE7
:10967000E59AA03E4714733F789E9D3E3F91733F0D
:1096800086A09A3EDD0B743F17A1973E2284743F5B
:1096900031A0943E0BFA743FDD9D913E976D753F6E
:1096A000229A8E3EC6DE753F07958B3E974D763FDC
:1096B000938E883E07BA763FCE86853E1724773F45
:1096C000C07D823EC58B773FE1E67E3E10F1773F5D
:1096D000CCCF783EF853783F51B6723E7BB4783F9A
:1096E0007F9A6C3E9812793F667C663E4E6E793F5B
:1096F000135C603E9DC7793F97395A3E841E7A3F7E
:109700000115543E02737A3F60EE4D3E16C57A3F16
:10971000C2C5473EBE147B3F379B413EFC617B3F49
:10972000CF6E3B3ECDAC7B3F9840353E31F57B3F25
:10973000A2102F3E283B7C3FFCDE283EB07E7C3FC3
:10974000B6AB223EC9BF7C3FDE761C3E73FE7C3F3B
:109750008340163EAC3A7D3FB708103E74747D3F9F
:1097600086CF093ECCAB7D3F0295033EB1E07D3F05
:1097700073B2FA3D24137E3F7638EE3D23437E3F9D
:109780002EBCE13DB0707E3FB93DD53DC99B7E3FCB
:1097900036BDC83D6DC47E3FC33ABC3D9DEA7E3FA9
:1097A00080B6AF3D580E7F3F8C30A33D9D2F7F3F4D
:1097B00005A9963D6D4E7F3F0A208A3DC76A7F3FCF
:1097C000742B7B3DAB847F3F6814623D189C7F3FC8
:1097D0002FFB483D0FB17F3F07E02F3D8FC37F3FF9
:1097E0002CC3163D98D37F3FB949FB3C29E17F3F0D
:1097F000B00AC93C43EC7F3FB6C9963CE6F47F3FD4
:10980000900E493C11FB7F3F890FC93BC4FE7F3F4F
:10981000000000000000803F890FC9BBC4FE7F3FED
:10982000900E49BC11FB7F3FB6C996BCE6F47F3F62
:10983000B00AC9BC43EC7F3FB949FBBC29E17F3F7B
:109840002CC316BD98D37F3F07E02FBD8FC37F3F4A
:109850002FFB48BD0FB17F3F681462BD189C7F3F4E
:10986000742B7BBDAB847F3F0A208ABDC76A7F3FD4
:1098700005A996BD6D4E7F3F8C30A3BD9D2F7F3FC8
:1098800080B6AFBD580E7F3FC33ABCBD9DEA7E3F58
:1098900036BDC8BD6DC47E3FB93DD5BDC99B7E3FB9
:1098A0002EBCE1BDB0707E3F7638EEBD23437E3FD7
:1098B00073B2FABD24137E3F029503BEB1E07D3F33
:1098C00086CF09BECCAB7D3FB70810BE74747D3F18
:1098D000834016BEAC3A7D3FDE761CBE73FE7C3FF5
:1098E000B6AB22BEC9BF7C3FFCDE28BEB07E7C3F4B
:1098F000A2102FBE283B7C3F984035BE31F57B3F00
:10990000CF6E3BBECDAC7B3F379B41BEFC617B3F06
:10991000C2C547BEBE147B3F60EE4DBE16C57A3F42
:10992000011554BE02737A3F97395ABE841E7A3F9E
:10993000135C60BE9DC7793F667C66BE4E6E793F04
:109940007F9A6CBE9812793F51B672BE7BB4783F55
:10995000CCCF78BEF853783FE1E67EBE10F1773F7A
:10996000C07D82BEC58B773FCE8685BE1724773FEC
:10997000938E88BE07BA763F07958BBE974D763F8C
:10998000229A8EBEC6DE753FDD9D91BE976D753FF6
:1099900031A094BE0BFA743F17A197BE2284743F86
:1099A00086A09ABEDD0B743F789E9DBE3F91733FAB
:1099B000E59AA0BE4714733FC595A3BEF894723FC5
:1099C000128FA6BE5213723FC486A9BE578F713F35
:1099D000D47CACBE0809713F3A71AFBE6680703F5F
:1099E000EF63B2BE73F56F3FEC54B5BE30686F3FA6
:1099F0002A44B8BE9ED86E3FA031BBBEBE466E3F65
:109A00004A1DBEBE93B26D3F1E07C1BE1D1C6D3FF9
:109A100015EFC3BE5E836C3F29D5C6BE58E86B3FC9
:109A200053B9C9BE0C4B6B3F8B9BCCBE7BAB6A3F23
:109A3000CA7BCFBEA7096A3F095AD2BE9165693F6A
:109A40004136D5BE3CBF683F6B10D8BEA816683FF4
:109A500080E8DABED86B673F79BEDDBECCBE663F1C
:109A60004F92E0BE880F663FFA63E3BE0B5E653F30
:109A70007533E6BE59AA643FB700E9BE73F4633F8D
:109A8000BBCBEBBE5A3C633F7994EEBE1082623F83
:109A9000EA5AF1BE98C5613F071FF4BEF206613F66
:109AA000CBE0F6BE2146603F2DA0F9BE27835F3F85
:109AB000275DFCBE05BE5E3FB217FFBEBEF65D3F32
:109AC000E4E700BF532D5D3FB14202BFC7615C3F79
:109AD0003D9C03BF1A945B3F84F404BF50C45A3FBB
:109AE000824B06BF6AF2593F36A107BF6A1E593F33
:109AF0009BF508BF5348583FAD480ABF2670573FF3
:109B00006B9A0BBFE595563FD0EA0CBF93B9553F12
:109B1000DA390EBF31DB543F84870FBFC3FA533F9E
:109B2000CDD310BF4918533FB01E12BFC633523FAA
:109B30002A6813BF3D4D513F39B014BFAF64503F49
:109B4000D9F615BF1F7A4F3F073C17BF908D4E3F88
:109B5000C07F18BF029F4D3F00C219BF79AE4C3F76
:109B6000C6021BBFF8BB4B3F0C421CBF7FC74A3F1E
:109B7000D17F1DBF12D1493F12BC1EBFB3D8483F91
:109B8000CBF61FBF65DE473FF92F21BF2AE2463FD4
:109B9000996722BF03E4453FA99D23BFF5E3443FF6
:109BA00025D224BF00E2433F0A0526BF29DE423FFB
:109BB000563627BF70D8413F056628BFDAD0403FF0
:109BC000159429BF67C73F3F82C02ABF1BBC3E3FD9
:109BD0004AEB2BBFF9AE3D3F69142DBF03A03C3FBC
:109BE000DE3B2EBF3B8F3B3FA5612FBFA47C3A3F9E
:109BF000BB8530BF4268393F1DA831BF1652383F80
:109C0000C9C832BF233A373FBCE733BF6C20363F69
:109C1000F30435BFF304353F6C2036BFBCE7333F58
:109C2000233A37BFC9C8323F165238BF1DA8313F4B
:109C3000426839BFBB85303FA47C3ABFA5612F3F46
:109C40003B8F3BBFDE3B2E3F03A03CBF69142D3F43
:109C5000F9AE3DBF4AEB2B3F1BBC3EBF82C02A3F43
:109C600067C73FBF1594293FDAD040BF0566283F3C
:109C700070D841BF5636273F29DE42BF0A05263F2E
:109C800000E243BF25D2243FF5E344BFA99D233F13
:109C900003E445BF9967223F2AE246BFF92F213FDF
:109CA00065DE47BFCBF61F3FB3D848BF12BC1E3F8F
:109CB00012D149BFD17F1D3F7FC74ABF0C421C3F15
:109CC000F8BB4BBFC6021B3F79AE4CBF00C2193F69
:109CD000029F4DBFC07F183F908D4EBF073C173F7E
:109CE0001F7A4FBFD9F6153FAF6450BF39B0143F4C
:109CF0003D4D51BF2A68133FC63352BFB01E123FBD
:109D0000491853BFCDD3103FC3FA53BF84870F3FC9
:109D100031DB54BFDA390E3F93B955BFD0EA0C3F5F
:109D2000E59556BF6B9A0B3F267057BFAD480A3F6B
:109D3000534858BF9BF5083F6A1E59BF36A1073FDD
:109D40006AF259BF824B063F50C45ABF84F4043FA5
:109D50001A945BBF3D9C033FC7615CBFB142023FA9
:109D6000532D5DBFE4E7003FBEF65DBFB217FF3E77
:109D700005BE5EBF275DFC3E27835FBF2DA0F93E79
:109D8000214660BFCBE0F63EF20661BF071FF43EFE
:109D900098C561BFEA5AF13E108262BF7994EE3EE7
:109DA0005A3C63BFBBCBEB3E73F463BFB700E93EE5
:109DB00059AA64BF7533E63E0B5E65BFFA63E33EA6
:109DC000880F66BF4F92E03ECCBE66BF79BEDD3ED7
:109DD000D86B67BF80E8DA3EA81668BF6B10D83E24
:109DE0003CBF68BF4136D53E916569BF095AD23E36
:109DF000A7096ABFCA7BCF3E7BAB6ABF8B9BCC3EB9
:109E00000C4B6BBF53B9C93E58E86BBF29D5C63E52
:109E10005E836CBF15EFC33E1D1C6DBF1E07C13EA8
:109E200093B26DBF4A1DBE3EBE466EBFA031BB3E63
:109E30009ED86EBF2A44B83E30686FBFEC54B53E22
:109E400073F56FBFEF63B23E668070BF3A71AF3E8D
:109E5000080971BFD47CAC3E578F71BFC486A93E40
:109E6000521372BF128FA63EF89472BFC595A33EDF
:109E7000471473BFE59AA03E3F9173BF789E9D3E05
:109E8000DD0B74BF86A09A3E228474BF17A1973E53
:109E90000BFA74BF31A0943E976D75BFDD9D913E66
:109EA000C6DE75BF229A8E3E974D76BF07958B3ED4
:109EB00007BA76BF938E883E172477BFCE86853E3D
:109EC000C58B77BFC07D823E10F177BFE1E67E3E55
:109ED000F85378BFCCCF783E7BB478BF51B6723E92
:109EE000981279BF7F9A6C3E4E6E79BF667C663E53
:109EF0009DC779BF135C603E841E7ABF97395A3E76
:109F000002737ABF0115543E16C57ABF60EE4D3E0E
:109F1000BE147BBFC2C5473EFC617BBF379B413E41
:109F2000CDAC7BBFCF6E3B3E31F57BBF9840353E1D
:109F3000283B7CBFA2102F3EB07E7CBFFCDE283EBB
:109F4000C9BF7CBFB6AB223E73FE7CBFDE761C3E33
:109F5000AC3A7DBF8340163E74747DBFB708103E97
:109F6000CCAB7DBF86CF093EB1E07DBF0295033EFD
:109F700024137EBF73B2FA3D23437EBF7638EE3D95
:109F8000B0707EBF2EBCE13DC99B7EBFB93DD53DC3
:109F90006DC47EBF36BDC83D9DEA7EBFC33ABC3DA1
:109FA000580E7FBF80B6AF3D9D2F7FBF8C30A33D45
:109FB0006D4E7FBF05A9963DC76A7FBF0A208A3DC7
:109FC000AB847FBF742B7B3D189C7FBF6814623DC0
:109FD0000FB17FBF2FFB483D8FC37FBF07E02F3DF1
:109FE00098D37FBF2CC3163D29E17FBFB949FB3C05
:109FF00043EC7FBFB00AC93CE6F47FBFB6C9963CCC
:10A0000011FB7FBF900E493CC4FE7FBF890FC93B47
:10A01000000080BF00000000C4FE7FBF890FC9BBE5
:10A0200011FB7FBF900E49BCE6F47FBFB6C996BC5A
:10A0300043EC7FBFB00AC9BC29E17FBFB949FBBC73
:10A0400098D37FBF2CC316BD8FC37FBF07E02FBD42
:10A050000FB17FBF2FFB48BD189C7FBF681462BD46
:10A06000AB847FBF742B7BBDC76A7FBF0A208ABDCC
:10A070006D4E7FBF05A996BD9D2F7FBF8C30A3BDC0
:10A08000580E7FBF80B6AFBD9DEA7EBFC33ABCBD50
:10A090006DC47EBF36BDC8BDC99B7EBFB93DD5BDB1
:10A0A000B0707EBF2EBCE1BD23437EBF7638EEBDCF
:10A0B00024137EBF73B2FABDB1E07DBF029503BE2B
:10A0C000CCAB7DBF86CF09BE74747DBFB70810BE10
:10A0D000AC3A7DBF834016BE73FE7CBFDE761CBEED
:10A0E000C9BF7CBFB6AB22BEB07E7CBFFCDE28BE43
:10A0F000283B7CBFA2102FBE31F57BBF984035BEF8
:10A10000CDAC7BBFCF6E3BBEFC617BBF379B41BEFE
:10A11000BE147BBFC2C547BE16C57ABF60EE4DBE3A
:10A1200002737ABF011554BE841E7ABF97395ABE96
:10A130009DC779BF135C60BE4E6E79BF667C66BEFC
:10A14000981279BF7F9A6CBE7BB478BF51B672BE4D
:10A15000F85378BFCCCF78BE10F177BFE1E67EBE72
:10A16000C58B77BFC07D82BE172477BFCE8685BEE4
:10A1700007BA76BF938E88BE974D76BF07958BBE84
:10A18000C6DE75BF229A8EBE976D75BFDD9D91BEEE
:10A190000BFA74BF31A094BE228474BF17A197BE7E
:10A1A000DD0B74BF86A09ABE3F9173BF789E9DBEA3
:10A1B000471473BFE59AA0BEF89472BFC595A3BEBD
:10A1C000521372BF128FA6BE578F71BFC486A9BE2D
:10A1D000080971BFD47CACBE668070BF3A71AFBE57
:10A1E00073F56FBFEF63B2BE30686FBFEC54B5BE9E
:10A1F0009ED86EBF2A44B8BEBE466EBFA031BBBE5D
:10A2000093B26DBF4A1DBEBE1D1C6DBF1E07C1BEF1
:10A210005E836CBF15EFC3BE58E86BBF29D5C6BEC1
:10A220000C4B6BBF53B9C9BE7BAB6ABF8B9BCCBE1B
:10A23000A7096ABFCA7BCFBE916569BF095AD2BE62
:10A240003CBF68BF4136D5BEA81668BF6B10D8BEEC
:10A25000D86B67BF80E8DABECCBE66BF79BEDDBE14
:10A26000880F66BF4F92E0BE0B5E65BFFA63E3BE28
:10A2700059AA64BF7533E6BE73F463BFB700E9BE85
:10A280005A3C63BFBBCBEBBE108262BF7994EEBE7B
:10A2900098C561BFEA5AF1BEF20661BF071FF4BE5E
:10A2A000214660BFCBE0F6BE27835FBF2DA0F9BE7D
:10A2B00005BE5EBF275DFCBEBEF65DBFB217FFBE2A
:10A2C000532D5DBFE4E700BFC7615CBFB14202BF71
:10A2D0001A945BBF3D9C03BF50C45ABF84F404BFB3
:10A2E0006AF259BF824B06BF6A1E59BF36A107BF2B
:10A2F000534858BF9BF508BF267057BFAD480ABFEB
:10A30000E59556BF6B9A0BBF93B955BFD0EA0CBF0A
:10A3100031DB54BFDA390EBFC3FA53BF84870FBF96
:10A32000491853BFCDD310BFC63352BFB01E12BFA2
:10A330003D4D51BF2A6813BFAF6450BF39B014BF41
:10A340001F7A4FBFD9F615BF908D4EBF073C17BF80
:10A35000029F4DBFC07F18BF79AE4CBF00C219BF6E
:10A36000F8BB4BBFC6021BBF7FC74ABF0C421CBF16
:10A3700012D149BFD17F1DBFB3D848BF12BC1EBF89
:10A3800065DE47BFCBF61FBF2AE246BFF92F21BFCC
:10A3900003E445BF996722BFF5E344BFA99D23BFEE
:10A3A00000E243BF25D224BF29DE42BF0A0526BFF3
:10A3B00070D841BF563627BFDAD040BF056628BFE8
:10A3C00067C73FBF159429BF1BBC3EBF82C02ABFD1
:10A3D000F9AE3DBF4AEB2BBF03A03CBF69142DBFB4
:10A3E0003B8F3BBFDE3B2EBFA47C3ABFA5612FBF96
:10A3F000426839BFBB8530BF165238BF1DA831BF78
:10A40000233A37BFC9C832BF6C2036BFBCE733BF61
:10A41000F30435BFF30435BFBCE733BF6C2036BF50
:10A42000C9C832BF233A37BF1DA831BF165238BF43
:10A43000BB8530BF426839BFA5612FBFA47C3ABF3E
:10A44000DE3B2EBF3B8F3BBF69142DBF03A03CBF3B
:10A450004AEB2BBFF9AE3DBF82C02ABF1BBC3EBF3B
:10A46000159429BF67C73FBF056628BFDAD040BF34
:10A47000563627BF70D841BF0A0526BF29DE42BF26
:10A4800025D224BF00E243BFA99D23BFF5E344BF0B
:10A49000996722BF03E445BFF92F21BF2AE246BFD7
:10A4A000CBF61FBF65DE47BF12BC1EBFB3D848BF87
:10A4B000D17F1DBF12D149BF0C421CBF7FC74ABF0D
:10A4C000C6021BBFF8BB4BBF00C219BF79AE4CBF61
:10A4D000C07F18BF029F4DBF073C17BF908D4EBF76
:10A4E000D9F615BF1F7A4FBF39B014BFAF6450BF44
:10A4F0002A6813BF3D4D51BFB01E12BFC63352BFB5
:10A50000CDD310BF491853BF84870FBFC3FA53BFC1
:10A51000DA390EBF31DB54BFD0EA0CBF93B955BF57
:10A520006B9A0BBFE59556BFAD480ABF267057BF63
:10A530009BF508BF534858BF36A107BF6A1E59BFD5
:10A54000824B06BF6AF259BF84F404BF50C45ABF9D
:10A550003D9C03BF1A945BBFB14202BFC7615CBFA1
:10A56000E4E700BF532D5DBFB217FFBEBEF65DBF6F
:10A57000275DFCBE05BE5EBF2DA0F9BE27835FBF71
:10A58000CBE0F6BE214660BF071FF4BEF20661BFF6
:10A59000EA5AF1BE98C561BF7994EEBE108262BFDF
:10A5A000BBCBEBBE5A3C63BFB700E9BE73F463BFDD
:10A5B0007533E6BE59AA64BFFA63E3BE0B5E65BF9E
:10A5C0004F92E0BE880F66BF79BEDDBECCBE66BFCF
:10A5D00080E8DABED86B67BF6B10D8BEA81668BF1C
:10A5E0004136D5BE3CBF68BF095AD2BE916569BF2E
:10A5F000CA7BCFBEA7096ABF8B9BCCBE7BAB6ABFB1
:10A6000053B9C9BE0C4B6BBF29D5C6BE58E86BBF4A
:10A6100015EFC3BE5E836CBF1E07C1BE1D1C6DBFA0
:10A620004A1DBEBE93B26DBFA031BBBEBE466EBF5B
:10A630002A44B8BE9ED86EBFEC54B5BE30686FBF1A
:10A64000EF63B2BE73F56FBF3A71AFBE668070BF85
:10A65000D47CACBE080971BFC486A9BE578F71BF38
:10A66000128FA6BE521372BFC595A3BEF89472BFD7
:10A67000E59AA0BE471473BF789E9DBE3F9173BFFD
:10A6800086A09ABEDD0B74BF17A197BE228474BF4B
:10A6900031A094BE0BFA74BFDD9D91BE976D75BF5E
:10A6A000229A8EBEC6DE75BF07958BBE974D76BFCC
:10A6B000938E88BE07BA76BFCE8685BE172477BF35
:10A6C000C07D82BEC58B77BFE1E67EBE10F177BF4D
:10A6D000CCCF78BEF85378BF51B672BE7BB478BF8A
:10A6E0007F9A6CBE981279BF667C66BE4E6E79BF4B
:10A6F000135C60BE9DC779BF97395ABE841E7ABF6E
:10A70000011554BE02737ABF60EE4DBE16C57ABF06
:10A71000C2C547BEBE147BBF379B41BEFC617BBF39
:10A72000CF6E3BBECDAC7BBF984035BE31F57BBF15
:10A73000A2102FBE283B7CBFFCDE28BEB07E7CBFB3
:10A74000B6AB22BEC9BF7CBFDE761CBE73FE7CBF2B
:10A75000834016BEAC3A7DBFB70810BE74747DBF8F
:10A7600086CF09BECCAB7DBF029503BEB1E07DBFF5
:10A7700073B2FABD24137EBF7638EEBD23437EBF8D
:10A780002EBCE1BDB0707EBFB93DD5BDC99B7EBFBB
:10A7900036BDC8BD6DC47EBFC33ABCBD9DEA7EBF99
:10A7A00080B6AFBD580E7FBF8C30A3BD9D2F7FBF3D
:10A7B00005A996BD6D4E7FBF0A208ABDC76A7FBFBF
:10A7C000742B7BBDAB847FBF681462BD189C7FBFB8
:10A7D0002FFB48BD0FB17FBF07E02FBD8FC37FBFE9
:10A7E0002CC316BD98D37FBFB949FBBC29E17FBFFD
:10A7F000B00AC9BC43EC7FBFB6C996BCE6F47FBFC4
:10A80000900E49BC11FB7FBF890FC9BBC4FE7FBF3F
:10A8100000000080000080BF890FC93BC4FE7FBFDD
:10A82000900E493C11FB7FBFB6C9963CE6F47FBF52
:10A83000B00AC93C43EC7FBFB949FB3C29E17FBF6B
:10A840002CC3163D98D37FBF07E02F3D8FC37FBF3A
:10A850002FFB483D0FB17FBF6814623D189C7FBF3E
:10A86000742B7B3DAB847FBF0A208A3DC76A7FBFC4
:10A8700005A9963D6D4E7FBF8C30A33D9D2F7FBFB8
:10A8800080B6AF3D580E7FBFC33ABC3D9DEA7EBF48
:10A8900036BDC83D6DC47EBFB93DD53DC99B7EBFA9
:10A8A0002EBCE13DB0707EBF7638EE3D23437EBFC7
:10A8B00073B2FA3D24137EBF0295033EB1E07DBF23
:10A8C00086CF093ECCAB7DBFB708103E74747DBF08
:10A8D0008340163EAC3A7DBFDE761C3E73FE7CBFE5
:10A8E000B6AB223EC9BF7CBFFCDE283EB07E7CBF3B
:10A8F000A2102F3E283B7CBF9840353E31F57BBFF0
:10A90000CF6E3B3ECDAC7BBF379B413EFC617BBFF6
:10A91000C2C5473EBE147BBF60EE4D3E16C57ABF32
:10A920000115543E02737ABF97395A3E841E7ABF8E
:10A93000135C603E9DC779BF667C663E4E6E79BFF4
:10A940007F9A6C3E981279BF51B6723E7BB478BF45
:10A95000CCCF783EF85378BFE1E67E3E10F177BF6A
:10A96000C07D823EC58B77BFCE86853E172477BFDC
:10A97000938E883E07BA76BF07958B3E974D76BF7C
:10A98000229A8E3EC6DE75BFDD9D913E976D75BFE6
:10A9900031A0943E0BFA74BF17A1973E228474BF76
:10A9A00086A09A3EDD0B74BF789E9D3E3F9173BF9B
:10A9B000E59AA03E471473BFC595A33EF89472BFB5
:10A9C000128FA63E521372BFC486A93E578F71BF25
:10A9D000D47CAC3E080971BF3A71AF3E668070BF4F
:10A9E000EF63B23E73F56FBFEC54B53E30686FBF96
:10A9F0002A44B83E9ED86EBFA031BB3EBE466EBF55
:10AA00004A1DBE3E93B26DBF1E07C13E1D1C6DBFE9
:10AA100015EFC33E5E836CBF29D5C63E58E86BBFB9
:10AA200053B9C93E0C4B6BBF8B9BCC3E7BAB6ABF13
:10AA3000CA7BCF3EA7096ABF095AD23E916569BF5A
:10AA40004136D53E3CBF68BF6B10D83EA81668BFE4
:10AA500080E8DA3ED86B67BF79BEDD3ECCBE66BF0C
:10AA60004F92E03E880F66BFFA63E33E0B5E65BF20
:10AA70007533E63E59AA64BFB700E93E73F463BF7D
:10AA8000BBCBEB3E5A3C63BF7994EE3E108262BF73
:10AA9000EA5AF13E98C561BF071FF43EF20661BF56
:10AAA000CBE0F63E214660BF2DA0F93E27835FBF75
:10AAB000275DFC3E05BE5EBFB217FF3EBEF65DBF22
:10AAC000E4E7003F532D5DBFB142023FC7615CBF69
:10AAD0003D9C033F1A945BBF84F4043F50C45ABFAB
:10AAE000824B063F6AF259BF36A1073F6A1E59BF23
:10AAF0009BF5083F534858BFAD480A3F267057BFE3
:10AB00006B9A0B3FE59556BFD0EA0C3F93B955BF02
:10AB1000DA390E3F31DB54BF84870F3FC3FA53BF8E
:10AB2000CDD3103F491853BFB01E123FC63352BF9A
:10AB30002A68133F3D4D51BF39B0143FAF6450BF39
:10AB4000D9F6153F1F7A4FBF073C173F908D4EBF78
:10AB5000C07F183F029F4DBF00C2193F79AE4CBF66
:10AB6000C6021B3FF8BB4BBF0C421C3F7FC74ABF0E
:10AB7000D17F1D3F12D149BF12BC1E3FB3D848BF81
:10AB8000CBF61F3F65DE47BFF92F213F2AE246BFC4
:10AB90009967223F03E445BFA99D233FF5E344BFE6
:10ABA00025D2243F00E243BF0A05263F29DE42BFEB
:10ABB0005636273F70D841BF0566283FDAD040BFE0
:10ABC0001594293F67C73FBF82C02A3F1BBC3EBFC9
:10ABD0004AEB2B3FF9AE3DBF69142D3F03A03CBFAC
:10ABE000DE3B2E3F3B8F3BBFA5612F3FA47C3ABF8E
:10ABF000BB85303F426839BF1DA8313F165238BF70
:10AC0000C9C8323F233A37BFBCE7333F6C2036BF59
:10AC1000F304353FF30435BF6C20363FBCE733BF48
:10AC2000233A373FC9C832BF1652383F1DA831BF3B
:10AC30004268393FBB8530BFA47C3A3FA5612FBF36
:10AC40003B8F3B3FDE3B2EBF03A03C3F69142DBF33
:10AC5000F9AE3D3F4AEB2BBF1BBC3E3F82C02ABF33
:10AC600067C73F3F159429BFDAD0403F056628BF2C
:10AC700070D8413F563627BF29DE423F0A0526BF1E
:10AC800000E2433F25D224BFF5E3443FA99D23BF03
:10AC900003E4453F996722BF2AE2463FF92F21BFCF
:10ACA00065DE473FCBF61FBFB3D8483F12BC1EBF7F
:10ACB00012D1493FD17F1DBF7FC74A3F0C421CBF05
:10ACC000F8BB4B3FC6021BBF79AE4C3F00C219BF59
:10ACD000029F4D3FC07F18BF908D4E3F073C17BF6E
:10ACE0001F7A4F3FD9F615BFAF64503F39B014BF3C
:10ACF0003D4D513F2A6813BFC633523FB01E12BFAD
:10AD00004918533FCDD310BFC3FA533F84870FBFB9
:10AD100031DB543FDA390EBF93B9553FD0EA0CBF4F
:10AD2000E595563F6B9A0BBF2670573FAD480ABF5B
:10AD30005348583F9BF508BF6A1E593F36A107BFCD
:10AD40006AF2593F824B06BF50C45A3F84F404BF95
:10AD50001A945B3F3D9C03BFC7615C3FB14202BF99
:10AD6000532D5D3FE4E700BFBEF65D3FB217FFBE67
:10AD700005BE5E3F275DFCBE27835F3F2DA0F9BE69
:10AD80002146603FCBE0F6BEF206613F071FF4BEEE
:10AD900098C5613FEA5AF1BE1082623F7994EEBED7
:10ADA0005A3C633FBBCBEBBE73F4633FB700E9BED5
:10ADB00059AA643F7533E6BE0B5E653FFA63E3BE96
:10ADC000880F663F4F92E0BECCBE663F79BEDDBEC7
:10ADD000D86B673F80E8DABEA816683F6B10D8BE14
:10ADE0003CBF683F4136D5BE9165693F095AD2BE26
:10ADF000A7096A3FCA7BCFBE7BAB6A3F8B9BCCBEA9
:10AE00000C4B6B3F53B9C9BE58E86B3F29D5C6BE42
:10AE10005E836C3F15EFC3BE1D1C6D3F1E07C1BE98
:10AE200093B26D3F4A1DBEBEBE466E3FA031BBBE53
:10AE30009ED86E3F2A44B8BE30686F3FEC54B5BE12
:10AE400073F56F3FEF63B2BE6680703F3A71AFBE7D
:10AE50000809713FD47CACBE578F713FC486A9BE30
:10AE60005213723F128FA6BEF894723FC595A3BECF
:10AE70004714733FE59AA0BE3F91733F789E9DBEF5
:10AE8000DD0B743F86A09ABE2284743F17A197BE43
:10AE90000BFA743F31A094BE976D753FDD9D91BE56
:10AEA000C6DE753F229A8EBE974D763F07958BBEC4
:10AEB00007BA763F938E88BE1724773FCE8685BE2D
:10AEC000C58B773FC07D82BE10F1773FE1E67EBE45
:10AED000F853783FCCCF78BE7BB4783F51B672BE82
:10AEE0009812793F7F9A6CBE4E6E793F667C66BE43
:10AEF0009DC7793F135C60BE841E7A3F97395ABE66
:10AF000002737A3F011554BE16C57A3F60EE4DBEFE
:10AF1000BE147B3FC2C547BEFC617B3F379B41BE31
:10AF2000CDAC7B3FCF6E3BBE31F57B3F984035BE0D
:10AF3000283B7C3FA2102FBEB07E7C3FFCDE28BEAB
:10AF4000C9BF7C3FB6AB22BE73FE7C3FDE761CBE23
:10AF5000AC3A7D3F834016BE74747D3FB70810BE87
:10AF6000CCAB7D3F86CF09BEB1E07D3F029503BEED
:10AF700024137E3F73B2FABD23437E3F7638EEBD85
:10AF8000B0707E3F2EBCE1BDC99B7E3FB93DD5BDB3
:10AF90006DC47E3F36BDC8BD9DEA7E3FC33ABCBD91
:10AFA000580E7F3F80B6AFBD9D2F7F3F8C30A3BD35
:10AFB0006D4E7F3F05A996BDC76A7F3F0A208ABDB7
:10AFC000AB847F3F742B7BBD189C7F3F681462BDB0
:10AFD0000FB17F3F2FFB48BD8FC37F3F07E02FBDE1
:10AFE00098D37F3F2CC316BD29E17F3FB949FBBCF5
:10AFF00043EC7F3FB00AC9BCE6F47F3FB6C996BCBC
:10B0000011FB7F3F900E49BCC4FE7F3F890FC9BB37
:10B01000000000000000004B000000CB000000001A
:10B02000763C7935EF39EA3D763C7935EF39EABD42
:10B030000000E0FE422EE63F0000E0FE422EE6BFAA
:10B04000000000000000E03F000000000000E0BF42
:10B05000D1F71737D1F717B78071313F807131BF02
:10B060000000003F000000BFB0AB02200000000065
:08B070008851FD7F0100000082
:08B078000D0D000800000000AE
:08B08000E90C000800000000CB
:10B0880000000000FF00000000093D000100000072
:10B09800080000000000000003000000D4A90220FE
:10B0A8002400002000000000D4A902203CAA0220AD
:10B0B800A4AA022000000000000000000000000018
:10B0C8000000000000000000000000000000000078
:10B0D8000000000000000000000000000000000068
:10B0E8000000000000000000000000000000000058
:08B0F80015AB0220000000006E
:0400000508000F6977
:00000001FF
