:020000040800F2
:10000000000003203D0F0008390E00083B0E0008D9
:100010003D0E00083F0E0008410E00088D0F00083D
:10002000000000000000000000000000430E000877
:10003000450E000800000000470E0008490E0008A9
:100040008D0F00088D0F00088D0F00088D0F000820
:100050008D0F00088D0F00088D0F00088D0F000810
:100060008D0F00088D0F00088D0F00088D0F000800
:100070008D0F00088D0F00088D0F00088D0F0008F0
:100080008D0F00088D0F00088D0F00088D0F0008E0
:100090008D0F00088D0F00088D0F00088D0F0008D0
:1000A0004D0E00088D0F00088D0F0008530E00083C
:1000B0008D0F00088D0F0008550E00088D0F0008E9
:1000C0008D0F00088D0F00088D0F00088D0F0008A0
:1000D0008D0F00088D0F00088D0F00088D0F000890
:1000E0008D0F00088D0F00088D0F00088D0F000880
:1000F0008D0F00088D0F00088D0F00088D0F000870
:100100008D0F00088D0F00088D0F00088D0F00085F
:100110008D0F00088D0F00088D0F00088D0F00084F
:100120008D0F00088D0F00088D0F00088D0F00083F
:100130008D0F00088D0F00088D0F00088D0F00082F
:100140008D0F00088D0F00088D0F00088D0F00081F
:100150008D0F00088D0F00088D0F00088D0F00080F
:100160008D0F00088D0F00088D0F00088D0F0008FF
:100170008D0F0008000000008D0F00080000000037
:10018000570E00088D0F00088D0F00088D0F000816
:100190008D0F00088D0F00088D0F00088D0F0008CF
:1001A0008D0F00088D0F0008590E00088D0F0008F4
:1001B0008D0F0008000000008D0F00088D0F000853
:1001C0008D0F0008000000008D0F00088D0F000843
:1001D0008D0F00088D0F00088D0F00088D0F00088F
:1001E0008D0F00088D0F00088D0F00088D0F00087F
:0801F000000000000000000007
:1001F80010F8012B11F8013B012A28BF9A42F7D0C9
:10020800D01A704781F0004102E000BF83F000433C
:1002180030B54FEA41044FEA430594EA050F08BF99
:1002280090EA020F1FBF54EA000C55EA020C7FEA5D
:10023800645C7FEA655C00F0E2804FEA5454D4EBDA
:100248005555B8BF6D420CDD2C4480EA020281EAA4
:10025800030382EA000083EA010180EA020281EADC
:100268000303362D88BF30BD11F0004F4FEA01312E
:100278004FF4801C4CEA113102D0404261EB41013D
:1002880013F0004F4FEA03334CEA133302D05242C3
:1002980063EB430394EA050F00F0A780A4F101047F
:1002A800D5F1200E0DDB02FA0EFC22FA05F28018B9
:1002B80041F1000103FA0EF2801843FA05F359419F
:1002C8000EE0A5F120050EF1200E012A03FA0EFC1E
:1002D80028BF4CF0020C43FA05F3C01851EBE37148
:1002E80001F0004507D54FF0000EDCF1000C7EEB65
:1002F80000006EEB0101B1F5801F1BD3B1F5001FA3
:100308000CD349085FEA30004FEA3C0C04F10104C1
:100318004FEA445212F5800F80F09A80BCF1004FEA
:1003280008BF5FEA500C50F1000041EB045141EA6C
:10033800050130BD5FEA4C0C404141EB0101013C35
:1003480028BFB1F5801FE9D291F0000F04BF014624
:100358000020B1FA81F308BF2033A3F10B03B3F1F6
:1003680020020CDA0C3208DD02F1140CC2F10C0286
:1003780001FA0CF021FA02F10CE002F11402D8BFE4
:10038800C2F1200C01FA02F120FA0CFCDCBF41EAB0
:100398000C019040E41AA2BF01EB0451294330BD7F
:1003A8006FEA04041F3C1CDA0C340EDC04F114045C
:1003B800C4F1200220FA04F001FA02F340EA030033
:1003C80021FA04F345EA030130BDC4F10C04C4F179
:1003D800200220FA02F001FA04F340EA0300294659
:1003E80030BD21FA04F0294630BD94F0000F83F4A3
:1003F800801306BF81F480110134013D4EE77FEA86
:10040800645C18BF7FEA655C29D094EA050F08BFD1
:1004180090EA020F05D054EA000C04BF19461046B2
:1004280030BD91EA030F1EBF0021002030BD5FEAF6
:10043800545C05D14000494128BF41F0004130BD1E
:1004480014F580043CBF01F5801130BD01F0004572
:1004580045F0FE4141F470014FF0000030BD7FEAE5
:10046800645C1ABF194610467FEA655C1CBF0B46E0
:10047800024650EA013406BF52EA033591EA030FF7
:1004880041F4002130BD00BF90F0000F04BF0021EF
:10049800704730B54FF4806404F132044FF0000522
:1004A8004FF0000150E700BF90F0000F04BF00219B
:1004B800704730B54FF4806404F1320410F0004501
:1004C80048BF40424FF000013EE700BF42004FEAFC
:1004D800E2014FEA31014FEA02701FBF12F07F4379
:1004E80093F07F4F81F06051704732F07F4208BF30
:1004F800704793F07F4F04BF41F40021704730B537
:100508004FF4607401F0004521F000411CE700BF82
:1005180050EA010208BF704730B54FF000050AE005
:1005280050EA010208BF704730B511F0004502D506
:10053800404261EB41014FF4806404F132045FEA08
:10054800915C3FF4D8AE4FF003025FEADC0C18BFB1
:1005580003325FEADC0C18BF033202EBDC02C2F1A3
:10056800200300FA03FC20FA02F001FA03FE40EA35
:100578000E0021FA02F11444BDE600BF70B54FF039
:10058800FF0C4CF4E06C1CEA11541DBF1CEA135517
:1005980094EA0C0F95EA0C0F00F0DEF82C4481EA7F
:1005A800030621EA4C5123EA4C5350EA013518BF9F
:1005B80052EA033541F4801143F4801338D0A0FB8C
:1005C80002CE4FF00005E1FB02E506F00042E0FB39
:1005D80003E54FF00006E1FB03569CF0000F18BF3F
:1005E8004EF0010EA4F1FF04B6F5007F64F54074E7
:1005F80004D25FEA4E0E6D4146EB060642EAC6217A
:1006080041EA55514FEAC52040EA5E504FEACE2EE6
:10061800B4F1FD0C88BFBCF5E06F1ED8BEF1004FE9
:1006280008BF5FEA500E50F1000041EB045170BD65
:1006380006F0004646EA010140EA020081EA0301A9
:10064800B4EB5C04C2BFD4EB0C0541EA045170BDA5
:1006580041F480114FF0000E013C00F3AB8014F11F
:10066800360FDEBF002001F0004170BDC4F1000468
:10067800203C35DA0C341BDC04F11404C4F12005E9
:1006880000FA05F320FA04F001FA05F240EA020044
:1006980001F0004221F0004110EBD37021FA04F67A
:1006A80042EB06015EEA430E08BF20EAD37070BD34
:1006B800C4F10C04C4F1200500FA04F320FA05F093
:1006C80001FA04F240EA020001F0004110EBD37095
:1006D80041F100015EEA430E08BF20EAD37070BD05
:1006E800C4F1200500FA05F24EEA020E20FA04F3DE
:1006F80001FA05F243EA020321FA04F001F000418D
:1007080021FA04F220EA020000EBD3705EEA430EFD
:1007180008BF20EAD37070BD94F0000F0FD101F02C
:100728000046400041EB010111F4801F08BF013C65
:10073800F7D041EA060195F0000F18BF704703F0A3
:100748000046520043EB030313F4801F08BF013D2A
:10075800F7D043EA0603704794EA0C0F0CEA1355E6
:1007680018BF95EA0C0F0CD050EA410618BF52EAA0
:100778004306D1D181EA030101F000414FF00000A6
:1007880070BD50EA410606BF1046194652EA4306B4
:1007980019D094EA0C0F02D150EA013613D195EA28
:1007A8000C0F05D152EA03361CBF104619460AD170
:1007B80081EA030101F0004141F0FE4141F470017A
:1007C8004FF0000070BD41F0FE4141F4780170BD6A
:1007D80070B54FF0FF0C4CF4E06C1CEA11541DBFCF
:1007E8001CEA135594EA0C0F95EA0C0F00F0A7F8D1
:1007F800A4EB050481EA030E52EA03354FEA0131FE
:1008080000F088804FEA03334FF0805545EA131310
:1008180043EA12634FEA022245EA111545EA1065D8
:100828004FEA00260EF000419D4208BF964244F16F
:10083800FD0404F5407402D25B084FEA3202B61A8E
:1008480065EB03055B084FEA32024FF480104FF462
:10085800002CB6EB020E75EB030E22BFB61A7546D6
:1008680040EA0C005B084FEA3202B6EB020E75EB69
:10087800030E22BFB61A754640EA5C005B084FEAD1
:100888003202B6EB020E75EB030E22BFB61A75469E
:1008980040EA9C005B084FEA3202B6EB020E75EBA9
:1008A800030E22BFB61A754640EADC0055EA060E6A
:1008B80018D04FEA051545EA16754FEA06164FEAAD
:1008C800C30343EA52734FEAC2025FEA1C1CC0D159
:1008D80011F4801F0BD141EA00014FF000004FF0E6
:1008E800004CB6E711F4801F04BF01430020B4F1A7
:1008F800FD0C88BFBCF5E06F3FF6AFAEB5EB030C5F
:1009080004BFB6EB020C5FEA500C50F1000041EB5B
:10091800045170BD0EF0004E4EEA113114EB5C0428
:10092800C2BFD4EB0C0541EA045170BD41F48011FB
:100938004FF0000E013C90E645EA060E8DE60CEA03
:10094800135594EA0C0F08BF95EA0C0F3FF43BAF20
:1009580094EA0C0F0AD150EA01347FF434AF95EAD7
:100968000C0F7FF425AF104619462CE795EA0C0FBB
:1009780006D152EA03353FF4FDAE1046194622E788
:1009880050EA410618BF52EA43067FF4C5AE50EA62
:1009980041047FF40DAF52EA43057FF4EBAE12E752
:1009A8004FF0FF3C06E000BF4FF0010C02E000BF33
:1009B8004FF0010C4DF804CD4FEA410C7FEA6C5C16
:1009C8004FEA430C18BF7FEA6C5C1BD001B050EAB9
:1009D800410C0CBF52EA430C91EA030F02BF90EAA4
:1009E800020F0020704710F1000F91EA030F58BF63
:1009F800994208BF90422CBFD8176FEAE37040F0C5
:100A0800010070474FEA410C7FEA6C5C02D150EA62
:100A1800013C07D14FEA430C7FEA6C5CD6D152EA1D
:100A2800033CD3D05DF8040B704700BF84461046E2
:100A380062468C461946634600E000BF01B5FFF7E1
:100A4800B7FF002848BF10F1000F01BD4DF808EDB1
:100A5800FFF7F4FF0CBF012000205DF808FB00BF82
:100A68004DF808EDFFF7EAFF34BF012000205DF8DC
:100A780008FB00BF4DF808EDFFF7E0FF94BF012029
:100A880000205DF808FB00BF4DF808EDFFF7CEFF2A
:100A980094BF012000205DF808FB00BF4DF808ED69
:100AA800FFF7C4FF34BF012000205DF808FB00BF3A
:100AB8004FEA410212F5001215D211D56FF478737E
:100AC800B3EB625212D94FEAC12343F0004343EA21
:100AD800505311F0004F23FA02F018BF40427047FC
:100AE8004FF00000704750EA013005D111F0004086
:100AF80008BF6FF0004070474FF00000704700BF1C
:100B08004FEA4102B2F1E04324BFB3F5001CDCF127
:100B1800FE5C0DD901F0004C4FEAC0024CEA50705F
:100B2800B2F1004F40EB830008BF20F0010070478E
:100B380011F0804F21D113F13872BCBF01F0004091
:100B4800704741F480114FEA5252C2F11802C2F1C3
:100B5800200C10FA0CF320FA02F018BF40F0010044
:100B68004FEAC1234FEAD32303FA0CFC40EA0C00F6
:100B780023FA02F34FEA4303CCE77FEA625307D133
:100B880050EA01331EBF4FF0FE4040F4400070476A
:100B980001F0004040F0FE4040F40000704700BF04
:100BA8007BB972B90029BEBF00204FF0004106E0B2
:100BB80008BF00281CBF6FF000414FF0FF3000F065
:100BC80057B8ADF1080C6DE904CE002909DB002BFC
:100BD8001ADB10F00FFBDDF804E0DDE9022304B0B6
:100BE8007047404261EB4101002B1BDB10F002FB18
:100BF800DDF804E0DDE9022304B0404261EB410185
:100C0800524263EB43037047524263EB430310F0D5
:100C1800F1FADDF804E0DDE9022304B0404261EBBB
:100C280041017047524263EB430310F0E3FADDF8E9
:100C380004E0DDE9022304B0524263EB430370474A
:100C480053B94AB9002908BF00281CBF4FF0FF312B
:100C58004FF0FF3000F00CB8ADF1080C6DE904CE90
:100C680010F0C8FADDF804E0DDE9022304B07047AB
:100C7800704700BF4A0011D212F5001211D20DD5EB
:100C88006FF47873B3EB62520ED44FEAC12343F08A
:100C9800004343EA505323FA02F070474FF0000034
:100CA800704750EA013002D14FF0FF3070474FF0E3
:100CB8000000704710B5054C237833B9044B13B1C5
:100CC8000448AFF300800123237010BD800000208A
:100CD800000000004815010808B5034B1BB1034983
:100CE8000348AFF3008008BD000000008400002026
:100CF8004815010800B599B04822002106A80FF050
:100D080051FB1422002101A80FF04CFB002002F037
:100D180057F908B172B6FEE7102306936023012243
:100D28000F930223CDE90D20CDE91132372013921C
:100D38000722CDE9140206A8CDE9163301F0E2FB3B
:100D480008B172B6FEE70F220323CDE90300059030
:100D5800052101A8CDE9012301F0F0FE08B172B622
:100D6800FEE719B05DF804FB7FB501F003FBFFF760
:100D7800C1FF2C4B0020DA6C42F00402DA64DA6C12
:100D880002F004020192019ADA6C42F02002DA645D
:100D9800DA6C02F020020292029ADA6C42F08002C7
:100DA800DA64DA6C02F080020392039ADA6C42F099
:100DB8000202DA64DA6C02F002020492049ADA6C33
:100DC80042F00102DA64DB6C03F001030593059B32
:100DD80002F08CF908B172B6FEE702F097F9044602
:100DE80008B172B6FEE702F0E5FC012002F0E2FC71
:100DF800022002F0DFFC0121204602F03BFD4FF407
:100E0800E13309492046C1E900348C608C8102F045
:100E1800B9FD08B172B6FEE7044800F051FF30BFD3
:100E2800FDE700BF001002409C000020A4A802209B
:100E3800FEE7FEE7FEE7FEE7FEE77047704770470C
:100E480001F0AABA002002F069BD704770477047E8
:100E5800704700000B4B82B01A6E42F001021A660E
:100E68001A6E02F001020092009A9A6D42F08052C6
:100E78009A659B6D03F080530193019B02B002F0C9
:100E88008BB800BF001002400A4A0346106810B52C
:100E980008B9094810600949094C0344091B8B42E9
:100EA80006D90FF037FB0C2303604FF0FF3010BD5D
:100EB8001360FCE7AC000020B8AC0220000003205F
:100EC800000400000120704708B50FF023FB16232B
:100ED80003604FF0FF3008BD08B50FF01BFB162369
:100EE8000360FEE770B50D4614460E46731B9C4220
:100EF80001DC204670BDAFF3008006F8010BF5E772
:100F080070B50D4614460E46731B9C4201DC204604
:100F180070BD16F8010B02F009FDF5E74FF0FF3040
:100F280070474FF4005300204B6070470120704712
:100F380000207047DFF834D001F09CF9002103E06D
:100F48000B4B5B58435004310A480B4B42189A42EA
:100F5800F6D30A4A02E0002342F8043B084B9A42BF
:100F6800F9D30FF0DDFAFFF7FFFEFEE700000320DC
:100F780060BE0208000000207800002080000020E9
:100F8800B8AC0220FEE710B538B1406928B1024676
:100F98000468002301209C4200DC10BD52F8041FA5
:100FA800002902DD48430133F5E70020F5E700009A
:100FB800104B1A68137F032B16D0092B07D0012B6F
:100FC80015D1136903EB800393ED000A7047136989
:100FD8001B56D168D2ED027A5B1A00EE103AB8EED1
:100FE800C00A20EE270A704713691B5CF1E79FEDE2
:100FF800020A7047F8020020000080FF7047D0F80E
:101008004C2138B5092A06D8002300F580749A4285
:1010180003D1002008E00FF068F854F8045F8D420F
:1010280003D14A3350F8230038BD0133EFE72DE9E7
:10103800F04104460F4606460025D0F80081A84531
:1010480001D100200BE0B369202B0AD13946F069A1
:10105800FFF7CEF828B91C2303FB05400430BDE890
:10106800F08101351C36EAE7F8B5154B05461868D6
:101078000CF01AF8044600BBFFF79AFF114EB0EEC9
:10108800407AA6EC010A01200F4B1F68874202D85C
:101098008DB90020F8BDFFF78BFFB4EEC70AF1EE5B
:1010A80010FAA6EC010AD4BFB0EE470A0446B0EE27
:1010B800407A0130EAE72C60EBE76FF00700E9E7D8
:1010C80000030020D8020020D00200202029F0B51B
:1010D80007D000231C25D0F8004100F11806A342D0
:1010E80001D1002006E005FB03F2B758B94202D14E
:1010F80004321044F0BD0133F1E700002DE9F04758
:1011080017463C4A054692F900002DED028B8846A9
:1011180078B965B1384A1268914208D1374A1668D9
:10112800327F032A40D0092A13D0012A05D06FF054
:101138000600BDEC028BBDE8F0878A0030692946BD
:101148000FF015FABDEC028B3846BDE8F047FFF703
:101158008BBFD6ED027AF5EEC07AF1EE10FAE6D939
:1011680004469FED278A6FF07F09A045EAD0F5EC89
:10117800017AB0EEE77AB4EE487AF1EE10FAD6D8F2
:1011880096ED020A87EE800AD6F810A00EF0D6FB7C
:10119800F36818444845B8BF48467F28A8BF7F2051
:1011A8000AF804000134E0E7D6ED027AF5EEC07AD9
:1011B800F1EE10FABBD904469FED118AA045C1D0C3
:1011C800F5EC017AB0EEE77AB4EE487AF1EE10FA6F
:1011D800ADD896ED020A87EE800AD6F810900EF088
:1011E800ADFBF368184480F3080009F804000134E3
:1011F800E4E700BF04000020D4020020FC02002025
:10120800FFFF7F7F00487047D8020020024B186814
:1012180000B10069704700BFF8020020084B186849
:1012280058B1007F032809D0092807D0431E584227
:1012380058418000034B1B68584370470120F9E769
:10124800F8020020D0020020014B1868704700BF48
:10125800D4020020014B1868704700BFD00200205C
:10126800014B1868704700BFCC020020084B186873
:1012780058B1007F032809D0092807D0431E5842D7
:1012880058418000034B1B68584370470120F9E719
:10129800FC020020D402002038B50D4B044693F917
:1012A8000000154690B97CB1FFF7E0FF884202467E
:1012B8000AD1084B21461B6818690FF058F92846CF
:1012C800BDE83840FFF7D0BE6FF0060038BD00BF5C
:1012D80004000020FC020020024B186800B1007FC7
:1012E800704700BFFC020020024B186800B1007F65
:1012F800704700BFF8020020044B1B6813B193ED40
:10130800020A70479FED020A704700BFFC020020E6
:1013180000000000024B186800B1C068704700BFA9
:10132800FC020020044B1B6813B193ED020A7047BE
:101338009FED020A704700BFF8020020000000007D
:10134800024B186800B1C068704700BFF80200205F
:1013580007289ABF024B53F820000248704700BF85
:101368009C6702080061020820292DE9F843054618
:1013780088461446994608D120480BF0C9FE2048F3
:101388000BF0C6FE0120BDE8F88303681B68984788
:10139800074638B11B480BF0BBFE41461A480BF014
:1013A800B7FEEFE7D5F800C1BCF1080F06D94146F2
:1013B80016480BF0ADFE09211548F0E74FF01C0E5A
:1013C8000FCC0EFB0C5E0EF104060FC60CF10103E8
:1013D80094E8070086E80700CEF81880C5F80031C1
:1013E800D5F84C31384605EB83020133C2F8048145
:1013F800C2F82891C5F84C31C5E700BF343402085B
:10140800653402087A340208A9340208CA3402088A
:10141800FB340208074B2DE9F0411A684CF23033CF
:101428009A428CB00AD06FF00800034B18700CB0C9
:10143800BDE8F0816015010804000020AB4B1A6874
:10144800D4189B58E31A1A88042A40F246819B88CC
:10145800002B00F04281E358032B40F03E81A44A60
:10146800A448136813F001030BD1C0F80031C0F889
:101478004C310123A04913600160A04AA0490EF035
:101488002FFE05A806F018FF00219E4B994805AAD3
:10149800FFF76AFF002840F01D8105A803F0F2F865
:1014A8000321994B934805AAFFF75EFF002840F0F7
:1014B800118105A803F0AEFF0421944B8D4805AABD
:1014C800FFF752FF002840F0058105A804F088FBCB
:1014D80009218F4B874805AAFFF746FF002840F0EF
:1014E800F98005A805F0DEF90E218A4B814805AA86
:1014F800FFF73AFF002840F0ED8005A807F0D2FF7B
:101508001121854B7B4805AAFFF72EFF002840F0E4
:10151800E18005A809F046F92821804B754805AAFD
:10152800FFF722FF002840F0D58005A808F0E6F96B
:1015380012217B4B6F4805AAFFF716FF002840F0E1
:10154800C98005A805F09AFE1921764B694805AAB5
:10155800FFF70AFF002840F0BD80734D2B68DE07B7
:1015680013D40023CDE9023301934FF4C03321464D
:10157800604A00936D486E4B0BF004FB01235F4AF1
:101588006C496A482B600EF0ABFD68486A4D2860CC
:101598000BF09CFC0446002840F0A2800146286815
:1015A8000BF030FB654E2146306028680BF04CFB91
:1015B800DFF8A4810446C8F800003068FFF7E3FCB0
:1015C8005F4F38602046FFF7DEFC5E4C2B682060DA
:1015D800D86E0AF0EBFA5C4B31681860002900F00D
:1015E80082804B69002B7ED01A68042A7BD15A6806
:1015F800012A78D19A68202A75D1DA680D2A72D121
:101608001B69012B6FD1D8F80020002A6BD05369D1
:10161800002B68D01868022865D15868012862D163
:101628009B68082B5FD13B68B3F5D07F5BD12368FB
:10163800082B58D10D7F6B1EDBB2082B00F28E8071
:1016480040F2051020FA03F3DC0740F18780147F8D
:10165800631EDBB2082B00F28180D840C3077DD51A
:10166800092D7FF4E0AE092C7FF4DDAED1ED027ACE
:10167800F5EEC07AF1EE10FA7FF6D5AE9FED337A2B
:1016880077EEC77A9FED327AF0EEE77AF4EEC77A12
:10169800F1EE10FA3FF6C7AECB685A2B7FF4C3AE13
:1016A800D2ED027AF5EEC07AF1EE10FA7FF6BBAE13
:1016B800DFED286A77EEE67AF0EEE77AF4EEC77A9D
:1016C800F1EE10FA3FF6AFAED36880337FF4ABAEDD
:1016D8000020AAE66FF00200A7E66FF00100A4E67A
:1016E8006FF00300A1E66FF004009EE67015010894
:1016F800780100207C010020886702080000002093
:101708000510000839B5000899B500085BB600084F
:10171800F9B60008ADB40008FFB70008E1B4000846
:10172800B5B70008B1B80008B0000020B400002028
:10173800100300207DCC000800030020FC020020DC
:10174800D4020020D0020020CC020020A6539840EA
:1017580095BFD6330000803BF80200206FF00500EB
:1017680063E600BF074AD2F8FC3043F08073C2F842
:10177800FC300022044B5A601A6842F001021A60D9
:10178800704700BF00ED00E0001000E00020704747
:101798002DE9F04F2DED048B1646804683B00028C6
:1017A80000F0EA80002A00F0E780B1F57A5F40F0A7
:1017B800E380B3F5D07F40F0DF80714C237863B9C4
:1017C80070480DF015FA30B16FF0C90003B0BDECE8
:1017D800048BBDE8F08F012323706B4F9FED6B8A5C
:1017E800BA46DFED6B8A6B4DDFF8B4912B466A4938
:1017F8006A4A05F50060B3F57A5F37BF38F91340D8
:10180800F0EE487A07EE904AF8EEE77AB1EC017A02
:1018180038BF67EEA87A67EE277A01338342E2EC95
:10182800017AE8D100235E4A5C4956480DF0C0F9B8
:10183800D9ED007A67EEA77A99ED017AC9ED007AB9
:101848000122574B191DD3ED037AD3ED026A67EED7
:10185800A77A46EEA67A0132B2F5806FE1EC017AFA
:1018680003F10803EFD127EE077A4E4B504683ED7C
:10187800007A80244C49DFF84CC1DFED447A3CF80B
:10188800022B0B8809EB82020192484A31F802BF09
:1018980002EB830E5B4565D3013CE0EC017AECD1A9
:1018A80005F50075B5F5705F0AF5007A9ED19FEDD4
:1018B800408ADFED408AB2EE049ADFF8CC90C84641
:1018C800802598ED000AB4EEE80AF1EE10FA48BF58
:1018D800B0EE680A0DF0F2FF20EE090AB4EEC80A6D
:1018E800F1EE10FAC8BFB0EE408A013DA8EC010A3B
:1018F800E7D10134202C09F50079E0D1DFED2E7A0B
:10190800DFED2E6A38EE678A2D480346002206EB83
:1019180085013C46DFED1D7A03F5007CB4EC017AC5
:10192800B4EEC78AF1EE10FAB3EC016AC8BFB0EEA4
:10193800487A634547EE067AF0D1B0EEE77AB4EE1E
:10194800667AF1EE10FA3FF63FAF01320D2AE1EC6C
:10195800017ADED10D35B5F5D07F07F50077D4D102
:10196800002033E7019ABEEC017AF2EC016A0133F8
:1019780046EE877A01928DE76FF0C70026E700BF31
:1019880010830120148301202C8301200000000013
:101998000000003800FCFFFF341402082CE301208B
:1019A8002CC301202CD3012030120208A0F2010818
:1019B800000080FFFFE6DB2E0000A042FFFF7F7FD4
:1019C800A0D801083213020830B5084D0A449142E4
:1019D80000D130BD11F8013B5840082340F3000402
:1019E8002C40013B84EA5000F8D1F0E72083B8EDA1
:1019F80070B51D46144B86B0019301238DF808304D
:101A080000230A9E0446CDE903268DF809103246C4
:101A180029464FF0FF30ADF80A30FFF7D5FFC04335
:101A28004FF4FA6305901422204601A901F06DFDD8
:101A380038B936B141F2883329462046B2B201F0AE
:101A480064FD06B070BD00BF534D543130B50D462E
:101A580000219DB004468DF86F10039219465F224D
:101A680004A80EF0B9FC64232A460093FF212046FF
:101A780003ABFFF7BDFF1DB030BD00002DE9F043FB
:101A88004FF05C084FF0FF391E469BB007460D46E5
:101A980014460021424603A8CDF808900EF082FCB7
:101AA800CDF810904EB10396CDF8008082213846CB
:101AB800AA6803ABFFF79CFF0CE074B1FFF7D6FBF5
:101AC800EB6883420DD06FF064023846364BA96844
:101AD800FFF7BCFF1BB0BDE8F083FFF7B5FB800044
:101AE800EEE7012001F0A6FE304BD3F80480002C6D
:101AF80041D0E9682E4802AAFFF7CEFB04462B4BDB
:101B080001205E6801F0A6FE029BA6EB080604937E
:101B18000394059600F0E6FC264B984283BF0133F8
:101B2800B0FBF3F0059B002388BFB3FBF0F30693EB
:101B3800F4B9FFF767FB0646FFF78CFB33462246EE
:101B4800B6EE007A0126079908900DF1280C90420C
:101B580019D104B10791FFF761FB202828BF202085
:101B68000990FFF753FB099A014612A80EF0FFFCF3
:101B78005C2300939AE7FFF767FB02AA01460C482B
:101B8800FFF7BCFABAE7F3EC017AF4EEC77AF1EEA4
:101B980010FAA4BF06FA02F42143ECEC017AA8BFBC
:101BA80001240132D3E700BFA8350208001000E085
:101BB800889402203F420F007FB5084B03921A69B0
:101BC8009B69049205930C230A46009390216B4469
:101BD800FFF70EFF07B05DF804FB00BF30170220C7
:101BE8002DE9F041ECB002AC1546064640F2A512CC
:101BF8000F46204600210EF0D5FB40F20123256058
:101C0800A380FFF769FBA071FFF76EFB274B284AFB
:101C1800E071C4E902234FF008132361FFF714FBB6
:101C280000283FD0FFF710FB224B60611B6800259E
:101C3800A3614FF4C033E361FFF712FB2062FFF7A3
:101C48005BFB84ED090AFFF765FBA062FFF76AFBFF
:101C580084ED0B0AFFF774FB2F22174920630FA8A6
:101C68000EF0BAFB412215491BA80EF080FC0DF1BD
:101C7800AD082846FFF76CFB013501461F22404698
:101C88000EF0AAFB082D08F12008F2D140F2A513A6
:101C98003A460093812123463046FFF7A9FE6CB0EF
:101CA800BDE8F0814FF4D070BEE700BF0D00010021
:101CB8000100200060150108DD3502080936020818
:101CC8002DE9F04F2DED048BABB00446FFF7A2FBD6
:101CD8000646FFF747FD002001F0BCFD012001F09A
:101CE800B9FD022001F0B6FDB6BB304601F0A2FDF9
:101CF800324600212046FFF773FF0025844B0C93E2
:101D08004FF0000301228DF81B3020464FF0FF33BF
:101D18000DF11B0101F054FCB0B905F1A8026A44A9
:101D28009DF81B3012F8781C994217D1032D05F144
:101D3800010002F88C1C16D14FF4FA6310222046D9
:101D480008A901F03DFC80B16FF067020021714BDA
:101D58002046FFF77BFED0E70220C7E7532B04BFDE
:101D680001208DF81C300546CAE79DF82030012B6C
:101D780004D0694B6FF063020999E9E7BDF8223096
:101D88000BB1664BF6E741F208430A9A9A4203D927
:101D9800634B6FF06402EFE75AB141F28833204693
:101DA800604992B201F00CFC18B16FF067025E4B0B
:101DB800E2E7DDF828A04FF0FF3052465949FFF717
:101DC80003FEC0430B9B834203D0584B6FF0650260
:101DD800D2E79DF82130013B122B00F22A82DFE87E
:101DE80013F013001D0024002802280228022802EC
:101DF800280228022802280228022802280228028B
:101E080027006D002F0107020999BAF1000F03D0CE
:101E18006FF06402464B9BE732466BE7334600227D
:101E2800204607A9FFF72AFE67E733460122F7E7AE
:101E3800BAF1100F01D03F4BABE73F4D394B47F696
:101E48005852D3E900B700212846B3F80880B3F800
:101E58000AA0D3F80C900EF0A5FA16B132460999EB
:101E680004E0FFF793FC0999024618B12046FFF7F2
:101E7800A3FE42E7BBF57A5F05D1B8F1010F02D1A5
:101E8800BAF1000F03D02D4B6FF0680260E72C4BBE
:101E98007A1E9A4204D8B7FBFBF30BFB13730BB102
:101EA800284BF1E74FF0FF333246C5E9017985F851
:101EB8000080EB602E6385F83460D7E71E4D2B78E1
:101EC8001BB9214B6FF0690256E7BAF1040F02D92A
:101ED8001AF0010901D01D4B5BE7124F2B693968D5
:101EE800994208D16B68AAF104025B1AB3EB520F4E
:101EF8004FEA520B01D2164BE4E7E868391DFFF7A9
:101F080063FDDFF85080E860CB4525D10022A6E7C5
:101F1800534D54314A3602086536020882360208A3
:101F28009D36020888940220C5360208E136020868
:101F3800F83602081B370208301702204537020816
:101F48007E8A1D006D370208A3370208CE370208C3
:101F5800FD370208001000E07B793A7942EA032253
:101F68006B69591C05EB4303DA862B69B1F57A5F77
:101F780003F1010369612B6152D1D8F804A00391E0
:101F8800FFF762F9AD4A03460399AD48FFF700FC35
:101F9800D5E90832D8F804102863A1EB0A015B18C8
:101FA80042F10002C5E908320246002845D14FF047
:101FB800010A4FF0FF3350460C9385F801A001F059
:101FC80039FCD8F804300593FFF73EF90CAA01460E
:101FD8009A48FFF793F8D8F80410049050460391F4
:101FE80001F038FC0399059B049AC81AD5E90A310F
:101FF8001B1841F10001C5E90A3185F83420E2B91E
:10200800FFF700F98246FFF725F953468D4A0AEB98
:102018008000984208D1AB690133AB6100236B6142
:1020280009F1010902376FE7D2ED007AB3EC017AC2
:1020380077EE877AE2EC017AEBE700232B700EE764
:10204800BAF1000F01D0804BA3E6804D2B785BB12D
:10205800D5F810906B68994506D16F6927B9D5F8FE
:102068001880B8F1000F01D1794B2BE7EB68AA680B
:10207800DB43934203D0774B85F800A0A6E66C2299
:1020880051460FA80EF08EF9D5E9082C4FF0FF3114
:1020980095F93430CDF894800C932B6B0D91CDE9E4
:1020A8002339D5E90A3012EB03084CEB00099142B9
:1020B8007AEB0C0C38BF0A462692002299428241DC
:1020C8004FF0FF3238BF134642454FF0000272EB23
:1020D80009022893434638BF4FF0FF330E9300F0B0
:1020E80001FA5D4B984227D90133B0FBF3FAD5E9E1
:1020F800080100235246FEF7A3FD002908BF034646
:10210800D5E90A0118BF4FF0FF3352462793002341
:10211800FEF796FD00290CBF03464FF0FF335246E9
:102128002993404600234946FEF78AFD002914BF3B
:102138004FF0FF3303460F93239B0C9A134312D19E
:10214800FFF788F89FED459AF6EE009A6FF07F0B3F
:10215800DFF8F09011900DF16B080DF14C0A119B0E
:102168009F420BD3129300232B7078239221099A54
:1021780000930CAB2046FFF73BFCBEE5D5ED067A95
:10218800B9EC017AF8EE677A87EE278AB4EEC98A45
:10219800F1EE10FAB4EEE98AAAEC018AC4BFB0EEF7
:1021A800489A0D97F1EE10FA05DB012303FA07F2BE
:1021B800109B13431093FFF7B5F8F0EE408AFFF732
:1021C800BFF8F5EEC08AF1EE10FA034606DD88EE98
:1021D800280A03900DF0FEFB039B03447F2BA8BF46
:1021E8007F235B45B8BF5B46013708F8013FB6E778
:1021F800BAF1000F01D01A4BCBE5144B5A780AB943
:10220800184B5FE61B6B184D2B60FFF71DF86860D5
:10221800FFF71AF80949820005F108000EF0A7F93E
:10222800FFF712F8023080002B469121099A00909E
:10223800A0E76FF066020D4B9EE500BF2C0302205D
:1022480066170220689402202B38020830170220F3
:102258004F3802086A3802083F420F00000080FF2A
:102268008D380208B938020888940220E03802083C
:1022780070470000034AD2F8883043F47003C2F86C
:102288008830704700ED00E021490B681B0754BFF8
:10229800D1F894300B688A6858BFC3F3032302F05F
:1022A8000C0248BFC3F30313082A2FD019480C2A7D
:1022B80050F823300CD01848042A08BF03468A680F
:1022C8001649C2F303128A5CD340154A136070475B
:1022D800C868CA6800F00300C2F30312022802F1BA
:1022E80001020FD003280FD0B3FBF2F2CB68C86805
:1022F800C3F306235343C0F3416201325200B3FBD8
:10230800F2F3DCE7044BEFE7064BEDE7054BD6E7C6
:1023180000100240BC6702080024F40004680208A8
:102328000800002000127A0038B50F4B05461A78CD
:102338000AB9012038BD4FF47A73B3FBF2F30B4AA4
:102348001068B0FBF3F000F0BDFE04460028F0D1A1
:10235800072DEED8024629464FF0FF3000F074FEF4
:10236800034B20461D60E5E70C0000200800002014
:102378001000002010B5042000F054FEFFF784FF81
:102388000020FFF7D1FF044618B9FEF763FD204689
:1023980010BD0124FBE70000034A044B11681B78B9
:1023A8000B441360704700BF90A802200C00002067
:1023B800014B1868704700BF90A8022037B51D4D23
:1023C8000446AB6DD90018D500F0D6FD30F4007383
:1023D80023D1802C03D9A02C8CBF022301231649BA
:1023E8000A6822F00F021A430A60086800F00F001A
:1023F800C01A18BF012003B030BDAB6D43F0805345
:10240800AB65AB6D03F080530193019B00F0B4FD05
:10241800AB6D23F08053AB65D8E7802C05D806D088
:10242800A4F1700253425341D9E70323D7E70223AB
:10243800D5E700BF0010024000200240254B9A68F3
:10244800D96812F00C0205D00C2A24D101F003013E
:10245800012927D119682048090755BFD3F89410D6
:102468001968C1F30321C1F3031150F8210082B3A5
:10247800D968DA6801F00301C2F30312022902F1F4
:10248800010211D003291ED0B0FBF2F0D968C1F3C4
:10249800062148430FE0042A1AD0082A0F4818BF1B
:1024A800002070470020E3E7D8680D49C0F30620F4
:1024B800B1FBF2F25043DB68C3F3416301335B00C5
:1024C800B0FBF3F07047D8680449C0F30620EFE783
:1024D8000348704700100240BC67020800127A00E7
:1024E8000024F40008B5FFF7A9FF044B044A9B68D1
:1024F800C3F30313D35CD84008BD00BF00100240EB
:10250800046802082DE9F341054618B9012002B014
:10251800BDE8F081904C0368A668E768DB0606F022
:102528000C0607F0030735D51EB10C2E62D1012F1A
:1025380060D12368980702D5EB69002BE6D02368A1
:10254800686A190756BFD4F8943023681B0903F04A
:10255800F003984237D9FFF731FF0028D6D1236816
:1025680043F00803236023686A6A23F0F0031343E7
:10257800236063682A6A23F47F4343EA0223636083
:10258800FFF7B0FF754B1860754B1868FFF7CCFE66
:102598000028BCD12B68DB0769D42B68990700F1A8
:1025A800AF802B681E0700F1F2802B68590700F1F5
:1025B8002F812B689A0600F1F081EB6A002B40F01E
:1025C80020820020A3E7236843F0080323602368E0
:1025D80023F0F0030343236063682A6A23F47F43EC
:1025E80043EA02236360002ECAD1FFF7E7FE002802
:1025F800C6D08BE7EB6933B3236843F0010323604C
:10260800FFF7D6FE804623689B0711D5236843F061
:102618000803236023686A6A23F0F00313432360E6
:1026280063682A6A23F47F4343EA02236360B1E7BD
:10263800FFF7BEFEA0EB08000228E4D923689A073A
:10264800E1D4032063E7236823F001032360FFF745
:10265800AFFE804623689A079CD5FFF7A9FEA0EB3A
:1026680008000228F6D923689907EAD4F2E7082E69
:1026780003D00C2E08D1032F06D123689A038CD5DA
:102688006B68002B89D141E76B68B3F5803F14D1A3
:10269800236843F480332360FFF78AFE804623686B
:1026A80099033FF57AAFFFF783FEA0EB0800642893
:1026B800F5D923689B03C4D5F1E7B3F5A02F04D15E
:1026C800236843F480232360E2E7226822F48032FF
:1026D8002260226822F480222260002BDCD1FFF7DE
:1026E80067FE804623689B037FF557AFFFF760FEC0
:1026F800A0EB08006428F5D923689A03A1D4F1E770
:10270800042E03D00C2E10D1022F0ED123685E05A3
:1027180003D5EB68002B3FF4F9AE63682A6923F010
:10272800FE4343EA026363603BE7EB68D3B1236887
:1027380043F480732360FFF73BFE064623685A057F
:10274800EBD4FFF735FE801B0228F7D9236859051B
:102758007FF577AFF2E700BF0010024008000020C5
:1027680010000020236823F480732360FFF720FE05
:10277800064623685F057FF514AFFFF719FE801B37
:102788000228F6D923685B053FF55BAFF1E76B6973
:102798002BB3AB69F3B9D4F8943023F01003C4F821
:1027A8009430D4F8943043F00103C4F89430FFF720
:1027B800FFFD0646D4F894309B073FF5F6AEFFF7C9
:1027C800F7FD801B0728F5D9D4F894309A077FF5D0
:1027D80038AFEFE7D4F8943043F01003DFE7D4F8CC
:1027E800943023F00103C4F89430FFF7E1FD064666
:1027F800D4F8943099077FF5D8AEFFF7D9FD801B40
:102808000728F5D9D4F894309F073FF51AAFEFE7BA
:10281800A36DDA0043D40127A36D43F08053A36569
:10282800A36D03F080530193019BA74E3368DB052A
:1028380037D5AB68D80749D4D4F8902022F00102E4
:10284800C4F89020D4F8902022F00402C4F8902014
:10285800002B4AD1FFF7ACFD41F288380646D4F880
:102868009030990700F18D80D4F890301A0655D52C
:1028780041F28838D4F8903023F08003C4F89030BF
:10288800D4F89030190549D5FFF792FD801B4045D3
:10289800F6D9D4F890301B053FF5D3AEF0E7002702
:1028A800C3E7336843F480733360FFF781FD8046E4
:1028B8003368DA05BDD4FFF77BFDA0EB08000228DA
:1028C800F6D93368D9057FF5BCAEF1E713F0040FEC
:1028D800D4F890301EBF43F00403C4F89030D4F805
:1028E800903043F00103C4F89030FFF761FD41F2E6
:1028F80088380646D4F89030990717D5AB6813F096
:10290800800FD4F8903027D041F2883843F0800304
:10291800C4F89030D4F890301B0512D5002F3FF43E
:1029280048AEA36D23F08053A36542E6FFF740FD50
:10293800801B4045DED9D4F890309B077FF581AEE7
:10294800D8E7FFF735FD801B4045E3D9D4F8903030
:102958001A057FF576AEDDE741F2883823F080036B
:10296800C4F89030D4F890301A05D7D5FFF720FD79
:10297800801B4045F6D9D4F8903019053FF561AE73
:10298800F0E7FFF715FD801B40457FF668AFD4F8E8
:1029980090309B073FF555AE61E7AB6AC3B1D4F8F9
:1029A800983043F00103C4F89830FFF701FD06465C
:1029B800D4F898309F073FF500AEFFF7F9FC801B6D
:1029C8000228F5D9D4F898309B077FF53AAEEFE79F
:1029D800D4F8983023F00103C4F89830FFF7E8FCE6
:1029E8000646D4F898309A077FF5E7ADFFF7E0FC84
:1029F800801B0228F5D9D4F8983099073FF521AE05
:102A0800EFE7A26802F00C020C2A63D0022B2368BD
:102A180023F08073236042D1FFF7CAFC064623687F
:102A28009F0132D4E268294B13402A6B1343AA6BE7
:102A380043EA0223EA6B43EAC2636A6B013A43EA58
:102A480002132A6C5208013A43EA42536A6C52084C
:102A5800013A43EA4263E360236843F080732360EA
:102A6800E36843F08073E360FFF7A2FC0546236840
:102A780099013FF5A6ADFFF79BFC401B0228F6D94C
:102A8800236898017FF5DDADF1E7FFF791FC801B26
:102A98000228C4D923689B013FF5D3ADBFE7FFF7F0
:102AA80087FC054623689B0104D4E268084B134061
:102AB800E36086E5FFF77CFC401B0228F2D9236817
:102AC8009A013FF5BEADEDE7007000400C809F0114
:102AD800FCFFEEFE012B3FF419ADE3682A6B03F00F
:102AE800030191427FF412AD696B03F0F0020139E2
:102AF800B2EB011F7FF40AADA96B03F4FE42B2EBFF
:102B0800012F7FF403ADE96B03F07842B2EBC16F9C
:102B18007FF4FCAC2A6C03F4C0015208013AB1EB13
:102B2800425F7FF4F3AC6A6C03F0C0635208013A69
:102B3800B3EB426F14BF01200020E8E42DE9F8430D
:102B48000E46054610B90120BDE8F883724A13689D
:102B580003F00F038B4232D3296888073AD4C90798
:102B68007AD56F686D4C032F236840F0A0809A01D6
:102B7800E9D5E368E26803F00303C2F30312022B0A
:102B880002F1010233D0032B39D0012B3CD00023B2
:102B9800E268C2F3416201325200B3FBF2F3604AC9
:102BA80093423FD9A36813F0F00F3BD1A3684FF0CD
:102BB800800823F0F00343F08003A36034E0136837
:102BC80023F00F030B431360136803F00F038B42CA
:102BD800B9D1C1E7514AA868936803F0F003984255
:102BE80081BF936823F0F00303439360B7E7E3687A
:102BF8004C49C3F30623B1FBF2F25343C8E7E36839
:102C08004949C3F30623F6E72368484A1B0755BF1B
:102C1800D4F894302368C3F30323C3F3031352F89F
:102C28002330B5E74FF00008A36841F2883923F054
:102C380003033B43A360FFF7BBFB0746A3686A682F
:102C480003F00C03B3EB820F43D1B8F1000F03D0AC
:102C5800A36823F0F003A360296888070BD52F4ADF
:102C6800A868936803F0F00398423FBF936823F085
:102C7800F00303439360284A136803F00F03B34239
:102C880035D84A073FD40B0707D5244A29699368E2
:102C980023F4605343EAC1039360FFF723FC244BFA
:102CA8001860244B1868BDE8F843FFF73DBB022FB6
:102CB80008D113F4003F3FF446AFFFF7BFFB184BB2
:102CC80098426EE717B913F0020FF4E713F4806F18
:102CD800F1E7FFF76DFBC01B4845AFD9A3686A68E9
:102CE80003F00C03B3EB820FA8D003202CE7136882
:102CF80023F00F0333431360136803F00F03B34249
:102D08007FF421AFBDE7054AE868936823F4E063E0
:102D180003439360B7E700BF002002400010024061
:102D280000B4C4040024F40000127A00BC6702084E
:102D3800080000201000002008B5FFF7D3FB044B63
:102D4800044A9B68C3F30223D35CD84008BD00BF84
:102D580000100240FC67020808B5FFF7C3FB044BEC
:102D6800044A9B68C3F3C223D35CD84008BD00BFA4
:102D780000100240FC6702082DE9F04F00234FF0D5
:102D88000F0A5E4C0A6832FA03F501D1BDE8F08FEC
:102D9800012505FA03F919EA020200F0A1800327C8
:102DA8004E684FEA430806F0030507FA08FE6F1E4F
:102DB800012F6FEA0E0ED1F808C031D8876807EAEC
:102DC8000E0BCF6807FA08F747EA0B0787604768D2
:102DD80027EA0909C6F300179F4047EA0907476031
:102DE800C7680CFA08FC07EA0E074CEA0707022D29
:102DF800C7601AD14FEAD30C00EB8C0C03F007091B
:102E0800DCF820704FEA89090AFA09FB27EA0B0B5C
:102E18000F6907FA09F747EA0B07CCF8207004E0B6
:102E2800032DDDD1BCF1010FDAD1076805FA08F5E9
:102E380007EA0E073D4316F4403F056050D023F0E3
:102E4800030707F1804707F53D3703F0030C3D6E94
:102E58004FEACC0C0AFA0CFE25EA0E0E284DA842C1
:102E680040D005F58065A8423ED005F58065A842AA
:102E78003CD005F58065A8423AD005F58065A842A2
:102E880038D005F58065A84236D005F58065A8429A
:102E980014BF0725062505FA0CF545EA0E053D661B
:102EA800D743256816F4801F0CBF3D4015432560A5
:102EB800656816F4001F0CBF3D4015436560D4F8E3
:102EC800845016F4003F0CBF3D401543C4F88450AD
:102ED800D4F88050F60354BF3D401543C4F88050E1
:102EE80001334FE70025D6E70125D4E70225D2E7CD
:102EF8000325D0E70425CEE70525CCE700F40240FA
:102F0800000002420AB1816170478162704701295D
:102F180005D0022901D029B94260826000E04260F0
:102F2800002070470120704710B1016000207047F1
:102F38000120704770B501250468064604F01F0398
:102F48009D40C4F300440A4B6401E2582A4203D06E
:102F5800E550436803B19847064BE2582A4205D02A
:102F6800E550B36813B1BDE87040184770BD00BFA5
:102F78000CF4024010F40240024B186800F4C060E0
:102F8800704700BF00700040024A536843F4007362
:102F98005360704700700040024A936843F48043CE
:102FA8009360704700700040044B1869C3045ABF0F
:102FB800C04300F400404FF4805070470070004058
:102FC800154A10B501461468FFF7EEFFB0F5004F3B
:102FD80020D0D3681B041DD404F4C0648C4201D1F2
:102FE800002010BD136823F4C0630B4313600B4B20
:102FF8000B491B68B3FBF1F303EB830351694805E5
:1030080001D5591C04D153695B05E9D50320E8E7CC
:10301800013BF3E70120E4E70070004008000020CE
:10302800A086010007490302CA6803F4E06322F49A
:10303800E0621204120C134343F0BF6343F40033FD
:10304800CB60704700ED00E0154B30B5DC68C4F389
:103058000224C4F10703E51C032B28BF0323062D14
:103068004FF0FF3594BF0024043C05FA03F321EA2E
:103078000303A54022EA0502A340002843EA02030D
:10308800ACBF00F16040074A4FEA4313DBB2ABBF65
:1030980000F5614000F00F0080F80033135430BD94
:1030A80000ED00E014ED00E0002807DB01234109F2
:1030B800034A00F01F00834042F82130704700BFE8
:1030C80000E100E00138B0F1807F0BD24FF0E0233F
:1030D800E021054A586182F82310002007229861F0
:1030E8001A6170470120704700ED00E00146064A6A
:1030F800106810F0010009BF1368012023F00403D1
:103108000B4308BF1360704700040340034A0020C4
:10311800136843F001031360704700BF00040340C5
:1031280010B5026852E8003F23F4907342E800317A
:1031380002680029F5D10F4C02F1080353E8003F5B
:10314800234002F1080C4CE800310029F4D1C36E89
:10315800012B07D152E8003F23F0100342E8003169
:103168000029F7D12023C0F88C300023C3664367B9
:1031780010BD00BFFEFFFFEF70470000F8B5044622
:103188002169A26823680A4361691D68C0690A4306
:103198008449024329400A431A605A68E16822F4C4
:1031A80040520A435A60804AA16993421CBF226A6E
:1031B80011439A6822F06E4222F430620A439A6000
:1031C800DA6A616A22F00F020A43DA62774A9342A6
:1031D80030D1774BD3F8883003F00303022B00F08B
:1031E800D880032B00F0C880012B00F0CC80B0F50C
:1031F800004F40F0D380FFF7AFFD002877D06D4B2C
:10320800626A616833F812204B08B0FBF2F203EBF4
:103218004203B3FBF1F34FF6EF72A3F110019142B1
:1032280020D823F00F02216892B2C3F3420313435C
:10323800CB605CE0604A934216D15D4BD3F888308E
:1032480003F00C03082B00F0A48008D8002B40F0F2
:103258009A80B0F5004F78D1FFF76EFDCDE70C2BC3
:1032680000F08A80012043E0544A93420AD1504B2F
:10327800D3F8883003F03003202B00F08A80E5D99A
:10328800302BEDE74E4A934209D1494BD3F88830A9
:1032980003F0C003802B7CD0D8D9C02BE0E7494A83
:1032A80093420BD1424BD3F8883003F44073B3F503
:1032B800007F6ED0CAD9B3F5407FD1E73A4A93422E
:1032C800D0D13B4BD3F8883003F44063B3F5006F9B
:1032D80015D003D843B9FFF72FFD07E0B3F5406FCA
:1032E800C0D14FF400400BE0FFF7A8F840B9002028
:1032F8004FF00113A3660023C4E91D33F8BD32481B
:103308002C4B626A656833F8122005EB4501B0FB67
:10331800F2F39942A6D8B3EB053FA3D80023194688
:10332800FDF78EFC0023064619464FF4807768089F
:103338002A46E6FB0701FDF783FC244BA0F5407203
:103348009A428FD82368D860D1E7FFF7F5FC0028A8
:10335800CDD0616A174A636832F81120B0FBF2F0E9
:1033680000EB5300B0FBF3F04FF6EF73A0F110023F
:10337800E6E7FFF763F8EAE7B0F5004F3FF43FAF41
:103388004FF40040E5E7B0F5004FF2D1FFF756F8EB
:1033980033E7B0F5004F0C48DBD130E7FFF7DCFC32
:1033A800D5E700BFF369FFCF008000400038014037
:1033B8000010024014680208004400400048004021
:1033C800004C0040005000400024F400FFFC0F00B7
:1033D800836A10B51A0706D50168846B4A6822F417
:1033E800004222434A60DC0706D50168C46A4A687D
:1033F80022F4003222434A60990706D50168046B1B
:103408004A6822F4803222434A605A0706D5016886
:10341800446B4A6822F4802222434A60DC0606D5BF
:103428000168C46B8A6822F4805222438A60990634
:1034380006D50168046C8A6822F4005222438A6027
:103448005A0610D50168446C4A68B4F5801F22F406
:10345800801242EA04024A6005D14A68846C22F468
:10346800C00222434A601B0606D50268C16C536835
:1034780023F400230B43536010BD2DE9F8430446A1
:103488000D4617469846DDF820902268D36935EA3C
:1034980003030CBF01230023BB4201D0002022E01C
:1034A800B9F1FF3FF2D0FEF783FFA0EB08004845D3
:1034B80029D8B9F1000F26D021680B685A07E4D53E
:1034C800802DE2D0402DE0D0CE6916F008060CD051
:1034D800082520460D62FFF723FE00230120C4F8CB
:1034E800905084F88430BDE8F883CB691B05CCD5AF
:1034F8004FF4006320460B62FFF712FE202384F886
:103508008460C4F890300320EDE72DE9F74398462E
:10351800D0F888300446202B0E4617464ED119B9EC
:10352800012003B0BDE8F083002AF9D0212300254B
:10353800C0F89050C0F88830FEF73AFFA36881467B
:10354800B3F5805FA4F85470A4F8567003D12369CA
:103558000BB935461E46B4F856204B4692B2CDF804
:1035680000804AB940212046FFF787FF2023C4F88E
:1035780088300028D5D008E0002280212046FFF7B7
:103588007CFF20B12023C4F888300320C9E72268D3
:103598008EB935F8023BC3F308039362D4F8883038
:1035A80003F02103212BBBD1B4F85620013A92B283
:1035B800A4F85620CFE716F8013BEEE70220B0E763
:1035C8002DE9F7439846D0F88C300446202B0F4657
:1035D800164661D119B9012003B0BDE8F083002A6D
:1035E800F9D022230025C0F89050C0F88C30C56669
:1035F800FEF7DEFEA3688146B3F5805FA4F85C6041
:10360800A4F85E600DD12369DBB1FF221646A4F849
:103618006020B4F85E0080B2E0B92023C4F88C3092
:10362800DAE733B92569002DEFD07F221D4616460B
:10363800EDE7B3F1805F0AD12369002BF5D03F2273
:10364800E4E740F2FF123D4616461F46DFE72A46EA
:103658002E46DCE74B46002220212046CDF800808C
:10366800FFF70BFF20B120230320C4F88C30B3E709
:1036780023685B6A334067B925F8023BD4F88C307D
:10368800222BA8D1B4F85E30013B9BB2A4F85E307F
:10369800BFE707F8013BF1E702209DE773B5002675
:1036A8000446C0F89060FEF783FE236805461B6851
:1036B8001A071CD56FF07E43324600934FF4001171
:1036C80003462046FFF7D9FE88B1226852E8003F3A
:1036D80023F0800342E800310029F6D12023C4F802
:1036E80088300320002384F8843002B070BD23683A
:1036F8001B685B0724D56FF07E43002200934FF4CC
:1037080080012B462046FFF7B8FEC8B1226852E870
:10371800003F23F4907342E8003122680029F5D174
:1037280002F1080353E8003F23F0010302F1080007
:1037380040E800310029F3D12023C4F88C30D0E7C9
:1037480020230020C4F88830C4F88C30E066206755
:10375800C8E710B5044650B3D0F888301BB980F8D4
:103768008430FFF709FD24232268C4F888301368E1
:1037780023F001031360A36A13B12046FFF728FE64
:103788002046FFF7FBFC012811D023682046BDE83E
:1037980010405A6822F490425A609A6822F02A022D
:1037A8009A601A6842F001021A60FFF777BF012099
:1037B80010BD000030B51C4B89B0DA6CF8B942F086
:1037C8000402DA64DB6C03F004030093009B174BDC
:1037D80003A933F810500123CDE9043303230693DA
:1037E800134B039553F820402046FFF7C5FA2046AF
:1037F80000222946FFF786FB002009B030BD0128CA
:1038080008D142F00202DA64DB6C03F00203019390
:10381800019BDCE742F00102DA64DB6C03F0010390
:103828000293029BD3E700BF0010024040680208E1
:103838003468020808B5054B012233F81010044B10
:1038480053F82000FFF75EFB002008BD406802081F
:103858003468020808B5054B002233F81010044BF1
:1038680053F82000FFF74EFB002008BD406802080F
:103878003468020870B5214B86B0DA6C064642F00F
:103888000402DA64DB6C002003F004030093009B5D
:103898004FF40053019302230C46CDE9030331B9D9
:1038A8000291174801A9FFF767FA002013E00129E0
:1038B800FBD14FF48813124801A90293FFF75CFA71
:1038C8000C23104D104903FB06552846FFF72CFB27
:1038D80018B16FF0030006B070BD0C4A21462846A7
:1038E800FFF715FB02460028F3D10F211820FFF738
:1038F800ABFB1820FFF7D8FBD7E700BF001002404A
:103908000008024298A802200D0000061B39000892
:10391800704708B50020FFF7FBFF08BD0C22024BDB
:1039280002FB0030FFF706BB98A8022037B59425A4
:10393800074B0190074C187801224FF47A7305FB66
:10394800004001A9FFF7E1FD019803B030BD00BFB9
:1039580094A80220A4A802200A6842604A688260EB
:103968000A89C2604A8902610C2242618A894FF43D
:10397800004182610022C0E907124262FFF7E9BEF6
:10398800FFF7EABF2DE9F04307460E4695B0002938
:1039980000F097804C4B4D4953F820209423434323
:1039A80001EB0308CA504A494A4B4B4CCDE90B136B
:1039B800CDE90D13494B4A49CDE902134FF4E163B0
:1039C800ADF80030ADF80430464B9A4214BF0125DB
:1039D800002555D1A36D43F08053A365A36D03F073
:1039E80080530493049BFFF7CFFAE36C43F0400342
:1039F800E364E36C03F040030593059BE36C43F039
:103A08004003E364E36C03F040030693069BE36D15
:103A180043F00103E365E36D03F001030793079B9C
:103A280014AB03EB450939F8483C0FA90F9302235F
:103A3800109312930123119305F150030DEB030426
:103A480014F8503C139314AB03EB850555F8240C7C
:103A5800FFF792F939F8443C55F81C0C0F9314F809
:103A68004C3C0FA91393FFF787F9314640462FBB0B
:103A7800FFF772FF00B36FF0030015B0BDE8F083E5
:103A8800E36C43F00803E364E36C03F00803089372
:103A9800089BE36C43F00803E364E36C03F008035A
:103AA8000993099BA36D43F48023A365A36D03F4D5
:103AB80080230A930A9BB3E70020DEE7FFF760FF45
:103AC800D8E76FF00100D8E72C680208A4A8022004
:103AD80000180242000C02420010024000010002DD
:103AE8008000000100800040002908B501DA0CF0D0
:103AF800FCFA03688B42FADD00EB8100406808BDE0
:103B0800034601680022012010B5914200DC10BD77
:103B180053F8044F01326043F7E770B50568049C19
:103B2800042D01D00CF0E1FA4568A5B90029F9D1B6
:103B38008668AEB9002AF5D1C568B5B9002BF1D1B0
:103B48000069B8B9002CEDD101FB062205FB023350
:103B580000FB034070BD0029E4DB8D42E8DCE1E7AF
:103B6800002ADFDB9642E7DCDCE7002BDADB9D424C
:103B7800E6DCD7E7002CD5DBA042E5DCD2E770B560
:103B880015461E46FFF7B0FF314604462846FFF7A4
:103B9800ABFF844201D00CF0A8FA70BD2DE9F04FBC
:103BA8009A464369A1B01593B0F90A30CDE91E12BF
:103BB8000D93B0F90C30DDF8ACB00E93B0F90E30BF
:103BC8000F93B0F910301093B0F902301193B0F997
:103BD80004301293C3691693836A0A93C36A0B93DA
:103BE800DDE90A32934201DD0CF07FFADAF80030A1
:103BF800042BF9D1DBF80030042BF5D12F9B1B687F
:103C0800042BF1D100232F9A19465046FFF7B7FF2E
:103C180003231990002158462F9AFFF7B0FF2E9BD7
:103C2800DAF8104008902BB12D98FFF769FF089B30
:103C38009842D9D1DAF808301A93DAF80C301B9385
:103C4800DBF808301C93DBF80C301D93DBF81030E0
:103C5800069394FBF3F3002BC6D0069A02FB134499
:103C6800002CC1D1089A92FBF3F30C93002BBBD024
:103C7800A1462F9B9B6817932F9BDB681893199B72
:103C8800994580F29A80129B5B4209930023029324
:103C980010E0119B5B42079300230393039B189A40
:103CA8009342C0F28880029B0E9A01330293099BCB
:103CB80013440993029B179A9342EADB09F101091D
:103CC800DDE70C9B002594FBF3F3069A099E53430A
:103CD80004951493049B1C9A93422DDB2E9B13B1DD
:103CE80053F824301D441F9B284653F824201E9B5C
:103CF80053F8241009F0F4FDDDE902230546009489
:103D080049462F98FFF709FF169B01341D440A9B6B
:103D18009D42B8BF1D460B9B9D42A8BF1D46309BC8
:103D28001D54089B9C42CCDB039B0D9A01330393E3
:103D3800079B13440793B1E70023079F0593059B4F
:103D48001D9A934205DB049B01330493109B1E4488
:103D5800C0E756EA070328D41B9BBB4225DD1A9B04
:103D6800B34222DD4FF000081CE0149B3246434466
:103D78004946009350463B46FFF7CFFEDDE9042352
:103D88001390CDF8008021465846FFF7C6FE139AD7
:103D98002A9B08F101089B56159A13442C9A12562F
:103DA80002FB0355069B9845DFDB059B0133059312
:103DB8000F9B1F44C3E70024B3E721B0BDE8F08F91
:103DC8002DE9F04F2DED048BAE4BADF20C4D1A687A
:103DD8000F46824609F0B3FAAB4B80463946504647
:103DE8001A6809F0ACFA3C6806464CB12368032B04
:103DF80014D1A64B394650461A6809F0A0FA044671
:103E0800A34B394650461A6809F09BFAD7F810B008
:103E18000546BBF1000F03D10CF067F90024EFE76A
:103E2800D7F80C90B9F1000FF6D098F808000728D9
:103E380000F03281092800F09083012840F01484B2
:103E4800BCAF4A465946384600F046FC414629A8C8
:103E580009F085FAD8F80030314630A8129309F0F5
:103E68007EFA002ED8D03368214637A8119309F07E
:103E780076FA04B124680DF1F8082946404609F09D
:103E88006EFA002DC8D02B68002145A8209309F0B0
:103E980066FAB7F90A30D7ED0C8A1393B7F90C30E4
:103EA80097ED0D9A1493B7F90E3029AD1593B7F91C
:103EB80010301693B7F902301793B7F904301893F6
:103EC800299B042BA8D1309B30AE042BA4D13E9B58
:103ED800042BA1D10023424619462846FFF74FFE7E
:103EE80003231990424600213046FFF748FE2D9DD6
:103EF8000D902CB137A8FFF703FE0D9B83428BD1A1
:103F08002B9B329A1A932C9B1C921B93349B339AAB
:103F1800089395FBF3F31D92002B3FF47DAF089AAD
:103F280002FB1355002D7FF477AF0D9A92FBF3F344
:103F38001093002B3FF470AF409A419B1E921F9341
:103F4800199BAB4240F35383189B5B420E930023AB
:103F58000B9310E0179B5B420F9300230C931F9B5E
:103F68000C9A934200F38B800B9B149A01330B93AA
:103F78000E9B13440E931E9B0B9A9342EADC013569
:103F8800DEE7109B4FF0000A96FBF3F39FED418AA2
:103F9800089A0E9F534321931C9B53452DDC002CFC
:103FA8006AD004EB8603D3ED007ADDE90B2338EE03
:103FB800278AF4EEC88AF1EE10FAC8BFB0EE688A14
:103FC800B4EEC89AF1EE10FA009629463EA848BF0A
:103FD800B0EE498AFFF7A1FD209B013603EB800074
:103FE80080ED008A0D9BB342CBDC0C9B139A013306
:103FF8000C930F9B13440F93B1E74FF0000BDDF8C0
:104008003C801D9B5B4504DC169B0AF1010A1F449A
:10401800C2E757EA08032AD41B9B434527DD1A9BAE
:10402800BB4224DD4FF000091EE0219B3A464B4479
:104038002946009329A84346FFF76FFD129B524675
:1040480003EB8000D0ED009A5B46CDF80090314636
:1040580030A8FFF762FD119B09F1010903EB80000D
:10406800D0ED007AA9EEA78A089B4B45DDDC159BAD
:104078000BF1010B9844C4E7DFED067A95E70026BB
:10408800B0E700BF54680208506802084C6802088C
:1040980048680208000000001CB1207A022840F09D
:1040A8001F814A465946CAA800F048FBD9F824306F
:1040B80041461393D9F828304CA8149309F04FF9C6
:1040C800D8F80030314653A8169309F048F9002E65
:1040D8003FF4A2AE336821465AA8159309F03FF978
:1040E80004B1246861AF2946384609F038F9002D33
:1040F8003FF492AE2B682693BDF932331793BDF97E
:1041080034331893BDF936331993BDF938331A93FC
:10411800BDF92A331B93BDF92C331C93D49B1193FF
:10412800D59B1293DDE9113293423FF775AE4C9B54
:104138004CAD042B7FF470AE539B53AE042B7FF42D
:104148006BAE619B042B7FF467AE00233A46194699
:104158002846FFF714FD03231D903A4600213046F8
:10416800FFF70DFD509D109034B15AA8FFF7C8FC19
:10417800109B83427FF450AE4E9B559A1E934F9BE3
:1041880020921F93579B569A089395FBF3F321921D
:10419800089A02FB1355002D7FF43EAE109AAA46EA
:1041A80092FBF3F3639A2293649B239224931D9BBF
:1041B800534540F31C821C9B5B420E9300230B93D8
:1041C80010E01B9B5B420F9300230C93249B0C9ADB
:1041D800934200F383800B9B189A01330B930E9B39
:1041E80013440E93239B0B9A9342EADC0AF1010ACB
:1041F800DDE70026229BB34695FBF3F3089A0E9F52
:1042080053432793209BB3422BDC14B154F8253039
:104218009B44149B584653F82520139B53F82510AC
:1042280009F05EFBDDE90B2306460095514661A8BF
:10423800FFF773FC119B01359E42B8BF1E46129BC7
:104248009E42A8BF1E46269B23F81060109BAB42D7
:10425800CFDC0C9B179A01330C930F9B13440F93DD
:10426800B4E70023DDF83C800D93219B0D9A93421F
:1042780003DC1A9B01361F44C4E757EA080327D416
:104288001F9B434524DD1E9BBB4221DD4FF00009E7
:104298001BE0279B3A464B44514600934CA84346A3
:1042A800FFF73BFC169B324633F91030294625931D
:1042B800CDF800900D9B53A8FFF72FFC159B259A6E
:1042C8001B5609F1010912FB03BB089B4B45E0DCB7
:1042D8000D9B01330D93199B9844C6E70025B5E75C
:1042E800042840F031814A465946D8A800F026FAF9
:1042F800D9F8243068AF1393D9F8283041463846A6
:10430800149309F02CF8D8F8003031466FA826939A
:1043180009F025F8002E3FF47FAD3368214676A8D2
:10432800259309F01CF829467DA8D4F8009009F0D7
:1043380016F8002D3FF470AD2B682493BDF96A334D
:104348001593BDF96C331693BDF96E331793BDF908
:1043580070331893BDF962331993BDF964331A9316
:10436800E29B1193E39B1293DDE9113293423FF7ED
:1043780053AD689B042B7FF44FAD6F9B6FAD042B3F
:104388007FF44AAD7D9B7DAE042B7FF445AD0023C1
:10439800324619463846FFF7F2FB03231B90324694
:1043A80000212846FFF7EBFB3C690E90B9F1000F9E
:1043B80006D076A8FFF7A4FB0E9B83427FF42CADB2
:1043C8006A9B719A1C936B9B1E921D93739B729AA6
:1043D8000B9394FBF3F31F920B9A02FB1344002CEC
:1043E8007FF41AAD0E9A92FBF3F37F9A2093809B89
:1043F800219222931B9BA34240F3F9801A9B4FF012
:10440800000B5B4210930FE0199B5B420F93002354
:104418000C93229B0C9A934200F39480109B169A5B
:104428000BF1010B13441093219B5B45ECDC013429
:10443800E0E7209B0B9A95FBF3F353432793002364
:1044480000220D930023CDE90823109E1E9B0D9A90
:10445800934237DCB9F1000F0BD0089959F8353081
:1044680009EBC502CB185268099942EB0102CDE964
:104478000832DDE90801149B139A53F8253052F8E5
:10448800252009F071FA06460C9B00955A462146EC
:104498007DA8FFF742FB119B01359E42B8BF1E461F
:1044A800129B9E42A8BF1E46249B23F810600E9BB9
:1044B800AB42BEDC0C9B159A01330C930F9B134443
:1044C8000F93A6E74FF0000A0F9F1F9B534505DC8B
:1044D8000D9B01330D93189B1E44B7E757EA06035B
:1044E8002BD41D9BBB4228DD1C9BB34225DD4FF01E
:1044F80000081FE0279B324643442146009368A8E2
:104508003B46FFF70AFB269B294633F910300D9AE4
:104518002393CDF8008053466FA8FFF7FEFA259B3A
:10452800239A1B56DDE90801C2FB8301CDE9080186
:1045380008F101080B9B4345DCDC179B0AF1010AD3
:104548001F44C2E70025B2E706F034FF227A01468D
:10455800494808F0DDFD01204AE0307A09284DD0AD
:1045680012287BD1DAF84430D9F8341050469847ED
:1045780031460746F4A8D6F800A008F0F0FEF4A8E3
:10458800FFF7BEFA3A460146504609F043FA4A4652
:104598005946E6A800F0D2F8D9E909A9414684A805
:1045A80008F0DDFED8F800B00DF50B78314640462E
:1045B80092AE08F0D4FE2146304608F0D0FE04B191
:1045C8002468294699A808F0CAFE002D3FF424ACB7
:1045D8004A4651462B68CDE90276CDE900B899A83C
:1045E800CDE904400693E6A884ABFFF7D7FA00208C
:1045F8000DF20C4DBDEC048BBDE8F08F4A465946D0
:10460800F4A800F09BF8D9E909A94146A0A8A7AFEA
:1046180008F0A5FE31463846D8F8008008F09FFE1D
:10462800D6F800B0AEAE2146304608F098FE04B188
:1046380024682946B5A808F092FE002D3FF4ECAB9B
:104648002B68B5A8CDE9044006934A465146CDE902
:1046580002B6CDE90087A0ABF4A8C6E706F0AAFE2B
:10466800327A0146054874E706F0A4FE98F8082057
:10467800014603486DE700BF0139020822390208E4
:1046880045390208002313B50446CDE90033044A2E
:10469800044B054908F02CFE204602B010BD00BFAF
:1046A80095490008C93D00089347000810B504461D
:1046B800184623B1012C03D0022C06D0002010BDCF
:1046C8001944013991FBF0F0F9E71944029B013ACA
:1046D8005A430132891AF5E70B7B70B5012B044662
:1046E8000D4616461AD0032B1AD0022B1BD06FF496
:1046F80000020F4B28786363226308F045FE336895
:104708002070638073682046A3806B686381AB6800
:10471800A3812B69E3816B69238270BD0022E8E7DE
:104728000022044BE6E74FF07E53034AE2E700BF5E
:10473800FFFF7F7F0000C040000080BF70B51546B6
:10474800044613690E465B42436153695B428361C9
:104758009369C361D3690362136A5B424362087851
:1047680008F012FE6B682070A3802B6820466380D7
:10477800B368A38173686381736923823369E381B2
:10478800EB6AA3622B6BE36270BD836B10B50BB948
:104798000BF0ABFC3821BDE8104018472DE9F04F6D
:1047A8009A460B688FB01B680546023B012B0F46E3
:1047B80016461E9C07D96C4B6C4A009358234469D3
:1047C8006B49A04711E04B68D3F80090B9F1010F8D
:1047D8000DD00123CDE90293664B644A0193664BE1
:1047E8006649009344695923A047012091E09368E2
:1047F80092F800B00A935368D2F810800B9353696B
:104808005146199A0C93CDF800800B9B5846FFF738
:104818004DFF0C9B1A9A18990D90009358460A9BC5
:10482800FFF744FF1A9B0C9A013B53430A9A01383D
:10483800013302FB0033189A0D999B1A199A23EA3F
:10484800E373013A08FB02F201F1FF380B990132D8
:1048580001FB0822A2EB0A0222EAE2725110D5F803
:104868000C80216002F00102591003F0010361601D
:10487800A260394600224046E36008F0FBF8824611
:1048880038B93F4B009366236C692846374A384944
:1048980097E74A463946404608F0ECF8814620B981
:1048A800384B00936C696923EFE73946022240468A
:1048B80008F0E0F8394683460022404608F0EFF851
:1048C800074620B9304B00936C696E23DDE79DF8ED
:1048D8007430012B20D1DAF80C3039462361D9F82D
:1048E8000C3040466361FB68A361D8F800309B69CF
:1048F8009847D8F80030514640469B699847D8F801
:104908000030494640469B699847BBF1000F23D1C8
:1049180000200FB0BDE8F08FD9F814300C365B6872
:104928004A460893A36A51460793636ACDE900068D
:10493800069304F13003059304F12C03049304F166
:104948002003039304F11C03029328465B4608F0F6
:10495800A3FE0028BFD0DCE7D8F80030594640460F
:104968009B699847D4E700BFD93902086139020822
:10497800C239020815440208173A0208FD3902082C
:104988002B3A02083C3A02084E3A02082DE9F04F49
:10499800D1F80CA00446884699B0BAF1000F01D1AD
:1049A8000BF0A3FBD1F810B0BBF1000FF8D0C6682C
:1049B8000022304608F073F8814668B96B4B0093C3
:1049C8009623656920466A4A6A49A8474FF0010854
:1049D800404619B0BDE8F08F00224146304608F045
:1049E80049F8074620B9644B009365699923E9E7BC
:1049F80001224146304608F03DF8054620B95F4B94
:104A0800009365699C23DDE73B7F99F81C2093425E
:104A18000CD0CDE902325A4B01935A4B00939E2396
:104A280065692046524A5849A847CFE7012B07D164
:104A3800037F012B0ED02046636954499847C5E788
:104A4800072B02D1037F092BF4E7092BF3D1037F4E
:104A5800122BF8D17B692046DA689B6809926A694B
:104A68000A93D3680B9393680C93D9F81430D968D8
:104A78009B680D915168A26B89000F930E91904726
:104A8800A26BCAF824000E99204690473A7F0F9BE4
:104A9800092ACAF8280001D0072A24D1296801293F
:104AA80009D00123CDE90213394B0193394B009307
:104AB8006569B923B5E7696800293FF471AF0868EB
:104AC80000283FF46DAF496800293FF469AF0068DA
:104AD800012808D069694968884204D02E4B0093A0
:104AE8006569C2236EE704930D9B414603930C9BB3
:104AF800CDE9052A02930B9B5A4601930A9B20464F
:104B08000093099BFFF74AFE804600287FF460AFB8
:104B18002B7F122B15D1696951F804BBBBF1060F25
:104B28003FF73EAF4FEA8B0212A80BF020FD434639
:104B3800012111AA9B4514DC2046236C0AF134029A
:104B480098473368294630469B6998473368394601
:104B580030469B6998473368494630469B69984771
:104B680036E752F8040F01334143E3E74E3A0208AF
:104B780061390208C23902082B3A02083C3A020895
:104B8800603A02086D3A0208FD390208793A0208CB
:104B98000B3B0208253B02083F3B0208836B10B51C
:104BA8000BB90BF0A2FA3821BDE8104018472DE9DF
:104BB800F04F9A46B0F90A30A1B00E93B0F90C3014
:104BC800CDE91E120F93B0F90E30DDF8BCB010938A
:104BD800B0F910301193B0F902301293B0F90430E3
:104BE8001393B0F91230089343691593C369169368
:104BF800836A0B93C36A0C93DAF80030042B01D054
:104C08000BF073FA2B9B1B68042BF9D1DBF80030EF
:104C1800042BF5D1DDE90B329342F1DC00235A462F
:104C280019465046FEF7ABFF03235A46194619901A
:104C38002B98FEF7A4FFDAF808301793DAF80C304F
:104C48001893DAF810300D932B9B0D9A9B681A93E2
:104C58002B9BDB681B93DBF808301C93DBF80C30CC
:104C68001D93089B02FB03F48442C9D12D98FEF7DB
:104C780047FFA042C4D14FF000098EE00025DDF8BF
:104C880028800695069B1A9A934234DA0023099FD6
:104C9800079326E058EA07031ED4189BBB421BDD86
:104CA800179B434518DD059B4246494600935046ED
:104CB8003B46FEF732FFDDE90623149000212B98CE
:104CC8000094FEF72AFF149A2A9B9B56159A1344C0
:104CD8002C9A125602FB0355079B01330793109B2E
:104CE8001F44079B1B9A9342D4DB069B0133069310
:104CF800119B9844C6E72E9B13B153F824301D44EA
:104D08001F9B284653F824201E9B53F8241008F0B4
:104D1800E7FDDDE903230546009449465846FEF7BA
:104D2800FCFE169B01341D440B9B9D42B8BF1D46DB
:104D38000C9B9D42A8BF1D46309B1D54089AA31B7F
:104D48009A429BDC059B164401330593059B0D9AFB
:104D580093420DDB049B0E9A01330493099B134481
:104D68000993049B1D9A934204DA00260596EDE701
:104D78003446E3E7039B0F9A013303930A9B1344DA
:104D88000A93039B1C9A934205DA129B5B42099390
:104D980000230493E5E709F10109199B994505DA10
:104DA800139B5B420A9300230393EAE721B0BDE813
:104DB800F08F00002DE9F04F2DED068BD1F80C9007
:104DC80083468846ADF5597DB9F1000F01D10BF046
:104DD8008CF9D1F810A0BAF1000FF8D0A34B1A68DB
:104DE80008F0AFFAA24B41461A680546584608F043
:104DF800A6FAA04B0746414658461A6808F09FFA9B
:104E0800D8F80040064654B12368032B40F086804A
:104E1800994B414658461A6808F091FA0446387A80
:104E2800072800F0AE81092800F02A81012840F007
:104E3800E4820DF518784A465146404600F0FEFADD
:104E4800394628A808F08BFA3B6831462FA81493F6
:104E580008F085FA002EBAD03368214636A8139395
:104E680008F07DFA04B124683DAF2946384608F0B9
:104E780076FA002DABD02B68D8ED0C8A2293B8F9BE
:104E88000A3098ED0D9A1593B8F90C3028AE1693A0
:104E9800B8F90E301793B8F910301893B8F90230F2
:104EA8001993B8F904301A93B8F912300D93289B66
:104EB800042B8CD12F9B2FAD042B88D13D9B042B29
:104EC80085D100233A4619463046FEF758FE03239B
:104ED8003A4619461B902846FEF751FE2A9B804603
:104EE8001C932B9B1D932C9B1193319B119A1E9302
:104EF800329B1F933F9B2093409B21930D9B5343D1
:104F080098427FF464AF36A8FEF7FAFD80457FF437
:104F18005EAF4FF00008DFED599A9EE000247EE76F
:104F28004FF0000B9FED558A09EB0503109F129374
:104F38001E9B5B4534DD4FF0000A0F9E28E057EAC0
:104F4800060321D41D9BB3421EDD1C9BBB421BDD07
:104F5800089B3A464146009328A83346FEF7DDFDF4
:104F6800149B5A4603EB8000129B90ED00AA002187
:104F780000932FA85346FEF7D0FD139B03EB800048
:104F8800D0ED007AAAEE278A179B0AF1010A1E447F
:104F98001F9B5345D3DC189B0BF1010B1F44C7E73C
:104FA800002C36D00E9BD3ED007A38EE278AF4EE2B
:104FB800C88AF1EE10FAC8BFB0EE688AB4EEC89A93
:104FC800F1EE10FA129B414600933DA8DDE90B3241
:104FD80048BFB0EE498AFEF7A0FD229B09F10109FE
:104FE80003EB800080ED008A0E9B04330E930D9B2B
:104FF8004B4595DC089B013308930D9B1D44119B81
:10500800089A934208DD04EB85034FF000090E93DC
:10501800EDE7F0EE697AC8E70B9B159A01330B931D
:105028000F9B13440F93219B0B9A934202DD00259B
:105038000895E4E70C9B169A01330C93109B1344D4
:105048001093209B0C9A934205DD199B5B420F93AA
:1050580000230B93E7E708F101081B9B434559DD43
:105068001A9B5B42109300230C93EAE758680208E6
:1050780064680208606802085C68020800000000B2
:10508800307A09284DD0122840F0A881DBF8443046
:10509800D9F834105846984731468046C8A8D6F8FB
:1050A80000B008F05CF9C8A8FEF72AFD42460146A0
:1050B800584608F0AFFC4A465146A8A800F0F2F955
:1050C800D9E909A9394644A808F049F9D7F800B040
:1050D8004BAF3146384652AE08F041F921463046CA
:1050E80008F03DF904B12468294659A808F037F9B1
:1050F800002D3FF46CAE4A4651462B68CDE9028636
:10510800CDE900B759A8CDE904400693A8A844AB57
:10511800FFF74DFD00200DF5597DBDEC068BBDE870
:10512800F08F4A465146B8A800F0BCF9D9E9098978
:10513800394660A808F013F9D7F800A067AF3146E0
:10514800384608F00CF9D6F800B06EAE2146304665
:1051580008F005F904B12468294675A808F0FFF895
:10516800002D3FF434AE2B6875A8CDE904400693B2
:105178004A464146CDE902B6CDE900A760ABB8A8DA
:10518800C6E7307A092840F029814A465146C8A81E
:1051980000F088F9D9F8243039461593D9F8283021
:1051A8007CA8169308F0DBF83B68314683A818936F
:1051B80008F0D5F8336821468AA8179308F0CFF885
:1051C80004B1246891AE2946304608F0C8F8002D8D
:1051D8003FF4FDAD2B680DF5F87A2793BDF92A3316
:1051E8001993BDF92C331A93BDF92E331B93BDF9CE
:1051F80030331C93BDF922331D93BDF924331E931C
:10520800BDF932330F93D29B1293D39B1393DAF8E1
:105218000030042B7FF4DBAD839B83AD042B7FF43C
:10522800D6AD919B042B7FF4D2ADDDE912329342C7
:105238003FF7CDAD0023324619465046FEF79FFC96
:105248000323324619461F902846FEF798FCDAF8E1
:10525800083007462093DAF80C302193DAF810303A
:105268001493859B149A2293869B2393939B249350
:10527800949B25930F9B534398427FF4A8AD8AA82B
:10528800FEF73EFC87427FF4A2AD4FF000099BE099
:10529800002300220E930023CDE90823DDF8448083
:1052A800229B0E9A934237DD0023109F0D9329E02D
:1052B80057EA080321D4219BBB421EDD209B4345AE
:1052C8001BDD0B9B42464946009350463B46FEF782
:1052D80024FC189B002133F910300095269383A8ED
:1052E800DDE90D32FEF719FC179B269A1B56DDE9FE
:1052F8000801C2FB8301CDE908010D9B01330D9321
:105308001B9B1F44239B0D9A9342D1DC0E9B0133B8
:105318000E931C9B9844C3E75CB1089954F8353048
:1053280004EBC502CB185268099942EB0102CDE99A
:105338000832DDE90801169B159A53F8253052F812
:10534800252008F011FB07460C9B00955A46494654
:1053580091A8FEF7E2FB129B01359F42B8BF1F469A
:10536800139B9F42A8BF1F46279B23F810700F9AD4
:10537800AB1B9A428CDC0B9B164401330B93149B9A
:105388000B9A93420DDC0C9B199A01330C93109BDA
:1053980013441093259B0C9A934204DD00260B9628
:1053A800EDE73546E3E7119B1A9A0BF1010B13441D
:1053B8001193249B5B4505DD1D9B5B4210930023E5
:1053C8000C93E7E709F101091F9B4B457FF7A2AE54
:1053D8001E9B4FF0000B5B421193EAE705F0EAFFD2
:1053E8000446387A357A05F0E5FF2A460346214611
:1053F800064807F08DFE01208DE605F0DBFF3A7ABE
:105408000146034807F084FEF5E700BFB83B0208F1
:10541800ED3B0208002313B50446CDE90033044AE6
:10542800044B054907F064FF204602B010BD00BFD9
:10543800F1560008BD4D0008A54B00080B7C70B55F
:10544800012B04460D4616461CD0032B1CD0022BFC
:105458001DD06FF40002104B28786363226307F0B5
:1054680093FF33682070638073682046A3806B685D
:105478006381AB68A3816B69E381AB692382EB68C5
:10548800638270BD0022E6E70022044BE4E74FF098
:105498007E53034AE0E700BFFFFF7F7F0000C04064
:1054A800000080BF70B5154604460E4613695B427E
:1054B800436153695B4283619369C361D369036242
:1054C800136A5B424362087807F05EFF6B682070DE
:1054D800A3802B6820466380B368A38173686381C7
:1054E800B36923827369E381F3686382EB6AA36219
:1054F8002B6BE36270BD00002DE9F04F99460B68F5
:105508008FB01B6806460A93023B012B8846174654
:105518001E9C07D9674B684A00935823446967491A
:10552800A0470FE04B681B68012B0FD00122CDE983
:105538000232634B604A0193624B634900934469AA
:105548005923A04701200FB0BDE8F08F936892F867
:1055580000B00B935368D2E9055A4946199A009549
:1055680058460C93FFF7A2F80B9B1A9A18990D90BE
:10557800CDF800A05846FFF799F81A9B0B9A013B03
:105588000AFB03F30138013302FB0033189A0D9923
:105598009B1A199A23EAE373013A6A434D1E0C9940
:1055A800013201FB0522A2EB090222EAE272511044
:1055B8002160591003F00103F568E360434B02F0E2
:1055C80001026160A260414628461A6807F052FA53
:1055D800824638B93E4B0093662374693046364A92
:1055E80036499DE73B4B414628461A6807F042FA80
:1055F800814620B9384B009374696923EEE7374B2D
:1056080041461A68284607F035FA354B4146834625
:105618001A68284607F043FA804620B9314B0093B0
:1056280074696E23DAE79DF87430012B21D1DAF81A
:105638000C3051462361D9F80C3028466361D8F8FC
:105648000C30A3612B689B6998472B6849469B6976
:10565800284698470A9B032B04D12B6859462846AD
:105668009B6998472B68284641469B6998470020C4
:1056780069E7D9F8143010371B694A460893A36ABA
:1056880051460793636ACDE90007069304F1300396
:10569800059304F12C03049304F12003039304F10C
:1056A8001C03029330465B4607F0F6FF0028BED085
:1056B80049E700BFD93902080F3C0208C23902087D
:1056C80015440208173A0208FD390208546802080E
:1056D8002B3A0208506802083C3A02084C68020853
:1056E800486802084E3A02082DE9F04FD1F80CA09C
:1056F8000446884699B0BAF1000F01D10AF0F5FCCA
:10570800D1F810B0BBF1000FF8D0C66800223046BF
:1057180007F0C5F9814660B9674B00939623656920
:105728002046664A6649A8470124204619B0BDE8C4
:10573800F08F00224146304607F09CF9074620B911
:10574800604B009365699923EAE701224146304698
:1057580007F090F9054620B95B4B009365699C23D7
:10576800DEE77B69DA689B6809920A9343692046F9
:10577800DA680B929A680C92D9F81420D16892686A
:105788000D911969A36B89000E920F919847A36B2D
:10579800CAF824000F99204698473B7FCAF828008A
:1057A800092B31D12A68012A0DD00123CDE9022322
:1057B800464B0193464B0093B023656920463F4A08
:1057C8004449A847B0E76A68002A97D010680028BB
:1057D80094D05168002991D00268012A08D06869DC
:1057E8000069824204D03C4B00936569B92397E76E
:1057F80009688A4208D0394BCDE902210193384B18
:1058080000936569BE23D9E72A7F934234D0092BD8
:105818002BD1122A32D0092A29D1CDF818A03B7FE2
:10582800204605930E9B5A4604930D9B41460393CD
:105838000C9B02930B9B01930A9B0093099BFFF718
:105848005BFE044600287FF470AF33684946304653
:105858009B6998473368394630469B69984733684F
:10586800294630469B6998475FE7072BD3D02046E7
:1058780063691C49984757E7122BCED1696951F8DB
:10588800043B062B3FF73AAF9A0012A80F930AF091
:105898006EFE002201210F9B11A8934205DC2046D1
:1058A800236C0AF134029847B7E750F804CF013265
:1058B8000CFB01F1F1E700BF4E3A02080F3C020869
:1058C800C23902082B3A02083C3A02080B3B02088C
:1058D800253B0208FD3902087A3C0208FC3C020814
:1058E800223D0208433D0208836B10B50BB90AF04C
:1058F800FCFB3021BDE81040184700002DE9F04FAF
:10590800D1F80CA004460F46C5688FB0BAF1000F55
:1059180001D10AF0EAFBD1F810B0BBF1000FF8D0C2
:10592800564B28461A6807F0A5F8804660B9544BCC
:105938000093302365692046524A5349A8470124F9
:1059480020460FB0BDE8F08F504B394628461A68FC
:1059580007F090F8064620B94D4B0093656933234C
:10596800E9E74C4B39461A68284607F083F84A4B52
:10597800394681461A68284607F091F8074620B943
:10598800464B009365693823D5E798F81C003B7FA0
:10599800834212D0666905F00DFD0546387F05F093
:1059A80009FD3F4BCDE9025001933E4B2046009341
:1059B800344A39233C49B047C1E70128337F0DD128
:1059C800012B2DD005F0F6FC0446307F05F0F2FCE3
:1059D80021460246354807F09BFBB0E7092819D154
:1059E800092B1DD0122BEDD1716951F8043B062B00
:1059F8008FDC9A0008A805930AF0B9FD002201215E
:105A0800059B07A8934232DC2046236C0AF120024A
:105A1800984705E0072801D1092BD2E7122BE3D0DC
:105A280098F81C209BF8001020464346CDE9027ADE
:105A3800CDE9006900F0FAFD0446002880D12B6802
:105A4800414628469B6998472B68314628469B69FA
:105A58009847B9F1000F04D02B68494628469B693E
:105A680098472B68394628469B69984768E750F855
:105A780004CF01320CFB01F1C4E700BF74680208CF
:105A88002B3A0208DF3D0208C23902087068020892
:105A98003C3A02086C680208686802084E3A020834
:105AA800603A02086D3A0208443E02085E3E020867
:105AB800002938B50346046801DBA14201DB0AF07E
:105AC80014FB0022012004338A420CBF012553F83D
:105AD80022500132944205FB00F0F5DC38BD2DE977
:105AE800F04F8DB00A930368176802934368012F3B
:105AF8000393836815460493C368179C0593036949
:105B080009910693436900938369019301DC0AF0C4
:105B1800ECFA2668002EFADDDDE900329342F6DC65
:105B2800013E31462046FFF7C3FF31460790204625
:105B3800FDF7DAFFB91E04462846FDF7D5FF844273
:105B4800E5DC2846791E0026FDF7CEFFB14605465E
:105B5800B246079B53453FDD4FF00008189B474668
:105B680003EB090B28E01EF9012B039908921CF995
:105B7800012B01330A440B920299089A0A441146F0
:105B88000B9A01FB02009D42EDDC169B13B153F802
:105B980027301844DDE9051207F0A2FE049B0137FF
:105BA8001844009BA8449842B8BF1846019B9842E5
:105BB800A8BF18460BF8010BBC4208DD099B03EB94
:105BC800060E0A9B03EB080C00231846DBE70AF1D4
:105BD800010AA1442E44BCE70DB0BDE8F08F0000D7
:105BE800002313B50446CDE90033044A044B0549A4
:105BF80007F07EFB204602B010BD00BF0559000823
:105C08001D5C0008F158000808B508B90AF06DFADB
:105C1800006808BD2DE9F04F2DED028BD1F810A0DA
:105C280081460D46ADF2145DBAF1000F01D10AF0BC
:105C38005CFABD4B1A6807F082FBBC4B29461A6810
:105C48008046484607F07BFBB94B29461A68074649
:105C5800484607F074FBB74B294604461A6848467D
:105C680007F06FFBED680646002DE0D098F80800B5
:105C7800072800F0C981092800F08F80012840F02A
:105C88009C84F4AD28469AF8001000F0B3FC414615
:105C980014A807F064FB0DF16C09D8F800303946F8
:105CA8004846059307F05BFB002FC0D03B682146B0
:105CB80022A81F4607F053FB04B124680DF1A40A7B
:105CC8003146504607F04BFB002EB0D033685046A3
:105CD8000793299BD9F8006003F1FF3B5946FFF76A
:105CE800E7FEB11E06904846FDF7FEFE95ED078AD1
:105CF800D5ED088A594605465046FDF7F5FE85421A
:105D080095D14846711EFDF7EFFE002302469C46DA
:105D18001846DFED896A0699614540F387800026B9
:105D2800079901EB8009059901EB8308314622E0C8
:105D3800BAEC016ABBEC017AE6EE077A0EF1010EC5
:105D48007245F5DC0CB304EB810E9EED007A77EE1C
:105D5800877AB4EEE78AF1EE10FAC8BFF0EE487A17
:105D6800F4EEE78AF1EE10FA48BFF0EE687AE9EC53
:105D7800017A01311644A9420ADAC2464FF0000EF0
:105D8800DFED6D7A07EB860BDAE7B0EE667ADEE7D1
:105D98000CF1010C28441344BDE7387A092851D086
:105DA800122840F00084D9F84430296A48469847B8
:105DB80081463846FFF728FF394682460DF59D6033
:105DC80007F0CDFA00230121DDF8E8240DF59D6CDC
:105DD800934232DB4A46504607F01CFE2946FEA88D
:105DE80000F0F6FB414630A807F0B9FA4046FFF745
:105DF8000BFF3946054637A807F0B1FA21463EA8F9
:105E080007F0ADFA04B1246845AF3146384607F0CB
:105E1800A6FA002E3FF40BAF33682946CDE901738B
:105E28004B46009437AAFEA8FFF759FE00200DF252
:105E3800145DBDEC028BBDE8F08F5CF8040F0133F4
:105E48004143C5E795F82C302946002B00F0AF8078
:105E58000DF5846000F0BCFB6B6A41460993AB6AA0
:105E68004CA80A9307F07BFA4046FFF7CDFE53ADE6
:105E780039460B90284607F072FA3846FFF7C4FEF9
:105E880021460C905AA807F06AFA04B1246861AF59
:105E98003146384607F063FA002E3FF4C8AE33683F
:105EA800D5F800801093DDF82034B8F1010F0D9378
:105EB800DDF828340E93DDF834340593DDF83834F2
:105EC80006937FF7B4AE619E002E7FF7B0AEDDE992
:105ED800053293423FF7ABAE013E31463846FFF7F5
:105EE800E7FD31460F903846FDF7FEFDA8F10201A7
:105EF80006462846FDF7F8FD86423FF798AE08F1BA
:105F0800FF3128464FF00008FDF7EEFDC246074670
:105F1800C3460F9B5B4589DD4FF00009109B4D463A
:105F28005344089333E000BF74680208706802089D
:105F38006C680208686802080000000007991CF9EC
:105F4800012B11F901EB013307910D990A440EFB5E
:105F580002009F42F2DC14B154F8253018440A9B21
:105F6800B94453F82520099B53F8251007F0B8FCCD
:105F78000E9B01351844059B9842B8BF1846069BEE
:105F88009842A8BF1846089B03F8010B0893AE4235
:105F980008DD0B9B03EB080C0C9B4B440793002379
:105FA8001846D6E70BF1010BB244B844B1E70DF53A
:105FB800896000F00DFB414668A807F0D0F940461B
:105FC800FFF722FE394605466FA807F0C8F938469C
:105FD800FFF71AFE2146074676A807F0C0F904B174
:105FE80024680DF5FA783146404607F0B8F9002ED6
:105FF8003FF41DAE33682946CDE9018300943B4642
:106008006FAA0DF589600FE7387A092840F0CB822E
:106018001CB1237A022B40F0548195F82C30294684
:10602800002B00F0A4800DF58E6000F0D1FA6B6AA9
:1060380041460993AB6A84A80A938BAD07F08FF9A0
:10604800D8F80030394628460C9307F088F93846C6
:10605800FFF7DAFD21460B9092A807F080F904B10A
:10606800246899AF3146384607F079F9002E3FF495
:10607800DEAD33682E681093DDF87034012E0D9371
:10608800DDF878340E93DDF884340693DDF888342F
:1060980007937FF7CCAD999B002B7FF7C8ADDDE95F
:1060A80006218A423FF7C3AD03F1FF38414638461F
:1060B800FFF7FEFC41460F903846FDF715FDB11E6F
:1060C80007462846FDF710FD87423FF7B0AD711E21
:1060D80028460026FDF708FDB2468046B3460F9BCA
:1060E8005B457FF7A3AE4FF00009109B4D4603EBCD
:1060F8004A0305930C9B03EB4603119328E0089988
:106108001CF901EB31F9022B013308910D990A446E
:106118000EFB02009845F2DC14B154F825301844FF
:106128000A9BC14453F82520099B53F8251007F012
:10613800D7FB0E9B01351844069B9842B8BF1846FA
:10614800079B9842A8BF1846059B23F8020B0593A6
:10615800AF4207DD0B9B03EB090C119B089300234F
:106168001846D7E70BF1010BBA444644B7E70DF5DB
:10617800936000F02DFA4146A0A807F0F0F8D8F88F
:1061880000303946A7A8099307F0E9F83846FFF721
:106198003BFD21460890AEA807F0E1F804B1246859
:1061A800B5AF3146384607F0DAF8002E3FF43FAD78
:1061B8003368A79E1193DDF89834012E0A93DDF811
:1061C8009C34A7AD0B93DDF8A0340C93DDF8A43410
:1061D8000D93DDF8A8340E93DDF8AC340593DDF8A3
:1061E800B03406937FF723ADB59B002B7FF71FAD27
:1061F800DDE905218A423FF71AAD03F1FF38414630
:106208003846FFF755FC41460F903846FDF76CFCC1
:10621800B11E83462846FDF767FC83453FF707AD67
:106228002846711E0025FDF75FFCA9460646AA46CA
:106238000F9B53457FF7FAAD4FF00008119B474677
:1062480003EB49030793099B03EB4503129329E0EA
:106258003CF9022B0B9910921EF9012B01330A44C9
:1062680013920A99109A0A441146139A01FB0200E4
:106278009E42EDDC14B154F827301844DDE90D12C4
:1062880007F02EFB0C9B01371844059BB04498423D
:10629800B8BF1846069B9842A8BF1846079B23F824
:1062A800020B0793BB4507DD089BDDF848C003EBED
:1062B800080E00231846DBE70AF1010AD9443544E1
:1062C800B6E7042B7FF4B2AD95F82C302946002BA5
:1062D80000F0B2800DF5986000F07AF96B6A4146DB
:1062E8000993AB6ABCA80A93C3AD07F038F8D8F88D
:1062F800003039462846119307F031F83846FFF741
:1063080083FC21460B90CAA807F029F8D4F800901E
:10631800D1AC3146204607F022F8002E3FF487AC76
:106328003368C39D1093DDF8C034012D0C93DDF85C
:10633800C8340D93DDF8D4340693DDF8D8340793C8
:106348007FF775ACD19E002E7FF771ACDDE9063280
:1063580093423FF76CAC013E31462046FFF7A8FB5D
:1063680031460E902046FDF7BFFBA91E8346C3A801
:10637800FDF7BAFB83453FF75AAC691EC3A8002551
:10638800FDF7B2FBA8460646AA460E9B53457FF783
:106398004DAD0027109B3C4603EB48030893119B27
:1063A80003EB4503129337E01EF9013B3CF9021B4E
:1063B8000F930C9B01320B440F994B430599181806
:1063C80041EBE37305939642EEDCB9F1000F0AD076
:1063D80059F8343009EBC402C31818465268059BB3
:1063E80043EB020305930A9B099A53F8243052F8A9
:1063F8002420059907F0B8FA0D9B01341844069B30
:1064080037449842B8BF1846079B9842A8BF184619
:10641800089B23F8020B0893A34508DD00220B9B79
:106428001046DDF848C003EB070E0592CBE70AF1EA
:10643800010AD8443544A8E70DF59D6000F0C8F876
:106448004146D8A806F08BFFDFADD8F800303946B2
:106458002846129306F083FF3846FFF7D5FB2146FE
:106468000A90E6A806F07BFFD4F80090EDAC314620
:10647800204606F074FF002E3FF4D9AB3368DF9D49
:106488001193DDF8E834012D0B93DDF8EC340C930F
:10649800DDF8F0340D93DDF8F4340E93DDF8F834BC
:1064A8000F93DDF8FC340693DDF8003507937FF78A
:1064B800BEABED9E002E7FF7BAABDDE90632934204
:1064C8003FF7B5AB013E31462046FFF7F1FA3146BA
:1064D80010902046FDF708FBA91E8346DFA8FDF7AC
:1064E80003FB83453FF7A3AB691EDFA80025FDF733
:1064F800FBFAA8460646AA46109B53457FF796AC7A
:106508000027119B3C4603EB48030993129B03EBBE
:106518004503139337E03EF9023B01321946089BC5
:1065280013F901CB08930C9B9C440B9B194401FB6A
:106538000CF30599181841EBE37305939642EADCCE
:10654800B9F1000F0AD059F8343009EBC402C31866
:1065580018465268059B43EB02030593DDE90E23B9
:10656800059907F001FA0D9B01341844069B37443E
:106578009842B8BF1846079B9842A8BF1846099B7F
:1065880023F8020B0993A34508DD00220A9B104655
:106598003B44DDF84CE008930592CFE70AF1010A85
:1065A800D8443544A8E704F005FF98F808200146C8
:1065B800054806F0ADFD012039E404F0FBFE98F82B
:1065C800082001460148F4E7913E0208ED3B020825
:1065D8004A69524202608A6952424260CA698260CC
:1065E8000A68C2604A6802618A684261CA68826150
:1065F80070470000012909D0032909D002290AD0CF
:106608006FF40002064BC261036270470022F9E78B
:106618000022044BF7E74FF07E53034AF3E700BF2D
:10662800FFFF7F7F0000C040000080BF2DE9F04FD2
:1066380091B009910021DDE91CA5012A1E46DDE97A
:106648001A73044685F82C1000F0BB803A68012ABA
:1066580040F08E80D7F80480B8F1000F00F08880F1
:10666800D8F8001051B9584B584A009344694B2345
:106678005749A047012011B0BDE8F08FD1F800902C
:10668800B9F1010F74DD337F85F82C20092B01D077
:10669800072B02D13B7F122B08D14E4B204600938B
:1066A80065696323494A4A49A847E3E77B69D8F8FB
:1066B800082003EB82035B6899450CD0CDE902936F
:1066C800454B20460193454B404A009365696B232F
:1066D8004349A847CEE74FEA890B5946A36B2046A2
:1066E80098475946A36B686220469847D6ED027AC8
:1066F800CDED057ADAED027AD8F80030CDED087ADA
:106708004FF00008A86203F1040BFBEC017A05982E
:10671800CDED067AF9F7DAFECDE90A010698F9F720
:10672800D5FE02460B46DDE90A01F9F727FFCDE958
:1067380006010898F9F7CAFE02460B46DDE906018C
:10674800FAF746F841EC100B0EA90DA807F07EF9F0
:106758006B6A0D9A43F82820AB6A0E9A43F82820F2
:1067680008F10108C145D0D1FB68BBB109F0BDFCF7
:10677800002000210EAACDE90E01CDE900A2314684
:106788003A46204606F0A4FE00287FF474AF284657
:106798009DED0E0B291D07F059F9E5E7F268204633
:1067A800C5E905235246DAF80C300999EB6105F181
:1067B8000C031A9305F1080311B0BDE8F04F06F079
:1067C800E1BE084657E700BF203F0208B43E020872
:1067D800C23902083B3F0208B73F0208F43F0208EB
:1067E800FD390208836B10B50BB909F07EFC102146
:1067F800BDE810401847000080FB0132002A10B5A0
:106808000C4CA8BF4FF08044B0F1004F08BF88423D
:106818000DD0E31842EBE472002A04DA6FF000416D
:106828005B1842F10002D80F40EA420010BD6FF039
:106838000040FBE7010000C02DE9F0474FF00009D8
:10684800064601254C46D0F800A0CA4503DC284678
:106858002146BDE8F087012D74F10003F7DB2A46D5
:1068680023466FF000400021FAF79AF956F8048F92
:106878004FEAE877804577EB010105DB07490848CF
:1068880006F046FC09F031FC6F4308FB0477A5FBD2
:10689800085409F101093C44D7E700BF1240020837
:1068A80062560208002313B50446CDE90033044AB2
:1068B800044B054906F01CFD204602B010BD00BF80
:1068C80075700008516C0008ED6700086FF0004211
:1068D800C317801843F10003B3F1FF3F08BFB0F1BD
:1068E800FF3F15BF0122024600211946801843EBDD
:1068F800010370B5DD0F2D1843F100036D0845EA5B
:10690800C37528462C49FFF777FF032600F15A3450
:1069180021462846FFF770FFC0F100512046FFF7D7
:106928006BFFB0F1005F2CDAB0F1604F23DD00227D
:106938008000002120EA010321F000414B4023EAB6
:10694800020302F000425340013E1C44E0D1B4F17E
:10695800804F26DAB4F1404F1DDD30462419002659
:1069680024EA060426F00046744024EA000400F0F5
:106978000040604070BD4FF0FF3208D14FF000403A
:10698800D7E700224FF0FF316FF00040D2E7002137
:106998004FF00040CEE70AD14FF000444FF0FF30EF
:1069A800DDE730466FF000444FF0FF36D8E74FF090
:1069B800FF304FF00044D3E7C4C3C3C3704708B5E2
:1069C800FFF71AFF08BD00002DE9F04104461A48F8
:1069D800FFF7F4FF05461948FFF7F0FF04F180546C
:1069E800074621462046FFF7EAFF21460646FFF7FD
:1069F800E6FF314680463046FFF7E1FFC20F01321D
:106A080000F0030183108A42B8BF0133394603EB13
:106A18000800FFF7D4FF831903F00102B2EBD37F1C
:106A2800CCBF0121002101EB630128462144FFF777
:106A3800C6FF2844BDE8F08194A8F570ABAAAA2A3D
:106A48002DE9F04140F07E4406462001FFF7BCFFE7
:106A580007464148FFF7B2FF01463846FFF7AFFF48
:106A6800A41B04F00075002D14BF80464FF00008E9
:106A7800C5F34065013D05EA070088EA0008374884
:106A8800FFF79CFF01464046FFF799FF04F0806539
:106A9800002D14BF074600273148FFF78FFFC5F3C5
:106AA8008065013D05EA08056F4001463846FFF755
:106AB80086FF04F00065002D14BF80464FF00008E3
:106AC8002848FFF77BFFC5F3C065013D3D4088EAD4
:106AD800050801464046FFF772FF04F08055002D77
:106AE80014BF074600272048FFF768FFC5F3007565
:106AF800013D05EA08056F40014604F00058384694
:106B0800FFF75DFFB8F1000F08BF0020C8F340751C
:106B1800013D3D4045401548FFF750FF04F08044D3
:106B280001462846FFF74BFF002C08BF0020C4F39E
:106B38008073013B002E03EA050383EA000314BFB8
:106B48004FF0FF30002003EA00030CBF6FF0004055
:106B580000205840BDE8F0817BBEAF63F2CBA24D68
:106B68006CAC162FA4AA5211B72A580211FE0A00BB
:106B78002DE9F74F824689460025CDE90023DFF845
:106B8800C4B00C9B9D4202DB03B0BDE8F08F0D9BA7
:106B9800C9F100025857A0EB0A0082424CDA484576
:106BA8004DDADDE9001206F09BFE0028D5BF002271
:106BB8004FF0FF3890460246D8BFB0FA80F4C0F1D3
:106BC800000020EA080080EA0200D8BF6409C0F18A
:106BD8000000CCBF00246442FFF732FFFFF776FEC7
:106BE80006464FF08040FFF7E9FE6FF0004C6FEA71
:106BF8000807ACEB060C0CEA070108EA060881EA6C
:106C08000802204022EA040242400BEBD270C2F391
:106C18001601D2158842B8BF0132803A12F1800FAE
:106C280007DB802A08BF7F2252B20E9B5A550135D6
:106C3800A7E76FF07F02F7E76FF07F02F5E77F22A3
:106C4800F3E700BFFFFF3F002DE9F04F2DED048B68
:106C58006F4B93B01A6804460D4606F070FB6D4BF7
:106C680007461A682046294606F06BFBEB6804467F
:106C78000BB909F03AFA387A012856D1237A012B50
:106C880040F0A180394604A806F069FB21460BA80C
:106C98003D6806F064FB04990B9B26689942E8D18D
:106CA80004AB1C4600200BAA814213DC00220127FA
:106CB800914217DC2C46DFED588A0025B7EE008A92
:106CC800BAEE029ABD4212DB002013B0BDEC048B71
:106CD800BDE8F08F52F804CF54F8047FBC45C8D102
:106CE8000130E1E753F8040F01324743E0E7B4EC21
:106CF800010AB4EEE80AF1EE10FA13DCB4EEC90AA0
:106D0800F1EE10FA05D508F06DFDA6EC010A013583
:106D1800D8E7B1EE400A08F065FD70EE087A88EE13
:106D2800270AF2E7B7EE000AEFE7072858D1227AD8
:106D3800072A48D1D3E902657868FFF77DFD002D61
:106D4800D7F800E0D4F8008093DBAEBB0323AB4058
:106D5800374635461E4600223049DFF8CCC0304C55
:106D68009042B1DD3EF9129006FB097949FA05F91E
:106D780089EAE97AAAEBE97ABAF5FF3F28BF0B4618
:106D88004FEA5A2B3FBF3CF81B300BF1010B3CF884
:106D98001BB0CAF3080A3EBFABEB030B5B020AFB4E
:106DA8000B33B9F1000FACBF03F50073E31A9B0A6C
:106DB80028F812300132D3E71DB101276B1E9F401E
:106DC800C9E72F46C7E704F0F5FA0546207A04F02C
:106DD800F1FA29460246134806F09AF9012074E7A9
:106DE8000928F0D1227A092AEDD1D3E90056D3E94E
:106DF80002897868FFF720FD2368424602933B68C2
:106E08003146CDE900034B462846FFF7B1FE5BE764
:106E18007C6A0208786A0208CFF3844100FCFF010B
:106E2800FF010002444002087868020800000000E0
:106E38002DE9F04FD0F80CB004461646584600220B
:106E480087B00F4605F016FE054658B9744B0093F7
:106E5800272365692046734A7349A847012007B06C
:106E6800BDE8F08F39460022584605F018FE07465F
:106E780020B96E4B009365692A23EBE7287F3B7F97
:106E8800834212D0666904F095FA0546387F04F00B
:106E980091FA674BCDE902500193664B2046009367
:106EA800604A2C236449B047D8E7092B36D1FB68E0
:106EB80013F1800F0ED06FF07F02CDE902325F4BE5
:106EC80001935F4B00932E2365692046554A5D491F
:106ED800A847C3E7A868F9F7F9FA00225A4BF9F767
:106EE8004DFB41EC100B3046EB6840F80C3B08F0CA
:106EF80047FC0022554B51EC100BF9F73FFB41ECD6
:106F0800100B08F021FE51EC100BF9F7D1FD1F22F0
:106F1800B060F168042006F05BFE70602B7F072BE1
:106F28006AD1EB684BB10022CDE90232484B01939C
:106F3800484B009365694623C7E7D7F80CA0BAF118
:106F4800000F08D0CDE902A3414B01933C4B0093BD
:106F580065694723B9E795ED020A04A806F07AFEA9
:106F6800049B0C33F3606BB960B1C6F808A097EDC9
:106F7800020A05A806F06EFE78BB374B00936569D8
:106F8800652367E7A868F9F7A1FA0022334BF9F7F8
:106F9800F5FA0022324BF9F7F1FA1FA3D3E90023DF
:106FA80080468946F9F766FD10B1BAF11F0F0BD17B
:106FB80040464946C6F80CA0F9F77AFDB0F5004FEF
:106FC800B060D4DB09F091F842464B46404649464A
:106FD8000AF1010AF9F71CF9DFE7059B13F10F0F16
:106FE8000AD06FF00E02CDE902321E4B01931E4B00
:106FF80000936569672368E7DBF80030294658463F
:107008009B699847DBF80030584639469B69984792
:10701800002024E7AFF3008000000000C0FFCF404D
:107028002B3A020867400208C23902084E3A0208A1
:10703800603A02086D3A0208443E0208CC40020851
:10704800D8460208FD3902080000A0410000E041CE
:1070580099610208EF400208084102080000B040A8
:1070680000000840464102085D410208CA6808B5A8
:107078000AB909F03AF8BDE80840FFF7D9BE2DE98A
:10708800F84304460E46904600250768BD4212DBC9
:10709800002E1DDBBE421BDA0120002304349E4271
:1070A8000CBF012254F8232001339F4202FB00F059
:1070B800F5DCBDE8F883B5420CD029462046FCF73C
:1070C80013FD294681464046FCF70EFD814501D057
:1070D80009F00BF80135D9E7C31103F580739BB2AA
:1070E80031F8132001EB43014B8840219B1A00F033
:1070F8007F0013FB001302EBE31000B2704700009F
:107108002DE9F04F0C460F6889B0013F39460692C9
:1071180005461A4620461E46FFF7B1FF3B4639464C
:10712800049032462046FCF72AFD0027044647F61D
:10713800FF780197019B049A934202DB09B0BDE8EE
:10714800F08F069B002203EB470B59464A4B7E0003
:10715800A24241DB4FF0000AD146129A1644059626
:10716800A24540DBB9FA89F24FEAE973501EA2F151
:107178002101834009FA01F19246C2F1210229FA5C
:1071880002F20B4309FA00F919F5005043EA020329
:1071980043F10003800B40EA8340A0F5C03010F5AE
:1071A800004F3EDB4045A8BF4046E96A00B2FFF702
:1071B80093FF4FF0010C0021CAF11F03DBB25A1EE6
:1071C8000CFA02FC4FEAEC720792A1422BDB019BFE
:1071D800274401330193ADE731F9020B01328342B1
:1071E800B8BF0346B4E73BF9020BD5E90212C01A4F
:1071F800079306F075FB404410F5004F079B0EDB24
:107208004045A8BF4046A96A00B20793FFF764FF4C
:10721800079B26F81A0081440AF1010AA0E71648DC
:10722800F1E71548C1E7079ACDF808C00392059A17
:10723800DDE902AB32F81120C3F12009C2FB80ABB3
:10724800B3F1200E2AFA03F20BFA09F942EA09020D
:107258005CBF4BFA0EFE42EA0E02002A08DBB2F5CA
:10726800004FB4BF9646C64626F802EB0131ACE79C
:107278004FF0000EF8E700BF0080FFFF002313B5B2
:107288000446CDE90033044A044B054906F030F8BA
:10729800204602B010BD00BFB57D000895760008F5
:1072A800A17D0008002910B506DA4FF4B3710C4B24
:1072B8000C4A0D4808F020FF1F2904DD40F2671131
:1072C8000A4B084AF5E701238B40C20F013B03EA4A
:1072D800000402EB630308419C42C8BF013010BDA3
:1072E8007741020885410208DF4102085F4202082F
:1072F8002DE9F04140F07F4407466001FFF764FB49
:1073080080464848FFF75AFB01464046FFF757FBBF
:10731800E41B04F08075002D14BF06460026C5F353
:107328000065013D05EA080046403F48FFF746FB77
:1073380001463046FFF743FB04F00075002D14BFEB
:1073480080464FF000083948FFF738FBC5F3406521
:10735800013D354088EA050801464046FFF72FFB06
:1073680004F08065002D14BF064600263048FFF75C
:1073780025FBC5F38065013D05EA08056E40014619
:1073880004F000653046FFF71AFB002D08BF002007
:10739800C5F3C065013D354045402648FFF70EFB63
:1073A80004F0805801462846FFF709FBB8F1000FA2
:1073B80008BF0020C8F30076013E2E4046401E4814
:1073C800FFF7FCFA04F0005801463046FFF7F7FAD9
:1073D800B8F1000F08BF0020C8F34075013D3540E3
:1073E8004540F220FFF7EAFA04F0804401462846B7
:1073F800FFF7E5FA002C08BF0020C4F38073013BB7
:10740800002F03EA050383EA000314BF4FF0FF309F
:10741800002003EA00030CBF6FF000400020584032
:10742800BDE8F0817BBEAF63F2CBA24D6CAC162FEA
:10743800A4AA5211B72A580211FE0A002DE9F04FEA
:107448000C461D460E68836887B0013E0093C368EA
:1074580031460492D0F818B02A4620460193FFF727
:107468000EFE2A460290334620463146FCF787FB3B
:1074780000250446AA46029B9A4502DB07B0BDE8F0
:10748800F08F049B6FF07F095F193A460023A342EF
:107498001EDB4FF000083B464646A6421FDBB8FA03
:1074A80088F608FA06F000F10040FFF70FFAC6F177
:1074B8001B061F2E039027D8109B4FF4004203EBA6
:1074C80045080023A34221DB0AF1010A2544D2E73B
:1074D80012F9011B01338945B8BF8946D7E713F96B
:1074E800010BA0EB090083450CDC0393DDE90013D5
:1074F8009840FFF781F9FFF7FBFE0C21FFF7D2FE5A
:10750800039B80440136C8E708F0EFFD17F9010B2B
:10751800A0EB0900834523DC0593DDE900139840BF
:10752800FFF76AF9FFF7E4FE01460398FFF747FA09
:107538003146FFF7B7FEA0F50040B0F5004F4FF415
:107548000042059B09DA08498842B8BF0846A8F8EE
:107558000000013308F10208B4E747F6FF70F6E7C8
:10756800A8F80020F5E700BF0080FFFF2DE9F04FE5
:107578000C461D460E68836887B0013E0093C368B9
:1075880031460492D0F818B02A4620460193FFF7F6
:1075980076FD2A460290334620463146FCF7EFFA3C
:1075A80000250446A946029B994502DB07B0BDE8C1
:1075B800F08F049B6FF07F085F193A460023A342BF
:1075C8001CDB4FF0000A3B465646A6421DDBBAFAC2
:1075D8008AF60AFA06F000F10040FFF777F9C6F1DB
:1075E80023061F2E039025D84FF0000A109B2B442A
:1075F800A24521DB09F101092544D4E712F9011B51
:1076080001338845B8BF8846D9E713F9010BA0EBC9
:10761800080083450CDC0393DDE900139840FFF76D
:10762800EBF8FFF765FE0C21FFF73CFE039B824455
:107638000136CAE708F059FD17F9010BA0EB08005D
:1076480083451EDC0593DDE900139840FFF7D4F865
:10765800FFF74EFE01460398FFF7B1F93146FFF7F1
:1076680021FE80387F28059B09DC6FF07F0290425D
:10767800B8BF104618700AF1010A0133B8E77F2035
:10768800F8E76FF07F021A70F5E700002DE9F04F78
:107698002DED048B0022B1B00C46054605F04FFED7
:1076A800002207462146284605F04BFED4F80CC0B8
:1076B8000646BCF1000F01D108F017FD654622AC63
:1076C8000FCD0FC40FCD0FC40FCD0FC495E8030025
:1076D80084E80300387A072800F0978009286FD0DB
:1076E800012840F0A7809CED007B394606A88DED67
:1076F800047B05F034FE3B6831460DA8039305F082
:107708002EFE002ED8D0069C3368013C21460DAAD7
:1077180006A80293FFF7B3FC2346214680460DAA2C
:1077280006A8FCF72CFA002604463746B84505DCBF
:10773800002031B0BDEC048BBDE8F08F039B9FEDBA
:10774800428A03EB860B59460022B50094420EDCB0
:10775800029B4FF000091D44AA46DFED3C8A4C45C8
:1077680011DC00239C4223DC01372644DEE7F1ECE0
:10777800017AF4EEC87AF1EE10FA02F10102C8BFFC
:10778800B0EE678AE2E7DDE90401BBEC019AF9F79C
:10779800B7F939EE489A00EE100A29EE000A08F007
:1077A80021F809F10109AAEC010A78EE808AD6E7E6
:1077B80095ED007AC7EE287A0133E5EC017AD1E736
:1077C800337A3946072B1BA80FD105F0C8FD31467F
:1077D80014A83C6805F0C3FD3368224600931BA932
:1077E80014AB22A8FFF72AFEA2E705F0B8FD314640
:1077F80014A83C6805F0B3FD3368224600931BA922
:1078080014AB22A8FFF7B2FE92E739461BA805F091
:10781800A6FD314614A83C6805F0A1FD002E3FF4F2
:107828004BAF3368224600931BA914AB22A8FFF77D
:1078380067FC7DE703F0BEFD3A7A0146044805F08F
:1078480067FC012075E700BFFFFF7FFF0000000015
:1078580045390208F7EE007A30EE270A87EE800AEB
:10786800704707F0BFBF0000F8B547F6FF741E4623
:10787800504B15461A1A2DED0C8B0AEE102A221AB7
:1078880009EE102AB8EECAAAB8EEC99A2AEE00AADA
:1078980029EE009ADFED487A79EE4ACA5B1A6CEE57
:1078A800A7CA07EE903A631AB8EEE77A07EE903A5D
:1078B800F8EEE77A67EEA07AF6EE00AAE7EE607ACD
:1078C8009FED3E7A2CEEAABA87EE27CA0024DFED98
:1078D8003C9ADFED3C8AB71E07EE904AF0EE4ABAB2
:1078E800F8EEE77AECEEA7BAB0EE6B0AA8470134D7
:1078F800B0EE408A3BEE2B0AA84707EE904AB0EE5E
:1079080040DAF8EEE77AB0EE4A0AACEEA70AA847E2
:10791800F0EE40BA2CEE080A08F064F9B0EE408A9E
:10792800ACEE2B0A20EE2A0A08F05CF9F0EE40BA19
:107938002CEE0D0A08F056F93BEEC00A20EE2A0A92
:1079480008F050F938EE408AB4EEE98AF1EE10FA00
:1079580048BFB0EE698AB4EEE88AF1EE10FAC8BF03
:10796800B0EE688ABDEEC88A18EE103AB4F5007F0A
:1079780027F8023FB0D1B0EE490AA8472CEE000A1A
:1079880008F030F9B4EEE90AF1EE10FA58BFF0EE5B
:10799800409AF4EEE89AF1EE10FAD8BFF0EE698A50
:1079A800FDEEE88A18EE903ABDEC0C8BA6F8003490
:1079B800F8BD00BF0080FFFF0000003B00008047CB
:1079C800000000C700FEFF462DE9F0432DED028BB5
:1079D80099460B7F89B0072B04460F461546129E21
:1079E8001AD140F20241836B984740B9AA4B0093E1
:1079F800272365692046A94AA949A84769E0B062D2
:107A080040F202412046A36B984720B9A54B00934A
:107A180065692B23EEE7F0622A7F3B7F072A0AD1AC
:107A2800092B00F09281072B00F070819E4B009388
:107A380065693123DEE79A4200F08781CDE9023299
:107A48009A4B01939A4B0093342365692046934AD5
:107A58009849A8473DE00023CDE90283964B01935E
:107A6800964B009365693923F0E7EA6842B1CDE99E
:107A78000223914B0193914B009365695C23E5E7E1
:107A8800DFED8F7A95ED027AB4EEE77AF1EE10FA2F
:107A9800DFED8C6ACCBF77EE677A77EEC77AF4EEC3
:107AA800E67AF1EE10FA7EDD4FF07C53002217EEF5
:107AB800100ACDE90423F8F709FD834BCDE902014B
:107AC8000193824B00935D2365692046734A804980
:107AD800A847012086E0287F072832D1EB6813F5F4
:107AE800004F09D07B4ACDE902327B4B0193734B9F
:107AF800009365696223A9E7DFED787A95ED027A4C
:107B0800B4EEE77AF1EE10FADFED756ACCBF77EEE6
:107B1800677A77EEC77AF4EEE67AF1EE10FA66DD68
:107B28000022704B17EE100ACDE90423F8F7CEFCBB
:107B38006D4BCDE902010193644B009365696323A2
:107B4800C3E7092812D0666903F034FC05464046AD
:107B580003F030FC654BCDE902500193534B009381
:107B6800662320464D4A6249B047B2E7EB6813F1F5
:107B7800800F0AD06FF07F02CDE902325D4B01938E
:107B88004E4B00936569672360E795ED027ADFED58
:107B98005A7AB4EE677AF1EE10FA28D0574B009370
:107BA8006569682326E7B868F8F790FC0446D9F8B1
:107BB80000000D46F8F78AFC02460B462046294687
:107BC800F8F7DCFC32A3D3E90023F8F701FE06F14D
:107BD800080841EC100B404607A905F037FF079B42
:107BE800F360002009B0BDEC028BBDE8F083B868F3
:107BF800F8F76CFC41EC180BD9F80000F8F766FCB4
:107C080006F1080441EC100BB0EE481AF0EE681AC1
:107C18002146052007AA05F0A7FF07991F22F16052
:107C2800052005F0D5FFF8F73FFC01F10041F8F712
:107C38003FFFB061D5E7B8F1010F0FD04046666944
:107C480003F0B8FB0546012003F0B4FB2C4BCDE94B
:107C580002500193164B0093852382E7287F012861
:107C68000ED0666903F0A6FB0546404603F0A2FB6A
:107C7800234BCDE9025001930C4B0093862370E708
:107C8800D9F80000F8F722FCC6E90001A9E700BF0F
:107C9800140014001400243FD24202086E42020865
:107CA800C2390208E94202080C430208603A020895
:107CB8006D3A0208FD39020899610208D84602089F
:107CC800000000386F12033366430208724302084B
:107CD800464302080080FFFF874302080000803700
:107CE8006F1283320000F03E8E4302089A43020866
:107CF800443E0208A64302080000803BAB4302084A
:107D0800CD43020880000038A0002039D5F80C8047
:107D1800B8F1000F7FF49FAE41465FED060A47F6C3
:107D2800FF701FED070AB36A144AFFF79DFDF36A57
:107D38004146DFED130A9FED130A134A1348FFF774
:107D480093FDEB68F361AB68336297F81C80B8F178
:107D5800090F3FF4C0AEB8F1070F7FF46CAFFB68B2
:107D6800002B3FF482AE0022CDE90232084B01938A
:107D7800084B009365695B2368E600BF6B780008D1
:107D880080000038800080375D7800080080FFFFA1
:107D980099610208EF400208836B10B50BB908F02F
:107DA800A4F93821BDE81040184700002DE9FF412B
:107DB8000B6804460D4613B11B68012B11D0012234
:107DC800CDE902322E4B01932E4B00939423656923
:107DD80020462D4A2D49A8470124204604B0BDE875
:107DE800F0814B6813B11B68012B09D00122CDE942
:107DF8000232234B0193264B009365699523E7E7ED
:107E0800C6680022304604F035FE074640B9214BCB
:107E180000939723656920461B4A1F49A847DBE75B
:107E280043691B68002B04DC1C4B0093656998238D
:107E3800F1E700222946304604F031FE804620B999
:107E4800174B009365699A23E5E7EB6823B9154B4F
:107E5800009365699C23DEE70093024639462B6947
:107E68002046FFF7B1FD3368394604469B69304622
:107E780098473368414630469B699847ADE700BF4D
:107E880015440208DC4302086E420208FD39020864
:107E9800EC4302082B3A0208C2390208FD430208E3
:107EA8004E3A02081744020808B5D0E90B239A4253
:107EB80001DD08F01AF94268802AFADC83687F330A
:107EC800FF2BF6D87F32F4DB08BD836B10B50BB9F6
:107ED80008F00BF93C21BDE8104018472DE9F04F98
:107EE8000C1E8DB016461D46199F099037DD4FF0C0
:107EF8000008179B07EB840B03EB840A189B03EB22
:107F08008409013CDBF80030984502D30DB0BDE888
:107F1800F08F33680AAA0A932B6821460B931D9B9E
:107F2800099807931C9B08F1010806931B9B05936E
:107F38001A9BCDE90373189B0293179B0193169B19
:107F480000930BABFFF7CAFFDAF80020336813443D
:107F580033602B68D9F8002013442B60D2E701D096
:107F680008F0C3F8179B1968189BD3F800C051EAAA
:107F78000C02F5D032681A9BD7F800B003EB020860
:107F88002A681B9B03EB0209169B1A681C9B03EBD0
:107F9800020A99B9FFF788FF5C4504DB2B683A6849
:107FA80013442B6015E019F90410099A98F9000098
:107FB8001D9B98470AF804000134EDE7BCF1000F57
:107FC80019D1FFF771FF5C450ADB33683A6813443F
:107FD8003360169B3A681B681344169A136095E73A
:107FE80018F90400099A99F900101D9B98470AF896
:107FF80004000134E7E7FFF757FF5C4504DB33680B
:108008003A6813443360C9E719F9041018F90400F1
:10801800099A1D9B98470AF804000134EDE7F8B562
:108028001546126804469142016001DA08F05DF8CD
:10803800064600208F1AB84208D1231D9200291D38
:1080480003EB800008F093FA2046F8BD8842EDDA89
:1080580046F8043F0130EEE770B50D461646FBF7CB
:108068004FFD04462846FBF74BFD05463046FBF717
:1080780047FDAC4201D008F038F88442FBD170BD0E
:1080880038B580FB0134002C1B4DA8BF4FF080454C
:10809800884208BFB0F1004F17D0E81844EBE573E9
:1080A800002B04DA6FF00041401843F10003C00FC1
:1080B80040EA4300002AC2F1000109DD4FF4B37120
:1080C8000E4B0F4A0F4808F017F86FF00040F1E721
:1080D8001F3204DA40F267110B4B094AF2E7012319
:1080E8008B40C20F013B03EA000402EB6303084123
:1080F8009C42C8BF013038BD010000C0774102086A
:1081080085410208DF4102085F42020870B5144643
:10811800936992681144626801FA03F51044984023
:10812800D4E90712FFF7ACFFD4E90912064628463E
:10813800FFF7A6FFD4E904123044FFF7A1FFE36874
:108148001844E36A9842B8BF1846236B9842A8BF00
:10815800184640B270BD2DE9F04303680C688FB033
:108168009C42B8BF1C460423062C0D4616461370C5
:1081780001DD07F0BAFF0246012321466846FFF7F2
:108188004EFF01232A46214607A8FFF748FF009A19
:10819800079B9A420AD1920008A901A808F0F2F8B0
:1081A80020B9012333700FB0BDE8F083013C2546A8
:1081B800002D10DB29466846FBF796FC2946074642
:1081C80007A8FBF791FC874201D1013DF0E7012F99
:1081D80024D10223337033789A1E012AC9D8012585
:1081E800032B0CBF6F46E846C6E91555C6E9175577
:1081F8000CBF0DF11C0807AF002C75665ADB214631
:108208004046FBF771FC214681463846FBF76CFC7B
:10821800814507D109FB05F5013CEDE7012849D166
:108228000323D7E7002C45DB21464046FBF75CFCDF
:10823800012808D121463846FBF756FC336E013C2D
:1082480043433366EEE7002C34DB21464046FBF718
:108258004BFC214605463846FBF746FC854204D1CF
:10826800F36D013C6B43F365EDE7002C22DB2146FF
:108278003846FBF739FC012808D121464046FBF770
:1082880033FCB36D013C4343B365EEE7002C11DBCF
:1082980021464046FBF728FC214605463846FBF7B1
:1082A80023FC854204D1736D013C6B437365EDE794
:1082B80004233370012076E7002313B50446CDE983
:1082C8000033044A044B054905F012F8204602B071
:1082D80010BD00BF09900008ED8D0008D37E00088E
:1082E8002DE9F04F93B0CDE9032380460723012001
:1082F8001C9A8C4606A9013B6DD1072001210CABC5
:1083080001386BD11346012402F11801994268D152
:10831800D8F80010DCF800400B46A14228BF2346DD
:10832800059308EB810301930CEB84030125029369
:1083380000232F469B469A46059EAE4254D2A14240
:1083480040F2AC80BBF1000F00D101334646091B57
:1083580003F18044013C02EB8405013B12AA02EBC5
:10836800830356F8044F002C49D053F8302C0130C1
:10837800624343F8302C2A68884204FB02F22A60E0
:10838800EFD1012206A80CA90D4606460023144683
:10839800039F47F8234056F8047B7C43049F47F823
:1083A800232055F8047B0133062B07FB02F2EFD19B
:1083B80000231A4650F8045B51F8044BA54205D037
:1083C800012D40F08D80039C44F823200133062BB7
:1083D800F0D1012014E041F8040B8CE743F8041BAA
:1083E8008EE743F8044B91E7019E56F804E901969D
:1083F800029E56F804990296BEF1000F03D10020A0
:1084080013B0BDE8F08FB9F1000FF8D0BEF1010F3D
:1084180074D1B9F1010F40F0938001358CE7013335
:1084280012AE5F1E06EB870757F8186C4FF0010A6B
:1084380009FB06FE47F818EC03F1804E0EF1FF3EEB
:1084480052F82E7009FB07F742F82E700027BB463A
:10845800E3E7BAF1000F03D1BBF1000F00D107B178
:10846800013312AE5F1E06EB870757F8306C0EFB20
:1084780006F957F8186C47F8309C0EFB06F947F8D0
:10848800189C03F1804909F1FF3952F829700EFB55
:1084980007F742F829700027BB464FE0BFF471AFD9
:1084A800BAF1000F00D101336646611A03F1804426
:1084B800013C02EB8405013B12AA02EB830356F848
:1084C800044F002C9BD053F8182C0130624343F81A
:1084D800182C2A68884204FB02F22A60EFD150E780
:1084E800012C09D1049C6FE7BEF1010F98D0B9F1B6
:1084F800010F0CD0CE45ACD007F0F7FDBAF1000F54
:1085080022D1B9F1010FF5D1BBF1000F00D1013330
:1085180012AE5F1E06EB870757F8306C4FF0010B61
:108528000EFB06F947F8309C03F18047013F52F8EB
:1085380027600EFB06FE42F827E00027BA466CE7E4
:10854800BAF1000F3FF46BAFBBF1000FCCD04B2159
:10855800024B034A034807F0CFFD00BF324402082C
:1085680059440208F64402082DE9F04F2DED028B1C
:1085780000288BB00D461446B0EE408AF0EE608AB3
:10858800169F189E39DD4FF00008179A06EB8009F0
:1085980007EB800A02EB800B0138D9F8002042452E
:1085A80004D80BB0BDEC028BBDE8F08F2A6808A98F
:1085B80008922268F0EE680A09921B9AB0EE480AFF
:1085C80005921A9A07930492199A0690CDE90262C5
:1085D800179A08F10108CDE9007209AAFFF7C4FF4C
:1085E800DDE90603DAF800102A680A442A602268DE
:1085F800DBF800100A442260CFE701D007F075FDD0
:10860800179AD7F800C0D2F800E05CEA0E02F5D05D
:108618000F68199A1A99D4F80080D6F800A002EBCE
:10862800870B01EB88001B9A19684FEA8A0902EB4D
:108638008101BCF1000F1DD18144484503D108EBED
:108648000A0222603DE0F0EC017A9BED007A77EEB9
:10865800877AB4EEE78AF1EE10FAC8BFF0EE487AEE
:10866800F4EEE78AF1EE10FA48BFF0EE687AE1EC32
:10867800017AE2E75A46D944BEF1000F1DD04A45B7
:1086880024D157442F60226831680A44D9E7F2ECB4
:10869800017A90ED007A77EE877AB4EEE78AF1EE08
:1086A80010FAC8BFF0EE487AF4EEE78AF1EE10FA55
:1086B80048BFF0EE687AE1EC017A4A45E7D15744C1
:1086C8002F601A6831680A441A606AE7F2EC017A86
:1086D800B0EC017A77EE877AB4EEE78AF1EE10FA19
:1086E800C8BFF0EE487AF4EEE78AF1EE10FA48BF18
:1086F800F0EE687AE1EC017AC1E72DE9F04FB0F1CC
:10870800000A8DB00D4614461E46DDF8609037DD30
:10871800002709EB8A030993169B03EB8A08179B2A
:1087280003EB8A0B0AF1FF3A099B1B68BB4202D88C
:108738000DB0BDE8F08F2B680BAA0A93236850464A
:108748000B931D9B0AA907931C9B013706931B9B40
:1087580005931A9B0493199BCDE90293179B0193E8
:10876800169B00933346FFF7C8FFD8F800202B6804
:1087780013442B602368DBF8002013442360D3E7FD
:1087880001D007F0B2FC169B1868179B196850EACD
:108798000103F6D01B9B2A68D4F8008003EB820CF7
:1087A8001C9B376803EB880E1D9B03EB8707D9F8E2
:1087B8000030B0B9834202D14344236030E05EF810
:1087C8002020DCF800100A4419998A42B8BF0A46EA
:1087D8001A998A42D4BF47F8202047F82010013060
:1087E800E8E7C9B1534521D11A442A602368D9F86A
:1087F80000201344E1E75CF82100DEF80040204443
:10880800199CA042B8BF20461A9CA042D4BF47F882
:10881800210047F8214001318B42ECD11A442A60EB
:108828003368D9F800201344336081E75EF82A00E2
:108838005CF82A10014419988142B8BF01461A9879
:108848008142D4BF47F82A1047F82A000AF1010AE2
:10885800C8E700002DE9F0432DED028BC9B0549E06
:10886800DDE95254307A01280BD0022800F08180CB
:1088780002F0A0FD327A01466F4804F049FC01205D
:108888003CE01F7893ED0D8AD3ED0E8A2946002F20
:1088980039D009A804F063FD0DB907F026FC21467C
:1088A80010A82F6804F05BFD002CF6D0314641A8D3
:1088B800D4F8008033AD04F052FD2CACD6F800900B
:1088C8003AAE2B462246009610A909A8FFF708FDE4
:1088D80098B10021F0EE680A17911E912591B0EE2B
:1088E800480A0520CDE90489CDE90267CDE90045AC
:1088F80025AB1EAA17A9FFF737FE002049B0BDEC2B
:10890800028BBDE8F08317A804F029FD002DC4D020
:1089180021461EA82D6804F022FD002CBDD031464A
:1089280041A8D4F8008004F01AFD346841AA1EA9B1
:1089380017A8FFF791FB2A46214645463B46984231
:10894800DBDDF2EC017AB5EC017A77EE877AB4EEEA
:10895800E78AF1EE10FAC8BFF0EE487AF4EEE78A3B
:10896800F1EE10FA48BFF0EE687A0133E1EC017AD3
:10897800E5E71F7829460DF1CC080DF1E809002F2D
:1089880034D025A804F0EBFC002D86D021462CA875
:108998002D6804F0E4FC002C3FF47FAF31462768D3
:1089A80041A81EAC04F0DBFC366843462246CDF8ED
:1089B80000902CA925A8FFF793FC00289DD0002340
:1089C8006FF000420993109317934FF0004305206E
:1089D800CDE90332CDE90676CDE901890595009404
:1089E80017AB10AA09A9FFF788FE86E7404604F0EE
:1089F800B6FC002D3FF451AF214648462D6804F0DF
:108A0800AEFC002C3FF449AF314641A8246804F07D
:108A1800A6FC4946404641AAFFF71EFB3B4636687E
:108A280098427FF76AAF55F8232054F823100A4478
:108A380046F823200133F3E7453902082DE9F04FC2
:108A480004460D4616464FF000098DB01F46199B87
:108A580003EB81030893179B03EB810A189B03EB35
:108A6800810B089B1B684B4502D80DB0BDE8F08F01
:108A7800002D24DD336820460A933B680AAA0B932D
:108A88001C9B691E06931B9B05931A9B0493199BB9
:108A98000393189B0293179B0193169B00930BABB0
:108AA800FFF7CCFFDAF80020336809F10109134415
:108AB80033603B68DBF8002013443B60D1E701D00A
:108AC80007F013FB3B681B9AA06932F91380A3686F
:108AD8001A9A984408FA00F30993336832F9133064
:108AE8006268134403FA00F0D4E90712FFF7C8FAE2
:108AF800D4E9091280460998FFF7C2FAD4E90412AA
:108B08004044FFF7BDFAE268169B1044E26A1B680E
:108B18009042B8BF1046226B9042A8BF10461C9ADC
:108B280022F81300169A01331360BBE72DE9F04FC2
:108B38001C46EFB06822DDE97897002154A8DDF8DB
:108B4800E88107F02FFC636A46AD5A93A36A494649
:108B58005593636928465B9363685C93E36A56930D
:108B6800A3695D93A3685E93236B5793E369589356
:108B7800236A5993D4E90323CDE95F2304F0EFFB7B
:108B880039464DA804F0EBFB284654AA4DA9FFF737
:108B9800E2FA044698F8080007286AD0092840F045
:108BA80011814946002C38D015A804F0D8FBB9F13A
:108BB800000F01D107F099FA39461CA8D9F800909E
:108BC80004F0CDFB002FF5D041464DA83FAE38ACA0
:108BD8003F6804F0C4FBD8F800803346224600956D
:108BE8001CA915A8FFF77CFB98B100217A4B2391AB
:108BF800CDE9068331AB2A91319100930521CDE966
:108C08000497CDE9026501942AAB23AA54A8FFF77B
:108C180065F900206FB0BDE8F08F23A804F09FFB32
:108C2800B9F1000FC6D039462AA8D9F8009004F047
:108C380096FB002FBED041464DA83F6804F08FFB3D
:108C480054A8FFF731F94DAA2AA923A8FFF704FA77
:108C5800054654A8D8F80060FFF726F9A542D8DDE4
:108C6800395719F9040054AAFFF750FA305501345E
:108C7800F4E749463FAE002C31D031A804F06FFB31
:108C8800B9F1000F96D0394638A8D9F8009004F009
:108C980066FB002F8ED041464DA82AAC3F6804F0F1
:108CA8005EFBD8F8008033462246009538A931A8E3
:108CB800FFF716FB0028ACD0002323A915931C93BB
:108CC80023930091CDE905780521CDE90359CDE934
:108CD80001461CAB15AA54A8FFF7B0FE99E7304629
:108CE80004F03DFBB9F1000F3FF464AFD9F8003050
:108CF800394628460C9304F032FB002F3FF45AAF54
:108D08003B6841464DA80B9304F029FBD8F8003086
:108D1800DDE95F89C8450A933FF74CAF30462946DD
:108D28004DAAFFF799F9559E2C4B09909E42FFF6E4
:108D380041AF47F6FE734FF6FC72DDF858A10AEB17
:108D4800030191423FF636AF9E423FF733AFDDE96C
:108D58005AB30D935C9B0E935D9B0F935E9B109390
:108D6800589B1193599B1293579B099AA2427FF7DC
:108D780050AFDDE90D1213930B9B33F914500C9B84
:108D8800554433F9140005FA0BF5304400FA0BF09A
:108D9800FFF776F9DDE90F1207462846FFF770F965
:108DA800DDE911123844FFF76BF9139B0A9A18444E
:108DB8004045B8BF40464845A8BF484622F8140079
:108DC8000134D2E702F0F6FA98F808200146044880
:108DD80004F09EF901201DE7158100080280FFFFBD
:108DE800453902082DE9FF47D1E903A906460C4693
:108DF800BAF1000F01D107F078F91D4B1A6804F099
:108E08009EFA1C4B21461A680746304604F097FA2A
:108E1800194B80461A682146304604F092FA0546F6
:108E2800007A431E012B0BD853464A46214630464A
:108E3800CDE901850097FFF70DFD04B0BDE8F08787
:108E4800092801D0072809D153464A462146304609
:108E5800CDE901850097FFF769FEEEE702F0AAFA6F
:108E68002A7A0146054804F053F90120E5E700BFD6
:108E7800886A0208846A0208806A0208453902087A
:108E88002DE9F04F2DED068B834681B08A46DDE94A
:108E98001054194610461E46174604F017FD2B7F3E
:108EA80080F00100092B207002D0072B40F0818050
:108EB8002A680AB907F019F997ED02AA96ED028A0D
:108EC800B4EEC8AA072B14BF4FF014084FF00F08D0
:108ED800F1EE10FAFA6854BF1AEE100A18EE100AEA
:108EE8005242A262F2685242E262EA68C4F82480FE
:108EF8002263F7F7EBFA02460B46F7F789F90646BD
:108F08000F4618EE100AF7F7E1FA32463B46F7F734
:108F18005FFC41EC190B012000FA08F0F7F7C4FADE
:108F28008046A8688946F7F7D1FA02460B464046BC
:108F38004946F7F723FB02460B4630463946F7F712
:108F480047FC41EC180B1AEE100AF7F7BFFA324645
:108F58003B46F7F73DFC04F1040904F1140841EC21
:108F6800100B4946404604F0DBFDB0EE490AF0EE2E
:108F7800690A04F1080104F1180004F0D1FD04F1B4
:108F8800200104F11C00B0EE480AF0EE680A04F073
:108F9800C7FD2A46584604F1100310939AF80010AA
:108FA80004F10C0301B0BDEC068BBDE8F04F04F0F2
:108FB800E9BA012B0DD19AF80030012B03D1002317
:108FC80063630C4B04E0032B09D1002363630A4B52
:108FD800A363002001B0BDEC068BBDE8F08F022B27
:108FE80004D1064B63634FF07E53F1E76FF400033F
:108FF800E6E700BFFFFF7F7F0000C040000080BFA2
:109008002DE9F043CB6804460E4685B00BB907F04E
:109018006CF80B69002BFAD0C5680022284603F0CB
:1090280029FD814660B9304B009358236569204675
:109038002E4A2F49A8470126304605B0BDE8F083DF
:1090480001223146284603F015FD804620B9294BF8
:10905800009365695B23EAE700223146284603F05E
:109068001EFD074620B9244B009365695E23DEE7A1
:10907800F3684A46CDE90003434631692046FFF7C5
:10908800FFFE06460028D7D13B7F022B1BD1D9F81B
:10909800003063B1CDE90230184B0193184B0093AF
:1090A800682365692046114A1649A847C3E7D8F8D6
:1090B800002042B1CDE90223104B0193124B0093DB
:1090C80065696A23EEE72B68494628469B699847F5
:1090D8002B68414628469B6998472B68394628469D
:1090E8009B699847A8E700BFB445020854450208A1
:1090F800C2390208C64502084E3A0208D845020895
:10910800EE450208FD39020808460208836B10B5CF
:109118000BB906F0EAFF2021BDE81040184700000F
:109128002DE9F04F0F6981468846B7B00FB906F0B0
:10913800DCFFCE68002EFAD09A4B1A6804F0FFF8CC
:10914800994B0546414648461A6804F0FAF8044621
:10915800287A072800F0CE8009280ED0012840F090
:10916800958133463A4641464846CDE9005400F0D9
:109178009FFA002037B0BDE8F08FBB6829460693F8
:109188007B681AA807933B690A93FB680B93B6F9A7
:1091980004300893B6F90030099333690293736970
:1091A800039304F0DCF82B68214621A8179304F0F8
:1091B800D6F8002CBBD023681693DDE9023293421F
:1091C800B5DC8033B3DB7F2AB1DC1A9B042BAED12C
:1091D800219B042BABD1002321AA19461AA8FAF720
:1091E800CEFC03230C90194621AA1AA8FAF7C7FC4B
:1091F80000211C9B0D900E931D9B0F93239B109396
:10920800249B11930C9B8B42B3DD089D4FF0000A01
:109218006B4205935AE0049B00944B441AA8CDE98D
:109228001812FAF77AFCDDE91812179B09F10109FF
:109238001B569B45B8BF9B46139B4B45EBDC08F17F
:109248000108159B43452EDC9DF908809DF90C30DB
:10925800D845B8BFD8469845A8BF98460094334625
:10926800524621A81891FAF758FC169B189903F84A
:10927800008001340D9BA3421BDC079B079AFF1A51
:10928800049B013613440493119BB34216DD27EA6D
:10929800E77312930F9B0B9A3B449342A8BF134664
:1092A80000241393E6E7059BDDF8489008EB0302DA
:1092B800C2E76FF07F0BDDF85080C2E7069B0AF12A
:1092C800010AED1ADDE9053213440593109B534555
:1092D8000EDD25EAE57314930E9B0A9A2B449342FC
:1092E800A8BF1346099F15937B4200260493CBE73A
:1092F800013187E7BB68294606937B6828A807934E
:109308003B690A93FB680B93B6F904300893B6F9E6
:1093180000300993336903937369049304F01FF8C9
:109328002B6821462FA8179304F019F8002C3FF456
:10933800FEAE23681693DDE9033293423FF7F7AE9A
:1093480013F5004FFFF6F3AEB2F5004FBFF6EFAEE0
:10935800289B042B7FF4EBAE2F9B042B7FF4E7AE06
:1093680000232FAA194628A8FAF709FC03230C9012
:1093780019462FAA28A8FAF702FC00212A9B0D906B
:109388000E932B9B0F93319B1093329B11930C9B45
:109398008B427FF7EEAE089D4FF0000B6B420593B2
:1093A80060E000BF906A02088C6A020809EB0A03B1
:1093B800009428A8CDE91812FAF7AFFB179B029A78
:1093C80033F9103009F101099A42B8BF1A460292DE
:1093D800DDE91812139B4B45E8DC08F10108159BE1
:1093E80043452CDCBDF90C80029B00949845B8BF1E
:1093F8009846BDF910305A469845A8BF98462FA8F8
:1094080033460291FAF789FB169B029923F81080DC
:1094180001340D9BA34218DC079B0136FF1A9A44BE
:10942800119BB34216DD27EAE77312930F9B0B9A41
:109438003B449342A8BF134600241393E9E7059BD6
:10944800DDF8489008EB0302C4E7144BDDF85080C0
:109458000293C4E7069B0BF1010BED1ADDE9053217
:1094680013440593109B5B450EDD25EAE5731493C1
:109478000E9B0A9A2B449342A8BF1346099F0026C5
:109488001593C7F1000ACBE7013180E701F092FF9D
:109498000146034803F03CFE01206BE60080FFFF15
:1094A80022460208002313B50446CDE90033044AD6
:1094B800044B054903F01CFF204602B010BD00BF55
:1094C8005995000829910008159100082DE9F04FD9
:1094D800D1E901794FF0010B536985B091F800A0EB
:1094E800D3E902830393D1E903340293DDE902212E
:1094F8003B465046CDF800B0FBF7D8F84B4622461D
:10950800054641465046CDF800B0FBF7CFF8013884
:1095180009FB00440020029B013D07FB0533039A29
:109528000E9E9B1AA4EB080423EAE37343FA0BF29A
:1095380024EAE474326003EA0B0344FA0BF204EA07
:109548000B047260B360F46005B0BDE8F08F0000F2
:109558002DE9F743D1F8109004460F46B9F1000FF2
:1095680001D106F0C2FDCD68002DFAD0D0F80C80EC
:109578000022404603F07EFA064658B9424B009353
:109588003D2365692046414A4149A847012003B067
:10959800BDE8F08339460022404603F080FA0746CA
:1095A80020B93C4B009365694023EBE703463246FC
:1095B800494620460095FFF789FF307F092801D0EA
:1095C80007281FD197ED027AD6ED027A77EEC77A8F
:1095D800F0EEE77A17EE900AF6F778FF28A3D3E9BA
:1095E8000023F7F747FA20B92B4B00936569492305
:1095F800C8E7F268FB689A422CD0284B009365694B
:109608004A23BFE7012831D199F81430012B03D13F
:109618000023AB61224B04E0032B11D10023AB6183
:10962800204BEB61D8F80030314640469B6998479B
:10963800D8F80030404639469B6998470020A6E78D
:10964800022B04D1184BAB614FF07E53E9E76FF45E
:109658000003DEE705F1140399F814103A46009365
:10966800204605F1100303F08DFFDBE701F0A2FEB1
:10967800327F01460D4803F04BFD87E7AFF30080CA
:109688008DEDB5A0F7C6B03E2B3A02084346020856
:10969800C23902084E3A0208A7460208BC46020828
:1096A800FFFF7F7F0000C040000080BF45390208EF
:1096B8002DE9F04F2DED048B9168A7B00491516806
:1096C800DDE9345405911169D26808910992B3F91A
:1096D800042029460692B3F9002018A8D3ED068A7B
:1096E80093ED079A079203F03AFE0DB906F0FDFCD8
:1096F8002B6821461FA8159303F031FE002CF5D0E6
:1097080023681493189B042BF0D11F9B042BEDD1D5
:1097180000231FAA194618A8FAF731FA03230A905A
:1097280019461FAA18A8FAF72AFA00211A9B0B90C3
:109738000C931B9B0D93219B0E93229B0F930A9BCB
:109748008B427EDD069E00257342039364E00AEB9C
:109758000B03009418A8CDE91612FAF7DEF9DDE933
:109768001612159B0AF1010A03EB8000D0ED007A6E
:10977800F4EEC87AF1EE10FAC8BFB0EE678A119B12
:109788005345E4DC09F10109139B4B4532DCF4EE47
:10979800C88AF1EE10FAC8BFB0EE688AB4EEC89A6B
:1097A800F1EE10FA3B4600942A461FA848BFB0EED7
:1097B800498A1691FAF7B1F9149B169903EB8000C0
:1097C80080ED008A01340B9BA34219DC059B01370D
:1097D800A8EB03089B440F9BBB4216DD28EAE873FD
:1097E80010930D9B099A43449342A8BF1346002443
:1097F8001193E8E7039BDDF840A009EB0302BEE7FD
:109808009FED128ADDF84890BEE7049B0135F61AF1
:10981800DDE90332134403930E9BAB420FDD26EAC6
:10982800E67312930C9B089A33449342A8BF1346DD
:10983800DDF81C8000271393C8F1000BCBE701313A
:109848007DE727B0BDEC048BBDE8F08FFFFF7FFFFD
:109858002DE9F043D1F8109006460C4685B0B9F1D1
:10986800000F01D106F041FCD1F80C80B8F1000FCF
:10987800F8D01E4B1A6803F062FD1D4B05461A68A6
:109888002146304603F05BFD1A4B07461A6821460D
:10989800304603F056FD0346287A421E082A1CD893
:1098A800DFE802F011051B1B1B1B051B0500CDE99A
:1098B800007342462B462146304600F09BFD0020AF
:1098C80005B0BDE8F083CDE901734A464346214619
:1098D8003046009500F004FBF1E701F06BFD2A7AB1
:1098E8000146054803F014FC0120E9E79C6A0208D8
:1098F800986A0208946A020845390208002313B5D9
:109908000446CDE90033044A044B054903F0F0FC52
:10991800204602B010BD00BF219E000859980008DB
:10992800999B00082DE9F04F05298FB009930C4643
:10993800DDE91965DDE91B7992461E9B2FD04FF0B2
:10994800000803EB810B4B1C0A93DBF800309845A9
:1099580029DA336852460C932B680A990D931E9B9B
:10996800039706931D9B0B90CDE904930DAB0293CF
:109978000CAB0193189B08F101080093099BFFF7B2
:10998800D1FFA11D59F8212033680B9813441D9A63
:1099980033602B6852F8212013442B60D5E75C69AB
:1099A8000023A34202DB0FB0BDE8F08FD6F800C059
:1099B8002968099AD0ED0D7A02EB81010AEB8C0235
:1099C800D1ED006A92ED006A66EE866AF4EEE67AF8
:1099D800F1EE10FA90ED0E7AD8BFF0EE667AB4EE9A
:1099E800E77AF1EE10FA58BFB0EE677A3968189A3C
:1099F800013302EB8101D9F82C2081ED007A624411
:109A08001D9932602A68C96A0A442A603A68013294
:109A18003A60C6E72DE9F04F05298DB00C46DDE91F
:109A280017659A46DDF8689060D01C9B4FF00008D7
:109A380003EB810B4B1C1F46DBF80030984552DACC
:109A4800336839460A932B6809920B931C9B08903C
:109A580006931B9B08F10108CDE90493199B039316
:109A68000BAB02930AAB0193169B00935346FFF787
:109A7800D1FF04F1060C59F82C1033681B9A0B44DB
:109A8800336052F82C102B68DDE908020B442B6078
:109A9800D2E7D6F800C02B6852F82C405AF8233089
:109AA80019996343C46A0968A342B8BF2346076B80
:109AB800169C0EF1010EBB42D4BF44F8213044F885
:109AC8002170D9F82C301B99634433602B68C96A1C
:109AD8000B442B60199B19991B6801330B601C9B65
:109AE8005B699E45D5DB0DB0BDE8F08F4FF0000EE9
:109AF800F5E72DE9F047D0F80090D1F800804D4601
:109B0800C14504460E46A8BF454601277B1E9D4217
:109B18000DDC2F4609F1FF3A4F4519DB08F1FF37F5
:109B280045451EDB2046F9F7EBFFBDE8F087A9EBBA
:109B380007012046F9F7D8FFA8EB0701824630460F
:109B4800F9F7D2FF824507F10107DFD006F0CDFA19
:109B58002046AAEB0701F9F7C7FF0128F6D101371C
:109B6800DAE73046791BF9F7BFFF0128EED1013556
:109B7800D6E770B516460546FFF7BBFF31460446E3
:109B88002846FFF7B6FFA04201D006F0AEFA70BD36
:109B9800836B10B50BB906F0A8FA2421BDE8104074
:109BA800184700002DE9F04FC66805469246304632
:109BB800002287B08B461C4602F05CFF814658B9EC
:109BC800814B00932C236C692846804A8049A04722
:109BD800012007B0BDE8F08F01225946304602F057
:109BE80049FF804620B97B4B00936C692F23EBE734
:109BF80000225946304602F052FF074620B9764BFC
:109C080000936C693223DFE7DBF8003013B11B687F
:109C1800022B0DD00222CDE90232704B0193704B1A
:109C2800009334236C692846684A6E49A047CFE7F9
:109C3800DBF8043013B11B68012B09D00122CDE9F0
:109C48000232694B0193694B00936C693523EAE74B
:109C580099F81C0098F81C30834213D06E6901F003
:109C6800A9FB044698F81C0001F0A4FB604BCDE961
:109C7800024001935F4B28460093544A37235E49BC
:109C8800B047A5E73B7F9AF80010092B01D0072BB6
:109C980059D104F10C0300933A46284604F108030D
:109CA80003F070FC8246002893D1D9F80800F6F733
:109CB8000DFCCDE90401D8F80800F6F707FC0246C8
:109CC8000B46DDE90401F6F759FCCDE90401B86853
:109CD800F6F7FCFB02460B46DDE90401F6F778FDD2
:109CE80004F1180B41EC100B594604F1140003F071
:109CF800ADFE99F81C00D9F80C20D8F80C30F9689A
:109D080007282260636021612CD142B13B4BCDE929
:109D1800022A01933A4B00936C69492383E743B1C4
:109D2800CDE90232354B0193364B00936C694A23D7
:109D380079E7B9B1CDE90213304B0193324B009367
:109D48006C694B236FE7022B27D101294FF00003E1
:109D580003D1A3606FF0004303E0032913D1A3608C
:109D68000623E3603368494630469B699847336861
:109D7800414630469B6998473368304639469B6967
:109D88009847002025E7022904D14FF0FF33A3604C
:109D98000123E6E74FF00043DBE7012903D1002365
:109DA800E3611A4B04E0032904D10023E361184B53
:109DB8002362D7E7022904D1164BE3614FF07E53A3
:109DC800F6E76FF40003EBE7B4450208F246020831
:109DD800C2390208C64502084E3A0208FB39020891
:109DE800DC430208FD39020815440208EC43020866
:109DF800524702085F470208443E02089961020878
:109E08006C470208844702089C470208FFFF7F7FCF
:109E18000000C040000080BF0A6910B50AB906F00A
:109E280064F9CB68002BFAD0BDE81040FFF7BABE42
:109E3800F8B506460524012701F1180521463046E4
:109E4800F9F752FE45F8040D2146AF613046F9F79F
:109E58004BFE013C00FB07F7F0D2F8BD2DE9F043BB
:109E68000D461C4616468FB00AB906F03EF9002B7F
:109E7800FBD00246012306216846FEF7D0F82A46A1
:109E880000250123062107A8FEF7C9F831466846D0
:109E9800FFF7CEFF214607A8FFF7CAFFA84606F13D
:109EA800180929466846F9F71FFE2946074607A8F4
:109EB800F9F71AFE874205D0012F0BD149F8258002
:109EC80046F825000135062D04F10404E9D10FB048
:109ED800BDE8F0830128C8D1C4F818802760F1E7ED
:109EE8002DE9F04F2DED028B1D46E1B06822DDE92A
:109EF8006C49002146A8DDF8B8A106F053FAEB69D1
:109F08002EAE53932B6A214630463AAF549303F052
:109F180026FA4946384603F022FA3946304646AA18
:109F2800FEF719F90546002856D012AD21462846F5
:109F380003F015FA0CB906F0D8F80DF1640B494690
:109F48005846D4F8008003F00AFAB9F1000FF2D0AD
:109F580020AC51462046D9F8009003F000FABAF137
:109F6800000FE8D02B68DAF800A0062BE3DC199B79
:109F7800062BE0DC209B062BDDDC28463B463246E0
:109F88005946FFF76BFF22460123062127A8FEF753
:109F980046F80DF1300C644628AD0FCD0FC495E896
:109FA800030084E80300002109AB0AAA0BA8CDE945
:109FB8000132CDE903064B464246CDE9057CCDF892
:109FC80000A046A809910A910B91FFF7ABFC61B07C
:109FD800BDEC028BBDE8F08F214627A803F0BFF93E
:109FE800002CA8D049463046D4F800B003F0B7F9A1
:109FF800B9F1000F9FD051463846D9F8008003F0D8
:10A00800AEF9BAF1000F96D0DAF8004031463A4678
:10A0180027A8FFF7AEFD9DED538ADDED548A5E4615
:10A02800414622462B469842D1DDF6EC017AB1EC46
:10A03800017A67EE877AB4EEE78AF1EE10FAC8BFC4
:10A04800F0EE487AF4EEE78AF1EE10FA48BFF0EE47
:10A05800687A0133E2EC017AE5E72DE9F04FBFB009
:10A068001C92044626AA0846194632ABFFF7F6FEAC
:10A078000123499A06211FA8FDF7D1FFDDE92367CF
:10A08800209BDDF894801793219B1693229B1493B1
:10A09800149A169B534373437B4308FB03F31893AB
:10A0A800134673437B4308FB03F3199307FB06F33B
:10A0B80008FB03F31A9308FB07F31B930023CDE96E
:10A0C80002330193179A9342C0F2A4803FB0BDE8CF
:10A0D800F08F119A1D931C9BE56813F902C0626802
:10A0E800489B9444129A9856A268104400FB0CF0BE
:10A0F800D4E9041203F0F4FBE26A05449542B8BFC0
:10A108001546226B159B9542A8BF154603F8015BBF
:10A11800319A1593119B134411933D9A129B134442
:10A128001293139B013313931D9B139A4245D0DB63
:10A13800309A1099C24411443C9A109191440BF101
:10A14800010BBB4510DA4A9ACDF848905244159253
:10A15800109A119200221392E7E70C9A4FF0000B25
:10A16800DDE90D9A1092ECE72F9A0C9911440C91A5
:10A178003B9A0D9911440D910E9A1B990A440E921F
:10A188000F9A01320F920F9AB242E6DB2E9A089983
:10A19800114408913A9A0999114409910A9A1A990D
:10A1A8000A440A920B9A01320B920B9A14998A422A
:10A1B80020DB2D9A049911440491399A0599114488
:10A1C8000591069A19990A440692079A013207924C
:10A1D800079A16998A4215DB2C9A01990133114482
:10A1E8000191389A029911440291039A18990A44E4
:10A1F800039267E70A9A0E92099A0D92089A0C92AE
:10A208000022BFE7069A0A92059A0992049A0892D0
:10A218000022C9E7039A0692029A0592019A0492CB
:10A228000022D4E72DE9F04FBFB01C92044626AABD
:10A238000846194632ABFFF711FE0123499A062159
:10A248001FA8FDF7ECFEDDE92367209BDDF894806D
:10A258001793219B1693229B1493149A169B53438E
:10A2680073437B4308FB03F31893134673437B4301
:10A2780008FB03F3199307FB06F308FB03F31A9390
:10A2880008FB07F31B930023CDE902330193179AC8
:10A298009342C0F2A6803FB0BDE8F08F119A1D939B
:10A2A8001C9BE56833F912C06268489B9444129A73
:10A2B80033F91200A268104400FB0CF0D4E9041230
:10A2C80003F00EFBE26A05449542B8BF1546226BBF
:10A2D800159B9542A8BF154623F8025B319A159342
:10A2E800119B134411933D9A129B13441293139B91
:10A2F800013313931D9B139A4245CFDB309A109973
:10A30800C24411443C9A109191440BF1010BBB4596
:10A3180011DA4A9ACDF8489002EB4A021592109A3F
:10A32800119200221392E6E70C9A4FF0000BDDE938
:10A338000D9A1092EBE72F9A0C9911440C913B9AC5
:10A348000D9911440D910E9A1B990A440E920F9A79
:10A3580001320F920F9AB242E6DB2E9A0899114405
:10A3680008913A9A0999114409910A9A1A990A4442
:10A378000A920B9A01320B920B9A14998A4220DBAB
:10A388002D9A049911440491399A0599114405911B
:10A39800069A19990A440692079A01320792079A6F
:10A3A80016998A4215DB2C9A0199013311440191BF
:10A3B800389A029911440291039A18990A4403920F
:10A3C80065E70A9A0E92099A0D92089A0C92002251
:10A3D800BFE7069A0A92059A0992049A08920022FF
:10A3E800C9E7039A0692029A0592019A04920022FA
:10A3F800D4E700002DE9F04F15469A46ADF52D7DBE
:10A408006822DDE9B6840021074692A805F0CAFF54
:10A41800AB6851469D93EB6886AE9E932B6AA093DA
:10A428002B685B4293936B685B4294932B6995937B
:10A438006B699693AB697AAD2846979302F08FFFC4
:10A448004146304602F08BFF3146284692AAFDF776
:10A4580082FE9AF808308146092B64D1514628B308
:10A468000AA802F07CFF414611A8DAF8006002F061
:10A4780076FFB8F1000F01D105F037FE18AD21467F
:10A488002846D8F8007002F06AFF002CF4D0236840
:10A498003246CDE90153009711AB0AA992A8FFF7FC
:10A4A800DCFD00200DF52D7DBDE8F08F1FA802F022
:10A4B80056FF414626A8DAF8005002F050FFB8F1DE
:10A4C800000FD9D021462DA8D8F8006002F047FF28
:10A4D800002CD1D0DDE99D239A422768CCDC2DAA37
:10A4E80026A91FA8FDF7B8FD8046C845D9DD15F98E
:10A4F8000930939A16F909001344949A959C1044CC
:10A508005843DDE9961203F0EBF99D9B04449C4205
:10A51800B8BF1C469E9B9C42A8BF1C4607F8094032
:10A5280009F10109E1E7022B40F08B8057AF0028C1
:10A5380053D00DF1D0095146484602F010FFDAF821
:10A5480000300DF1EC0A41465046099302F007FF2E
:10A55800B8F1000F90D0D8F800B00DF584782146F6
:10A56800404602F0FCFE002C86D0349B2468062B63
:10A5780082DC3B9B062B3FF77FAF429B062B3FF7C6
:10A588007BAF33462A4651464846FFF767FC4246AA
:10A5980001230DF5D878062173A8FDF740FDC446C0
:10A5A8000DF5E87EBEE80F00ACE80F009EE803005A
:10A5B8008CE8030000215EAB65AA396092A8CDE95A
:10A5C8000325CDE90173CDE905685B46099A009436
:10A5D8005E916591FFF71EFA63E7514649A802F0BC
:10A5E800BEFE414650A8DAF8005002F0B8FEB8F1B5
:10A5F800000F3FF441AF21463846D8F8006002F01A
:10A60800AEFE002C3FF438AF3A4650A949A8D4F81A
:10A6180000A0DDE99D48FFF7ACFA48457FF741AF58
:10A6280055F8293056F829205343A342B8BF23468A
:10A638004345D4BF4AF829304AF8298009F101096D
:10A64800EBE7072B7FF42DAF939A72B10023CDE986
:10A658000223454B0193454B00939D237C69384663
:10A66800434A4449A04701201CE7949B43B1CDE9E4
:10A6780002323D4B0193404B00937C699E23EEE7E9
:10A68800DDF854B2BBF1000F08D0CDE902B3364B68
:10A6980001933A4B00937C699F23E0E7514608B346
:10A6A8005EA802F05CFE414665A8DAF8006002F098
:10A6B80056FEB8F1000F3FF4DFAE6CAD21462846D8
:10A6C800D8F8007002F04BFE002C3FF4D5AE23689A
:10A6D8003246CDE90153009765AB5EA992A8FFF712
:10A6E800A1FDDEE673A802F03AFE41462846DAF8F4
:10A6F800007002F034FEB8F1000F3FF4BDAE214601
:10A708003046D8F8008002F02AFE002C3FF4B4AEA0
:10A71800DDE99D239A42D4F800903FF7ADAE294673
:10A72800324673A8FDF798FC05465D457FF7B9AE3C
:10A7380037F91B30939A38F91B001344949A959C67
:10A7480010445843DDE9961203F0CAF89D9B04446F
:10A758009C42B8BF1C469E9B9C42A8BF1C4629F839
:10A768001B400BF1010BE0E799610208B4470208AE
:10A77800F2460208FD390208CC470208E4470208FD
:10A7880010B5836B2821984704462822002105F03C
:10A7980009FE204610BDCA6800F0CCB9CA6800F0AE
:10A7A800EBBC0000002313B50446CDE90033044A8E
:10A7B800044B054902F09CFD204602B010BD00BFC5
:10A7C8009FA70008A5A7000889A7000830EE200A5F
:10A7D800704700002DE9F0474FF0000906460125B3
:10A7E8004C46D0F800A0CA4503DC28462146BDE8FF
:10A7F800F087012D74F10003F7DB2A4623466FF03A
:10A8080000400021F6F7CCF956F8048F4FEAE877B4
:10A81800804577EB010105DB0749084802F078FC21
:10A8280005F063FC6F4308FB0477A5FB085409F1A6
:10A8380001093C44D7E700BF1240020862560208EB
:10A848002DE9F84300249C46DDE908E391461C60A5
:10A8580008BBBDE8F883A84215DD00261F68BE4284
:10A8680013DB4EF827501D6801351D60013448F18F
:10A8780000084C4578EB0C05EBDA51F82450002D14
:10A88800E9DA2D18E9D505F030FC5EF82620954266
:10A89800ECD00136E3E7A046EBE7F8B59C46054661
:10A8A800069FD0B109B905F020FC002AFBD000248E
:10A8B800204610E047B1002604E057F82630A342AE
:10A8C80008D00136B445F8DC52F8246051F8243039
:10A8D80003FB00600134A542ECDCF8BD2DE9F04F24
:10A8E8002DED048B0E680446042E15461F4693B0C2
:10A8F80001D005F0FAFB1B68042BFADC0A46012399
:10A90800314604A8FDF78BFB01233A4631460BA8D4
:10A91800FDF785FB0B9B002BEBDD012B0C9EE8D094
:10A92800022B0D99E5D0032B0E9AE2D0049BDDF89B
:10A938003CA0012BDDDD022B069FDAD094F9003014
:10A94800DDF81C80022BD4D1B4F90230012B13D1CD
:10A95800B4F90430022BCCD10129CAD1012AC8D1BB
:10A9680007FB08F3002408EE903AB4423EDB13B02C
:10A97800BDEC048BBDE8F08F022BBAD1B4F90430DA
:10A98800012BE8E74A462146CDF800B004A8039316
:10A99800F9F7C3F805EB8000D0ED007A38EE278A86
:10A9A800039B01334345EDDB09F10109B94516DB8A
:10A9B8000023F8EEE87A1A46CDF800B021460BA835
:10A9C80088EE279AF9F7A9F8209B0BF1010B03EB06
:10A9D800800080ED009AD34503DB0134C5E70023EE
:10A9E800E0E74FF000099FED038ADFE74FF0000B27
:10A9F800F1E700BF000000002DE9F04F8846C56868
:10AA0800044692462846002285B09B4602F032F85A
:10AA1800D8F800300646D3F80090B9F1020F10D0EC
:10AA28000223CDE90293384B0193384B00932F232F
:10AA380065692046364A3749A847012005B0BDE870
:10AA4800F08FD8F804301A68012A09D00123CDE91B
:10AA58000223314B0193314B009365693023E8E7BA
:10AA68004146284602F006F8074640B92C4B2046D6
:10AA7800009365693423264A2A49A847DDE7007F01
:10AA8800022812D0666900F095FC0546484600F099
:10AA980091FC254BCDE902500193244B20460093AD
:10AAA8001B4A35232249B047C7E7337F092B1ED1FC
:10AAB80000224146284601F0F2FF0446B068F5F747
:10AAC80005FD8046A0688946F5F700FD0B4602465D
:10AAD80049464046F5F77CFE41EC100B5946504676
:10AAE80002F0B4FF2B68214628469B6998472B68DB
:10AAF800394628469B6998472B68284631469B6902
:10AB0800984700209AE700BFFB3902085F4802080F
:10AB1800FC470208FD39020815440208173A0208E2
:10AB280072480208C2390208824802088F4802089F
:10AB3800443E02082DE9F74FC568144680460022B6
:10AB48002846894601F096FF0022064649462846CF
:10AB580001F0A5FF012207464946284601F08AFF71
:10AB6800337F8246092B04F1040B01D0072B13D144
:10AB7800B068F5F7ABFCCDE90001B868F5F7A6FCBD
:10AB880002460B46DDE90001F5F722FE41EC100B09
:10AB98005946204602F05AFF7869FFF71BFE0090DD
:10ABA800DAF81400FFF716FE337F6062092B01D034
:10ABB800072B0FD10099D8F84030404604F108021D
:10ABC80089009847F3682361B3686361FB68A361F0
:10ABD800BB68E36122465B4649464046FFF70CFFE7
:10ABE800044670B92B68314628469B6998472B68FC
:10ABF800394628469B6998472B68514628469B69E1
:10AC08009847204603B0BDE8F08F30B500231446BE
:10AC18008B4208DB012421EAE17302EB4300032B9A
:10AC280007DD117030BD50F82350013324F8025F5E
:10AC3800EEE720F8024F0133F1E708B508B905F04F
:10AC480054FA006808BD70B5F8B109B905F04DFAB5
:10AC5800002AFBD00025431E02EB8002002B01DAFC
:10AC6800012010E052F8040C51F823600130B04282
:10AC7800A2F10404EADC04D142F8045C013B224658
:10AC8800ECE72060002080F0010070BD2DE9F04F56
:10AC98008FB005939DF868301746DDE918950022B6
:10ACA8000C460B93049002F04AFB2146012206460B
:10ACB800049802F044FB214680460022049802F0E2
:10ACC80040FB04460EB905F010FA0028FBD0D0F876
:10ACD80004B04046FFF7B1FF4FF0010801465B465C
:10ACE8000022DBF800A0924500F392803368D6F882
:10ACF80004A00A932B69DAF80060089323686A6A4B
:10AD08000793D5E900430393AB69099300231846D9
:10AD1800984540F09580504600239E4200F3978066
:10AD280000250DAB0193059B30460093D3170D9575
:10AD3800FFF786FD0D9B06932B46AE4200F38D80F0
:10AD48004FF0000B0AF1040500233A462946304625
:10AD5800CDF800B0FFF7A1FD059B82463A4629468B
:10AD680000933046069BFFF798FD0A9B294633F966
:10AD78001A2059F82030134449F820303A46304612
:10AD8800FFF761FF0028DFD106464FF0010B82462E
:10AD9800069BB34265DC5BEA0A0336D00B9B5BBBC0
:10ADA800BAF1000F8FDB08BFBBFA8BF3039A18BF09
:10ADB800BAFA8AF302F11F0608BF2033202EA8BF73
:10ADC8002026C3F13F039E42A8BF1E46E117A6F105
:10ADD800200304FA03F3C6F12005B140194324FA0D
:10ADE80005F5534604FA06F05A462943F5F7D8FE06
:10ADF8000446039B9B1B0393002647F6FF7A089B98
:10AE08002D4F0BFB03FBB04541D10FB0BDE8F08FD0
:10AE180053F8040FA8FB00ECBCF1000F0CD0274B33
:10AE2800274A1893049B27495C69A023A4460498E1
:10AE38000FB0BDE8F04F604700FB08F8013252E759
:10AE4800079D25F8130049F82300013360E750F8FF
:10AE5800045F002DD9D001335FE747F8253001356D
:10AE68006BE7059B5A4653F826304FF0FF3055F8EC
:10AE780023706FF000415346F5F792FE8742CED813
:10AE880007FB0AF3ABFB07BA01369A4480E759F887
:10AE980026002146039AA0EB0B0002F021FD099B36
:10AEA8001844B842B8BF38465045A8BF5046079B1B
:10AEB80023F816000136A6E70080FFFF9A4802082B
:10AEC800FC470208C23902082DE9F04F8FB00593FC
:10AED8009DF868309146DDE9184600220D460B932F
:10AEE800049002F02CFA294601228046049802F0C8
:10AEF80026FA294607460022049802F022FA054657
:10AF0800B8F1000F01D105F0F0F80028FBD0D0F817
:10AF180004B03846FFF791FE012701465B46002240
:10AF2800DBF800A0924500F39680D8F80030D8F8F6
:10AF380004A00A933369DAF8008008932B68726AD0
:10AF48000793D6E900530393B3690993002318467E
:10AF58009F4240F0978050460023984500F3988020
:10AF680000260DAB0193059B40460093D3170D9621
:10AF7800FFF766FC0D9B06933346B04500F38E80C1
:10AF88004FF0000B0AF1040600234A4631464046BA
:10AF9800CDF800B0FFF781FC059B82464A46314652
:10AFA80000934046069BFFF778FC0A9B314613F94D
:10AFB8000A2054F82030134444F820304A464046CA
:10AFC800FFF741FE0028DFD180464FF0010B824693
:10AFD800069B434566DC5BEA0A0339D00B9B63BBDF
:10AFE800BAF1000F8FDB08BFBBFA8BF3039A18BFC7
:10AFF800BAFA8AF302F11F0608BF2033202EA8BF31
:10B008002026C3F13F039E42A8BF1E46E917A6F1BA
:10B01800200305FA03F3C6F1200CB14025FA0CFC15
:10B02800194305FA06F053465A4641EA0C01F5F76A
:10B03800B7FD0546039B9B1B03936FF07F08089B96
:10B0480004EB87070BFB03FB079B5E1EBC4240D14A
:10B058000FB0BDE8F08F53F8040FA7FB00ECBCF16C
:10B06800000F0CD0244B254A1893049B24495C6993
:10B07800A023A44604980FB0BDE8F04F60474743AB
:10B0880001324FE7079EF05444F8230001335FE78D
:10B0980050F8046F002EDBD001335EE749F8263004
:10B0A80001366AE7059B5A4653F828304FF0FF30BF
:10B0B80056F823906FF000415346F5F771FD81452E
:10B0C800D0D809FB0AF3ABFB09BA08F101089A4486
:10B0D8007EE754F8040B2946039AA0EB0B0002F014
:10B0E800FFFB099B18444045B8BF40467F28A8BFCE
:10B0F8007F2006F8010FA9E79A480208FC470208D2
:10B10800C23902082DE9F74F9A46002314468146B2
:10B118000D461A460D9EA34229DB4FF0000B002373
:10B12800324629462046CDF800B0FFF7B6FB324636
:10B1380029460C9B8046CDF800A02046FFF7ADFBC2
:10B148000F9B09EB880803EB8007D8ED000A97ED01
:10B15800000A0E9B9847324687ED000A294620468A
:10B16800FFF771FD0028DAD103B0BDE8F08F46F88B
:10B1780023200133CFE700002DE9F04F002499B0D8
:10B18800914622460F46054602F0D9F8012280462C
:10B198003946284602F0D3F82246824639462846E0
:10B1A80002F0CFF83B690646DAF80400049301F090
:10B1B800BCFF98F808308346072B00F0C380092BA2
:10B1C80000F0B180012B40F0CC805046FFF735FDF0
:10B1D800594607AAADF82040FFF717FDD8F8043004
:10B1E8001F68042F0CD19DF91C20022A08D1BDF933
:10B1F8001E20BDF92040012A13D1A21E54425441F9
:10B20800049A127802B3FCB141460AA802F0A7F8E2
:10B21800314611A8D8F8004002F0A1F846B904F068
:10B2280064FF022A08BF012C0CBF01240024E7E7B1
:10B238003368224600930AA911AB07A8FFF74EFB13
:10B24800002019B0BDE8F08F0493002EE7D05046D7
:10B25800FFF7F3FC0122014600207468049BD4F830
:10B26800009081453BDCD6F800A0D8F800000AEB36
:10B2780082040590D14652460020A24244D15A4643
:10B288000026043304930DF1280806AB38460193D1
:10B29800CDF80080D3170696FFF7D2FADDE904103F
:10B2A800324BDDF818B0029311ABCDE900B33A4642
:10B2B8004346CDF80CA0FFF725FF0123B34526DC54
:10B2C800002BBDD0A145BBD007EE903AD9ED006A5E
:10B2D800B8EE677AC6EE877AE9EC017AF2E754F8B5
:10B2E80004CFA2FB0CAEBEF1000F09D0204B2846BC
:10B2F80000936C69D2231F4A1F49A0470120A0E789
:10B308000CFB02F20130ACE742F8040BB5E70499F4
:10B3180058F8042B51F82220A3FB02010029E5D19B
:10B3280053430136CAE76B6CD9F80810284698478A
:10B3380039460090CDE9019428460AAB11AAFFF7D7
:10B34800C3FD7DE76B6CD9F8081028469847394645
:10B358000090CDE9019428460AAB11AAFFF796FCA4
:10B368006EE728466B6905499847C7E7D5A70008DF
:10B37800A1480208FC470208C2390208EB49020842
:10B38800013080007047884208B50ED060B171B1B5
:10B3980003680A689A420AD192000431043004F022
:10B3A800F1FFB0FA80F0400908BD0120FCE7002059
:10B3B800FAE7000013289ABF024B53F8200002480E
:10B3C800704700BFA06A02088E4A020820B1431ED7
:10B3D80058425841400070470120704708B508B9E5
:10B3E80004F083FE0029FBD0002AF9D0002BF7D007
:10B3F80008BD03685B6818470368C01A03888B4256
:10B408008CBF405A0020704710B50C210446FFF746
:10B41800F3FF10B123182058184410BD08B503468F
:10B428001046122B33D8DFE803F0100A181C20242A
:10B438002614281E122A222C2E1A16300E000A2331
:10B4480000200B7008BD1323FAE70123F8E70B234C
:10B45800F6E70723F4E71123F2E70223F0E71023C6
:10B46800EEE70323ECE70923EAE70423E8E70D23E3
:10B47800E6E70523E4E70623E2E70823E0E70C23F1
:10B48800DEE70E23DCE70F23DAE71223D8E70022F2
:10B498000A701A46024902F0ADFF0120D2E700BF48
:10B4A8000D4B02080020704738B505461446FFF7D3
:10B4B800A3FF00B12C58204638BD38B505461446C0
:10B4C800FFF79AFF00B12C5C204638BD08B5002272
:10B4D8000A21FFF7F2FF08BDF8B5144605461E46D7
:10B4E800FFF77CFF01222368114620461B68984716
:10B4F8000027044607702846FFF7E8FF1B280BD1F2
:10B508002846FFF781FF38B13A460421FFF7D5FFF7
:10B51800C01B18BF0120207000203460F8BD38B56A
:10B5280005461446FFF768FF00B12C56204638BD83
:10B53800F8B5144605461E46FFF750FF236801225A
:10B54800022120461B689847002704460770477069
:10B558002846FFF7BBFF0B2817D12846FFF754FFF3
:10B56800054690B13A460421FFF7D9FFC2B2531EEF
:10B57800042B88BF3A460621227028460122FFF78D
:10B588009CFFC01B18BF0120607000203460F8BD0C
:10B598002DE9F047174605468A469846FFF71EFFED
:10B5A8003B6804221B681C21384698471C2200214E
:10B5B800044604F0F7FE2846FFF788FF0128814675
:10B5C80005D00025C8F800402846BDE8F087284681
:10B5D800FFF71AFF05460028F3D000220421FFF7E1
:10B5E8009EFFFFF7F3FE0022062120702846FFF792
:10B5F8005BFF0022082160602846FFF755FF002204
:10B608000A21A0602846FFF78AFFC6B2731E042BE2
:10B6180088BF00264A460C2128462673FFF744FFB8
:10B628004A460E2120612846FFF73EFF00221021DE
:10B6380060612846FFF773FF524604F11801FFF7CF
:10B64800EDFE05460028BCD021463846FFF7D1FE5E
:10B65800BAE770B5144605461E46FFF7BFFE2368D5
:10B6680004221B681C21204698471C2200210446FE
:10B6780004F098FE2846FFF729FF022834D128460F
:10B68800FFF7C2FE054678B300220421FFF747FF03
:10B69800FFF79CFE0022062120702846FFF704FFD2
:10B6A8000022082160602846FFF7FEFE00220A21DA
:10B6B800A0602846FFF7F8FE00220C21E06028462B
:10B6C800FFF72DFFC0B2431E042B88BF00200122C4
:10B6D8000E2120742846FFF7E7FE01226061102141
:10B6E8002846FFF7E1FEA0610020346070BD00002D
:10B6F8002DE9F0471746054688469946FFF76EFE3E
:10B708003B68012205211B683846984700260446F5
:10B71800066006712846FFF7D9FE082882463DD103
:10B728002846FFF771FE0546C0B332460421FFF7ED
:10B73800F6FEC3B25A1E042A88BF33463246237027
:10B7480051462846FFF7B9FE801B18BF0120324634
:10B758000A21A0702846FFF7B0FE801B18BF012001
:10B7680032460C21E0702846FFF7D9FE4246211DDB
:10B77800FFF754FE024650B906212846FFF7CFFED0
:10B7880058B1012809D04046074902F033FE38462F
:10B798002146FFF72EFE012003E060700020C9F863
:10B7A8000040BDE8F08700BF314B0208F8B51446E9
:10B7B80005461E46FFF712FE012223681146204661
:10B7C8001B6898470027044607702846FFF77EFE47
:10B7D80015280DD12846FFF717FE48B13A4604212F
:10B7E800FFF79DFEC2B2531E042B88BF3A46227053
:10B7F80000203460F8BD70B5144605461E46FFF7B4
:10B80800EDFD236804221B6828212046984728223A
:10B818000021044604F0C6FD2846FFF757FE052818
:10B828002ED12846FFF7F0FD054648B30022042133
:10B83800FFF775FEFFF7CAFD002206212070284693
:10B84800FFF732FE0022082160602846FFF72CFE31
:10B8580000220A21A0602846FFF726FE00220C21BC
:10B86800E0602846FFF720FE002220610E212846CE
:10B87800FFF755FEC0B2431E042B88BF0020207579
:10B888000020346070BD10B52DED028B0446B0EE7B
:10B89800408AFFF7B1FD10B1044494ED008AB0EE80
:10B8A800480ABDEC028B10BD70B514462DED028B15
:10B8B80005461E46FFF792FD0422236811462046DE
:10B8C8001B6898479FED0C8A044680ED008A28463D
:10B8D800FFF7FCFD09280AD12846FFF795FD30B18E
:10B8E800B0EE480A0421FFF7CEFF84ED000ABDEC54
:10B8F800028B0020346070BD0000000010B50446C3
:10B90800FFF77AFD10B123182058184410BD40687D
:10B9180003689B681847704770478068102203685F
:10B928009B681847406803689B6818474068036825
:10B93800DB681847406803685B6918474068036814
:10B948001B69184780680422036820219B681847F0
:10B95800704770B505460C4609B904F0C6FB0B687C
:10B96800012B0CD14E68002EF7D04068716803682F
:10B97800DB689847686831460368DB6898470023A6
:10B988006868C4E90033C4E9043303682146BDE8A4
:10B998007040DB68184738B513460C4609B904F0FF
:10B9A800A4FB826932B18068990002689568042214
:10B9B800A8472060002038BD10B508210446FFF7CD
:10B9C8001BFD10B123182058184410BD10B50A21CA
:10B9D8000446FFF711FD10B123182058184410BD74
:10B9E80010B506210446FFF707FD00B1205610BD2B
:10B9F80010B50E210446FFF7FFFC00B1205C0038AB
:10BA080018BF012010BD10B504210446FFF7F4FC4F
:10BA180010B123182058184410BD10B50821044649
:10BA2800FFF7EAFC10B123182058184410BD000095
:10BA380038B50D4608210446FFF7DEFC00B1205852
:10BA48002B68834205D8B0210B4B0C4A0C4804F0F4
:10BA580053FB013055F8203005EB80041C440421C9
:10BA68002046FFF7C9FC221820B12358D058D11816
:10BA780000B1081D38BD00BF5B4B0208664B0208C9
:10BA8800304C0208F8B516460023C2E9003346F8E0
:10BA9800083F0F4614460546FFF7A2FF314601F05E
:10BAA80094FC064658B939462846FFF7C1FF0421D9
:10BAB80020602846FFF7A0FC18B9054B63603046A4
:10BAC800F8BD2A182858104401F072FB6060F6E7A8
:10BAD800546B020838B50D46044608B904F005FB56
:10BAE8000029FBD00368042224215B6B9847064A8F
:10BAF800C0E9002400220434C0E90325C0E9062275
:10BB080084600275026238BDF86A020870B50D4695
:10BB180004461021164601F04DFB2C44211A02F070
:10BB280041FC054600B1043086B1012E17D10368E7
:10BB3800042241F20C019B689847044602F0F0F891
:10BB480021462846BDE87040FFF7C4BF03680422B9
:10BB58002C219B689847044602F068F9F0E7002416
:10BB6800EEE700002DE9F0411D46037D04460E4630
:10BB780017462BB90C4801F0CBFA0120BDE8F0813B
:10BB8800036829461B6C826998470028F6D1236808
:10BB98003A46D3F83C80314620462B68C0470028F7
:10BBA800ECD12075EAE700BFB84C020838B5044666
:10BBB80040680368DB6A98470546A0680368DB6845
:10BBC8009847284438BD002310B50446836140686F
:10BBD8000422036890219B699847E061B0FA80F0DD
:10BBE800400910BDF8B504460E4609B904F07DFABF
:10BBF800037D2BB11B4801F08BFA00252846F8BDC0
:10BC08000123037580680422036808219B6898470C
:10BC1800A368154AC0E90023E0602046FFF7D3FF78
:10BC28000028EAD1A56830462B689F68FFF7F5FE23
:10BC3800016804222846C900B847054608B90B48D8
:10BC4800D9E72368024631462046DB6A9847002830
:10BC5800D3D123682A46314620469B6A9847002854
:10BC6800CCD0CAE7034D0208446B0208584D0208BD
:10BC78000421C06901F09EBA2DE9F84305468946BA
:10BC880090461F46FFF7F4FF0C2604460022A969D8
:10BC98004E4300EB060C644508D10B2A0CD90C481E
:10BCA8000C2101F035FA0120BDE8F88363680C34F3
:10BCB800013308BF0132EEE74FF0FF3340F806903A
:10BCC800C4E901383960AB6900200133AB61EBE7A7
:10BCD800864D0208036870B55B6904460D469847AF
:10BCE800C8B92046FFF7C4FF0C23A2695A4383183A
:10BCF800984209D16068E16903689032DD690423DC
:10BD0800AC46BDE87040604741680C30013108BF5F
:10BD180040F8085CECE770BDC068704708B5036878
:10BD2800994205D3B021054B054A064804F0E4F9C9
:10BD380000EBC100D0E9010108BD00BF5B4B020860
:10BD4800BC4D0208304C02082DE9F04F85B00F9C1D
:10BD580081468A4693461D460CB904F0C6F920224E
:10BD68000021204604F01EFB2846FFF739FE04F1A7
:10BD78001C0101F02AFB0746002855D12846FFF789
:10BD880037FE0E99A0772846FFF752FE002814BF09
:10BD98000123022320616377284603AA04F11801CE
:10BDA80001F056FA074600283ED104212846FFF73D
:10BDB80023FB00283CD02A182858104401F0F8F931
:10BDC80060610C212846FFF717FB68B32B582E1823
:10BDD8001E443046FFF7F0FD054628B303681BB341
:10BDE8003046FFF7F3FDF8B10368EBB16B683046F6
:10BDF800A360FFF7EBFD0021FFF790FFE0603046FE
:10BE0800FFF7DAFDD0F80080BBF1000F12D0DAF8A6
:10BE1800003004220C2150469B6898470546F8B923
:10BE28002F4801F075F90127384605B0BDE8F08FB5
:10BE38002C48C5E7D9F8003004220C2148469B68F5
:10BE4800984705460028EBD0D9F800304046D3F88B
:10BE580008A0FFF795FA042201464846D0470AE0B1
:10BE6800DAF800304046D3F80890FFF789FA042240
:10BE780001465046C847686008B91B48D1E73046B4
:10BE8800FFF79AFD01F095F96B684FF0000A9946A3
:10BE98002860C3F80080C2450ADB10213046FFF74E
:10BEA800ABFA00B130580123A860C4E90035BBE7FC
:10BEB8003046FFF78BFD0268834630460192FFF754
:10BEC8007BFD019A036858469A420CBF51460021EF
:10BED800FFF724FF0AF1010A49F8040FDBE700BF66
:10BEE800684E0208546B0208964E020808B50368AB
:10BEF800994205D3B021064B064A074804F0FCF8DE
:10BF0800013100EB810250F82100104408BD00BF48
:10BF18005B4B0208C44E0208304C02082DE9F3417D
:10BF280080460F461E46144600253846FFF76BFD2F
:10BF380003689D4201D300201DE02946FFF7D6FF84
:10BF4800FFF756FDD0B11EB156F82530013315D193
:10BF5800204601A901F0AFF968B9D8F80800102205
:10BF6800036801999B689847206038B9054801998A
:10BF780001F0CEF8012002B0BDE8F08101350C34A3
:10BF8800D3E700BF8E4F020808B50368994205D36E
:10BF9800B021064B064A074804F0AEF8013100EB21
:10BFA800810250F82100104408BD00BF5B4B020815
:10BFB800BC4F0208304C02082DE9F04107460E46F6
:10BFC800154602BB04F091F82146FFF7DDFF01F0AA
:10BFD800B9F8BB6841011A681846D2F808800422EB
:10BFE800C04728B9094801F093F80120BDE8F0815D
:10BFF80045F8340001343046FFF70FFD03689C42D2
:10C00800E2D30020F2E70024F5E700BF8A500208D7
:10C018002DE9F3470746DDF82890084616461D46E1
:10C028008846FFF7FAFC4946FFF7AEFF3B683846FB
:10C038005B6B9847044638B9114801F069F8002449
:10C04800204602B0BDE8F08700223B68CDE90092A7
:10C0580041460246D3F838A038462B46D04708B1A7
:10C068000848EAE7002EEBD00C235D4306EBC9062F
:10C0780073685A195B59236153686361E0E700BF2D
:10C08800C0500208F65002082DE9F3470746DDF8CC
:10C098002880084616461D468946FFF7BEFC4146DD
:10C0A800FFF772FF78680422036820219B6898478D
:10C0B800044648B942462946124801F029F80024A6
:10C0C800204602B0BDE8F08701223B68CDE9008236
:10C0D80049460246D3F838A038462B46D04718B10F
:10C0E800094801F015F8EAE7002EE9D00C235D4372
:10C0F80006EBC80673685A195B5923615368636174
:10C10800DEE700BF405102087B5102082DE9F04FDD
:10C118009946436891B0CDE9071305468846164607
:10C128000021182209A804F03DF90023A96907A8ED
:10C138000F9300F009FA0446002879D1059005A963
:10C1480007A800F059F90446002871D1074606F1FE
:10C15800040A4046FFF761FC0368059C9F423ED3F2
:10C168002146324607A800F077FA044600285FD136
:10C178002846FFF77DFD214602464B46009607A854
:10C1880000F0F9FA0446002852D1DDE9096A686826
:10C19800102103681B6B98470746686810220368DC
:10C1A80039469B6898478046002800F08A803A46BE
:10C1B800A1463746286941460368DB699847D5F8A0
:10C1C80010B0CA451BD1686800270368D5F810B0BD
:10C1D8005B6A9847394681464FF0FF3348E0394655
:10C1E800FFF7D2FE2B680146D3F830B02846234625
:10C1F8005AF83720D8470446D0B90137A9E73B7D1C
:10C208001BB909F101091837DBE71021386800F07C
:10C21800DBFFD7E902233C690146B4F1FF3FDBF8B5
:10C22800000009D184685846A04704460028E8D091
:10C23800204611B0BDE8F08F0094C4685846A04766
:10C24800F3E7327D92B1DBF80020584694690693F3
:10C2580006AA0391A04704460028E9D14FF0FF330E
:10C26800069A706803994A4402600131013718360A
:10C27800BA45E6D107A800F0B1F8686841460368F6
:10C28800DB689847686803685B6998470446002834
:10C29800CED16868E96903681B6A98470446002894
:10C2A800C6D1286903681B699847296A1022814208
:10C2B8003CBF01462862686803689B6A9847044641
:10C2C800B6E70124B4E72DE9F047D0E901761C462A
:10C2D800084615468946FFF7A0FB0899FFF754FE64
:10C2E800FFF791FB2146FFF701FE0C210446484663
:10C2F8009DF82480FFF780F820B109EB000359F876
:10C3080000001844CDE90805234642463946304620
:10C31800BDE8F047FFF718BD2DE9F74F80460C46FA
:10C328001746002A47D103F0E0FE3146FFF72CFEFE
:10C338000190FFF768FBD0F800B0D8F808000AFBB6
:10C348000BF50368042229469B689847814680BB01
:10C3580029461B4800F0DCFE012003B0BDE8F08F41
:10C368000198FFF750FB2946FFF7C0FD0C2100900C
:10C378002046FFF741F858B12158221811440AFB0A
:10C3880005920098FFF77EFB20B129460D48E1E7AA
:10C398000146F4E701355D45E2D13A1D42F8369091
:10C3A80001362046FFF739FB03689E42BDD30020C3
:10C3B800D3E70025EFE700264FF00C0AF1E700BFAE
:10C3C800BF5102080652020808B58B68934201DD86
:10C3D80003F08BFE013308BF8A6008BD10B5044620
:10C3E8004068A1680368DB6898476068216903684A
:10C3F800DB689847002010BD2DE9F843056807461B
:10C40800884628461021FEF7F7FFE8B90020BDE866
:10C41800F883013304EB830254F8234004211444C5
:10C428002046FEF7E9FF002853D02258231813446A
:10C43800D968BA6910338A42C8F8003005D027484D
:10C4480000F066FE0120E2E7002610212846FEF7EC
:10C45800D3FF00283FD02B582A18D118D3589E4212
:10C46800D4D2013651F8263001EB860999440421CB
:10C478004846FEF7C1FF0028E7D059F8003009EB1D
:10C488000002D458D018172C2246154928BF172265
:10C49800043003F08FFF0028D7D1172CD5D10C21F9
:10C4A8002846FEF7A9FF044610B12C582B181C4447
:10C4B80006214846FEF7A0FF034608B159F80030A8
:10C4C80022689A42A5D8B021064B074A074803F0CC
:10C4D80013FEC368FFDE0368FCE700BF25520208AD
:10C4E800586B02085B4B0208664B0208304C020886
:10C4F80008B50368994205D3B021044B044A05489E
:10C5080003F0FAFD013150F8210008BD5B4B020829
:10C5180070520208304C020808B50368994205D3E6
:10C52800B021064B064A074803F0E6FD013100EB4F
:10C53800810250F82100104408BD00BF5B4B02087F
:10C5480012530208304C02082DE9F84305460068EA
:10C558008846FFF762FA04686868A4000368042242
:10C5680021469B68984707462861C8B1002634468B
:10C57800D5F800904846FFF750FA03689E4216D354
:10C588001823C5E9054444446868EC605C430368C3
:10C59800042221469B68C5F81C809847A860A0B96A
:10C5A8000B48214600F0B4FD0120BDE8F88347F8A8
:10C5B80026404846FFF731FA3146FFF7E5FCFFF71A
:10C5C80022FA036801361C44D4E70020EDE700BFD7
:10C5D800E05302082DE9F34708460C46174600F0D9
:10C5E800B1FD002506464FF0FF38B54201D10020C5
:10C5F80027E00A212046FEF7FFFE10B12318205835
:10C6080018442946FFF788FF4FF0000A8146142195
:10C618004846FFF773F9D0B103689A4517D25146D7
:10C62800FFF766FF0C2301A903FB0070CDF8048017
:10C6380000F041FE28B9019931B1064800F068FDC3
:10C64800012002B0BDE8F0870AF1010ADFE70135F1
:10C65800CBE700BF215402082DE9F04F002604461D
:10C66800B2464FF0FF3B836885B00093131D0191DC
:10C6780002932068FFF7D1F903689E4211D318226C
:10C6880063690099E06902FB0313012400224FF05B
:10C69800FF31904203F1180365D1002005B0BDE8D1
:10C6A800F08F3146FFF770FC029B074653F836803F
:10C6B800236901464246204653F82650FFF78AFF71
:10C6C8000028EBD11823009A03FB0529454680462C
:10C6D8003846FFF798F90268904501D30136C8E754
:10C6E80049462846C9F8045000F0E5FD0028D5D190
:10C6F8002A68C9E902BB52BB38460392FFF783F99F
:10C708004146FFF7F3FBFFF773F9039A20B9D9F80D
:10C718000020003A18BF0122019B89F81420FBB1C0
:10C7280053F82A203846C9F810200392FFF76BF90E
:10C738004146FFF7DBFBFFF75BF9039A48B90AF1BB
:10C74800010A08F1010809F118090C35C0E7024689
:10C75800E2E70132F3D04FF0010389F81430EEE735
:10C76800C9F810B0EDE743E9041103F8044C43F8A5
:10C77800081C01328DE72DE9F04F894604468BB03D
:10C788000068CDE90523FFF748F94946FFF7FCFBA8
:10C798004FF01808A3680746049323694FF0000A6E
:10C7A80053F82960049B08FB063600F0CBFC079081
:10C7B80006213846FFF7A2F80546002800F0CC808D
:10C7C80003689A4580F0C7805146FFF791FE08FB41
:10C7D8000065D4F820B029465A462046FFF7F4FDF4
:10C7E800EB689B4501DA03F080FCC5F80CB00AF150
:10C7F800010ADDE7236A0A210133384623620393DD
:10C80800FEF7FAFD10B13B18385818442946FFF7CF
:10C8180083FE4FF0000A804608214046FFF76EF875
:10C8280000BB149B414600932046DDE9052300F038
:10C838009BF84FF0000A06214046FFF75FF800B367
:10C8480003689A451DD25146FFF752FE002806DBC1
:10C858000BFB0060236AC1688B42C4DBC3600AF12A
:10C86800010AE8E702689245DBD25146FFF740FE2D
:10C87800039A0BFB00612046FFF7A6FD0AF1010AA7
:10C88800CAE74FF0000A0EE00268924511D25146FD
:10C89800FFF72EFE0BFB0060226AC1688A42A2DB0A
:10C8A800C2600AF1010A08214046FFF727F800286C
:10C8B800EAD1049B6169DDF814800BFB0131002388
:10C8C800E2699A4225D80135079B9D4292D14FF0E3
:10C8D80000084FF0180908213846FFF70FF800281C
:10C8E8003DD0036898453AD24146FFF701FE09FB5F
:10C8F8000065D4F820A0294652462046FFF764FD7B
:10C90800EB689A45FFF66FAFC5F80CA008F101086F
:10C91800E1E7D8F80420AA4218D1D8F808209145B0
:10C9280014D10698D8F8002000EB8300C1E9002054
:10C938002046039A08910993FFF746FD0899226A51
:10C94800C8688242FFF64FAF099BCA6001331831AD
:10C9580008F10C08B4E700254FF0180BB4E70020E5
:10C968000BB0BDE8F08F00002DE9F34705680746D6
:10C978000E462846062190469946FEF73DFDDDF80D
:10C9880028A0044610B12C582B181C44042130460A
:10C99800FEF732FD054600B135582368AB4205D88D
:10C9A800B021314B314A324803F0A6FB013554F827
:10C9B800253004EB850000220A211844FEF774FD97
:10C9C80077284AD0812834D076282ED13046FEF7F1
:10C9D8007DFD5C2846D13046FEF716FD054600224F
:10C9E80004212846FEF760FD002204460621284659
:10C9F800FEF75AFD621C05460AD03B6A42460133DF
:10CA08003B6221464B463846CDF800A0FFF7B3FEFF
:10CA18006B1C0AD03B6A424601333B6229464B46AF
:10CA28003846CDF800A0FFF7A6FE002002B0BDE80A
:10CA3800F0873046FEF74AFD67280CD13046FEF7EE
:10CA4800E3FC04210022FEF72FFD411C0446ECD034
:10CA58004FF0FF35D1E70020F3E73046FEF736FD0B
:10CA68005D28B7E70025BAE75B4B02085D5402086A
:10CA7800304C02080968002A10B451F8044B0ADB4C
:10CA8800944208DD51F82210002904DB03685DF8A0
:10CA9800044B5B69184700205DF8044B70474968F0
:10CAA800002A10B451F8044B0ADB944208DD51F80F
:10CAB8002210002904DB03685DF8044B5B69184702
:10CAC80000205DF8044B70470EB403B503A951F874
:10CAD800040B019100F012FB02B05DF804EB03B007
:10CAE8007047C06803689B681847C0680368DB68BC
:10CAF8001847C06803681B691847C06803685B6902
:10CB08001847C06803685B6A1847C0680368DB6A2F
:10CB180018470000D1289ABF024B53F8200002485A
:10CB2800704700BF706B02080061020870B50446C8
:10CB380000F1A4060D463046002101F025FF0A4BFE
:10CB48006661E361094BE563A365094BE365094B3E
:10CB5800A364094B2363094B2364094BE364002353
:10CB680084F8953070BD00BFD1CA000803CB000817
:10CB78000BCB0008F3CA000813CB0008EBCA000867
:10CB8800FBCA0008F7B51E4600F108070446C0E9CD
:10CB980000120D4664220021384603F003FC9DF87C
:10CBA8002C2008993046FEF7B1FF099A04F1700667
:10CBB800E06603463946009230462A4601F072FD87
:10CBC8004FF480732046A4F89430002350F8A42B27
:10CBD800C4E92633E16EC4F8A030334601F0C4FE40
:10CBE80020460A99FFF7A2FF204603B0F0BD08B51A
:10CBF800FEF713FF0021FFF7C7F90621FEF77EFEB7
:10CC0800006808BD38B5054600680C46FFF7EFFF19
:10CC1800A042024605D80548214600F079FA0020CE
:10CC280038BDD5F89C3053F82400F9E7335502088D
:10CC380008B5FEF7F2FE0021FFF7A6F90821FEF776
:10CC48005DFE006808BD000038B5054600680C4662
:10CC5800FFF7EEFFA042024605D80548214600F03E
:10CC680057FA002038BDD5F8A03053F82400F9E76A
:10CC78005E55020838B5D0F88030044600F17005DA
:10CC880013B1284601F026FC04F1A40001F0F7FDD9
:10CC9800284601F0BFFB204638BD00002DE9F04FC3
:10CCA80006464FF0000A8BB006F1700001F08EFCCA
:10CCB800504501DC00236FE035682846FEF7ADFEDD
:10CCC8005146FFF761F9062100902846FEF794FBCC
:10CCD800044610B12C582B181C44F06EFFF71CF8B2
:10CCE8000390009800F02EFA00274FEACA03049038
:10CCF8000193049B9F4202D10AF1010AD4E70A2159
:10CD08000098FEF779FB002800F0BF80009B1A58B6
:10CD180019188B188A58974205D3B0215C4B5D4A85
:10CD28005D4803F0E9F9013703EB870553F827302D
:10CD380004211D442846FEF75FFB50B155F80080DA
:10CD48002368434507D84146544800F0E1F90123D8
:10CD580022E08046F4E708F1010304EB830B54F862
:10CD68002330019A9B44D6F880304FEA47199A58E5
:10CD7800A9F120094A44584671681C3201F006FEA0
:10CD880070B10090584600F006FBFFF7C3FE01465D
:10CD9800434800F0BDF9009B18460BB0BDE8F08F82
:10CDA800D6F88020019952584A44D26912B94146AE
:10CDB8003C48CAE7D2F8148009900E212846FEF7AD
:10CDC8001BFBB8F1200F44D100283AD14FF0000BDB
:10CDD800CDF808B006212846FEF790FD00F0E8F9E6
:10CDE800082105902846FEF789FD00F0E1F9019A2F
:10CDF800D6F8803000219B58069003EB09081C22C6
:10CE08004046079303F0CEFA079B059A142143F88E
:10CE18000920069B2846C8F80430099BC8F810303A
:10CE2800029BC8E9053BFEF769FD00283FF461AFA6
:10CE38000368002B3FF45DAF00F0BAF9C8F80800AA
:10CE480057E72B582A18D118043152F803B0029129
:10CE5800C0E728B14046FFF75DFE0146124874E777
:10CE68007068414603689B68984728B94046FFF7B1
:10CE780051FE01460D4868E709AB2946039A00F0C0
:10CE8800B0FA03460028A1D086E70368FFDE00BF9A
:10CE98005B4B020812530208304C02088A550208FC
:10CEA800B4550208E155020802560208485602081D
:10CEB80010B500F17004204601F0E0FA20B92046D0
:10CEC800BDE8104001F008BC10BD00002DE9F04F8E
:10CED8000168054685B0C06EFEF784FE014650B96C
:10CEE8006C4800F015F9012385F895300124204697
:10CEF80005B0BDE8F08F05F17007384601F0EAFB90
:10CF08002846FFF7CBFE04460028F0D105F1A40619
:10CF18000146304601F038FD384601F07CFA0446F7
:10CF28000028E4D10121304601F02EFD384601F0F9
:10CF38000DFB04460028DAD10221304601F024FD19
:10CF4800D5F880202968E86E05F19803FEF70AFEF7
:10CF580004460028CBD1D5F89810304601F012FDD0
:10CF6800EF6E28683B68D3F81C80FFF740FE81000D
:10CF78003846C047C5F89C00002847D12868FFF705
:10CF880036FE8100444800F0C3F8AFE7D5F88020AA
:10CF98003846D3F800B00392FEF73FFD0021FEF7B4
:10CFA800F3FF0621FEF7AAFC2146FFF7A1FAD5F800
:10CFB8009CA0034639464046039ACDF80090D847CE
:10CFC800D5F89C304AF8240053F8243013B9214688
:10CFD8003248D8E701342F683846FFF708FED5F8FD
:10CFE8006C80A042D8F80030D0D83846DC69FFF70A
:10CFF8001FFE81004046A047C5F8A000002845D183
:10D008002868FFF715FE81002548BCE7A146E2E73E
:10D01800D5F86C80D5F88020D8F800303846D3F899
:10D0280000B00392FEF7F9FC0021FEF7ADFF0821DE
:10D03800FEF764FC2146FFF75BFAD5F8A0A003468B
:10D0480039464046039ACDF80090D847D5F8A03025
:10D058004AF8240053F8243013B92146114892E7BE
:10D0680001342F683846FFF7E3FDA042D0D82846A0
:10D07800FFF71EFF044600287FF439AF0123032180
:10D08800304685F8943001F07FFC30E70024A14653
:10D09800E7E700BF6556020888560208D15602081D
:10D0A800F65602084057020890F8953010B5044625
:10D0B80023B10A4800F02CF8012010BD90F89430F4
:10D0C80033B104F170000021BDE8104001F08EBAC0
:10D0D800FFF7FCFE0028F4D0EFE700BF6657020810
:10D0E8000FB407B5044805A90191F5F7C1F803B0D5
:10D0F8005DF804EB04B07047FE60020808B5F5F768
:10D10800B7F8BDE808400148FFF7EABFFE6002082B
:10D118000FB407B504A951F8040B0191FFF7EEFF0E
:10D1280003B05DF804EB04B07047034601680022C1
:10D13800012010B5914200DC10BD53F8044F0132B4
:10D148006043F7E70368C31A1A880A2A05D95B8976
:10D15800C21813B1C358D058704700207047000058
:10D16800036810B5C31A1A88082A17D91B89C41866
:10D17800A3B1C258A318A258914205D3B021094BB4
:10D18800094A0A4802F0B8FF013103EB810053F85D
:10D198002130BDE810401844FFF7D4BF00231B68B6
:10D1A800FFDE00BF5B4B0208BC4F0208304C020890
:10D1B800704770474B1E1844B0FBF1F04843704766
:10D1C800B0FBF1F048437047431E0B44B3FBF1F347
:10D1D80001FB03F070470000132804D8092804D87D
:10D1E800022826D868BB012070470A380928FAD8CF
:10D1F80001A353F820F000BF33D200084FD2000833
:10D2080053D200084FD200084BD20008EFD10008D3
:10D218004BD2000833D2000847D2000833D20008A6
:10D2280012F4887F0FD10728DDD1022300200B607C
:10D238007047012303FA00F212F4127FF0D00123A1
:10D24800F4E70423F2E70823F0E71023EEE700BF32
:10D25800F7B5144602680346821A17880D46042F4C
:10D2680026D99188461809B34058311830580126F4
:10D2780001EB8000884214D1062F1AD9D08800B15A
:10D2880018560DF1070100F0A0F840B921469DF8A5
:10D298000700FFF7A1FF10B9236873432B6003B0A1
:10D2A800F0BD51F804CF0CFB06F6E3E70126E3E7EF
:10D2B80001260020E5E773B50C4609B902F015FF11
:10D2C80043689BB1002201251968914209DC007A64
:10D2D80001A9FFF781FF10B9019B6B43236002B0DE
:10D2E80070BD53F8046F01327543EEE70125EEE790
:10D2F80010B5C360039B0160036100230299C0E974
:10D308000533C0E9011210BD70B508B902F0EDFE91
:10D318000029FBD00B68002A194651F8045B0CDB86
:10D3280095420ADD51F82210002906DBBDE870405D
:10D3380003EB82035968426D1047002070BDFFF768
:10D34800E3BF10B508B902F0D0FE0029FBD0BDE854
:10D3580010404968436D01EB82025168184710B5C7
:10D36800044609B1496819B900232360204610BD55
:10D3780051F8042B062A026001DD02F0B6FE920085
:10D38800043003F0F4F8F1E7012803D0831E584273
:10D39800584140007047024608B508B902F0A5FE9A
:10D3A8000168411A0B880A2B09D94B8903B1C35864
:10D3B800888800B110569842B8BF184608BD042B9B
:10D3C8004FF00003F4D81846F5E738B504460D4683
:10D3D80001F042FB294602462046BDE83840FEF7E8
:10D3E8001DB82DE9F0410D46044616461F4601F0CA
:10D3F80033FB3B46014632462846A446BDE8F04189
:10D408006047000073B580EE800A04460E46154654
:10D4180002F0E8FBDFED107AB4EEE70AF1EE10FA5D
:10D428000FDBDFED0E7AB4EEE70AF1EE10FA08D85A
:10D43800BDEEC00A10EE103A002033442B6002B053
:10D4480070BD074B2046009365694FF4AF73054ADA
:10D458000549A8470120F2E7000000CF0000004F6F
:10D468005C61020801610208C2390208D1ED027A42
:10D4780092ED027A67EE877AF5EEC07AF1EE10FA4D
:10D4880073B51E460ADA0F4B0F4A009344694FF4EE
:10D49800A8730E49A047012002B070BD17EE900A8C
:10D4A800F3F714F80446B0680D46F3F70FF80B4687
:10D4B800024629462046F3F78BF9069BC3E900018B
:10D4C8000020E9E78261020801610208C239020806
:10D4D8002DE9F74F0446DDE90C7B886816469A4625
:10D4E8000D46F2F7F3FF8046B0688946F2F7EEFF83
:10D4F80002460B4640464946F3F740F880468946BF
:10D50800BAF1000F1BD0DAF80800F2F7DFFF024685
:10D518000B4640464946F2F779FE8046B86821F046
:10D528000049F2F7D3FF02460B4640464946F3F757
:10D538004FF912A3D3E90023F3F79CFA50B13B4605
:10D54800324629462046CDF830B003B0BDE8F04F4A
:10D55800FFF78CBF064B20460093656940F24313E2
:10D56800044A0549A847012003B0BDE8F08F00BF71
:10D578009B61020801610208C23902087B14AE47A8
:10D58800E17A943F2DE9F0432DED028B1E46137F7F
:10D5980085B0072B0446DDF8389011D0092B2BD025
:10D5A800032B2DD0374B384A009344694FF4CB7383
:10D5B8003649A047012005B0BDEC028BBDE8F083D9
:10D5C80047F6FF75324F012992ED028AD2F80C8096
:10D5D80019D1DFED300A4146B0EE480A204603AAC9
:10D5E800FFF710FF0028E5D1039BBB42ACBF3360B7
:10D5F8003760C9F800502AE07F256FF07F07E2E71F
:10D60800FF250027DFE7032923D1DFED220A414662
:10D61800B0EE480A204603AAFFF7F4FE0028C9D155
:10D62800F1EE080A039B03AABB42ACBF3360376024
:10D638004146B0EE480A2046FFF7E4FE0028B9D17B
:10D64800039BAB42D4BFC9F80030C9F80050002092
:10D65800B1E7022913D1FFEE000A4146B0EE480AAD
:10D66800204603AAFFF7CEFE0028A3D1039BF7EEBE
:10D67800000ABB42ACBF3360376003AAD8E7376003
:10D68800B7E700BFBD61020801610208C23902089C
:10D698000080FFFF000000002DE9F04F97B00893CD
:10D6A800209B04460493219B8B460993229B924618
:10D6B8000A93239B0B93249B0C93259B0D93269BEA
:10D6C8000E93279B0F93289B05930B68012B0FD074
:10D6D8000122CDE90232704B0193704B0093DE2397
:10D6E80044696F4A6F49A047012017B0BDE8F08F21
:10D6F8001268012A08D0CDE90223674B01936A4BCF
:10D7080000934469E023ECE7DAF804203AB9674B60
:10D718000093EB234469624A6549A047E4E7176828
:10D7280027B9644B00934469EC23F4E73D68012D65
:10D7380039DD0B7F092B06D0072B04D05E4B0093F5
:10D748004469F023E7E79AF81C30092B0AD0122B1A
:10D7580008D05A4B204600936569F223504A544931
:10D76800A847C1E7059B9D420CD0CDE90253544B15
:10D778000193544B0093F42365692046484A49496C
:10D78800A847B1E7DAF81430926803EB82035B68C4
:10D79800AB4208D0CDE902534B4B0193484B009361
:10D7A8006569F523E9E7DBED027A049BCDED067A9E
:10D7B800D3ED027A0026CDED077A07F10408059B20
:10D7C8009E4235DB9BF81C30032B1AD10022002324
:10D7D800CDE9142314AB0193049B52460093594698
:10D7E8002046089BFFF774FE00287FF47DAF9DED6F
:10D7F800140B0A9813A900F029F9139B0B9A5B42A2
:10D8080013609BF81C30092B43D84FF42270D84082
:10D8180010F001003FF469AF20460D9B0999209351
:10D82800049A0C9B097817B0BDE8F04FFFF7AABE21
:10D83800012D0698CCBFD8F80090D7F80490F2F7DD
:10D8480045FECDE910014846F2F740FE02460B4678
:10D85800DDE91001F2F792FECDE910010798F2F721
:10D8680035FE02460B46DDE91001F2F7B1FF41EC47
:10D87800100B14A913A800F0E9F8139B0E9A08F1ED
:10D88800040842F82630149B0F9A42F826300136D5
:10D8980095E7002029E700BF0B3B0208C361020897
:10D8A80001610208FD390208253B0208DC61020813
:10D8B800C2390208203F02080C430208F06102083E
:10D8C8002B620208223D0208B73F020808B54969E1
:10D8D8004069FDF758FD003818BF012008BD000059
:10D8E80022EAE273984070B580FB0134002C1A4D8F
:10D8F800A8BF4FF08045884208BFB1F1004FC2F180
:10D90800000626EAE67615D0EB1844EBE571002907
:10D9180004DA6FF000401B1841F10001DB0F43EA05
:10D9280041031F3209DA40F267110C4B0C4A0D48CB
:10D9380002F0E2FB6FF00043F3E70122B240013A44
:10D94800D90F02EA030443FA06F001EB620294429B
:10D95800C8BF013070BD00BF010000C05F420208AF
:10D9680085410208DF410208002A70B505DA58210E
:10D97800224B234A234802F0BFFB03F11F04262C45
:10D9880003D95921204B1E4AF4E701F50044B4F5A8
:10D99800803F03D35A211D4B194AEBE71C4CC3F1B6
:10D9A8000E05A242CEBF47F6FF7202F500421214DE
:10D9B8005143D41700FB0411A2FB002001440120AD
:10D9C800A5F12004C5F1200620FA06F600FA04F4B1
:10D9D800A8403443801841EB0401C3F10F0411330C
:10D9E800B4F1200220FA04F001FA03F340EA03003C
:10D9F8005CBF41FA02F2104370BD00BF38620208F2
:10DA08005262020897620208F6620208106302086E
:10DA1800FFFFFE7F0023F0B501EBD1746410561CA4
:10DA28009C4208DCCB0741BF035D521843F3030354
:10DA380002F8013CF0BDC55645F303072D1102F865
:10DA4800137006F813500133EAE70000F8B5002216
:10DA58002DED028B06460C46002351EC100BB0EE60
:10DA6800408AF0EE608AF2F7F1FF054628B10023FC
:10DA780033602360BDEC028BF8BD2046B0EE480A47
:10DA8800F0EE680A01F07CFE0022134B51EC100BFB
:10DA9800F2F774FD41EC100B02F056F851EC100B44
:10DAA80003F072FB4FF00042824275EB0107034618
:10DAB80001DA02F01AFBA94208BF904202BF2368AC
:10DAC80001332360226808BF4FF080431F32BCBF78
:10DAD800002323603360CDE70000E04138B5002221
:10DAE8002DED028B05460C460C4B51EC100BB0EE9D
:10DAF800408AF0EE608AF2F7D1FF08B902F0F5FA31
:10DB080021462846B0EE480AF0EE680AFFF79EFF65
:10DB18002368002BF2DBBDEC028B38BD0000F03F20
:10DB2800F7B555EC104B07460E460022204629460D
:10DB38000C4BF2F795FF08B902F0D7FA0022002340
:10DB480020462946F2F7AAFF0028F5D0384645ECCA
:10DB5800104B01A9FFF77AFF019B002BECDC336027
:10DB680003B0F0BD0000F03F2DE9F84F4FF000433F
:10DB780023FA00F057EC106B59EC118B93468A4648
:10DB8800F2F792FC424604460D464B46304639466B
:10DB9800F2F7F4FC02460B4620462946F2F7EEFC63
:10DBA80009A3D3E9002304460D46F2F777FF38B1FD
:10DBB8009FED050B59465046BDE8F84FFFF78EBF5D
:10DBC80045EC104BF6E700BF0000C0FFFFFFDF4148
:10DBD8002DE9F8430124814604FA00F0013888460B
:10DBE8001546F2F761FC0646A5EB09000F46C0F1A1
:10DBF8002003A0F1200124FA03F304FA01F104FA46
:10DC080000F01943F2F78CFC02460B4630463946C1
:10DC1800F2F7B4FCC8F120030F46A8F1200124FA5A
:10DC280003F304FA01F10646194304FA08F0F2F77F
:10DC380077FC02460B4630463946F2F7C9FD41ECFF
:10DC4800100B01F0FDFE51EC100BF2F731FFBDE8AF
:10DC5800F883000010B52DED028B044601F0FEFD9F
:10DC6800DFED0D7A20EE278AB0EE480A01F0BAFF00
:10DC7800FDEEC07A38EE408AC4ED007AB0EEC88A6C
:10DC8800DFED067AB4EEE78ABDEC028BF1EE10FA0E
:10DC98004CBF0120002010BD3BAAB83F6F12833A49
:10DCA8000120704700207047704701207047704777
:10DCB80000F580508068704700F5805040687047D4
:10DCC80000F58052536810B5B3F5806F06DB08483D
:10DCD8004FF48061FFF71CFA012010BD946800EB37
:10DCE8008300214401334460002091605360F4E7CD
:10DCF8005D630208002910B500F5805302DB5C68FB
:10DD08008C4205DC05485A68FFF702FA012010BD6D
:10DD180000EB8100436800201360F8E77A6302088B
:10DD2800034A00F5805302600022C3E901227047CC
:10DD3800C46E0208002070473E23092802DC3030F8
:10DD4800C0B27047232801DC5730F9E73D2801DCD1
:10DD58001D30F5E7B0FBF3F203FB1200EDE70346D5
:10DD680010B5012483F828402824B2FBF4F20C24CF
:10DD78000020D96001EB0211196101EB82015961A0
:10DD880001EB8201996104FB021198605A605962A3
:10DD980010BD704770B5D0E902650468A468A04753
:10DDA80020B9049B05EB06156B6070BD0120FCE7EC
:10DDB80080687047F8B50E46D0E901148C4204DB40
:10DDC8000A48FFF7A5F90120F8BDC168270101EB52
:10DDD8000415CE51C5E902234FF0FF336B600123D0
:10DDE8000134846080F828300020EDE75D63020884
:10DDF800F0B503460C4601250026954202DB002EAD
:10DE0800F7D1F0BDD3E9007C6745B8BFC3E900C7C7
:10DE180005F10105B8BFD4E9006703F10403BCBFED
:10DE2800C4E9007601260434E7E70000014B0360EB
:10DE3800704700BFF46E020810B54C68C16801EB6A
:10DE480004118868984205DCC8689042B4BF002075
:10DE5800012010BD0020FCE770B5054689B9016AAC
:10DE68000C200C26AC6900FB014421462846FFF72C
:10DE7800E3FF50B9A1684C1C09D0AC6906FB01440A
:10DE8800F3E789684E1CEBD10024204670BD044698
:10DE9800FBE72DE9F04F90F82830044685B093B39E
:10DEA800D0F808C0BCF1000F2DD0D0E904E700235A
:10DEB8001A4680F82830A5680EEB82009D4207EBD1
:10DEC800820123DCAA1AFFF793FF01230022C4E989
:10DED80007324FF0FF33A6694FF0010AB146B3602D
:10DEE8003B68D4F80C80D4F824B008EB03114968D7
:10DEF8007360013108BF4BF823205BF8233033608F
:10DF0800A368534520DC05B0BDE8F08FE66818012A
:10DF180006EB031569683058B1F1FF3FD4F8248047
:10DF28001EBF4EF8220047F8223069684FEA830680
:10DF380005BF0CF1FF3C4EF82C00013247F82C309D
:10DF480048F806100133B6E757F82A3000931A014B
:10DF580008EB03135D68691C1FD10020054658F8BB
:10DF680002200192D3E90223029301460390029B07
:10DF78002046FFF771FF039949B14B6809684FEADA
:10DF8800031C58F80CC08C446545B8BF654620B1E1
:10DF98000168019B491B8B42E7DC009B4BF823502F
:10DFA8000C23E1694B43F550F218009B53604B1C5E
:10DFB800E361D9F80030AB4206DD236A9360216241
:10DFC80091460AF1010A9BE74846D0F808C0BCF11F
:10DFD800FF3F06D18160C2F808C04A46F0E77046A4
:10DFE800F3E70C2303FB0CF306EB030EF358AB42E9
:10DFF800F5DDC2F808C08160EFE770B50446FFF7A9
:10E0080048FFA06830B10C250020A169236A05FBF0
:10E01800031303B970BD5A68E6681201B2581E6846
:10E028009B683244904238BF10465A1CF2D005FB18
:10E038000313EEE72DE9F04F9DB004460025FFF7E6
:10E0480028FFA168A9420ADC002350279946994273
:10E0580022DC0026B14531DA1DB0BDE8F08FE66854
:10E068004FEA051906EB0513D3E90278474511D0A5
:10E078002846FFF761FE0146CDE90178636A2A4622
:10E0880053F825303748009356F80930FFF740F821
:10E098000135D6E72A21EFE7E068626A1E0100EB46
:10E0A800031552F823208059013302449742B8BF20
:10E0B8001746EA689145B8BF9146C8E70025AA46C1
:10E0C8000DF11C0850222E21404602F06BF9A3687E
:10E0D8000493049BAB4210DC00238DF86C300AF2E9
:10E0E800FF33002BB8BF0AF2FE73314642461E4882
:10E0F8009B12FFF70DF80136ACE7E268280102EB46
:10E10800051BDBF80830B34219DCDBF80C30B342EE
:10E1180015DB636A53F825104B1C10D01358502296
:10E128009A440B445343514393FBF7F391FBF7F1A4
:10E1380005934144059AA1EB08039A4201DC013595
:10E14800C7E70B782E2B09D1DBE902239A4207D0C7
:10E158002846FFF7F1FD01F8010BEBE72120FAE76C
:10E168002A20F8E7A3630208DE63020870B50C46AC
:10E1780005461646FFF78DFE002C02DBAB68A3426E
:10E1880006DC06482146AA68FEF7C2FF012070BDDA
:10E198006B6A002053F824303360F8E77A6302088A
:10E1A8007047036810B4DC690022A44601235DF8B7
:10E1B800044B6047C3695940036AC161013B03626C
:10E1C800704780687047026983688069824234BFFB
:10E1D800C01AD01A7047C2684069101A7047A0F177
:10E1E8000400FFF7F8BF2DE9F04104460F468068A8
:10E1F80011461646FEF7DEFF236805460146D3F8AA
:10E208001C803A4633462046C04700280CBF2846A3
:10E218000020BDE8F0812DE9F04104460E468068F3
:10E2280011461546FEF7C6FF23680146DF693246E8
:10E238002B462046BC46BDE8F0416047F8B5044689
:10E248000F468068194615461E46FEF7B3FF226939
:10E25800A3699A4201D1B84204D00C48FEF758FF8E
:10E268000120F8BD3146A068FEF7A4FF6269121AC2
:10E27800AA4205D229460648AB1AFEF749FFEFE73E
:10E2880028442061A0610020EBE700BFEC6302088E
:10E298005A64020838B504460D4680691146FEF7EF
:10E2A80089FF6269121AAA4206D208482946AB1A9F
:10E2B800FEF72EFF002038BDE36905444340E361C3
:10E2C800236AA56101332362F5E700BF9C64020855
:10E2D80008B5D0E9072151EA020307D0B2FA82F261
:10E2E80003485209FEF714FF002008BD0120FCE78F
:10E2F800E5640208036810B51B690446984720B90D
:10E308000448FEF705FF012010BD23690020A36122
:10E31800FAE700BF2765020838B50D46044640698C
:10E328001146401BFEF74CFF2369834207D91B1A8D
:10E3380029460448EA1AFEF7EBFE002038BD606162
:10E34800FCE700BF6C650208A0F10400FFF7E4BF1A
:10E3580070B5044680690E46FEF72CFF3146054627
:10E368006069FEF72DFF401B70BD04387047043804
:10E378007047000010B5C0E90321C0E9052100225B
:10E38800034CC0E9072204604434C0E9014110BDD0
:10E39800246F020808B503460A44FFF7EBFF184646
:10E3A80008BD000000B50A468BB0014608B901F067
:10E3B8009CFE01A8FFF7EEFF042224210DEB0200CA
:10E3C800FFF7AAFF0A4A026044324260039A826059
:10E3D800049AC260059A0261069A4261079A8261AC
:10E3E800089AC261099A02620BB05DF804FB00BF8B
:10E3F800246F02080EB403B503AA52F8041B03687D
:10E4080001929B68984702B05DF804EB03B070472F
:10E41800C069704770472DE9F047D0E90598044670
:10E428000026236A1B689E4204D30020C4E905988D
:10E43800BDE8F0873146A0686661FEF791FE0025C9
:10E4480007464FEAC60AAF42A56101D80136E8E798
:10E45800236953F80A3003EB4515EB69D5E9041035
:10E468005A691B68202A0ABF01460022AA6913B10B
:10E4780060689847E860A5690135E4E72DE9F84345
:10E48800D0E9057604460025236A1B689D4204D31B
:10E498000020C4E90576BDE8F8832946A0686561CF
:10E4A800FEF75EFE002380464FEAC5099845A36142
:10E4B80001D80135E8E7226952F8092002EB431335
:10E4C800DA6922B1126912B1D96860689047A36904
:10E4D8000133EBE72DE9F843D0E90576044600253A
:10E4E800236A1B689D4204D30020C4E90576BDE871
:10E4F800F8832946A0686561FEF732FE002380464E
:10E508004FEAC5099845A36101D80135E8E72269B2
:10E5180052F8092002EB4313DA6922B1526812B1AA
:10E52800D96860689047A3690133EBE74369202BFA
:10E5380001D180697047D12B9ABF024A52F8230053
:10E5480001487047706B0208006102082DE9F84F16
:10E55800D0E9058704460025236A1B689D4203D33A
:10E568000020C4E9058725E02946A0686561FEF713
:10E57800F7FD002306464FEAC5099E42A36101D86C
:10E588000135E9E7226952F8091001EB4311D1F886
:10E598001CB0DBF808307BB160689847824658B1F8
:10E5A8005846FFF7C3FF53460146A2690648FEF7DF
:10E5B800AFFD0120BDE8F88FA169E068FDF78AFB8F
:10E5C800A3690133D9E700BFB565020808B58068BB
:10E5D800FDF723FA006808BD10B50446406818B175
:10E5E80003682168DB689847204610BD036A2DE957
:10E5F800F74FD0E905981A68044691420E464161E2
:10E6080007D32648FEF784FD0125284603B0BDE858
:10E61800F08F8068FEF7A4FD002307469A46F600AF
:10E628009F42A36103D80025C4E90598EDE7226954
:10E63800955905EB4315D5F81CB05846FFF776FFFA
:10E6480063680146586BCDE900A018B103689B6860
:10E6580098470090DBF80C300BB901F046FD2946CD
:10E66800606898470546E06803685B69984775B134
:10E678000F2D08D05846FFF759FF2B460146A269CF
:10E688000748FEF745FD6846FFF7A6FFBDE7684661
:10E69800FFF7A2FFA3690133C2E700BFEB650208D9
:10E6A8001D66020810B504461046C4E9020300239B
:10E6B800074AC4E90433C4E90021029AA361C4E902
:10E6C800072310B1FDF7A9F92062204610BD00BF4D
:10E6D800806F0208016170472DE9F04F0546002759
:10E6E8004FF00C0B85B0286A03689F4207D3E8698E
:10E6F800002869D10023184605B0BDE8F08F3946D7
:10E70800FDF742FC002680464FEAC70A042140462E
:10E71800FCF772FE00285AD058F8003008EB0002C7
:10E72800D118D3589E4201D30137DCE7013651F89E
:10E73800263001EB86041C440E212046FCF75CFEC3
:10E748000028E3D0235C002BE0D02B690BFB06F9F3
:10E7580053445868A9F10C0903A94844FEF7ABFDD6
:10E7680003460028C7D1062101902046FCF744FE45
:10E778000146F0B12256019B092A23D10C212046DB
:10E78800FCF73AFE90B1231824581C440A2120466D
:10E79800FCF732FED8B123582218D118D3583BB908
:10E7A800B0210C4B0C4A0D4801F0A6FC0446EDE7DD
:10E7B80049682B69039A53445B6853F8090001F0D0
:10E7C800F1FDA3E71946F4E700F02AF992E7036898
:10E7D800FFDE00BF5B4B0208BC4D0208304C02084C
:10E7E80070B50C46164605468068FDF716F92146B1
:10E7F800FDF7CAFB0621FDF781F83146FDF778FEE3
:10E808000C222B6903EBC4035B6802FB003070BD6C
:10E8180070B50C46164605468068FDF7FEF8214699
:10E82800FDF7B2FB0821FDF769F83146FDF760FEF8
:10E838000C222B6903EBC4035B6802FB003070BD3C
:10E8480010B50C468068FDF7E8F82146FDF79CFBFB
:10E858000621FDF753F8006810BD10B50C46806816
:10E86800FDF7DBF82146FDF78FFB0821FDF746F899
:10E8780000B1006810BD80697047806870477047B4
:10E8880037B50446D0E9010255690B460168009581
:10E898004D681269E168A84703B030BD4068036855
:10E8A8009B68184783680C20D3E9043203EBC20342
:10E8B8005B6800FB01307047C16100207047C06988
:10E8C8007047036910B5012B01D901F00EFC4068AF
:10E8D800BDE810400368DB69184708B50369032BD6
:10E8E80001D001F002FC436953F8210008BD036917
:10E8F80010B5012B01D001F0F8FB4068BDE81040CD
:10E908000368DB681847036910B5012B01D001F0D3
:10E91800ECFB4068BDE8104003681B6918471346C4
:10E92800026910B5012A01D001F0DFFB8268BDE859
:10E93800104052694068FDF79FB9000008B50369A7
:10E94800012B03D9032B01D001F0CFFB09B1836957
:10E958002BB182690348FEF7DBFB012008BD81610A
:10E968001846FBE75166020830B5C0E902320023B9
:10E97800034DC0E90433C0E90051C0E9063330BD96
:10E98800C06F020841617047016170472DE9F0418D
:10E998000024146007460E469046FEF7FCFCD1287A
:10E9A800054606DD01461948FEF7B2FB0120BDE821
:10E9B800F08120280FD0336801461B6830469847FD
:10E9C800C8F8000000BB002DAABF114B114953F82D
:10E9D80025101148E8E73B68FB1A1A88062A0FD960
:10E9E800DB88F91863B1FB58326804333046526843
:10E9F80019449047C8F80000B0FA80F04009D6E7FB
:10EA08000648FEF785FBD1E72046D0E79066020866
:10EA1800706B020800610208B2660208D966020833
:10EA280070B5054600241426AB68A34201DC00201B
:10EA380070BD2B6806FB0433DA6893F910109868E8
:10EA480001F0B0FC0134EFE7704708B508461146FD
:10EA5800FEF754FB002008BD034B186818B903489B
:10EA6800034A186002607047CCA90220D0A902208E
:10EA780004700208D1ED007A91ED017A77EEA77A59
:10EA880037EE077AF6EE006A37EE876A77EEC77ACE
:10EA980026EE266A67EEA67A038810B54469013B1C
:10EAA80004F1100001F1100401EBC30182ED006ACA
:10EAB800C2ED017A0839103291ED034A91ED027ADC
:10EAC80054ED023A54ED017A50ED025A50ED014AE4
:10EAD80037EE635A34EE276A37EE237A77EEC47A34
:10EAE80005EE857A44EE857A04EE867A45EEC67A96
:10EAF80027EE267A67EEA67A013B02ED027A42ED0E
:10EB0800017A00F1080002F1080204F10804A1F1F9
:10EB18000801D1D110BDD1ED007A91ED016AF6EE70
:10EB2800006A37EE867A77EEC67A27EE267A67EE9F
:10EB3800A67A038830B544695D1E82ED007AC2ED7D
:10EB4800017A04F10800083201F1080401EBC5015B
:10EB5800013B02F1080200F1080004F10804A1F1E8
:10EB6800080100D130BD91ED034A91ED027A54EDD0
:10EB7800023A54ED017A50ED025A50ED014A33EE53
:10EB8800C75A34EE276A37EE237A77EEC47A05EE51
:10EB9800C57A44EE857A04EEC67A45EEC67A27EE43
:10EBA800267A67EEA67A02ED027A42ED017ACFE77D
:10EBB8002DE9F041058A04466D0805800F46164682
:10EBC8001D464BB1FFF7A7FF2A4631462046BDE850
:10EBD800F041012300F0D9BA2A46012300F0D5FA02
:10EBE800324639462046BDE8F041FFF743BF0000F2
:10EBF80080B14FF4806303804FF4006303824FF4C5
:10EC0800E1638381054B8360054B4360054B43619A
:10EC1800002070474FF0FF30704700BF1090020887
:10EC2800209E0208107002082DE9F0478046084629
:10EC3800B8F80070D8F8042001EB87092DED028B95
:10EC480006464B4694467908FF0800EB810509EB18
:10EC5800810402EB0717BC4506F1100605F1100503
:10EC680004F1100403F110030FD18CB221460223E2
:10EC780000F0F4FABDEC028B21464846D8F804208F
:10EC88000223BDE8F04700F0E9BA13ED040A16EDD7
:10EC9800046A53ED030A16ED034A36EE008A53ED73
:10ECA800011A54ED046A54ED034A13ED021A55EDA6
:10ECB800032A15ED023A55ED013A54ED027A54ED66
:10ECC800015A16ED027A15ED042A06ED048A34EE8F
:10ECD800208A16ED015A06ED038A37EE018A06ED01
:10ECE800028A35EE218A35EE615A72EE261A06ED51
:10ECF800018A45ED041A72EEA41A45ED031A73EE63
:10ED0800271A45ED021A73EEA51A45ED011A75EE9C
:10ED1800E35A34EE604ADCED013A74EEE24A77EEEB
:10ED2800C37A36EE406A9CED003A64EE232A46EE3A
:10ED3800032A26EE236A14EE036A76EEC26A03ED0E
:10ED4800036A24EE836A16EEA36A66EE836A44EECB
:10ED5800A36A43ED042A04ED046A44ED036A0CF146
:10ED6800100C1CED026A5CED016A37EE417A65EE23
:10ED7800264A47EE064A27EE267A15EE067A43ED2E
:10ED8800024A03ED017A25EE867A17EEA67A67EE37
:10ED9800867A45EEA67A04ED027A44ED017A5AE7BE
:10EDA80003882DE9F04F5B0801EBC305D1ED007A2C
:10EDB80095ED007AD1ED015A37EE876A77EEC77A7A
:10EDC80095ED017A01EB830675EE876A75EEC75AF1
:10EDD80096ED007A05EB8304D4ED004A37EE065A27
:10EDE8002DED048B35EE245A8FB04268D6ED013AEA
:10EDF80094ED014A81ED005A96ED015A94ED013ADD
:10EE080036EE855A35EE035A02925A080A920A4695
:10EE180081ED015A33EEA75A08320692324635EE92
:10EE2800445A08320B922A4686ED005A36EE476A53
:10EE380035EEC75A76EEE36A77EEE37A37EE257A4F
:10EE480008320C92224635EE245A36EE646A76EE83
:10EE5800C46A77EE847A37EE647A08320D925A08DB
:10EE6800023A86ED015A009185ED006AC5ED016A06
:10EE78004FEA5208C4ED007A84ED017A029A83467B
:10EE880008320792029AA4F1040910320892029AF1
:10EE9800A6F1040A183209920998009A0190089874
:10EEA80002F1100E049007982F1F09EB830306F157
:10EEB800100105F1100C04F110020390CDF8148034
:10EEC8001CED023A5CED013A1EED026A5EED017A34
:10EED80051ED026A11ED014A36EE437A77EEE35AB4
:10EEE80036EE036A77EEA37A12ED025A52ED014A22
:10EEF80075EEE62A34EE072A36EE663A76EEA55A1D
:10EF080077EEC43A37EE447A76EE866A039832EEA4
:10EF1800642A08300390049872EE852A1030049011
:10EF2800019833EE453A18300190059873EEE43AAB
:10EF380037EE247A75EEC55A76EE856AAAF1080A84
:10EF4800083FA9F10809083B0EF1080E08310CF139
:10EF5800080C0832002873D1182709980D9B07FB65
:10EF68000807089803EBC80200EB081C0C9B0798DD
:10EF780003EBC80100EBC80E0B9B069803EBC80314
:10EF880000EBC808C8ED006AD3ED016A77EEA67AEF
:10EF9800D2ED016A77EEA67AC8ED017ADEED017A44
:10EFA8009EED006A67EEA26A67EE827A46EE026A12
:10EFB80056EE227AC3ED006AC3ED017ADCED017AE0
:10EFC8009CED006A67EEA36A67EE837A46EE036AF1
:10EFD80056EE237AC1ED006AC1ED017AD7ED017AC8
:10EFE80097ED006A67EEA56A67EE877A46EE076ACC
:10EFF80056EE257ABDF82870C2ED006AC2ED017A96
:10F008003946029A0098042300F028F93946304618
:10F01800DBF80420042300F021F939462846DBF800
:10F028000420042300F01AF9042339462046DBF8AB
:10F0380004200FB0BDEC048BBDE8F04F00F00EB912
:10F048004EED046A51ED036A77EEA67A52ED036A33
:10F0580077EEA67A4EED037AD9ED017A9AED011A88
:10F06800DAED024A31EE275A31EE671AD9ED027A03
:10F0780093ED028A97ED026A34EEA79A76EE481A63
:10F0880079EE460A36EE096A36EE086A93ED014AC9
:10F09800D7ED018A8AED026A97ED016A74EEE74AB4
:10F0A80075EE687A35EE065A93ED016A35EE065A22
:10F0B80074EEE86A8AED015A039877EEC47A10ED87
:10F0C800016A76EE846A34EE684A10ED025A34EE2C
:10F0D800644A66EE224A31EE810A45EE024A41ED63
:10F0E800044A60EE054A26EE022A56EE864A66EE85
:10F0F800856A15EE222A40EE066A01ED032AC7ED5D
:10F10800024AC7ED016A049870EEC80A10ED036A56
:10F1180050ED046A26EE235A06EE835A26EE033A89
:10F128000CED045A27EE865A16EEA33A10EEE65A6C
:10F1380067EEA66A50EE866A0CED033A89ED025A2C
:10F14800C9ED016A019871EEC11A50ED067A50EDC9
:10F15800056A26EEA56A07EE876A26EE877A17EE15
:10F16800A57A02ED037A21EEA77A64EE277A14EEE7
:10F17800267A41EEA67A059802ED046A013883EDF5
:10F18800027AC3ED017A05909AE6012A2DE9F04149
:10F1980006460C461746984605883ED0B5F5807F4A
:10F1A80049D026D8402D31D01CD8102D1CD0202D68
:10F1B80041D0B8F1000F04D02046B268B18900F000
:10F1C800BDFA012F0CD107EE905AF7EE006AF8EE5F
:10F1D800677A002386EEA77AAB4204F108042FD39E
:10F1E800BDE8F081802DE4D121463046FFF71CFDB3
:10F1F800DFE7B5F5006F1ED005D8B5F5007F05D05F
:10F20800B5F5806FEFE7B5F5805FD2D101232946C8
:10F218002046726800F022F8CBE700230A1DAB42B3
:10F2280002F10802BAD252ED027AF1EE677A01339E
:10F2380042ED027AF3E721463046FFF7B1FDB8E721
:10F2480054ED027A67EE877A44ED027A54ED017A3A
:10F2580067EEC77A013344ED017ABDE72DE9F04F37
:10F268002DED108B9FEDB05A8DB002910B92039348
:10F278000191019B4FF0000AD908CA0008926FF06B
:10F28800170202FB01F928224A4307920A01069253
:10F29800302200EB411C4A430CEB090707EB4116EF
:10F2A80006EB090505EB4114059204EB09020092EF
:10F2B80038224A43049204EB0902DB004FEA411B5F
:10F2C80002EB411800F1040EDCED007A1EED017A24
:10F2D80097ED006A77EE276A37EE677AD6ED007AFF
:10F2E800009AD4ED004A92ED003AD8ED003A76EE55
:10F2F800275A36EE676AD5ED007A37EEA44A77EEDC
:10F30800E47A73EE234A36EEC40A75EEE40A76EE22
:10F31800846A75EEA45A76EEA54A76EEE56A4EED55
:10F32800014ACCED006ADCED016ADEED004A96ED9B
:10F33800014A74EEA65A74EEE64AD7ED016A33EE36
:10F34800633A76EE842AD4ED013A76EEC46A95EDF6
:10F35800014A98ED012A74EE231A34EE634AD2ED7D
:10F36800013A33EE821A73EEC23A35EEE12A75EEAF
:10F37800A15A72EEC11A72EE812A35EEA21A75EE02
:10F38800E25A8EED001ACCED015A70EE215A70EE59
:10F39800612AC5ED005A72EE605AC4ED002AC5ED27
:10F3A800015A70EE825AC4ED015A76EE435A36EE8F
:10F3B800036A36EEE33A76EEA36A65EE855A26EEE0
:10F3C800056A23EE053A66EE856A77EE653A74EECD
:10F3D800C32A37EE257A77EEC65A77EE867A34EE68
:10F3E800836A74EE664A74EE266A37EE264A37EE6A
:10F3F800667A87ED004A88ED007A33EEA47A73EED8
:10F40800E43A86ED007A36EE677A77EE867AC2EDD0
:10F41800003A87ED017AC8ED017A72EEE57A75EE69
:10F42800A25AC6ED017AC2ED015A019A9C4492444F
:10F43800009A1F441A440092029A1E4452451D44E1
:10F448001C4498449E443FF63FAF072940F271811F
:10F458000BEB00020992089A012402440892079AC9
:10F4680002440792069A02440692059A02440592BB
:10F47800A0EB09020A92049A024404920022302660
:10F48800A346039D00EBC40A2A440B9D05EBC20565
:10F49800D5ED001A05EBC20595ED008A05EBC2050E
:10F4A800D5ED004A05EBC20595ED009A05EBC205BE
:10F4B800D5ED003A05EBC205D5ED000A05EBC2050E
:10F4C80006FB1256D5ED002A95ED012A099D96ED09
:10F4D800011A05EBC409089D06EBC20605EBC40832
:10F4E800079DD6ED018A05EBC40E069D06EBC20604
:10F4F80005EBC40C059D96ED014A06EBC206D6ED58
:10F50800019A05EBC40706EBC2060A9D96ED013A7F
:10F5180006EBC20696ED010A05EBC406049D05EB51
:10F52800C405009502E000BFF304353F99ED007A69
:10F538009EED006ADAED007AD8ED006ADCED005A3B
:10F5480037EE87AA77EEC77A36EE867A76EEC66AFF
:10F5580097ED006A009D96ED00DA35EE86BA75EEF5
:10F56800C6AA95ED006A7DEE065A3DEE46DA77EEBC
:10F5780065DA3AEE4B6A37EE257A3AEE0BAA7AEE5E
:10F58800075ACAED005ADAED01BA3AEE47AA99EDE0
:10F59800017ADEED015A3BEE87FA7BEEC7BA98EDA9
:10F5A800017AD5ED01EA9CED01BAD6ED01CA37EE34
:10F5B80025EA37EE657AD7ED015A3BEE25CA3BEED0
:10F5C80065BA7CEEAE5A7CEEEECA7FEE4CEA3FEEB0
:10F5D8000CCA3EEE65FA3EEE25EA76EE0F5A36EE96
:10F5E8004F6A3CEE0EFA3CEE4ECA3EEEEDEA7DEE78
:10F5F800AEDA69EE8CEA49EE0AEA29EE8AAA19EE31
:10F608000CAA8AED01FA89ED01AA28EE8EAA08EE65
:10F6180025AA68EEA55A58EE0E5AC9ED00EACCEDB7
:10F62800015A60EE2D5A40EE865A20EE066A10EE18
:10F63800AD6A8CED00AA37EE6CCA87ED016A37EE29
:10F648002C7A36EECD6A76EE8D6A26EE056A66EE7F
:10F65800856A2CEE05CA27EE057AC7ED005A37EE03
:10F66800C6AA7AEEA65A77EE867A3BEECCDA3BEE5D
:10F678008C6A7BEE47BA7AEEE6CA3BEE077A7AEEF8
:10F688002BAA3AEE6BAA76EE65BA77EE876A21EE78
:10F698002BBA01EEA6BA61EE266A77EEC77A51EE6A
:10F6A800AB6A35EE867AC8ED016A62EE076A7DEECE
:10F6B8006C5A42EEA76A88ED00BAC5ED006A62EEA0
:10F6C800276A63EE257A3CEE8D6A52EE876A43EE2E
:10F6D800AA7AC5ED016A23EE2A7ACEED007A64EEA5
:10F6E800067A13EEA57A44EE8A7A8EED017AC6ED93
:10F6F800007A64EE0A7A54EE867AC6ED017A019DA4
:10F708009A44AB44009D99441D440095029D984439
:10F718005D459E449C441F441E443FF607AF013498
:10F72800A1427FF4ACAE039B0191DB009BB2039333
:10F738009FE50DB0BDEC108BBDE8F08F2DE9F041D1
:10F748000023884602F1020C984501D8BDE8F081F3
:10F7580032F813503CF81340AD08A40850F825E0DF
:10F7680050F82410AF00A60040F8251040F824E017
:10F778003D1D341D47590659023346510751E3E7E9
:10F78800002170B555EC104B064625F0004301608A
:10F79800114883421DD8204618431AD00F482A46DC
:10F7A800284058B900220E4B20462946F0F7E6FEBD
:10F7B8000A4621F0004304466FF035016FF31E52EC
:10F7C8001B1542F07F55A3F2FE3345F400150B4498
:10F7D800336045EC104B70BDFFFFEF7F0000F07FFA
:10F7E8000000504308B52DED028BB0EE408A00F0C2
:10F7F800FDF9F0EE408AB0EE480A00F08FF868B1E3
:10F80800DFED127AB4EEE78AF1EE10FA0BDCDFEDE9
:10F81800107AB4EEE78AF1EE10FA0FD4B0EE680A67
:10F82800BDEC028B08BDDFED0B8A00F073FE2223CE
:10F83800B0EE680A0360BDEC028B08BD00F06AFEFA
:10F848002223DFED058A0360E8E700BF1772B142A3
:10F85800B5F1CFC20000807F0000000008B52DED93
:10F86800028BB0EE408A00F0B3FAB4EE488AF1EEAB
:10F8780010FA0FD6B5EEC08AF1EE10FA0ADCB5EE32
:10F88800408AF1EE10FA08D100F044FE22239FEDE1
:10F89800090A0360BDEC028B08BD00F03BFE212283
:10F8A80003460548BDEC028B1A60BDE8084000F02D
:10F8B8003FB800BF000080FF20BE020808B52DED4C
:10F8C800028BB0EE408A00F07FFBB4EE488AF1EE7E
:10F8D80010FA0FD6B5EEC08AF1EE10FA0AD8B5EED6
:10F8E800408AF1EE10FA08D100F014FE22239FEDB1
:10F8F800090A0360BDEC028B08BD00F00BFE212253
:10F9080003460548BDEC028B1A60BDE8084000F0CC
:10F918000FB800BF000080FF20BE020810EE103AAA
:10F9280023F00040B0F1FF4F2CBF002001207047AA
:10F938009FED010A704700BF0000C07F10B485B07A
:10F948008DED010A019BC3F3C752A2F17F011E2965
:10F9580031DC16294FEAD37425DC1D4BDDED017A25
:10F9680003EB840393ED007A77EE277ACDED037AE3
:10F97800DDED037A77EEC77A17EE903A33F0004060
:10F988000DD0C3F3C7507F381FD4C3F31603C0F19B
:10F99800170043F4000323FA00F004B1404205B015
:10F9A8005DF8044B7047C3F31603963A43F400031B
:10F9B80003FA02F0F1E7DDED017AFDEEE77A17EEE2
:10F9C800900A05B05DF8044B70470020E5E700BFDA
:10F9D80024BE020810EE101AC1F3C7520029A2F182
:10F9E8007F0CACBF01204FF0FF30BCF11E0F0FDCC5
:10F9F800BCF1000F1CDBC1F31603BCF1160F43F476
:10FA080000030ADD963A03FA02F202FB00F070479F
:10FA1800FDEEC07A17EE900A70474FF48002CCF1E1
:10FA2800170142FA0CF21A44CA4002FB00F0704770
:10FA3800BCF1FF3F18BF0020704700BF0000000066
:10FA480051EC100BC1F30A532DE9F041A3F2FF3535
:10FA58000C460646132D22DC002D41DB384B0F46A1
:10FA680043FA05F801EA080303431DD032A3D3E99A
:10FA78000023F0F7CDFB00220023F1F70FF840B187
:10FA8800002C03DA4FF480132B411F4427EA0804A3
:10FA980000262346324643EC102BBDE8F081332D77
:10FAA80006DDB5F5806F2BD041EC100BBDE8F08179
:10FAB800A3F213434FF0FF37DF403842F4D01EA3C0
:10FAC800D3E90023F0F7A4FB00220023F0F7E6FFB8
:10FAD8000028DED0002C334620DB23EA0706D8E7CF
:10FAE80015A3D3E90023F0F793FB00220023F0F7D6
:10FAF800D5FF0028CDD0002C09DB00263446C8E706
:10FB080002460B46F0F784FB41EC100BCEE724F0DD
:10FB1800004426430DD14FF00044BAE7142D06D017
:10FB2800C5F134050122AA4013449E42D5D90134B7
:10FB3800D3E70026034CACE79C7500883CE4377E8D
:10FB4800FFFF0F000000F0BF53EC102BC3F30A5067
:10FB58009C46A0F2FF31132910B5964613DC002904
:10FB68002BDB1F4C0C4104EA0300104310D04FF468
:10FB7800002300200B41634423EA040C6346024639
:10FB880043EC102B10BD332905DDB1F5806F1AD079
:10FB980043EC102B10BDA0F213404FF0FF34C440CB
:10FBA8001442F5D0C1F1330101208840801828BFE4
:10FBB80003F1010C20EA0400E0E7013103F0004CF6
:10FBC80008D00020DAE710461946F0F721FB41EC8F
:10FBD800100B10BD4CF07F5C00204CF4401CCDE7AE
:10FBE800FFFF0F00B8FE400A704700BF10EE103A42
:10FBF80023F00042B2F1FF4F58D84FEAD37100F01A
:10FC080093806148834200F3898019B15F4B9A421F
:10FC180000F287805E4B9A424BD95E4B9A4200F2C3
:10FC280095805D4881F001035C4A00EB81005B1A16
:10FC380002EB8102D0ED004AD2ED007A70EE644A00
:10FC480034EEE70A9FED564A9FED565ADFED565AB5
:10FC580020EE007ADFED556A9FED556AA7EE045A4B
:10FC6800E5EE075AE5EE876AA6EE876AF0EE406A87
:10FC7800E6EE476A20EE266A002B42D0B0EE007A04
:10FC880013F17D0FB7EE000A37EE667AC6EE076A03
:10FC980077EEE67A77EEE47A30EE670A4ADB10EE22
:10FCA800102A02EBC35300EE103A704730EE000AF8
:10FCB8007047B2F1505F0AD2DFED3E7AB7EE007AB4
:10FCC80070EE277AF4EEC77AF1EE10FA58DC60EE9F
:10FCD800007A9FED335ADFED335A9FED336AE7EE32
:10FCE800855ADFED326A9FED327AA7EEA56AE7EE14
:10FCF800866AA7EEA67AF0EE406AE7EEC76A20EEBB
:10FD0800266AF0EE007AB7EE007A76EEE76AC6EE7B
:10FD1800267A77EEC07A37EE670A7047002000F03F
:10FD2800D9B9002000F0D0B9DFED237A002900FE10
:10FD3800270A704710EE102A6433DFED207A02EBB1
:10FD4800C35300EE103A20EE270A70471C4BF0EE22
:10FD5800404A9FED1C6A03EB8103DFED1B6A9FEDB0
:10FD68001B7AD3ED007AE0EE067AFDEEE77A17EE1D
:10FD7800903AF8EEE77AE7EEE64A67EE877A5FE7C9
:10FD880030EE070A704700BF1772B142B5F1CF4293
:10FD98001872B13E9115853F34BE02082CBE020888
:10FDA8004CBB31330EEADDB555B38A38610B36BB2F
:10FDB800ABAA2A3ECAF24971000000000000800D7B
:10FDC8003CBE02083BAAB83F8071313FD1F71737D4
:10FDD80010EE102A32F0004330D0002A134634DBEC
:10FDE800B2F1FF4F41DAB2F5000F00B534DB4FF046
:10FDF800000EC3F316016348DB15F7EE007A0844DA
:10FE080001F10F0C7F3B00F40002734482F07E5234
:10FE180003EBD0535C480A430CEA000000EE102ABA
:10FE280030EE670A20BBB5EE400AF1EE10FA61D158
:10FE3800002B40F08F809FED550A59E09FED547AD2
:10FE4800DFED527A87EE270A704770EE407A9FED11
:10FE58004F7A87EE870A7047DFED4E7A6FF0180EFB
:10FE680060EE277A17EE903AC3E730EE000A704743
:10FE7800B0EE007A06EE103ADFED472AB8EEC63A41
:10FE8800DFED464A30EE077ADFED455ADFED453AB9
:10FE98009FED455A80EE074ADFED447ADFED446A6C
:10FEA8004448454A0844521A0243002A24EE046A88
:10FEB80026EE067AE7EE224AA7EE235AE4EE875AA0
:10FEC800E5EE076AE5EE877A67EE867AE6EE877AE8
:10FED8002BDDB6EE007A20EE077A27EE007A77EE71
:10FEE800877A67EE847A43BB37EE677A30EE470A43
:10FEF8005DF804FBF6EE007ADFED306A20EE007A5A
:10FF0800E0EE667A27EE277A002BEFD007EE903ADC
:10FF18009FED2B6ADFED2B6AF8EEE77AA7EEC67A3B
:10FF280037EE400A97EEA60AE2E770EE677A67EEC8
:10FF3800847AE3B930EE670ADAE79FED216ADFEDEC
:10FF4800216AE3EE067A37EE677A37EE400A93EED7
:10FF5800260ACDE707EE903A9FED190A9FED197A28
:10FF6800F8EEE77A27EE800AA7EE870AC0E7DFED0A
:10FF7800146A9FED147AE3EE667A37EEC00A93EEC0
:10FF8800070AB5E720FB4A00F0FF7F0000000000E9
:10FF9800000000CC0000004C9788173E25333A3EFD
:10FFA8002549923E4FD01C3E298E633EABAA2A3F7C
:10FFB800CDCCCC3E305CCFFF88C23500ABAAAA3E80
:10FFC800D1F717378071313F08B510EE103A33F08A
:10FFD80000422DED028B2CD0002B1A4632DBB3F1F8
:10FFE800FF4F41DAB3F5000F35DB0021D315C2F31B
:08FFF80016027F3B0B44D90FF8
:020000040801F1
:1000000003EBD373C1F17F0107EE903A42EAC1538B
:10001000B8EEE78A00EE103AFFF7DEFEDFED176A72
:100020009FED177A20EE260ADFED167AA8EE070A72
:10003000A8EE270ABDEC028B08BD9FED137ADFED19
:10004000137ABDEC028B87EE270A08BD70EE407A6A
:100050009FED0E7ABDEC028B87EE870A08BDDFEDBF
:100060000C7A6FF0180160EE277A17EE902AC1E73C
:10007000BDEC028B30EE000A08BD00BFD95BDE3E4E
:10008000DB27543580209A3E000000CC00000000A1
:100090000000004C10B52DED028BB0EE408A0446F6
:1000A00000F03CFA0460B0EE480ABDEC028B10BDD3
:1000B00030B1F1EE407A222027EE800AFFF7EABF46
:1000C000F0EE407A222027EE800AFFF7E3BF00BF60
:1000D0009FED010AFFF7ECBF000000109FED010A41
:1000E000FFF7E6BF000000700B460146184600F01F
:1000F00025B8062008B500F0AFF90120F0F7F0FEB2
:100100001FB514461A46094B05461B68D8684CB102
:10011000074B00910749CDE901342B4600F0C2F8A6
:10012000FFF7E7FF044B1C46F3E700BF2000002069
:10013000106702081D6702080061020810B5044636
:100140000448134620B10A460220214600F020FA56
:1001500010BD00BF91050108002310B5044683605F
:10016000818119464366C28108228361C0E9003358
:10017000C0E904335C3000F019F90D4B246263626E
:100180000C4BA3620C4BE3620C4B23630C4B9C4265
:1001900006D003F16802944202D0D0339C4205D1CC
:1001A00004F15800BDE8104000F0E2B910BD00BFF6
:1001B00005030108270301085F03010885030108FF
:1001C000D4A90220024A0349034800F07DB800BFC9
:1001D00014000020E10E01082400002041680C4BAF
:1001E000994210B5044601D000F07AFEA168094B8F
:1001F000994202D0204600F073FEE168064B994216
:1002000004D02046BDE8104000F06ABE10BD00BF1B
:10021000D4A902203CAA0220A4AA02200C4B04214B
:100220000C4A0D4810B51A600022FFF795FF0A4BE3
:10023000012209211C4603F16800FFF78DFF02220D
:1002400004F1D0001221BDE81040FFF785BF00BFC8
:100250000CAB0220C5010108D4A90220014800F01E
:1002600088B900BF16AB0220014800F083B900BF77
:1002700016AB022010B50446FFF7F0FF236A1BB14E
:10028000BDE81040FFF7F0BF044B2362044B1B682E
:10029000002BF5D1FFF7C2FFF2E700BFDD01010837
:1002A0000CAB02200EB403B503AB0146054853F86E
:1002B000042B0068019300F0E9FA02B05DF804EB4A
:1002C00003B07047200000202DE9F8430746884618
:1002D00014460026D4E90195B9F1010905D5246831
:1002E000002CF7D13046BDE8F883AB89012B07D944
:1002F000B5F90E30013303D029463846C0470643CE
:100300006835E9E710B50C46B1F90E1000F0CEF8EB
:100310000028ABBF636DA3891B1823F48053ACBFC7
:100320006365A38110BD2DE9F0411F468B89054609
:100330000C46DB05164605D502230022B1F90E1046
:1003400000F0A2F8A3893246B4F90E10284623F42F
:100350008053A3813B46BDE8F04100F0CDB810B515
:100360000C46B1F90E1000F08FF8421CB4F90C30B5
:1003700015BF606523F4805343F48053A38118BFF5
:10038000A38110BDB1F90E1000F06EB8013902441E
:1003900010B5904201D1002005E0037811F8014F1B
:1003A000A34201D0181B10BD0130F2E702440346FE
:1003B000934200D1704703F8011BF9E710B56AB109
:1003C0000139841810F8012B11F8013F9A4203D12A
:1003D000A04201D0002AF5D1D01A10BD1046FCE78A
:1003E0000139034610B532B111F8014F013A03F853
:1003F000014B002CF7D11A440021934200D110BDCB
:1004000003F8011BF9E71F2938B505460C4604D946
:10041000162303604FF0FF3038BDC26B12B152F8A3
:1004200021304BB9284600F065F82246014628469F
:10043000BDE8384000F04CB8012B0AD0591C03D15C
:10044000162303600120E7E70021204642F824102C
:1004500098470020E0E70000024B01461868FFF7CC
:10046000D2BF00BF2000002038B50023054D044650
:1004700008462B60F0F756FD431C02D12B6803B1F0
:10048000236038BD10AB022038B50446064D08463F
:10049000114600222A601A46F0F74EFD431C02D195
:1004A0002B6803B1236038BD10AB022038B5044679
:1004B000064D0846114600222A601A46F0F716FD3E
:1004C000431C02D12B6803B1236038BD10AB02205E
:1004D00038B50023064D0446084611462B60F0F758
:1004E000F7FC431C02D12B6803B1236038BD00BF69
:1004F00010AB0220F0F7EABC38B50446064D0846BA
:10050000114600222A601A46F0F7FEFC431C02D175
:100510002B6803B1236038BD10AB0220014B186873
:10052000704700BF2000002070B50D4B00260D4D18
:100530005B1B9C10A64209D10B4D01F005F80B4B3B
:1005400000265B1B9C10A64205D170BD55F8043BEC
:1005500001369847EEE755F8043B01369847F2E735
:1005600050BE020850BE020850BE020854BE020827
:100570007047704770470A44431E914200D170474C
:1005800010B511F8014B914203F8014FF9D110BD9C
:100590002DE9F047274E074692468846306899462F
:1005A000FFF7E7FF244A15683DB9244B1360244A3E
:1005B00012B11268C3F88820204D6C681F2C06DD2C
:1005C0003068FFF7D7FF4FF0FF30BDE8F0873FB34B
:1005D000D5F8880068B91B4B002BF1D04FF484701C
:1005E000AFF300800028EBD00023C0E94033C5F80A
:1005F00088006C680122022F40F824A002FA04F25D
:10060000D0F8003100EB840143EA0203C0F8003166
:10061000C1F8809002BFD0F804311343C0F8043110
:10062000631C023430686B6045F82480FFF7A2FF3A
:100630000020CAE770000020A4AB022018AB022003
:1006400044BE02080000000038B50546002941D02C
:1006500051F8043C0C1F002BB8BFE41800F0E0F880
:100660001D4A136833B9636014602846BDE83840FA
:1006700000F0DCB8A34208D9206821188B4201BFE2
:1006800019685B6809182160EDE71A465B680BB1D1
:10069000A342FAD911685018A0420BD12068014436
:1006A000501811608342E0D118685B6808445360B9
:1006B0001060DAE702D90C232B60D6E720682118F6
:1006C0008B4202BF19685B680918636008BF21602C
:1006D0005460CAE738BD00BFACAB022070B50F4E06
:1006E0000C460546316811B900F0B4FC3060214673
:1006F000284600F0AFFC431C03D14FF0FF342046E6
:1007000070BDC41C24F00304A042F8D0211A28466E
:1007100000F0A0FC0130F2D1EFE700BFA8AB02204F
:100720002DE9F843CD1C064625F0030508350C2DB0
:1007300038BF0C25002D01DBA94204D90C233360FE
:100740000020BDE8F883DFF8D48000F069F8D8F81D
:1007500000301C4644BB29463046FFF7BFFF431C10
:10076000044658D1D8F800402746002F43D1002C2A
:100770004BD023683946304604EB030900F06AFC8D
:10078000814542D1216830466D1A2946FFF7A6FF00
:1007900001303AD023682B442360D8F800305A68DF
:1007A00062BBC8F800700FE02268521B20D40B2AED
:1007B00017D96119A342256018BF5960636808BF43
:1007C000C8F8001062514B60304600F02FF804F179
:1007D0000B00231D20F00700C21A1CBF1B1AA350D8
:1007E000AFE76268A3420CBFC8F800205A60EBE78D
:1007F00023466468AEE73C467F68B6E71A465B6806
:10080000A342FBD100235360DEE70C233046336064
:1008100000F00CF894E70560D6E700BFACAB02200F
:100820000148FFF7A6BE00BF14AB02200148FFF746
:10083000A1BE00BF14AB02209368013B002B10B493
:10084000936008DA9469A34201DB0A2903D15DF8B9
:10085000044B00F06DBB1368581C106008461970FB
:100860005DF8044B7047F8B506460F461446D51898
:10087000AC4201D1002007E03A4614F8011B304693
:10088000FFF7DAFF431CF3D1F8BD00002DE9F04F6C
:100890000D469DB014469846064618B1036A0BB93A
:1008A000FFF7E8FC6B6ED90705D4AB899A0502D433
:1008B000A86DFFF75EFEAB891B0701D52B699BB9BD
:1008C0002946304600F072FB70B16B6EDC0704D530
:1008D0004FF0FF301DB0BDE8F08FAB899805F7D41D
:1008E000A86DFFF747FEF3E70023CDF80C804FF02B
:1008F0000109DFF8B481099320238DF829303023D2
:100900008DF82A3023469A4613F8012B0AB1252A7E
:10091000F9D1BAEB040B0BD05B4622462946304690
:10092000FFF7A1FF013000F0A780099A5A4409920D
:100930009AF80030002B00F09F8000234FF0FF3228
:100940000AF1010A049307938DF853301A93CDE905
:10095000052354460522544814F8011B00F08AFB75
:10096000049AD8B9D10644BF20238DF85330130719
:1009700044BF2B238DF853309AF800302A2B15D022
:10098000079A544600204FF00A0C214611F8013B0B
:10099000303B092B4BD9B0B1079214E0A0EB080310
:1009A000A24609FA03F313430493D2E7039B191DEC
:1009B0001B68002B0391BBBF5B4242F0020207930E
:1009C0000793B8BF049223782E2B0AD163782A2B81
:1009D00032D1039B02341A1D1B6843EAE37303926E
:1009E0000593DFF8D4A003222178504600F042FBA3
:1009F00038B1A0EB0A004022049B0134824013432B
:100A0000049314F8011B062228488DF8281000F0E2
:100A100031FB00283FD0264B1BBB039B073323F041
:100A2000070308330393099B3B4409936AE70CFBD4
:100A300002320C460120A8E7002301344FF00A0CD3
:100A400019460593204610F8012B303A092A03D99C
:100A5000002BC6D00591C4E70CFB012104460123FD
:100A6000F0E703AB2A4604A930460093114BAFF3DD
:100A700000800746781CD6D16B6ED90705D4AB89A8
:100A80009A0502D4A86DFFF775FDAB895B063FF5AB
:100A90001FAF09981EE703AB2A4604A9304600930E
:100AA000044B00F07DF8E4E74C6702085667020843
:100AB0000000000067080108526702082DE9F047AE
:100AC000164698468A6807460B690C46DDF8209062
:100AD0009342B8BF1346336091F843200AB1013303
:100AE00033602368990642BF336802333360256858
:100AF00015F0060506D104F1190AE36832689B1A5D
:100B0000AB422BDC94F843302268003B18BF012332
:100B1000920630D404F1430241463846C8470130BA
:100B200023D023681A3454F80A2C03F00603042B4C
:100B30000ABF54F80E5C002533684FF0000608BF6A
:100B4000ED1A54F8123C08BF25EAE5759342C4BF7C
:100B50009B1AED18B5421AD1002008E00123524635
:100B600041463846C847013003D14FF0FF30BDE859
:100B7000F0870135C1E7E1185A1C302002332244C6
:100B800081F8430094F8451082F84310C2E701232E
:100B9000224641463846C8470130E6D00136D9E7FB
:100BA0002DE9FF470F7E914680460C46782F9A46E6
:100BB0000C9E01F1430207D8622F0AD8002F00F0E3
:100BC000D280582F00F0B78004F1420684F84270BA
:100BD0003AE0A7F16303152BF6D801A151F823F0F1
:100BE000390C01084D0C0108C90B0108C90B01089B
:100BF000C90B0108C90B01084D0C0108C90B0108FC
:100C0000C90B0108C90B0108C90B01084D0D0108EA
:100C1000770C0108030D0108C90B0108C90B010875
:100C20006F0D0108C90B0108770C0108C90B0108F9
:100C3000C90B01080B0D010833681A1D1B683260CF
:100C400004F1420684F8423001239DE033682068B5
:100C5000191D3160060601D51D6803E04506FBD568
:100C6000B3F90050002D03DA2D236D4284F8433090
:100C700059480A2310E021683368080653F8045BDA
:100C800002D4490648BFADB26F2F5348336059D1E3
:100C90000823002184F843106668002EA66005DB57
:100CA00021682E4321F0040121604DD01646B5FB8A
:100CB000F3F103FB1157C75D06F8017D2F460D4682
:100CC000BB42F4D9082B0BD12368DF0708D5236971
:100CD00061689942DEBF302306F8013C06F1FF3619
:100CE000921B22614B4603AA21464046CDF800A044
:100CF000FFF7E4FE01304CD14FF0FF3004B0BDE807
:100D0000F087236843F02003236078273348236863
:100D100084F845701F06316851F8045B02D45F0601
:100D200048BFADB23160D90744BF43F02003236010
:100D30001DB11023ADE72848E9E7236823F020031D
:100D40002360F6E70A23A4E71646BBE73368256865
:100D5000181D616930602E061B6801D5196002E01C
:100D60006806FBD51980002316462361BAE733686D
:100D700000211A1D32601E686268304600F07AF960
:100D800008B1801B606063682361002384F84330EE
:100D9000A8E72369324649464046D0470130ABD0E8
:100DA00023689B0713D4E068039B9842B8BF18469A
:100DB000A4E70123324649464046D04701309BD044
:100DC0000135E36803995B1AAB42F2DCEBE70025DF
:100DD00004F11906F5E700BF5D6702086E670208B7
:100DE000B1F90C202DE9F041160705460C4651D407
:100DF0004B68002B02DC0B6C002B49DDE66A002EF1
:100E000046D0002312F480522F682B6031D0626DDF
:100E1000A389590705D56368D21A636B0BB1236C9C
:100E2000D21A0023E66A216A2846B047421CB4F968
:100E30000C3006D129681D2945D8284ACA40D60752
:100E400041D50022D90462602269226004D5421C87
:100E500001D12B6803B96065616B2F60C1B104F1EA
:100E60004403994202D02846FFF7EEFB0023636358
:100E70000EE00123216A2846B0470246501CC7D124
:100E80002B68002BC4D01D2B01D0162B19D12F603D
:100E900000201DE00F69002FFAD093070E680F6045
:100EA0000CBF4B690023A6EB07088B60B8F1000F5D
:100EB000EEDD43463A46216A2846A66AB047002836
:100EC00008DCB4F90C3043F040034FF0FF30A3814D
:100ED000BDE8F0810744A8EB0008E7E701004020E7
:100EE00038B50B6905460C4613B90025284638BDB0
:100EF00018B1036A0BB9FFF7BDF9B4F90C30002B38
:100F0000F3D0626ED00704D4990502D4A06DFFF728
:100F100030FB28462146FFF763FF636E0546DA077C
:100F2000E4D4A3899B05E1D4A06DFFF723FBDDE7A3
:100F3000F8B50E461446054618B1036A0BB9FFF71B
:100F400099F9A369A360A3891A0701D5236943B955
:100F50002146284600F02AF818B14FF0FF373846EE
:100F6000F8BD2368F6B222693746981A636983424E
:100F700005DC21462846FFF7B3FF0028EDD1A36822
:100F8000013BA36023685A1C22601E70431C6269E7
:100F90009A4204D0A389DB07E1D50A2EDFD121468E
:100FA0002846FFF79DFF0028D9D0D6E738B5284B53
:100FB00005460C46186818B1036A0BB9FFF75AF9D1
:100FC000B4F90C301A0721D4D80607D409222A60B4
:100FD00043F040034FF0FF30A38130E0590712D5B2
:100FE000616B41B104F14403994202D02846FFF7F6
:100FF0002BFB002363630022B4F90C30626023F002
:1010000024032269226043F00803A38122693AB9CC
:101010009A0501D5180603D52146284600F05CF84C
:10102000B4F90C3013F001020AD00022A260626908
:101030005242A261226942B913F08000C8D138BD82
:10104000990758BF6269A260F4E70020F7E700BF84
:101050002000002038B50023054D044608462B60CB
:10106000EFF716FF431C02D12B6803B1236038BD94
:1010700010AB0220C9B20346024410B59342184691
:1010800001D1002003E0047801338C42F6D110BD79
:1010900070B50C46B1F90E1096B0154600291E46E3
:1010A0000ADAA18911F0800113D14FF48062002087
:1010B00031602A6016B070BD6A4600F047F800281B
:1010C000EFDB019901F47041A1F5005359425941F8
:1010D000EBE700214022EAE78B8973B59E070546BE
:1010E0000C4607D504F147032360236101236361A4
:1010F00002B070BD01AB6A46FFF7CAFF009E2846EA
:101100003146FFF70DFBB4F90C3038B99A05EFD42E
:1011100023F0030343F00203A381E3E743F08003DA
:101120002060A381019BC4E90406002BE0D0B4F940
:101130000E10284600F01CF80028D9D0A38923F00F
:10114000030343F00103A381D2E7000038B5002375
:10115000064D0446084611462B60EFF7E6FE431C99
:1011600002D12B6803B1236038BD00BF10AB022051
:1011700038B50023054D044608462B60EFF7DAFE2C
:10118000431C02D12B6803B1236038BD10AB022091
:1011900038B50022002304460D46EFF765FC28B958
:1011A00020462946BDE8384000F00AB8204605F13F
:1011B000004100F005F8404261EB410138BD00BF3D
:1011C000D0B500220B4B06460F46EFF7DBF9EFF7E1
:1011D00055FD0446EFF75CF90022074BEFF7D2F913
:1011E00002460B4630463946EFF714F8EFF746FD56
:1011F0002146D0BD0000F03D0000F0412DE9F04F48
:101200008C46099E04460F46002B48D18A4215465B
:101210005ED9B2FA82F33BB1C3F120029F409D40F8
:101220009C4020FA02F217434FEA154E1FFA85FC44
:10123000220CB7FBFEF10EFB117701FB0CF042EA2A
:101240000742904207D9AA1801F1FF3702D2904213
:1012500000F258813946121AA4B2B2FBFEF00EFB1E
:10126000102200FB0CFC44EA0244A4450BD92C19C3
:1012700000F1FF322CBF01270027A44502D9002F1F
:1012800000F04381104640EA0140A4EB0C04002129
:101290001EB1DC400023C6E90043BDE8F08F8B425D
:1012A00006D90EB1C6E9000100210846BDE8F08F5D
:1012B000B3FA83F1002951D16345C0F0168182420F
:1012C00040F213810846002EE7D0C6E90047E4E764
:1012D000002A00F0AF80B2FA82F3002B40F0C28007
:1012E0008A1A4FEA154EAFB20121200CB2FBFEFC68
:1012F0000EFB1C2240EA024207FB0CF090420ED982
:10130000AA180CF1FF382CBF4FF001094FF000096B
:10131000904203D9B9F1000F00F0F080C446121AD0
:10132000A4B2B2FBFEF00EFB102200FB07F744EA6A
:101330000244A7420ED92C1900F1FF322CBF4FF006
:10134000010E4FF0000EA74203D9BEF1000F00F0CE
:10135000D2801046E41B40EA0C4099E7C1F1200519
:101360008B400CFA01F400FA01F922FA05F72CFA85
:1013700005FC8A401F4320FA05F3380C23431FFA6B
:1013800087FE1C0CBCFBF0F800FB18CC44EA0C44B4
:1013900008FB0EFCA4450ED93C1908F1FF3A2CBFFE
:1013A0004FF0010B4FF0000BA44503D9BBF1000F28
:1013B00000F0B880D046A4EB0C041FFA83FCB4FB09
:1013C000F0F300FB134403FB0EFE4CEA0444A64575
:1013D0000ED93C1903F1FF302CBF4FF0010C4FF038
:1013E000000CA64503D9BCF1000F00F09F80034616
:1013F00043EA0840A4EB0E04A0FB02EC64457346EC
:10140000E04602D307D1F14505D2BEEB02036CEBF7
:10141000070C0138E0465EB1B9EB030264EB080447
:1014200004FA05F522FA01F3CC401D43C6E9005445
:10143000002132E742082F464B08AC4642EAC1720F
:10144000AE46C407110C92B241EA034142EA01429E
:10145000B1FBF5F1B3FBF5F01F23A2EB0C0241EA5F
:10146000004142E79D40C3F1200299409C402CFA84
:1014700002FC4FEA154E20FA02F2AFB2BCFBFEF8B6
:101480000A430EFB18CC110C41EA0C4108FB07FC87
:101490008C4550D9691808F1FF302CBF4FF0010975
:1014A0004FF000098C4502D9B9F1000F30D0A1EB03
:1014B0000C01B1FBFEF808FB07FC0EFB181192B201
:1014C00042EA0142624534D2AA1808F1FF312CBF2A
:1014D0004FF001094FF000096245BED2B9F1000F8B
:1014E000BBD1A8F102012A44B7E7841A6CEB0302CE
:1014F00001201746E7E62C4402382BE7ACF1020C3A
:101500002A440CE702392A44A5E62C440238BAE6FC
:10151000A5EB0C0CA8F102006144B1FBFEF808FB3E
:1015200007FCCAE7A8F102083C4444E7023B3C44FC
:101530005EE7414691E7A1EB0C014046B1FBFEF8A6
:1015400008FB07FCB9E700BFF8B500BFF8BC08BC52
:101550009E467047F8B500BFF8BC08BC9E46704771
:1015600030C3000000000000000000000000000088
:101570001C00000054464C33140020001C001800CE
:10158000140010000C00000008000400140000000B
:101590001C0000008800000008010000187D000009
:1015A000287D000040C20000030000000100000090
:1015B000040000006282FFFF0C0000001C0000001D
:1015C0003C0000000F00000073657276696E675F73
:1015D00064656661756C7400010000000400000021
:1015E0006CFFFFFF2700000004000000080000005F
:1015F0006F75747075745F300000000001000000AA
:10160000040000007283FFFF040000000B000000D4
:10161000696E7075745F6C6179657200030000001B
:101620005C0000002C00000004000000B8FFFFFF79
:101630002B0000000400000013000000434F4E5632
:10164000455253494F4E5F4D45544144415441002A
:10165000DCFFFFFF2A000000040000001300000070
:101660006D696E5F72756E74696D655F76657273B4
:10167000696F6E0008000C000800040008000000FC
:101680002900000004000000130000006D696E5F77
:1016900072756E74696D655F76657273696F6E00E1
:1016A0002C0000000C7C0000047C0000EC7B00009F
:1016B000B47B0000A477000094750000843500001E
:1016C000F43400006434000054320000441200007E
:1016D00034110000E40E0000940E0000440E0000DF
:1016E000340D000024050000940400006403000091
:1016F00034030000040300007402000044010000F1
:101700003C010000340100002C0100002401000015
:101710001C010000140100000C0100000401000085
:10172000FC000000F4000000EC000000E4000000F9
:10173000DC000000D4000000CC000000C400000069
:10174000BC000000B4000000940000007400000021
:1017500004000000C284FFFF0400000060000000DD
:101760000C00000008000E00080004000800000043
:10177000100000002800000000000600080004001F
:10178000060000000400000001000000EB03000060
:101790000C001800140010000C0004000C000000E5
:1017A00066B7D77601FAEA390200000002000000AD
:1017B0000400000006000000322E31392E300000F7
:1017C0002E85FFFF04000000100000000000000054
:1017D0000000000000000000000000004A85FFFF3C
:1017E0000400000010000000312E31342E300000C3
:1017F0000000000000000000EC40FFFFF040FFFF91
:10180000F440FFFFF840FFFFFC40FFFF0041FFFFF7
:101810000441FFFF0841FFFF0C41FFFF1041FFFFA4
:101820001441FFFF1841FFFF1C41FFFF2041FFFF54
:101830002441FFFF2841FFFF2C41FFFF3041FFFF04
:10184000AE85FFFF04000000200100004C8104244D
:10185000BA1CB396157F8A2059AAED13E68611AA01
:10186000B317DE817AEB127F9DBEB6946378EE2AC1
:10187000BB367F3E2B66F4F5CE35C820582D81321D
:1018800001C87B0A7775BE6C6DA27FBBFE5F9FA906
:1018900042FD0A7F048146D7CC43EABDDF372B8562
:1018A000354181E8FDAA812B3EA66C0A3C33CCEC85
:1018B0004492EAB44040815D2D347F21F51CCEE591
:1018C0005EBC0748F9ECF7B14A8112D60CC5E0CCF2
:1018D00081A0B37EFE931D3B4A9E307FD6FD81F7EB
:1018E00053D6F724D7BE2D7F28EFEE44C3320852DB
:1018F00081F4E93C13CB50D615D4036EBDBB7F2BCE
:10190000C681A12AD8C18F59C24BC4BAA7F0762983
:10191000387F5D615B8F39DE811D51D47F6BAF6C89
:101920004D9D6E5669B787F5CE83B47FFF9229230C
:10193000812B2604421C008162C8BA3E07191D2073
:10194000815C56A9E40A19230575B37F53812D984C
:10195000C69D0E0B81A70994A028B1F87FFC5E44B8
:1019600014423E4501EEEA38F0D67F47DA86FFFFA3
:1019700004000000800000001900000024000000A6
:10198000090000003C000000280000000C000000DE
:10199000EDFFFFFF10000000FCFFFFFF3400000020
:1019A000C3FFFFFF1C000000F8FFFFFFEBFFFFFF7E
:1019B000E8FFFFFFE5FFFFFF290000002C0000000B
:1019C000FEFFFFFF1900000002000000FDFFFFFF07
:1019D00012000000E6FFFFFF3C00000017000000BF
:1019E00027000000E9FFFFFF3D000000E6FFFFFFCA
:1019F000FFFFFFFF220000006687FFFF04000000DA
:101A000020000000C4B3BCBBADB2A48F9ACB8DFD47
:101A1000B48E8EFB92E07F8C8FF5918BEF89A9BA03
:101A2000D38796A09287FFFF0400000020000000EB
:101A300037FF1AEC9EEDAD4255E7EE318027ED8F72
:101A400003A4B6FD229014EA40221FC50C3311E115
:101A5000BE87FFFF040000002001000060D42F02B9
:101A600046AD2A02B9B9AE3BDB1A079A1E508FFF6A
:101A70002E7F087C5671DDCF1F07E23F7A48B38185
:101A800081E28E82A67FCD691B2781D1F681221249
:101A90007FE809DDF37F3AE60FE1D7D15ACD70E850
:101AA00031B03D219CBA457F7B81B8E90A0DB85021
:101AB000D707B821E0D2817D813FDE811AE63C4222
:101AC00025D7FE046699ABBBF8CAACAEF863811AA1
:101AD000E2FAEBC954E2F6F521C02319E204F8C892
:101AE000C30BEA8181E681231E5DA10117F395EA0C
:101AF000483B2DAED53864B72DBAF9F7B1D03F2A9F
:101B0000737FCE2E2C30202B7FACBC17BB64942768
:101B1000BA940411ECCAA752B476810F9F32814661
:101B20000E20815F40FA0B0B06DFC6CCFBD598EA8E
:101B30001E5FCD8181BA088102040D358BC0B804C7
:101B4000FD32E5E0DC36B408C425C0817FFBC02A45
:101B5000BEC67FD1BDDBFFF553874F1F7F813FDCC2
:101B60008856A172F00CA5F03BAB8E65B32B167FA7
:101B7000C02BB72DF19EDF0A1C7FA998EA88FFFFD2
:101B800004000000800000000000000000000000D1
:101B90000000000000000000000000000000000045
:101BA0000000000000000000000000000000000035
:101BB0000000000000000000000000000000000025
:101BC0000000000000000000000000000000000015
:101BD0000000000000000000000000000000000005
:101BE00000000000000000000000000000000000F5
:101BF00000000000000000000000000000000000E5
:101C000000000000000000007689FFFF04000000D3
:101C100000080000169BC7D8E7DBD42FF8AC68613A
:101C20007F43C72AA3F74BDC20A63ED69E20DC1DAF
:101C300063029F180EB7DCCAC1321ACFA3BEFFEFF2
:101C400014D6393CD2DE4515D158AF817B3462C4FD
:101C5000AF4B6F46D1C27F3341E62D100205D4430E
:101C6000CED7D8AC2BAA18F320B4F44A032569E2E6
:101C7000E00218158E176EC5D7816EC3E607B9C08E
:101C80005F63CDE411DC9CF4F3C548F5BF09DD27A3
:101C9000AC21FB5DE33F1030206ADBEB0BF65CCD43
:101CA0007205DA48E5ECCED1EC25CBBB5C81D68F52
:101CB000D5FCB95C2C172CE8FCF5E4D2EEC71ADD94
:101CC00035F55746E230C2EF94A513E62920097F87
:101CD0000DF9AC8D84611EA922CBD11CBD1C481D01
:101CE000403481A21DF0DB9C2BB9DC0E46F4B955C3
:101CF00068ACFD0734D63040AE3928B51501FDB3C8
:101D0000FCBF0AE79913A2E0FC8B665DEDF3D7E612
:101D10001BC5637FA0C4C93921E416BCF654A98E43
:101D2000939FEEC305818C70E1097532CA79EF2D5E
:101D30001392ED25D19FC4CC272A3ED36D0801090B
:101D40000205C920ABFCCF09E0DDD2071A457F1898
:101D50003ECD100205D61ED7E214F7CF4E00373322
:101D6000D72919CB812AD2B3D5F101220EFD100853
:101D7000F836EECEFE4F095A37B3E1910FB6020D99
:101D8000BD5C816422343E031FEE65E7A034542F0E
:101D90009723E403052FC38BE070ECD01B1E50B8D3
:101DA00011622001FBE42E131024FDDF8103452185
:101DB0004BE232DF4444E61F8C3BA4D6B920576582
:101DC000BEBAACD203C0B3812ACC2AE311430EB70A
:101DD0000BDF6501272BECDFF3A106C131DD587F56
:101DE000F1FEB1E5B30AD1E1C3573BAB0B1EDF13E4
:101DF000E3DF2925DA75EB7FA7186929BAB0431A02
:101E0000ED2819D4B0DFE4D856F2D2BEC523E2F0F3
:101E10003ADBE294FB49C80BE1CBCE4C3F3B150EBD
:101E20000C03A5A0D7210E0139F9FF7F0B224BAB84
:101E3000A50DBADD0F2455CE59C8158FCFCF27F287
:101E4000B52FF7F21454C7020D01387F1007FFE9D0
:101E500099168C8A23BB42FF810939D7C152E94ABE
:101E6000DE947513D8B17CF2F16311E8D9F02F0B31
:101E70004AF6885EF0CB1F0611E1E0F713273649DA
:101E80002C240937AC30D1B6E6F91564F2A4AAC601
:101E9000ED7FF31D2F1208CF3ED9EFE9F09BE6BC92
:101EA0002A050542B48103E0BC32A9071B90AB5060
:101EB00038527631643121E99CB27F192FE3EA0868
:101EC0000751FA4C211D03F325212AFE0BE7B2F33B
:101ED000D2D716E9C2F846593A1217203BD981AB3E
:101EE00078F8F3F374C2B4500EBCA43ECAD60DE623
:101EF00021D240F591AAEA91E2B742541E982E1AD7
:101F0000DE269E9401C8E08F302B0C72197F4B6542
:101F1000B6F7D966D8EE09E627DCD14129FD20E5E0
:101F20002429F847C181EC10E3CB08141920EBCC2D
:101F300018C70FFC2DFE1EF0DD81E62657F8ECC019
:101F40001B61F0C8D5121CD34E611A0E5D1726CB4B
:101F50004621F78238BD100B1EFECF4F18F89D2E7C
:101F6000F5D5E21C022C33E2030C81F8D931E138BB
:101F70002D08BF2CD904021100B3C714BD7F24352E
:101F8000D3C7DB044ED4C8E55154AC259C27EDAF34
:101F9000D32DE628E729A7D62B2158FB4E66CBDFA9
:101FA0001EFADFFEE503D8D4E628F63A81C3C63D23
:101FB0000F1BA1B7B1BF2742E52FE8AD3DE13D338F
:101FC000CE097715CCB1A04F81CF313F169E3A0193
:101FD0001817462F26CCD9FC44051EE835EDF20033
:101FE00082F315ECDEE2E40705CDF9FC2D07F8E6F7
:101FF0000ED67F1B24B8263D1DFDC813F7A4EBE2C7
:10200000443EE6FAEDE53E84F9120981EDF2E23D47
:10201000F5FABB1BC019E5D049EDE42A06C20B4C0A
:1020200037D2FBE041C3161767F7818746F100C539
:10203000CCA1DA241740D526E82EE133A101973D43
:10204000D1D2FFF5960AFE5A38CEF381F307CDAC14
:10205000C1E9FE21523D24BAE07F70082A42E661C0
:10206000F5099DBF32CE510B1A5930E121FB130403
:10207000A6C9D8D21FCC113C1756D6FBCBEE20E612
:10208000F0D2D55FB48136C147ABDAFFE5BEF73F8A
:10209000E4C62DFB122304F32887CFCC17D01F28CA
:1020A000D738376D99302F62E4DAFE2E26705862E9
:1020B0009FF97FC9F0BC431EE3F2FF3C14D381EECD
:1020C000F4EAF7EC289CF1441CF3DEB5FA401EF16B
:1020D000E2B5CDE6031E01CA995700E813E40258A1
:1020E000B34DC6CE672128F1097C7F51E30504D0AA
:1020F000B1D3E91508FF9DFF22F08140304112B3B2
:10210000FAE2474B2C5BFA47095121D723F1B1DEA4
:102110003E10A22B583760206D5CDC05D64A31FF9B
:102120005ACFDD7F137175FBFA69C6B310ACC6D404
:10213000110E33CC4A03D1942A29E25706C7E3BFD4
:10214000CC1C23056F31E1D9FD0319E58118B52DAC
:1021500012D54D1BF9D907DFD4296FCE13DF08FF45
:10216000167F5CC3C1D2FBA102CCEFA415071C5D96
:1021700023DDFDD38BB9555B57CD100433D03B1B0A
:1021800018B420097F9D0EF136BBC9F73E5D9EAAAB
:10219000C35CA4002411A30C7F3F6F4E5940324D05
:1021A0001C2CFBBA0A08EDB6D3481929127D23323C
:1021B000326C8C321ABF41C9EC3AEAD27FDFEEF2C0
:1021C0003C3DE594B6BBD2DB04C1D2D334224E20D1
:1021D0000D2BFD50BBCFBA2D1EBFDCA5DCC958B0FE
:1021E000153C61F978EDFF428EC8446804EA8C39E9
:1021F0007FD45132272D423F374BEA44B9EFC827ED
:102200007FEEB61F5990B2C5495ACEACA12B1C1B0C
:1022100067D4CAAC3E082410CE4D488811FA1A0182
:1022200027E219230F14043381350A051DC2D75242
:102230005E510A95FF81C41802E5F811E6B8CB5843
:10224000E01FD3FADDEEDEDBF3F4453A093E3CC392
:1022500040CD58E3E4D928302E810FBAF7E5E1F5F7
:10226000230B363FCBCFE934EADDC4270C001DB683
:102270000ED0C830F15B14F6CE3815EAFD6F15E4C8
:10228000F8C6BBEAC92D26234515EBCAF181C1CE9C
:102290001BBEE8C7CD1C2F5B845615DCD7E7D9A140
:1022A000D4D1F50BF5D90E52F3F5BA8134EE21A84D
:1022B000BE1BC1E7147FB1A11EAC49E982815C5409
:1022C0004E9A65DAF81A9B59EFD1FBE0D4B10A7443
:1022D000ED42A0B802F9A81F2FEDE81F06213761D3
:1022E000F7A51A3C2BD4DA1EDD29879429813E29D3
:1022F000B92C3F0C81A6462D4A3CCCF4ABCECD0187
:10230000EC4C37F4FFD51910AFC334323131395C9E
:1023100077B3F5DE7ADA4A3C3616F8F3EC222B1462
:10232000A305EEB8C4A11CAAC837FD3C0992DDA3E1
:10233000697F473FD5F03BEFFCF7C481BDFB210A25
:102340002F58FFE0DBF9E62E2AC959FFFAB63FEC19
:10235000DF521CFC2226C83316062F1B6537C6AF7A
:10236000FBE9C37F20D62020ECDC45DFE5EFD5106C
:102370000D1D58ABE822363ADF217FF1C734BCF29D
:10238000162FFE1324EDDB2BDBB9D30F5305F10021
:102390002A069CE0280227E625D90AC70F0840171D
:1023A000E8690101EF4C29B1FEF57F26DF500ED917
:1023B000CA34312ED026F481FCF4EE32462B603A3A
:1023C0003B0F18E8EA0247FAAE111770DDCBDC5478
:1023D0000021E7214456FFC005AC01B18155281FFB
:1023E000F7B2F4F6CAD4DC08F014FFFC4718430F28
:1023F000561A35F5C334D5E204B032C20E0F3C2272
:10240000BA0D5518BC0DE425AF32E80035217FE147
:10241000EA22E2C38291FFFF0400000000010000F5
:1024200085020000C7FDFFFF1F01000029FCFFFF20
:10243000BBFCFFFF3700000072FCFFFFAF00000095
:102440000AFDFFFF2B0000004A01000050FFFFFFC4
:1024500086FFFFFF3C0200007F01000081040000B6
:10246000C1FDFFFF9C0000003904000004FFFFFFD6
:102470004B0000003D00000073FCFFFF3AFDFFFF32
:1024800085FDFFFF6F03000035FDFFFF5A050000CB
:10249000C0FFFFFF68FEFFFF520100008104000043
:1024A0004EFCFFFF9FFBFFFF4FFCFFFF72FFFFFF94
:1024B00088FEFFFF4B010000A9FDFFFFAD020000F9
:1024C00099000000C7FEFFFFD700000025060000AE
:1024D000BDFDFFFF88F9FFFFC606000058FFFFFFA4
:1024E00024000000BC02000041000000D4000000F5
:1024F000DAF9FFFFD301000093FEFFFF9F04000005
:10250000DCFDFFFFBAFCFFFFA1FEFFFF2B01000077
:10251000110100005703000023FBFFFF90FFFFFFA6
:102520008E92FFFF0400000040000000FB3ED677C3
:102530000304D9F5FD03CB1E18CFDCFD071D07F200
:1025400035FBB91B7FCBAFB3D7E4C8D6B6CA0406F8
:1025500061B00ABEFADAFBCBF308D5B573B1B90A9C
:102560004FDFEF16E7450679F2EA040ADA92FFFF39
:1025700004000000400000003E4BFF6501F73B24D3
:102580003437CF4D1FE5E2801AE60DEE1621161FF7
:1025900073AF15D04A22EFB7D3E8564459153DC65C
:1025A0003205D1DAEE14C9F56B0722225BE8F6DFBB
:1025B0000C354A51D8F009E72693FFFF04000000CC
:1025C0004002000035160026441E5936CB1DD12F7F
:1025D000E5E7FC96CDFD4AF009F13531A4F544B0AC
:1025E0005F073EFBD8C94E48B5F4640C1BD21B39BB
:1025F000094581BA25D2D2D95AF3070F0E2977346B
:10260000743123BAF445817FA937AA1A8158817899
:102610007FE7815C7FD98C7FB27BF0E28181DF4BE9
:10262000FA00913EED4B867FA3DF0B8187D72D33D8
:10263000427338819EEF9A4A813C7F7F7FD7F4B006
:1026400047812DCC492F5FD3ECE8911FDD2DE3D3DB
:10265000DD4EE82854FCECE6E9F71800EABD01CDB0
:10266000CC301DE7D2DCA10F312E19CCE99F24A17B
:10267000D8D2CF24025BADDB4CA6E63EB01FF8BA41
:10268000E142FC0000BA9621F9123200B140C24D7D
:10269000C955BA68CA3AA8FDAFCF1ACEA0D2FDE597
:1026A000FAA4D3E5372AF537C9CD68C9D44BE0C0C1
:1026B00035CAB0022242B0E8531D353C18ECE0F4B4
:1026C0002F086DC37F819B727FF6E13006551B8119
:1026D0008E7F7A6703E0BFF96181814DD93D817FAB
:1026E0007F8105817FE74D9C557F7F3D8181818181
:1026F00062174C5F7F81E981F37FFA061A7F7F8141
:102700007F968E811B3955CDDEB79C2D2F2C1BA5B6
:102710001BE6064036E2B21FD3BA23CD37DBD6E63E
:10272000094F15F62F44D144BDF7CADA0C9E3DE996
:10273000194D3F4C3D55E7CB5046EB0B180EF49A24
:10274000DBED50B1BAB9B5BC33BBA3C2220957E81F
:1027500078441755EF0F22EEECFEFCED0F1302B29A
:102760001E370BC802F7E2469A130FDFA037101E80
:10277000CD0CEF48C6C829D85742F53135E2665F1F
:102780008A51ECB916005488108181817781D23644
:10279000BE40B17F1E7F7FEC81F44E81CC409CD443
:1027A000F1BD7FEBB58181EF810B1BBF4175AB287C
:1027B000818165B71AB0813029F5ADDBF4E76D2B67
:1027C00022207FD6FEDE15EC46F31F34F3D04F5B9C
:1027D000260DFAA0D83CA50840F32925BC4801FCE9
:1027E000441716D5204BB2B1B6F99EC03859C06B0C
:1027F0000D50A614B8ABAAFD5AC2051E44D8E22556
:10280000E9FF9FAF7295FFFF040000000001000088
:1028100000000000000000000000000000000000B8
:1028200000000000000000000000000000000000A8
:102830000000000000000000000000000000000098
:102840000000000000000000000000000000000088
:102850000000000000000000000000000000000078
:102860000000000000000000000000000000000068
:102870000000000000000000000000000000000058
:102880000000000000000000000000000000000048
:102890000000000000000000000000000000000038
:1028A0000000000000000000000000000000000028
:1028B0000000000000000000000000000000000018
:1028C0000000000000000000000000000000000008
:1028D00000000000000000000000000000000000F8
:1028E00000000000000000000000000000000000E8
:1028F00000000000000000000000000000000000D8
:1029000000000000000000000000000000000000C7
:102910007E96FFFF0400000000200000560DD83214
:10292000F8CDE630E521FE28B3142A3081FC55CDE0
:102930008F0BC3631ABF08D1CA2CF047CBD6D5166C
:102940005D13E41A14C1BEA52CE5DD36BBDA38529E
:1029500017F612024247FDCFDF21FC01E9251C09D1
:10296000F91C0A31F0D730EDE821F6DEC424DCE0B2
:10297000D4292DF914070C0AEA3D3E09814415F0CB
:10298000DAD618E4F00FEEFFCBD3CCF1F8F815F45B
:102990000B06FFFA27FA0ADCEE14241B01E20AD91F
:1029A00004BC2F39E400DEB5D9B639DDB62DF5EC1F
:1029B0001EEAC6BBE7F16096D6F4813230F0E42817
:1029C00017E91051442B0B06D5DFC8270C353415F9
:1029D00020350E16DB98AA2EFD261ADEE9FD2317F8
:1029E0002B094430FAB3EFD82AD61109E000EA00E7
:1029F000DBFD0700EA083333F528E306C12845FB71
:102A00002102B0F80252E0DF06C02C08D3020C21EC
:102A1000E8F4D8E90DED81F2F0CDC11C3D96A3009C
:102A2000DD20334D0B08BAC90E311B051769B334CD
:102A3000360912741F223BE4E9FE30D1D3BC4A456B
:102A40003CC001CD6DFAB42D06E62AF9A6F90FB106
:102A5000D8C44EDCFC24E420DC7F3B0996F60AB6A1
:102A6000FFD621F7DBC00912F6384F118FB1D8E33A
:102A700007E935CA17CA0BCEB3FB24CAF9F413E52C
:102A8000EF138E4F230226E2EE3281FB1E01EF4E42
:102A900032D717F1FBC5C430CDE0FAD4BDF225D949
:102AA000DB170FF1D9C9F807F4A0D752EF19F228B4
:102AB000F6D1DBB10CD33CD9ACE6D3152D46EDEC09
:102AC000C3C1BB2436F5F2DFFA3DDE72A31704C2A0
:102AD0000181D6D617E7C9D7516D400AB9DEFC137C
:102AE00002450100E203EAE3E4140ED51ACBF22A10
:102AF000B98F2ABFE8F2E5D71B3F15FF5427DB1239
:102B0000CFF0E00C33A8ED044E30B7FB0FF9D6C47C
:102B100081360901201710EE32FEFCE8353A4424D4
:102B2000C136300E1B3AC648AF0A3919FA1B29EFD5
:102B3000F4CEC2140D4A30D60309E93181F0D81B16
:102B4000C6AC25D46DFD50282233E5051145193852
:102B5000F204C2F0E644C42C1318DF2AB70F7194B4
:102B6000D82DD53A31FD0F37F3E2E5C343DAFC94B3
:102B7000F5E0003245D45B652C41F4040749B418F4
:102B800026BC0FE8EACB4F2E7F1AFA3E0CD61F2840
:102B9000D3B8BFFA6EFD0A50AA2DAF70F7FB330D04
:102BA000FD1CF821BD1346F1271F370F36FE1BEB26
:102BB0001BF24E0E1E291E00E3FAF2E40FD605109A
:102BC00013E7A70B099F1E30364EFCF6BF2903D82A
:102BD00005D6BEF4E10DE7092D7F08D613EF06AB4D
:102BE0003AEBE4ECFDA40F2C2D1FD42FEE76F92345
:102BF000C0DD4F036081F110E4DF597ABD01BA0CEA
:102C000021A1C903EC2E21F3F3B6041E0115222BDA
:102C10004C3C94E2EC97C72C1AEEFE00F7FC71478F
:102C20004D313D2A24DC1C730ED83453D3F8183FA1
:102C3000E90ECEEFB646E8BE560C26EE4AF275D443
:102C4000AE14D22D47DF5ED79B2583695221284CD5
:102C50001CB4B38E81CCF3CEA5DA59DA142521AD9C
:102C6000D2E6D13D0C1CC9F901D7A2D805CAF1FDA5
:102C7000F1DA53060881031A9F0FF8E0EE122B16C3
:102C8000DC97070D49C7C03E1D639F3EB323F13556
:102C9000F812321E01D4065C0AE7B9000408019755
:102CA000FE18EB29B7FBF22B1CDCF5EDE41A7FE3F1
:102CB000CA4DE53300D2BFACAD3CB71CC3E84F3CB6
:102CC0004ADCE5ED3639C1B833F5D118FFF8FA1B07
:102CD000F2F1CBDE0258C4ED18BB4F1EFC33EE17E9
:102CE00019F3F7F3FDF7F0CDF4F30026B62DBF1A74
:102CF0001DE9DB2925F80B02E76FAFF61237C07F1D
:102D00005F12F7E4FE12D2E5271FEB341A39CECC5E
:102D1000E4DE4326D906EFE1CD1BD903E3EABCF696
:102D20006CD9DF1EB2B8CA0EEC0E3861EE52F91F34
:102D300003BC02DCEDB521FBF24067411D5C1F5E68
:102D40007FD72F4E30A763335D131806C14240264C
:102D50000FA9D324F3DFB5CE3262121698370C8D4B
:102D6000071743CEF80ACDFF2DDF2A4AF481EEEB98
:102D70005B23E8F50FB5E019E5BD06FA4302B2CAD8
:102D8000EEC922286B240A09EE4E17FFBB21C91D8C
:102D900030C215F10F2C282BECEBC806D4F22F27EC
:102DA0000235FFF52CFE28D804C906C402CE2E0930
:102DB000191C231A6BF3EAFED9F70EBEF911114361
:102DC000DCEAE5F9D9F225F604F81104F8141C0D33
:102DD000600924FE81F221DB2AFFF81D2DFDFEF0A3
:102DE00029C42D1CB0D264AE0505211217D44AD3D4
:102DF000E02626D645DA0EEA3715ABF0811858CE14
:102E0000241F0FF6F030501C35B9CF012916E3EF1F
:102E1000F23B0F008B1AC3C1D4FAF049EF46DBFC3A
:102E2000FE1A080839E2B5FBF645DEE4F0BCE57FA2
:102E3000FACB16400A2EF1EAB8150BFDF6E42CB1D8
:102E400022F9EA161ACDBAF7EBFDF92E603EED2B0A
:102E500039422C22DC1D0C1B0128211FADE0334917
:102E60001C293C1220D41DBDD22AFDFEFCF8D1D96C
:102E70004C160414E9C426D9267F1E012C0BF80435
:102E8000152801C61EF540A96DF7CD17DD14015DAB
:102E9000F80C28EC31A4E8FAD8FD2B21FF0E50E8FD
:102EA0003D7F1B32ECF6CDEE71C4F800004BB32F22
:102EB000CEDBFACD12F22116C71059361FCDC8C489
:102EC00007F6DF224913B80F4F01E22CFD0CFDC8B5
:102ED0000FE0ED3D130001C8A0D6C73881D5101A08
:102EE000B00704D41B110B5DF1EE27AED00302A393
:102EF00043484E226C1A001B2D462107D20AF3715B
:102F0000F111D7FD32325DFE2F391B05357152FCB0
:102F100025A4E7C82B39AEE0FB1BF3C1F505F10F83
:102F2000F6315BE81AE13789DF161612B2CAF6E805
:102F300007FD0102BE0DC71434E4EF07CD15D70419
:102F4000F3DDD50407FCDB15E2F85F4E31F6D71C44
:102F5000EFD8EE02E2813A1430F12202B810E42BED
:102F6000C40D351004A3E5D627F75AF3B6DCDED13D
:102F700003BAB10B453CD5072920DC38C619380BFC
:102F8000E21EFE2D46F5F3A3E1E4CC460CDE1BB7B2
:102F90003024D93A1720D9D9657FF2FBF9B8C2FCA1
:102FA00038DE5B421206D7C16CD3C8810DFE05E93D
:102FB0001FFD0342E703E4EBADECCDF627B8165A4C
:102FC00048250CE4DAF24F23C7530F3C28506FB565
:102FD000D12E0602F5325D219320DFFFDFA2894B5F
:102FE0004DE70CA2FC59E5309827EF2DC5E047616D
:102FF000F17206C7D32A00F9E9ED4C54D5471AE31C
:10300000FB8FEA4BEE15A5252C830C062738EDB671
:1030100015587F3A0F9412DC50E4E43908FFDDB113
:103020000A0FABEEC80558FE2FBF0BFE13CCDAF922
:10303000B3C725E51FF1E700C815EFE9BC22ED0392
:10304000F3BC93BF031AF5D915F8EA03261DE21B5A
:10305000D2188111E7F7413922242CCA270DE30544
:10306000D1F01C1304DF13353AC1DED7BDF9B144EA
:103070005FEE19DBDB0ACEDFB656D43F07A7B49E5E
:103080001066C8DF060940DB21F1CDBA062434EE14
:10309000F055FE2FC08D5409B601814A534D25309D
:1030A00006FBF53B32EAD943D9E8B42714D02D4EBC
:1030B000043CEEEFF6F9DDEEF1F7E508C4FA7F29FE
:1030C00037B74EFE3C264EB6D2EFF11DEC0BCDC409
:1030D000ECD52A2B4B232E25E335063DF60AF512B7
:1030E0008111C0DA3CEEF8EE3EE6ABE0B2F8EF6BF1
:1030F000071CF952F1FD36F3C741554F321D20D45C
:10310000F8E907380D07C52BEF73DF32E72335F7F2
:10311000D720F9C3D0084EED590CD26AFBF361D524
:1031200010083C3A0C34ADC125C33DC8BD4A06D891
:10313000B1FDB6DAEADB0ABD0D3219F80FF3150C52
:10314000FE2AE9BAE909FE0B074ED93F12542E7F39
:10315000C66DEB44040DD0C50AE1FF7E3521BA32BD
:1031600034E3EDA708FDB39CF60E25D8543DCDEF12
:10317000027F04F7F3FA99FD24F300213508490E84
:103180000F11209F9B40290BB82AE7D8161DDF3A64
:103190000742402011261B2418DA14F31D765AE248
:1031A0000106EDFBABC9C5EAFC1A423D18052E0726
:1031B00018F8FAF2180AFD10E2EDCE24E2F32EEE32
:1031C000D3151E1A16E0BA2DF8E0F83D2BE3D2D63F
:1031D000E82D0DEBB11181C60324FAD3E41EC8A972
:1031E000EDD5003BC0B418F508E3CC20EFD0F1A733
:1031F000F7491BC3115A731A4CFB076BC016C3FD6A
:1032000016C361406602DAC855BEFF0A0FCEE54517
:10321000017F15E4E7C60F0899783AD0F4170A3110
:10322000430DFF5BA5FBFE184ACF1597CE93F8D44C
:10323000836623E01AA00B0DC8FF2A38D6401E472C
:10324000E4043742FBE82A2EF300EDDBDC0D2FB25D
:103250007FFCA9ECE330120AB90F0D09DA3322B86A
:10326000B03BC66254D703F4FFBEFE2A101D37F4EC
:103270009F54F5AF23C231ABE30F07EAF0D60AE65D
:103280003955207F3BDC5AFA14242731E8060E3AE0
:10329000BBF994F515403B5511F4EB1C083622F2AE
:1032A0001ECF2EDA053E19DB401C12DB291D7F6D77
:1032B000EF0610D6DA19242D25D4EDBDF2ADC517D1
:1032C00004C8D00114EE1E05EC17D8DAD8FBEDAF18
:1032D0000AE613E8C931342A2D01E53620FFF1F35F
:1032E0002A08ED973A4119F8160B26FF121335E616
:1032F0000419FB1AF93ED5E8DEF5940B2D071D09DC
:10330000D4D65DC564B5DC17C299B52E8111192ECE
:10331000E48F3CE9ACEF401052460D18E1DE02208C
:10332000AB49CCEFF3DCE7C20CF3D9EAF7EF2A03A1
:10333000EC0536FDCC453BAED44935F5DB0816111E
:10334000DFD139E5F51E377F1DF01919D1522F1045
:103350000818EB01F7A21D5FD2F0F8E10BEEB418EC
:1033600016DD30E215EC4FE1F896DD5EEBDA0BC1CD
:103370001ADB1826F9173816AD12EF34131C0FEEAE
:10338000152E9D16F24B0814F6E510502D7F4A4F6E
:10339000F60BC10EDCF42D19F70218D1D89AEDA363
:1033A000FC3E0327A118D2DE5C967F16CBF6741D77
:1033B000B0D74159FD57EFDE04C20AC5ED2F2C26C8
:1033C000F5F3FAF70B4F5AC256F12B09431CCBDF2A
:1033D0000AD0D00DD4FEFF2E86EF181B223C05200C
:1033E000F9DF5602C3357BD42EDC3923F72AF1D31B
:1033F000F9A9102BFC7F14D258E908C727F9E04738
:10340000C4DF444123DCED0CD30EBD25FD570ED4A3
:10341000C7AAE396984A4CEB1E30141DD9FDD70974
:10342000DEB5FA042D0343FCFDA728E9F424FF10C0
:10343000F112F0D60ADBBBD7DD520B53F72DF0F8B3
:10344000E9BED932E12B2EF798EE00F4350CAFB07F
:103450000FEE3DEAEAD0B27F3909F33A0CC9EF81A9
:1034600023FB2831FBBCB01C1B19BAD519B70926A0
:10347000C2D1B808091ADC17F9ECF8EF033DE3E60E
:10348000341BFE130917F30ECCF0F9F494F62EFF5B
:103490000C272CF2D2EE2C03DE18DDE0FD340C44B8
:1034A000DA2FDDBCEDFFD8D754489CB3F8EB3A20B7
:1034B00011EC1BAE0281C422F8E2FC3FEA1F1F336D
:1034C00054FC76003B10F619FFF252151852F6C064
:1034D0004C2DB63769E90D1B25B91167A042E0D51F
:1034E000F5FBE220EAF819F30B1D030F0E0CD909C6
:1034F0002C45D5D521E50B05E912F62481E9E20E2C
:1035000050E80B1402CFDFE8D6F2EA4BF103123198
:1035100011160DDCFF28DCE4FDED00FDCC2530C3E9
:10352000F0BEE9473F24E4D0261BE0F41215E5CCB9
:1035300029EDDAF2F907E6CF132FF2E3E71C0214C4
:103540003B1E2F12220809281036F2350BECC5DD80
:10355000F30F24F6E004EF14AE01397F4B322AD882
:10356000442C0A16E7A00FFEEFBE00C1335B41AB4F
:103570000E2E3DEBF2F9F1DE0FE337E7FEF23D3EB2
:103580000CE6F600E1E4CD1D44C401DC0A794AD220
:103590007FFBB6231B021E11C1FE1818FB37F90A68
:1035A000FAC1DC8D17FC163E18CA57313F6D27D083
:1035B0000845F353FDCD030108F5C752DEF1041FA2
:1035C000FFEB0FF820ED5F23D9CF09F91255DCF599
:1035D00028F3E915F0EA8B7F1C03D2150BC7110AFB
:1035E000F527CE264A2CC8F00224EF1836EB54FA01
:1035F000108100E848F5330609EBEBF1F5ED171DF6
:1036000025DCD4FF120514E0001D3309F538F7AAB4
:10361000044E16FDF5BF06DBAE73E4D20FB201F225
:103620004D7F3544311F260BE23DCC0825EBC615F6
:10363000D91E35D049AFFE1446F02D9F1724DED990
:1036400014151F47EF21D0F20E31BD0329DCC6400F
:1036500011ADEE1DEEF6E3E5533AEAC2151C36D97C
:10366000B695C350ADD608D1541C360CD8E91ECE41
:10367000EF1E81DA0F8AE71FCC170BF69048C7F7C9
:1036800009C7022428F2CAF929DBE5CB1FF3E44875
:10369000D31AC5F1132811F41C430F5782CF42D817
:1036A0002CDB1D333F690C55BAD910E5F962D230D5
:1036B0004EF4E6DF15CA77D33AA7B0B2BF3BECE9C8
:1036C000CDFAB475330C335BF21ACB4D45567EB050
:1036D000D92BD90E4981A0F668D1F8F7041448E82F
:1036E000E22E501930253EF507DD3CE5CCFF03F412
:1036F00026EE1509FE1120D8FBF63B26FAEC382001
:10370000FFD93F00DC13E10BF0E0087F0B0533E548
:10371000452C0ADFD61315DB06F00DFAACFBC123EE
:10372000D8EE0BC4C4042CBAC627D1FD3BBF1FC9B9
:10373000F25A1610FADE381629CFAAF9C005383920
:103740004007F1F740083CDD41B110A4D4E03D90C2
:103750007FD2F02AEB101A23AE3138F2DDDE2C2CAA
:10376000F8F2CDF23FD038C7FB582ECCF9EC22D17D
:10377000D120CAC130000040BC3CF8291E273E4081
:103780001A012111FE15B9182443BE2DD31CD5D71B
:10379000C8B14947BCEA207FCA0F91E9E4131DF282
:1037A000CD37140B1BF62114440657FECDE6242515
:1037B000D8DD300CC505FFC5E91E32DFDD08484DF8
:1037C0002ECF163BD1F57F102CE70204C60666F912
:1037D000C8D73AB217F4DB0D1805F029F1FC0FD960
:1037E000EAC20C25E5BCED1318092D321345FDACDA
:1037F00015F4DC14DDDDFE26E2FC367F0E02E7EA7E
:103800001005BDF2C0E0E7FF3A160CB903475EC1F0
:103810001405D8E639AB00E2065EFB09E31FAA41B6
:10382000440D07F281144651F0B449D9B59AC94103
:10383000970E14FBCC75EC1EE636B891D8EE6612E6
:103840001E35FB2257FAF1164C3CD5C8384B48F7C9
:1038500055B6905E20E1DB970302255627FBEE303C
:10386000DFFC4EDBF612223A1BF90B0E00E3F0F2FE
:10387000FFEE4CD415244DF6FFFADDF7C51A3904D6
:1038800016AFEC7F292C2CEADDF9383D4BE2E2C87B
:103890000621A407363E124105EEDE0CD6B6D6ED63
:1038A0000AE4F7FE17E42BBB37CC1DF2E0E0CFD1E2
:1038B000FB81CA1C4EC0E1F3BDF9E1EE26C01BF24C
:1038C0004AE2FB1F33FE1AB40846FDE3230AD7DEA3
:1038D0003513FCF7F12B17DFEE09CE2CF0FCFEF9C7
:1038E00025F15037DA23FEE1373FEACFF0E0E2215D
:1038F000F82B7FEA21C838E409DDBFE293D9EDD582
:10390000ECEA42511FF1212AEAEFD217F3DF090254
:1039100005E1D2651028BF0B1EF9D7FA00FFFEFBA8
:103920000C0EF9EE0AB56A135D3FBE4DF3A2CA2133
:10393000F9EE71034F1D4DB1DD4ED3F44737E51459
:10394000E9AFA4D5E7FD520C5158A8C9810638E863
:103950001734BAF9A132243618DCECF32B2A3AC812
:10396000E3B6B35F262C1DF964C439EC64013A0652
:10397000EC27D713682CA0F8ECBF0036F51AD09FBF
:10398000082C3081042B153BD3F3D9B97A26F6CA1B
:103990005535CE363342F845FA4E521C1304DF0635
:1039A00049DCC2F222D44F1BE0FF2BF807FB52EC9C
:1039B000D56D3E0A3A064A0014FEF2FE9B1F59B826
:1039C000BA8148E918F6E3EA1B301F0DA119150268
:1039D0003DF61F280DFB93F7281F29F9001A7FF1E8
:1039E000ED3F1438E30AF1D42E04F127F7F0E2207A
:1039F0004ED71053D9FE1615E7EA1FF3EDE122FC6E
:103A0000FFE312F0D4D2D357161CE8D71434E9924E
:103A10004FCCFFFEEEE0E4180049D43F46ED13F032
:103A2000330423FC021AFFD0DF27D3F11F1D8FD2EE
:103A30000A263C24351232D61B2E3FDDC037BF1D6F
:103A40003E813DDEF40D250A430608FD263F54D68F
:103A5000EDF818E8EFF1C8053EFAE854FFEF4332FD
:103A600081F8DC0B03CA172F7010042ED351DBE74B
:103A700019ECF5C938254B17EE04BA0FDDFF5DCD03
:103A8000EED723D0EFEDF3EF04ECD8F710315C96CE
:103A90003A1CF7C5D93E29E53C59FEF7CAF02DD0AE
:103AA000143D2C9DD497DC1C53C5CA8FE1E85247C6
:103AB000B0F974B4088E3037262907AE8991E23CFC
:103AC000CD14F1B6EEC761DA5BEF4F10155CDFDAAB
:103AD00009D08137FA01270E14141E5D9B0F051EB5
:103AE00052843FF03FB7DA2A7FAC0A335FC3003518
:103AF000F8D230331118CB1B9E1465DBD0D5A94109
:103B00002BC618A9255C90D9E91B2703EB13A0EB62
:103B1000180AFD061630814FE8632735114273EE0F
:103B200021012A2FE328DE3942D7013902AC09F0FE
:103B30000047C4D3399107CFA1F6DCB90CF136AAFE
:103B4000D7E538F5185248091C3F0A23FE122CAE5F
:103B5000E33407F7F5D0F3EA8133AFF1F77FEC24D4
:103B6000CF0603D8BEAEE62426AB1E10040C5EECD6
:103B7000E8F2CF0604030EE90A1E0A25E859FE13EF
:103B8000E60FBBF8054EFDD6E21EE6031FF11274E8
:103B9000522A6A14FC0610CAD05937BDE5D82A1F2C
:103BA000ADAFEA4C27CAFBDAFA0B20FA223F3F19E5
:103BB000EEE011EA7FFAC8C2051E2B1AA03942B8FE
:103BC0003EFC20B9E904BD25CF1BE4C1C23BD0DBDC
:103BD000104ACB23D010BA09442B2A91DCDDFF0018
:103BE0002B48252ECF3124F40BDB7F39C6EC0A316C
:103BF000F9E3F540F8FAD714CED818EF55D224C01F
:103C00001ADDFAE2F3EC320DD500EFC22C38E300F6
:103C1000EA073708FB02DB4FF722BEAD1513E72B8F
:103C2000E0D839EAE4E0D4231E3754D909F2E82D6C
:103C300037D31281F020E6DEB6F30910D706DBFB9E
:103C400035EDEA1001450030ECFF821D062B3A2DC0
:103C5000F8DDF9FE1EEFE3D3C5C70AE4CFDC224C42
:103C6000CB57112143114D17B105E633C381E5DF71
:103C7000D93A4EEB3833E3BCB368EB0C6445EBCB7D
:103C80001D1EE598F279EFCD0FD62AF3D003017609
:103C90000CEC5AD2AC1FCD2CF725C30D96D010F0EA
:103CA000EAC3E95EE5B304CF1AC2BDC63CEF2234D5
:103CB000791F71E4881B612E36E5E3F4E351ACBE55
:103CC000CB45F93B2C61D85C1BF1A72A9D45FCCD67
:103CD000B9BC3BE62B383FCE0949810D953DC7382D
:103CE000C525BFD462F3EB2D061502C3BDA43B343A
:103CF000D0377BE65EDD0EBED9670ADAE640B0E07B
:103D0000D6BDF1A4E01307C2812A880AA9213AF896
:103D10002EEFC4F48EDBD4EB3F251C34D3E3390BF8
:103D20000FD0ECA77F8DE3DF29D41BD000B7CAFAF0
:103D3000C942AAEB29397821CD2C87312C350E2C9C
:103D4000D038D9C75EFCF7DE92C154EA0CCD0D26FF
:103D5000D9B133D3AEFC35C8F7F2BD192CFFF30847
:103D60000B5B2158312AE4F5663035EDECEE4F134C
:103D70001EF5222FE8D60ED1DAD3F2FE1F2D0CD974
:103D8000FDB7AE5120F0181A15FDE440CC18DC3612
:103D900036DB0402D8EBFD7F2CFFE509C418DDDC1F
:103DA00003EB151F0E29FC3100034021FE3C0402E9
:103DB000DBF4E8EE0CED16F935DE0B7FDD25FA407D
:103DC000F2D61A35060A2CDFF80DEBD1032F38C5D1
:103DD0000D1DE00E01E2071FCF0906F7BA2E353D93
:103DE000F96ADF0FD1E93BFADD31FD0CE9D2D611DA
:103DF000D713E4F04FCF0B5C1E4DC62CD2EA419195
:103E00005640102181CC0A4A1F0BDAC7C93434A7A7
:103E10004564A9EFE16263C857D03A2930EA4FA35D
:103E2000CBFA28E6E2A8EECEF6BA81C715EF3A3B08
:103E30000DED43A852C81CC3F651D8D7D2DD8E660B
:103E400073DB0DEBB9BCE0EBCEF839C6221ABD70BE
:103E5000281245C41434B93123A4166F0FBD08ECE1
:103E6000D6F72A2422B93C03348AF6BB2966053BDF
:103E70005221FF5714DC33F3EAE6AFC7134AFD8142
:103E800052CC0D94271CE31C323CDE5414E9C97A51
:103E9000D2DCCC2C1B336301A13CDFE5E8E9273100
:103EA00011163E19CEEC6019E0F1EC0101FD01D0D4
:103EB000EA2AB4011CCCADFA0C260D221D1DB81344
:103EC000192216F20581073EEEEBFC1E313313EC8E
:103ED000950326D6FF3EDE051F3D23032AF646B690
:103EE000121240CBCC96DADBA5BA3CD20F46192091
:103EF000D70436373CF3373FC2FE7FE053DC0AC6B7
:103F000022240FF2BEE534CDFEC403159ADA10B0B8
:103F1000BD3C00E3B1E2C102D4EFDCECE8160B815A
:103F2000E938EA22073FEDF10802FA462B3E23CAA0
:103F3000480DCD08FEEBED020A31C620903C4F063D
:103F40000EE6C70EFFBA0AFB4CF9BEBB18F20C0214
:103F500004DE64F19850F50B38E7EF5A4351CF0D6A
:103F6000C1F6DDECF90E2762FAEF05CA19B8961E04
:103F7000289CD43EFDCF1DCD062C1217F76A3DECD0
:103F8000D0FFFCFC01F2BEF329F1BD400E1C163639
:103F9000150226331181F70930E7C63DF6C67F27A3
:103FA0001C2D332AD8F6484AF7023AF6870F2B3BE6
:103FB000D10B6E01D329F6DA06F807C5DCBCD7C9E8
:103FC000C7B41021CB1AF039F7529BDCC1D8E302F9
:103FD00028D0CBD2EFE43513F974EDDBAFAD772504
:103FE0007834EB1432FFE2F4E93830C1DFB57F28D2
:103FF00043711C4DF3A62A011AEF68A1FCED74EF82
:1040000067EBB8E8781C52A8F9E2F3F3BB6BD27502
:10401000E900E6D615D78C22BE8505D18A96D890C0
:10402000E1CB3B25D7FB3B17FAB625ED41A5F28E38
:1040300007B16AA55D1E46EDE7471EC4AAFF35AA73
:10404000DED30CACE504D135DA06BA3DFC37F127F6
:10405000EFC781D0292521F3E631BFE702FCC0F28A
:1040600009BF0ADB2B290781D4FCD6D10C1CFAF23C
:104070002601D8051CF9E8F24419FD3537CFEAE9E5
:104080003538F81A0002C4DEF606B4DF21D9E6623C
:10409000ED3CE510E1F6FC141AB50DF6D23126C060
:1040A00031B443000EC6ECDB1FE94DBA0CDA099FB0
:1040B000F5F411F8C8BFF1ACD0DB04F52379AA04FC
:1040C000403814FC2E32463E818423073248BD44DA
:1040D0003942C3C8200221ECEFCF14A204D8119AB0
:1040E0001BC11BE40BF7E21DBA0606D3DBB61B1798
:1040F000EA1EC152FACD04362DC20A35F71C3DC85E
:1041000081D9D5B9BE3FC4F10BA049D3B7E5A42DE1
:10411000E9022C61C434322DD2A5F5C6F21B282346
:10412000DCF9FFF4D832FE190F2E65F2BA0303E66C
:1041300032122538EE09E1FE12162E2C2331E70744
:10414000DFE8DDF81ADB007FF325F4DFAE12F91D9E
:10415000392BE2FE12072E23FAF6B41CD4E507B37E
:10416000264B01FD1821F4EE1A081113398141E89C
:10417000D809C912F2E7D203FFED120BCFC3FFFA41
:104180001010CCE6F31CF8EDF80CB916DADC17F9D0
:10419000133DE021CAF1F3D0F0F1FE0EE86AAEC2A1
:1041A000E55D4D1FABFDB69DD1DC9518023D30811C
:1041B00059471D291CB8DF67230A3810937432A0B1
:1041C00037D1A52E18111A664554F1C9CFF9A12B84
:1041D000171D39D0C9256FDADEE912D49C1D1FF9ED
:1041E00018EEFFCCE648F3ECC8ECD9C7F1CEDD46BB
:1041F0003019BAD04A591AE0EEEED41C5C42F9CE1E
:104200000D1DD01DDE23E203228D04FE4A5DEA105F
:104210000E1E2291F4811FC4D91107CDC446FB0A9A
:10422000FD220D0313D6CC110DF24138F3DC18F941
:10423000B781F3FC4E04522E2756F04F25F8EAC002
:1042400009CD0BF3E4F73A5D03F5F347262812BBDB
:1042500036411D1DDA3F0FFCBE2A2ED1CA230BECBE
:1042600020FEEEDECB31FCF85E3C10110908C71CC5
:10427000350430D9E11B07DCB55BC9E0FE0324F847
:1042800007CAA93C7F172525043BE0FED9EC013F76
:1042900019E5FBC7E31EDCD9072A1EF8CE0F32A2B0
:1042A0003BB4BD1981253827F2F5283EF6E0009D84
:1042B000E9FA25A9AC01F43ECCFE1A93DED8CD4E26
:1042C000EBE8EE483523DC2A0B0917EBC92C17F66F
:1042D000073614F53E13FD542CEAE0AD15CB2AB396
:1042E0002F2DEDC538EA1DDE09F4E6C4EE20FFE609
:1042F0000DF4129E24D156C70210C1EB3D14010EDD
:104300000C3E100F587F001CD4B6EBDFEB1BEDE02A
:104310002C0C2538E88C1F392D3F0CE1BFE77FD4EA
:104320002B0D0B23F442E5DCBBB00FD41B1903BCEF
:10433000363DF334705C50D517E4F8290A4C2E0B47
:104340001CD2EC01DA31C93CFCF7113BBB7633EAF5
:104350006DB7CF2812031729F00026ECB4FBF1DD6E
:104360003719D21BCBC227106F2CD9FEFDEFD4CC4E
:10437000D727FBF741D827EEFEE0A940F6BFBA0DDC
:104380007FE51C17D9AABB8ED39CE94393F7132A68
:104390004105A9E5F743E6E9EBC0E20E0A05F2178D
:1043A0000DDA1CD47091E235001FF68429DA3D0B3A
:1043B000C8B3F7C846F1E7BCD4020F3C0D4AFCCDA8
:1043C000E11CDDD21D11E90CFEF7FC2A117F370C30
:1043D0000DE8CEEADF3B262CD8094D26D6D921A8F8
:1043E0004A37D70CF80DE05213FDCAF91EE9EE3F2B
:1043F00057A92FFC22C02DE4C2F8334A01E6EAD5C2
:104400000D9514BEE623E8E8E23D26CCDEC6D331A6
:10441000F91E3920BA811D09D4010417BFE2DA81DF
:10442000FA2A3616C90431A8B3ACCD1606C233C475
:10443000D3D23262DCCF1B8456B49A1B170A5EB605
:1044400059FA06FE421C2AFD2D5D0331E5D012F714
:104450004BBFF35048FA0B1819CBE817F331A2C938
:1044600003404694F88115FD273FE4CCF72EBB0CA2
:1044700016FFCEE53715DB4D87F6FE3B21E83814F5
:10448000DD5C464BF225F1DEBE2A0E0A15C867BF79
:1044900001C140031DECC9490DD0EA0FEDC7B4C8F6
:1044A0000421123CCB32DD07F7C13CCA2AFDF3CB15
:1044B0000803FFB11A9E3B93591F0C818B202909D9
:1044C000EB411028EC1230E4D4FBC71F08F124E7BD
:1044D00046EAB257F2FBC30F24F5A91E21E71E21BD
:1044E000EA10F41507FBFAB0B39BFDB8D2F4C50887
:1044F000CFE3E3D845273A81CC25D43BED19EEFB39
:10450000EFE8FBC3C901192719BC28EF024809F9D4
:10451000D224CF0DBFC0C104B7CAE4DDE03D063AE6
:1045200015DFC36EEC5E7BB3FEFF7FFEDF22D49807
:10453000FF001E08E45E678AF43EA9F5D9CFCDB12D
:10454000052A112852D6D71D2E15D058E7EDE7DFE2
:104550003FA910CD0831050F5E2812CCD07F21CAAB
:10456000822C1CF836B236D007C93EBD0BEABD021C
:10457000F64CD5010AAEDDFEE91402F00655E1F273
:10458000E2CDFDEDDCF94502F421FEF305283B14F4
:10459000362FF5EF14F515D41DC0E008EFC9F9EF7B
:1045A000F93DF81AF5BB0CF0CCDDC81E981600B822
:1045B000E20F3F2E39D8FB81160CE0F908162AC805
:1045C0000CF2BB3608C5F30742EE2155E0EEE6E4F7
:1045D000F9D7B1C621AE1DF7FCE0FEEEFDC7CA0556
:1045E0000846F9B9320E5247DA1B30EBC808A8EA80
:1045F000A6D2557FCDFCFB14442AFA01F90702B874
:1046000028F01AD409DEABF67F3EE3AC64E7CA9F1C
:104610003206112B52D2E6004FCE25F0DD15DECA50
:10462000B9E2D30E230BBCFDB3D509173BFE3AFC10
:104630004FBE210CD7E902FB02FB5DF77F2F13F57C
:1046400010D9EE0C4DFD44F0260A2029C24419FF72
:10465000EA1A1223E2BA0C640805BA122A24D9D342
:1046600049B10E5B811E0BA80300B2FC2C5EC8D6BC
:104670001818A4D147D35840FE54F1E8D2B20365CC
:10468000CAED16F220F6C5DEEFFFE542F8E419C0E8
:1046900038CAE0F745351C0FD7E62E12C8F9D0E32B
:1046A0007BE424E4C8C3ED3CA8F0ECDA48F318AF8F
:1046B000C90BFA0520C74929E5D565CB1A0ADC27BD
:1046C00000DCFF0F70FE0319FC3EAFC5B86F7FBB67
:1046D000ACD81838B422C7F0F4E91AF0EC3BFFD19B
:1046E000F6A303FFD8010622B7D1EBCC2F08E51DB6
:1046F00003FFD8E01C13E7DE812BFC3530C9FDFC3D
:10470000321335B82EC3EC2FC4375F07305A34F854
:104710004BF0047611B23A04D505D4292354F61689
:104720000053DA36307F02052B5EF238E2CC43418B
:10473000160A4EB5E0FD21093D09CD3EC100B93D47
:10474000CAC107446D1F73E1EC461420EE1261A448
:10475000E4DD95F2BCF5064A0FEFC958E71D48386D
:104760001846E77FF03AC21D74C43AD70FD432031B
:10477000F05127F5DE33591A30A6C948D9AD0522C4
:10478000CE97EE46E12B140B4F890B55D3FFBCDAC5
:104790005B1CEF3EC491E4220A97D4F4E13B3DD385
:1047A0008125CE082FC5E0B6ADC9B12B2129409691
:1047B0004BD65052C3F0E7CFD869533816AEBC2160
:1047C0000FA18F2E544AC729B3F3FB215CCA1134C1
:1047D000CF2B48A7FCF5E873BEFDECF7F362EE4281
:1047E000B9A6292EBDDCD72C46055C1C81D6EAFF74
:1047F000685A00F0E425081114CCE80AEA30DD3EDE
:10480000E0F1E605E60AF1134E57C65AE1E6F10477
:104810000CE0FCFDE4742D06D4F825EBCC5DF4200F
:10482000DA7F16050CFF42C3CC0C6FE1F2FFFEE904
:10483000F1C7E6193918CCDD30F101FBECEF40DEB1
:1048400008DBC817B52434D30D10D208F4F61EEADD
:10485000D8F42DAFBBA909072E43241A061F18F45C
:10486000CCF0E566F6F85FD70BCA3AECE5F7EC9BBF
:104870000EFC7ADCE0F6E5303CF61638CE7F50B719
:10488000F3D82FBAF1FB4B0CE5DAC92DC40DE31DAB
:1048900014F79DECF909EEFD0CF8C6B9F40BFC51C8
:1048A000BFB3DBF4132AFE0533E0D4CB4CD8F5229A
:1048B0003B8162FEF70A9AC8D3B9CDC242ADDF3957
:1048C00084482C3831E3DA2C6454D0E923C31651E0
:1048D000BEC89AC1192917382BBF021832D319C87C
:1048E00036E3162B31FEEAFFA802F2EE2DE2EC2CA5
:1048F000EBEDC30B3F06DCDEE23CD8C71719EFF740
:104900005B1EF8F0C33D33B23E22FE0217040BF1EA
:10491000D112E8FA7FDD0D7A92FA094D8AB6FFFFCF
:104920000400000000020000F5F4FFFF7D0100001C
:104930001DFDFFFF7DFEFFFFD5F7FFFF95FEFFFF8B
:104940006AFDFFFF02030000BFFEFFFF06F6FFFF48
:104950004DFFFFFF580200003603000059F2FFFF31
:10496000B703000078FFFFFFDD0100000E0200002A
:1049700014FFFFFF23F6FFFF34FAFFFF80FFFFFF66
:10498000F9FBFFFF21050000F5F6FFFF25FAFFFF09
:10499000F8F3FFFF2FFEFFFF42060000FEF5FFFFCA
:1049A000D6F6FFFF19FFFFFFAB010000AB000000D0
:1049B000D5FFFFFF54FDFFFF30F9FFFF2E0200007F
:1049C000A5EEFFFFB2F7FFFFD3FDFFFF3EFEFFFFA7
:1049D000A4F7FFFF82F8FFFF87FDFFFF0E00000036
:1049E00076FDFFFF6CFAFFFFC0FCFFFFF601000041
:1049F0003DFFFFFF4C020000ADFAFFFF06FAFFFF8C
:104A00003BFDFFFFF4FCFFFF2AF4FFFF6003000003
:104A1000A4FBFFFF1DFBFFFF350300009900000012
:104A2000770900007CFAFFFFA3FBFFFFF7FCFFFF05
:104A3000FEFAFFFF31FDFFFF19FEFFFF2FFDFFFF15
:104A4000F1EDFFFFD1F2FFFF75F9FFFF5DFBFFFF07
:104A5000E2F4FFFF23FAFFFF84F9FFFFF5FDFFFFFC
:104A60007AF5FFFF51F5FFFF4FF7FFFF97FEFFFFBE
:104A70002EFDFFFF18F4FFFF83F9FFFFCEFAFFFFC3
:104A800066F6FFFFB0FBFFFFB2FBFFFF91000000E7
:104A90009DFEFFFF93FAFFFF9FFCFFFF050500004F
:104AA000B8FCFFFF85F9FFFF1AFAFFFFCCFEFFFFFE
:104AB000CB000000A1FAFFFF76F9FFFFB9FCFFFF72
:104AC00041FBFFFFC0FFFFFF0BFEFFFF8CFCFFFF62
:104AD0009AFCFFFF36F7FFFF70F7FFFF9BFFFFFF1A
:104AE000A1F7FFFFB1FBFFFF5DF8FFFFE0FBFFFF5A
:104AF000EDFFFFFF670C000006FDFFFFE7F2FFFF81
:104B000069FDFFFF18000000AFFFFFFF44FEFFFF3D
:104B1000B5F9FFFF260300003FFBFFFF1BFFFFFF70
:104B2000EFFAFFFF6FF9FFFF96B8FFFF04000000E8
:104B300080000000CFF87F1BFC2A409AFE1FEFB3D5
:104B4000C932BBBDF2C70523D0E00F2EC5F02CA1A2
:104B5000B0CFE2E3E995B1F628DFD7F55526FDDAC7
:104B6000E1ABA106E6D2D4B1A9C32F2F06CC4DC923
:104B7000B2D896062AA63FC0DCCF2FE624EDF4B7C4
:104B80000BFAFF64F81AF6ADCD19D6CDE2B9DEFA0C
:104B9000339BCDA8DBB1C0DE0B41BCD675CFF9E6A7
:104BA00011AC145818E3E798F5E633C8C1CD26A038
:104BB00004FEA4BD22B9FFFF040000008000000035
:104BC000444A766A61626BFA695761464E7C100905
:104BD0004924626C4165526E335960242043613F21
:104BE00042C20B685D555C607A64584743FC48726A
:104BF00036463144064C734D5AFF685C1A6EDE57D8
:104C000062166A536C4E6640776749257042456567
:104C1000545A5B484C664941552F51507E9141EEA4
:104C200072F824586479154C615B546459F55F79C6
:104C3000675D578054677226556D46365379D72B7A
:104C4000AEB9FFFF04000000004000004B40A00C84
:104C500023BC2FFDC2EDEF8C09B4FAF4B13A9156A2
:104C6000070DA543038AC781A3D1AD53E52A34BB01
:104C700016DBC1DDFC2A15452FA1FD5242F0FF30A5
:104C8000EDFE16F4180352AA0927FC4132D4028122
:104C900043132FA91620A1CAD082CADB14E1C40C89
:104CA000EC04BF17F631251D30F89CE79DF82CDC8D
:104CB00020DE0E1E08E2D50411547EFF4F35BFD210
:104CC000FC1629118E086A0CFAFFF729C0F1F512BB
:104CD000D3C2E7E6F4DCDEE70824FFE4E5D4F50D13
:104CE00036F7F512F0CECBE306DBDC38EC0FF4F54B
:104CF000030F22FE12FFED05F4D2FDD0B150530395
:104D0000C5C1E02EFCF3AFFD34B90EE5D4D9E822DD
:104D100046EBF60600C8D3271E1750EC151729FDE1
:104D2000CCB92508F3E8D70317112EF9CB35E6CD1A
:104D3000140FDFECBBD8063D14252C05E82BCCEB7B
:104D4000072218FF50F919E62F02C881E6DCE79A1E
:104D50001AE5170744F7C53D3AE3E2C2F2D2310F34
:104D6000D6F9EEDB21D02732FA9C1E18C004F0A63B
:104D7000FADFCBD6D33C1AAEF4EBF9F824DF2205E8
:104D80000EE5CCDC15AA39FDFA1F9325E7E8AEDE67
:104D900045D106A17FDF2047341414F8FE15F6B77D
:104DA000484CC7DA212DD4ECD9E5CEF289D21D9D2D
:104DB000085B338B0926F5F8B0D60CC932CBCB1281
:104DC0000AA9CDD8F710E9FEF634B40A01DB0D11BB
:104DD000CBAA81F3C6CEDBC1FBFAE40E0FF4D641B9
:104DE000CAD3E00013F327E8C3B22DA1F8F30BBC3C
:104DF00015E1AE4ECBE2F7C6EDB733180CF8F9F576
:104E0000302D5ECC1CFF79346BD41754FB25F0FC9D
:104E1000322E10D37446D9AEA7CEFDB9C7132BAD31
:104E200042F9AE2931D451FD1A0BAFC855C53DE347
:104E3000E709F730E7F2A1891A152CF21404DA48D1
:104E40001D1CD1069ED60BF1E9D4EFF4BBFD2F114A
:104E50002BD378FC04E0C51AFAD4F107FB030D1537
:104E60001CA412FAF1D8B8F1BC10B8DAE435DA199A
:104E7000E2AAC8CE122B34B6A82D2ACCA3C62DE6A2
:104E80005BAF319EB51BF3FE98F414143DF729ACCB
:104E90004FB7B6E2DEF8C3E50716693F22F571BFEA
:104EA00095C6DFEFBDDBD285E1EFEE04F8FF142DF0
:104EB00046E0CF18A4B6C0CD0E2E16BB0E3B302157
:104EC000E612028138D023F42AAA150CDB086123EC
:104ED00002C87AAE31003304C4DDCDFAF810D3DD58
:104EE000FA952657C1B1B908BE39BA5797201D4067
:104EF000E4EE43D9935FDCE3F4CDCEA0DE8FFC1A61
:104F0000EEFEE4B86381C1E7E0130612FBD034B1D2
:104F100034DDF5F6D51DAF01E5283CD9552AE4016D
:104F2000D3E6E7EBEFA392C1E0D742411D20E112A7
:104F3000131BDF1BB8FCD6E3F8DFB3D821B6DAA227
:104F4000B40036ED4830F9D711D0ABDF5B0E030269
:104F500000FF1529F2E9293BA3EC1AF8E4BF1BD1A5
:104F6000FE1A2EDB0AD00621DA36CD301227DD14E8
:104F70001F24229A2CC7EB88C6DED62135BA54E905
:104F800033E41B3528D4FA02030D9ACDDE171944F9
:104F9000C609A467F2CEE7E82A2C2F37ECBFDC164F
:104FA000FCF03B8DE5CCB2DB81D8D9C5EAF2122FFB
:104FB00028B4D003DA44ED1FCC032B39B99A6B3FE8
:104FC000F0D90B1FDFEB050CC3DCE499F7CC1E0C0A
:104FD000D5B6ECFB3317ECDCDCE7DCDE3BE7F6EECA
:104FE0009ACA1CDDDB2B3E43E4CC2E0AF20BCADA54
:104FF00023D99E3D0B17FAD2E2C3070724C920FC30
:10500000EA1EB81018DF1FF432DDFA038106DBEF69
:10501000230BF20D3532B817C80F1BEEFCFE25CB63
:105020003409FCF232E23EF705CE0205F7E302CD89
:10503000CEE40704140AD1C303E3E612C305D0E0AB
:105040000DFFF8FF070D2F0E1FF0EC150CE6F5FB1A
:105050000EC3F212183518F12FD233ED2CFBCF11FD
:10506000811722EAF41DFEF1A8D9EE0A00C931C366
:105070005FF6BC57EE32002204F02A111EF2D21D58
:10508000E90F0EE238D22F111E080617FF01F2DDDC
:1050900021BC100F40140CD4D0F5E7EC119FBED307
:1050A00040FDB7E04D12E407230C12AB1CF41FBF08
:1050B000D6FEF3FE1C17AAAE07E143D93116B21192
:1050C0000024DBE4A01F63172DE4E51E40DA620E26
:1050D000BB20BC2D4C07FAF9EAF3C7EF27FA188179
:1050E0000BE02AABF9F8DE1F1F343BE42B11E4FE82
:1050F0004B08FDB52A4526AFEAE3FEFB0007FBF6A9
:1051000011F31D5B6FEC10C8FFE9D318E508A0FC94
:105110004D35B1DA2CFDD114F3FAEB05C7DA023BB9
:105120000B3EF7E652D79399EE30351208F0140A89
:1051300040A9153D03340352CF89EEF6E5050A2553
:10514000E7E4F0FDF3DB1D130C0C1ADAAFCF56B019
:1051500028EBC52C5F501AC509FFA2F832F337E8D7
:105160002F0A4CC0FF5137493B0420E01424C7F4F8
:105170002D29E2F6E74F1BBE98D710F10B25E5F776
:1051800031D1205A54E305E8D905EA12D602E2E506
:1051900030C0FA2EF67FE541D341C76609EE46E5F9
:1051A000E431FDDB31F4C98308E038FB97B7F00F39
:1051B000E8CB3D22FB1711C8E0948DD3EE1CF04CD8
:1051C000BF9E09B6DD070FD0B237EE093150003768
:1051D00081F40B17570AEDF01E27C8A32CD34B4AB6
:1051E0002D00ADB2F48100ED02C635E2ED4312FAB6
:1051F000D1CC3E00F319B7C1861C7FA1B4222BA0ED
:1052000091F0F34711DBFEE2B4DCD772E26685BEB3
:10521000472AEDB5CFD7D4371207B5B7EA2DFFD758
:105220004641A2EE291FACD3652A68EB1D3BDFB1D6
:10523000411E42120F330A30C7E2C2EA33DB00DC00
:10524000B00BA3EC3840FB14B84BF5299504C811FA
:10525000212FD5EDFCC4E381021C4C359F9CCB2C47
:10526000FC4738F33A1005B70EEFE744191FADEBD2
:1052700044F85B410FC3401D2418975EF817FDF0FA
:10528000CDCF08D33D2B1EC5D411F30513DFF41F7A
:1052900009DB0EB3CEAA5D054DEDF7661A241F2F6C
:1052A00024D901E40901DF36F8F5CFEFD206DAD9C7
:1052B0000E1F4B384AEEAB04DF47231CC9D017F052
:1052C000E9F30FDECB2ADECE02BA42F0C1EDDA2DD1
:1052D000D996D018F22AC3DAFEDB1147E4D4812D27
:1052E0002BF7E8F1EFF03E2F343EF827EA23D9CF31
:1052F000194DF7CD09E31CE7DE121A07D3E4BCE031
:10530000BC0FDD27342100CBA0F5F641252A13EB95
:1053100015D10928EBD61916D190C12DF2482EDAF5
:105320001905AEFDE819A902F7F6FF1623F70B22BF
:10533000E00BFCF7DDCCE7C0DE2A1A9AFC118CCC1E
:10534000D4F0FB10DF092028CEFE1A1E282511E319
:10535000D1B620F2CF0D00F21AF5E0FDF4F8DCFD35
:10536000D0F4D8EB05DDEA00EBE3FFF604322CF4D1
:10537000060DF01A11300CEDECFA261125D230FF93
:105380000CE114FD0C102BB815E0E3464211EDA121
:1053900029B7290014050A00E9E0EDE81B16FCDC3A
:1053A000E901AD13022FF910140DD929FF15F817D3
:1053B000F10E24081B0731E300F1401832C8F4F560
:1053C00002EAE931F8D010FE1D8125101903E0082A
:1053D000CE04DADCE4D22717DA662411C1D515F938
:1053E00030E0F92700A8A014B9D43DD8E53404B8BA
:1053F000A7BE3012F599C4E505F033F1C72BC5CD32
:1054000000F8DE0B81BDC90309A8F8D1BC1F0EFC52
:10541000F4E0CF9218B5B32874B614DFB36EF4CAB3
:1054200043BDA74BF336BDF3E3CE280419F913D9D6
:105430000C5F10FB0FD957B446FC01C8640189F614
:105440000DF8642836D8CE2805280A1F3DFF0BE545
:10545000FB0EF4100A44EF34C315FA0C0525B8CF3F
:105460001ACBE3E0EFFDFAF70B25C3F00DEEF8CB16
:1054700058EFDEFB54FCFDE005E7D5FDDECE23D181
:10548000F917E51E31D2F6D84CC6FE2509F7EAFD1C
:105490001D3C071DC1F3FE15F1DB00DDB5E8121957
:1054A000DB2E2AA0E32FFBE1132E14C215D8C13343
:1054B0000FA1F4352928EC14ECB7E11B02ADE3355C
:1054C0000AD0CE06C1DD1823E4C3F181DCD03DDF74
:1054D000C0C82728315DF6D4EC0682391BF0F8E30A
:1054E00028D80B03E4ED52FDC41D34BDF00CDB01E4
:1054F0000B2BF4CC872000D5DC1010FA1E44E7F902
:10550000F213E630F4D035AB0FE2F433DCFCE9DD26
:1055100017CAF5AB2F06D919AF81D3FFF6B01826FD
:10552000F3FAE0FCE0B6B9C1A9F620F81BFBC11004
:10553000080BE8333EF333F40BCAB8E80900BBFAB2
:10554000E3EEE520D1E22232D9B8262543EBCFBFE6
:1055500003DB0B32EBDAE314FAD015F4DE13063674
:10556000F7EBB1F8E8F4F7E2E239D70042CC10CA21
:10557000DAFAFE12FB1503151F9FC8ED0D15229CCC
:10558000111115012701599635C409271381040EFD
:10559000E62573BCD80CDFEDE4D316D0EBE90C099B
:1055A000071995F4FF1DDC2C1E19BD0709C5C41B86
:1055B000DAF7F5442C15D9EC32E340F2CB92DCE972
:1055C00047FC02B49FF1441501A52201F303361AEA
:1055D00009090C1F1EFD143FD2FBCB1341DFE2FD76
:1055E000C6277FC60A20062BDA1AE733F7E5DF2C39
:1055F00031FCF03117D433BAEF07D5E511F026CBE3
:105600002329404725F7021207D4EBAA13D0041B25
:10561000E717F520DCF533F90F6FF61BF4DBBD0D52
:10562000E93221E410EE2FBCE42C17CAE3D91AD7D3
:1056300005D8F00D0C07D62FD4FEAD48D22DE218B8
:1056400013DC3407F00DF4DCB6E53FB3D68C1F1243
:10565000FAE533FC00CAC90CE1D71DF72DA97F1B61
:105660004EEF12DFCC52C948DEA7ED07FD0FA9EEC1
:10567000332EE1D4CB4E1ABCCE2EDA9AD2D32E3AA8
:10568000FD9249A944FA33CDFD182176243CEFA9B7
:10569000DAA2081EF336B203BD0542C93EDE4C2233
:1056A000E83F0BA8F7160EE811473C0AC9F9414735
:1056B000F517FA05AEF10DA033FE3C144602FAD7F9
:1056C0002911F1062D16FE1458DEEDF5CBFE32E45D
:1056D00011F53E1FEBE7B338F312BCE3E3EC0B1E0E
:1056E00020D3D4CD06D709442788FC04EC04BF009E
:1056F00001DFF4AA0E3E1605DD210BE3BD2831F8CB
:10570000098C33C522EF7FE79732F54918B0E2C81C
:105710002CA217AD38FCD322E21820070AD452BBC2
:105720001818140D0023BAF9182A2A2FBCC8F3221E
:105730003435E8D0B81609F9E43723B41CE6F8FC90
:105740008EE90FD3131CC8DC390A1BE5F928DBB836
:105750002CE29E360E0FCAED2103FDC8D5A4EAF156
:10576000F1EE25D012D1CB04FF2108F9EEEFCE2BBC
:105770001C07CDE309F54BA6E79EB0FBAF26E5CAB3
:1057800036ED81654718FC060D10AC23C1B805F64F
:105790002A3FC712D3C3B92119F2A450F6052CF140
:1057A000A42FADE6C12D2C0A27F821D80518B1E2A7
:1057B000EFED2CC3FE0FE50BECE15A07EFC719F034
:1057C0000EEBEADAAF0F36E8DA11E20512FDA908AE
:1057D0002D2D9FE9DB17E4EAE9C5C2D5E7E221BA3E
:1057E0007113240F0FFEDEF720FFD6201FEAE331EE
:1057F0007F38FC04230F230FD2A603F8FFD8E3055C
:105800000833C62C43C1E2E7D7400AFCA7EFBA2A07
:10581000BF00BF32E2E930FEA7F5F603DC25F50252
:10582000C2D75FCED2FCFA4416ED32CA0716DD1895
:10583000F3EEF8C5E6551B48D9C629F0F01205F776
:10584000F0ED2007B3DEDA2A0123E2E3DDE2FB9D7F
:10585000FCDBFB370EC516F9ECB5E30C660065847E
:10586000052D7AE6F04899D8D919CEF3532ADCE70A
:1058700012BF0ED01AD4EC04FD0BCDF4DA04653B54
:1058800025B6FA55FAB801F5171A02EC0D05C952FA
:10589000B6DE0520FFF90D112359DA2846B7F00AC4
:1058A000E332ED960EEA81E2F63C381FCD08254141
:1058B00064B036E8B5E72AA60A1EC6E404E9E22980
:1058C000D8E91EB127D4C2FAE12753A25AF72E0411
:1058D000D4A4A51CCF02F6D1E1D4F7FFB4E0BFEE0B
:1058E000C1D8113ECEF1ECCE07320CDD28EDE9FA3D
:1058F0000B02FAF5BADF154B43DEEC18DEDF2FD6CC
:10590000FD2E372D2D1C14D30681285408A820A461
:10591000E40B64F9D9D1FAD0E3D017DD09212BFBD0
:10592000BFA50B5305045E15CD00D21BE3EDEB00C4
:10593000E7F3E506D8B68DD9602B4402660108FF6F
:105940001B0925F6DE1DE321FC2ADCD926035E0BAC
:10595000F95ACE3243316300E62BD7DD2909D4153D
:10596000CB49FEECDC1B24FBEC5F9826D9C49AC320
:10597000FEF4114FFFDB3AE0C6F9FF0308AC2D053A
:10598000F7EBD3534FBFE822E1CCFA8DBAFA51427C
:10599000A82AD5CA1707AC011670EC16F9E8B53875
:1059A00033C345EF1BDA1F35FF0E3DB228D42C411F
:1059B00022EA3563502E430CF096812ABD263EBA6A
:1059C000F11FF81001C1F0DFF80F17F9EBD6FEFB5D
:1059D000DEF7B3A0263406B8B626B3B9F8250B20F7
:1059E0000AF6DD90332708C50423F328A0011DE340
:1059F0002F3FC4C2D11B081BCEBC850A3FE3E5A8DC
:105A0000CB26C312D28DDD07DC1EAC11B5CD95FEC1
:105A1000F321DB1D34F9FF8211CC1155EB4A4317FA
:105A2000C91A0A2CAEE9D70828AD17FFF4CB060631
:105A3000462F1E81F49E22C0BAE452BF0A12B9E773
:105A40000DD2A1DE2802B013ED47CFE93DEF08BD2E
:105A5000000EF83C22CF041EB80E86DDB7D50CD35D
:105A6000270D38DA1E2B81E931F91531B3EDF32812
:105A7000E22EECEA234E2EBEF32FBB093D0804F1C3
:105A800037D9D9CF21FC26D6B6EBE1E3651DFCEC76
:105A9000A41FD23D0E0AD621B6D8D73210BA43225F
:105AA000E8011E04FAE117D803230CDBEF30DDF91F
:105AB000FC23F0F6DF42D30E0FEFDF1304D6FEFB1C
:105AC000F4CABACBAAEF0CF6EAF20D1C08D546C709
:105AD000ED1D0F2CF2091CEEB4BCFCC97FEE15D1F4
:105AE000E5284500BB24DFFBC309E502F113D21B07
:105AF0002B05C3F640FA2B01E11922F21ECA61F50B
:105B00002FFE1E2BC316F13F2902E4D439DFCD2628
:105B1000C1FEEA39D52818D9E138422DE8AD2DEF7C
:105B2000062628BC3A071AC9D2EF4EFBE10618F147
:105B3000F7D5DD0F3129D5B40B148D0AE7F2F00645
:105B4000F7FD09AC0BE91128FF023AF38C2AB807DC
:105B500017A0B5091F3517D5E80BE803B7BCDE025F
:105B600030E61EEF1DEDFAFA05D3D585F0D20D28EB
:105B7000120B4C29EBF3E2C2DBA3B5AFBC7C1AD805
:105B80001FEA09F40B03BB3A2AA5E5FDF9B6EE5866
:105B9000E20908F1CF81EEE2D943441E14FBBE1F97
:105BA000A8D922F302E79C16F70740A3C721FBD729
:105BB00024D01C180DA5D3CB650961ED492BD56FF9
:105BC000C54E2B391D282EE92513D18DDCC274E575
:105BD000EA2C28315A1AE1150BF8D5C03F2463D8B6
:105BE000DCE1EFCEC9F643EBAAFA388103DCD4F747
:105BF00008CE949C0B36EBFABFE1C1F03BFC22309F
:105C0000CDD22352D3CFEBE6FF3B054B1402C3FAB0
:105C10001CD3D80A413AE1F6F64B57A41AB134E73F
:105C2000282F0E124E90A9A301E0522DF924E50869
:105C3000001D5738E6F72A1307D3A00A05E4A5ACE0
:105C400009CAD24A52400B3E4C162F301BDE1EAE04
:105C5000150531071FEED417E3E5B6E31AE42EDC91
:105C600005E51F1AF12EBF0B0216C940E628E80F02
:105C7000FFD0E4B24317EBF934F8270B24E32D18D7
:105C80003EC9DDF2FFD918E4E6F1E4E80012F2ECD7
:105C90000215DD5111D9BB11E5D4E50EEFF1120A61
:105CA000131B201014F581D39E2DF412E31F0FE176
:105CB00027F4AF121619C5200FD8F14B0EF52D2879
:105CC000FFF6B3EDFFFCD814FCD512D6F86FE9FB54
:105CD000F112ABBFC43D06D1143F39F2A134D9F063
:105CE0001D3A20081200CCF1E40DFE7709CAE00746
:105CF00070FB15FE3FF51E3607E2E920C410CCDA32
:105D0000D9D9DF4C2313810316D40E3BB6D615F434
:105D100000DE23D708E22905101FE300DA5BD60571
:105D2000A22216D1F7D4E8FC271000EED928A34F01
:105D30000C2303DBB70700FA11D81AACF0F1B6C593
:105D40003FEEFD2324E92BC11F4B19CF3AE112D0BE
:105D500009F515005B28E7F9E4D11D1CFE9502EE5C
:105D6000E2492FDAD5001C03F251C7E43AED0E0BDD
:105D7000EADF0B091D153FD4F7E4CD40FC3EE5CD2D
:105D80001D0544DC3756C1DDE310E2191F0803FE90
:105D9000280D2716230926CCE64BF311E0810E1EB1
:105DA000AE0A04EC0B06011ACE25F72BD105FC1820
:105DB0003011EA4C3319D4EB051DFC05FEF64FE714
:105DC000E3FBC6BC29D800F5D4F41E2603CA1699F5
:105DD000FE05051022CBDE119DF60DF4F0F247B35F
:105DE0001021471B0908D5FDBC13E1B05D12EB047F
:105DF0001A05E681453C05FCE01533281EB04DF53B
:105E000007DEBB1F43CC15F1FC03F2ED1DD8E0E625
:105E100013F7B35403BF1609C216CCD90696105116
:105E2000F001ECDAFCDF98CCCE06F01BE92C1EFE6C
:105E30003AB6AFADCD1EFE5AE70E0EDEFE051F2BA5
:105E4000E9C48ACE14BFE015D8D3F6D51AFBF79073
:105E5000F0BA21CC11FD28DD17249658EE09A3478E
:105E600005C8C5DE05C5120619ED43E716C7ED9F47
:105E7000391BFFEFDB27FC1FF8DB04CA14D715E939
:105E8000FD30EAF61D17FBD4D2130C4DC90BC4BD6F
:105E9000CF1DE0BA7A01FE071CE0BFC7E2F34F371F
:105EA000ED1B1FFF0213CBD01FA5E284F0CFE7E369
:105EB0001BCF0BB12D102C1D238135A130E0FDD956
:105EC0002BE1C944F8DB7130CDE9E034FA04CBF7BB
:105ED000D2D281EE6B303745D4C6F21DFADE281DD2
:105EE0004AF956EAFCDDF83814C97523CE0D26951B
:105EF000D3ABD41BA3E2F70007D606D902DE08CD48
:105F00000630F4D1F6E10E19C1F4EB3704EBDEEE06
:105F10002CD764D7DF58282C2D3EAA30AE5DDD1774
:105F20005DF6D32D1C23C1E307DFDBF3CECE2212B7
:105F30008F5FFEE3250A8FF701D3E6D2EE3897FB99
:105F40001CD22FC7026AFE0D3632AFDBF209E39591
:105F500007FCF3124FFE371494C6B6DBFF0D12C0D8
:105F60000DF96AD1D144DAEDC81CF2F90627BE2D2D
:105F7000D6DA0BEDE70122FA2803F4142D8D35252E
:105F80004D0EF84708FF2C240DFD3E014F0625F26B
:105F9000E221142F10E0F1CAD91FE7271381280F3F
:105FA00005F7C4C9E8F9DEBCF336F22ACF2749F871
:105FB0004BD6AEB0F306CA081D100A10F104FBD68A
:105FC000DF21BD8913E0ECEAEDFE59D0E7279FEB16
:105FD00033C616110AAEF4A7D5AA3D19EAF3DD00BF
:105FE00000D0FB14460FFA9B1911E0E4FD00F53CCC
:105FF000BF2830FAD9184535C7F6D1DCE81DC603ED
:10600000102AF8BA052932C61E14E1375ADC1A06DE
:106010002BF54230FDB541B6C229D86D5A05F3F6CD
:1060200089061E212AFA3E7FBADAFB049E02FED8B8
:1060300013233DFFE21914232DF832EA41F3150A28
:10604000FC3435F1000F0DFEE50E3916136104E244
:10605000FB13D1FDF919EA1D134E2AE3AEEA15C967
:10606000DCE23B0DD2C8A411E02D1F1815C4F2CFFD
:106070005C16ED022BC73714E5F3ED12D91108F4C5
:106080002116EFF8EA15C5CF1B871C2BBFAEFB24EA
:10609000CB011B07B9E0160717281CF5E920D3E050
:1060A000C8001FFCDEFDFE0DF1BB3C15EEEC81E1EE
:1060B000DDC5D1081906B42BFF2F13CADA01D71595
:1060C00028FD11F1F9E217C5051A44FEC6077F162F
:1060D000C1F525151ABEBB130F21CFE137381B932D
:1060E00008D3E1A3B6E619FA04F1FCC6ECF4DE2508
:1060F000F8E8F6B6A730D9DDC8350CB52700380C5E
:1061000019C2E9FE020357C1D539C62CBE1DA9D359
:10611000D99AC9C24E17DB0ABCF3211B3CF54FF9D3
:10612000102E12D24411E0AA0C464007DA26FAFCDF
:106130001D62F3C90C0D31E8FEF22719560CEFF180
:1061400012F1A5421E40F1062B33ED0318D9D1F30D
:106150002211F10D18E2023AE106E2F4EC0337FAFB
:10616000EFFEC30A0C3317D0C807161CC8CE24F89C
:10617000D8DF13F6AEF2DBF4C00CF1BA1BD91EFB6C
:10618000F0F10CB7DEC71AFE050A0310FBCACDE515
:10619000E609D7281F13E101E81755EE13FB24F495
:1061A000222B101729EEFF0AFAC92DFE1906E8E77F
:1061B000DC7FF5AAF4DCCA24F218E6DB4707C290BC
:1061C000FB0FC5BC1436D1F43E07F10C4A26D909A1
:1061D000CA4609C92EC4553FE37FB51BEBE3E2AFC6
:1061E000FBD5DC2BD0FBFBDF91400B9CFC213F9AC5
:1061F00021E793E72E9221BAB6F3E5226531E13922
:106200002C1BF8CAA793EEBED327FB00D4EEEF51A8
:106210009A68D6073BEFFDDF2BC81B9AD523E83DD4
:106220004BD21409BCBF114487FA0CC71F320DFFB3
:106230003B53EB4EEFE1EF0503345834EC43B3C46A
:1062400060A8A3F9D3DB3D07190C40EE221BE7073A
:10625000D903381CE6D93122E54EE5D8270D4C325A
:106260001DFDC44C00F433DBFBF6E2D0C0EE3F3E34
:10627000AEF82004B5E9F519B111F0CE06C2DF156C
:10628000F80B25E7B10AF1D9C0E8F7071BE5BAC951
:106290001104E2D3F1DDA6F9F523307F1339DB0ACF
:1062A000D2D2C320E3A1E3D2D01018012F0F1A0ECF
:1062B00085320FE9CCE6D40A1432450F402DCED3F7
:1062C000BE09F9EF2D49D35B03FC27E14979200B87
:1062D00002C92A12E7CAE7FA9E1806F5E205B84A8B
:1062E000F6CAEDA20BF406E9003CBF24E0D20A0A8C
:1062F00019480F150AEA4D36D9FA084012C823EAA0
:1063000050F823143720E79ABAA7E304271967C780
:10631000B402B72EACD24FCAC9272B7B0D28E41785
:10632000BFCF45E4F8ED4A748ACCD345CB21D6A340
:10633000DF99EC002C25847F285B62F916BE17429A
:106340001C3ADACFD11C342CE1FF0EFB140D81D0A6
:10635000DFE2D6B2EB01C2AD14A81C16ABE7FD69B3
:10636000D6EBD55005FCDAE4C5FED51C23F1F50DBE
:106370003DFAE110CB0648161EE6A924E61332C208
:10638000131CF1F546062CE513EDEF37DFE9E6CDFA
:1063900024C2F9E7B52A12CAF7CAFB3229DC05F193
:1063A000EB01A511F8121B1BEE25B7DEF4CF12038B
:1063B000F6ECBB0F4CD0C314190138E838CA0AFDFB
:1063C000E0180415B6E82AEDD30CD8223A24FB2EA7
:1063D000F0BFFAE4F4142CBFD3AB0C2C2BEFF50276
:1063E000D91231DC360C0AABC8F6D51EBEC5DF3774
:1063F00005153C6195DBF0212706FFD0E20725FE5D
:10640000E50FD03319E1E4C90241F181E7E2590C0B
:10641000FBF33AFAB695EC9DDD39AD4F2D9DB001F9
:10642000CFF43BDD0CE1F608E5BF24F3AEEFBED8B8
:10643000E9950230EDAEEF02F12BDAF1E62B40FAEE
:10644000F51A3805D9250EE2F1F20CDD2AF690E7AF
:1064500030DFF318CCF0D7100CC0DE16CE8BE13352
:1064600023243D102C1551F5FE10DB2810071BEDE1
:1064700038391C0AD7204014FBB7D7DAF712D5CC2D
:10648000F4FEC74738FFCD0BF34FDD19C601250DCC
:106490000BBB27B3FDE9FF23A6F8C2110826D0D510
:1064A000F2211DF9FC19F12600E9F0C7DEB8EBF581
:1064B000B2090BDB2ED9F1F629D519A981C301F256
:1064C000EB3408D8C5F9FD18D223F445FF604381A9
:1064D000FC0EF91C0E08C8F1E5E3E90CA118D8FF81
:1064E0001FE0C6FBEEDCC1F4FE3F31FB0202D90423
:1064F0001E3618EA2F3747FA019505C9B228C4B3EA
:10650000D333C92DF626F3E91342DA1BE11C12A49A
:1065100015E116A021CF243DEA2BCAFFEC23FB1086
:10652000DB1EF9FBF21FDB1D04B2D8ACF918C60262
:10653000DB0735EAC81513C8BECAECD70D9EF800B4
:1065400027131F23DDEA2CF7CF20D2F808F9710AB0
:10655000DE0E0E032D2674E1A8EBBF9F560E451FDD
:10656000F47F02F4FDE931EBF30AF32F8DF5DBC87C
:10657000A5B12DEE0CFD002AC7EA14ABE1DE03D471
:106580001114EA6F2312EF0408F10BB6F412022A79
:10659000C3EEF9060DEF4904012C12634318F313FF
:1065A0000CD3E532F13133EABEF824F62C17F5109E
:1065B000C143324B49BF3FDABD2CDA053A050CDB4B
:1065C000C9D811FCF5F3F6EEDFE11FDC1EC73A88EF
:1065D0008103D60EC03AC52E03D30CDDF4FF5FFF56
:1065E00011D318B8F44FCCF7063B04174A21DB2926
:1065F0005517E8D9E71F58A6FFC9F407F8F728DAB6
:106600002D37271EE7C661A14CFBC845CE0CDA1317
:10661000501FEB9F03B51A0CD82C33D927F056E541
:10662000131EA695103BD3AFAAD226BDD3CF8F2180
:10663000CDD12345D43CE821C9E4F60DAF99260F0E
:10664000D3FF5706D1D125AA14E539A5D4D16A0FB5
:1066500011D341EC1BEE1EFEFF1381C703093CE181
:1066600048FFF320D0DA42EDC081FAFBA2D40FFE3E
:10667000B31CF11193CCC3C9DC07DBE4EC9CD3F071
:10668000CC2033EDEDEF3C00E215AB2623CD11BA63
:1066900026CADA29712CF40B194B3F1739D909F1A5
:1066A0005829DCF02BD0CB0BC5C6072759F90F01B1
:1066B000D07E2AE9E6ED4021A149220673F510D5E6
:1066C0008E251BA74BF109FC68DFD208A5E4222820
:1066D000DEA51A32F4FA37B61BBAB9FB43EC4B22EB
:1066E000BB8313DAA81A4F06D293EAB5E2F3ECFDA6
:1066F000E5E0C816E00E0CADEA1D22E40ED3D5F499
:10670000C92C45DEF123014414222A2B68B13F47EE
:106710001C9AEFDC7F2AA1D2E974E650DD173DE830
:10672000148EE3E0EEBAE313D6EBEC26C4EEECBA3B
:10673000014EE21289F9CDE36820E83F9D1AF2C6C6
:106740000C0E5DDA694F002A4D1900D61E2DE309A3
:106750001EFECD300B0004ECA40C1BC741CF19F674
:10676000EDF11AC2343526B103F2DEE9CC08F32B81
:106770001FDE382BFE0B3B20FAFCC7A121360AE8AE
:106780002528B90A073C13B7C8F5FCA465F31CC952
:10679000D80ED51209B958B9EA49FB7234DFC802DC
:1067A000DD1211ED07B715FEBBFDFA32D1EFF9810D
:1067B00030EA22E7000E17DA39EEE732141211FE42
:1067C000F325E0F0EAEB0221152025EA9FE3BC0A5D
:1067D0000B9647D3ED93D719E255088127051BE1A6
:1067E00003DC0AF7FEF9C7F4EFB1E1FFE8F9FC0BAF
:1067F000E701E2EF1C23A9F1F017C3BCF84228FF20
:10680000EEC7AFEF1BE9E536F52BEBC71419F5DD45
:106810001313C1F120ECF6E4931907CE1B014B05CD
:10682000ECF0F7C1FC24A02AB501532FE035EEEFC0
:106830003829DEFA92F01949BCB7201608100CBFAF
:1068400000F0FC2A433EBEC6F7F7AC885122BEE4F6
:10685000DFA323F90F24C7ECE03A21E0EB2F07F880
:1068600031AC540DD8DD18D2C5000735CEF60AA3D9
:106870001BF0FE32213839ECCC040838CE2523F841
:106880001919F2E3C314BC5A1ABDF624A6F0F61B7C
:10689000093930BFFB04FB2FF7FADCE0E922B9E746
:1068A000FCF9FB49F5E2EC4B11DDDE8EBA0625F270
:1068B0000E33B5EB7F33E730F109FD130210B32D32
:1068C0000AF809180CEA39160AFCC5191C2C02D260
:1068D00017FFE0CBAA0F0A0E26A7D0CE9A97FCB4DA
:1068E000BF11D0D529ECF1FEBD31BF03BBF0ADC760
:1068F00059E706CB221C0AF6CFC7BAD8EA13E2BB87
:1069000019EDE33435D918F4D2279715C20EDF25D7
:10691000291C1412E6BF121932E08B361D10DDF46B
:10692000C44301D84C30CACCF2CEFF23E2CD21A91A
:10693000F5CFECEE08F7DACE9BBE1BA40CBDF3C17D
:106940002532FDCED814F503E523811DFD1AD5EEC1
:10695000F407061903B54509CF3ED2B9CFFC31E59E
:1069600009F3E96B17E30DBEFDD92EB6C621160952
:1069700006D91AF1D7C2F14ADD30E18140C638FFAD
:10698000C22727A5A20628DCB723D135FF08161396
:10699000D72908E93CE0F2C81B1A4E5E2F202B08CD
:1069A00002D20C1203E5B71CC7EE10193726F51FEB
:1069B000B851F2ECA2E2EB26CA07200721E51BE062
:1069C000F5FA0AD2EF4EE50A1B062CD22033E61F59
:1069D0000E23B615EE391D091D33F913CCF5FE0B48
:1069E00021F3DD2EF4C3E3F3DB18D0FBCACD1EE3A5
:1069F0003FD6EE07D6DAEE3ED4E3261DDA04EF0CDE
:106A0000CFBFE50FD520C6E51EBF18CDBFB717F322
:106A1000E60408D0E0F1222637CF14E1D72C810B11
:106A200026E910EDF1FB0520D8DF0823F81AE1D2A2
:106A3000D62ED423E806F40D160B18F3E046CB0E41
:106A4000F10C020021E20B27E00428E51B130447A8
:106A5000C8DEE1E743B20FC8FB32007DF4D518224F
:106A60000F11BADB350501E0CAA2C6E84CF90B10DC
:106A7000FD163632DB0D073FD404F8C5FDD1F3F91E
:106A800021F33DBAED3B1CCA03DD1C4516F9E3F7C3
:106A900035E200177F1251E2E006D54F24E02A16B6
:106AA0001CEEE8F765030F3E141CB5E73E061CE735
:106AB000ED0DEA213DFE1922EEEB46E72AE3D0EC8C
:106AC000D6F80B2CC4C82CEB41F0182313A8F2F213
:106AD0000B1817DC0B2E14D71AD4040339CEDC4262
:106AE000F600708114202E1DFF35924B6E04F7FBCB
:106AF0007A470E30E6123EF718F2E357F90BCC97BF
:106B0000DC2C10113A2806F8E5203105FE0D15F8A9
:106B10004A132E2FFFFBDEC2DE23A10FFBD4EB3E78
:106B2000054B03041825EFD8CF48C7ECD9C4E7F8C4
:106B300039D611635D0E9ADCE629CDBC8F15F1BF05
:106B4000F4300FD8CFE31FFADFFF280B01DACDCEE8
:106B5000D9C5F40C06CCFC060213F31308F12DD8AA
:106B6000D70B2C0B17C80AD2E8D8D518F2F2A527F4
:106B70000911F92DE808E2E1E3EF0807BBE3DFF8CC
:106B800014E2AEE71D2635F03EB51AED81C6CDDF25
:106B9000F9FE20EE180200E4B4F20824E3DB0DE76E
:106BA000CE0B041716F20BE114B8CEF307DE34F364
:106BB000F3F71606E5E8E90F05FB06DA03DAF50355
:106BC00005D602E2C9E60FDA1410E80823E23AFA21
:106BD000D2F0B2164428DA25EFE00B36B0BEC72B50
:106BE000DC77EF1FEA101F190205BEFAF2EA25C88A
:106BF000081A0A135DF33ED215FDFA3A5913D3E28F
:106C0000E521252B20273AD50CD0D63116160500C4
:106C1000F3022E38210539F2C537F41C18813329C7
:106C200012D316F4E10F1F148615F7D8F0F20AE715
:106C30000FEFEE295F3CD9E6132EF944C7F442EF7B
:106C40008D15C7EA1BDA3C13F8B024185FF24DE04B
:106C5000C5B5C4E023282213ABFF39E01EEF166D43
:106C60000244E7CCE44AF8EFD819EFD517EAE60179
:106C70005005CE002CF64A0EEFB01C2EE9DD0622A0
:106C800008E12F4A50A9B1AD05E50B05F6BA192365
:106C900008F3F831EA04001DD520E6E19004EB4446
:106CA00010DE15DCCC13DAC8B4E6D300D520DC281E
:106CB0003EDB2750274304F6F9D0B1F3E2E548293B
:106CC0001C81ACCAC9C34EF1C7BAF1A7E73CE2B117
:106CD000A73CC51AFD5CDE1FA65AB411DCEDE3012A
:106CE000FD2A060CF1D2230DE3165B27F6F7B5C299
:106CF0000DC3F741AE27F021811E5413F41FBF1CB2
:106D0000CDF499F1D9FBF7D6CDC0BADF1BCE301642
:106D1000F0E6D59BE6F298DC22DF291AE24EC71195
:106D20005E1EEF26A3B3EF98B32069CE3A26E1CCDE
:106D3000321F0BE03F2F77EB3F1687FE2D1997C8C8
:106D4000F1C72C2AC032EF4BE2A5453C143FE09836
:106D500090AEF1DAA523D626F11AE2E6C2FDD822DA
:106D60004AEB6AFFFE37B5FB082802FB7F42CCFAEC
:106D7000414912F933017CBBC4F1F41B0507E6D489
:106D8000D2F743202197E25EEAB4B62B91310E3E52
:106D90002550D1FAE5CEC25A3CD110B6AB45AEDF94
:106DA0002A2B56A1FCABB3BE103915211E574BE759
:106DB000D6CA15D6C1332405E404C6D9FFE1D6F7F7
:106DC0000EC04800FACFAA2FEE1CACA81B5055FEEF
:106DD00016E3E7D9F20DFF43E02E2011E8C8DA1BD5
:106DE000EBE9B6F894E5F3DCDD05E8003905262A81
:106DF000461BA0CF07E332F339FC081AF20E0C0150
:106E00000530F92F29D0121300A00FBF0DDB273E4C
:106E1000B55EF9FABDC3FB05FDD841DE8126BE0A89
:106E200010ED1952F4370C21B0431410E5F3E6F8D5
:106E3000E6BDC40BFC46EB1B20E562F1470CE42FDA
:106E4000E4E3A90F9EE2FE00E6F93EEA03BE211B41
:106E5000CF20F629571722DEFEE505501FB8EA4A73
:106E6000BF5414B9142C220DDDFDF3F345DEE8DC2C
:106E700039E209E5430423FEC8CB121421FAB4FA1F
:106E80002B26131B297FD730E7EEF519D81117FCF5
:106E90001DDC0234242125FE8CEDF4EC3AEDF020CB
:106EA000F30605F0111405F0A842FDEBF8D50F0F1D
:106EB00002E6D9507B1CD32FC02DF305AD0F31FD59
:106EC000D00EF4D13900121FE802012F17EF5DC474
:106ED000FEFA063328062B1FB2D2D811FB17FC2767
:106EE0001B305BB4CB35F7210A58D12537FE02BDE4
:106EF00036F0F2EDE81D7DE60024C5030A3DD3AC73
:106F000014050A74F7C20411FC24D4812A2DBC098B
:106F1000E127FCDFE011141FC526F4B0B7EDDA520B
:106F2000FFA829FA15E006B20CFA0DCE1AFEE415F8
:106F30002EC52D5A31520A3ABD2B96E1E31FEBF0D4
:106F4000BECFEC1ACD08BEF2CBE8EAC1171A150A7B
:106F5000F300E720772200F924A4D2441CB0E42CEB
:106F6000BD11E5EE171946F3D126DFC424FB9EF8C8
:106F7000E312FFD818F2F8AD1DD8DBF8CC2CC3060D
:106F800043CEB8EA1D1EED1A10E2F602DBE9EF2946
:106F90001D813DE3030E002CB9D7DB1EE5B50D398D
:106FA000DB1E0928D0BB07AFE4201323000EC93233
:106FB000D6F4D9415F25193F15C9EFF3DAFA86E017
:106FC00086CEFC0B05094525D1FEF2002733F808D3
:106FD000C8FAE210F0415525C97F18CEC1DFF92F5C
:106FE00011E0AB0CB3F0EDF9FE253809E0D7219C98
:106FF000F1DE0207FCD7F54901FDDCEEE3E7E2F044
:10700000B71EB3EEF421FE15F7E216F8DA0406BD5A
:10701000F41E0A0912FAED226AD42BDB0436FCC5F1
:107020003FD10F01B1B6E1FDF5F728012FD7BFC35E
:10703000EC0A1408F629D91F03EDCCD823ECE4F8A8
:107040001DD609EA08EB52120C0525FF2CFF3E0065
:10705000DFE4C0D2041ECC2E05C5A1AE56FB08A0AD
:1070600017C44C0130F3383AF4E52006FA38C7C8A3
:10707000D0EBC1A9136BEAB7FDF42CB8EBE801C360
:1070800029381CC619B22B21D8F4BF1FDE0D9EB6BD
:107090004915FFB8F9EDDD3BAC6510CD0E4BE0BEF8
:1070A0002D3B0F2E5B2CCE23E8011E3D81C4451DD8
:1070B000E5E4C204C71CC1E3C2B7C0F0FC46D6EC8D
:1070C000EFF6C4E300FD0A324748A121F5EDDA04EA
:1070D000123AD9F6E3EFE9CFD1F6B8D69C1DB74BFB
:1070E0005118F5312500E4EA0E141249E0DB00DE08
:1070F000321B51F717E3FC4939DB2C0CB7C8CDAD77
:10710000ED1DC1FDFCF2EE05C72B0F560037E3F66F
:10711000C1093781E59E0C24F8E4D853BB52D9F855
:1071200020FC3214DCD0AB2613E24705E7EBC51F89
:10713000EBF7EBD2430B1CCDAF1606E2B405D90E2C
:1071400009E3F60533D30B0CF4B50108D0353F4104
:107150000FD727042D81DD22271AE401EA45D72F16
:10716000FB9ED74941BEB7D60EB7F128CB3F55138A
:10717000DC9615BCD01DD708FEFEF9FCB936011F00
:107180001CC5D3B4E7F902F1D0BEEB4300C4B7DCB1
:10719000122AEC8BDE21AFF726BA6407C62AFFB9A4
:1071A0001D9C0040012CBB1C4216125A3143EED4E8
:1071B000F107EEE8DC1B01310A3266F74C0441F7B7
:1071C000070E2D3E40FD0124FCA23714DBDBB44248
:1071D000F9F4DBE87FC5F9C9C00BE8FE6E1AE827B1
:1071E000B0E13DEFF40A76DBAFDEBD11D120DE1E4B
:1071F000323C2106E76E120400C4B5DB3BD4DB2829
:1072000013280DC41C5A05FB3D14111DD0E172F763
:107210003BF35629D648EBA89538C92C57C9DB2E25
:10722000E3D325391D19D9FCBAE4EE3FE1EAE5AD17
:10723000D0BD2068E6D5C5934C3939CECEF34D206C
:10724000D94A13AEDB131CDC00FC220D2A1024A744
:10725000C83BA502A70408EFF046E4FED11AC61801
:107260004EFC21E51BAEDA2BD2EA3E4B29CECDDF18
:1072700020F33FF23607EC261BEA0AFBCF40EEE193
:10728000383BB552F1DAB316E10FF7EAB52E08EC48
:10729000BBFDFA9E00F0C70357DE051CDA4AC7CDD6
:1072A0002105FC1C810DE13815EEF3C3FA12C9FD6E
:1072B00095E9E4C6EE2C14F107FCDAE430D0DF09DE
:1072C00003C6391E20FBB73DE4E513EA39DAFBF0CB
:1072D000CE973408E80114D909E70C3DDEB099F9DE
:1072E000A029DA949DFB181EFB1B0CA12B2B3BFE47
:1072F00012B2A2EA43B0F00233D4260C30E0FB0C09
:10730000F0FA512F1E0843D6E7EFEA7F21FBF90080
:107310001A1F2635470322DAA0C510DECACAFD0DA2
:1073200000D6B1FB12E667F8A306B4F5E04DD4EA47
:10733000431AF23C5B2EE4ECBDC352301FB605E8A5
:1073400014D3D5D3CB006444EF981E4E3DB04FE02C
:10735000D9EC07000AD9F513CBCF2C2234841BF9C2
:10736000F0E0720C1F4A2F44094CB6F8F7BFF36DDA
:10737000DD02FE4951BAE705F9ECCBFAE8F1122B30
:10738000ED2BF00EDDC7E0ADFA22F7007B834E0E49
:1073900019D1172DEA082A88E4180C6603860DE235
:1073A000DCC4E7DCEECDE7A68132E8F90D9A13F7ED
:1073B0003FE6EE5626D7F3C30EEAED4CCAEE61D493
:1073C000050E22C6D4FD26DE020018AFDCE6491207
:1073D000DCAEDA2882B6E52E839B2007221335CA5D
:1073E0002FB93CD31A1D18EDBF32EC19ED2DF20E5A
:1073F000FAB9F72BEAA2320DEBE7EE96F613FC167C
:107400003411E167DBF8D9B8C4022EC360220BFD4A
:10741000D72817E51BE749BFB17FF967488813DB19
:10742000DC3A3C0C31F5DCDBC20B022D0FDAFAD36F
:107430003E1814370B0CBBE2CA41DC5B380023D288
:10744000A3A0B9E4FA13C5D4A7434EB6EE1BE54298
:107450000FEB12F3F8071EC7F5F609F7F61DDE1D50
:10746000F4EADC4F1ECF099DD334D618A6E915DE09
:10747000F2D933F9DF04E753E91217F4C517090508
:10748000E61F01EC1B0FCADB0E230EDFF8EC24060F
:10749000060343FEEDCE11EDBE20075636E7C3EDE1
:1074A000D3DCFC16E115DA15E5F11EF431DAFBDB6D
:1074B000D535D34781B90D0802422201F1FF1D19CC
:1074C000CE30E4D212E52413EBF81107C56DEFE5D9
:1074D00009FCBAC51735130E02383ACC92061E15B0
:1074E0000F1A13E845FEBC1DC0E0DE321FE1BBC72A
:1074F00064D816E52E373AD5B1EAB526EC46E4CF86
:107500000D18B1180411CF03EFE4E16FB23E2F461E
:10751000F912A2D5C2B08140123927FD1945CDD943
:10752000DC0DED0ECB58DAF6ECF330E0E2C78D93CC
:10753000E4F0DEFB61C9E0FEB20D05E5E2DFB7FF76
:107540003EF7E0C8DDD8F1D0A422CA3306C17FC31C
:107550000106F1F50BD4E40AFE0AF6C635E028CFA1
:10756000E0E104D9CD4114FFF2F9FFC42A3BE3E77F
:1075700022E6E0D4221FE4DBEF02FDE7F5FA13F385
:107580003DDA332EEAF01BDA0221002D1EFBB3FE9A
:10759000282ACA0B0742E4EA0B3C4BADF1A82C0D9C
:1075A000231BE3ED23C9EDC008062020E02CDA44BC
:1075B000332CE229FB071EFC33D9DF13CA31D3FD7C
:1075C000060FB0121BF41FEB1705D9D23A4B1BD193
:1075D000E9A8AC19EE0E2E1FA724E040E1E0A32C91
:1075E000EA39EA72FC20891CCC54E06FF61D4BF09E
:1075F0002629C44058C35F0DE0E290384057311847
:107600005B0A48F31D2F1DF6EE8AAC0C54EF08F50B
:10761000E50F3C590DB82DF5C7C9BE35C74BFB3931
:107620000CB92F490714E10E99C3F5EAAF10C4E174
:10763000CD20C4F55657F138E84E627F36FA042360
:10764000F2EC9107CCC06FC1DCA24AE03B4504D606
:10765000E4F9D84DE3010C49E31DF835CA1D02A930
:107660000C1EE825D7C1C218E0390927F5D620C677
:1076700038E8B3C513871104E531151B3E2227E115
:1076800011C731F797A2F91C1EB60111C1FD162FC3
:10769000EC35C51AFCAC2A253599FEC48A0DB80D07
:1076A00016FF29F011F8F126E3060EF13B47D7CF7C
:1076B000131FDB43CFF1BF290006B6050FE9ED1D0F
:1076C0005981FCD7F4E451E9E9E030C7D8D0F1B4EE
:1076D000DFFBBD200803E50FBE2116B21E101D0CF6
:1076E000FBFFDDE9FEF418CD09E530C7CF29F6EA46
:1076F000FD812E2BD9141B3E980605C61F1304EAE4
:1077000010D3E43FCA1EDF05DCE5D91F42FA0A1296
:10771000FF37EFB7E1981AE1F746464A0F132DF409
:10772000AC92E0D718D8DE1EB11B3817F7FA2ADB67
:107730000BF22AB8FA17F7FB1CEBDFDA0BF315FC98
:10774000EB101006F8412D1907001AE20B235E36E4
:10775000A6F8C3E94C66FBED20BEDE1205DAC9E0EF
:10776000DEEE1CBDB2DB513BC45601E7E330D19FD6
:10777000DDEEE7D0281CC1B7912F14F41A4481E044
:107780002FDC43592A0A13FCCB0EFD37163BDC399C
:107790001EF7D416320AE335CFBAEAAAED05FC117A
:1077A000F62FF0F9B7950FD1D1E30719311FED2B63
:1077B000F4D5D02F3F4FFD2D9FC0DB0AD722AF0657
:1077C000B3F5CC08BAD0021DABE7FDF848E94AF69C
:1077D0000316DE1D2CECE92EB30FD2020319039819
:1077E0000512CE241014F406EB3113E30406D3EE95
:1077F00013D10EDF141D32D507DE0E361FC1381D22
:1078000011DB1C331EE9E2F9D7FFD23208CDC6F7EF
:107810004608D40E3B0B1C1DEECF37D3E7CD3733D4
:1078200033D2FBCFE7049CD2811FEFF31AF7F201AA
:10783000470DEBEE29FC13FAFD22232228C934C39D
:1078400018B7B9B6E40B5A14C0F3F6E6F9480DF0D0
:10785000F6BD3510EEE8B5B611DC09F5AD0E0657EC
:107860009B0FCFF0F936FAA43F0DDA2B21D209F79E
:1078700005DA17DB4E042ED4CEBC0812EEE0DC8114
:1078800027242CF3053526C9DACED8560C01C0DAE8
:10789000EFCD38F522F51DAAFFF7EF15F809F3D360
:1078A000E4C8D30117FD0F0B0302C4D703320BF05A
:1078B000BFAF0811FB20B7FB15126DE113F8D4ED33
:1078C000311EF7E084BE2FA6F30FE92FF6F1B520A5
:1078D000DEA197B02821050B160B1D2C5028FCC0EB
:1078E0003AC84A0559FA6A2BEE02252F04D6DDED77
:1078F000F8BBF80DFBF1E1521CA8B1F3B3F9B7B135
:10790000DDACE0D75928BA31EB282F28FCEA560025
:107910005EB35B09EC4532DDD936CC535258E2DD1B
:1079200042050FE3E7D8F344D52E28358529DC2717
:10793000FE001704341EDACCF29DABEACA5297B4AB
:10794000F303E6190D6AEEDA7FF6EDFB46E614A7BF
:10795000E2EC31F634D43A2CF7172539B90AB229BA
:1079600017B211A30AFFCCFC2829FAEE07B81BC5F1
:107970003DDDBDE3D9E63538FEEADCEB36DFFFA4BA
:10798000C53100FD27C2D4BF42F91228D921E4FB3A
:10799000E22BFD100E1AF92437D3F2E3F5132A4730
:1079A00016FB24A2033FF8F903D9EB81010D0EE386
:1079B00017AA34099F12F922E8D91DF819B6DAF589
:1079C00016B7BDCBD8A67711C0E4E7C0F3AE0B0560
:1079D00024963DDD626CE20A26B5D2272F91E7217D
:1079E00034F2469D12C36922DC2733F924E182F583
:1079F00015E482C90ED4C81329E2B3B32200FEF7FE
:107A0000D6F4EBE852071E230252E7D38FF549E67E
:107A10005FB80FA4FC5B1FF596EEE00A611709D171
:107A20003440F5F81CCAF4160AFA31D4A9CB064240
:107A3000E64AF0FF5F1A04DC7FF4DEAEB923C1082A
:107A4000D4A7CBD4C945E9FEEFADE81F0931E11D4C
:107A5000AE1DDA0F0A1658EDEC15ACE8361FF41E11
:107A6000EC46112319E462D4DB18F8209F1317B0F9
:107A7000FFE1303BDE1EBB07F0FFFFD7C4F13A1930
:107A8000292C9C251706C4FE0BECCCCA00ED0F3246
:107A9000DDF056F8D9BF07F4141EF23E306381FEC4
:107AA000F6E8CEFC07F11AFAEEE661230C30E54168
:107AB000C02AED1028E034021039BC0EC412B9F50A
:107AC000F9F101360E1AEDF3CCE71CDE0FCBFB32D9
:107AD0000E0C0F1941C33F1AE14DFD07130AD5CC17
:107AE0000EDCEDF628B409EAEAA649E3BFF8578AA6
:107AF000B181F83CA03A932022F830F9F01F16FA31
:107B000004F5CCD6BEDDA916D8B1BE190EF4A8AEC8
:107B1000BCF5EBA054BBCCE241BB562F1FFCF4A03C
:107B200017E6AC47F80CE8B6931C040C591508ECA2
:107B30000A59FDDB0918E9E545CDEEDA30F3DA46FE
:107B400005E7D41326142E20CB5CFA24FF3630B779
:107B5000B1E9E5D52E2EC5DCCE1AB9020AF216ED32
:107B6000FBB6ECF9F91ADF22D2D4F1540C31CCDE99
:107B7000341BAB1903012212DE010CF50F43C211B5
:107B80000B1026DA34DA03202281E9EDE4F7F2461D
:107B9000EA34E1EB11FCB8220AFBEBF2B419BEF1B6
:107BA0001864A803F60810D8F6FE05EAF5FFDA9681
:107BB0000BFFC12E64450427041D06CF0822B1E443
:107BC000F5BDE133D1F2FF21BF88244635E043F80B
:107BD0003822C2C71114DCF2FCD9C5EBFBE80CC299
:107BE000F6FFDDAC2BD9D90BF329C20DFF14CB1650
:107BF00071253ED92ECBEF11F0AACECB15ECEFB606
:107C00000FF7CB1CF50CEFE8DB3FC931A320B21313
:107C100035681A37E3A216C241ED8BE6CC0611DABD
:107C2000CA25E6C90B46CFED23D3D12A0ABAF2F50D
:107C30001658F8E8ED0F16E681BEEAD420F9EE21D9
:107C4000CFD6E3F900131420C423CFFF13D1C1F41E
:107C5000FDCAAC0ED4D70A0742E02ADF26C734207B
:107C6000F6F3CAFE1B2AD5DC0100EAF80617C2F3B8
:107C7000BC07B943D331EAF2130A040815ECD93E24
:107C80000F0AD1A1352958F225D7FE3CFECFE419C1
:107C900031CA33FC35F494F081B4F8C9F0E3EAE476
:107CA0000BB4B835FB063704FF02AB1ED3C419F77B
:107CB0002603E836CE19A2BC181226F7F91415C00F
:107CC00009231406C10C1120360727FDED41D1C749
:107CD00009559AEE887005F0073518FEBE32EFDFC1
:107CE00031EEF30D0ADB12F0E62EF44A04C2DDB1E8
:107CF0004CEC15CC36F5323AED011529C9F4D2A277
:107D0000AD42C76CF3089BDB2BF04419B2F617F2B7
:107D1000EC0A40D30D00116048E1EBD2F85AC1AE35
:107D2000FE0C25E78B030A260BE8D0C9250EB812F6
:107D3000AFF1FAEF2341140DE8EFFC81F502FD2EBF
:107D4000F7CAF00FF8DD0E29BF3B0EF6120AD5294F
:107D500041CD3603B7C0E5B29CED4A5233E1D1378D
:107D6000AB134DA430F7C6DCFED0FC5DF4EA044B47
:107D7000411A004853B45CC0CF3D87EFE4CADB1022
:107D8000F71282E9154ACA81D0E80D2BDBA21AF35B
:107D900010F19CE388E27EB52203D52A1813BB4B71
:107DA000BC16F6A837D2E2FFDDFAF0F3DC0AF6D50E
:107DB000EEA623DDD84BF22934FF453DB3DC15D6C2
:107DC000F200C5C7A7DD33A8D657F1CCDEF33708DC
:107DD0001DD85D3818C4E70CF43ED0CAEF06083849
:107DE00021F0E21EE9C7F2F3DF81291AA7E60604B3
:107DF000E9EDD4BBE21AEC06A31ACBAF0CF92509C6
:107E0000E9E4DED6F8D97605CF0F00594C00EAA890
:107E100043B318E25230DD11BEDD271D2AF93CCAFA
:107E2000251CD90CFFB0D3F6F42E582AF132EF4DB1
:107E3000013310AFFFD5D221E83AEDE44DF321BB79
:107E4000B44DA5DADAF01F1050E825192B20771E63
:107E5000C1F5FC1154BC311CF15994DE2F0A3ADCF7
:107E6000F0C4089CC3FE44E11CFF27EC29FA17B3B9
:107E700018D6D3F6D031000F9F16D4171ED12ACAB8
:107E8000E04826459B03FC020522F6F410ECA029ED
:107E9000BF09ED274BF2A3FBE30B4FECF1E6353BBB
:107EA00009DEA134B3B6E9FBEBE30E3420CCF30DCD
:107EB0004AF7405D2AE3FA3C2AD6F4CC3B35BDC3F1
:107EC00032F5814F0BCF6502BDEDE2E70DA05AD42C
:107ED00016D9D4C20E193BDFFDD41D0C25FFE40FCB
:107EE000A0332FD4A41B27DE0204FCCDF5D12AF544
:107EF0004C1CE5FD3E241DBDDBD007464BDE2AE9C8
:107F000030ED36463A20B810A210D1F341E222E318
:107F100030F40702DE461F02FC69DB4C13B6E7288B
:107F200007E51E1A29B510C4811DF32EEED7F633CE
:107F30001D19F95E1EF99FE21AF4A826B5FC520F2E
:107F4000E6F701BBFB0D1402FCF71027D9C0D824BB
:107F5000C6E223133A815BD2FF3EFFFFAB48C35515
:107F60003C339F3529A002DDE4D30A08D631FBCC8F
:107F70002A2BD3FDF3341440E10AB4B0CB10E69FB2
:107F80008D2BC4CFC22C20ABCA32CB56D248D8F4EA
:107F9000E824EFCE4DF7E429F3E89D09E81949E814
:107FA00021F7C70304FDCE255E0220EF5D1F1ABD39
:107FB000FE50EAA71CC2EC07F0F03D8F6BE4C7EC63
:107FC00031AD21FB5E162021BC39FD41D9F0D70A25
:107FD000F21F01FFAD1015010AF83545F004BD4848
:107FE00016DA220F4AC209B5B6D1ED1C00C0F10461
:107FF00027D91145AF4F0A3361831618CEDB07D559
:10800000150181D20809D65FF2020347A2C81231D6
:108010002EF656AC15F3D7FB08C727D80E6C930E77
:10802000080F18292F0BECFE0EDFC1E0DDE833E26C
:1080300012CFDFED32C5D3EC54E55825DE51C5082B
:10804000C05405478BDE47A31B2EC2184557154861
:10805000C70664FE24D97AEA1B48DAECCD0C26D890
:108060003014F830DEBCEF0ECBDD04E5BB1164CE7E
:10807000B0C1E6E6BA15DBC7C82E3BE9B11144FA38
:1080800015C00CF092D3F004D7F21AB707B7DB3E55
:10809000BD4DEFD716FD121517F17ECABF7F9104B3
:1080A0004E8C5BF3F7D9B7D9DFF3111F1602B58FEA
:1080B000CB4DA1F1C3104C02371E0E4E4327A2ED4B
:1080C000F48E063907F7334BF1E43F07ABEF430873
:1080D00081C6D20B1CBD14EEEA04CDBDFFD4230F24
:1080E000D6A827C3F6181EF0EFE2F103D81FA2C3EB
:1080F00013F7EDCB561FE7C0FDE2CE06CCE20FD260
:10810000D7A9F0FFDF0001F0F3FF07EA2ADEF5D57B
:10811000E5CDF02123F7EB38DCF50E1A1A1248FCF6
:108120000700FF003CDFE3EFEFEF2331D02735ED11
:108130004BFD2806F41DE604F124F3ED3C1FE71F78
:10814000EADCCC02C0EF2D08252CF917B10BDBF6C9
:10815000399EF01C65CDCDE9E1D206E80D1509A5E3
:10816000E3AC08120A09B82D26F7D61FE4F7DA1493
:10817000DBC2219F104081BBC1B918B8C0CB3135DB
:1081800020C5BC3248130CDDFA03F3FD13D1BFC088
:10819000451AE1FCEA0CF522E7E934160FC3252164
:1081A000062C03F8142F9FCBA93CE4F98FD1334E52
:1081B0002CFEF0CA8F11C41A8E27AF1E4BD0161298
:1081C0001AF6BAFCFA1CE1DBFAD321E9EFF72FBE6D
:1081D0001EC121281114EDF9032425BD10D3571712
:1081E00000D41AD8019E8126A30E10144B2D0FE83F
:1081F00013A805C3EB23D9080AFBCC0ED2DA0E3242
:1082000051C6FDEDE38D242B4AB8ECC6F998E5D7AD
:108210000609BBBBE8E6E75222D655F0D5211CFC87
:10822000EDCFE068CBE602EA9C01E052BD0C201CD9
:1082300030DEA1D6D8DBFA280FCE1A780347D24910
:108240002BDE24FC25DF3BBECBBF310098F3F3F6D9
:10825000D8FBA8E917D4DFF9FF02F8C12FD82A8389
:1082600031C400B3DB26BBDF08E6D3FFE6F2E11240
:1082700003E00ECAFC3BEB171809EA9DDB2452D938
:1082800021AEB1472FD8D7DC0B04231DEBFEC4D998
:1082900023D2E2E628F7F30DCD201CFC26083A365F
:1082A000D5072205EC2BADE2223A05F8AB28E11107
:1082B00052FCCAE7941B36EFF329F041DB21FF0F94
:1082C0000DCFE8291E4BFCC64E18E081E7D1CCDC6F
:1082D0003DFEED0BE9D5C72806BA094618C02C4467
:1082E000F4CEF9D73105D737F3A20AF716010AC53C
:1082F00019D5D4D42C2948DA1EA7CAE9FB0E31EAD5
:108300003FFCFB8114F3570917E4D661E9DBAFDDCD
:1083100040CAFF836033FE1A9BF02912C9FCD213B6
:10832000562308403E2BF0360DCBB7BCCABB2519EF
:108330001B59BD0F2605A2E6FE0C2AC032F203042B
:10834000E3D2DFB1042E251D1E3BDD09FF3CA34314
:10835000DDF1F215EFE42722DA2D08452FE6DE19CC
:10836000FB2322204317110BF43EEF1EEBE91FE025
:108370000CEA2245F83C3FFA0018F0DEFC3D34F0F0
:1083800007D7811C0605B2F6060308C70DD85F3B68
:10839000B3EE0D21B1AF11F445E9E71C1E309B0F80
:1083A000FF2937E9FDD813FCA5CC1DE0B907F0D7AC
:1083B000F2FB26D4C9DD4354F72DE7F1BD08CD11FA
:1083C000222621D80B1AEB17E3F6269615FD36BEAA
:1083D000BBCC152213F99B1FBAD405CC32E631F67B
:1083E000AFEEEDD1AAE5FC17F83EDAA719D8E118EF
:1083F000F724CB1E071FA8E9F6B7D5E8D1B5CFBA49
:108400000B270AF72FCA0FC8FBB60614109A543070
:1084100017E1C2E420E611F5E72A1ED902980DA95A
:10842000FB44011CCB02F801BA0C17F3DED382EF38
:10843000ABDCFD4F34D981F7EF9DE212C39FE71209
:1084400040BB0EF315D919F0DBD02ED77FED35EFF9
:108450008FFA7AB6E610B4F2FCEDD4EC8BDCFA536A
:108460009ECFD6A6E813D6BE39C404EECC3325FE83
:10847000E3C8B9ECF13316CFD221E9EA4AD8C6F104
:108480001F0D07E9F10EA291A1F5FE60E6321A1860
:10849000263CE41B7C0AEFD3AAA12FA2F11DE632F1
:1084A000F605E236CBE43904E508251E18E945E671
:1084B00003EC9036BA21EEDE300F421F7FA2DBE3E1
:1084C000C6F0C0E4B0091337BD921B236C1445E31A
:1084D000D9D004CD3F002E3086462DEFDB19D8C30E
:1084E00019398B81C0230E011E3A1934AEC716B557
:1084F00003C41A3912C3060EFCFDD2121EB9130EA4
:10850000060DF12F100408BBCE352BF920F917E822
:10851000B42ECC211BE40507E2E638CAB7D93C29C2
:10852000120804D7B80517EA11D72BCF3FC9CBB92A
:108530002CD00027C50BDCF3020409DF4EBDCCD9DB
:10854000D6D4B8D7DAF93C10C7C60CEDCD16DA0090
:10855000ECFD9DF5152362931D18C1C7DF24FBF8C0
:10856000E72AF9EC5A16EF81F4FDA0FDA4C9FCE05E
:10857000E5B74306FB213C5CF8D0DDB3FEE2CABEA2
:10858000A50C9D5E38DCEC253DDE98D6122211F458
:10859000DE1E5127E48F47D8EB5900767410BDCB0F
:1085A000FEC241C5E4E6C6CDF6B5E73FFAAEEEF948
:1085B0001935DB401CB037CFA109B99E211BE52D31
:1085C0002100FD4134EFF83D16552ACAF6C0FFC719
:1085D00004E0B2F503195CFCD30FF8B718CF19D437
:1085E000EB03D22824590706E8D3BAB7EC1FF011E1
:1085F000FBCFE8BC1F16CB1AD616DB0CE41C3CEFF5
:1086000019CF0022D22EB3F11DF91C32BB10D71D99
:10861000FECA08E12ACAD9DC472C7059C4C5D4EE79
:108620003A9029C1E7F525F6FEFC5729EFF1BE0186
:10863000381FE51381F754E9A5D3D642E61CBDEFF8
:10864000F3B305DBF0091CCE36112ABCB524FD0EB0
:10865000F23988CCB8F3C4CD324E3BEDD532B647B3
:10866000543602F210888BD001131232FA2882F1AC
:10867000322C130125570F2824AAF8B99D63C592FF
:108680002306EF40112CAE6152F031F405FE176362
:10869000E41CFBD5A5C5D07F57C40102D137DBE967
:1086A000FCF83D420C0AC818CAE5F8041521D5F7B4
:1086B000C31EF6CB31CBE430BC0026E2101BA2EC8B
:1086C000359F5D25D412FDD7EDF60DDE0626FA287E
:1086D0000A05EB04EE01CB1515F0E511F9129F4DDB
:1086E0001BE5D20AF3CDF3B31C360BDD070E1DC01C
:1086F000E2D6FFC7EDF5060226C3EE070B1702EA26
:10870000E12535D7EB2229C1F3F1F45D1B2AF8CD21
:10871000E6C935C82703F8EF46C80617190205D67B
:10872000EAD3080CD9EE0412EDF5E5E6260826CAD0
:108730004427DEF1C2D5C0FA03093AF37FD8A01C62
:1087400048DDD9F4E9C3681607CFE0289BB2FEF8EC
:108750005054DB023835219012E4E8F82DAB212982
:108760003EEE3AE3FE7FF90738DFF514253A932B06
:10877000422103025E3751C3E7E2C405D3F2E8C3E6
:1087800000EEE32609FC01D90C011C5E0739B0CECE
:10879000D0A8102EE025840C0D49E74159F8303857
:1087A000EE2925C016DFE6DE151B1BE0D3D40942F7
:1087B000298229DFF6F512F51510F5FDE9D216DC50
:1087C000DEE2260CDE18F0D0FB0CFDD10FB3F3DC9B
:1087D000D5CC39CEFC3060EA1613172D26D30633DC
:1087E000061AD402AB283001CB89100DBE1A42FD07
:1087F000BDDEF5E1E820FC02A8491CC2E0C1160F6D
:1088000007FD19C8FA012013E60EE7E705EDF1DED2
:1088100033BA54E1390FAF1ACC3F59251EFF0BDC98
:108820002A21AC2506BAF319E9E214212EEE112013
:10883000E17F24EAD4C9E01DF5322ED00F452BBCD0
:10884000B606F5B708FCFC1F3DE21AFC3D2FFEFB07
:10885000D0071CC527303D0C9B030901DF9529CAB1
:108860000A33DCCE0DE708D6F216DF0AF6D9CFF3CD
:10887000DACDCF194DE0D020D6EE2029E5CDDF1B93
:10888000000EDF4D532A7FB7F309074526DF130992
:10889000F041C3F612D873C20F27EC740205EB0047
:1088A000CEF8D00E20E711BFD52EFB201BC749D331
:1088B000542F0BF4C6333338BB2100FF34FEB2070C
:1088C000BBC4032700070B2F01A8EABBD20EF2237B
:1088D000EDEAD43936D00F1AD548E321EAEF140E69
:1088E00023CDE94727D3EE0BEAA936E0B91034DDF2
:1088F000CDC1011D30F5EBCF13F5290BEA151BDABD
:108900002105FEDB9FECD12235D62D1215F7E83B71
:10891000E8FFB49539D0E2F1130C7FE8D52ADFB532
:1089200015BAC66A210BCEF9D8F5ED0A443405E430
:108930000739E4EAF01A3B2C5411E7170B0DAE246B
:10894000121D26F015EB1F161812BEEFDA8723E76B
:10895000E7DFD61D1E0604D3FBF9E72A24F3C8D8A7
:10896000953604E9961149EFEC0A34ED0FFA20CD63
:1089700021F481E3AAB3EFEB02ED2AEC0EFFB1285C
:108980002DECEA12FFD97B1530A319FC01111AFC5A
:10899000E9F9F60A2213DCF183234D1CD9AF34F830
:1089A0005E270DDA0A08331ACC1FF9FA420626CFE1
:1089B000EB351B3EFD0307D8F723F8D6D4EFCEC323
:1089C000C904B0F9FBE60D34EE9125183407AE5F0B
:1089D0002810AAE90EF3ED0ACE30F413AE06A5BDB9
:1089E000FBE5CDFBF4D77FE9F6FFDDCA06E906FE1D
:1089F000F9DFECEB3FCDC0D8F90910D32AF2C4E07F
:108A0000E4A426D5F22AF5BEE597C8132F09F9C3C9
:108A1000E8EB3F2825016A04DB02184336E570AE17
:108A20001BC3E5F1F1F1CF00E129FA03E2F712C926
:108A300014DEFC1D43195AFEA1040511078D9EE8A2
:108A4000D41EEDE0F81E301EF3F8EDCC00F901BEA7
:108A50002014FE37BAEBC709B813FE071EDE1DFF50
:108A6000C9050FF4F5F007FB000D0AD012C4074D3D
:108A70002712DCE31DEB39B8EFF9CAEDF8E5EBE6B8
:108A80000BE830F0091B0AEEE1F8CB2742AB0A0EE7
:108A9000020721E8D7F31DF713F12304EEDF19FDD8
:108AA000CA2CBFFBF31B3521E2CB42E1F0D2D0EC64
:108AB000EEF21633112EBB401A813CF5F8A0181CBB
:108AC0000DB1DADDC404420916BED90D2633D1C674
:108AD0000411DAE815D8300EE906B92A00223ABDA9
:108AE000E8E0B9F2ED1824E0A41E2B07DAEE09B590
:108AF00024FDA3FE43E5FAC2D4030937D6E404EF0C
:108B000043063FE80316DD0825BDE714D1FE063411
:108B1000EE22FCED1E132C1FEA0AEDC3C826E7F86F
:108B20004FD6EB5128E7F104D5EAD0AE2DF6DDF4AF
:108B3000EE45C2204736F5F540463124190A20F3A8
:108B400038DF0F10DD147F0D23DF1E31C0E709EF82
:108B5000D246F5B13DC8FF061526F0CFF941EE3FEC
:108B60005D080AE0F6BCF60F01DC3029B31C26B81C
:108B70001E1412D7158B323EE6DFE0AE2228E5C286
:108B8000811FBDC70624BBF6BDD90475A01DD71B28
:108B9000F949F9D6D71003FC10DEDDD0F26617B024
:108BA00003D104F195FD0822EA1725DB3FE696C5BF
:108BB000F14AF3A4DAAC34E7B41D0DD815EFDCFBB1
:108BC000D3E3031C300BE42EB145BFCEB0F1041744
:108BD00007950BECC9DAF308F82DC2E80722BD3976
:108BE0003F25F776F4E4FA29C9EB424ACF22D6CDE5
:108BF000FFE614D5A92B122BF44108CFCC08040CA6
:108C0000D5DBCDCBFCEC0E04C63F037FFCCAECCC1D
:108C1000BE360EF4D8F5141B0CF702F01C2400C469
:108C200003F9E618DDFFF641391013253C1DB7C3E3
:108C3000BB5314EF1BE024EF34FD77D856AC1BABCD
:108C4000C1AA31E53B21E21504ECDF1EBAF9FFFFB2
:108C5000040000000002000057FDFFFF52FEFFFF6E
:108C600031FEFFFFC3FCFFFFD8FBFFFFC9FCFFFF86
:108C7000FAFBFFFFBBFCFFFFF0FAFFFF7BFDFFFFEE
:108C8000270100002AFEFFFFC1FCFFFFB3FCFFFF2E
:108C9000ECFDFFFF96FDFFFF0AFDFFFF90FBFFFFCE
:108CA00071FEFFFF3AFDFFFFA4FDFFFFADFFFFFFD9
:108CB00053FBFFFFB4FCFFFF72FBFFFFD5FCFFFF80
:108CC00088FDFFFFC5FEFFFF5AFEFFFF56FEFFFFB8
:108CD0006BFDFFFFBEFCFFFF25FDFFFF24FFFFFF35
:108CE000EEFEFFFF25FDFFFF89FCFFFFE7FCFFFF16
:108CF000C4FAFFFF9FFBFFFF9AFEFFFF3A00000050
:108D00002CFEFFFF55FBFFFFDAFEFFFF53FBFFFFCB
:108D10005EFEFFFF6EF9FFFFADFBFFFFCFFCFFFF25
:108D200063FBFFFF4BFCFFFF35FCFFFF49FCFFFF30
:108D300058FBFFFF7BFDFFFFF8FBFFFFFDFAFFFF86
:108D400026FFFFFF6AFFFFFFCDFDFFFF98FCFFFF3F
:108D5000ABFCFFFF9CFEFFFF33FAFFFFA1FDFFFF0F
:108D6000D6000000C8FDFFFFB5FCFFFFB1FEFFFF0E
:108D70001BFBFFFF5AFDFFFFABFDFFFF5EFCFFFF8C
:108D800051000000DEF9FFFF8EFCFFFF63FCFFFFD8
:108D90005DFCFFFF7DFBFFFF9CFEFFFF4DFCFFFF27
:108DA00075FEFFFFBFFBFFFFCDFDFFFFC2FCFFFF16
:108DB00098FAFFFFCFFCFFFFBAFEFFFF83FCFFFF27
:108DC0004FFEFFFF3FFAFFFFFEFDFFFF56FEFFFFD6
:108DD0003CFEFFFF18FEFFFFB8FDFFFFF0FDFFFFA9
:108DE000F8FEFFFF01FDFFFF58FBFFFFD1FEFFFF75
:108DF00088FDFFFF08FEFFFF92FDFFFF75FDFFFFEF
:108E0000A4FEFFFF86FCFFFFC6FBFFFF40FEFFFF47
:108E100024FDFFFF80FAFFFFBEFDFFFFC8FCFFFF40
:108E200053FCFFFFB5FEFFFFC7FDFFFF0CFDFFFF7B
:108E30008EFDFFFFB0FFFFFF9BF9FFFF59FDFFFF16
:108E4000FDFBFFFFEFFAFFFF09FFFFFF9EFDFFFFA6
:108E50000600000005FCFFFFC6FBFFFF040000004A
:108E600000040000E0CD19FBE598DC38F3021EE5B4
:108E7000EB12DD03FE2CDD010119BCABFF920A8170
:108E8000C122AC25CC840CBB0407018C91FBDEE82D
:108E9000C39AFED80CB2EFFCDC0C908320A8B7A0DC
:108EA000041EEB0D1611DCAE02F52EC00FAED1FC88
:108EB000E9F9FAD49FCA29DDC2A93FFC9D221827EF
:108EC0000AF008AADDCABAC10B14A5F7B801B4D4D8
:108ED000DB2BD10CFBBA92F8CACE2113BCEF32FEC9
:108EE000EB15C4CDE0CDA6B9F6DB33C6CA0BEFE374
:108EF000F4DF01F84DE31B09E5CB051310F9FFB6CC
:108F00001912CCFC1CFE0808E78D10E231D9D306FB
:108F1000E112EBD7DDFBF322B7E7F2D3FE1BD20061
:108F2000E203810A2EFB043CEDFAE0FBD4E5EDE31D
:108F300003020301C30711122DBA261EF8CC1DB778
:108F4000DDCD1918A207FAB7FA00ADB4F3B80307DC
:108F5000E09B002F0E18BCDEF70AE7D6189F06D656
:108F600013FEDBAC03F206C0C5D3D6A9C1F30600DD
:108F70002110DA183101EDD70E102E35F6C2010C92
:108F8000E8B70ED7ED11D4BF2AEBC2EB0EDE90810D
:108F900086DFFDF01324D30E9DA3C7DBFE3A9CD2DF
:108FA000FA0AD5D5D8F305D7E2EFF101F927FAEBA4
:108FB0001BBD9FDAE92BEEAFD3C701BFF90720EC49
:108FC000E3E9E222B02201E8D0B7F10AAD1D11CDEC
:108FD00015FFE8DAA2C6FFC6120A25B6EAAFB10449
:108FE000068E11062002D50A2F17D5E9009CB99CE0
:108FF00014F80ED903BA26CA1213049FC721A8BBBE
:10900000F1E4FFC8EBE1FEB422B4EA090EC8D4CB08
:10901000FD232AEC08E8AA0CE5FEFBF406BDDDCD35
:10902000FE0B0B01E19D810EECA9F1B0BBE0100439
:10903000CA15F4BB16DCEC1DD0ACC70307C70CFA8D
:10904000D2E3D8CDF6EAF001B1DEDF11E2E3F717A3
:10905000E609E0ED00D7AAB9F016F605DEE0F8F76C
:109060000E06C41115F6FAFEE9FEA7F7F3EFE7FBCB
:10907000E6FE0D0E0017AEE5F210A1FAD1D6F710FC
:10908000FAEFD207C5C8C9AA28F4BEDAEC03011268
:1090900009CFD4D8C6E400B0F9F8DAEAE415020C36
:1090A00005D7E202D708E7CFE0EBC609D8FE0BDC14
:1090B000FAEEA5E7F9BB04ED09020301D5DA19C3FD
:1090C000FE09032BD3F0E7190EDBF2FC0CB4B4D28B
:1090D000C9F7E381EA14EEF6CF1DB90E18001C0E95
:1090E000BA050F06F125C4F4DC2BFAD6D2C38CF7EF
:1090F00002D1E01CE6AFF5F4B1EEC7FCFE29F9E7BA
:10910000A9FC4BF0E10291AEC1FEF2BB2DDEDEFF09
:109110000BE51DF2CDB8EFCCD406EDF226B2F4107B
:1091200081F0B6B4BB05F6498AEEB00FEB061DE838
:109130000E88C4CBE31FF2F5150DB0ADA805F4CE33
:109140000D0AEDE0D40EB1C5F0ABDE1517B39E1FCE
:10915000F5DB0BA2B8BBFAF50E03D7FBC302A98956
:109160009D030F09DA2802DF322E16E3A80F17FA43
:10917000C297130CCDD8A7F4312707F728F5DCE305
:10918000251BDA1D17D1D5FAD6E812FCCD1511C46E
:10919000FEE5A696CBEFE609FB03F60FB0BEF1A6FF
:1091A000EFCCEB97B6BCD8E1B1DC81D6F3AB25D6DA
:1091B000CEB5DBFFBB9F3191E012D40FA107A4F91C
:1091C000B6038607D893901CF4EFDCBB01F60F1BA7
:1091D00045F4BFE20ED2E22CC0D62020E7F3DE99A0
:1091E000FBCDF605EBCDBBBAE413FEC7E5C9EFD165
:1091F0001CD7A5BCD7D1B307F9B2090B12E801CF30
:10920000FF1207FEE3FB02D5AEEA07060699DEA9C8
:109210000D1A0B1513BE0CB3F8050FCAD318EFF9CE
:109220000A12F107F4D8C8E800F304C9C5F2A40A89
:10923000BBE4FF190BE3F000D814DEDBDC08E3FE2F
:1092400020879EF8CBFD24C7BF078FFEEA84B98133
:10925000E1B30BD0E6E5FCFCB5AD121613B6FFFF8B
:1092600007D5D2C4D2FFFFFF040000002000000099
:1092700032FFFFFFCFF9FFFFBEFEFFFFB1FBFFFF95
:109280005AFAFFFF7000000011FCFFFFA8FEFFFF6D
:1092900000000600080004000600000004000000B2
:1092A000080000000100000002000000A0BBFFFF5A
:1092B000A4BBFFFF0F0000004D4C495220436F6ECE
:1092C0007665727465642E000100000014000000D1
:1092D00000000E001800140010000C00080004002C
:1092E0000E000000140000001C000000AC04000090
:1092F000B0040000B4040000040000006D61696E59
:1093000000000000120000004404000000040000FF
:10931000BC0300006803000014030000D00200003A
:109320009C0200006802000024020000D40100003A
:10933000900100005C01000028010000E400000032
:10934000B00000006C0000003400000010000000BD
:1093500000000A0010000C00080004000A000000D1
:109360000C000000100000000700000001000000D9
:109370002700000001000000260000007EFCFFFF27
:10938000140000000000000810000000140000009D
:109390000600000088BCFFFF01000000260000005E
:1093A0000300000025000000030000000200000090
:1093B000B2FCFFFF1C000000000000081C000000C1
:1093C0002000000006000000000006000800070062
:1093D0000600000000000001010000002500000060
:1093E000030000002400000005000000040000004D
:1093F000F2FCFFFF140000000000001B1000000042
:109400001400000005000000FCBCFFFF010000008C
:109410002400000002000000230000000100000002
:1094200022FDFFFF140000000000000524000000E2
:109430002800000003000000A2FDFFFF0200000062
:109440000100000002000000010000000000000117
:1094500001000000230000000100000022000000C5
:1094600062FDFFFF140000000000000B1000000070
:1094700014000000020000006CBDFFFF01000000AE
:109480002200000002000000210000000600000091
:1094900092FDFFFF14000000000000151000000006
:1094A00014000000010000009CBDFFFF010000004F
:1094B0002100000002000000200000000700000062
:1094C00082FDFFFF10000000000000011C000000F2
:1094D0002000000074FDFFFF0000000101000000FB
:1094E0000100000000000001010000002000000059
:1094F000030000001F000000090000000800000039
:1095000002FEFFFF20000000000000022800000013
:109510002C000000040000000C00100000000C00F3
:10952000080004000C000000010000000100000021
:1095300001000000010000001F0000000300000007
:109540001E0000000B0000000A0000004EFEFFFF9E
:1095500014000000000000052400000028000000A6
:1095600003000000CEFEFFFF02000000020000002A
:1095700002000000020000000000000101000000E5
:109580001E000000010000001D0000008EFEFFFF15
:10959000140000000000000B100000001400000088
:1095A0000200000098BEFFFF010000001D00000047
:1095B000020000001C0000000C000000BEFEFFFFC7
:1095C000140000000000001510000000140000004E
:1095D00001000000C8BEFFFF010000001C000000E9
:1095E000020000001B0000000D000000AEFEFFFFA7
:1095F00010000000000000011C000000200000001E
:10960000A0FEFFFF000000010100000001000000BB
:1096100000000001010000001B000000030000002A
:109620001A0000000F0000000E0000002EFFFFFFD8
:1096300020000000000000022C00000030000000AC
:10964000040000000C00140013000C0008000400CB
:109650000C000000010000000100000001000000FB
:1096600000000001010000001A00000003000000DB
:109670001900000011000000100000007EFFFFFF35
:109680002400000000000005340000003800000045
:109690000300000000000E001800170010000C006E
:1096A000080004000E00000002000000020000009C
:1096B00002000000020000000000000101000000A4
:1096C000190000000100000018000000CEFFFFFF9D
:1096D000140000000000000B100000001400000047
:1096E00002000000D8BFFFFF0100000018000000CA
:1096F00002000000170000001200000000000E0031
:109700001800140010000C000B0004000E000000F4
:1097100014000000000000151000000014000000FC
:109720000100000018C0FFFF01000000170000004A
:1097300002000000160000001300000000000E00F0
:109740001400000010000C000B0004000E000000CC
:109750001C00000000000001280000002C00000098
:109760000C00140013000C00080007000C0000009F
:1097700000000001010000000100000000000001E5
:1097800001000000160000000300000000000000BF
:109790001500000014000000010000002700000078
:1097A0000100000000000000280000009C3F0000B5
:1097B000403F0000703E0000B43D000060370000F4
:1097C00004310000A03000003C300000E829000017
:1097D0008423000030200000B41C0000501C000056
:1097E000EC1B000098180000341500006013000006
:1097F0007811000018110000B4100000E00E000005
:10980000FC0C0000080C00005C0B0000B00A00001B
:10981000140A0000600900003C08000090070000E6
:10982000E4060000480600009405000068040000FB
:10983000BC0300001003000074020000E0010000FF
:109840002401000080000000040000001AC1FFFF96
:109850000000000118000000200000003C00000093
:109860002800000000000009500000000200000075
:10987000FFFFFFFF08000000FCC0FFFF0800000022
:10988000100000000100000080FFFFFFFFFFFFFF4E
:10989000010000000000803B1B0000005374617455
:1098A0006566756C506172746974696F6E65644346
:1098B000616C6C5F313A3000020000000100000072
:1098C0000800000092C1FFFF000000011800000026
:1098D000200000003C0000002700000000000009FC
:1098E0007800000002000000FFFFFFFF08000000FA
:1098F00074C1FFFF0800000010000000010000001C
:109900002F00000000000000010000005B98123EE4
:109910004000000044535F434E4E5F4D6F64656CE2
:109920005F312F64656E73655F315F322F4D6174F7
:109930004D756C3B44535F434E4E5F4D6F64656C99
:109940005F312F64656E73655F315F322F426961ED
:109950007341646400000000020000000100000088
:109960000800000032C2FFFF0000000118000000E4
:10997000200000003C00000026000000000000095C
:109980009000000002000000FFFFFFFF80000000C9
:1099900014C2FFFF080000001000000001000000DA
:1099A00080FFFFFFFFFFFFFF010000001BE43B3DC6
:1099B0005800000044535F434E4E5F4D6F64656C2A
:1099C0005F312F64656E73655F312F4D61744D7526
:1099D0006C3B44535F434E4E5F4D6F64656C5F312B
:1099E0002F64656E73655F312F52656C753B445310
:1099F0005F434E4E5F4D6F64656C5F312F64656EE3
:109A000073655F312F426961734164640000000037
:109A1000020000000100000080000000EAC2FFFF19
:109A200000000001180000002000000040000000BD
:109A3000250000000000000968000000020000008E
:109A4000FFFFFFFF80000000CCC2FFFF0800000006
:109A5000140000000100000099FFFFFFFFFFFFFF5F
:109A60000000000001000000446E483D2E00000090
:109A700044535F434E4E5F4D6F64656C5F312F679B
:109A80006C6F62616C5F617665726167655F706F54
:109A90006F6C696E6732645F312F4D65616E0000D7
:109AA0000200000001000000800000007AC3FFFFF8
:109AB0000000000118000000280000004400000021
:109AC00024000000000000096800000004000000FD
:109AD000FFFFFFFF03000000010000008000000006
:109AE00064C3FFFF08000000100000000100000038
:109AF0008EFFFFFFFFFFFFFF01000000A927DB3DF6
:109B00002A00000044535F434E4E5F4D6F64656C06
:109B10005F312F6D61785F706F6F6C696E67326453
:109B20005F325F312F4D6178506F6F6C326400008F
:109B3000040000000100000003000000010000001C
:109B40008000000012C4FFFF0000000118000000A8
:109B50002800000048000000230000000000000969
:109B60007800000004000000FFFFFFFF0600000077
:109B70000100000080000000FCC3FFFF080000009F
:109B800014000000010000008EFFFFFFFFFFFFFF39
:109B90000000000001000000A927DB3D36000000A6
:109BA00044535F434E4E5F4D6F64656C5F312F626F
:109BB000617463685F6E6F726D616C697A617469FC
:109BC0006F6E5F325F312F62617463686E6F726DAA
:109BD0002F6164645F310000040000000100000098
:109BE000060000000100000080000000BAC4FFFF72
:109BF00000000001180000002800000048000000DC
:109C000022000000000000097800000004000000AD
:109C1000FFFFFFFF060000000100000080000000C1
:109C2000A4C4FFFF080000001400000001000000B1
:109C30008EFFFFFFFFFFFFFF00000000010000009C
:109C40005D99DC3D3600000044535F434E4E5F4D4E
:109C50006F64656C5F312F62617463685F6E6F72F1
:109C60006D616C697A6174696F6E5F325F312F620A
:109C7000617463686E6F726D2F6D756C5F3100007B
:109C800004000000010000000600000001000000C8
:109C90008000000062C5FFFF000000011800000006
:109CA000280000004800000021000000000000091A
:109CB000F800000004000000FFFFFFFF06000000A6
:109CC00001000000800000004CC5FFFF08000000FC
:109CD000140000000100000080FFFFFFFFFFFFFFF6
:109CE00000000000010000008DE2D03DB500000042
:109CF00044535F434E4E5F4D6F64656C5F312F730D
:109D00006570617261626C655F636F6E7632645F0D
:109D1000315F322F52656C753B44535F434E4E5F4B
:109D20004D6F64656C5F312F736570617261626C39
:109D3000655F636F6E7632645F315F322F426961B7
:109D4000734164643B44535F434E4E5F4D6F6465A3
:109D50006C5F312F736570617261626C655F636FF8
:109D60006E7632645F315F322F736570617261624B
:109D70006C655F636F6E7632643B44535F434E4E57
:109D80005F4D6F64656C5F312F73657061726162E6
:109D90006C655F636F6E7632645F315F322F537133
:109DA0007565657A65000000040000000100000090
:109DB0000600000001000000800000008AC6FFFFCE
:109DC000000000011800000028000000480000000A
:109DD00020000000000000098000000004000000D6
:109DE000FFFFFFFF06000000010000004000000030
:109DF00074C6FFFF0800000014000000010000000E
:109E0000EBFFFFFFFFFFFFFF00000000010000006D
:109E1000072DB73C3E00000044535F434E4E5F4D5C
:109E20006F64656C5F312F736570617261626C6520
:109E30005F636F6E7632645F315F322F736570617E
:109E40007261626C655F636F6E7632642F646570F9
:109E50007468776973650000040000000100000069
:109E60000600000001000000400000003AC7FFFFAC
:109E7000000000011800000028000000440000005D
:109E80001F0000000000000968000000040000003E
:109E9000FFFFFFFF0600000001000000400000007F
:109EA00024C7FFFF080000001000000001000000B0
:109EB00095FFFFFFFFFFFFFF010000000860A03DCE
:109EC0002A00000044535F434E4E5F4D6F64656C43
:109ED0005F312F6D61785F706F6F6C696E67326490
:109EE0005F315F322F4D6178506F6F6C32640000CC
:109EF0000400000001000000060000000100000056
:109F000040000000D2C7FFFF000000011800000061
:109F100028000000480000001E00000000000009AA
:109F20007800000004000000FFFFFFFF0D000000AC
:109F30000300000040000000BCC7FFFF0800000055
:109F4000140000000100000095FFFFFFFFFFFFFF6E
:109F500000000000010000000860A03D3600000085
:109F600044535F434E4E5F4D6F64656C5F312F62AB
:109F7000617463685F6E6F726D616C697A61746938
:109F80006F6E5F315F322F62617463686E6F726DE6
:109F90002F6164645F3100000400000001000000D4
:109FA0000D00000003000000400000007AC8FFFF21
:109FB0000000000118000000280000004800000018
:109FC0001D000000000000097800000004000000EF
:109FD000FFFFFFFF0D000000030000004000000035
:109FE00064C8FFFF0800000014000000010000002A
:109FF00094FFFFFFFFFFFFFF0000000001000000D3
:10A00000B72CA43D3600000044535F434E4E5F4DD5
:10A010006F64656C5F312F62617463685F6E6F722D
:10A020006D616C697A6174696F6E5F315F322F6246
:10A03000617463686E6F726D2F6D756C5F310000B7
:10A0400004000000010000000D00000003000000FB
:10A050004000000022C9FFFF0000000118000000BE
:10A0600028000000480000001C000000000000095B
:10A07000F000000004000000FFFFFFFF0D000000E3
:10A0800003000000400000000CC9FFFF08000000B2
:10A09000140000000100000080FFFFFFFFFFFFFF32
:10A0A0000000000001000000142A973DAD000000F0
:10A0B00044535F434E4E5F4D6F64656C5F312F7349
:10A0C0006570617261626C655F636F6E7632645F4A
:10A0D000312F52656C753B44535F434E4E5F4D6F5D
:10A0E00064656C5F312F736570617261626C655F6E
:10A0F000636F6E7632645F312F42696173416464CD
:10A100003B44535F434E4E5F4D6F64656C5F312F30
:10A11000736570617261626C655F636F6E763264E5
:10A120005F312F736570617261626C655F636F6E22
:10A130007632643B44535F434E4E5F4D6F64656CB3
:10A140005F312F736570617261626C655F636F6E02
:10A150007632645F312F53717565657A6500000052
:10A1600004000000010000000D00000003000000DA
:10A170004000000042CAFFFF00000001180000007C
:10A1800028000000480000001B000000000000093B
:10A190008000000004000000FFFFFFFF0D00000032
:10A1A00003000000200000002CCAFFFF0800000090
:10A1B00014000000010000000F000000000000007B
:10A1C000000000000100000094A7293D3C000000B1
:10A1D00044535F434E4E5F4D6F64656C5F312F7328
:10A1E0006570617261626C655F636F6E7632645F29
:10A1F000312F736570617261626C655F636F6E763B
:10A2000032642F64657074687769736500000000BC
:10A2100004000000010000000D0000000300000029
:10A2200020000000F2CAFFFF00000001180000003B
:10A2300028000000440000001A000000000000098F
:10A240006800000004000000FFFFFFFF0F00000097
:10A250000500000020000000DCCAFFFF080000002D
:10A2600010000000010000008CFFFFFFFFFFFFFF58
:10A2700001000000E40B973D2800000044535F43B9
:10A280004E4E5F4D6F64656C5F312F6D61785F700E
:10A290006F6F6C696E6732645F312F4D6178506FFC
:10A2A0006F6C326400000000040000000100000038
:10A2B0000F00000005000000200000008ACBFFFF17
:10A2C0000000000118000000280000004800000005
:10A2D00019000000000000097800000004000000E0
:10A2E000FFFFFFFF1E0000000B0000002000000029
:10A2F00074CBFFFF08000000140000000100000004
:10A300008CFFFFFFFFFFFFFF0000000001000000C7
:10A31000E40B973D3400000044535F434E4E5F4DC5
:10A320006F64656C5F312F62617463685F6E6F721A
:10A330006D616C697A6174696F6E5F312F626174EF
:10A3400063686E6F726D2F6164645F31000000009E
:10A3500004000000010000001E0000000B000000CF
:10A360002000000032CCFFFF0000000118000000B8
:10A37000280000004800000018000000000000094C
:10A380007800000004000000FFFFFFFF1E00000037
:10A390000B000000200000001CCCFFFF08000000A4
:10A3A00014000000010000008CFFFFFFFFFFFFFF13
:10A3B000000000000100000023B2993D34000000BD
:10A3C00044535F434E4E5F4D6F64656C5F312F6247
:10A3D000617463685F6E6F726D616C697A617469D4
:10A3E0006F6E5F312F62617463686E6F726D2F6D77
:10A3F000756C5F31000000000400000001000000E7
:10A400001E0000000B00000020000000DACCFFFF5F
:10A4100000000001180000002800000044000000B7
:10A420001700000000000009C00000000400000048
:10A43000FFFFFFFF1E0000000B00000020000000D7
:10A44000C4CCFFFF08000000100000000100000065
:10A4500080FFFFFFFFFFFFFF01000000C3811140ED
:10A460008100000044535F434E4E5F4D6F64656C46
:10A470005F312F636F6E7632645F312F52656C757A
:10A480003B44535F434E4E5F4D6F64656C5F312FAD
:10A49000636F6E7632645F312F4269617341646429
:10A4A0003B44535F434E4E5F4D6F64656C5F312F8D
:10A4B000636F6E7632645F312F636F6E766F6C758B
:10A4C00074696F6E3B44535F434E4E5F4D6F6465DE
:10A4D0006C5F312F636F6E7632645F312F5371750D
:10A4E00065657A653100000004000000010000008D
:10A4F0001E0000000B0000002000000022CEFFFF25
:10A500000000000114000000A80100001600000077
:10A5100000000009B40100009CCDFFFF080000000E
:10A520000C010000200000000000000000000000FE
:10A53000000000000000000000000000000000001B
:10A54000000000000000000000000000000000000B
:10A5500000000000000000000000000000000000FB
:10A5600000000000000000000000000000000000EB
:10A5700000000000000000000000000000000000DB
:10A5800000000000000000000000000000000000CB
:10A5900000000000000000000000000000000000BB
:10A5A00000000000000000000000000000000000AB
:10A5B000000000000000000000000000000000009B
:10A5C000000000000000000000000000000000008B
:10A5D000000000000000000000000000000000007B
:10A5E000000000000000000000000000000000006B
:10A5F000000000000000000000000000000000005B
:10A60000000000000000000000000000000000004A
:10A61000000000000000000000000000000000003A
:10A62000000000000000000000000000200000000A
:10A630004A4AD83A112CB33AE547CF3AFE01B53A27
:10A64000296B0E3B1831F73AAC93A63AE8DAD13AC7
:10A650001660173BD725DA3AA0E2CD3A9B6BCB3A8E
:10A66000F37C413BD9BBE03AF640E53A707EBA3A1A
:10A67000E309263BE3B3103B02C2F83A57AE103B66
:10A680001A49E33ABC17ED3A3CF9BC3A72EDBF3ACD
:10A69000F440B13AB058053BA628123B2FD1ED3A11
:10A6A0004A8CA03A8466DB3ABFED023B7328433BF9
:10A6B0001300000074666C2E70736575646F5F71B3
:10A6C000636F6E73743139000400000020000000D5
:10A6D00003000000030000000100000002D0FFFFA3
:10A6E0000000000114000000A4010000150000009B
:10A6F00000000002B00100007CCFFFFF0800000056
:10A700000801000020000000000000000000000020
:10A710000000000000000000000000000000000039
:10A720000000000000000000000000000000000029
:10A730000000000000000000000000000000000019
:10A740000000000000000000000000000000000009
:10A7500000000000000000000000000000000000F9
:10A7600000000000000000000000000000000000E9
:10A7700000000000000000000000000000000000D9
:10A7800000000000000000000000000000000000C9
:10A7900000000000000000000000000000000000B9
:10A7A00000000000000000000000000000000000A9
:10A7B0000000000000000000000000000000000099
:10A7C0000000000000000000000000000000000089
:10A7D0000000000000000000000000000000000079
:10A7E0000000000000000000000000000000000069
:10A7F0000000000000000000000000000000000059
:10A80000000000000000000020000000C8B2003C72
:10A810006B39D53BD5ACF63BA868D73B537C293C7C
:10A82000EB15133C383CC63B18BDF93B0725343CBF
:10A83000BFCD013CAA03F53BB814F23BD342663CC2
:10A84000F7B8053C7B69083C05F0DD3B3F98453C8B
:10A850002E342C3C7904143C942D2C3CAC3D073C0C
:10A8600090130D3C76E3E03B6467E43BF8F0D23BA9
:10A8700075B01E3CC9EF2D3CE9810D3C830FBF3BF9
:10A880008F8C023CE3CF1B3C923F683C13000000DE
:10A8900074666C2E70736575646F5F71636F6E7331
:10A8A000743138000100000020000000D2D1FFFF09
:10A8B000000000011400000034000000140000003B
:10A8C00000000009400000004CD1FFFF080000001C
:10A8D000140000000100000080FFFFFFFFFFFFFFEA
:10A8E000000000000100000039FD223B13000000C1
:10A8F00074666C2E70736575646F5F71636F6E73D1
:10A9000074313700010000002000000032D2FFFF48
:10A9100000000001140000003000000013000000DF
:10A92000000000093C000000ACD1FFFF080000005F
:10A9300010000000010000007F0000000000000087
:10A9400001000000CB58603B1300000074666C2EC1
:10A9500070736575646F5F71636F6E737431360009
:10A9600001000000200000008ED2FFFF0000000167
:10A9700014000000AC0100001200000000000009FB
:10A98000B8010000DAF4FFFF030000000800000037
:10A990000C0100002000000000000000000000008A
:10A9A00000000000000000000000000000000000A7
:10A9B0000000000000000000000000000000000097
:10A9C0000000000000000000000000000000000087
:10A9D0000000000000000000000000000000000077
:10A9E0000000000000000000000000000000000067
:10A9F0000000000000000000000000000000000057
:10AA00000000000000000000000000000000000046
:10AA10000000000000000000000000000000000036
:10AA20000000000000000000000000000000000026
:10AA30000000000000000000000000000000000016
:10AA40000000000000000000000000000000000006
:10AA500000000000000000000000000000000000F6
:10AA600000000000000000000000000000000000E6
:10AA700000000000000000000000000000000000D6
:10AA800000000000000000000000000000000000C6
:10AA90000000000000000000000000002000000096
:10AAA00026A0C93AB6F0073BCDC4AF3AEFE5013B6B
:10AAB0007746E93AD705033B1B19EC3A3977C03A98
:10AAC000DE6DC73A6371DE3A954CF73A3AC3C13A44
:10AAD000D687D73AF4AF2E3BDEC3F73A6730C53A94
:10AAE0008E6E2E3B8A0EDF3A29FE9A3A32B2673BCF
:10AAF000CA5E033B0B68D63A79F45C3BC282F73AF4
:10AB000020FEB93AAA0C023B1A32ED3A5118CD3A5E
:10AB1000FF04363B1054013BC2ED213B2A60CA3A88
:10AB20001300000074666C2E70736575646F5F713E
:10AB3000636F6E7374313500040000000100000083
:10AB400003000000030000002000000072D4FFFF9B
:10AB50000000000114000000A4010000110000002A
:10AB600000000002B0010000ECD3FFFF080000006D
:10AB700008010000200000000000000000000000AC
:10AB800000000000000000000000000000000000C5
:10AB900000000000000000000000000000000000B5
:10ABA00000000000000000000000000000000000A5
:10ABB0000000000000000000000000000000000095
:10ABC0000000000000000000000000000000000085
:10ABD0000000000000000000000000000000000075
:10ABE0000000000000000000000000000000000065
:10ABF0000000000000000000000000000000000055
:10AC00000000000000000000000000000000000044
:10AC10000000000000000000000000000000000034
:10AC20000000000000000000000000000000000024
:10AC30000000000000000000000000000000000014
:10AC40000000000000000000000000000000000004
:10AC500000000000000000000000000000000000F4
:10AC600000000000000000000000000000000000E4
:10AC7000000000000000000020000000A8EDED38FA
:10AC8000986A20397E6ACF385149193966A3093943
:10AC9000109D1A39C64D0B39861EE3382356EB3802
:10ACA000363F0339A8E911394EA6E4384456FE3838
:10ACB000CC234E390A3012396BB1E838A0D64D3961
:10ACC000F09B03393AE6B638DFB4883906061B39FB
:10ACD000A802FD38775E82399F091239117BDB3873
:10ACE0000577193992F30B39BD05F238CDCA5639BB
:10ACF0002E9D183986153F393ED0EE3813000000DE
:10AD000074666C2E70736575646F5F71636F6E73BC
:10AD100074313400010000002000000042D6FFFF23
:10AD200000000001140000002803000010000000D3
:10AD30000000000934030000BCD5FFFF080000003C
:10AD40000C020000400000000000000000000000B5
:10AD500000000000000000000000000000000000F3
:10AD600000000000000000000000000000000000E3
:10AD700000000000000000000000000000000000D3
:10AD800000000000000000000000000000000000C3
:10AD900000000000000000000000000000000000B3
:10ADA00000000000000000000000000000000000A3
:10ADB0000000000000000000000000000000000093
:10ADC0000000000000000000000000000000000083
:10ADD0000000000000000000000000000000000073
:10ADE0000000000000000000000000000000000063
:10ADF0000000000000000000000000000000000053
:10AE00000000000000000000000000000000000042
:10AE10000000000000000000000000000000000032
:10AE20000000000000000000000000000000000022
:10AE30000000000000000000000000000000000012
:10AE40000000000000000000000000000000000002
:10AE500000000000000000000000000000000000F2
:10AE600000000000000000000000000000000000E2
:10AE700000000000000000000000000000000000D2
:10AE800000000000000000000000000000000000C2
:10AE900000000000000000000000000000000000B2
:10AEA00000000000000000000000000000000000A2
:10AEB0000000000000000000000000000000000092
:10AEC0000000000000000000000000000000000082
:10AED0000000000000000000000000000000000072
:10AEE0000000000000000000000000000000000062
:10AEF0000000000000000000000000000000000052
:10AF00000000000000000000000000000000000041
:10AF10000000000000000000000000000000000031
:10AF20000000000000000000000000000000000021
:10AF30000000000000000000000000000000000011
:10AF400000000000000000000000000040000000C1
:10AF5000AACB1B3B3C8F393BB8B0483B37212F3B3A
:10AF6000B6773A3BF64C4B3BEB3D373B95CA423B01
:10AF7000484C1A3BE37F683B116A8F3BAB38223B5E
:10AF80006B244D3BB7D23B3B8C95593BF3E0293BBF
:10AF9000B7E7343B11DC433B656C283B6D635E3B9C
:10AFA00028832E3BFC8A783B84B0403BA0A4243B02
:10AFB000B862833BDADD563BE629763B656D4A3B5A
:10AFC000DF7E6C3B9E8B433B885D953B1195693BD7
:10AFD000F2E25E3B3F2C533B815D323BBCEA553B8A
:10AFE000E178323BA30F843B13D92E3B5FAE4F3B3E
:10AFF000EB36213B3A82593B2D99663BC864343B82
:10B00000074E3A3BF871413B7399453B51572F3BF3
:10B01000C6F4523B48D26F3BBE467A3BC850523BC7
:10B0200068C83A3BDA11113BBABA603B3521313B73
:10B030005F18393BA7F7803BBF126E3B96DB813B25
:10B0400020BB8E3B574B693B2D784D3B223F653BE8
:10B050001300000074666C2E70736575646F5F7109
:10B06000636F6E7374313300040000004000000011
:10B07000010000000100000020000000A2D9FFFF35
:10B080000000000114000000240300000F00000075
:10B0900000000002300300001CD9FFFF0800000080
:10B0A0000802000040000000000000000000000056
:10B0B0000000000000000000000000000000000090
:10B0C0000000000000000000000000000000000080
:10B0D0000000000000000000000000000000000070
:10B0E0000000000000000000000000000000000060
:10B0F0000000000000000000000000000000000050
:10B10000000000000000000000000000000000003F
:10B11000000000000000000000000000000000002F
:10B12000000000000000000000000000000000001F
:10B13000000000000000000000000000000000000F
:10B1400000000000000000000000000000000000FF
:10B1500000000000000000000000000000000000EF
:10B1600000000000000000000000000000000000DF
:10B1700000000000000000000000000000000000CF
:10B1800000000000000000000000000000000000BF
:10B1900000000000000000000000000000000000AF
:10B1A000000000000000000000000000000000009F
:10B1B000000000000000000000000000000000008F
:10B1C000000000000000000000000000000000007F
:10B1D000000000000000000000000000000000006F
:10B1E000000000000000000000000000000000005F
:10B1F000000000000000000000000000000000004F
:10B20000000000000000000000000000000000003E
:10B21000000000000000000000000000000000002E
:10B22000000000000000000000000000000000001E
:10B23000000000000000000000000000000000000E
:10B2400000000000000000000000000000000000FE
:10B2500000000000000000000000000000000000EE
:10B2600000000000000000000000000000000000DE
:10B2700000000000000000000000000000000000CE
:10B2800000000000000000000000000000000000BE
:10B2900000000000000000000000000000000000AE
:10B2A000000000000000000040000000DE7ECE38FC
:10B2B0000DF2F53809000539221FE8382E26F73837
:10B2C000E3BA0639A7DFF2383F170139B982CC3823
:10B2D0009F141A39CD153E393303D73854F3073943
:10B2E0001CF2F838283210396929E138C7C6EF381E
:10B2F0007DCC01399E3BDF3836611339A44DE738E8
:10B3000073B624395365FF38E838DA385A242E39B1
:10B310001C650E39CC222339BA26063991BA1C395C
:10B320002C9701390AF9453950CC1A39B9B5133976
:10B3300072F20B39F968EC38FEC30D39418DEC38E7
:10B340008A092F3984BFE73810A2093992ADD53860
:10B350005A25103912D218393C19EF38EEEEF6386A
:10B36000DE320039A6F30239D866E838AECD0B39A3
:10B37000CEEE1E3988DC253900610B392391F73870
:10B380007F47C03861EE1439BEC5EA388154F538BC
:10B39000D3EF2A3938C61D39EF1D2C39ED2D3D3933
:10B3A000739B1A39D62A0839BEEC173913000000EE
:10B3B00074666C2E70736575646F5F71636F6E7306
:10B3C000743132000100000040000000F2DCFFFF99
:10B3D0000000000114000000340000000E00000016
:10B3E00000000009400000006CDCFFFF08000000C6
:10B3F000140000000100000080FFFFFFFFFFFFFFBF
:10B40000000000000100000024AC383D13000000E3
:10B4100074666C2E70736575646F5F71636F6E73A5
:10B4200074313100010000004000000052DDFFFFD8
:10B430000000000114000000340000000D000000B6
:10B440000000000940000000CCDCFFFF0800000005
:10B4500014000000010000007F0000000000000058
:10B460000000000001000000262AD03B130000006D
:10B4700074666C2E70736575646F5F71636F6E7345
:10B48000743130000100000040000000B2DDFFFF19
:10B490000000000128000000400300000C00000034
:10B4A000000000094C030000000012001000000022
:10B4B00000000C0008000000000004001200000062
:10B4C00003000000080000000C0200004000000023
:10B4D000000000000000000000000000000000006C
:10B4E000000000000000000000000000000000005C
:10B4F000000000000000000000000000000000004C
:10B50000000000000000000000000000000000003B
:10B51000000000000000000000000000000000002B
:10B52000000000000000000000000000000000001B
:10B53000000000000000000000000000000000000B
:10B5400000000000000000000000000000000000FB
:10B5500000000000000000000000000000000000EB
:10B5600000000000000000000000000000000000DB
:10B5700000000000000000000000000000000000CB
:10B5800000000000000000000000000000000000BB
:10B5900000000000000000000000000000000000AB
:10B5A000000000000000000000000000000000009B
:10B5B000000000000000000000000000000000008B
:10B5C000000000000000000000000000000000007B
:10B5D000000000000000000000000000000000006B
:10B5E000000000000000000000000000000000005B
:10B5F000000000000000000000000000000000004B
:10B60000000000000000000000000000000000003A
:10B61000000000000000000000000000000000002A
:10B62000000000000000000000000000000000001A
:10B63000000000000000000000000000000000000A
:10B6400000000000000000000000000000000000FA
:10B6500000000000000000000000000000000000EA
:10B6600000000000000000000000000000000000DA
:10B6700000000000000000000000000000000000CA
:10B6800000000000000000000000000000000000BA
:10B6900000000000000000000000000000000000AA
:10B6A000000000000000000000000000000000009A
:10B6B000000000000000000000000000000000008A
:10B6C000000000000000000000000000000000007A
:10B6D00000000000400000002A679F3AEC34A13AC5
:10B6E0002A94773AF5C77F3AD1A98C3AA450A93A5F
:10B6F000AE765A3A4D7BC23ACCCE993A7DA2A13A67
:10B700002957943A6C19863ACDFF573A38E0983A5F
:10B710003806AB3A23AC4E3AD023833AB46CD43AD1
:10B72000CD118E3AD54AED3A93A9A03AD0CE913AAE
:10B730007029E23A58DBB33A25E56D3A976FA63A9D
:10B7400060B5AB3AFC47993A8C73863AAC5E8E3A58
:10B750002E08803ABCDBD83AB74BEB3A7C9BA53A33
:10B76000D667843A243BA13AC373693AF307B63AE1
:10B77000D5C7663A4AA3983AD5BB533A1A30813AAC
:10B7800098AAB03AE095653A359EC03A0699993A3A
:10B79000631D373AF6FBAD3A6AD8AF3A87308F3A35
:10B7A0005D2E783A0E66F83A4C28913A7FBE8F3A71
:10B7B000872ADF3A87ED933AEE529B3ADCE0D73A9C
:10B7C0006B42583AB6E57E3A1B0D483A7E6E983A7F
:10B7D000B124523AC3CA7F3A1200000074666C2E3C
:10B7E00070736575646F5F71636F6E737439000099
:10B7F000040000000100000003000000030000003E
:10B80000400000002AE1FFFF0000000114000000DA
:10B81000240300000B0000000000000230030000C1
:10B82000A4E0FFFF08000000080200004000000044
:10B830000000000000000000000000000000000008
:10B8400000000000000000000000000000000000F8
:10B8500000000000000000000000000000000000E8
:10B8600000000000000000000000000000000000D8
:10B8700000000000000000000000000000000000C8
:10B8800000000000000000000000000000000000B8
:10B8900000000000000000000000000000000000A8
:10B8A0000000000000000000000000000000000098
:10B8B0000000000000000000000000000000000088
:10B8C0000000000000000000000000000000000078
:10B8D0000000000000000000000000000000000068
:10B8E0000000000000000000000000000000000058
:10B8F0000000000000000000000000000000000048
:10B900000000000000000000000000000000000037
:10B910000000000000000000000000000000000027
:10B920000000000000000000000000000000000017
:10B930000000000000000000000000000000000007
:10B9400000000000000000000000000000000000F7
:10B9500000000000000000000000000000000000E7
:10B9600000000000000000000000000000000000D7
:10B9700000000000000000000000000000000000C7
:10B9800000000000000000000000000000000000B7
:10B9900000000000000000000000000000000000A7
:10B9A0000000000000000000000000000000000097
:10B9B0000000000000000000000000000000000087
:10B9C0000000000000000000000000000000000077
:10B9D0000000000000000000000000000000000067
:10B9E0000000000000000000000000000000000057
:10B9F0000000000000000000000000000000000047
:10BA00000000000000000000000000000000000036
:10BA10000000000000000000000000000000000026
:10BA20000000000000000000000000000000000016
:10BA3000400000008CB8C73819FBC9387A199B3808
:10BA4000EC3CA038CD3DB038D423D43820DC883845
:10BA500009ACF338E4B5C0386084CA383EDCB93884
:10BA60006204A838E7508738F88ABF381548D638B6
:10BA70001D798138274FA438A0130539D600B23874
:10BA8000C9A71439814CC938E8AFB638BDAE0D39F5
:10BA90001E59E138740895385B88D0388B23D73825
:10BAA000FB0CC0384E75A8382761B238486AA038F8
:10BAB000AFDA0739966713399A7ECF3822E5A53871
:10BAC000E302CA38ED3F92388112E4387793903818
:10BAD000A13EBF38D2A484380DDDA138C959DD3864
:10BAE000CBD38F384556F1388472C0381D6E653817
:10BAF0007BFDD9387252DC381668B338137A9B381C
:10BB0000F79C1B3946DFB538F719B4384BCE0B39E3
:10BB1000E457B938319CC238853D0739A37A873854
:10BB200030AF9F3878A67A387AFCBE38C3A5833800
:10BB3000AE3EA0381200000074666C2E70736575FE
:10BB4000646F5F71636F6E737438000001000000F2
:10BB5000400000007AE4FFFF000000011400000034
:10BB6000280600000A00000000000009340600005A
:10BB7000F4E3FFFF080000000C0400008000000058
:10BB800000000000000000000000000000000000B5
:10BB900000000000000000000000000000000000A5
:10BBA0000000000000000000000000000000000095
:10BBB0000000000000000000000000000000000085
:10BBC0000000000000000000000000000000000075
:10BBD0000000000000000000000000000000000065
:10BBE0000000000000000000000000000000000055
:10BBF0000000000000000000000000000000000045
:10BC00000000000000000000000000000000000034
:10BC10000000000000000000000000000000000024
:10BC20000000000000000000000000000000000014
:10BC30000000000000000000000000000000000004
:10BC400000000000000000000000000000000000F4
:10BC500000000000000000000000000000000000E4
:10BC600000000000000000000000000000000000D4
:10BC700000000000000000000000000000000000C4
:10BC800000000000000000000000000000000000B4
:10BC900000000000000000000000000000000000A4
:10BCA0000000000000000000000000000000000094
:10BCB0000000000000000000000000000000000084
:10BCC0000000000000000000000000000000000074
:10BCD0000000000000000000000000000000000064
:10BCE0000000000000000000000000000000000054
:10BCF0000000000000000000000000000000000044
:10BD00000000000000000000000000000000000033
:10BD10000000000000000000000000000000000023
:10BD20000000000000000000000000000000000013
:10BD30000000000000000000000000000000000003
:10BD400000000000000000000000000000000000F3
:10BD500000000000000000000000000000000000E3
:10BD600000000000000000000000000000000000D3
:10BD700000000000000000000000000000000000C3
:10BD800000000000000000000000000000000000B3
:10BD900000000000000000000000000000000000A3
:10BDA0000000000000000000000000000000000093
:10BDB0000000000000000000000000000000000083
:10BDC0000000000000000000000000000000000073
:10BDD0000000000000000000000000000000000063
:10BDE0000000000000000000000000000000000053
:10BDF0000000000000000000000000000000000043
:10BE00000000000000000000000000000000000032
:10BE10000000000000000000000000000000000022
:10BE20000000000000000000000000000000000012
:10BE30000000000000000000000000000000000002
:10BE400000000000000000000000000000000000F2
:10BE500000000000000000000000000000000000E2
:10BE600000000000000000000000000000000000D2
:10BE700000000000000000000000000000000000C2
:10BE800000000000000000000000000000000000B2
:10BE900000000000000000000000000000000000A2
:10BEA0000000000000000000000000000000000092
:10BEB0000000000000000000000000000000000082
:10BEC0000000000000000000000000000000000072
:10BED0000000000000000000000000000000000062
:10BEE0000000000000000000000000000000000052
:10BEF0000000000000000000000000000000000042
:10BF00000000000000000000000000000000000031
:10BF10000000000000000000000000000000000021
:10BF20000000000000000000000000000000000011
:10BF30000000000000000000000000000000000001
:10BF400000000000000000000000000000000000F1
:10BF500000000000000000000000000000000000E1
:10BF600000000000000000000000000000000000D1
:10BF700000000000000000000000000000000000C1
:10BF800000000000800000007FE4353B159A903BE4
:10BF9000A583563B24A3883B7D11223B4EFE5A3B92
:10BFA0003BA8483BBDB1573B02714C3B1B2F1B3B91
:10BFB000DD496F3BC6D5303B3E93183BE6F93F3B2E
:10BFC0002C6D423B3E4B6E3B3DE52F3BD7493F3B03
:10BFD0006CDC793BEC043D3BB7375C3B6656553B2C
:10BFE0006276523B92A8323BCAF45E3B708F403B74
:10BFF0004350333B7F83183BB2DF463B72B72D3B48
:10C000009007353B8C473E3BED1D373B6D342B3B5A
:10C0100089464D3BB6B52C3B2C24423B2A202F3B76
:10C0200047554D3B38562F3BF2AF653BFBEB423B50
:10C03000EDA32E3B8A1A423B9547453B9C7F6C3BC8
:10C04000CAAC253B02358D3B1C016D3B5565473B1A
:10C050005903433B5E3B543B71353A3BD478363B06
:10C060001DE4163BC4E28E3B3523273BEFD53D3B19
:10C0700009DB5F3B0F2A5B3BEFDF0D3B7C07603B3F
:10C08000AEB15B3BC9F96C3BB939313B7776173BB5
:10C09000A423523BB4BB6E3B8060443BD064483B1E
:10C0A0006653113BA1A71A3B2C7D4D3BE6684B3BE9
:10C0B000707A303B7E10653B2C316D3B577C363BB4
:10C0C000304A1C3B0806233BFE4E213B30CE863BCC
:10C0D000D3298E3B4CC9183B0DCE1D3BA96E2B3B83
:10C0E0006167543B326F2F3BD227383BEBF44F3B19
:10C0F00000153E3BA6EC123B6F8C313B9D595B3BE0
:10C1000034F6283B8CB32D3B36A1853B0088733B2E
:10C11000B04D123B70F1373BB039463B4338773B6B
:10C120005A812B3B0F564C3BF893563BF0F9373B6B
:10C13000E7CA4D3BFB35393B2D12263BE323313B10
:10C1400067C0203B6B7C563BEF31313B80F0653B59
:10C15000EAE3583B20AD2B3BF2E6583B7E5A243BAA
:10C1600096772B3BA2113F3B2CE6263BEA5D303B0A
:10C17000B291213B540A3F3B26D05A3BD7745C3BDB
:10C18000DCED1F3BDC9D473B1200000074666C2E0B
:10C1900070736575646F5F71636F6E7374370000E1
:10C1A0000400000080000000010000000100000009
:10C1B00040000000DAEAFFFF000000011400000068
:10C1C0002406000009000000000000023006000004
:10C1D00054EAFFFF0800000008040000800000008F
:10C1E000000000000000000000000000000000004F
:10C1F000000000000000000000000000000000003F
:10C20000000000000000000000000000000000002E
:10C21000000000000000000000000000000000001E
:10C22000000000000000000000000000000000000E
:10C2300000000000000000000000000000000000FE
:10C2400000000000000000000000000000000000EE
:10C2500000000000000000000000000000000000DE
:10C2600000000000000000000000000000000000CE
:10C2700000000000000000000000000000000000BE
:10C2800000000000000000000000000000000000AE
:10C29000000000000000000000000000000000009E
:10C2A000000000000000000000000000000000008E
:10C2B000000000000000000000000000000000007E
:10C2C000000000000000000000000000000000006E
:10C2D000000000000000000000000000000000005E
:10C2E000000000000000000000000000000000004E
:10C2F000000000000000000000000000000000003E
:10C30000000000000000000000000000000000002D
:10C31000000000000000000000000000000000001D
:10C32000000000000000000000000000000000000D
:10C3300000000000000000000000000000000000FD
:10C3400000000000000000000000000000000000ED
:10C3500000000000000000000000000000000000DD
:10C3600000000000000000000000000000000000CD
:10C3700000000000000000000000000000000000BD
:10C3800000000000000000000000000000000000AD
:10C39000000000000000000000000000000000009D
:10C3A000000000000000000000000000000000008D
:10C3B000000000000000000000000000000000007D
:10C3C000000000000000000000000000000000006D
:10C3D000000000000000000000000000000000005D
:10C3E000000000000000000000000000000000004D
:10C3F000000000000000000000000000000000003D
:10C40000000000000000000000000000000000002C
:10C41000000000000000000000000000000000001C
:10C42000000000000000000000000000000000000C
:10C4300000000000000000000000000000000000FC
:10C4400000000000000000000000000000000000EC
:10C4500000000000000000000000000000000000DC
:10C4600000000000000000000000000000000000CC
:10C4700000000000000000000000000000000000BC
:10C4800000000000000000000000000000000000AC
:10C49000000000000000000000000000000000009C
:10C4A000000000000000000000000000000000008C
:10C4B000000000000000000000000000000000007C
:10C4C000000000000000000000000000000000006C
:10C4D000000000000000000000000000000000005C
:10C4E000000000000000000000000000000000004C
:10C4F000000000000000000000000000000000003C
:10C50000000000000000000000000000000000002B
:10C51000000000000000000000000000000000001B
:10C52000000000000000000000000000000000000B
:10C5300000000000000000000000000000000000FB
:10C5400000000000000000000000000000000000EB
:10C5500000000000000000000000000000000000DB
:10C5600000000000000000000000000000000000CB
:10C5700000000000000000000000000000000000BB
:10C5800000000000000000000000000000000000AB
:10C59000000000000000000000000000000000009B
:10C5A000000000000000000000000000000000008B
:10C5B000000000000000000000000000000000007B
:10C5C000000000000000000000000000000000006B
:10C5D000000000000000000000000000000000005B
:10C5E000800000005526823828EFCE38D67D993855
:10C5F0004E89C33804EE67384EB29C388D938F381D
:10C60000FE559A38BE489238F0135E38E437AB389E
:10C61000D60F7D382F585A38685D89383D1E8B38C3
:10C62000B381AA389DB77B386EDF883884C8B238AA
:10C63000C43F873890929D3849A69838A597963878
:10C64000DAAB7F3834889F3868C88938EA4D80383B
:10C65000A6415A38E34C8E38619978383F88813842
:10C660009D2688389A0683382E01753887E19238DE
:10C670008C28773801EA8A38979D7A3813EC9238FB
:10C68000F2EA7A382C59A438F9788B38CCEB79381F
:10C690001DE38A38DE288D38D138A93851176D3816
:10C6A0007513CA387B95A93882AC8E38B2898B381D
:10C6B000C4DB9738F43C85387890823836EF5738A9
:10C6C000787ACC38212F6F3852D58738F32CA038A0
:10C6D0009DD19C3810084B38C14CA038A8329D38E9
:10C6E0003D90A938DE9E7D38A6C05838705C9638DB
:10C6F0002BD2AA3886838C3850638F385BF84F383A
:10C7000010525D389F089338C38B9138218D7C3847
:10C7100014E7A338DFB7A938FB9282380BA95F383A
:10C72000F84B6938AED7663834EAC038CE71CB38AA
:10C730008AA55A381AD461388454753842FB973820
:10C74000B00E7B38DBC48338A8CC943872028838AA
:10C75000054252383C157E38A4F39C386ECB7138B4
:10C76000CD9378387D3BBF380E41AE38895E513865
:10C77000F29D83381AD68D38B4E4B038446F7538DA
:10C78000753592388489993807A483383D409338A9
:10C790002A86843868A86D389F7F7D38A00B66385C
:10C7A000AA789938B9937D385D87A43812319B38BF
:10C7B000E8AD75383E339B3831336B384A61753894
:10C7C00036B78838C9D76E384F647C382337673816
:10C7D000FCB1883848919C384CBE9D3853DE643893
:10C7E000F4D48E381200000074666C2E7073657578
:10C7F000646F5F71636F6E73743600000100000038
:10C80000800000002AF1FFFF00000001140000007A
:10C810003400000008000000000000094000000093
:10C82000A4F0FFFF08000000140000000100000059
:10C8300080FFFFFFFFFFFFFF00000000010000007E
:10C840002B20143E1200000074666C2E7073657508
:10C85000646F5F71636F6E737435000001000000D8
:10C86000800000008AF1FFFF0000000114000000BA
:10C870003400000007000000000000094000000034
:10C8800004F1FFFF08000000140000000100000098
:10C890007F00000000000000000000000100000018
:10C8A000086DBB3B1200000074666C2E70736575DA
:10C8B000646F5F71636F6E73743400000100000079
:10C8C00080000000EAF1FFFF0000000114000000FA
:10C8D00028060000060000000000000934060000E1
:10C8E00064F1FFFF080000000C040000800000005D
:10C8F0000000000000000000000000000000000038
:10C900000000000000000000000000000000000027
:10C910000000000000000000000000000000000017
:10C920000000000000000000000000000000000007
:10C9300000000000000000000000000000000000F7
:10C9400000000000000000000000000000000000E7
:10C9500000000000000000000000000000000000D7
:10C9600000000000000000000000000000000000C7
:10C9700000000000000000000000000000000000B7
:10C9800000000000000000000000000000000000A7
:10C990000000000000000000000000000000000097
:10C9A0000000000000000000000000000000000087
:10C9B0000000000000000000000000000000000077
:10C9C0000000000000000000000000000000000067
:10C9D0000000000000000000000000000000000057
:10C9E0000000000000000000000000000000000047
:10C9F0000000000000000000000000000000000037
:10CA00000000000000000000000000000000000026
:10CA10000000000000000000000000000000000016
:10CA20000000000000000000000000000000000006
:10CA300000000000000000000000000000000000F6
:10CA400000000000000000000000000000000000E6
:10CA500000000000000000000000000000000000D6
:10CA600000000000000000000000000000000000C6
:10CA700000000000000000000000000000000000B6
:10CA800000000000000000000000000000000000A6
:10CA90000000000000000000000000000000000096
:10CAA0000000000000000000000000000000000086
:10CAB0000000000000000000000000000000000076
:10CAC0000000000000000000000000000000000066
:10CAD0000000000000000000000000000000000056
:10CAE0000000000000000000000000000000000046
:10CAF0000000000000000000000000000000000036
:10CB00000000000000000000000000000000000025
:10CB10000000000000000000000000000000000015
:10CB20000000000000000000000000000000000005
:10CB300000000000000000000000000000000000F5
:10CB400000000000000000000000000000000000E5
:10CB500000000000000000000000000000000000D5
:10CB600000000000000000000000000000000000C5
:10CB700000000000000000000000000000000000B5
:10CB800000000000000000000000000000000000A5
:10CB90000000000000000000000000000000000095
:10CBA0000000000000000000000000000000000085
:10CBB0000000000000000000000000000000000075
:10CBC0000000000000000000000000000000000065
:10CBD0000000000000000000000000000000000055
:10CBE0000000000000000000000000000000000045
:10CBF0000000000000000000000000000000000035
:10CC00000000000000000000000000000000000024
:10CC10000000000000000000000000000000000014
:10CC20000000000000000000000000000000000004
:10CC300000000000000000000000000000000000F4
:10CC400000000000000000000000000000000000E4
:10CC500000000000000000000000000000000000D4
:10CC600000000000000000000000000000000000C4
:10CC700000000000000000000000000000000000B4
:10CC800000000000000000000000000000000000A4
:10CC90000000000000000000000000000000000094
:10CCA0000000000000000000000000000000000084
:10CCB0000000000000000000000000000000000074
:10CCC0000000000000000000000000000000000064
:10CCD0000000000000000000000000000000000054
:10CCE0000000000000000000000000000000000044
:10CCF0000000000080000000281D173BF9CE613BBA
:10CD0000CE9D2D3B4D8D233B29D6303BA6AB203B02
:10CD10005588293B361B713B7B6B3F3B11FA403BEF
:10CD20004A152A3B4214083B34FA2F3BAB2C473BB5
:10CD30008D1B7F3B97B31F3BC2856D3B24D34C3B80
:10CD400002E6503BFB55483BA26A2F3BA1DB343B3C
:10CD50009493463B69E34A3BAFA21A3B0234333B10
:10CD6000C863233B339D303BC68B503BF144343B7F
:10CD700018F3243B5C2D143B8C1D633BC6D5403B14
:10CD8000AD984B3B4FC5443B68DA3F3B491C2A3BBF
:10CD9000B1013D3B96C4343B8B88673B9F102B3BD6
:10CDA00018FF623BEE731F3B2B4A533B4FA81F3BC0
:10CDB000ED786C3B6EEF2F3BDC265B3B9CD64F3B0C
:10CDC00018D8393B0BC5283B9325233BA18E143B38
:10CDD0003D895A3BD5A1333B45FA423B1A4E463B6F
:10CDE000346D473BA1416A3B2D364C3B4E51333BA2
:10CDF000AB9D823BAD0D3D3BF4C6343B8FDB1A3B14
:10CE000020631E3B171C513B7408443BC62E2E3B2F
:10CE10009396493B5C094C3BBB1E173B0C5F4B3B5D
:10CE20007E49313BE449123B0EC7383BAE72353B7D
:10CE300086FF253B59E9263B0E3A703BFFDD2C3B34
:10CE4000D790603BEC1A143B3CA02D3BD6775A3B65
:10CE500057DF373B83AC533B8148493B54BC1F3BB6
:10CE6000C58B413B85B9133B374D453BD90C2E3B18
:10CE7000DCEB493B94C7453B9264403B358A2A3BF7
:10CE800057221A3B2D483E3B831B2D3BFCE53A3B8A
:10CE90003D26263B3C24233B957F243B3B25703B92
:10CEA00075FD3B3B03D3303B84684D3BA442373B8D
:10CEB000B4173A3B0D3E423BC311143BFA7D403B55
:10CEC000BCFB263B69FE383BE5AF143B4CF65B3BB5
:10CED000679B3E3B07163E3BDA35383B9484453B27
:10CEE00082EA433BFE353C3B8DD06E3B9864573B1A
:10CEF0006ECE233B6102463B1200000074666C2E2E
:10CF000070736575646F5F71636F6E737433000067
:10CF100002000000800000008000000042F8FFFFD7
:10CF200000000001140000002406000005000000BD
:10CF30000000000230060000BCF7FFFF0800000000
:10CF40000804000080000000000000000000000055
:10CF500000000000000000000000000000000000D1
:10CF600000000000000000000000000000000000C1
:10CF700000000000000000000000000000000000B1
:10CF800000000000000000000000000000000000A1
:10CF90000000000000000000000000000000000091
:10CFA0000000000000000000000000000000000081
:10CFB0000000000000000000000000000000000071
:10CFC0000000000000000000000000000000000061
:10CFD0000000000000000000000000000000000051
:10CFE0000000000000000000000000000000000041
:10CFF0000000000000000000000000000000000031
:10D000000000000000000000000000000000000020
:10D010000000000000000000000000000000000010
:10D020000000000000000000000000000000000000
:10D0300000000000000000000000000000000000F0
:10D0400000000000000000000000000000000000E0
:10D0500000000000000000000000000000000000D0
:10D0600000000000000000000000000000000000C0
:10D0700000000000000000000000000000000000B0
:10D0800000000000000000000000000000000000A0
:10D090000000000000000000000000000000000090
:10D0A0000000000000000000000000000000000080
:10D0B0000000000000000000000000000000000070
:10D0C0000000000000000000000000000000000060
:10D0D0000000000000000000000000000000000050
:10D0E0000000000000000000000000000000000040
:10D0F0000000000000000000000000000000000030
:10D10000000000000000000000000000000000001F
:10D11000000000000000000000000000000000000F
:10D1200000000000000000000000000000000000FF
:10D1300000000000000000000000000000000000EF
:10D1400000000000000000000000000000000000DF
:10D1500000000000000000000000000000000000CF
:10D1600000000000000000000000000000000000BF
:10D1700000000000000000000000000000000000AF
:10D18000000000000000000000000000000000009F
:10D19000000000000000000000000000000000008F
:10D1A000000000000000000000000000000000007F
:10D1B000000000000000000000000000000000006F
:10D1C000000000000000000000000000000000005F
:10D1D000000000000000000000000000000000004F
:10D1E000000000000000000000000000000000003F
:10D1F000000000000000000000000000000000002F
:10D20000000000000000000000000000000000001E
:10D21000000000000000000000000000000000000E
:10D2200000000000000000000000000000000000FE
:10D2300000000000000000000000000000000000EE
:10D2400000000000000000000000000000000000DE
:10D2500000000000000000000000000000000000CE
:10D2600000000000000000000000000000000000BE
:10D2700000000000000000000000000000000000AE
:10D28000000000000000000000000000000000009E
:10D29000000000000000000000000000000000008E
:10D2A000000000000000000000000000000000007E
:10D2B000000000000000000000000000000000006E
:10D2C000000000000000000000000000000000005E
:10D2D000000000000000000000000000000000004E
:10D2E000000000000000000000000000000000003E
:10D2F000000000000000000000000000000000002E
:10D30000000000000000000000000000000000001D
:10D31000000000000000000000000000000000000D
:10D3200000000000000000000000000000000000FD
:10D3300000000000000000000000000000000000ED
:10D34000000000000000000080000000BC9FEC38DE
:10D35000F5CA303911EE0739D60C00397B730A391A
:10D360009C96FB3888BB04391CC53C396BDE1539EB
:10D370007C161739E4290539E114D53845C7093930
:10D38000B0F01B3968BB47392F12FA38CEF639395D
:10D390002D5D2039AC8D233976D91C39DD560939FC
:10D3A0007C990D39D4781B390ED91E396723F23890
:10D3B000D24D0C39A9D8FF38E2460A39064723393D
:10D3C00082230D39F72401398506E838E8D0313950
:10D3D00012FA1639F9661F39E70E1A39443516392B
:10D3E0005E2F0539BBFA133972870D396746353917
:10D3F000ABEE053911B9313980AEF938F46C253905
:10D400008500FA3854243939D6BE0939C1942B39EC
:10D410002FB92239DF801139A22204394177FF3830
:10D42000D59EE83859192B39CEA30C3981A7183964
:10D430006F421B3937231C392C68373949E21F39B1
:10D44000C2640C39E0864C391D0414394C890D39FD
:10D45000767CF2385303F83804B823390A7B19393B
:10D46000915F083977D41D3932BF1F3933A2EC38A8
:10D47000DA391F39C7CD0A397911E5381AAB1039B5
:10D48000BF0F0E3921F7013932AE0239D4143C39BD
:10D49000E5570739E2D12F39A7E9E738F8EF07391F
:10D4A000B90B2B39AFF50F39F3B9253957971D391A
:10D4B000DE1FFA388F8817392251E7384F791A3929
:10D4C000014508393D171E391CD91A3970A1163982
:10D4D0006E8505396F5AF13859FA14390E880739B3
:10D4E0002D541239701502392875FF3887CA003952
:10D4F00086043C39FC2E133904710A3921D22039B3
:10D50000FF7A0F39ACB21139241418394FDBE738E0
:10D5100055B5163997BC023970D61039ECD2E838B7
:10D520002A372C39823B153915D314396A39103909
:10D53000A7A41A3998631939405B1339CBF93A39E2
:10D540005DA32839D43F003925071B39120000009C
:10D5500074666C2E70736575646F5F71636F6E7344
:10D5600074320000010000008000000092FEFFFF06
:10D57000000000011400000088000000040000000A
:10D5800000000009940000000CFEFFFF08000000EE
:10D590004C00000008000000000000000000000037
:10D5A000000000000000000000000000000000007B
:10D5B000000000000000000000000000000000006B
:10D5C000000000000000000000000000000000005B
:10D5D0000000000000000000000000000800000043
:10D5E0009B3B4B3B1DCA8A3B4E76893B2D5C9F3B48
:10D5F000749A8E3B33A4703B5E10633B345B7F3B7D
:10D600001200000074666C2E70736575646F5F7134
:10D61000636F6E73743100000200000008000000A8
:10D62000800000004AFFFFFF00000001140000001E
:10D6300088000000030000000000000294000000C9
:10D64000C4FEFFFF080000004C00000008000000BE
:10D6500000000000000000000000000000000000CA
:10D6600000000000000000000000000000000000BA
:10D6700000000000000000000000000000000000AA
:10D68000000000000000000000000000000000009A
:10D690000000000008000000A12915399CBA4B3990
:10D6A000CEC74939A8EC6939C75351395D9E303925
:10D6B00047A72639276B3B391100000074666C2E92
:10D6C00070736575646F5F71636F6E7374000000D3
:10D6D0000100000008000000000016001C001800F7
:10D6E000170010000C0008000000000000000700F8
:10D6F00016000000000000011800000018000000E3
:10D7000002000000000000022000000004000400ED
:10D71000040000000E00000061726974682E636FDF
:10D720006E7374616E74000001000000020000005E
:10D730000000160020001C001B00140010000C004C
:10D7400000000000080007001600000000000001B3
:10D750001800000034000000540000000100000028
:10D76000000000096C00000004000000FFFFFFFF44
:10D77000200000000D000000010000000C000C0063
:10D7800000000000080004000C0000000800000079
:10D7900014000000010000005A000000000000001A
:10D7A0000000000001000000A65398401D0000008A
:10D7B00073657276696E675F64656661756C745FC8
:10D7C000696E7075745F6C617965723A3000000043
:10D7D0000400000001000000200000000D00000017
:10D7E0000100000008000000A80000008800000000
:10D7F0007C00000060000000400000002C000000E1
:10D80000180000000400000084FFFFFF0E0000006D
:10D81000020000000000000E94FFFFFF090000005E
:10D820000400000000000009A4FFFFFF2800000022
:10D830000200000000000028B4FFFFFF0400000009
:10D8400003000000000000040C000E000D000000AA
:10D85000080004000C00000011000000020000009D
:10D8600000110A0008000000000004000A00000087
:10D8700002000000F0FFFFFF1200000002000000A5
:10D88000000000120C0010000F000000080004004F
:10D890000C00000003000000030000000000000373
:10D8A000F304B53DF304B53DF304B53DF304B53DD4
:10D8B000F304B53DF304B53DF304B53DF304B53DC4
:10D8C000F304B53DF304B53DF304B53DF304B53DB4
:10D8D000F304B53DF304B53DF304B53DF304B53DA4
:10D8E000F304B53DF304B53DF304B53DF304B53D94
:10D8F000F304B53DF304B53DF304B53DF304B53D84
:10D90000F304B53DF304B53DF304B53DF304B53D73
:10D91000F304B53DF304B53DF304B53DF304B53D63
:10D92000F304B53DF304B53DF304B53DF304B53D53
:10D93000F304B53DF304B53DF304B53DF304B53D43
:10D94000F304B53DF304B53DF304B53DF304B53D33
:10D95000F304B53DF304B53DF304B53DF304B53D23
:10D96000F304B53DF304B53DF304B53DF304B53D13
:10D97000F304B53DF304B53DF304B53DF304B53D03
:10D98000F304B53DF304B53DF304B53DF304B53DF3
:10D99000F304B53DF304B53DF304B53DF304B53DE3
:10D9A000F304B53DF304B53DF304B53DF304B53DD3
:10D9B000F304B53DF304B53DF304B53DF304B53DC3
:10D9C000F304B53DF304B53DF304B53DF304B53DB3
:10D9D000F304B53DF304B53DF304B53DF304B53DA3
:10D9E000F304B53DF304B53DF304B53DF304B53D93
:10D9F000F304B53DF304B53DF304B53DF304B53D83
:10DA0000F304B53DF304B53DF304B53DF304B53D72
:10DA1000F304B53DF304B53DF304B53DF304B53D62
:10DA2000F304B53DF304B53DF304B53DF304B53D52
:10DA3000F304B53DF304B53DF304B53DF304B53D42
:10DA4000F304B53DF304B53DF304B53DF304B53D32
:10DA5000F304B53DF304B53DF304B53DF304B53D22
:10DA6000F304B53DF304B53DF304B53DF304B53D12
:10DA7000F304B53DF304B53DF304B53DF304B53D02
:10DA8000F304B53DF304B53DF304B53DF304B53DF2
:10DA9000F304B53DF304B53DF304B53DF304B53DE2
:10DAA00011FBFF3D97D3FF3DAB84FF3D580EFF3D7B
:10DAB000B070FE3DCCABFD3DC9BFFC3DCDACFB3DE8
:10DAC0000273FA3D9812F93DC58BF73DC6DEF53D70
:10DAD000DD0BF43D5213F23D73F5EF3D93B2ED3D96
:10DAE0000C4BEB3D3CBFE83D880FE63D5A3CE33D27
:10DAF0002146E03D532DDD3D6AF2D93DE595D63D09
:10DB00004918D33D1F7ACF3DF8BBCB3D65DEC73DFD
:10DB100000E2C33D67C7BF3D3B8FBB3D233AB73DE6
:10DB2000C9C8B23DDE3BAE3D1594A93D25D2A43D0A
:10DB3000CBF69F3DC6029B3DD9F6953DCDD3903D9A
:10DB40006B9A8B3D824B863DE4E7803DCBE0763D92
:10DB5000BBCB6B3D4F92603D4136553D53B9493D7E
:10DB60004A1D3E3DEF63323D128F263D86A01A3D91
:10DB7000229A0E3DC07D023D7F9AEC3C0115D43CBB
:10DB8000CF6EBB3CB6ABA23C86CF893C2EBC613C81
:10DB900080B62F3C742BFB3B2CC3963B900EC93AAE
:10DBA000900EC9BA2CC396BB742BFBBB80B62FBC9E
:10DBB0002EBC61BC86CF89BCB6ABA2BCCF6EBBBC51
:10DBC0000115D4BC7F9AECBCC07D02BD229A0EBD6B
:10DBD00086A01ABD128F26BDEF6332BD4A1D3EBD21
:10DBE00053B949BD413655BD4F9260BDBBCB6BBDEE
:10DBF000CBE076BDE4E780BD824B86BD6B9A8BBDE2
:10DC0000CDD390BDD9F695BDC6029BBDCBF69FBDC9
:10DC100025D2A4BD1594A9BDDE3BAEBDC9C8B2BD19
:10DC2000233AB7BD3B8FBBBD67C7BFBD00E2C3BDD5
:10DC300065DEC7BDF8BBCBBD1F7ACFBD4918D3BDCC
:10DC4000E595D6BD6AF2D9BD532DDDBD2146E0BDB7
:10DC50005A3CE3BD880FE6BD3CBFE8BD0C4BEBBDB5
:10DC600093B2EDBD73F5EFBD5213F2BDDD0BF4BD04
:10DC7000C6DEF5BDC58BF7BD9812F9BD0273FABDBE
:10DC8000CDACFBBDC9BFFCBDCCABFDBDB070FEBD16
:10DC9000580EFFBDAB84FFBD97D3FFBD11FBFFBD89
:10DCA00043ECFF3D6D4EFF3D2413FE3D283BFC3D04
:10DCB0009DC7F93D07BAF63D4714F33D9ED8EE3DAA
:10DCC000A709EA3D59AAE43D05BEDE3D5348D83DCB
:10DCD0003D4DD13D12D1C93D70D8C13D4268B93DDD
:10DCE000BB85B03D5636A73DD17F9D3D2A68933D0B
:10DCF0009BF5883D275D7C3D7533663DCA7B4F3D76
:10DD00002A44383DE59A203D938E083D135CE03C63
:10DD1000A210AF3C73B27A3C05A9163CB00A493B4D
:10DD2000B00A49BB05A916BC73B27ABCA210AFBC3D
:10DD3000135CE0BC938E08BDE59A20BD2A4438BD33
:10DD4000CA7B4FBD753366BD275D7CBD9BF588BD25
:10DD50002A6893BDD17F9DBD5636A7BDBB85B0BD9A
:10DD60004268B9BD70D8C1BD12D1C9BD3D4DD1BD4C
:10DD70005348D8BD05BEDEBD59AAE4BDA709EABD1A
:10DD80009ED8EEBD4714F3BD07BAF6BD9DC7F9BDD9
:10DD9000283BFCBD2413FEBD6D4EFFBD43ECFFBD13
:10DDA00043ECFFBD6D4EFFBD2413FEBD283BFCBD03
:10DDB0009DC7F9BD07BAF6BD4714F3BD9ED8EEBDA9
:10DDC000A709EABD59AAE4BD05BEDEBD5348D8BDCA
:10DDD0003D4DD1BD12D1C9BD70D8C1BD4268B9BDDC
:10DDE000BB85B0BD5636A7BDD17F9DBD2A6893BD0A
:10DDF0009BF588BD275D7CBD753366BDCA7B4FBD75
:10DE00002A4438BDE59A20BD938E08BD135CE0BC62
:10DE1000A210AFBC73B27ABC05A916BCB00A49BB4C
:10DE2000B00A493B05A9163C73B27A3CA210AF3C3C
:10DE3000135CE03C938E083DE59A203D2A44383D32
:10DE4000CA7B4F3D7533663D275D7C3D9BF5883D24
:10DE50002A68933DD17F9D3D5636A73DBB85B03D99
:10DE60004268B93D70D8C13D12D1C93D3D4DD13D4B
:10DE70005348D83D05BEDE3D59AAE43DA709EA3D19
:10DE80009ED8EE3D4714F33D07BAF63D9DC7F93DD8
:10DE9000283BFC3D2413FE3D6D4EFF3D43ECFF3D12
:10DEA00097D3FF3DB070FE3DCDACFB3DC58BF73D3C
:10DEB0005213F23D0C4BEB3D5A3CE33D6AF2D93D27
:10DEC0001F7ACF3D00E2C33D233AB73D1594A93DEB
:10DED000C6029B3D6B9A8B3DCBE0763D4136553D6E
:10DEE000EF63323D229A0E3D0115D43C86CF893C2A
:10DEF000742BFB3B900EC9BA80B62FBCB6ABA2BC4C
:10DF00007F9AECBC86A01ABD4A1D3EBD4F9260BDF3
:10DF1000E4E780BDCDD390BDCBF69FBDDE3BAEBD6B
:10DF20003B8FBBBD65DEC7BD4918D3BD532DDDBDDD
:10DF3000880FE6BD93B2EDBDDD0BF4BD9812F9BDBF
:10DF4000C9BFFCBD580EFFBD11FBFFBDAB84FFBDBB
:10DF5000CCABFDBD0273FABDC6DEF5BD73F5EFBDFA
:10DF60003CBFE8BD2146E0BDE595D6BDF8BBCBBDC5
:10DF700067C7BFBDC9C8B2BD25D2A4BDD9F695BD7E
:10DF8000824B86BDBBCB6BBD53B949BD128F26BD3D
:10DF9000C07D02BDCF6EBBBC2EBC61BC2CC396BB8A
:10DFA0002CC3963B2EBC613CCF6EBB3CC07D023D7A
:10DFB000128F263D53B9493DBBCB6B3D824B863D0D
:10DFC000D9F6953D25D2A43DC9C8B23D67C7BF3D2E
:10DFD000F8BBCB3DE595D63D2146E03D3CBFE83D55
:10DFE00073F5EF3DC6DEF53D0273FA3DCCABFD3D6A
:10DFF000AB84FF3D11FBFF3D580EFF3DC9BFFC3D0B
:10E000009812F93DDD0BF43D93B2ED3D880FE63DEE
:10E01000532DDD3D4918D33D65DEC73D3B8FBB3DEC
:10E02000DE3BAE3DCBF69F3DCDD3903DE4E7803D5A
:10E030004F92603D4A1D3E3D86A01A3D7F9AEC3CC2
:10E04000B6ABA23C80B62F3C900EC93A742BFBBBFA
:10E0500086CF89BC0115D4BC229A0EBDEF6332BDB8
:10E06000413655BDCBE076BD6B9A8BBDC6029BBDDC
:10E070001594A9BD233AB7BD00E2C3BD1F7ACFBD39
:10E080006AF2D9BD5A3CE3BD0C4BEBBD5213F2BD55
:10E09000C58BF7BDCDACFBBDB070FEBD97D3FFBD4A
:10E0A0000FB1FF3DAC3AFD3DF853F83D0809F13D95
:10E0B000D86BE73D1A94DB3D029FCD3DF9AEBD3DE7
:10E0C0004AEBAB3DC07F983D3D9C833D80E85A3D87
:10E0D000D47C2C3DCCCFF83C8340963C30FBC83BF5
:10E0E00030FBC8BB834096BCCCCFF8BCD47C2CBDE5
:10E0F00080E85ABD3D9C83BDC07F98BD4AEBABBD57
:10E10000F9AEBDBD029FCDBD1A94DBBDD86BE7BD96
:10E110000809F1BDF853F8BDAC3AFDBD0FB1FFBD24
:10E120000FB1FFBDAC3AFDBDF853F8BD0809F1BD14
:10E13000D86BE7BD1A94DBBD029FCDBDF9AEBDBD66
:10E140004AEBABBDC07F98BD3D9C83BD80E85ABD06
:10E15000D47C2CBDCCCFF8BC834096BC30FBC8BB74
:10E1600030FBC83B8340963CCCCFF83CD47C2C3D64
:10E1700080E85A3D3D9C833DC07F983D4AEBAB3DD6
:10E18000F9AEBD3D029FCD3D1A94DB3DD86BE73D16
:10E190000809F13DF853F83DAC3AFD3D0FB1FF3DA4
:10E1A0000FB1FF3DAC3AFD3DF853F83D0809F13D94
:10E1B000D86BE73D1A94DB3D029FCD3DF9AEBD3DE6
:10E1C0004AEBAB3DC07F983D3D9C833D80E85A3D86
:10E1D000D47C2C3DCCCFF83C8340963C30FBC83BF4
:10E1E00030FBC8BB834096BCCCCFF8BCD47C2CBDE4
:10E1F00080E85ABD3D9C83BDC07F98BD4AEBABBD56
:10E20000F9AEBDBD029FCDBD1A94DBBDD86BE7BD95
:10E210000809F1BDF853F8BDAC3AFDBD0FB1FFBD23
:10E220000FB1FFBDAC3AFDBDF853F8BD0809F1BD13
:10E23000D86BE7BD1A94DBBD029FCDBDF9AEBDBD65
:10E240004AEBABBDC07F98BD3D9C83BD80E85ABD05
:10E25000D47C2CBDCCCFF8BC834096BC30FBC8BB73
:10E2600030FBC83B8340963CCCCFF83CD47C2C3D63
:10E2700080E85A3D3D9C833DC07F983D4AEBAB3DD5
:10E28000F9AEBD3D029FCD3D1A94DB3DD86BE73D15
:10E290000809F13DF853F83DAC3AFD3D0FB1FF3DA3
:10E2A000AB84FF3DCDACFB3DDD0BF43D3CBFE83D19
:10E2B0006AF2D93D65DEC73DC9C8B23DC6029B3D85
:10E2C000E4E7803D53B9493D229A0E3DB6ABA23CEE
:10E2D0002CC3963B80B62FBC0115D4BC128F26BD33
:10E2E0004F9260BD6B9A8BBD25D2A4BD3B8FBBBD49
:10E2F0001F7ACFBD2146E0BD93B2EDBDC58BF7BD02
:10E30000CCABFDBD11FBFFBDB070FEBD9812F9BDD9
:10E3100073F5EFBD5A3CE3BD4918D3BD67C7BFBD18
:10E320001594A9BDCDD390BDBBCB6BBDEF6332BD02
:10E330007F9AECBC2EBC61BC900EC93A86CF893C5A
:10E34000C07D023D4A1D3E3DCBE0763DD9F6953D70
:10E35000DE3BAE3D00E2C33DE595D63D880FE63D90
:10E360005213F23D0273FA3D580EFF3D97D3FF3D25
:10E37000C9BFFC3DC6DEF53D0C4BEB3D532DDD3DED
:10E38000F8BBCB3D233AB73DCBF69F3D824B863D54
:10E390004136553D86A01A3DCF6EBB3C742BFB3BEE
:10E3A000742BFBBBCF6EBBBC86A01ABD413655BDDE
:10E3B000824B86BDCBF69FBD233AB7BDF8BBCBBD24
:10E3C000532DDDBD0C4BEBBDC6DEF5BDC9BFFCBD9D
:10E3D00097D3FFBD580EFFBD0273FABD5213F2BDB5
:10E3E000880FE6BDE595D6BD00E2C3BDDE3BAEBD00
:10E3F000D9F695BDCBE076BD4A1D3EBDC07D02BDC0
:10E4000086CF89BC900EC9BA2EBC613C7F9AEC3C89
:10E41000EF63323DBBCB6B3DCDD3903D1594A93D11
:10E4200067C7BF3D4918D33D5A3CE33D73F5EF3D07
:10E430009812F93DB070FE3D11FBFF3DCCABFD3DA8
:10E44000C58BF73D93B2ED3D2146E03D1F7ACF3DB0
:10E450003B8FBB3D25D2A43D6B9A8B3D4F92603DD7
:10E46000128F263D0115D43C80B62F3C2CC396BBA1
:10E47000B6ABA2BC229A0EBD53B949BDE4E780BD3C
:10E48000C6029BBDC9C8B2BD65DEC7BD6AF2D9BDB3
:10E490003CBFE8BDDD0BF4BDCDACFBBDAB84FFBD27
:10E4A0006D4EFF3D9DC7F93D9ED8EE3D05BEDE3D5C
:10E4B00012D1C93DBB85B03D2A68933D7533663D99
:10E4C000E59A203DA210AF3CB00A493B73B27ABC3A
:10E4D000938E08BDCA7B4FBD9BF588BD5636A7BD40
:10E4E00070D8C1BD5348D8BDA709EABD07BAF6BD6B
:10E4F0002413FEBD43ECFFBD283BFCBD4714F3BD18
:10E5000059AAE4BD3D4DD1BD4268B9BDD17F9DBD85
:10E51000275D7CBD2A4438BD135CE0BC05A916BC50
:10E5200005A9163C135CE03C2A44383D275D7C3D40
:10E53000D17F9D3D4268B93D3D4DD13D59AAE43D55
:10E540004714F33D283BFC3D43ECFF3D2413FE3DC7
:10E5500007BAF63DA709EA3D5348D83D70D8C13DFA
:10E560005636A73D9BF5883DCA7B4F3D938E083DAF
:10E5700073B27A3CB00A49BBA210AFBCE59A20BD89
:10E58000753366BD2A6893BDBB85B0BD12D1C9BDC8
:10E5900005BEDEBD9ED8EEBD9DC7F9BD6D4EFFBD6B
:10E5A0006D4EFFBD9DC7F9BD9ED8EEBD05BEDEBD5B
:10E5B00012D1C9BDBB85B0BD2A6893BD753366BD98
:10E5C000E59A20BDA210AFBCB00A49BB73B27A3C39
:10E5D000938E083DCA7B4F3D9BF5883D5636A73D3F
:10E5E00070D8C13D5348D83DA709EA3D07BAF63D6A
:10E5F0002413FE3D43ECFF3D283BFC3D4714F33D17
:10E6000059AAE43D3D4DD13D4268B93DD17F9D3D84
:10E61000275D7C3D2A44383D135CE03C05A9163C4F
:10E6200005A916BC135CE0BC2A4438BD275D7CBD3F
:10E63000D17F9DBD4268B9BD3D4DD1BD59AAE4BD54
:10E640004714F3BD283BFCBD43ECFFBD2413FEBDC6
:10E6500007BAF6BDA709EABD5348D8BD70D8C1BDF9
:10E660005636A7BD9BF588BDCA7B4FBD938E08BDAE
:10E6700073B27ABCB00A493BA210AF3CE59A203D88
:10E680007533663D2A68933DBB85B03D12D1C93DC7
:10E6900005BEDE3D9ED8EE3D9DC7F93D6D4EFF3D6A
:10E6A000580EFF3DC58BF73D3CBFE83D4918D33DB3
:10E6B000233AB73DD9F6953D4F92603D229A0E3DE3
:10E6C0002EBC613C742BFBBB7F9AECBC53B949BD9B
:10E6D0006B9A8BBDDE3BAEBDF8BBCBBD5A3CE3BDF8
:10E6E000DD0BF4BDCCABFDBD97D3FFBD0273FABD0E
:10E6F00093B2EDBD6AF2D9BD67C7BFBDCBF69FBD72
:10E70000CBE076BD128F26BDB6ABA2BC900EC93A47
:10E71000CF6EBB3CEF63323DE4E7803D25D2A43DA4
:10E7200000E2C33D532DDD3D73F5EF3DCDACFB3D28
:10E7300011FBFF3DC9BFFC3D5213F23D2146E03DB8
:10E7400065DEC73D1594A93D824B863D4A1D3E3D81
:10E750000115D43C2CC3963B86CF89BC86A01ABD3C
:10E76000BBCB6BBDC6029BBD3B8FBBBDE595D6BD8C
:10E770000C4BEBBD9812F9BDAB84FFBDB070FEBD74
:10E78000C6DEF5BD880FE6BD1F7ACFBDC9C8B2BDD4
:10E79000CDD390BD413655BDC07D02BD80B62FBCE6
:10E7A00080B62F3CC07D023D4136553DCDD3903DD6
:10E7B000C9C8B23D1F7ACF3D880FE63DC6DEF53DA4
:10E7C000B070FE3DAB84FF3D9812F93D0C4BEB3D24
:10E7D000E595D63D3B8FBB3DC6029B3DBBCB6B3D1C
:10E7E00086A01A3D86CF893C2CC396BB0115D4BCAC
:10E7F0004A1D3EBD824B86BD1594A9BD65DEC7BDD1
:10E800002146E0BD5213F2BDC9BFFCBD11FBFFBDE7
:10E81000CDACFBBD73F5EFBD532DDDBD00E2C3BD37
:10E8200025D2A4BDE4E780BDEF6332BDCF6EBBBC93
:10E83000900EC9BAB6ABA23C128F263DCBE0763D16
:10E84000CBF69F3D67C7BF3D6AF2D93D93B2ED3D20
:10E850000273FA3D97D3FF3DCCABFD3DDD0BF43D9C
:10E860005A3CE33DF8BBCB3DDE3BAE3D6B9A8B3D66
:10E8700053B9493D7F9AEC3C742BFB3B2EBC61BCE9
:10E88000229A0EBD4F9260BDD9F695BD233AB7BD11
:10E890004918D3BD3CBFE8BDC58BF7BD580EFFBDC1
:10E8A0006DC4FE3D0BFAF43D98C5E13D03E4C53D62
:10E8B0009967A23DEA5A713D31A0143D36BD483CEE
:10E8C00036BD48BC31A014BDEA5A71BD9967A2BDDE
:10E8D00003E4C5BD98C5E1BD0BFAF4BD6DC4FEBD32
:10E8E0006DC4FEBD0BFAF4BD98C5E1BD03E4C5BD22
:10E8F0009967A2BDEA5A71BD31A014BD36BD48BCAE
:10E9000036BD483C31A0143DEA5A713D9967A23D9D
:10E9100003E4C53D98C5E13D0BFAF43D6DC4FE3DF1
:10E920006DC4FE3D0BFAF43D98C5E13D03E4C53DE1
:10E930009967A23DEA5A713D31A0143D36BD483C6D
:10E9400036BD48BC31A014BDEA5A71BD9967A2BD5D
:10E9500003E4C5BD98C5E1BD0BFAF4BD6DC4FEBDB1
:10E960006DC4FEBD0BFAF4BD98C5E1BD03E4C5BDA1
:10E970009967A2BDEA5A71BD31A014BD36BD48BC2D
:10E9800036BD483C31A0143DEA5A713D9967A23D1D
:10E9900003E4C53D98C5E13D0BFAF43D6DC4FE3D71
:10E9A0006DC4FE3D0BFAF43D98C5E13D03E4C53D61
:10E9B0009967A23DEA5A713D31A0143D36BD483CED
:10E9C00036BD48BC31A014BDEA5A71BD9967A2BDDD
:10E9D00003E4C5BD98C5E1BD0BFAF4BD6DC4FEBD31
:10E9E0006DC4FEBD0BFAF4BD98C5E1BD03E4C5BD21
:10E9F0009967A2BDEA5A71BD31A014BD36BD48BCAD
:10EA000036BD483C31A0143DEA5A713D9967A23D9C
:10EA100003E4C53D98C5E13D0BFAF43D6DC4FE3DF0
:10EA20006DC4FE3D0BFAF43D98C5E13D03E4C53DE0
:10EA30009967A23DEA5A713D31A0143D36BD483C6C
:10EA400036BD48BC31A014BDEA5A71BD9967A2BD5C
:10EA500003E4C5BD98C5E1BD0BFAF4BD6DC4FEBDB0
:10EA60006DC4FEBD0BFAF4BD98C5E1BD03E4C5BDA0
:10EA70009967A2BDEA5A71BD31A014BD36BD48BC2C
:10EA800036BD483C31A0143DEA5A713D9967A23D1C
:10EA900003E4C53D98C5E13D0BFAF43D6DC4FE3D70
:10EAA000B070FE3D5213F23D6AF2D93D233AB73DB4
:10EAB0006B9A8B3DEF63323D86CF893C80B62FBC8D
:10EAC00086A01ABDE4E780BDDE3BAEBD4918D3BDCC
:10EAD00093B2EDBDC9BFFCBDAB84FFBDC6DEF5BDC5
:10EAE0002146E0BD67C7BFBDD9F695BD53B949BD45
:10EAF000CF6EBBBC2CC3963BC07D023DBBCB6B3DF8
:10EB000025D2A43DF8BBCB3D3CBFE83D0273FA3DA6
:10EB100011FBFF3D9812F93D880FE63D65DEC73DCC
:10EB2000CBF69F3D4F92603D7F9AEC3C900EC93AE8
:10EB30000115D4BC413655BDC6029BBD00E2C3BD24
:10EB40005A3CE3BDC58BF7BD97D3FFBDCDACFBBD34
:10EB50000C4BEBBD1F7ACFBD1594A9BDCBE076BDA4
:10EB6000229A0EBD742BFBBBB6ABA23C4A1D3E3DA8
:10EB7000CDD3903D3B8FBB3D532DDD3DDD0BF43DB3
:10EB8000580EFF3DCCABFD3D73F5EF3DE595D63D11
:10EB9000C9C8B23D824B863D128F263D2EBC613CDA
:10EBA0002EBC61BC128F26BD824B86BDC9C8B2BDCA
:10EBB000E595D6BD73F5EFBDCCABFDBD580EFFBDE1
:10EBC000DD0BF4BD532DDDBD3B8FBBBDCDD390BD63
:10EBD0004A1D3EBDB6ABA2BC742BFB3B229A0E3D38
:10EBE000CBE0763D1594A93D1F7ACF3D0C4BEB3D14
:10EBF000CDACFB3D97D3FF3DC58BF73D5A3CE33D84
:10EC000000E2C33DC6029B3D4136553D0115D43C53
:10EC1000900EC9BA7F9AECBC4F9260BDCBF69FBDF7
:10EC200065DEC7BD880FE6BD9812F9BD11FBFFBDBB
:10EC30000273FABD3CBFE8BDF8BBCBBD25D2A4BD75
:10EC4000BBCB6BBDC07D02BD2CC396BBCF6EBB3CA6
:10EC500053B9493DD9F6953D67C7BF3D2146E03DD3
:10EC6000C6DEF53DAB84FF3DC9BFFC3D93B2ED3D33
:10EC70004918D33DDE3BAE3DE4E7803D86A01A3D1A
:10EC800080B62F3C86CF89BCEF6332BD6B9A8BBDBB
:10EC9000233AB7BD6AF2D9BD5213F2BDB070FEBDC2
:10ECA0002413FE3D9ED8EE3D3D4DD13D5636A73D49
:10ECB0007533663D135CE03CB00A49BB938E08BDDA
:10ECC000275D7CBDBB85B0BD5348D8BD4714F3BD9F
:10ECD0006D4EFFBD283BFCBDA709EABD12D1C9BDE1
:10ECE000D17F9DBDCA7B4FBDA210AFBC05A9163C0C
:10ECF000E59A203D9BF5883D4268B93D05BEDE3D65
:10ED000007BAF63D43ECFF3D9DC7F93D59AAE43DE6
:10ED100070D8C13D2A68933D2A44383D73B27A3C8D
:10ED200073B27ABC2A4438BD2A6893BD70D8C1BD7D
:10ED300059AAE4BD9DC7F9BD43ECFFBD07BAF6BDB6
:10ED400005BEDEBD4268B9BD9BF588BDE59A20BD14
:10ED500005A916BCA210AF3CCA7B4F3DD17F9D3D9B
:10ED600012D1C93DA709EA3D283BFC3D6D4EFF3D50
:10ED70004714F33D5348D83DBB85B03D275D7C3DEE
:10ED8000938E083DB00A493B135CE0BC753366BD09
:10ED90005636A7BD3D4DD1BD9ED8EEBD2413FEBD58
:10EDA0002413FEBD9ED8EEBD3D4DD1BD5636A7BD48
:10EDB000753366BD135CE0BCB00A493B938E083DD9
:10EDC000275D7C3DBB85B03D5348D83D4714F33D9E
:10EDD0006D4EFF3D283BFC3DA709EA3D12D1C93DE0
:10EDE000D17F9D3DCA7B4F3DA210AF3C05A916BC0B
:10EDF000E59A20BD9BF588BD4268B9BD05BEDEBD64
:10EE000007BAF6BD43ECFFBD9DC7F9BD59AAE4BDE5
:10EE100070D8C1BD2A6893BD2A4438BD73B27ABC8C
:10EE200073B27A3C2A44383D2A68933D70D8C13D7C
:10EE300059AAE43D9DC7F93D43ECFF3D07BAF63DB5
:10EE400005BEDE3D4268B93D9BF5883DE59A203D13
:10EE500005A9163CA210AFBCCA7B4FBDD17F9DBD9A
:10EE600012D1C9BDA709EABD283BFCBD6D4EFFBD4F
:10EE70004714F3BD5348D8BDBB85B0BD275D7CBDED
:10EE8000938E08BDB00A49BB135CE03C7533663D08
:10EE90005636A73D3D4DD13D9ED8EE3D2413FE3D57
:10EEA000CCABFD3D0C4BEB3D65DEC73DD9F6953D4A
:10EEB000EF63323D80B62F3CCF6EBBBC4F9260BD3E
:10EEC0001594A9BDE595D6BDDD0BF4BD97D3FFBD67
:10EED0009812F9BD2146E0BD233AB7BDE4E780BDF5
:10EEE000C07D02BD900EC93A229A0E3D824B863DEE
:10EEF0003B8FBB3D5A3CE33D0273FA3DAB84FF3D83
:10EF00005213F23D4918D33D25D2A43D4136553D1B
:10EF1000B6ABA23C2EBC61BC4A1D3EBDC6029BBD29
:10EF2000F8BBCBBD93B2EDBDB070FEBDC9BFFCBD9B
:10EF30003CBFE8BD00E2C3BDCDD390BD128F26BD5E
:10EF4000742BFBBB0115D43CBBCB6B3DDE3BAE3D14
:10EF50006AF2D93DC6DEF53D11FBFF3DC58BF73D9D
:10EF6000532DDD3DC9C8B23DCBE0763D7F9AEC3CE8
:10EF70002CC396BB86A01ABD6B9A8BBD67C7BFBD5D
:10EF8000880FE6BDCDACFBBD580EFFBD73F5EFBDE0
:10EF90001F7ACFBDCBF69FBD53B949BD86CF89BC83
:10EFA00086CF893C53B9493DCBF69F3D1F7ACF3D73
:10EFB00073F5EF3D580EFF3DCDACFB3D880FE63DB0
:10EFC00067C7BF3D6B9A8B3D86A01A3D2CC3963B0D
:10EFD0007F9AECBCCBE076BDC9C8B2BD532DDDBD78
:10EFE000C58BF7BD11FBFFBDC6DEF5BD6AF2D9BD0D
:10EFF000DE3BAEBDBBCB6BBD0115D4BC742BFB3B64
:10F00000128F263DCDD3903D00E2C33D3CBFE83D8D
:10F01000C9BFFC3DB070FE3D93B2ED3DF8BBCB3DAA
:10F02000C6029B3D4A1D3E3D2EBC613CB6ABA2BC18
:10F03000413655BD25D2A4BD4918D3BD5213F2BDEA
:10F04000AB84FFBD0273FABD5A3CE3BD3B8FBBBD31
:10F05000824B86BD229A0EBD900EC9BAC07D023D7C
:10F06000E4E7803D233AB73D2146E03D9812F93D63
:10F0700097D3FF3DDD0BF43DE595D63D1594A93DB5
:10F080004F92603DCF6EBB3C80B62FBCEF6332BD6C
:10F09000D9F695BD65DEC7BD0C4BEBBDCCABFDBD58
:10F0A000AC3AFD3DD86BE73DF9AEBD3D3D9C833D9F
:10F0B000CCCFF83C30FBC8BBD47C2CBDC07F98BD06
:10F0C000029FCDBD0809F1BD0FB1FFBDF853F8BDDA
:10F0D0001A94DBBD4AEBABBD80E85ABD834096BCB9
:10F0E0008340963C80E85A3D4AEBAB3D1A94DB3DA9
:10F0F000F853F83D0FB1FF3D0809F13D029FCD3DAA
:10F10000C07F983DD47C2C3D30FBC83BCCCFF8BCB5
:10F110003D9C83BDF9AEBDBDD86BE7BDAC3AFDBD2E
:10F12000AC3AFDBDD86BE7BDF9AEBDBD3D9C83BD1E
:10F13000CCCFF8BC30FBC83BD47C2C3DC07F983D85
:10F14000029FCD3D0809F13D0FB1FF3DF853F83D59
:10F150001A94DB3D4AEBAB3D80E85A3D8340963C38
:10F16000834096BC80E85ABD4AEBABBD1A94DBBD28
:10F17000F853F8BD0FB1FFBD0809F1BD029FCDBD29
:10F18000C07F98BDD47C2CBD30FBC8BBCCCFF83C35
:10F190003D9C833DF9AEBD3DD86BE73DAC3AFD3DAE
:10F1A000AC3AFD3DD86BE73DF9AEBD3D3D9C833D9E
:10F1B000CCCFF83C30FBC8BBD47C2CBDC07F98BD05
:10F1C000029FCDBD0809F1BD0FB1FFBDF853F8BDD9
:10F1D0001A94DBBD4AEBABBD80E85ABD834096BCB8
:10F1E0008340963C80E85A3D4AEBAB3D1A94DB3DA8
:10F1F000F853F83D0FB1FF3D0809F13D029FCD3DA9
:10F20000C07F983DD47C2C3D30FBC83BCCCFF8BCB4
:10F210003D9C83BDF9AEBDBDD86BE7BDAC3AFDBD2D
:10F22000AC3AFDBDD86BE7BDF9AEBDBD3D9C83BD1D
:10F23000CCCFF8BC30FBC83BD47C2C3DC07F983D84
:10F24000029FCD3D0809F13D0FB1FF3DF853F83D58
:10F250001A94DB3D4AEBAB3D80E85A3D8340963C37
:10F26000834096BC80E85ABD4AEBABBD1A94DBBD27
:10F27000F853F8BD0FB1FFBD0809F1BD029FCDBD28
:10F28000C07F98BDD47C2CBD30FBC8BBCCCFF83C34
:10F290003D9C833DF9AEBD3DD86BE73DAC3AFD3DAD
:10F2A000F31B6A3CF31BEA3CFFC22E3D0578E83CA9
:10F2B00018D4663CA5F6D138E0BF6B3CE9EDEA3CDA
:10F2C000045A2E3D0EA6E73C2B30653CA5F651397D
:10F2D000CE636D3CE0BFEB3C08F12D3D18D4E63C1D
:10F2E0003D8C633CFB789D39BB076F3CD691EC3C71
:10F2F0000D882D3D2202E63C50E8613CA5F6D1394F
:10F30000A7AB703CCE63ED3C121F2D3D2B30E53C8E
:10F310006244603C263A033A954F723CC435EE3C59
:10F3200017B62C3D345EE43C76A05E3CFB781D3A7B
:10F3300082F3733CBB07EF3C1C4D2C3D3D8CE33C02
:10F3400089FC5C3CCFB7373A7097753CB1D9EF3C3C
:10F3500020E42B3D47BAE23C9B585B3CA5F6513A72
:10F360005D3B773CA7ABF03C257B2B3D50E8E13C77
:10F37000AEB4593C79356C3A4ADF783C9F7DF13C1C
:10F3800029122B3D5A16E13CC010583C263A833ACC
:10F3900038837A3C954FF23C2EA92A3D6244E03CEA
:10F3A000D36C563C9159903A25277C3C8C21F33CF8
:10F3B00033402A3D6C72DF3CE6C8543CFB789D3AF2
:10F3C00013CB7D3C82F3F33C37D7293D76A0DE3C5E
:10F3D000F824533C6598AA3AFF6E7F3C78C5F43C0C
:10F3E0003C6E293D7FCEDD3C0C81513CCFB7B73A16
:10F3F0007689803C7097F53C4105293D89FCDC3CD1
:10F400001EDD4F3C3BD7C43A6D5B813C6769F63CDF
:10F41000469C283D912ADC3C31394E3CA5F6D13A38
:10F42000632D823C5D3BF73C4A33283D9B58DB3CD7
:10F4300044954C3C0F16DF3A5BFF823C530DF83C81
:10F440004FCA273DA486DA3C56F14A3C7935EC3A5E
:10F4500051D1833C4ADFF83C5361273DAEB4D93CDF
:10F46000694D493CE354F93A47A3843C41B1F93C26
:10F4700058F8263DB8E2D83C7BA9473C263A033BE6
:10F480003E75853C3883FA3C5D8F263DC010D83CE4
:10F490008E05463CDCC9093B3547863C2E55FB3C76
:10F4A0006226263DCA3ED73CA261443C9159103B9E
:10F4B0002C19873C2527FC3C66BD253DD36CD63CEA
:10F4C000B3BD423C46E9163B22EB873C1BF9FC3CB2
:10F4D0006B54253DDD9AD53CC719413CFB781D3B5B
:10F4E00019BD883C13CBFD3C70EB243DE6C8D43CF1
:10F4F000D9753F3CB008243B108F893C099DFE3CE8
:10F500007482243DEFF6D33CECD13D3C65982A3B18
:10F5100006618A3CFF6EFF3C7919243DF824D33CF8
:10F52000FF2D3C3C1B28313BFD328B3C7B20003DBA
:10F530007DB0233D0253D23C118A3A3CCFB7373BD2
:10F54000F3048C3C7689003D8247233D0C81D13CFD
:10F5500024E6383C85473E3BEAD68C3C72F2003DBF
:10F5600087DE223D15AFD03C3842373C3BD7443B89
:10F57000E1A88D3C6D5B013D8C75223D1EDDCF3CCD
:10F58000499E353CEF664B3BD77A8E3C68C4013DC3
:10F59000910C223D270BCF3C5DFA333CA5F6513B45
:10F5A000CE4C8F3C632D023D95A3213D3139CE3C9D
:10F5B0006F56323C5986583BC51E903C5F96023DC3
:10F5C0009A3A213D3A67CD3C82B2303C0F165F3B00
:10F5D000BBF0903C5BFF023D9ED1203D4495CC3C6E
:10F5E000940E2F3CC4A5653BB2C2913C5668033DC6
:10F5F000A368203D4CC3CB3CA76A2D3C79356C3BBE
:10F60000A894923C51D1033DA8FF1F3D56F1CA3C3E
:10F61000BAC62B3C2EC5723B9F66933C4C3A043DC8
:10F62000AC961F3D601FCA3CCD222A3CE354793B77
:10F630009638943C47A3043DB12D1F3D694DC93C0C
:10F64000DF7E283C98E47F3B8C0A953C430C053DCB
:10F65000B6C41E3D737BC83CF2DA263C263A833B97
:10F6600083DC953C3E75053DBB5B1E3D7BA9C73CDD
:10F670000537253C27F9853B2B15963C0656053D5D
:10F68000D1741D3D0F3FC73CF728273C8FDD843BDD
:10F69000B616923C057B013D4E3A1B3DD011CA3C4B
:10F6A0000B5E3B3C28E9683B9E10863C1804EF3C0F
:10F6B000B5EA1D3D1262D53C79DD5D3C56B6873A10
:10F6C0005F0ED93AB426633CCE95D53C22CC1C3D86
:10F6D0009F54E83C2AB4863CD24E943B46D22E3C02
:10F6E00023B6B63C91010B3DE240003D0C7AA33CB1
:10F6F000A6E40C3CFA4BE13B4B23933C96F3ED3CE8
:10F7000085990E3DA78CC43C87CC573CFAFE193B2B
:10F710006E0F283B3817573C4A15C23C7C4F0C3DB6
:10F720006E47E93C93CD943C71A7003C461D013CDB
:10F730003D05933CD87BE53CF889083D4F94C03C9F
:10F740005C29603C65A87C3B4AF1153B99A5423C8D
:10F7500070E7AF3C147CFE3C86B3EE3C2DFEA13C32
:10F76000AA912A3CC437893AA302B63B44C4703CF0
:10F770009B43C33C8B12073DA097D53CE07E8C3C5D
:10F7800041CC063C8B82FD3B8ABB863C7216CE3C4C
:10F79000C439053DDBCBC43C58487E3CF4F1E53B25
:10F7A000799A293A5197123C7E4A8D3C5249D13C74
:10F7B000A8CEFD3C8F6EBB3CE91C723C6AB9DA3BBB
:10F7C000B01CB53A183A183C4DE88C3C8DB3CD3C92
:10F7D00099EFF73C8BAFB83CFDDE723CC5BDE83B12
:10F7E000250DAE3A2C3E113C5A5D863C9D1BC43C17
:10F7F0009A14F83CF0CEBB3C88127F3C3187063C23
:10F80000A5BD5F3ADFC3163AAD30FE3B6EC4743C13
:10F810004338B53C500EF03C0E1CC43CDFAC8A3C77
:10F82000617B223C0A743E3B6F3FC63B7541533CB3
:10F8300099B1A13C79C2D93C6BF4D03C84399A3C53
:10F8400039FD463CD40EB33B333F7A3BF869293C43
:10F8500012228A3C288FBF3CC0C2E13C889BAD3C51
:10F86000A0E8723C309A0A3CFF2E093B7852943A49
:10F8700015B9F03BC72E5E3C8100A23CA0E9D43C08
:10F880007E4BC43CE798923C9DCC413CD9CEBC3BDE
:10F89000D13F823BD926223CE596813C5D1AB23CA1
:10F8A0005FCDDD3CCE71AE3C792C7E3C56751F3C65
:10F8B000677C813BF49294390C34C23B748F3D3C9D
:10F8C00071028D3C293DBB3CFB8ECC3C3C6E9F3C89
:10F8D000FB9A643C7D590A3CFF5F403BAA0BDF3A30
:10F8E000E4F8E73B6F174C3C3619923CB426BE3C1B
:10F8F0006389C13C9688963C920F573CF90D013CB8
:10F900007E312C3BF6E01C3B825AF63B45224F3CB5
:10F91000A58B913C2786BB3C5611BC3CDE16933C24
:10F92000CF38543CE143023CCD3B413B07D71F3B22
:10F930009BEDEF3BD8F7473C72FC8B3CF8FCB33CAB
:10F94000EB88BB3C627C943CB1DF5A3CA0C60C3CCB
:10F9500037B67A3BA666FA3A1B13D73B46C6373C06
:10F960008001823CDC1FA83CA95EBF3CCD289A3CAC
:10F97000E1E5693C287A1F3CDE1CAA3B5A2B2A3A57
:10F980007580653AA9FBAD3BA2A31F3C7049683C5A
:10F990009F77983C86CABC3C5997A33C0022803C88
:10F9A0004D59393C36DDE43BA20F2E3BCE556D3B25
:10F9B0009A8F003CBFC9453CF381853C061FA83C9B
:10F9C000044EB03C10848E3C3774593C50E0153CDA
:10F9D000CF98A43BF3876B3AF5E9CB3AF1E9B63B14
:10F9E000B26C1D3C6B645F3C13AE903CF0A9B13C23
:10F9F00024AA9F3CEBEE7E3C8D893E3C6048FC3B5C
:10FA00004CFB763B59AC443B5B0FE03B44E42E3C63
:10FA1000DAC06D3CB94E963C892EB33CF37F943CE2
:10FA2000B8A26B3C8C452E3CC1D0E13BD22C4E3B66
:10FA3000F5CB1D394F78793BEF89F43BDC2B363C15
:10FA4000C012723CD2FC963C6E77AB3CAA3A8E3C1C
:10FA5000CFFB613C4882273C8211DA3BE73C4A3BC2
:10FA60006428123AC96E843B8598F63B2161343C88
:10FA7000FF756D3C6E45933C682DA83C0D518C3C48
:10FA800066E9603CB130293CF9EFE23B20FD663B82
:10FA9000C7A401397D9CEB39EB06773B244DE83B4D
:10FAA000698B2A3C40F0603C8CAA8B3CF7DCA63C7E
:10FAB0009E448E3C2A70673C1857323C0B7CFA3BC4
:10FAC000E749903B0A5F983A4ACB473B0F90CB3BC4
:10FAD0003C9D193C71724D3CD4A3803C6E8E9A3C87
:10FAE000E8A0933CC1A8743CB20F423CA3760F3C03
:10FAF00027BBB93B1112293BB866FD3A9222A23BC3
:10FB0000BB75023C2CDA333C9D3E653C88518B3CF6
:10FB1000D1FA9B3C3ADF833C4687573C1850273C40
:10FB2000D231EE3B75C38D3B5E54B53AFAF6F739E8
:10FB300043435B3BD3C3CB3B03F3143C1C04443C27
:10FB40003415733C2613913CF6F68F3CE7FB713C71
:10FB5000E109443CDC17163CAE4BD03B49CF683B37
:10FB6000D61C443A7221BE3AED3B893B7DEFE23B25
:10FB700086511E3C4F2B4B3C1605783C6F6F923CD8
:10FB8000E15D883C89F3643C512B393C18630D3CA2
:10FB9000BF35C33B9C4A573BEEA6203AD5B2FA3A52
:10FBA0001027943B6AA1E93BE38D1F3C104B4A3C74
:10FBB0003D08753CB5E28F3CC2B5843C05B35F3C63
:10FBC00086FA353C07420C3C1213C53B2644633B86
:10FBD000AB88713AD117FB3A023A903B0FAEE13B4A
:10FBE0000E91193C154B423C1C056B3C91DF893C46
:10FBF000498E843CF25A613C5499393CB6D7113C49
:10FC00002E2CD43BF1A8843BD196D43A4922C63A53
:10FC1000AA4D7E3B18C5CC3BAD310D3CCE00343CEB
:10FC2000F0CF5A3C88CF803CFB7F873C8C1D693CE1
:10FC3000213B433CB5581D3C94ECEE3BBE27A33B17
:10FC4000CFC52E3B0CE1B939FF33443A64FA443B4B
:10FC5000E473AC3B966AF63BA430203CFD2B453C5C
:10FC600056276A3C5791873C863D763CBE23523CE2
:10FC7000F6092E3C2EF0093CCBACCB3B3B79833BC9
:10FC8000A816ED3AABB2EE3AD927823B07A3C83BA0
:10FC90001A8F073CB1CC2A3C480A4E3CDF47713CE6
:10FCA0007506843C46A6653CA13F433CFCD8203CFD
:10FCB000ADE4FC3B6317B83B3294663B3DF3B93A85
:10FCC0008B6EC03919611E3B315A923BD583D53BAF
:10FCD000BC560C3C8EEB2D3C60804F3C3315713C88
:10FCE00012247D3C135C5C3C14943B3C16CC1A3CC7
:10FCF0002E08F43B3078B23B66D0613BD560BD3A0C
:10FD0000900E263AD883293B05C2943B1FC2D43BB0
:10FD10001C610A3C29612A3C36614A3C43616A3CC9
:10FD2000E2CE783C0492593C25553A3C47181B3C9E
:10FD3000D0B6F73B133DB93BAC86753B6326F13A31
:10FD40007892073AF9DD1B3BA9EB8A3B57E8C73BA2
:10FD50008272023CD9F0203C2F6F3F3C86ED5D3C27
:10FD6000954F7A3C3B8B5C3CE3C63E3C8A02213C8F
:10FD7000313E033CB0F3CA3BFE6A8F3B9AC4273B3B
:10FD8000D9CC423A39438238809AF03A66886C3B43
:10FD9000C661B03B597FEA3B764E123C3F5D2F3C3B
:10FDA0000A6C4C3CD37A693CDD99643C503C483C3D
:10FDB000C3DE2B3C35810F3C4E47E63B338CAD3BDD
:10FDC0002FA2693BF257F03A4FB8D63806EA823A8A
:10FDD0002E37303BAC7C8F3BC2DDC63BD73EFE3B73
:10FDE000F6CF1A3C8180363C0B31523C96E16D3C9B
:10FDF0005D16563CB60E3B3C0F07203C68FF043CAA
:10FE000082EFD33B34E09D3BCBA14F3B5E06C73A2C
:10FE1000899AC63A6BD84C3BC9319B3B5BF7CF3BC9
:10FE2000775E023C41C11C3C0A24373CD486513CDD
:10FE3000F6C2673C1D014E3C433F343C697D1A3C91
:10FE400090BB003C6DF3CD3BBA6F9A3B0DD84D3B58
:10FE50004EA1CD3A7C1A00394929D93AA127513B04
:10FE60004FDD9A3BCE26CD3B4C70FF3BE5DC183C8A
:10FE7000A501323C64264B3CBC30643C59A54B3C4C
:10FE8000F519333C938E1A3C2F03023C99EFD23B79
:10FE9000D2D8A13B1884613B18ADFE3AFA47E93944
:10FEA00082B44B364D13C03A60E03F3B8DDB8F3B55
:10FEB000EAC6BF3B46B2EF3BD2CE0F3C80C4273CE4
:10FEC0002FBA3F3CDDAF573C7C5C4E3CF1F8363CF2
:10FED00066951F3CDC31083CA19CE13B8CD5B23BD4
:10FEE000760E843BC28E2A3B2D019A3A0367803AF4
:10FEF0000B871B3B96DA763B1017A93BD5C0D63B48
:10FF00004D35023C2F0A193C12DF2F3CF5B3463C1D
:10FF10002C8D553C8C433F3CEBF9283C4BB0123CBC
:10FF200055CDF83B143ACC3BD3A69F3B2527663BE7
:10FF3000A3000D3B86684F3A955D763930D9CC3AAF
:10FF400057733D3B0B3D8A3B6AC0B53BC843E13B21
:10FF50009563063C44251C3CF4E6313CA3A8473C91
:10FF6000676D4B3C6B30363C6FF3203C73B60B3CFB
:10FF7000EDF2EC3BF678C23BFEFE973B0B0A5B3B97
:10FF80001B16063BAC88443A12C80A3A973FEB3A34
:10FF9000938D483BAEBD8D3B9134B73B75ABE03B99
:10FFA0002C11053C9ECC193C10882E3C8243433CCE
:10FFB0009FB8463CA27B323CA43E1E3CA6010A3CB4
:10FFC0005089EB3B550FC33B59959A3BBC36643B7C
:10FFD000C442133B9A9D843A5747053A14B0E03A1D
:10FFE0003E5E3F3B3932873B53B5AE3B6C38D63B28
:10FFF00087BBFD3B509F123CDD60263C6B223A3CA8
:020000040802F0
:10000000D9D3463CCC8A333CBF41203CB2F80C3CAF
:10001000495FF33B2ECDCC3B153BA63BF4517F3BD8
:10002000C02D323B1613CA3AB52ABF3951F8593997
:100030006BDAB13AE63A243B97886F3B246B9D3BE1
:10004000FC11C33BD5B8E83BD72F073C43031A3C10
:10005000AFD62C3C1BAA3F3CBCCF383C246F263C7F
:100060008B0E143CF2AD013CB39ADE3B81D9B93B17
:100070005018953B3CAE603BD92B173BEB529B3A5B
:1000800058E28438671E463A4293F23AA80B413B45
:10009000D766843BDA47A83BDD28CC3BE109F03B3F
:1000A00072F5093CF4E51B3C75D62D3CF7C63F3C88
:1000B0009244303C7CC11E3C653E0D3C9F76F73B34
:1000C0007270D43B456AB13B19648E3BD9BB563B39
:1000D0007FAF103B4C46953A9FD992386D08813AD4
:1000E0004FE5043B6946493BC1D3863B4D04A93BE0
:1000F000DA34CB3B6665ED3BF9CA073C3FE3183C7D
:1001000086FB293CCC133B3C5D9A2C3C5CEA1B3CB7
:100110005A3A0B3CB014F53BADB4D33BAA54B23BB6
:10012000A6F4903B45295F3B3F691C3B6F52B33AB5
:100130008749B7395190733AF219FC3ADE353F3BA3
:10014000612F803BD3C3A03B4658C13BB8ECE13B99
:100150009540013CCE8A113C07D5213C411F323CE1
:1001600002452D3C255E1D3C48770D3CD320FB3BD2
:100170001953DB3B5F85BB3BA3B79B3BD1D3773B9D
:100180005C38383BCC39F13AC205643A7D1E233ADB
:100190003CBECD3A9DF6243B1B0E633BCD92903B7B
:1001A0008C9EAF3B4BAACE3B0BB6ED3BE560063CCD
:1001B000C5E6153CA56C253C77C3313C469C223CEA
:1001C0001475133CE34D043C624DEA3BFFFECB3B10
:1001D0009CB0AD3B39628F3BAB27623BE68A253B47
:1001E0003FDCD13A6545313A7E82C4384F9E823A2F
:1001F00076F4F83A4FA5373B63D0723BBBFD963B94
:100200004493B43BCE28D23B59BEEF3BF1A9063C08
:10021000B674153C7B3F243C7C2E2B3CF0BD1C3C33
:10022000644D0E3CB1B9FF3B98D8E23B81F7C53B2A
:100230006916A93B51358C3B71A85E3B41E6243BD6
:100240002248D63A8387453AFD8472396A148F3A38
:1002500036D8FF3A014E383BE5AF703BE588943B1A
:10026000D9B9B03BCBEACC3BBE1BE93B58A6023C1C
:10027000D2BE103C4BD71E3CA0E5283C20231B3CA3
:10028000A0600D3C413CFF3B41B7E33B4132C83BE2
:1002900041ADAC3B4128913B83466B3B833C343BB7
:1002A0000665FA3A07518C3A3AE871393355F9380C
:1002B000D513763A827EE63A8DF9283BD8B35E3B79
:1002C00012378A3B3814A53B5EF1BF3B84CEDA3B44
:1002D000AAABF53B6844083CFBB2153C8E21233C9D
:1002E0008C4F1D3CE632103C4016033C35F3EB3B93
:1002F000EAB9D13B9E80B73B53479D3B080E833BF9
:1003000078A9513BE1361D3B9488D13ACC46513A0D
:100310002B89143AF9A9B03AAE870B3B5EBA3E3B43
:1003200010ED713BE18F923B3A29AC3B91C2C53B4A
:10033000EA5BDF3B43F5F83B4E47093CFA13163CBA
:10034000CAD0223C2F52163C94D3093CF3A9FA3B65
:10035000BEACE13B89AFC83B54B2AF3B1EB5963B48
:10036000D16F7B3B6675493BFC7A173B2201CB3A48
:100370009B184E3A06DEC53737C4F435B6A0433A6B
:100380008463C33A577B123BEB44433B810E743B7F
:100390000B6C923BD5D0AA3BA035C33B6A9ADB3BA2
:1003A00035FFF33BFF31063C6464123CCA961E3CA9
:1003B000A36D133CA385073C453BF73B436BDF3BF9
:1003C000429BC73B41CBAF3B40FB973B3F2B803B26
:1003D0007CB6503B7916213BEEECE23AEAAC833A2C
:1003E00096B39139A235343ADE15B73A76080A3B0E
:1003F000FC85383B8303673B85C08A3B48FFA13BB4
:100400000B3EB93BCF7CD03B92BBE73B55FAFE3B62
:100410008C1C0B3CEEBB163C032C143C85D3083CD7
:100420000EF6FA3B1345E43B1794CD3B1CE3B63B79
:100430002132A03B2681893B54A0653B5D3E383B81
:1004400066DC0A3BE0F4BA3AE461403A8FA02D380A
:10045000B9E0DA397F528F3AD0ECE73A9043203B4B
:10046000B9904C3BE2DD783B8595923B1ABCA83BAA
:10047000ADE2BE3B4109D53BD62FEB3B35AB003C53
:100480007FBE0B3CC9D1163CFE500D3C4281023C64
:100490000A63EF3B90C3D93B1724C43B9D84AE3B1A
:1004A00025E5983BAB45833B644C5B3B710D303B92
:1004B0007ECE043B181FB33A6742393ACA694438C2
:1004C00089C41E3A9ED0A33AF73EF83AA856263B76
:1004D000D58D503B01C57A3B177E923BAD99A73B2A
:1004E00044B5BC3BDAD0D13B71ECE63B0608FC3BA3
:1004F000CF91083C9A1F133C144D0A3C50FFFF3B20
:100500007964EB3BA0C9D63BC92EC23BF193AD3B0E
:1005100018F9983B415E843BD3865F3B2251363BC2
:10052000731B0D3B86CBC73A4EC06A3A1ED38B393C
:100530000A7E153AAF339B3A59A8EB3A820E1E3B1E
:10054000D748463B2C836E3BC15E8B3BEB7B9F3B8E
:100550001699B33B40B6C73B6CD3DB3B96F0EF3B01
:10056000E006023C76150C3C18B20A3CDAE0003C8E
:10057000381FEE3BBC7CDA3B41DAC63BC437B33BA9
:1005800048959F3BCCF28B3BA1A0703BA85B493BBD
:10059000B016223B71A3F53A8219A73A241F313ACB
:1005A000265AA038889AB03911A3713A6F7CC53A9F
:1005B000AA13093B1D692F3B90BE553B03147C3B9E
:1005C000BC34913B755FA43B2F8AB73BE8B4CA3B70
:1005D000A2DFDD3B5B0AF13B8A1A023CE7AF0B3C32
:1005E000A9BF043C81C9F63BB013E43BDE5DD13BBF
:1005F0000BA8BE3B3AF2AB3B683C993B9786863BE7
:100600008BA1673BE835423B45CA1C3B43BDEE3AF4
:10061000FCE5A33A6C1D323AFA76E338D4F0FE39A1
:1006200000CB883ACAD9D13A4B740D3BB0FB313B71
:100630001583563B7B0A7B3BF1C88F3BA30CA23B47
:100640005650B43B0894C63BBBD7D83B6E1BEB3B24
:10065000205FFD3B69D1073CDE54023C6FD5F23B85
:100660002301E13BD72CCF3B8B58BD3B4084AB3BB8
:10067000F4AF993BA8DB873BB70E6C3B2066483B49
:1006800088BD243BF014013BB0D8BA3A010F673A59
:1006900044D9B039FD92E139E3057C3A24A1C33A4B
:1006A000AB9F043BC46E273BDD3D4A3BF70C6D3BE3
:1006B00008EE873B9455993B21BDAA3BAE24BC3B39
:1006C000398CCD3BC6F3DE3B535BF03B70E1003C25
:1006D000FF0B033C9A1AF53B351DE43BD21FD33B7D
:1006E0006D22C23B0825B13BA427A03B3F2A8F3B8C
:1006F000B5597C3BED5E5A3B2464383B5A69163B46
:1007000023DDE83A92E7A43AFEE3413A69E3673928
:10071000FBB449395F1B373ABFE49D3ACF3BE03A1F
:100720007049113BF774323B7FA0533B07CC743BBD
:10073000C8FB8A3B8C919B3B5027AC3B13BDBC3B19
:10074000D752CD3B9BE8DD3B5F7EEE3B2314FF3B66
:1007500033DEFC3B97ADEC3BFC7CDC3B604CCC3BA4
:10076000C51BBC3B29EBAB3B8EBA9B3BF3898B3B58
:10077000AFB2763B7751563B41F0353B0A8F153B84
:10078000A65BEA3A3899A93A94AD513A7351A03927
:100790007503913999F0463ABDAFA23A2CE7E13A98
:1007A0004E8F103B062B303BBEC64F3B75626F3BF6
:1007B000167F873BF24C973BCF1AA73BABE8B63B83
:1007C00087B6C63B6284D63B3E52E63B1A20F63BD8
:1007D000EF06FA3B7899EA3B012CDB3B8ABECB3B28
:1007E0001351BC3B9DE3AC3B26769D3BAF088E3B53
:1007F00070367D3B845B5E3B96803F3BA9A5203BEA
:10080000BBCA013B9BDFC53AC029883ACBE7143A03
:10081000A6E0CB3827A937393565263A11708F3ACB
:1008200087ADCB3A7EF5033B3914223BF432403B93
:10083000AF515E3B6B707C3B93478D3BF0569C3BCE
:100840004E66AB3BAB75BA3B0885C93B6694D83B5B
:10085000C3A3E73B21B3F63BD024EE3B4E71DF3B15
:10086000CBBDD03B490AC23BC856B33B46A3A43BD1
:10087000C3EF953B413C873B7D11713B79AA533BCC
:100880007543363B71DC183BD8EAF63ACF1CBC3ACC
:10089000C74E813A7C010D3A582BBB38E233B6394A
:1008A000AAE84D3AB25BA03A0EC3D93A3595093B56
:1008B000E448263B91FC423B40B05F3BEE637C3B0F
:1008C000CE8B8C3BA6E59A3B7D3FA93B5399B73B2A
:1008D0002AF3C53B024DD43BD9A6E23BB000F13B25
:1008E000A5A2E83B56A0DA3B079ECC3BB89BBE3B9B
:1008F0006999B03B1A97A23BCB94943B7C92863B80
:100900005B20713BBD1B553B1E17393B80121D3BC5
:10091000E20D013B8912CA3A4D09923A2200343A5B
:1009200053DB8739F046AF395E0A453AA238993A27
:1009300015ECCF3AC44F033B7EA91E3B37033A3B2D
:10094000F15C553BAAB6703B3208863B0EB5933B33
:10095000EB61A13BC80EAF3BA5BBBC3B8268CA3B69
:100960005E15D83B3BC2E53B10CAE83B9B70DB3BC6
:100970002817CE3BB4BDC03B4064B33BCD0AA63B79
:1009800059B1983BE6578B3BE3FC7B3BFB49613B12
:100990001497463B2DE42B3B4631113BBCFCEC3A13
:1009A000ED96B73A1E31823A9E96193A032C3B399E
:1009B0009A4024396250113A9D90793A6CE8B03AE5
:1009C0008908E53A53940C3B62A4263B72B4403B41
:1009D00080C45A3B8ED4743B4F72873B577A943B0A
:1009E0005E82A13B658AAE3B6C92BB3B749AC83B6E
:1009F0007BA2D53B83AAE23B8A3AE13BFE81D43B12
:100A000072C9C73BE610BB3B5B58AE3BCF9FA13BD7
:100A100043E7943BB72E883B58EC763B407B5D3BED
:100A2000290A443B11992A3BFA27113BC46DEF3A3E
:100A3000968BBC3A67A9893A718E2D3A25948F39E5
:100A400089425F3949281B3AEF7F7E3ACBEBB03AB7
:100A50009E97E23AB9210A3BA2F7223B8DCD3B3B60
:100A600076A3543B5F796D3BA527833B9A928F3BDE
:100A70008EFD9B3B8368A83B78D3B43B6D3EC13B66
:100A800062A9CD3B5614DA3BBE44DF3B8725D33BFE
:100A90005006C73B19E7BA3BE1C7AE3BAAA8A23B49
:100AA0007389963B3C6A8A3B0A967C3B9B57643B26
:100AB0002D194C3BBEDA333B4F9C1B3BE15D033BA6
:100AC000E63ED63A09C2A53A598A6A3A9F90093A4F
:100AD000975B2239CA15DF38EB19F5393237593AA5
:100AE000B7F09B3AD545CB3AF39AFA3A09F8143B5A
:100AF00098A22C3B274D443BB6F75B3B45A2733B8A
:100B00006AA6853BB17B913BF9509D3B4026A93BB2
:100B100088FBB43BCFD0C03B18A6CC3B5F7BD83B17
:100B2000E4B7D63BC82ACB3BAD9DBF3B9310B43B4B
:100B30007883A83B5DF69C3B4369913B27DC853B72
:100B4000199E743BE4835D3BAF69463B784F2F3B76
:100B50004335183B0D1B013BAF01D43A44CDA53AB8
:100B6000B1316F3ADAC8123A0E805939D3CD5139C2
:100B7000A8A80E3ADADD683A8789A13A20A4CE3ACD
:100B8000BABEFB3AA96C143BF6F92A3B4387413BBA
:100B90008F14583BDCA16E3B9497823B3BDE8D3B30
:100BA000E124993B886BA43B2EB2AF3BD4F8BA3B0F
:100BB0007A3FC63B2186D13BE1A0D33B009FC83B97
:100BC000219DBD3B429BB23B6199A73B82979C3BD9
:100BD000A395913BC393863BC623773B0720613B9C
:100BE000491C4B3B8918353BCA141F3B0B11093B71
:100BF000981AE63A1913BA3A9B0B8E3A3908443AD6
:100C000078F2D739F9519F3844850D3967AEF239FA
:100C1000164D4F3A7CA1923A6E9CBD3A6097E83AE5
:100C200028C9093BA1461F3B1AC4343B93414A3BA8
:100C30000BBF5F3B833C753BFE5C853BBB1B903B26
:100C400077DA9A3B3399A53BF057B03BAC16BB3BE8
:100C500068D5C53B2494D03B51E4CA3B1F67C03BD9
:100C6000ECE9B53BBA6CAB3B87EFA03B5472963BCB
:100C700022F58B3BEF77813B7AF56D3B15FB583BBB
:100C8000AF00443B4A062F3BE50B1A3B7F11053B67
:100C9000352EE03A6A39B63AA1448C3AAC9F443AD0
:100CA0002F6CE1391664E638438D7D39154D113AC4
:100CB000D936633A4F909A3A3185C33A137AEC3A6F
:100CC0007BB70A3BEC311F3B5DAC333BCE26483B48
:100CD0003FA15C3BB11B713B11CB823B49088D3B73
:100CE0008245973BBA82A13BF3BFAB3B2BFDB53BA3
:100CF000643AC03B9D77CA3BA06AC73BDB6BBD3BF8
:100D0000166DB33B526EA93B8D6F9F3BC870953BF0
:100D100003728B3B3F73813BF4E86E3B6AEB5A3BBB
:100D2000E0ED463B56F0323BCDF21E3B43F50A3B2D
:100D300074EFED3A62F4C53A4FF99D3A77FC6B3A9D
:100D400050061C3A55209839BA114D39DE52013AF5
:100D50004D614F3ADEB78E3A15BFB53A4CC6DC3A14
:100D6000C2E6013B5E6A153BFAED283B96713C3BBF
:100D700031F54F3BCC78633B68FC763B0240853BCA
:100D8000D0018F3B9EC3983B6C85A23B3947AC3B5F
:100D90000709B63BD5CABF3BFD9BC83BB215BF3B5D
:100DA000678FB53B1C09AC3BD182A23B87FC983BCB
:100DB0003C768F3BF1EF853B4CD3783BB7C6653B28
:100DC00020BA523B8BAD3F3BF6A02C3B6094193BC5
:100DD000CB87063B6AF6E63A3EDDC03A13C49A3A40
:100DE000CE55693A78231D3A43E2A13961D9973744
:100DF0007C156837D8039C398263183A18C5623A63
:100E00005793963A23C4BB3AEEF4E03ADC12033B24
:100E100042AB153BA843283B0DDC3A3B73744D3B7A
:100E2000D80C603B3DA5723BD29E823B04EB8B3BD2
:100E30003737953B6A839E3B9DCFA73BCF1BB13B8A
:100E40000268BA3B35B4C33BA6C5BB3B2AB2B23B32
:100E5000AC9EA93B2F8BA03BB277973B35648E3B72
:100E6000B850853B757A783B7C53663B822C543B6B
:100E70008705423B8DDE2F3B93B71D3B99900B3B83
:100E80003ED3F23A4985CE3A5537AA3A61E9853AD6
:100E9000D936433AE235F53921FC47390CEE84392D
:100EA0001058093A1939503A128D8B3A97FDAE3ADB
:100EB0001B6ED23AA1DEF53A93A70C3BD65F1E3BE0
:100EC0001818303B5BD0413B9C88533BDF40653B6F
:100ED00022F9763BB258843BD3348D3BF510963BD8
:100EE00016ED9E3B37C9A73B58A5B03B7A81B93B6D
:100EF000B3E9BC3B9C43B43B849DAB3B6DF7A23B49
:100F000056519A3B3FAB913B2805893B115F803B93
:100F1000F4716F3BC5255E3B97D94C3B698D3B3BDC
:100F20003B412A3B0DF5183BDEA8073B61B9EC3A83
:100F30000421CA3AA888A73A4CF0843ADFAF443A71
:100F40004EFEFE39B93969391347A8382D27B13912
:100F50004B1E1C3AFFA85F3AD999913A335FB33AD6
:100F60008E24D53AE7E9F63AA1570C3B4E3A1D3BA1
:100F7000FB1C2E3BA8FF3E3B54E24F3B03C5603BAE
:100F8000AFA7713B2E45813B84B6893BDB27923B63
:100F900032999A3B880AA33BDE7BAB3B35EDB33BF2
:100FA000ABBEB93BD480B13BFC42A93B2405A13B7D
:100FB0004DC7983B7589903B9D4B883BC50D803B49
:100FC000DC9F6F3B2D245F3B7CA84E3BCD2C3E3BF2
:100FD0001EB12D3B6F351D3BBFB90C3B1F7CF83A52
:100FE000BF84D73A618DB63A0296953A483D693A40
:100FF0008A4E273A97BFCA3938C40D397BFD21384C
:10100000DFF8943908D90A3A9F354B3A1CC9853A1A
:1010100068F7A53AB425C63A0054E63A2641033BA0
:101020004C58133B726F233B9886333BBE9D433B2A
:10103000E4B4533B09CC633B30E3733B2BFD813B72
:10104000BE088A3B5114923BE41F9A3B772BA23B8C
:101050000A37AA3B9D42B23BF4F3B23B7319AB3B58
:10106000F23EA33B71649B3BF089933B6FAF8B3B9C
:10107000EED4833BDBF4773BD93F683BD88A583BBF
:10108000D6D5483BD420393BD26B293BD0B6193B4F
:10109000CF010A3B9A99F43A962FD53A93C5B53ABF
:1010A0008F5B963A18E36D3A110F2F3A1376E039B9
:1010B0000A9C453992E7E2388663B3399306173ABA
:1010C000645B543A1AD8883A8282A73AEB2CC63A23
:1010D00054D7E43ADEC0013B1216113B466B203B6D
:1010E0007AC02F3BAF153F3BE36A4E3B17C05D3BD9
:1010F0004B156D3B7F6A7C3BDADF853B748A8D3B09
:101100000E35953BA8DF9C3B428AA43BDC34AC3BCC
:10111000ACA2B03BD526A93BFDAAA13B262F9A3B0A
:101120004EB3923B77378B3B9FBB833B907F783BA3
:10113000E087693B32905A3B83984B3BD4A03C3BC1
:1011400025A92D3B76B11E3BC8B90F3B19C2003B08
:10115000D494E33A76A5C53A18B6A73ABAC6893AFE
:10116000B8AE573AFECF1B3A84E2BF391A4A10395B
:1011700080D2473870DD8D394860013AD8D13B3A8A
:101180006843763A7C5A983A4493B53A0CCCD23AB2
:10119000D404F03ACE9E063B323B153B96D7233B18
:1011A000FB73323B5E10413BC3AC4F3B26495E3B79
:1011B0008AE56C3BEE817B3B290F853B5B5D8C3B7D
:1011C0008DAB933BBFF99A3BF147A23B2396A93BDA
:1011D0004827AB3BA505A43B02E49C3B5FC2953B83
:1011E000BCA08E3B197F873B765D803BA677723B28
:1011F0005F34643B1AF1553BD3AD473B8E6A393BB4
:1012000048272B3B02E41C3BBCA00E3B765D003B19
:101210005F34E43AD3ADC73A4827AB3ABCA08E3A24
:101220005F34643A48272B3A5F34E4395F346439D9
:10123000000005000B00110017001D00230029000D
:101240002F0035003B00410047004D00530059007E
:101250005F0065006B00710077007D0083008900EE
:101260008F0095009B00A100A700AD00B300B9005E
:10127000BF00C500CB00D100D700DD00E300E900CE
:10128000EF00F500FB00010108010F0115011C0131
:1012900023012A013201390140014801500159015D
:1012A00062016A0173017C0185018F019901A3012B
:1012B000AD01B801C301CE01D901E401F001FD0186
:1012C0000A021602230231023F024D025B026A0249
:1012D000790288029802A802B902CB02DC02ED0270
:1012E0000003130326033A034E03630379038F03BA
:1012F000A503BB03D203EA0303041C043604510410
:101300006C048804A404C104DF04FD041C053C052E
:101310005D057F05A105C405E8050D0633065A06DF
:101320008206AA06D406FF062A0757078507B407D0
:10133000E40701000300060009000C000F00120082
:10134000150018001B001E002100240027002A00A1
:101350002D0030003300360039003C003F004200D1
:10136000450048004B004E005100540057005A0001
:101370005D0060006300660069006C006F00720031
:10138000750078007B007E008100840088008B005F
:101390008E009200950099009D00A000A400A80076
:1013A000AC00B100B500B900BE00C200C700CC005F
:1013B000D100D600DB00E100E600EC00F100F70010
:1013C000FD0004010A01100117011E0125012C0175
:1013D00033013B0142014A0152015A0163016C0190
:1013E00074017D01870190019A01A401AE01B90148
:1013F000C401CF01DA01E501F101FD010A02160283
:10140000240231023F024D025B026A027902880225
:101410009802A802B902CA02DB02ED02FF0212031F
:10142000250339034D03610377038C03A203B9033A
:10143000D003000000000000DEE91D36C6E91D37BC
:10144000D1A6B13764E91D383BBC7638DAA5B1388E
:10145000C8CBF138DFE71D39C7D8473984B87639AA
:101460007B43953900A2B139BF77D039A5C4F13992
:101470004EC40A3AC8E11D3AB53A323A07CF473A64
:10148000B29E5E3AA7A9763AECF7873A9A38953A2F
:10149000D616A33A9892B13AD6ABC03A8762D03A00
:1014A000A1B6E03A1AA8F13A749B013B80B10A3B1D
:1014B0002C16143B71C91D3B49CB273BAF1B323B5C
:1014C0009DBA3C3B0AA8473BF2E3523B4C6E5E3B65
:1014D00012476A3B3C6E763BE271813BD0D3873B3F
:1014E000E55C8E3B1D0D953B73E49B3BE3E2A23B29
:1014F0006A08AA3B0255B13BA7C8B83B5563C03B3D
:101500000625C83BB60DD03B611DD83B0154E03BDE
:1015100090B1E83B0B36F13B6BE1F93BD659013C0E
:1015200064D6053C5C660A3CBD090F3C82C0133C96
:10153000A98A183C30681D3C1359223C4F5D273C5A
:10154000E0742C3CC59F313CF9DD363C7A2F3C3CA5
:101550004494413C540C473CA6974C3C3736523C93
:1015600004E8573C09AD5D3C4285633CAC70693C86
:10157000436F6F3C0481753CEBA57B3CFAEE803CED
:101580008D14843CAE43873C5A7C8A3C8FBE8D3C94
:101590004B0A913C8C5F943C51BE973C96269B3CF9
:1015A0005A989E3C9C13A23C5798A53C8C26A93C7B
:1015B00036BEAC3C555FB03CE509B43CE5BDB73C3C
:1015C000527BBB3C2A42BF3C6B12C33C12ECC63C74
:1015D0001DCFCA3C8ABBCE3C55B1D23C7EB0D63C76
:1015E00000B9DA3CDACADE3C0AE6E23C8C0AE73CA7
:1015F0005E38EB3C7E6FEF3CE8AFF33C9BF9F73C89
:10160000934CFC3C6754003D2587023D82BE043D5F
:101610007CFA063D123B093D43800B3D0DCA0D3D52
:101620006F18103D676B123DF5C2143D161F173D34
:10163000C97F193D0CE51B3DDF4E1E3D3FBD203DE2
:101640002C30233DA3A7253DA323283D2BA42A3DD1
:1016500039292D3DCCB22F3DE140323D78D3343D88
:101660008E6A373D23063A3D34A63C3DC04A3F3D95
:10167000C6F3413D43A1443D3653473D9E094A3D93
:1016800078C44C3DC3834F3D7D47523DA60F553D29
:101690003ADC573D38AD5A3D9E825D3D6B5C603D06
:1016A0009E3A633D331D663D2A04693D80EF6B3DE4
:1016B00034DF6E3D44D3713DAECB743D70C8773D91
:1016C00089C97A3DF6CE7D3D5B6C803D64F3813DFA
:1016D000947C833DEA07853D6795863D0725883DD7
:1016E000CCB6893DB34A8B3DBCE08C3DE6788E3D5F
:1016F0002F13903D97AF913D1D4E933DC0EE943D0D
:101700007F91963D5836983D4BDD993D57869B3DE0
:101710007B319D3DB5DE9E3D058EA03D693FA23DDE
:10172000E2F2A33D6CA8A53D0860A73DB519A93D0F
:1017300071D5AA3D3B93AC3D1253AE3DF614B03D7E
:10174000E4D8B13DDD9EB33DDE66B53DE730B73D43
:10175000F7FCB83D0CCBBA3D269BBC3D436DBE3D6E
:101760006241C03D8217C23DA2EFC33DC1C9C53D24
:10177000DEA5C73DF783C93D0B64CB3D1A46CD3D81
:10178000222ACF3D2110D13D18F8D23D03E2D43DAD
:10179000E4CDD63DB7BBD83D7CABDA3D329DDC3DD8
:1017A000D890DE3D6C86E03DED7DE23D5A77E43D2C
:1017B000B172E63DF36FE83D1C6FEA3D2D70EC3DE4
:1017C0002373EE3DFE77F03DBC7EF23D5D87F43D38
:1017D000DE91F63D3F9EF83D7EACFA3D9ABCFC3D65
:1017E00091CEFE3D3271003E087C013EC987023E2B
:1017F0007694033E0EA2043E90B0053EFBBF063E2B
:101800004ED0073E8AE1083EADF3093EB7060B3ED7
:10181000A71A0C3E7D2F0D3E37450E3ED55B0F3E81
:101820005673103EBB8B113E01A5123E29BF133EDD
:1018300031DA143E1AF6153EE112173E8830183E92
:101840000C4F193E6E6E1A3EAC8E1B3EC6AF1C3E50
:10185000BBD11D3E8BF41E3E3418203EB73C213ECA
:101860001262223E4488233E4EAF243E2DD7253EB1
:10187000E3FF263E6D29283ECB53293EFC7E2A3EBF
:1018800001AB2B3ED7D72C3E7E052E3EF6332F3EA6
:101890003E63303E5493313E39C4323EECF5333E24
:1018A0006B28353EB65B363ECD8F373EAEC4383EF4
:1018B00059FA393ECE303B3E0A683C3E0FA03D3ED1
:1018C000DAD83E3E6B12403EC14C413EDC87423E80
:1018D000BBC3433E5D00453EC23D463EE87B473EBE
:1018E000CEBA483E75FA493EDB3A4B3EFF7B4C3E52
:1018F000E1BD4D3E80004F3EDB43503EF287513EFE
:10190000C3CC523E4E12543E9158553E8E9F563E89
:1019100041E7573EAB2F593ECB785A3EA0C25B3EC3
:101920002A0D5D3E66585E3E56A45F3EF7F0603E6F
:101930004A3E623E4C8C633EFFDA643E5F2A663E5E
:101940006E7A673E2ACB683E921C6A3EA56E6B3E5D
:1019500063C16C3ECB146E3EDB686F3E94BD703E3F
:10196000F412723EFB68733EA8BF743EF916763ED1
:10197000EE6E773E86C7783EC1207A3E9E7A7B3EE9
:101980001BD57C3E38307E3EF38B7F3E2774803EF5
:10199000A322813E6DD1813E8480823EEA2F833E28
:1019A0009CDF833E9B8F843EE63F853E7CF0853EF8
:1019B0005EA1863E8B52873E0204883EC4B5883EB7
:1019C000CF67893E231A8A3EBFCC8A3EA47F8B3ED6
:1019D000D1328C3E46E68C3E019A8D3E034E8E3EC1
:1019E0004B028F3ED9B68F3EAC6B903EC320913EEA
:1019F00020D6913EC08B923EA441933ECAF7933EBF
:101A000034AE943EDF64953ECD1B963EFBD2963EAF
:101A10006B8A973E1B42983E0BFA983E3AB2993E2B
:101A2000A96A9A3E56239B3E42DC9B3E6B959C3EA8
:101A3000D24E9D3E75089E3E55C29E3E717C9F3E95
:101A4000C936A03E5BF1A03E28ACA13E3067A23E65
:101A50007122A33EEBDDA33E9E99A43E8A55A53E8E
:101A6000AE11A63E09CEA63E9B8AA73E6347A83E7E
:101A70006204A93E96C1A93E007FAA3E9E3CAB3EB1
:101A800071FAAB3E77B8AC3EB176AD3E1D35AE3E99
:101A9000BDF3AE3E8EB2AF3E9071B03EC430B13EAB
:101AA00028F0B13EBDAFB23E816FB33E752FB43E5C
:101AB00097EFB43EE7AFB53E6670B63E1131B73E24
:101AC000EAF1B73EEFB2B83E2074B93E7D35BA3E7A
:101AD00004F7BA3EB6B8BB3E937ABC3E993CBD3ED5
:101AE000C8FEBD3E20C1BE3EA083BF3E4846C03EAC
:101AF0001709C13E0DCCC13E298FC23E6C52C33E78
:101B0000D415C43E60D9C43E119DC53EE760C63EB3
:101B1000DF24C73EFBE8C73E3AADC83E9A71C93ED6
:101B20001C36CA3EC0FACA3E84BFCB3E6884CC3E57
:101B30006C49CD3E900ECE3ED2D3CE3E3299CF3EB2
:101B4000B15ED03E4C24D13E05EAD13EDAAFD23E62
:101B5000CB75D33ED73BD43EFF01D53E41C8D53EE1
:101B60009D8ED63E1355D73EA11BD83E49E2D83EA6
:101B700008A9D93EDF6FDA3ECD36DB3ED2FDDB3E33
:101B8000EDC4DC3E1E8CDD3E6553DE3EBF1ADF3EFB
:101B90002FE2DF3EB2A9E03E4871E13EF138E23E7D
:101BA000AD00E33E7AC8E33E5990E43E4958E53E35
:101BB0004920E63E59E8E63E79B0E73EA878E83E9F
:101BC000E540E93E3009EA3E89D1EA3EEF99EB3E35
:101BD0006162EC3EDF2AED3E6AF3ED3EFFBBEE3E76
:101BE0009F84EF3E494DF03EFD15F13EB9DEF13EDA
:101BF0007FA7F23E4D70F33E2339F43E0002F53EDE
:101C0000E3CAF53ECD93F63EBD5CF73EB225F83E05
:101C1000ACEEF83EABB7F93EAD80FA3EB249FB3EC2
:101C2000BB12FC3EC6DBFC3ED3A4FD3EE16DFE3E96
:101C3000F036FF3E0000003F8864003F10C9003FBF
:101C4000972D013F1D92013FA3F6013F275B023F05
:101C5000AABF023F2B24033FAA88033F27ED033F7F
:101C6000A151043F19B6043F8E1A053F007F053F7E
:101C70006FE3053FD947063F40AC063FA310073F3F
:101C80000275073F5CD9073FB13D083F01A2083FFD
:101C90004B06093F906A093FD0CE093F09330A3FFE
:101CA0003C970A3F68FB0A3F8E5F0B3FACC30B3F7C
:101CB000C4270C3FD38B0C3FDBEF0C3FDC530D3FB5
:101CC000D3B70D3FC31B0E3FAA7F0E3F87E30E3FE6
:101CD0005C470F3F27AB0F3FE90E103FA072103F4C
:101CE0004ED6103FF139113F899D113F1701123F28
:101CF0009964123F10C8123F7C2B133FDC8E133FB8
:101D00002FF2133F7755143FB1B8143FE01B153F36
:101D1000017F153F14E2153F1B45163F13A8163FE0
:101D2000FE0A173FDA6D173FA8D0173F6733183FF9
:101D30001796183FB8F8183F4A5B193FCCBD193FBA
:101D40003E201A3FA0821A3FF2E41A3F33471B3F5E
:101D500063A91B3F820B1C3F906D1C3F8DCF1C3F26
:101D600077311D3F50931D3F16F51D3FCA561E3F4C
:101D70006BB81E3FF9191F3F757B1F3FDCDC1F3F0F
:101D8000303E203F709F203F9C00213FB461213FA7
:101D9000B7C2213FA523223F7E84223F42E5223F56
:101DA000F045233F88A6233F0B07243F7767243F56
:101DB000CDC7243F0C28253F3588253F46E8253FE1
:101DC0003F48263F22A8263FEC07273F9E67273F34
:101DD00038C7273FB926283F2286283F71E5283F8C
:101DE000A844293FC5A3293FC8022A3FB1612A3F21
:101DF00080C02A3F351F2B3FCF7D2B3F4EDC2B3F32
:101E0000B33A2C3FFC982C3F29F72C3F3B552D3FF4
:101E100031B32D3F0A112E3FC86E2E3F68CC2E3FA6
:101E2000EC292F3F52872F3F9CE42F3FC741303F83
:101E3000D59E303FC5FB303F9758313F4AB5313FC3
:101E4000DF11323F556E323FABCA323FE326333F9C
:101E5000FB82333FF3DE333FCB3A343F8296343F4D
:101E60001AF2343F904D353FE6A8353F1B04363F0C
:101E70002E5F363F20BA363FF014373F9E6F373F14
:101E80002ACA373F9424383FDB7E383FFFD8383F9B
:101E90000033393FDD8C393F97E6393F2E403A3FDA
:101EA000A0993A3FEFF23A3F194C3B3F1EA53B3F0A
:101EB000FFFD3B3FBA563C3F51AF3C3FC2073D3F61
:101EC0000D603D3F33B83D3F32103E3F0B683E3F13
:101ED000BEBF3E3F4A173F3FAF6E3F3FEDC53F3F5E
:101EE000031D403FF273403FB9CA403F5921413F73
:101EF000D077413F1ECE413F4524423F427A423F88
:101F000016D0423FC125433F437B433F9BD0433FD5
:101F1000C925443FCD7A443FA7CF443F5724453F8E
:101F2000DC78453F36CD453F6421463F6875463FE6
:101F300040C9463FED1C473F6E70473FC2C3473F15
:101F4000EB16483FE669483FB6BC483F580F493F4B
:101F5000CD61493F15B4493F30064A3F1D584A3FBD
:101F6000DCA94A3F6DFB4A3FCF4C4B3F049E4B3FA1
:101F700009EF4B3FE03F4C3F88904C3F00E14C3F26
:101F800049314D3F63814D3F4CD14D3F06214E3F7E
:101F900090704E3FE9BF4E3F110F4F3F095E4F3FDC
:101FA000D0AC4F3F65FB4F3FCA49503FFC97503F75
:101FB000FDE5503FCD33513F6A81513FD4CE513F73
:101FC0000D1C523F1269523FE5B5523F8502533F07
:101FD000F24E533F2B9B533F31E7533F0233543F65
:101FE000A07E543F0ACA543F4015553F4160553FBB
:101FF0000DAB553FA5F5553F0740563F358A563F37
:102000002DD4563FEF1D573F7C67573FD2B0573F07
:10201000F3F9573FDD42583F918B583F0FD4583F5B
:10202000551C593F6564593F3DAC593FDEF3593F5C
:10203000483B5A3F7A825A3F74C95A3F36105B3F39
:10204000C0565B3F119D5B3F2AE35B3F0B295C3F22
:10205000B26E5C3F21B45C3F56F95C3F523E5D3F3F
:1020600015835D3F9DC75D3FEC0B5E3F01505E3FBA
:10207000DC935E3F7DD75E3FE21A5F3F0E5E5F3FBF
:10208000FEA05F3FB4E35F3F2E26603F6D68603F78
:1020900070AA603F38EC603FC42D613F146F613F10
:1020A00028B0613F00F1613F9C31623FFA71623FAD
:1020B0001CB2623F02F2623FAA31633F1571633F77
:1020C00042B0633F33EF633FE52D643F5A6C643F9A
:1020D00090AA643F89E8643F4426653FC063653F3A
:1020E000FDA0653FFCDD653FBC1A663F3D57663F7E
:1020F0007F93663F81CF663F440B673FC846673F8B
:102100000C82673F10BD673FD4F7673F5832683F86
:102110009B6C683F9FA6683F61E0683FE319693F99
:102120002453693F248C693FE3C4693F61FD693FE3
:102130009E356A3F996D6A3F52A56A3FC9DC6A3F86
:10214000FF136B3FF24A6B3FA4816B3F13B86B3FA9
:102150003FEE6B3F29246C3FD1596C3F358F6C3F6C
:1021600057C46C3F35F96C3FD02D6D3F28626D3FF1
:102170003C966D3F0DCA6D3F9AFD6D3FE3306E3F5B
:10218000E8636E3FAA966E3F27C96E3F5FFB6E3FC6
:10219000532D6F3F035F6F3F6E906F3F94C16F3F52
:1021A00075F26F3F1123703F6753703F7983703F23
:1021B00045B3703FCCE2703F0D12713F0841713F53
:1021C000BD6F713F2D9E713F56CC713F39FA713F03
:1021D000D627723F2D55723F3C82723F06AF723F49
:1021E00088DB723FC407733FB933733F665F733F49
:1021F000CD8A733FECB5733FC4E0733F540B743F1B
:102200009D35743F9E5F743F5789743FC9B2743FD8
:10221000F2DB743FD304753F6C2D753FBD55753FA0
:10222000C67D753F86A5753FFDCC753F2CF4753F87
:10223000121B763FAF41763F0368763F0F8E763FA5
:10224000D1B3763F4AD9763F79FE763F5F23773F19
:10225000FC47773F4F6C773F5890773F18B4773FF4
:102260008ED7773FBAFA773F9B1D783F3340783F50
:102270008162783F8484783F3DA6783FACC7783F41
:10228000D0E8783FA909793F382A793F7C4A793FDD
:10229000756A793F248A793F87A9793F9FC8793F3A
:1022A0006DE7793FEF057A3F25247A3F11427A3F67
:1022B000B15F7A3F057D7A3F0E9A7A3FCCB67A3F7E
:1022C0003DD37A3F63EF7A3F3D0B7B3FCB267B3F8D
:1022D0000D427B3F045D7B3FAE777B3F0C927B3FA3
:1022E0001DAC7B3FE3C57B3F5CDF7B3F88F87B3FDA
:1022F00068117C3FFC297C3F43427C3F3D5A7C3F38
:10230000EB717C3F4C897C3F60A07C3F27B77C3FD2
:10231000A1CD7C3FCFE37C3FAFF97C3F420F7D3FB7
:1023200088247D3F81397D3F2C4E7D3F8B627D3FF0
:102330009C767D3F5F8A7D3FD59D7D3FFEB07D3F92
:10234000D9C37D3F67D67D3FA6E87D3F99FA7D3FA3
:102350003D0C7E3F941D7E3F9D2E7E3F583F7E3F2D
:10236000C54F7E3FE55F7E3FB66F7E3F397F7E3F44
:102370006F8E7E3F569D7E3FEFAB7E3F3ABA7E3FEB
:1023800037C87E3FE6D57E3F46E37E3F58F07E3F2E
:102390001CFD7E3F92097F3FB9157F3F92217F3F11
:1023A0001C2D7F3F58387F3F45437F3FE44D7F3FA3
:1023B00035587F3F37627F3FEA6B7F3F4E757F3FE7
:1023C000657E7F3F2C877F3FA58F7F3FCF977F3FE5
:1023D000AA9F7F3F37A77F3F75AE7F3F64B57F3FA2
:1023E00004BC7F3F56C27F3F58C87F3F0CCE7F3F23
:1023F00071D37F3F88D87F3F4FDD7F3FC7E17F3F6D
:10240000F1E57F3FCCE97F3F58ED7F3F94F07F3F80
:1024100082F37F3F22F67F3F72F87F3F73FA7F3F60
:1024200025FC7F3F88FD7F3F9DFE7F3F62FF7F3F12
:10243000D9FF7F3F0000803FD9FF7F3F62FF7F3F92
:102440009DFE7F3F88FD7F3F25FC7F3F73FA7F3FE6
:1024500072F87F3F22F67F3F82F37F3F94F07F3F09
:1024600058ED7F3FCCE97F3FF1E57F3FC7E17F3FFC
:102470004FDD7F3F88D87F3F71D37F3F0CCE7F3FBA
:1024800058C87F3F56C27F3F04BC7F3F64B57F3F43
:1024900075AE7F3F37A77F3FAA9F7F3FCF977F3F94
:1024A000A58F7F3F2C877F3F657E7F3F4E757F3FA7
:1024B000EA6B7F3F37627F3F35587F3FE44D7F3F78
:1024C00045437F3F58387F3F1C2D7F3F92217F3F00
:1024D000B9157F3F92097F3F1CFD7E3F58F07E3F3C
:1024E00046E37E3FE6D57E3F37C87E3F3ABA7E3F21
:1024F000EFAB7E3F569D7E3F6F8E7E3F397F7E3FA6
:10250000B66F7E3FE55F7E3FC54F7E3F583F7E3FC3
:102510009D2E7E3F941D7E3F3D0C7E3F99FA7D3F70
:10252000A6E87D3F67D67D3FD9C37D3FFEB07D3FA6
:10253000D59D7D3F5F8A7D3F9C767D3F8B627D3F51
:102540002C4E7D3F81397D3F88247D3F420F7D3F6A
:10255000AFF97C3FCFE37C3FA1CD7C3F27B77C3FE9
:1025600060A07C3F4C897C3FEB717C3F3D5A7C3FB7
:1025700043427C3FFC297C3F68117C3F88F87B3FCD
:102580005CDF7B3FE3C57B3F1DAC7B3F0C927B3F19
:10259000AE777B3F045D7B3F0D427B3FCB267B3F8D
:1025A0003D0B7B3F63EF7A3F3DD37A3FCCB67A3F1A
:1025B0000E9A7A3F057D7A3FB15F7A3F11427A3FAA
:1025C00025247A3FEF057A3F6DE7793F9FC8793F31
:1025D00087A9793F248A793F756A793F7C4A793F98
:1025E000382A793FA909793FD0E8783FACC7783FCE
:1025F0003DA6783F8484783F8162783F3340783FBE
:102600009B1D783FBAFA773F8ED7773F18B4773F54
:102610005890773F4F6C773FFC47773F5F23773F7A
:1026200079FE763F4AD9763FD1B3763F0F8E763F1B
:102630000368763FAF41763F121B763F2CF4753F1F
:10264000FDCC753F86A5753FC67D753FBD55753F71
:102650006C2D753FD304753FF2DB743FC9B2743FF4
:102660005789743F9E5F743F9D35743F540B743F90
:10267000C4E0733FECB5733FCD8A733F665F733F31
:10268000B933733FC407733F88DB723F06AF723FB5
:102690003C82723F2D55723FD627723F39FA713F07
:1026A00056CC713F2D9E713FBD6F713F0841713F08
:1026B0000D12713FCCE2703F45B3703F7983703F9C
:1026C0006753703F1123703F75F26F3F94C16F3FA6
:1026D0006E906F3F035F6F3F532D6F3F5FFB6E3F09
:1026E00027C96E3FAA966E3FE8636E3FE3306E3FA8
:1026F0009AFD6D3F0DCA6D3F3C966D3F28626D3F60
:10270000D02D6D3F35F96C3F57C46C3F358F6C3F12
:10271000D1596C3F29246C3F3FEE6B3F13B86B3FA0
:10272000A4816B3FF24A6B3FFF136B3FC9DC6A3FEA
:1027300052A56A3F996D6A3F9E356A3F61FD693FC8
:10274000E3C4693F248C693F2453693FE319693F1F
:1027500061E0683F9FA6683F9B6C683F5832683FC6
:10276000D4F7673F10BD673F0C82673FC846673F9D
:10277000440B673F81CF663F7F93663F3D57663F7F
:10278000BC1A663FFCDD653FFDA0653FC063653F49
:102790004426653F89E8643F90AA643F5A6C643FD1
:1027A000E52D643F33EF633F42B0633F1571633FF4
:1027B000AA31633F02F2623F1CB2623FFA71623F8C
:1027C0009C31623F00F1613F28B0613F146F613F6F
:1027D000C42D613F38EC603F70AA603F6D68603F78
:1027E0002E26603FB4E35F3FFEA05F3F0E5E5F3F7B
:1027F000E21A5F3F7DD75E3FDC935E3F01505E3F54
:10280000EC0B5E3F9DC75D3F15835D3F523E5D3FD4
:1028100056F95C3F21B45C3FB26E5C3F0B295C3FD4
:102820002AE35B3F119D5B3FC0565B3F36105B3F29
:1028300074C95A3F7A825A3F483B5A3FDEF3593FA8
:102840003DAC593F6564593F551C593F0FD4583F23
:10285000918B583FDD42583FF3F9573FD2B0573F75
:102860007C67573FEF1D573F2DD4563F358A563F63
:102870000740563FA5F5553F0DAB553F4160553FCD
:102880004015553F0ACA543FA07E543F0233543F7F
:1028900031E7533F2B9B533FF24E533F8502533F4B
:1028A000E5B5523F1269523F0D1C523FD4CE513F05
:1028B0006A81513FCD33513FFDE5503FFC97503F7A
:1028C000CA49503F65FB4F3FD0AC4F3F095E4F3F79
:1028D000110F4F3FE9BF4E3F90704E3F06214E3FD4
:1028E0004CD14D3F63814D3F49314D3F00E14C3F5D
:1028F00088904C3FE03F4C3F09EF4B3F049E4B3FDD
:10290000CF4C4B3F6DFB4A3FDCA94A3F1D584A3F25
:1029100030064A3F15B4493FCD61493F580F493F02
:10292000B6BC483FE669483FEB16483FC2C3473F45
:102930006E70473FED1C473F40C9463F6875463FB4
:102940006421463F36CD453FDC78453F5724453F1F
:10295000A7CF443FCD7A443FC925443F9BD0433F56
:10296000437B433FC125433F16D0423F427A423F1B
:102970004524423F1ECE413FD077413F5921413F40
:10298000B9CA403FF273403F031D403FEDC53F3F92
:10299000AF6E3F3F4A173F3FBEBF3E3F0B683E3FD3
:1029A00032103E3F33B83D3F0D603D3FC2073D3FD3
:1029B00051AF3C3FBA563C3FFFFD3B3F1EA53B3F5E
:1029C000194C3B3FEFF23A3FA0993A3F2E403A3F35
:1029D00097E6393FDD8C393F0033393FFFD8383F28
:1029E000DB7E383F9424383F2ACA373F9E6F373FFB
:1029F000F014373F20BA363F2E5F363F1B04363F78
:102A0000E6A8353F904D353F1AF2343F8296343F69
:102A1000CB3A343FF3DE333FFB82333FE326333F91
:102A2000ABCA323F556E323FDF11323F4AB5313FBC
:102A30009758313FC5FB303FD59E303FC741303FAF
:102A40009CE42F3F52872F3FEC292F3F68CC2E3F2D
:102A5000C86E2E3F0A112E3F31B32D3F3B552D3FFF
:102A600029F72C3FFC982C3FB33A2C3F4EDC2B3FF0
:102A7000CF7D2B3F351F2B3F80C02A3FB1612A3FBE
:102A8000C8022A3FC5A3293FA844293F71E5283F32
:102A90002286283FB926283F38C7273F9E67273F11
:102AA000EC07273F22A8263F3F48263F46E8253F20
:102AB0003588253F0C28253FCDC7243F7767243F25
:102AC0000B07243F88A6233FF045233F42E5223FE2
:102AD0007E84223FA523223FB7C2213FB461213F1C
:102AE0009C00213F709F203F303E203FDCDC1F3F99
:102AF000757B1F3FF9191F3F6BB81E3FCA561E3F1B
:102B000016F51D3F50931D3F77311D3F8DCF1C3F64
:102B1000906D1C3F820B1C3F63A91B3F33471B3F3B
:102B2000F2E41A3FA0821A3F3E201A3FCCBD193F63
:102B30004A5B193FB8F8183F1796183F6733183F9C
:102B4000A8D0173FDA6D173FFE0A173F13A8163FAC
:102B50001B45163F14E2153F017F153FE01B153F53
:102B6000B1B8143F7755143F2FF2133FDC8E133F5B
:102B70007C2B133F10C8123F9964123F1701123F7C
:102B8000899D113FF139113F4ED6103FA072103F81
:102B9000E90E103F27AB0F3F5C470F3F87E30E3F27
:102BA000AA7F0E3FC31B0E3FD3B70D3FDC530D3F33
:102BB000DBEF0C3FD38B0C3FC4270C3FACC30B3F68
:102BC0008E5F0B3F68FB0A3F3C970A3F09330A3F81
:102BD000D0CE093F906A093F4B06093F01A2083F4A
:102BE000B13D083F5CD9073F0275073FA310073F7F
:102BF00040AC063FD947063F6FE3053F007F053FE6
:102C00008E1A053F19B6043FA151043F27ED033F3B
:102C1000AA88033F2B24033FAABF023F275B023F42
:102C2000A3F6013F1D92013F972D013F10C9003FC0
:102C30008864003F0000003FF036FF3EE16DFE3E3D
:102C4000D3A4FD3EC6DBFC3EBB12FC3EB249FB3EBC
:102C5000AD80FA3EABB7F93EACEEF83EB225F83E99
:102C6000BD5CF73ECD93F63EE3CAF53E0002F53E6D
:102C70002339F43E4D70F33E7FA7F23EB9DEF13EBC
:102C8000FD15F13E494DF03E9F84EF3EFFBBEE3E09
:102C90006AF3ED3EDF2AED3E6162EC3EEF99EB3EDA
:102CA00089D1EA3E3009EA3EE540E93EA878E83EAF
:102CB00079B0E73E59E8E63E4920E63E4958E53E10
:102CC0005990E43E7AC8E33EAD00E33EF138E23E7F
:102CD0004871E13EB2A9E03E2FE2DF3EBF1ADF3E7F
:102CE0006553DE3E1E8CDD3EEDC4DC3ED2FDDB3E98
:102CF000CD36DB3EDF6FDA3E08A9D93E49E2D83E49
:102D0000A11BD83E1355D73E9D8ED63E41C8D53E19
:102D1000FF01D53ED73BD43ECB75D33EDAAFD23E92
:102D200005EAD13E4C24D13EB15ED03E3299CF3E31
:102D3000D2D3CE3E900ECE3E6C49CD3E6884CC3E82
:102D400084BFCB3EC0FACA3E1C36CA3E9A71C93E09
:102D50003AADC83EFBE8C73EDF24C73EE760C63E4B
:102D6000119DC53E60D9C43ED415C43E6C52C33ECD
:102D7000298FC23E0DCCC13E1709C13E4846C03E18
:102D8000A083BF3E20C1BE3EC8FEBD3E993CBD3EB5
:102D9000937ABC3EB6B8BB3E04F7BA3E7D35BA3E28
:102DA0002074B93EEFB2B83EEAF1B73E1131B73EFA
:102DB0006670B63EE7AFB53E97EFB43E752FB43EB2
:102DC000816FB33EBDAFB23E28F0B13EC430B13EDC
:102DD0009071B03E8EB2AF3EBDF3AE3E1D35AE3EFD
:102DE000B176AD3E77B8AC3E71FAAB3E9E3CAB3EA1
:102DF000007FAA3E96C1A93E6204A93E6347A83E51
:102E00009B8AA73E09CEA63EAE11A63E8A55A53E98
:102E10009E99A43EEBDDA33E7122A33E3067A23E05
:102E200028ACA13E5BF1A03EC936A03E717C9F3E1E
:102E300055C29E3E75089E3ED24E9D3E6B959C3E71
:102E400042DC9B3E56239B3EA96A9A3E3AB2993E8B
:102E50000BFA983E1B42983E6B8A973EFBD2963EF9
:102E6000CD1B963EDF64953E34AE943ECAF7933E4A
:102E7000A441933EC08B923E20D6913EC320913E0A
:102E8000AC6B903ED9B68F3E4B028F3E034E8E3ECA
:102E9000019A8D3E46E68C3ED1328C3EA47F8B3E1D
:102EA000BFCC8A3E231A8A3ECF67893EC4B5883E8E
:102EB0000204883E8B52873E5EA1863E7CF0853EB2
:102EC000E63F853E9B8F843E9CDF833EEA2F833E18
:102ED0008480823E6DD1813EA322813E2774803E54
:102EE000F38B7F3E38307E3E1BD57C3E9E7A7B3E08
:102EF000C1207A3E86C7783EEE6E773EF916763E62
:102F0000A8BF743EFB68733EF412723E94BD703EDF
:102F1000DB686F3ECB146E3E63C16C3EA56E6B3EAC
:102F2000921C6A3E2ACB683E6E7A673E5F2A663EF6
:102F3000FFDA643E4C8C633E4A3E623EF7F0603EF0
:102F400056A45F3E66585E3E2A0D5D3EA0C25B3EC3
:102F5000CB785A3EAB2F593E41E7573E8E9F563EA7
:102F60009158553E4E12543EC3CC523EF287513ECC
:102F7000DB43503E80004F3EE1BD4D3EFF7B4C3E6B
:102F8000DB3A4B3E75FA493ECEBA483EE87B473EB7
:102F9000C23D463E5D00453EBBC3433EDC87423EEC
:102FA000C14C413E6B12403EDAD83E3E0FA03D3E42
:102FB0000A683C3ECE303B3E59FA393EAEC4383EFC
:102FC000CD8F373EB65B363E6B28353EECF5333E53
:102FD00039C4323E5493313E3E63303EF6332F3E89
:102FE0007E052E3ED7D72C3E01AB2B3EFC7E2A3EE3
:102FF000CB53293E6D29283EE3FF263E2DD7253EA3
:103000004EAF243E4488233E1262223EB73C213E0E
:103010003418203E8BF41E3EBBD11D3EC6AF1C3E75
:10302000AC8E1B3E6E6E1A3E0C4F193E8830183E19
:10303000E112173E1AF6153E31DA143E29BF133E4F
:1030400001A5123EBB8B113E5673103ED55B0F3E61
:1030500037450E3E7D2F0D3EA71A0C3EB7060B3EA0
:10306000ADF3093E8AE1083E4ED0073EFBBF063E67
:1030700090B0053E0EA2043E7694033EC987023E00
:10308000087C013E3271003E91CEFE3D9ABCFC3D73
:103090007EACFA3D3F9EF83DDE91F63D5D87F43D06
:1030A000BC7EF23DFE77F03D2373EE3D2D70EC3D8E
:1030B0001C6FEA3DF36FE83DB172E63D5A77E43D9F
:1030C000ED7DE23D6C86E03DD890DE3D329DDC3DFD
:1030D0007CABDA3DB7BBD83DE4CDD63D03E2D43D71
:1030E00018F8D23D2110D13D222ACF3D1A46CD3DC0
:1030F0000B64CB3DF783C93DDEA5C73DC1C9C53DC6
:10310000A2EFC33D8217C23D6241C03D436DBE3D4B
:10311000269BBC3D0CCBBA3DF7FCB83DE730B73D34
:10312000DE66B53DDD9EB33DE4D8B13DF614B03D5D
:103130001253AE3D3B93AC3D71D5AA3DB519A93DA7
:103140000860A73D6CA8A53DE2F2A33D693FA23D02
:10315000058EA03DB5DE9E3D7B319D3D57869B3D56
:103160004BDD993D5836983D7F91963DC0EE943D9C
:103170001D4E933D97AF913D2F13903DE6788E3DC8
:10318000BCE08C3DB34A8B3DCCB6893D0725883DDC
:103190006795863DEA07853D947C833D64F3813DD8
:1031A0005B6C803DF6CE7D3D89C97A3D70C8773D28
:1031B000AECB743D44D3713D34DF6E3D80EF6B3D4B
:1031C0002A04693D331D663D9E3A633D6B5C603D5C
:1031D0009E825D3D38AD5A3D3ADC573DA60F553DC8
:1031E0007D47523DC3834F3D78C44C3D9E094A3DC7
:1031F0003653473D43A1443DC6F3413DC04A3F3DA0
:1032000034A63C3D23063A3D8E6A373D78D3343DA3
:10321000E140323DCCB22F3D39292D3D2BA42A3D32
:10322000A323283DA3A7253D2C30233D3FBD203DB2
:10323000DF4E1E3D0CE51B3DC97F193D161F173D96
:10324000F5C2143D676B123D6F18103D0DCA0D3D60
:1032500043800B3D123B093D7CFA063D82BE043D96
:103260002587023D6754003D934CFC3C9BF9F73C9D
:10327000E8AFF33C7E6FEF3C5E38EB3C8C0AE73CFA
:103280000AE6E23CDACADE3C00B9DA3C7EB0D63C63
:1032900055B1D23C8ABBCE3C1DCFCA3C12ECC63CD9
:1032A0006B12C33C2A42BF3C527BBB3CE5BDB73CE2
:1032B000E509B43C555FB03C36BEAC3C8C26A93C1D
:1032C0005798A53C9C13A23C5A989E3C96269B3C42
:1032D00051BE973C8C5F943C4B0A913C8FBE8D3C19
:1032E0005A7C8A3CAE43873C8D14843CFAEE803C89
:1032F000EBA57B3C0481753C436F6F3CAC70693C33
:103300004285633C09AD5D3C04E8573C3736523C8E
:10331000A6974C3C540C473C4494413C7A2F3C3C8F
:10332000F9DD363CC59F313CE0742C3C4F5D273CB9
:103330001359223C30681D3CA98A183C82C0133CBA
:10334000BD090F3C5C660A3C64D6053CD659013C7D
:103350006BE1F93B0B36F13B90B1E83B0154E03BAC
:10336000611DD83BB60DD03B0625C83B5563C03B1D
:10337000A7C8B83B0255B13B6A08AA3BE3E2A23BAF
:1033800073E49B3B1D0D953BE55C8E3BD0D3873BA7
:10339000E271813B3C6E763B12476A3B4C6E5E3B72
:1033A000F2E3523B0AA8473B9DBA3C3BAF1B323B82
:1033B00049CB273B71C91D3B2C16143B80B10A3BFE
:1033C000749B013B1AA8F13AA1B6E03A8762D03A61
:1033D000D6ABC03A9892B13AD616A33A9A38953AF3
:1033E000ECF7873AA7A9763AB29E5E3A07CF473AFA
:1033F000B53A323AC8E11D3A4EC40A3AA5C4F13989
:10340000BF77D03900A2B1397B43953984B876397A
:10341000C7D84739DFE71D39C8CBF138DAA5B1384D
:103420003BBC763864E91D38D1A6B137C6E91D37F3
:10343000DEE91D36496E76616C69642070617261E7
:103440006D65746572204275696C74696E4F706544
:103450007261746F725F435553544F4D20746F20E7
:1034600074686520004164644275696C74696E20FB
:1034700066756E6374696F6E2E0043616C6C696E65
:1034800067204164644275696C74696E2077697461
:1034900068207468652073616D65206F70206D6FA2
:1034A0007265207468616E20006F6E6365206973B9
:1034B000206E6F7420737570706F7274656420284D
:1034C0004F703A20232564292E00436F756C646E7B
:1034D0002774207265676973746572206275696C00
:1034E00074696E206F70202325642C207265736FC1
:1034F0006C7665722073697A652000697320746F39
:103500006F20736D616C6C20282564292E00416743
:10351000656C616975735F70686F656E6963657509
:10352000730043617264696E616C69735F63617299
:1035300064696E616C697300436572746869615F88
:10354000616D65726963616E6100436F7276757358
:103550005F6272616368797268796E63686F730025
:103560005365746F70686167615F616573746976D4
:1035700061005365746F70686167615F727574692B
:1035800063696C6C61005370696E75735F74726906
:1035900073746973005475726475735F6D696772D3
:1035A00061746F7269757300496E70757420706113
:1035B000796C6F6164206C656E67746820646F65F8
:1035C00073206E6F74206D61746368207468652069
:1035D0006D6F64656C2074656E736F7200626972E2
:1035E000647365745F7374726963745F3230736897
:1035F0006F745F6D6663635F626E5F5F63663362A5
:1036000061336265346564300063663362613362DE
:103610006534656430373332353465666538376113
:1036200062613237643761366464323138663464DB
:1036300066383437333630363761323734366331B3
:103640006635613433313462350055415254206857
:10365000656164657220726563656976652066617F
:10366000696C656400556E737570706F7274656413
:103670002070726F746F636F6C2076657273696F00
:103680006E00556E737570706F7274656420707221
:103690006F746F636F6C20666C6167730050617943
:1036A0006C6F616420657863656564732066697218
:1036B0006D776172652072656365697665206275F4
:1036C000666665720055415254207061796C6F6175
:1036D000642072656365697665206661696C6564FE
:1036E000005061796C6F6164204352433332206D26
:1036F00069736D61746368004745545F494E464F76
:1037000020646F6573206E6F7420616363657074ED
:103710002061207061796C6F616400415544494FAC
:103720005F424547494E2072657175697265732025
:10373000612031362D627974652064657363726926
:1037400070746F72004578706563746564206D6F86
:103750006E6F2031363030302D487A2050434D5F27
:103760005331365F4C4520617564696F0041756463
:10377000696F206D75737420636F6E7461696E205C
:10378000312E2E31323020636F6D706C6574652080
:103790006F6E652D7365636F6E642077696E646FFD
:1037A000777300415544494F5F424547494E206970
:1037B00073207265717569726564206265666F72E7
:1037C0006520415544494F5F4348554E4B00415594
:1037D00044494F5F4348554E4B207265717569727D
:1037E0006573206F666673657420706C7573205006
:1037F000434D31362073616D706C657300415544E3
:10380000494F5F4348554E4B206F66667365742081
:103810006F722073616D706C652072616E676520D8
:10382000697320696E76616C696400415544494F43
:103830005F52554E20646F6573206E6F7420616314
:10384000636570742061207061796C6F6164004100
:103850007564696F2075706C6F616420697320698D
:103860006E636F6D706C65746500436F6D706C6531
:1038700074652050434D2073747265616D2043520E
:10388000433332206D69736D617463680041554440
:10389000494F5F4745545F46454154555245206462
:1038A0006F6573206E6F742061636365707420614F
:1038B000207061796C6F6164004E6F20636F6D7072
:1038C0006C6574656420617564696F2077696E64E6
:1038D0006F7720697320617661696C61626C650045
:1038E000556E737570706F7274656420736572695C
:1038F000616C206D6F64656C20636F6D6D616E64CB
:103900000042696173207479706520257320282531
:103910006429206E6F7420737570706F72746564A3
:103920002E00576569676874207479706520257367
:103930002028256429206E6F7420737570706F7253
:103940007465642E005479706520257320282564E1
:1039500029206E6F7420737570706F727465642E99
:10396000002F686F6D652F63792F636F64652F700B
:10397000726F6772616D2F4C45445F544553542FED
:10398000447269766572732F74666C6974652D6D07
:103990006963726F2F74656E736F72666C6F772FC9
:1039A0006C6974652F6D6963726F2F6B65726E65DC
:1039B0006C732F636F6E765F636F6D6D6F6E2E63CA
:1039C000630025733A256420257320776173206E88
:1039D0006F7420747275652E006861735F6269612F
:1039E00073207C7C206E6F64652D3E696E707574EB
:1039F000732D3E73697A65203D3D20320025733A70
:103A0000256420257320213D20257320282564204E
:103A1000213D20256429006E6F64652D3E6F75740D
:103A2000707574732D3E73697A6500696E70757474
:103A300020213D206E756C6C7074720066696C7428
:103A4000657220213D206E756C6C707472006F750C
:103A50007470757420213D206E756C6C70747200EA
:103A60006F75747075742D3E7479706500696E7031
:103A700075742D3E74797065002F686F6D652F63C6
:103A8000792F636F64652F70726F6772616D2F4C51
:103A900045445F544553542F447269766572732FC1
:103AA00074666C6974652D6D6963726F2F74656ED1
:103AB000736F72666C6F772F6C6974652F6D6963B5
:103AC000726F2F6B65726E656C732F636F6E765FAE
:103AD000636F6D6D6F6E2E636320487962726964E7
:103AE000206D6F64656C7320617265206E6F742049
:103AF000737570706F72746564206F6E2054464CDD
:103B0000697465204D6963726F2E006B54664C6951
:103B10007465416666696E655175616E74697A6136
:103B200074696F6E0066696C7465722D3E717561A3
:103B30006E74697A6174696F6E2E74797065006154
:103B40006666696E655F7175616E74697A617469C4
:103B50006F6E2D3E7363616C652D3E73697A6520CF
:103B60003D3D2031207C7C20616666696E655F7119
:103B700075616E74697A6174696F6E2D3E736361ED
:103B80006C652D3E73697A65203D3D2066696C74D5
:103B900065722D3E64696D732D3E646174615B6B6B
:103BA000436F6E765175616E74697A656444696DB0
:103BB000656E73696F6E5D0046696C746572207422
:103BC000797065202573202825642920666F72206E
:103BD000696E7075742074797065202573206E6F1E
:103BE0007420737570706F727465642E00496E7006
:103BF0007574207479706520257320282564292028
:103C00006E6F7420737570706F727465642E002F00
:103C1000686F6D652F63792F636F64652F70726FA6
:103C20006772616D2F4C45445F544553542F447265
:103C300069766572732F74666C6974652D6D69633E
:103C4000726F2F74656E736F72666C6F772F6C690D
:103C500074652F6D6963726F2F6B65726E656C731F
:103C60002F6465707468776973655F636F6E765FE4
:103C7000636F6D6D6F6E2E636300616666696E655E
:103C80005F7175616E74697A6174696F6E2D3E73D0
:103C900063616C652D3E73697A65203D3D2031205E
:103CA0007C7C20616666696E655F7175616E7469A2
:103CB0007A6174696F6E2D3E7363616C652D3E731E
:103CC000697A65203D3D2066696C7465722D3E649D
:103CD000696D732D3E646174615B6B4465707468DB
:103CE00077697365436F6E765175616E74697A6535
:103CF0006444696D656E73696F6E5D0061666669C7
:103D00006E655F7175616E74697A6174696F6E2D2D
:103D10003E7A65726F5F706F696E742D3E73697A5B
:103D20006500616666696E655F7175616E74697A5A
:103D30006174696F6E2D3E7363616C652D3E7369AE
:103D40007A65002F686F6D652F63792F636F6465E7
:103D50002F70726F6772616D2F4C45445F544553ED
:103D6000542F447269766572732F74666C6974653A
:103D70002D6D6963726F2F74656E736F72666C6FF1
:103D8000772F6C6974652F6D6963726F2F6B657225
:103D90006E656C732F6465707468776973655F63B3
:103DA0006F6E765F636F6D6D6F6E2E636320487903
:103DB00062726964206D6F64656C73206172652046
:103DC0006E6F7420737570706F72746564206F6E9F
:103DD0002054464C697465204D6963726F2E002F24
:103DE000686F6D652F63792F636F64652F70726FD5
:103DF0006772616D2F4C45445F544553542F447294
:103E000069766572732F74666C6974652D6D69636C
:103E1000726F2F74656E736F72666C6F772F6C693B
:103E200074652F6D6963726F2F6B65726E656C734D
:103E30002F66756C6C795F636F6E6E656374656415
:103E40002E63630025733A256420257320213D20CD
:103E500025732028257320213D2025732900496ED4
:103E600070757420747970653A20257320776974B1
:103E7000682066696C74657220747970653A2025D3
:103E800073206E6F7420737570706F727465642E1A
:103E90000046696C74657220747970652025732002
:103EA00028256429206E6F7420737570706F72748A
:103EB00065642E002F686F6D652F63792F636F64C3
:103EC000652F70726F6772616D2F4C45445F54456A
:103ED00053542F447269766572732F74666C6974DB
:103EE000652D6D6963726F2F74656E736F72666C8A
:103EF0006F772F6C6974652F6D6963726F2F6B65B7
:103F0000726E656C732F66756C6C795F636F6E6E25
:103F100065637465645F636F6D6D6F6E2E636300C0
:103F2000616666696E655F7175616E74697A6174E8
:103F3000696F6E2D3E7363616C650028696E7075E4
:103F4000742D3E74797065203D3D206B54664C693C
:103F50007465496E74382026262066696C74657213
:103F60002D3E7479706520213D206B54664C697438
:103F700065496E743429207C7C2028696E707574C4
:103F80002D3E74797065203D3D206B54664C6974FC
:103F900065496E7431362026262066696C74657218
:103FA0002D3E7479706520213D206B54664C6974F8
:103FB00065496E7434290066696C7465722D3E64BF
:103FC000696D732D3E646174615B616666696E65DF
:103FD0005F7175616E74697A6174696F6E2D3E717F
:103FE00075616E74697A65645F64696D656E736925
:103FF0006F6E5D007065725F6368616E6E656C5FA9
:104000007175616E74697A6174696F6E5F73697AD4
:10401000650064696D735B695D203C207374643A6C
:104020003A6E756D657269635F6C696D6974733C36
:10403000696E743E3A3A6D61782829202F20636FAB
:10404000756E7400496E7075742025732C206F7521
:1040500074707574202573206E6F74207375707082
:104060006F727465642E002F686F6D652F63792FF2
:10407000636F64652F70726F6772616D2F4C45447A
:104080005F544553542F447269766572732F74667A
:104090006C6974652D6D6963726F2F74656E736FD3
:1040A00072666C6F772F6C6974652F6D6963726FC0
:1040B0002F6B65726E656C732F6C6F6769737469B3
:1040C000635F636F6D6D6F6E2E6363007374643A2C
:1040D0003A6E756D657269635F6C696D6974733C86
:1040E000696E74385F743E3A3A6D696E28290069CA
:1040F0006E7075742D3E706172616D732E7A65728B
:104100006F5F706F696E7400436865636B65644CC4
:104110006F6732286F75747075742D3E70617261AF
:104120006D732E7363616C652C20266F75747075CA
:10413000745F7363616C655F6C6F67325F726F751C
:104140006E64656429002D6B4F75747075744672CA
:10415000616374696F6E616C42697473006F75742A
:104160007075745F7363616C655F6C6F67325F72EB
:104170006F756E646564006578706F6E656E74202F
:104180003E3D203000496E746567657254797065F4
:104190002067656D6D6C6F77703A3A526F756E641B
:1041A000696E674469766964654279504F5428495D
:1041B0006E7465676572547970652C20696E742918
:1041C000205B7769746820496E74656765725479FD
:1041D0007065203D206C6F6E6720696E745D002FE6
:1041E000686F6D652F63792F636F64652F70726FD1
:1041F0006772616D2F4C45445F544553542F447290
:1042000069766572732F74666C6974652D6D696368
:10421000726F2F74656E736F72666C6F772F6C6937
:1042200074652F6D6963726F2F746F6F6C732F6D70
:10423000616B652F646F776E6C6F6164732F676558
:104240006D6D6C6F77702F6669786564706F696EDD
:10425000742F6669786564706F696E742E68006586
:1042600078706F6E656E74203C3D203331002F688E
:104270006F6D652F63792F636F64652F70726F6741
:1042800072616D2F4C45445F544553542F447269FD
:10429000766572732F74666C6974652D6D696372CF
:1042A0006F2F74656E736F72666C6F772F6C6974A5
:1042B000652F6D6963726F2F6B65726E656C732FFE
:1042C000736F66746D61785F636F6D6D6F6E2E6373
:1042D00063007261775F6578705F6C757420213D53
:1042E000206E756C6C707472006F6E655F6F7665B2
:1042F000725F6F6E655F706C75735F785F6C7574FD
:1043000020213D206E756C6C70747200696E707542
:10431000742D3E74797065203D3D206B54664C6968
:104320007465496E7438207C7C20696E7075742DBC
:104330003E74797065203D3D206B54664C69746510
:10434000496E7431360025733A2564202573206E3A
:104350006F74206E656172202573202825662021E8
:104360003D2025662900312E66202F203332373636
:1043700038006F75747075742D3E706172616D7365
:104380002E7363616C65002D333237363800312E61
:1043900066202F203635353336006B54664C6974F1
:1043A00065496E7438002D313238006F7574707540
:1043B000742D3E706172616D732E7363616C652044
:1043C0003D3D20312E66202F20323536006B54665D
:1043D0004C697465466C6F61743332004E756D497B
:1043E0006E70757473286E6F646529004E756D4F1D
:1043F000757470757473286E6F646529004E756DE1
:1044000044696D656E73696F6E7328696E7075743B
:1044100029203E3D2031006E6F64652D3E75736529
:10442000725F6461746120213D206E756C6C7074E4
:1044300072002162726F6164636173745F696E7090
:10444000757431207C7C202162726F6164636173BA
:10445000745F696E7075743200626F6F6C20746681
:104460006C6974653A3A52656475636544696D6553
:104470006E73696F6E73466F7242726F61646361CF
:10448000737428636F6E73742052756E74696D65F2
:104490005368617065262C20636F6E7374205275AB
:1044A0006E74696D655368617065262C2073697A36
:1044B000655F742A2C2073697A655F742A2C2073D7
:1044C000697A655F742A29205B7769746820696E50
:1044D00074204D41585F44494D203D20363B2073A8
:1044E000697A655F74203D20756E7369676E6564D7
:1044F00020696E745D002F686F6D652F63792F637F
:104500006F64652F70726F6772616D2F4C45445FE9
:10451000544553542F447269766572732F74666CD8
:104520006974652D6D6963726F2F74656E736F7238
:10453000666C6F772F6C6974652F6B65726E656C36
:10454000732F696E7465726E616C2F636F6D6D6F22
:104550006E2E68002F686F6D652F63792F636F640F
:10456000652F70726F6772616D2F4C45445F5445C3
:1045700053542F447269766572732F74666C697434
:10458000652D6D6963726F2F74656E736F72666CE3
:104590006F772F6C6974652F6D6963726F2F6B6510
:1045A000726E656C732F6164645F636F6D6D6F6EA7
:1045B0002E636300696E7075743120213D206E7525
:1045C0006C6C70747200696E7075743220213D20BD
:1045D0006E756C6C707472006B54664C6974654EC9
:1045E0006F5175616E74697A6174696F6E00696E7E
:1045F000707574312D3E7175616E74697A6174697C
:104600006F6E2E7479706500696E707574322D3E10
:104610007175616E74697A6174696F6E2E747970E8
:10462000650054797065202573206E6F7420637562
:104630007272656E746C7920737570706F727465C8
:10464000642E002F686F6D652F63792F636F64652B
:104650002F70726F6772616D2F4C45445F544553E4
:10466000542F447269766572732F74666C69746531
:104670002D6D6963726F2F74656E736F72666C6FE8
:10468000772F6C6974652F6D6963726F2F6B65721C
:104690006E656C732F706F6F6C696E675F636F6DA3
:1046A0006D6F6E2E6363007363616C655F64696632
:1046B00066203C3D20312E30652D3600696E7075C8
:1046C000742D3E706172616D732E7A65726F5F70CA
:1046D0006F696E74203D3D206F75747075742D3E4A
:1046E000706172616D732E7A65726F5F706F696E43
:1046F00074002F686F6D652F63792F636F64652F6A
:1047000070726F6772616D2F4C45445F544553540E
:104710002F447269766572732F74666C6974652DA7
:104720006D6963726F2F74656E736F72666C6F77ED
:104730002F6C6974652F6D6963726F2F6B65726E74
:10474000656C732F6D756C5F636F6D6D6F6E2E632F
:104750006300696E707574322D3E747970650069FE
:104760006E707574312D3E7479706500646174618A
:104770002D3E696E707574315F7A65726F5F706F10
:10478000696E7400646174612D3E696E7075743277
:104790005F7A65726F5F706F696E740064617461D7
:1047A0002D3E6F75747075745F7A65726F5F706F90
:1047B000696E74006F705F706172616D732E696EE7
:1047C000707574315F6F6666736574006F705F70CB
:1047D0006172616D732E696E707574325F6F66669B
:1047E000736574006F705F706172616D732E6F75A9
:1047F000747075745F6F6666736574002F686F6D93
:10480000652F63792F636F64652F70726F677261B4
:104810006D2F4C45445F544553542F44726976655F
:1048200072732F74666C6974652D6D6963726F2F76
:1048300074656E736F72666C6F772F6C6974652F19
:104840006D6963726F2F6B65726E656C732F726525
:10485000647563655F636F6D6D6F6E2E6363006E6D
:104860006F64652D3E696E707574732D3E73697A41
:1048700065006178697320213D206E756C6C7074E1
:1048800072006B54664C697465496E743332006112
:104890007869732D3E7479706500726573756C74F8
:1048A000007265666572656E63655F6F70733A3A34
:1048B0004D65616E282074666C6974653A3A6D695D
:1048C00063726F3A3A47657454656E736F724461F0
:1048D00074613C666C6F61743E28696E70757429F2
:1048E0002C20696E7075742D3E64696D732D3E6465
:1048F0006174612C20696E7075742D3E64696D73EE
:104900002D3E73697A652C2074666C6974653A3A39
:104910006D6963726F3A3A47657454656E736F726E
:10492000446174613C666C6F61743E286F7574708D
:104930007574292C206F75747075742D3E64696DC3
:10494000732D3E646174612C206F75747075742DC5
:104950003E64696D732D3E73697A652C2074666CB4
:104960006974653A3A6D6963726F3A3A476574548F
:10497000656E736F72446174613C696E743E286148
:10498000786973292C206E756D5F617869732C20AE
:10499000706172616D732D3E6B6565705F64696DEA
:1049A000732C2074656D705F696E6465782C20725D
:1049B00065736F6C7665645F617869732C207466CB
:1049C0006C6974653A3A6D6963726F3A3A47657417
:1049D00054656E736F72446174613C666C6F617490
:1049E0003E286F75747075742929002F686F6D6586
:1049F0002F63792F636F64652F70726F6772616DBB
:104A00002F4C45445F544553542F44726976657268
:104A1000732F74666C6974652D6D6963726F2F7482
:104A2000656E736F72666C6F772F6C6974652F6D2E
:104A30006963726F2F6B65726E656C732F7265643C
:104A40007563655F636F6D6D6F6E2E636320437575
:104A50007272656E746C792C206F6E6C7920666C46
:104A60006F617433322C20696E7438206F72206944
:104A70006E74313620696E7075742074797065209B
:104A8000697320737570706F727465642E00556E53
:104A90006B6E6F776E2074797065004E4F5459506D
:104AA0004500464C4F415433320055494E5438006E
:104AB000535452494E4700424F4F4C00434F4D50C4
:104AC0004C4558363400464C4F4154363400434F21
:104AD0004D504C45583132380055494E543634000B
:104AE0005245534F555243450056415249414E5449
:104AF0000055494E5433320055494E543136004921
:104B00004E54340042464C4F4154313600556E737A
:104B10007570706F7274656420646174612074795B
:104B2000706520256420696E2074656E736F720A4B
:104B300000556E68616E646C65642066756C6C7996
:104B40002D636F6E6E656374656420776569676851
:104B5000747320666F726D61742E0069203C20733F
:104B6000697A65282900666C61746275666665728B
:104B7000733A3A566563746F723C542C2053697AC9
:104B800065543E3A3A72657475726E5F74797065F9
:104B900020666C6174627566666572733A3A566532
:104BA00063746F723C542C2053697A65543E3A3AD0
:104BB0004765742853697A65542920636F6E73744E
:104BC000205B776974682054203D20666C617462B4
:104BD0007566666572733A3A4F66667365743C74BF
:104BE000666C6974653A3A4275666665723E3B204A
:104BF00053697A6554203D206C6F6E6720756E7323
:104C000069676E656420696E743B207265747572A5
:104C10006E5F74797065203D20636F6E73742074CD
:104C2000666C6974653A3A4275666665722A5D001B
:104C30002F686F6D652F63792F636F64652F7072B6
:104C40006F6772616D2F4C45445F544553542F4438
:104C50007269766572732F74666C6974652D6D69FF
:104C600063726F2F74656E736F72666C6F772F6CE3
:104C70006974652F6D6963726F2F746F6F6C732F1A
:104C80006D616B652F646F776E6C6F6164732F66F7
:104C90006C6174627566666572732F696E636C759C
:104CA00064652F666C6174627566666572732F76D3
:104CB0006563746F722E68004D6963726F416C6C2E
:104CC0006F6361746F723A204D6F64656C20616C24
:104CD0006C6F636174696F6E2066696E6973686575
:104CE00064206265666F7265207374617274696EA8
:104CF0006720616C6C6F636174696E67206D6F64AF
:104D0000656C004D6963726F416C6C6F6361746FA9
:104D1000723A204D6F64656C20616C6C6F636174D6
:104D2000696F6E2073746172746564206265666F6A
:104D300072652066696E697368696E672070726556
:104D400076696F75736C7920616C6C6F63617465E3
:104D500064206D6F64656C004661696C65642074E5
:104D60006F20616C6C6F63617465206D656D6F722F
:104D70007920666F72206D6F64656C206D6574615B
:104D8000646174612E00536372617463682062759C
:104D900066666572207265717565737420657865E5
:104DA000656473206C696D697420706572206F7022
:104DB000657261746F72202825642900666C6174C5
:104DC000627566666572733A3A566563746F723CD3
:104DD000542C2053697A65543E3A3A726574757260
:104DE0006E5F7479706520666C6174627566666565
:104DF00072733A3A566563746F723C542C2053694F
:104E00007A65543E3A3A4765742853697A6554295D
:104E100020636F6E7374205B776974682054203D43
:104E2000206C6F6E67206C6F6E6720696E743B201C
:104E300053697A6554203D206C6F6E6720756E73E0
:104E400069676E656420696E743B20726574757263
:104E50006E5F74797065203D206C6F6E67206C6F9B
:104E60006E6720696E745D00556E61626C652074BA
:104E70006F20616C6C6F636174652054664C69745B
:104E800065416666696E655175616E74697A6174B3
:104E9000696F6E2E0A00556E61626C6520746F201A
:104EA000616C6C6F63617465207175616E74697A91
:104EB0006174696F6E2D3E7A65726F5F706F696E97
:104EC000742E0A00666C6174627566666572733A68
:104ED0003A566563746F723C542C2053697A65545A
:104EE0003E3A3A72657475726E5F747970652066C9
:104EF0006C6174627566666572733A3A566563747E
:104F00006F723C542C2053697A65543E3A3A476597
:104F1000742853697A65542920636F6E7374205B1B
:104F2000776974682054203D20666C6174627566F0
:104F3000666572733A3A4F66667365743C74666C64
:104F40006974653A3A54656E736F723E3B205369DB
:104F50007A6554203D206C6F6E6720756E736967AB
:104F60006E656420696E743B2072657475726E5F45
:104F700074797065203D20636F6E73742074666C65
:104F80006974653A3A54656E736F722A5D004661C2
:104F9000696C656420746F20616C6C6F636174650B
:104FA000207661726961626C652074656E736F72E0
:104FB000206F662073697A6520256400666C6174D1
:104FC000627566666572733A3A566563746F723CD1
:104FD000542C2053697A65543E3A3A72657475725E
:104FE0006E5F7479706520666C6174627566666563
:104FF00072733A3A566563746F723C542C2053694D
:105000007A65543E3A3A4765742853697A6554295B
:1050100020636F6E7374205B776974682054203D41
:1050200020666C6174627566666572733A3A4F66A3
:10503000667365743C74666C6974653A3A5375625C
:1050400047726170683E3B2053697A6554203D2069
:105050006C6F6E6720756E7369676E656420696E2C
:10506000743B2072657475726E5F74797065203D53
:1050700020636F6E73742074666C6974653A3A537A
:10508000756247726170682A5D004661696C65648B
:1050900020746F20616C6C6F63617465206D656D49
:1050A0006F727920666F72206E6F64655F616E64E7
:1050B0005F726567697374726174696F6E732E00D5
:1050C0004661696C656420746F20616C6C6F63610C
:1050D0007465206D656D6F727920666F72207065E2
:1050E0007273697374656E742054664C6974655488
:1050F000656E736F72004661696C656420746F2021
:10510000706F70756C617465206120706572736971
:105110007374656E742054664C69746554656E735F
:105120006F72207374727563742066726F6D20667F
:105130006C617462756666657220646174612100D9
:105140004661696C656420746F20616C6C6F63618B
:1051500074652074656D702E206D656D6F72792099
:10516000666F722074656E736F722025642C2073D5
:1051700075626772617068202564004661696C65BC
:105180006420746F20706F70756C6174652061208D
:1051900074656D702054664C69746554656E736FE8
:1051A00072207374727563742066726F6D20666C02
:1051B000617462756666657220646174612100467F
:1051C00061696C656420746F20616C6C6F636174DD
:1051D00065206D656D6F727920666F7220636F6EEA
:1051E000746578742D3E6576616C5F74656E736F5F
:1051F00072732C2025642062797465732072657146
:105200007569726564004661696C656420746F201D
:10521000696E697469616C697A652074656E736F13
:1052200072202564004E6272206F66206F66666C85
:10523000696E6520627566666572206F6666736565
:105240007473202825642920696E206D657461645B
:10525000617461206E6F7420657175616C206E627F
:10526000722074656E736F727320282564290A009A
:10527000666C6174627566666572733A3A56656308
:10528000746F723C542C2053697A65543E3A3A72DA
:10529000657475726E5F7479706520666C61746296
:1052A0007566666572733A3A566563746F723C54FC
:1052B0002C2053697A65543E3A3A476574285369FD
:1052C0007A65542920636F6E7374205B7769746804
:1052D0002054203D206C6F6E6720696E743B205314
:1052E000697A6554203D206C6F6E6720756E736916
:1052F000676E656420696E743B2072657475726EAA
:105300005F74797065203D206C6F6E6720696E74E4
:105310005D00666C6174627566666572733A3A56D2
:105320006563746F723C542C2053697A65543E3A1D
:105330003A72657475726E5F7479706520666C611F
:1053400074627566666572733A3A566563746F7215
:105350003C542C2053697A65543E3A3A4765742888
:1053600053697A65542920636F6E7374205B776983
:1053700074682054203D20666C61746275666665B1
:1053800072733A3A4F66667365743C74666C6974FE
:10539000653A3A4F70657261746F723E3B20536993
:1053A0007A6554203D206C6F6E6720756E73696757
:1053B0006E656420696E743B2072657475726E5FF1
:1053C00074797065203D20636F6E73742074666C11
:1053D0006974653A3A4F70657261746F722A5D0044
:1053E0004661696C656420746F20616C6C6F6361E9
:1053F0007465206D656D6F727920666F72206D65C2
:105400006D6F727920706C616E6E696E672C2025ED
:105410006420627974657320726571756972656460
:1054200000446F6573206E6F7420737570706F72B7
:105430007420696E7465726D656469617465207449
:10544000656E736F722077697468206E6F6E2D7A47
:1054500065726F2073697A653A20256400666C6115
:1054600074627566666572733A3A566563746F72F4
:105470003C542C2053697A65543E3A3A72657475EF
:10548000726E5F7479706520666C617462756666B1
:105490006572733A3A566563746F723C542C2053AC
:1054A000697A65543E3A3A4765742853697A655477
:1054B0002920636F6E7374205B77697468205420B1
:1054C0003D20666C6174627566666572733A3A4F28
:1054D00066667365743C74666C6974653A3A4F70BD
:1054E000657261746F72436F64653E3B2053697AE5
:1054F0006554203D206C6F6E6720756E7369676E12
:10550000656420696E743B2072657475726E5F7499
:10551000797065203D20636F6E73742074666C69CA
:1055200074653A3A4F70657261746F72436F646567
:105530002A5D00496E70757420696E646578202557
:1055400064206F7574206F662072616E6765202815
:105550006C656E67746820697320256429004F7537
:105560007470757420696E646578202564206F7589
:1055700074206F662072616E676520286C656E67A7
:10558000746820697320256429004D697373696EFE
:105590006720726567697374726174696F6E2066E3
:1055A0006F72206F70636F64655F696E64657820E9
:1055B00025640A004661696C656420746F20676524
:1055C0007420726567697374726174696F6E2066A6
:1055D000726F6D206F7020636F64652025730A20E1
:1055E00000536B697070696E67206F7020666F7210
:1055F000206F70636F64655F696E646578202564F1
:105600000A00556E737570706F7274656420626500
:10561000686176696F723A20666F756E6420627594
:10562000696C74696E206F70657261746F72202589
:1056300073207769746820637573746F6D206F7061
:1056400074696F6E732E0A00446964206E6F742053
:1056500066696E6420612070617273657220666F86
:1056600072202573004661696C65642073746172F1
:1056700074696E67206D6F64656C20616C6C6F631C
:105680006174696F6E2E0A004661696C65642074EE
:105690006F20616C6C6F63617465206D656D6F72F6
:1056A0007920666F7220636F6E746578742D3E6921
:1056B0006E7075745F74656E736F72735F2C2025E6
:1056C00064206279746573207265717569726564AE
:1056D000004661696C656420746F20696E69746945
:1056E000616C697A6520696E7075742074656E737B
:1056F0006F72202564004661696C656420746F20B8
:10570000616C6C6F63617465206D656D6F7279207B
:10571000666F7220636F6E746578742D3E6F75745A
:105720007075745F74656E736F72735F2C2025647F
:1057300020627974657320726571756972656400A1
:105740004661696C656420746F20696E6974696173
:105750006C697A65206F75747075742074656E73EA
:105760006F7220256400496E766F6B65282920636F
:10577000616C6C656420616674657220696E697421
:1057800069616C697A6174696F6E206661696C65C4
:10579000640A00415645524147455F504F4F4C5FA8
:1057A000324400434F4E434154454E4154494F4EBD
:1057B000004445505448574953455F434F4E565F48
:1057C00032440044455054485F544F5F5350414366
:1057D000450044455155414E54495A4500454D42B6
:1057E000454444494E475F4C4F4F4B55500046553A
:1057F0004C4C595F434F4E4E45435445440048413D
:1058000053485441424C455F4C4F4F4B5550004C10
:10581000325F4E4F524D414C495A4154494F4E0010
:105820004C325F504F4F4C5F3244004C4F43414C21
:105830005F524553504F4E53455F4E4F524D414C72
:10584000495A4154494F4E004C53485F50524F4AB9
:10585000454354494F4E004D41585F504F4F4C5FA8
:1058600032440052454C555F4E315F544F5F31001A
:1058700052454C553600524553495A455F42494CB2
:10588000494E4541520053504143455F544F5F4498
:1058900045505448005356444600434F4E434154EC
:1058A0005F454D42454444494E475300534B495090
:1058B0005F4752414D00435553544F4D00454D42B3
:1058C000454444494E475F4C4F4F4B55505F5350F2
:1058D0004152534500554E49444952454354494F5E
:1058E0004E414C5F53455155454E43455F524E4ED8
:1058F0000042415443485F544F5F53504143455F1A
:105900004E440053504143455F544F5F424154431E
:10591000485F4E44004D45414E005355420053519F
:105920005545455A4500554E494449524543544909
:105930004F4E414C5F53455155454E43455F4C5387
:10594000544D00535452494445445F534C494345D8
:10595000004249444952454354494F4E414C5F53DC
:10596000455155454E43455F524E4E0045585000F7
:10597000544F504B5F56320053504C4954004C4FDB
:10598000475F534F46544D41580044454C454741AD
:105990005445004249444952454354494F4E414CB5
:1059A0005F53455155454E43455F4C53544D005050
:1059B00052454C55004152475F4D4158004C4553AC
:1059C00053004E454700504144563200475245412E
:1059D00054455200475245415445525F4551554147
:1059E0004C004C4553535F455155414C0053494E73
:1059F000005452414E53504F53455F434F4E560053
:105A00005350415253455F544F5F44454E534500F8
:105A100054494C4500455850414E445F44494D530C
:105A2000004E4F545F455155414C00504F57004177
:105A300052475F4D494E0046414B455F5155414EDF
:105A400054005245445543455F50524F440052451F
:105A5000445543455F4D4158004C4F474943414CE5
:105A60005F4F52004F4E455F484F54004C4F4749DF
:105A700043414C5F414E44004C4F474943414C5FCA
:105A80004E4F5400554E5041434B005245445543F0
:105A9000455F4D494E00464C4F4F525F44495600BA
:105AA0005245445543455F414E590053515541526B
:105AB00045005A45524F535F4C494B450046494CAF
:105AC0004C00464C4F4F525F4D4F440052414E47A1
:105AD0004500524553495A455F4E4541524553543E
:105AE0005F4E45494748424F52004C45414B595F34
:105AF00052454C5500535155415245445F44494627
:105B0000464552454E4345004D4952524F525F5013
:105B100041440053504C49545F5600554E4951552D
:105B200045004345494C00524556455253455F5642
:105B300032004144445F4E004741544845525F4E55
:105B40004400434F530057484552450052414E4B85
:105B500000524556455253455F53455155454E43B6
:105B600045004D41545249585F44494147004D4119
:105B7000545249585F5345545F4449414700524F7E
:105B8000554E4400484152445F53574953480049D9
:105B900046004E4F4E5F4D41585F53555050524551
:105BA0005353494F4E5F5634004E4F4E5F4D415850
:105BB0005F5355505052455353494F4E5F56350031
:105BC000534341545445525F4E440053454C454362
:105BD000545F56320044454E5349465900424154A1
:105BE00043485F4D41544D554C00504C414345484E
:105BF0004F4C4445525F464F525F475245415445D2
:105C0000525F4F505F434F4445530043554D5355EA
:105C10004D0043414C4C5F4F4E43450042524F4173
:105C200044434153545F544F00524646543244005B
:105C3000434F4E565F334400494D41470052454162
:105C40004C00434F4D504C45585F41425300484132
:105C500053485441424C4500484153485441424CFA
:105C6000455F46494E4400484153485441424C45E3
:105C70005F494D504F525400484153485441424CA3
:105C8000455F53495A45005245445543455F414C91
:105C90004C00434F4E565F33445F5452414E535075
:105CA0004F5345005641525F48414E444C450052C7
:105CB0004541445F5641524941424C45004153538E
:105CC00049474E5F5641524941424C450042524F6E
:105CD0004144434153545F415247530052414E4463
:105CE0004F4D5F5354414E444152445F4E4F524DCD
:105CF000414C004255434B4554495A450052414E90
:105D0000444F4D5F554E49464F524D004D554C54F2
:105D1000494E4F4D49414C0047454C550052454C6A
:105D2000555F305F544F5F3100554E534F525445CD
:105D3000445F5345474D454E545F50524F440055C4
:105D40004E534F525445445F5345474D454E545F63
:105D50004D415800554E534F525445445F534547AB
:105D60004D454E545F53554D004154414E32005500
:105D70004E534F525445445F5345474D454E545F33
:105D80004D494E005349474E0042495443415354F4
:105D900000424954574953455F584F5200524947B2
:105DA00048545F534849465400535441424C454877
:105DB0004C4F5F4C4F474953544943005354414261
:105DC0004C45484C4F5F41444400535441424C457C
:105DD000484C4F5F44495649444500535441424C56
:105DE00045484C4F5F4D554C5449504C5900535405
:105DF00041424C45484C4F5F4D4158494D554D002F
:105E0000535441424C45484C4F5F524553484150D2
:105E10004500535441424C45484C4F5F434C414D23
:105E20005000535441424C45484C4F5F434F4E4302
:105E30004154454E41544500535441424C45484C11
:105E40004F5F42524F4144434153545F494E5F4478
:105E5000494D00535441424C45484C4F5F434F4ECF
:105E6000564F4C5554494F4E00535441424C4548AF
:105E70004C4F5F534C49434500535441424C4548B5
:105E80004C4F5F435553544F4D5F43414C4C00536F
:105E90005441424C45484C4F5F52454455434500A0
:105EA000535441424C45484C4F5F41425300535478
:105EB00041424C45484C4F5F414E4400535441428F
:105EC0004C45484C4F5F434F53494E450053544156
:105ED000424C45484C4F5F4558504F4E454E5449F3
:105EE000414C00535441424C45484C4F5F464C4F47
:105EF0004F5200535441424C45484C4F5F4C4F4722
:105F000000535441424C45484C4F5F4D494E494D1A
:105F1000554D00535441424C45484C4F5F4E454708
:105F200041544500535441424C45484C4F5F4F52F9
:105F300000535441424C45484C4F5F504F574552D7
:105F400000535441424C45484C4F5F52454D4149E6
:105F50004E44455200535441424C45484C4F5F52C9
:105F60005351525400535441424C45484C4F5F5397
:105F7000454C45435400535441424C45484C4F5FB7
:105F8000535542545241435400535441424C4548A6
:105F90004C4F5F54414E4800535441424C45484C8D
:105FA0004F5F5343415454455200535441424C4572
:105FB000484C4F5F434F4D5041524500535441426E
:105FC0004C45484C4F5F434F4E5645525400535436
:105FD00041424C45484C4F5F44594E414D49435F07
:105FE000534C49434500535441424C45484C4F5F44
:105FF00044594E414D49435F5550444154455F53C8
:106000004C49434500535441424C45484C4F5F5026
:10601000414400535441424C45484C4F5F494F5412
:106020004100535441424C45484C4F5F444F545FEC
:1060300047454E4552414C00535441424C45484C13
:106040004F5F5245445543455F57494E444F5700B3
:10605000535441424C45484C4F5F534F52540053A8
:106060005441424C45484C4F5F5748494C450053BA
:106070005441424C45484C4F5F47415448455200BB
:10608000535441424C45484C4F5F5452414E53503B
:106090004F53450044494C41544500535441424CF0
:1060A00045484C4F5F524E475F4249545F47454E0B
:1060B000455241544F5200535441424C45484C4F75
:1060C0005F434F4D504F5349544500535441424C48
:1060D00045484C4F5F53484946545F4C4546540031
:1060E000535441424C45484C4F5F43425254005335
:1060F0005441424C45484C4F5F43415345000D0AC3
:10610000002F686F6D652F63792F636F64652F7043
:10611000726F6772616D2F4C45445F544553542F25
:10612000447269766572732F74666C6974652D6D3F
:106130006963726F2F74656E736F72666C6F772F01
:106140006C6974652F6B65726E656C732F6B65720D
:106150006E656C5F7574696C2E6363006E6F5F694A
:106160006E74656765725F6F766572666C6F775F78
:1061700066726F6D5F7175616E74697A6174696F53
:106180006E00696E7075745F70726F647563745FB2
:106190007363616C65203E3D2030007363616C6504
:1061A0005F64696666202F206F75747075745F7305
:1061B00063616C65203C3D20302E30320066616C9E
:1061C000736500696E7075742D3E7175616E7469CA
:1061D0007A6174696F6E2E747970650061666669A4
:1061E0006E655F7175616E74697A6174696F6E0056
:1061F00066696C7465722D3E74797065203D3D2032
:106200006B54664C697465496E7438207C7C2066DA
:10621000696C7465722D3E74797065203D3D206B0C
:1062200054664C697465496E7434006E756D5F63B5
:1062300068616E6E656C73007175616E74697A6504
:10624000645F6D756C7469706C696572203E3D2089
:106250003000696E7433325F742074666C697465E3
:106260003A3A4D756C7469706C7942795175616E0A
:1062700074697A65644D756C7469706C69657228AF
:10628000696E7436345F742C20696E7433325F74B7
:106290002C20696E7429002F686F6D652F63792F2C
:1062A000636F64652F70726F6772616D2F4C454428
:1062B0005F544553542F447269766572732F746628
:1062C0006C6974652D6D6963726F2F74656E736F81
:1062D00072666C6F772F6C6974652F6B65726E6573
:1062E0006C732F696E7465726E616C2F636F6D6D68
:1062F0006F6E2E6363007368696674203E3D202DC7
:106300003331202626207368696674203C203800CB
:1063100078203E3D202D287374617469635F63614A
:1063200073743C696E7436345F743E283129203CA6
:106330003C203437292026262078203C20287374DE
:10634000617469635F636173743C696E7436345F52
:10635000743E283129203C3C2034372900546F6F8B
:10636000206D616E79206275666665727320286D96
:1063700061782069732025642900627566666572FC
:1063800020696E646578202564206973206F7574B8
:10639000736964652072616E6765203020746F20B8
:1063A0002564002563202869643D2564293A20730B
:1063B000697A653D25642C206F66667365743D259A
:1063C000642C2066697273745F757365643D25641F
:1063D000206C6173745F757365643D2564002534BA
:1063E000643A202573202825646B2900496E746562
:1063F000726E616C206572726F723A2065697468A2
:10640000657220627566666572206973206E6F74AE
:1064100020726573697A61626C65206F72205265C3
:1064200073657454656D70416C6C6F636174696FF2
:106430006E732829206973206E6F742063616C6C01
:106440006564206265666F726520526573697A655E
:1064500042756666657228292E004661696C65641E
:1064600020746F20726573697A652062756666654F
:10647000722E205265717565737465643A202575B6
:106480002C20617661696C61626C652025752C2019
:106490006D697373696E673A202575004661696C92
:1064A000656420746F20616C6C6F63617465207427
:1064B000656D70206D656D6F72792E2052657175F6
:1064C00065737465643A2025752C20617661696C6A
:1064D00061626C652025752C206D697373696E6728
:1064E0003A202575004E756D626572206F662061D9
:1064F0006C6C6F63617465642074656D7020627587
:1065000066666572733A2025642E20436865636B66
:1065100073756D2070617373696E67207374617435
:1065200075733A20256400416C6C2074656D702091
:1065300062756666657273206D757374206265207E
:106540006672656564206265666F72652063616C62
:106550006C696E6720526573657454656D70416C2B
:106560006C6F636174696F6E732829004661696C92
:10657000656420746F20616C6C6F63617465207456
:1065800061696C206D656D6F72792E205265717531
:1065900065737465643A2025752C20617661696C99
:1065A00061626C652025752C206D697373696E6757
:1065B0003A202575004E6F646520257320286E757E
:1065C0006D6265722025646629206661696C656468
:1065D00020746F20707265706172652077697468CD
:1065E000207374617475732025640041636365735F
:1065F00073696E67207375626772617068202564C5
:1066000020627574206F6E6C79202564207375622A
:1066100067726170687320666F756E64004E6F6498
:106620006520257320286E756D62657220256429AA
:10663000206661696C656420746F20696E766F6B8B
:10664000652077697468207374617475732025649C
:1066500000417474656D7074696E6720746F207387
:1066600065742065787465726E616C20636F6E74FA
:1066700065787420746F20257820627574206974A1
:106680002077617320257820616C726561647900E0
:106690004F70206275696C74696E5F636F6465200A
:1066A0006F7574206F662072616E67653A2025648D
:1066B0002E004469646E27742066696E64206F70D2
:1066C00020666F72206275696C74696E206F7063EA
:1066D0006F64652027257327004F70657261746FA2
:1066E00072207769746820435553544F4D2062756A
:1066F000696C74696E5F636F646520686173206E96
:106700006F20637573746F6D5F636F64652E0A002D
:106710002C2066756E6374696F6E3A200061737326
:10672000657274696F6E2022257322206661696C20
:1067300065643A2066696C6520222573222C206CE2
:10674000696E65202564257325730A00232D302B7F
:106750002000686C4C006566674546470030313262
:1067600033343536373839414243444546003031B9
:106770003233343536373839616263646566000018
:106780000000000000000000D510000837100008CD
:106790000710000805100008051000080E35020853
:1067A00022350208383502084A35020860350208E9
:1067B000723502088635020895350208A086010068
:1067C000400D0300801A060000350C0040420F0007
:1067D00080841E0000093D0000127A000024F400AD
:1067E00000366E010048E801006CDC020000000089
:1067F0000000000000000000000000000000000099
:106800000102030400000000000000000102030474
:1068100006070809010002000400060008000A003B
:106820000C001000200040008000000100800040AB
:1068300000480040000802420004024200000242F8
:106840008000800000020000000000000200000044
:106850000100000000000000000000000200000035
:106860000100000000000000000000000200000025
:1068700001000000000000000080AB825585FD870C
:10688000A58A498DEB8F89922495B9974A9AD59C10
:106890005A9FD8A150A4C0A628A988ABDFAD2EB0BE
:1068A00073B2AFB4E1B609B927BB3BBD44BF43C126
:1068B00037C320C5FEC6D1C899CA57CC09CEB1CFBF
:1068C0004DD1DFD266D4E3D555D7BDD81ADA6EDB09
:1068D000B7DCF7DD2DDF59E07CE197E2A8E3B0E417
:1068E000B0E5A8E698E77FE85FE937EA08EBD2EB86
:1068F00095EC51ED07EEB6EE5FEF01F09FF036F14B
:10690000C8F154F2DCF25EF3DCF355F4CAF43AF564
:10691000A6F50EF672F6D2F62FF788F7DEF730F806
:106920007FF8CBF815F95BF99FF9E0F91EFA5AFAEE
:1069300094FACCFA01FB34FB65FB95FBC2FBEEFB42
:1069400018FC40FC66FC8CFCAFFCD1FCF2FC12FD98
:1069500030FD4DFD69FD84FD9EFDB6FDCEFDE5FDDE
:10696000FBFD0FFE24FE37FE49FE5BFE6CFE7DFE46
:106970008CFE9BFEAAFEB8FEC5FED2FEDEFEEAFE3F
:10698000F5FE00FF0BFF15FF1EFF27FF30FF39FF4D
:1069900041FF48FF50FF57FF5EFF65FF6BFF71FF30
:1069A00077FF7CFF82FF87FF8CFF91FF95FF99FFA8
:1069B0009EFFA2FFA5FFA9FFADFFB0FFB3FFB6FF8B
:1069C000B9FFBCFFBFFFC2FFC4FFC7FFC9FFCBFFBA
:1069D000CDFFD0FFD1FFD3FFD5FFD7FFD9FFDAFF1F
:1069E000DCFFDDFFDFFFE0FFE1FFE3FFE4FFE5FFAA
:1069F000E6FFE7FFE8FFE9FFEAFFEBFFECFFEDFF53
:106A0000EDFFEEFFEFFFF0FFF0FFF1FFF2FFF2FF0F
:106A1000F3FFF3FFF4FFF4FFF5FFF5FFF6FFF6FFDA
:106A2000F6FFF7FFF7FFF8FFF8FFF8FFF9FFF9FFB0
:106A3000F9FFF9FFFAFFFAFFFAFFFAFFFBFFFBFF8E
:106A4000FBFFFBFFFBFFFCFFFCFFFCFFFCFFFCFF71
:106A5000FCFFFDFFFDFFFDFFFDFFFDFFFDFFFDFF57
:106A6000FDFFFEFFFEFFFEFFFEFFFEFFFEFFFEFF3F
:106A7000FEFFFEFFFEFFFFFF000000000000000021
:106A80000000000001000000000000000000000005
:106A900000000000000000000100000000000000F5
:106AA0009B4A0208A24A0208F24A0208AA4A0208BD
:106AB000DA4A0208B04A0208B74A0208F94A02084C
:106AC000BC4A0208AB4A0208054B0208C64A020843
:106AD000CE4A0208D94A0208E04A0208E94A0208F6
:106AE000F14A0208F84A0208FF4A0208044B020869
:106AF000000000000000000019C0000891C000085C
:106B00005BB900082DB9000835B900083DB9000887
:106B100045B9000823B9000821B9000821B90008C7
:106B2000C1BF000821C3000825BF00084DB90008F7
:106B3000CFC2000815C100089FB90008000000007E
:106B40000000000017B900081FB9000859B9000873
:106B500059B90008000000004F66666C696E654D0B
:106B6000656D6F7279416C6C6F636174696F6E00F3
:106B7000C65D020893570208A3570208BB570208D4
:106B8000B1570208C3570208D2570208DD5702085E
:106B9000ED5E0208EE570208FE5702080F58020881
:106BA000205802082B580208B35D02084858020812
:106BB000AA59020857580208E65B0208B0590208B1
:106BC00063580208705802080A5E020876580208E4
:106BD0006859020882590208865802089558020826
:106BE000935F02089A580208AC5802088A5E0208AD
:106BF000B6580208BD5802080F600208D5580208AE
:106C000079600208F1580208035902089A5C0208E8
:106C1000155902081A5902089C5A02081E590208FE
:106C20002659020843590208515902086C590208B2
:106C300070590208785902087E5902088A590208D8
:106C4000935902088C5D0208AF590208F85D0208EA
:106C5000B55902080B5F0208BD590208C259020863
:106C6000C6590208CC590208D4590208E259020850
:106C70006F5F0208E05F0208ED590208F15902084F
:106C8000005A0208105A0208155A0208DC59020874
:106C9000215A0208FD5E02080E5C0208605F0208CD
:106CA0005F5F02080C5E02082B5A02082F5A020886
:106CB000375A0208425A02084E5A0208865A0208F7
:106CC000595A0208645A02086C5A0208785A020893
:106CD000845A02088B5A0208965A0208A05A0208DF
:106CE000AB5A0208B25A0208BD5A0208C25A020838
:106CF000CC5A0208D25A0208EA5A0208F55A020887
:106D0000085B0208AA5E0208135B02081B5B02080C
:106D1000225B0208275B0208325B0208385B02082C
:106D2000425B0208465B02084C5B0208195D0208E0
:106D3000515B0208625B0208D45702086E5B0208CE
:106D40007E5B0208845B02088F5B020869600208B0
:106D5000925B0208A95B0208C05B0208CB5B0208D9
:106D6000D55B02085D5D0208DD5B0208EA5B020894
:106D70000B5C0208125C02081C5C0208295C020819
:106D8000305C0208385C02083D5C0208425C020884
:106D90004E5C0208585C0208675C0208785C0208D6
:106DA000875C0208925C0208A45C0208AF5C0208DF
:106DB000BD5C0208CD5C0208DC5C0208F35C0208E2
:106DC000FD5C02080C5D0208185D0208F05F020815
:106DD0001D5D0208295D02083F5D0208545D02083E
:106DE000695D02086F5D0208845D0208895D020822
:106DF000915D02089D5D0208A95D0208BC5D020864
:106E0000CA5D0208DB5D0208EE5D0208005E020852
:106E1000125E0208225E0208385E0208535E020813
:106E2000695E0208795E02088F5E0208A05E0208B1
:106E3000AE5E0208BC5E0208CD5E0208E35E020898
:106E4000F35E0208015F0208135F0208245F020874
:106E5000315F0208415F0208555F0208655F020862
:106E6000765F0208895F0208985F0208AA5F02083D
:106E7000BC5F0208CE5F0208E65F020805600208F8
:106E8000136002082260020838600208506002089D
:106E90005F6002086F600208806002089460020868
:106EA0009B60020842600208B7600208CB600208DB
:106EB000E0600208EF60020800000000000000002F
:106EC00000000000B7DC0008B7DC0008C9DC0008DF
:106ED000A9DC0008B9DC0008C1DC0008FDDC000802
:106EE000ADDC0008B3DC0008B1DC000800000000E5
:106EF000000000009BDD00089BDD0008BDDD0008F0
:106F00009DDD000803E00008B9DD000875E1000818
:106F100067DD00083DDD00083DE0000800000000DE
:106F200000000000A9E10008A9E100089DE20008B6
:106F3000BDE10008D9E20008FDE20008EFE1000829
:106F400045E20008ABE10008CBE100081FE20008C1
:106F5000CFE1000859E3000821E30008DFE1000861
:106F6000FCFFFFFF0000000073E3000877E3000868
:106F700051E30008E7E10008000000000000000005
:106F80001DE400081DE40008F5E5000849E80008D4
:106F9000E9E7000863E8000819E80008D5E50008FB
:106FA00019E400081FE4000855E5000885E400081E
:106FB000DDE40008E1E60008000000000000000039
:106FC00087E8000887E80008CBE8000827E9000800
:106FD000E3E8000889E80008A5E80008F7E80008E9
:106FE0000FE90008ADE8000845E900087FE800085F
:106FF00083E80008C1E80008C7E8000800000000B6
:107000000000000051EA000851EA000853EA0008B5
:10701000000000000000803FC70F493BB1FF7F3FE9
:10702000890FC93BC4FE7F3F59CB163C39FD7F3FDA
:10703000900E493C11FB7F3F4B517B3C4AF87F3F10
:10704000B6C9963CE6F47F3F69EAAF3CE3F07F3F88
:10705000B00AC93C43EC7F3F7B2AE23C05E77F3F17
:10706000B949FB3C29E17F3F2F340A3DAFDA7F3F2E
:107070002CC3163D98D37F3FCC51233DE2CB7F3FBD
:1070800007E02F3D8FC37F3FD56D3C3D9EBA7F3FCC
:107090002FFB483D0FB17F3F0E88553DE3A67F3F54
:1070A0006814623D189C7F3F38A06E3DB1907F3FD1
:1070B000742B7B3DAB847F3F0ADB833D08787F3FA9
:1070C0000A208A3DC76A7F3FB464903DE95C7F3FF8
:1070D00005A9963D6D4E7F3FF9EC9C3D543F7F3FA7
:1070E0008C30A33D9D2F7F3FBA73A93D491F7F3F41
:1070F00080B6AF3D580E7F3FDAF8B53DC9FC7E3F04
:10710000C33ABC3D9DEA7E3F397CC23DD4D77E3F29
:1071100036BDC83D6DC47E3FB7FDCE3D69B07E3FF4
:10712000B93DD53DC99B7E3F377DDB3D8B867E3F9C
:107130002EBCE13DB0707E3F9AFAE73D385A7E3F63
:107140007638EE3D23437E3FC075F43D722B7E3F83
:1071500073B2FA3D24137E3F4577003E38FA7D3FF7
:107160000295033EB1E07D3F6EB2063E8CC67D3F88
:1071700086CF093ECCAB7D3F4AEC0C3E6E907D3F06
:10718000B708103E74747D3FCA24133EDE577D3F1E
:107190008340163EAC3A7D3FE05B193EDD1C7D3FEF
:1071A000DE761C3E73FE7C3F7B911F3E6CDF7C3F96
:1071B000B6AB223EC9BF7C3F8CC5253E8A9F7C3F33
:1071C000FCDE283EB07E7C3F04F82B3E3A5D7C3FDF
:1071D000A2102F3E283B7C3FD428323E7A187C3FB9
:1071E0009840353E31F57B3FEC57383E4DD17B3FE3
:1071F000CF6E3B3ECDAC7B3F3E853E3EB2877B3F74
:10720000379B413EFC617B3FB9B0443EAB3B7B3F8B
:10721000C2C5473EBE147B3F4FDA4A3E37ED7A3F48
:1072200060EE4D3E16C57A3FF101513E599C7A3FC2
:107230000115543E02737A3F8F27573E10497A3F1B
:1072400097395A3E841E7A3F1A4B5D3E5EF3793F72
:10725000135C603E9DC7793F836C633E439B793FDF
:10726000667C663E4E6E793FBA8B693EC040793F80
:107270007F9A6C3E9812793FB2A86F3ED6E3783F72
:1072800051B6723E7BB4783F5AC3753E8684783FD0
:10729000CCCF783EF853783FA4DB7B3ED122783FB9
:1072A000E1E67E3E10F1773FC0F8803EB7BE773F03
:1072B000C07D823EC58B773F7002843E3A58773F4F
:1072C000CE86853E1724773FDA0A873E5BEF763F0E
:1072D000938E883E07BA763FF8118A3E1B84763F2C
:1072E00007958B3E974D763FC0178D3E7A16763FB9
:1072F000229A8E3EC6DE753F2C1C903E7BA6753FC3
:10730000DD9D913E976D753F351F933E1D34753F52
:1073100031A0943E0BFA743FD220963E62BF743F78
:1073200017A1973E2284743FFE20993E4B48743F3C
:1073300086A09A3EDD0B743FAF1F9C3ED9CE733FB3
:10734000789E9D3E3F91733FDF1C9F3E0E53733FDF
:10735000E59AA03E4714733F8718A23EEBD4723FD4
:10736000C595A33EF894723F9F12A53E7054723F9C
:10737000128FA63E5213723F1F0BA83E9FD1713F42
:10738000C486A93E578F713F0102AB3E7A4C713FD4
:10739000D47CAC3E0809713F3CF7AD3E02C5703F5E
:1073A0003A71AF3E6680703FCBEAB03E373B703FEC
:1073B000EF63B23E73F56F3FA5DCB33E1BAF6F3F8B
:1073C000EC54B53E30686F3FC3CCB63EB0206F3F43
:1073D0002A44B83E9ED86E3F1EBBB93EF88F6E3F22
:1073E000A031BB3EBE466E3FAFA7BC3EF2FC6D3F38
:1073F0004A1DBE3E93B26D3F6F92BF3EA1676D3F87
:107400001E07C13E1D1C6D3F557BC23E07D06C3F21
:1074100015EFC33E5E836C3F5C62C53E24366C3F15
:1074200029D5C63E58E86B3F7C47C83EFB996B3F69
:1074300053B9C93E0C4B6B3FAE2ACB3E8CFB6A3F27
:107440008B9BCC3E7BAB6A3FEA0BCE3ED95A6A3F60
:10745000CA7BCF3EA7096A3F2AEBD03EE4B7693F1B
:10746000095AD23E9165693F67C8D33EAE12693F63
:107470004136D53E3CBF683F99A3D63E396B683F45
:107480006B10D83EA816683FB97CD93E87C1673FCC
:1074900080E8DA3ED86B673FC153DC3E9915673F01
:1074A00079BEDD3ECCBE663FA928DF3E7167663FF0
:1074B0004F92E03E880F663F6AFBE13E10B7653FA2
:1074C000FA63E33E0B5E653FFECBE43E7904653F25
:1074D0007533E63E59AA643F5D9AE73EAC4F643F80
:1074E000B700E93E73F4633F8166EA3EAC98633FC0
:1074F000BBCBEB3E5A3C633F6330ED3E7BDF623FEC
:107500007994EE3E1082623FFBF7EF3E1A24623F11
:10751000EA5AF13E98C5613F43BDF23E8A66613F3B
:10752000071FF43EF206613F3580F53ECFA6603F6F
:10753000CBE0F63E2146603FC840F83EE9E45F3FBD
:107540002DA0F93E27835F3FF7FEFA3EDB205F3F29
:10755000275DFC3E05BE5E3FBBBAFD3EA65A5E3FC0
:10756000B217FF3EBEF65D3F063A003F4D925D3FCB
:10757000E4E7003F532D5D3F7395013FD1C75C3F6A
:10758000B142023FC7615C3F9FEF023F34FB5B3F6C
:107590003D9C033F1A945B3F8948043F792C5B3F35
:1075A00084F4043F50C45A3F2CA0053FA05B5A3FCF
:1075B000824B063F6AF2593F86F6063FAD88593F37
:1075C00036A1073F6A1E593F924B083FA1B3583F6F
:1075D0009BF5083F5348583F4E9F093F7FDC573F7C
:1075E000AD480A3F2670573FB7F10A3F4803573F5F
:1075F0006B9A0B3FE595563FC9420C3FFE27563F1D
:10760000D0EA0C3F93B9553F81920D3FA44A553FB4
:10761000DA390E3F31DB543FDBE00E3F3B6B543F2A
:1076200084870F3FC3FA533FD52D103FC789533F7F
:10763000CDD3103F4918533F6B79113F49A6523FB4
:10764000B01E123FC633523F9AC3123FC2C0513FD1
:107650002A68133F3D4D513F5F0C143F37D9503FCF
:1076600039B0143FAF64503FB753153FA8EF4F3FB9
:10767000D9F6153F1F7A4F3F9F99163F17044F3F8A
:10768000073C173F908D4E3F12DE173F89164E3F45
:10769000C07F183F029F4D3F0F21193FFD264D3FF0
:1076A00000C2193F79AE4C3F93621A3F78354C3F88
:1076B000C6021B3FF8BB4B3F99A21B3FFA414B3F11
:1076C0000C421C3F7FC74A3F1FE11C3F874C4A3F8B
:1076D000D17F1D3F12D1493F221E1E3F2155493FF8
:1076E00012BC1E3FB3D8483F9F591F3FCA5B483F5B
:1076F000CBF61F3F65DE473F9393203F8560473FB2
:10770000F92F213F2AE2463FFBCB213F5463463FFE
:107710009967223F03E4453FD302233F3964453F45
:10772000A99D233FF5E3443F1A38243F3763443F84
:1077300025D2243F00E2433FCB6B253F5160433FBE
:107740000A05263F29DE423FE39D263F895B423FF3
:107750005636273F70D8413F61CE273FE154413F25
:107760000566283FDAD0403F41FD283F5C4C403F52
:107770001594293F67C73F3F802A2A3FFC413F3F7E
:1077800082C02A3F1BBC3E3F1B562B3FC5353E3FA8
:107790004AEB2B3FF9AE3D3F0F802C3FB8273D3FD2
:1077A00069142D3F03A03C3F59A82D3FD9173C3FFA
:1077B000DE3B2E3F3B8F3B3FF7CE2E3F29063B3F24
:1077C000A5612F3FA47C3A3FE6F32F3FACF2393F4F
:1077D000BB85303F4268393F2217313F65DD383F76
:1077E0001DA8313F1652383FAA38323F55C6373FA1
:1077F000C9C8323F233A373F7A58333F7FAD363FCF
:10780000BCE7333F6C20363F8F76343FE792353FFD
:10781000F304353FF304353FE792353F8F76343F2D
:107820006C20363FBCE7333F7FAD363F7A58333F5D
:10783000233A373FC9C8323F55C6373FAA38323F8F
:107840001652383F1DA8313F65DD383F2217313FC2
:107850004268393FBB85303FACF2393FE6F32F3FFA
:10786000A47C3A3FA5612F3F29063B3FF7CE2E3F30
:107870003B8F3B3FDE3B2E3FD9173C3F59A82D3F66
:1078800003A03C3F69142D3FB8273D3F0F802C3F9C
:10789000F9AE3D3F4AEB2B3FC5353E3F1B562B3FD4
:1078A0001BBC3E3F82C02A3FFC413F3F802A2A3F0B
:1078B00067C73F3F1594293F5C4C403F41FD283F3F
:1078C000DAD0403F0566283FE154413F61CE273F73
:1078D00070D8413F5636273F895B423FE39D263FA4
:1078E00029DE423F0A05263F5160433FCB6B253FCF
:1078F00000E2433F25D2243F3763443F1A38243FF8
:10790000F5E3443FA99D233F3964453FD302233F1C
:1079100003E4453F9967223F5463463FFBCB213F39
:107920002AE2463FF92F213F8560473F9393203F4E
:1079300065DE473FCBF61F3FCA5B483F9F591F3F5D
:10794000B3D8483F12BC1E3F2155493F221E1E3F5F
:1079500012D1493FD17F1D3F874C4A3F1FE11C3F59
:107960007FC74A3F0C421C3FFA414B3F99A21B3F45
:10797000F8BB4B3FC6021B3F78354C3F93621A3F22
:1079800079AE4C3F00C2193FFD264D3F0F21193FF4
:10799000029F4D3FC07F183F89164E3F12DE173FB2
:1079A000908D4E3F073C173F17044F3F9F99163F5E
:1079B0001F7A4F3FD9F6153FA8EF4F3FB753153FFA
:1079C000AF64503F39B0143F37D9503F5F0C143F7C
:1079D0003D4D513F2A68133FC2C0513F9AC3123FE9
:1079E000C633523FB01E123F49A6523F6B79113F3A
:1079F0004918533FCDD3103FC789533FD52D103F72
:107A0000C3FA533F84870F3F3B6B543FDBE00E3F8D
:107A100031DB543FDA390E3FA44A553F81920D3F86
:107A200093B9553FD0EA0C3FFE27563FC9420C3F61
:107A3000E595563F6B9A0B3F4803573FB7F10A3F16
:107A40002670573FAD480A3F7FDC573F4E9F093FA6
:107A50005348583F9BF5083FA1B3583F924B083F0E
:107A60006A1E593F36A1073FAD88593F86F6063F4B
:107A70006AF2593F824B063FA05B5A3F2CA0053F5C
:107A800050C45A3F84F4043F792C5B3F8948043F3B
:107A90001A945B3F3D9C033F34FB5B3F9FEF023FEB
:107AA000C7615C3FB142023FD1C75C3F7395013F64
:107AB000532D5D3FE4E7003F4D925D3F063A003FA6
:107AC000BEF65D3FB217FF3EA65A5E3FBBBAFD3E13
:107AD00005BE5E3F275DFC3EDB205F3FF7FEFA3EC2
:107AE00027835F3F2DA0F93EE9E45F3FC840F83EA1
:107AF0002146603FCBE0F63ECFA6603F3580F53EA5
:107B0000F206613F071FF43E8A66613F43BDF23EC5
:107B100098C5613FEA5AF13E1A24623FFBF7EF3EF7
:107B20001082623F7994EE3E7BDF623F6330ED3E30
:107B30005A3C633FBBCBEB3EAC98633F8166EA3E69
:107B400073F4633FB700E93EAC4F643F5D9AE73E94
:107B500059AA643F7533E63E7904653FFECBE43EA7
:107B60000B5E653FFA63E33E10B7653F6AFBE13E9B
:107B7000880F663F4F92E03E7167663FA928DF3E5F
:107B8000CCBE663F79BEDD3E9915673FC153DC3EF2
:107B9000D86B673F80E8DA3E87C1673FB97CD93E42
:107BA000A816683F6B10D83E396B683F99A3D63E44
:107BB0003CBF683F4136D53EAE12693F67C8D33EF1
:107BC0009165693F095AD23EE4B7693F2AEBD03E3E
:107BD000A7096A3FCA7BCF3ED95A6A3FEA0BCE3E1D
:107BE0007BAB6A3F8B9BCC3E8CFB6A3FAE2ACB3E85
:107BF0000C4B6B3F53B9C93EFB996B3F7C47C83E6A
:107C000058E86B3F29D5C63E24366C3F5C62C53EC2
:107C10005E836C3F15EFC33E07D06C3F557BC23E81
:107C20001D1C6D3F1E07C13EA1676D3F6F92BF3E99
:107C300093B26D3F4A1DBE3EF2FC6D3FAFA7BC3E06
:107C4000BE466E3FA031BB3EF88F6E3F1EBBB93EB5
:107C50009ED86E3F2A44B83EB0206F3FC3CCB63E9C
:107C600030686F3FEC54B53E1BAF6F3FA5DCB33EB1
:107C700073F56F3FEF63B23E373B703FCBEAB03EE8
:107C80006680703F3A71AF3E02C5703F3CF7AD3E33
:107C90000809713FD47CAC3E7A4C713F0102AB3E87
:107CA000578F713FC486A93E9FD1713F1F0BA83EDD
:107CB0005213723F128FA63E7054723F9F12A53E20
:107CC000F894723FC595A33EEBD4723F8718A23E4D
:107CD0004714733FE59AA03E0E53733FDF1C9F3E4F
:107CE0003F91733F789E9D3ED9CE733FAF1F9C3E20
:107CF000DD0B743F86A09A3E4B48743FFE20993EB0
:107D00002284743F17A1973E62BF743FD220963EF3
:107D10000BFA743F31A0943E1D34753F351F933EDE
:107D2000976D753FDD9D913E7BA6753F2C1C903E67
:107D3000C6DE753F229A8E3E7A16763FC0178D3E7C
:107D4000974D763F07958B3E1B84763FF8118A3E10
:107D500007BA763F938E883E5BEF763FDA0A873E1E
:107D60001724773FCE86853E3A58773F7002843E8F
:107D7000C58B773FC07D823EB7BE773FC0F8803E5F
:107D800010F1773FE1E67E3ED122783FA4DB7B3ED7
:107D9000F853783FCCCF783E8684783F5AC3753EFF
:107DA0007BB4783F51B6723ED6E3783FB2A86F3EBF
:107DB0009812793F7F9A6C3EC040793FBA8B693EFA
:107DC0004E6E793F667C663E439B793F836C633E93
:107DD0009DC7793F135C603E5EF3793F1A4B5D3E71
:107DE000841E7A3F97395A3E10497A3F8F27573E73
:107DF00002737A3F0115543E599C7A3FF101513E7E
:107E000016C57A3F60EE4D3E37ED7A3F4FDA4A3E77
:107E1000BE147B3FC2C5473EAB3B7B3FB9B0443E3F
:107E2000FC617B3F379B413EB2877B3F3E853E3EB8
:107E3000CDAC7B3FCF6E3B3E4DD17B3FEC57383EC8
:107E400031F57B3F9840353E7A187C3FD428323E4E
:107E5000283B7C3FA2102F3E3A5D7C3F04F82B3E2E
:107E6000B07E7C3FFCDE283E8A9F7C3F8CC5253E51
:107E7000C9BF7C3FB6AB223E6CDF7C3F7B911F3E8F
:107E800073FE7C3FDE761C3EDD1C7D3FE05B193ED1
:107E9000AC3A7D3F8340163EDE577D3FCA24133EF9
:107EA00074747D3FB708103E6E907D3F4AEC0C3EE7
:107EB000CCAB7D3F86CF093E8CC67D3F6EB2063E81
:107EC000B1E07D3F0295033E38FA7D3F4577003EA5
:107ED00024137E3F73B2FA3D722B7E3FC075F43D92
:107EE00023437E3F7638EE3D385A7E3F9AFAE73D8F
:107EF000B0707E3F2EBCE13D8B867E3F377DDB3D03
:107F0000C99B7E3FB93DD53D69B07E3FB7FDCE3DB3
:107F10006DC47E3F36BDC83DD4D77E3F397CC23D5F
:107F20009DEA7E3FC33ABC3DC9FC7E3FDAF8B53DD1
:107F3000580E7F3F80B6AF3D491F7F3FBA73A93DC2
:107F40009D2F7F3F8C30A33D543F7F3FF9EC9C3DFC
:107F50006D4E7F3F05A9963DE95C7F3FB464903D3F
:107F6000C76A7F3F0A208A3D08787F3F0ADB833D4E
:107F7000AB847F3F742B7B3DB1907F3F38A06E3D3B
:107F8000189C7F3F6814623DE3A67F3F0E88553DF5
:107F90000FB17F3F2FFB483D9EBA7F3FD56D3C3DE3
:107FA0008FC37F3F07E02F3DE2CB7F3FCC51233D86
:107FB00098D37F3F2CC3163DAFDA7F3F2F340A3D65
:107FC00029E17F3FB949FB3C05E77F3F7B2AE23C43
:107FD00043EC7F3FB00AC93CE3F07F3F69EAAF3C26
:107FE000E6F47F3FB6C9963C4AF87F3F4B517B3C55
:107FF00011FB7F3F900E493C39FD7F3F59CB163C2A
:10800000C4FE7F3F890FC93BB1FF7F3FC70F493B8C
:108010000000803F00000000B1FF7F3FC70F49BB59
:10802000C4FE7F3F890FC9BB39FD7F3F59CB16BCCA
:1080300011FB7F3F900E49BC4AF87F3F4B517BBC00
:10804000E6F47F3FB6C996BCE3F07F3F69EAAFBC78
:1080500043EC7F3FB00AC9BC05E77F3F7B2AE2BC07
:1080600029E17F3FB949FBBCAFDA7F3F2F340ABD1E
:1080700098D37F3F2CC316BDE2CB7F3FCC5123BDAD
:108080008FC37F3F07E02FBD9EBA7F3FD56D3CBDBC
:108090000FB17F3F2FFB48BDE3A67F3F0E8855BD44
:1080A000189C7F3F681462BDB1907F3F38A06EBDC1
:1080B000AB847F3F742B7BBD08787F3F0ADB83BD99
:1080C000C76A7F3F0A208ABDE95C7F3FB46490BDE8
:1080D0006D4E7F3F05A996BD543F7F3FF9EC9CBD97
:1080E0009D2F7F3F8C30A3BD491F7F3FBA73A9BD31
:1080F000580E7F3F80B6AFBDC9FC7E3FDAF8B5BDF4
:108100009DEA7E3FC33ABCBDD4D77E3F397CC2BD19
:108110006DC47E3F36BDC8BD69B07E3FB7FDCEBDE4
:10812000C99B7E3FB93DD5BD8B867E3F377DDBBD8C
:10813000B0707E3F2EBCE1BD385A7E3F9AFAE7BD53
:1081400023437E3F7638EEBD722B7E3FC075F4BD73
:1081500024137E3F73B2FABD38FA7D3F457700BEE7
:10816000B1E07D3F029503BE8CC67D3F6EB206BE78
:10817000CCAB7D3F86CF09BE6E907D3F4AEC0CBEF6
:1081800074747D3FB70810BEDE577D3FCA2413BE0E
:10819000AC3A7D3F834016BEDD1C7D3FE05B19BEDF
:1081A00073FE7C3FDE761CBE6CDF7C3F7B911FBE86
:1081B000C9BF7C3FB6AB22BE8A9F7C3F8CC525BE23
:1081C000B07E7C3FFCDE28BE3A5D7C3F04F82BBECF
:1081D000283B7C3FA2102FBE7A187C3FD42832BEA9
:1081E00031F57B3F984035BE4DD17B3FEC5738BED3
:1081F000CDAC7B3FCF6E3BBEB2877B3F3E853EBE64
:10820000FC617B3F379B41BEAB3B7B3FB9B044BE7B
:10821000BE147B3FC2C547BE37ED7A3F4FDA4ABE38
:1082200016C57A3F60EE4DBE599C7A3FF10151BEB2
:1082300002737A3F011554BE10497A3F8F2757BE0B
:10824000841E7A3F97395ABE5EF3793F1A4B5DBE62
:108250009DC7793F135C60BE439B793F836C63BECF
:108260004E6E793F667C66BEC040793FBA8B69BE70
:108270009812793F7F9A6CBED6E3783FB2A86FBE62
:108280007BB4783F51B672BE8684783F5AC375BEC0
:10829000F853783FCCCF78BED122783FA4DB7BBEA9
:1082A00010F1773FE1E67EBEB7BE773FC0F880BEF3
:1082B000C58B773FC07D82BE3A58773F700284BE3F
:1082C0001724773FCE8685BE5BEF763FDA0A87BEFE
:1082D00007BA763F938E88BE1B84763FF8118ABE1C
:1082E000974D763F07958BBE7A16763FC0178DBEA9
:1082F000C6DE753F229A8EBE7BA6753F2C1C90BEB3
:10830000976D753FDD9D91BE1D34753F351F93BE42
:108310000BFA743F31A094BE62BF743FD22096BE68
:108320002284743F17A197BE4B48743FFE2099BE2C
:10833000DD0B743F86A09ABED9CE733FAF1F9CBEA3
:108340003F91733F789E9DBE0E53733FDF1C9FBECF
:108350004714733FE59AA0BEEBD4723F8718A2BEC4
:10836000F894723FC595A3BE7054723F9F12A5BE8C
:108370005213723F128FA6BE9FD1713F1F0BA8BE32
:10838000578F713FC486A9BE7A4C713F0102ABBEC4
:108390000809713FD47CACBE02C5703F3CF7ADBE4E
:1083A0006680703F3A71AFBE373B703FCBEAB0BEDC
:1083B00073F56F3FEF63B2BE1BAF6F3FA5DCB3BE7B
:1083C00030686F3FEC54B5BEB0206F3FC3CCB6BE33
:1083D0009ED86E3F2A44B8BEF88F6E3F1EBBB9BE12
:1083E000BE466E3FA031BBBEF2FC6D3FAFA7BCBE28
:1083F00093B26D3F4A1DBEBEA1676D3F6F92BFBE77
:108400001D1C6D3F1E07C1BE07D06C3F557BC2BE11
:108410005E836C3F15EFC3BE24366C3F5C62C5BE05
:1084200058E86B3F29D5C6BEFB996B3F7C47C8BE59
:108430000C4B6B3F53B9C9BE8CFB6A3FAE2ACBBE17
:108440007BAB6A3F8B9BCCBED95A6A3FEA0BCEBE50
:10845000A7096A3FCA7BCFBEE4B7693F2AEBD0BE0B
:108460009165693F095AD2BEAE12693F67C8D3BE53
:108470003CBF683F4136D5BE396B683F99A3D6BE35
:10848000A816683F6B10D8BE87C1673FB97CD9BEBC
:10849000D86B673F80E8DABE9915673FC153DCBEF1
:1084A000CCBE663F79BEDDBE7167663FA928DFBEE0
:1084B000880F663F4F92E0BE10B7653F6AFBE1BE92
:1084C0000B5E653FFA63E3BE7904653FFECBE4BE15
:1084D00059AA643F7533E6BEAC4F643F5D9AE7BE70
:1084E00073F4633FB700E9BEAC98633F8166EABEB0
:1084F0005A3C633FBBCBEBBE7BDF623F6330EDBEDC
:108500001082623F7994EEBE1A24623FFBF7EFBE01
:1085100098C5613FEA5AF1BE8A66613F43BDF2BE2B
:10852000F206613F071FF4BECFA6603F3580F5BE5F
:108530002146603FCBE0F6BEE9E45F3FC840F8BEAD
:1085400027835F3F2DA0F9BEDB205F3FF7FEFABE19
:1085500005BE5E3F275DFCBEA65A5E3FBBBAFDBEB0
:10856000BEF65D3FB217FFBE4D925D3F063A00BFBB
:10857000532D5D3FE4E700BFD1C75C3F739501BF5A
:10858000C7615C3FB14202BF34FB5B3F9FEF02BF5C
:108590001A945B3F3D9C03BF792C5B3F894804BF25
:1085A00050C45A3F84F404BFA05B5A3F2CA005BFBF
:1085B0006AF2593F824B06BFAD88593F86F606BF27
:1085C0006A1E593F36A107BFA1B3583F924B08BF5F
:1085D0005348583F9BF508BF7FDC573F4E9F09BF6C
:1085E0002670573FAD480ABF4803573FB7F10ABF4F
:1085F000E595563F6B9A0BBFFE27563FC9420CBF0D
:1086000093B9553FD0EA0CBFA44A553F81920DBFA4
:1086100031DB543FDA390EBF3B6B543FDBE00EBF1A
:10862000C3FA533F84870FBFC789533FD52D10BF6F
:108630004918533FCDD310BF49A6523F6B7911BFA4
:10864000C633523FB01E12BFC2C0513F9AC312BFC1
:108650003D4D513F2A6813BF37D9503F5F0C14BFBF
:10866000AF64503F39B014BFA8EF4F3FB75315BFA9
:108670001F7A4F3FD9F615BF17044F3F9F9916BF7A
:10868000908D4E3F073C17BF89164E3F12DE17BF35
:10869000029F4D3FC07F18BFFD264D3F0F2119BFE0
:1086A00079AE4C3F00C219BF78354C3F93621ABF78
:1086B000F8BB4B3FC6021BBFFA414B3F99A21BBF01
:1086C0007FC74A3F0C421CBF874C4A3F1FE11CBF7B
:1086D00012D1493FD17F1DBF2155493F221E1EBFE8
:1086E000B3D8483F12BC1EBFCA5B483F9F591FBF4B
:1086F00065DE473FCBF61FBF8560473F939320BFA2
:108700002AE2463FF92F21BF5463463FFBCB21BFEE
:1087100003E4453F996722BF3964453FD30223BF35
:10872000F5E3443FA99D23BF3763443F1A3824BF74
:1087300000E2433F25D224BF5160433FCB6B25BFAE
:1087400029DE423F0A0526BF895B423FE39D26BFE3
:1087500070D8413F563627BFE154413F61CE27BF15
:10876000DAD0403F056628BF5C4C403F41FD28BF42
:1087700067C73F3F159429BFFC413F3F802A2ABF6E
:108780001BBC3E3F82C02ABFC5353E3F1B562BBF98
:10879000F9AE3D3F4AEB2BBFB8273D3F0F802CBFC2
:1087A00003A03C3F69142DBFD9173C3F59A82DBFEA
:1087B0003B8F3B3FDE3B2EBF29063B3FF7CE2EBF14
:1087C000A47C3A3FA5612FBFACF2393FE6F32FBF3F
:1087D0004268393FBB8530BF65DD383F221731BF66
:1087E0001652383F1DA831BF55C6373FAA3832BF91
:1087F000233A373FC9C832BF7FAD363F7A5833BFBF
:108800006C20363FBCE733BFE792353F8F7634BFED
:10881000F304353FF30435BF8F76343FE79235BF1D
:10882000BCE7333F6C2036BF7A58333F7FAD36BF4D
:10883000C9C8323F233A37BFAA38323F55C637BF7F
:108840001DA8313F165238BF2217313F65DD38BFB2
:10885000BB85303F426839BFE6F32F3FACF239BFEA
:10886000A5612F3FA47C3ABFF7CE2E3F29063BBF20
:10887000DE3B2E3F3B8F3BBF59A82D3FD9173CBF56
:1088800069142D3F03A03CBF0F802C3FB8273DBF8C
:108890004AEB2B3FF9AE3DBF1B562B3FC5353EBFC4
:1088A00082C02A3F1BBC3EBF802A2A3FFC413FBFFB
:1088B0001594293F67C73FBF41FD283F5C4C40BF2F
:1088C0000566283FDAD040BF61CE273FE15441BF63
:1088D0005636273F70D841BFE39D263F895B42BF94
:1088E0000A05263F29DE42BFCB6B253F516043BFBF
:1088F00025D2243F00E243BF1A38243F376344BFE8
:10890000A99D233FF5E344BFD302233F396445BF0C
:108910009967223F03E445BFFBCB213F546346BF29
:10892000F92F213F2AE246BF9393203F856047BF3E
:10893000CBF61F3F65DE47BF9F591F3FCA5B48BF4D
:1089400012BC1E3FB3D848BF221E1E3F215549BF4F
:10895000D17F1D3F12D149BF1FE11C3F874C4ABF49
:108960000C421C3F7FC74ABF99A21B3FFA414BBF35
:10897000C6021B3FF8BB4BBF93621A3F78354CBF12
:1089800000C2193F79AE4CBF0F21193FFD264DBFE4
:10899000C07F183F029F4DBF12DE173F89164EBFA2
:1089A000073C173F908D4EBF9F99163F17044FBF4E
:1089B000D9F6153F1F7A4FBFB753153FA8EF4FBFEA
:1089C00039B0143FAF6450BF5F0C143F37D950BF6C
:1089D0002A68133F3D4D51BF9AC3123FC2C051BFD9
:1089E000B01E123FC63352BF6B79113F49A652BF2A
:1089F000CDD3103F491853BFD52D103FC78953BF62
:108A000084870F3FC3FA53BFDBE00E3F3B6B54BF7D
:108A1000DA390E3F31DB54BF81920D3FA44A55BF76
:108A2000D0EA0C3F93B955BFC9420C3FFE2756BF51
:108A30006B9A0B3FE59556BFB7F10A3F480357BF06
:108A4000AD480A3F267057BF4E9F093F7FDC57BF96
:108A50009BF5083F534858BF924B083FA1B358BFFE
:108A600036A1073F6A1E59BF86F6063FAD8859BF3B
:108A7000824B063F6AF259BF2CA0053FA05B5ABF4C
:108A800084F4043F50C45ABF8948043F792C5BBF2B
:108A90003D9C033F1A945BBF9FEF023F34FB5BBFDB
:108AA000B142023FC7615CBF7395013FD1C75CBF54
:108AB000E4E7003F532D5DBF063A003F4D925DBF96
:108AC000B217FF3EBEF65DBFBBBAFD3EA65A5EBF03
:108AD000275DFC3E05BE5EBFF7FEFA3EDB205FBFB2
:108AE0002DA0F93E27835FBFC840F83EE9E45FBF91
:108AF000CBE0F63E214660BF3580F53ECFA660BF95
:108B0000071FF43EF20661BF43BDF23E8A6661BFB5
:108B1000EA5AF13E98C561BFFBF7EF3E1A2462BFE7
:108B20007994EE3E108262BF6330ED3E7BDF62BF20
:108B3000BBCBEB3E5A3C63BF8166EA3EAC9863BF59
:108B4000B700E93E73F463BF5D9AE73EAC4F64BF84
:108B50007533E63E59AA64BFFECBE43E790465BF97
:108B6000FA63E33E0B5E65BF6AFBE13E10B765BF8B
:108B70004F92E03E880F66BFA928DF3E716766BF4F
:108B800079BEDD3ECCBE66BFC153DC3E991567BFE2
:108B900080E8DA3ED86B67BFB97CD93E87C167BF32
:108BA0006B10D83EA81668BF99A3D63E396B68BF34
:108BB0004136D53E3CBF68BF67C8D33EAE1269BFE1
:108BC000095AD23E916569BF2AEBD03EE4B769BF2E
:108BD000CA7BCF3EA7096ABFEA0BCE3ED95A6ABF0D
:108BE0008B9BCC3E7BAB6ABFAE2ACB3E8CFB6ABF75
:108BF00053B9C93E0C4B6BBF7C47C83EFB996BBF5A
:108C000029D5C63E58E86BBF5C62C53E24366CBFB2
:108C100015EFC33E5E836CBF557BC23E07D06CBF71
:108C20001E07C13E1D1C6DBF6F92BF3EA1676DBF89
:108C30004A1DBE3E93B26DBFAFA7BC3EF2FC6DBFF6
:108C4000A031BB3EBE466EBF1EBBB93EF88F6EBFA5
:108C50002A44B83E9ED86EBFC3CCB63EB0206FBF8C
:108C6000EC54B53E30686FBFA5DCB33E1BAF6FBFA1
:108C7000EF63B23E73F56FBFCBEAB03E373B70BFD8
:108C80003A71AF3E668070BF3CF7AD3E02C570BF23
:108C9000D47CAC3E080971BF0102AB3E7A4C71BF77
:108CA000C486A93E578F71BF1F0BA83E9FD171BFCD
:108CB000128FA63E521372BF9F12A53E705472BF10
:108CC000C595A33EF89472BF8718A23EEBD472BF3D
:108CD000E59AA03E471473BFDF1C9F3E0E5373BF3F
:108CE000789E9D3E3F9173BFAF1F9C3ED9CE73BF10
:108CF00086A09A3EDD0B74BFFE20993E4B4874BFA0
:108D000017A1973E228474BFD220963E62BF74BFE3
:108D100031A0943E0BFA74BF351F933E1D3475BFCE
:108D2000DD9D913E976D75BF2C1C903E7BA675BF57
:108D3000229A8E3EC6DE75BFC0178D3E7A1676BF6C
:108D400007958B3E974D76BFF8118A3E1B8476BF00
:108D5000938E883E07BA76BFDA0A873E5BEF76BF0E
:108D6000CE86853E172477BF7002843E3A5877BF7F
:108D7000C07D823EC58B77BFC0F8803EB7BE77BF4F
:108D8000E1E67E3E10F177BFA4DB7B3ED12278BFC7
:108D9000CCCF783EF85378BF5AC3753E868478BFEF
:108DA00051B6723E7BB478BFB2A86F3ED6E378BFAF
:108DB0007F9A6C3E981279BFBA8B693EC04079BFEA
:108DC000667C663E4E6E79BF836C633E439B79BF83
:108DD000135C603E9DC779BF1A4B5D3E5EF379BF61
:108DE00097395A3E841E7ABF8F27573E10497ABF63
:108DF0000115543E02737ABFF101513E599C7ABF6E
:108E000060EE4D3E16C57ABF4FDA4A3E37ED7ABF67
:108E1000C2C5473EBE147BBFB9B0443EAB3B7BBF2F
:108E2000379B413EFC617BBF3E853E3EB2877BBFA8
:108E3000CF6E3B3ECDAC7BBFEC57383E4DD17BBFB8
:108E40009840353E31F57BBFD428323E7A187CBF3E
:108E5000A2102F3E283B7CBF04F82B3E3A5D7CBF1E
:108E6000FCDE283EB07E7CBF8CC5253E8A9F7CBF41
:108E7000B6AB223EC9BF7CBF7B911F3E6CDF7CBF7F
:108E8000DE761C3E73FE7CBFE05B193EDD1C7DBFC1
:108E90008340163EAC3A7DBFCA24133EDE577DBFE9
:108EA000B708103E74747DBF4AEC0C3E6E907DBFD7
:108EB00086CF093ECCAB7DBF6EB2063E8CC67DBF71
:108EC0000295033EB1E07DBF4577003E38FA7DBF95
:108ED00073B2FA3D24137EBFC075F43D722B7EBF82
:108EE0007638EE3D23437EBF9AFAE73D385A7EBF7F
:108EF0002EBCE13DB0707EBF377DDB3D8B867EBFF3
:108F0000B93DD53DC99B7EBFB7FDCE3D69B07EBFA3
:108F100036BDC83D6DC47EBF397CC23DD4D77EBF4F
:108F2000C33ABC3D9DEA7EBFDAF8B53DC9FC7EBFC1
:108F300080B6AF3D580E7FBFBA73A93D491F7FBFB2
:108F40008C30A33D9D2F7FBFF9EC9C3D543F7FBFEC
:108F500005A9963D6D4E7FBFB464903DE95C7FBF2F
:108F60000A208A3DC76A7FBF0ADB833D08787FBF3E
:108F7000742B7B3DAB847FBF38A06E3DB1907FBF2B
:108F80006814623D189C7FBF0E88553DE3A67FBFE5
:108F90002FFB483D0FB17FBFD56D3C3D9EBA7FBFD3
:108FA00007E02F3D8FC37FBFCC51233DE2CB7FBF76
:108FB0002CC3163D98D37FBF2F340A3DAFDA7FBF55
:108FC000B949FB3C29E17FBF7B2AE23C05E77FBF33
:108FD000B00AC93C43EC7FBF69EAAF3CE3F07FBF16
:108FE000B6C9963CE6F47FBF4B517B3C4AF87FBF45
:108FF000900E493C11FB7FBF59CB163C39FD7FBF1A
:10900000890FC93BC4FE7FBFC70F493BB1FF7FBF7C
:1090100008000010100000021800001220000004D8
:109020002800001430000006380000164000000838
:10903000480000185000000A5800001A6000000C98
:109040006800001C7000000E7800001E8000000800
:10905000880040109000400298004012A000400498
:10906000A8004014B0004006B8004016C0004008F8
:10907000C8004018D000400AD800401AE000400C58
:10908000E800401CF000400EF800401E00010008FF
:109090000801801010018002180180122001800454
:1090A00028018014300180063801801640018008B4
:1090B000480180185001800A5801801A6001800C14
:1090C0006801801C7001800E7801801E80014008BC
:1090D0008801C0109001C0029801C012A001C00414
:1090E000A801C014B001C006B801C016C001C00874
:1090F000C801C018D001C00AD801C01AE001C00CD4
:10910000E801C01CF001C00EF801C01E00020008FA
:1091100008020011100200031802001320020005CB
:10912000280200153002000738020017400200092B
:10913000480200195002000B5802001B6002000D8B
:109140006802001D7002000F7802001F8002800874
:10915000880240119002400398024013A00240058B
:10916000A8024015B0024007B8024017C0024009EB
:10917000C8024019D002400BD802401BE002400D4B
:10918000E802401DF002400FF802401F00034008B3
:109190000803801110038003180380132003800547
:1091A00028038015300380073803801740038009A7
:1091B000480380195003800B5803801B6003800D07
:1091C0006803801D7003800F7803801F8003C00830
:1091D0008803C0119003C0039803C013A003C00507
:1091E000A803C015B003C007B803C017C003C00967
:1091F000C803C019D003C00BD803C01BE003C00DC7
:10920000E803C01DF003C00FF803C01F00040010E6
:109210000804081010040011180408122004081093
:109220002804081430040806380408164004080806
:10923000480408185004080A5804081A6004080C66
:109240006804081C7004080E7804081E80040018C6
:10925000880448109004001998044812A0040818C3
:10926000A8044814B0044806B8044816C0044808C6
:10927000C8044818D004480AD804481AE004480C26
:10928000E804481CF004480EF804481E000540108D
:10929000080588101005401118058812200548108F
:1092A0002805881430058806380588164005880882
:1092B000480588185005880A5805881A6005880CE2
:1092C0006805881C7005880E7805881E8005401882
:1092D0008805C810900540199805C812A0054818BF
:1092E000A805C814B005C806B805C816C005C80842
:1092F000C805C818D005C80AD805C81AE005C80CA2
:10930000E805C81CF005C80EF805C81E0006801048
:109310000806081110068011180608132006881088
:1093200028060815300608073806081740060809F9
:10933000480608195006080B5806081B6006080D59
:109340006806081D7006080F7806081F800680183A
:10935000880648119006801998064813A0068818B8
:10936000A8064815B0064807B8064817C0064809B9
:10937000C8064819D006480BD806481BE006480D19
:10938000E806481DF006480FF806481F0007C01001
:10939000080788111007C011180788132007C81084
:1093A0002807881530078807380788174007880975
:1093B000480788195007880B5807881B6007880DD5
:1093C0006807881D7007880F7807881F8007C018F6
:1093D0008807C8119007C0199807C813A007C818B4
:1093E000A807C815B007C807B807C817C007C80935
:1093F000C807C819D007C80BD807C81BE007C80D95
:10940000E807C81DF007C80FF807C81F08081010A4
:10941000100840081808101220080011280810141D
:109420003008801138081016480810185008100A23
:109430005808101A6008100C6808101C7008100EEC
:109440007808101E8008000A880850109008000B49
:1094500098085012A008080AA8085014B008080B71
:10946000B8085016C008100AC8085018D008500A8A
:10947000D808501AE008500CE808501CF008500EAC
:10948000F808501E08099010100980091809901258
:1094900020090019280990143009801938099016FC
:1094A0004009000B480990185009900A5809901A71
:1094B0006009900C6809901C7009900E7809901E44
:1094C0008009400A8809D0109009400B9809D012F1
:1094D000A009480AA809D014B009480BB809D01649
:1094E000C009500AC809D018D009D00AD809D01A22
:1094F000E009D00CE809D01CF009D00EF809D01E04
:10950000080A1011180A1013200A4011280A101511
:10951000300AC011380A1017480A1019500A100BE7
:10952000580A101B600A100D680A101D700A100FEF
:10953000780A101F880A5011900A800B980A50135D
:10954000A00A5011A80A5015B00A880BB80A501783
:10955000C00A800BC80A5019D00A500BD80A501BF9
:10956000E00A500DE80A501DF00A500FF80A501F8B
:10957000080B9011180B9013200B4019280B901515
:10958000300BC019380B9017480B9019500B900BEB
:10959000580B901B600B900D680B901D700B900F7B
:1095A000780B901F880BD011900BC00B980BD01329
:1095B000A00B5019A80BD015B00BC80BB80BD017C7
:1095C000C80BD019D80BD01BE00BD00DE80BD01D69
:1095D000F00BD00FF80BD01F000C0012080C181065
:1095E000100C0013180C1812200C0812280C181458
:1095F000300C0813380C1816400C1012480C1818B0
:10960000500C1013580C181A600C1812680C181C07
:10961000700C180E780C181E800C001A880C58104C
:10962000900C001B980C5812A00C081AA80C581487
:10963000B00C081BB80C5816C00C101AC80C5818DF
:10964000D00C101BD80C581AE00C181AE80C581C37
:10965000F00C580EF80C581E000D4012080D981012
:10966000100D4013180D9812200D4812280D981453
:10967000300D4813380D9816400D5012480D9818AB
:10968000500D5013580D981A600D5812680D981C03
:10969000700D980E780D981E800D401A880DD81008
:1096A000900D401B980DD812A00D481AA80DD81483
:1096B000B00D481BB80DD816C00D501AC80DD818DB
:1096C000D00D501BD80DD81AE00D581AE80DD81C33
:1096D000F00DD80EF80DD81E000E8012080E1811CD
:1096E000100E8013180E1813200E8812280E18154D
:1096F000300E8813380E1817400E9012480E1819A5
:10970000500E9013580E181B600E9812680E181DFC
:10971000700E180F780E181F800E801A880E5811C0
:10972000900E801B980E5813A00E881AA80E58157C
:10973000B00E881BB80E5817C00E901AC80E5819D4
:10974000D00E901BD80E581BE00E981AE80E581D2C
:10975000F00E580FF80E581F000FC012080F981186
:10976000100FC013180F9813200FC812280F981548
:10977000300FC813380F9817400FD012480F9819A0
:10978000500FD013580F981B600FD812680F981DF8
:10979000700F980F780F981F800FC01A880FD8117C
:1097A000900FC01B980FD813A00FC81AA80FD81578
:1097B000B00FC81BB80FD817C00FD01AC80FD819D0
:1097C000D00FD01BD80FD81BE00FD81AE80FD81D28
:1097D000F00FD81BF80FD81F0810201010104010E1
:1097E000181020122810201430108810381020165D
:1097F0004010001148102018501040115810201A25
:10980000601008126810201C701088127810201E3A
:1098100080100012881008129010401298106012E8
:10982000A0102012A8106014B0106012B8106016BA
:10983000C0100013C8106018D0104013D810601A60
:10984000E0101812E810601CF0109812F810601E5A
:1098500008112012101140111811A012201108181F
:109860002811A014301188183811A0164811A0181A
:109870005811A01A6011081A6811A01C7011881ADA
:109880007811A01E80111012881118129011501218
:109890009811E012A0111818A811E014B01198182E
:1098A000B811E016C0111013C811E018D0115013F0
:1098B000D811E01AE011181AE811E01CF011981AFA
:1098C000F811E01E001200180812081810124018B3
:1098D0001812201320122018281220153012601898
:1098E000381220174012001948122019501240193E
:1098F0005812201B601220196812201D7012C81205
:109900007812201F8012001A8812081A9012401A2A
:1099100098126013A012201AA8126015B012601AD3
:10992000B8126017C012001BC8126019D012401B79
:10993000D812601BE012201BE812601DF012601BA1
:10994000F812601F0013101808131818101350187D
:109950001813A013201348182813A0153013C81883
:109960003813A017401310194813A0195013501999
:109970005813A01B6013481A6813A01D7013C81A4F
:109980007813A01F8013101A8813181A9013501AF6
:109990009813E013A0135818A813E015B013D818A3
:1099A000B813E017C013101BC813E019D013501BD5
:1099B000D813E01BE013581AE813E01DF013D81A6F
:1099C000F813E01F081420141014001518142015A3
:1099D0003014081538142816401400154814281897
:1099E000501410155814281A601420156814281CD7
:1099F000701418157814281E8014001C8814201C5C
:109A00009014001D9814201DA014081CA814281CD4
:109A1000B014081DB8146816C014101CC8146818B7
:109A2000D014101DD814681AE014181CE814681C0F
:109A3000F014181DF814681E08152015101540158F
:109A400018156015201528182815281C30154815DC
:109A50003815A8164815A8185815A81A6015281AF8
:109A60006815A81C7015A81A7815A81E8015401C2A
:109A70008815601C9015401D9815601DA015481C88
:109A8000A815681CB015481DB815E816C015501C5F
:109A9000C815E818D015501DD815E81AE015581C3F
:109AA000E815E81CF015581DF815E81E0016001CF6
:109AB0000816081C1016401C1816481C2016201CDE
:109AC0002816281C3016601C381628174016001D52
:109AD000481628195016401D5816281B6016201DC0
:109AE0006816281D7016601D7816281F8016801CA9
:109AF0008816A01C9016801D9816A01DA016881C04
:109B0000A816A81CB016881DB8166817C016901C99
:109B1000C8166819D016901DD816681BE016981C38
:109B2000E816681DF016981DF816681F0017101C1F
:109B30000817181C1017501C1817581C20176818E5
:109B40002817681C3017E8183817A8174017101D79
:109B50004817A8195017501D5817A81B6017681AE6
:109B60006817A81D7017E81A7817A81F8017C01C5F
:109B70008817E01C9017C01D9817E01DA017C81C7F
:109B8000A817E81CB017C81DB817E817C017D01CD5
:109B9000C817E819D017D01DD817E81BE017D81C34
:109BA000E817E81DF017D81DF817E81F18186018F7
:109BB000301848183818601C5818301A6818301CAB
:109BC0007018181A7818301E8018001A8818081A89
:109BD0009018001B98186019A018201AA818281AA5
:109BE000B018201BB818601DC018101AC818181A11
:109BF000D018101BD818701AE018301AE818701C0A
:109C0000F018581AF818701E081920191819601A37
:109C10002819081D301988193819881D4819201B62
:109C20005819B01A6019081B6819B01C7019881BE4
:109C30007819B01E8019401A8819481A9019401BCB
:109C40009819601BA019601AA819181DB019601B7B
:109C5000B819981DC019501AC819581AD019501B94
:109C6000D819F01AE019181BE819F01CF019981B04
:109C7000F819F01E381A701C581A301B681A301D5B
:109C8000701A181B781A301F901AC01A981AC81A1E
:109C9000B01AE01AB81AE81AC01A801BC81A881B32
:109CA000D01AC01BD81A701BE01AA01BE81A701D2E
:109CB000F01AE01BF81A701F281B481D381BC81D1E
:109CC000481B601B581BB01B681BB01D701BC81BBA
:109CD000781BB01F901BC01B981BC81BA81B581DCE
:109CE000B01BE01BB81BD81DD81BF01BE81BF01DD8
:109CF000F81BF01F081C201C181C301C381C681C8A
:109D0000481C601C581C701C781C381E801C001ECF
:109D1000881C201E901C001F981C201FA01C081EC1
:109D2000A81C281EB01C081FB81C281FC01C101E11
:109D3000C81C301ED01C101FD81C301FE01C181E61
:109D4000E81C381EF01C181FF81C781E081D201D6A
:109D5000181D301D381DA81D481D601D581D701D83
:109D6000681D281F781DB81E801D401E881D601E9E
:109D7000901D401F981D601FA01D481EA81D681E35
:109D8000B01D481FB81D681FC01D501EC81D701E85
:109D9000D01D501FD81D701FE01D581EE81D781ED5
:109DA000F01D581FF81DF81E081E201E181E301E1C
:109DB000481E601E581E701E781E381F881EA01E6A
:109DC000901E801F981EA01FB01E881FB81EA81FBF
:109DD000C01E801FC81E881FD01E901FD81EB01F17
:109DE000E01EA01FE81EA81FF01E981FF81E781F77
:109DF000081F201F181F301F481F601F581F701F8B
:109E0000781FB81F881FA01F901FC01F981FE01F3A
:109E1000B01FC81FB81FE81FC81FE01FD81FF01FC2
:109E20000000803F00000000C4FE7F3F890FC93B57
:109E300011FB7F3F900E493CE6F47F3FB6C9963C4C
:109E400043EC7F3FB00AC93C29E17F3FB949FB3C65
:109E500098D37F3F2CC3163D8FC37F3F07E02F3D34
:109E60000FB17F3F2FFB483D189C7F3F6814623D38
:109E7000AB847F3F742B7B3DC76A7F3F0A208A3DBE
:109E80006D4E7F3F05A9963D9D2F7F3F8C30A33DB2
:109E9000580E7F3F80B6AF3D9DEA7E3FC33ABC3D42
:109EA0006DC47E3F36BDC83DC99B7E3FB93DD53DA3
:109EB000B0707E3F2EBCE13D23437E3F7638EE3DC1
:109EC00024137E3F73B2FA3DB1E07D3F0295033E1D
:109ED000CCAB7D3F86CF093E74747D3FB708103E02
:109EE000AC3A7D3F8340163E73FE7C3FDE761C3EDF
:109EF000C9BF7C3FB6AB223EB07E7C3FFCDE283E35
:109F0000283B7C3FA2102F3E31F57B3F9840353EE9
:109F1000CDAC7B3FCF6E3B3EFC617B3F379B413EF0
:109F2000BE147B3FC2C5473E16C57A3F60EE4D3E2C
:109F300002737A3F0115543E841E7A3F97395A3E88
:109F40009DC7793F135C603E4E6E793F667C663EEE
:109F50009812793F7F9A6C3E7BB4783F51B6723E3F
:109F6000F853783FCCCF783E10F1773FE1E67E3E64
:109F7000C58B773FC07D823E1724773FCE86853ED6
:109F800007BA763F938E883E974D763F07958B3E76
:109F9000C6DE753F229A8E3E976D753FDD9D913EE0
:109FA0000BFA743F31A0943E2284743F17A1973E70
:109FB000DD0B743F86A09A3E3F91733F789E9D3E95
:109FC0004714733FE59AA03EF894723FC595A33EAF
:109FD0005213723F128FA63E578F713FC486A93E1F
:109FE0000809713FD47CAC3E6680703F3A71AF3E49
:109FF00073F56F3FEF63B23E30686F3FEC54B53E90
:10A000009ED86E3F2A44B83EBE466E3FA031BB3E4E
:10A0100093B26D3F4A1DBE3E1D1C6D3F1E07C13EE3
:10A020005E836C3F15EFC33E58E86B3F29D5C63EB3
:10A030000C4B6B3F53B9C93E7BAB6A3F8B9BCC3E0D
:10A04000A7096A3FCA7BCF3E9165693F095AD23E54
:10A050003CBF683F4136D53EA816683F6B10D83EDE
:10A06000D86B673F80E8DA3ECCBE663F79BEDD3E06
:10A07000880F663F4F92E03E0B5E653FFA63E33E1A
:10A0800059AA643F7533E63E73F4633FB700E93E77
:10A090005A3C633FBBCBEB3E1082623F7994EE3E6D
:10A0A00098C5613FEA5AF13EF206613F071FF43E50
:10A0B0002146603FCBE0F63E27835F3F2DA0F93E6F
:10A0C00005BE5E3F275DFC3EBEF65D3FB217FF3E1C
:10A0D000532D5D3FE4E7003FC7615C3FB142023F63
:10A0E0001A945B3F3D9C033F50C45A3F84F4043FA5
:10A0F0006AF2593F824B063F6A1E593F36A1073F1D
:10A100005348583F9BF5083F2670573FAD480A3FDC
:10A11000E595563F6B9A0B3F93B9553FD0EA0C3FFC
:10A1200031DB543FDA390E3FC3FA533F84870F3F88
:10A130004918533FCDD3103FC633523FB01E123F94
:10A140003D4D513F2A68133FAF64503F39B0143F33
:10A150001F7A4F3FD9F6153F908D4E3F073C173F72
:10A16000029F4D3FC07F183F79AE4C3F00C2193F60
:10A17000F8BB4B3FC6021B3F7FC74A3F0C421C3F08
:10A1800012D1493FD17F1D3FB3D8483F12BC1E3F7B
:10A1900065DE473FCBF61F3F2AE2463FF92F213FBE
:10A1A00003E4453F9967223FF5E3443FA99D233FE0
:10A1B00000E2433F25D2243F29DE423F0A05263FE5
:10A1C00070D8413F5636273FDAD0403F0566283FDA
:10A1D00067C73F3F1594293F1BBC3E3F82C02A3FC3
:10A1E000F9AE3D3F4AEB2B3F03A03C3F69142D3FA6
:10A1F0003B8F3B3FDE3B2E3FA47C3A3FA5612F3F88
:10A200004268393FBB85303F1652383F1DA8313F69
:10A21000233A373FC9C8323F6C20363FBCE7333F53
:10A22000F304353FF304353FBCE7333F6C20363F42
:10A23000C9C8323F233A373F1DA8313F1652383F35
:10A24000BB85303F4268393FA5612F3FA47C3A3F30
:10A25000DE3B2E3F3B8F3B3F69142D3F03A03C3F2D
:10A260004AEB2B3FF9AE3D3F82C02A3F1BBC3E3F2D
:10A270001594293F67C73F3F0566283FDAD0403F26
:10A280005636273F70D8413F0A05263F29DE423F18
:10A2900025D2243F00E2433FA99D233FF5E3443FFD
:10A2A0009967223F03E4453FF92F213F2AE2463FC9
:10A2B000CBF61F3F65DE473F12BC1E3FB3D8483F79
:10A2C000D17F1D3F12D1493F0C421C3F7FC74A3FFF
:10A2D000C6021B3FF8BB4B3F00C2193F79AE4C3F53
:10A2E000C07F183F029F4D3F073C173F908D4E3F68
:10A2F000D9F6153F1F7A4F3F39B0143FAF64503F36
:10A300002A68133F3D4D513FB01E123FC633523FA6
:10A31000CDD3103F4918533F84870F3FC3FA533FB3
:10A32000DA390E3F31DB543FD0EA0C3F93B9553F49
:10A330006B9A0B3FE595563FAD480A3F2670573F55
:10A340009BF5083F5348583F36A1073F6A1E593FC7
:10A35000824B063F6AF2593F84F4043F50C45A3F8F
:10A360003D9C033F1A945B3FB142023FC7615C3F93
:10A37000E4E7003F532D5D3FB217FF3EBEF65D3F61
:10A38000275DFC3E05BE5E3F2DA0F93E27835F3F63
:10A39000CBE0F63E2146603F071FF43EF206613FE8
:10A3A000EA5AF13E98C5613F7994EE3E1082623FD1
:10A3B000BBCBEB3E5A3C633FB700E93E73F4633FCF
:10A3C0007533E63E59AA643FFA63E33E0B5E653F90
:10A3D0004F92E03E880F663F79BEDD3ECCBE663FC1
:10A3E00080E8DA3ED86B673F6B10D83EA816683F0E
:10A3F0004136D53E3CBF683F095AD23E9165693F20
:10A40000CA7BCF3EA7096A3F8B9BCC3E7BAB6A3FA2
:10A4100053B9C93E0C4B6B3F29D5C63E58E86B3F3C
:10A4200015EFC33E5E836C3F1E07C13E1D1C6D3F92
:10A430004A1DBE3E93B26D3FA031BB3EBE466E3F4D
:10A440002A44B83E9ED86E3FEC54B53E30686F3F0C
:10A45000EF63B23E73F56F3F3A71AF3E6680703F77
:10A46000D47CAC3E0809713FC486A93E578F713F2A
:10A47000128FA63E5213723FC595A33EF894723FC9
:10A48000E59AA03E4714733F789E9D3E3F91733FEF
:10A4900086A09A3EDD0B743F17A1973E2284743F3D
:10A4A00031A0943E0BFA743FDD9D913E976D753F50
:10A4B000229A8E3EC6DE753F07958B3E974D763FBE
:10A4C000938E883E07BA763FCE86853E1724773F27
:10A4D000C07D823EC58B773FE1E67E3E10F1773F3F
:10A4E000CCCF783EF853783F51B6723E7BB4783F7C
:10A4F0007F9A6C3E9812793F667C663E4E6E793F3D
:10A50000135C603E9DC7793F97395A3E841E7A3F5F
:10A510000115543E02737A3F60EE4D3E16C57A3FF8
:10A52000C2C5473EBE147B3F379B413EFC617B3F2B
:10A53000CF6E3B3ECDAC7B3F9840353E31F57B3F07
:10A54000A2102F3E283B7C3FFCDE283EB07E7C3FA5
:10A55000B6AB223EC9BF7C3FDE761C3E73FE7C3F1D
:10A560008340163EAC3A7D3FB708103E74747D3F81
:10A5700086CF093ECCAB7D3F0295033EB1E07D3FE7
:10A5800073B2FA3D24137E3F7638EE3D23437E3F7F
:10A590002EBCE13DB0707E3FB93DD53DC99B7E3FAD
:10A5A00036BDC83D6DC47E3FC33ABC3D9DEA7E3F8B
:10A5B00080B6AF3D580E7F3F8C30A33D9D2F7F3F2F
:10A5C00005A9963D6D4E7F3F0A208A3DC76A7F3FB1
:10A5D000742B7B3DAB847F3F6814623D189C7F3FAA
:10A5E0002FFB483D0FB17F3F07E02F3D8FC37F3FDB
:10A5F0002CC3163D98D37F3FB949FB3C29E17F3FEF
:10A60000B00AC93C43EC7F3FB6C9963CE6F47F3FB5
:10A61000900E493C11FB7F3F890FC93BC4FE7F3F31
:10A62000000000000000803F890FC9BBC4FE7F3FCF
:10A63000900E49BC11FB7F3FB6C996BCE6F47F3F44
:10A64000B00AC9BC43EC7F3FB949FBBC29E17F3F5D
:10A650002CC316BD98D37F3F07E02FBD8FC37F3F2C
:10A660002FFB48BD0FB17F3F681462BD189C7F3F30
:10A67000742B7BBDAB847F3F0A208ABDC76A7F3FB6
:10A6800005A996BD6D4E7F3F8C30A3BD9D2F7F3FAA
:10A6900080B6AFBD580E7F3FC33ABCBD9DEA7E3F3A
:10A6A00036BDC8BD6DC47E3FB93DD5BDC99B7E3F9B
:10A6B0002EBCE1BDB0707E3F7638EEBD23437E3FB9
:10A6C00073B2FABD24137E3F029503BEB1E07D3F15
:10A6D00086CF09BECCAB7D3FB70810BE74747D3FFA
:10A6E000834016BEAC3A7D3FDE761CBE73FE7C3FD7
:10A6F000B6AB22BEC9BF7C3FFCDE28BEB07E7C3F2D
:10A70000A2102FBE283B7C3F984035BE31F57B3FE1
:10A71000CF6E3BBECDAC7B3F379B41BEFC617B3FE8
:10A72000C2C547BEBE147B3F60EE4DBE16C57A3F24
:10A73000011554BE02737A3F97395ABE841E7A3F80
:10A74000135C60BE9DC7793F667C66BE4E6E793FE6
:10A750007F9A6CBE9812793F51B672BE7BB4783F37
:10A76000CCCF78BEF853783FE1E67EBE10F1773F5C
:10A77000C07D82BEC58B773FCE8685BE1724773FCE
:10A78000938E88BE07BA763F07958BBE974D763F6E
:10A79000229A8EBEC6DE753FDD9D91BE976D753FD8
:10A7A00031A094BE0BFA743F17A197BE2284743F68
:10A7B00086A09ABEDD0B743F789E9DBE3F91733F8D
:10A7C000E59AA0BE4714733FC595A3BEF894723FA7
:10A7D000128FA6BE5213723FC486A9BE578F713F17
:10A7E000D47CACBE0809713F3A71AFBE6680703F41
:10A7F000EF63B2BE73F56F3FEC54B5BE30686F3F88
:10A800002A44B8BE9ED86E3FA031BBBEBE466E3F46
:10A810004A1DBEBE93B26D3F1E07C1BE1D1C6D3FDB
:10A8200015EFC3BE5E836C3F29D5C6BE58E86B3FAB
:10A8300053B9C9BE0C4B6B3F8B9BCCBE7BAB6A3F05
:10A84000CA7BCFBEA7096A3F095AD2BE9165693F4C
:10A850004136D5BE3CBF683F6B10D8BEA816683FD6
:10A8600080E8DABED86B673F79BEDDBECCBE663FFE
:10A870004F92E0BE880F663FFA63E3BE0B5E653F12
:10A880007533E6BE59AA643FB700E9BE73F4633F6F
:10A89000BBCBEBBE5A3C633F7994EEBE1082623F65
:10A8A000EA5AF1BE98C5613F071FF4BEF206613F48
:10A8B000CBE0F6BE2146603F2DA0F9BE27835F3F67
:10A8C000275DFCBE05BE5E3FB217FFBEBEF65D3F14
:10A8D000E4E700BF532D5D3FB14202BFC7615C3F5B
:10A8E0003D9C03BF1A945B3F84F404BF50C45A3F9D
:10A8F000824B06BF6AF2593F36A107BF6A1E593F15
:10A900009BF508BF5348583FAD480ABF2670573FD4
:10A910006B9A0BBFE595563FD0EA0CBF93B9553FF4
:10A92000DA390EBF31DB543F84870FBFC3FA533F80
:10A93000CDD310BF4918533FB01E12BFC633523F8C
:10A940002A6813BF3D4D513F39B014BFAF64503F2B
:10A95000D9F615BF1F7A4F3F073C17BF908D4E3F6A
:10A96000C07F18BF029F4D3F00C219BF79AE4C3F58
:10A97000C6021BBFF8BB4B3F0C421CBF7FC74A3F00
:10A98000D17F1DBF12D1493F12BC1EBFB3D8483F73
:10A99000CBF61FBF65DE473FF92F21BF2AE2463FB6
:10A9A000996722BF03E4453FA99D23BFF5E3443FD8
:10A9B00025D224BF00E2433F0A0526BF29DE423FDD
:10A9C000563627BF70D8413F056628BFDAD0403FD2
:10A9D000159429BF67C73F3F82C02ABF1BBC3E3FBB
:10A9E0004AEB2BBFF9AE3D3F69142DBF03A03C3F9E
:10A9F000DE3B2EBF3B8F3B3FA5612FBFA47C3A3F80
:10AA0000BB8530BF4268393F1DA831BF1652383F61
:10AA1000C9C832BF233A373FBCE733BF6C20363F4B
:10AA2000F30435BFF304353F6C2036BFBCE7333F3A
:10AA3000233A37BFC9C8323F165238BF1DA8313F2D
:10AA4000426839BFBB85303FA47C3ABFA5612F3F28
:10AA50003B8F3BBFDE3B2E3F03A03CBF69142D3F25
:10AA6000F9AE3DBF4AEB2B3F1BBC3EBF82C02A3F25
:10AA700067C73FBF1594293FDAD040BF0566283F1E
:10AA800070D841BF5636273F29DE42BF0A05263F10
:10AA900000E243BF25D2243FF5E344BFA99D233FF5
:10AAA00003E445BF9967223F2AE246BFF92F213FC1
:10AAB00065DE47BFCBF61F3FB3D848BF12BC1E3F71
:10AAC00012D149BFD17F1D3F7FC74ABF0C421C3FF7
:10AAD000F8BB4BBFC6021B3F79AE4CBF00C2193F4B
:10AAE000029F4DBFC07F183F908D4EBF073C173F60
:10AAF0001F7A4FBFD9F6153FAF6450BF39B0143F2E
:10AB00003D4D51BF2A68133FC63352BFB01E123F9E
:10AB1000491853BFCDD3103FC3FA53BF84870F3FAB
:10AB200031DB54BFDA390E3F93B955BFD0EA0C3F41
:10AB3000E59556BF6B9A0B3F267057BFAD480A3F4D
:10AB4000534858BF9BF5083F6A1E59BF36A1073FBF
:10AB50006AF259BF824B063F50C45ABF84F4043F87
:10AB60001A945BBF3D9C033FC7615CBFB142023F8B
:10AB7000532D5DBFE4E7003FBEF65DBFB217FF3E59
:10AB800005BE5EBF275DFC3E27835FBF2DA0F93E5B
:10AB9000214660BFCBE0F63EF20661BF071FF43EE0
:10ABA00098C561BFEA5AF13E108262BF7994EE3EC9
:10ABB0005A3C63BFBBCBEB3E73F463BFB700E93EC7
:10ABC00059AA64BF7533E63E0B5E65BFFA63E33E88
:10ABD000880F66BF4F92E03ECCBE66BF79BEDD3EB9
:10ABE000D86B67BF80E8DA3EA81668BF6B10D83E06
:10ABF0003CBF68BF4136D53E916569BF095AD23E18
:10AC0000A7096ABFCA7BCF3E7BAB6ABF8B9BCC3E9A
:10AC10000C4B6BBF53B9C93E58E86BBF29D5C63E34
:10AC20005E836CBF15EFC33E1D1C6DBF1E07C13E8A
:10AC300093B26DBF4A1DBE3EBE466EBFA031BB3E45
:10AC40009ED86EBF2A44B83E30686FBFEC54B53E04
:10AC500073F56FBFEF63B23E668070BF3A71AF3E6F
:10AC6000080971BFD47CAC3E578F71BFC486A93E22
:10AC7000521372BF128FA63EF89472BFC595A33EC1
:10AC8000471473BFE59AA03E3F9173BF789E9D3EE7
:10AC9000DD0B74BF86A09A3E228474BF17A1973E35
:10ACA0000BFA74BF31A0943E976D75BFDD9D913E48
:10ACB000C6DE75BF229A8E3E974D76BF07958B3EB6
:10ACC00007BA76BF938E883E172477BFCE86853E1F
:10ACD000C58B77BFC07D823E10F177BFE1E67E3E37
:10ACE000F85378BFCCCF783E7BB478BF51B6723E74
:10ACF000981279BF7F9A6C3E4E6E79BF667C663E35
:10AD00009DC779BF135C603E841E7ABF97395A3E57
:10AD100002737ABF0115543E16C57ABF60EE4D3EF0
:10AD2000BE147BBFC2C5473EFC617BBF379B413E23
:10AD3000CDAC7BBFCF6E3B3E31F57BBF9840353EFF
:10AD4000283B7CBFA2102F3EB07E7CBFFCDE283E9D
:10AD5000C9BF7CBFB6AB223E73FE7CBFDE761C3E15
:10AD6000AC3A7DBF8340163E74747DBFB708103E79
:10AD7000CCAB7DBF86CF093EB1E07DBF0295033EDF
:10AD800024137EBF73B2FA3D23437EBF7638EE3D77
:10AD9000B0707EBF2EBCE13DC99B7EBFB93DD53DA5
:10ADA0006DC47EBF36BDC83D9DEA7EBFC33ABC3D83
:10ADB000580E7FBF80B6AF3D9D2F7FBF8C30A33D27
:10ADC0006D4E7FBF05A9963DC76A7FBF0A208A3DA9
:10ADD000AB847FBF742B7B3D189C7FBF6814623DA2
:10ADE0000FB17FBF2FFB483D8FC37FBF07E02F3DD3
:10ADF00098D37FBF2CC3163D29E17FBFB949FB3CE7
:10AE000043EC7FBFB00AC93CE6F47FBFB6C9963CAD
:10AE100011FB7FBF900E493CC4FE7FBF890FC93B29
:10AE2000000080BF00000000C4FE7FBF890FC9BBC7
:10AE300011FB7FBF900E49BCE6F47FBFB6C996BC3C
:10AE400043EC7FBFB00AC9BC29E17FBFB949FBBC55
:10AE500098D37FBF2CC316BD8FC37FBF07E02FBD24
:10AE60000FB17FBF2FFB48BD189C7FBF681462BD28
:10AE7000AB847FBF742B7BBDC76A7FBF0A208ABDAE
:10AE80006D4E7FBF05A996BD9D2F7FBF8C30A3BDA2
:10AE9000580E7FBF80B6AFBD9DEA7EBFC33ABCBD32
:10AEA0006DC47EBF36BDC8BDC99B7EBFB93DD5BD93
:10AEB000B0707EBF2EBCE1BD23437EBF7638EEBDB1
:10AEC00024137EBF73B2FABDB1E07DBF029503BE0D
:10AED000CCAB7DBF86CF09BE74747DBFB70810BEF2
:10AEE000AC3A7DBF834016BE73FE7CBFDE761CBECF
:10AEF000C9BF7CBFB6AB22BEB07E7CBFFCDE28BE25
:10AF0000283B7CBFA2102FBE31F57BBF984035BED9
:10AF1000CDAC7BBFCF6E3BBEFC617BBF379B41BEE0
:10AF2000BE147BBFC2C547BE16C57ABF60EE4DBE1C
:10AF300002737ABF011554BE841E7ABF97395ABE78
:10AF40009DC779BF135C60BE4E6E79BF667C66BEDE
:10AF5000981279BF7F9A6CBE7BB478BF51B672BE2F
:10AF6000F85378BFCCCF78BE10F177BFE1E67EBE54
:10AF7000C58B77BFC07D82BE172477BFCE8685BEC6
:10AF800007BA76BF938E88BE974D76BF07958BBE66
:10AF9000C6DE75BF229A8EBE976D75BFDD9D91BED0
:10AFA0000BFA74BF31A094BE228474BF17A197BE60
:10AFB000DD0B74BF86A09ABE3F9173BF789E9DBE85
:10AFC000471473BFE59AA0BEF89472BFC595A3BE9F
:10AFD000521372BF128FA6BE578F71BFC486A9BE0F
:10AFE000080971BFD47CACBE668070BF3A71AFBE39
:10AFF00073F56FBFEF63B2BE30686FBFEC54B5BE80
:10B000009ED86EBF2A44B8BEBE466EBFA031BBBE3E
:10B0100093B26DBF4A1DBEBE1D1C6DBF1E07C1BED3
:10B020005E836CBF15EFC3BE58E86BBF29D5C6BEA3
:10B030000C4B6BBF53B9C9BE7BAB6ABF8B9BCCBEFD
:10B04000A7096ABFCA7BCFBE916569BF095AD2BE44
:10B050003CBF68BF4136D5BEA81668BF6B10D8BECE
:10B06000D86B67BF80E8DABECCBE66BF79BEDDBEF6
:10B07000880F66BF4F92E0BE0B5E65BFFA63E3BE0A
:10B0800059AA64BF7533E6BE73F463BFB700E9BE67
:10B090005A3C63BFBBCBEBBE108262BF7994EEBE5D
:10B0A00098C561BFEA5AF1BEF20661BF071FF4BE40
:10B0B000214660BFCBE0F6BE27835FBF2DA0F9BE5F
:10B0C00005BE5EBF275DFCBEBEF65DBFB217FFBE0C
:10B0D000532D5DBFE4E700BFC7615CBFB14202BF53
:10B0E0001A945BBF3D9C03BF50C45ABF84F404BF95
:10B0F0006AF259BF824B06BF6A1E59BF36A107BF0D
:10B10000534858BF9BF508BF267057BFAD480ABFCC
:10B11000E59556BF6B9A0BBF93B955BFD0EA0CBFEC
:10B1200031DB54BFDA390EBFC3FA53BF84870FBF78
:10B13000491853BFCDD310BFC63352BFB01E12BF84
:10B140003D4D51BF2A6813BFAF6450BF39B014BF23
:10B150001F7A4FBFD9F615BF908D4EBF073C17BF62
:10B16000029F4DBFC07F18BF79AE4CBF00C219BF50
:10B17000F8BB4BBFC6021BBF7FC74ABF0C421CBFF8
:10B1800012D149BFD17F1DBFB3D848BF12BC1EBF6B
:10B1900065DE47BFCBF61FBF2AE246BFF92F21BFAE
:10B1A00003E445BF996722BFF5E344BFA99D23BFD0
:10B1B00000E243BF25D224BF29DE42BF0A0526BFD5
:10B1C00070D841BF563627BFDAD040BF056628BFCA
:10B1D00067C73FBF159429BF1BBC3EBF82C02ABFB3
:10B1E000F9AE3DBF4AEB2BBF03A03CBF69142DBF96
:10B1F0003B8F3BBFDE3B2EBFA47C3ABFA5612FBF78
:10B20000426839BFBB8530BF165238BF1DA831BF59
:10B21000233A37BFC9C832BF6C2036BFBCE733BF43
:10B22000F30435BFF30435BFBCE733BF6C2036BF32
:10B23000C9C832BF233A37BF1DA831BF165238BF25
:10B24000BB8530BF426839BFA5612FBFA47C3ABF20
:10B25000DE3B2EBF3B8F3BBF69142DBF03A03CBF1D
:10B260004AEB2BBFF9AE3DBF82C02ABF1BBC3EBF1D
:10B27000159429BF67C73FBF056628BFDAD040BF16
:10B28000563627BF70D841BF0A0526BF29DE42BF08
:10B2900025D224BF00E243BFA99D23BFF5E344BFED
:10B2A000996722BF03E445BFF92F21BF2AE246BFB9
:10B2B000CBF61FBF65DE47BF12BC1EBFB3D848BF69
:10B2C000D17F1DBF12D149BF0C421CBF7FC74ABFEF
:10B2D000C6021BBFF8BB4BBF00C219BF79AE4CBF43
:10B2E000C07F18BF029F4DBF073C17BF908D4EBF58
:10B2F000D9F615BF1F7A4FBF39B014BFAF6450BF26
:10B300002A6813BF3D4D51BFB01E12BFC63352BF96
:10B31000CDD310BF491853BF84870FBFC3FA53BFA3
:10B32000DA390EBF31DB54BFD0EA0CBF93B955BF39
:10B330006B9A0BBFE59556BFAD480ABF267057BF45
:10B340009BF508BF534858BF36A107BF6A1E59BFB7
:10B35000824B06BF6AF259BF84F404BF50C45ABF7F
:10B360003D9C03BF1A945BBFB14202BFC7615CBF83
:10B37000E4E700BF532D5DBFB217FFBEBEF65DBF51
:10B38000275DFCBE05BE5EBF2DA0F9BE27835FBF53
:10B39000CBE0F6BE214660BF071FF4BEF20661BFD8
:10B3A000EA5AF1BE98C561BF7994EEBE108262BFC1
:10B3B000BBCBEBBE5A3C63BFB700E9BE73F463BFBF
:10B3C0007533E6BE59AA64BFFA63E3BE0B5E65BF80
:10B3D0004F92E0BE880F66BF79BEDDBECCBE66BFB1
:10B3E00080E8DABED86B67BF6B10D8BEA81668BFFE
:10B3F0004136D5BE3CBF68BF095AD2BE916569BF10
:10B40000CA7BCFBEA7096ABF8B9BCCBE7BAB6ABF92
:10B4100053B9C9BE0C4B6BBF29D5C6BE58E86BBF2C
:10B4200015EFC3BE5E836CBF1E07C1BE1D1C6DBF82
:10B430004A1DBEBE93B26DBFA031BBBEBE466EBF3D
:10B440002A44B8BE9ED86EBFEC54B5BE30686FBFFC
:10B45000EF63B2BE73F56FBF3A71AFBE668070BF67
:10B46000D47CACBE080971BFC486A9BE578F71BF1A
:10B47000128FA6BE521372BFC595A3BEF89472BFB9
:10B48000E59AA0BE471473BF789E9DBE3F9173BFDF
:10B4900086A09ABEDD0B74BF17A197BE228474BF2D
:10B4A00031A094BE0BFA74BFDD9D91BE976D75BF40
:10B4B000229A8EBEC6DE75BF07958BBE974D76BFAE
:10B4C000938E88BE07BA76BFCE8685BE172477BF17
:10B4D000C07D82BEC58B77BFE1E67EBE10F177BF2F
:10B4E000CCCF78BEF85378BF51B672BE7BB478BF6C
:10B4F0007F9A6CBE981279BF667C66BE4E6E79BF2D
:10B50000135C60BE9DC779BF97395ABE841E7ABF4F
:10B51000011554BE02737ABF60EE4DBE16C57ABFE8
:10B52000C2C547BEBE147BBF379B41BEFC617BBF1B
:10B53000CF6E3BBECDAC7BBF984035BE31F57BBFF7
:10B54000A2102FBE283B7CBFFCDE28BEB07E7CBF95
:10B55000B6AB22BEC9BF7CBFDE761CBE73FE7CBF0D
:10B56000834016BEAC3A7DBFB70810BE74747DBF71
:10B5700086CF09BECCAB7DBF029503BEB1E07DBFD7
:10B5800073B2FABD24137EBF7638EEBD23437EBF6F
:10B590002EBCE1BDB0707EBFB93DD5BDC99B7EBF9D
:10B5A00036BDC8BD6DC47EBFC33ABCBD9DEA7EBF7B
:10B5B00080B6AFBD580E7FBF8C30A3BD9D2F7FBF1F
:10B5C00005A996BD6D4E7FBF0A208ABDC76A7FBFA1
:10B5D000742B7BBDAB847FBF681462BD189C7FBF9A
:10B5E0002FFB48BD0FB17FBF07E02FBD8FC37FBFCB
:10B5F0002CC316BD98D37FBFB949FBBC29E17FBFDF
:10B60000B00AC9BC43EC7FBFB6C996BCE6F47FBFA5
:10B61000900E49BC11FB7FBF890FC9BBC4FE7FBF21
:10B6200000000080000080BF890FC93BC4FE7FBFBF
:10B63000900E493C11FB7FBFB6C9963CE6F47FBF34
:10B64000B00AC93C43EC7FBFB949FB3C29E17FBF4D
:10B650002CC3163D98D37FBF07E02F3D8FC37FBF1C
:10B660002FFB483D0FB17FBF6814623D189C7FBF20
:10B67000742B7B3DAB847FBF0A208A3DC76A7FBFA6
:10B6800005A9963D6D4E7FBF8C30A33D9D2F7FBF9A
:10B6900080B6AF3D580E7FBFC33ABC3D9DEA7EBF2A
:10B6A00036BDC83D6DC47EBFB93DD53DC99B7EBF8B
:10B6B0002EBCE13DB0707EBF7638EE3D23437EBFA9
:10B6C00073B2FA3D24137EBF0295033EB1E07DBF05
:10B6D00086CF093ECCAB7DBFB708103E74747DBFEA
:10B6E0008340163EAC3A7DBFDE761C3E73FE7CBFC7
:10B6F000B6AB223EC9BF7CBFFCDE283EB07E7CBF1D
:10B70000A2102F3E283B7CBF9840353E31F57BBFD1
:10B71000CF6E3B3ECDAC7BBF379B413EFC617BBFD8
:10B72000C2C5473EBE147BBF60EE4D3E16C57ABF14
:10B730000115543E02737ABF97395A3E841E7ABF70
:10B74000135C603E9DC779BF667C663E4E6E79BFD6
:10B750007F9A6C3E981279BF51B6723E7BB478BF27
:10B76000CCCF783EF85378BFE1E67E3E10F177BF4C
:10B77000C07D823EC58B77BFCE86853E172477BFBE
:10B78000938E883E07BA76BF07958B3E974D76BF5E
:10B79000229A8E3EC6DE75BFDD9D913E976D75BFC8
:10B7A00031A0943E0BFA74BF17A1973E228474BF58
:10B7B00086A09A3EDD0B74BF789E9D3E3F9173BF7D
:10B7C000E59AA03E471473BFC595A33EF89472BF97
:10B7D000128FA63E521372BFC486A93E578F71BF07
:10B7E000D47CAC3E080971BF3A71AF3E668070BF31
:10B7F000EF63B23E73F56FBFEC54B53E30686FBF78
:10B800002A44B83E9ED86EBFA031BB3EBE466EBF36
:10B810004A1DBE3E93B26DBF1E07C13E1D1C6DBFCB
:10B8200015EFC33E5E836CBF29D5C63E58E86BBF9B
:10B8300053B9C93E0C4B6BBF8B9BCC3E7BAB6ABFF5
:10B84000CA7BCF3EA7096ABF095AD23E916569BF3C
:10B850004136D53E3CBF68BF6B10D83EA81668BFC6
:10B8600080E8DA3ED86B67BF79BEDD3ECCBE66BFEE
:10B870004F92E03E880F66BFFA63E33E0B5E65BF02
:10B880007533E63E59AA64BFB700E93E73F463BF5F
:10B89000BBCBEB3E5A3C63BF7994EE3E108262BF55
:10B8A000EA5AF13E98C561BF071FF43EF20661BF38
:10B8B000CBE0F63E214660BF2DA0F93E27835FBF57
:10B8C000275DFC3E05BE5EBFB217FF3EBEF65DBF04
:10B8D000E4E7003F532D5DBFB142023FC7615CBF4B
:10B8E0003D9C033F1A945BBF84F4043F50C45ABF8D
:10B8F000824B063F6AF259BF36A1073F6A1E59BF05
:10B900009BF5083F534858BFAD480A3F267057BFC4
:10B910006B9A0B3FE59556BFD0EA0C3F93B955BFE4
:10B92000DA390E3F31DB54BF84870F3FC3FA53BF70
:10B93000CDD3103F491853BFB01E123FC63352BF7C
:10B940002A68133F3D4D51BF39B0143FAF6450BF1B
:10B95000D9F6153F1F7A4FBF073C173F908D4EBF5A
:10B96000C07F183F029F4DBF00C2193F79AE4CBF48
:10B97000C6021B3FF8BB4BBF0C421C3F7FC74ABFF0
:10B98000D17F1D3F12D149BF12BC1E3FB3D848BF63
:10B99000CBF61F3F65DE47BFF92F213F2AE246BFA6
:10B9A0009967223F03E445BFA99D233FF5E344BFC8
:10B9B00025D2243F00E243BF0A05263F29DE42BFCD
:10B9C0005636273F70D841BF0566283FDAD040BFC2
:10B9D0001594293F67C73FBF82C02A3F1BBC3EBFAB
:10B9E0004AEB2B3FF9AE3DBF69142D3F03A03CBF8E
:10B9F000DE3B2E3F3B8F3BBFA5612F3FA47C3ABF70
:10BA0000BB85303F426839BF1DA8313F165238BF51
:10BA1000C9C8323F233A37BFBCE7333F6C2036BF3B
:10BA2000F304353FF30435BF6C20363FBCE733BF2A
:10BA3000233A373FC9C832BF1652383F1DA831BF1D
:10BA40004268393FBB8530BFA47C3A3FA5612FBF18
:10BA50003B8F3B3FDE3B2EBF03A03C3F69142DBF15
:10BA6000F9AE3D3F4AEB2BBF1BBC3E3F82C02ABF15
:10BA700067C73F3F159429BFDAD0403F056628BF0E
:10BA800070D8413F563627BF29DE423F0A0526BF00
:10BA900000E2433F25D224BFF5E3443FA99D23BFE5
:10BAA00003E4453F996722BF2AE2463FF92F21BFB1
:10BAB00065DE473FCBF61FBFB3D8483F12BC1EBF61
:10BAC00012D1493FD17F1DBF7FC74A3F0C421CBFE7
:10BAD000F8BB4B3FC6021BBF79AE4C3F00C219BF3B
:10BAE000029F4D3FC07F18BF908D4E3F073C17BF50
:10BAF0001F7A4F3FD9F615BFAF64503F39B014BF1E
:10BB00003D4D513F2A6813BFC633523FB01E12BF8E
:10BB10004918533FCDD310BFC3FA533F84870FBF9B
:10BB200031DB543FDA390EBF93B9553FD0EA0CBF31
:10BB3000E595563F6B9A0BBF2670573FAD480ABF3D
:10BB40005348583F9BF508BF6A1E593F36A107BFAF
:10BB50006AF2593F824B06BF50C45A3F84F404BF77
:10BB60001A945B3F3D9C03BFC7615C3FB14202BF7B
:10BB7000532D5D3FE4E700BFBEF65D3FB217FFBE49
:10BB800005BE5E3F275DFCBE27835F3F2DA0F9BE4B
:10BB90002146603FCBE0F6BEF206613F071FF4BED0
:10BBA00098C5613FEA5AF1BE1082623F7994EEBEB9
:10BBB0005A3C633FBBCBEBBE73F4633FB700E9BEB7
:10BBC00059AA643F7533E6BE0B5E653FFA63E3BE78
:10BBD000880F663F4F92E0BECCBE663F79BEDDBEA9
:10BBE000D86B673F80E8DABEA816683F6B10D8BEF6
:10BBF0003CBF683F4136D5BE9165693F095AD2BE08
:10BC0000A7096A3FCA7BCFBE7BAB6A3F8B9BCCBE8A
:10BC10000C4B6B3F53B9C9BE58E86B3F29D5C6BE24
:10BC20005E836C3F15EFC3BE1D1C6D3F1E07C1BE7A
:10BC300093B26D3F4A1DBEBEBE466E3FA031BBBE35
:10BC40009ED86E3F2A44B8BE30686F3FEC54B5BEF4
:10BC500073F56F3FEF63B2BE6680703F3A71AFBE5F
:10BC60000809713FD47CACBE578F713FC486A9BE12
:10BC70005213723F128FA6BEF894723FC595A3BEB1
:10BC80004714733FE59AA0BE3F91733F789E9DBED7
:10BC9000DD0B743F86A09ABE2284743F17A197BE25
:10BCA0000BFA743F31A094BE976D753FDD9D91BE38
:10BCB000C6DE753F229A8EBE974D763F07958BBEA6
:10BCC00007BA763F938E88BE1724773FCE8685BE0F
:10BCD000C58B773FC07D82BE10F1773FE1E67EBE27
:10BCE000F853783FCCCF78BE7BB4783F51B672BE64
:10BCF0009812793F7F9A6CBE4E6E793F667C66BE25
:10BD00009DC7793F135C60BE841E7A3F97395ABE47
:10BD100002737A3F011554BE16C57A3F60EE4DBEE0
:10BD2000BE147B3FC2C547BEFC617B3F379B41BE13
:10BD3000CDAC7B3FCF6E3BBE31F57B3F984035BEEF
:10BD4000283B7C3FA2102FBEB07E7C3FFCDE28BE8D
:10BD5000C9BF7C3FB6AB22BE73FE7C3FDE761CBE05
:10BD6000AC3A7D3F834016BE74747D3FB70810BE69
:10BD7000CCAB7D3F86CF09BEB1E07D3F029503BECF
:10BD800024137E3F73B2FABD23437E3F7638EEBD67
:10BD9000B0707E3F2EBCE1BDC99B7E3FB93DD5BD95
:10BDA0006DC47E3F36BDC8BD9DEA7E3FC33ABCBD73
:10BDB000580E7F3F80B6AFBD9D2F7F3F8C30A3BD17
:10BDC0006D4E7F3F05A996BDC76A7F3F0A208ABD99
:10BDD000AB847F3F742B7BBD189C7F3F681462BD92
:10BDE0000FB17F3F2FFB48BD8FC37F3F07E02FBDC3
:10BDF00098D37F3F2CC316BD29E17F3FB949FBBCD7
:10BE000043EC7F3FB00AC9BCE6F47F3FB6C996BC9D
:10BE100011FB7F3F900E49BCC4FE7F3F890FC9BB19
:10BE2000000000000000004B000000CBD1F71737E6
:10BE3000D1F717B78071313F807131BF0000003FEB
:08BE4000000000BFB0AB0220BE
:08BE4800B043FD7F0100000082
:08BE5000E10C000800000000F5
:08BE5800BD0C00080000000011
:10BE600000000000FF00000000093D00010000008C
:10BE7000080000000000000003000000D4A9022018
:10BE80002400002000000000D4A902203CAA0220C7
:10BE9000A4AA022000000000000000000000000032
:10BEA0000000000000000000000000000000000092
:10BEB0000000000000000000000000000000000082
:10BEC0000000000000000000000000000000000072
:08BED00015AB02200000000088
:0400000508000F3DA3
:00000001FF
