:020000040800F2
:10000000000003203D0F0008390E00083B0E0008D9
:100010003D0E00083F0E0008410E00088D0F00083D
:10002000000000000000000000000000430E000877
:10003000450E000800000000470E0008490E0008A9
:100040008D0F00088D0F00088D0F00088D0F000820
:100050008D0F00088D0F00088D0F00088D0F000810
:100060008D0F00088D0F00088D0F00088D0F000800
:100070008D0F00088D0F00088D0F00088D0F0008F0
:100080008D0F00088D0F00088D0F00088D0F0008E0
:100090008D0F00088D0F00088D0F00088D0F0008D0
:1000A0004D0E00088D0F00088D0F0008530E00083C
:1000B0008D0F00088D0F0008550E00088D0F0008E9
:1000C0008D0F00088D0F00088D0F00088D0F0008A0
:1000D0008D0F00088D0F00088D0F00088D0F000890
:1000E0008D0F00088D0F00088D0F00088D0F000880
:1000F0008D0F00088D0F00088D0F00088D0F000870
:100100008D0F00088D0F00088D0F00088D0F00085F
:100110008D0F00088D0F00088D0F00088D0F00084F
:100120008D0F00088D0F00088D0F00088D0F00083F
:100130008D0F00088D0F00088D0F00088D0F00082F
:100140008D0F00088D0F00088D0F00088D0F00081F
:100150008D0F00088D0F00088D0F00088D0F00080F
:100160008D0F00088D0F00088D0F00088D0F0008FF
:100170008D0F0008000000008D0F00080000000037
:10018000570E00088D0F00088D0F00088D0F000816
:100190008D0F00088D0F00088D0F00088D0F0008CF
:1001A0008D0F00088D0F0008590E00088D0F0008F4
:1001B0008D0F0008000000008D0F00088D0F000853
:1001C0008D0F0008000000008D0F00088D0F000843
:1001D0008D0F00088D0F00088D0F00088D0F00088F
:1001E0008D0F00088D0F00088D0F00088D0F00087F
:0801F000000000000000000007
:1001F80010F8012B11F8013B012A28BF9A42F7D0C9
:10020800D01A704781F0004102E000BF83F000433C
:1002180030B54FEA41044FEA430594EA050F08BF99
:1002280090EA020F1FBF54EA000C55EA020C7FEA5D
:10023800645C7FEA655C00F0E2804FEA5454D4EBDA
:100248005555B8BF6D420CDD2C4480EA020281EAA4
:10025800030382EA000083EA010180EA020281EADC
:100268000303362D88BF30BD11F0004F4FEA01312E
:100278004FF4801C4CEA113102D0404261EB41013D
:1002880013F0004F4FEA03334CEA133302D05242C3
:1002980063EB430394EA050F00F0A780A4F101047F
:1002A800D5F1200E0DDB02FA0EFC22FA05F28018B9
:1002B80041F1000103FA0EF2801843FA05F359419F
:1002C8000EE0A5F120050EF1200E012A03FA0EFC1E
:1002D80028BF4CF0020C43FA05F3C01851EBE37148
:1002E80001F0004507D54FF0000EDCF1000C7EEB65
:1002F80000006EEB0101B1F5801F1BD3B1F5001FA3
:100308000CD349085FEA30004FEA3C0C04F10104C1
:100318004FEA445212F5800F80F09A80BCF1004FEA
:1003280008BF5FEA500C50F1000041EB045141EA6C
:10033800050130BD5FEA4C0C404141EB0101013C35
:1003480028BFB1F5801FE9D291F0000F04BF014624
:100358000020B1FA81F308BF2033A3F10B03B3F1F6
:1003680020020CDA0C3208DD02F1140CC2F10C0286
:1003780001FA0CF021FA02F10CE002F11402D8BFE4
:10038800C2F1200C01FA02F120FA0CFCDCBF41EAB0
:100398000C019040E41AA2BF01EB0451294330BD7F
:1003A8006FEA04041F3C1CDA0C340EDC04F114045C
:1003B800C4F1200220FA04F001FA02F340EA030033
:1003C80021FA04F345EA030130BDC4F10C04C4F179
:1003D800200220FA02F001FA04F340EA0300294659
:1003E80030BD21FA04F0294630BD94F0000F83F4A3
:1003F800801306BF81F480110134013D4EE77FEA86
:10040800645C18BF7FEA655C29D094EA050F08BFD1
:1004180090EA020F05D054EA000C04BF19461046B2
:1004280030BD91EA030F1EBF0021002030BD5FEAF6
:10043800545C05D14000494128BF41F0004130BD1E
:1004480014F580043CBF01F5801130BD01F0004572
:1004580045F0FE4141F470014FF0000030BD7FEAE5
:10046800645C1ABF194610467FEA655C1CBF0B46E0
:10047800024650EA013406BF52EA033591EA030FF7
:1004880041F4002130BD00BF90F0000F04BF0021EF
:10049800704730B54FF4806404F132044FF0000522
:1004A8004FF0000150E700BF90F0000F04BF00219B
:1004B800704730B54FF4806404F1320410F0004501
:1004C80048BF40424FF000013EE700BF42004FEAFC
:1004D800E2014FEA31014FEA02701FBF12F07F4379
:1004E80093F07F4F81F06051704732F07F4208BF30
:1004F800704793F07F4F04BF41F40021704730B537
:100508004FF4607401F0004521F000411CE700BF82
:1005180050EA010208BF704730B54FF000050AE005
:1005280050EA010208BF704730B511F0004502D506
:10053800404261EB41014FF4806404F132045FEA08
:10054800915C3FF4D8AE4FF003025FEADC0C18BFB1
:1005580003325FEADC0C18BF033202EBDC02C2F1A3
:10056800200300FA03FC20FA02F001FA03FE40EA35
:100578000E0021FA02F11444BDE600BF70B54FF039
:10058800FF0C4CF4E06C1CEA11541DBF1CEA135517
:1005980094EA0C0F95EA0C0F00F0DEF82C4481EA7F
:1005A800030621EA4C5123EA4C5350EA013518BF9F
:1005B80052EA033541F4801143F4801338D0A0FB8C
:1005C80002CE4FF00005E1FB02E506F00042E0FB39
:1005D80003E54FF00006E1FB03569CF0000F18BF3F
:1005E8004EF0010EA4F1FF04B6F5007F64F54074E7
:1005F80004D25FEA4E0E6D4146EB060642EAC6217A
:1006080041EA55514FEAC52040EA5E504FEACE2EE6
:10061800B4F1FD0C88BFBCF5E06F1ED8BEF1004FE9
:1006280008BF5FEA500E50F1000041EB045170BD65
:1006380006F0004646EA010140EA020081EA0301A9
:10064800B4EB5C04C2BFD4EB0C0541EA045170BDA5
:1006580041F480114FF0000E013C00F3AB8014F11F
:10066800360FDEBF002001F0004170BDC4F1000468
:10067800203C35DA0C341BDC04F11404C4F12005E9
:1006880000FA05F320FA04F001FA05F240EA020044
:1006980001F0004221F0004110EBD37021FA04F67A
:1006A80042EB06015EEA430E08BF20EAD37070BD34
:1006B800C4F10C04C4F1200500FA04F320FA05F093
:1006C80001FA04F240EA020001F0004110EBD37095
:1006D80041F100015EEA430E08BF20EAD37070BD05
:1006E800C4F1200500FA05F24EEA020E20FA04F3DE
:1006F80001FA05F243EA020321FA04F001F000418D
:1007080021FA04F220EA020000EBD3705EEA430EFD
:1007180008BF20EAD37070BD94F0000F0FD101F02C
:100728000046400041EB010111F4801F08BF013C65
:10073800F7D041EA060195F0000F18BF704703F0A3
:100748000046520043EB030313F4801F08BF013D2A
:10075800F7D043EA0603704794EA0C0F0CEA1355E6
:1007680018BF95EA0C0F0CD050EA410618BF52EAA0
:100778004306D1D181EA030101F000414FF00000A6
:1007880070BD50EA410606BF1046194652EA4306B4
:1007980019D094EA0C0F02D150EA013613D195EA28
:1007A8000C0F05D152EA03361CBF104619460AD170
:1007B80081EA030101F0004141F0FE4141F470017A
:1007C8004FF0000070BD41F0FE4141F4780170BD6A
:1007D80070B54FF0FF0C4CF4E06C1CEA11541DBFCF
:1007E8001CEA135594EA0C0F95EA0C0F00F0A7F8D1
:1007F800A4EB050481EA030E52EA03354FEA0131FE
:1008080000F088804FEA03334FF0805545EA131310
:1008180043EA12634FEA022245EA111545EA1065D8
:100828004FEA00260EF000419D4208BF964244F16F
:10083800FD0404F5407402D25B084FEA3202B61A8E
:1008480065EB03055B084FEA32024FF480104FF462
:10085800002CB6EB020E75EB030E22BFB61A7546D6
:1008680040EA0C005B084FEA3202B6EB020E75EB69
:10087800030E22BFB61A754640EA5C005B084FEAD1
:100888003202B6EB020E75EB030E22BFB61A75469E
:1008980040EA9C005B084FEA3202B6EB020E75EBA9
:1008A800030E22BFB61A754640EADC0055EA060E6A
:1008B80018D04FEA051545EA16754FEA06164FEAAD
:1008C800C30343EA52734FEAC2025FEA1C1CC0D159
:1008D80011F4801F0BD141EA00014FF000004FF0E6
:1008E800004CB6E711F4801F04BF01430020B4F1A7
:1008F800FD0C88BFBCF5E06F3FF6AFAEB5EB030C5F
:1009080004BFB6EB020C5FEA500C50F1000041EB5B
:10091800045170BD0EF0004E4EEA113114EB5C0428
:10092800C2BFD4EB0C0541EA045170BD41F48011FB
:100938004FF0000E013C90E645EA060E8DE60CEA03
:10094800135594EA0C0F08BF95EA0C0F3FF43BAF20
:1009580094EA0C0F0AD150EA01347FF434AF95EAD7
:100968000C0F7FF425AF104619462CE795EA0C0FBB
:1009780006D152EA03353FF4FDAE1046194622E788
:1009880050EA410618BF52EA43067FF4C5AE50EA62
:1009980041047FF40DAF52EA43057FF4EBAE12E752
:1009A8004FF0FF3C06E000BF4FF0010C02E000BF33
:1009B8004FF0010C4DF804CD4FEA410C7FEA6C5C16
:1009C8004FEA430C18BF7FEA6C5C1BD001B050EAB9
:1009D800410C0CBF52EA430C91EA030F02BF90EAA4
:1009E800020F0020704710F1000F91EA030F58BF63
:1009F800994208BF90422CBFD8176FEAE37040F0C5
:100A0800010070474FEA410C7FEA6C5C02D150EA62
:100A1800013C07D14FEA430C7FEA6C5CD6D152EA1D
:100A2800033CD3D05DF8040B704700BF84461046E2
:100A380062468C461946634600E000BF01B5FFF7E1
:100A4800B7FF002848BF10F1000F01BD4DF808EDB1
:100A5800FFF7F4FF0CBF012000205DF808FB00BF82
:100A68004DF808EDFFF7EAFF34BF012000205DF8DC
:100A780008FB00BF4DF808EDFFF7E0FF94BF012029
:100A880000205DF808FB00BF4DF808EDFFF7CEFF2A
:100A980094BF012000205DF808FB00BF4DF808ED69
:100AA800FFF7C4FF34BF012000205DF808FB00BF3A
:100AB8004FEA410212F5001215D211D56FF478737E
:100AC800B3EB625212D94FEAC12343F0004343EA21
:100AD800505311F0004F23FA02F018BF40427047FC
:100AE8004FF00000704750EA013005D111F0004086
:100AF80008BF6FF0004070474FF00000704700BF1C
:100B08004FEA4102B2F1E04324BFB3F5001CDCF127
:100B1800FE5C0DD901F0004C4FEAC0024CEA50705F
:100B2800B2F1004F40EB830008BF20F0010070478E
:100B380011F0804F21D113F13872BCBF01F0004091
:100B4800704741F480114FEA5252C2F11802C2F1C3
:100B5800200C10FA0CF320FA02F018BF40F0010044
:100B68004FEAC1234FEAD32303FA0CFC40EA0C00F6
:100B780023FA02F34FEA4303CCE77FEA625307D133
:100B880050EA01331EBF4FF0FE4040F4400070476A
:100B980001F0004040F0FE4040F40000704700BF04
:100BA8007BB972B90029BEBF00204FF0004106E0B2
:100BB80008BF00281CBF6FF000414FF0FF3000F065
:100BC80057B8ADF1080C6DE904CE002909DB002BFC
:100BD8001ADB10F0FFFADDF804E0DDE9022304B0C7
:100BE8007047404261EB4101002B1BDB10F0F2FA29
:100BF800DDF804E0DDE9022304B0404261EB410185
:100C0800524263EB43037047524263EB430310F0D5
:100C1800E1FADDF804E0DDE9022304B0404261EBCB
:100C280041017047524263EB430310F0D3FADDF8F9
:100C380004E0DDE9022304B0524263EB430370474A
:100C480053B94AB9002908BF00281CBF4FF0FF312B
:100C58004FF0FF3000F00CB8ADF1080C6DE904CE90
:100C680010F0B8FADDF804E0DDE9022304B07047BB
:100C7800704700BF4A0011D212F5001211D20DD5EB
:100C88006FF47873B3EB62520ED44FEAC12343F08A
:100C9800004343EA505323FA02F070474FF0000034
:100CA800704750EA013002D14FF0FF3070474FF0E3
:100CB8000000704710B5054C237833B9044B13B1C5
:100CC8000448AFF300800123237010BD800000208A
:100CD800000000002815010808B5034B1BB10349A3
:100CE8000348AFF3008008BD000000008400002026
:100CF8002815010800B599B04822002106A80FF070
:100D080041FB1422002101A80FF03CFB002002F057
:100D180049F908B172B6FEE7102306936023012251
:100D28000F930223CDE90D20CDE91132372013921C
:100D38000722CDE9140206A8CDE9163301F0D4FB49
:100D480008B172B6FEE70F220323CDE90300059030
:100D5800052101A8CDE9012301F0E2FE08B172B630
:100D6800FEE719B05DF804FB7FB501F0F5FAFFF76F
:100D7800C1FF2C4B0020DA6C42F00402DA64DA6C12
:100D880002F004020192019ADA6C42F02002DA645D
:100D9800DA6C02F020020292029ADA6C42F08002C7
:100DA800DA64DA6C02F080020392039ADA6C42F099
:100DB8000202DA64DA6C02F002020492049ADA6C33
:100DC80042F00102DA64DB6C03F001030593059B32
:100DD80002F07EF908B172B6FEE702F089F904461E
:100DE80008B172B6FEE702F0D7FC012002F0D4FC8D
:100DF800022002F0D1FC0121204602F02DFD4FF423
:100E0800E13309492046C1E900348C608C8102F045
:100E1800ABFD08B172B6FEE7044800F043FF30BFEF
:100E2800FDE700BF001002409C000020A4A802209B
:100E3800FEE7FEE7FEE7FEE7FEE77047704770470C
:100E480001F09CBA002002F05BBD70477047704704
:100E5800704700000B4B82B01A6E42F001021A660E
:100E68001A6E02F001020092009A9A6D42F08052C6
:100E78009A659B6D03F080530193019B02B002F0C9
:100E88007DB800BF001002400A4A0346106810B53A
:100E980008B9094810600949094C0344091B8B42E9
:100EA80006D90FF027FB0C2303604FF0FF3010BD6D
:100EB8001360FCE7AC000020B8AC0220000003205F
:100EC800000400000120704708B50FF013FB16233B
:100ED80003604FF0FF3008BD08B50FF00BFB162379
:100EE8000360FEE770B50D4614460E46731B9C4220
:100EF80001DC204670BDAFF3008006F8010BF5E772
:100F080070B50D4614460E46731B9C4201DC204604
:100F180070BD16F8010B02F0FBFCF5E74FF0FF304F
:100F280070474FF4005300204B6070470120704712
:100F380000207047DFF834D001F08EF9002103E07B
:100F48000B4B5B58435004310A480B4B42189A42EA
:100F5800F6D30A4A02E0002342F8043B084B9A42BF
:100F6800F9D30FF0CDFAFFF7FFFEFEE700000320EC
:100F780000A2020800000020780000208000002065
:100F8800B8AC0220FEE710B538B1406928B1024676
:100F98000468002301209C4200DC10BD52F8041FA5
:100FA800002902DD48430133F5E70020F5E700009A
:100FB800104B1A68137F032B16D0092B07D0012B6F
:100FC80015D1136903EB800393ED000A7047136989
:100FD8001B56D168D2ED027A5B1A00EE103AB8EED1
:100FE800C00A20EE270A704713691B5CF1E79FEDE2
:100FF800020A7047F8020020000080FF7047D0F80E
:101008004C2138B5092A06D8002300F580749A4285
:1010180003D1002008E00FF058F854F8045F8D421F
:1010280003D14A3350F8230038BD0133EFE72DE9E7
:10103800F04104460F4606460025D0F80081A84531
:1010480001D100200BE0B369202B0AD13946F069A1
:10105800FFF7CEF828B91C2303FB05400430BDE890
:10106800F08101351C36EAE7F8B5154B05461868D6
:101078000CF00AF8044600BBFFF79AFF114EB0EED9
:10108800407AA6EC010A01200F4B1F68874202D85C
:101098008DB90020F8BDFFF78BFFB4EEC70AF1EE5B
:1010A80010FAA6EC010AD4BFB0EE470A0446B0EE27
:1010B800407A0130EAE72C60EBE76FF00700E9E7D8
:1010C80000030020D8020020D00200202029F0B51B
:1010D80007D000231C25D0F8004100F11806A342D0
:1010E80001D1002006E005FB03F2B758B94202D14E
:1010F80004321044F0BD0133F1E700002DE9F04758
:1011080017463C4A054692F900002DED028B8846A9
:1011180078B965B1384A1268914208D1374A1668D9
:10112800327F032A40D0092A13D0012A05D06FF054
:101138000600BDEC028BBDE8F0878A0030692946BD
:101148000FF005FABDEC028B3846BDE8F047FFF713
:101158008BBFD6ED027AF5EEC07AF1EE10FAE6D939
:1011680004469FED278A6FF07F09A045EAD0F5EC89
:10117800017AB0EEE77AB4EE487AF1EE10FAD6D8F2
:1011880096ED020A87EE800AD6F810A00EF0C6FB8C
:10119800F36818444845B8BF48467F28A8BF7F2051
:1011A8000AF804000134E0E7D6ED027AF5EEC07AD9
:1011B800F1EE10FABBD904469FED118AA045C1D0C3
:1011C800F5EC017AB0EEE77AB4EE487AF1EE10FA6F
:1011D800ADD896ED020A87EE800AD6F810900EF088
:1011E8009DFBF368184480F3080009F804000134F3
:1011F800E4E700BF04000020D4020020FC02002025
:10120800FFFF7F7F00487047D8020020024B186814
:1012180000B10069704700BFF8020020084B186849
:1012280058B1007F032809D0092807D0431E584227
:1012380058418000034B1B68584370470120F9E769
:10124800F8020020D0020020014B1868704700BF48
:10125800D4020020014B1868704700BFD00200205C
:10126800014B1868704700BFCC020020084B186873
:1012780058B1007F032809D0092807D0431E5842D7
:1012880058418000034B1B68584370470120F9E719
:10129800FC020020D402002038B50D4B044693F917
:1012A8000000154690B97CB1FFF7E0FF884202467E
:1012B8000AD1084B21461B6818690FF048F92846DF
:1012C800BDE83840FFF7D0BE6FF0060038BD00BF5C
:1012D80004000020FC020020024B186800B1007FC7
:1012E800704700BFFC020020024B186800B1007F65
:1012F800704700BFF8020020044B1B6813B193ED40
:10130800020A70479FED020A704700BFFC020020E6
:1013180000000000024B186800B1C068704700BFA9
:10132800FC020020044B1B6813B193ED020A7047BE
:101338009FED020A704700BFF8020020000000007D
:10134800024B186800B1C068704700BFF80200205F
:1013580007289ABF024B53F820000248704700BF85
:101368003C4B0208A044020820292DE9F843054611
:1013780088461446994608D120480BF0B9FE204803
:101388000BF0B6FE0120BDE8F88303681B68984798
:10139800074638B11B480BF0ABFE41461A480BF024
:1013A800A7FEEFE7D5F800C1BCF1080F06D9414602
:1013B80016480BF09DFE09211548F0E74FF01C0E6A
:1013C8000FCC0EFB0C5E0EF104060FC60CF10103E8
:1013D80094E8070086E80700CEF81880C5F80031C1
:1013E800D5F84C31384605EB83020133C2F8048145
:1013F800C2F82891C5F84C31C5E700BFD0170208DC
:10140800011802081618020845180208661802088A
:1014180097180208074B2DE9F0411A684CF230334F
:101428009A428CB00AD06FF00800034B18700CB0C9
:10143800BDE8F0814015010804000020AB4B1A6894
:10144800D4189B58E31A1A88042A40F246819B88CC
:10145800002B00F04281E358032B40F03E81A44A60
:10146800A448136813F001030BD1C0F80031C0F889
:101478004C310123A04913600160A04AA0490EF035
:101488001FFE05A806F008FF00219E4B994805AAF3
:10149800FFF76AFF002840F01D8105A803F0E4F873
:1014A8000321994B934805AAFFF75EFF002840F0F7
:1014B800118105A803F0A0FF0421944B8D4805AACB
:1014C800FFF752FF002840F0058105A804F07AFBD9
:1014D80009218F4B874805AAFFF746FF002840F0EF
:1014E800F98005A805F0D0F90E218A4B814805AA94
:1014F800FFF73AFF002840F0ED8005A807F0C2FF8B
:101508001121854B7B4805AAFFF72EFF002840F0E4
:10151800E18005A809F036F92821804B754805AA0D
:10152800FFF722FF002840F0D58005A808F0D6F97B
:1015380012217B4B6F4805AAFFF716FF002840F0E1
:10154800C98005A805F08AFE1921764B694805AAC5
:10155800FFF70AFF002840F0BD80734D2B68DE07B7
:1015680013D40023CDE9023301934FF4C03321464D
:10157800604A00936D486E4B0BF0F4FA01235F4A02
:101588006C496A482B600EF09BFD68486A4D2860DC
:101598000BF08CFC0446002840F0A2800146286825
:1015A8000BF020FB654E2146306028680BF03CFBB1
:1015B800DFF8A4810446C8F800003068FFF7E3FCB0
:1015C8005F4F38602046FFF7DEFC5E4C2B682060DA
:1015D800D86E0AF0DBFA5C4B31681860002900F01D
:1015E80082804B69002B7ED01A68042A7BD15A6806
:1015F800012A78D19A68202A75D1DA68282A72D106
:101608001B69012B6FD1D8F80020002A6BD05369D1
:10161800002B68D01868022865D15868012862D163
:101628009B68082B5FD13B68B3F5A06F5BD123683B
:10163800082B58D10D7F6B1EDBB2082B00F28E8071
:1016480040F2051020FA03F3DC0740F18780147F8D
:10165800631EDBB2082B00F28180D840C3077DD51A
:10166800092D7FF4E0AE092C7FF4DDAED1ED027ACE
:10167800F5EEC07AF1EE10FA7FF6D5AE9FED337A2B
:1016880077EEC77A9FED327AF0EEE77AF4EEC77A12
:10169800F1EE10FA3FF6C7AECB687F2B7FF4C3AEEE
:1016A800D2ED027AF5EEC07AF1EE10FA7FF6BBAE13
:1016B800DFED286A77EEE67AF0EEE77AF4EEC77A9D
:1016C800F1EE10FA3FF6AFAED36880337FF4ABAEDD
:1016D8000020AAE66FF00200A7E66FF00100A4E67A
:1016E8006FF00300A1E66FF004009EE650150108B4
:1016F800780100207C010020284B0208000000200F
:101708000510000819B5000879B500083BB60008AF
:10171800D9B600088DB40008DFB70008C1B40008C6
:1017280095B7000891B80008B0000020B400002068
:10173800100300205DCC000800030020FC020020FC
:10174800D4020020D0020020CC020020A1A0A03E9C
:1017580095BFD6330000803BF80200206FF00500EB
:1017680063E600BF074AD2F8FC3043F08073C2F842
:10177800FC300022044B5A601A6842F001021A60D9
:10178800704700BF00ED00E0001000E00020704747
:101798002DE9F04F2DED048B1746804683B00028C5
:1017A80000F0D180002A00F0CE80B1F57A5F40F0D9
:1017B800CA80B3F5A06F40F0C680664C23783BB969
:1017C80065480DF005FA002840F0C0800123237019
:1017D800624E9FED638AB246DFED628A624DDFF8A2
:1017E80094912B466149624A05F50060B3F57A5F2A
:1017F80037BF38F91340F0EE487A07EE904AF8EE12
:10180800E77AB1EC017A38BF67EEA87A67EE277AF3
:1018180001338342E2EC017AE8D10023554A544966
:101828004D480DF0B5F9D9ED007A67EEA77A99ED34
:10183800017AC9ED007A01224E4B191DD3ED037AC6
:10184800D3ED026A67EEA77A46EEA67A0132B2F5C0
:10185800806FE1EC017A03F10803EFD127EE077AF4
:10186800454B504683ED007A28244449DFF820C1CF
:10187800DFED3B7A3CF8022B0B8809EB82020192E0
:101888003F4A31F802BF02EB830E5B4551D3013C5E
:10189800E0EC017AECD105F50075B5F5705F0AF555
:1018A800007A9ED19FED378ADFED378AB2EE049A2F
:1018B800DFF8A890C846282598ED000AB4EEE80A93
:1018C800F1EE10FA48BFB0EE680A0DF0E7FF20EE1F
:1018D800090AB4EEC80AF1EE10FAC8BFB0EE408AA1
:1018E800013DA8EC010AE7D10134202C09F5007963
:1018F800E0D19FED267A3346282007EB8502F3ECEA
:10190800017A77EEC87AF4EEC77AF1EE10FA48BF9A
:10191800F0EE477A0138E2EC017AF0D12835B5F5D6
:10192800A06F06F50076E6D103B0BDEC048BBDE8E8
:10193800F08F019ABEEC017AF2EC016A013346EEAF
:10194800877A0192A1E76FF0C700EDE76FF0C90051
:10195800EAE700BF10830120148301202C830120B3
:10196800000000000000003800FCFFFFD0F701086D
:101978002CE301202CC301202CD301202CF70108D3
:1019880080D80108000080FFFFE6DB2E0000A0C21F
:101998007EF7010830B5084D0A44914200D130BDA8
:1019A80011F8013B5840082340F300042C40013B48
:1019B80084EA5000F8D1F0E72083B8ED70B51D46F1
:1019C800144B86B0019301238DF8083000230A9E3A
:1019D8000446CDE903268DF80910324629464FF012
:1019E800FF30ADF80A30FFF7D5FFC0434FF4FA6374
:1019F80005901422204601A901F079FD38B936B1C5
:101A080041F2883329462046B2B201F070FD06B093
:101A180070BD00BF534D543130B50D4600219DB007
:101A280004468DF86F10039219465F2204A80EF041
:101A3800C3FC64232A460093FF21204603ABFFF72B
:101A4800BDFF1DB030BD00002DE9F0434FF05C082C
:101A58004FF0FF391E469BB007460D46144600213D
:101A6800424603A8CDF808900EF08CFCCDF81090F3
:101A78004EB10396CDF8008082213846AA6803ABA0
:101A8800FFF79CFF0CE074B1FFF7F0FBEB688342B3
:101A98000DD06FF064023846364BA968FFF7BCFFDB
:101AA8001BB0BDE8F083FFF7CFFB8000EEE7012015
:101AB80001F0B2FE304BD3F80480002C41D0E96825
:101AC8002E4802AAFFF7E8FB04462B4B01205E686C
:101AD80001F0B2FE029BA6EB080604930394059658
:101AE80000F0F2FC264B984283BF0133B0FBF3F0C1
:101AF800059B002388BFB3FBF0F30693F4B9FFF707
:101B080081FB0646FFF7A6FB33462246B6EE007A6F
:101B18000126079908900DF1280C904219D104B1BB
:101B28000791FFF77BFB202828BF20200990FFF7AB
:101B38006DFB099A014612A80EF009FD5C2300937B
:101B48009AE7FFF781FB02AA01460C48FFF7D6FA8D
:101B5800BAE7F3EC017AF4EEC77AF1EE10FAA4BF13
:101B680006FA02F42143ECEC017AA8BF0124013201
:101B7800D3E700BF44190208001000E0889402204F
:101B88003F420F007FB5084B03921A699B69049284
:101B980005930C230A46009390216B44FFF70EFF30
:101BA80007B05DF804FB00BF301702202DE9F041B3
:101BB800ECB002AC1546074640F2A512884620460E
:101BC80000210EF0DFFB40F202232560A380FFF71F
:101BD80083FBA071FFF788FB2D4B2E4AE071C4E907
:101BE80002234FF008132361FFF72EFB00284CD087
:101BF800FFF72AFB284B60611B680FADA3614FF408
:101C0800C033E361FFF72CFB2062FFF775FB84ED1F
:101C1800090AFFF77FFBA062FFF784FB84ED0B0A3C
:101C2800FFF78EFB1D4B206303F128022E46186830
:101C38005968083303C693423546F7D118689A881D
:101C48009B793060B280B371412215491BA80EF010
:101C58007EFC00250DF1AD062846FFF779FB01351E
:101C680001461F2230460EF0A7FB082D06F120067C
:101C7800F2D140F2A513424600938121234638460B
:101C8800FFF79CFE6CB0BDE8F0814FF4A060B1E7AF
:101C980028000100010020004015010879190208F8
:101CA800A91902082DE9F04F2DED048BABB00446BD
:101CB800FFF7B0FB0646FFF755FD002001F0BCFD1D
:101CC800012001F0B9FD022001F0B6FDB6BB304697
:101CD80001F0A2FD324600212046FFF767FF0025EC
:101CE800844B0C934FF0000301228DF81B302046E3
:101CF8004FF0FF330DF11B0101F054FCB0B905F1B1
:101D0800A8026A449DF81B3012F8781C994217D132
:101D1800032D05F1010002F88C1C16D14FF4FA636B
:101D28001022204608A901F03DFC80B16FF067023F
:101D38000021714B2046FFF76FFED0E70220C7E76E
:101D4800532B04BF01208DF81C300546CAE79DF8C7
:101D58002030012B04D0694B6FF063020999E9E741
:101D6800BDF822300BB1664BF6E741F208430A9AF8
:101D78009A4203D9634B6FF06402EFE75AB141F21C
:101D880088332046604992B201F00CFC18B16FF01C
:101D980067025E4BE2E7DDF828A04FF0FF305246BD
:101DA8005949FFF7F7FDC0430B9B834203D0584BBB
:101DB8006FF06502D2E79DF82130013B122B00F24B
:101DC8002A82DFE813F013001D00240028022802ED
:101DD80028022802280228022802280228022802AB
:101DE8002802280227006D002F0107020999BAF17D
:101DF800000F03D06FF06402464B9BE732466BE757
:101E080033460022204607A9FFF71EFE67E7334640
:101E18000122F7E7BAF1100F01D03F4BABE73F4D76
:101E2800394B47F65852D3E900B700212846B3F892
:101E38000880B3F80AA0D3F80C900EF0A3FA16B1F4
:101E48003246099904E0FFF7A1FC0999024618B146
:101E58002046FFF797FE42E7BBF57A5F05D1B8F158
:101E6800010F02D1BAF1000F03D02D4B6FF06802B9
:101E780060E72C4B7A1E9A4204D8B7FBFBF30BFBA6
:101E880013730BB1284BF1E74FF0FF333246C5E926
:101E9800017985F80080EB602E6385F83460D7E718
:101EA8001E4D2B781BB9214B6FF0690256E7BAF12A
:101EB800040F02D91AF0010901D01D4B5BE7124F3C
:101EC8002B693968994208D16B68AAF104025B1A38
:101ED800B3EB520F4FEA520B01D2164BE4E7E86816
:101EE800391DFFF757FDDFF85080E860CB4525D155
:101EF8000022A6E7534D5431EA190208051A0208D0
:101F0800221A02083D1A020888940220651A02085B
:101F1800811A0208981A0208BB1A02083017022010
:101F2800E51A02087E8A1D000D1B0208431B0208E1
:101F38006E1B02089D1B0208001000E07B793A79AD
:101F480042EA03226B69591C05EB4303DA862B69C5
:101F5800B1F57A5F03F1010369612B6152D1D8F8B9
:101F680004A00391FFF770F9AD4A03460399AD4801
:101F7800FFF70EFCD5E90832D8F804102863A1EB66
:101F88000A015B1842F10002C5E90832024600283E
:101F980045D14FF0010A4FF0FF3350460C9385F8B6
:101FA80001A001F039FCD8F804300593FFF74CF98B
:101FB8000CAA01469A48FFF7A1F8D8F80410049033
:101FC8005046039101F038FC0399059B049AC81AFE
:101FD800D5E90A311B1841F10001C5E90A3185F834
:101FE8003420E2B9FFF70EF98246FFF733F953467A
:101FF8008D4A0AEB8000984208D1AB690133AB6186
:1020080000236B6109F1010902376FE7D2ED007A0D
:10201800B3EC017A77EE877AE2EC017AEBE70023FA
:102028002B700EE7BAF1000F01D0804BA3E6804D6C
:102038002B785BB1D5F810906B68994506D16F691C
:1020480027B9D5F81880B8F1000F01D1794B2BE7E3
:10205800EB68AA68DB43934203D0774B85F800A06E
:10206800A6E66C2251460FA80EF08CF9D5E9082C8B
:102078004FF0FF3195F93430CDF894800C932B6BE9
:102088000D91CDE92339D5E90A3012EB03084CEB61
:10209800000991427AEB0C0C38BF0A4626920022BE
:1020A800994282414FF0FF3238BF134642454FF004
:1020B800000272EB09022893434638BF4FF0FF3302
:1020C8000E9300F001FA5D4B984227D90133B0FB1B
:1020D800F3FAD5E9080100235246FEF7B1FD0029BD
:1020E80008BF0346D5E90A0118BF4FF0FF3352462F
:1020F80027930023FEF7A4FD00290CBF03464FF0E9
:10210800FF3352462993404600234946FEF798FD7F
:10211800002914BF4FF0FF3303460F93239B0C9AFB
:10212800134312D1FFF796F89FED459AF6EE009A01
:102138006FF07F0BDFF8F09011900DF16B080DF147
:102148004C0A119B9F420BD3129300232B707823C8
:102158009221099A00930CAB2046FFF72FFCBEE5AD
:10216800D5ED067AB9EC017AF8EE677A87EE278A18
:10217800B4EEC98AF1EE10FAB4EEE98AAAEC018A43
:10218800C4BFB0EE489A0D97F1EE10FA05DB0123B3
:1021980003FA07F2109B13431093FFF7C3F8F0EE0E
:1021A800408AFFF7CDF8F5EEC08AF1EE10FA034643
:1021B80006DD88EE280A03900DF0FCFB039B034420
:1021C8007F2BA8BF7F235B45B8BF5B46013708F864
:1021D800013FB6E7BAF1000F01D01A4BCBE5144B1B
:1021E8005A780AB9184B5FE61B6B184D2B60FFF73E
:1021F8002BF86860FFF728F80949820005F1080004
:102208000EF0A5F9FFF720F8023080002B46912147
:10221800099A0090A0E76FF066020D4B9EE500BF9B
:102228002C0302206617022068940220CB1B0208A8
:1022380030170220EF1B02080A1C02083F420F0059
:10224800000080FF2D1C0208591C020888940220F7
:10225800801C020870470000034AD2F8883043F413
:102268007003C2F88830704700ED00E021490B6820
:102278001B0754BFD1F894300B688A6858BFC3F362
:10228800032302F00C0248BFC3F30313082A2FD01C
:1022980019480C2A50F823300CD01848042A08BFD3
:1022A80003468A681649C2F303128A5CD340154A6A
:1022B80013607047C868CA6800F00300C2F30312CD
:1022C800022802F101020FD003280FD0B3FBF2F26B
:1022D800CB68C868C3F306235343C0F34162013295
:1022E8005200B3FBF2F3DCE7044BEFE7064BEDE7F4
:1022F800054BD6E7001002405C4B02080024F400AE
:10230800A44B02080800002000127A0038B50F4BD1
:1023180005461A780AB9012038BD4FF47A73B3FB21
:10232800F2F30B4A1068B0FBF3F000F0BDFE044670
:102338000028F0D1072DEED8024629464FF0FF308D
:1023480000F074FE034B20461D60E5E70C000020FA
:10235800080000201000002010B5042000F054FEF2
:10236800FFF784FF0020FFF7D1FF044618B9FEF7F6
:1023780071FD204610BD0124FBE70000034A044B11
:1023880011681B780B441360704700BF90A80220A7
:102398000C000020014B1868704700BF90A802206D
:1023A80037B51D4D0446AB6DD90018D500F0D6FDE4
:1023B80030F4007323D1802C03D9A02C8CBF0223C6
:1023C800012316490A6822F00F021A430A600868B6
:1023D80000F00F00C01A18BF012003B030BDAB6D6C
:1023E80043F08053AB65AB6D03F080530193019BC1
:1023F80000F0B4FDAB6D23F08053AB65D8E7802CBB
:1024080005D806D0A4F1700253425341D9E70323FB
:10241800D7E70223D5E700BF0010024000200240A2
:10242800254B9A68D96812F00C0205D00C2A24D1E1
:1024380001F00301012927D119682048090755BF70
:10244800D3F894101968C1F30321C1F3031150F8AC
:10245800210082B3D968DA6801F00301C2F30312DC
:10246800022902F1010211D003291ED0B0FBF2F0BB
:10247800D968C1F3062148430FE0042A1AD0082A74
:102488000F4818BF002070470020E3E7D8680D49BF
:10249800C0F30620B1FBF2F25043DB68C3F341639B
:1024A80001335B00B0FBF3F07047D8680449C0F310
:1024B8000620EFE703487047001002405C4B020813
:1024C80000127A000024F40008B5FFF7A9FF044BB6
:1024D800044A9B68C3F30313D35CD84008BD00BF0C
:1024E80000100240A44B02082DE9F341054618B933
:1024F800012002B0BDE8F081904C0368A668E76847
:10250800DB0606F00C0607F0030735D51EB10C2EC6
:1025180062D1012F60D12368980702D5EB69002B9F
:10252800E6D02368686A190756BFD4F89430236840
:102538001B0903F0F003984237D9FFF731FF002851
:10254800D6D1236843F00803236023686A6A23F01E
:10255800F0031343236063682A6A23F47F4343EA42
:1025680002236360FFF7B0FF754B1860754B18685E
:10257800FFF7CCFE0028BCD12B68DB0769D42B6899
:10258800990700F1AF802B681E0700F1F2802B68D5
:10259800590700F12F812B689A0600F1F081EB6A48
:1025A800002B40F020820020A3E7236843F00803B3
:1025B8002360236823F0F0030343236063682A6AD7
:1025C80023F47F4343EA02236360002ECAD1FFF756
:1025D800E7FE0028C6D08BE7EB6933B3236843F0E6
:1025E80001032360FFF7D6FE804623689B0711D5B9
:1025F800236843F00803236023686A6A23F0F00322
:102608001343236063682A6A23F47F4343EA02235F
:102618006360B1E7FFF7BEFEA0EB08000228E4D92B
:1026280023689A07E1D4032063E7236823F00103B2
:102638002360FFF7AFFE804623689A079CD5FFF713
:10264800A9FEA0EB08000228F6D923689907EAD466
:10265800F2E7082E03D00C2E08D1032F06D12368E9
:102668009A038CD56B68002B89D141E76B68B3F569
:10267800803F14D1236843F480332360FFF78AFE38
:102688008046236899033FF57AAFFFF783FEA0EBF6
:1026980008006428F5D923689B03C4D5F1E7B3F58E
:1026A800A02F04D1236843F480232360E2E7226843
:1026B80022F480322260226822F480222260002BD9
:1026C800DCD1FFF767FE804623689B037FF557AF91
:1026D800FFF760FEA0EB08006428F5D923689A0389
:1026E800A1D4F1E7042E03D00C2E10D1022F0ED165
:1026F80023685E0503D5EB68002B3FF4F9AE6368E9
:102708002A6923F0FE4343EA026363603BE7EB6810
:10271800D3B1236843F480732360FFF73BFE06467A
:1027280023685A05EBD4FFF735FE801B0228F7D93A
:10273800236859057FF577AFF2E700BF0010024024
:102748000800002010000020236823F48073236011
:10275800FFF720FE064623685F057FF514AFFFF7F5
:1027680019FE801B0228F6D923685B053FF55BAF8D
:10277800F1E76B692BB3AB69F3B9D4F8943023F064
:102788001003C4F89430D4F8943043F00103C4F82B
:102798009430FFF7FFFD0646D4F894309B073FF5C9
:1027A800F6AEFFF7F7FD801B0728F5D9D4F894306B
:1027B8009A077FF538AFEFE7D4F8943043F0100369
:1027C800DFE7D4F8943023F00103C4F89430FFF71E
:1027D800E1FD0646D4F8943099077FF5D8AEFFF7A7
:1027E800D9FD801B0728F5D9D4F894309F073FF509
:1027F8001AAFEFE7A36DDA0043D40127A36D43F0C6
:102808008053A365A36D03F080530193019BA74EEA
:102818003368DB0537D5AB68D80749D4D4F890209E
:1028280022F00102C4F89020D4F8902022F004028B
:10283800C4F89020002B4AD1FFF7ACFD41F288384C
:102848000646D4F89030990700F18D80D4F890307E
:102858001A0655D541F28838D4F8903023F0800311
:10286800C4F89030D4F89030190549D5FFF792FD97
:10287800801B4045F6D9D4F890301B053FF5D3AE00
:10288800F0E70027C3E7336843F480733360FFF74A
:1028980081FD80463368DA05BDD4FFF77BFDA0EBE8
:1028A80008000228F6D93368D9057FF5BCAEF1E7F0
:1028B80013F0040FD4F890301EBF43F00403C4F89B
:1028C8009030D4F8903043F00103C4F89030FFF70B
:1028D80061FD41F288380646D4F89030990717D53B
:1028E800AB6813F0800FD4F8903027D041F28838C5
:1028F80043F08003C4F89030D4F890301B0512D50B
:10290800002F3FF448AEA36D23F08053A36542E641
:10291800FFF740FD801B4045DED9D4F890309B0777
:102928007FF581AED8E7FFF735FD801B4045E3D939
:10293800D4F890301A057FF576AEDDE741F2883895
:1029480023F08003C4F89030D4F890301A05D7D516
:10295800FFF720FD801B4045F6D9D4F890301905C3
:102968003FF561AEF0E7FFF715FD801B40457FF6A8
:1029780068AFD4F890309B073FF555AE61E7AB6A76
:10298800C3B1D4F8983043F00103C4F89830FFF786
:1029980001FD0646D4F898309F073FF500AEFFF7D3
:1029A800F9FC801B0228F5D9D4F898309B077FF5ED
:1029B8003AAEEFE7D4F8983023F00103C4F8983022
:1029C800FFF7E8FC0646D4F898309A077FF5E7AD9C
:1029D800FFF7E0FC801B0228F5D9D4F89830990756
:1029E8003FF521AEEFE7A26802F00C020C2A63D093
:1029F800022B236823F08073236042D1FFF7CAFCBF
:102A0800064623689F0132D4E268294B13402A6B9B
:102A18001343AA6B43EA0223EA6B43EAC2636A6B75
:102A2800013A43EA02132A6C5208013A43EA425334
:102A38006A6C5208013A43EA4263E360236843F050
:102A480080732360E36843F08073E360FFF7A2FCC0
:102A58000546236899013FF5A6ADFFF79BFC401B8F
:102A68000228F6D9236898017FF5DDADF1E7FFF775
:102A780091FC801B0228C4D923689B013FF5D3AD84
:102A8800BFE7FFF787FC054623689B0104D4E2688B
:102A9800084B1340E36086E5FFF77CFC401B0228E7
:102AA800F2D923689A013FF5BEADEDE7007000400A
:102AB8000C809F01FCFFEEFE012B3FF419ADE3688B
:102AC8002A6B03F0030191427FF412AD696B03F0A6
:102AD800F0020139B2EB011F7FF40AADA96B03F4D0
:102AE800FE42B2EB012F7FF403ADE96B03F07842AD
:102AF800B2EBC16F7FF4FCAC2A6C03F4C00152083E
:102B0800013AB1EB425F7FF4F3AC6A6C03F0C06347
:102B18005208013AB3EB426F14BF01200020E8E4E9
:102B28002DE9F8430E46054610B90120BDE8F883A3
:102B3800724A136803F00F038B4232D3296888075F
:102B48003AD4C9077AD56F686D4C032F236840F0D3
:102B5800A0809A01E9D5E368E26803F00303C2F3B1
:102B68000312022B02F1010233D0032B39D0012BBF
:102B78003CD00023E268C2F3416201325200B3FB49
:102B8800F2F3604A93423FD9A36813F0F00F3BD1A8
:102B9800A3684FF0800823F0F00343F08003A3609C
:102BA80034E0136823F00F030B431360136803F03A
:102BB8000F038B42B9D1C1E7514AA868936803F063
:102BC800F003984281BF936823F0F00303439360B6
:102BD800B7E7E3684C49C3F30623B1FBF2F253436A
:102BE800C8E7E3684949C3F30623F6E72368484A78
:102BF8001B0755BFD4F894302368C3F30323C3F3EA
:102C0800031352F82330B5E74FF00008A36841F2E8
:102C1800883923F003033B43A360FFF7BBFB074658
:102C2800A3686A6803F00C03B3EB820F43D1B8F1D1
:102C3800000F03D0A36823F0F003A3602968880776
:102C48000BD52F4AA868936803F0F00398423FBF5A
:102C5800936823F0F00303439360284A136803F052
:102C68000F03B34235D84A073FD40B0707D5244A88
:102C78002969936823F4605343EAC1039360FFF71B
:102C880023FC244B1860244B1868BDE8F843FFF771
:102C98003DBB022F08D113F4003F3FF446AFFFF7C6
:102CA800BFFB184B98426EE717B913F0020FF4E711
:102CB80013F4806FF1E7FFF76DFBC01B4845AFD9F0
:102CC800A3686A6803F00C03B3EB820FA8D0032053
:102CD8002CE7136823F00F0333431360136803F0E2
:102CE8000F03B3427FF421AFBDE7054AE868936854
:102CF80023F4E06303439360B7E700BF002002407A
:102D08000010024000B4C4040024F40000127A0049
:102D18005C4B0208080000201000002008B5FFF7EF
:102D2800D3FB044B044A9B68C3F30223D35CD8400B
:102D380008BD00BF001002409C4B020808B5FFF711
:102D4800C3FB044B044A9B68C3F3C223D35CD8403B
:102D580008BD00BF001002409C4B02082DE9F04F4F
:102D680000234FF00F0A5E4C0A6832FA03F501D1CE
:102D7800BDE8F08F012505FA03F919EA020200F00F
:102D8800A18003274E684FEA430806F0030507FAB7
:102D980008FE6F1E012F6FEA0E0ED1F808C031D859
:102DA800876807EA0E0BCF6807FA08F747EA0B07A8
:102DB8008760476827EA0909C6F300179F4047EA72
:102DC80009074760C7680CFA08FC07EA0E074CEACF
:102DD8000707022DC7601AD14FEAD30C00EB8C0C01
:102DE80003F00709DCF820704FEA89090AFA09FBA1
:102DF80027EA0B0B0F6907FA09F747EA0B07CCF824
:102E0800207004E0032DDDD1BCF1010FDAD1076891
:102E180005FA08F507EA0E073D4316F4403F05603A
:102E280050D023F0030707F1804707F53D3703F03B
:102E3800030C3D6E4FEACC0C0AFA0CFE25EA0E0E86
:102E4800284DA84240D005F58065A8423ED005F53A
:102E58008065A8423CD005F58065A8423AD005F5C2
:102E68008065A84238D005F58065A84236D005F5BA
:102E78008065A84214BF0725062505FA0CF545EA22
:102E88000E053D66D743256816F4801F0CBF3D40EC
:102E980015432560656816F4001F0CBF3D401543B7
:102EA8006560D4F8845016F4003F0CBF3D401543CC
:102EB800C4F88450D4F88050F60354BF3D401543FD
:102EC800C4F8805001334FE70025D6E70125D4E741
:102ED8000225D2E70325D0E70425CEE70525CCE770
:102EE80000F40240000002420AB181617047816229
:102EF8007047012905D0022901D029B942608260B2
:102F080000E04260002070470120704710B1016066
:102F1800002070470120704770B5012504680646F7
:102F280004F01F039D40C4F300440A4B6401E258B7
:102F38002A4203D0E550436803B19847064BE2584C
:102F48002A4205D0E550B36813B1BDE87040184770
:102F580070BD00BF0CF4024010F40240024B186828
:102F680000F4C060704700BF00700040024A536818
:102F780043F400735360704700700040024A93683E
:102F880043F480439360704700700040044B186915
:102F9800C3045ABFC04300F400404FF48050704748
:102FA80000700040154A10B501461468FFF7EEFF9F
:102FB800B0F5004F20D0D3681B041DD404F4C064BE
:102FC8008C4201D1002010BD136823F4C0630B4369
:102FD80013600B4B0B491B68B3FBF1F303EB830343
:102FE8005169480501D5591C04D153695B05E9D5D8
:102FF8000320E8E7013BF3E70120E4E70070004025
:1030080008000020A086010007490302CA6803F4EB
:10301800E06322F4E0621204120C134343F0BF632E
:1030280043F40033CB60704700ED00E0154B30B53A
:10303800DC68C4F30224C4F10703E51C032B28BF92
:103048000323062D4FF0FF3594BF0024043C05FAF6
:1030580003F321EA0303A54022EA0502A34000285E
:1030680043EA0203ACBF00F16040074A4FEA43134A
:10307800DBB2ABBF00F5614000F00F0080F8003311
:10308800135430BD00ED00E014ED00E0002807DB2C
:1030980001234109034A00F01F00834042F8213010
:1030A800704700BF00E100E00138B0F1807F0BD22B
:1030B8004FF0E023E021054A586182F823100020F0
:1030C800072298611A6170470120704700ED00E0FF
:1030D8000146064A106810F0010009BF1368012074
:1030E80023F004030B4308BF136070470004034038
:1030F800034A0020136843F001031360704700BFC0
:103108000004034010B5026852E8003F23F49073AE
:1031180042E8003102680029F5D10F4C02F108039A
:1031280053E8003F234002F1080C4CE80031002925
:10313800F4D1C36E012B07D152E8003F23F01003EE
:1031480042E800310029F7D12023C0F88C30002351
:10315800C366436710BD00BFFEFFFFEF7047000066
:10316800F8B504462169A26823680A4361691D68A5
:10317800C0690A438449024329400A431A605A68CD
:10318800E16822F440520A435A60804AA169934296
:103198001CBF226A11439A6822F06E4222F4306200
:1031A8000A439A60DA6A616A22F00F020A43DA6215
:1031B800774A934230D1774BD3F8883003F0030332
:1031C800022B00F0D880032B00F0C880012B00F000
:1031D800CC80B0F5004F40F0D380FFF7AFFD00285A
:1031E80077D06D4B626A616833F812204B08B0FBE8
:1031F800F2F203EB4203B3FBF1F34FF6EF72A3F1E4
:103208001001914220D823F00F02216892B2C3F333
:1032180042031343CB605CE0604A934216D15D4B96
:10322800D3F8883003F00C03082B00F0A48008D8EA
:10323800002B40F09A80B0F5004F78D1FFF76EFD73
:10324800CDE70C2B00F08A80012043E0544A9342DA
:103258000AD1504BD3F8883003F03003202B00F00C
:103268008A80E5D9302BEDE74E4A934209D1494B84
:10327800D3F8883003F0C003802B7CD0D8D9C02B7A
:10328800E0E7494A93420BD1424BD3F8883003F424
:103298004073B3F5007F6ED0CAD9B3F5407FD1E74C
:1032A8003A4A9342D0D13B4BD3F8883003F4406379
:1032B800B3F5006F15D003D843B9FFF72FFD07E02A
:1032C800B3F5406FC0D14FF400400BE0FFF7A8F80A
:1032D80040B900204FF00113A3660023C4E91D3351
:1032E800F8BD32482C4B626A656833F8122005EB4A
:1032F8004501B0FBF2F39942A6D8B3EB053FA3D83A
:1033080000231946FDF79CFC0023064619464FF496
:10331800807768082A46E6FB0701FDF791FC244BF5
:10332800A0F540729A428FD82368D860D1E7FFF79A
:10333800F5FC0028CDD0616A174A636832F811207D
:10334800B0FBF2F000EB5300B0FBF3F04FF6EF7375
:10335800A0F11002E6E7FFF763F8EAE7B0F5004FDF
:103368003FF43FAF4FF40040E5E7B0F5004FF2D12E
:10337800FFF756F833E7B0F5004F0C48DBD130E7DC
:10338800FFF7DCFCD5E700BFF369FFCF0080004002
:103398000038014000100240B44B020800440040CD
:1033A80000480040004C0040005000400024F40059
:1033B800FFFC0F00836A10B51A0706D50168846BF5
:1033C8004A6822F4004222434A60DC0706D50168B5
:1033D800C46A4A6822F4003222434A60990706D533
:1033E8000168046B4A6822F4803222434A605A0713
:1033F80006D50168446B4A6822F4802222434A6059
:10340800DC0606D50168C46B8A6822F48052224320
:103418008A60990606D50168046C8A6822F400520D
:1034280022438A605A0610D50168446C4A68B4F58C
:10343800801F22F4801242EA04024A6005D14A68D9
:10344800846C22F4C00222434A601B0606D5026837
:10345800C16C536823F400230B43536010BD2DE95E
:10346800F84304460D4617469846DDF82090226832
:10347800D36935EA03030CBF01230023BB4201D003
:10348800002022E0B9F1FF3FF2D0FEF783FFA0EB66
:103498000800484529D8B9F1000F26D021680B68E3
:1034A8005A07E4D5802DE2D0402DE0D0CE6916F041
:1034B80008060CD0082520460D62FFF723FE0023DE
:1034C8000120C4F8905084F88430BDE8F883CB69B3
:1034D8001B05CCD54FF4006320460B62FFF712FEA4
:1034E800202384F88460C4F890300320EDE72DE9A8
:1034F800F7439846D0F888300446202B0E461746E6
:103508004ED119B9012003B0BDE8F083002AF9D0E3
:1035180021230025C0F89050C0F88830FEF73AFF04
:10352800A3688146B3F5805FA4F85470A4F8567078
:1035380003D123690BB935461E46B4F856204B46CD
:1035480092B2CDF800804AB940212046FFF787FFA4
:103558002023C4F888300028D5D008E00022802134
:103568002046FFF77CFF20B12023C4F888300320D1
:10357800C9E722688EB935F8023BC3F308039362A2
:10358800D4F8883003F02103212BBBD1B4F856209E
:10359800013A92B2A4F85620CFE716F8013BEEE7BD
:1035A8000220B0E72DE9F7439846D0F88C3004465E
:1035B800202B0F46164661D119B9012003B0BDE88A
:1035C800F083002AF9D022230025C0F89050C0F8D3
:1035D8008C30C566FEF7DEFEA3688146B3F5805FD2
:1035E800A4F85C60A4F85E600DD12369DBB1FF220A
:1035F8001646A4F86020B4F85E0080B2E0B9202333
:10360800C4F88C30DAE733B92569002DEFD07F2272
:103618001D461646EDE7B3F1805F0AD12369002BFA
:10362800F5D03F22E4E740F2FF123D4616461F461A
:10363800DFE72A462E46DCE74B46002220212046BB
:10364800CDF80080FFF70BFF20B120230320C4F83A
:103658008C30B3E723685B6A334067B925F8023BCF
:10366800D4F88C30222BA8D1B4F85E30013B9BB241
:10367800A4F85E30BFE707F8013BF1E702209DE7B9
:1036880073B500260446C0F89060FEF783FE2368F1
:1036980005461B681A071CD56FF07E433246009317
:1036A8004FF4001103462046FFF7D9FE88B122687F
:1036B80052E8003F23F0800342E800310029F6D1A8
:1036C8002023C4F888300320002384F8843002B013
:1036D80070BD23681B685B0724D56FF07E4300220A
:1036E80000934FF480012B462046FFF7B8FEC8B17F
:1036F800226852E8003F23F4907342E800312268C0
:103708000029F5D102F1080353E8003F23F0010333
:1037180002F1080040E800310029F3D12023C4F861
:103728008C30D0E720230020C4F88830C4F88C30CF
:10373800E0662067C8E710B5044650B3D0F8883073
:103748001BB980F88430FFF709FD24232268C4F8E8
:103758008830136823F001031360A36A13B120466D
:10376800FFF728FE2046FFF7FBFC012811D023684D
:103778002046BDE810405A6822F490425A609A6880
:1037880022F02A029A601A6842F001021A60FFF7D2
:1037980077BF012010BD000030B51C4B89B0DA6C32
:1037A800F8B942F00402DA64DB6C03F00403009316
:1037B800009B174B03A933F810500123CDE90433BC
:1037C80003230693134B039553F820402046FFF735
:1037D800C5FA204600222946FFF786FB002009B0DB
:1037E80030BD012808D142F00202DA64DB6C03F034
:1037F80002030193019BDCE742F00102DA64DB6C0F
:1038080003F001030293029BD3E700BF00100240BC
:10381800E04B0208D44B020808B5054B012233F8E7
:103828001010044B53F82000FFF75EFB002008BD82
:10383800E04B0208D44B020808B5054B002233F8C8
:103848001010044B53F82000FFF74EFB002008BD72
:10385800E04B0208D44B020870B5214B86B0DA6CF5
:10386800064642F00402DA64DB6C002003F004032D
:103878000093009B4FF40053019302230C46CDE9BB
:10388800030331B90291174801A9FFF767FA00202D
:1038980013E00129FBD14FF48813124801A90293C0
:1038A800FFF75CFA0C23104D104903FB0655284618
:1038B800FFF72CFB18B16FF0030006B070BD0C4A7F
:1038C80021462846FFF715FB02460028F3D10F21B1
:1038D8001820FFF7ABFB1820FFF7D8FBD7E700BF8E
:1038E800001002400008024298A802200D000006BD
:1038F800FF380008704708B50020FFF7FBFF08BD38
:103908000C22024B02FB0030FFF706BB98A80220EE
:1039180037B59425074B0190074C187801224FF4CE
:103928007A7305FB004001A9FFF7E1FD019803B098
:1039380030BD00BF94A80220A4A802200A684260F3
:103948004A6882600A89C2604A8902610C2242611F
:103958008A894FF4004182610022C0E9071242625D
:10396800FFF7E9BEFFF7EABF2DE9F04307460E4629
:1039780095B0002900F097804C4B4D4953F8202012
:103988009423434301EB0308CA504A494A4B4B4C22
:10399800CDE90B13CDE90D13494B4A49CDE9021383
:1039A8004FF4E163ADF80030ADF80430464B9A426D
:1039B80014BF0125002555D1A36D43F08053A3659D
:1039C800A36D03F080530493049BFFF7CFFAE36CD5
:1039D80043F04003E364E36C03F040030593059B65
:1039E800E36C43F04003E364E36C03F040030693A5
:1039F800069BE36D43F00103E365E36D03F0010308
:103A08000793079B14AB03EB450939F8483C0FA90A
:103A18000F930223109312930123119305F150037E
:103A28000DEB030414F8503C139314AB03EB85051A
:103A380055F8240CFFF792F939F8443C55F81C0C5A
:103A48000F9314F84C3C0FA91393FFF787F93146ED
:103A580040462FBBFFF772FF00B36FF0030015B0AD
:103A6800BDE8F083E36C43F00803E364E36C03F020
:103A780008030893089BE36C43F00803E364E36CD2
:103A880003F008030993099BA36D43F48023A365FE
:103A9800A36D03F480230A930A9BB3E70020DEE7B3
:103AA800FFF760FFD8E76FF00100D8E7CC4B0208BA
:103AB800A4A8022000180242000C02420010024092
:103AC800000100028000000100800040002908B5C4
:103AD80001DA0CF0FAFA03688B42FADD00EB810098
:103AE800406808BD034601680022012010B59142D4
:103AF80000DC10BD53F8044F01326043F7E770B59E
:103B08000568049C042D01D00CF0DFFA4568A5B9BE
:103B18000029F9D18668AEB9002AF5D1C568B5B9CA
:103B2800002BF1D10069B8B9002CEDD101FB0622B8
:103B380005FB023300FB034070BD0029E4DB8D4226
:103B4800E8DCE1E7002ADFDB9642E7DCDCE7002B74
:103B5800DADB9D42E6DCD7E7002CD5DBA042E5DCCA
:103B6800D2E770B515461E46FFF7B0FF314604464A
:103B78002846FFF7ABFF844201D00CF0A6FA70BDCF
:103B88002DE9F04F9A464369A1B01593B0F90A3070
:103B9800CDE91E120D93B0F90C30DDF8ACB00E93E0
:103BA800B0F90E300F93B0F910301093B0F902301D
:103BB8001193B0F904301293C3691693836A0A9378
:103BC800C36A0B93DDE90A32934201DD0CF07DFAFA
:103BD800DAF80030042BF9D1DBF80030042BF5D1EA
:103BE8002F9B1B68042BF1D100232F9A19465046AE
:103BF800FFF7B7FF03231990002158462F9AFFF7C4
:103C0800B0FF2E9BDAF8104008902BB12D98FFF7E3
:103C180069FF089B9842D9D1DAF808301A93DAF884
:103C28000C301B93DBF808301C93DBF80C301D9329
:103C3800DBF81030069394FBF3F3002BC6D0069AFA
:103C480002FB1344002CC1D1089A92FBF3F30C93A6
:103C5800002BBBD0A1462F9B9B6817932F9BDB683B
:103C68001893199B994580F29A80129B5B4209939D
:103C78000023029310E0119B5B42079300230393F8
:103C8800039B189A9342C0F28880029B0E9A0133D4
:103C98000293099B13440993029B179A9342EADB08
:103CA80009F10109DDE70C9B002594FBF3F3069A63
:103CB800099E534304951493049B1C9A93422DDB4D
:103CC8002E9B13B153F824301D441F9B284653F8EC
:103CD80024201E9B53F8241009F0F2FDDDE902238D
:103CE8000546009449462F98FFF709FF169B0134B3
:103CF8001D440A9B9D42B8BF1D460B9B9D42A8BF11
:103D08001D46309B1D54089B9C42CCDB039B0D9A9F
:103D180001330393079B13440793B1E70023079FDD
:103D28000593059B1D9A934205DB049B013304937D
:103D3800109B1E44C0E756EA070328D41B9BBB42CE
:103D480025DD1A9BB34222DD4FF000081CE0149BCE
:103D5800324643444946009350463B46FFF7CFFE60
:103D6800DDE904231390CDF8008021465846FFF77B
:103D7800C6FE139A2A9B08F101089B56159A13440C
:103D88002C9A125602FB0355069B9845DFDB059BD0
:103D9800013305930F9B1F44C3E70024B3E721B009
:103DA800BDE8F08F2DE9F04F2DED048BAE4BADF251
:103DB8000C4D1A680F46824609F0B1FAAB4B8046A3
:103DC800394650461A6809F0AAFA3C6806464CB1CA
:103DD8002368032B14D1A64B394650461A6809F0BC
:103DE8009EFA0446A34B394650461A6809F099FAD8
:103DF800D7F810B00546BBF1000F03D10CF065F9F8
:103E08000024EFE7D7F80C90B9F1000FF6D098F836
:103E18000800072800F03281092800F09083012863
:103E280040F01484BCAF4A465946384600F046FC78
:103E3800414629A809F083FAD8F80030314630A85D
:103E4800129309F07CFA002ED8D03368214637A89F
:103E5800119309F074FA04B124680DF1F8082946A1
:103E6800404609F06CFA002DC8D02B68002145A8FF
:103E7800209309F064FAB7F90A30D7ED0C8A139346
:103E8800B7F90C3097ED0D9A1493B7F90E3029ADA8
:103E98001593B7F910301693B7F902301793B7F99D
:103EA80004301893299B042BA8D1309B30AE042BE7
:103EB800A4D13E9B042BA1D1002342461946284693
:103EC800FFF74FFE03231990424600213046FFF7C3
:103ED80048FE2D9D0D902CB137A8FFF703FE0D9BD2
:103EE80083428BD12B9B329A1A932C9B1C921B9347
:103EF800349B339A089395FBF3F31D92002B3FF400
:103F08007DAF089A02FB1355002D7FF477AF0D9A09
:103F180092FBF3F31093002B3FF470AF409A419B50
:103F28001E921F93199BAB4240F35383189B5B422D
:103F38000E9300230B9310E0179B5B420F93002313
:103F48000C931F9B0C9A934200F38B800B9B149A43
:103F580001330B930E9B13440E931E9B0B9A9342B3
:103F6800EADC0135DEE7109B4FF0000A96FBF3F31D
:103F78009FED418A089A0E9F534321931C9B5345FA
:103F88002DDC002C6AD004EB8603D3ED007ADDE942
:103F98000B2338EE278AF4EEC88AF1EE10FAC8BF70
:103FA800B0EE688AB4EEC89AF1EE10FA0096294687
:103FB8003EA848BFB0EE498AFFF7A1FD209B013615
:103FC80003EB800080ED008A0D9BB342CBDC0C9B99
:103FD800139A01330C930F9B13440F93B1E74FF0DF
:103FE800000BDDF83C801D9B5B4504DC169B0AF149
:103FF800010A1F44C2E757EA08032AD41B9B43451A
:1040080027DD1A9BBB4224DD4FF000091EE0219BEF
:104018003A464B442946009329A84346FFF76FFDCB
:10402800129B524603EB8000D0ED009A5B46CDF818
:104038000090314630A8FFF762FD119B09F1010994
:1040480003EB8000D0ED007AA9EEA78A089B4B45C8
:10405800DDDC159B0BF1010B9844C4E7DFED067A14
:1040680095E70026B0E700BFF44B0208F04B0208C2
:10407800EC4B0208E84B0208000000001CB1207A53
:10408800022840F01F814A465946CAA800F048FB5A
:10409800D9F8243041461393D9F828304CA8149302
:1040A80009F04DF9D8F80030314653A8169309F0B5
:1040B80046F9002E3FF4A2AE336821465AA815935C
:1040C80009F03DF904B1246861AF2946384609F082
:1040D80036F9002D3FF492AE2B682693BDF93233A2
:1040E8001793BDF934331893BDF936331993BDF9D5
:1040F80038331A93BDF92A331B93BDF92C331C931B
:10410800D49B1193D59B1293DDE9113293423FF76B
:1041180075AE4C9B4CAD042B7FF470AE539B53AEE5
:10412800042B7FF46BAE619B042B7FF467AE0023F6
:104138003A4619462846FFF714FD03231D903A46D0
:1041480000213046FFF70DFD509D109034B15AA85C
:10415800FFF7C8FC109B83427FF450AE4E9B559AE4
:104168001E934F9B20921F93579B569A089395FB3B
:10417800F3F32192089A02FB1355002D7FF43EAE0B
:10418800109AAA4692FBF3F3639A2293649B2392B4
:1041980024931D9B534540F31C821C9B5B420E934A
:1041A80000230B9310E01B9B5B420F9300230C939F
:1041B800249B0C9A934200F383800B9B189A01333B
:1041C8000B930E9B13440E93239B0B9A9342EADCAA
:1041D8000AF1010ADDE70026229BB34695FBF3F3BB
:1041E800089A0E9F53432793209BB3422BDC14B1AC
:1041F80054F825309B44149B584653F82520139BAC
:1042080053F8251009F05CFBDDE90B230646009501
:10421800514661A8FFF773FC119B01359E42B8BF58
:104228001E46129B9E42A8BF1E46269B23F810607E
:10423800109BAB42CFDC0C9B179A01330C930F9B5E
:1042480013440F93B4E70023DDF83C800D93219BC2
:104258000D9A934203DC1A9B01361F44C4E757EAC0
:10426800080327D41F9B434524DD1E9BBB4221DD49
:104278004FF000091BE0279B3A464B4451460093F8
:104288004CA84346FFF73BFC169B324633F91030E7
:1042980029462593CDF800900D9B53A8FFF72FFCD6
:1042A800159B259A1B5609F1010912FB03BB089BB4
:1042B8004B45E0DC0D9B01330D93199B9844C6E7F1
:1042C8000025B5E7042840F031814A465946D8A868
:1042D80000F026FAD9F8243068AF1393D9F82830BB
:1042E80041463846149309F02AF8D8F80030314688
:1042F8006FA8269309F023F8002E3FF47FAD3368AA
:10430800214676A8259309F01AF829467DA8D4F8FD
:10431800009009F014F8002D3FF470AD2B68249339
:10432800BDF96A331593BDF96C331693BDF96E3335
:104338001793BDF970331893BDF962331993BDF91A
:1043480064331A93E29B1193E39B1293DDE91132D4
:1043580093423FF753AD689B042B7FF44FAD6F9B9F
:104368006FAD042B7FF44AAD7D9B7DAE042B7FF4AB
:1043780045AD0023324619463846FFF7F2FB0323C2
:104388001B90324600212846FFF7EBFB3C690E9054
:10439800B9F1000F06D076A8FFF7A4FB0E9B834265
:1043A8007FF42CAD6A9B719A1C936B9B1E921D9394
:1043B800739B729A0B9394FBF3F31F920B9A02FB75
:1043C8001344002C7FF41AAD0E9A92FBF3F37F9AF4
:1043D8002093809B219222931B9BA34240F3F98058
:1043E8001A9B4FF0000B5B4210930FE0199B5B4246
:1043F8000F9300230C93229B0C9A934200F3948012
:10440800109B169A0BF1010B13441093219B5B45EB
:10441800ECDC0134E0E7209B0B9A95FBF3F3534364
:104428002793002300220D930023CDE90823109E33
:104438001E9B0D9A934237DCB9F1000F0BD00899F7
:1044480059F8353009EBC502CB185268099942EB87
:104458000102CDE90832DDE90801149B139A53F8EB
:10446800253052F8252009F06FFA06460C9B009576
:104478005A4621467DA8FFF742FB119B01359E4213
:10448800B8BF1E46129B9E42A8BF1E46249B23F817
:1044980010600E9BAB42BEDC0C9B159A01330C934B
:1044A8000F9B13440F93A6E74FF0000A0F9F1F9B23
:1044B800534505DC0D9B01330D93189B1E44B7E74C
:1044C80057EA06032BD41D9BBB4228DD1C9BB34235
:1044D80025DD4FF000081FE0279B32464344214664
:1044E800009368A83B46FFF70AFB269B294633F949
:1044F80010300D9A2393CDF8008053466FA8FFF72C
:10450800FEFA259B239A1B56DDE90801C2FB8301AD
:10451800CDE9080108F101080B9B4345DCDC179B3A
:104528000AF1010A1F44C2E70025B2E706F032FF8C
:10453800227A0146494808F0DBFD01204AE0307A3A
:1045480009284DD012287BD1DAF84430D9F8341034
:104558005046984731460746F4A8D6F800A008F018
:10456800EEFEF4A8FFF7BEFA3A460146504609F0B7
:1045780041FA4A465946E6A800F0D2F8D9E909A90D
:10458800414684A808F0DBFED8F800B00DF50B789A
:104598003146404692AE08F0D2FE2146304608F039
:1045A800CEFE04B12468294699A808F0C8FE002D5B
:1045B8003FF424AC4A4651462B68CDE90276CDE952
:1045C80000B899A8CDE904400693E6A884ABFFF7A4
:1045D800D7FA00200DF20C4DBDEC048BBDE8F08F2E
:1045E8004A465946F4A800F09BF8D9E909A941467A
:1045F800A0A8A7AF08F0A3FE31463846D8F8008037
:1046080008F09DFED6F800B0AEAE2146304608F060
:1046180096FE04B124682946B5A808F090FE002D3E
:104628003FF4ECAB2B68B5A8CDE9044006934A46A5
:104638005146CDE902B6CDE90087A0ABF4A8C6E79C
:1046480006F0A8FE327A0146054874E706F0A2FE95
:1046580098F80820014603486DE700BFA11C02082E
:10466800C21C0208E51C0208002313B50446CDE964
:104678000033044A044B054908F02AFE204602B0DC
:1046880010BD00BF79490008AD3D00087747000814
:1046980010B50446184623B1012C03D0022C06D0CD
:1046A800002010BD1944013991FBF0F0F9E71944D5
:1046B800029B013A5A430132891AF5E70B7B70B520
:1046C800012B04460D4616461AD0032B1AD0022B8E
:1046D8001BD06FF400020F4B28786363226308F045
:1046E80043FE33682070638073682046A3806B683C
:1046F8006381AB68A3812B69E3816B69238270BDF9
:104708000022E8E70022044BE6E74FF07E53034A15
:10471800E2E700BFFFFF7F7F0000C040000080BFCE
:1047280070B51546044613690E465B4243615369EA
:104738005B4283619369C361D3690362136A5B4215
:104748004362087808F010FE6B682070A3802B681D
:1047580020466380B368A381736863817369238289
:104768003369E381EB6AA3622B6BE36270BD836BF1
:1047780010B50BB90BF0A9FC3821BDE8104018475B
:104788002DE9F04F9A460B688FB01B680546023B2F
:10479800012B0F4616461E9C07D96C4B6C4A00939A
:1047A800582344696B49A04711E04B68D3F800903F
:1047B800B9F1010F0DD00123CDE90293664B644A8C
:1047C8000193664B6649009344695923A047012029
:1047D80091E0936892F800B00A935368D2F8108079
:1047E8000B9353695146199A0C93CDF800800B9B93
:1047F8005846FFF74DFF0C9B1A9A18990D90009395
:1048080058460A9BFFF744FF1A9B0C9A013B5343F7
:104818000A9A0138013302FB0033189A0D999B1A42
:10482800199A23EAE373013A08FB02F201F1FF380F
:104838000B99013201FB0822A2EB0A0222EAE2727A
:104848005110D5F80C80216002F00102591003F0D4
:1048580001036160A260394600224046E36008F027
:10486800F9F8824638B93F4B009366236C692846AD
:10487800374A384997E74A463946404608F0EAF841
:10488800814620B9384B00936C696923EFE73946B4
:104898000222404608F0DEF83946834600224046A8
:1048A80008F0EDF8074620B9304B00936C696E2389
:1048B800DDE79DF87430012B20D1DAF80C30394649
:1048C8002361D9F80C3040466361FB68A361D8F8CE
:1048D80000309B699847D8F80030514640469B699C
:1048E8009847D8F80030494640469B699847BBF13D
:1048F800000F23D100200FB0BDE8F08FD9F8143095
:104908000C365B684A460893A36A51460793636A64
:10491800CDE90006069304F13003059304F12C0356
:10492800049304F12003039304F11C030293284623
:104938005B4608F0A1FE0028BFD0DCE7D8F80030BD
:10494800594640469B699847D4E700BF791D02083D
:10495800011D0208621D0208B5270208B71D0208DA
:104968009D1D0208CB1D0208DC1D0208EE1D020871
:104978002DE9F04FD1F80CA00446884699B0BAF159
:10498800000F01D10BF0A1FBD1F810B0BBF1000F63
:10499800F8D0C6680022304608F071F8814668B938
:1049A8006B4B00939623656920466A4A6A49A84773
:1049B8004FF00108404619B0BDE8F08F002241468B
:1049C800304608F047F8074620B9644B00936569FC
:1049D8009923E9E701224146304608F03BF80546AD
:1049E80020B95F4B009365699C23DDE73B7F99F80D
:1049F8001C2093420CD0CDE902325A4B01935A4BFA
:104A080000939E2365692046524A5849A847CFE734
:104A1800012B07D1037F012B0ED02046636954492F
:104A28009847C5E7072B02D1037F092BF4E7092B29
:104A3800F3D1037F122BF8D17B692046DA689B6893
:104A480009926A690A93D3680B9393680C93D9F80F
:104A58001430D9689B680D915168A26B89000F9337
:104A68000E919047A26BCAF824000E9920469047F1
:104A78003A7F0F9B092ACAF8280001D0072A24D1B7
:104A88002968012909D00123CDE90213394B019383
:104A9800394B00936569B923B5E7696800293FF484
:104AA80071AF086800283FF46DAF496800293FF4EA
:104AB80069AF0068012808D069694968884204D04C
:104AC8002E4B00936569C2236EE704930D9B414604
:104AD80003930C9BCDE9052A02930B9B5A4601933D
:104AE8000A9B20460093099BFFF74AFE8046002850
:104AF8007FF460AF2B7F122B15D1696951F804BB85
:104B0800BBF1060F3FF73EAF4FEA8B0212A80BF03E
:104B18001EFD4346012111AA9B4514DC2046236C47
:104B28000AF1340298473368294630469B6998470A
:104B38003368394630469B6998473368494630465A
:104B48009B69984736E752F8040F01334143E3E77E
:104B5800EE1D0208011D0208621D0208CB1D020895
:104B6800DC1D0208001E02080D1E02089D1D020819
:104B7800191E0208AB1E0208C51E0208DF1E020825
:104B8800836B10B50BB90BF0A0FA3821BDE81040C3
:104B980018472DE9F04F9A46B0F90A30A1B00E93A4
:104BA800B0F90C30CDE91E120F93B0F90E30DDF8D4
:104BB800BCB01093B0F910301193B0F902301293D1
:104BC800B0F904301393B0F9123008934369159380
:104BD800C3691693836A0B93C36A0C93DAF800309F
:104BE800042B01D00BF071FA2B9B1B68042BF9D115
:104BF800DBF80030042BF5D1DDE90B329342F1DC10
:104C080000235A4619465046FEF7ABFF03235A467F
:104C1800194619902B98FEF7A4FFDAF80830179375
:104C2800DAF80C301893DAF810300D932B9B0D9AA4
:104C38009B681A932B9BDB681B93DBF808301C934B
:104C4800DBF80C301D93089B02FB03F48442C9D1A6
:104C58002D98FEF747FFA042C4D14FF000098EE01F
:104C68000025DDF828800695069B1A9A934234DAC7
:104C78000023099F079326E058EA07031ED4189BD0
:104C8800BB421BDD179B434518DD059B4246494641
:104C9800009350463B46FEF732FFDDE906231490A9
:104CA80000212B980094FEF72AFF149A2A9B9B5602
:104CB800159A13442C9A125602FB0355079B01338D
:104CC8000793109B1F44079B1B9A9342D4DB069BB8
:104CD80001330693119B9844C6E72E9B13B153F8F2
:104CE80024301D441F9B284653F824201E9B53F84C
:104CF800241008F0E5FDDDE9032305460094494644
:104D08005846FEF7FCFE169B01341D440B9B9D4242
:104D1800B8BF1D460C9B9D42A8BF1D46309B1D5425
:104D2800089AA31B9A429BDC059B16440133059302
:104D3800059B0D9A93420DDB049B0E9A0133049355
:104D4800099B13440993049B1D9A934204DA002695
:104D58000596EDE73446E3E7039B0F9A0133039387
:104D68000A9B13440A93039B1C9A934205DA129BED
:104D78005B42099300230493E5E709F10109199BB4
:104D8800994505DA139B5B420A9300230393EAE7EC
:104D980021B0BDE8F08F00002DE9F04F2DED068B16
:104DA800D1F80C9083468846ADF5597DB9F1000FCE
:104DB80001D10BF08AF9D1F810A0BAF1000FF8D0A0
:104DC800A34B1A6808F0ADFAA24B41461A6805468B
:104DD800584608F0A4FAA04B0746414658461A68B8
:104DE80008F09DFAD8F80040064654B12368032B12
:104DF80040F08680994B414658461A6808F08FFA69
:104E08000446387A072800F0AE81092800F02A8184
:104E1800012840F0E4820DF518784A46514640468C
:104E280000F0FEFA394628A808F089FA3B683146AE
:104E38002FA8149308F083FA002EBAD033682146BD
:104E480036A8139308F07BFA04B124683DAF2946CD
:104E5800384608F074FA002DABD02B68D8ED0C8AD0
:104E68002293B8F90A3098ED0D9A1593B8F90C30D9
:104E780028AE1693B8F90E301793B8F91030189376
:104E8800B8F902301993B8F904301A93B8F9123006
:104E98000D93289B042B8CD12F9B2FAD042B88D1ED
:104EA8003D9B042B85D100233A4619463046FEF730
:104EB80058FE03233A4619461B902846FEF751FE32
:104EC8002A9B80461C932B9B1D932C9B1193319BF3
:104ED800119A1E93329B1F933F9B2093409B2193D3
:104EE8000D9B534398427FF464AF36A8FEF7FAFD52
:104EF80080457FF45EAF4FF00008DFED599A9EE0E1
:104F080000247EE74FF0000B9FED558A09EB05035F
:104F1800109F12931E9B5B4534DD4FF0000A0F9ED5
:104F280028E057EA060321D41D9BB3421EDD1C9BD3
:104F3800BB421BDD089B3A464146009328A83346EE
:104F4800FEF7DDFD149B5A4603EB8000129B90EDA3
:104F580000AA002100932FA85346FEF7D0FD139B0B
:104F680003EB8000D0ED007AAAEE278A179B0AF19E
:104F7800010A1E441F9B5345D3DC189B0BF1010B00
:104F88001F44C7E7002C36D00E9BD3ED007A38EECD
:104F9800278AF4EEC88AF1EE10FAC8BFB0EE688A24
:104FA800B4EEC89AF1EE10FA129B414600933DA860
:104FB800DDE90B3248BFB0EE498AFEF7A0FD229B1F
:104FC80009F1010903EB800080ED008A0E9B043390
:104FD8000E930D9B4B4595DC089B013308930D9B65
:104FE8001D44119B089A934208DD04EB85034FF09A
:104FF80000090E93EDE7F0EE697AC8E70B9B159A66
:1050080001330B930F9B13440F93219B0B9A9342ED
:1050180002DD00250895E4E70C9B169A01330C93F2
:10502800109B13441093209B0C9A934205DD199B07
:105038005B420F9300230B93E7E708F101081B9BE2
:10504800434559DD1A9B5B42109300230C93EAE712
:10505800F84B0208044C0208004C0208FC4B0208FA
:1050680000000000307A09284DD0122840F0A881AD
:10507800DBF84430D9F83410584698473146804612
:10508800C8A8D6F800B008F05AF9C8A8FEF72AFD53
:1050980042460146584608F0ADFC4A465146A8A883
:1050A80000F0F2F9D9E909A9394644A808F047F906
:1050B800D7F800B04BAF3146384652AE08F03FF94A
:1050C8002146304608F03BF904B12468294659A81E
:1050D80008F035F9002D3FF46CAE4A4651462B686E
:1050E800CDE90286CDE900B759A8CDE90440069379
:1050F800A8A844ABFFF74DFD00200DF5597DBDEC88
:10510800068BBDE8F08F4A465146B8A800F0BCF9B6
:10511800D9E90989394660A808F011F9D7F800A03B
:1051280067AF3146384608F00AF9D6F800B06EAED7
:105138002146304608F003F904B12468294675A8C9
:1051480008F0FDF8002D3FF434AE2B6875A8CDE9C2
:10515800044006934A464146CDE902B6CDE900A788
:1051680060ABB8A8C6E7307A092840F029814A46DA
:105178005146C8A800F088F9D9F824303946159363
:10518800D9F828307CA8169308F0D9F83B6831463E
:1051980083A8189308F0D3F8336821468AA8179390
:1051A80008F0CDF804B1246891AE2946304608F0DD
:1051B800C6F8002D3FF4FDAD2B680DF5F87A27935E
:1051C800BDF92A331993BDF92C331A93BDF92E333F
:1051D8001B93BDF930331C93BDF922331D93BDF9E0
:1051E80024331E93BDF932330F93D29B1293D39B72
:1051F8001393DAF80030042B7FF4DBAD839B83AD87
:10520800042B7FF4D6AD919B042B7FF4D2ADDDE95E
:10521800123293423FF7CDAD00233246194650462D
:10522800FEF79FFC0323324619461F902846FEF7D7
:1052380098FCDAF8083007462093DAF80C30219306
:10524800DAF810301493859B149A2293869B239343
:10525800939B2493949B25930F9B534398427FF4ED
:10526800A8AD8AA8FEF73EFC87427FF4A2AD4FF0B6
:1052780000099BE0002300220E930023CDE90823B8
:10528800DDF84480229B0E9A934237DD0023109F5D
:105298000D9329E057EA080321D4219BBB421EDD68
:1052A800209B43451BDD0B9B4246494600935046D5
:1052B8003B46FEF724FC189B002133F9103000957B
:1052C800269383A8DDE90D32FEF719FC179B269A71
:1052D8001B56DDE90801C2FB8301CDE908010D9BDE
:1052E80001330D931B9B1F44239B0D9A9342D1DCE2
:1052F8000E9B01330E931C9B9844C3E75CB108993D
:1053080054F8353004EBC502CB185268099942EBC2
:105318000102CDE90832DDE90801169B159A53F818
:10532800253052F8252008F00FFB07460C9B009506
:105338005A46494691A8FEF7E2FB129B01359F4267
:10534800B8BF1F46139B9F42A8BF1F46279B23F841
:1053580010700F9AAB1B9A428CDC0B9B16440133DE
:105368000B93149B0B9A93420DDC0C9B199A0133F7
:105378000C93109B13441093259B0C9A934204DDC5
:1053880000260B96EDE73546E3E7119B1A9A0BF1D9
:10539800010B13441193249B5B4505DD1D9B5B4268
:1053A800109300230C93E7E709F101091F9B4B4574
:1053B8007FF7A2AE1E9B4FF0000B5B421193EAE70A
:1053C80005F0E8FF0446387A357A05F0E3FF2A4607
:1053D80003462146064807F08BFE01208DE605F0BE
:1053E800D9FF3A7A0146034807F082FEF5E700BF85
:1053F800581F02088D1F0208002313B50446CDE983
:105408000033044A044B054907F062FF204602B006
:1054180010BD00BFD5560008A14D0008894B0008F3
:105428000B7C70B5012B04460D4616461CD0032B89
:105438001CD0022B1DD06FF40002104B2878636338
:10544800226307F091FF33682070638073682046F9
:10545800A3806B686381AB68A3816B69E381AB69E7
:105468002382EB68638270BD0022E6E70022044BCA
:10547800E4E74FF07E53034AE0E700BFFFFF7F7F7A
:105488000000C040000080BF70B5154604460E46B7
:1054980013695B42436153695B4283619369C361EA
:1054A800D3690362136A5B424362087807F05CFFC2
:1054B8006B682070A3802B6820466380B368A38143
:1054C80073686381B36923827369E381F3686382D4
:1054D800EB6AA3622B6BE36270BD00002DE9F04F0D
:1054E80099460B688FB01B6806460A93023B012B4E
:1054F800884617461E9C07D9674B684A009358236D
:1055080044696749A0470FE04B681B68012B0FD01F
:105518000122CDE90232634B604A0193624B634931
:10552800009344695923A04701200FB0BDE8F08FCC
:10553800936892F800B00B935368D2E9055A49462C
:10554800199A009558460C93FFF7A2F80B9B1A9AE4
:1055580018990D90CDF800A05846FFF799F81A9BB6
:105568000B9A013B0AFB03F30138013302FB0033BA
:10557800189A0D999B1A199A23EAE373013A6A4318
:105588004D1E0C99013201FB0522A2EB090222EA09
:10559800E27251102160591003F00103F568E360CD
:1055A800434B02F001026160A260414628461A6836
:1055B80007F050FA824638B93E4B00936623746967
:1055C8003046364A36499DE73B4B414628461A68DD
:1055D80007F040FA814620B9384B00937469692373
:1055E800EEE7374B41461A68284607F033FA354B41
:1055F800414683461A68284607F041FA804620B992
:10560800314B009374696E23DAE79DF87430012BEF
:1056180021D1DAF80C3051462361D9F80C302846EC
:105628006361D8F80C30A3612B689B6998472B6895
:1056380049469B69284698470A9B032B04D12B6847
:10564800594628469B6998472B68284641469B69D6
:105658009847002069E7D9F8143010371B694A4683
:105668000893A36A51460793636ACDE90007069336
:1056780004F13003059304F12C03049304F120038F
:10568800039304F11C03029330465B4607F0F4FFD2
:105698000028BED049E700BF791D0208AF1F0208E5
:1056A800621D0208B5270208B71D02089D1D0208E1
:1056B800F44B0208CB1D0208F04B0208DC1D02085F
:1056C800EC4B0208E84B0208EE1D02082DE9F04FEA
:1056D800D1F80CA00446884699B0BAF1000F01D160
:1056E8000AF0F3FCD1F810B0BBF1000FF8D0C6688F
:1056F8000022304607F0C3F9814660B9674B009332
:10570800962365692046664A6649A84701242046CB
:1057180019B0BDE8F08F00224146304607F09AF9EB
:10572800074620B9604B009365699923EAE701228F
:105738004146304607F08EF9054620B95B4B009389
:1057480065699C23DEE77B69DA689B6809920A939E
:1057580043692046DA680B929A680C92D9F81420AB
:10576800D16892680D911969A36B89000E920F9107
:105778009847A36BCAF824000F99204698473B7FA7
:10578800CAF82800092B31D12A68012A0DD0012333
:10579800CDE90223464B0193464B0093B02365693C
:1057A80020463F4A4449A847B0E76A68002A97D08C
:1057B8001068002894D05168002991D00268012A05
:1057C80008D068690069824204D03C4B009365693F
:1057D800B92397E709688A4208D0394BCDE90221F5
:1057E8000193384B00936569BE23D9E72A7F93421A
:1057F80034D0092B2BD1122A32D0092A29D1CDF83D
:1058080018A03B7F204605930E9B5A4604930D9B98
:10581800414603930C9B02930B9B01930A9B0093B5
:10582800099BFFF75BFE044600287FF470AF3368DE
:10583800494630469B6998473368394630469B69E4
:1058480098473368294630469B6998475FE7072B96
:10585800D3D0204663691C49984757E7122BCED10D
:10586800696951F8043B062B3FF73AAF9A0012A832
:105878000F930AF06CFE002201210F9B11A893429E
:1058880005DC2046236C0AF134029847B7E750F844
:1058980004CF01320CFB01F1F1E700BFEE1D020855
:1058A800AF1F0208621D0208CB1D0208DC1D02089A
:1058B800AB1E0208C51E02089D1D02081A20020818
:1058C8009C200208C2200208E3200208836B10B55E
:1058D8000BB90AF0FAFB3021BDE810401847000068
:1058E8002DE9F04FD1F80CA004460F46C5688FB0DB
:1058F800BAF1000F01D10AF0E8FBD1F810B0BBF102
:10590800000FF8D0564B28461A6807F0A3F88046CF
:1059180060B9544B0093302365692046524A534975
:10592800A847012420460FB0BDE8F08F504B3946F8
:1059380028461A6807F08EF8064620B94D4B0093A2
:1059480065693323E9E74C4B39461A68284607F05E
:1059580081F84A4B394681461A68284607F08FF87D
:10596800074620B9464B009365693823D5E798F870
:105978001C003B7F834212D0666905F00BFD05468B
:10598800387F05F007FD3F4BCDE9025001933E4BB0
:1059980020460093344A39233C49B047C1E70128DF
:1059A800337F0DD1012B2DD005F0F4FC0446307F58
:1059B80005F0F0FC21460246354807F099FBB0E7B0
:1059C800092819D1092B1DD0122BEDD1716951F875
:1059D800043B062B8FDC9A0008A805930AF0B7FD54
:1059E80000220121059B07A8934232DC2046236C44
:1059F8000AF12002984705E0072801D1092BD2E7D0
:105A0800122BE3D098F81C209BF800102046434640
:105A1800CDE9027ACDE9006900F0FAFD04460028D4
:105A280080D12B68414628469B6998472B683146A8
:105A380028469B699847B9F1000F04D02B6849465E
:105A480028469B6998472B68394628469B6998479A
:105A580068E750F804CF01320CFB01F1C4E700BF3E
:105A6800144C0208CB1D02087F210208621D02089F
:105A7800104C0208DC1D02080C4C0208084C0208F5
:105A8800EE1D0208001E02080D1E0208E42102088D
:105A9800FE210208002938B50346046801DBA1424B
:105AA80001DB0AF012FB0022012004338A420CBFFA
:105AB800012553F822500132944205FB00F0F5DC31
:105AC80038BD2DE9F04F8DB00A930368176802932B
:105AD8004368012F0393836815460493C368179C92
:105AE80005930369099106934369009383690193B8
:105AF80001DC0AF0EAFA2668002EFADDDDE9003258
:105B08009342F6DC013E31462046FFF7C3FF31469B
:105B180007902046FDF7DAFFB91E04462846FDF730
:105B2800D5FF8442E5DC2846791E0026FDF7CEFF26
:105B3800B1460546B246079B53453FDD4FF0000886
:105B4800189B474603EB090B28E01EF9012B039924
:105B580008921CF9012B01330A440B920299089A06
:105B68000A4411460B9A01FB02009D42EDDC169B8C
:105B780013B153F827301844DDE9051207F0A0FEE9
:105B8800049B01371844009BA8449842B8BF1846A4
:105B9800019B9842A8BF18460BF8010BBC4208DDD0
:105BA800099B03EB060E0A9B03EB080C002318461F
:105BB800DBE70AF1010AA1442E44BCE70DB0BDE8B9
:105BC800F08F0000002313B50446CDE90033044AE2
:105BD800044B054907F07CFB204602B010BD00BF0E
:105BE800E9580008015C0008D558000808B508B94C
:105BF8000AF06BFA006808BD2DE9F04F2DED028B15
:105C0800D1F810A081460D46ADF2145DBAF1000F2F
:105C180001D10AF05AFABD4B1A6807F080FBBC4B59
:105C280029461A688046484607F079FBB94B294649
:105C38001A680746484607F072FBB74B29460446E0
:105C48001A68484607F06DFBED680646002DE0D05F
:105C580098F80800072800F0C981092800F08F800B
:105C6800012840F09C84F4AD28469AF8001000F012
:105C7800B3FC414614A807F062FB0DF16C09D8F893
:105C8800003039464846059307F059FB002FC0D02D
:105C98003B68214622A81F4607F051FB04B124683F
:105CA8000DF1A40A3146504607F049FB002EB0D04A
:105CB800336850460793299BD9F8006003F1FF3BEE
:105CC8005946FFF7E7FEB11E06904846FDF7FEFE6F
:105CD80095ED078AD5ED088A594605465046FDF7E1
:105CE800F5FE854295D14846711EFDF7EFFE00236B
:105CF80002469C461846DFED896A0699614540F3DD
:105D080087800026079901EB8009059901EB830834
:105D1800314622E0BAEC016ABBEC017AE6EE077A7A
:105D28000EF1010E7245F5DC0CB304EB810E9EED0D
:105D3800007A77EE877AB4EEE78AF1EE10FAC8BFF8
:105D4800F0EE487AF4EEE78AF1EE10FA48BFF0EE8A
:105D5800687AE9EC017A01311644A9420ADAC246A6
:105D68004FF0000EDFED6D7A07EB860BDAE7B0EE49
:105D7800667ADEE70CF1010C28441344BDE7387A53
:105D8800092851D0122840F00084D9F84430296AF3
:105D98004846984781463846FFF728FF39468246E5
:105DA8000DF59D6007F0CBFA00230121DDF8E8240A
:105DB8000DF59D6C934232DB4A46504607F01AFEB9
:105DC8002946FEA800F0F6FB414630A807F0B7FACE
:105DD8004046FFF70BFF3946054637A807F0AFFAEC
:105DE80021463EA807F0ABFA04B1246845AF314616
:105DF800384607F0A4FA002E3FF40BAF3368294663
:105E0800CDE901734B46009437AAFEA8FFF759FE67
:105E180000200DF2145DBDEC028BBDE8F08F5CF83C
:105E2800040F01334143C5E795F82C302946002B70
:105E380000F0AF800DF5846000F0BCFB6B6A414652
:105E48000993AB6A4CA80A9307F079FA4046FFF722
:105E5800CDFE53AD39460B90284607F070FA384608
:105E6800FFF7C4FE21460C905AA807F068FA04B15F
:105E7800246861AF3146384607F061FA002E3FF4D6
:105E8800C8AE3368D5F800801093DDF82034B8F137
:105E9800010F0D93DDF828340E93DDF834340593A3
:105EA800DDF8383406937FF7B4AE619E002E7FF795
:105EB800B0AEDDE9053293423FF7ABAE013E314665
:105EC8003846FFF7E7FD31460F903846FDF7FEFDEF
:105ED800A8F1020106462846FDF7F8FD86423FF77D
:105EE80098AE08F1FF3128464FF00008FDF7EEFDA7
:105EF800C2460746C3460F9B5B4589DD4FF0000944
:105F0800109B4D465344089333E000BF144C0208DD
:105F1800104C02080C4C0208084C02080000000053
:105F280007991CF9012B11F901EB013307910D9920
:105F38000A440EFB02009F42F2DC14B154F82530EB
:105F480018440A9BB94453F82520099B53F8251097
:105F580007F0B6FC0E9B01351844059B9842B8BF64
:105F68001846069B9842A8BF1846089B03F8010BE1
:105F78000893AE4208DD0B9B03EB080C0C9B4B44CB
:105F8800079300231846D6E70BF1010BB244B84437
:105F9800B1E70DF5896000F00DFB414668A807F0F0
:105FA800CEF94046FFF722FE394605466FA807F0AE
:105FB800C6F93846FFF71AFE2146074676A807F0C5
:105FC800BEF904B124680DF5FA783146404607F069
:105FD800B6F9002E3FF41DAE33682946CDE901839A
:105FE80000943B466FAA0DF589600FE7387A0928B7
:105FF80040F0CB821CB1237A022B40F0548195F8F3
:106008002C302946002B00F0A4800DF58E6000F09E
:10601800D1FA6B6A41460993AB6A84A80A938BAD9F
:1060280007F08DF9D8F80030394628460C9307F068
:1060380086F93846FFF7DAFD21460B9092A807F05B
:106048007EF904B1246899AF3146384607F077F9EC
:10605800002E3FF4DEAD33682E681093DDF87034FF
:10606800012E0D93DDF878340E93DDF88434069311
:10607800DDF8883407937FF7CCAD999B002B7FF729
:10608800C8ADDDE906218A423FF7C3AD03F1FF3809
:1060980041463846FFF7FEFC41460F903846FDF76B
:1060A80015FDB11E07462846FDF710FD87423FF74C
:1060B800B0AD711E28460026FDF708FDB2468046A1
:1060C800B3460F9B5B457FF7A3AE4FF00009109BCB
:1060D8004D4603EB4A0305930C9B03EB46031193D0
:1060E80028E008991CF901EB31F9022B01330891DA
:1060F8000D990A440EFB02009845F2DC14B154F8DD
:10610800253018440A9BC14453F82520099B53F8AD
:10611800251007F0D5FB0E9B01351844069B9842C5
:10612800B8BF1846079B9842A8BF1846059B23F896
:10613800020B0593AF4207DD0B9B03EB090C119B88
:10614800089300231846D7E70BF1010BBA444644DD
:10615800B7E70DF5936000F02DFA4146A0A807F0C7
:10616800EEF8D8F800303946A7A8099307F0E7F801
:106178003846FFF73BFD21460890AEA807F0DFF848
:1061880004B12468B5AF3146384607F0D8F8002E78
:106198003FF43FAD3368A79E1193DDF89834012E84
:1061A8000A93DDF89C34A7AD0B93DDF8A0340C936B
:1061B800DDF8A4340D93DDF8A8340E93DDF8AC3483
:1061C8000593DDF8B03406937FF723ADB59B002B1C
:1061D8007FF71FADDDE905218A423FF71AAD03F1CC
:1061E800FF3841463846FFF755FC41460F90384680
:1061F800FDF76CFCB11E83462846FDF767FC834516
:106208003FF707AD2846711E0025FDF75FFCA9463C
:106218000646AA460F9B53457FF7FAAD4FF0000894
:10622800119B474603EB49030793099B03EB45037F
:10623800129329E03CF9022B0B9910921EF9012BBD
:1062480001330A4413920A99109A0A441146139A80
:1062580001FB02009E42EDDC14B154F827301844CB
:10626800DDE90D1207F02CFB0C9B01371844059B48
:10627800B0449842B8BF1846069B9842A8BF184633
:10628800079B23F8020B0793BB4507DD089BDDF846
:1062980048C003EB080E00231846DBE70AF1010AA1
:1062A800D9443544B6E7042B7FF4B2AD95F82C30C9
:1062B8002946002B00F0B2800DF5986000F07AF9BD
:1062C8006B6A41460993AB6ABCA80A93C3AD07F051
:1062D80036F8D8F8003039462846119307F02FF8D9
:1062E8003846FFF783FC21460B90CAA807F027F829
:1062F800D4F80090D1AC3146204607F020F8002EA3
:106308003FF487AC3368C39D1093DDF8C034012D8A
:106318000C93DDF8C8340D93DDF8D4340693DDF81A
:10632800D83407937FF775ACD19E002E7FF771ACF8
:10633800DDE9063293423FF76CAC013E3146204618
:10634800FFF7A8FB31460E902046FDF7BFFBA91EBC
:106358008346C3A8FDF7BAFB83453FF75AAC691ECD
:10636800C3A80025FDF7B2FBA8460646AA460E9B21
:1063780053457FF74DAD0027109B3C4603EB480380
:106388000893119B03EB4503129337E01EF9013B79
:106398003CF9021B0F930C9B01320B440F994B43A2
:1063A8000599181841EBE37305939642EEDCB9F1B1
:1063B800000F0AD059F8343009EBC402C318184644
:1063C8005268059B43EB020305930A9B099A53F80D
:1063D800243052F82420059907F0B6FA0D9B0134B1
:1063E8001844069B37449842B8BF1846079B984202
:1063F800A8BF1846089B23F8020B0893A34508DD9D
:1064080000220B9B1046DDF848C003EB070E0592EF
:10641800CBE70AF1010AD8443544A8E70DF59D6099
:1064280000F0C8F84146D8A806F089FFDFADD8F8D3
:10643800003039462846129306F081FF3846FFF7A8
:10644800D5FB21460A90E6A806F079FFD4F800901B
:10645800EDAC3146204606F072FF002E3FF4D9AB72
:106468003368DF9D1193DDF8E834012D0B93DDF8D7
:10647800EC340C93DDF8F0340D93DDF8F4340E931E
:10648800DDF8F8340F93DDF8FC340693DDF80035B9
:1064980007937FF7BEABED9E002E7FF7BAABDDE921
:1064A800063293423FF7B5AB013E31462046FFF72F
:1064B800F1FA314610902046FDF708FBA91E8346E5
:1064C800DFA8FDF703FB83453FF7A3AB691EDFA8F1
:1064D8000025FDF7FBFAA8460646AA46109B534539
:1064E8007FF796AC0027119B3C4603EB48030993C2
:1064F800129B03EB4503139337E03EF9023B01324D
:106508001946089B13F901CB08930C9B9C440B9BE1
:10651800194401FB0CF30599181841EBE373059333
:106528009642EADCB9F1000F0AD059F8343009EB89
:10653800C402C31818465268059B43EB020305932F
:10654800DDE90E23059907F0FFF90D9B0134184486
:10655800069B37449842B8BF1846079B9842A8BF85
:106568001846099B23F8020B0993A34508DD00226E
:106578000A9B10463B44DDF84CE008930592CFE7B0
:106588000AF1010AD8443544A8E704F003FF98F853
:1065980008200146054806F0ABFD012039E404F067
:1065A800F9FE98F8082001460148F4E7312202086C
:1065B8008D1F02084A69524202608A69524242604B
:1065C800CA6982600A68C2604A6802618A68426170
:1065D800CA68826170470000012909D0032909D0DF
:1065E80002290AD06FF40002064BC26103627047A9
:1065F8000022F9E70022044BF7E74FF07E53034AE5
:10660800F3E700BFFFFF7F7F0000C040000080BFAE
:106618002DE9F04F91B009910021DDE91CA5012A6F
:106628001E46DDE91A73044685F82C1000F0BB807D
:106638003A68012A40F08E80D7F80480B8F1000F3C
:1066480000F08880D8F8001051B9584B584A009388
:1066580044694B235749A047012011B0BDE8F08F8A
:10666800D1F80090B9F1010F74DD337F85F82C2043
:10667800092B01D0072B02D13B7F122B08D14E4B9F
:106688002046009365696323494A4A49A847E3E7D6
:106698007B69D8F8082003EB82035B6899450CD026
:1066A800CDE90293454B20460193454B404A009360
:1066B80065696B234349A847CEE74FEA890B5946DA
:1066C800A36B204698475946A36B686220469847B3
:1066D800D6ED027ACDED057ADAED027AD8F80030F7
:1066E800CDED087A4FF00008A86203F1040BFBEC2B
:1066F800017A0598CDED067AF9F7E8FECDE90A01A9
:106708000698F9F7E3FE02460B46DDE90A01F9F7B8
:1067180035FFCDE906010898F9F7D8FE02460B4681
:10672800DDE90601FAF754F841EC100B0EA90DA8A3
:1067380007F07CF96B6A0D9A43F82820AB6A0E9A29
:1067480043F8282008F10108C145D0D1FB68BBB146
:1067580009F0BBFC002000210EAACDE90E01CDE90D
:1067680000A231463A46204606F0A2FE00287FF4F1
:1067780074AF28469DED0E0B291D07F057F9E5E784
:10678800F2682046C5E905235246DAF80C30099923
:10679800EB6105F10C031A9305F1080311B0BDE88C
:1067A800F04F06F0DFBE084657E700BFC0220208D8
:1067B80054220208621D0208DB220208572302083D
:1067C800942302089D1D0208836B10B50BB909F0CC
:1067D8007CFC1021BDE810401847000080FB013206
:1067E800002A10B50C4CA8BF4FF08044B0F1004F00
:1067F80008BF88420DD0E31842EBE472002A04DA9D
:106808006FF000415B1842F10002D80F40EA4200E5
:1068180010BD6FF00040FBE7010000C02DE9F04714
:106828004FF00009064601254C46D0F800A0CA459D
:1068380003DC28462146BDE8F087012D74F10003EA
:10684800F7DB2A4623466FF000400021FAF7A8F943
:1068580056F8048F4FEAE877804577EB010105DBAE
:106868000749084806F044FC09F02FFC6F4308FB71
:106878000477A5FB085409F101093C44D7E700BF98
:10688800B2230208023A0208002313B50446CDE9F0
:106898000033044A044B054906F01AFD204602B0AD
:1068A80010BD00BF55700008356C0008D16700089E
:1068B8006FF00042C317801843F10003B3F1FF3FA4
:1068C80008BFB0F1FF3F15BF01220246002119465B
:1068D800801843EB010370B5DD0F2D1843F1000359
:1068E8006D0845EAC37528462C49FFF777FF03264C
:1068F80000F15A3421462846FFF770FFC0F10051D5
:106908002046FFF76BFFB0F1005F2CDAB0F1604F63
:1069180023DD00228000002120EA010321F000414C
:106928004B4023EA020302F000425340013E1C445C
:10693800E0D1B4F1804F26DAB4F1404F1DDD304686
:106948002419002624EA060426F00046744024EAA6
:10695800000400F00040604070BD4FF0FF3208D1E5
:106968004FF00040D7E700224FF0FF316FF00040B2
:10697800D2E700214FF00040CEE70AD14FF00044A3
:106988004FF0FF30DDE730466FF000444FF0FF3640
:10699800D8E74FF0FF304FF00044D3E7C4C3C3C378
:1069A800704708B5FFF71AFF08BD00002DE9F04150
:1069B80004461A48FFF7F4FF05461948FFF7F0FFA9
:1069C80004F18054074621462046FFF7EAFF214696
:1069D8000646FFF7E6FF314680463046FFF7E1FFFF
:1069E800C20F013200F0030183108A42B8BF01339D
:1069F800394603EB0800FFF7D4FF831903F00102BF
:106A0800B2EBD37FCCBF0121002101EB6301284603
:106A18002144FFF7C6FF2844BDE8F08194A8F5702B
:106A2800ABAAAA2A2DE9F04140F07E44064620018F
:106A3800FFF7BCFF07464148FFF7B2FF014638465B
:106A4800FFF7AFFFA41B04F00075002D14BF8046AC
:106A58004FF00008C5F34065013D05EA070088EAE4
:106A680000083748FFF79CFF01464046FFF799FFAB
:106A780004F08065002D14BF074600273148FFF752
:106A88008FFFC5F38065013D05EA08056F400146A3
:106A98003846FFF786FF04F00065002D14BF8046D6
:106AA8004FF000082848FFF77BFFC5F3C065013D9C
:106AB8003D4088EA050801464046FFF772FF04F0AA
:106AC8008055002D14BF074600272048FFF768FFB0
:106AD800C5F30075013D05EA08056F40014604F05D
:106AE80000583846FFF75DFFB8F1000F08BF0020D7
:106AF800C8F34075013D3D4045401548FFF750FF3C
:106B080004F0804401462846FFF74BFF002C08BFDD
:106B18000020C4F38073013B002E03EA050383EAD7
:106B2800000314BF4FF0FF30002003EA00030CBF3E
:106B38006FF0004000205840BDE8F0817BBEAF6395
:106B4800F2CBA24D6CAC162FA4AA5211B72A580248
:106B580011FE0A002DE9F74F824689460025CDE946
:106B68000023DFF8C4B00C9B9D4202DB03B0BDE8F4
:106B7800F08F0D9BC9F100025857A0EB0A00824222
:106B88004CDA48454DDADDE9001206F099FE002896
:106B9800D5BF00224FF0FF3890460246D8BFB0FA62
:106BA80080F4C0F1000020EA080080EA0200D8BFA3
:106BB8006409C0F10000CCBF00246442FFF732FF33
:106BC800FFF776FE06464FF08040FFF7E9FE6FF0CC
:106BD800004C6FEA0807ACEB060C0CEA070108EA60
:106BE800060881EA0802204022EA040242400BEB30
:106BF800D270C2F31601D2158842B8BF0132803A6A
:106C080012F1800F07DB802A08BF7F2252B20E9B49
:106C18005A550135A7E76FF07F02F7E76FF07F025B
:106C2800F5E77F22F3E700BFFFFF3F002DE9F04FB4
:106C38002DED048B6F4B93B01A6804460D4606F091
:106C48006EFB6D4B07461A682046294606F069FB1D
:106C5800EB6804460BB909F038FA387A012856D19E
:106C6800237A012B40F0A180394604A806F067FB7F
:106C780021460BA83D6806F062FB04990B9B266829
:106C88009942E8D104AB1C4600200BAA814213DCD0
:106C980000220127914217DC2C46DFED588A002597
:106CA800B7EE008ABAEE029ABD4212DB002013B09A
:106CB800BDEC048BBDE8F08F52F804CF54F8047F84
:106CC800BC45C8D10130E1E753F8040F013247430E
:106CD800E0E7B4EC010AB4EEE80AF1EE10FA13DCCE
:106CE800B4EEC90AF1EE10FA05D508F06BFDA6EC72
:106CF800010A0135D8E7B1EE400A08F063FD70EEED
:106D0800087A88EE270AF2E7B7EE000AEFE70728C5
:106D180058D1227A072A48D1D3E902657868FFF763
:106D28007DFD002DD7F800E0D4F8008093DBAEBBE2
:106D38000323AB40374635461E4600223049DFF86C
:106D4800CCC0304C9042B1DD3EF9129006FB097977
:106D580049FA05F989EAE97AAAEBE97ABAF5FF3F2F
:106D680028BF0B464FEA5A2B3FBF3CF81B300BF1AC
:106D7800010B3CF81BB0CAF3080A3EBFABEB030B90
:106D88005B020AFB0B33B9F1000FACBF03F50073CC
:106D9800E31A9B0A28F812300132D3E71DB1012704
:106DA8006B1E9F40C9E72F46C7E704F0F3FA054674
:106DB800207A04F0EFFA29460246134806F098F9BB
:106DC800012074E70928F0D1227A092AEDD1D3E904
:106DD8000056D3E902897868FFF720FD2368424608
:106DE80002933B683146CDE900034B462846FFF73E
:106DF800B1FE5BE71C4E0208184E0208CFF384412F
:106E080000FCFF01FF010002E4230208184C0208FD
:106E18002DE9F04FD0F80CB004461646584600222B
:106E280087B00F4605F016FE054658B9744B009317
:106E3800272365692046734A7349A847012007B08C
:106E4800BDE8F08F39460022584605F018FE07467F
:106E580020B96E4B009365692A23EBE7287F3B7FB7
:106E6800834212D0666904F095FA0546387F04F02B
:106E780091FA674BCDE902500193664B2046009387
:106E8800604A2C236449B047D8E7092B36D1FB6800
:106E980013F1800F0ED06FF07F02CDE902325F4B05
:106EA80001935F4B00932E2365692046554A5D493F
:106EB800A847C3E7A868F9F709FB00225A4BF9F776
:106EC8005DFB41EC100B3046EB6840F80C3B08F0DA
:106ED80047FC0022554B51EC100BF9F74FFB41ECE6
:106EE800100B08F021FE51EC100BF9F7E1FD1F2201
:106EF800B060F168042006F05BFE70602B7F072B02
:106F08006AD1EB684BB10022CDE90232484B0193BC
:106F1800484B009365694623C7E7D7F80CA0BAF138
:106F2800000F08D0CDE902A3414B01933C4B0093DD
:106F380065694723B9E795ED020A04A806F07AFEC9
:106F4800049B0C33F3606BB960B1C6F808A097EDE9
:106F5800020A05A806F06EFE78BB374B00936569F8
:106F6800652367E7A868F9F7B1FA0022334BF9F708
:106F780005FB0022324BF9F701FB1FA3D3E90023DD
:106F880080468946F9F776FD10B1BAF11F0F0BD18B
:106F980040464946C6F80CA0F9F78AFDB0F5004FFF
:106FA800B060D4DB09F091F842464B46404649466A
:106FB8000AF1010AF9F72CF9DFE7059B13F10F0F26
:106FC8000AD06FF00E02CDE902321E4B01931E4B20
:106FD80000936569672368E7DBF80030294658465F
:106FE8009B699847DBF80030584639469B699847B3
:106FF800002024E7AFF3008000000000C0FFCF406E
:10700800CB1D020807240208621D0208EE1D0208B3
:10701800001E02080D1E0208E42102086C24020862
:10702800782A02089D1D02080000A0410000E041E6
:10703800394502088F240208A82402080000B0403D
:1070480000000840E6240208FD240208CA6808B5C2
:107058000AB909F03AF8BDE80840FFF7D9BE2DE9AA
:10706800F84304460E46904600250768BD4212DBE9
:10707800002E1DDBBE421BDA0120002304349E4291
:107088000CBF012254F8232001339F4202FB00F079
:10709800F5DCBDE8F883B5420CD029462046FCF75C
:1070A80015FD294681464046FCF710FD814501D073
:1070B80009F00BF80135D9E7C31103F580739BB2CA
:1070C80031F8132001EB43014B8840219B1A00F053
:1070D8007F0013FB001302EBE31000B270470000BF
:1070E8002DE9F04F0C460F6889B0013F39460692EA
:1070F80005461A4620461E46FFF7B1FF3B4639466D
:10710800049032462046FCF72CFD0027044647F63B
:10711800FF780197019B049A934202DB09B0BDE80E
:10712800F08F069B002203EB470B59464A4B7E0023
:10713800A24241DB4FF0000AD146129A1644059646
:10714800A24540DBB9FA89F24FEAE973501EA2F171
:107158002101834009FA01F19246C2F1210229FA7C
:1071680002F20B4309FA00F919F5005043EA020349
:1071780043F10003800B40EA8340A0F5C03010F5CE
:10718800004F3EDB4045A8BF4046E96A00B2FFF722
:1071980093FF4FF0010C0021CAF11F03DBB25A1E06
:1071A8000CFA02FC4FEAEC720792A1422BDB019B1E
:1071B800274401330193ADE731F9020B01328342D1
:1071C800B8BF0346B4E73BF9020BD5E90212C01A6F
:1071D800079306F075FB404410F5004F079B0EDB44
:1071E8004045A8BF4046A96A00B20793FFF764FF6D
:1071F800079B26F81A0081440AF1010AA0E71648FD
:10720800F1E71548C1E7079ACDF808C00392059A37
:10721800DDE902AB32F81120C3F12009C2FB80ABD3
:10722800B3F1200E2AFA03F20BFA09F942EA09022D
:107238005CBF4BFA0EFE42EA0E02002A08DBB2F5EA
:10724800004FB4BF9646C64626F802EB0131ACE7BC
:107258004FF0000EF8E700BF0080FFFF002313B5D2
:107268000446CDE90033044A044B054906F030F8DA
:10727800204602B010BD00BF957D00087576000855
:10728800817D0008002910B506DA4FF4B3710C4B64
:107298000C4A0D4808F020FF1F2904DD40F2671151
:1072A8000A4B084AF5E701238B40C20F013B03EA6A
:1072B800000402EB630308419C42C8BF013010BDC3
:1072C80017250208252502087F250208FF25020840
:1072D8002DE9F04140F07F4407466001FFF766FB67
:1072E80080464848FFF75CFB01464046FFF759FBDC
:1072F800E41B04F08075002D14BF06460026C5F374
:107308000065013D05EA080046403F48FFF748FB95
:1073180001463046FFF745FB04F00075002D14BF09
:1073280080464FF000083948FFF73AFBC5F340653F
:10733800013D354088EA050801464046FFF731FB24
:1073480004F08065002D14BF064600263048FFF77C
:1073580027FBC5F38065013D05EA08056E40014637
:1073680004F000653046FFF71CFB002D08BF002025
:10737800C5F3C065013D354045402648FFF710FB81
:1073880004F0805801462846FFF70BFBB8F1000FC0
:1073980008BF0020C8F30076013E2E4046401E4834
:1073A800FFF7FEFA04F0005801463046FFF7F9FAF5
:1073B800B8F1000F08BF0020C8F34075013D354003
:1073C8004540F220FFF7ECFA04F0804401462846D5
:1073D800FFF7E7FA002C08BF0020C4F38073013BD5
:1073E800002F03EA050383EA000314BF4FF0FF30C0
:1073F800002003EA00030CBF6FF000400020584053
:10740800BDE8F0817BBEAF63F2CBA24D6CAC162F0A
:10741800A4AA5211B72A580211FE0A002DE9F04F0A
:107428000C461D460E68836887B0013E0093C3680A
:1074380031460492D0F818B02A4620460193FFF747
:107448000EFE2A460290334620463146FCF789FB59
:1074580000250446AA46029B9A4502DB07B0BDE810
:10746800F08F049B6FF07F095F193A460023A3420F
:107478001EDB4FF000083B464646A6421FDBB8FA23
:1074880088F608FA06F000F10040FFF711FAC6F195
:107498001B061F2E039027D8109B4FF4004203EBC6
:1074A80045080023A34221DB0AF1010A2544D2E75B
:1074B80012F9011B01338945B8BF8946D7E713F98B
:1074C800010BA0EB090083450CDC0393DDE90013F5
:1074D8009840FFF783F9FFF7FBFE0C21FFF7D2FE78
:1074E800039B80440136C8E708F0EFFD17F9010B4C
:1074F800A0EB0900834523DC0593DDE900139840E0
:10750800FFF76CF9FFF7E4FE01460398FFF749FA25
:107518003146FFF7B7FEA0F50040B0F5004F4FF435
:107528000042059B09DA08498842B8BF0846A8F80E
:107538000000013308F10208B4E747F6FF70F6E7E8
:10754800A8F80020F5E700BF0080FFFF2DE9F04F05
:107558000C461D460E68836887B0013E0093C368D9
:1075680031460492D0F818B02A4620460193FFF716
:1075780076FD2A460290334620463146FCF7F1FA5A
:1075880000250446A946029B994502DB07B0BDE8E1
:10759800F08F049B6FF07F085F193A460023A342DF
:1075A8001CDB4FF0000A3B465646A6421DDBBAFAE2
:1075B8008AF60AFA06F000F10040FFF779F9C6F1F9
:1075C80023061F2E039025D84FF0000A109B2B444A
:1075D800A24521DB09F101092544D4E712F9011B71
:1075E80001338845B8BF8846D9E713F9010BA0EBEA
:1075F800080083450CDC0393DDE900139840FFF78E
:10760800EDF8FFF765FE0C21FFF73CFE039B824473
:107618000136CAE708F059FD17F9010BA0EB08007D
:1076280083451EDC0593DDE900139840FFF7D6F883
:10763800FFF74EFE01460398FFF7B3F93146FFF70F
:1076480021FE80387F28059B09DC6FF07F0290427D
:10765800B8BF104618700AF1010A0133B8E77F2055
:10766800F8E76FF07F021A70F5E700002DE9F04F98
:107678002DED048B0022B1B00C46054605F04FFEF7
:10768800002207462146284605F04BFED4F80CC0D8
:107698000646BCF1000F01D108F017FD654622AC83
:1076A8000FCD0FC40FCD0FC40FCD0FC495E8030045
:1076B80084E80300387A072800F0978009286FD0FB
:1076C800012840F0A7809CED007B394606A88DED87
:1076D800047B05F034FE3B6831460DA8039305F0A2
:1076E8002EFE002ED8D0069C3368013C21460DAAF8
:1076F80006A80293FFF7B3FC2346214680460DAA4D
:1077080006A8FCF72EFA002604463746B84505DCDD
:10771800002031B0BDEC048BBDE8F08F039B9FEDDA
:10772800428A03EB860B59460022B50094420EDCD0
:10773800029B4FF000091D44AA46DFED3C8A4C45E8
:1077480011DC00239C4223DC01372644DEE7F1EC00
:10775800017AF4EEC87AF1EE10FA02F10102C8BF1C
:10776800B0EE678AE2E7DDE90401BBEC019AF9F7BC
:10777800C7F939EE489A00EE100A29EE000A08F017
:1077880021F809F10109AAEC010A78EE808AD6E706
:1077980095ED007AC7EE287A0133E5EC017AD1E756
:1077A800337A3946072B1BA80FD105F0C8FD31469F
:1077B80014A83C6805F0C3FD3368224600931BA952
:1077C80014AB22A8FFF72AFEA2E705F0B8FD314660
:1077D80014A83C6805F0B3FD3368224600931BA942
:1077E80014AB22A8FFF7B2FE92E739461BA805F0B2
:1077F800A6FD314614A83C6805F0A1FD002E3FF413
:107808004BAF3368224600931BA914AB22A8FFF79D
:1078180067FC7DE703F0BEFD3A7A0146044805F0AF
:1078280067FC012075E700BFFFFF7FFF0000000035
:10783800E51C0208F7EE007A30EE270A87EE800A88
:10784800704707F0BFBF0000F8B547F6FF741E4643
:10785800504B15461A1A2DED0C8B0AEE102A221AD7
:1078680009EE102AB8EECAAAB8EEC99A2AEE00AAFA
:1078780029EE009ADFED487A79EE4ACA5B1A6CEE77
:10788800A7CA07EE903A631AB8EEE77A07EE903A7D
:10789800F8EEE77A67EEA07AF6EE00AAE7EE607AED
:1078A8009FED3E7A2CEEAABA87EE27CA0024DFEDB8
:1078B8003C9ADFED3C8AB71E07EE904AF0EE4ABAD2
:1078C800F8EEE77AECEEA7BAB0EE6B0AA8470134F7
:1078D800B0EE408A3BEE2B0AA84707EE904AB0EE7E
:1078E80040DAF8EEE77AB0EE4A0AACEEA70AA84703
:1078F800F0EE40BA2CEE080A08F064F9B0EE408ABF
:10790800ACEE2B0A20EE2A0A08F05CF9F0EE40BA39
:107918002CEE0D0A08F056F93BEEC00A20EE2A0AB2
:1079280008F050F938EE408AB4EEE98AF1EE10FA20
:1079380048BFB0EE698AB4EEE88AF1EE10FAC8BF23
:10794800B0EE688ABDEEC88A18EE103AB4F5007F2A
:1079580027F8023FB0D1B0EE490AA8472CEE000A3A
:1079680008F030F9B4EEE90AF1EE10FA58BFF0EE7B
:10797800409AF4EEE89AF1EE10FAD8BFF0EE698A70
:10798800FDEEE88A18EE903ABDEC0C8BA6F80034B0
:10799800F8BD00BF0080FFFF0000003B00008047EB
:1079A800000000C700FEFF462DE9F0432DED028BD5
:1079B80099460B7F89B0072B04460F461546129E41
:1079C8001AD140F20241836B984740B9AA4B009301
:1079D800272365692046A94AA949A84769E0B062F2
:1079E80040F202412046A36B984720B9A54B00936B
:1079F80065692B23EEE7F0622A7F3B7F072A0AD1CD
:107A0800092B00F09281072B00F070819E4B0093A8
:107A180065693123DEE79A4200F08781CDE90232B9
:107A28009A4B01939A4B0093342365692046934AF5
:107A38009849A8473DE00023CDE90283964B01937E
:107A4800964B009365693923F0E7EA6842B1CDE9BE
:107A58000223914B0193914B009365695C23E5E701
:107A6800DFED8F7A95ED027AB4EEE77AF1EE10FA4F
:107A7800DFED8C6ACCBF77EE677A77EEC77AF4EEE3
:107A8800E67AF1EE10FA7EDD4FF07C53002217EE15
:107A9800100ACDE90423F8F719FD834BCDE902015B
:107AA8000193824B00935D2365692046734A8049A0
:107AB800A847012086E0287F072832D1EB6813F514
:107AC800004F09D07B4ACDE902327B4B0193734BBF
:107AD800009365696223A9E7DFED787A95ED027A6C
:107AE800B4EEE77AF1EE10FADFED756ACCBF77EE07
:107AF800677A77EEC77AF4EEE67AF1EE10FA66DD89
:107B08000022704B17EE100ACDE90423F8F7DEFCCB
:107B18006D4BCDE902010193644B009365696323C2
:107B2800C3E7092812D0666903F034FC05464046CD
:107B380003F030FC654BCDE902500193534B0093A1
:107B4800662320464D4A6249B047B2E7EB6813F115
:107B5800800F0AD06FF07F02CDE902325D4B0193AE
:107B68004E4B00936569672360E795ED027ADFED78
:107B78005A7AB4EE677AF1EE10FA28D0574B009390
:107B88006569682326E7B868F8F7A0FC0446D9F8C1
:107B980000000D46F8F79AFC02460B462046294697
:107BA800F8F7ECFC32A3D3E90023F8F711FE06F14D
:107BB800080841EC100B404607A905F037FF079B62
:107BC800F360002009B0BDEC028BBDE8F083B86813
:107BD800F8F77CFC41EC180BD9F80000F8F776FCB4
:107BE80006F1080441EC100BB0EE481AF0EE681AE2
:107BF8002146052007AA05F0A7FF07991F22F16073
:107C0800052005F0D5FFF8F74FFC01F10041F8F722
:107C18004FFFB061D5E7B8F1010F0FD04046666954
:107C280003F0B8FB0546012003F0B4FB2C4BCDE96B
:107C380002500193164B0093852382E7287F012881
:107C48000ED0666903F0A6FB0546404603F0A2FB8A
:107C5800234BCDE9025001930C4B0093862370E728
:107C6800D9F80000F8F732FCC6E90001A9E700BF1F
:107C7800140014001400243F722602080E2602087D
:107C8800621D020889260208AC260208001E0208A6
:107C98000D1E02089D1D020839450208782A0208AF
:107CA800000000386F120333062702081227020863
:107CB800E62602080080FFFF272702080000803719
:107CC8006F1283320000F03E2E2702083A2702087E
:107CD800E4210208462702080000803B4B270208DF
:107CE8006D27020880000038A0002039D5F80C80E4
:107CF800B8F1000F7FF49FAE41465FED060A47F6E4
:107D0800FF701FED070AB36A144AFFF79DFDF36A77
:107D18004146DFED130A9FED130A134A1348FFF794
:107D280093FDEB68F361AB68336297F81C80B8F198
:107D3800090F3FF4C0AEB8F1070F7FF46CAFFB68D2
:107D4800002B3FF482AE0022CDE90232084B0193AA
:107D5800084B009365695B2368E600BF4B78000811
:107D680080000038800080373D7800080080FFFFE1
:107D7800394502088F240208836B10B50BB908F047
:107D8800A4F93821BDE81040184700002DE9FF414B
:107D98000B6804460D4613B11B68012B11D0012254
:107DA800CDE902322E4B01932E4B00939423656943
:107DB80020462D4A2D49A8470124204604B0BDE895
:107DC800F0814B6813B11B68012B09D00122CDE962
:107DD8000232234B0193264B009365699523E7E70D
:107DE800C6680022304604F035FE074640B9214BEC
:107DF80000939723656920461B4A1F49A847DBE77C
:107E080043691B68002B04DC1C4B009365699823AD
:107E1800F1E700222946304604F031FE804620B9B9
:107E2800174B009365699A23E5E7EB6823B9154B6F
:107E3800009365699C23DEE70093024639462B6967
:107E48002046FFF7B1FD3368394604469B69304642
:107E580098473368414630469B699847ADE700BF6D
:107E6800B52702087C2702080E2602089D1D020875
:107E78008C270208CB1D0208621D02089D270208F4
:107E8800EE1D0208B727020808B5D0E90B239A426D
:107E980001DD08F01AF94268802AFADC83687F332A
:107EA800FF2BF6D87F32F4DB08BD836B10B50BB916
:107EB80008F00BF93C21BDE8104018472DE9F04FB8
:107EC8000C1E8DB016461D46199F099037DD4FF0E0
:107ED8000008179B07EB840B03EB840A189B03EB42
:107EE8008409013CDBF80030984502D30DB0BDE8A9
:107EF800F08F33680AAA0A932B6821460B931D9BBF
:107F0800099807931C9B08F1010806931B9B05938E
:107F18001A9BCDE90373189B0293179B0193169B39
:107F280000930BABFFF7CAFFDAF80020336813445D
:107F380033602B68D9F8002013442B60D2E701D0B6
:107F480008F0C3F8179B1968189BD3F800C051EACA
:107F58000C02F5D032681A9BD7F800B003EB020880
:107F68002A681B9B03EB0209169B1A681C9B03EBF0
:107F7800020A99B9FFF788FF5C4504DB2B683A6869
:107F880013442B6015E019F90410099A98F90000B8
:107F98001D9B98470AF804000134EDE7BCF1000F77
:107FA80019D1FFF771FF5C450ADB33683A6813445F
:107FB8003360169B3A681B681344169A136095E75A
:107FC80018F90400099A99F900101D9B98470AF8B6
:107FD80004000134E7E7FFF757FF5C4504DB33682B
:107FE8003A6813443360C9E719F9041018F9040012
:107FF800099A1D9B98470AF804000134EDE7F8B583
:108008001546126804469142016001DA08F05DF8ED
:10801800064600208F1AB84208D1231D9200291D58
:1080280003EB800008F093FA2046F8BD8842EDDAA9
:1080380046F8043F0130EEE770B50D461646FBF7EB
:1080480051FD04462846FBF74DFD05463046FBF733
:1080580049FDAC4201D008F038F88442FBD170BD2C
:1080680038B580FB0134002C1B4DA8BF4FF080456C
:10807800884208BFB0F1004F17D0E81844EBE57309
:10808800002B04DA6FF00041401843F10003C00FE1
:1080980040EA4300002AC2F1000109DD4FF4B37140
:1080A8000E4B0F4A0F4808F017F86FF00040F1E741
:1080B8001F3204DA40F267110B4B094AF2E7012339
:1080C8008B40C20F013B03EA000402EB6303084143
:1080D8009C42C8BF013038BD010000C01725020806
:1080E800252502087F250208FF25020870B51446D9
:1080F800936992681144626801FA03F51044984044
:10810800D4E90712FFF7ACFFD4E90912064628465E
:10811800FFF7A6FFD4E904123044FFF7A1FFE36894
:108128001844E36A9842B8BF1846236B9842A8BF20
:10813800184640B270BD2DE9F04303680C688FB053
:108148009C42B8BF1C460423062C0D4616461370E5
:1081580001DD07F0BAFF0246012321466846FFF712
:108168004EFF01232A46214607A8FFF748FF009A39
:10817800079B9A420AD1920008A901A808F0F2F8D0
:1081880020B9012333700FB0BDE8F083013C2546C8
:10819800002D10DB29466846FBF798FC2946074660
:1081A80007A8FBF793FC874201D1013DF0E7012FB7
:1081B80024D10223337033789A1E012AC9D80125A5
:1081C800032B0CBF6F46E846C6E91555C6E9175597
:1081D8000CBF0DF11C0807AF002C75665ADB214651
:1081E8004046FBF773FC214681463846FBF76EFC98
:1081F800814507D109FB05F5013CEDE7012849D187
:108208000323D7E7002C45DB21464046FBF75EFCFD
:10821800012808D121463846FBF758FC336E013C4B
:1082280043433366EEE7002C34DB21464046FBF738
:108238004DFC214605463846FBF748FC854204D1EB
:10824800F36D013C6B43F365EDE7002C22DB21461F
:108258003846FBF73BFC012808D121464046FBF78E
:1082680035FCB36D013C4343B365EEE7002C11DBED
:1082780021464046FBF72AFC214605463846FBF7CF
:1082880025FC854204D1736D013C6B437365EDE7B2
:1082980004233370012076E7002313B50446CDE9A3
:1082A8000033044A044B054905F012F8204602B091
:1082B80010BD00BFE98F0008CD8D0008B37E00080F
:1082C8002DE9F04F93B0CDE9032380460723012021
:1082D8001C9A8C4606A9013B6DD1072001210CABE5
:1082E80001386BD11346012402F11801994268D173
:1082F800D8F80010DCF800400B46A14228BF2346FE
:10830800059308EB810301930CEB84030125029389
:1083180000232F469B469A46059EAE4254D2A14260
:1083280040F2AC80BBF1000F00D101334646091B77
:1083380003F18044013C02EB8405013B12AA02EBE5
:10834800830356F8044F002C49D053F8302C0130E1
:10835800624343F8302C2A68884204FB02F22A6000
:10836800EFD1012206A80CA90D46064600231446A3
:10837800039F47F8234056F8047B7C43049F47F843
:10838800232055F8047B0133062B07FB02F2EFD1BB
:1083980000231A4650F8045B51F8044BA54205D057
:1083A800012D40F08D80039C44F823200133062BD7
:1083B800F0D1012014E041F8040B8CE743F8041BCA
:1083C8008EE743F8044B91E7019E56F804E90196BD
:1083D800029E56F804990296BEF1000F03D10020C0
:1083E80013B0BDE8F08FB9F1000FF8D0BEF1010F5E
:1083F80074D1B9F1010F40F0938001358CE7013356
:1084080012AE5F1E06EB870757F8186C4FF0010A8B
:1084180009FB06FE47F818EC03F1804E0EF1FF3E0B
:1084280052F82E7009FB07F742F82E700027BB465A
:10843800E3E7BAF1000F03D1BBF1000F00D107B198
:10844800013312AE5F1E06EB870757F8306C0EFB40
:1084580006F957F8186C47F8309C0EFB06F947F8F0
:10846800189C03F1804909F1FF3952F829700EFB75
:1084780007F742F829700027BB464FE0BFF471AFF9
:10848800BAF1000F00D101336646611A03F1804446
:10849800013C02EB8405013B12AA02EB830356F868
:1084A800044F002C9BD053F8182C0130624343F83A
:1084B800182C2A68884204FB02F22A60EFD150E7A0
:1084C800012C09D1049C6FE7BEF1010F98D0B9F1D6
:1084D800010F0CD0CE45ACD007F0F7FDBAF1000F74
:1084E80022D1B9F1010FF5D1BBF1000F00D1013351
:1084F80012AE5F1E06EB870757F8306C4FF0010B82
:108508000EFB06F947F8309C03F18047013F52F80B
:1085180027600EFB06FE42F827E00027BA466CE704
:10852800BAF1000F3FF46BAFBBF1000FCCD04B2179
:10853800024B034A034807F0CFFD00BFD2270208C9
:10854800F9270208962802082DE9F04F2DED028B35
:1085580000288BB00D461446B0EE408AF0EE608AD3
:10856800169F189E39DD4FF00008179A06EB800910
:1085780007EB800A02EB800B0138D9F8002042454E
:1085880004D80BB0BDEC028BBDE8F08F2A6808A9AF
:1085980008922268F0EE680A09921B9AB0EE480A1F
:1085A80005921A9A07930492199A0690CDE90262E5
:1085B800179A08F10108CDE9007209AAFFF7C4FF6C
:1085C800DDE90603DAF800102A680A442A602268FE
:1085D800DBF800100A442260CFE701D007F075FDF0
:1085E800179AD7F800C0D2F800E05CEA0E02F5D07E
:1085F8000F68199A1A99D4F80080D6F800A002EBEF
:10860800870B01EB88001B9A19684FEA8A0902EB6D
:108618008101BCF1000F1DD18144484503D108EB0D
:108628000A0222603DE0F0EC017A9BED007A77EED9
:10863800877AB4EEE78AF1EE10FAC8BFF0EE487A0E
:10864800F4EEE78AF1EE10FA48BFF0EE687AE1EC52
:10865800017AE2E75A46D944BEF1000F1DD04A45D7
:1086680024D157442F60226831680A44D9E7F2ECD4
:10867800017A90ED007A77EE877AB4EEE78AF1EE28
:1086880010FAC8BFF0EE487AF4EEE78AF1EE10FA75
:1086980048BFF0EE687AE1EC017A4A45E7D15744E1
:1086A8002F601A6831680A441A606AE7F2EC017AA6
:1086B800B0EC017A77EE877AB4EEE78AF1EE10FA39
:1086C800C8BFF0EE487AF4EEE78AF1EE10FA48BF38
:1086D800F0EE687AE1EC017AC1E72DE9F04FB0F1EC
:1086E800000A8DB00D4614461E46DDF8609037DD51
:1086F800002709EB8A030993169B03EB8A08179B4B
:1087080003EB8A0B0AF1FF3A099B1B68BB4202D8AC
:108718000DB0BDE8F08F2B680BAA0A93236850466A
:108728000B931D9B0AA907931C9B013706931B9B60
:1087380005931A9B0493199BCDE90293179B019308
:10874800169B00933346FFF7C8FFD8F800202B6824
:1087580013442B602368DBF8002013442360D3E71D
:1087680001D007F0B2FC169B1868179B196850EAED
:108778000103F6D01B9B2A68D4F8008003EB820C17
:108788001C9B376803EB880E1D9B03EB8707D9F802
:108798000030B0B9834202D14344236030E05EF830
:1087A8002020DCF800100A4419998A42B8BF0A460A
:1087B8001A998A42D4BF47F8202047F82010013080
:1087C800E8E7C9B1534521D11A442A602368D9F88A
:1087D80000201344E1E75CF82100DEF80040204463
:1087E800199CA042B8BF20461A9CA042D4BF47F8A3
:1087F800210047F8214001318B42ECD11A442A600C
:108808003368D9F800201344336081E75EF82A0002
:108818005CF82A10014419988142B8BF01461A9899
:108828008142D4BF47F82A1047F82A000AF1010A02
:10883800C8E700002DE9F0432DED028BC9B0549E26
:10884800DDE95254307A01280BD0022800F08180EB
:1088580002F0A0FD327A01466F4804F049FC01207D
:108868003CE01F7893ED0D8AD3ED0E8A2946002F40
:1088780039D009A804F063FD0DB907F026FC21469C
:1088880010A82F6804F05BFD002CF6D0314641A8F3
:10889800D4F8008033AD04F052FD2CACD6F800902B
:1088A8003AAE2B462246009610A909A8FFF708FD04
:1088B80098B10021F0EE680A17911E912591B0EE4B
:1088C800480A0520CDE90489CDE90267CDE90045CC
:1088D80025AB1EAA17A9FFF737FE002049B0BDEC4B
:1088E800028BBDE8F08317A804F029FD002DC4D041
:1088F80021461EA82D6804F022FD002CBDD031466B
:1089080041A8D4F8008004F01AFD346841AA1EA9D1
:1089180017A8FFF791FB2A46214645463B46984251
:10892800DBDDF2EC017AB5EC017A77EE877AB4EE0A
:10893800E78AF1EE10FAC8BFF0EE487AF4EEE78A5B
:10894800F1EE10FA48BFF0EE687A0133E1EC017AF3
:10895800E5E71F7829460DF1CC080DF1E809002F4D
:1089680034D025A804F0EBFC002D86D021462CA895
:108978002D6804F0E4FC002C3FF47FAF31462768F3
:1089880041A81EAC04F0DBFC366843462246CDF80D
:1089980000902CA925A8FFF793FC00289DD0002360
:1089A8006FF000420993109317934FF0004305208E
:1089B800CDE90332CDE90676CDE901890595009424
:1089C80017AB10AA09A9FFF788FE86E7404604F00E
:1089D800B6FC002D3FF451AF214648462D6804F0FF
:1089E800AEFC002C3FF449AF314641A8246804F09E
:1089F800A6FC4946404641AAFFF71EFB3B4636689F
:108A080098427FF76AAF55F8232054F823100A4498
:108A180046F823200133F3E7E51C02082DE9F04F5F
:108A280004460D4616464FF000098DB01F46199BA7
:108A380003EB81030893179B03EB810A189B03EB55
:108A4800810B089B1B684B4502D80DB0BDE8F08F21
:108A5800002D24DD336820460A933B680AAA0B934D
:108A68001C9B691E06931B9B05931A9B0493199BD9
:108A78000393189B0293179B0193169B00930BABD0
:108A8800FFF7CCFFDAF80020336809F10109134435
:108A980033603B68DBF8002013443B60D1E701D02A
:108AA80007F013FB3B681B9AA06932F91380A3688F
:108AB8001A9A984408FA00F30993336832F9133084
:108AC8006268134403FA00F0D4E90712FFF7C8FA02
:108AD800D4E9091280460998FFF7C2FAD4E90412CA
:108AE8004044FFF7BDFAE268169B1044E26A1B682F
:108AF8009042B8BF1046226B9042A8BF10461C9AFD
:108B080022F81300169A01331360BBE72DE9F04FE2
:108B18001C46EFB06822DDE97897002154A8DDF8FB
:108B2800E88107F02FFC636A46AD5A93A36A494669
:108B38005593636928465B9363685C93E36A56932D
:108B4800A3695D93A3685E93236B5793E369589376
:108B5800236A5993D4E90323CDE95F2304F0EFFB9B
:108B680039464DA804F0EBFB284654AA4DA9FFF757
:108B7800E2FA044698F8080007286AD0092840F065
:108B880011814946002C38D015A804F0D8FBB9F15A
:108B9800000F01D107F099FA39461CA8D9F80090BE
:108BA80004F0CDFB002FF5D041464DA83FAE38ACC0
:108BB8003F6804F0C4FBD8F800803346224600958D
:108BC8001CA915A8FFF77CFB98B100217A4B2391CB
:108BD800CDE9068331AB2A91319100930521CDE986
:108BE8000497CDE9026501942AAB23AA54A8FFF79C
:108BF80065F900206FB0BDE8F08F23A804F09FFB53
:108C0800B9F1000FC6D039462AA8D9F8009004F067
:108C180096FB002FBED041464DA83F6804F08FFB5D
:108C280054A8FFF731F94DAA2AA923A8FFF704FA97
:108C3800054654A8D8F80060FFF726F9A542D8DD04
:108C4800395719F9040054AAFFF750FA305501347E
:108C5800F4E749463FAE002C31D031A804F06FFB51
:108C6800B9F1000F96D0394638A8D9F8009004F029
:108C780066FB002F8ED041464DA82AAC3F6804F011
:108C88005EFBD8F8008033462246009538A931A803
:108C9800FFF716FB0028ACD0002323A915931C93DB
:108CA80023930091CDE905780521CDE90359CDE954
:108CB80001461CAB15AA54A8FFF7B0FE99E7304649
:108CC80004F03DFBB9F1000F3FF464AFD9F8003070
:108CD800394628460C9304F032FB002F3FF45AAF74
:108CE8003B6841464DA80B9304F029FBD8F80030A7
:108CF800DDE95F89C8450A933FF74CAF30462946FE
:108D08004DAAFFF799F9559E2C4B09909E42FFF604
:108D180041AF47F6FE734FF6FC72DDF858A10AEB37
:108D2800030191423FF636AF9E423FF733AFDDE98C
:108D38005AB30D935C9B0E935D9B0F935E9B1093B0
:108D4800589B1193599B1293579B099AA2427FF7FC
:108D580050AFDDE90D1213930B9B33F914500C9BA4
:108D6800554433F9140005FA0BF5304400FA0BF0BA
:108D7800FFF776F9DDE90F1207462846FFF770F985
:108D8800DDE911123844FFF76BF9139B0A9A18446E
:108D98004045B8BF40464845A8BF484622F8140099
:108DA8000134D2E702F0F6FA98F8082001460448A0
:108DB80004F09EF901201DE7F58000080280FFFFFE
:108DC800E51C02082DE9FF47D1E903A906460C4630
:108DD800BAF1000F01D107F078F91D4B1A6804F0B9
:108DE8009EFA1C4B21461A680746304604F097FA4B
:108DF800194B80461A682146304604F092FA054617
:108E0800007A431E012B0BD853464A46214630466A
:108E1800CDE901850097FFF70DFD04B0BDE8F087A7
:108E2800092801D0072809D153464A462146304629
:108E3800CDE901850097FFF769FEEEE702F0AAFA8F
:108E48002A7A0146054804F053F90120E5E700BFF6
:108E5800284E0208244E0208204E0208E51C02088B
:108E68002DE9F04F2DED068B834681B08A46DDE96A
:108E78001054194610461E46174604F017FD2B7F5E
:108E880080F00100092B207002D0072B40F0818070
:108E98002A680AB907F019F997ED02AA96ED028A2D
:108EA800B4EEC8AA072B14BF4FF014084FF00F08F0
:108EB800F1EE10FAFA6854BF1AEE100A18EE100A0A
:108EC8005242A262F2685242E262EA68C4F824801E
:108ED8002263F7F7FBFA02460B46F7F799F90646BD
:108EE8000F4618EE100AF7F7F1FA32463B46F7F745
:108EF8006FFC41EC190B012000FA08F0F7F7D4FADF
:108F08008046A8688946F7F7E1FA02460B464046CC
:108F18004946F7F733FB02460B4630463946F7F722
:108F280057FC41EC180B1AEE100AF7F7CFFA324645
:108F38003B46F7F74DFC04F1040904F1140841EC31
:108F4800100B4946404604F0DBFDB0EE490AF0EE4E
:108F5800690A04F1080104F1180004F0D1FD04F1D4
:108F6800200104F11C00B0EE480AF0EE680A04F093
:108F7800C7FD2A46584604F1100310939AF80010CA
:108F880004F10C0301B0BDEC068BBDE8F04F04F012
:108F9800E9BA012B0DD19AF80030012B03D1002337
:108FA80063630C4B04E0032B09D1002363630A4B72
:108FB800A363002001B0BDEC068BBDE8F08F022B47
:108FC80004D1064B63634FF07E53F1E76FF400035F
:108FD800E6E700BFFFFF7F7F0000C040000080BFC2
:108FE8002DE9F043CB6804460E4685B00BB907F06F
:108FF8006CF80B69002BFAD0C5680022284603F0EC
:1090080029FD814660B9304B009358236569204695
:109018002E4A2F49A8470126304605B0BDE8F083FF
:1090280001223146284603F015FD804620B9294B18
:10903800009365695B23EAE700223146284603F07E
:109048001EFD074620B9244B009365695E23DEE7C1
:10905800F3684A46CDE90003434631692046FFF7E5
:10906800FFFE06460028D7D13B7F022B1BD1D9F83B
:10907800003063B1CDE90230184B0193184B0093CF
:10908800682365692046114A1649A847C3E7D8F8F6
:10909800002042B1CDE90223104B0193124B0093FB
:1090A80065696A23EEE72B68494628469B69984715
:1090B8002B68414628469B6998472B6839462846BD
:1090C8009B699847A8E700BF54290208F4280208BA
:1090D800621D020866290208EE1D020878290208A6
:1090E8008E2902089D1D0208A8290208836B10B565
:1090F8000BB906F0EAFF2021BDE810401847000030
:109108002DE9F04F0F6981468846B7B00FB906F0D0
:10911800DCFFCE68002EFAD09A4B1A6804F0FFF8EC
:10912800994B0546414648461A6804F0FAF8044641
:10913800287A072800F0CE8009280ED0012840F0B0
:10914800958133463A4641464846CDE9005400F0F9
:109158009FFA002037B0BDE8F08FBB682946069318
:109168007B681AA807933B690A93FB680B93B6F9C7
:1091780004300893B6F90030099333690293736990
:10918800039304F0DCF82B68214621A8179304F018
:10919800D6F8002CBBD023681693DDE9023293423F
:1091A800B5DC8033B3DB7F2AB1DC1A9B042BAED14C
:1091B800219B042BABD1002321AA19461AA8FAF740
:1091C800D0FC03230C90194621AA1AA8FAF7C9FC67
:1091D80000211C9B0D900E931D9B0F93239B1093B6
:1091E800249B11930C9B8B42B3DD089D4FF0000A22
:1091F8006B4205935AE0049B00944B441AA8CDE9AE
:109208001812FAF77CFCDDE91812179B09F101091D
:109218001B569B45B8BF9B46139B4B45EBDC08F19F
:109228000108159B43452EDC9DF908809DF90C30FB
:10923800D845B8BFD8469845A8BF98460094334645
:10924800524621A81891FAF75AFC169B189903F868
:10925800008001340D9BA3421BDC079B079AFF1A71
:10926800049B013613440493119BB34216DD27EA8D
:10927800E77312930F9B0B9A3B449342A8BF134684
:1092880000241393E6E7059BDDF8489008EB0302FA
:10929800C2E76FF07F0BDDF85080C2E7069B0AF14A
:1092A800010AED1ADDE9053213440593109B534575
:1092B8000EDD25EAE57314930E9B0A9A2B4493421C
:1092C800A8BF1346099F15937B4200260493CBE75A
:1092D800013187E7BB68294606937B6828A807936E
:1092E8003B690A93FB680B93B6F904300893B6F907
:1092F80000300993336903937369049304F01FF8EA
:109308002B6821462FA8179304F019F8002C3FF476
:10931800FEAE23681693DDE9033293423FF7F7AEBA
:1093280013F5004FFFF6F3AEB2F5004FBFF6EFAE00
:10933800289B042B7FF4EBAE2F9B042B7FF4E7AE26
:1093480000232FAA194628A8FAF70BFC03230C9030
:1093580019462FAA28A8FAF704FC00212A9B0D9089
:109368000E932B9B0F93319B1093329B11930C9B65
:109378008B427FF7EEAE089D4FF0000B6B420593D2
:1093880060E000BF304E02082C4E020809EB0A03C9
:10939800009428A8CDE91812FAF7B1FB179B029A96
:1093A80033F9103009F101099A42B8BF1A460292FE
:1093B800DDE91812139B4B45E8DC08F10108159B01
:1093C80043452CDCBDF90C80029B00949845B8BF3E
:1093D8009846BDF910305A469845A8BF98462FA818
:1093E80033460291FAF78BFB169B029923F81080FB
:1093F80001340D9BA34218DC079B0136FF1A9A44DF
:10940800119BB34216DD27EAE77312930F9B0B9A61
:109418003B449342A8BF134600241393E9E7059BF6
:10942800DDF8489008EB0302C4E7144BDDF85080E0
:109438000293C4E7069B0BF1010BED1ADDE9053237
:1094480013440593109B5B450EDD25EAE5731493E1
:109458000E9B0A9A2B449342A8BF1346099F0026E5
:109468001593C7F1000ACBE7013180E701F092FFBD
:109478000146034803F03CFE01206BE60080FFFF35
:10948800C2290208002313B50446CDE90033044A73
:10949800044B054903F01CFF204602B010BD00BF75
:1094A8003995000809910008F59000082DE9F04F5A
:1094B800D1E901794FF0010B536985B091F800A00B
:1094C800D3E902830393D1E903340293DDE902214E
:1094D8003B465046CDF800B0FBF7DAF84B4622463B
:1094E800054641465046CDF800B0FBF7D1F80138A3
:1094F80009FB00440020029B013D07FB0533039A4A
:109508000E9E9B1AA4EB080423EAE37343FA0BF2BA
:1095180024EAE474326003EA0B0344FA0BF204EA27
:109528000B047260B360F46005B0BDE8F08F000012
:109538002DE9F743D1F8109004460F46B9F1000F12
:1095480001D106F0C2FDCD68002DFAD0D0F80C800C
:109558000022404603F07EFA064658B9424B009373
:109568003D2365692046414A4149A847012003B087
:10957800BDE8F08339460022404603F080FA0746EA
:1095880020B93C4B009365694023EBE7034632461C
:10959800494620460095FFF789FF307F092801D00A
:1095A80007281FD197ED027AD6ED027A77EEC77AAF
:1095B800F0EEE77A17EE900AF6F788FF28A3D3E9CA
:1095C8000023F7F757FA20B92B4B00936569492315
:1095D800C8E7F268FB689A422CD0284B009365696B
:1095E8004A23BFE7012831D199F81430012B03D160
:1095F8000023AB61224B04E0032B11D10023AB61A4
:10960800204BEB61D8F80030314640469B699847BB
:10961800D8F80030404639469B6998470020A6E7AD
:10962800022B04D1184BAB614FF07E53E9E76FF47E
:109638000003DEE705F1140399F814103A46009385
:10964800204605F1100303F08DFFDBE701F0A2FED1
:10965800327F01460D4803F04BFD87E7AFF30080EA
:109668008DEDB5A0F7C6B03ECB1D0208E329020870
:10967800621D0208EE1D0208472A02085C2A020839
:10968800FFFF7F7F0000C040000080BFE51C02088C
:109698002DE9F04F2DED048B9168A7B00491516826
:1096A800DDE9345405911169D26808910992B3F93A
:1096B800042029460692B3F9002018A8D3ED068A9B
:1096C80093ED079A079203F03AFE0DB906F0FDFCF8
:1096D8002B6821461FA8159303F031FE002CF5D006
:1096E80023681493189B042BF0D11F9B042BEDD1F6
:1096F80000231FAA194618A8FAF733FA03230A9079
:1097080019461FAA18A8FAF72CFA00211A9B0B90E1
:109718000C931B9B0D93219B0E93229B0F930A9BEB
:109728008B427EDD069E00257342039364E00AEBBC
:109738000B03009418A8CDE91612FAF7E0F9DDE951
:109748001612159B0AF1010A03EB8000D0ED007A8E
:10975800F4EEC87AF1EE10FAC8BFB0EE678A119B32
:109768005345E4DC09F10109139B4B4532DCF4EE67
:10977800C88AF1EE10FAC8BFB0EE688AB4EEC89A8B
:10978800F1EE10FA3B4600942A461FA848BFB0EEF7
:10979800498A1691FAF7B3F9149B169903EB8000DE
:1097A80080ED008A01340B9BA34219DC059B01372D
:1097B800A8EB03089B440F9BBB4216DD28EAE8731D
:1097C80010930D9B099A43449342A8BF1346002463
:1097D8001193E8E7039BDDF840A009EB0302BEE71D
:1097E8009FED128ADDF84890BEE7049B0135F61A12
:1097F800DDE90332134403930E9BAB420FDD26EAE7
:10980800E67312930C9B089A33449342A8BF1346FD
:10981800DDF81C8000271393C8F1000BCBE701315A
:109828007DE727B0BDEC048BBDE8F08FFFFF7FFF1D
:109838002DE9F043D1F8109006460C4685B0B9F1F1
:10984800000F01D106F041FCD1F80C80B8F1000FEF
:10985800F8D01E4B1A6803F062FD1D4B05461A68C6
:109868002146304603F05BFD1A4B07461A6821462D
:10987800304603F056FD0346287A421E082A1CD8B3
:10988800DFE802F011051B1B1B1B051B0500CDE9BA
:10989800007342462B462146304600F09BFD0020CF
:1098A80005B0BDE8F083CDE901734A464346214639
:1098B8003046009500F004FBF1E701F06BFD2A7AD1
:1098C8000146054803F014FC0120E9E73C4E020874
:1098D800384E0208344E0208E51C0208002313B56E
:1098E8000446CDE90033044A044B054903F0F0FC73
:1098F800204602B010BD00BF019E0008399800083C
:10990800799B00082DE9F04F05298FB009930C4683
:10991800DDE91965DDE91B7992461E9B2FD04FF0D2
:10992800000803EB810B4B1C0A93DBF800309845C9
:1099380029DA336852460C932B680A990D931E9BBB
:10994800039706931D9B0B90CDE904930DAB0293EF
:109958000CAB0193189B08F101080093099BFFF7D2
:10996800D1FFA11D59F8212033680B9813441D9A83
:1099780033602B6852F8212013442B60D5E75C69CB
:109988000023A34202DB0FB0BDE8F08FD6F800C079
:109998002968099AD0ED0D7A02EB81010AEB8C0255
:1099A800D1ED006A92ED006A66EE866AF4EEE67A18
:1099B800F1EE10FA90ED0E7AD8BFF0EE667AB4EEBA
:1099C800E77AF1EE10FA58BFB0EE677A3968189A5C
:1099D800013302EB8101D9F82C2081ED007A624431
:1099E8001D9932602A68C96A0A442A603A680132B5
:1099F8003A60C6E72DE9F04F05298DB00C46DDE940
:109A080017659A46DDF8689060D01C9B4FF00008F7
:109A180003EB810B4B1C1F46DBF80030984552DAEC
:109A2800336839460A932B6809920B931C9B08905C
:109A380006931B9B08F10108CDE90493199B039336
:109A48000BAB02930AAB0193169B00935346FFF7A7
:109A5800D1FF04F1060C59F82C1033681B9A0B44FB
:109A6800336052F82C102B68DDE908020B442B6098
:109A7800D2E7D6F800C02B6852F82C405AF82330A9
:109A880019996343C46A0968A342B8BF2346076BA0
:109A9800169C0EF1010EBB42D4BF44F8213044F8A5
:109AA8002170D9F82C301B99634433602B68C96A3C
:109AB8000B442B60199B19991B6801330B601C9B85
:109AC8005B699E45D5DB0DB0BDE8F08F4FF0000E09
:109AD800F5E72DE9F047D0F80090D1F800804D4621
:109AE800C14504460E46A8BF454601277B1E9D4238
:109AF8000DDC2F4609F1FF3A4F4519DB08F1FF3716
:109B080045451EDB2046F9F7EDFFBDE8F087A9EBD8
:109B180007012046F9F7DAFFA8EB0701824630462D
:109B2800F9F7D4FF824507F10107DFD006F0CDFA37
:109B38002046AAEB0701F9F7C9FF0128F6D101373A
:109B4800DAE73046791BF9F7C1FF0128EED1013574
:109B5800D6E770B516460546FFF7BBFF3146044603
:109B68002846FFF7B6FFA04201D006F0AEFA70BD56
:109B7800836B10B50BB906F0A8FA2421BDE8104094
:109B8800184700002DE9F04FC66805469246304652
:109B9800002287B08B461C4602F05CFF814658B90C
:109BA800814B00932C236C692846804A8049A04742
:109BB800012007B0BDE8F08F01225946304602F077
:109BC80049FF804620B97B4B00936C692F23EBE754
:109BD80000225946304602F052FF074620B9764B1C
:109BE80000936C693223DFE7DBF8003013B11B68A0
:109BF800022B0DD00222CDE90232704B0193704B3B
:109C0800009334236C692846684A6E49A047CFE719
:109C1800DBF8043013B11B68012B09D00122CDE910
:109C28000232694B0193694B00936C693523EAE76B
:109C380099F81C0098F81C30834213D06E6901F023
:109C4800A9FB044698F81C0001F0A4FB604BCDE981
:109C5800024001935F4B28460093544A37235E49DC
:109C6800B047A5E73B7F9AF80010092B01D0072BD6
:109C780059D104F10C0300933A46284604F108032D
:109C880003F070FC8246002893D1D9F80800F6F753
:109C98001DFCCDE90401D8F80800F6F717FC0246C8
:109CA8000B46DDE90401F6F769FCCDE90401B86863
:109CB800F6F70CFC02460B46DDE90401F6F788FDD1
:109CC80004F1180B41EC100B594604F1140003F091
:109CD800ADFE99F81C00D9F80C20D8F80C30F968BA
:109CE80007282260636021612CD142B13B4BCDE94A
:109CF800022A01933A4B00936C69492383E743B1E5
:109D0800CDE90232354B0193364B00936C694A23F7
:109D180079E7B9B1CDE90213304B0193324B009387
:109D28006C694B236FE7022B27D101294FF0000301
:109D380003D1A3606FF0004303E0032913D1A360AC
:109D48000623E3603368494630469B699847336881
:109D5800414630469B6998473368304639469B6987
:109D68009847002025E7022904D14FF0FF33A3606C
:109D78000123E6E74FF00043DBE7012903D1002385
:109D8800E3611A4B04E0032904D10023E361184B73
:109D98002362D7E7022904D1164BE3614FF07E53C3
:109DA800F6E76FF40003EBE754290208922A020849
:109DB800621D020866290208EE1D02089B1D0208A2
:109DC8007C2702089D1D0208B52702088C27020877
:109DD800F22A0208FF2A0208E4210208394502088B
:109DE8000C2B0208242B02083C2B0208FFFF7F7F64
:109DF8000000C040000080BF0A6910B50AB906F02B
:109E080064F9CB68002BFAD0BDE81040FFF7BABE62
:109E1800F8B506460524012701F118052146304604
:109E2800F9F754FE45F8040D2146AF613046F9F7BD
:109E38004DFE013C00FB07F7F0D2F8BD2DE9F043D9
:109E48000D461C4616468FB00AB906F03EF9002B9F
:109E5800FBD00246012306216846FEF7D0F82A46C1
:109E680000250123062107A8FEF7C9F831466846F0
:109E7800FFF7CEFF214607A8FFF7CAFFA84606F15D
:109E8800180929466846F9F721FE2946074607A812
:109E9800F9F71CFE874205D0012F0BD149F8258020
:109EA80046F825000135062D04F10404E9D10FB068
:109EB800BDE8F0830128C8D1C4F818802760F1E70D
:109EC8002DE9F04F2DED028B1D46E1B06822DDE94A
:109ED8006C49002146A8DDF8B8A106F053FAEB69F1
:109EE8002EAE53932B6A214630463AAF549303F073
:109EF80026FA4946384603F022FA3946304646AA39
:109F0800FEF719F90546002856D012AD2146284615
:109F180003F015FA0CB906F0D8F80DF1640B4946B0
:109F28005846D4F8008003F00AFAB9F1000FF2D0CD
:109F380020AC51462046D9F8009003F000FABAF157
:109F4800000FE8D02B68DAF800A0062BE3DC199B99
:109F5800062BE0DC209B062BDDDC28463B46324600
:109F68005946FFF76BFF22460123062127A8FEF773
:109F780046F80DF1300C644628AD0FCD0FC495E8B6
:109F8800030084E80300002109AB0AAA0BA8CDE965
:109F98000132CDE903064B464246CDE9057CCDF8B2
:109FA80000A046A809910A910B91FFF7ABFC61B09C
:109FB800BDEC028BBDE8F08F214627A803F0BFF95E
:109FC800002CA8D049463046D4F800B003F0B7F9C1
:109FD800B9F1000F9FD051463846D9F8008003F0F8
:109FE800AEF9BAF1000F96D0DAF8004031463A4699
:109FF80027A8FFF7AEFD9DED538ADDED548A5E4636
:10A00800414622462B469842D1DDF6EC017AB1EC66
:10A01800017A67EE877AB4EEE78AF1EE10FAC8BFE4
:10A02800F0EE487AF4EEE78AF1EE10FA48BFF0EE67
:10A03800687A0133E2EC017AE5E72DE9F04FBFB029
:10A048001C92044626AA0846194632ABFFF7F6FECC
:10A058000123499A06211FA8FDF7D1FFDDE92367EF
:10A06800209BDDF894801793219B1693229B1493D1
:10A07800149A169B534373437B4308FB03F31893CB
:10A08800134673437B4308FB03F3199307FB06F35B
:10A0980008FB03F31A9308FB07F31B930023CDE98E
:10A0A80002330193179A9342C0F2A4803FB0BDE8EF
:10A0B800F08F119A1D931C9BE56813F902C0626822
:10A0C800489B9444129A9856A268104400FB0CF0DE
:10A0D800D4E9041203F0F4FBE26A05449542B8BFE0
:10A0E8001546226B159B9542A8BF154603F8015BE0
:10A0F800319A1593119B134411933D9A129B134463
:10A108001293139B013313931D9B139A4245D0DB83
:10A11800309A1099C24411443C9A109191440BF121
:10A12800010BBB4510DA4A9ACDF848905244159273
:10A13800109A119200221392E7E70C9A4FF0000B45
:10A14800DDE90D9A1092ECE72F9A0C9911440C91C5
:10A158003B9A0D9911440D910E9A1B990A440E923F
:10A168000F9A01320F920F9AB242E6DB2E9A0899A3
:10A17800114408913A9A0999114409910A9A1A992D
:10A188000A440A920B9A01320B920B9A14998A424A
:10A1980020DB2D9A049911440491399A05991144A8
:10A1A8000591069A19990A440692079A013207926C
:10A1B800079A16998A4215DB2C9A019901331144A2
:10A1C8000191389A029911440291039A18990A4404
:10A1D800039267E70A9A0E92099A0D92089A0C92CE
:10A1E8000022BFE7069A0A92059A0992049A0892F1
:10A1F8000022C9E7039A0692029A0592019A0492EC
:10A208000022D4E72DE9F04FBFB01C92044626AADD
:10A218000846194632ABFFF711FE0123499A062179
:10A228001FA8FDF7ECFEDDE92367209BDDF894808D
:10A238001793219B1693229B1493149A169B5343AE
:10A2480073437B4308FB03F31893134673437B4321
:10A2580008FB03F3199307FB06F308FB03F31A93B0
:10A2680008FB07F31B930023CDE902330193179AE8
:10A278009342C0F2A6803FB0BDE8F08F119A1D93BB
:10A288001C9BE56833F912C06268489B9444129A93
:10A2980033F91200A268104400FB0CF0D4E9041250
:10A2A80003F00EFBE26A05449542B8BF1546226BDF
:10A2B800159B9542A8BF154623F8025B319A159362
:10A2C800119B134411933D9A129B13441293139BB1
:10A2D800013313931D9B139A4245CFDB309A109993
:10A2E800C24411443C9A109191440BF1010BBB45B7
:10A2F80011DA4A9ACDF8489002EB4A021592109A60
:10A30800119200221392E6E70C9A4FF0000BDDE958
:10A318000D9A1092EBE72F9A0C9911440C913B9AE5
:10A328000D9911440D910E9A1B990A440E920F9A99
:10A3380001320F920F9AB242E6DB2E9A0899114425
:10A3480008913A9A0999114409910A9A1A990A4462
:10A358000A920B9A01320B920B9A14998A4220DBCB
:10A368002D9A049911440491399A0599114405913B
:10A37800069A19990A440692079A01320792079A8F
:10A3880016998A4215DB2C9A0199013311440191DF
:10A39800389A029911440291039A18990A4403922F
:10A3A80065E70A9A0E92099A0D92089A0C92002271
:10A3B800BFE7069A0A92059A0992049A089200221F
:10A3C800C9E7039A0692029A0592019A049200221A
:10A3D800D4E700002DE9F04F15469A46ADF52D7DDE
:10A3E8006822DDE9B6840021074692A805F0CAFF75
:10A3F800AB6851469D93EB6886AE9E932B6AA093FB
:10A408002B685B4293936B685B4294932B6995939B
:10A418006B699693AB697AAD2846979302F08FFFE4
:10A428004146304602F08BFF3146284692AAFDF796
:10A4380082FE9AF808308146092B64D1514628B328
:10A448000AA802F07CFF414611A8DAF8006002F081
:10A4580076FFB8F1000F01D105F037FE18AD21469F
:10A468002846D8F8007002F06AFF002CF4D0236860
:10A478003246CDE90153009711AB0AA992A8FFF71C
:10A48800DCFD00200DF52D7DBDE8F08F1FA802F042
:10A4980056FF414626A8DAF8005002F050FFB8F1FE
:10A4A800000FD9D021462DA8D8F8006002F047FF48
:10A4B800002CD1D0DDE99D239A422768CCDC2DAA57
:10A4C80026A91FA8FDF7B8FD8046C845D9DD15F9AE
:10A4D8000930939A16F909001344949A959C1044EC
:10A4E8005843DDE9961203F0EBF99D9B04449C4226
:10A4F800B8BF1C469E9B9C42A8BF1C4607F8094053
:10A5080009F10109E1E7022B40F08B8057AF0028E1
:10A5180053D00DF1D0095146484602F010FFDAF841
:10A5280000300DF1EC0A41465046099302F007FF4E
:10A53800B8F1000F90D0D8F800B00DF58478214616
:10A54800404602F0FCFE002C86D0349B2468062B83
:10A5580082DC3B9B062B3FF77FAF429B062B3FF7E6
:10A568007BAF33462A4651464846FFF767FC4246CA
:10A5780001230DF5D878062173A8FDF740FDC446E0
:10A588000DF5E87EBEE80F00ACE80F009EE803007A
:10A598008CE8030000215EAB65AA396092A8CDE97A
:10A5A8000325CDE90173CDE905685B46099A009456
:10A5B8005E916591FFF71EFA63E7514649A802F0DC
:10A5C800BEFE414650A8DAF8005002F0B8FEB8F1D5
:10A5D800000F3FF441AF21463846D8F8006002F03A
:10A5E800AEFE002C3FF438AF3A4650A949A8D4F83B
:10A5F80000A0DDE99D48FFF7ACFA48457FF741AF79
:10A6080055F8293056F829205343A342B8BF2346AA
:10A618004345D4BF4AF829304AF8298009F101098D
:10A62800EBE7072B7FF42DAF939A72B10023CDE9A6
:10A638000223454B0193454B00939D237C69384683
:10A64800434A4449A04701201CE7949B43B1CDE904
:10A6580002323D4B0193404B00937C699E23EEE709
:10A66800DDF854B2BBF1000F08D0CDE902B3364B88
:10A6780001933A4B00937C699F23E0E7514608B366
:10A688005EA802F05CFE414665A8DAF8006002F0B8
:10A6980056FEB8F1000F3FF4DFAE6CAD21462846F8
:10A6A800D8F8007002F04BFE002C3FF4D5AE2368BA
:10A6B8003246CDE90153009765AB5EA992A8FFF732
:10A6C800A1FDDEE673A802F03AFE41462846DAF814
:10A6D800007002F034FEB8F1000F3FF4BDAE214621
:10A6E8003046D8F8008002F02AFE002C3FF4B4AEC1
:10A6F800DDE99D239A42D4F800903FF7ADAE294694
:10A70800324673A8FDF798FC05465D457FF7B9AE5C
:10A7180037F91B30939A38F91B001344949A959C87
:10A7280010445843DDE9961203F0CAF89D9B04448F
:10A738009C42B8BF1C469E9B9C42A8BF1C4629F859
:10A748001B400BF1010BE0E739450208542B0208C6
:10A75800922A02089D1D02086C2B0208842B02080D
:10A7680010B5836B2821984704462822002105F05C
:10A7780009FE204610BDCA6800F0CCB9CA6800F0CE
:10A78800EBBC0000002313B50446CDE90033044AAE
:10A79800044B054902F09CFD204602B010BD00BFE5
:10A7A8007FA7000885A7000869A7000830EE200ADF
:10A7B800704700002DE9F0474FF0000906460125D3
:10A7C8004C46D0F800A0CA4503DC28462146BDE81F
:10A7D800F087012D74F10003F7DB2A4623466FF05A
:10A7E80000400021F6F7DCF956F8048F4FEAE877C5
:10A7F800804577EB010105DB0749084802F078FC42
:10A8080005F063FC6F4308FB0477A5FB085409F1C6
:10A8180001093C44D7E700BFB2230208023A020804
:10A828002DE9F84300249C46DDE908E391461C60C5
:10A8380008BBBDE8F883A84215DD00261F68BE42A4
:10A8480013DB4EF827501D6801351D60013448F1AF
:10A8580000084C4578EB0C05EBDA51F82450002D34
:10A86800E9DA2D18E9D505F030FC5EF82620954286
:10A87800ECD00136E3E7A046EBE7F8B59C46054681
:10A88800069FD0B109B905F020FC002AFBD00024AE
:10A89800204610E047B1002604E057F82630A342CE
:10A8A80008D00136B445F8DC52F8246051F8243059
:10A8B80003FB00600134A542ECDCF8BD2DE9F04F44
:10A8C8002DED048B0E680446042E15461F4693B0E2
:10A8D80001D005F0FAFB1B68042BFADC0A460123B9
:10A8E800314604A8FDF78BFB01233A4631460BA8F5
:10A8F800FDF785FB0B9B002BEBDD012B0C9EE8D0B5
:10A90800022B0D99E5D0032B0E9AE2D0049BDDF8BB
:10A918003CA0012BDDDD022B069FDAD094F9003034
:10A92800DDF81C80022BD4D1B4F90230012B13D1ED
:10A93800B4F90430022BCCD10129CAD1012AC8D1DB
:10A9480007FB08F3002408EE903AB4423EDB13B04C
:10A95800BDEC048BBDE8F08F022BBAD1B4F90430FA
:10A96800012BE8E74A462146CDF800B004A8039336
:10A97800F9F7C5F805EB8000D0ED007A38EE278AA4
:10A98800039B01334345EDDB09F10109B94516DBAA
:10A998000023F8EEE87A1A46CDF800B021460BA855
:10A9A80088EE279AF9F7ABF8209B0BF1010B03EB24
:10A9B800800080ED009AD34503DB0134C5E700230E
:10A9C800E0E74FF000099FED038ADFE74FF0000B47
:10A9D800F1E700BF000000002DE9F04F8846C56888
:10A9E800044692462846002285B09B4602F032F87B
:10A9F800D8F800300646D3F80090B9F1020F10D00D
:10AA08000223CDE90293384B0193384B00932F234F
:10AA180065692046364A3749A847012005B0BDE890
:10AA2800F08FD8F804301A68012A09D00123CDE93B
:10AA38000223314B0193314B009365693023E8E7DA
:10AA48004146284602F006F8074640B92C4B2046F6
:10AA5800009365693423264A2A49A847DDE7007F21
:10AA6800022812D0666900F095FC0546484600F0B9
:10AA780091FC254BCDE902500193244B20460093CD
:10AA88001B4A35232249B047C7E7337F092B1ED11C
:10AA980000224146284601F0F2FF0446B068F5F767
:10AAA80015FD8046A0688946F5F710FD0B4602465D
:10AAB80049464046F5F78CFE41EC100B5946504686
:10AAC80002F0B4FF2B68214628469B6998472B68FB
:10AAD800394628469B6998472B68284631469B6922
:10AAE800984700209AE700BF9B1D0208FF2B020829
:10AAF8009C2B02089D1D0208B5270208B71D0208F5
:10AB0800122C0208621D0208222C02082F2C0208AF
:10AB1800E42102082DE9F74FC56814468046002253
:10AB28002846894601F096FF0022064649462846EF
:10AB380001F0A5FF012207464946284601F08AFF91
:10AB4800337F8246092B04F1040B01D0072B13D164
:10AB5800B068F5F7BBFCCDE90001B868F5F7B6FCBD
:10AB680002460B46DDE90001F5F732FE41EC100B19
:10AB78005946204602F05AFF7869FFF71BFE0090FD
:10AB8800DAF81400FFF716FE337F6062092B01D054
:10AB9800072B0FD10099D8F84030404604F108023D
:10ABA80089009847F3682361B3686361FB68A36110
:10ABB800BB68E36122465B4649464046FFF70CFF07
:10ABC800044670B92B68314628469B6998472B681C
:10ABD800394628469B6998472B68514628469B6901
:10ABE8009847204603B0BDE8F08F30B500231446DF
:10ABF8008B4208DB012421EAE17302EB4300032BBB
:10AC080007DD117030BD50F82350013324F8025F7E
:10AC1800EEE720F8024F0133F1E708B508B905F06F
:10AC280054FA006808BD70B5F8B109B905F04DFAD5
:10AC3800002AFBD00025431E02EB8002002B01DA1C
:10AC4800012010E052F8040C51F823600130B042A2
:10AC5800A2F10404EADC04D142F8045C013B224678
:10AC6800ECE72060002080F0010070BD2DE9F04F76
:10AC78008FB005939DF868301746DDE918950022D6
:10AC88000C460B93049002F04AFB2146012206462B
:10AC9800049802F044FB214680460022049802F002
:10ACA80040FB04460EB905F010FA0028FBD0D0F896
:10ACB80004B04046FFF7B1FF4FF0010801465B467C
:10ACC8000022DBF800A0924500F392803368D6F8A2
:10ACD80004A00A932B69DAF80060089323686A6A6B
:10ACE8000793D5E900430393AB69099300231846FA
:10ACF800984540F09580504600239E4200F3978087
:10AD080000250DAB0193059B30460093D3170D9595
:10AD1800FFF786FD0D9B06932B46AE4200F38D8010
:10AD28004FF0000B0AF1040500233A462946304645
:10AD3800CDF800B0FFF7A1FD059B82463A462946AB
:10AD480000933046069BFFF798FD0A9B294633F986
:10AD58001A2059F82030134449F820303A46304632
:10AD6800FFF761FF0028DFD106464FF0010B82464E
:10AD7800069BB34265DC5BEA0A0336D00B9B5BBBE0
:10AD8800BAF1000F8FDB08BFBBFA8BF3039A18BF29
:10AD9800BAFA8AF302F11F0608BF2033202EA8BF93
:10ADA8002026C3F13F039E42A8BF1E46E117A6F125
:10ADB800200304FA03F3C6F12005B140194324FA2D
:10ADC80005F5534604FA06F05A462943F5F7E8FE16
:10ADD8000446039B9B1B0393002647F6FF7A089BB8
:10ADE8002D4F0BFB03FBB04541D10FB0BDE8F08FF1
:10ADF80053F8040FA8FB00ECBCF1000F0CD0274B54
:10AE0800274A1893049B27495C69A023A446049801
:10AE18000FB0BDE8F04F604700FB08F8013252E779
:10AE2800079D25F8130049F82300013360E750F81F
:10AE3800045F002DD9D001335FE747F8253001358D
:10AE48006BE7059B5A4653F826304FF0FF3055F80C
:10AE580023706FF000415346F5F7A2FE8742CED823
:10AE680007FB0AF3ABFB07BA01369A4480E759F8A7
:10AE780026002146039AA0EB0B0002F021FD099B56
:10AE88001844B842B8BF38465045A8BF5046079B3B
:10AE980023F816000136A6E70080FFFF3A2C0208C7
:10AEA8009C2B0208621D02082DE9F04F8FB0059314
:10AEB8009DF868309146DDE9184600220D460B934F
:10AEC800049002F02CFA294601228046049802F0E8
:10AED80026FA294607460022049802F022FA054677
:10AEE800B8F1000F01D105F0F0F80028FBD0D0F838
:10AEF80004B03846FFF791FE012701465B46002261
:10AF0800DBF800A0924500F39680D8F80030D8F816
:10AF180004A00A933369DAF8008008932B68726AF0
:10AF28000793D6E900530393B3690993002318469E
:10AF38009F4240F0978050460023984500F3988040
:10AF480000260DAB0193059B40460093D3170D9641
:10AF5800FFF766FC0D9B06933346B04500F38E80E1
:10AF68004FF0000B0AF1040600234A4631464046DA
:10AF7800CDF800B0FFF781FC059B82464A46314672
:10AF880000934046069BFFF778FC0A9B314613F96D
:10AF98000A2054F82030134444F820304A464046EA
:10AFA800FFF741FE0028DFD180464FF0010B8246B3
:10AFB800069B434566DC5BEA0A0339D00B9B63BBFF
:10AFC800BAF1000F8FDB08BFBBFA8BF3039A18BFE7
:10AFD800BAFA8AF302F11F0608BF2033202EA8BF51
:10AFE8002026C3F13F039E42A8BF1E46E917A6F1DB
:10AFF800200305FA03F3C6F1200CB14025FA0CFC36
:10B00800194305FA06F053465A4641EA0C01F5F78A
:10B01800C7FD0546039B9B1B03936FF07F08089BA6
:10B0280004EB87070BFB03FB079B5E1EBC4240D16A
:10B038000FB0BDE8F08F53F8040FA7FB00ECBCF18C
:10B04800000F0CD0244B254A1893049B24495C69B3
:10B05800A023A44604980FB0BDE8F04F60474743CB
:10B0680001324FE7079EF05444F8230001335FE7AD
:10B0780050F8046F002EDBD001335EE749F8263024
:10B0880001366AE7059B5A4653F828304FF0FF30DF
:10B0980056F823906FF000415346F5F781FD81453E
:10B0A800D0D809FB0AF3ABFB09BA08F101089A44A6
:10B0B8007EE754F8040B2946039AA0EB0B0002F034
:10B0C800FFFB099B18444045B8BF40467F28A8BFEE
:10B0D8007F2006F8010FA9E73A2C02089C2B0208EA
:10B0E800621D02082DE9F74F9A460023144681464F
:10B0F8000D461A460D9EA34229DB4FF0000B002394
:10B10800324629462046CDF800B0FFF7B6FB324656
:10B1180029460C9B8046CDF800A02046FFF7ADFBE2
:10B128000F9B09EB880803EB8007D8ED000A97ED21
:10B13800000A0E9B9847324687ED000A29462046AA
:10B14800FFF771FD0028DAD103B0BDE8F08F46F8AB
:10B1580023200133CFE700002DE9F04F002499B0F8
:10B16800914622460F46054602F0D9F8012280464C
:10B178003946284602F0D3F8224682463946284600
:10B1880002F0CFF83B690646DAF80400049301F0B0
:10B19800BCFF98F808308346072B00F0C380092BC2
:10B1A80000F0B180012B40F0CC805046FFF735FD10
:10B1B800594607AAADF82040FFF717FDD8F8043024
:10B1C8001F68042F0CD19DF91C20022A08D1BDF953
:10B1D8001E20BDF92040012A13D1A21E5442544119
:10B1E800049A127802B3FCB141460AA802F0A7F803
:10B1F800314611A8D8F8004002F0A1F846B904F089
:10B2080064FF022A08BF012C0CBF01240024E7E7D1
:10B218003368224600930AA911AB07A8FFF74EFB33
:10B22800002019B0BDE8F08F0493002EE7D05046F7
:10B23800FFF7F3FC0122014600207468049BD4F850
:10B24800009081453BDCD6F800A0D8F800000AEB56
:10B2580082040590D14652460020A24244D15A4663
:10B268000026043304930DF1280806AB38460193F1
:10B27800CDF80080D3170696FFF7D2FADDE904105F
:10B28800324BDDF818B0029311ABCDE900B33A4662
:10B298004346CDF80CA0FFF725FF0123B34526DC74
:10B2A800002BBDD0A145BBD007EE903AD9ED006A7E
:10B2B800B8EE677AC6EE877AE9EC017AF2E754F8D5
:10B2C80004CFA2FB0CAEBEF1000F09D0204B2846DC
:10B2D80000936C69D2231F4A1F49A0470120A0E7A9
:10B2E8000CFB02F20130ACE742F8040BB5E7049915
:10B2F80058F8042B51F82220A3FB02010029E5D1BC
:10B3080053430136CAE76B6CD9F8081028469847AA
:10B3180039460090CDE9019428460AAB11AAFFF7F7
:10B32800C3FD7DE76B6CD9F8081028469847394665
:10B338000090CDE9019428460AAB11AAFFF796FCC4
:10B348006EE728466B6905499847C7E7B5A700081F
:10B35800412C02089C2B0208621D02088B2D020852
:10B36800013080007047884208B50ED060B171B1D5
:10B3780003680A689A420AD192000431043004F042
:10B38800F1FFB0FA80F0400908BD0120FCE7002079
:10B39800FAE7000013289ABF024B53F8200002482E
:10B3A800704700BF404E02082E2E020820B1431EEF
:10B3B80058425841400070470120704708B508B905
:10B3C80004F083FE0029FBD0002AF9D0002BF7D027
:10B3D80008BD03685B6818470368C01A03888B4276
:10B3E8008CBF405A0020704710B50C210446FFF767
:10B3F800F3FF10B123182058184410BD08B50346B0
:10B408001046122B33D8DFE803F0100A181C20244A
:10B418002614281E122A222C2E1A16300E000A2351
:10B4280000200B7008BD1323FAE70123F8E70B236C
:10B43800F6E70723F4E71123F2E70223F0E71023E6
:10B44800EEE70323ECE70923EAE70423E8E70D2303
:10B45800E6E70523E4E70623E2E70823E0E70C2311
:10B46800DEE70E23DCE70F23DAE71223D8E7002212
:10B478000A701A46024902F0ADFF0120D2E700BF68
:10B48800AD2E02080020704738B505461446FFF770
:10B49800A3FF00B12C58204638BD38B505461446E0
:10B4A800FFF79AFF00B12C5C204638BD08B5002292
:10B4B8000A21FFF7F2FF08BDF8B5144605461E46F7
:10B4C800FFF77CFF01222368114620461B68984736
:10B4D8000027044607702846FFF7E8FF1B280BD112
:10B4E8002846FFF781FF38B13A460421FFF7D5FF18
:10B4F800C01B18BF0120207000203460F8BD38B58B
:10B5080005461446FFF768FF00B12C56204638BDA3
:10B51800F8B5144605461E46FFF750FF236801227A
:10B52800022120461B689847002704460770477089
:10B538002846FFF7BBFF0B2817D12846FFF754FF13
:10B54800054690B13A460421FFF7D9FFC2B2531E0F
:10B55800042B88BF3A460621227028460122FFF7AD
:10B568009CFFC01B18BF0120607000203460F8BD2C
:10B578002DE9F047174605468A469846FFF71EFF0D
:10B588003B6804221B681C21384698471C2200216E
:10B59800044604F0F7FE2846FFF788FF0128814695
:10B5A80005D00025C8F800402846BDE8F0872846A1
:10B5B800FFF71AFF05460028F3D000220421FFF701
:10B5C8009EFFFFF7F3FE0022062120702846FFF7B2
:10B5D8005BFF0022082160602846FFF755FF002224
:10B5E8000A21A0602846FFF78AFFC6B2731E042B03
:10B5F80088BF00264A460C2128462673FFF744FFD9
:10B608004A460E2120612846FFF73EFF00221021FE
:10B6180060612846FFF773FF524604F11801FFF7EF
:10B62800EDFE05460028BCD021463846FFF7D1FE7E
:10B63800BAE770B5144605461E46FFF7BFFE2368F5
:10B6480004221B681C21204698471C22002104461E
:10B6580004F098FE2846FFF729FF022834D128462F
:10B66800FFF7C2FE054678B300220421FFF747FF23
:10B67800FFF79CFE0022062120702846FFF704FFF2
:10B688000022082160602846FFF7FEFE00220A21FA
:10B69800A0602846FFF7F8FE00220C21E06028464B
:10B6A800FFF72DFFC0B2431E042B88BF00200122E4
:10B6B8000E2120742846FFF7E7FE01226061102161
:10B6C8002846FFF7E1FEA0610020346070BD00004D
:10B6D8002DE9F0471746054688469946FFF76EFE5E
:10B6E8003B68012205211B68384698470026044616
:10B6F800066006712846FFF7D9FE082882463DD124
:10B708002846FFF771FE0546C0B332460421FFF70D
:10B71800F6FEC3B25A1E042A88BF33463246237047
:10B7280051462846FFF7B9FE801B18BF0120324654
:10B738000A21A0702846FFF7B0FE801B18BF012021
:10B7480032460C21E0702846FFF7D9FE4246211DFB
:10B75800FFF754FE024650B906212846FFF7CFFEF0
:10B7680058B1012809D04046074902F033FE38464F
:10B778002146FFF72EFE012003E060700020C9F883
:10B788000040BDE8F08700BFD12E0208F8B5144686
:10B7980005461E46FFF712FE012223681146204681
:10B7A8001B6898470027044607702846FFF77EFE67
:10B7B80015280DD12846FFF717FE48B13A4604214F
:10B7C800FFF79DFEC2B2531E042B88BF3A46227073
:10B7D80000203460F8BD70B5144605461E46FFF7D4
:10B7E800EDFD236804221B6828212046984728225B
:10B7F8000021044604F0C6FD2846FFF757FE052839
:10B808002ED12846FFF7F0FD054648B30022042153
:10B81800FFF775FEFFF7CAFD0022062120702846B3
:10B82800FFF732FE0022082160602846FFF72CFE51
:10B8380000220A21A0602846FFF726FE00220C21DC
:10B84800E0602846FFF720FE002220610E212846EE
:10B85800FFF755FEC0B2431E042B88BF0020207599
:10B868000020346070BD10B52DED028B0446B0EE9B
:10B87800408AFFF7B1FD10B1044494ED008AB0EEA0
:10B88800480ABDEC028B10BD70B514462DED028B35
:10B8980005461E46FFF792FD0422236811462046FE
:10B8A8001B6898479FED0C8A044680ED008A28465D
:10B8B800FFF7FCFD09280AD12846FFF795FD30B1AE
:10B8C800B0EE480A0421FFF7CEFF84ED000ABDEC74
:10B8D800028B0020346070BD0000000010B50446E3
:10B8E800FFF77AFD10B123182058184410BD40689E
:10B8F80003689B6818477047704780681022036880
:10B908009B681847406803689B6818474068036845
:10B91800DB681847406803685B6918474068036834
:10B928001B69184780680422036820219B68184710
:10B93800704770B505460C4609B904F0C6FB0B689C
:10B94800012B0CD14E68002EF7D04068716803684F
:10B95800DB689847686831460368DB6898470023C6
:10B968006868C4E90033C4E9043303682146BDE8C4
:10B978007040DB68184738B513460C4609B904F01F
:10B98800A4FB826932B18068990002689568042234
:10B99800A8472060002038BD10B508210446FFF7ED
:10B9A8001BFD10B123182058184410BD10B50A21EA
:10B9B8000446FFF711FD10B123182058184410BD94
:10B9C80010B506210446FFF707FD00B1205610BD4B
:10B9D80010B50E210446FFF7FFFC00B1205C0038CB
:10B9E80018BF012010BD10B504210446FFF7F4FC70
:10B9F80010B123182058184410BD10B5082104466A
:10BA0800FFF7EAFC10B123182058184410BD0000B5
:10BA180038B50D4608210446FFF7DEFC00B1205872
:10BA28002B68834205D8B0210B4B0C4A0C4804F014
:10BA380053FB013055F8203005EB80041C440421E9
:10BA48002046FFF7C9FC221820B12358D058D11836
:10BA580000B1081D38BD00BFFB2E0208062F0208E2
:10BA6800D02F0208F8B516460023C2E9003346F87D
:10BA7800083F0F4614460546FFF7A2FF314601F07E
:10BA880094FC064658B939462846FFF7C1FF0421F9
:10BA980020602846FFF7A0FC18B9054B63603046C4
:10BAA800F8BD2A182858104401F072FB6060F6E7C8
:10BAB800F44E020838B50D46044608B904F005FBF3
:10BAC8000029FBD00368042224215B6B9847064AAF
:10BAD800C0E9002400220434C0E90325C0E9062295
:10BAE80084600275026238BD984E020870B50D4632
:10BAF80004461021164601F04DFB2C44211A02F091
:10BB080041FC054600B1043086B1012E17D1036807
:10BB1800042241F20C019B689847044602F0F0F8B1
:10BB280021462846BDE87040FFF7C4BF03680422D9
:10BB38002C219B689847044602F068F9F0E7002436
:10BB4800EEE700002DE9F0411D46037D04460E4650
:10BB580017462BB90C4801F0CBFA0120BDE8F0815B
:10BB6800036829461B6C826998470028F6D1236828
:10BB78003A46D3F83C80314620462B68C047002817
:10BB8800ECD12075EAE700BF5830020838B5044602
:10BB980040680368DB6A98470546A0680368DB6865
:10BBA8009847284438BD002310B50446836140688F
:10BBB8000422036890219B699847E061B0FA80F0FD
:10BBC800400910BDF8B504460E4609B904F07DFADF
:10BBD800037D2BB11B4801F08BFA00252846F8BDE0
:10BBE8000123037580680422036808219B6898472D
:10BBF800A368154AC0E90023E0602046FFF7D3FF99
:10BC08000028EAD1A56830462B689F68FFF7F5FE43
:10BC1800016804222846C900B847054608B90B48F8
:10BC2800D9E72368024631462046DB6A9847002850
:10BC3800D3D123682A46314620469B6A9847002874
:10BC4800CCD0CAE7A3300208E44E0208F830020854
:10BC58000421C06901F09EBA2DE9F84305468946DA
:10BC680090461F46FFF7F4FF0C2604460022A969F8
:10BC78004E4300EB060C644508D10B2A0CD90C483E
:10BC88000C2101F035FA0120BDE8F88363680C3413
:10BC9800013308BF0132EEE74FF0FF3340F806905A
:10BCA800C4E901383960AB6900200133AB61EBE7C7
:10BCB80026310208036870B55B6904460D4698474B
:10BCC800C8B92046FFF7C4FF0C23A2695A4383185A
:10BCD800984209D16068E16903689032DD690423FC
:10BCE800AC46BDE87040604741680C30013108BF80
:10BCF80040F8085CECE770BDC068704708B5036899
:10BD0800994205D3B021054B054A064804F0E4F9E9
:10BD180000EBC100D0E9010108BD00BFFB2E0208FD
:10BD28005C310208D02F02082DE9F04F85B00F9C36
:10BD380081468A4693461D460CB904F0C6F920226E
:10BD48000021204604F01EFB2846FFF739FE04F1C7
:10BD58001C0101F02AFB0746002855D12846FFF7A9
:10BD680037FE0E99A0772846FFF752FE002814BF29
:10BD78000123022320616377284603AA04F11801EE
:10BD880001F056FA074600283ED104212846FFF75D
:10BD980023FB00283CD02A182858104401F0F8F951
:10BDA80060610C212846FFF717FB68B32B582E1843
:10BDB8001E443046FFF7F0FD054628B303681BB361
:10BDC8003046FFF7F3FDF8B10368EBB16B68304616
:10BDD800A360FFF7EBFD0021FFF790FFE06030461E
:10BDE800FFF7DAFDD0F80080BBF1000F12D0DAF8C7
:10BDF800003004220C2150469B6898470546F8B944
:10BE08002F4801F075F90127384605B0BDE8F08FD5
:10BE18002C48C5E7D9F8003004220C2148469B6815
:10BE2800984705460028EBD0D9F800304046D3F8AB
:10BE380008A0FFF795FA042201464846D0470AE0D1
:10BE4800DAF800304046D3F80890FFF789FA042260
:10BE580001465046C847686008B91B48D1E73046D4
:10BE6800FFF79AFD01F095F96B684FF0000A9946C3
:10BE78002860C3F80080C2450ADB10213046FFF76E
:10BE8800ABFA00B130580123A860C4E90035BBE71C
:10BE98003046FFF78BFD0268834630460192FFF774
:10BEA8007BFD019A036858469A420CBF514600210F
:10BEB800FFF724FF0AF1010A49F8040FDBE700BF86
:10BEC80008320208F44E02083632020808B5036840
:10BED800994205D3B021064B064A074804F0FCF8FE
:10BEE800013100EB810250F82100104408BD00BF69
:10BEF800FB2E020864320208D02F02082DE9F34114
:10BF080080460F461E46144600253846FFF76BFD4F
:10BF180003689D4201D300201DE02946FFF7D6FFA4
:10BF2800FFF756FDD0B11EB156F82530013315D1B3
:10BF3800204601A901F0AFF968B9D8F80800102225
:10BF4800036801999B689847206038B905480199AA
:10BF580001F0CEF8012002B0BDE8F08101350C34C3
:10BF6800D3E700BF2E33020808B50368994205D30A
:10BF7800B021064B064A074804F0AEF8013100EB41
:10BF8800810250F82100104408BD00BFFB2E0208B2
:10BF98005C330208D02F02082DE9F04107460E460F
:10BFA800154602BB04F091F82146FFF7DDFF01F0CA
:10BFB800B9F8BB6841011A681846D2F8088004220B
:10BFC800C04728B9094801F093F80120BDE8F0817D
:10BFD80045F8340001343046FFF70FFD03689C42F2
:10BFE800E2D30020F2E70024F5E700BF2A34020874
:10BFF8002DE9F3470746DDF82890084616461D4602
:10C008008846FFF7FAFC4946FFF7AEFF3B6838461B
:10C018005B6B9847044638B9114801F069F8002469
:10C02800204602B0BDE8F08700223B68CDE90092C7
:10C0380041460246D3F838A038462B46D04708B1C7
:10C048000848EAE7002EEBD00C235D4306EBC9064F
:10C0580073685A195B59236153686361E0E700BF4D
:10C0680060340208963402082DE9F3470746DDF8E4
:10C078002880084616461D468946FFF7BEFC4146FD
:10C08800FFF772FF78680422036820219B689847AD
:10C09800044648B942462946124801F029F80024C6
:10C0A800204602B0BDE8F08701223B68CDE9008256
:10C0B80049460246D3F838A038462B46D04718B12F
:10C0C800094801F015F8EAE7002EE9D00C235D4392
:10C0D80006EBC80673685A195B5923615368636194
:10C0E800DEE700BFE03402081B3502082DE9F04FF7
:10C0F8009946436891B0CDE9071305468846164628
:10C108000021182209A804F03DF90023A96907A80D
:10C118000F9300F009FA0446002879D1059005A983
:10C1280007A800F059F90446002871D1074606F11E
:10C13800040A4046FFF761FC0368059C9F423ED312
:10C148002146324607A800F077FA044600285FD156
:10C158002846FFF77DFD214602464B46009607A874
:10C1680000F0F9FA0446002852D1DDE9096A686846
:10C17800102103681B6B98470746686810220368FC
:10C1880039469B6898478046002800F08A803A46DE
:10C19800A1463746286941460368DB699847D5F8C0
:10C1A80010B0CA451BD1686800270368D5F810B0DD
:10C1B8005B6A9847394681464FF0FF3348E0394675
:10C1C800FFF7D2FE2B680146D3F830B02846234645
:10C1D8005AF83720D8470446D0B90137A9E73B7D3C
:10C1E8001BB909F101091837DBE71021386800F09D
:10C1F800DBFFD7E902233C690146B4F1FF3FDBF8D6
:10C20800000009D184685846A04704460028E8D0B1
:10C21800204611B0BDE8F08F0094C4685846A04786
:10C22800F3E7327D92B1DBF8002058469469069313
:10C2380006AA0391A04704460028E9D14FF0FF332E
:10C24800069A706803994A4402600131013718362A
:10C25800BA45E6D107A800F0B1F868684146036816
:10C26800DB689847686803685B6998470446002854
:10C27800CED16868E96903681B6A984704460028B4
:10C28800C6D1286903681B699847296A1022814228
:10C298003CBF01462862686803689B6A9847044661
:10C2A800B6E70124B4E72DE9F047D0E901761C464A
:10C2B800084615468946FFF7A0FB0899FFF754FE84
:10C2C800FFF791FB2146FFF701FE0C210446484683
:10C2D8009DF82480FFF780F820B109EB000359F896
:10C2E80000001844CDE90805234642463946304641
:10C2F800BDE8F047FFF718BD2DE9F74F80460C461B
:10C308001746002A47D103F0E0FE3146FFF72CFE1E
:10C318000190FFF768FBD0F800B0D8F808000AFBD6
:10C328000BF50368042229469B689847814680BB21
:10C3380029461B4800F0DCFE012003B0BDE8F08F61
:10C348000198FFF750FB2946FFF7C0FD0C2100902C
:10C358002046FFF741F858B12158221811440AFB2A
:10C3680005920098FFF77EFB20B129460D48E1E7CA
:10C378000146F4E701355D45E2D13A1D42F83690B1
:10C3880001362046FFF739FB03689E42BDD30020E3
:10C39800D3E70025EFE700264FF00C0AF1E700BFCE
:10C3A8005F350208A635020808B58B68934201DD9F
:10C3B80003F08BFE013308BF8A6008BD10B5044640
:10C3C8004068A1680368DB6898476068216903686A
:10C3D800DB689847002010BD2DE9F843056807463B
:10C3E800884628461021FEF7F7FFE8B90020BDE887
:10C3F800F883013304EB830254F8234004211444E6
:10C408002046FEF7E9FF002853D02258231813448A
:10C41800D968BA6910338A42C8F8003005D027486D
:10C4280000F066FE0120E2E7002610212846FEF70C
:10C43800D3FF00283FD02B582A18D118D3589E4232
:10C44800D4D2013651F8263001EB860999440421EB
:10C458004846FEF7C1FF0028E7D059F8003009EB3D
:10C468000002D458D018172C2246154928BF172285
:10C47800043003F08FFF0028D7D1172CD5D10C2119
:10C488002846FEF7A9FF044610B12C582B181C4467
:10C4980006214846FEF7A0FF034608B159F80030C8
:10C4A80022689A42A5D8B021064B074A074803F0EC
:10C4B80013FEC368FFDE0368FCE700BFC53502084A
:10C4C800F84E0208FB2E0208062F0208D02F020899
:10C4D80008B50368994205D3B021044B044A0548BE
:10C4E80003F0FAFD013150F8210008BDFB2E0208C7
:10C4F80010360208D02F020808B50368994205D300
:10C50800B021064B064A074803F0E6FD013100EB6F
:10C51800810250F82100104408BD00BFFB2E02081C
:10C52800B2360208D02F02082DE9F8430546006804
:10C538008846FFF762FA04686868A4000368042262
:10C5480021469B68984707462861C8B100263446AB
:10C55800D5F800904846FFF750FA03689E4216D374
:10C568001823C5E9054444446868EC605C430368E3
:10C57800042221469B68C5F81C809847A860A0B98A
:10C588000B48214600F0B4FD0120BDE8F88347F8C8
:10C5980026404846FFF731FA3146FFF7E5FCFFF73A
:10C5A80022FA036801361C44D4E70020EDE700BFF7
:10C5B800803702082DE9F34708460C46174600F075
:10C5C800B1FD002506464FF0FF38B54201D10020E5
:10C5D80027E00A212046FEF7FFFE10B12318205855
:10C5E80018442946FFF788FF4FF0000A81461421B6
:10C5F8004846FFF773F9D0B103689A4517D25146F8
:10C60800FFF766FF0C2301A903FB0070CDF8048037
:10C6180000F041FE28B9019931B1064800F068FDE3
:10C62800012002B0BDE8F0870AF1010ADFE7013511
:10C63800CBE700BFC13702082DE9F04F00260446BA
:10C64800B2464FF0FF3B836885B00093131D0191FC
:10C6580002932068FFF7D1F903689E4211D318228C
:10C6680063690099E06902FB0313012400224FF07B
:10C67800FF31904203F1180365D1002005B0BDE8F1
:10C68800F08F3146FFF770FC029B074653F836805F
:10C69800236901464246204653F82650FFF78AFF91
:10C6A8000028EBD11823009A03FB0529454680464C
:10C6B8003846FFF798F90268904501D30136C8E774
:10C6C80049462846C9F8045000F0E5FD0028D5D1B0
:10C6D8002A68C9E902BB52BB38460392FFF783F9BF
:10C6E8004146FFF7F3FBFFF773F9039A20B9D9F82E
:10C6F8000020003A18BF0122019B89F81420FBB1E1
:10C7080053F82A203846C9F810200392FFF76BF92E
:10C718004146FFF7DBFBFFF75BF9039A48B90AF1DB
:10C72800010A08F1010809F118090C35C0E70246A9
:10C73800E2E70132F3D04FF0010389F81430EEE755
:10C74800C9F810B0EDE743E9041103F8044C43F8C5
:10C75800081C01328DE72DE9F04F894604468BB05D
:10C768000068CDE90523FFF748F94946FFF7FCFBC8
:10C778004FF01808A3680746049323694FF0000A8E
:10C7880053F82960049B08FB063600F0CBFC0790A1
:10C7980006213846FFF7A2F80546002800F0CC80AD
:10C7A80003689A4580F0C7805146FFF791FE08FB61
:10C7B8000065D4F820B029465A462046FFF7F4FD14
:10C7C800EB689B4501DA03F080FCC5F80CB00AF170
:10C7D800010ADDE7236A0A210133384623620393FD
:10C7E800FEF7FAFD10B13B18385818442946FFF7F0
:10C7F80083FE4FF0000A804608214046FFF76EF896
:10C8080000BB149B414600932046DDE9052300F058
:10C818009BF84FF0000A06214046FFF75FF800B387
:10C8280003689A451DD25146FFF752FE002806DBE1
:10C838000BFB0060236AC1688B42C4DBC3600AF14A
:10C84800010AE8E702689245DBD25146FFF740FE4D
:10C85800039A0BFB00612046FFF7A6FD0AF1010AC7
:10C86800CAE74FF0000A0EE00268924511D251461D
:10C87800FFF72EFE0BFB0060226AC1688A42A2DB2A
:10C88800C2600AF1010A08214046FFF727F800288C
:10C89800EAD1049B6169DDF814800BFB01310023A8
:10C8A800E2699A4225D80135079B9D4292D14FF003
:10C8B80000084FF0180908213846FFF70FF800283C
:10C8C8003DD0036898453AD24146FFF701FE09FB7F
:10C8D8000065D4F820A0294652462046FFF764FD9B
:10C8E800EB689A45FFF66FAFC5F80CA008F1010890
:10C8F800E1E7D8F80420AA4218D1D8F808209145D1
:10C9080014D10698D8F8002000EB8300C1E9002074
:10C918002046039A08910993FFF746FD0899226A71
:10C92800C8688242FFF64FAF099BCA6001331831CD
:10C9380008F10C08B4E700254FF0180BB4E7002005
:10C948000BB0BDE8F08F00002DE9F34705680746F6
:10C958000E462846062190469946FEF73DFDDDF82D
:10C9680028A0044610B12C582B181C44042130462A
:10C97800FEF732FD054600B135582368AB4205D8AD
:10C98800B021314B314A324803F0A6FB013554F847
:10C99800253004EB850000220A211844FEF774FDB7
:10C9A80077284AD0812834D076282ED13046FEF711
:10C9B8007DFD5C2846D13046FEF716FD054600226F
:10C9C80004212846FEF760FD002204460621284679
:10C9D800FEF75AFD621C05460AD03B6A42460133FF
:10C9E8003B6221464B463846CDF800A0FFF7B3FE20
:10C9F8006B1C0AD03B6A424601333B6229464B46D0
:10CA08003846CDF800A0FFF7A6FE002002B0BDE82A
:10CA1800F0873046FEF74AFD67280CD13046FEF70E
:10CA2800E3FC04210022FEF72FFD411C0446ECD054
:10CA38004FF0FF35D1E70020F3E73046FEF736FD2B
:10CA48005D28B7E70025BAE7FB2E0208FD37020884
:10CA5800D02F02080968002A10B451F8044B0ADBE9
:10CA6800944208DD51F82210002904DB03685DF8C0
:10CA7800044B5B69184700205DF8044B7047496810
:10CA8800002A10B451F8044B0ADB944208DD51F82F
:10CA98002210002904DB03685DF8044B5B69184722
:10CAA80000205DF8044B70470EB403B503A951F894
:10CAB800040B019100F012FB02B05DF804EB03B027
:10CAC8007047C06803689B681847C0680368DB68DC
:10CAD8001847C06803681B691847C06803685B6922
:10CAE8001847C06803685B6A1847C0680368DB6A50
:10CAF80018470000D1289ABF024B53F8200002487B
:10CB0800704700BF104F0208A044020870B50446E1
:10CB180000F1A4060D463046002101F025FF0A4B1E
:10CB28006661E361094BE563A365094BE365094B5E
:10CB3800A364094B2363094B2364094BE364002373
:10CB480084F8953070BD00BFB1CA0008E3CA000878
:10CB5800EBCA0008D3CA0008F3CA0008CBCA000809
:10CB6800DBCA0008F7B51E4600F108070446C0E90D
:10CB780000120D4664220021384603F003FC9DF89C
:10CB88002C2008993046FEF7B1FF099A04F1700687
:10CB9800E06603463946009230462A4601F072FDA7
:10CBA8004FF480732046A4F89430002350F8A42B47
:10CBB800C4E92633E16EC4F8A030334601F0C4FE60
:10CBC80020460A99FFF7A2FF204603B0F0BD08B53A
:10CBD800FEF713FF0021FFF7C7F90621FEF77EFED7
:10CBE800006808BD38B5054600680C46FFF7EFFF3A
:10CBF800A042024605D80548214600F079FA0020EF
:10CC080038BDD5F89C3053F82400F9E7D33802082A
:10CC180008B5FEF7F2FE0021FFF7A6F90821FEF796
:10CC28005DFE006808BD000038B5054600680C4682
:10CC3800FFF7EEFFA042024605D80548214600F05E
:10CC480057FA002038BDD5F8A03053F82400F9E78A
:10CC5800FE38020838B5D0F88030044600F1700577
:10CC680013B1284601F026FC04F1A40001F0F7FDF9
:10CC7800284601F0BFFB204638BD00002DE9F04FE3
:10CC880006464FF0000A8BB006F1700001F08EFCEA
:10CC9800504501DC00236FE035682846FEF7ADFEFD
:10CCA8005146FFF761F9062100902846FEF794FBEC
:10CCB800044610B12C582B181C44F06EFFF71CF8D2
:10CCC8000390009800F02EFA00274FEACA03049058
:10CCD8000193049B9F4202D10AF1010AD4E70A2179
:10CCE8000098FEF779FB002800F0BF80009B1A58D7
:10CCF80019188B188A58974205D3B0215C4B5D4AA6
:10CD08005D4803F0E9F9013703EB870553F827304D
:10CD180004211D442846FEF75FFB50B155F80080FA
:10CD28002368434507D84146544800F0E1F90123F8
:10CD380022E08046F4E708F1010304EB830B54F882
:10CD48002330019A9B44D6F880304FEA47199A5805
:10CD5800A9F120094A44584671681C3201F006FEC0
:10CD680070B10090584600F006FBFFF7C3FE01467D
:10CD7800434800F0BDF9009B18460BB0BDE8F08FA2
:10CD8800D6F88020019952584A44D26912B94146CE
:10CD98003C48CAE7D2F8148009900E212846FEF7CD
:10CDA8001BFBB8F1200F44D100283AD14FF0000BFB
:10CDB800CDF808B006212846FEF790FD00F0E8F906
:10CDC800082105902846FEF789FD00F0E1F9019A4F
:10CDD800D6F8803000219B58069003EB09081C22E6
:10CDE8004046079303F0CEFA079B059A142143F8AF
:10CDF8000920069B2846C8F80430099BC8F810305B
:10CE0800029BC8E9053BFEF769FD00283FF461AFC6
:10CE18000368002B3FF45DAF00F0BAF9C8F80800CA
:10CE280057E72B582A18D118043152F803B0029149
:10CE3800C0E728B14046FFF75DFE0146124874E797
:10CE48007068414603689B68984728B94046FFF7D1
:10CE580051FE01460D4868E709AB2946039A00F0E0
:10CE6800B0FA03460028A1D086E70368FFDE00BFBA
:10CE7800FB2E0208B2360208D02F02082A3902080F
:10CE88005439020881390208A2390208E83902082F
:10CE980010B500F17004204601F0E0FA20B92046F0
:10CEA800BDE8104001F008BC10BD00002DE9F04FAE
:10CEB8000168054685B0C06EFEF784FE014650B98C
:10CEC8006C4800F015F9012385F8953001242046B7
:10CED80005B0BDE8F08F05F17007384601F0EAFBB0
:10CEE8002846FFF7CBFE04460028F0D105F1A4063A
:10CEF8000146304601F038FD384601F07CFA044618
:10CF08000028E4D10121304601F02EFD384601F019
:10CF18000DFB04460028DAD10221304601F024FD39
:10CF2800D5F880202968E86E05F19803FEF70AFE17
:10CF380004460028CBD1D5F89810304601F012FDF0
:10CF4800EF6E28683B68D3F81C80FFF740FE81002D
:10CF58003846C047C5F89C00002847D12868FFF725
:10CF680036FE8100444800F0C3F8AFE7D5F88020CA
:10CF78003846D3F800B00392FEF73FFD0021FEF7D4
:10CF8800F3FF0621FEF7AAFC2146FFF7A1FAD5F820
:10CF98009CA0034639464046039ACDF80090D847EE
:10CFA800D5F89C304AF8240053F8243013B92146A8
:10CFB8003248D8E701342F683846FFF708FED5F81D
:10CFC8006C80A042D8F80030D0D83846DC69FFF72A
:10CFD8001FFE81004046A047C5F8A000002845D1A3
:10CFE8002868FFF715FE81002548BCE7A146E2E75F
:10CFF800D5F86C80D5F88020D8F800303846D3F8BA
:10D0080000B00392FEF7F9FC0021FEF7ADFF0821FE
:10D01800FEF764FC2146FFF75BFAD5F8A0A00346AB
:10D0280039464046039ACDF80090D847D5F8A03045
:10D038004AF8240053F8243013B92146114892E7DE
:10D0480001342F683846FFF7E3FDA042D0D82846C0
:10D05800FFF71EFF044600287FF439AF01230321A0
:10D06800304685F8943001F07FFC30E70024A14673
:10D07800E7E700BF053A0208283A0208713A0208B1
:10D08800963A0208E03A020890F8953010B504463E
:10D0980023B10A4800F02CF8012010BD90F8943014
:10D0A80033B104F170000021BDE8104001F08EBAE0
:10D0B800FFF7FCFE0028F4D0EFE700BF063B0208AC
:10D0C8000FB407B5044805A90191F5F7C3F803B0F3
:10D0D8005DF804EB04B070479E44020808B5F5F704
:10D0E800B9F8BDE808400148FFF7EABF9E440208C6
:10D0F8000FB407B504A951F8040B0191FFF7EEFF2F
:10D1080003B05DF804EB04B07047034601680022E1
:10D11800012010B5914200DC10BD53F8044F0132D4
:10D128006043F7E70368C31A1A880A2A05D95B8996
:10D13800C21813B1C358D058704700207047000078
:10D14800036810B5C31A1A88082A17D91B89C41886
:10D15800A3B1C258A318A258914205D3B021094BD4
:10D16800094A0A4802F0B8FF013103EB810053F87D
:10D178002130BDE810401844FFF7D4BF00231B68D6
:10D18800FFDE00BFFB2E02085C330208D02F020826
:10D19800704770474B1E1844B0FBF1F04843704786
:10D1A800B0FBF1F048437047431E0B44B3FBF1F367
:10D1B80001FB03F070470000132804D8092804D89D
:10D1C800022826D868BB012070470A380928FAD8EF
:10D1D80001A353F820F000BF13D200082FD2000893
:10D1E80033D200082FD200082BD20008CFD1000874
:10D1F8002BD2000813D2000827D2000813D2000847
:10D2080012F4887F0FD10728DDD1022300200B609C
:10D218007047012303FA00F212F4127FF0D00123C1
:10D22800F4E70423F2E70823F0E71023EEE700BF52
:10D23800F7B5144602680346821A17880D46042F6C
:10D2480026D99188461809B3405831183058012614
:10D2580001EB8000884214D1062F1AD9D08800B17A
:10D2680018560DF1070100F0A0F840B921469DF8C5
:10D278000700FFF7A1FF10B9236873432B6003B0C1
:10D28800F0BD51F804CF0CFB06F6E3E70126E3E70F
:10D2980001260020E5E773B50C4609B902F015FF31
:10D2A80043689BB1002201251968914209DC007A84
:10D2B80001A9FFF781FF10B9019B6B43236002B0FE
:10D2C80070BD53F8046F01327543EEE70125EEE7B0
:10D2D80010B5C360039B0160036100230299C0E994
:10D2E8000533C0E9011210BD70B508B902F0EDFEB2
:10D2F8000029FBD00B68002A194651F8045B0CDBA7
:10D3080095420ADD51F82210002906DBBDE870407D
:10D3180003EB82035968426D1047002070BDFFF788
:10D32800E3BF10B508B902F0D0FE0029FBD0BDE874
:10D3380010404968436D01EB82025168184710B5E7
:10D34800044609B1496819B900232360204610BD75
:10D3580051F8042B062A026001DD02F0B6FE9200A5
:10D36800043003F0F4F8F1E7012803D0831E584293
:10D37800584140007047024608B508B902F0A5FEBA
:10D388000168411A0B880A2B09D94B8903B1C35884
:10D39800888800B110569842B8BF184608BD042BBB
:10D3A8004FF00003F4D81846F5E738B504460D46A3
:10D3B80001F042FB294602462046BDE83840FEF708
:10D3C8001DB82DE9F0410D46044616461F4601F0EA
:10D3D80033FB3B46014632462846A446BDE8F041A9
:10D3E8006047000073B580EE800A04460E46154675
:10D3F80002F0E8FBDFED107AB4EEE70AF1EE10FA7E
:10D408000FDBDFED0E7AB4EEE70AF1EE10FA08D87A
:10D41800BDEEC00A10EE103A002033442B6002B073
:10D4280070BD074B2046009365694FF4AF73054AFA
:10D438000549A8470120F2E7000000CF0000004F8F
:10D44800FC440208A1440208621D0208D1ED027AD8
:10D4580092ED027A67EE877AF5EEC07AF1EE10FA6D
:10D4680073B51E460ADA0F4B0F4A009344694FF40E
:10D47800A8730E49A047012002B070BD17EE900AAC
:10D48800F3F724F80446B0680D46F3F71FF80B4687
:10D49800024629462046F3F79BF9069BC3E900019B
:10D4A8000020E9E722450208A1440208621D02089B
:10D4B8002DE9F74F0446DDE90C7B886816469A4645
:10D4C8000D46F3F703F88046B0688946F2F7FEFF89
:10D4D80002460B4640464946F3F750F880468946CF
:10D4E800BAF1000F1BD0DAF80800F2F7EFFF024696
:10D4F8000B4640464946F2F789FE8046B86821F057
:10D508000049F2F7E3FF02460B4640464946F3F767
:10D518005FF912A3D3E90023F3F7ACFA50B13B4605
:10D52800324629462046CDF830B003B0BDE8F04F6A
:10D53800FFF78CBF064B20460093656940F2431302
:10D54800044A0549A847012003B0BDE8F08F00BF91
:10D558003B450208A1440208621D02087B14AE473D
:10D56800E17A943F2DE9F0432DED028B1E46137F9F
:10D5780085B0072B0446DDF8389011D0092B2BD045
:10D58800032B2DD0374B384A009344694FF4CB73A3
:10D598003649A047012005B0BDEC028BBDE8F083F9
:10D5A80047F6FF75324F012992ED028AD2F80C80B6
:10D5B80019D1DFED300A4146B0EE480A204603AAE9
:10D5C800FFF710FF0028E5D1039BBB42ACBF3360D7
:10D5D8003760C9F800502AE07F256FF07F07E2E73F
:10D5E800FF250027DFE7032923D1DFED220A414683
:10D5F800B0EE480A204603AAFFF7F4FE0028C9D176
:10D60800F1EE080A039B03AABB42ACBF3360376044
:10D618004146B0EE480A2046FFF7E4FE0028B9D19B
:10D62800039BAB42D4BFC9F80030C9F800500020B2
:10D63800B1E7022913D1FFEE000A4146B0EE480ACD
:10D64800204603AAFFF7CEFE0028A3D1039BF7EEDE
:10D65800000ABB42ACBF3360376003AAD8E7376023
:10D66800B7E700BF5D450208A1440208621D020831
:10D678000080FFFF000000002DE9F04F97B00893ED
:10D68800209B04460493219B8B460993229B924638
:10D698000A93239B0B93249B0C93259B0D93269B0A
:10D6A8000E93279B0F93289B05930B68012B0FD094
:10D6B8000122CDE90232704B0193704B0093DE23B7
:10D6C80044696F4A6F49A047012017B0BDE8F08F41
:10D6D8001268012A08D0CDE90223674B01936A4BEF
:10D6E80000934469E023ECE7DAF804203AB9674B81
:10D6F8000093EB234469624A6549A047E4E7176849
:10D7080027B9644B00934469EC23F4E73D68012D85
:10D7180039DD0B7F092B06D0072B04D05E4B009315
:10D728004469F023E7E79AF81C30092B0AD0122B3A
:10D7380008D05A4B204600936569F223504A544951
:10D74800A847C1E7059B9D420CD0CDE90253544B35
:10D758000193544B0093F42365692046484A49498C
:10D76800A847B1E7DAF81430926803EB82035B68E4
:10D77800AB4208D0CDE902534B4B0193484B009381
:10D788006569F523E9E7DBED027A049BCDED067ABE
:10D79800D3ED027A0026CDED077A07F10408059B40
:10D7A8009E4235DB9BF81C30032B1AD10022002344
:10D7B800CDE9142314AB0193049B524600935946B8
:10D7C8002046089BFFF774FE00287FF47DAF9DED8F
:10D7D800140B0A9813A900F029F9139B0B9A5B42C2
:10D7E80013609BF81C30092B43D84FF42270D840A3
:10D7F80010F001003FF469AF20460D9B0999209372
:10D80800049A0C9B097817B0BDE8F04FFFF7AABE41
:10D81800012D0698CCBFD8F80090D7F80490F2F7FD
:10D8280055FECDE910014846F2F750FE02460B4678
:10D83800DDE91001F2F7A2FECDE910010798F2F731
:10D8480045FE02460B46DDE91001F2F7C1FF41EC47
:10D85800100B14A913A800F0E9F8139B0E9A08F10D
:10D86800040842F82630149B0F9A42F826300136F5
:10D8780095E7002029E700BFAB1E020863450208B0
:10D88800A14402089D1D0208C51E02087C45020825
:10D89800621D0208C0220208AC2602089045020850
:10D8A800CB450208C22002085723020808B5496977
:10D8B8004069FDF758FD003818BF012008BD000079
:10D8C80022EAE273984070B580FB0134002C1A4DAF
:10D8D800A8BF4FF08045884208BFB1F1004FC2F1A0
:10D8E800000626EAE67615D0EB1844EBE571002928
:10D8F80004DA6FF000401B1841F10001DB0F43EA26
:10D9080041031F3209DA40F267110C4B0C4A0D48EB
:10D9180002F0E2FB6FF00043F3E70122B240013A64
:10D92800D90F02EA030443FA06F001EB62029442BB
:10D93800C8BF013070BD00BF010000C0FF2502084C
:10D94800252502087F250208002A70B505DA582126
:10D95800224B234A234802F0BFFB03F11F04262C65
:10D9680003D95921204B1E4AF4E701F50044B4F5C8
:10D97800803F03D35A211D4B194AEBE71C4CC3F1D6
:10D988000E05A242CEBF47F6FF7202F500421214FE
:10D998005143D41700FB0411A2FB002001440120CD
:10D9A800A5F12004C5F1200620FA06F600FA04F4D1
:10D9B800A8403443801841EB0401C3F10F0411332C
:10D9C800B4F1200220FA04F001FA03F340EA03005C
:10D9D8005CBF41FA02F2104370BD00BFD84502088F
:10D9E800F24502083746020896460208B046020881
:10D9F800FFFFFE7F0023F0B501EBD1746410561CC5
:10DA08009C4208DCCB0741BF035D521843F3030374
:10DA180002F8013CF0BDC55645F303072D1102F885
:10DA2800137006F813500133EAE70000F8B5002236
:10DA38002DED028B06460C46002351EC100BB0EE80
:10DA4800408AF0EE608AF3F701F8054628B1002312
:10DA580033602360BDEC028BF8BD2046B0EE480A67
:10DA6800F0EE680A01F07CFE0022134B51EC100B1B
:10DA7800F2F784FD41EC100B02F056F851EC100B54
:10DA880003F072FB4FF00042824275EB0107034638
:10DA980001DA02F01AFBA94208BF904202BF2368CC
:10DAA80001332360226808BF4FF080431F32BCBF98
:10DAB800002323603360CDE70000E04138B5002241
:10DAC8002DED028B05460C460C4B51EC100BB0EEBD
:10DAD800408AF0EE608AF2F7E1FF08B902F0F5FA41
:10DAE80021462846B0EE480AF0EE680AFFF79EFF86
:10DAF8002368002BF2DBBDEC028B38BD0000F03F41
:10DB0800F7B555EC104B07460E460022204629462D
:10DB18000C4BF2F7A5FF08B902F0D7FA0022002350
:10DB280020462946F2F7BAFF0028F5D0384645ECDA
:10DB3800104B01A9FFF77AFF019B002BECDC336047
:10DB480003B0F0BD0000F03F2DE9F84F4FF000435F
:10DB580023FA00F057EC106B59EC118B93468A4668
:10DB6800F2F7A2FC424604460D464B46304639467B
:10DB7800F2F704FD02460B4620462946F2F7FEFC62
:10DB880009A3D3E9002304460D46F2F787FF38B10D
:10DB98009FED050B59465046BDE8F84FFFF78EBF7D
:10DBA80045EC104BF6E700BF0000C0FFFFFFDF4168
:10DBB8002DE9F8430124814604FA00F0013888462B
:10DBC8001546F2F771FC0646A5EB09000F46C0F1B1
:10DBD8002003A0F1200124FA03F304FA01F104FA66
:10DBE80000F01943F2F79CFC02460B4630463946D2
:10DBF800F2F7C4FCC8F120030F46A8F1200124FA6B
:10DC080003F304FA01F10646194304FA08F0F2F79F
:10DC180087FC02460B4630463946F2F7D9FD41ECFF
:10DC2800100B01F0FDFE51EC100BF2F741FFBDE8BF
:10DC3800F883000010B52DED028B044601F0FEFDBF
:10DC4800DFED0D7A20EE278AB0EE480A01F0BAFF20
:10DC5800FDEEC07A38EE408AC4ED007AB0EEC88A8C
:10DC6800DFED067AB4EEE78ABDEC028BF1EE10FA2E
:10DC78004CBF0120002010BD3BAAB83F6F12833A69
:10DC88000120704700207047704701207047704797
:10DC980000F580508068704700F5805040687047F4
:10DCA80000F58052536810B5B3F5806F06DB08485D
:10DCB8004FF48061FFF71CFA012010BD946800EB57
:10DCC8008300214401334460002091605360F4E7ED
:10DCD800FD460208002910B500F5805302DB5C6898
:10DCE8008C4205DC05485A68FFF702FA012010BD8E
:10DCF80000EB8100436800201360F8E71A47020828
:10DD0800034A00F5805302600022C3E901227047EC
:10DD180064520208002070473E23092802DC303094
:10DD2800C0B27047232801DC5730F9E73D2801DCF1
:10DD38001D30F5E7B0FBF3F203FB1200EDE70346F5
:10DD480010B5012483F828402824B2FBF4F20C24EF
:10DD58000020D96001EB0211196101EB82015961C0
:10DD680001EB8201996104FB021198605A605962C3
:10DD780010BD704770B5D0E902650468A468A04773
:10DD880020B9049B05EB06156B6070BD0120FCE70C
:10DD980080687047F8B50E46D0E901148C4204DB60
:10DDA8000A48FFF7A5F90120F8BDC168270101EB72
:10DDB8000415CE51C5E902234FF0FF336B600123F0
:10DDC8000134846080F828300020EDE7FD46020821
:10DDD800F0B503460C4601250026954202DB002ECD
:10DDE800F7D1F0BDD3E9007C6745B8BFC3E900C7E8
:10DDF80005F10105B8BFD4E9006703F10403BCBF0E
:10DE0800C4E9007601260434E7E70000014B03600B
:10DE1800704700BF9452020810B54C68C16801EB06
:10DE280004118868984205DCC8689042B4BF002095
:10DE3800012010BD0020FCE770B5054689B9016ACC
:10DE48000C200C26AC6900FB014421462846FFF74C
:10DE5800E3FF50B9A1684C1C09D0AC6906FB01442A
:10DE6800F3E789684E1CEBD10024204670BD0446B8
:10DE7800FBE72DE9F04F90F82830044685B093B3BE
:10DE8800D0F808C0BCF1000F2DD0D0E904E700237A
:10DE98001A4680F82830A5680EEB82009D4207EBF1
:10DEA800820123DCAA1AFFF793FF01230022C4E9A9
:10DEB80007324FF0FF33A6694FF0010AB146B3604D
:10DEC8003B68D4F80C80D4F824B008EB03114968F7
:10DED8007360013108BF4BF823205BF823303360AF
:10DEE800A368534520DC05B0BDE8F08FE66818014B
:10DEF80006EB031569683058B1F1FF3FD4F8248068
:10DF08001EBF4EF8220047F8223069684FEA8306A0
:10DF180005BF0CF1FF3C4EF82C00013247F82C30BD
:10DF280048F806100133B6E757F82A3000931A016B
:10DF380008EB03135D68691C1FD10020054658F8DB
:10DF480002200192D3E90223029301460390029B27
:10DF58002046FFF771FF039949B14B6809684FEAFA
:10DF6800031C58F80CC08C446545B8BF654620B101
:10DF78000168019B491B8B42E7DC009B4BF823504F
:10DF88000C23E1694B43F550F218009B53604B1C7E
:10DF9800E361D9F80030AB4206DD236A9360216261
:10DFA80091460AF1010A9BE74846D0F808C0BCF13F
:10DFB800FF3F06D18160C2F808C04A46F0E77046C4
:10DFC800F3E70C2303FB0CF306EB030EF358AB4209
:10DFD800F5DDC2F808C08160EFE770B50446FFF7C9
:10DFE80048FFA06830B10C250020A169236A05FB11
:10DFF800031303B970BD5A68E6681201B2581E6867
:10E008009B683244904238BF10465A1CF2D005FB38
:10E018000313EEE72DE9F04F9DB004460025FFF706
:10E0280028FFA168A9420ADC002350279946994293
:10E0380022DC0026B14531DA1DB0BDE8F08FE66874
:10E048004FEA051906EB0513D3E90278474511D0C5
:10E058002846FFF761FE0146CDE90178636A2A4642
:10E0680053F825303748009356F80930FFF740F841
:10E078000135D6E72A21EFE7E068626A1E0100EB66
:10E08800031552F823208059013302449742B8BF40
:10E098001746EA689145B8BF9146C8E70025AA46E1
:10E0A8000DF11C0850222E21404602F06BF9A3689E
:10E0B8000493049BAB4210DC00238DF86C300AF209
:10E0C800FF33002BB8BF0AF2FE73314642461E48A2
:10E0D8009B12FFF70DF80136ACE7E268280102EB66
:10E0E800051BDBF80830B34219DCDBF80C30B3420F
:10E0F80015DB636A53F825104B1C10D013585022B7
:10E108009A440B445343514393FBF7F391FBF7F1C4
:10E1180005934144059AA1EB08039A4201DC0135B5
:10E12800C7E70B782E2B09D1DBE902239A4207D0E7
:10E138002846FFF7F1FD01F8010BEBE72120FAE78C
:10E148002A20F8E7434702087E47020870B50C46C4
:10E1580005461646FFF78DFE002C02DBAB68A3428E
:10E1680006DC06482146AA68FEF7C2FF012070BDFA
:10E178006B6A002053F824303360F8E71A47020826
:10E188007047036810B4DC690022A44601235DF8D7
:10E19800044B6047C3695940036AC161013B03628C
:10E1A800704780687047026983688069824234BF1B
:10E1B800C01AD01A7047C2684069101A7047A0F197
:10E1C8000400FFF7F8BF2DE9F04104460F468068C8
:10E1D80011461646FEF7DEFF236805460146D3F8CA
:10E1E8001C803A4633462046C04700280CBF2846C4
:10E1F8000020BDE8F0812DE9F04104460E46806814
:10E2080011461546FEF7C6FF23680146DF69324608
:10E218002B462046BC46BDE8F0416047F8B50446A9
:10E228000F468068194615461E46FEF7B3FF226959
:10E23800A3699A4201D1B84204D00C48FEF758FFAE
:10E248000120F8BD3146A068FEF7A4FF6269121AE2
:10E25800AA4205D229460648AB1AFEF749FFEFE75E
:10E2680028442061A0610020EBE700BF8C4702082A
:10E27800FA47020838B504460D4680691146FEF78C
:10E2880089FF6269121AAA4206D208482946AB1ABF
:10E29800FEF72EFF002038BDE36905444340E361E3
:10E2A800236AA56101332362F5E700BF3C480208F1
:10E2B80008B5D0E9072151EA020307D0B2FA82F281
:10E2C80003485209FEF714FF002008BD0120FCE7AF
:10E2D80085480208036810B51B690446984720B9A9
:10E2E8000448FEF705FF012010BD23690020A36143
:10E2F800FAE700BFC748020838B50D46044640692A
:10E308001146401BFEF74CFF2369834207D91B1AAD
:10E3180029460448EA1AFEF7EBFE002038BD606182
:10E32800FCE700BF0C490208A0F10400FFF7E4BFB6
:10E3380070B5044680690E46FEF72CFF3146054647
:10E348006069FEF72DFF401B70BD04387047043824
:10E358007047000010B5C0E90321C0E9052100227B
:10E36800034CC0E9072204604434C0E9014110BDF0
:10E37800C452020808B503460A44FFF7EBFF1846E3
:10E3880008BD000000B50A468BB0014608B901F087
:10E398009CFE01A8FFF7EEFF042224210DEB0200EA
:10E3A800FFF7AAFF0A4A026044324260039A826079
:10E3B800049AC260059A0261069A4261079A8261CC
:10E3C800089AC261099A02620BB05DF804FB00BFAB
:10E3D800C45202080EB403B503AA52F8041B03681A
:10E3E80001929B68984702B05DF804EB03B0704750
:10E3F800C069704770472DE9F047D0E90598044691
:10E408000026236A1B689E4204D30020C4E90598AD
:10E41800BDE8F0873146A0686661FEF791FE0025E9
:10E4280007464FEAC60AAF42A56101D80136E8E7B8
:10E43800236953F80A3003EB4515EB69D5E9041055
:10E448005A691B68202A0ABF01460022AA6913B12B
:10E4580060689847E860A5690135E4E72DE9F84365
:10E46800D0E9057604460025236A1B689D4204D33B
:10E478000020C4E90576BDE8F8832946A0686561EF
:10E48800FEF75EFE002380464FEAC5099845A36162
:10E4980001D80135E8E7226952F8092002EB431355
:10E4A800DA6922B1126912B1D96860689047A36924
:10E4B8000133EBE72DE9F843D0E90576044600255A
:10E4C800236A1B689D4204D30020C4E90576BDE891
:10E4D800F8832946A0686561FEF732FE002380466E
:10E4E8004FEAC5099845A36101D80135E8E72269D3
:10E4F80052F8092002EB4313DA6922B1526812B1CB
:10E50800D96860689047A3690133EBE74369202B1A
:10E5180001D180697047D12B9ABF024A52F8230073
:10E5280001487047104F0208A04402082DE9F84F2F
:10E53800D0E9058704460025236A1B689D4203D35A
:10E548000020C4E9058725E02946A0686561FEF733
:10E55800F7FD002306464FEAC5099E42A36101D88C
:10E568000135E9E7226952F8091001EB4311D1F8A6
:10E578001CB0DBF808307BB160689847824658B118
:10E588005846FFF7C3FF53460146A2690648FEF7FF
:10E59800AFFD0120BDE8F88FA169E068FDF78AFBAF
:10E5A800A3690133D9E700BF5549020808B5806857
:10E5B800FDF723FA006808BD10B50446406818B195
:10E5C80003682168DB689847204610BD036A2DE977
:10E5D800F74FD0E905981A68044691420E46416102
:10E5E80007D32648FEF784FD0125284603B0BDE879
:10E5F800F08F8068FEF7A4FD002307469A46F600D0
:10E608009F42A36103D80025C4E90598EDE7226974
:10E61800955905EB4315D5F81CB05846FFF776FF1A
:10E6280063680146586BCDE900A018B103689B6880
:10E6380098470090DBF80C300BB901F046FD2946ED
:10E64800606898470546E06803685B69984775B154
:10E658000F2D08D05846FFF759FF2B460146A269EF
:10E668000748FEF745FD6846FFF7A6FFBDE7684681
:10E67800FFF7A2FFA3690133C2E700BF8B49020875
:10E68800BD49020810B504461046C4E90203002338
:10E69800074AC4E90433C4E90021029AA361C4E922
:10E6A800072310B1FDF7A9F92062204610BD00BF6D
:10E6B80020530208016170472DE9F04F05460027F5
:10E6C8004FF00C0B85B0286A03689F4207D3E869AE
:10E6D800002869D10023184605B0BDE8F08F3946F7
:10E6E800FDF742FC002680464FEAC70A042140464F
:10E6F800FCF772FE00285AD058F8003008EB0002E8
:10E70800D118D3589E4201D30137DCE7013651F8BE
:10E71800263001EB86041C440E212046FCF75CFEE3
:10E728000028E3D0235C002BE0D02B690BFB06F913
:10E7380053445868A9F10C0903A94844FEF7ABFDF6
:10E7480003460028C7D1062101902046FCF744FE65
:10E758000146F0B12256019B092A23D10C212046FB
:10E76800FCF73AFE90B1231824581C440A2120468D
:10E77800FCF732FED8B123582218D118D3583BB928
:10E78800B0210C4B0C4A0D4801F0A6FC0446EDE7FD
:10E7980049682B69039A53445B6853F8090001F0F0
:10E7A800F1FDA3E71946F4E700F02AF992E70368B8
:10E7B800FFDE00BFFB2E02085C310208D02F0208E2
:10E7C80070B50C46164605468068FDF716F92146D1
:10E7D800FDF7CAFB0621FDF781F83146FDF778FE03
:10E7E8000C222B6903EBC4035B6802FB003070BD8D
:10E7F80070B50C46164605468068FDF7FEF82146BA
:10E80800FDF7B2FB0821FDF769F83146FDF760FE18
:10E818000C222B6903EBC4035B6802FB003070BD5C
:10E8280010B50C468068FDF7E8F82146FDF79CFB1B
:10E838000621FDF753F8006810BD10B50C46806836
:10E84800FDF7DBF82146FDF78FFB0821FDF746F8B9
:10E8580000B1006810BD80697047806870477047D4
:10E8680037B50446D0E9010255690B4601680095A1
:10E878004D681269E168A84703B030BD4068036875
:10E888009B68184783680C20D3E9043203EBC20362
:10E898005B6800FB01307047C16100207047C069A8
:10E8A8007047036910B5012B01D901F00EFC4068CF
:10E8B800BDE810400368DB69184708B50369032BF6
:10E8C80001D001F002FC436953F8210008BD036937
:10E8D80010B5012B01D001F0F8FB4068BDE81040ED
:10E8E8000368DB681847036910B5012B01D001F0F4
:10E8F800ECFB4068BDE8104003681B6918471346E5
:10E90800026910B5012A01D001F0DFFB8268BDE879
:10E91800104052694068FDF79FB9000008B50369C7
:10E92800012B03D9032B01D001F0CFFB09B1836977
:10E938002BB182690348FEF7DBFB012008BD81612A
:10E948001846FBE7F149020830B5C0E90232002356
:10E95800034DC0E90433C0E90051C0E9063330BDB6
:10E968006053020841617047016170472DE9F04129
:10E978000024146007460E469046FEF7FCFCD1289A
:10E98800054606DD01461948FEF7B2FB0120BDE841
:10E99800F08120280FD0336801461B68304698471D
:10E9A800C8F8000000BB002DAABF114B114953F84D
:10E9B80025101148E8E73B68FB1A1A88062A0FD980
:10E9C800DB88F91863B1FB58326804333046526863
:10E9D80019449047C8F80000B0FA80F04009D6E71B
:10E9E8000648FEF785FBD1E72046D0E7304A020803
:10E9F800104F0208A0440208524A0208794A020845
:10EA080070B5054600241426AB68A34201DC00203B
:10EA180070BD2B6806FB0433DA6893F91010986808
:10EA280001F0B0FC0134EFE7704708B5084611461D
:10EA3800FEF754FB002008BD034B186818B90348BB
:10EA4800034A186002607047CCA90220D0A90220AE
:10EA5800A4530208D1ED007A91ED017A77EEA77AF6
:10EA680037EE077AF6EE006A37EE876A77EEC77AEE
:10EA780026EE266A67EEA67A038810B54469013B3C
:10EA880004F1100001F1100401EBC30182ED006AEA
:10EA9800C2ED017A0839103291ED034A91ED027AFC
:10EAA80054ED023A54ED017A50ED025A50ED014A04
:10EAB80037EE635A34EE276A37EE237A77EEC47A54
:10EAC80005EE857A44EE857A04EE867A45EEC67AB6
:10EAD80027EE267A67EEA67A013B02ED027A42ED2E
:10EAE800017A00F1080002F1080204F10804A1F11A
:10EAF8000801D1D110BDD1ED007A91ED016AF6EE91
:10EB0800006A37EE867A77EEC67A27EE267A67EEBF
:10EB1800A67A038830B544695D1E82ED007AC2ED9D
:10EB2800017A04F10800083201F1080401EBC5017B
:10EB3800013B02F1080200F1080004F10804A1F108
:10EB4800080100D130BD91ED034A91ED027A54EDF0
:10EB5800023A54ED017A50ED025A50ED014A33EE73
:10EB6800C75A34EE276A37EE237A77EEC47A05EE71
:10EB7800C57A44EE857A04EEC67A45EEC67A27EE63
:10EB8800267A67EEA67A02ED027A42ED017ACFE79D
:10EB98002DE9F041058A04466D0805800F461646A2
:10EBA8001D464BB1FFF7A7FF2A4631462046BDE870
:10EBB800F041012300F0D9BA2A46012300F0D5FA22
:10EBC800324639462046BDE8F041FFF743BF000012
:10EBD80080B14FF4806303804FF4006303824FF4E5
:10EBE800E1638381054B8360054B4360054B4361BB
:10EBF800002070474FF0FF30704700BFB073020825
:10EC0800C0810208B05302082DE9F0478046084643
:10EC1800B8F80070D8F8042001EB87092DED028BB5
:10EC280006464B4694467908FF0800EB810509EB38
:10EC3800810402EB0717BC4506F1100605F1100523
:10EC480004F1100403F110030FD18CB22146022302
:10EC580000F0F4FABDEC028B21464846D8F80420AF
:10EC68000223BDE8F04700F0E9BA13ED040A16EDF7
:10EC7800046A53ED030A16ED034A36EE008A53ED93
:10EC8800011A54ED046A54ED034A13ED021A55EDC6
:10EC9800032A15ED023A55ED013A54ED027A54ED86
:10ECA800015A16ED027A15ED042A06ED048A34EEAF
:10ECB800208A16ED015A06ED038A37EE018A06ED21
:10ECC800028A35EE218A35EE615A72EE261A06ED71
:10ECD800018A45ED041A72EEA41A45ED031A73EE83
:10ECE800271A45ED021A73EEA51A45ED011A75EEBD
:10ECF800E35A34EE604ADCED013A74EEE24A77EE0C
:10ED0800C37A36EE406A9CED003A64EE232A46EE5A
:10ED1800032A26EE236A14EE036A76EEC26A03ED2E
:10ED2800036A24EE836A16EEA36A66EE836A44EEEB
:10ED3800A36A43ED042A04ED046A44ED036A0CF166
:10ED4800100C1CED026A5CED016A37EE417A65EE43
:10ED5800264A47EE064A27EE267A15EE067A43ED4E
:10ED6800024A03ED017A25EE867A17EEA67A67EE57
:10ED7800867A45EEA67A04ED027A44ED017A5AE7DE
:10ED880003882DE9F04F5B0801EBC305D1ED007A4C
:10ED980095ED007AD1ED015A37EE876A77EEC77A9A
:10EDA80095ED017A01EB830675EE876A75EEC75A11
:10EDB80096ED007A05EB8304D4ED004A37EE065A47
:10EDC8002DED048B35EE245A8FB04268D6ED013A0A
:10EDD80094ED014A81ED005A96ED015A94ED013AFD
:10EDE80036EE855A35EE035A02925A080A920A46B6
:10EDF80081ED015A33EEA75A08320692324635EEB3
:10EE0800445A08320B922A4686ED005A36EE476A73
:10EE180035EEC75A76EEE36A77EEE37A37EE257A6F
:10EE280008320C92224635EE245A36EE646A76EEA3
:10EE3800C46A77EE847A37EE647A08320D925A08FB
:10EE4800023A86ED015A009185ED006AC5ED016A26
:10EE58004FEA5208C4ED007A84ED017A029A83469B
:10EE680008320792029AA4F1040910320892029A11
:10EE7800A6F1040A183209920998009A0190089894
:10EE880002F1100E049007982F1F09EB830306F177
:10EE9800100105F1100C04F110020390CDF8148054
:10EEA8001CED023A5CED013A1EED026A5EED017A54
:10EEB80051ED026A11ED014A36EE437A77EEE35AD4
:10EEC80036EE036A77EEA37A12ED025A52ED014A42
:10EED80075EEE62A34EE072A36EE663A76EEA55A3D
:10EEE80077EEC43A37EE447A76EE866A039832EEC5
:10EEF800642A08300390049872EE852A1030049032
:10EF0800019833EE453A18300190059873EEE43ACB
:10EF180037EE247A75EEC55A76EE856AAAF1080AA4
:10EF2800083FA9F10809083B0EF1080E08310CF159
:10EF3800080C0832002873D1182709980D9B07FB85
:10EF48000807089803EBC80200EB081C0C9B0798FD
:10EF580003EBC80100EBC80E0B9B069803EBC80334
:10EF680000EBC808C8ED006AD3ED016A77EEA67A0F
:10EF7800D2ED016A77EEA67AC8ED017ADEED017A64
:10EF88009EED006A67EEA26A67EE827A46EE026A32
:10EF980056EE227AC3ED006AC3ED017ADCED017A00
:10EFA8009CED006A67EEA36A67EE837A46EE036A11
:10EFB80056EE237AC1ED006AC1ED017AD7ED017AE8
:10EFC80097ED006A67EEA56A67EE877A46EE076AEC
:10EFD80056EE257ABDF82870C2ED006AC2ED017AB6
:10EFE8003946029A0098042300F028F93946304639
:10EFF800DBF80420042300F021F939462846DBF821
:10F008000420042300F01AF9042339462046DBF8CB
:10F0180004200FB0BDEC048BBDE8F04F00F00EB932
:10F028004EED046A51ED036A77EEA67A52ED036A53
:10F0380077EEA67A4EED037AD9ED017A9AED011AA8
:10F04800DAED024A31EE275A31EE671AD9ED027A23
:10F0580093ED028A97ED026A34EEA79A76EE481A83
:10F0680079EE460A36EE096A36EE086A93ED014AE9
:10F07800D7ED018A8AED026A97ED016A74EEE74AD4
:10F0880075EE687A35EE065A93ED016A35EE065A42
:10F0980074EEE86A8AED015A039877EEC47A10EDA7
:10F0A800016A76EE846A34EE684A10ED025A34EE4C
:10F0B800644A66EE224A31EE810A45EE024A41ED83
:10F0C800044A60EE054A26EE022A56EE864A66EEA5
:10F0D800856A15EE222A40EE066A01ED032AC7ED7D
:10F0E800024AC7ED016A049870EEC80A10ED036A77
:10F0F80050ED046A26EE235A06EE835A26EE033AAA
:10F108000CED045A27EE865A16EEA33A10EEE65A8C
:10F1180067EEA66A50EE866A0CED033A89ED025A4C
:10F12800C9ED016A019871EEC11A50ED067A50EDE9
:10F13800056A26EEA56A07EE876A26EE877A17EE35
:10F14800A57A02ED037A21EEA77A64EE277A14EE07
:10F15800267A41EEA67A059802ED046A013883ED15
:10F16800027AC3ED017A05909AE6012A2DE9F04169
:10F1780006460C461746984605883ED0B5F5807F6A
:10F1880049D026D8402D31D01CD8102D1CD0202D88
:10F1980041D0B8F1000F04D02046B268B18900F020
:10F1A800BDFA012F0CD107EE905AF7EE006AF8EE7F
:10F1B800677A002386EEA77AAB4204F108042FD3BE
:10F1C800BDE8F081802DE4D121463046FFF71CFDD3
:10F1D800DFE7B5F5006F1ED005D8B5F5007F05D07F
:10F1E800B5F5806FEFE7B5F5805FD2D101232946E9
:10F1F8002046726800F022F8CBE700230A1DAB42D4
:10F2080002F10802BAD252ED027AF1EE677A0133BE
:10F2180042ED027AF3E721463046FFF7B1FDB8E741
:10F2280054ED027A67EE877A44ED027A54ED017A5A
:10F2380067EEC77A013344ED017ABDE72DE9F04F57
:10F248002DED108B9FEDB05A8DB002910B92039368
:10F258000191019B4FF0000AD908CA0008926FF08B
:10F26800170202FB01F928224A4307920A01069273
:10F27800302200EB411C4A430CEB090707EB41160F
:10F2880006EB090505EB4114059204EB090200920F
:10F2980038224A43049204EB0902DB004FEA411B7F
:10F2A80002EB411800F1040EDCED007A1EED017A44
:10F2B80097ED006A77EE276A37EE677AD6ED007A1F
:10F2C800009AD4ED004A92ED003AD8ED003A76EE75
:10F2D800275A36EE676AD5ED007A37EEA44A77EEFC
:10F2E800E47A73EE234A36EEC40A75EEE40A76EE43
:10F2F800846A75EEA45A76EEA54A76EEE56A4EED76
:10F30800014ACCED006ADCED016ADEED004A96EDBB
:10F31800014A74EEA65A74EEE64AD7ED016A33EE56
:10F32800633A76EE842AD4ED013A76EEC46A95ED16
:10F33800014A98ED012A74EE231A34EE634AD2ED9D
:10F34800013A33EE821A73EEC23A35EEE12A75EECF
:10F35800A15A72EEC11A72EE812A35EEA21A75EE22
:10F36800E25A8EED001ACCED015A70EE215A70EE79
:10F37800612AC5ED005A72EE605AC4ED002AC5ED47
:10F38800015A70EE825AC4ED015A76EE435A36EEAF
:10F39800036A36EEE33A76EEA36A65EE855A26EE00
:10F3A800056A23EE053A66EE856A77EE653A74EEED
:10F3B800C32A37EE257A77EEC65A77EE867A34EE88
:10F3C800836A74EE664A74EE266A37EE264A37EE8A
:10F3D800667A87ED004A88ED007A33EEA47A73EEF8
:10F3E800E43A86ED007A36EE677A77EE867AC2EDF1
:10F3F800003A87ED017AC8ED017A72EEE57A75EE8A
:10F40800A25AC6ED017AC2ED015A019A9C4492446F
:10F41800009A1F441A440092029A1E4452451D4401
:10F428001C4498449E443FF63FAF072940F271813F
:10F438000BEB00020992089A012402440892079AE9
:10F4480002440792069A02440692059A02440592DB
:10F45800A0EB09020A92049A024404920022302680
:10F46800A346039D00EBC40A2A440B9D05EBC20585
:10F47800D5ED001A05EBC20595ED008A05EBC2052E
:10F48800D5ED004A05EBC20595ED009A05EBC205DE
:10F49800D5ED003A05EBC205D5ED000A05EBC2052E
:10F4A80006FB1256D5ED002A95ED012A099D96ED29
:10F4B800011A05EBC409089D06EBC20605EBC40852
:10F4C800079DD6ED018A05EBC40E069D06EBC20624
:10F4D80005EBC40C059D96ED014A06EBC206D6ED78
:10F4E800019A05EBC40706EBC2060A9D96ED013AA0
:10F4F80006EBC20696ED010A05EBC406049D05EB72
:10F50800C405009502E000BFF304353F99ED007A89
:10F518009EED006ADAED007AD8ED006ADCED005A5B
:10F5280037EE87AA77EEC77A36EE867A76EEC66A1F
:10F5380097ED006A009D96ED00DA35EE86BA75EE15
:10F54800C6AA95ED006A7DEE065A3DEE46DA77EEDC
:10F5580065DA3AEE4B6A37EE257A3AEE0BAA7AEE7E
:10F56800075ACAED005ADAED01BA3AEE47AA99ED00
:10F57800017ADEED015A3BEE87FA7BEEC7BA98EDC9
:10F58800017AD5ED01EA9CED01BAD6ED01CA37EE54
:10F5980025EA37EE657AD7ED015A3BEE25CA3BEEF0
:10F5A80065BA7CEEAE5A7CEEEECA7FEE4CEA3FEED0
:10F5B8000CCA3EEE65FA3EEE25EA76EE0F5A36EEB6
:10F5C8004F6A3CEE0EFA3CEE4ECA3EEEEDEA7DEE98
:10F5D800AEDA69EE8CEA49EE0AEA29EE8AAA19EE51
:10F5E8000CAA8AED01FA89ED01AA28EE8EAA08EE86
:10F5F80025AA68EEA55A58EE0E5AC9ED00EACCEDD8
:10F60800015A60EE2D5A40EE865A20EE066A10EE38
:10F61800AD6A8CED00AA37EE6CCA87ED016A37EE49
:10F628002C7A36EECD6A76EE8D6A26EE056A66EE9F
:10F63800856A2CEE05CA27EE057AC7ED005A37EE23
:10F64800C6AA7AEEA65A77EE867A3BEECCDA3BEE7D
:10F658008C6A7BEE47BA7AEEE6CA3BEE077A7AEE18
:10F668002BAA3AEE6BAA76EE65BA77EE876A21EE98
:10F678002BBA01EEA6BA61EE266A77EEC77A51EE8A
:10F68800AB6A35EE867AC8ED016A62EE076A7DEEEE
:10F698006C5A42EEA76A88ED00BAC5ED006A62EEC0
:10F6A800276A63EE257A3CEE8D6A52EE876A43EE4E
:10F6B800AA7AC5ED016A23EE2A7ACEED007A64EEC5
:10F6C800067A13EEA57A44EE8A7A8EED017AC6EDB3
:10F6D800007A64EE0A7A54EE867AC6ED017A019DC4
:10F6E8009A44AB44009D99441D440095029D98445A
:10F6F8005D459E449C441F441E443FF607AF0134B9
:10F70800A1427FF4ACAE039B0191DB009BB2039353
:10F718009FE50DB0BDEC108BBDE8F08F2DE9F041F1
:10F728000023884602F1020C984501D8BDE8F08113
:10F7380032F813503CF81340AD08A40850F825E0FF
:10F7480050F82410AF00A60040F8251040F824E037
:10F758003D1D341D47590659023346510751E3E709
:10F76800002170B555EC104B064625F000430160AA
:10F77800114883421DD8204618431AD00F482A46FC
:10F78800284058B900220E4B20462946F0F7F6FECD
:10F798000A4621F0004304466FF035016FF31E520C
:10F7A8001B1542F07F55A3F2FE3345F400150B44B8
:10F7B800336045EC104B70BDFFFFEF7F0000F07F1A
:10F7C8000000504308B52DED028BB0EE408A00F0E2
:10F7D800FDF9F0EE408AB0EE480A00F08FF868B103
:10F7E800DFED127AB4EEE78AF1EE10FA0BDCDFED0A
:10F7F800107AB4EEE78AF1EE10FA0FD4B0EE680A88
:10F80800BDEC028B08BDDFED0B8A00F073FE2223EE
:10F81800B0EE680A0360BDEC028B08BD00F06AFE1A
:10F828002223DFED058A0360E8E700BF1772B142C3
:10F83800B5F1CFC20000807F0000000008B52DEDB3
:10F84800028BB0EE408A00F0B3FAB4EE488AF1EECB
:10F8580010FA0FD6B5EEC08AF1EE10FA0ADCB5EE52
:10F86800408AF1EE10FA08D100F044FE22239FED01
:10F87800090A0360BDEC028B08BD00F03BFE2122A3
:10F8880003460548BDEC028B1A60BDE8084000F04D
:10F898003FB800BF000080FFC0A1020808B52DEDE9
:10F8A800028BB0EE408A00F07FFBB4EE488AF1EE9E
:10F8B80010FA0FD6B5EEC08AF1EE10FA0AD8B5EEF6
:10F8C800408AF1EE10FA08D100F014FE22239FEDD1
:10F8D800090A0360BDEC028B08BD00F00BFE212273
:10F8E80003460548BDEC028B1A60BDE8084000F0ED
:10F8F8000FB800BF000080FFC0A1020810EE103A48
:10F9080023F00040B0F1FF4F2CBF002001207047CA
:10F918009FED010A704700BF0000C07F10B485B09A
:10F928008DED010A019BC3F3C752A2F17F011E2985
:10F9380031DC16294FEAD37425DC1D4BDDED017A45
:10F9480003EB840393ED007A77EE277ACDED037A03
:10F95800DDED037A77EEC77A17EE903A33F0004080
:10F968000DD0C3F3C7507F381FD4C3F31603C0F1BB
:10F97800170043F4000323FA00F004B1404205B035
:10F988005DF8044B7047C3F31603963A43F400033B
:10F9980003FA02F0F1E7DDED017AFDEEE77A17EE02
:10F9A800900A05B05DF8044B70470020E5E700BFFA
:10F9B800C4A1020810EE101AC1F3C7520029A2F11F
:10F9C8007F0CACBF01204FF0FF30BCF11E0F0FDCE5
:10F9D800BCF1000F1CDBC1F31603BCF1160F43F496
:10F9E80000030ADD963A03FA02F202FB00F07047C0
:10F9F800FDEEC07A17EE900A70474FF48002CCF102
:10FA0800170142FA0CF21A44CA4002FB00F0704790
:10FA1800BCF1FF3F18BF0020704700BF0000000086
:10FA280051EC100BC1F30A532DE9F041A3F2FF3555
:10FA38000C460646132D22DC002D41DB384B0F46C1
:10FA480043FA05F801EA080303431DD032A3D3E9BA
:10FA58000023F0F7DDFB00220023F1F71FF840B187
:10FA6800002C03DA4FF480132B411F4427EA0804C3
:10FA780000262346324643EC102BBDE8F081332D97
:10FA880006DDB5F5806F2BD041EC100BBDE8F08199
:10FA9800A3F213434FF0FF37DF403842F4D01EA3E0
:10FAA800D3E90023F0F7B4FB00220023F0F7F6FFB8
:10FAB8000028DED0002C334620DB23EA0706D8E7EF
:10FAC80015A3D3E90023F0F7A3FB00220023F0F7E6
:10FAD800E5FF0028CDD0002C09DB00263446C8E716
:10FAE80002460B46F0F794FB41EC100BCEE724F0EE
:10FAF800004426430DD14FF00044BAE7142D06D038
:10FB0800C5F134050122AA4013449E42D5D90134D7
:10FB1800D3E70026034CACE79C7500883CE4377EAD
:10FB2800FFFF0F000000F0BF53EC102BC3F30A5087
:10FB38009C46A0F2FF31132910B5964613DC002924
:10FB48002BDB1F4C0C4104EA0300104310D04FF488
:10FB5800002300200B41634423EA040C6346024659
:10FB680043EC102B10BD332905DDB1F5806F1AD099
:10FB780043EC102B10BDA0F213404FF0FF34C440EB
:10FB88001442F5D0C1F1330101208840801828BF04
:10FB980003F1010C20EA0400E0E7013103F0004C16
:10FBA80008D00020DAE710461946F0F731FB41EC9F
:10FBB800100B10BD4CF07F5C00204CF4401CCDE7CE
:10FBC800FFFF0F00B8FE400A704700BF10EE103A62
:10FBD80023F00042B2F1FF4F58D84FEAD37100F03A
:10FBE80093806148834200F3898019B15F4B9A4240
:10FBF80000F287805E4B9A424BD95E4B9A4200F2E4
:10FC080095805D4881F001035C4A00EB81005B1A36
:10FC180002EB8102D0ED004AD2ED007A70EE644A20
:10FC280034EEE70A9FED564A9FED565ADFED565AD5
:10FC380020EE007ADFED556A9FED556AA7EE045A6B
:10FC4800E5EE075AE5EE876AA6EE876AF0EE406AA7
:10FC5800E6EE476A20EE266A002B42D0B0EE007A24
:10FC680013F17D0FB7EE000A37EE667AC6EE076A23
:10FC780077EEE67A77EEE47A30EE670A4ADB10EE42
:10FC8800102A02EBC35300EE103A704730EE000A18
:10FC98007047B2F1505F0AD2DFED3E7AB7EE007AD4
:10FCA80070EE277AF4EEC77AF1EE10FA58DC60EEBF
:10FCB800007A9FED335ADFED335A9FED336AE7EE52
:10FCC800855ADFED326A9FED327AA7EEA56AE7EE34
:10FCD800866AA7EEA67AF0EE406AE7EEC76A20EEDB
:10FCE800266AF0EE007AB7EE007A76EEE76AC6EE9C
:10FCF800267A77EEC07A37EE670A7047002000F060
:10FD0800D9B9002000F0D0B9DFED237A002900FE30
:10FD1800270A704710EE102A6433DFED207A02EBD1
:10FD2800C35300EE103A20EE270A70471C4BF0EE42
:10FD3800404A9FED1C6A03EB8103DFED1B6A9FEDD0
:10FD48001B7AD3ED007AE0EE067AFDEEE77A17EE3D
:10FD5800903AF8EEE77AE7EEE64A67EE877A5FE7E9
:10FD680030EE070A704700BF1772B142B5F1CF42B3
:10FD78001872B13E9115853FD4A10208CCA10208A2
:10FD88004CBB31330EEADDB555B38A38610B36BB4F
:10FD9800ABAA2A3ECAF24971000000000000800D9B
:10FDA800DCA102083BAAB83F8071313FD1F7173771
:10FDB80010EE102A32F0004330D0002A134634DB0C
:10FDC800B2F1FF4F41DAB2F5000F00B534DB4FF066
:10FDD800000EC3F316016348DB15F7EE007A0844FA
:10FDE80001F10F0C7F3B00F40002734482F07E5255
:10FDF80003EBD0535C480A430CEA000000EE102ADB
:10FE080030EE670A20BBB5EE400AF1EE10FA61D178
:10FE1800002B40F08F809FED550A59E09FED547AF2
:10FE2800DFED527A87EE270A704770EE407A9FED31
:10FE38004F7A87EE870A7047DFED4E7A6FF0180E1B
:10FE480060EE277A17EE903AC3E730EE000A704763
:10FE5800B0EE007A06EE103ADFED472AB8EEC63A61
:10FE6800DFED464A30EE077ADFED455ADFED453AD9
:10FE78009FED455A80EE074ADFED447ADFED446A8C
:10FE88004448454A0844521A0243002A24EE046AA8
:10FE980026EE067AE7EE224AA7EE235AE4EE875AC0
:10FEA800E5EE076AE5EE877A67EE867AE6EE877A08
:10FEB8002BDDB6EE007A20EE077A27EE007A77EE91
:10FEC800877A67EE847A43BB37EE677A30EE470A63
:10FED8005DF804FBF6EE007ADFED306A20EE007A7A
:10FEE800E0EE667A27EE277A002BEFD007EE903AFD
:10FEF8009FED2B6ADFED2B6AF8EEE77AA7EEC67A5C
:10FF080037EE400A97EEA60AE2E770EE677A67EEE8
:10FF1800847AE3B930EE670ADAE79FED216ADFED0C
:10FF2800216AE3EE067A37EE677A37EE400A93EEF7
:10FF3800260ACDE707EE903A9FED190A9FED197A48
:10FF4800F8EEE77A27EE800AA7EE870AC0E7DFED2A
:10FF5800146A9FED147AE3EE667A37EEC00A93EEE0
:10FF6800070AB5E720FB4A00F0FF7F000000000009
:10FF7800000000CC0000004C9788173E25333A3E1D
:10FF88002549923E4FD01C3E298E633EABAA2A3F9C
:10FF9800CDCCCC3E305CCFFF88C23500ABAAAA3EA0
:10FFA800D1F717378071313F08B510EE103A33F0AA
:10FFB80000422DED028B2CD0002B1A4632DBB3F118
:10FFC800FF4F41DAB3F5000F35DB0021D315C2F33B
:10FFD80016027F3B0B44D90F03EBD373C1F17F01AA
:10FFE80007EE903A42EAC153B8EEE78A00EE103ABB
:08FFF800FFF7DEFEDFED176AE2
:020000040801F1
:100000009FED177A20EE260ADFED167AA8EE070A92
:10001000A8EE270ABDEC028B08BD9FED137ADFED39
:10002000137ABDEC028B87EE270A08BD70EE407A8A
:100030009FED0E7ABDEC028B87EE870A08BDDFEDDF
:100040000C7A6FF0180160EE277A17EE902AC1E75C
:10005000BDEC028B30EE000A08BD00BFD95BDE3E6E
:10006000DB27543580209A3E000000CC00000000C1
:100070000000004C10B52DED028BB0EE408A044616
:1000800000F03CFA0460B0EE480ABDEC028B10BDF3
:1000900030B1F1EE407A222027EE800AFFF7EABF66
:1000A000F0EE407A222027EE800AFFF7E3BF00BF80
:1000B0009FED010AFFF7ECBF000000109FED010A61
:1000C000FFF7E6BF000000700B460146184600F03F
:1000D00025B8062008B500F0AFF90120F0F700FFC1
:1000E0001FB514461A46094B05461B68D8684CB123
:1000F000074B00910749CDE901342B4600F0C2F8C7
:10010000FFF7E7FF044B1C46F3E700BF2000002089
:10011000B04A0208BD4A0208A044020810B50446CD
:100120000448134620B10A460220214600F020FA76
:1001300010BD00BF71050108002310B5044683609F
:10014000818119464366C28108228361C0E9003378
:10015000C0E904335C3000F019F90D4B246263628E
:100160000C4BA3620C4BE3620C4B23630C4B9C4285
:1001700006D003F16802944202D0D0339C4205D1EC
:1001800004F15800BDE8104000F0E2B910BD00BF16
:10019000E5020108070301083F03010865030108A0
:1001A000D4A90220024A0349034800F07DB800BFE9
:1001B00014000020C10E01082400002041680C4BEF
:1001C000994210B5044601D000F07AFEA168094BAF
:1001D000994202D0204600F073FEE168064B994236
:1001E00004D02046BDE8104000F06ABE10BD00BF3C
:1001F000D4A902203CAA0220A4AA02200C4B04216C
:100200000C4A0D4810B51A600022FFF795FF0A4B03
:10021000012209211C4603F16800FFF78DFF02222D
:1002200004F1D0001221BDE81040FFF785BF00BFE8
:100230000CAB0220A5010108D4A90220014800F05E
:1002400088B900BF16AB0220014800F083B900BF97
:1002500016AB022010B50446FFF7F0FF236A1BB16E
:10026000BDE81040FFF7F0BF044B2362044B1B684E
:10027000002BF5D1FFF7C2FFF2E700BFBD01010877
:100280000CAB02200EB403B503AB0146054853F88E
:10029000042B0068019300F0E9FA02B05DF804EB6A
:1002A00003B07047200000202DE9F8430746884638
:1002B00014460026D4E90195B9F1010905D5246851
:1002C000002CF7D13046BDE8F883AB89012B07D964
:1002D000B5F90E30013303D029463846C0470643EE
:1002E0006835E9E710B50C46B1F90E1000F0CEF80C
:1002F0000028ABBF636DA3891B1823F48053ACBFE8
:100300006365A38110BD2DE9F0411F468B89054629
:100310000C46DB05164605D502230022B1F90E1066
:1003200000F0A2F8A3893246B4F90E10284623F44F
:100330008053A3813B46BDE8F04100F0CDB810B535
:100340000C46B1F90E1000F08FF8421CB4F90C30D5
:1003500015BF606523F4805343F48053A38118BF15
:10036000A38110BDB1F90E1000F06EB8013902443E
:1003700010B5904201D1002005E0037811F8014F3B
:10038000A34201D0181B10BD0130F2E7024403461E
:10039000934200D1704703F8011BF9E710B56AB129
:1003A0000139841810F8012B11F8013F9A4203D14A
:1003B000A04201D0002AF5D1D01A10BD1046FCE7AA
:1003C0000139034610B532B111F8014F013A03F873
:1003D000014B002CF7D11A440021934200D110BDEB
:1003E00003F8011BF9E71F2938B505460C4604D967
:1003F000162303604FF0FF3038BDC26B12B152F8C4
:1004000021304BB9284600F065F8224601462846BF
:10041000BDE8384000F04CB8012B0AD0591C03D17C
:10042000162303600120E7E70021204642F824104C
:1004300098470020E0E70000024B01461868FFF7EC
:10044000D2BF00BF2000002038B50023054D044670
:1004500008462B60F0F766FD431C02D12B6803B100
:10046000236038BD10AB022038B50446064D08465F
:10047000114600222A601A46F0F75EFD431C02D1A5
:100480002B6803B1236038BD10AB022038B5044699
:10049000064D0846114600222A601A46F0F726FD4E
:1004A000431C02D12B6803B1236038BD10AB02207E
:1004B00038B50023064D0446084611462B60F0F778
:1004C00007FD431C02D12B6803B1236038BD00BF78
:1004D00010AB0220F0F7FABC38B50446064D0846CA
:1004E000114600222A601A46F0F70EFD431C02D185
:1004F0002B6803B1236038BD10AB0220014B186894
:10050000704700BF2000002070B50D4B00260D4D38
:100510005B1B9C10A64209D10B4D01F005F80B4B5B
:1005200000265B1B9C10A64205D170BD55F8043B0C
:1005300001369847EEE755F8043B01369847F2E755
:10054000F0A10208F0A10208F0A10208F4A102083B
:100550007047704770470A44431E914200D170476C
:1005600010B511F8014B914203F8014FF9D110BDBC
:100570002DE9F047274E074692468846306899464F
:10058000FFF7E7FF244A15683DB9244B1360244A5E
:1005900012B11268C3F88820204D6C681F2C06DD4C
:1005A0003068FFF7D7FF4FF0FF30BDE8F0873FB36B
:1005B000D5F8880068B91B4B002BF1D04FF484703C
:1005C000AFF300800028EBD00023C0E94033C5F82A
:1005D00088006C680122022F40F824A002FA04F27D
:1005E000D0F8003100EB840143EA0203C0F8003187
:1005F000C1F8809002BFD0F804311343C0F8043131
:10060000631C023430686B6045F82480FFF7A2FF5A
:100610000020CAE770000020A4AB022018AB022023
:10062000E4A102080000000038B50546002941D0C9
:1006300051F8043C0C1F002BB8BFE41800F0E0F8A0
:100640001D4A136833B9636014602846BDE838401A
:1006500000F0DCB8A34208D9206821188B4201BF02
:1006600019685B6809182160EDE71A465B680BB1F1
:10067000A342FAD911685018A0420BD12068014456
:10068000501811608342E0D118685B6808445360D9
:100690001060DAE702D90C232B60D6E72068211816
:1006A0008B4202BF19685B680918636008BF21604C
:1006B0005460CAE738BD00BFACAB022070B50F4E26
:1006C0000C460546316811B900F0B4FC3060214693
:1006D000284600F0AFFC431C03D14FF0FF34204606
:1006E00070BDC41C24F00304A042F8D0211A28468F
:1006F00000F0A0FC0130F2D1EFE700BFA8AB022070
:100700002DE9F843CD1C064625F0030508350C2DD0
:1007100038BF0C25002D01DBA94204D90C2333601E
:100720000020BDE8F883DFF8D48000F069F8D8F83D
:1007300000301C4644BB29463046FFF7BFFF431C30
:10074000044658D1D8F800402746002F43D1002C4A
:100750004BD023683946304604EB030900F06AFCAD
:10076000814542D1216830466D1A2946FFF7A6FF20
:1007700001303AD023682B442360D8F800305A68FF
:1007800062BBC8F800700FE02268521B20D40B2A0D
:1007900017D96119A342256018BF5960636808BF63
:1007A000C8F8001062514B60304600F02FF804F199
:1007B0000B00231D20F00700C21A1CBF1B1AA350F8
:1007C000AFE76268A3420CBFC8F800205A60EBE7AD
:1007D00023466468AEE73C467F68B6E71A465B6826
:1007E000A342FBD100235360DEE70C233046336085
:1007F00000F00CF894E70560D6E700BFACAB022030
:100800000148FFF7A6BE00BF14AB02200148FFF766
:10081000A1BE00BF14AB02209368013B002B10B4B3
:10082000936008DA9469A34201DB0A2903D15DF8D9
:10083000044B00F06DBB1368581C1060084619701B
:100840005DF8044B7047F8B506460F461446D518B8
:10085000AC4201D1002007E03A4614F8011B3046B3
:10086000FFF7DAFF431CF3D1F8BD00002DE9F04F8C
:100870000D469DB014469846064618B1036A0BB95A
:10088000FFF7E8FC6B6ED90705D4AB899A0502D453
:10089000A86DFFF75EFEAB891B0701D52B699BB9DD
:1008A0002946304600F072FB70B16B6EDC0704D550
:1008B0004FF0FF301DB0BDE8F08FAB899805F7D43D
:1008C000A86DFFF747FEF3E70023CDF80C804FF04B
:1008D0000109DFF8B481099320238DF829303023F2
:1008E0008DF82A3023469A4613F8012B0AB1252A9F
:1008F000F9D1BAEB040B0BD05B46224629463046B1
:10090000FFF7A1FF013000F0A780099A5A4409922D
:100910009AF80030002B00F09F8000234FF0FF3248
:100920000AF1010A049307938DF853301A93CDE925
:10093000052354460522544814F8011B00F08AFB95
:10094000049AD8B9D10644BF20238DF85330130739
:1009500044BF2B238DF853309AF800302A2B15D042
:10096000079A544600204FF00A0C214611F8013B2B
:10097000303B092B4BD9B0B1079214E0A0EB080330
:10098000A24609FA03F313430493D2E7039B191D0C
:100990001B68002B0391BBBF5B4242F0020207932E
:1009A0000793B8BF049223782E2B0AD163782A2BA1
:1009B00032D1039B02341A1D1B6843EAE37303928E
:1009C0000593DFF8D4A003222178504600F042FBC3
:1009D00038B1A0EB0A004022049B0134824013434B
:1009E000049314F8011B062228488DF8281000F003
:1009F00031FB00283FD0264B1BBB039B073323F062
:100A0000070308330393099B3B4409936AE70CFBF4
:100A100002320C460120A8E7002301344FF00A0CF3
:100A200019460593204610F8012B303A092A03D9BC
:100A3000002BC6D00591C4E70CFB0121044601231D
:100A4000F0E703AB2A4604A930460093114BAFF3FD
:100A500000800746781CD6D16B6ED90705D4AB89C8
:100A60009A0502D4A86DFFF775FDAB895B063FF5CB
:100A70001FAF09981EE703AB2A4604A9304600932E
:100A8000044B00F07DF8E4E7EC4A0208F64A02085D
:100A90000000000047080108F24A02082DE9F0476B
:100AA000164698468A6807460B690C46DDF8209082
:100AB0009342B8BF1346336091F843200AB1013323
:100AC00033602368990642BF336802333360256878
:100AD00015F0060506D104F1190AE36832689B1A7D
:100AE000AB422BDC94F843302268003B18BF012353
:100AF000920630D404F1430241463846C8470130DB
:100B000023D023681A3454F80A2C03F00603042B6C
:100B10000ABF54F80E5C002533684FF0000608BF8A
:100B2000ED1A54F8123C08BF25EAE5759342C4BF9C
:100B30009B1AED18B5421AD1002008E00123524655
:100B400041463846C847013003D14FF0FF30BDE879
:100B5000F0870135C1E7E1185A1C302002332244E6
:100B600081F8430094F8451082F84310C2E701234E
:100B7000224641463846C8470130E6D00136D9E71B
:100B80002DE9FF470F7E914680460C46782F9A4606
:100B90000C9E01F1430207D8622F0AD8002F00F003
:100BA000D280582F00F0B78004F1420684F84270DA
:100BB0003AE0A7F16303152BF6D801A151F823F011
:100BC000190C01082D0C0108A90B0108A90B01083B
:100BD000A90B0108A90B01082D0C0108A90B01089C
:100BE000A90B0108A90B0108A90B01082D0D01088B
:100BF000570C0108E30C0108A90B0108A90B010817
:100C00004F0D0108A90B0108570C0108A90B010899
:100C1000A90B0108EB0C010833681A1D1B68326030
:100C200004F1420684F8423001239DE033682068D5
:100C3000191D3160060601D51D6803E04506FBD588
:100C4000B3F90050002D03DA2D236D4284F84330B0
:100C500059480A2310E021683368080653F8045BFA
:100C600002D4490648BFADB26F2F5348336059D103
:100C70000823002184F843106668002EA66005DB77
:100C800021682E4321F0040121604DD01646B5FBAA
:100C9000F3F103FB1157C75D06F8017D2F460D46A2
:100CA000BB42F4D9082B0BD12368DF0708D5236991
:100CB00061689942DEBF302306F8013C06F1FF3639
:100CC000921B22614B4603AA21464046CDF800A064
:100CD000FFF7E4FE01304CD14FF0FF3004B0BDE827
:100CE000F087236843F02003236078273348236884
:100CF00084F845701F06316851F8045B02D45F0622
:100D000048BFADB23160D90744BF43F02003236030
:100D10001DB11023ADE72848E9E7236823F020033D
:100D20002360F6E70A23A4E71646BBE73368256885
:100D3000181D616930602E061B6801D5196002E03C
:100D40006806FBD51980002316462361BAE733688D
:100D500000211A1D32601E686268304600F07AF980
:100D600008B1801B606063682361002384F843300E
:100D7000A8E72369324649464046D0470130ABD008
:100D800023689B0713D4E068039B9842B8BF1846BA
:100D9000A4E70123324649464046D04701309BD064
:100DA0000135E36803995B1AAB42F2DCEBE70025FF
:100DB00004F11906F5E700BFFD4A02080E4B0208D0
:100DC000B1F90C202DE9F041160705460C4651D427
:100DD0004B68002B02DC0B6C002B49DDE66A002E11
:100DE00046D0002312F480522F682B6031D0626D00
:100DF000A389590705D56368D21A636B0BB1236CBD
:100E0000D21A0023E66A216A2846B047421CB4F988
:100E10000C3006D129681D2945D8284ACA40D60772
:100E200041D50022D90462602269226004D5421CA7
:100E300001D12B6803B96065616B2F60C1B104F10A
:100E40004403994202D02846FFF7EEFB0023636378
:100E50000EE00123216A2846B0470246501CC7D144
:100E60002B68002BC4D01D2B01D0162B19D12F605D
:100E700000201DE00F69002FFAD093070E680F6065
:100E80000CBF4B690023A6EB07088B60B8F1000F7D
:100E9000EEDD43463A46216A2846A66AB047002856
:100EA00008DCB4F90C3043F040034FF0FF30A3816D
:100EB000BDE8F0810744A8EB0008E7E70100402007
:100EC00038B50B6905460C4613B90025284638BDD0
:100ED00018B1036A0BB9FFF7BDF9B4F90C30002B58
:100EE000F3D0626ED00704D4990502D4A06DFFF749
:100EF00030FB28462146FFF763FF636E0546DA079D
:100F0000E4D4A3899B05E1D4A06DFFF723FBDDE7C3
:100F1000F8B50E461446054618B1036A0BB9FFF73B
:100F200099F9A369A360A3891A0701D5236943B975
:100F30002146284600F02AF818B14FF0FF3738460E
:100F4000F8BD2368F6B222693746981A636983426E
:100F500005DC21462846FFF7B3FF0028EDD1A36842
:100F6000013BA36023685A1C22601E70431C626907
:100F70009A4204D0A389DB07E1D50A2EDFD12146AE
:100F80002846FFF79DFF0028D9D0D6E738B5284B73
:100F900005460C46186818B1036A0BB9FFF75AF9F1
:100FA000B4F90C301A0721D4D80607D409222A60D4
:100FB00043F040034FF0FF30A38130E0590712D5D2
:100FC000616B41B104F14403994202D02846FFF716
:100FD0002BFB002363630022B4F90C30626023F022
:100FE00024032269226043F00803A38122693AB9ED
:100FF0009A0501D5180603D52146284600F05CF86D
:10100000B4F90C3013F001020AD00022A260626928
:101010005242A261226942B913F08000C8D138BDA2
:10102000990758BF6269A260F4E70020F7E700BFA4
:101030002000002038B50023054D044608462B60EB
:10104000EFF726FF431C02D12B6803B1236038BDA4
:1010500010AB0220C9B20346024410B593421846B1
:1010600001D1002003E0047801338C42F6D110BD99
:1010700070B50C46B1F90E1096B0154600291E4603
:101080000ADAA18911F0800113D14FF480620020A7
:1010900031602A6016B070BD6A4600F047F800283B
:1010A000EFDB019901F47041A1F500535942594118
:1010B000EBE700214022EAE78B8973B59E070546DE
:1010C0000C4607D504F147032360236101236361C4
:1010D00002B070BD01AB6A46FFF7CAFF009E28460A
:1010E0003146FFF70DFBB4F90C3038B99A05EFD44F
:1010F00023F0030343F00203A381E3E743F08003FB
:101100002060A381019BC4E90406002BE0D0B4F960
:101110000E10284600F01CF80028D9D0A38923F02F
:10112000030343F00103A381D2E7000038B5002395
:10113000064D0446084611462B60EFF7F6FE431CA9
:1011400002D12B6803B1236038BD00BF10AB022071
:1011500038B50023054D044608462B60EFF7EAFE3C
:10116000431C02D12B6803B1236038BD10AB0220B1
:1011700038B50022002304460D46EFF775FC28B968
:1011800020462946BDE8384000F00AB8204605F15F
:10119000004100F005F8404261EB410138BD00BF5D
:1011A000D0B500220B4B06460F46EFF7EBF9EFF7F1
:1011B00065FD0446EFF76CF90022074BEFF7E2F903
:1011C00002460B4630463946EFF724F8EFF756FD56
:1011D0002146D0BD0000F03D0000F0412DE9F04F68
:1011E0008C46099E04460F46002B48D18A4215467C
:1011F0005ED9B2FA82F33BB1C3F120029F409D4019
:101200009C4020FA02F217434FEA154E1FFA85FC64
:10121000220CB7FBFEF10EFB117701FB0CF042EA4A
:101220000742904207D9AA1801F1FF3702D2904233
:1012300000F258813946121AA4B2B2FBFEF00EFB3E
:10124000102200FB0CFC44EA0244A4450BD92C19E3
:1012500000F1FF322CBF01270027A44502D9002F3F
:1012600000F04381104640EA0140A4EB0C04002149
:101270001EB1DC400023C6E90043BDE8F08F8B427D
:1012800006D90EB1C6E9000100210846BDE8F08F7D
:10129000B3FA83F1002951D16345C0F0168182422F
:1012A00040F213810846002EE7D0C6E90047E4E784
:1012B000002A00F0AF80B2FA82F3002B40F0C28027
:1012C0008A1A4FEA154EAFB20121200CB2FBFEFC88
:1012D0000EFB1C2240EA024207FB0CF090420ED9A2
:1012E000AA180CF1FF382CBF4FF001094FF000098C
:1012F000904203D9B9F1000F00F0F080C446121AF1
:10130000A4B2B2FBFEF00EFB102200FB07F744EA8A
:101310000244A7420ED92C1900F1FF322CBF4FF026
:10132000010E4FF0000EA74203D9BEF1000F00F0EE
:10133000D2801046E41B40EA0C4099E7C1F1200539
:101340008B400CFA01F400FA01F922FA05F72CFAA5
:1013500005FC8A401F4320FA05F3380C23431FFA8B
:1013600087FE1C0CBCFBF0F800FB18CC44EA0C44D4
:1013700008FB0EFCA4450ED93C1908F1FF3A2CBF1E
:101380004FF0010B4FF0000BA44503D9BBF1000F48
:1013900000F0B880D046A4EB0C041FFA83FCB4FB29
:1013A000F0F300FB134403FB0EFE4CEA0444A64595
:1013B0000ED93C1903F1FF302CBF4FF0010C4FF058
:1013C000000CA64503D9BCF1000F00F09F80034636
:1013D00043EA0840A4EB0E04A0FB02EC644573460C
:1013E000E04602D307D1F14505D2BEEB02036CEB18
:1013F000070C0138E0465EB1B9EB030264EB080468
:1014000004FA05F522FA01F3CC401D43C6E9005465
:10141000002132E742082F464B08AC4642EAC1722F
:10142000AE46C407110C92B241EA034142EA0142BE
:10143000B1FBF5F1B3FBF5F01F23A2EB0C0241EA7F
:10144000004142E79D40C3F1200299409C402CFAA4
:1014500002FC4FEA154E20FA02F2AFB2BCFBFEF8D6
:101460000A430EFB18CC110C41EA0C4108FB07FCA7
:101470008C4550D9691808F1FF302CBF4FF0010995
:101480004FF000098C4502D9B9F1000F30D0A1EB23
:101490000C01B1FBFEF808FB07FC0EFB181192B221
:1014A00042EA0142624534D2AA1808F1FF312CBF4A
:1014B0004FF001094FF000096245BED2B9F1000FAB
:1014C000BBD1A8F102012A44B7E7841A6CEB0302EE
:1014D00001201746E7E62C4402382BE7ACF1020C5A
:1014E0002A440CE702392A44A5E62C440238BAE61D
:1014F000A5EB0C0CA8F102006144B1FBFEF808FB5F
:1015000007FCCAE7A8F102083C4444E7023B3C441C
:101510005EE7414691E7A1EB0C014046B1FBFEF8C6
:1015200008FB07FCB9E700BFF8B500BFF8BC08BC72
:101530009E467047F8B500BFF8BC08BC9E46704791
:1015400030C30000000000000000000000000000A8
:101550001C00000054464C33140020001C001800EE
:10156000140010000C00000008000400140000002B
:101570001C0000008800000008010000187D000029
:10158000287D000040C200000300000001000000B0
:10159000040000006282FFFF0C0000001C0000003D
:1015A0003C0000000F00000073657276696E675F93
:1015B00064656661756C7400010000000400000041
:1015C0006CFFFFFF2700000004000000080000007F
:1015D0006F75747075745F300000000001000000CA
:1015E000040000007283FFFF040000000B000000F5
:1015F000696E7075745F6C6179657200030000003C
:101600005C0000002C00000004000000B8FFFFFF99
:101610002B0000000400000013000000434F4E5652
:10162000455253494F4E5F4D45544144415441004A
:10163000DCFFFFFF2A000000040000001300000090
:101640006D696E5F72756E74696D655F76657273D4
:10165000696F6E0008000C0008000400080000001C
:101660002900000004000000130000006D696E5F97
:1016700072756E74696D655F76657273696F6E0001
:101680002C0000000C7C0000047C0000EC7B0000BF
:10169000B47B0000A477000094750000843500003E
:1016A000F43400006434000054320000441200009E
:1016B00034110000E40E0000940E0000440E0000FF
:1016C000340D0000240500009404000064030000B1
:1016D0003403000004030000740200004401000011
:1016E0003C010000340100002C0100002401000036
:1016F0001C010000140100000C01000004010000A6
:10170000FC000000F4000000EC000000E400000019
:10171000DC000000D4000000CC000000C400000089
:10172000BC000000B4000000940000007400000041
:1017300004000000C284FFFF0400000060000000FD
:101740000C00000008000E00080004000800000063
:10175000100000002800000000000600080004003F
:10176000060000000400000001000000EB03000080
:101770000C001800140010000C0004000C00000005
:101780009CBAFC0D358D96CF0200000002000000CF
:101790000400000006000000322E31392E30000017
:1017A0002E85FFFF04000000100000000000000074
:1017B0000000000000000000000000004A85FFFF5C
:1017C0000400000010000000312E31342E300000E3
:1017D0000000000000000000EC40FFFFF040FFFFB1
:1017E000F440FFFFF840FFFFFC40FFFF0041FFFF18
:1017F0000441FFFF0841FFFF0C41FFFF1041FFFFC5
:101800001441FFFF1841FFFF1C41FFFF2041FFFF74
:101810002441FFFF2841FFFF2C41FFFF3041FFFF24
:10182000AE85FFFF04000000200100007F9EAC4851
:1018300009F8E8F10E6010607FD8436118DAF2C34E
:1018400081C8048170A1025181D592AD5C4E1C37D4
:10185000D1585A6E0D7F9F868D66F67F5117A0DE98
:1018600098CF7F403217DB6349D96A8D277B818A05
:10187000180A142D04CA3A9B0C0A97E6815417875C
:10188000783A8116C2CE94CC06810EF10E1B04DB91
:10189000B98E8381D26DE870797F654ADDFDD5E927
:1018A0004359477F53FE2EF530E20C3F5FBA3811A3
:1018B00081DACC36A981184F4CBF1A37ADA08112FE
:1018C00056FF1D6C13D542737E20B27FE779140456
:1018D00081FFF958FF087A9A29C9C87F8292727BE2
:1018E000BC9DA36AF1B6EF7FD11AA6BF81C2606822
:1018F00072497F606AD118A29FA209BA563FCE7F73
:10190000B0B15EFD1BDF0AF9B4AE3C7F24BF047D9D
:1019100081C52AA1FC67F2D363A1D14914FE7F419E
:10192000A11472A5811A02F9FE5BFE7F69CED7BDB4
:10193000A3C8998126C8C62DDC10B8EB672B7F3170
:101940001625CA6E5B15BC4BC4814838DA86FFFF8A
:101950000400000080000000AF0000002FFFFFFF28
:10196000370000005901000009FFFFFFFC010000E3
:10197000E0FFFFFF020300003AFFFFFF200000002E
:101980001C0000000CFEFFFFB3FFFFFFFAFFFFFF8C
:10199000B80100002801000052020000BDFFFFFF57
:1019A000F2010000F0FEFFFFA3FFFFFF8100000037
:1019B0004301000033010000C7010000EBFFFFFFFF
:1019C000F4000000BCFFFFFF2A010000120000002D
:1019D00003010000BEFEFFFF6687FFFF040000005A
:1019E000200000008B7D81878C8E7F8481868182A0
:1019F00079768494877DA886829291969083988345
:101A000098812CFC9287FFFF04000000200000005A
:101A10002669B4B44B4369D580F3A0BC7169C8533F
:101A2000F06969EC875A5E5B59C95CAF5B867F6D74
:101A3000BE87FFFF04000000200100006802690D5E
:101A4000768140F3A3C89BCFCD3B9BC9142915E3F6
:101A50005D56024E0E421FC345DADC495C7F818D24
:101A6000A38EA495B14D0F43767FCCD6DCCA1D3A28
:101A70007BDB2C342B7FF7F11FD6CC25FC68EBA049
:101A80004E9B7FFA812E497F7FBF52BC1BDF7F5365
:101A90005B49D8CABFBE9C7FE570B3810FC87B414C
:101AA000F2AB34FD6FCF81A4D6A681F6217FDA1F79
:101AB000C740F2A92AD8F7D3518C0B5AAED5DB1503
:101AC000992C1FB8C781D1F3586D1503DBBADDAE71
:101AD000252C22DF045E71C011E54A3FAFE3C33D10
:101AE0003D42CF7F38353741C49657FBD84D3BBA7E
:101AF000FCB323DC01CE8C74FB657F34C136DE7F02
:101B00007FEDAD4B4DFAFEDF38D18AB313C7A490F9
:101B10000D7FB08C81AB7FAF25D17AF981ADA20169
:101B2000BC49E1D6503CE80FE0252BC743FFD96CF8
:101B3000810F7F8191C8D7FD55BC7FBF67B5DAACF7
:101B40008C51EC49FC3BDECA58E8E77F81E2757FA7
:101B50009F5DD9DC3295B3277F7F30DEEA88FFFFB7
:101B600004000000800000000000000000000000F1
:101B70000000000000000000000000000000000065
:101B80000000000000000000000000000000000055
:101B90000000000000000000000000000000000045
:101BA0000000000000000000000000000000000035
:101BB0000000000000000000000000000000000025
:101BC0000000000000000000000000000000000015
:101BD0000000000000000000000000000000000005
:101BE00000000000000000007689FFFF04000000F4
:101BF0000008000016CFB8ADE961D52AB5123367E9
:101C000007FFF8EDE8FD54067FEEFCBBF5FFB1FBE6
:101C10002859024623BFCED0FB391ED9C6E172B582
:101C20004ED37F639AB53208C73CDB175846EBD6D4
:101C3000D24612F821BF476022FE0FEC7D1BFEC882
:101C4000BBF1DEAF36C60CCBC6D3027F167B3CCFD2
:101C5000FFE75CDAD7153CD2ABFE3DB36720F0A7B7
:101C60004B16C5F9350FF6DB86CB7F3DCEF9011F4C
:101C7000BD3117F9023D43480743E9EEBBD83EEAC0
:101C800057F8C71EFFD701091CE702BC4CE51181BC
:101C9000BBA1BD1F130128D61D42C7BAB1F71A0256
:101CA000F8F2581DFC17BFDBC0C4F8CA4DDEE03C9B
:101CB000103281CF812F47BF299EC4EAA004493E3C
:101CC0002D3DB6901DECE2BA2AB7B11B3B28E51BAF
:101CD0002FD5C5DFE3C53B79C645EEC717C6DFEF95
:101CE00017DA06AEEDED9FD7FB812D4601B6D20087
:101CF00004982F5D81D611EBD6DAEB83B94707D074
:101D0000ACFB2CA90CC9CA47D5D82FD7D6008E4416
:101D1000DB9FB01CBA8BD8022E263EA15A5BF3F78C
:101D20001101832A0CC18149E4BBE6C8F818570D9C
:101D300070A92DCEEBC57B0AC043C885B92A1F64A4
:101D4000C065EE848D48C7E27F42911ED34C140CCF
:101D5000D8F3AAE431380C4E7FC5D0E5FEF010FC74
:101D6000DB40BE0C1F262FEFF6951502ECD3221F89
:101D7000F52FE0FDD3FADCE0C232F5D2F04D2CDED7
:101D8000213C2AD27FFFEC241810B7FDE92505304D
:101D900050C807CB75FD35529F19B92781F0616B8B
:101DA0009FB7CE91C4DFEE856C94E1F415FE839667
:101DB0004A1DFEE4F11CFCE10EBE0FBF59D34721C2
:101DC0000607D1D61110D0E6F14E7FB3D71905E43E
:101DD000F8D1FD60E8320341810A4128D3D83A1F87
:101DE0000D240B19E4F103C72DB9E2B0A42B0DF3B8
:101DF0000BD00DABCF1EEB81FBFC82421C10FDB360
:101E0000E14C9B8A1B2537ECF672274EC12F36BC5E
:101E1000910A90B6391A350C368B66A7AEC628D90A
:101E2000B6F2D3DD311EE6FC81DDDF510DFCED00A5
:101E30009CF5EAC0D1DE270081B947EA0343E21DE1
:101E4000C8AE4B02DFCF3BC7072E1BDBEC110323D1
:101E500010D4D12FF3A22716CDCCED087261D84053
:101E6000513DB64001329191E9F42E66C2DBE3F0B8
:101E7000CC5081EAC7059CF74BC81AD5A7A68EC2DD
:101E80000903C16CB281AF3F82538347FC8DCB16EF
:101E90000A6471003E2F3493F2D141445B81E1F436
:101EA0001956F439532EEFD92E2C1C34FFB0D7B26B
:101EB000B7991EF2F9FF0E7F0B24AAE21707E4D3AD
:101EC0001D1DF0C028EFE60DCAC1CE27E0F822E6BE
:101ED0001CD32E0AD8A1C2AAF4CD4347C4DB4BDFE2
:101EE000070FF3A49EC0CF8B061C46619971364044
:101EF000CB218140ACCEF3D307E9B76BEDD01DCB3E
:101F0000564F00F6BF9E0154EF815B051CDEEE903C
:101F1000FBA4441C5EFE1A0600C5A32245F3E4CCD4
:101F20002045DABBA10D28F4437F262F6C12FCBAA2
:101F3000220306C80BC5E6233824ADDA2FF9AA3DE3
:101F40004500DE28E63810D32071B9A9E87F014B9F
:101F5000EB279BF911E7FA1CE781C2EC862D5A604A
:101F6000D2E51F12FABCF6B41C3FC71BC66B1EC8D5
:101F7000E071D72CF7ECCCD009FC3D074B5CD1D7F6
:101F8000CCE6DBFA2525BE97A836FD7EE1B1D07FF1
:101F90002349A2C2BBADEEDCC67FC9C83614174DBB
:101FA000540155E92E92CC780FDF366DAAAAF2259E
:101FB0002742FDBF15FAFC031BEB40C3699F0DF0E0
:101FC00096E504D25CB3F6231C81E9D729C1EBCD99
:101FD00054A2256453B96C587FC9B1CDE5BCEAB9A8
:101FE000356FE332C4BC3499401826927D35FB6FBF
:101FF000D9A1B52496BDCAE41FF22970E9813347FF
:10200000381C13EB2ED00DF3E9F1A104EFC400C589
:1020100000E0D6041328B51B07F0DE0D81D6AF4FC4
:102020009FE52B01C51809320EDD0DF0090420C310
:10203000D7211B2A52555381615853C851D4DB18FC
:10204000EE40EED240A941BABC74220E2B4E1E9E29
:10205000C1B0862A21E8132EE82CDDE620C830F333
:10206000D4DBEB7FA5AB4BED23E1F6FD10CB31329A
:10207000EDD7260E7F4D0C10DDB5C6A82DD7151750
:10208000D424355AD4786B680AFCE5CF166E1D5EF1
:1020900088F647A812AB365DE5D9D9F856ECAFB053
:1020A000A13A19F9719F04FB0C13FFBE484FFDAF15
:1020B0009E81B1F11BFA24D5B225E1DC22C1F236B2
:1020C000F41813B36E44FD19CE365D6BFFF31A811D
:1020D00093918EE5D1D6FF1C5CF9B22F0B4627C930
:1020E000C4F92F327439BD1F193A2821ED0F81E64A
:1020F0005633C52A26253E4C2166C928E74A4C019D
:10210000ECEDFB29222BE2E7E74381FBFEE5CB1355
:1021100027232AEA74030F9A274FF907709DFFA916
:10212000FA077FC63D3A1012CBE84A0FDA4C340862
:1021300030C92506CABCF9CDCA224E97DC11226CE3
:102140002E7924D481BAEEF779BDBDC2EF56DC52A8
:10215000D4080EB0D0FF401F3109030430815A2942
:10216000F2CD27D44EDB0AF32AD6B8F30438F0B503
:10217000064DFC1313F0C71F38223D512C7F612000
:10218000E1F719DBCE1BF4CBAF1925370FE8F23797
:102190005D4AE51E0ED92ADF0726E1F23F46D9A99E
:1021A0004A31E081D897C60D15BCE098D0EC1A2DC5
:1021B000D754A9640EDCE91F03DFF1F81CDC3EC331
:1021C000061622DD57E8FA2A81D8F93DE2B2B81F97
:1021D00058D05BFB243737372002E122C1E3DE3DD4
:1021E00041F9D11BF4C9FAD82A31EABBD41EF0CD8B
:1021F00037DBD08179D851D8C3267FBE5E70FD1FF2
:1022000003BAE25CE611FDD79EC201C503F3B173C8
:102210005C7427A969BACE5521C4FD03EBA99219B4
:102220001823B12736EF91C0EADF364D32703F8177
:10223000219F36C791EB213B03DBFBCCBCCFCFF614
:10224000E6266757C9B89A01EEE1AF6FE3F8F98166
:1022500062CC95171A611599BB373711D73B14E338
:102260000FE7C41EBA0EDD5025EC377FE4988FFED1
:1022700028F91682DD1D5741817C4A97D5D2B9A233
:1022800094B2D6F5EFB12F651BEFE2CBF25F46B704
:10229000CAC7CA505425A3C7EFD832E8B1815962E2
:1022A00035DA6A22C624D528369408C9F22DC60626
:1022B0001D4FB516EDD8BF152CF7DE2FEB404C4F58
:1022C000F4D334241AC4BFDDCF15B3F4F6C7337F7B
:1022D000C275DA4DA7CC02606447B626B2D8C0F703
:1022E0001C3A2C81E21B871FD00E2E015C1BB353BE
:1022F00070B3B0F634BB22CB7122BF030A3D004B52
:10230000D3E60FD8CAB3E312B312342B4381C8B457
:102310005F48F03481EF4F382AF1D3D49A09F2356F
:102320003158EEF107FFC31E3CFA18E206E3341001
:10233000FC3D10C7032BD14850E965356930AFC269
:1023400013E0A33227DB470AAB812DFEDE929254C5
:10235000371C490824372C36CA7F3FEBB87BB3D6ED
:102360002F440A2956C4B17C9DECF30F4900BD0FE0
:1023700047F3FDD65A222EC07FB41D1E5ACF71FBE3
:10238000ED44EA00153630CCFEC93B28D3C9E19DA7
:10239000EB4B3E3416EE368DF2CAF10F67105E3409
:1023A000590C07E3D6BC4B18811B4318C1E8E83C25
:1023B0001923EE34BD2D0AE532D3FD938845462A14
:1023C000ECC117BFD2D2021CDC0CC81FFE7FF30E7B
:1023D0005B4A4C31D234EC0DD5A829E4B5EF491352
:1023E00081162826A12DCA19035D8DD03F314DC518
:1023F0000B16CCE88291FFFF0400000000010000F2
:1024000070FFFFFF6E020000750200002D02000049
:10241000B4FFFFFF08FEFFFF4CFFFFFFB00200000C
:102420004B02000084010000B8FFFFFF0101000023
:102430000C01000084FFFFFF9DFFFFFF15FFFFFF62
:1024400074FFFFFF10FFFFFF4BFDFFFFA90300001C
:1024500083FCFFFFE10100007E000000CAFAFFFFDD
:102460009101000088FDFFFF3C0400002B010000EB
:1024700094FCFFFF1F0600003BFEFFFF46FDFFFF31
:10248000670000002FFEFFFFC4FDFFFF00FEFFFFFF
:102490004A0000008FFCFFFFA1FEFFFFB1FBFFFF22
:1024A000F1FFFFFFAEFDFFFF6F010000B5FDFFFF75
:1024B000E5FFFFFFAE000000E9FEFFFFDDFFFFFFCD
:1024C0008FFEFFFF380200002EFEFFFFA0FEFFFF81
:1024D0002BFFFFFF96000000CAFEFFFFC9FEFFFFB3
:1024E00099000000DBFFFFFF7AFDFFFFCE01000037
:1024F00001FFFFFFED04000041010000BDFEFFFFF2
:102500008E92FFFF0400000040000000BFF4FEF0C8
:10251000107FE3F7E9D5E1E8C2DAD302F41CE90D54
:1025200001F1E728E7CED5F110D7EA0DE4080C1346
:10253000EE34000BE9FFDB3FC2E6D0C9EBE507F65E
:10254000EBFC02CDC8E6E3E7FFC7C7F0DA92FFFF76
:1025500004000000400000003E16CAD03A4F36F793
:10256000D620FF2D30183F3D4B2A1ED7292B1A5F4E
:102570000218EB0044B03A6A157A5668306D30366E
:102580002930D22D091F2D7F0F22452F46E037110C
:1025900041F62C232080DE542693FFFF0400000028
:1025A0004002000058CBC2213E1B64D5C822EF6414
:1025B000EBA1E6B09E265F24E333254AB6094281AB
:1025C00075EBEEEE88D6451CC6EF297FDFF8E826CE
:1025D000181181E6A8CBE4AA4F2747E6673B0B35E5
:1025E000516B28D50E1B007F2DF8ACFD0544882CBF
:1025F0002BB0A37F20F5B443BFE8EAF9CC44C3591C
:102600001DDB761A2E06ECFAE26055F40DB356E0A7
:102610001436DB81C5A2DB46AA5336D116FDE1CDC7
:10262000288FD4265A63290FA7D6B62A066A4CD714
:10263000E178A7ED34E6F08100A55EE424AA110458
:10264000F42E58F1CA088107DF73FE9FE8D644D301
:10265000C2B60D1AF445C9DD19A2D6FD912BC4C628
:10266000F77D0BEB169381F3394C7FC6A848AA7F00
:102670009460CC28817FBFEA81022EF481C3F9AC3B
:102680007FC889A5D3240C2EA7817FC6C06C8EB4C9
:102690004EA4D89243EE81D37F167F7F13D510418D
:1026A00065777FCC2FD0265B68B1D5433B2AC0AD80
:1026B0001A477F3672D8D3E43FCAD411E749D5719F
:1026C00067BEFA8148FC38812D514D2DCBB9D3B46A
:1026D0003E09E6EE43A3B2E8B32224CA115366E5ED
:1026E00064A4BA1C7F7F60B9B581D1603A7F448809
:1026F0002D8140EB31B9B6B11B814C81D6983602A1
:102700002B7F81F57F7FC2BEAB20CEA92BD47FA5C6
:102710002F3E3376467F408C4DD9BE39100CC68192
:102720008C0C2B8103C5C7E536D08BB7C07E70E01B
:102730007F35F24CC80D1BD0CD290BE9EDF60BAE61
:10274000013A099989F32035E515A4BB8136B732E2
:10275000A181EF32C1B41BA45B482F2C24BB0960BC
:102760008176FBAA2E3E42F47FD1ECA77FCAB71F29
:102770001229DB2E1A2C7F01E3EE26C1DC26812BE9
:10278000E9D065E1E3C09EE5E139ABD501CBA6F91F
:1027900081E117AF76DFED7FFF12FC9AFDE87F0144
:1027A000F081DA1229F614CEDDD3E57F03B97F0F6D
:1027B0002498E3ACA823B0EA69C77FF6DF7F160F41
:1027C000401E52F13D64EE998114B91C487F817F0F
:1027D000FB7DF1E581A0FFEC0F81CC577F81FF3CB1
:1027E000A1F2F9CC7295FFFF040000000001000087
:1027F00000000000000000000000000000000000D9
:1028000000000000000000000000000000000000C8
:1028100000000000000000000000000000000000B8
:1028200000000000000000000000000000000000A8
:102830000000000000000000000000000000000098
:102840000000000000000000000000000000000088
:102850000000000000000000000000000000000078
:102860000000000000000000000000000000000068
:102870000000000000000000000000000000000058
:102880000000000000000000000000000000000048
:102890000000000000000000000000000000000038
:1028A0000000000000000000000000000000000028
:1028B0000000000000000000000000000000000018
:1028C0000000000000000000000000000000000008
:1028D00000000000000000000000000000000000F8
:1028E00000000000000000000000000000000000E8
:1028F0007E96FFFF040000000020000006B4DA0E00
:102900000BD2072514E4E016F85C3CEFCF1001E58C
:10291000F4DEBF1532F302E8E71B17200681CBFF78
:102920003B26F808CDE4AEE330D9F658FBFB2F2662
:10293000E1A5E9F12E3711E1EBF102DB81B737DBDD
:102940003F5539CB28BBFAC4CC63D7D5F142DD3C27
:10295000165E231521384BFFFAFDF9F4EF15DE9BC7
:1029600012C8EC0E11E2D5CCC38CF148C31A1A1070
:10297000E7C4F7E10D45BBF9AEEB3F3B3BA0C4D547
:1029800015C51CD3F903D9BEC9D316DAE5FEFF3C41
:1029900031C7BFE4E7033AD10ADAD13823BFCCE923
:1029A00019AE1B037FF62337EB0108392A1025F4F3
:1029B00010E6D42BE5C7A31C12F905E5C0693CE479
:1029C000540A7028D2ADFBB83FBE133312C90DF2C2
:1029D000C5C917E1FE3A2C5CF47FE9492B37222563
:1029E0001A16CD4D2511CEDCEE093632A7C14CB9F1
:1029F00009ECDBC0EADEA8F24083AE0FF30AC7049D
:102A0000DA27351A0703A9521C28D43DE159EF40B3
:102A10006D4EDF7921EA27C799BC31C918D32C291B
:102A2000E49B14CC2AA01EE823FE31E9F2E7FCD097
:102A3000F3AC01CD811EF023C815FF119BE51CFCF2
:102A400029D404F10DD7DC11E3EF211CDEF23C2583
:102A5000EBC046D30119FAE6D71A5BF5CF9123F9FB
:102A60001014B60B0FCD28E8B144C1E014EBEA46D0
:102A700017C80FB0E039B07FBAD704E6D8CCEAABBC
:102A80008AB009F6B9C7DD260BCFF02F2FF1F16C14
:102A900048EEBB09F1CDF5A3D13631356F1803CD22
:102AA0002C0BA10AA5EF07EB05393211B81D6FEC0D
:102AB00081CA07B2F43CF2F0FC350D6AAB9BDF7FB4
:102AC000E210DA1728FEDCF2EAF925F718B9E9472F
:102AD000D9C805C6C82BE01CD4FF03E5E81ACE28E8
:102AE00005FEF2340FAEEE001618C9AEB30CE0E1ED
:102AF000D8660332F93BCF03110ADEC72609093332
:102B0000DE3708ED220FFDD600EBF34448CBFCD8AE
:102B1000A71E921E27D857209F009219E82A3C2111
:102B2000DEE11DC67F293E0E1009351CCC54DA0C9F
:102B30000A2BDDDD9930F418EDFDBA1CBFC57FF31B
:102B4000B5DBEA0752C0C5E8AB07D21C1EA2361C93
:102B5000FDDBE7EB282A23271CEA0DF0413BD6FAE0
:102B60000119F6621AEE1D1C33262E21EED3EB0A54
:102B7000A313A40D43E23246EC1DD4050DFAC22482
:102B8000CC24EFFBFCF525BAC54C3C0EEA2901FF2D
:102B90006A2439DA1BFE317FAF4BE8C705075A1BA1
:102BA000D61AF42FE1D61B1C311CF03016FDE8E1DB
:102BB00019FFC4F3FE3CF1EA0DDABFC516DADF15E2
:102BC000D4E319C6ADC31413EA27B4354BCF3C4A3E
:102BD000CD3CF2FA5AD4D751200D0347C6048115D3
:102BE00044EED1DE1F0A47DBF2D0F01FD8FE0534D9
:102BF000FD46AFFCC906B53B15E720E9CF1D4B32BA
:102C00000BFD09F325BF811B2CF34016B81D3E6454
:102C1000EE27A7E0C94824F34918FCD0B4F478C0E3
:102C2000183312EC17C92B9C20EC1C4A77C61A5A91
:102C3000D7F4A4E6D7F7FCD3D1BB17DFE2ED4CBD48
:102C4000FCE5F9EE9D2DDD370E15B5EA4EE7F6F6FB
:102C5000550F300C1E240975C4E8A8C508141DA71B
:102C600018914026F7F33B19CF3FE30D15071B439F
:102C7000FB30A3180EE7F3460981B11DC2B001F67F
:102C8000C9EB0705BFF68115053A2ACF4334001377
:102C9000D8F21241F2F18CEAAEEC144900091B2A79
:102CA0000A91EACCE656A40C46DFBE02203FE2F7CA
:102CB000FA2D32F6BD22EFDB0EA30F0CD53C0056E9
:102CC0002709D90DC2D0F0B60DFAFB1DFFF4F1298A
:102CD00006CFB61443C00723B04F1CE27D0DC70AD0
:102CE00027FA2D021C81E2EBFE181F24113BE1C6DE
:102CF000C5E216DAAB12E9D8AF189FE4C7CCBE2BF9
:102D0000810FF707CADAED3CAC115D3C0543942610
:102D100055D702FD030A363C32CE1B211132235512
:102D200046C1066019F4440E6CFD30182538280F92
:102D300025F6BDE8FA35F9C1171A0F66D5F2E1A9F3
:102D4000E32117DBB933B0FE1E3BF52CF3E6182C5C
:102D5000FF0DFAE40C9EB41CFE810209C60CD10ED4
:102D600004F636281A0BF5E11F0015E80733F8259D
:102D7000090C3311DF3A1405CBF2EA1012F2CBBF83
:102D8000A0103C8129180A31F8F85DE836A103F05B
:102D900073420F364E01D43C06EC42D7F9320F3B5A
:102DA000F4BBD12CC7FB404604E3680A1825D5CFF5
:102DB00009EC4213C216FEE2E40BE16D122FD0EBD8
:102DC000F1C900ABD8E447DBD7FF1005DBD92EF5FE
:102DD000C82D2BDF3AFB111FE92ED4E6D01D6D3331
:102DE0003A05EFE21C037F3AEEB4F924EFEBCD286D
:102DF000D43FC026D3E5D2E7F0FDEFF0E1C807FFEE
:102E0000060B23B91FCDD5220827EA45F2AB5F1484
:102E100045D5101E0150D9FF88F309E8FDEE72FD7B
:102E200042EAB8212E81A00FFBD22D2D5333E00FA3
:102E30001F4E45F5C42358540AED09700F2F390E63
:102E40001B536708E6A5B4EA810E5EFC501642D417
:102E500024060628FD12E4B52E240A470C03073E7B
:102E6000202645121DE0330116F6F112E522D91392
:102E7000BFE40FE1F0EF29F0460F6CFB04CC218199
:102E80003B5C24CD680DBCA0DBC3D33428F9B7C8A4
:102E90003E43CCF31FB9F71DD239343C6FE30F3FEB
:102EA000FEAF1B2832FEFA6F16FC53590CF31DA916
:102EB0000FA4E2EADAE9CC959DF70921B7A3F3273D
:102EC000A9E209131F0BFC2F17F307CFEE1002CC5A
:102ED000370207F736B6F72816372A108112DC10AA
:102EE000F81FCAF71D21402516F20733194F1A099A
:102EF00011FB1C10FE33DEB70FD905C9CE6BFD11D7
:102F0000B11B645014074EDFA2047FD617D60A37D0
:102F10001DFE8E571BF9D83C04BEF722C00EF103EC
:102F20002C178D1C3EF20A030C70180D1387EE3619
:102F3000D3DA2714AFF915FE4B276406B7033A1608
:102F4000E3557F09B69CE723B23D3D38C8EC2BA37F
:102F50006202CD1D3153E90C5F45CE5A8A1A434FA8
:102F6000FCD441D2FF962BC6072183231ED147A94B
:102F7000FF04B3CA0555C7924048B656F1ECE2814A
:102F80000BF6FB0D28EDED0812C8CEBE2BD32A029E
:102F9000E004081BCF05CFE2A34800EA23CDF623C7
:102FA00018EE23F5EECD1350D9D12A2D343304E495
:102FB000FF272DBAFA2D11E0E920DC150C99CEED92
:102FC0003BC160F4FE44D443BE0F150F1825D0D288
:102FD000E2361EBCBAEBF8DEE3F3EC668123E4C90B
:102FE00034CDAD61D74BD5FF27E4F0560442E598C8
:102FF000FD574E41F03B2DA3F7E1DF03FCE2F2ACBD
:103000002819DEFBFB0523B2EAA9C51D34ADC7FFB5
:10301000130613B529F9E6F0DAF1B7F2100FC51867
:10302000FCB6E7D9F32A0BC319F3C081262C18216B
:10303000A90B9630C8B9330BD21155E61D93123D3A
:10304000E932F50E02D600E605E316D735CC0F05BA
:103050007F4FFF3CFF37EAE5C5F2B82707E8C0B568
:10306000F3E7FF5AFB1B0BC52CF119CA20343207BA
:103070001321130BCADEE060CB30E90CD15605E218
:103080000ADB0B18FDE3CA36F203323362EF052D7B
:103090001629B70A00D8AFF3B781C62C2F9339FF92
:1030A0005D99373060022BECEFD50A160356BCE26F
:1030B000ED141031FF051D67FBA0BE01BBEDBECDB9
:1030C000DAECE0AFE20EECC1242BB9E5492FD5468E
:1030D000F231BB350F427FE2A92335184E2D44C98A
:1030E000B70B15420E2000078E410C14FB0B1A3A49
:1030F000B129DFA7CE4A42CD6B0D272EBAD8E4C541
:1031000030102D0FF9DED6C3A6D863F1974353DBF9
:10311000F6B4ADDBFDD0E4E8393E50210FC4717F39
:103120000522F2C4FA0E3E432415EE21153612662E
:10313000E25AA11DF50783B52EEC0320D6F0F20C60
:10314000EE323A0BD60FB707BF16E3CF592425FA54
:10315000012E0D0320E5D7B80D141D432B2B163B74
:1031600014E5EDD2EA3C1119FE2DCE08E738033301
:10317000D7291CF9123328D91F047F0B114E20F0D8
:10318000247307F5A992DB1DC50D755C7D1FE72F24
:10319000F7C614F2411325F19EDFC52FCE0348EB8D
:1031A00052FE6F571AD1FA50DFE2E642D70927D90B
:1031B0000FF2F4A781DAFA2017DBC5CFEA1520CA8F
:1031C000955D2445AC1833E2DE150E2C7FD70DFD3E
:1031D000D7481C0514244306FA974D580BD497BDC5
:1031E0001E260B320D0FD2DA19A5300818E2EE3F79
:1031F000F929EB088BD6931CD908522A2CD909E857
:10320000192B3D53A505EC24EBDC10D8E2E50DCDE0
:10321000C5003FBC4C86021C28FFBF3DC7B0226CD6
:1032200017810A050CE3273320D824E316DDEFD9F4
:103230004615BA08B20D161A9E3A17FBD636181B59
:10324000CA2E0F071DB9EACBD3F527591439242705
:10325000ADF4FC1231DF53C81719255A3EC6616917
:103260003326375055CB11103631401F982BE95F6C
:10327000A530AD0001F4D5426710177F82F2312EE0
:10328000F7D0133CBE525FF70B26109FFA11625223
:10329000BC4C42CCD40477F032DBF620BA96F21361
:1032A00079B3AD3438D5F0141F26ED0AB38126E684
:1032B000FC1F17E2D2FAE32628D8E9033BC19CC2DF
:1032C000FD0C1B09B70260CB16DA20E224F32F2392
:1032D00038BC00EC2916E6B5024CE61807B32958AD
:1032E00003DE41D746ED0F400FCACF0FF2E0FE3AA2
:1032F000E1AE1F26EDD21BD93D7F5C12DEF0B81681
:10330000D0EF18ED19D108EAC4D00FE325EE06E698
:103310002530E74D01390BAC080A12FCFFD1251E00
:10332000D1B32FEC0F122D020F4EE2F81D0EFAF35F
:10333000BBE081D9E3CF1114E2DDE900C5DE19F26B
:1033400089400FBB22C61A01EEF60226DA0D7F0273
:1033500017F00E18054E67E8AFA7102FFCA62B211B
:103360002532E439F5FC0924CEC70452F51C264663
:10337000090CC1ED26F44446EC10E8EECD8100D5F1
:10338000EA29FF479BF7B8FE04C01EF0B32F3AF9B5
:10339000D4D51B4703184A9505B64BD1EF25291FF5
:1033A000F1D416B9F71521C62E102043571BF2CAC7
:1033B000D21A1F14DE1C0C4FE72D1839E416D20662
:1033C0001BE05EB88C20F0FE4E11C26FC62FB7DC3A
:1033D00031F41E0A7F551E5A57F7212F28BB0F2A9A
:1033E0002FB7232825E4E9561CFFEB4BD94613F6EB
:1033F000ACCFEBBF11E92EAF0509ED0AB32CFAB142
:10340000F3D7BCF74EFD42C42A00FA06262C120060
:10341000E247E3E4F12EE3C7E65EB30D17CEF40B0B
:1034200000810A0F056EFDBEFF1901153308DFF696
:10343000E4CD43D802EFD4371012062E0DDCE3287A
:103440005CFD2825DBD08C073E24B8D70AEC2C592C
:10345000D2C8ED0FC533E10DAAF3284398ECB8E9C3
:103460003C7F00003C44C17F12E5C9E6E1DF11FA70
:10347000315A25F5A4C610E9D5EEE1C11BFF064E71
:10348000C09E20C9072406EF5F3C5DFCC3640D5F4E
:10349000E92CE99B4DA9DD5EE0B4AE1D3014143D6E
:1034A0004D012B2C431C05AF0E2F4F1207492A4408
:1034B0008423A7080019B61C7FBFC2F9C665DC903B
:1034C000EAFED5B4B4F939D5EB6114FE42AC03BCC5
:1034D0005E1DD71D00CDEDDBF333222108F0C301C3
:1034E0001EA1E93228810311F9EAF5F63822F61B0C
:1034F0003322FAADF2E0F0EBCB9BB0F0ECEF390306
:1035000001C5FEF42BF2E8A81B52DDE4EE4BD3C25A
:103510001B13AC1EF9C5C9B3EF31FDADC1432DC8B6
:103520001C0C44152150F239047FF00F020AECC341
:10353000EE08A2FCB61CBAC7E0DC1846130FE8CBB5
:10354000E52915E636CF2118BE8AFFEC3C7F3BDF2C
:1035500002080311441219B6EA004DC5B7E12EFD69
:103560007BF92D39F133E05548BA095D472A5ECB26
:10357000F3F2E63A475B44DC96F6C616BBB5DDF9D6
:1035800007FE1CEDCCF8FAF90E173C271A1BCB1DD1
:103590000A35D328050122FDD4CFEA1DFA8152CC89
:1035A0000DC500BC1C1821EC22EFCEF92F37E82105
:1035B000DD1E090A111AE719FA1A072220C6451A50
:1035C000ADDD071B5341F4FF1AF87DFC1AEFE559F6
:1035D0004BD0E4C93921072AEFA1AFFF3F0B21618E
:1035E00009F1C4FF1EF4D6D8492F1030397FE4C545
:1035F000F4330197E82414D2B1F4B4D2DBA6D5EDAC
:103600003C564A05FA061EF9BF3DDD47DFE7B21812
:10361000F43941B90D182F541FE1EAD43808CABB58
:103620001AEB1642041F10B3EAE2364C15FDE1DC3A
:103630000681950749D30D501D00FDFEF23B36CCA7
:10364000D1163717D7E8EAD00F4E19EF1DD4BAFCC0
:10365000F1C3CB043AFAFD15E0E7F936B53619F1B6
:1036600002D70801CB2DD3053094E9DF07FEEA2904
:10367000C97FF1D21C39E0CCD74EF143C6E417CC58
:10368000B3B81DE3202CE23581E236CF0059B916DC
:10369000080CAE13E8D046FD36BBFDCBF5EC083682
:1036A00026E5094CE2F7E956F5182E1C584052C899
:1036B000DE38292E21DFF82C0ECBDDE5C92051D7CD
:1036C000FEF742290123F1E207CD44B5CBCE0C2809
:1036D0001926E56E29DBFAA6EBDD3A193BC337D78D
:1036E00061E85C05E9BE9437FA22383D51EF104C91
:1036F000157F05DBEA3202B207011E08FAEEC2D5D9
:10370000D9F73AC5D8EE011AC34EF4DB0B0DE7FF2B
:103710001BE0F8030881DF031BD9BC1D49BC274D02
:1037200049CC03E144E02D223ADF18CB04C71FCD7A
:103730001593A225DC17F613E021111CE4DBFC0233
:103740000706C9DC21F566EDF20E0FB9EFE0E8F6E9
:10375000E51ED6D214D7141C0403083CF61B280E11
:10376000F9EC17210608D27FF131025CC926E4D0BA
:10377000F2C04A13E1C30B090001BCD8A6DC23ED5B
:10378000FA1E1FD2D5EF8E0D1E327F0BCACD4728F1
:10379000FC093B24B2EF4DA20BE0DBCB19A25E3952
:1037A0000A93552FD8F10D254592E6E7F9063BF52A
:1037B000B62A35C72CFDE15E3B03235CE6A6BFEBD2
:1037C000E9F563E3F59FD6FA963949450F37F902D3
:1037D0003619BBF4E0492D59AF003675D781022E5A
:1037E0001154BFBB022AECD8391B64C24F004CEE07
:1037F0000050E7BA229DE6FB2C1C9237F1C2BC4C6C
:10380000E6E123ACB8C92B2A31F13A8ED4AEAE70C2
:10381000297F9E0C07341E5ABEC6DFE8D2A7242992
:103820001B53320654C945CB302B1FACFDF9353D37
:103830003AEEEE44ECB31AECE7EDC744D49F3253B2
:10384000D7FA37C30FED45481AED651944FEA67F38
:10385000EC589EE36E1A40B986F305E695D86B03E3
:10386000750468392720E2ACC9B30FFE57DBCA7E66
:10387000246ED8240DE8262E4AB80D1AA388C9BC98
:1038800014E4C3DA45ED45814D99FB540207C3CFDB
:103890001CC5C3A53BC0AFD59AB5F6173FD03BC1F9
:1038A00067C60FFC40E45296244D02981AF488082B
:1038B000F62821171819CCD9BEE7D83CA9D3F71898
:1038C0000E142E0BCAB6EEC71E36F9EC00C49B5F71
:1038D000027F3EE020EA31E934ABE1D9FA8D9EB1B6
:1038E000D9F1453732D924AD0DC3D90E2DE12B13B3
:1038F0004BBE8E44D54CF253E0CFCF593614D9BDD0
:10390000D63B22F0BDEC43F33611E8120C27C95820
:1039100048E5174E3EBE5BE2F4D881FA62FFCC0B5D
:10392000E5E5B0D9DE3348FF560CDBDFF2263C4438
:10393000FD090EE4DD54E522E7F81815EE33141105
:10394000B4BBDF43090D31456EF67CCC2AB9CD03FB
:10395000985DB1212130CDE91DF0E67FBFC2EFF8BF
:10396000154227C7CC224F19F8FB2FFE0DFF0F423F
:103970008F0903D013C71A3A0EA94258BA1FAA4199
:103980000FE00CBB5EB86238EBBA42B61FFB2F26C5
:10399000DA600AB03F0A2221FC087F1CD203ECD572
:1039A00000C526BEDDE2F446C739115CACF0470E17
:1039B000EEB20D1404E9BAF675F40EEEEBE223EC68
:1039C0000B5F3FEFFE0FD6AFC862BD3008B3FA43BE
:1039D0007F23DA72DDEC0B2CEE8DCF08B5C6FFFC31
:1039E000130715F4F0E2BD2710072ACB024CF7D2DB
:1039F000CEC500CAFE8AB909D524DC372FF0FC22D7
:103A0000C3EC299DE90F94271923E61B131AD6DE70
:103A1000E21FB2DB3E2FF9B910410702C75ECC218D
:103A2000308B5CCE2D0A28292D28F10E1D4D672ADA
:103A3000DAEC0CEEECEF88D17FCCC456DF83651B4B
:103A4000D32DC81008DE2FFB02C45F0EF93BD22F26
:103A5000AB1908BBF1DD3D2088C5BB3141CC75BE3B
:103A60001304E5ECD2B806E00116FF380F6D4F9C49
:103A7000247FF2DEFF050E05E8CAE545D581C4AC1A
:103A800016F018C3F3ECAC04E9F5A2C4DDC9163294
:103A9000F2A0FE06413A751832F2D2F714FEEEE7B4
:103AA000CA1C10E815BACFE151E60A410B4800F4F0
:103AB000BFB7ECFA3F0415130AC86642B2CFB90D7E
:103AC0001BD920CBEEF9F9D3F028021B0DD9062E15
:103AD000EA2BF614401713CDD3CE0207FE94CAE5A5
:103AE00052CCDAD417270CEBE9FF3B1826FBECF598
:103AF000C6DFDD3BE5FBC800E02B7F5707192ADF57
:103B0000D82631FECB281A0629B05601E9D3DA0EA1
:103B1000FB1EBC1C43ACFCC9DCFE2EE8FDEB1BE726
:103B200036A612E4280F1A2D1F553344DA7F14D617
:103B3000E00B0CF1CFC99FC6CE05DA2F1F3EDCEF9C
:103B400008F70FD2DFC0F539CDFE5D244D41720A72
:103B5000F61DBD5C081EE4F61638C60D0D3BC2C14D
:103B6000E862EBE41E5F7681CD1D2E17C9DEF654A8
:103B7000FF23200FD81507E6AD22C3E5D8E5DFD037
:103B8000B9EF203A0BD1F935E6F7E9B2311FE43E3F
:103B90001DFE0BE07F02FFD71EB8EDE504B9F14929
:103BA00048F3F7DBDC16B9112BC4FDF0EC5DEA0637
:103BB000E1072714E23FF9DE1310F6C612DB491EB7
:103BC000EA2749232840D004200B6422F8A6EEED12
:103BD0000815D930D5B5D42081F5F349361B2A0F05
:103BE00026D3FAD2C6D64943ECF62E2EEE37EEC5D2
:103BF000D76E3618CA11C219BF0AC8F8BD45281EAB
:103C0000FEEB0FFF4CCF8D5AF37F4A07560B112363
:103C1000F9DC17D9DC59C609E4EB4C223DF4EEDBA4
:103C200007EDC94F36E1F613B4FAFF20D53803E9A2
:103C3000C881C4DFD11DD5C5F7AE003D9ADF52D88B
:103C4000BEDFD8FBEA0635DCCC01C010CBC5D622DE
:103C5000D256F10814FEC6A9E934E825E88122FD10
:103C600078E3F996F629ECE6D80547FC3D29190AD0
:103C7000BAF12BF4AC14AA14DE60F845E52210F07A
:103C80000D04BA5036F7E681F4E6E0164EC1322351
:103C90003F0008FCD5E93754D135C810471E070B43
:103CA000DE321F4328F90617CF1521310F39E8B34B
:103CB000EEE128BCD83909FAD91CB1489F47CFE8B2
:103CC000A1D804209CEF0B21B2E163BDE1C7570BE3
:103CD000C5DB0B0C29D125A38906415A14E9BB0089
:103CE0007FD286DBADE1012A9FB61FFDED6D51BB92
:103CF000EEC00FAFAE1FBCCF3624B958F1E34E3142
:103D0000183EFDBA4B96DC000AF626EB3BBEA72612
:103D10000530D525001D1E1E1937D57C20E223ED68
:103D2000014EECD07FD2043B16124909F8F3E82883
:103D3000E72CF2E716FA16AD11A3F5EE277D4BDD61
:103D4000EE30F5521632E2DE053059E460344DFCB7
:103D50005EDAF544D0E1D023F6E446E74F13B9DC50
:103D600013FF9B3C5BF02A251D1D094ACA30CE2952
:103D7000CD81F2DDDFAE272438F0F12EC8A9EEF0B8
:103D8000BF403BF8FE041A27D6463C6DF5230102DE
:103D90007F4BBB18FC580DF422E1001F020BEF29EA
:103DA000FFBCFD5604DA2EE3FEF915C31D1C25E009
:103DB0000A3CB31100E5041116D30E1384CA2CDAA1
:103DC0003F5932F0ABFA6D56DF3FECF034FE5B4109
:103DD0003D27D0F46D4A36FDF4FE234E03122A88A7
:103DE000033DDC5692D4AA0F241604BC81F734ECB0
:103DF000CD14DB00AA262DFC1DF87C30C9F53AB99C
:103E0000397F6A9EC9BD02CBF9DED92C5FD9334117
:103E1000E031EBE62E9C0ED31125B0F1CAD2AD34C1
:103E20002EF4292303A2DEE3C7ED47D4162AD335A7
:103E300005E537CBFF299D4A1BEB253FEBD739C85A
:103E4000F23315A41581CFF9F4EFBDE9F22F372332
:103E500023610B751CD61FDA03F50C2B09FA3EE81B
:103E600026002AE95A0C1A22D842FC2831DDDC60EF
:103E7000BFE1E001F60D210DC821F2E4D6F21D21CB
:103E8000D75546AAECEA14FF8A458699E2FDDA2B5B
:103E9000DE05990F3E15CA0A1BE9205724A3ABD4AF
:103EA000294520C92AF3E215F29618FC3C23FDFFB0
:103EB00081F008ECDB130D14CF1E210B0D1E0DBD80
:103EC000DEE9F5FBF181FC0AEFEBEAFC123A0A5855
:103ED000F4E9EB4B77CD1E14AE3F0CEA17D4C6FFC6
:103EE000D04EE4DA20FA4F489AF64C27E8D91DC3A1
:103EF000A109F1A18B09A212CB212747813310F12F
:103F0000DB04213D12129BC857BB132934413507EE
:103F1000440031012C0D08102630BD06C32F74D982
:103F2000FA9AB41AB198FAD539BD99DA370D7517DE
:103F3000C1407903B1292A3934EBE4511E218112A1
:103F4000D22733ABFCE330CB2DE22BD31918D33877
:103F50003CEB9A4C27BE4AC6233B4D16F43407135C
:103F6000E016E30FBCF7DB1F17A10759E54A3B2713
:103F7000F9FC0AE5DFC4861F1822EAE44E9701EA3D
:103F8000457F524595DC3D1CA92C15E3D6062E44F1
:103F9000CDFC212E06B043A7DD0001D1DDB4C4075E
:103FA0001ED6041CAD63D45D26ABABF02D219C0B5B
:103FB000B9F4D9FDCA34FCB5C64D2397B2E05633E7
:103FC0006FF6FF0A2D20EC48235344C4FFB61F248C
:103FD000313FBBD23EE1F75FF3B10EB9BBA7F42886
:103FE000608CECF575ECC7F43BA22EBA8F7FF378AA
:103FF000E6CEACDCD1F0F32F48B89CDBDAFA03A0B4
:1040000095471C3DC4285B11DCA3FC1C2BEADEDBBE
:10401000A6EA3AD763C0281BE04613F6E9240DCC84
:10402000EFC360D281A928FA2836CDE31A2E0938C9
:104030008ED688D8F8ED6AC71C153A20DCFBCFE590
:1040400003E7D6EB32AF008EE1EBF2ADFEABE81347
:104050007564B6DD7FE4D50C4BE7330F53EC1026C7
:10406000530AFC1C1523D9F2171ED1D93ADBEC43B5
:10407000B40ED706A808EAC331CDE912C6244B1006
:1040800002E831D6F319BAD409077FEB4CE40FEB01
:10409000C30EED38D64AD606BACCF23427160442FF
:1040A00077023BF0430D1539AA990915C711D60BB4
:1040B000F1E7C8A201FD21EC18A9DEECEED42FCF68
:1040C00011010BBBC7EBCAD5C2EA44C7B909BB0C87
:1040D000EF10F033F0D326190BDD103A01E81C0F76
:1040E0000D81BFBC08F133E83DDB6705FA30D40130
:1040F000CAD3CB4FFF29281CACE4610DF001337FFC
:10410000E1DAE42A031BD739D6342FF6B221E55D74
:1041100001370B60EE30F255FD1528135E40B92EC5
:10412000FE23EAEBF0C91F270C0EFCEFBFFE083A96
:104130000902F421FC27FF51F4CDB2180DF81EBB83
:10414000A435212A1BCD0A28392E510737ED252207
:104150001E16C0251C97DA26E6FB05F8F5E1EBFBF9
:104160003F09C10C00EF4911E006033BDFEB1324CC
:10417000171A00E48138D6FFF7F3052AD918DF1C97
:10418000F2F30FC423F5171011B8F533FB59EFF311
:10419000287F04E12BDA1A2A05FB08FE07491826B6
:1041A00032ECA92C22F81F075A3707DDA5C71421C6
:1041B000D2D7110ADD1B423706ADDCFCC436502ACB
:1041C000011402FE161DFCFA13F481C6E7FEF23656
:1041D0001009E3F755EDFEFDC8F0ABD7223ACB103E
:1041E0004FEED323F034E5EE1EADB00B3F650EEF7E
:1041F000D4121FD8C5A61FACB602A9CDFA0819F370
:104200000623C822E4E0EBB5FA246C0C06CE644227
:10421000BCDC1C251FC61A31D17F2B5121F8F1F8C7
:104220001CE810CEE0A73EF8C2002840334A41AB5C
:104230003C581C2DCF15FD38A9D0D8FFE81B0DD94F
:104240002134ECFFD0F60603E1DA2BFE541ADA49EA
:104250002B2316E6D6F1E4BEEDFEC1F646B1FF7F94
:10426000E3AFC81B2F4D32D319235A3321E2ED2D72
:10427000E0D603DC2257D0F2F30B3407BCEEE4A403
:10428000EAE5EC43CE124B0EAEEC302FA302C4BED7
:104290002040E7BCB71B2719CAF1FAAFD8EFFB21C2
:1042A00014F4276C4354B74B490758C7F72520240B
:1042B00005E9C9A21855C47F0BBC38BB04DFD8F28E
:1042C000383DEEE9EEB15130EFC8C2DD0511B7F867
:1042D0000219CADEF7E352E22903FDF604E7FA65A4
:1042E0000B260C0F7C371702F6D452EF0922091F58
:1042F00012D5EC32F8DDF2323B7F1AFAD70CAD81E1
:104300001EC42BFDF965F05FC6CE09FB1BFC24E73C
:10431000C53FE72921434602EAD34739D128090698
:104320003247F4DFDC32D660E4E2045606FA2CF3BE
:1043300009FAFC3C195349E7889BFA2AEC17F50562
:10434000CC0DD6DEA5ED1DFC01F8CA1AFDFCADF8BA
:10435000F77AB1497FDA4831300CD63D3D3EF3DA89
:1043600052C9C03E38F724833EA5F7F1E7DC1A278F
:104370000E02BF312429D500CAAF8BED2BD0850F9B
:10438000FAB3F4A95ACE9C15F855439911163A2E52
:10439000E71FA3F85324DDE3FBFAA43CEB132381CE
:1043A000F148CBA1CD31D0DAEEF0CC13FA4300E4E2
:1043B000A0D5C38A11303331BF1D182BEA03D2A513
:1043C000472CC33EB1F2DD2317134CDB5FF04615DB
:1043D00049E4C4CF323FE2EBF3812648E3C6D2087A
:1043E00024F15F07C547EFB3E645FC0885CE16F319
:1043F000F86038C0C1F63827E1AFE300CB1707BB40
:10440000125158350BED261F819A25003AEE48E8E7
:1044100007D74033E5F44BD12C898B4333DA02C301
:1044200058FDEA221C507BA933142F4B2607462F38
:10443000FDB400E9F94AE4F3D8D238F8AE0AC5C9A8
:10444000230C04AF17BF281E4662F10C0C425E60BD
:104450001034F2FE4634F044811C4F2160EC0A34E3
:10446000F052381A020911F6B8E342D30C9B7DDBF7
:10447000F4B0DE00E91F9F1E34B81AE1E0ECB79FEC
:104480002AE1301DFB0BEC0C8CF83CDF373004BB11
:1044900031FDF83332C346A83E8FE8DCC0FB170A73
:1044A000F71C0BEEF7C27CCDEE2855591B0C507F44
:1044B00002ED58209824D309F5C817790EEDF8EAD3
:1044C000F2E8EE1745EAEBF604EF25DC1EC9E3FE41
:1044D0007F1BAD2A70FB3BF1E904DB1C480EBDC815
:1044E000050909D412F613D51C2FF1BC2714082690
:1044F0009ECFF52C0FFE0504CAE2B7DAB996206FFD
:10450000184D22FDBC1659EDD3D14182A51908EEF4
:1045100039F0D338D81C1DC1E434261EC9BACDF4F5
:10452000206B42203DFFC07F21AFFC2348035A2F60
:1045300054EC4DC3D9D8C4BC40262FB8B72460FD75
:10454000BD410D2B2AB858CF561C2CF47AC7FE1843
:104550002E4AC5254297E13CCC4913232341F2F86A
:104560003DD336BED5E27F209446F1DA311B27EFEA
:1045700026DDE5CBA5CEC8EB0FBCA936DED3E6021F
:104580008116392C03D5BCE9ABE5CD07FB34FDA082
:104590000CF9E11F1B1C04B016F4EF2FFB03284598
:1045A00002B8BC0105BE11023517E4323804D42A22
:1045B0009E13C606175C3FE1C4100BCF26A698F0E9
:1045C000E10D1A8862850003C1330A2E81F3B73DDD
:1045D00020B628F92AF815FE77D2D7617FDB23BFF2
:1045E000609A2DB365BA00351C7DF4E97D59C6D9B2
:1045F000D9358ED456DB962F451CD7E6EB2EEA2212
:104600000FE8BC220AFBD8ACD3F8E2F235122CF149
:104610000CC00420E2DE2AFBE00622D42A4250F934
:1046200024B81B4109812BC3EC1B6634F32BF0D952
:10463000060FCFFF9C031D4B03CBA7230701E88187
:10464000E7F4FD0008F3E7EAE5C9D303031FDBF64F
:1046500010E4AA0F13DE4F48FD101A17DCAD154405
:10466000F7D9EB2A11EC170904FA443D1D0425DDA6
:10467000FCB3F61205082F02E1D0F210C6E6D9EA23
:1046800029D71FFDA5B41BE9B4E426E40DFB2A0CD1
:10469000CC23CFFC18D0451781C70CA8F1112122DB
:1046A00020F9F133260501E2EA0C222E9D4065E255
:1046B000CBD5F530853C021611E6310DE61663CDFB
:1046C000EAC609C2F30EE0DDB2F1D5C55911DCEE40
:1046D000EB2ED1FF3B3DA69CDE0DC205130A08B4AC
:1046E00034390E9A2BDDE5DA23DB62BF9B5C7F0752
:1046F000FAD9F12C034560C1F79BD11023102DACE2
:10470000CD4E985938F8D20CF404F24E36051E2AD4
:10471000493B37DE2FD2DAA64901207F31D6F63168
:10472000FCDBF73B342B1DADFA624012424D0C17F7
:1047300085ED02A22A189F07F20CEE5EEAB57E62B2
:10474000E62FEE3BFF0AD72FFB1518E234DDFF40C2
:104750001B7F1DFDEE0540481DB4C93C1EF92C1BF6
:1047600021C7D5450739403D4FEC1F25ECC005FD5D
:10477000040F21491AFC1606270516FDF8FB3AA27C
:10478000EBCBCA3C1996B4BD84D9B5FB32F5F9D64A
:1047900050274EF9EED0CDD3A33F7F2DFDC029B0D9
:1047A00024DA9F66E92C0ADE0B1E2BEFC32258DAAF
:1047B000BBFC2B11CF38EB71B7D83E3BED50D43456
:1047C000C5F135FED8D488592ADF5412E82CFCD420
:1047D0003C1AFB96D84B0C4F3F12D522F407F340FE
:1047E000CD2E5F07DB7F21AB3B330710F7FA072A9B
:1047F00094EBD174075CFCE681DD37ECA00E04027B
:10480000FA6B412A1CF40EE3B701EBD86D0954177B
:1048100003C4DC2F282BEBD11AF1DF01E6D80F49B6
:104820000A05D0FBFF277FBD10440412441A2A0951
:10483000F3FA10D3E40C2AAC241D4C088E554AEB35
:104840000EF9E02ECF2C21E7B922F525C8810CF313
:10485000DC2D52F0EDFB215F3AADD63EECE965C3AD
:10486000E8CB4700CAFF020ABCC1BEE6DB11D13962
:10487000FA10D501FA1BDC3718A6E8F3C0FA0701D5
:10488000E5D4ECFC2C4919FFF8CCD9A929092B3621
:104890000EBC2847CF16BCB39CB3A41C0B81F1E21D
:1048A000040F274B21DBC0520F10E1202C09E03808
:1048B0000BC40F15D1432272098FE10A03E3F4B64A
:1048C00028EE2C19CEEDCE24EF251610EC13266021
:1048D000FBE7D20C130035E0B60CB9FFDF290A2440
:1048E0006BB1CF29304717B6FECE3B04C501070C8C
:1048F000F1E5F3252241F77FB2AB17358AB6FFFF0A
:104900000400000000020000E5FCFFFF99F9FFFF32
:1049100029FEFFFFCBFFFFFFB2F6FFFFC6FFFFFF41
:104920005C00000069010000E0FAFFFFD2FDFFFF1C
:1049300005030000CDFDFFFFA6FEFFFF8D01000077
:10494000C1FBFFFF02FFFFFFD5FAFFFF1D010000C3
:1049500017FFFFFFC1FDFFFF7FFFFFFF05FCFFFF0C
:1049600045FDFFFFCDFDFFFF9FFDFFFF9CF7FFFF14
:104970001DFDFFFFA90100008601000055FEFFFF9D
:104980006600000063FFFFFF2C000000D3FCFFFF68
:1049900093FBFFFFEB000000E1F7FFFFF3FFFFFFDA
:1049A0008CFAFFFF0B0000003BFEFFFFEDFDFFFF59
:1049B000BAFDFFFF51F6FFFF7CFFFFFF8FF9FFFFFE
:1049C0008EFAFFFFB0FFFFFF45FFFFFF03FEFFFF73
:1049D000F0FDFFFF47FEFFFF67F7FFFFDDFDFFFF75
:1049E00009FBFFFF2AFEFFFF92FFFFFFD9FBFFFF3E
:1049F000CCFFFFFF5CFCFFFF87000000FBFCFFFF1C
:104A0000260100003DF7FFFF9EFDFFFF9DFBFFFF1E
:104A100095020000D8FDFFFF4FFDFFFFA5FCFFFF43
:104A2000F6FAFFFF41FEFFFFD8FCFFFFC3FCFFFFCC
:104A30000FFCFFFF5B0100000203000098FCFFFF7A
:104A40006801000050FFFFFF67F9FFFF3D00000015
:104A50004BFDFFFFD4FEFFFF3CFBFFFF5AFEFFFFB5
:104A600024FFFFFFCBFBFFFF8CFDFFFF8AFFFFFF53
:104A7000E3FEFFFFC1040000E6F6FFFF8C0000002C
:104A800009FEFFFFEEFBFFFF79FEFFFFE1FEFFFFE8
:104A90005BFBFFFF1DFDFFFF3FFBFFFF1DFDFFFF5A
:104AA0001BFCFFFF23FFFFFFA2FDFFFFC4FDFFFF75
:104AB00039F7FFFFC2F9FFFF4EFAFFFF1BFCFFFFB4
:104AC00057FCFFFF220200005C00000026FEFFFFF3
:104AD000D1FEFFFF09F1FFFF19FEFFFF10FFFFFFEF
:104AE0002A050000A0FFFFFFD8F7FFFFF5FCFFFF3E
:104AF00058F9FFFF8AF6FFFF7FFBFFFFE50000008C
:104B000028FDFFFF5600000096B8FFFF04000000DC
:104B100080000000F37FCBB0FCB1E398E4B49F1AAF
:104B2000AEA9DCA614A0CFDDB4C8D6C0E8F6CA9FF3
:104B30009DC70FEEE7C418B7CA21E9B7DE2FA4FC62
:104B4000C9AFEDBBA3F70BA1BBBFEB36D1D7A9090A
:104B5000DB0CB113BBF4BFE0D8D3C92A06B2EFB562
:104B6000AF4AA01EF599F8E70D41E8D8B3BAA2C53F
:104B7000CB1AD801A213DEC7C4F1BBDFD917D8EB1B
:104B8000EBE4F4A9BAD3D0D0ADCFF6BEF9DDF2AEE6
:104B900013A1C0F422B9FFFF040000008000000050
:104BA0003664399D55E60BA346039B542C0017072A
:104BB0003F1011400C183F1B064918D4210E2C2120
:104BC000F02068074B3A45F42A37136123FD4E085D
:104BD000F7402E2334145C3D2435E13B174C024A48
:104BE0001160F82A4629235F570646BCAC63801F34
:104BF0003ACB2F20554D3F4016FE1B0C4F40284D01
:104C00001E4D352F1B251723313C544223302422BF
:104C1000C02E165BC24DDE255836322725FDF32403
:104C2000AEB9FFFF04000000004000003007BC47A1
:104C30000BDAF60CAF04FABC06C3D9C1AD55FA0BBA
:104C40001E4BD41E11952C9DCBB4072C03CF39F8E5
:104C5000E9F28E8B110524011AAC18F922DD361DFC
:104C6000EBE21F0DB00CFBBB2C2AB89065EC1BFFD0
:104C7000ECE02A85EA0AE9EC3BCEEE07DE3D810155
:104C8000122D1520BD0F2026EA0E1034C8629B4F4E
:104C9000EAB415D3EFCCC22513DE62041658F0BA7D
:104CA000B0CB0718DA01D5380FEA0BCA00893932C0
:104CB000A0CDB3C1ACF6D9EB1D041CDE87DB17CB4E
:104CC0000A1E16FDFD8311E28DFA9424F918DFDC2B
:104CD000062515B081D3C8B9B7F7F1F2012121F942
:104CE000CCCA30542CBDD1060D1BD2910662AA1934
:104CF000C0E836AD1BE8D8FC78E248364127A4D39B
:104D00000D264A5DCBACE83EE24968C7207938A160
:104D1000D692E2BE2DFC0705691639C7DAFE24AB30
:104D200099E0040206B5BA20252FFFA90ECB253243
:104D30003509D9E71E290E3B34F6B5FAF8B8201527
:104D4000B0B1080018D94101C414B61103F28AAEFB
:104D5000CFF9B7CCA3550BF6A253E2E915D3021B4A
:104D600021B1C60F1DBB0A301912B711111ABFE0CD
:104D7000234249814EE4104117E40F293B0006F914
:104D80000B39EAEFC7E3B2F3D6EEE7FDD9BB1DAAB4
:104D90001719E2E5430EFFC216400BEDD4F8F02FD1
:104DA000DAD5D9362B12E3F6A509FE2523CB17C396
:104DB000CF028129F7D702FAEC17F129EAFF141282
:104DC0005129E114AFF04233F60B25B13004FECC8B
:104DD000D338EB1EC0D8E8CAF2EE1917DE1DF40F67
:104DE0001AF7443811231F762BD9030F1E02E6242D
:104DF000213C34CA11231F22FF04D88C94E9039369
:104E00000A0813E1EAED16E118F6D59B3392462124
:104E1000C80C002F0A420CE63AC200D01CF2CA139A
:104E20002635A69BB1F2B7DCE50A2ED8FEE6A50929
:104E300060DA0CAF39E7D41E2E148A3B5C051801EA
:104E40003BD458A82CF7DAC9D9EAF21738F0811AFE
:104E5000DDDBECB50D31E71C2D455840DDDFFCED09
:104E600042F6E9DCA435E52034EB4C14B0E6FFA7AC
:104E7000C472D2BAEE0A9B101351154E670875EA38
:104E8000D0F5E0EC23B4B2AC27298DDFE206FC15A7
:104E9000340FFBE3C60AF2C82A47C0F8A83EE83E32
:104EA000F7D205EE150D47E313DC96CFB8040CEAF4
:104EB0000B02F3B57AB92BE0BAB7C12DE30CF15070
:104EC00004D644BFFBE6E7E8FB13A122D01794C742
:104ED000F681DECFA25D13E30B85A19D3E2CE0029F
:104EE000232600DD46CFE4B02CB8F0FB02D598BCF9
:104EF000F2E7ED033CF4D11BD33C21D3FA0CE00FD5
:104F00001B0DBD2A39AD1ECB2ADE2511283EB35616
:104F1000441DFFE2E320A1DA150FDECC1210FBBB2B
:104F200013D10D415D255FBC28D1DD272204A33DAF
:104F3000F307E305EC1C3BE7E510520E00EAC7B4AB
:104F4000DDD23BFB7FEB40CDD7C00031F5FFEF0555
:104F50004DF813B5035107E82BC4CD0D06AD4CEE4B
:104F600039FDE3BA233123FD0F39C3EBCA3545229E
:104F7000D948F63C4102D7A81E3B4A6B36E0F614EE
:104F8000A9EB5416D3BEDC0AA1F8AC27D8D9123C41
:104F9000021318149FF0DBD0D67B4C10E7D24F3BA6
:104FA000DB16C222212534FD21FCA3EC32DF090AE5
:104FB000C2DEF0ED3C24AEB9EB07FCC30FB8EC0247
:104FC000C3D62D03F2031D14BD09C907FC1281FFCE
:104FD0000DCEAE0F163FC3ACAACBF4A6360DEE0035
:104FE000C10EB6394AFEEFEF1A0ABC15E44205AD10
:104FF000170E2BD4212ACD2C28D637F365E80CE1E7
:10500000F00C19F3FFC8D010F1C829F1E91409C94F
:10501000D8BAB9F0FDFB2BC11A113C05C8FAF31739
:10502000FB2C1D34FCF21227F0B322F8FECE1BDB62
:1050300027D29A3509E21820EAD139CF363E31C657
:10504000B24BFF23CC240435D0C8F0FEC5C7E7819E
:1050500013ECFE22D23E00E0101550361614936475
:10506000E2BF33511F27A4065DFB00A22FCBF29EA7
:1050700016B748E1E50753D5220201BFC79909C415
:105080002F0FBCC402D4F14C2B03FEC005B02E4937
:105090008D5FEAD75506000AFAA359DD0BB3E2305B
:1050A0000C32EDC9B13FEA4B6DAA34F5605EE6B74C
:1050B000C6C1F01246401C02F9CEFE0F5A2096F5EA
:1050C000351526E0E9FFA42B3B3235103DD01851B1
:1050D0001E5CDCE1F133EF1DC4E720DDF403DC01ED
:1050E0002102E9E81ECFCFAADDABDB47C9F99FEA71
:1050F0001C3F13FAEBDAF8153F1B153DF6F9F36F79
:105100001735FBD538C7D48159463BF434DBC80585
:1051100030DB312DF21E4238E2ABF417242A091796
:1051200017BA1B0317B95D41CCF4EFD90001DACEF1
:105130004DF2DD223C684719282CA24741E744FD87
:105140003FCB45F6DEEC4C30212FE9D22AEABFE80E
:10515000FE36DB09D1491E41DD1A0215300FEB2F57
:1051600031DFE949160143EEEDB5EF0EABF8C5EFBF
:10517000D7170208122BE24A00224A45113E35EBAE
:10518000112116CF21C3D3C922E20AEFDF91EFF23A
:10519000E549331AD8D221A7E8D3C2CFCFF39F4134
:1051A0000CCA05C7DE1158F4812AE0E05ED8AE2DA6
:1051B00002ECD0252B08D1F728F7BABCCBC0D140E0
:1051C000D9F5BED201ECF6F4F9B1B3E1AB1EC4FCE3
:1051D0002B8118390862CFF4DD221B87C15123AE21
:1051E000D2ED1BF847C09CB0FEFC05FE2036E4CD96
:1051F00058D0C2FBC4F81610EA07EF13621AEED9B2
:10520000D515BE030FF22DC6532B16C89F2A07E7EC
:10521000EDB81A332C181641F92B8AF8C5C900D7F6
:10522000DE04FB05DC112C1BF313105D951AEC2634
:1052300017E7E6D801B4029BF3326DE921CEF7B14E
:10524000BF14E4006625F6D200E2FF66FA34D10A04
:1052500029B81A01400B0B071A0CBA4018E73C2872
:10526000E50E1CC0334B24D10616EBAF43E05607C6
:10527000E9F90EE9F4CF10D80C10FF52F9D9190A48
:10528000AB81CDF7072AE629FCA2F54D061F16DDF6
:10529000DD5B08182016C2E6FC2116E11FEF50174F
:1052A000E90DFBE823368FF61EC50421E4EB140953
:1052B000C117B13B0FFFFF08370D0C49C0E1EC45AA
:1052C00015F51C17B7F546353B13CAF3180CAE9B02
:1052D000BB69F1EAB50A0FD50F022D1B0215BEDB23
:1052E000DA092A2C3CF3E21AA4DE1BD111FDECFBF7
:1052F000EEDBFB1D07DC283AF40608FCB60A40DFAB
:105300002CF8D91E09E0DC47DFA5F40A0CCE2B08E7
:10531000F037162827EAE807A3D621A6A9E3B7F3B2
:10532000F00CF20C8100D312F0DAFB151AFEF581B5
:10533000BFF0D6A8F90A0FA6EDD0E8AB05F43B12F2
:10534000EED3E0ED14EAEC02C02516EF10280E03B0
:10535000FAF0FF2633CBF211003EEFDC1BAD0FDA83
:1053600024A1E3533C1BB3E808B1DE3F15DF15E68B
:105370000A05402D05331421AAB0D09BBB14F82197
:10538000DEF8A610EA67C41CF601DA10B4E6F610DF
:10539000BF015BF407EF431273D4103474F6B6D731
:1053A000D9D4D9ECF1A3FAE678B73205DDD6C92C09
:1053B000F6EDC8E7D2CA1534E356302181E037C490
:1053C0001562F9E70F0CCA0F0A0422E5DA22392F19
:1053D000DAF2350DD2E726DCFF64DD14E828FACDD9
:1053E000299FBE0F8CBAEC120BFD0CE629DD154887
:1053F000C2F4C9E0F703EBF529C0E502D13E25F977
:105400006FF3FEF68C31382AD2393196AA29F32867
:10541000F38B31E51C370BEB06F5C81B0C08228E0D
:10542000D7E7013902E0AE1414FE35E0653806EC2A
:10543000CAFC3509D332FB16042202D2171CD83914
:10544000E6D5C8D417D00FDE091C0D09382031EF7E
:105450003429F635FDE9D0F8100DFABAF8CEF6ED9C
:10546000273BC4F10E81EBB212D0FD06060AA50B54
:1054700003281F29F2144A260EF81B06DCDDE20F72
:1054800004200CAFD82019CF1D2F1BCBFC09DEF256
:1054900014DDE92020001E0AEEBDE804FDFAC02A52
:1054A00000C7DBEFF3CD1A10291CDDBBDD31FEF8A0
:1054B00039E611361E41221700EE812B2BF2EED871
:1054C00039A52CF8F8F63AF5002415FC22D9EAF1B2
:1054D00011330BBAB02FED1DF1301B18401F232ED6
:1054E000F5FD135DDE1142030DCD34479F03DA064F
:1054F000E1141BD717D41A55101507E61A02EB084A
:10550000F70CE6CDF9B2D4FFFE12E0F6FFD0B9ED0C
:10551000F0400045FA0F1FDDF5E0E3FBF0AEDC29BB
:1055200005FEDDF8EAFB284188EC17F51A21E9B001
:10553000D7B6E2261695AD17C2C600D24C3203DDAF
:10554000FC49B8EFAF2A10E8E20B01033D0DDCE89F
:10555000EA08C642E7F2F040EA04CDB2154AA9F4DF
:105560003BFCFA14F54121363A9516DD36C150352B
:105570001A5077E6FA3EFA570D88ABB49BAB43530B
:10558000F10FAC89D714E71928D7D90F1C90B7456C
:105590000B4CEE57FB35E4237FA625DAF5C7F70D54
:1055A000C8D915A8D94BDB2550EA0AFC3044CC50A9
:1055B00015102B143E43FC331039FA4027DFDC551D
:1055C000F4AC58D7DDC8DA3DDEFC382902D50B151E
:1055D000053C3E32BB1C01C80E07F50CE11CF5F67C
:1055E000FF4B312B47C816DC8FC3F0E0F20CC84AE2
:1055F000D43203593EE444342C7F4614EEE2A4072F
:105600000F2035A0FCAC49C4E127EB01039001C198
:105610000BFD2C40F0E8DC08A5F6D107190BAF21F3
:105620003ADDBEEDB1302CB91B23E1B717FEDCAD7E
:10563000C7D2FFD7FCE608D1F0D720EC3DE24F37C8
:10564000272DFC19C1311F2506EB07C64FE09FD35C
:10565000122FA1F3F514C9E1D847D8CA0CD3C3035C
:10566000F4BB39E7131FE52E2A81F21D400437ED04
:10567000CCED2ADECD28D6FBB4DBD0ADF9EE1C177D
:10568000EBE9EFA8CC4328C84DB8EFF4F5AC3BFEEE
:10569000E2360E22040F00D330E6480F41ACDAD9CF
:1056A000F62F04D805D20E3559F9F5ECF3370ED79D
:1056B00032260A18F430F745DA19AE3E23E426CF35
:1056C00038B92DCC21E61B2A26FEEC04F9C8CEF908
:1056D000B2CD2B81280B042ECB140F1E26165B0C8B
:1056E00005CB23DF00FA2D2E051C30290DD70D41E7
:1056F000B80DF5C045CF923D055607021A315EA19F
:1057000027FA1D0202099EF50A163312E3E3F0EEB2
:1057100033FCDDD8E32EE1CFB7E1E9F3B84DB5FDB9
:10572000DBCE192B323432D1DBD60DCABEB92DE611
:105730003BDADE281940DA9DFDD7D8E3E017EEE921
:1057400026EB4FF7353A0504C724E3DFC3E7D8E972
:10575000DDC1B6FF01F009D208D3C581EE2FABE75A
:1057600035C9E12A35F7BCE416E0B5BAB4EBF8D593
:10577000311BFA080ECDF608F8E3091EF421F428CF
:10578000E223B2C9BE161EE224C4191204F5E9DAF6
:105790000D2EF2EC2186F9F0034953DD0906F316CC
:1057A0002910EAE706533BF5E021E30B47EB106EC7
:1057B0002830B3D4F2FB16FEE7DB84C9F5E4F81811
:1057C0000FF705EA2813CBC80CECAD0305BEF84073
:1057D000202B81E6D2540322ABD9289D3D15CE1053
:1057E0001CFE0B1971CEC1D7B256E6B2F11D0B23C8
:1057F000E8C9033E9C093FE4EB2B4B191A42B70F53
:105800000CEB3CEAA5B1FF46ABEB3234E52BCD26E1
:10581000B8ED07FF4BD9393BDFF855E90C13F01011
:10582000F601F5FFE8C4F14ECA181605FE1FBCECE0
:1058300017D835104DF1080DEFF2D93008EFE0EF31
:10584000D8102FE4C427BFAAFAF8C0D01AF3FDD6A7
:1058500061C2EAD7FB3DFE6FE81AD043C71F4A3842
:10586000FFDEACEF06E7DAD2E3DF233D0500A62F2B
:10587000E2292A322DF322F4FF1D2930453D2B2247
:105880002110BFB506C4C5F3033AE356FEF11B4031
:10589000170E722581E54ABCFA5B11CBFCF7F516B1
:1058A000F62DEABD55E23C28E00101E41DFE251479
:1058B000FDC4CF15E20FF5BCB2D536EA231ED5EFF5
:1058C000B2F30F1A372901E210F6E6E9162DC330BC
:1058D00013F1F0E3320F13451BF400FEC4D630D2AF
:1058E000043CC9DD304AFC1BEABE400BFED924CE85
:1058F000DD2234FC0CE5EE10D5CC18231EE5152A6C
:10590000C1B5FCF401162FFF01D8E47FAA1BF71ADA
:105910000E44C5D8E4D2FEE5401A14D33119560915
:105920001BF1F1F4EB4AEF09FDF4B81820BB0F6747
:105930000939EC2A22CD2106E81025F615032A2381
:10594000DC08D00E04D20EF2CE29C80CC6F5DACA95
:10595000BF942B38DFDD2DCFFE0406070AD82719A8
:1059600002F216121AAD1A01AEED15BBFA2C135045
:10597000BEF6A1E136D609F4266805D6D7E1B8E22D
:105980001AC24315209722FFBCE4ECED2A074E15FE
:105990003FCA3F094436E2D9E7EDD1EBEB2610AD23
:1059A00050418104F4E4E9B90E362202ECAECDCBCD
:1059B000202DFBB5061EECBEF01FDFEC242835C100
:1059C0002506F9C72D2DD4D3E8EBF727E60F261EC1
:1059D000B6E6FC8B23FC022507D8B039470359EE05
:1059E000191DF3DCD1FA5F231E1CE91037CE2548C0
:1059F000DC32E8F9284981B621F92455DD4F1D191B
:105A0000340AE11EEDF1B61B28EEE6FF020D14BBD1
:105A100040A8CCA3CB01F2A10C133632F053DE0523
:105A20004201083D6DF3FFEFF1E72AFF13EB20D6AB
:105A30002C2AD919471D08071A0BA22AFDEBFED400
:105A400026D226B30E28E3FFE5D90DEAE6D1EC27EE
:105A5000E61B98CBEF4E3D04D5ECC0E81217DCEB0B
:105A600033B5171613072591B9D4E210DC18BEF22E
:105A7000E4102F3C0809B2200D16193C55FB0D17F8
:105A80002D26E0F32FE4C8023039FCF8B5F8B2E275
:105A9000DD250035B7EB29D849EC21D0FDE5FC1612
:105AA00030E027D90C094E2281F0EE3A760306F653
:105AB0000156393815EA04DDECC012C9569AFC0DBE
:105AC000C6D621278BFD19C6C120FADA3DC5DEB343
:105AD0003B2DCFD3D80C1707BD415506EDF61E63FD
:105AE0004E000F120CEEF259D7E5F800F997E115C8
:105AF000DC351926D60C1D03E228474CF4F54ED4AC
:105B0000E41A01CC08100D0DDF071A16BEA4BEDE84
:105B1000DD290047EDE8F1A80C358107239BD06112
:105B2000EC149FA20BCA163326F832D1F6FAF8F11C
:105B3000050427C830EA0DFB04D3C8F2D2E107FD03
:105B40003FF0FD9CD3F217E3FFF6F81BB6A9E8057A
:105B5000F0FCFF142911A6A7E5C7D2A3035821EF33
:105B60000EE31349DCC4D51309EA09D046F6E12651
:105B7000C2C6CE0B30E408C8D203020B02D9B00A69
:105B8000033BE94BFAECB227AB2217B3CD5701FC2C
:105B90000B0BEBF8D1E331DE10F5453D09211B2E4F
:105BA0008109FC461BFC10EA17D3B7D3AEE2D8211B
:105BB0002F3B0C54602D0234F4DB10FF5F102DC816
:105BC00022BC62CDEBBC27DDD12F06912BE2BDB606
:105BD00003DC0BC019D3253409DABB6331F6755FDA
:105BE000C1F30C3AB3D32C7033072559DFCC3839C5
:105BF000EB3BD61C33D3113DB97F2A0F040859C0A3
:105C000059183F224FA8BEC100960BE93824EEDB9D
:105C1000CE194916D127B4C6BCF6963CD3D3C9BB1E
:105C200048EBC5183B6DFB24E41642080DECA5209B
:105C30007F1E1DE5CB3CE10EF3DED01140CCAE2B38
:105C40001DDE11281D42CDD81E05CD25C50EDB2B2E
:105C5000FDC7DFC9F81A315707E83122079D2536FD
:105C60002ED7B6A9E83F1E9BE9F0D93DB7EF2FE844
:105C7000BE322E3318D4C2F0F106EB7A0027302959
:105C80003414E4220CC2C511D840CE1EE91AFA051C
:105C90001A07E016D503E9EE1902E32D25ED1323CB
:105CA0000712E42C0E0FFE2434E0EBB8506DD5CD76
:105CB0009894D0C3CF3FE1FBAF0D35F60A3BAB0A5A
:105CC000B369E6022C31CAFDDC143336B8FC2E3D34
:105CD0004B4CCC16FAE92652EE14E7CCD5FEF3FD78
:105CE00029FDBBF64816D28AEDB1312AFD13F2B771
:105CF000F2115B3DFC0736FEE0CE172DB32E81542A
:105D0000E70A1AE81802E2916A4D3F52E324C138CB
:105D100035EAE915F0E34A0921CF0CBEF2F1D3DFF1
:105D200030BC10383FFE4BBAFC201742075B148D85
:105D30002B1639D82E0889B3E3BF3FE201C0A6EE87
:105D40001D34CBAEE6DB26D3F03C0BB2311A024B4E
:105D5000DED5D32BEE22371515CDCCF2F1ECC4EF06
:105D6000013B00D2647FF2A0FADE1218E40DED03CD
:105D7000223A522305E6E002E2F0C50EBC92EF3370
:105D8000ADEC95BB1431C71EFFB3F34E9EE409077B
:105D900035333D55ADED0DE4341EE2BA5D8A2CBDC0
:105DA00009F2DF8B0AC9F3C649FFEB4B31FE0BFB4F
:105DB000052D3218F8F7B71ABA0A3E4011F8DE0876
:105DC000100947261A10F7DBF7F3BCC736F5D633B0
:105DD0004DEFD0DB18780A5EC0073E2D198236D110
:105DE000F66F9AC13A9BDEA1DFE8391CB9B8C7F358
:105DF00015F74E500FCC263BF71307FF3EFC1B4A0E
:105E000006FDAFDF1DAFF98738EAB056FA50CE0A6B
:105E100045E602BFB2F04C4EE5F505D9F400F54A6F
:105E2000F5A1C2C94B812C28DEE8FE04E6D04E085D
:105E3000BE0005CCD0F110C719E2CA3019C3204703
:105E40002DAC0BFDEDDB3C11FC0BC81122F2CAA7F7
:105E5000FF06F8F7CFEAD2CEC808DAB71BD109D6C9
:105E6000FD012276451BF517B943310E4D19F1EAB4
:105E7000E63FE8AD6215FB2A0D12FD3237D718EC6C
:105E8000D77934DC2149A4E0EA0136D5E89C08EB57
:105E9000F49F9BCF3F4435194AB51BD7F80500F74F
:105EA000ECE0DF45EBF50C3F81F145EEE119EED872
:105EB000F735EAF4250A3F41F0032C25BBE8190821
:105EC000412D0B0BF8B91E3622384DD6FF1B20F999
:105ED000BAF3E81797BF06ADD331080913EA12FFEA
:105EE000FC3AEFE0BAFE1741CF9520F765F1E400E8
:105EF00017FEBFF3E43612671351CBDC8132311940
:105F000024A738FAF716EFCDD2CAD7D00EFC780BFB
:105F1000DDF70B0D3567930B2910C2F01D16BDC7B9
:105F20004F01DEC5A730D2C7470227AEC13FF5AF4C
:105F3000CE0EB2EF08BAC5D59BF30CE0BC34CDD67B
:105F400013C3F2EF0C7F12F9EF0D06F8035CB713E1
:105F500039D00F1CA636026030F0BF59B196B62377
:105F60000F22F1F92B22301DA5C039EA0AF334CAF9
:105F70005A3D50D12FB4130AC256DCFD1BD7610421
:105F8000EDB2C5C7F250ECC95635AE4FC248E32C4E
:105F90004818D3F8D0CD1409DF241F2D660411FB57
:105FA000B2FBEFA67DEC3FDBE50DE3D6BC3CEB9707
:105FB00029CDDC07E7CAB5AAECBC3D0B0B0024A237
:105FC000F813E1583154FAD3F8BC34EB2335C21D31
:105FD000DDF3D9E306E7410CF20FCBBCDE03F50598
:105FE0001143ECF6075C0F0A3FD908F02BDB2A10AF
:105FF000284341E0F4100C04A01CBCDEE4D007ED03
:1060000081DA1BFF130A192CDBAAE13CC5F2F5CE9D
:106010003641EA06172703205C0626BA2EFD35EB2B
:10602000D1EE0507003BD5143E1B2430415B19041B
:10603000CB053CF4013DE9370A244BE232F9E12774
:10604000D20522FBE6EADD4E19670720FFF237F999
:106050002013F04DF2FB1AF6EB09EFF3FED81021F6
:10606000405117E1EDD8C88A9AA3160EF1EFE2105D
:10607000D9EA2C24F7C4341EEE1D0CFFDA18E522F1
:10608000D4F216CC2D030A8110E1383AF306FCE570
:106090001AD1E2F30EEE0901C60AE5E4FCDCD337BF
:1060A0001CD7F0D900BF41D7241806D6AA1D02D9A3
:1060B00021F4550C450BDF0C131DAA153F5C2DADCB
:1060C00038F6069FD6F7DBEAE52FF20734C7E02A59
:1060D000B2CF319B06040A28F11F0F0117D2652C9D
:1060E0002CB8ECC0C8076700210DFB7FC7C8DCF7E0
:1060F000C6E8F4CA481A8118B309093149E5641E93
:106100007A5CDDC040EEC7E00E6416DBA810CBB3AE
:10611000466604CFDB2FEDAC24EE330F0C6BE808A2
:1061200040ECE43D444B4F09BB32F7E64BBDB8C2EF
:1061300026311234183AE371C0B854F1F21B3F070C
:10614000D900E22810DD170AFE37EDEEECD34D1032
:10615000A4ED39F0B6B414C7F3221601E8340A14DA
:10616000CBE42215BBC44232DAAF3AF019BEC92BD8
:10617000C4F1E72638273F31E0F02801E4E004C10C
:106180006BD34CD62DEF49E7E40744B2E310EEE8B9
:10619000CC19FEA4014DB0431D0ADF23304CA88E5C
:1061A00044FC81DDBFF1E2E2FFFC4DE90608BB2FB4
:1061B000D60114F904F7197FDE210A1826EDE3EB66
:1061C000FFF8D81903E5CB18E53D02E30646400188
:1061D00012F12A2A22E12FDED71FD4062025FE063F
:1061E000F90C9EBDC0C011F5EBFE0A0E0EEEE8459F
:1061F000E10A1537331B182DFFEFC1BFD81F1A0B4B
:106200003FEF40E7B5FE33FBD60A41D0173B1F03F3
:1062100031E90CFD3722F3B5DF4A0722EC3A2CBCFA
:106220000FB9ADE7C2D60EB9202C37D10372E0E525
:10623000DF49321AFC1CF103CE1737FD37E809E7B6
:1062400044FEEF32E40C33F0E735E2DA2B16080BAC
:10625000FAF6F33DBF37E6090325BBFECFC9C849AF
:106260002709D1E41A49FE0EA5A951CFC9E9E5E1F4
:10627000E717082104D5C423E17F0DF8FEE91436A1
:106280008BAFFB12EEFAF7D5F6D1EE13D2E8FDF3A1
:10629000E02F2922C209CA00D730DF0F620BD6EFE8
:1062A00026EB0ADCE616FF0C2AED0D020E53402FFA
:1062B000C0B039FA0901E4BCAF0062CF1C12942DC2
:1062C000ED29E1D80BEF14E8234DE51D3316190134
:1062D0000F47E71D0A14FE18F90CCB3500C21AF35C
:1062E00032D6F5B3531C118E81D2DE13E3502CE16C
:1062F000F303E737D1DB23E4E512EB340C19155433
:106300000CE340E4290A35FAE9D3F76BB63F07D628
:1063100022B0F10114C3CE1ED336F7D70DFF2432BD
:106320002EE8D4DD04E736084E08C34B09FAEE8E9A
:10633000E822D1E5E110A38EBFBB55B12324F004C0
:10634000FF41952E1C3DECCAFDE308D64D63A71313
:1063500017FEB32B02130616344BAD10D1D823F120
:106360003050EFB63C33352137AEFEC80C0C22CD91
:10637000EDF80C25B845E7DBAEE6DF0AF2E04B1D91
:10638000BECC81C1FD081313D5CAC349F007242F21
:10639000374CCA2B03CE08044AD9259750B546F18D
:1063A0000AEC2801FCB8DFC83BFBD036493A2E681E
:1063B00009B123C711E41CC69DD9374A492320F0EF
:1063C000F629F8F66215FBE2CD0F1134A8DE21E5BF
:1063D000DED32F1AC9FAE2EA5C06DEEA0B22450B8D
:1063E0001AED16DE09FD4E9A8102D4B03E2C262805
:1063F000F0F9D947E2BAE4DAAF4430EDE5E6E01867
:10640000A8C94AF919EDD0D2F591027F99480AB886
:1064100026E50D1507BC011AA93121D51637F70756
:1064200050170303025AF5C31CC8B51530DCF54BF1
:106430002BF20215C5FFFCFADBDDCAF2B3E2E10C78
:10644000201C0F0E2BF034D502BDD5379F3538C236
:106450001B31EF0F0E38FD0B1C9ED3B9124EFDE120
:10646000E9B0FC2A03F7EAECDC46CCB2322B4B0154
:1064700017B811BC11CE540201072B2521239CC54E
:106480000F48F85CD1ED0C16F2E1FBE6DE1FE228C6
:10649000AD09E3D428CAE4F50706FFC0D8FD0EF81D
:1064A000BBF8EF08F8D4EB2F81062D2108162C231A
:1064B0005825FC11FC1D04D1E1C1FB51E9EC1C0F76
:1064C000FDFEE82E19E61F17B148EDF0F66731DB47
:1064D000B1D0543717E003FA0FEB0C0C1438D0D8B6
:1064E000B01FDDEAF1F0D337E81FF6C9ED0BF4E099
:1064F000FBB8BAC6461B3B3FA33110C9E31F041CBF
:10650000CFD9544C362CD8D5C681E002E638520794
:1065100035C219F4287037B7BC0702EF0ECF1E0E34
:106520003739E136C6ECE90212FBCED01ADCF57F32
:10653000012921F0440F2DAFAC29CFE54B05010116
:10654000F4FA0CE619DA38071114E718D1F4F5A0BB
:10655000E8B758D5DF0624FEF0DC2C2CD1F21C085D
:1065600028080F2C2D0AD40CBA0F2CEDD136CD6291
:10657000C525BA3246D642FD06522C530F241BDFE6
:10658000FDEAF826DDBE10D6A9DDD22623F61108D5
:10659000FD173625F5CB10C0BE351C1AF2FB31F4C1
:1065A0002D0986C9EFEA33EC0A12D6EEE2B150E9C2
:1065B000E21A0AD4CA17A70237E4E1E1031B00F587
:1065C00059FDD69F1D182DD513F0E11B3C29D3EEA4
:1065D00015EF02F2EB5C2CF8CCD3ECD11E180210B4
:1065E000173A2C5BEAD627C33C5BF61BC04C9AE4F7
:1065F00047D80CF228CF1CEAD0EB093D7C1E329F15
:1066000013478CDD4E1620BBEEC64001D1B8BFEB60
:10661000AED5064E25145A2AF0C23AE9C3BD7F15FD
:10662000AD272F1335F7FEE627C7FF16A2BFE418E4
:106630004BDE13132C1C30EAE6D6BC0152D132C516
:106640001CC7441E2D1A2FEFEFDFF1DFD5E5FF2E1B
:10665000BBCF20C923B6E7260BF9EC56DCD64C0994
:10666000F53BEB061F1DDB4B22F7E602C0C127F707
:10667000202CAB105C36E240F97F511FC9CA18F5D7
:1066800033FCF91628E606E7F2BDDA1A40D771E6C0
:1066900033292BD5B54103FAC04BDD122B0C300743
:1066A0000712BDD5271C20F21AE4E0CFD4F1FF2D4C
:1066B0004EB2E63B2B2E30C3FBE2DF2519DCEFB1F7
:1066C000FBB83DFE051C4101EAD30B92F1FCBECCA8
:1066D000DD0405EFF3EBFEEF3C3EFA74D0F3E41972
:1066E000D5212D0F2C3ACB630AE9461C13C3572D35
:1066F000110CCEC34C0BB521C07F2A1FD81B6E00D6
:10670000F3AF01D3EDDDD90CD9D9BB0DE8D321CF3F
:106710003260F922A538F3FBEE32D1DBD12DF7DA66
:106720002CF312D439530CF22F3FE2D4125E083FFF
:106730001FB705110264E9FEDE19E9F037D9FF1C25
:10674000DFD103B1452CC9D1062C143E99E8093D8F
:1067500007DA072C177F1C5625BEE800110341CD30
:10676000302FB49F252FEAA3A11202EEDF02E1E64B
:10677000E417F86930DCD7B6311347745DD9F750A8
:10678000D95AE3E001D5EB93D7F9C931CB2FF0BF4C
:1067900029F81200B7F01FCEF2F3EE17085D3C1D8A
:1067A0003B1C96173FDF322B0924D2F0E6B6EC14DF
:1067B00013F4E4BBDB14E8E6FE3402CC0DFE206DDE
:1067C0002E2DE39F1A0A1DE0C2B1FA30BAE6C2DCF0
:1067D000E3CDAAE20443F0D71215BA994A33D7BCE5
:1067E000F5B7ECE814FCAC0B603FCAEB215A12A4DD
:1067F00010D7100FD3F6C1B7DAB2D31949441AC271
:1068000035028754C020C63799062412132F04F886
:106810000D10A3EF16E7E5301DD56CA616EB3BF285
:10682000F6360A7F280EFECAC2D7D509703A53F34E
:10683000B9D91F0BA3F2D9DCFC3230A0F533BB0F62
:10684000F1E3ED0CD403ECD81E25DF306A0605F326
:106850004129D441021F0931AC032405ECD9F502CA
:106860001B08F6E9E705D3E91DAE20271FFEB6EAAF
:10687000EF23301CB3C2361841C0AB3910C881F1C8
:1068800003FB05CFE6122D24163BD7B6DFE9E72838
:10689000ECF5D425EFF91446E79DF625EC0D1B34F5
:1068A000E8D0E6FE11D61E171808EB13FD13F623E9
:1068B00036021B08A72C17EE1BDE42F9E3E0F1B20B
:1068C000E608DBCF77F23DE0AB0ECB37C641293E81
:1068D000E1D81AD20600EDE00917A48CDBEE4CB526
:1068E00023EE1AC9440623F8EE4EB8CB3A353F3DA5
:1068F00036C7030A12E729E4002EFB433F34EBCDF1
:10690000B7041D2E1632E8C0B5DCF77FCC3BFDD1B5
:1069100018CBD91AE1B9D0F2F4DE24E2F50E3CBD71
:1069200021132E3721201BEFD910E320D3C1BC0B3C
:1069300034D337E8C903FA06DF172BF3E2EA038101
:106940000016300763C8E6D9EEE321F5A3492E2EE1
:10695000119F32CB39D7F1372728C8E707C15D0D22
:10696000CC15F2ADC537481AD70AB32426FE5A6CA7
:10697000D83600FB321404C810194D37FA42321EC3
:10698000FFB6133932E6C116DDCCD83606460737D6
:106990000716EEC6C10EB605DF1EFFEF151C34CE7E
:1069A0004903B6F52543ECD1100F09FE0E291A2C28
:1069B000BECCE4039A30CCE821420725A2FFDD05D6
:1069C000E80CC808309902D7D70E020CD7E64F273B
:1069D0002B22FC0BCBEA10DD07B412F80C061CF2DC
:1069E000DCBF141CDF0ED981FF0CEDC82802FEE5C8
:1069F000CCCEFE04F10040FF4210041DD61FB40DA2
:106A0000E22F53F2F908DB23B9100B40FD39DCE922
:106A1000BCEED7DB010EFF1618BE270C293AF1E4B5
:106A2000F6E7FB2F1BE1CEE7B9083FD91CFBF61AAE
:106A3000F1FEAFD2FE0DE7BB2F27BE28200133F6B3
:106A400011F326AF2BEAFDDAF5AAA0C8D4E1DD20C8
:106A500048FA0520C631581DC6C91BA7F6F20AD050
:106A600044BAED0DE3FA18BAD0F1EFFB0204B2C458
:106A70002ED3E20E121031D40AF700062FDF14D7FE
:106A80002CE8DD22F7B6002F1E81CA4202EFDFDCC0
:106A9000E416F719F1C2CA0FEED537A49B07CC1143
:106AA00004D4032002E12208F3FAE6114A5A25DE53
:106AB000E42B07FA0307D4F4FCD9F4D745F6AB323C
:106AC00045E523C3FAED1239F8360CF243F53500EB
:106AD0001F410105DC37D6F72CFEED30E40AB0F497
:106AE000F51919111C1846DE89F346EDE316DAE1B3
:106AF000F9293930EBBCC80FEFE8F4C7F9F2F438E4
:106B0000020C20F4EE33CAD6EC05ED171397CEF144
:106B10003EF73A7F3301FFD8BE15E7D51C00F2CB14
:106B20002811F9DDD703DEEF1CF5F7EFDA0706F4DD
:106B3000100ADA3744CA2EF3F7180130ECFD26BCF0
:106B4000E40A4A4A17BE33D7CCFCCEE9E616EBDCA2
:106B5000DADB08EF12C2E2CA0E0D1B10E7DC0700F9
:106B6000D6F9FE05074C272123B933D2D7ECEBF435
:106B7000D012FAFE53164B4A9B1C3D3DE2EC19F530
:106B8000C6E84C421122D7D9E281C4212E256EE9F4
:106B9000101F3B2C09EEE91CC638F8EF2AC9F3EEAA
:106BA00008F30AABD35FC9C81E2DD5D04A48510A95
:106BB000EEFBDA142903ED08CC3F1811FBC3D63CD9
:106BC0000D4EDB450D0F45371E07FDE0EC2E72091B
:106BD0000A172D1D44B4EDD55C11D440320BC9CB3E
:106BE000E64EE9EC361919E7CF81ED0AE61EEAD147
:106BF000C3263747EECFF539AB1517ACD7CF3C5B83
:106C000021DF1811F92CEEFDF1A9EB1CDFF279C898
:106C1000470A0A1A1050B7EBF921D6220CDFF5F417
:106C2000192CE6DDE2D108E537F1F41D767B5A51E7
:106C30008DB3E6D8374A69E7EC1348D5761046623B
:106C4000E32EDBF7CB44DBC9D72A0CEEEC0E0DEDBF
:106C50004E052D45D9E7F111E6BA6CFBC4A2082216
:106C60001E0F252636C99A819C890012B1E31D4F5B
:106C7000B7F6413749CDDC32BE3A17C9B625A5650E
:106C8000EC00499FBEC4D19725A1BF58DE230BEC71
:106C90005CAF656E414113B99ECDB4CACCE1F92A0F
:106CA00033E28E1398C431C7F7D994B1C7D4FDD459
:106CB000CA14EB32F011CD52CA023BFA1302E8C4F7
:106CC000CD13E0FB3DECE935200049F2140AFF3416
:106CD000D4C2192EEFEE26B6C4300FE7E117041226
:106CE000D91BCE25B7F53AFEF626FEEC7FAC125046
:106CF000FCD08AD5EC3AF5C8D7EA1029AA4810B9D1
:106D000059F00E40B8D00403AE3E48B3F7570DFB20
:106D100013DB2F9E344FACF90DF8E3303D39098970
:106D2000F6C9B43AD7FEC60C0CCC5D0DEC4103FCA1
:106D3000C3E51CB1ED38F12205E7ECD9D5DCED1F38
:106D40003DC416D9183101F5CC4597374D24A5D34C
:106D5000272FFAE6E5592C08CED3D6F25BE1CED444
:106D6000F6C21C1E0591C7080B13CA4BED2A020977
:106D700042302AFB0EE1FC3234DF374C2E44FAE37A
:106D8000247F01EDF7B8C596FD53351C2B16249CC6
:106D9000EDC0DD27D72865B4361BF8FDC9EC05FD2D
:106DA000F9B9152839D5233B8518F4DE237F58DE41
:106DB000DED025CF3A2CD226C34960E6F5099601EC
:106DC0000329A51F18ABA1FD0A0A710936643723F0
:106DD0001E55E0E3EBC5BFD625DE051BDD1D15DE28
:106DE0001324D1D329A91E02BCD126F937FBD32203
:106DF000E6212EE4B0E00D0726E61F3AE2F3D8F2D2
:106E000018D12A19FA3C3B42CF5D1DB2E40DA827E8
:106E10009FE0F30F0E1EE51A1FC4EFDB4514163179
:106E2000B0C6B3EBF8D11DE2493710CB09DF44619E
:106E3000ECFFEEE508081194FBD5D40B51AC2AEE1B
:106E4000ABD5F6FC21C4651181E4F7EE41E4B792BD
:106E500034C206B4F1DAEFF0E6BB04F32B1A8F1755
:106E60003604072FFC57A433BBA5A5CEB04F0BEFBC
:106E7000DEEDEAF44CFD1B02C01632076D2DB6168E
:106E8000D11805391F31CCAFB7BB1D12E0DD6B093E
:106E900006F4D73E520D09D2B74C48EED9F60FEBA7
:106EA000096115F2E91DD116101BC92A2A4EF85E98
:106EB000331D1F110F00573BD7E0FA2622E10C3497
:106EC000EBD260F3FB081C10D040D7FD130A2EC094
:106ED000E50F5A07C82331184904D4F9351E54D395
:106EE0001D4A0AEEF4ACBEC8D805F9D1DD3AEE264B
:106EF000D13E03111FF9EF25BB7055E0C3282A438B
:106F0000DAEB34E62CBFFDA0A981D22719F3FED11C
:106F100046F23C29ED32C8ACBC30DFF9313BF5EA32
:106F20003F0AC31BA02113D8DE1DBFBFF64339CAD9
:106F300011E7856D28E600F648F4111C1A21370D7B
:106F4000E6F5B851FA4261F9E3D015C97221E7AC10
:106F5000BA5B1EFECEFE01C31BEFEFFACF45B22691
:106F600043E71747F53A237F23E7EFBFD3C8C71D91
:106F700034CF60EEB3F04B41A828DDF182EC2BF763
:106F8000070A159DE6CEE5CFF10BD4FE05C92D5CB1
:106F9000BB30243B5026CD633AAF33C1D793B0D436
:106FA000C10E1EDFD20D043802AE2FB73CFFFEFE2D
:106FB000D6FA04F5D3370711D505DFD9B8EF231476
:106FC000BE1EBEF905FD1830AE0CE921D8E5431907
:106FD000E00B120112BDE1F7EB4181120D22F9E243
:106FE000D0FCD9B706E3FC072141FBDF4B0FE418C7
:106FF00006EE012F3E2CDD0D2D9B342D09F81BC50F
:107000003BFC3E59B6DCE6D6CD064BE50416F7C38D
:10701000F2B12203F330E32A13EAFB0B21F437BC6D
:10702000F00A1B33FECEE1F7F9E91C15241105E344
:10703000F748B80A3A20193AFED9CF103B1AFDF7A3
:107040001CD63C05D2E7250B07CEF9C4E2D7F9C719
:10705000F11DE8D10422F3B7421247EEF52A0F12D0
:1070600015FA6636F2EE2C11D4EC17D9E4F2CED82C
:10707000210EE4FF08AE4C15F62B0EDCBA19FA818E
:107080001C111FDF16160B17EFF5E71CE3A64E1DAC
:10709000DCD8DD100C3DB6F9ABC80F1FC8D8E9DF4E
:1070A0002219EF08ADE1EC2F0030D40E0BFBCBE73B
:1070B0005036210223F2E2C0BFFDD107E706F634C5
:1070C00038350B060D461AE43505EE36DBD3D3B161
:1070D000CFF011EC0AF0173510F40DCFE8FCEADB25
:1070E0000525D0DBC8F21143FB4B2BF72E24A8DF7C
:1070F00002C00CD41FB6B630BBA2D8171920F0E0DE
:10710000D70E9940DDCCC71BF2D6431BF0E1FF261A
:10711000DDD881C20843FED5DDF403E7B6D7282CBD
:10712000C5E9271EF7AB4EFB079DD00BA50501EC6B
:1071300018B6DA0B3417214E1FCED9E8EBF5120240
:1071400005F2E31AFCFDCDD3F7DEE813E124694133
:10715000B2D0E6B229E73015B427B91CE43343F6C0
:1071600021D0C0EEE1A8F2410C36CC67C0A6EC58A5
:10717000C72FE1ABD84EA9E6ECC63048E01F3EBDB4
:1071800061D8F63EC015E00502173EE1016BC4C5AB
:10719000FB8102D32E2CBDE04322DEE3444662A4F1
:1071A000F7DC1F5126D1F9FED2BF5A11AB01C7E857
:1071B000F6D3DEE8FDD6E0B0CFFA1B0C4B2104CCB1
:1071C000BEFBF6330E333DE6B7D4DF04D25AD8E522
:1071D0001F0EEEDE4BF81CFB1CEDC1AF22F4F726B0
:1071E0000715F1C9267FF21562C2EAE000D746F919
:1071F0002F2D3C1CFE2A11FC9824FBDF34FDE72ECA
:10720000D9C6EA13DE53BDE3E684F7431CE500A1CB
:1072100004440033CFD9CBB73D2E22D00209692FC9
:107220009E36E2B71040B8D242F1CD0411D213FB22
:10723000F000CDE7CA08050D24FAC1BF971AF40F74
:10724000123EE7E4EFD10720B004233E05C929250B
:107250000A38172421FCD6FEF71DB6DDFF5513C1F1
:107260001B08BB01E1A209B2DF2B99EC24FEC62862
:10727000C2DE1C02263AB2EF3BD2352F1341CEDCE0
:107280002265115C9903472B30ED23C5E824F7F5FF
:10729000B781EAB6182C25155DFE0108F6FA5DB532
:1072A000D4F7FD4D0FCFD631C5ED58DFE700C1CA89
:1072B000E6FB20EDCFFB2FC90ECFBBEF17F702DEA9
:1072C000FC7DB009F3FD1835E62037E1193CED28C7
:1072D000C33FE2C60FD3BF001235EAE14900E02602
:1072E000BACD2C24EF7FE3413AF0DB3040EA29E6C7
:1072F0005DEB290AF0ECC2E0A29AC6D6DED1161FD9
:10730000E221ABAE1F0D292CF9D8F4EFD7FBE0F347
:10731000F914CB21E23B26F928D13709DFAD35C27C
:10732000CDE102E9E33527307CD3EB5928DF2EDAB3
:10733000E4E0CEE61BA81705CBE53A356DC3FDFEAC
:10734000C7AD3F454165F8223840DEBAADD90D12D0
:1073500002B6C05A43D1973F15CEE028D0D6BF30F1
:1073600011359A1D0415B681EED61D3AB2AF4418F8
:107370005EF0347A3F0A0CC2D2FB2C0D07AFF82224
:10738000DEBBB608D7E4D0B1E7F2824B18B829A02B
:1073900031F22B58A48D32A4F01AF10413251507ED
:1073A000D0F20EDB23086FDCF9F3B0F1DED40F71FD
:1073B00012D80B001ADAFDD9BBBE2004FDD045EF70
:1073C00010BD37283E0F34EEC925B20DD83C0DC68E
:1073D0002CBF3916ABEEEF1F01CCF20FD83F1314C0
:1073E000121DEC0C0A090CECB1C720B50E31F729BF
:1073F000D2110FE9111002DFAB7F425346DA01BB15
:10740000D3E31D422C19DC0592B8F2482BE64EDC82
:1074100025F62F203120B7D986493625FAD435D91B
:10742000F306A6BCCF39C2B2F42CC6CFB6EDE02924
:1074300029E5F7F2D0DD1D81FBF538ED2F2705D9C1
:10744000F8F1D72A6EF911D0C7F7DD16BE0EE00DA0
:10745000FBC61DD748EE1A1F0F000CFED90B02F019
:10746000FA33E4D53455D807541B2AE8161536F6F6
:107470001BF7290031FF0AE7D22918155DD2F6095A
:1074800092C9EF4CE344BC22F4D4FF261EE918D085
:10749000E440C903C9AA16D9201B5AECE4E24E1BEA
:1074A000E920FBF82310E512F6D2FE3000700DD96A
:1074B000E9CF12D01E42E0F41023CDD9D435E9E053
:1074C000FC4BF0A638DCDEDBB9030B13E2C0F91C81
:1074D0004010100F0923C8D6FB0CB0FB453CF8C385
:1074E00007DDE3EDF81C0E81BC12E333FF533E1DB4
:1074F000F8E70925BFDCD6F8FAF7D464221AA54FBD
:10750000CE251F12E930CFF8AF1827D7E5D4D7E939
:10751000DD0B130A20C2F61FF6DEED1CFEDDBFCD2B
:107520002F0FF1ECFBC91100010AE94935E456C2FD
:10753000DFEFCAF4F651041C1A3030C9E8EBD72843
:10754000E9FFB5E61D18C4FAF30C0CE94B54FAFE3A
:10755000632628484596951EBDEF05B4FFCE4BEE39
:107560005DFFDD05B6BC1DBFB223E82846029CE2E4
:107570004145D31FD63CF909469D2ABEB31B3F00A7
:10758000310ECAE4EAF13FCE61D0EC2E0B24AC02FE
:1075900045DBB835D130E3FD1C9A10468431C43543
:1075A0003BEAC9FC06D729E8BE22C381DE622D0969
:1075B000C7B9CC1ECF2716D3AE4D4CE7E2ECBE21A7
:1075C00027558D3E306ACB53093D7F014465505CA1
:1075D000E21EC73E00AD200FCEFDA141F11428FBF5
:1075E000020812AD3630EA0BF98EF52C39D5C4C934
:1075F000ED085A18DCC38911BFCDD10A9A22404147
:1076000004BAE1073205EA0615920A27D943C62EC5
:10761000F740D4DF0630F933DCADF31766F10E0F17
:10762000160C8720F3FA279D64EA2E29347F0CE399
:1076300003DBFE34DD4A0C54FCD512232B1B3C2407
:107640000B27F4FFEEB4E63EFA5C282AECAF724951
:107650002226DF1CEE981243B754091024FE1DC7E2
:10766000341B1210B3B200FC21CE114010F6012AD7
:10767000281A1A443ED4353035EFE50D98F2141D22
:1076800014103493F7FA27DE1E1924ED2C39D0E7B5
:10769000F1FCF048ECDFE213E1BBD00FE03CB4F0CA
:1076A000478CB9E4EEC03DC7F4C73997F1C8F3D8A9
:1076B000C21FDE1A1215EF26D33A41D9FB31DCA9DD
:1076C000AE179FD9F512F5FD1AFD74D1194D0510AD
:1076D000E89A5205199416C7BE3105040F033AED16
:1076E00029E6DFF59805E231150B03097C893F098E
:1076F000FC4FF5B0BCC42FD703270EC5BDFE159AAD
:1077000029EDAE29F0B4053AD65A43CA0027E90A52
:10771000C8032781124EC4D31FD8D50B534219B5C5
:10772000E1D6B441F1FCD4D5250E5AAC1D52262623
:10773000B254F5E419322C1419D5423C43CE2B7FB8
:10774000CA17E120F1DF3033136DC1F70C18FFF4D5
:10775000E717510CECD9F1070E2B3309FE1DEAC4D3
:1077600007F2F43FDBF4D3F3A5EA3229ED23D93253
:10777000DB28EEF366F63B47CFFCEAB4BC14CEFD43
:10778000064D33E5D2ED2CCAE1A2CAF73A0E371BFB
:1077900056F9F54AE446F61DC5DC0FF5ECF8CD1FA9
:1077A000292BA71AB4DA07F1E70F1FAF1C30F9E74E
:1077B0000AE9AF3307040051D04EA8470236250925
:1077C0002CEAD426D30C1D03FB7D5BE628DFFAEC04
:1077D000E9F812D520EB003520EC1C7F33D34D2B7C
:1077E00008F2412CF9CFB9F6DDDC1262CDACC9212B
:1077F0004D23C0195517E34EC44F4CD401F37046C6
:10780000281C30BBABDFB8D6FCCCC7F762C0DAC4EB
:1078100049382FE5F24F3BB3B41ACB36B8E5CBC2AB
:1078200064C0D0A0D7366E2A9D71B8B2F12116A2DD
:1078300018EED8F2F3FEE1BE1EBBE3D0070122141E
:10784000EF72F0D9AE2BE3C213EE051033BF071968
:10785000F426D5EF19FEDBF0E7E6ECEDF9EBD7D334
:1078600019F90D1B307F1500DFB1CD221ECF1ED5BB
:10787000F51310C113FDEDBEDCCAD1FCF3E4100E0C
:107880001CFC9FE91B18051CF3DFE229EFF3170B23
:10789000CDF11501CF240CF65DFF60D80AD735E590
:1078A000A233E8BBE6ECE2D7411FD12961EEBE2648
:1078B00089AFAAC3F4050A1C1603252BB23212D7CE
:1078C000E5D1E5220DD233FCF500031D16BBF21DF8
:1078D000E50EAAAEE71CF3F80EA8E6ECC3CCDFF188
:1078E000D0C5F405F93E08F8232518812E1400258B
:1078F000CCF775BDC30C45C90DE7E529144195B911
:107900000FCDED1EDFD6F744E5670027D159C3013F
:10791000B22FC4BB140BDFFDFACF001EDC33DEC771
:10792000CCCBCD29082C150034DAFBEE0BEE290563
:10793000C6E70EE124DC0001F41E9A14BB18F9120C
:107940001E2A0EEE2E9EF4D6FE1E3C01BBEA5A42C3
:10795000FD221AEBE705BBDDD128CBD7FA29DA8166
:10796000E2E7E7D41CE4F793FC19CCF611111A1BDB
:10797000B9E71F2AF636C6F2F7C6F018F518172B26
:10798000281C700EA8301113B3053CC0D927E2C1E2
:10799000DED61AB701FC1B2543F82A0E0AEEC7B043
:1079A0001DD2E502EBBFEC13F4350CF3B9B9B8E125
:1079B00039C517FD335B611112F2C628EFA02E36D0
:1079C0000DA24FD8F78641F7D60FF4AD16DB95031D
:1079D00093E4DCE406E0E1274801A7F458383139A4
:1079E000A7D5D6FD0931C87FEC4746D80004044925
:1079F000241AE2A0F02F0F37B94F20DA56F50A9C6F
:107A0000635113340EB7F22AC9AF039C07BD6E0849
:107A100026EFCE1946410CE0B0F45900E4E12329E9
:107A200020D09CD4966DCB10C7E1D4B021FB167F3B
:107A3000E4DE40F1CDE603DACC062DEC2828079FE2
:107A4000EF3EFC1539D813CCBEF4BD39C11518C9A9
:107A500010DE5644BE12C1E81BE9DBE406B85A1B2F
:107A60002846E00B16142AB8D43BA8E2310FF26383
:107A7000D4DDF222F6B113931561510728268AE668
:107A8000A5AE013436DDDAF1A3C23B49EB5FDB3E44
:107A9000F9C5BFF8410B0314072D341CD3D6C7CC4E
:107AA0007C1AA750123FE2A703F313EED7BDBB2702
:107AB00035DC19140CE02830FA242804E9F7F8A77B
:107AC00013FBDDD61EED0EFDDFEE20D5C2D224E97C
:107AD0009A812DDBF3F5E946274DFB30160E460063
:107AE000D302F0A7C0DBF91927FDE628268FD60DB3
:107AF000E61CF5CA24EBFAFF35112129E8FD1BF637
:107B000067A4EA1E000321DCAE4926E3313FF017EB
:107B1000D309EEDAC538A2C426F8A91F172BE7F55A
:107B2000F5D8CFE4262111DF0B3B29160AFA0CDB2E
:107B3000ACF1BFD71F09E3B20318CDD4FBC23503A4
:107B4000F4C9E0161E082B1FB2E89F211D4B81C10E
:107B500022EDAF22E20AE70B0402F1A01C44B915A2
:107B6000D4F132FF34ECD518EBE1ADDF1516C011BE
:107B7000F54936B6362822383C021D41393FCF1A26
:107B8000D94AD2ECFDF504D5E2EA35EAE3B723D4CD
:107B900006F1CB3C3B220A4604FB72C3E302A0F78A
:107BA000F3FBFB49CC1B1317A2C7351161DB527FD6
:107BB000129A15E0BC40F51BF2D73CF9D809AE2566
:107BC000E400C6C664C6A82ADF1EC168F91A0254BA
:107BD000631A22C91D01E03CD0CFACEB29B751B6E6
:107BE00012FBC0980DD203BDEB36CF28E652F12A26
:107BF0003C1E2455A9C3489272E5F05CF21DC8549E
:107C0000E91CDEF60223E3B236F9B95104E9FD02BC
:107C1000EC21D6D0E32325EAE3D4E7BBFC5165276A
:107C2000D3BFEA3A061A5C340F2CF102E21517B7FB
:107C30000BF08118E5CFF6BE18EF2ACA34E41ECE49
:107C40001B3CAE0C1639EEF510F52ED70E2E97070D
:107C5000E7EBC10C06C1F321CB1E02E322C5E52CE4
:107C600003ED04FF163E1A266C9FE42150C62E2316
:107C7000270F5902E417C922B8ACE2C0ABD4082FD1
:107C8000F29BBFBDD214FFE91908CC1DC3C4244A1E
:107C900025240221F61CBDEB3AA944C33BF826BAC1
:107CA000DB19E7E5F72205222EDF28FE32961B1F9F
:107CB000B7CC9CD0AE0FC7D4E5D733F0E20BD3EEF0
:107CC0000205CEECDCB44407A418D220110E29D052
:107CD0000844EEC8C40AE1E6BC190EEAC3BD12B9F5
:107CE000BA3AC54F0BD0CEBA4212E2B05D1E81D275
:107CF000B3EF4BA526B92C2258B22A295840B2E737
:107D0000DDD94918DBDE9E38BFE90DCE2620A1E380
:107D1000F3FD92A31A1F04FA0CD559ADDD022D20F4
:107D2000C4D28C3A17EC0223E8D310982624FA33F5
:107D3000C1D919E0CC0F10EECD1027172BF9D501C2
:107D4000AC24FD0551D9C8FD22FB1D49ED201D0ABB
:107D50000FEB033D2EFF0CE9F9F1D7D706D647DE2E
:107D60001610B3B521EC048581EDF429180A220719
:107D700015FA0D56DFF721C11CEAF4010611BE5CAD
:107D8000ECFD081041F7F0E610000950072BCFDD9D
:107D9000FCCE00EF030E31F6FEF01418F0281107A8
:107DA0002CF5B31FE8CB31E62B24E2F805CDDBCD73
:107DB000F9E12C2205DE2A07010CECE622D71FE0B0
:107DC00020F84C24FAEAD4EFEDE2F8152BC51AD6C8
:107DD000C1F8ABA329E5D215C909BA0506FE4DF3D2
:107DE000E909E0EFB3E12D7F25113A2B01D20A0F0B
:107DF000F734FDAB1425BD1CC737FD0E382F4CB131
:107E00006DFEE047EEABBFC8012A3D25ED68B62FF9
:107E100026AFD0B00E12B6FAE3FC8C3CFA5B01C47C
:107E2000F1FDF91AF9DA34FB05DAFA13400FFA1802
:107E3000301EC52527DA1646F0F69BDDDF203BFF16
:107E4000EFAF0119B4DE4706F3EECCE230D3FAA26D
:107E50000E20C7C59E2EDFFDD931C303211EE0E5EC
:107E6000F4134554C1F31626E7F70D02E7E39FEE3E
:107E7000E611330331E15734ED1F20FEFFEFD00B45
:107E8000FAEACE281DE2E8DFC735EADF3FCD2BDB7B
:107E90001AB70E495E23F53410E941C3EC088DD8BA
:107EA0001DE29F1CBCDCED0F811712B1340DF416DE
:107EB0003A8190DF253E579CED1C1F493EF0E13B87
:107EC000DFEE483B0BD611CC38349EDDDFE106B146
:107ED0002B22F6E1F8E0FCE301DC17621FDB37132D
:107EE0005BF00D48FA56BEC7A9D2E018B0F811F4FD
:107EF0003A5DC4C73E2C1A4A205C3C1DF8E53C1292
:107F0000E5C75BF426A8BF86DBE6B55344B019325B
:107F100027FD3D52F402DDE2B9FBC907DB32F3393C
:107F20004A000BDBD5164AEA2223CBD9BDF52799A7
:107F3000E7F3DE1AE5CF13CB1D12FAD6F052371451
:107F40001557DC3E0221011F08B75DD5F01FCF0F8A
:107F5000DB1D891821160D3DB428D8ABCB24F7EDD5
:107F6000D4391DEE1032B3FA0922CEE7211234259E
:107F70000B221DFBFB35EF1EBCC398C2A70C3AD7E2
:107F800015F2B1B6071FFE303CA80CFB12AEBC11B7
:107F9000FC49EBEC1ADB002F67814AC407E1132987
:107FA000E9EA080342063003F9C23B5C5BABE0FB45
:107FB000DDBA2FFAD4DC1E17F8C53A18D0C2FC0A75
:107FC0000D28ECCE3912E2D7B8FE091919D3EE0A02
:107FD000BD22FDE1ED2EB4EB26B822E80A0FF41025
:107FE00009DEFC25D5D1D03B0437BFBCFC11FC2DEC
:107FF000E5D850A0F2CE18CE539D1FF4EE43AA2030
:10800000D42522FA2302EDE5B8080FD0081E28E295
:10801000FEAB81BEE0C41A491B9F2C23C21A01FD8E
:1080200095FEC237F9F525031BD2DAD3254EDC299C
:10803000B9FD4BD1F2140E2E214509E6D02BEA52A0
:10804000FC6CC7FD17DAE823FFED2008CB2C5E2F70
:10805000DEFBD0E7D8E402E8CB3C2CE5D0062EBD11
:108060001FDE1619CA9A12C6EA36FAF75BB2CB338C
:10807000CBF6B0C9D86A6205EDCD1EFACE4AC20C65
:108080007FC833DC091000DCF14747D6D419E5FB83
:10809000DBE2DBD0ED5D38114806E9494C10D4AE87
:1080A000E5A6B937E3A9E605E73E4DFE4C4617DCE9
:1080B0009320FEED49DC0A31C009A7D9B2B7FB54C1
:1080C00029A956DCC22253EAD50A1BDA4702BA8133
:1080D0001873E1AFB247CFD0E9E1EC9ABFD5DB230B
:1080E000D8DFEA5511CB551DEAE52CF11B0ACAE988
:1080F00098090C2263C31350362D00266FE7F7FB57
:108100000B17FE1832D8B84DD9E02F00DB323BCF29
:10811000C1ED10361664FFFACB003419FF24EE2BA4
:10812000B0EC0A28D41C0A27C14F0D11E3FBA9FCAF
:1081300043E2F617473ED2F707FFD439650DB8ADD5
:1081400028A323CEECDCC7E62323ECFE17B8B6C584
:10815000F7CF0C810936E91FACAC3E0D06D62237AD
:1081600021E4CB201B2015141AD21F5510ECCEE3AE
:10817000DF1C2DE339F6EC372240415C56FE3D3AD8
:108180003C15C83523BD8FE2F355AC01B6D01EECCB
:108190001B10F8D1AE19EA13F221D5D6DA00E21895
:1081A0002B22E015072349E6B1D0062C8CE3CBF84F
:1081B000E8B418F4C4F7154CE4FB25E0CF294806D1
:1081C0000C3153CF37CB9728E5DF1C1A1FF74BFF35
:1081D0001DD825A0F9E3C51BDB26AE49F8DF3A43DD
:1081E0003AC23EBFA5F82C525405F82226ADC94A22
:1081F0009C2DA78104FBA0013F171CE6E51B4AF25A
:108200000F01D32EBAAAEC2DC650DD06E733F43F9A
:1082100048D4DCA71A24A13011EE9971CD5409F786
:10822000D8C814285F0727C3DBD124E6A0E1D617FE
:108230000D08EACE0F0BF1F62635CA0143F416A558
:108240002DBC29B6D309FFD31719CC35E9B3CAD74A
:10825000C0C52195F32451492BFBDFF4441746EAAE
:1082600004AE0D29FB09E91348F204499E07E6E331
:10827000C429E799381EE0FBE954542D3B196700E7
:108280001C4914080BEAA9E31949C6F6E71AFACB08
:108290003717DAEBFDFACBB82907DB3A814E09092B
:1082A00009BAED5B265C69C5C4DBD5E2E4C8B2F16E
:1082B00039271C2234E31927F2D3CA4525F4FAB32F
:1082C000CEAF0B22251DF3F5EFE2E01A32B3B3AACD
:1082D000F6DDED812FEC52C34CC3BD0F19E7170A31
:1082E0001FFC07F019CA2A2F5DABE52E97F3C9CE04
:1082F0002B46F4B47600EB01CF663EED67FE1551D8
:108300000211F7326002AA3521D1A5C12AC444F670
:108310000D2CCF1DF8F8D00FC152EECCDD1607267C
:10832000D2D0F9F62F434006C9EAA5E8F435175133
:108330008DA93BFCF1D0E00CB40D683A0FB7CC9A94
:10834000DE6BEB296B01FD15832C1BF9DE2961EE39
:10835000142D5E241AC02B98B01EF7D0DD157FBBFC
:10836000F0079A32E3AA1FA8CA3AADF5623D136638
:1083700085D36256A0D1F8C33EDF24FCFA3C97EEC9
:10838000FE356502CED6220287F617E0CC4DE6A375
:10839000E0FF1397D5C8374B031D19D6FAADFB1D67
:1083A000321E16C40506980CF7BB06C7554315C800
:1083B000B82BEA4F34090534F8DD08EE3E211B0ED8
:1083C00003E23912B8DF1147E74EDF0635CEB909AF
:1083D000434BCD2BC148D237E70AFDD4E4D3ACF6EA
:1083E00027270B1F31CD0F16B5BC203FAAF2FB0A81
:1083F000FCE9EFCD25E2F0434F3956082DF00AF79E
:10840000EE4039AFD20410DB1E3316F619D0E5BAB0
:10841000CD200276180414F8FDA9D0E5E2EFBC45A2
:108420000BB716051F8F392DB3D113815C4800BCE3
:1084300081132AD2B9589513DCEAC0E9FEFAE04864
:10844000A4E1D71CB80408E162F616E8323D113AFF
:10845000C9F3ED75F8C4ADF4CA33D9153ECBA5EC1C
:1084600009F7839FE7B7A589B7EA24701C1EF16F4F
:108470001E40BF111BE8E428B3C82FB8AF37083639
:10848000D7602DE1094A57CF17F11012ED15221DC3
:108490001206E000831A00F14CCA09EE71F4E71BE2
:1084A00008C7EAD5C5CC14FC3B0906C962FB33F604
:1084B000B727F3F9FDF32F37CA4A1227C72DEDF777
:1084C000040BB8D7C00AE638281B312617C5DCFED6
:1084D000D7C77F443EA2C902263AC00224021FF336
:1084E000FCB60CE6F89DEDF2D7DF4B111AE7F81257
:1084F000E409FD020D20E812D0C0F9B2C40C212815
:108500002CF1DFF40D0031D03BCC421145EECAD244
:1085100045DB0501FB1604E92AEF0E1808D8E3F441
:10852000E7D69A028FFAF1EE022C5AD2DEEEEE3E38
:10853000063AD1A5F6130A812F30D30AE52112FBA2
:10854000F8DF0F9E2BD007BDE6ECBC19A3EAEEFBCB
:10855000EABEF30FE72C330900DDDAB6291FF99FD5
:10856000C0F7E53127EC08E01512E6EB244032CDE8
:108570000905263C450B34E70343F5E9480DDEDDEC
:10858000FC060F361000F9E2F9BCDD34E2CB000C3A
:10859000E0FAC6CA2DD622FFF4C146F61108F91238
:1085A000E807104FFCC5E827FB0A27F932E5DBFB9B
:1085B0007F14E4B5FF272A342DECE2FF65FA07C5E6
:1085C000DCFBC21228283816DCDBEDF7C8E6950B79
:1085D000F3F1E797EB181406FAF20F2F0F34352456
:1085E000F59F173FFB1FF71346293237C01845D9AF
:1085F000F90D3DF225ED06C41A781A2BDD1E220A6C
:108600001430F1E80BDB0BD5E929FA070DE8FEE899
:10861000DB372D04BDD41A94CD34CC1DD608CE1230
:10862000DECED5F5EFFA4CEAB1EC2B2AF9E93C475E
:1086300008FEEAE4E80CF2DAFA1407AECB0DF535E1
:108640001F4FF3BE1BCEBCDADD1CD201C90FA91926
:10865000F5EDB8012322CC07FBC925810B2FB6D538
:1086600025EB32394DF1BE203623DDF4FA03100933
:1086700017F630F9D207EDF62FC5114032FCB0E104
:10868000F247FB1EF7F3FAD9CBD8252CFFE40FC233
:10869000D111E30E2CBE3423D5F322ED22E8F616D9
:1086A000B8EB234302261122CBFB25F31523E92740
:1086B000DB2F8BEC12FBD02100F4D010F233EF183B
:1086C000E405DDB917E513CF16D4FD94D040EAD503
:1086D000EE8D11E0A22822E3D8DBFFBE16471390EF
:1086E000D02303EA1028E99EF91EEE473D2A03F045
:1086F000E1813CEF031422C52EF9F4F11D36E92C7B
:10870000DBA11DCBA4D9F611EC02FAD6F3CD0CD720
:10871000F21DE4E825F8003A1BD913EBD6F99D3E8B
:108720002D25ED15F3BC0A3B1DF9E14DE0F3E70FF4
:1087300046152A113A3905E31AF58FF9FBDB36F5B0
:108740001DC52B09BD20220911DAFFCFEEF1AED2F3
:10875000E031CF0AEF2D30DCEC06F20F040FEF030F
:10876000EDEBFF3BE2140CFAFEE4F82EED10CDE346
:10877000DE0F2EF3050AD4FF15312D1549FB340306
:10878000171C0DCF0EC3F0DC16F6E6F5FCC6E30CA5
:10879000EE0D231310EE0821131028E0E6F3F5E3A5
:1087A000DB1701ED122A102281DEECF4FBF1E7D891
:1087B000E4CCF8E2E6F7218EFE25592E18C3F40129
:1087C0000B52ED4CF3436450CA024FFFD37F63C09A
:1087D000D9B5F3EAB9B93604A862381CC7C610087F
:1087E000274109FC3A4955533094E6B6F6DD0EA808
:1087F000062C38D7E90936448148FDD9BDD21AD1B3
:10880000CC96E940EEE22615BFAB0231E70D3B0FF7
:10881000112F3638EA43AC47BA0954A835EE3DD09B
:108820000EE5C7A59AF0AFFD36E0F6F39914C2FA4B
:10883000EFBACED900512938F5EBAF2921C1F2D8D2
:10884000014510D614FADF0900362EFEF7BAB6F04D
:10885000E6E0C10E3565E366290F314CBB06192BE6
:1088600021FBBD0E385F33DF25B11F1EBCE5E436AA
:10887000134AE7DA2BF3EE1B1CE7304B521950E694
:10888000CE11B2030AB4EE8F2008DF2C1E9419BE5D
:108890005C67E6D381391128D252FDDAF0EED33F7E
:1088A000F5AFFD32475A4530A7E89A9FC1F8F12D40
:1088B00028EDC43D10EB0B08FE160E08CED929C4D6
:1088C0009C12D04554810C0B15EE2DD4AE45F527E6
:1088D000AFB55CE826D20FC022F41904D8075311B3
:1088E000F9D357DCB5F758131B010BE224F23A3FDA
:1088F000C31DBBAEEBEE54D025463019C315D2DAFA
:108900001FC3FA2E29EDF20CEE1DEA213E6D133F36
:10891000C9F7EFD8FA27DAD41311D3221F10E0B920
:10892000191DD8E5EF0A02F90B4D15F7CEF3DBDC84
:108930001EF9C22A493911F102F9213419EF0EF852
:10894000170B443FD9C5451612162CB614FCFEC4AD
:10895000B401E2DDD4A3DFE75DF3110FDE12DB2209
:1089600009F22C42FB05135204D8230FF6D91D003F
:10897000CC3113C716EE0A3B99474F11C8F055FA90
:1089800012091DEBEAD5EAEE05A9BCE94AAD63D9A7
:1089900023592E4BF227F8F6FE28E3DBF981F0D7B6
:1089A000F516D4AEDA34D22A18FA05E66718033879
:1089B000E94AB4E624081A16F3DFE712D71926E9C4
:1089C0001ADA430BD1A16E04C01DD3E94A17CCCDEE
:1089D000F425D10EB7DAD3B02DF641F81DF3B2F07D
:1089E000E0E54848F0C9E902D4BFD1811143ADEEBA
:1089F00098160A273AD57B0B094739F22ED904E29B
:108A00001CD80610E2DCF13182BA3D34D829490382
:108A100016C9014B434D18CDBFFF46FFE2B698DEA5
:108A2000E71DEFE7D2500E2CD00BD1B5DAEC158F45
:108A30003645F5BFDCE481AEBBAB39EF58EE16210D
:108A400006310FE9FAEF20E7109E1CDC0624D2293C
:108A500029C9FC2E6DF064E122189DA0E80609C822
:108A60000D3934FD2A33F0E806CFEFEA0CD70814AD
:108A700005CD0427D7CCDD23DACDBA94BBA0B82925
:108A8000FE199A04203F1616F29DFF26D4C4E8046E
:108A9000D8262E4715ED180D0DDE3EAD4EEA1D0908
:108AA000D2E9D8E0A6F6121465C2BF4B2947FF9061
:108AB000C71DA20FF2D01A04EA00FFA3132BEDE7A3
:108AC000D8E6A62E91453009E15B7796271AF52660
:108AD000141A8A0CE2A4B3D7CE52F62FB9CF900461
:108AE0003249C8E12127D9345B81E2130DCE072B2F
:108AF000D52B39C5D040046DF6E3F389A335FC13BB
:108B000016A9BB0A0C3703DC59F3EBBD3CD60113A5
:108B1000F72DC3EF2B14FEFA77E1203A47F3430A0F
:108B200002CEE6C7CBF010F449387026A3B41D1A64
:108B3000211724CF0C0C00EC2814DEF4F3143D1C98
:108B400041DBF3E6F0D1FB14E0E1D824CB451AD6A3
:108B5000CF03D6CC2BDB0E40C6E1C5AB3C1E0BA52C
:108B6000D0E5F6AFE204E4CE1F1EE743070126037B
:108B7000E735E9B8DE4FE1B1E8A12A50215C3EF3C8
:108B800021160A41BCD71A26AD13FAA5232BD59876
:108B9000FBFBCED3E4E2ECC525FE3AF4F8486818B6
:108BA00017D9237F2D01F52484F9E4E38DF61EA85F
:108BB00003D8810ABCF6BF23F003E7AFE22CDF2A1B
:108BC000D366EF6AF142CC3D07E06CDDDD1EC8C71D
:108BD000DEF0D6EDF807F9C9D572D0ED103AFC41B8
:108BE000E90CC5042525AC62471535233BB8162989
:108BF000093E67E2CA01282DC98CABC3F9B70AAA9E
:108C0000EFF2CBDCB500353707EE221D1009C8E3C3
:108C1000B64021F42F3911F37DDD55BE0FC74BAEA1
:108C2000C0DF28F71A20D51C29ABFB49BAF9FFFF92
:108C30000400000000020000D4FFFFFF8BFEFFFFD6
:108C4000D1FEFFFFE8FEFFFFE6F7FFFFC3FDFFFFDA
:108C500090FBFFFF38FAFFFF42FDFFFFA0F9FFFF87
:108C600055FFFFFFFFFBFFFFB5FBFFFF910000007B
:108C700029F9FFFF8CF9FFFF08FDFFFF61FFFFFFF0
:108C80009CF9FFFF1F0300005EFFFFFF37FCFFFFA3
:108C9000DCFCFFFF22FEFFFF02FCFFFF32FBFFFFB9
:108CA00087FEFFFF88FFFFFF4DFCFFFF3CFAFFFF41
:108CB00040FDFFFF4DFFFFFFA7FDFFFFBFFDFFFFD3
:108CC000F0FEFFFF00F9FFFF1101000098FFFFFF1A
:108CD0009AFBFFFFE5FBFFFFBEFCFFFF58FCFFFF19
:108CE0006FFCFFFF77FEFFFF65FCFFFFF5FEFFFF58
:108CF00072FCFFFF0FF9FFFFCFFCFFFF77F9FFFFCB
:108D000046FEFFFF29FDFFFFF00000008CFEFFFF85
:108D100090020000D0FEFFFFF3FDFFFF4AFBFFFFC4
:108D2000A90000003001000024FCFFFF4DFEFFFF02
:108D300000FDFFFFC30200009EFAFFFFEEFDFFFFF4
:108D40003900000020FEFFFF9AFBFFFF85020000B4
:108D500055FAFFFF42FEFFFF89FBFFFFF0FCFFFF1C
:108D600048FEFFFFB2FDFFFF6AFDFFFF02000000AB
:108D70005401000069FAFFFFBAFEFFFF3AFDFFFF52
:108D80007EF8FFFFFC0000003AFDFFFF35FEFFFF0D
:108D900071FCFFFF34FEFFFF38FFFFFFBE00000045
:108DA00097FCFFFFAAFCFFFFE0FEFFFF3901000078
:108DB000A8F9FFFFAFFFFFFF5BF8FFFF1FFBFFFFFF
:108DC0007AFEFFFF30FBFFFF44FEFFFF46FBFFFF85
:108DD00081FEFFFF79FFFFFF00FFFFFFF3FDFFFFB5
:108DE00015FAFFFFCEFBFFFFC2FDFFFFBEFCFFFF3A
:108DF00042F9FFFF48FDFFFF97FBFFFF92FBFFFFDC
:108E0000FD00000098FEFFFFB8FDFFFF2DFAFFFFF9
:108E1000E2FDFFFFF9FAFFFFFDF9FFFFFA00000096
:108E20000E02000079FFFFFFB0FFFFFFF900000016
:108E3000FD000000F0FCFFFFC6FBFFFF0400000088
:108E400000040000BC13353FE3C3D30607F422C778
:108E5000DF38D3F20C3AE2342519F6F314B119884D
:108E6000DD6AB126B98CCFB03D12C99D28D30BE283
:108E700019DCDDF8C90515DCE918C081E9B6AF9D3C
:108E8000E1342E1126DFCCCF160D22C134B6ACEF63
:108E9000B6C7DF219F9B0AA726AC4A11C4FF9D24B9
:108EA00009D43AA8C819A8B33922A3F9E72CE5BE1A
:108EB000D714D324D0FC9902B6C2330DDAF54B692E
:108EC000E20B8DB6C500C5BCEBACE2BF963C11EC25
:108ED000B5DB1FFF62FACD13E59AF60348FFFD9E4E
:108EE0003710D6E903273D26CDDF279F3FD8DE1375
:108EF0000F300805D6D0E033BFE113B93BCD8EFE6D
:108F00001E44A9143ACB0533CA00A9F3B0BBF8BB81
:108F100013D50FCB825045113C942314EABE3A9EE0
:108F200006C5D933A2E83F83EA0FA9BDFAB4C8BE8B
:108F30009895051F3AFD90BACE00E8BE2E81DDC19E
:108F4000F905C8B91D132ACAE736CF4DFBEFF63233
:108F50000810F1F8EDEAFDE0FC004A3EF8DFEFF61C
:108F600026B31FD3F0F7EDD13481DCE3DCE9B2B0F6
:108F7000ADF2F3E23FECDE3CA0A6F33A0533B210CB
:108F800042F999C6CDD318C71BD3E1FEFB290B0CC0
:108F90002701C1CF1718E3B1B8AAD5A10D03160058
:108FA0000ECF3313BC17EFE8039DFB16EF08FED876
:108FB00001FDE9E9C9BC3002343F11C8B9A0C60CB3
:108FC00004CE280E0EC7BB101E1FE0B513BBCDC3C9
:108FD0001E0329EFD1CF26B231FFE5ACD51AA5C1CA
:108FE000C9CA25C6DA0A1CC717F90838C2B3CB812B
:108FF000050728E2E9EEA6F9D50AC40912C7E2A0DE
:10900000EA14F013E0B9B102EAA3198FDF11D11EFF
:10901000B604EBCF0E981231C5D3D6E228F2DDB9F3
:10902000A1CED6D831B2EE0DAFEE1805B9BBDFFF39
:10903000E2F2AAD2F0C9D1C5CAE0D622FDD60CBB55
:10904000162ED130EFEBE1E80DE2A8A8BFBBDDF6AC
:10905000B8D21032E4CC88E5F631BEE3CC892314D3
:10906000E0C4ED24029B968B1B1397E1D20F2406DC
:10907000D29BC3A5E00BE4C00701D7D9A50A16F11E
:1090800037B0EAE5BC3DE4D5C1EAAA0ACDFD2CA47F
:109090000EE181D2D5CB28EC252D0B09A6CE17FEEB
:1090A0001419E808C4B0EF06F8C6E0DE1294FE0812
:1090B00009BEEBA104031CE2BF43D418FBFD02CDA3
:1090C000D60D1D12391AF9FD00DA05C2FEF2AB12F7
:1090D000F6EEB92B1DC0CFF2BD09B427EEEA06FAB1
:1090E000E512FCE5FA04A8C2FCECF8A0F7E709F4E5
:1090F000DCFCD4EC2FCDECC59EC8DBE82F13F817B1
:10910000CAF381CEBB3AF729BACEF50FF0F1279416
:1091100017C4B4C9D3F8E30713329CC9BD3D1A9CE8
:109120002611BB1ECE1F0EFBF2D0B21D17E5BE0FDF
:10913000E1C511DBDEDDE80AEE07D2F3A90EAADAFB
:10914000AC050703D5C03C977F2C28D2C72E41F52C
:10915000FDABC5D8B839D6FABE462C0456E1F92580
:109160004336CE3E45C9D20BCEA341ECC43ED0C35C
:10917000EE8BCB8AE79909CE063705CCADA80CA1BA
:10918000DAEAD881BFA60D8FD7F58AA9C8E51FFAFC
:10919000A1B6F6F7EEACDC8FF6C6BE26CCF9A00D74
:1091A000B647C7F9C89CB707FD18C3C6E3E4671103
:1091B0004C488802A7BDB23AB2C65CC34EFC10AAA6
:1091C000FBC70F0AE3C09EBBEBFA38B8C4C1DBEFA4
:1091D00037F28DD0D3B38106C2B33F0B19191CE10E
:1091E000D303E9FF010302DBADD120071694AFCA18
:1091F000202D0C44011530B6072116EFD74F20EA79
:109200002311191B26DEA8E72006C790DAE7AD3840
:10921000BB9A123120ECF70EAABE1AE6ADCAE5ECF5
:1092200045DBD91891C23585AA1894B5B6A4CA876A
:10923000CB0709ACC2D30813E0F1D01B0BFE17FE1D
:109240000790EAC0D2FFFFFF0400000020000000EA
:109250003BFCFFFF33EBFFFFF2F8FFFF6EF6FFFF73
:1092600077F6FFFF15FEFFFFC1EEFFFFB3F8FFFF2C
:1092700000000600080004000600000004000000D2
:10928000080000000100000002000000A0BBFFFF7A
:10929000A4BBFFFF0F0000004D4C495220436F6EEE
:1092A0007665727465642E000100000014000000F1
:1092B00000000E001800140010000C00080004004C
:1092C0000E000000140000001C000000AC040000B0
:1092D000B0040000B4040000040000006D61696E79
:1092E0000000000012000000440400000004000020
:1092F000BC0300006803000014030000D00200005B
:109300009C0200006802000024020000D40100005A
:10931000900100005C01000028010000E400000052
:10932000B00000006C0000003400000010000000DD
:1093300000000A0010000C00080004000A000000F1
:109340000C000000100000000700000001000000F9
:109350002700000001000000260000007EFCFFFF47
:1093600014000000000000081000000014000000BD
:109370000600000088BCFFFF01000000260000007E
:1093800003000000250000000300000002000000B0
:10939000B2FCFFFF1C000000000000081C000000E1
:1093A0002000000006000000000006000800070082
:1093B0000600000000000001010000002500000080
:1093C000030000002400000005000000040000006D
:1093D000F2FCFFFF140000000000001B1000000062
:1093E0001400000005000000FCBCFFFF01000000AD
:1093F0002400000002000000230000000100000023
:1094000022FDFFFF14000000000000052400000002
:109410002800000003000000A2FDFFFF0200000082
:109420000100000002000000010000000000000137
:1094300001000000230000000100000022000000E5
:1094400062FDFFFF140000000000000B1000000090
:1094500014000000020000006CBDFFFF01000000CE
:1094600022000000020000002100000006000000B1
:1094700092FDFFFF14000000000000151000000026
:1094800014000000010000009CBDFFFF010000006F
:109490002100000002000000200000000700000082
:1094A00082FDFFFF10000000000000011C00000012
:1094B0002000000074FDFFFF00000001010000001B
:1094C0000100000000000001010000002000000079
:1094D000030000001F000000090000000800000059
:1094E00002FEFFFF20000000000000022800000034
:1094F0002C000000040000000C00100000000C0014
:10950000080004000C000000010000000100000041
:1095100001000000010000001F0000000300000027
:109520001E0000000B0000000A0000004EFEFFFFBE
:1095300014000000000000052400000028000000C6
:1095400003000000CEFEFFFF02000000020000004A
:109550000200000002000000000000010100000005
:109560001E000000010000001D0000008EFEFFFF35
:10957000140000000000000B1000000014000000A8
:109580000200000098BEFFFF010000001D00000067
:10959000020000001C0000000C000000BEFEFFFFE7
:1095A000140000000000001510000000140000006E
:1095B00001000000C8BEFFFF010000001C00000009
:1095C000020000001B0000000D000000AEFEFFFFC7
:1095D00010000000000000011C000000200000003E
:1095E000A0FEFFFF000000010100000001000000DC
:1095F00000000001010000001B000000030000004B
:109600001A0000000F0000000E0000002EFFFFFFF8
:1096100020000000000000022C00000030000000CC
:10962000040000000C00140013000C0008000400EB
:109630000C0000000100000001000000010000001B
:1096400000000001010000001A00000003000000FB
:109650001900000011000000100000007EFFFFFF55
:109660002400000000000005340000003800000065
:109670000300000000000E001800170010000C008E
:10968000080004000E0000000200000002000000BC
:1096900002000000020000000000000101000000C4
:1096A000190000000100000018000000CEFFFFFFBD
:1096B000140000000000000B100000001400000067
:1096C00002000000D8BFFFFF0100000018000000EA
:1096D00002000000170000001200000000000E0051
:1096E0001800140010000C000B0004000E00000015
:1096F000140000000000001510000000140000001D
:109700000100000018C0FFFF01000000170000006A
:1097100002000000160000001300000000000E0010
:109720001400000010000C000B0004000E000000EC
:109730001C00000000000001280000002C000000B8
:109740000C00140013000C00080007000C000000BF
:109750000000000101000000010000000000000105
:1097600001000000160000000300000000000000DF
:109770001500000014000000010000002700000098
:109780000100000000000000280000009C3F0000D5
:10979000403F0000703E0000B43D00006037000014
:1097A00004310000A03000003C300000E829000037
:1097B0008423000030200000B41C0000501C000076
:1097C000EC1B000098180000341500006013000026
:1097D0007811000018110000B4100000E00E000025
:1097E000FC0C0000080C00005C0B0000B00A00003C
:1097F000140A0000600900003C0800009007000007
:10980000E40600004806000094050000680400001B
:10981000BC0300001003000074020000E00100001F
:109820002401000080000000040000001AC1FFFFB6
:109830000000000118000000200000003C000000B3
:109840002800000000000009500000000200000095
:10985000FFFFFFFF08000000FCC0FFFF0800000042
:10986000100000000100000080FFFFFFFFFFFFFF6E
:10987000010000000000803B1B0000005374617475
:109880006566756C506172746974696F6E65644366
:10989000616C6C5F313A3000020000000100000092
:1098A0000800000092C1FFFF000000011800000046
:1098B000200000003C00000027000000000000091C
:1098C0007800000002000000FFFFFFFF080000001A
:1098D00074C1FFFF0800000010000000010000003C
:1098E0003A0000000000000001000000053C793D46
:1098F0004000000044535F434E4E5F4D6F64656C03
:109900005F312F64656E73655F315F322F4D617417
:109910004D756C3B44535F434E4E5F4D6F64656CB9
:109920005F312F64656E73655F315F322F4269610D
:1099300073416464000000000200000001000000A8
:109940000800000032C2FFFF000000011800000004
:10995000200000003C00000026000000000000097C
:109960009000000002000000FFFFFFFF80000000E9
:1099700014C2FFFF080000001000000001000000FA
:1099800080FFFFFFFFFFFFFF01000000EC6B5A3C70
:109990005800000044535F434E4E5F4D6F64656C4A
:1099A0005F312F64656E73655F312F4D61744D7546
:1099B0006C3B44535F434E4E5F4D6F64656C5F314B
:1099C0002F64656E73655F312F52656C753B445330
:1099D0005F434E4E5F4D6F64656C5F312F64656E03
:1099E00073655F312F426961734164640000000058
:1099F000020000000100000080000000EAC2FFFF3A
:109A000000000001180000002000000040000000DD
:109A100025000000000000096800000002000000AE
:109A2000FFFFFFFF80000000CCC2FFFF0800000026
:109A3000140000000100000099FFFFFFFFFFFFFF7F
:109A40000000000001000000B67BCA3C2E000000B0
:109A500044535F434E4E5F4D6F64656C5F312F67BB
:109A60006C6F62616C5F617665726167655F706F74
:109A70006F6C696E6732645F312F4D65616E0000F7
:109A80000200000001000000800000007AC3FFFF18
:109A90000000000118000000280000004400000041
:109AA000240000000000000968000000040000001D
:109AB000FFFFFFFF0300000008000000800000001F
:109AC00064C3FFFF08000000100000000100000058
:109AD00086FFFFFFFFFFFFFF0100000009620D3E50
:109AE0002A00000044535F434E4E5F4D6F64656C27
:109AF0005F312F6D61785F706F6F6C696E67326474
:109B00005F325F312F4D6178506F6F6C32640000AF
:109B10000400000001000000030000000800000035
:109B20008000000012C4FFFF0000000118000000C8
:109B30002800000048000000230000000000000989
:109B40007800000004000000FFFFFFFF0600000097
:109B50000800000080000000FCC3FFFF08000000B8
:109B6000140000000100000086FFFFFFFFFFFFFF61
:109B7000000000000100000009620D3E36000000F8
:109B800044535F434E4E5F4D6F64656C5F312F628F
:109B9000617463685F6E6F726D616C697A6174691C
:109BA0006F6E5F325F312F62617463686E6F726DCA
:109BB0002F6164645F3100000400000001000000B8
:109BC000060000000800000080000000BAC4FFFF8B
:109BD00000000001180000002800000048000000FC
:109BE00022000000000000097800000004000000CE
:109BF000FFFFFFFF060000000800000080000000DB
:109C0000A4C4FFFF080000001400000001000000D1
:109C100086FFFFFFFFFFFFFF0000000001000000C4
:109C200051D20D3E3600000044535F434E4E5F4D0F
:109C30006F64656C5F312F62617463685F6E6F7211
:109C40006D616C697A6174696F6E5F325F312F622A
:109C5000617463686E6F726D2F6D756C5F3100009B
:109C600004000000010000000600000008000000E1
:109C70008000000062C5FFFF000000011800000026
:109C8000280000004800000021000000000000093A
:109C9000F800000004000000FFFFFFFF06000000C6
:109CA00008000000800000004CC5FFFF0800000015
:109CB000140000000100000080FFFFFFFFFFFFFF16
:109CC000000000000100000059560A3EB5000000E7
:109CD00044535F434E4E5F4D6F64656C5F312F732D
:109CE0006570617261626C655F636F6E7632645F2E
:109CF000315F322F52656C753B44535F434E4E5F6C
:109D00004D6F64656C5F312F736570617261626C59
:109D1000655F636F6E7632645F315F322F426961D7
:109D2000734164643B44535F434E4E5F4D6F6465C3
:109D30006C5F312F736570617261626C655F636F18
:109D40006E7632645F315F322F736570617261626B
:109D50006C655F636F6E7632643B44535F434E4E77
:109D60005F4D6F64656C5F312F7365706172616206
:109D70006C655F636F6E7632645F315F322F537153
:109D80007565657A650000000400000001000000B0
:109D90000600000008000000800000008AC6FFFFE7
:109DA000000000011800000028000000480000002A
:109DB00020000000000000098000000004000000F6
:109DC000FFFFFFFF06000000080000004000000049
:109DD00074C6FFFF0800000014000000010000002E
:109DE000040000000000000000000000010000006E
:109DF00032673C3D3E00000044535F434E4E5F4D92
:109E00006F64656C5F312F736570617261626C6540
:109E10005F636F6E7632645F315F322F736570619E
:109E20007261626C655F636F6E7632642F64657019
:109E30007468776973650000040000000100000089
:109E40000600000008000000400000003AC7FFFFC5
:109E5000000000011800000028000000440000007D
:109E60001F0000000000000968000000040000005E
:109E7000FFFFFFFF06000000080000004000000098
:109E800024C7FFFF080000001000000001000000D0
:109E90008AFFFFFFFFFFFFFF01000000D61E123EFA
:109EA0002A00000044535F434E4E5F4D6F64656C63
:109EB0005F312F6D61785F706F6F6C696E673264B0
:109EC0005F315F322F4D6178506F6F6C32640000EC
:109ED000040000000100000006000000080000006F
:109EE00040000000D2C7FFFF000000011800000082
:109EF00028000000480000001E00000000000009CB
:109F00007800000004000000FFFFFFFF0D000000CC
:109F10001100000040000000BCC7FFFF0800000067
:109F200014000000010000008AFFFFFFFFFFFFFF99
:109F30000000000001000000D61E123E36000000A6
:109F400044535F434E4E5F4D6F64656C5F312F62CB
:109F5000617463685F6E6F726D616C697A61746958
:109F60006F6E5F315F322F62617463686E6F726D06
:109F70002F6164645F3100000400000001000000F4
:109F80000D00000011000000400000007AC8FFFF33
:109F90000000000118000000280000004800000038
:109FA0001D0000000000000978000000040000000F
:109FB000FFFFFFFF0D000000110000004000000047
:109FC00064C8FFFF0800000014000000010000004A
:109FD0008AFFFFFFFFFFFFFF0000000001000000FD
:109FE0005696123E3600000044535F434E4E5F4D7E
:109FF0006F64656C5F312F62617463685F6E6F724E
:10A000006D616C697A6174696F6E5F315F322F6266
:10A01000617463686E6F726D2F6D756C5F310000D7
:10A0200004000000010000000D000000110000000D
:10A030004000000022C9FFFF0000000118000000DE
:10A0400028000000480000001C000000000000097B
:10A05000F000000004000000FFFFFFFF0D00000003
:10A0600011000000400000000CC9FFFF08000000C4
:10A07000140000000100000080FFFFFFFFFFFFFF52
:10A0800000000000010000000BC50C3EAD00000008
:10A0900044535F434E4E5F4D6F64656C5F312F7369
:10A0A0006570617261626C655F636F6E7632645F6A
:10A0B000312F52656C753B44535F434E4E5F4D6F7D
:10A0C00064656C5F312F736570617261626C655F8E
:10A0D000636F6E7632645F312F42696173416464ED
:10A0E0003B44535F434E4E5F4D6F64656C5F312F51
:10A0F000736570617261626C655F636F6E76326406
:10A100005F312F736570617261626C655F636F6E42
:10A110007632643B44535F434E4E5F4D6F64656CD3
:10A120005F312F736570617261626C655F636F6E22
:10A130007632645F312F53717565657A6500000072
:10A1400004000000010000000D00000011000000EC
:10A150004000000042CAFFFF00000001180000009C
:10A1600028000000480000001B000000000000095B
:10A170008000000004000000FFFFFFFF0D00000052
:10A1800011000000200000002CCAFFFF08000000A2
:10A190001400000001000000EBFFFFFFFFFFFFFFC6
:10A1A00000000000010000001A46A33D3C00000032
:10A1B00044535F434E4E5F4D6F64656C5F312F7348
:10A1C0006570617261626C655F636F6E7632645F49
:10A1D000312F736570617261626C655F636F6E765B
:10A1E00032642F64657074687769736500000000DD
:10A1F00004000000010000000D000000110000003C
:10A2000020000000F2CAFFFF00000001180000005B
:10A2100028000000440000001A00000000000009AF
:10A220006800000004000000FFFFFFFF0F000000B7
:10A230001300000020000000DCCAFFFF080000003F
:10A24000100000000100000086FFFFFFFFFFFFFF7E
:10A2500001000000528BB63E2800000044535F43CB
:10A260004E4E5F4D6F64656C5F312F6D61785F702E
:10A270006F6F6C696E6732645F312F4D6178506F1C
:10A280006F6C326400000000040000000100000058
:10A290000F00000013000000200000008ACBFFFF29
:10A2A0000000000118000000280000004800000025
:10A2B0001900000000000009780000000400000000
:10A2C000FFFFFFFF1E00000026000000200000002E
:10A2D00074CBFFFF08000000140000000100000024
:10A2E00086FFFFFFFFFFFFFF0000000001000000EE
:10A2F000528BB63E3400000044535F434E4E5F4DD8
:10A300006F64656C5F312F62617463685F6E6F723A
:10A310006D616C697A6174696F6E5F312F6261740F
:10A3200063686E6F726D2F6164645F3100000000BE
:10A3300004000000010000001E00000026000000D4
:10A340002000000032CCFFFF0000000118000000D8
:10A35000280000004800000018000000000000096C
:10A360007800000004000000FFFFFFFF1E00000057
:10A3700026000000200000001CCCFFFF08000000A9
:10A38000140000000100000086FFFFFFFFFFFFFF39
:10A390000000000001000000528BB63E34000000B7
:10A3A00044535F434E4E5F4D6F64656C5F312F6267
:10A3B000617463685F6E6F726D616C697A617469F4
:10A3C0006F6E5F312F62617463686E6F726D2F6D97
:10A3D000756C5F3100000000040000000100000007
:10A3E0001E0000002600000020000000DACCFFFF65
:10A3F00000000001180000002800000044000000D8
:10A400001700000000000009C00000000400000068
:10A41000FFFFFFFF1E0000002600000020000000DC
:10A42000C4CCFFFF08000000100000000100000085
:10A4300080FFFFFFFFFFFFFF01000000F7D0B13EEC
:10A440008100000044535F434E4E5F4D6F64656C66
:10A450005F312F636F6E7632645F312F52656C759A
:10A460003B44535F434E4E5F4D6F64656C5F312FCD
:10A47000636F6E7632645F312F4269617341646449
:10A480003B44535F434E4E5F4D6F64656C5F312FAD
:10A49000636F6E7632645F312F636F6E766F6C75AB
:10A4A00074696F6E3B44535F434E4E5F4D6F6465FE
:10A4B0006C5F312F636F6E7632645F312F5371752D
:10A4C00065657A65310000000400000001000000AD
:10A4D0001E000000260000002000000022CEFFFF2A
:10A4E0000000000114000000A80100001600000098
:10A4F00000000009B40100009CCDFFFF080000002F
:10A500000C0100002000000000000000000000001E
:10A51000000000000000000000000000000000003B
:10A52000000000000000000000000000000000002B
:10A53000000000000000000000000000000000001B
:10A54000000000000000000000000000000000000B
:10A5500000000000000000000000000000000000FB
:10A5600000000000000000000000000000000000EB
:10A5700000000000000000000000000000000000DB
:10A5800000000000000000000000000000000000CB
:10A5900000000000000000000000000000000000BB
:10A5A00000000000000000000000000000000000AB
:10A5B000000000000000000000000000000000009B
:10A5C000000000000000000000000000000000008B
:10A5D000000000000000000000000000000000007B
:10A5E000000000000000000000000000000000006B
:10A5F000000000000000000000000000000000005B
:10A60000000000000000000000000000200000002A
:10A6100067E1BF3A050F8B3A21C5943AE440B93A55
:10A620004996A43A5184AE3AECAE973AD0C1993AE1
:10A630001A29EB3AE7BD863AAEFB163B1E5A8B3A17
:10A640007656043B45E7963ACB8CCF3A31C3BA3ABB
:10A65000C4DAB23A72429F3A4179BA3A939BA73A26
:10A66000ECC8DB3AF438BB3AE84BB83A35E3CC3ABD
:10A67000FC76BE3AB54FB03A0363C93A10A2C43A69
:10A680007D5EA43A23D8E63A22BCD83A3789C43A48
:10A690001300000074666C2E70736575646F5F71D3
:10A6A000636F6E73743139000400000020000000F5
:10A6B00003000000030000000100000002D0FFFFC3
:10A6C0000000000114000000A401000015000000BB
:10A6D00000000002B00100007CCFFFFF0800000076
:10A6E0000801000020000000000000000000000041
:10A6F000000000000000000000000000000000005A
:10A700000000000000000000000000000000000049
:10A710000000000000000000000000000000000039
:10A720000000000000000000000000000000000029
:10A730000000000000000000000000000000000019
:10A740000000000000000000000000000000000009
:10A7500000000000000000000000000000000000F9
:10A7600000000000000000000000000000000000E9
:10A7700000000000000000000000000000000000D9
:10A7800000000000000000000000000000000000C9
:10A7900000000000000000000000000000000000B9
:10A7A00000000000000000000000000000000000A9
:10A7B0000000000000000000000000000000000099
:10A7C0000000000000000000000000000000000089
:10A7D0000000000000000000000000000000000079
:10A7E0000000000000000000200000008CCAF039CA
:10A7F0004881AE391BB1BA399779E839668ACE39C2
:10A800006600DB390059BE3938F3C0393E8D133A42
:10A810007816A93912783D3A85DFAE392612263AE4
:10A82000755EBD39393A023A5C5EEA39E771E03962
:10A83000EADAC7399301EA39CD54D2397BE7093ACC
:10A8400024F2EA392946E739908E003ABF03EF39FE
:10A85000E440DD397DB8FC3956C1F6396144CE3962
:10A86000EED7103A93FD073A27A2F63913000000FD
:10A8700074666C2E70736575646F5F71636F6E7351
:10A88000743138000100000020000000D2D1FFFF29
:10A89000000000011400000034000000140000005B
:10A8A00000000009400000004CD1FFFF080000003C
:10A8B000140000000100000080FFFFFFFFFFFFFF0A
:10A8C00000000000010000007D79FC3D1300000045
:10A8D00074666C2E70736575646F5F71636F6E73F1
:10A8E00074313700010000002000000032D2FFFF69
:10A8F0000000000114000000300000001300000000
:10A90000000000093C000000ACD1FFFF080000007F
:10A9100010000000010000006900000000000000BD
:10A9200001000000529A223C1300000074666C2E55
:10A9300070736575646F5F71636F6E737431360029
:10A9400001000000200000008ED2FFFF0000000187
:10A9500014000000AC01000012000000000000091B
:10A96000B8010000DAF4FFFF030000000800000057
:10A970000C010000200000000000000000000000AA
:10A9800000000000000000000000000000000000C7
:10A9900000000000000000000000000000000000B7
:10A9A00000000000000000000000000000000000A7
:10A9B0000000000000000000000000000000000097
:10A9C0000000000000000000000000000000000087
:10A9D0000000000000000000000000000000000077
:10A9E0000000000000000000000000000000000067
:10A9F0000000000000000000000000000000000057
:10AA00000000000000000000000000000000000046
:10AA10000000000000000000000000000000000036
:10AA20000000000000000000000000000000000026
:10AA30000000000000000000000000000000000016
:10AA40000000000000000000000000000000000006
:10AA500000000000000000000000000000000000F6
:10AA600000000000000000000000000000000000E6
:10AA700000000000000000000000000020000000B6
:10AA8000A4EAE93A685F5B3AB33A743A8186CC3A11
:10AA90008589BB3A388FA13A819F9F3AD067993A0E
:10AAA000ECAAC93A6C3BDF3A03BDC73A1D77B33A0B
:10AAB00014A5853A11899D3A88DAA63A5739FF3AA2
:10AAC00024D2093B562C973A004D9F3A5A0AC83A6D
:10AAD000EE9DC33A8EE0B53A4407043B7DF6AD3AAD
:10AAE00051648B3AAC03DB3AF82D3D3A921BD33AD2
:10AAF000068BED3AA20CC93AA48C5F3AE703813A7F
:10AB00001300000074666C2E70736575646F5F715E
:10AB1000636F6E73743135000400000001000000A3
:10AB200003000000030000002000000072D4FFFFBB
:10AB30000000000114000000A4010000110000004A
:10AB400000000002B0010000ECD3FFFF080000008D
:10AB500008010000200000000000000000000000CC
:10AB600000000000000000000000000000000000E5
:10AB700000000000000000000000000000000000D5
:10AB800000000000000000000000000000000000C5
:10AB900000000000000000000000000000000000B5
:10ABA00000000000000000000000000000000000A5
:10ABB0000000000000000000000000000000000095
:10ABC0000000000000000000000000000000000085
:10ABD0000000000000000000000000000000000075
:10ABE0000000000000000000000000000000000065
:10ABF0000000000000000000000000000000000055
:10AC00000000000000000000000000000000000044
:10AC10000000000000000000000000000000000034
:10AC20000000000000000000000000000000000024
:10AC30000000000000000000000000000000000014
:10AC40000000000000000000000000000000000004
:10AC50000000000000000000200000001ECC263A8A
:10AC6000376D9C39A526AE39EED6113AD4B9053ADE
:10AC70007D67E63989A4E33995C6DA3944CD0F3AC0
:10AC8000BC2D1F3A146D0E3AB4F0FF392F98BE391F
:10AC90005CAAE03956F4ED39AAFD353ACE8C443A37
:10ACA0009597D739E02EE3393AA40E3ABD7C0B3A9A
:10ACB000A0B0013A094A3C3AD317F8395BCAC63901
:10ACC000CD2B1C3AA3E586397D88163A1D62293AB8
:10ACD000655C0F3AA6679F39F9FDB739130000008C
:10ACE00074666C2E70736575646F5F71636F6E73DD
:10ACF00074313400010000002000000042D6FFFF44
:10AD000000000001140000002803000010000000F3
:10AD10000000000934030000BCD5FFFF080000005C
:10AD20000C020000400000000000000000000000D5
:10AD30000000000000000000000000000000000013
:10AD40000000000000000000000000000000000003
:10AD500000000000000000000000000000000000F3
:10AD600000000000000000000000000000000000E3
:10AD700000000000000000000000000000000000D3
:10AD800000000000000000000000000000000000C3
:10AD900000000000000000000000000000000000B3
:10ADA00000000000000000000000000000000000A3
:10ADB0000000000000000000000000000000000093
:10ADC0000000000000000000000000000000000083
:10ADD0000000000000000000000000000000000073
:10ADE0000000000000000000000000000000000063
:10ADF0000000000000000000000000000000000053
:10AE00000000000000000000000000000000000042
:10AE10000000000000000000000000000000000032
:10AE20000000000000000000000000000000000022
:10AE30000000000000000000000000000000000012
:10AE40000000000000000000000000000000000002
:10AE500000000000000000000000000000000000F2
:10AE600000000000000000000000000000000000E2
:10AE700000000000000000000000000000000000D2
:10AE800000000000000000000000000000000000C2
:10AE900000000000000000000000000000000000B2
:10AEA00000000000000000000000000000000000A2
:10AEB0000000000000000000000000000000000092
:10AEC0000000000000000000000000000000000082
:10AED0000000000000000000000000000000000072
:10AEE0000000000000000000000000000000000062
:10AEF0000000000000000000000000000000000052
:10AF00000000000000000000000000000000000041
:10AF10000000000000000000000000000000000031
:10AF200000000000000000000000000040000000E1
:10AF3000F9704A3B3B98403B4179293B7C8C593B1B
:10AF4000E4F4483B821D593BA1603C3B14B1303BCB
:10AF500033BA333B576D0E3B0037183BE9DD583BA6
:10AF60009C13583BA83C1F3B1D115B3BB2CD483B9B
:10AF7000CDF6063B014B363BE466543B63040E3B87
:10AF80005C1BFD3A6F89383B0C63883B79641E3B40
:10AF90007020333B7B3C493B7B2F2E3B8EF33C3B6D
:10AFA000CDDE313BB060273BA7FA3D3BC9C20C3B2D
:10AFB000D56B5D3B73806B3B76EB133B6F054C3B76
:10AFC000DEF91E3B3933303B1380243BF5DA303B4E
:10AFD000B99B5D3BF40B273B901D4B3B513A693BC2
:10AFE0009564403BA108203B71D37C3B10DA773B52
:10AFF0009006153BFC3A1C3BD3EA1B3B937B223B60
:10B0000010DA0F3B26CD273B2149563B85F20F3BFB
:10B01000368C353B3181653B4DEA2C3B384F323B1A
:10B0200020E03D3B0373503BE416403BFD2A2C3BA4
:10B030001300000074666C2E70736575646F5F7129
:10B04000636F6E7374313300040000004000000031
:10B05000010000000100000020000000A2D9FFFF55
:10B060000000000114000000240300000F00000095
:10B0700000000002300300001CD9FFFF08000000A0
:10B080000802000040000000000000000000000076
:10B0900000000000000000000000000000000000B0
:10B0A00000000000000000000000000000000000A0
:10B0B0000000000000000000000000000000000090
:10B0C0000000000000000000000000000000000080
:10B0D0000000000000000000000000000000000070
:10B0E0000000000000000000000000000000000060
:10B0F0000000000000000000000000000000000050
:10B10000000000000000000000000000000000003F
:10B11000000000000000000000000000000000002F
:10B12000000000000000000000000000000000001F
:10B13000000000000000000000000000000000000F
:10B1400000000000000000000000000000000000FF
:10B1500000000000000000000000000000000000EF
:10B1600000000000000000000000000000000000DF
:10B1700000000000000000000000000000000000CF
:10B1800000000000000000000000000000000000BF
:10B1900000000000000000000000000000000000AF
:10B1A000000000000000000000000000000000009F
:10B1B000000000000000000000000000000000008F
:10B1C000000000000000000000000000000000007F
:10B1D000000000000000000000000000000000006F
:10B1E000000000000000000000000000000000005F
:10B1F000000000000000000000000000000000004F
:10B20000000000000000000000000000000000003E
:10B21000000000000000000000000000000000002E
:10B22000000000000000000000000000000000001E
:10B23000000000000000000000000000000000000E
:10B2400000000000000000000000000000000000FE
:10B2500000000000000000000000000000000000EE
:10B2600000000000000000000000000000000000DE
:10B2700000000000000000000000000000000000CE
:10B280000000000000000000400000005E1D813949
:10B2900056AB75393A2D583905C08A39F52A8039A7
:10B2A0003E798A39384A7039446261398B4165394F
:10B2B0003EAD353967294239AE508A39A8CF893930
:10B2C000731E4B39E2B78B39F511803933282C398D
:10B2D00059876839AD7787395D273539BB6D213995
:10B2E00014646B39D3F8AD39B10A4A39697D6439D0
:10B2F0009D588039DC2F5E39A205713923E362390C
:10B30000CB8055393C557239238D33394B388D39C3
:10B3100046339639DBAE3C39541F823942C94A392B
:10B32000BAC1603930D55139B0976139D6568D39A7
:10B33000B5145539718B8139FFBF943974697539EA
:10B34000A2224C39DC3FA139B7139E39F9173E3997
:10B35000AD4847396DE246395A424F39797E37391F
:10B36000250B56393EAB8839AB9D3739FA9367398F
:10B370001B60923911915C39897263396633723975
:10B3800050F284395A067539099D5B391300000063
:10B3900074666C2E70736575646F5F71636F6E7326
:10B3A000743132000100000040000000F2DCFFFFB9
:10B3B0000000000114000000340000000E00000036
:10B3C00000000009400000006CDCFFFF08000000E6
:10B3D000140000000100000080FFFFFFFFFFFFFFDF
:10B3E000000000000100000012CA493D13000000E7
:10B3F00074666C2E70736575646F5F71636F6E73C6
:10B4000074313100010000004000000052DDFFFFF8
:10B410000000000114000000340000000D000000D6
:10B420000000000940000000CCDCFFFF0800000025
:10B430001400000001000000610000000000000096
:10B440000000000001000000B8C4D23B130000005F
:10B4500074666C2E70736575646F5F71636F6E7365
:10B46000743130000100000040000000B2DDFFFF39
:10B470000000000128000000400300000C00000054
:10B48000000000094C030000000012001000000042
:10B4900000000C0008000000000004001200000082
:10B4A00003000000080000000C0200004000000043
:10B4B000000000000000000000000000000000008C
:10B4C000000000000000000000000000000000007C
:10B4D000000000000000000000000000000000006C
:10B4E000000000000000000000000000000000005C
:10B4F000000000000000000000000000000000004C
:10B50000000000000000000000000000000000003B
:10B51000000000000000000000000000000000002B
:10B52000000000000000000000000000000000001B
:10B53000000000000000000000000000000000000B
:10B5400000000000000000000000000000000000FB
:10B5500000000000000000000000000000000000EB
:10B5600000000000000000000000000000000000DB
:10B5700000000000000000000000000000000000CB
:10B5800000000000000000000000000000000000BB
:10B5900000000000000000000000000000000000AB
:10B5A000000000000000000000000000000000009B
:10B5B000000000000000000000000000000000008B
:10B5C000000000000000000000000000000000007B
:10B5D000000000000000000000000000000000006B
:10B5E000000000000000000000000000000000005B
:10B5F000000000000000000000000000000000004B
:10B60000000000000000000000000000000000003A
:10B61000000000000000000000000000000000002A
:10B62000000000000000000000000000000000001A
:10B63000000000000000000000000000000000000A
:10B6400000000000000000000000000000000000FA
:10B6500000000000000000000000000000000000EA
:10B6600000000000000000000000000000000000DA
:10B6700000000000000000000000000000000000CA
:10B6800000000000000000000000000000000000BA
:10B6900000000000000000000000000000000000AA
:10B6A000000000000000000000000000000000009A
:10B6B000000000004000000026E4C33AEA55E83AE2
:10B6C000808FD83AAB52EF3A33A07F3AC9CC953A43
:10B6D000DC62AD3A6363A83A146BC63A94E38D3AE0
:10B6E0003598AB3A6E009A3A0CD7A33AAFE0803A5D
:10B6F0007D3EF43A86A4BD3AF727B13AD41FD03A3A
:10B70000D5B3B33AB865AB3AD215DA3AD8F9D03AEC
:10B71000EC9EA13AB2A6AE3AD3A1D03ABAD9B13A88
:10B72000013AEA3A555DC53A6CB5A43A2144EF3A7C
:10B73000AD9A5A3A4985BB3AAFC6A53ADE1AEB3AFA
:10B740007BF0D33ADEF9CD3A1D39B13AF1F6A03AA1
:10B750007B3A9C3AE402AF3A4AE2D63A7FDDCC3AF1
:10B760009BE38F3A0697B13A2D25C13A8A45B33A01
:10B770007E3CDA3A3735B83A1298B43AFEEFA13A3D
:10B7800065797B3AF7ABA73ABAA5B03A2A27D33AFC
:10B790002ECBB63A48FE973A6AF2A93A7DF2C03A01
:10B7A000DCA3A33A6961D63A96D6833A7B8B8F3A6B
:10B7B0007177EF3AD69CA83A1200000074666C2E9E
:10B7C00070736575646F5F71636F6E7374390000B9
:10B7D000040000000100000003000000030000005E
:10B7E000400000002AE1FFFF0000000114000000FB
:10B7F000240300000B0000000000000230030000E2
:10B80000A4E0FFFF08000000080200004000000064
:10B810000000000000000000000000000000000028
:10B820000000000000000000000000000000000018
:10B830000000000000000000000000000000000008
:10B8400000000000000000000000000000000000F8
:10B8500000000000000000000000000000000000E8
:10B8600000000000000000000000000000000000D8
:10B8700000000000000000000000000000000000C8
:10B8800000000000000000000000000000000000B8
:10B8900000000000000000000000000000000000A8
:10B8A0000000000000000000000000000000000098
:10B8B0000000000000000000000000000000000088
:10B8C0000000000000000000000000000000000078
:10B8D0000000000000000000000000000000000068
:10B8E0000000000000000000000000000000000058
:10B8F0000000000000000000000000000000000048
:10B900000000000000000000000000000000000037
:10B910000000000000000000000000000000000027
:10B920000000000000000000000000000000000017
:10B930000000000000000000000000000000000007
:10B9400000000000000000000000000000000000F7
:10B9500000000000000000000000000000000000E7
:10B9600000000000000000000000000000000000D7
:10B9700000000000000000000000000000000000C7
:10B9800000000000000000000000000000000000B7
:10B9900000000000000000000000000000000000A7
:10B9A0000000000000000000000000000000000097
:10B9B0000000000000000000000000000000000087
:10B9C0000000000000000000000000000000000077
:10B9D0000000000000000000000000000000000067
:10B9E0000000000000000000000000000000000057
:10B9F0000000000000000000000000000000000047
:10BA00000000000000000000000000000000000036
:10BA1000400000006C9F5F39FC9C8439DA3777392D
:10BA2000F999883928E81139AC012B3988EE453964
:10BA3000EE394039F0816239C3F92139F3E24339F3
:10BA400097CD2F39C2083B39541F13390F698B39F1
:10BA5000587D5839433C4A3971966D396A244D39BD
:10BA600050A943396DF57839528F6E3935803839A0
:10BA700036604739D72A6E3931074B394BB1853992
:10BA8000014E61399D063C39AD918839178DF938E1
:10BA9000341156398F3E3D39A43186395BF1713905
:10BAA000A0226B39D74F4A3972C0373957583239CB
:10BAB00075C94739E14D7539FFDD69394742243988
:10BAC0000BBB4A39EF7C5C3981A64C39932179391B
:10BAD00013495239F6284E39C1DC383986890F3975
:10BAE0008A683F3996A749398A0B7139CAAB5039F0
:10BAF000A8822D397201423912435C3953CE3A394A
:10BB0000C1BA743986801639ADDD2339F7AE88396C
:10BB1000837B40391200000074666C2E707365756B
:10BB2000646F5F71636F6E73743800000100000012
:10BB3000400000007AE4FFFF000000011400000054
:10BB4000280600000A00000000000009340600007A
:10BB5000F4E3FFFF080000000C0400008000000078
:10BB600000000000000000000000000000000000D5
:10BB700000000000000000000000000000000000C5
:10BB800000000000000000000000000000000000B5
:10BB900000000000000000000000000000000000A5
:10BBA0000000000000000000000000000000000095
:10BBB0000000000000000000000000000000000085
:10BBC0000000000000000000000000000000000075
:10BBD0000000000000000000000000000000000065
:10BBE0000000000000000000000000000000000055
:10BBF0000000000000000000000000000000000045
:10BC00000000000000000000000000000000000034
:10BC10000000000000000000000000000000000024
:10BC20000000000000000000000000000000000014
:10BC30000000000000000000000000000000000004
:10BC400000000000000000000000000000000000F4
:10BC500000000000000000000000000000000000E4
:10BC600000000000000000000000000000000000D4
:10BC700000000000000000000000000000000000C4
:10BC800000000000000000000000000000000000B4
:10BC900000000000000000000000000000000000A4
:10BCA0000000000000000000000000000000000094
:10BCB0000000000000000000000000000000000084
:10BCC0000000000000000000000000000000000074
:10BCD0000000000000000000000000000000000064
:10BCE0000000000000000000000000000000000054
:10BCF0000000000000000000000000000000000044
:10BD00000000000000000000000000000000000033
:10BD10000000000000000000000000000000000023
:10BD20000000000000000000000000000000000013
:10BD30000000000000000000000000000000000003
:10BD400000000000000000000000000000000000F3
:10BD500000000000000000000000000000000000E3
:10BD600000000000000000000000000000000000D3
:10BD700000000000000000000000000000000000C3
:10BD800000000000000000000000000000000000B3
:10BD900000000000000000000000000000000000A3
:10BDA0000000000000000000000000000000000093
:10BDB0000000000000000000000000000000000083
:10BDC0000000000000000000000000000000000073
:10BDD0000000000000000000000000000000000063
:10BDE0000000000000000000000000000000000053
:10BDF0000000000000000000000000000000000043
:10BE00000000000000000000000000000000000032
:10BE10000000000000000000000000000000000022
:10BE20000000000000000000000000000000000012
:10BE30000000000000000000000000000000000002
:10BE400000000000000000000000000000000000F2
:10BE500000000000000000000000000000000000E2
:10BE600000000000000000000000000000000000D2
:10BE700000000000000000000000000000000000C2
:10BE800000000000000000000000000000000000B2
:10BE900000000000000000000000000000000000A2
:10BEA0000000000000000000000000000000000092
:10BEB0000000000000000000000000000000000082
:10BEC0000000000000000000000000000000000072
:10BED0000000000000000000000000000000000062
:10BEE0000000000000000000000000000000000052
:10BEF0000000000000000000000000000000000042
:10BF00000000000000000000000000000000000031
:10BF10000000000000000000000000000000000021
:10BF20000000000000000000000000000000000011
:10BF30000000000000000000000000000000000001
:10BF400000000000000000000000000000000000F1
:10BF500000000000000000000000000000000000E1
:10BF60000000000080000000DF1D663B9AF91A3BCC
:10BF700086603E3B2B28223B628E1D3B94563B3B0A
:10BF80007B7E243B7CEB393BE13E263BF2053C3B90
:10BF90008E65433B348B313B03AB1A3B50D92E3B70
:10BFA000D213213B2AB6313B473F2E3BCA895B3B2C
:10BFB00055D2233BB9EC4B3BB0131E3BED3E3D3B12
:10BFC000B166103BA2CD4D3BE41F203B0F3BF33A43
:10BFD0001F2C583B79CF123B6FF8353B6F233A3B10
:10BFE0003867203B18A8213BCD681E3B30FC423B04
:10BFF000A5671E3B4D8A2E3B82AF233BC6BB243B2D
:10C00000CC03273B4505303BA140543B1A763B3BD4
:10C01000CEC9333B48691A3BFDC43C3BAEB6173B27
:10C0200039920C3B76462E3B2495263BAD49263B68
:10C03000881C6F3B7261243B3B31153B1914323B2A
:10C040006A01363BCB08263B42333B3B86D15D3B06
:10C050000C55133B1C741A3B13F9143B0C3F093B62
:10C060008B100B3BB10C1E3B57B6313BACF0173B72
:10C070007A472D3B72C7303B81A11D3B724E113B6D
:10C0800046552D3B6E685E3BEA3D543BD9591E3BFD
:10C0900037E7443BB2AB383B13BE373B79193C3BE7
:10C0A00008A7463B2F43103BB0702C3BBD2E1F3BD7
:10C0B000F03C4B3BB25D1C3BA46D263B0E1C4B3B46
:10C0C0008BDD2C3B28CB1E3BD3C6053B7ADD333BB7
:10C0D0002BC8103BBD8A043BE421173B8C73343BD7
:10C0E0003F443D3B045F353B0A7A3C3BC2BB663B69
:10C0F000AC3D463B1B26303BB33F2C3B13A0453B9E
:10C10000FF911A3B0DE7463B19A82B3B94781F3B48
:10C110003A0B073B80C81E3B0AD9263B733D253BA3
:10C120008E711A3BFED5483B04E60F3B9429243B15
:10C1300034B4373B9769EA3ABAC0373BC2945A3BAA
:10C140006D3F263B5915233BB4B7113BA4BD483B7B
:10C15000B256163B768D0D3BF336483B1F73253B9D
:10C1600095AC303B31503C3B1200000074666C2EA5
:10C1700070736575646F5F71636F6E737437000001
:10C180000400000080000000010000000100000029
:10C1900040000000DAEAFFFF000000011400000088
:10C1A0002406000009000000000000023006000024
:10C1B00054EAFFFF080000000804000080000000AF
:10C1C000000000000000000000000000000000006F
:10C1D000000000000000000000000000000000005F
:10C1E000000000000000000000000000000000004F
:10C1F000000000000000000000000000000000003F
:10C20000000000000000000000000000000000002E
:10C21000000000000000000000000000000000001E
:10C22000000000000000000000000000000000000E
:10C2300000000000000000000000000000000000FE
:10C2400000000000000000000000000000000000EE
:10C2500000000000000000000000000000000000DE
:10C2600000000000000000000000000000000000CE
:10C2700000000000000000000000000000000000BE
:10C2800000000000000000000000000000000000AE
:10C29000000000000000000000000000000000009E
:10C2A000000000000000000000000000000000008E
:10C2B000000000000000000000000000000000007E
:10C2C000000000000000000000000000000000006E
:10C2D000000000000000000000000000000000005E
:10C2E000000000000000000000000000000000004E
:10C2F000000000000000000000000000000000003E
:10C30000000000000000000000000000000000002D
:10C31000000000000000000000000000000000001D
:10C32000000000000000000000000000000000000D
:10C3300000000000000000000000000000000000FD
:10C3400000000000000000000000000000000000ED
:10C3500000000000000000000000000000000000DD
:10C3600000000000000000000000000000000000CD
:10C3700000000000000000000000000000000000BD
:10C3800000000000000000000000000000000000AD
:10C39000000000000000000000000000000000009D
:10C3A000000000000000000000000000000000008D
:10C3B000000000000000000000000000000000007D
:10C3C000000000000000000000000000000000006D
:10C3D000000000000000000000000000000000005D
:10C3E000000000000000000000000000000000004D
:10C3F000000000000000000000000000000000003D
:10C40000000000000000000000000000000000002C
:10C41000000000000000000000000000000000001C
:10C42000000000000000000000000000000000000C
:10C4300000000000000000000000000000000000FC
:10C4400000000000000000000000000000000000EC
:10C4500000000000000000000000000000000000DC
:10C4600000000000000000000000000000000000CC
:10C4700000000000000000000000000000000000BC
:10C4800000000000000000000000000000000000AC
:10C49000000000000000000000000000000000009C
:10C4A000000000000000000000000000000000008C
:10C4B000000000000000000000000000000000007C
:10C4C000000000000000000000000000000000006C
:10C4D000000000000000000000000000000000005C
:10C4E000000000000000000000000000000000004C
:10C4F000000000000000000000000000000000003C
:10C50000000000000000000000000000000000002B
:10C51000000000000000000000000000000000001B
:10C52000000000000000000000000000000000000B
:10C5300000000000000000000000000000000000FB
:10C5400000000000000000000000000000000000EB
:10C5500000000000000000000000000000000000DB
:10C5600000000000000000000000000000000000CB
:10C5700000000000000000000000000000000000BB
:10C5800000000000000000000000000000000000AB
:10C59000000000000000000000000000000000009B
:10C5A000000000000000000000000000000000008B
:10C5B000000000000000000000000000000000007B
:10C5C00080000000B35A29398C1BE438A01B0C39B9
:10C5D000BBADEE3826E8E73819DF0939631EF238BB
:10C5E000E1D3083962B2F43829600A3958CD0F39DD
:10C5F000CCA90239DEA7E33812AE0039F916ED38BE
:10C600006AC90239B63C0039B09121390021F138AC
:10C610000C1416395CACE8387F460B393F8BD438A4
:10C62000F9751739EFAFEB386B01B3388B171F393A
:10C630001617D838CCEB05390EFD0839EC18EC3854
:10C6400038F1ED38A329E938CD7F0F39F027E938E3
:10C65000EC730039BEEDF0389A78F2383AD4F538F8
:10C66000D38A013906351C394CF60939AD500439E5
:10C670001F47E338C2EC0A39A04EDF3818E8CE383D
:10C68000FF4100395A31F53846C2F43857F92F398D
:10C69000A6F3F1389798DB388B0E033968F2053929
:10C6A000C662F4381BC50939493F2339B2DBD83893
:10C6B0000F57E338EF45DB384003CA386AB0CC384F
:10C6C00010A2E8388BC90239FCA3DF38AE0CFF3862
:10C6D000BA1902394B04E8385DE0D538FD20FF383F
:10C6E00058AE233906331C39A113E9382CE9103927
:10C6F00088E80739A7390739886E0A39BE321239F6
:10C70000FB56D43889D0FD38FB4CEA38AD92153948
:10C71000AE27E63836F7F4387A7A1539C270FE3823
:10C7200068BAE938E0E7C438275F0439B91AD53860
:10C73000A116C3389F73DE3899CD04396A4A0B3984
:10C74000E47A053999B50A39E5CE293934E5113944
:10C75000FEA201396D88FD38387111390C83E33838
:10C76000DB61123949A9FC38ABB9EA385DC5C63876
:10C770007FB6E9384B95F5387937F3384C53E338C1
:10C780001CCE1339D9CDD3386BA1F13864320739B7
:10C790000984AC389B3B07395BDD203930B3F43872
:10C7A000D60AF0384B7BD63830BC13398A48DD388E
:10C7B000E459D038105913397986F338F505023920
:10C7C000CD960A391200000074666C2E7073657580
:10C7D000646F5F71636F6E73743600000100000058
:10C7E000800000002AF1FFFF00000001140000009B
:10C7F00034000000080000000000000940000000B4
:10C80000A4F0FFFF08000000140000000100000079
:10C8100080FFFFFFFFFFFFFF00000000010000009E
:10C820009D4DED3D1200000074666C2E70736575B1
:10C83000646F5F71636F6E737435000001000000F8
:10C84000800000008AF1FFFF0000000114000000DA
:10C850003400000007000000000000094000000054
:10C8600004F1FFFF080000001400000001000000B8
:10C870007F00000000000000000000000100000038
:10C8800012FE5E3B1200000074666C2E70736575BC
:10C89000646F5F71636F6E73743400000100000099
:10C8A00080000000EAF1FFFF00000001140000001A
:10C8B0002806000006000000000000093406000001
:10C8C00064F1FFFF080000000C040000800000007D
:10C8D0000000000000000000000000000000000058
:10C8E0000000000000000000000000000000000048
:10C8F0000000000000000000000000000000000038
:10C900000000000000000000000000000000000027
:10C910000000000000000000000000000000000017
:10C920000000000000000000000000000000000007
:10C9300000000000000000000000000000000000F7
:10C9400000000000000000000000000000000000E7
:10C9500000000000000000000000000000000000D7
:10C9600000000000000000000000000000000000C7
:10C9700000000000000000000000000000000000B7
:10C9800000000000000000000000000000000000A7
:10C990000000000000000000000000000000000097
:10C9A0000000000000000000000000000000000087
:10C9B0000000000000000000000000000000000077
:10C9C0000000000000000000000000000000000067
:10C9D0000000000000000000000000000000000057
:10C9E0000000000000000000000000000000000047
:10C9F0000000000000000000000000000000000037
:10CA00000000000000000000000000000000000026
:10CA10000000000000000000000000000000000016
:10CA20000000000000000000000000000000000006
:10CA300000000000000000000000000000000000F6
:10CA400000000000000000000000000000000000E6
:10CA500000000000000000000000000000000000D6
:10CA600000000000000000000000000000000000C6
:10CA700000000000000000000000000000000000B6
:10CA800000000000000000000000000000000000A6
:10CA90000000000000000000000000000000000096
:10CAA0000000000000000000000000000000000086
:10CAB0000000000000000000000000000000000076
:10CAC0000000000000000000000000000000000066
:10CAD0000000000000000000000000000000000056
:10CAE0000000000000000000000000000000000046
:10CAF0000000000000000000000000000000000036
:10CB00000000000000000000000000000000000025
:10CB10000000000000000000000000000000000015
:10CB20000000000000000000000000000000000005
:10CB300000000000000000000000000000000000F5
:10CB400000000000000000000000000000000000E5
:10CB500000000000000000000000000000000000D5
:10CB600000000000000000000000000000000000C5
:10CB700000000000000000000000000000000000B5
:10CB800000000000000000000000000000000000A5
:10CB90000000000000000000000000000000000095
:10CBA0000000000000000000000000000000000085
:10CBB0000000000000000000000000000000000075
:10CBC0000000000000000000000000000000000065
:10CBD0000000000000000000000000000000000055
:10CBE0000000000000000000000000000000000045
:10CBF0000000000000000000000000000000000035
:10CC00000000000000000000000000000000000024
:10CC10000000000000000000000000000000000014
:10CC20000000000000000000000000000000000004
:10CC300000000000000000000000000000000000F4
:10CC400000000000000000000000000000000000E4
:10CC500000000000000000000000000000000000D4
:10CC600000000000000000000000000000000000C4
:10CC700000000000000000000000000000000000B4
:10CC800000000000000000000000000000000000A4
:10CC90000000000000000000000000000000000094
:10CCA0000000000000000000000000000000000084
:10CCB0000000000000000000000000000000000074
:10CCC0000000000000000000000000000000000064
:10CCD0000000000080000000440E213B6F3F123B2B
:10CCE000DC222A3BBF05363BF294163B2121163B42
:10CCF0003C9D153BEDE14B3B76D00E3B6A471C3B20
:10CD0000FA5B1D3B0944153BF9FE373B1D652A3B89
:10CD1000E08C1E3B87CD213B3F765F3BFE773F3B60
:10CD20008660193BB0721C3B7D9E3E3BA2D82C3BDB
:10CD300042B9453B9103193BD431193BA69E303B88
:10CD400050582C3B72DF2F3B718D353B98D1113BF6
:10CD50006BCC2A3BDD7B003B61C1233B4AD81D3BAA
:10CD60006386143BFC94163B121E2D3B24B22D3BD4
:10CD700051E40F3BAA792D3B65DC463BC4570E3B83
:10CD80001278193BDA89323BBDC6383BA82E273BC7
:10CD9000C314243BCD30163B5D453A3BAB3E303BA4
:10CDA000896F2F3B465D273BF9602A3B085F1B3BA1
:10CDB00050B8283B99461D3BCD363B3B6D1A313B65
:10CDC0007BBB3A3BAF32443BA15D483B51994A3B68
:10CDD00018C9343BB6061D3B4327F83ACA36333BE5
:10CDE0000383203BBDF5203BB96D0D3B2D941D3BCE
:10CDF00048850F3B1284443B4672383B3509343B2F
:10CE00000730213B7A5B313BE2B0293BA9A9233BA8
:10CE1000BE7E053BFA6F213B4BE74C3B28E2403B93
:10CE2000E124163B9B2E113BD90F133B517F273B2F
:10CE30000CA9263BF775033B0814443B48E1303B03
:10CE4000C1D3423BE3EB013B6876173B0533393BEB
:10CE50005644323B1F220A3B2E5A303B1232193BBA
:10CE6000A827513B6F182D3BAFA3293B29F6113B57
:10CE7000AA3F273BDB23293BE8411F3B92801C3B19
:10CE8000702A1E3B76070D3BB60F2C3BA9F0113BD9
:10CE9000B05AFE3A3B8C233BA26C053BA5F12C3BE0
:10CEA00078AC543B04382D3B51C7413B42DE303B0C
:10CEB000E3C5693B216F0C3B2EEC0D3BDA5E283B52
:10CEC0002D4C2E3B6AE91D3B38001B3BA50A153B48
:10CED000517C203B28E4213B1200000074666C2E3C
:10CEE00070736575646F5F71636F6E737433000088
:10CEF00002000000800000008000000042F8FFFFF8
:10CF000000000001140000002406000005000000DD
:10CF10000000000230060000BCF7FFFF0800000020
:10CF20000804000080000000000000000000000075
:10CF300000000000000000000000000000000000F1
:10CF400000000000000000000000000000000000E1
:10CF500000000000000000000000000000000000D1
:10CF600000000000000000000000000000000000C1
:10CF700000000000000000000000000000000000B1
:10CF800000000000000000000000000000000000A1
:10CF90000000000000000000000000000000000091
:10CFA0000000000000000000000000000000000081
:10CFB0000000000000000000000000000000000071
:10CFC0000000000000000000000000000000000061
:10CFD0000000000000000000000000000000000051
:10CFE0000000000000000000000000000000000041
:10CFF0000000000000000000000000000000000031
:10D000000000000000000000000000000000000020
:10D010000000000000000000000000000000000010
:10D020000000000000000000000000000000000000
:10D0300000000000000000000000000000000000F0
:10D0400000000000000000000000000000000000E0
:10D0500000000000000000000000000000000000D0
:10D0600000000000000000000000000000000000C0
:10D0700000000000000000000000000000000000B0
:10D0800000000000000000000000000000000000A0
:10D090000000000000000000000000000000000090
:10D0A0000000000000000000000000000000000080
:10D0B0000000000000000000000000000000000070
:10D0C0000000000000000000000000000000000060
:10D0D0000000000000000000000000000000000050
:10D0E0000000000000000000000000000000000040
:10D0F0000000000000000000000000000000000030
:10D10000000000000000000000000000000000001F
:10D11000000000000000000000000000000000000F
:10D1200000000000000000000000000000000000FF
:10D1300000000000000000000000000000000000EF
:10D1400000000000000000000000000000000000DF
:10D1500000000000000000000000000000000000CF
:10D1600000000000000000000000000000000000BF
:10D1700000000000000000000000000000000000AF
:10D18000000000000000000000000000000000009F
:10D19000000000000000000000000000000000008F
:10D1A000000000000000000000000000000000007F
:10D1B000000000000000000000000000000000006F
:10D1C000000000000000000000000000000000005F
:10D1D000000000000000000000000000000000004F
:10D1E000000000000000000000000000000000003F
:10D1F000000000000000000000000000000000002F
:10D20000000000000000000000000000000000001E
:10D21000000000000000000000000000000000000E
:10D2200000000000000000000000000000000000FE
:10D2300000000000000000000000000000000000EE
:10D2400000000000000000000000000000000000DE
:10D2500000000000000000000000000000000000CE
:10D2600000000000000000000000000000000000BE
:10D2700000000000000000000000000000000000AE
:10D28000000000000000000000000000000000009E
:10D29000000000000000000000000000000000008E
:10D2A000000000000000000000000000000000007E
:10D2B000000000000000000000000000000000006E
:10D2C000000000000000000000000000000000005E
:10D2D000000000000000000000000000000000004E
:10D2E000000000000000000000000000000000003E
:10D2F000000000000000000000000000000000002E
:10D30000000000000000000000000000000000001D
:10D31000000000000000000000000000000000000D
:10D320000000000000000000800000002CC67E38D5
:10D3300074596738B99186387FF88F3897346E38CA
:10D34000617D6D38BDAC6C38CC42A13802EB6138E0
:10D35000BE3777383DED7838A21F6C381B8891387E
:10D3600021C686388ECF7A38BBF47F384ABFB038B2
:10D370003571973890A07238327C77382CC5963842
:10D3800077B68838BB639C38840D7238B2567238D1
:10D3900089B28B38F85088384D1B8B3857998F38A5
:10D3A000B3AB6638D6178738A63F4B38B985813876
:10D3B000E3B17938A1F36A38A7346E3863ED883861
:10D3C00080628938629F6338D5358938014A9D3833
:10D3D000142C6138D0C572380D378D381C26923820
:10D3E0009B3B8438ACC781382C966D38BF5493383A
:10D3F0009E668B38C9C28A387A608438DAC2863829
:10D4000023C87538F87285386BCB7838B6139438E2
:10D4100070148C382CB29338CE2E9B38B47A9E3848
:10D42000E23EA0380AFE8E385B667838E64644381D
:10D43000D6BF8D38E3E97D385F9F7E38D8B95F3835
:10D44000234679380C0963382D6F9B384DE39138AA
:10D4500044668E3894FB7E38E3478C3893378638A1
:10D46000F6728138092D5338BE607F388611A23894
:10D47000A98F983850836D38DEA9653825A36838A0
:10D48000677B8438EDD1833838F54F388F169B3859
:10D490003DE78B383D199A38D4854D383F996F3820
:10D4A000C17B923811008D385A835A38617C8B3891
:10D4B000145772385D6EA538EDE88838222D86380D
:10D4C0008BE566380F49843807C88538EEED7B3820
:10D4D00028927738D6337A3814185F388B17883803
:10D4E000D7DC6638792E4938AF5B81386410533801
:10D4F0003FCA8838DD36A838E8018938EA449938C7
:10D50000D9E48B381DE7B8381B275E38E3816038D3
:10D51000352C853856DC8938FACC7938273275387D
:10D52000D9C46B384BDF7D38430C803812000000C3
:10D5300074666C2E70736575646F5F71636F6E7364
:10D5400074320000010000008000000092FEFFFF26
:10D55000000000011400000088000000040000002A
:10D5600000000009940000000CFEFFFF080000000E
:10D570004C00000008000000000000000000000057
:10D58000000000000000000000000000000000009B
:10D59000000000000000000000000000000000008B
:10D5A000000000000000000000000000000000007B
:10D5B0000000000000000000000000000800000063
:10D5C0000C614E3BBC07463B8D4F8E3BD301893BE4
:10D5D000857B543BC3C57A3B73B42D3B2B35533B02
:10D5E0001200000074666C2E70736575646F5F7155
:10D5F000636F6E73743100000200000008000000C9
:10D60000800000004AFFFFFF00000001140000003E
:10D6100088000000030000000000000294000000E9
:10D62000C4FEFFFF080000004C00000008000000DE
:10D6300000000000000000000000000000000000EA
:10D6400000000000000000000000000000000000DA
:10D6500000000000000000000000000000000000CA
:10D6600000000000000000000000000000000000BA
:10D670000000000008000000A515303812F6283818
:10D6800079D772389FCA6938C34A353820F6553879
:10D69000E4341438513434381100000074666C2EB0
:10D6A00070736575646F5F71636F6E7374000000F3
:10D6B0000100000008000000000016001C00180017
:10D6C000170010000C000800000000000000070018
:10D6D0001600000000000001180000001800000003
:10D6E000020000000000000220000000040004000E
:10D6F000040000000E00000061726974682E636F00
:10D700006E7374616E74000001000000020000007E
:10D710000000160020001C001B00140010000C006C
:10D7200000000000080007001600000000000001D3
:10D730001800000034000000540000000100000048
:10D74000000000096C00000004000000FFFFFFFF64
:10D750002000000028000000010000000C000C0068
:10D7600000000000080004000C0000000800000099
:10D7700014000000010000007F0000000000000015
:10D780000000000001000000A1A0A03E1D0000005C
:10D7900073657276696E675F64656661756C745FE8
:10D7A000696E7075745F6C617965723A3000000063
:10D7B000040000000100000020000000280000001C
:10D7C0000100000008000000A80000008800000020
:10D7D0007C00000060000000400000002C00000001
:10D7E000180000000400000084FFFFFF0E0000008E
:10D7F000020000000000000E94FFFFFF090000007F
:10D800000400000000000009A4FFFFFF2800000042
:10D810000200000000000028B4FFFFFF0400000029
:10D8200003000000000000040C000E000D000000CA
:10D83000080004000C0000001100000002000000BD
:10D8400000110A0008000000000004000A000000A7
:10D8500002000000F0FFFFFF1200000002000000C5
:10D86000000000120C0010000F000000080004006F
:10D870000C00000003000000030000000000000393
:10D880007A30BD3A7A303D3B5BE48D3B7A30BD3B2C
:10D89000987CEC3B5BE40D3C6A8A253C7A303D3C4D
:10D8A00089D6543C4EE9503C3F43393C309D213CA5
:10D8B00020F7093C22A2E43B0456B53BE609863B2F
:10D8C0008E7B2D3BA3C69D3A519A5C3AD2BE153B46
:10D8D0000F57743BA577A93BC4C3D83BF107043C61
:10D8E00000AE1B3C0F54333C1FFA4A3CB8C55A3CAF
:10D8F000A91F433C9A792B3C8BD3133CF65AF83B37
:10D90000D90EC93BBAC2993B37ED543BF4A9EC3A66
:10D91000E7E5BD39BC4E7B39519ADC3A66E54C3BB4
:10D92000D2BE953BF00AC53B0F57F43B96D1113C54
:10D93000A577293CB51D413CC4C3583C13FC4C3C65
:10D940000456353CF5AF1D3CE609063CADC7DC3B53
:10D950008E7BAD3BDF5E7C3BA3C61D3B96B97C3A1C
:10D9600000B78D3ABD73253BFD05823B1C52B13B90
:10D97000399EE03B2CF5073C3C9B1F3C4B41373C20
:10D980005AE74E3C7ED8563C6E323F3C5F8C273C7B
:10D9900050E60F3C8180F03B6234C13B44E8913B50
:10D9A0004B38453B1C40CD3A127D0039BC4EFB390B
:10D9B0002904FC3A519A5C3B47999D3B66E5CC3B78
:10D9C0008331FC3BD2BE153CE1642D3CF00A453C62
:10D9D000FFB05C3CD90E493CC968313CBAC2193C25
:10D9E000AB1C023C37EDD43B18A1A53BF4A96C3B22
:10D9F000B7110E3BE7E53D3AD820AD3AA928353BB3
:10DA000073E0893B912CB93BAF78E83B67E20B3C74
:10DA10007788233C862E3B3C95D4523C43EB523CCA
:10DA200034453B3C249F233C15F90B3C0BA6E83BBB
:10DA3000ED59B93BCE0D8A3B6083353B45D6AD3AB7
:10DA40000C7B3C3A00B70D3B3D4F6C3BBD73A53B97
:10DA5000DBBFD43BFD05023C0CAC193C1C52313CF5
:10DA60002BF8483CADC75C3C9E21453C8E7B2D3C51
:10DA70007FD5153CDF5EFC3BC112CD3BA3C69D3B71
:10DA800008F55C3B96B9FC3A7024FE3953A3F5388F
:10DA9000AF8ACC3A95DD443BE9BA913B0807C13BDC
:10DAA0002653F03BA2CF0F3CB175273CC11B3F3C36
:10DAB000D0C1563C07FE4E3CF857373CE9B11F3CFD
:10DAC000D90B083C95CBE03B777FB13B5833823B89
:10DAD00074CE253B6D6C8E3ABC4E7B3AEC6B1D3B95
:10DAE00029047C3B334EAD3B519ADC3B38F3053C7B
:10DAF00047991D3C563F353C66E54C3C71DA583C35
:10DB00006234413C538E293C44E8113C6984F43B27
:10DB10004B38C53B2CEC953B1C404D3BBF4FDD3A91
:10DB2000127D80393310BB3987F4EB3A8092543B35
:10DB30005F95993B7DE1C83B9C2DF83BDDBC133CD8
:10DB4000EC622B3CFB08433C0AAF5A3CCC104B3CEC
:10DB5000BD6A333CAEC41B3C9F1E043C1FF1D83B46
:10DB600001A5A93BC4B1743B8819163B2C055E3A4C
:10DB700036119D3AD8202D3B8ADC853BA928B53B40
:10DB8000C674E43B73E0093C8286213C912C393C0D
:10DB9000A0D2503C37ED543C27473D3C18A1253CD2
:10DBA00009FB0D3CF4A9EC3BD55DBD3BB7118E3BA9
:10DBB000318B3D3BE7E5BD3A136DB536C85B1C3A8A
:10DBC0002FAF053B6C47643BD46FA13BF2BBD03B0E
:10DBD0000804003C18AA173C27502F3C36F6463C58
:10DBE000459C5E3C9223473C827D2F3C73D7173C7B
:10DBF0006431003CAA16D13B8BCAA13BD9FC643BE3
:10DC00009C64063B7D311F3A9DADBA3A75073B3B9C
:10DC10000F5C8C3B6234BB3BB50CEA3B84720C3C22
:10DC2000AFDE233CD84A3B3C02B7523C1E424F3C3D
:10DC30008E47383CFD4C213C6C520A3CB9AFE63B68
:10DC400098BAB83B77C58A3BACA0393BD36CBB3A9A
:10DC5000CE13E637CD714A3A1BFB093BC459613BF1
:10DC6000365C9C3B8A0BC83BDFBAF33B19B50F3CD3
:10DC7000C38C253C6E643B3C173C513C80E83D3CEA
:10DC8000B2C2293CE49C153C1677013C8EA2DA3BDB
:10DC9000F256B23B550B8A3B717F433B70D0E53A5D
:10DCA000FC43093A9723923AB298133B971F5E3B85
:10DCB0003F53943BB296B93B25DADE3BCC0E023C97
:10DCC00085B0143C3F52273CF9F3393C59F8373CB6
:10DCD0001FB3263CE56D153CAA28043CE0C6E53B95
:10DCE0006C3CC33BF8B1A03B074F7C3B1D3A373B34
:10DCF000674AE43A2B41343A3812133AA89AC93A9F
:10DD00001AD6243BE0DE643BD373923B3678B23BB9
:10DD10009A7CD23BFD80F23BB042093CE144193C85
:10DD20001347293CAF8F2E3CECB81F3C2AE2103C35
:10DD3000660B023C4869E63BC1BBC83B3B0EAB3BB4
:10DD4000B6608D3B60665F3B530B243B9060D13ADD
:10DD5000F054353AA9079939924B943A9D2A013BE0
:10DD6000722F383B46346F3B8D1C933BF89EAE3B85
:10DD70006121CA3BCCA3E53B1B93003C50540E3CB5
:10DD800085151C3CBF93233CD0D3163CE1130A3CC1
:10DD9000E5A7FA3B0728E13B2AA8C73B4E28AE3B44
:10DDA00070A8943B2551763B6A51433BB051103BE0
:10DDB000E9A3BA3AE948293AA6B0323972C3693AB6
:10DDC0005D6DD33A81FC183B5242483B2588773B36
:10DDD000FB66933BE409AB3BCDACC23BB64FDA3BB1
:10DDE0009FF2F13BC4CA043C399C103CB28D183CF4
:10DDF0004B990D3CE4A4023CFA60EF3B2C78D93BF4
:10DE00005F8FC33B90A6AD3BC3BD973BF5D4813B31
:10DE10004ED8573BB3062C3B1735003BF6C6A83A05
:10DE20007C47223AD528DD381B1D3E3A8E4AB03A4F
:10DE300047C3003B4861293B47FF513B489D7A3B24
:10DE4000A49D913BA4ECA53BA43BBA3BA58ACE3B49
:10DE5000A4D9E23BA428F73BD2BB053CEC6F0E3CB7
:10DE60005A06053C9039F73B6D66E43B4A93D13B3B
:10DE700026C0BE3B03EDAB3BDF19993BBC46863B5E
:10DE800030E7663BEA40413BA29A1B3BB7E8EB3ADE
:10DE9000299CA03A369F2A3AD030A038049B2538D6
:10DEA000F0F1153A18C5903A3891D63AAC2E0E3B9F
:10DEB000BC14313BCCFA533BDCE0763B76E38C3B45
:10DEC0007E569E3B86C9AF3B8E3CC13B96AFD23B54
:10DED0009E22E43BA595F53B5784033C8654FB3BCF
:10DEE000E027EB3B39FBDA3B93CECA3BEDA1BA3BD3
:10DEF0004575AA3B9F489A3BF91B8A3BA5DE733BBD
:10DF00005885533B0A2C333BBED2123BE2F2E43A33
:10DF10004840A43A5C1B473A516C8B39AEFCCF3970
:10DF200044EF5F3A19F0AB3A90E8E73A84F0113BDE
:10DF3000BFEC2F3BFAE84D3B36E56B3BB9F0843B39
:10DF4000D6EE933BF4ECA23B12EBB13B30E9C03B85
:10DF50004EE7CF3B6BE5DE3B89E3ED3B548EEF3B79
:10DF6000A4A8E13BF4C2D33B44DDC53B95F7B73BE6
:10DF7000E511AA3B352C9C3B85468E3BD560803B0A
:10DF80004BF6643BEC2A493B8C5F2D3B2D94113BB7
:10DF90009B91EB3ADCFAB33A3AC8783ABC9A093A20
:10DFA000F169D338E2223E39B196163AA9A47D3AF6
:10DFB0005159B23A4EE0E53AA5B30C3B2377263BE4
:10DFC000A13A403B1FFE593B9DC1733B8EC2863B2D
:10DFD0004CA4933B0C86A03BCB67AD3B8A49BA3B34
:10DFE000492BC73B080DD43BC7EEE03B71E4DA3B5D
:10DFF000A5F3CE3BD902C33B0C12B73B4021AB3B50
:10E0000073309F3BA73F933BDA4E873B1CBC763B6C
:10E0100083DA5E3BEAF8463B51172F3BB935173B95
:10E020003FA8FE3A0EE5CE3ADC219F3A54BD5E3A57
:10E03000E26DFE396D84FD382DFF86393B0B1C3AAD
:10E04000E096743A4291A63A15D7D23AE61CFF3AC6
:10E050005DB1153B45D42B3B2FF7413B181A583B7C
:10E06000023D6E3BF52F823B6A418D3BDE52983B71
:10E070005364A33BC875AE3B3C87B93BB198C43BE6
:10E0800026AACF3BFE7ACC3B8F38C23B21F6B73B6A
:10E09000B3B3AD3B4471A33BD62E993B68EC8E3BAA
:10E0A000F9A9843B17CF743B3B4A603B5DC54B3BB2
:10E0B0008140373BA5BB223BC8360E3BD863F33AC1
:10E0C0001E5ACA3A6550A13A578D703AE6791E3AFF
:10E0D000E7CC9839A45C4B39D5D6FD39ACFF4A3A28
:10E0E000F7898B3A1894B13A399ED73A5AA8FD3A33
:10E0F0003ED9113B4EDE243B5FE3373B6FE84A3BA2
:10E100007FED5D3B91F2703BD0FB813B587E8B3BBA
:10E11000E100953B69839E3BF105A83B7A88B13BC2
:10E12000020BBB3B2249C33B7A78BA3BD3A7B13B36
:10E130002BD7A83B8406A03BDC35973B34658E3B50
:10E140008C94853BC987793B7AE6673B2B45563BE8
:10E15000DCA3443B8D02333B3E61213BEFBF0F3BD1
:10E16000403DFC3AA2FAD83A04B8B53A6575923AFD
:10E170008D655E3A51E0173A29B6A2397D5D2D389A
:10E18000C9A69037CCC68B399741073AC69F483A03
:10E19000FBFE843A14AEA53A2B5DC63A430CE73A2F
:10E1A000AEDD033B3935143BC68C243B52E4343B93
:10E1B000DE3B453B6A93553BF6EA653B8242763B44
:10E1C000074D833BCD788B3B93A4933B59D09B3B2E
:10E1D0001FFCA33BE527AC3BAB53B43B0A2CAF3B46
:10E1E0001A99A73B2906A03B3973983B48E0903B1E
:10E1F000584D893B67BA813BEE4E743B0C29653B19
:10E200002C03563B4BDD463B6AB7373B8991283B95
:10E21000A86B193BC7450A3BCC3FF63A0BF4D73AFB
:10E2200048A8B93A875C9B3A8A217A3A068A3D3AED
:10E2300083F2003AFEB588395E6FF837FE233E3927
:10E240005966CF3959DD1F3A8607583ADA18883AA5
:10E25000F02DA43A0643C03A1D58DC3A336DF83A23
:10E2600025410A3BB04B183B3B56263BC760343B2D
:10E27000516B423BDD75503B68805E3BF48A6C3BE2
:10E280007E957A3B0550843B4B558B3B905A923B95
:10E29000D65F993B1B65A03B616AA73B2AA4A23BC2
:10E2A00036229C3B41A0953B4C1E8F3B589C883BA3
:10E2B000631A823BDD30773BF52C6A3B0B295D3BD3
:10E2C0002225503B3921433B501D363B6619293BE3
:10E2D0007D151C3B94110F3BAB0D023B8413EA3AB6
:10E2E000B20BD03AE003B63A0EFC9B3A3BF4813ACB
:10E2F000D1D84F3A2DC91B3A1173CF3990A74E3957
:10E30000E54B2839AFA9B439B5960A3A93D83A3AC9
:10E31000701A6B3A27AE8D3A16CFA53A06F0BD3A81
:10E32000F410D63AE331EE3A6929033BE0390F3B6A
:10E33000584A1B3BCF5A273B476B333BBF7B3F3B86
:10E34000358C4B3BAD9C573B25AD633B9CBD6F3B38
:10E3500014CE7B3B46EF833B81F7893BBDFF8F3B70
:10E36000F907963B7CF99B3B1562963BAECA903B06
:10E3700045338B3BDE9B853B7704803B1DDA743B4A
:10E380004EAB693B7E7C5E3BB04D533BE11E483B50
:10E3900011F03C3B42C1313B7392263BA3631B3BD4
:10E3A000D434103B0506053B6BAEF33ACC50DD3A56
:10E3B0002EF3C63A8F95B03AF0379A3A52DA833A4A
:10E3C00066F95A3A2A3E2E3AEC82013A5E8FA93912
:10E3D000C8312039CB13A235661E2739527CA639A5
:10E3E0007269F939482B263AD9A14F3A6818793A17
:10E3F0007B47913AC302A63A0CBEBA3A5479CF3A57
:10E400009B34E43AE3EFF83A95D5063B3933113BB8
:10E41000DD901B3B82EE253B254C303BC9A93A3BA6
:10E420006D07453B11654F3BB4C2593B5920643BD6
:10E43000FC7D6E3BA1DB783BA29C813B74CB863B91
:10E4400046FA8B3B711D903B904F8B3BB081863BD6
:10E45000CFB3813BDECB793B1D30703B5C94663B98
:10E460009BF85C3BDB5C533B1AC1493B5925403B65
:10E470009889363BD7ED2C3B1652233B55B6193BBA
:10E48000941A103BD37E063B23C6F93AA28EE63A95
:10E490002057D33A9E1FC03A1CE8AC3A9AB0993A3A
:10E4A0001979863A2D83663A2914403A26A5193AF5
:10E4B000446CE6393C8E99396A60193982B06E37FE
:10E4C000916B1D390CF695395136DD394A3B123ABC
:10E4D0006DDB353A8E7B593AB01B7D3AE95D903A57
:10E4E000FB2DA23A0CFEB33A1CCEC53A2D9ED73A6C
:10E4F0003E6EE93A503EFB3A3087063B396F0F3BA0
:10E500004257183B4A3F213B53272A3B5B0F333B83
:10E5100063F73B3B6BDF443B74C74D3B7DAF563BE2
:10E5200085975F3B8E7F683B9667713B9F4F7A3B39
:10E53000D49B813BBB0A863B02EA813B91927B3BA9
:10E540002051733BAF0F6B3B3DCE623BCB8C5A3BB4
:10E55000594B523BE8094A3B76C8413B0487393B5B
:10E560009345313B2004293BAFC2203B3E81183B01
:10E57000CC3F103B5AFE073BD179FF3AEDF6EE3A1D
:10E580000B74DE3A27F1CD3A446EBD3A60EBAC3AFB
:10E590007D689C3A9AE58B3A6CC5763AA6BF553AA7
:10E5A000DFB9343A19B4133AA45CE5391751A339E9
:10E5B000138B4239DFCF793815FA9134D372F5389D
:10E5C000D629753922CDB7395805F539C71E193AFC
:10E5D000E2BA373AFD56563A18F3743A9AC7893A6E
:10E5E000A815993AB663A83AC3B1B73AD1FFC63A6B
:10E5F000DE4DD63AEC9BE53AF9E9F43A031C023BCE
:10E600000AC3093B116A113B1811193B1EB8203B84
:10E61000265F283B2C06303B33AD373B39543F3B1C
:10E6200041FB463B47A24E3B4E49563B55F05D3BB6
:10E630005C97653B623E6D3B6AE5743B52C6743B3A
:10E640006EAE6D3B8A96663BA67E5F3BC166583BCD
:10E65000DD4E513BF9364A3B151F433B31073C3BEE
:10E660004CEF343B68D72D3B84BF263BA0A71F3B14
:10E67000BB8F183BD777113BF35F0A3B0F48033B37
:10E680005660F83A8D30EA3AC500DC3AFCD0CD3A13
:10E6900034A1BF3A6B71B13AA341A33ADA11953A6A
:10E6A00012E2863A9364713A0205553A71A5383AF6
:10E6B000E1451C3A9FCCFF397D0DC7395C4E8E3940
:10E6C000741E2B39C280663869D85D3889A9203913
:10E6D0007CEE84393288B939EA21EE39D15D113ABC
:10E6E000ACAA2B3A88F7453A6444603A40917A3AAA
:10E6F0000E6F8A3A7B95973AE9BBA43A57E2B13A52
:10E70000C408BF3A322FCC3AA055D93A0F7CE63A2A
:10E710007CA2F33A7564003BACF7063BE38A0D3B01
:10E72000191E143B50B11A3B8744213BBED7273BEF
:10E73000F56A2E3B2CFE343B63913B3B9A24423BD3
:10E74000D0B7483B074B4F3B3EDE553B75715C3BBA
:10E75000AC04633B4A5B633B0F435D3BD32A573BAF
:10E760009812513B5DFA4A3B21E2443BE7C93E3BEC
:10E77000ABB1383B7099323B35812C3BFA68263B74
:10E78000BE50203B83381A3B4820143B0C080E3BFC
:10E79000D1EF073B96D7013BB67EF73A3F4EEB3AB7
:10E7A000C81DDF3A52EDD23ADCBCC63A658CBA3AA3
:10E7B000EF5BAE3A792BA23A01FB953A8BCA893AC4
:10E7C00029347B3A3CD3623A4F724A3A6311323A67
:10E7D00076B0193A884F013A37DDD1395D1BA1393E
:10E7E00006B36039A45EFE38EF5CED3784FA313849
:10E7F0005FE206391E466139EFD49D39CE06CB392A
:10E80000AE38F83946B5123A364E293A25E73F3A3E
:10E810001680563A05196D3AFAD8813A72258D3A22
:10E82000EA71983A62BEA33AD90AAF3A5257BA3A55
:10E83000CAA3C53A41F0D03AB83CDC3A3189E73A4C
:10E84000AAD5F23A2022FE3A4DB7043B885D0A3B36
:10E85000C403103B00AA153B3C501B3B77F6203B02
:10E86000B49C263BF0422C3B2CE9313B688F373B74
:10E87000A3353D3BE0DB423B1B82483B57284E3BE8
:10E8800093CE533BF0E1513B5FA54C3BCF68473BF8
:10E890003D2C423BADEF3C3B1CB3373B8B76323BD0
:10E8A000FA392D3B6AFD273BD8C0223B48841D3BEB
:10E8B000B747183B260B133B95CE0D3B0492083B04
:10E8C0007455033BC531FC3AA4B8F13A813FE73AAD
:10E8D00061C6DC3A3E4DD23A1CD4C73AFB5ABD3A27
:10E8E000D9E1B23AB768A83A96EF9D3A7476933A6E
:10E8F00053FD883A60087D3A1D16683ADA23533A88
:10E9000096313E3A533F293A104D143A99B5FE39A3
:10E9100011D1D4398BECAA3903088139FA462E3942
:10E92000D8FBB438C99BD6360022583864B20339B4
:10E93000485C513917838F390858B639FB2CDD39BB
:10E94000F600023A6F6B153AE8D5283A62403C3A35
:10E95000DBAA4F3A5415633ACD7F763A23F5843AD1
:10E960005FAA8E3A9C5F983AD814A23A15CAAB3A7D
:10E97000527FB53A8E34BF3ACBE9C83A079FD23AB4
:10E980004454DC3A8109E63ABDBEEF3AFA73F93AEB
:10E990009B94013B396F063BD7490B3B7624103BD8
:10E9A00014FF143BB2D9193B50B41E3BEF8E233BEE
:10E9B0008D69283B2B442D3BCA1E323B68F9363B00
:10E9C00006D43B3BA4AE403B4389453B18C9413B81
:10E9D00045493D3B70C9383B9D49343BC9C92F3B34
:10E9E000F6492B3B22CA263B4E4A223B7ACA1D3BA4
:10E9F000A64A193BD3CA143BFF4A103B2CCB0B3B16
:10EA0000584B073B84CB023B6097FC3AB997F33AEB
:10EA10001298EA3A6A98E13AC398D83A1A99CF3AE2
:10EA20007399C63ACC99BD3A259AB43A7D9AAB3AD5
:10EA3000D69AA23A2E9B993A869B903ADF9B873AC8
:10EA400070387D3A20396B3AD139593A833A473A8E
:10EA5000343B353AE43B233A963C113A8E7AFE3900
:10EA6000EF7BDA39527DB639B47E92392D005D39AB
:10EA7000F10215396A0B9A38230FA136608D75386B
:10EA80000F1E0039C5D84239BEC982391927A439A9
:10EA90007584C539CFE1E639951F043A43CE143A5F
:10EAA000F07C253A9E2B363A4BDA463AFA88573AAA
:10EAB000A737683A54E6783A81CA843AD8218D3A21
:10EAC0002F79953A86D09D3ADC27A63A337FAE3A25
:10EAD0008AD6B63AE12DBF3A3785C73A8EDCCF3AAF
:10EAE000E533D83A3D8BE03A93E2E83AEA39F13A35
:10EAF0004091F93A4BF4003BF71F053BA34B093B10
:10EB00004E770D3BF9A2113BA5CE153B50FA193BB0
:10EB1000FB251E3BA751223B527D263BFEA82A3BEC
:10EB2000A9D42E3B5400333B002C373B2DDE333B26
:10EB30008400303BDB222C3B3145283B8867243B5B
:10EB4000DF89203B36AC1C3B8DCE183BE4F0143BF8
:10EB50003B13113B91350D3BE857093B3F7A053B91
:10EB6000969C013BD87DFB3A86C2F33A3407EC3AD7
:10EB7000E24BE43A8F90DC3A3DD5D43AEB19CD3AEA
:10EB8000975EC53A45A3BD3AF3E7B53AA12CAE3A34
:10EB90004F71A63AFCB59E3AAAFA963A573F8F3A79
:10EBA0000484873A65917F3ABF1A703A1BA4603A91
:10EBB000762D513AD2B6413A2C40323A88C9223A9F
:10EBC000E352133A3EDC033A33CBE839EADDC93984
:10EBD000A0F0AA3957038C391B2C5A3987511C399C
:10EBE000E8EDBC3883710238CE4D55382A52DD38F5
:10EBF000B6FE273959546139FD548D39CEFFA939F4
:10EC00009EAAC6396F55E3392000003A88550E3A5E
:10EC1000F1AA1C3A5A002B3AC155393A2AAB473A65
:10EC20009200563AFB55643A63AB723A6680803A7A
:10EC30001AAB873ACED58E3A8300963A372B9D3A57
:10EC4000EB55A43A9F80AB3A53ABB23A08D6B93AE7
:10EC5000BC00C13A702BC83A2356CF3AD980D63A75
:10EC60008CABDD3A40D6E43AF500EC3AA92BF33A06
:10EC70005D56FA3A88C0003BE355043B3DEB073B49
:10EC800097800B3BF1150F3B4BAB123BA540163B5E
:10EC9000FFD5193B5A6B1D3BB400213B0E96243B1C
:10ECA000682B283B0B7D283BB82A253B64D8213BA9
:10ECB00010861E3BBD331B3B69E1173B168F143B8F
:10ECC000C23C113B6FEA0D3B1C980A3BC845073B11
:10ECD00074F3033B21A1003B9B9DFA3AF4F8F33A0D
:10ECE0004C54ED3AA6AFE63AFF0AE03A5766D93AF5
:10ECF000B1C1D23A091DCC3A6378C53ABCD3BE3A09
:10ED0000142FB83A6E8AB13AC7E5AA3A1F41A43A1D
:10ED1000799C9D3AD2F7963A2B53903A83AE893A32
:10ED2000DD09833A6BCA783A1D816B3ACF375E3A78
:10ED300080EE503A33A5433AE55B363A9712293ACA
:10ED400049C91B3AFB7F0E3AAD36013ABDDAE739C5
:10ED50002248CD3985B5B239E92298399B207B39D3
:10ED600063FB45392BD61039E561B738EB2E1A38DD
:10ED7000FA51BA37D21A913824A1F338BB132B3980
:10ED8000E5565C3907CD86399C6E9F393110B8390C
:10ED9000C6B1D0395A53E93978FA003A424B0D3AA4
:10EDA0000C9C193AD7EC253AA03D323A6B8E3E3A8C
:10EDB00036DF4A3A0030573ACB80633A95D16F3A02
:10EDC0005F227C3A9539843AFA618A3A5F8A903AAE
:10EDD000C4B2963A2ADB9C3A8F03A33AF42BA93AA1
:10EDE0005A54AF3ABE7CB53A23A5BB3A89CDC13A55
:10EDF000EEF5C73A541ECE3AB846D43A1D6FDA3A09
:10EE00008397E03AE8BFE63A4CE8EC3AB210F33ABE
:10EE10001739F93A7D61FF3AF1C4023B23D9053B2A
:10EE200056ED083B89010C3BBB150F3BEE29123B0D
:10EE3000203E153B5352183B86661B3B7DD91C3B3D
:10EE4000E1FE193B4524173BAA49143B0E6F113BC9
:10EE500072940E3BD6B90B3B3BDF083B9F04063B4D
:10EE6000032A033B684F003B97E9FA3A6034F53ACE
:10EE7000287FEF3AF1C9E93AB914E43A815FDE3A02
:10EE80004AAAD83A13F5D23ADB3FCD3AA38AC73A19
:10EE90006BD5C13A3520BC3AFD6AB63AC5B5B03A31
:10EEA0008D00AB3A574BA53A1F969F3AE7E0993A47
:10EEB000B02B943A79768E3A41C1883A090C833A5C
:10EEC000A3AD7A3A35436F3AC5D8633A576E583A8C
:10EED000E7034D3A7899413A092F363A9AC42A3ACB
:10EEE0002A5A1F3ABCEF133A4D85083ABC35FA3915
:10EEF000DE60E339FF8BCC3921B7B53943E29E3967
:10EF0000650D88390D71623951C73439951D07393E
:10EF1000B1E7B23872282F38810A3A3728D15738EA
:10EF2000D78FC0388D9B0A392FEF3439D1425F39E2
:10EF300039CB84390AF59939DB1EAF39AC48C4396D
:10EF40007D72D9394E9CEE390FE3013AF8770C3ACD
:10EF5000E00C173AC8A1213AB1362C3A99CB363A8F
:10EF60008260413A6AF54B3A538A563A3B1F613AFE
:10EF700024B46B3A0C49763AFA6E803A6EB9853A07
:10EF8000E3038B3A574E903ACB98953A40E39A3A3E
:10EF9000B32DA03A2878A53A9CC2AA3A100DB03AEF
:10EFA0008457B53AF9A1BA3A6DECBF3AE136C53AA1
:10EFB0005581CA3ACACBCF3A3E16D53AB260DA3A50
:10EFC00026ABDF3A9BF5E43A0F40EA3A838AEF3A00
:10EFD000F7D4F43A6C1FFA3AE069FF3A2A5A023B36
:10EFE00064FF043B9EA4073BD8490A3B12EF0C3B4D
:10EFF0004C940F3BFC03123B3D900F3B7E1C0D3BA2
:10F00000BFA80A3B0035083B41C1053B824D033B8D
:10F01000C3D9003B08CCFC3A8BE4F73A0CFDF23A3A
:10F020008F15EE3A112EE93A9346E43A165FDF3A2D
:10F030009777DA3A1A90D53A9CA8D03A1EC1CB3AC3
:10F04000A0D9C63A22F2C13AA40ABD3A2723B83A57
:10F05000A93BB33A2B54AE3AAD6CA93A2F85A43AEA
:10F06000B29D9F3A33B69A3AB6CE953A38E7903A7F
:10F07000BAFF8B3A3C18873ABE30823A80927A3A8D
:10F0800084C3703A89F4663A8E255D3A9256533AB3
:10F090009687493A9AB83F3A9FE9353AA31A2C3AEB
:10F0A000A74B223AAB7C183AB0AD0E3AB4DE043A24
:10F0B000701FF6397981E23981E3CE398A45BB394F
:10F0C00093A7A7399B099439A46B8039599B593967
:10F0D000695F32397B230B3918CFC73875AE723868
:10F0E000747DAB3776FEBE35447017384B74943858
:10F0F0007430DD384EF612396254373977B25B39E5
:10F1000045088039503792395A66A4396395B63923
:10F110006EC4C83978F3DA398222ED398D51FF395E
:10F120004CC0083AD1D7113A56EF1A3ADA06243AC7
:10F130005F1E2D3AE435363A6A4D3F3AEF64483A5D
:10F14000747C513AF9935A3A7EAB633A03C36C3AF2
:10F1500089DA753A0DF27E3AC904843A8C90883A7D
:10F160004E1C8D3A10A8913AD333963A95BF9A3AED
:10F17000584B9F3A1BD7A33ADE62A83AA0EEAC3AAE
:10F18000637AB13A2506B63AE891BA3AAA1DBF3A6F
:10F190006CA9C33A2F35C83AF1C0CC3AB44CD13A35
:10F1A00076D8D53A3A64DA3AFCEFDE3ABF7BE33AF6
:10F1B0008107E83A4393EC3A061FF13AC8AAF53AB8
:10F1C0008B36FA3A4DC2FE3A08A7013BE9EC033B05
:10F1D000CB32063B0A7C063BAC60043B4F45023B0E
:10F1E000F129003B271DFC3A6CE6F73AB2AFF33A3F
:10F1F000F778EF3A3B42EB3A810BE73AC6D4E23A72
:10F200000A9EDE3A5067DA3A9530D63AD9F9D13AC1
:10F210001EC3CD3A648CC93AA855C53AED1EC13A11
:10F2200033E8BC3A78B1B83ABC7AB43A0244B03A5E
:10F23000470DAC3A8BD6A73AD09FA33A16699F3AAE
:10F240005A329B3A9FFB963AE5C4923A298E8E3AFF
:10F250006E578A3AB320863AF9E9813A7A667B3A60
:10F2600005F9723A8F8B6A3A191E623AA3B0593A7D
:10F270002C43513AB7D5483A4168403ACBFA373A2D
:10F28000558D2F3ADE1F273A69B21E3AF344163ADB
:10F290007CD70D3A066A053A22F9F939351EE93963
:10F2A0004943D8395D68C739728DB63985B2A539F9
:10F2B00099D79439ADFC833982436639AA8D443994
:10F2C000D1D72239FA21013944D8BE3827D9763826
:10F2D0008E03E037EACB623738B03538BA56993802
:10F2E00059D5D738FC290B394B692A399AA849399D
:10F2F000EAE768399D13843944B39339EB52A33953
:10F3000093F2B2393B92C239E331D2398AD1E13931
:10F310003271F1396D88003A4158083A1428103A90
:10F32000E9F7173ABCC71F3A9097273A64672F3A14
:10F330003737373A0C073F3ADFD6463AB2A64E3A4D
:10F340008776563A5A465E3A2F16663A02E66D3A84
:10F35000D6B5753AA9857D3ABFAA823AA992863A6E
:10F36000937A8A3A7C628E3A674A923A5132963A56
:10F370003A1A9A3A24029E3A0EEAA13AF8D1A53AEC
:10F38000E2B9A93ACCA1AD3AB689B13A9F71B53A82
:10F390008A59B93A7441BD3A5D29C13A4711C53A13
:10F3A00031F9C83A1BE1CC3A05C9D03AEFB0D43AAA
:10F3B000D998D83AC380DC3AAD68E03A9750E43A3D
:10F3C0008038E83A6A20EC3A5508F03A3EF0F33AD1
:10F3D00028D8F73AC979FA3AEEDAF63A133CF33A12
:10F3E000389DEF3A5DFEEB3A825FE83AA7C0E43A17
:10F3F000CC21E13AF182DD3A16E4D93A3B45D63ADE
:10F4000060A6D23A8507CF3AAA68CB3ACFC9C73AA5
:10F41000F42AC43A198CC03A3EEDBC3A624EB93A6D
:10F4200087AFB53AAC10B23AD171AE3AF6D2AA3A39
:10F430001B34A73A4095A33A65F69F3A8A579C3AFF
:10F44000AFB8983AD419953AF97A913A1EDC8D3AC8
:10F45000433D8A3A689E863A8DFF823A64C17E3A7D
:10F46000AE83773AF845703A4208693A8CCA613AF5
:10F47000D68C5A3A204F533A6A114C3AB4D3443A94
:10F48000FE953D3A4758363A911A2F3ADBDC273A37
:10F49000259F203A6F61193AB923123A02E60A3AD7
:10F4A0004CA8033A2DD5F839C159EA3955DEDB3974
:10F4B000E962CD397DE7BE39116CB039A4F0A139CC
:10F4C00038759339CCF98439BFFC6C39E70550396C
:10F4D0000F0F333936181639BB42F2380B55B8388E
:10F4E000B5CE7C3853F3083891BFA836FB7C9136F3
:10F4F000EA27FB374BF86838502EAA387CE0DF3813
:10F5000053C90A3969A225397E7B403993545B3946
:10F51000A92D76395F838839EAEF9539755CA3396F
:10F52000FFC8B0398A35BE3915A2CB399F0ED939FB
:10F530002A7BE639B6E7F33920AA003A6560073A34
:10F54000AB160E3AF0CC143A36831B3A7B39223A8A
:10F55000C0EF283A06A62F3A4B5C363A90123D3A55
:10F56000D6C8433A1B7F4A3A6035513AA6EB573A20
:10F57000EBA15E3A3058653A760E6C3ABBC4723AEB
:10F58000007B793AA318803AC673833AE8CE863A6C
:10F590000B2A8A3A2E858D3A50E0903A733B943A82
:10F5A0009696973AB8F19A3ADB4C9E3AFEA7A13A62
:10F5B0002003A53A435EA83A66B9AB3A8814AF3A3D
:10F5C000AB6FB23ACECAB53AF025B93A1381BC3A1C
:10F5D00036DCBF3A5837C33A7B92C63A9EEDC93AF9
:10F5E000C048CD3AE3A3D03A06FFD33A285AD73AD7
:10F5F0004BB5DA3A6E10DE3A906BE13AB3C6E43AB4
:10F60000D621E83AE232E63A8516E33A28FADF3ABA
:10F61000CBDDDC3A6EC1D93A11A5D63AB388D33ADC
:10F62000576CD03AFA4FCD3A9D33CA3A4017C73A91
:10F63000E3FAC33A86DEC03A29C2BD3ACCA5BA3A4B
:10F640006F89B73A126DB43AB550B13A5834AE3A00
:10F65000FB17AB3A9EFBA73A41DFA43AE4C2A13ABA
:10F6600087A69E3A2A8A9B3ACD6D983A7051953A70
:10F670001335923AB6188F3A59FC8B3AFCDF883A28
:10F680009FC3853A42A7823AC9157F3A11DD783A7D
:10F6900056A4723A9D6B6C3AE232663A28FA5F3AA7
:10F6A0006EC1593AB388533AFA4F4D3A4017473A28
:10F6B00086DE403ACCA53A3A126D343A58342E3AA6
:10F6C0009EFB273AE4C2213A2A8A1B3A7051153A26
:10F6D000B6180F3AFCDF083A42A7023A11DDF839B2
:10F6E0009D6BEC3928FADF39B388D3394017C73915
:10F6F000CCA5BA395834AE39E4C2A1397051953924
:10F70000FCDF883911DD783928FA5F39401747392D
:10F7100058342E397051153911DDF8384017C73873
:10F7200070519538401747384017C737000012000E
:10F73000250038004B005E00700083009600A90091
:10F74000BC00CF00E200F50009011E0135014E01A9
:10F7500069018701A701C901EE01150240026F028C
:10F76000A002D5020F034E039203DB032A047F0499
:10F77000DA043C05A605190695061B07AB07010030
:10F780000A0013001D0026003000390042004C0022
:10F7900055005F00680072007B0085008F009A00B2
:10F7A000A600B300C100D100E100F30006011A0178
:10F7B0003101490162017E019C01BD01E0010602A7
:10F7C0002F025B028A02BD02F402300370030000C4
:10F7D00000000000DEE91D36C6E91D37D1A6B137AD
:10F7E00064E91D383BBC7638DAA5B138C8CBF138AE
:10F7F000DFE71D39C7D8473984B876397B43953957
:10F8000000A2B139BF77D039A5C4F1394EC40A3A44
:10F81000C8E11D3AB53A323A07CF473AB29E5E3A4E
:10F82000A7A9763AECF7873A9A38953AD616A33ACA
:10F830009892B13AD6ABC03A8762D03AA1B6E03AD4
:10F840001AA8F13A749B013B80B10A3B2C16143B79
:10F8500071C91D3B49CB273BAF1B323B9DBA3C3B9B
:10F860000AA8473BF2E3523B4C6E5E3B12476A3BB1
:10F870003C6E763BE271813BD0D3873BE55C8E3BAF
:10F880001D0D953B73E49B3BE3E2A23B6A08AA3B58
:10F890000255B13BA7C8B83B5563C03B0625C83BE2
:10F8A000B60DD03B611DD83B0154E03B90B1E83B25
:10F8B0000B36F13B6BE1F93BD659013C64D6053C74
:10F8C0005C660A3CBD090F3C82C0133CA98A183C07
:10F8D00030681D3C1359223C4F5D273CE0742C3CA2
:10F8E000C59F313CF9DD363C7A2F3C3C4494413C89
:10F8F000540C473CA6974C3C3736523C04E8573CE6
:10F9000009AD5D3C4285633CAC70693C436F6F3C24
:10F910000481753CEBA57B3CFAEE803C8D14843C65
:10F92000AE43873C5A7C8A3C8FBE8D3C4B0A913C4F
:10F930008C5F943C51BE973C96269B3C5A989E3CCB
:10F940009C13A23C5798A53C8C26A93C36BEAC3CE7
:10F95000555FB03CE509B43CE5BDB73C527BBB3CD0
:10F960002A42BF3C6B12C33C12ECC63C1DCFCA3CC2
:10F970008ABBCE3C55B1D23C7EB0D63C00B9DA3C15
:10F98000DACADE3C0AE6E23C8C0AE73C5E38EB3C35
:10F990007E6FEF3CE8AFF33C9BF9F73C934CFC3CAB
:10F9A0006754003D2587023D82BE043D7CFA063D3A
:10F9B000123B093D43800B3D0DCA0D3D6F18103DB4
:10F9C000676B123DF5C2143D161F173DC97F193DE7
:10F9D0000CE51B3DDF4E1E3D3FBD203D2C30233D41
:10F9E000A3A7253DA323283D2BA42A3D39292D3D3E
:10F9F000CCB22F3DE140323D78D3343D8E6A373D65
:10FA000023063A3D34A63C3DC04A3F3DC6F3413D46
:10FA100043A1443D3653473D9E094A3D78C44C3D81
:10FA2000C3834F3D7D47523DA60F553D3ADC573DC0
:10FA300038AD5A3D9E825D3D6B5C603D9E3A633DB4
:10FA4000331D663D2A04693D80EF6B3D34DF6E3D1A
:10FA500044D3713DAECB743D70C8773D89C97A3DC2
:10FA6000F6CE7D3D5B6C803D64F3813D947C833DAF
:10FA7000EA07853D6795863D0725883DCCB6893DDB
:10FA8000B34A8B3DBCE08C3DE6788E3D2F13903D14
:10FA900097AF913D1D4E933DC0EE943D7F91963DB5
:10FAA0005836983D4BDD993D57869B3D7B319D3DBA
:10FAB000B5DE9E3D058EA03D693FA23DE2F2A33D2D
:10FAC0006CA8A53D0860A73DB519A93D71D5AA3D13
:10FAD0003B93AC3D1253AE3DF614B03DE4D8B13D7E
:10FAE000DD9EB33DDE66B53DE730B73DF7FCB83D82
:10FAF0000CCBBA3D269BBC3D436DBE3D6241C03D33
:10FB00008217C23DA2EFC33DC1C9C53DDEA5C73DB9
:10FB1000F783C93D0B64CB3D1A46CD3D222ACF3D2C
:10FB20002110D13D18F8D23D03E2D43DE4CDD63DBD
:10FB3000B7BBD83D7CABDA3D329DDC3DD890DE3D95
:10FB40006C86E03DED7DE23D5A77E43DB172E63DE5
:10FB5000F36FE83D1C6FEA3D2D70EC3D2373EE3DE5
:10FB6000FE77F03DBC7EF23D5D87F43DDE91F63DD3
:10FB70003F9EF83D7EACFA3D9ABCFC3D91CEFE3DE9
:10FB80003271003E087C013EC987023E7694033EF6
:10FB90000EA2043E90B0053EFBBF063E4ED0073E8F
:10FBA0008AE1083EADF3093EB7060B3EA71A0C3EAC
:10FBB0007D2F0D3E37450E3ED55B0F3E5673103EF2
:10FBC000BB8B113E01A5123E29BF133E31DA143E14
:10FBD0001AF6153EE112173E8830183E0C4F193EBA
:10FBE0006E6E1A3EAC8E1B3EC6AF1C3EBBD11D3E98
:10FBF0008BF41E3E3418203EB73C213E1262223E5A
:10FC00004488233E4EAF243E2DD7253EE3FF263EBB
:10FC10006D29283ECB53293EFC7E2A3E01AB2B3E6C
:10FC2000D7D72C3E7E052E3EF6332F3E3E63303E28
:10FC30005493313E39C4323EECF5333E6B28353EA9
:10FC4000B65B363ECD8F373EAEC4383E59FA393EAC
:10FC5000CE303B3E0A683C3E0FA03D3EDAD83E3EE9
:10FC60006B12403EC14C413EDC87423EBBC3433E2B
:10FC70005D00453EC23D463EE87B473ECEBA483E2B
:10FC800075FA493EDB3A4B3EFF7B4C3EE1BD4D3EB3
:10FC900080004F3EDB43503EF287513EC3CC523E84
:10FCA0004E12543E9158553E8E9F563E41E7573E68
:10FCB000AB2F593ECB785A3EA0C25B3E2A0D5D3E2B
:10FCC00066585E3E56A45F3EF7F0603E4A3E623E96
:10FCD0004C8C633EFFDA643E5F2A663E6E7A673E76
:10FCE0002ACB683E921C6A3EA56E6B3E63C16C3E99
:10FCF000CB146E3EDB686F3E94BD703EF412723ED4
:10FD0000FB68733EA8BF743EF916763EEE6E773EF2
:10FD100086C7783EC1207A3E9E7A7B3E1BD57C3ECC
:10FD200038307E3EF38B7F3E2774803EA322813E97
:10FD30006DD1813E8480823EEA2F833E9CDF833EEC
:10FD40009B8F843EE63F853E7CF0853E5EA1863EED
:10FD50008B52873E0204883EC4B5883ECF67893EF9
:10FD6000231A8A3EBFCC8A3EA47F8B3ED1328C3E82
:10FD700046E68C3E019A8D3E034E8E3E4B028F3EF0
:10FD8000D9B68F3EAC6B903EC320913E20D6913EBB
:10FD9000C08B923EA441933ECAF7933E34AE943E4C
:10FDA000DF64953ECD1B963EFBD2963E6B8A973E16
:10FDB0001B42983E0BFA983E3AB2993EA96A9A3E87
:10FDC00056239B3E42DC9B3E6B959C3ED24E9D3E15
:10FDD00075089E3E55C29E3E717C9F3EC936A03E30
:10FDE0005BF1A03E28ACA13E3067A23E7122A33E4B
:10FDF000EBDDA33E9E99A43E8A55A53EAE11A63EDC
:10FE000009CEA63E9B8AA73E6347A83E6204A93E50
:10FE100096C1A93E007FAA3E9E3CAB3E71FAAB3E26
:10FE200077B8AC3EB176AD3E1D35AE3EBDF3AE3ECD
:10FE30008EB2AF3E9071B03EC430B13E28F0B13EBC
:10FE4000BDAFB23E816FB33E752FB43E97EFB43E67
:10FE5000E7AFB53E6670B63E1131B73EEAF1B73E48
:10FE6000EFB2B83E2074B93E7D35BA3E04F7BA3ED3
:10FE7000B6B8BB3E937ABC3E993CBD3EC8FEBD3E83
:10FE800020C1BE3EA083BF3E4846C03E1709C13ECA
:10FE90000DCCC13E298FC23E6C52C33ED415C43E28
:10FEA00060D9C43E119DC53EE760C63EDF24C73E13
:10FEB000FBE8C73E3AADC83E9A71C93E1C36CA3E01
:10FEC000C0FACA3E84BFCB3E6884CC3E6C49CD3E6E
:10FED000900ECE3ED2D3CE3E3299CF3EB15ED03ED2
:10FEE0004C24D13E05EAD13EDAAFD23ECB75D33EAB
:10FEF000D73BD43EFF01D53E41C8D53E9D8ED63E70
:10FF00001355D73EA11BD83E49E2D83E08A9D93E99
:10FF1000DF6FDA3ECD36DB3ED2FDDB3EEDC4DC3EAC
:10FF20001E8CDD3E6553DE3EBF1ADF3E2FE2DF3E14
:10FF3000B2A9E03E4871E13EF138E23EAD00E33E59
:10FF40007AC8E33E5990E43E4958E53E4920E63EF2
:10FF500059E8E63E79B0E73EA878E83EE540E93E5C
:10FF60003009EA3E89D1EA3EEF99EB3E6162EC3E10
:10FF7000DF2AED3E6AF3ED3EFFBBEE3E9F84EF3E8F
:10FF8000494DF03EFD15F13EB9DEF13E7FA7F23E50
:10FF90004D70F33E2339F43E0002F53EE3CAF53ED0
:10FFA000CD93F63EBD5CF73EB225F83EACEEF83E92
:10FFB000ABB7F93EAD80FA3EB249FB3EBB12FC3E08
:10FFC000C6DBFC3ED3A4FD3EE16DFE3EF036FF3EB7
:10FFD0000000003F8864003F10C9003F972D013F9B
:10FFE0001D92013FA3F6013F275B023FAABF023FDC
:10FFF0002B24033FAA88033F27ED033FA151043F71
:020000040802F0
:1000000019B6043F8E1A053F007F053F6FE3053F99
:10001000D947063F40AC063FA310073F0275073F94
:100020005CD9073FB13D083F01A2083F4B06093F9D
:10003000906A093FD0CE093F09330A3F3C970A3FF7
:1000400068FB0A3F8E5F0B3FACC30B3FC4270C3FDE
:10005000D38B0C3FDBEF0C3FDC530D3FD3B70D3F91
:10006000C31B0E3FAA7F0E3F87E30E3F5C470F3F47
:1000700027AB0F3FE90E103FA072103F4ED6103F46
:10008000F139113F899D113F1701123F9964123FC9
:1000900010C8123F7C2B133FDC8E133F2FF2133F0F
:1000A0007755143FB1B8143FE01B153F017F153F52
:1000B00014E2153F1B45163F13A8163FFE0A173FD3
:1000C000DA6D173FA8D0173F6733183F1796183FD0
:1000D000B8F8183F4A5B193FCCBD193F3E201A3F84
:1000E000A0821A3FF2E41A3F33471B3F63A91B3F2C
:1000F000820B1C3F906D1C3F8DCF1C3F77311D3F05
:1001000050931D3F16F51D3FCA561E3F6BB81E3F4C
:10011000F9191F3F757B1F3FDCDC1F3F303E203F3E
:10012000709F203F9C00213FB461213FB7C2213F17
:10013000A523223F7E84223F42E5223FF045233F14
:1001400088A6233F0B07243F7767243FCDC7243F72
:100150000C28253F3588253F46E8253F3F48263F68
:1001600022A8263FEC07273F9E67273F38C7273F37
:10017000B926283F2286283F71E5283FA844293F19
:10018000C5A3293FC8022A3FB1612A3F80C02A3F48
:10019000351F2B3FCF7D2B3F4EDC2B3FB33A2C3FFF
:1001A000FC982C3F29F72C3F3B552D3F31B32D3F79
:1001B0000A112E3FC86E2E3F68CC2E3FEC292F3FF0
:1001C00052872F3F9CE42F3FC741303FD59E303FA1
:1001D000C5FB303F9758313F4AB5313FDF11323FC1
:1001E000556E323FABCA323FE326333FFB82333F8B
:1001F000F3DE333FCB3A343F8296343F1AF2343F3A
:10020000904D353FE6A8353F1B04363F2E5F363F05
:1002100020BA363FF014373F9E6F373F2ACA373F28
:100220009424383FDB7E383FFFD8383F0033393FD6
:10023000DD8C393F97E6393F2E403A3FA0993A3F4F
:10024000EFF23A3F194C3B3F1EA53B3FFFFD3B3FC2
:10025000BA563C3F51AF3C3FC2073D3F0D603D3F6A
:1002600033B83D3F32103E3F0B683E3FBEBF3E3F7E
:100270004A173F3FAF6E3F3FEDC53F3F031D403F35
:10028000F273403FB9CA403F5921413FD077413FC7
:100290001ECE413F4524423F427A423F16D0423F64
:1002A000C125433F437B433F9BD0433FC925443F48
:1002B000CD7A443FA7CF443F5724453FDC78453FA4
:1002C00036CD453F6421463F6875463F40C9463FAD
:1002D000ED1C473F6E70473FC2C3473FEB16483F98
:1002E000E669483FB6BC483F580F493FCD61493F9A
:1002F00015B4493F30064A3F1D584A3FDCA94A3FE2
:100300006DFB4A3FCF4C4B3F049E4B3F09EF4B3FA9
:10031000E03F4C3F88904C3F00E14C3F49314D3F1E
:1003200063814D3F4CD14D3F06214E3F90704E3F73
:10033000E9BF4E3F110F4F3F095E4F3FD0AC4F3FDB
:1003400065FB4F3FCA49503FFC97503FFDE5503F8A
:10035000CD33513F6A81513FD4CE513F0D1C523FA6
:100360001269523FE5B5523F8502533FF24E533F6B
:100370002B9B533F31E7533F0233543FA07E543F02
:100380000ACA543F4015553F4160553F0DAB553F9C
:10039000A5F5553F0740563F358A563F2DD4563F69
:1003A000EF1D573F7C67573FD2B0573FF3F9573F98
:1003B000DD42583F918B583F0FD4583F551C593F51
:1003C0006564593F3DAC593FDEF3593F483B5A3FC6
:1003D0007A825A3F74C95A3F36105B3FC0565B3F22
:1003E000119D5B3F2AE35B3F0B295C3FB26E5C3F94
:1003F00021B45C3F56F95C3F523E5D3F15835D3F43
:100400009DC75D3FEC0B5E3F01505E3FDC935E3F5E
:100410007DD75E3FE21A5F3F0E5E5F3FFEA05F3F0B
:10042000B4E35F3F2E26603F6D68603F70AA603F77
:1004300038EC603FC42D613F146F613F28B0613FCD
:1004400000F1613F9C31623FFA71623F1CB2623F32
:1004500002F2623FAA31633F1571633F42B0633FCE
:1004600033EF633FE52D643F5A6C643F90AA643FCD
:1004700089E8643F4426653FC063653FFDA0653F52
:10048000FCDD653FBC1A663F3D57663F7F93663F84
:1004900081CF663F440B673FC846673F0C82673F8A
:1004A00010BD673FD4F7673F5832683F9B6C683F89
:1004B0009FA6683F61E0683FE319693F2453693FA5
:1004C000248C693FE3C4693F61FD693F9E356A3F03
:1004D000996D6A3F52A56A3FC9DC6A3FFF136B3FC3
:1004E000F24A6B3FA4816B3F13B86B3F3FEE6B3F0B
:1004F00029246C3FD1596C3F358F6C3F57C46C3FFA
:1005000035F96C3FD02D6D3F28626D3F3C966D3FB5
:100510000DCA6D3F9AFD6D3FE3306E3FE8636E3F5D
:10052000AA966E3F27C96E3F5FFB6E3F532D6F3F0C
:10053000035F6F3F6E906F3F94C16F3F75F26F3FE7
:100540001123703F6753703F7983703F45B3703F0D
:10055000CCE2703F0D12713F0841713FBD6F713F9A
:100560002D9E713F56CC713F39FA713FD627723FAD
:100570002D55723F3C82723F06AF723F88DB723F5F
:10058000C407733FB933733F665F733FCD8A733FD0
:10059000ECB5733FC4E0733F540B743F9D35743F1B
:1005A0009E5F743F5789743FC9B2743FF2DB743F5A
:1005B000D304753F6C2D753FBD55753FC67D753FA6
:1005C00086A5753FFDCC753F2CF4753F121B763F19
:1005D000AF41763F0368763F0F8E763FD1B3763FCB
:1005E0004AD9763F79FE763F5F23773FFC47773FD6
:1005F0004F6C773F5890773F18B4773F8ED7773F4F
:10060000BAFA773F9B1D783F3340783F8162783F4D
:100610008484783F3DA6783FACC7783FD0E8783FE8
:10062000A909793F382A793F7C4A793F756A793F31
:10063000248A793F87A9793F9FC8793F6DE7793F41
:10064000EF057A3F25247A3F11427A3FB15F7A3F26
:10065000057D7A3F0E9A7A3FCCB67A3F3DD37A3FFA
:1006600063EF7A3F3D0B7B3FCB267B3F0D427B3FC9
:10067000045D7B3FAE777B3F0C927B3F1DAC7B3FA5
:10068000E3C57B3F5CDF7B3F88F87B3F68117C3FA5
:10069000FC297C3F43427C3F3D5A7C3FEB717C3FD1
:1006A0004C897C3F60A07C3F27B77C3FA1CD7C3F3D
:1006B000CFE37C3FAFF97C3F420F7D3F88247D3FF5
:1006C00081397D3F2C4E7D3F8B627D3F9C767D3F07
:1006D0005F8A7D3FD59D7D3FFEB07D3FD9C37D3F85
:1006E00067D67D3FA6E87D3F99FA7D3F3D0C7E3F72
:1006F000941D7E3F9D2E7E3F583F7E3FC54F7E3FDF
:10070000E55F7E3FB66F7E3F397F7E3F6F8E7E3FD7
:10071000569D7E3FEFAB7E3F3ABA7E3F37C87E3F65
:10072000E6D57E3F46E37E3F58F07E3F1CFD7E3F90
:1007300092097F3FB9157F3F92217F3F1C2D7F3F5C
:1007400058387F3F45437F3FE44D7F3F35587F3FDB
:1007500037627F3FEA6B7F3F4E757F3F657E7F3F0D
:100760002C877F3FA58F7F3FCF977F3FAA9F7F3FFB
:1007700037A77F3F75AE7F3F64B57F3F04BC7F3FA7
:1007800056C27F3F58C87F3F0CCE7F3F71D37F3F1B
:1007900088D87F3F4FDD7F3FC7E17F3FF1E57F3F57
:1007A000CCE97F3F58ED7F3F94F07F3F82F37F3F5E
:1007B00022F67F3F72F87F3F73FA7F3F25FC7F3F31
:1007C00088FD7F3F9DFE7F3F62FF7F3FD9FF7F3FD8
:1007D0000000803FD9FF7F3F62FF7F3F9DFE7F3F4C
:1007E00088FD7F3F25FC7F3F73FA7F3F72F87F3F94
:1007F00022F67F3F82F37F3F94F07F3F58ED7F3FAB
:10080000CCE97F3FF1E57F3FC7E17F3F4FDD7F3F91
:1008100088D87F3F71D37F3F0CCE7F3F58C87F3F42
:1008200056C27F3F04BC7F3F64B57F3F75AE7F3FBC
:1008300037A77F3FAA9F7F3FCF977F3FA58F7F3FFF
:100840002C877F3F657E7F3F4E757F3FEA6B7F3F02
:1008500037627F3F35587F3FE44D7F3F45437F3FC1
:1008600058387F3F1C2D7F3F92217F3FB9157F3F36
:1008700092097F3F1CFD7E3F58F07E3F46E37E3F5E
:10088000E6D57E3F37C87E3F3ABA7E3FEFAB7E3F2C
:10089000569D7E3F6F8E7E3F397F7E3FB66F7E3F97
:1008A000E55F7E3FC54F7E3F583F7E3F9D2E7E3F9A
:1008B000941D7E3F3D0C7E3F99FA7D3FA6E87D3F2B
:1008C00067D67D3FD9C37D3FFEB07D3FD59D7D3F3F
:1008D0005F8A7D3F9C767D3F8B627D3F2C4E7D3FC6
:1008E00081397D3F88247D3F420F7D3FAFF97C3FBA
:1008F000CFE37C3FA1CD7C3F27B77C3F60A07C3F0E
:100900004C897C3FEB717C3F3D5A7C3F43427C3FAE
:10091000FC297C3F68117C3F88F87B3F5CDF7B3F94
:10092000E3C57B3F1DAC7B3F0C927B3FAE777B3FAB
:10093000045D7B3F0D427B3FCB267B3F3D0B7B3FE6
:1009400063EF7A3F3DD37A3FCCB67A3F0E9A7A3F37
:10095000057D7A3FB15F7A3F11427A3F25247A3F85
:10096000EF057A3F6DE7793F9FC8793F87A9793FC7
:10097000248A793F756A793F7C4A793F382A793FE2
:10098000A909793FD0E8783FACC7783F3DA6783FCA
:100990008484783F8162783F3340783F9B1D783F65
:1009A000BAFA773F8ED7773F18B4773F5890773FA2
:1009B0004F6C773FFC47773F5F23773F79FE763F69
:1009C0004AD9763FD1B3763F0F8E763F0368763FA4
:1009D000AF41763F121B763F2CF4753FFDCC753F3F
:1009E00086A5753FC67D753FBD55753F6C2D753F1E
:1009F000D304753FF2DB743FC9B2743F5789743F2B
:100A00009E5F743F9D35743F540B743FC4E0733F49
:100A1000ECB5733FCD8A733F665F733FB933733F65
:100A2000C407733F88DB723F06AF723F3C82723F60
:100A30002D55723FD627723F39FA713F56CC713F20
:100A40002D9E713FBD6F713F0841713F0D12713F87
:100A5000CCE2703F45B3703F7983703F6753703F7E
:100A60001123703F75F26F3F94C16F3F6E906F3FDF
:100A7000035F6F3F532D6F3F5FFB6E3F27C96E3F94
:100A8000AA966E3FE8636E3FE3306E3F9AFD6D3F7E
:100A90000DCA6D3F3C966D3F28626D3FD02D6D3F76
:100AA00035F96C3F57C46C3F358F6C3FD1596C3F63
:100AB00029246C3F3FEE6B3F13B86B3FA4816B3F23
:100AC000F24A6B3FFF136B3FC9DC6A3F52A56A3F96
:100AD000996D6A3F9E356A3F61FD693FE3C4693F96
:100AE000248C693F2453693FE319693F61E0683F03
:100AF0009FA6683F9B6C683F5832683FD4F7673FBA
:100B000010BD673F0C82673FC846673F440B673F95
:100B100081CF663F7F93663F3D57663FBC1A663F75
:100B2000FCDD653FFDA0653FC063653F4426653F32
:100B300089E8643F90AA643F5A6C643FE52D643FA6
:100B400033EF633F42B0633F1571633FAA31633FA8
:100B500002F2623F1CB2623FFA71623F9C31623F17
:100B600000F1613F28B0613F146F613FC42D613FC8
:100B700038EC603F70AA603F6D68603F2E26603F92
:100B8000B4E35F3FFEA05F3F0E5E5F3FE21A5F3F50
:100B90007DD75E3FDC935E3F01505E3FEC0B5E3FD6
:100BA0009DC75D3F15835D3F523E5D3F56F95C3FFB
:100BB00021B45C3FB26E5C3F0B295C3F2AE35B3F94
:100BC000119D5B3FC0565B3F36105B3F74C95A3F77
:100BD0007A825A3F483B5A3FDEF3593F3DAC593F7A
:100BE0006564593F551C593F0FD4583F918B583F6E
:100BF000DD42583FF3F9573FD2B0573F7C67573F2C
:100C0000EF1D573F2DD4563F358A563F0740563F7C
:100C1000A5F5553F0DAB553F4160553F4015553F3C
:100C20000ACA543FA07E543F0233543F31E7533F3A
:100C30002B9B533FF24E533F8502533FE5B5523F46
:100C40001269523F0D1C523FD4CE513F6A81513F31
:100C5000CD33513FFDE5503FFC97503FCA49503FCF
:100C600065FB4F3FD0AC4F3F095E4F3F110F4F3FE9
:100C7000E9BF4E3F90704E3F06214E3F4CD14D3F55
:100C800063814D3F49314D3F00E14C3F88904C3FDF
:100C9000E03F4C3F09EF4B3F049E4B3FCF4C4B3F57
:100CA0006DFB4A3FDCA94A3F1D584A3F30064A3F88
:100CB00015B4493FCD61493F580F493FB6BC483F45
:100CC000E669483FEB16483FC2C3473F6E70473F57
:100CD000ED1C473F40C9463F6875463F6421463F8B
:100CE00036CD453FDC78453F5724453FA7CF443FAD
:100CF000CD7A443FC925443F9BD0433F437B433F8C
:100D0000C125433F16D0423F427A423F4524423FED
:100D10001ECE413FD077413F5921413FB9CA403FA4
:100D2000F273403F031D403FEDC53F3FAF6E3F3F75
:100D30004A173F3FBEBF3E3F0B683E3F32103E3F2B
:100D400033B83D3F0D603D3FC2073D3F51AF3C3F93
:100D5000BA563C3FFFFD3B3F1EA53B3F194C3B3F76
:100D6000EFF23A3FA0993A3F2E403A3F97E6393F9B
:100D7000DD8C393F0033393FFFD8383FDB7E383FC9
:100D80009424383F2ACA373F9E6F373FF014373FCD
:100D900020BA363F2E5F363F1B04363FE6A8353F6C
:100DA000904D353F1AF2343F8296343FCB3A343F70
:100DB000F3DE333FFB82333FE326333FABCA323FA0
:100DC000556E323FDF11323F4AB5313F9758313FC0
:100DD000C5FB303FD59E303FC741303F9CE42F3F9D
:100DE00052872F3FEC292F3F68CC2E3FC86E2E3FF5
:100DF0000A112E3F31B32D3F3B552D3F29F72C3F94
:100E0000FC982C3FB33A2C3F4EDC2B3FCF7D2B3F41
:100E1000351F2B3F80C02A3FB1612A3FC8022A3FBD
:100E2000C5A3293FA844293F71E5283F2286283FD2
:100E3000B926283F38C7273F9E67273FEC07273F43
:100E400022A8263F3F48263F46E8253F3588253FD4
:100E50000C28253FCDC7243F7767243F0B07243F4D
:100E600088A6233FF045233F42E5223F7E84223F70
:100E7000A523223FB7C2213FB461213F9C00213FFF
:100E8000709F203F303E203FDCDC1F3F757B1F3FC3
:100E9000F9191F3F6BB81E3FCA561E3F16F51D3F7E
:100EA00050931D3F77311D3F8DCF1C3F906D1C3FF0
:100EB000820B1C3F63A91B3F33471B3FF2E41A3FE1
:100EC000A0821A3F3E201A3FCCBD193F4A5B193F12
:100ED000B8F8183F1796183F6733183FA8D0173F48
:100EE000DA6D173FFE0A173F13A8163F1B45163F42
:100EF00014E2153F017F153FE01B153FB1B8143FC9
:100F00007755143F2FF2133FDC8E133F7C2B133F9A
:100F100010C8123F9964123F1701123F899D113F7B
:100F2000F139113F4ED6103FA072103FE90E103F2D
:100F300027AB0F3F5C470F3F87E30E3FAA7F0E3F73
:100F4000C31B0E3FD3B70D3FDC530D3FDBEF0C3F10
:100F5000D38B0C3FC4270C3FACC30B3F8E5F0B3FC2
:100F600068FB0A3F3C970A3F09330A3FD0CE093F4E
:100F7000906A093F4B06093F01A2083FB13D083F77
:100F80005CD9073F0275073FA310073F40AC063FFF
:100F9000D947063F6FE3053F007F053F8E1A053FA7
:100FA00019B6043FA151043F27ED033FAA88033F30
:100FB0002B24033FAABF023F275B023FA3F6013F5A
:100FC0001D92013F972D013F10C9003F8864003FEB
:100FD0000000003FF036FF3EE16DFE3ED3A4FD3E33
:100FE000C6DBFC3EBB12FC3EB249FB3EAD80FA3E86
:100FF000ABB7F93EACEEF83EB225F83EBD5CF73E2D
:10100000CD93F63EE3CAF53E0002F53E2339F43EA9
:101010004D70F33E7FA7F23EB9DEF13EFD15F13E85
:10102000494DF03E9F84EF3EFFBBEE3E6AF3ED3E3E
:10103000DF2AED3E6162EC3EEF99EB3E89D1EA3E5C
:101040003009EA3EE540E93EA878E83E79B0E73E5F
:1010500059E8E63E4920E63E4958E53E5990E43ECF
:101060007AC8E33EAD00E33EF138E23E4871E13E2E
:10107000B2A9E03E2FE2DF3EBF1ADF3E6553DE3EFF
:101080001E8CDD3EEDC4DC3ED2FDDB3ECD36DB3ECC
:10109000DF6FDA3E08A9D93E49E2D83EA11BD83E0F
:1010A0001355D73E9D8ED63E41C8D53EFF01D53E55
:1010B000D73BD43ECB75D33EDAAFD23E05EAD13E24
:1010C0004C24D13EB15ED03E3299CF3ED2D3CE3EFB
:1010D000900ECE3E6C49CD3E6884CC3E84BFCB3E64
:1010E000C0FACA3E1C36CA3E9A71C93E3AADC83EE5
:1010F000FBE8C73EDF24C73EE760C63E119DC53E04
:1011000060D9C43ED415C43E6C52C33E298FC23E42
:101110000DCCC13E1709C13E4846C03EA083BF3E2C
:1011200020C1BE3EC8FEBD3E993CBD3E937ABC3E4A
:10113000B6B8BB3E04F7BA3E7D35BA3E2074B93E20
:10114000EFB2B83EEAF1B73E1131B73E6670B63E37
:10115000E7AFB53E97EFB43E752FB43E816FB33E17
:10116000BDAFB23E28F0B13EC430B13E9071B03E4A
:101170008EB2AF3EBDF3AE3E1D35AE3EB176AD3E56
:1011800077B8AC3E71FAAB3E9E3CAB3E007FAA3EC8
:1011900096C1A93E6204A93E6347A83E9B8AA73E2A
:1011A00009CEA63EAE11A63E8A55A53E9E99A43E06
:1011B000EBDDA33E7122A33E3067A23E28ACA13EE8
:1011C0005BF1A03EC936A03E717C9F3E55C29E3E5B
:1011D00075089E3ED24E9D3E6B959C3E42DC9B3EEA
:1011E00056239B3EA96A9A3E3AB2993E0BFA983E24
:1011F0001B42983E6B8A973EFBD2963ECD1B963E95
:10120000DF64953E34AE943ECAF7933EA441933ECC
:10121000C08B923E20D6913EC320913EAC6B903E57
:10122000D9B68F3E4B028F3E034E8E3E019A8D3EC5
:1012300046E68C3ED1328C3EA47F8B3EBFCC8A3EAC
:10124000231A8A3ECF67893EC4B5883E0204883E91
:101250008B52873E5EA1863E7CF0853EE63F853E12
:101260009B8F843E9CDF833EEA2F833E8480823EB8
:101270006DD1813EA322813E2774803EF38B7F3E59
:1012800038307E3E1BD57C3E9E7A7B3EC1207A3E26
:1012900086C7783EEE6E773EF916763EA8BF743E5E
:1012A000FB68733EF412723E94BD703EDB686F3E85
:1012B000CB146E3E63C16C3EA56E6B3E921C6A3EC3
:1012C0002ACB683E6E7A673E5F2A663EFFDA643E4E
:1012D0004C8C633E4A3E623EF7F0603E56A45F3E51
:1012E00066585E3E2A0D5D3EA0C25B3ECB785A3EFC
:1012F000AB2F593E41E7573E8E9F563E9158553E83
:101300004E12543EC3CC523EF287513EDB43503E18
:1013100080004F3EE1BD4D3EFF7B4C3EDB3A4B3EF5
:1013200075FA493ECEBA483EE87B473EC23D463E4E
:101330005D00453EBBC3433EDC87423EC14C413E5F
:101340006B12403EDAD83E3E0FA03D3E0A683C3E5E
:10135000CE303B3E59FA393EAEC4383ECD8F373E93
:10136000B65B363E6B28353EECF5333E39C4323E33
:101370005493313E3E63303EF6332F3E7E052E3E83
:10138000D7D72C3E01AB2B3EFC7E2A3ECB53293EC9
:101390006D29283EE3FF263E2DD7253E4EAF243E45
:1013A0004488233E1262223EB73C213E3418203E40
:1013B0008BF41E3EBBD11D3EC6AF1C3EAC8E1B3E09
:1013C0006E6E1A3E0C4F193E8830183EE112173EE1
:1013D0001AF6153E31DA143E29BF133E01A5123E1E
:1013E000BB8B113E5673103ED55B0F3E37450E3E0C
:1013F0007D2F0D3EA71A0C3EB7060B3EADF3093EFE
:101400008AE1083E4ED0073EFBBF063E90B0053E47
:101410000EA2043E7694033EC987023E087C013E3C
:101420003271003E91CEFE3D9ABCFC3D7EACFA3D51
:101430003F9EF83DDE91F63D5D87F43DBC7EF23D7A
:10144000FE77F03D2373EE3D2D70EC3D1C6FEA3DC1
:10145000F36FE83DB172E63D5A77E43DED7DE23D44
:101460006C86E03DD890DE3D329DDC3D7CABDA3DC4
:10147000B7BBD83DE4CDD63D03E2D43D18F8D23D0C
:101480002110D13D222ACF3D1A46CD3D0B64CB3DE4
:10149000F783C93DDEA5C73DC1C9C53DA2EFC33D28
:1014A0008217C23D6241C03D436DBE3D269BBC3D9F
:1014B0000CCBBA3DF7FCB83DE730B73DDE66B53D35
:1014C000DD9EB33DE4D8B13DF614B03D1253AE3DC0
:1014D0003B93AC3D71D5AA3DB519A93D0860A73D28
:1014E0006CA8A53DE2F2A33D693FA23D058EA03D5B
:1014F000B5DE9E3D7B319D3D57869B3D4BDD993D45
:101500005836983D7F91963DC0EE943D1D4E933DDB
:1015100097AF913D2F13903DE6788E3DBCE08C3D1A
:10152000B34A8B3DCCB6893D0725883D6795863DFE
:10153000EA07853D947C833D64F3813D5B6C803D8F
:10154000F6CE7D3D89C97A3D70C8773DAECB743DFE
:1015500044D3713D34DF6E3D80EF6B3D2A04693D1D
:10156000331D663D9E3A633D6B5C603D9E825D3DF2
:1015700038AD5A3D3ADC573DA60F553D7D47523DAB
:10158000C3834F3D78C44C3D9E094A3D3653473D89
:1015900043A1443DC6F3413DC04A3F3D34A63C3DD6
:1015A00023063A3D8E6A373D78D3343DE140323DE3
:1015B000CCB22F3D39292D3D2BA42A3DA323283D14
:1015C000A3A7253D2C30233D3FBD203DDF4E1E3DD2
:1015D0000CE51B3DC97F193D161F173DF5C2143D93
:1015E000676B123D6F18103D0DCA0D3D43800B3DDA
:1015F000123B093D7CFA063D82BE043D2587023D33
:101600006754003D934CFC3C9BF9F73CE8AFF33C3E
:101610007E6FEF3C5E38EB3C8C0AE73C0AE6E23C2E
:10162000DACADE3C00B9DA3C7EB0D63C55B1D23CD9
:101630008ABBCE3C1DCFCA3C12ECC63C6B12C33CED
:101640002A42BF3C527BBB3CE5BDB73CE509B43CFC
:10165000555FB03C36BEAC3C8C26A93C5798A53CA7
:101660009C13A23C5A989E3C96269B3C51BE973CAC
:101670008C5F943C4B0A913C8FBE8D3C5A7C8A3CDB
:10168000AE43873C8D14843CFAEE803CEBA57B3C5A
:101690000481753C436F6F3CAC70693C4285633C90
:1016A00009AD5D3C04E8573C3736523CA6974C3CAC
:1016B000540C473C4494413C7A2F3C3CF9DD363C89
:1016C000C59F313CE0742C3C4F5D273C1359223CB4
:1016D00030681D3CA98A183C82C0133CBD090F3CF0
:1016E0005C660A3C64D6053CD659013C6BE1F93B8B
:1016F0000B36F13B90B1E83B0154E03B611DD83B18
:10170000B60DD03B0625C83B5563C03BA7C8B83BC8
:101710000255B13B6A08AA3BE3E2A23B73E49B3B60
:101720001D0D953BE55C8E3BD0D3873BE271813B41
:101730003C6E763B12476A3B4C6E5E3BF2E3523B9B
:101740000AA8473B9DBA3C3BAF1B323B49CB273BEA
:1017500071C91D3B2C16143B80B10A3B749B013BA5
:101760001AA8F13AA1B6E03A8762D03AD6ABC03AAD
:101770009892B13AD616A33A9A38953AECF7873A46
:10178000A7A9763AB29E5E3A07CF473AB53A323ABF
:10179000C8E11D3A4EC40A3AA5C4F139BF77D03921
:1017A00000A2B1397B43953984B87639C7D8473917
:1017B000DFE71D39C8CBF138DAA5B1383BBC763844
:1017C00064E91D38D1A6B137C6E91D37DEE91D36FB
:1017D000496E76616C696420706172616D657465D3
:1017E00072204275696C74696E4F70657261746FB6
:1017F000725F435553544F4D20746F2074686520B9
:10180000004164644275696C74696E2066756E632C
:1018100074696F6E2E0043616C6C696E6720416461
:10182000644275696C74696E2077697468207468A5
:10183000652073616D65206F70206D6F7265207417
:1018400068616E20006F6E6365206973206E6F742F
:1018500020737570706F7274656420284F703A2021
:10186000232564292E00436F756C646E27742072E3
:1018700065676973746572206275696C74696E203E
:101880006F70202325642C207265736F6C766572EF
:101890002073697A652000697320746F6F20736DFF
:1018A000616C6C20282564292E004167656C616994
:1018B00075735F70686F656E69636575730043610A
:1018C0007264696E616C69735F63617264696E6191
:1018D0006C697300436572746869615F616D6572FC
:1018E0006963616E6100436F727675735F627261E6
:1018F0006368797268796E63686F73005365746F9B
:1019000070686167615F61657374697661005365D2
:10191000746F70686167615F7275746963696C6C1C
:1019200061005370696E75735F7472697374697363
:10193000005475726475735F6D69677261746F725C
:1019400069757300496E707574207061796C6F6190
:1019500064206C656E67746820646F6573206E6FB9
:1019600074206D6174636820746865206D6F6465B0
:101970006C2074656E736F72006269726473657453
:101980005F7374726963745F323073686F745F6C15
:101990006F676D656C5F686561645F6F6E6C795FC2
:1019A000736565645F3132330035623036316461AE
:1019B0006264303334316362373161636435643279
:1019C00038353435303332643864666431353266E4
:1019D0003032383331323561626438316130393414
:1019E0003234616437616561630055415254206847
:1019F00065616465722072656365697665206661FC
:101A0000696C656400556E737570706F727465648F
:101A10002070726F746F636F6C2076657273696F7C
:101A20006E00556E737570706F727465642070729D
:101A30006F746F636F6C20666C61677300506179BF
:101A40006C6F616420657863656564732066697294
:101A50006D77617265207265636569766520627570
:101A6000666665720055415254207061796C6F61F1
:101A7000642072656365697665206661696C65647A
:101A8000005061796C6F6164204352433332206DA2
:101A900069736D61746368004745545F494E464FF2
:101AA00020646F6573206E6F74206163636570746A
:101AB0002061207061796C6F616400415544494F29
:101AC0005F424547494E20726571756972657320A2
:101AD000612031362D6279746520646573637269A3
:101AE00070746F72004578706563746564206D6F03
:101AF0006E6F2031363030302D487A2050434D5FA4
:101B00005331365F4C4520617564696F00417564DF
:101B1000696F206D75737420636F6E7461696E20D8
:101B2000312E2E31323020636F6D706C65746520FC
:101B30006F6E652D7365636F6E642077696E646F79
:101B4000777300415544494F5F424547494E2069EC
:101B500073207265717569726564206265666F7263
:101B60006520415544494F5F4348554E4B00415510
:101B700044494F5F4348554E4B20726571756972F9
:101B80006573206F666673657420706C7573205082
:101B9000434D31362073616D706C6573004155445F
:101BA000494F5F4348554E4B206F666673657420FE
:101BB0006F722073616D706C652072616E67652055
:101BC000697320696E76616C696400415544494FC0
:101BD0005F52554E20646F6573206E6F7420616391
:101BE000636570742061207061796C6F616400417D
:101BF0007564696F2075706C6F616420697320690A
:101C00006E636F6D706C65746500436F6D706C65AD
:101C100074652050434D2073747265616D2043528A
:101C2000433332206D69736D6174636800415544BC
:101C3000494F5F4745545F464541545552452064DE
:101C40006F6573206E6F74206163636570742061CB
:101C5000207061796C6F6164004E6F20636F6D70EE
:101C60006C6574656420617564696F2077696E6462
:101C70006F7720697320617661696C61626C6500C1
:101C8000556E737570706F727465642073657269D8
:101C9000616C206D6F64656C20636F6D6D616E6447
:101CA00000426961732074797065202573202825AE
:101CB0006429206E6F7420737570706F7274656420
:101CC0002E005765696768742074797065202573E4
:101CD0002028256429206E6F7420737570706F72D0
:101CE0007465642E0054797065202573202825645E
:101CF00029206E6F7420737570706F727465642E16
:101D0000002F686F6D652F63792F636F64652F7087
:101D1000726F6772616D2F4C45445F544553542F69
:101D2000447269766572732F74666C6974652D6D83
:101D30006963726F2F74656E736F72666C6F772F45
:101D40006C6974652F6D6963726F2F6B65726E6558
:101D50006C732F636F6E765F636F6D6D6F6E2E6346
:101D6000630025733A256420257320776173206E04
:101D70006F7420747275652E006861735F626961AB
:101D800073207C7C206E6F64652D3E696E70757467
:101D9000732D3E73697A65203D3D20320025733AEC
:101DA000256420257320213D2025732028256420CB
:101DB000213D20256429006E6F64652D3E6F75748A
:101DC000707574732D3E73697A6500696E707574F1
:101DD00020213D206E756C6C7074720066696C74A5
:101DE000657220213D206E756C6C707472006F7589
:101DF0007470757420213D206E756C6C7074720067
:101E00006F75747075742D3E7479706500696E70AD
:101E100075742D3E74797065002F686F6D652F6342
:101E2000792F636F64652F70726F6772616D2F4CCD
:101E300045445F544553542F447269766572732F3D
:101E400074666C6974652D6D6963726F2F74656E4D
:101E5000736F72666C6F772F6C6974652F6D696331
:101E6000726F2F6B65726E656C732F636F6E765F2A
:101E7000636F6D6D6F6E2E63632048796272696463
:101E8000206D6F64656C7320617265206E6F7420C5
:101E9000737570706F72746564206F6E2054464C59
:101EA000697465204D6963726F2E006B54664C69CE
:101EB0007465416666696E655175616E74697A61B3
:101EC00074696F6E0066696C7465722D3E71756120
:101ED0006E74697A6174696F6E2E747970650061D1
:101EE0006666696E655F7175616E74697A61746941
:101EF0006F6E2D3E7363616C652D3E73697A65204C
:101F00003D3D2031207C7C20616666696E655F7195
:101F100075616E74697A6174696F6E2D3E73636169
:101F20006C652D3E73697A65203D3D2066696C7451
:101F300065722D3E64696D732D3E646174615B6BE7
:101F4000436F6E765175616E74697A656444696D2C
:101F5000656E73696F6E5D0046696C74657220749E
:101F6000797065202573202825642920666F7220EA
:101F7000696E7075742074797065202573206E6F9A
:101F80007420737570706F727465642E00496E7082
:101F900075742074797065202573202825642920A4
:101FA0006E6F7420737570706F727465642E002F7D
:101FB000686F6D652F63792F636F64652F70726F23
:101FC0006772616D2F4C45445F544553542F4472E2
:101FD00069766572732F74666C6974652D6D6963BB
:101FE000726F2F74656E736F72666C6F772F6C698A
:101FF00074652F6D6963726F2F6B65726E656C739C
:102000002F6465707468776973655F636F6E765F60
:10201000636F6D6D6F6E2E636300616666696E65DA
:102020005F7175616E74697A6174696F6E2D3E734C
:1020300063616C652D3E73697A65203D3D203120DA
:102040007C7C20616666696E655F7175616E74691E
:102050007A6174696F6E2D3E7363616C652D3E739A
:10206000697A65203D3D2066696C7465722D3E6419
:10207000696D732D3E646174615B6B446570746857
:1020800077697365436F6E765175616E74697A65B1
:102090006444696D656E73696F6E5D006166666943
:1020A0006E655F7175616E74697A6174696F6E2DAA
:1020B0003E7A65726F5F706F696E742D3E73697AD8
:1020C0006500616666696E655F7175616E74697AD7
:1020D0006174696F6E2D3E7363616C652D3E73692B
:1020E0007A65002F686F6D652F63792F636F646564
:1020F0002F70726F6772616D2F4C45445F5445536A
:10210000542F447269766572732F74666C697465B6
:102110002D6D6963726F2F74656E736F72666C6F6D
:10212000772F6C6974652F6D6963726F2F6B6572A1
:102130006E656C732F6465707468776973655F632F
:102140006F6E765F636F6D6D6F6E2E63632048797F
:1021500062726964206D6F64656C732061726520C2
:102160006E6F7420737570706F72746564206F6E1B
:102170002054464C697465204D6963726F2E002FA0
:10218000686F6D652F63792F636F64652F70726F51
:102190006772616D2F4C45445F544553542F447210
:1021A00069766572732F74666C6974652D6D6963E9
:1021B000726F2F74656E736F72666C6F772F6C69B8
:1021C00074652F6D6963726F2F6B65726E656C73CA
:1021D0002F66756C6C795F636F6E6E656374656492
:1021E0002E63630025733A256420257320213D204A
:1021F00025732028257320213D2025732900496E51
:1022000070757420747970653A202573207769742D
:10221000682066696C74657220747970653A20254F
:1022200073206E6F7420737570706F727465642E96
:102230000046696C7465722074797065202573207E
:1022400028256429206E6F7420737570706F727406
:1022500065642E002F686F6D652F63792F636F643F
:10226000652F70726F6772616D2F4C45445F5445E6
:1022700053542F447269766572732F74666C697457
:10228000652D6D6963726F2F74656E736F72666C06
:102290006F772F6C6974652F6D6963726F2F6B6533
:1022A000726E656C732F66756C6C795F636F6E6EA2
:1022B00065637465645F636F6D6D6F6E2E6363003D
:1022C000616666696E655F7175616E74697A617465
:1022D000696F6E2D3E7363616C650028696E707561
:1022E000742D3E74797065203D3D206B54664C69B9
:1022F0007465496E74382026262066696C74657290
:102300002D3E7479706520213D206B54664C6974B4
:1023100065496E743429207C7C2028696E70757440
:102320002D3E74797065203D3D206B54664C697478
:1023300065496E7431362026262066696C74657294
:102340002D3E7479706520213D206B54664C697474
:1023500065496E7434290066696C7465722D3E643B
:10236000696D732D3E646174615B616666696E655B
:102370005F7175616E74697A6174696F6E2D3E71FB
:1023800075616E74697A65645F64696D656E7369A1
:102390006F6E5D007065725F6368616E6E656C5F25
:1023A0007175616E74697A6174696F6E5F73697A51
:1023B000650064696D735B695D203C207374643AE9
:1023C0003A6E756D657269635F6C696D6974733CB3
:1023D000696E743E3A3A6D61782829202F20636F28
:1023E000756E7400496E7075742025732C206F759E
:1023F00074707574202573206E6F742073757070FF
:102400006F727465642E002F686F6D652F63792F6E
:10241000636F64652F70726F6772616D2F4C4544F6
:102420005F544553542F447269766572732F7466F6
:102430006C6974652D6D6963726F2F74656E736F4F
:1024400072666C6F772F6C6974652F6D6963726F3C
:102450002F6B65726E656C732F6C6F67697374692F
:10246000635F636F6D6D6F6E2E6363007374643AA8
:102470003A6E756D657269635F6C696D6974733C02
:10248000696E74385F743E3A3A6D696E2829006946
:102490006E7075742D3E706172616D732E7A657207
:1024A0006F5F706F696E7400436865636B65644C41
:1024B0006F6732286F75747075742D3E706172612C
:1024C0006D732E7363616C652C20266F7574707547
:1024D000745F7363616C655F6C6F67325F726F7599
:1024E0006E64656429002D6B4F7574707574467247
:1024F000616374696F6E616C42697473006F7574A7
:102500007075745F7363616C655F6C6F67325F7267
:102510006F756E646564006578706F6E656E7420AB
:102520003E3D203000496E74656765725479706570
:102530002067656D6D6C6F77703A3A526F756E6497
:10254000696E674469766964654279504F542849D9
:102550006E7465676572547970652C20696E742994
:10256000205B7769746820496E7465676572547979
:102570007065203D206C6F6E6720696E745D002F62
:10258000686F6D652F63792F636F64652F70726F4D
:102590006772616D2F4C45445F544553542F44720C
:1025A00069766572732F74666C6974652D6D6963E5
:1025B000726F2F74656E736F72666C6F772F6C69B4
:1025C00074652F6D6963726F2F746F6F6C732F6DED
:1025D000616B652F646F776E6C6F6164732F6765D5
:1025E0006D6D6C6F77702F6669786564706F696E5A
:1025F000742F6669786564706F696E742E68006503
:1026000078706F6E656E74203C3D203331002F680A
:102610006F6D652F63792F636F64652F70726F67BD
:1026200072616D2F4C45445F544553542F44726979
:10263000766572732F74666C6974652D6D6963724B
:102640006F2F74656E736F72666C6F772F6C697421
:10265000652F6D6963726F2F6B65726E656C732F7A
:10266000736F66746D61785F636F6D6D6F6E2E63EF
:1026700063007261775F6578705F6C757420213DCF
:10268000206E756C6C707472006F6E655F6F76652E
:10269000725F6F6E655F706C75735F785F6C757479
:1026A00020213D206E756C6C70747200696E7075BF
:1026B000742D3E74797065203D3D206B54664C69E5
:1026C0007465496E7438207C7C20696E7075742D39
:1026D0003E74797065203D3D206B54664C6974658D
:1026E000496E7431360025733A2564202573206EB7
:1026F0006F74206E65617220257320282566202165
:102700003D2025662900312E66202F2033323736B2
:1027100038006F75747075742D3E706172616D73E1
:102720002E7363616C65002D333237363800312EDD
:1027300066202F203635353336006B54664C69746D
:1027400065496E7438002D313238006F75747075BC
:10275000742D3E706172616D732E7363616C6520C0
:102760003D3D20312E66202F20323536006B5466D9
:102770004C697465466C6F61743332004E756D49F7
:102780006E70757473286E6F646529004E756D4F99
:10279000757470757473286E6F646529004E756D5D
:1027A00044696D656E73696F6E7328696E707574B8
:1027B00029203E3D2031006E6F64652D3E757365A6
:1027C000725F6461746120213D206E756C6C707461
:1027D00072002162726F6164636173745F696E700D
:1027E000757431207C7C202162726F616463617337
:1027F000745F696E7075743200626F6F6C207466FE
:102800006C6974653A3A52656475636544696D65CF
:102810006E73696F6E73466F7242726F616463614B
:10282000737428636F6E73742052756E74696D656E
:102830005368617065262C20636F6E737420527527
:102840006E74696D655368617065262C2073697AB2
:10285000655F742A2C2073697A655F742A2C207353
:10286000697A655F742A29205B7769746820696ECC
:1028700074204D41585F44494D203D20363B207324
:10288000697A655F74203D20756E7369676E656453
:1028900020696E745D002F686F6D652F63792F63FB
:1028A0006F64652F70726F6772616D2F4C45445F66
:1028B000544553542F447269766572732F74666C55
:1028C0006974652D6D6963726F2F74656E736F72B5
:1028D000666C6F772F6C6974652F6B65726E656CB3
:1028E000732F696E7465726E616C2F636F6D6D6F9F
:1028F0006E2E68002F686F6D652F63792F636F648C
:10290000652F70726F6772616D2F4C45445F54453F
:1029100053542F447269766572732F74666C6974B0
:10292000652D6D6963726F2F74656E736F72666C5F
:102930006F772F6C6974652F6D6963726F2F6B658C
:10294000726E656C732F6164645F636F6D6D6F6E23
:102950002E636300696E7075743120213D206E75A1
:102960006C6C70747200696E7075743220213D2039
:102970006E756C6C707472006B54664C6974654E45
:102980006F5175616E74697A6174696F6E00696EFA
:10299000707574312D3E7175616E74697A617469F8
:1029A0006F6E2E7479706500696E707574322D3E8D
:1029B0007175616E74697A6174696F6E2E74797065
:1029C000650054797065202573206E6F74206375DF
:1029D0007272656E746C7920737570706F72746545
:1029E000642E002F686F6D652F63792F636F6465A8
:1029F0002F70726F6772616D2F4C45445F54455361
:102A0000542F447269766572732F74666C697465AD
:102A10002D6D6963726F2F74656E736F72666C6F64
:102A2000772F6C6974652F6D6963726F2F6B657298
:102A30006E656C732F706F6F6C696E675F636F6D1F
:102A40006D6F6E2E6363007363616C655F646966AE
:102A500066203C3D20312E30652D3600696E707544
:102A6000742D3E706172616D732E7A65726F5F7046
:102A70006F696E74203D3D206F75747075742D3EC6
:102A8000706172616D732E7A65726F5F706F696EBF
:102A900074002F686F6D652F63792F636F64652FE6
:102AA00070726F6772616D2F4C45445F544553548B
:102AB0002F447269766572732F74666C6974652D24
:102AC0006D6963726F2F74656E736F72666C6F776A
:102AD0002F6C6974652F6D6963726F2F6B65726EF1
:102AE000656C732F6D756C5F636F6D6D6F6E2E63AC
:102AF0006300696E707574322D3E7479706500697B
:102B00006E707574312D3E74797065006461746106
:102B10002D3E696E707574315F7A65726F5F706F8C
:102B2000696E7400646174612D3E696E70757432F3
:102B30005F7A65726F5F706F696E74006461746153
:102B40002D3E6F75747075745F7A65726F5F706F0C
:102B5000696E74006F705F706172616D732E696E63
:102B6000707574315F6F6666736574006F705F7047
:102B70006172616D732E696E707574325F6F666617
:102B8000736574006F705F706172616D732E6F7525
:102B9000747075745F6F6666736574002F686F6D0F
:102BA000652F63792F636F64652F70726F67726131
:102BB0006D2F4C45445F544553542F4472697665DC
:102BC00072732F74666C6974652D6D6963726F2FF3
:102BD00074656E736F72666C6F772F6C6974652F96
:102BE0006D6963726F2F6B65726E656C732F7265A2
:102BF000647563655F636F6D6D6F6E2E6363006EEA
:102C00006F64652D3E696E707574732D3E73697ABD
:102C100065006178697320213D206E756C6C70745D
:102C200072006B54664C697465496E74333200618E
:102C30007869732D3E7479706500726573756C7474
:102C4000007265666572656E63655F6F70733A3AB0
:102C50004D65616E282074666C6974653A3A6D69D9
:102C600063726F3A3A47657454656E736F7244616C
:102C700074613C666C6F61743E28696E707574296E
:102C80002C20696E7075742D3E64696D732D3E64E1
:102C90006174612C20696E7075742D3E64696D736A
:102CA0002D3E73697A652C2074666C6974653A3AB6
:102CB0006D6963726F3A3A47657454656E736F72EB
:102CC000446174613C666C6F61743E286F7574700A
:102CD0007574292C206F75747075742D3E64696D40
:102CE000732D3E646174612C206F75747075742D42
:102CF0003E64696D732D3E73697A652C2074666C31
:102D00006974653A3A6D6963726F3A3A476574540B
:102D1000656E736F72446174613C696E743E2861C4
:102D2000786973292C206E756D5F617869732C202A
:102D3000706172616D732D3E6B6565705F64696D66
:102D4000732C2074656D705F696E6465782C2072D9
:102D500065736F6C7665645F617869732C20746647
:102D60006C6974653A3A6D6963726F3A3A47657493
:102D700054656E736F72446174613C666C6F61740C
:102D80003E286F75747075742929002F686F6D6502
:102D90002F63792F636F64652F70726F6772616D37
:102DA0002F4C45445F544553542F447269766572E5
:102DB000732F74666C6974652D6D6963726F2F74FF
:102DC000656E736F72666C6F772F6C6974652F6DAB
:102DD0006963726F2F6B65726E656C732F726564B9
:102DE0007563655F636F6D6D6F6E2E6363204375F2
:102DF0007272656E746C792C206F6E6C7920666CC3
:102E00006F617433322C20696E7438206F722069C0
:102E10006E74313620696E70757420747970652017
:102E2000697320737570706F727465642E00556ECF
:102E30006B6E6F776E2074797065004E4F545950E9
:102E40004500464C4F415433320055494E543800EA
:102E5000535452494E4700424F4F4C00434F4D5040
:102E60004C4558363400464C4F4154363400434F9D
:102E70004D504C45583132380055494E5436340087
:102E80005245534F555243450056415249414E54C5
:102E90000055494E5433320055494E54313600499D
:102EA0004E54340042464C4F4154313600556E73F7
:102EB0007570706F727465642064617461207479D8
:102EC000706520256420696E2074656E736F720AC8
:102ED00000556E68616E646C65642066756C6C7913
:102EE0002D636F6E6E6563746564207765696768CE
:102EF000747320666F726D61742E0069203C2073BC
:102F0000697A65282900666C617462756666657207
:102F1000733A3A566563746F723C542C2053697A45
:102F200065543E3A3A72657475726E5F7479706575
:102F300020666C6174627566666572733A3A5665AE
:102F400063746F723C542C2053697A65543E3A3A4C
:102F50004765742853697A65542920636F6E7374CA
:102F6000205B776974682054203D20666C61746230
:102F70007566666572733A3A4F66667365743C743B
:102F8000666C6974653A3A4275666665723E3B20C6
:102F900053697A6554203D206C6F6E6720756E739F
:102FA00069676E656420696E743B20726574757222
:102FB0006E5F74797065203D20636F6E737420744A
:102FC000666C6974653A3A4275666665722A5D0098
:102FD0002F686F6D652F63792F636F64652F707233
:102FE0006F6772616D2F4C45445F544553542F44B5
:102FF0007269766572732F74666C6974652D6D697C
:1030000063726F2F74656E736F72666C6F772F6C5F
:103010006974652F6D6963726F2F746F6F6C732F96
:103020006D616B652F646F776E6C6F6164732F6673
:103030006C6174627566666572732F696E636C7518
:1030400064652F666C6174627566666572732F764F
:103050006563746F722E68004D6963726F416C6CAA
:103060006F6361746F723A204D6F64656C20616CA0
:103070006C6F636174696F6E2066696E69736865F1
:1030800064206265666F7265207374617274696E24
:103090006720616C6C6F636174696E67206D6F642B
:1030A000656C004D6963726F416C6C6F6361746F26
:1030B000723A204D6F64656C20616C6C6F63617453
:1030C000696F6E2073746172746564206265666FE7
:1030D00072652066696E697368696E6720707265D3
:1030E00076696F75736C7920616C6C6F6361746560
:1030F00064206D6F64656C004661696C6564207462
:103100006F20616C6C6F63617465206D656D6F72AB
:103110007920666F72206D6F64656C206D657461D7
:10312000646174612E005363726174636820627518
:103130006666657220726571756573742065786561
:10314000656473206C696D697420706572206F709E
:10315000657261746F72202825642900666C617441
:10316000627566666572733A3A566563746F723C4F
:10317000542C2053697A65543E3A3A7265747572DC
:103180006E5F7479706520666C61746275666665E1
:1031900072733A3A566563746F723C542C205369CB
:1031A0007A65543E3A3A4765742853697A655429DA
:1031B00020636F6E7374205B776974682054203DC0
:1031C000206C6F6E67206C6F6E6720696E743B2099
:1031D00053697A6554203D206C6F6E6720756E735D
:1031E00069676E656420696E743B207265747572E0
:1031F0006E5F74797065203D206C6F6E67206C6F18
:103200006E6720696E745D00556E61626C65207436
:103210006F20616C6C6F636174652054664C6974D7
:1032200065416666696E655175616E74697A61742F
:10323000696F6E2E0A00556E61626C6520746F2096
:10324000616C6C6F63617465207175616E74697A0D
:103250006174696F6E2D3E7A65726F5F706F696E13
:10326000742E0A00666C6174627566666572733AE4
:103270003A566563746F723C542C2053697A6554D6
:103280003E3A3A72657475726E5F74797065206645
:103290006C6174627566666572733A3A56656374FA
:1032A0006F723C542C2053697A65543E3A3A476514
:1032B000742853697A65542920636F6E7374205B98
:1032C000776974682054203D20666C61746275666D
:1032D000666572733A3A4F66667365743C74666CE1
:1032E0006974653A3A54656E736F723E3B20536958
:1032F0007A6554203D206C6F6E6720756E73696728
:103300006E656420696E743B2072657475726E5FC1
:1033100074797065203D20636F6E73742074666CE1
:103320006974653A3A54656E736F722A5D0046613E
:10333000696C656420746F20616C6C6F6361746587
:10334000207661726961626C652074656E736F725C
:10335000206F662073697A6520256400666C61744D
:10336000627566666572733A3A566563746F723C4D
:10337000542C2053697A65543E3A3A7265747572DA
:103380006E5F7479706520666C61746275666665DF
:1033900072733A3A566563746F723C542C205369C9
:1033A0007A65543E3A3A4765742853697A655429D8
:1033B00020636F6E7374205B776974682054203DBE
:1033C00020666C6174627566666572733A3A4F6620
:1033D000667365743C74666C6974653A3A537562D9
:1033E00047726170683E3B2053697A6554203D20E6
:1033F0006C6F6E6720756E7369676E656420696EA9
:10340000743B2072657475726E5F74797065203DCF
:1034100020636F6E73742074666C6974653A3A53F6
:10342000756247726170682A5D004661696C656407
:1034300020746F20616C6C6F63617465206D656DC5
:103440006F727920666F72206E6F64655F616E6463
:103450005F726567697374726174696F6E732E0051
:103460004661696C656420746F20616C6C6F636188
:103470007465206D656D6F727920666F722070655E
:103480007273697374656E742054664C6974655404
:10349000656E736F72004661696C656420746F209D
:1034A000706F70756C6174652061207065727369EE
:1034B0007374656E742054664C69746554656E73DC
:1034C0006F72207374727563742066726F6D2066FC
:1034D0006C61746275666665722064617461210056
:1034E0004661696C656420746F20616C6C6F636108
:1034F00074652074656D702E206D656D6F72792016
:10350000666F722074656E736F722025642C207351
:1035100075626772617068202564004661696C6538
:103520006420746F20706F70756C61746520612009
:1035300074656D702054664C69746554656E736F64
:1035400072207374727563742066726F6D20666C7E
:1035500061746275666665722064617461210046FB
:1035600061696C656420746F20616C6C6F63617459
:1035700065206D656D6F727920666F7220636F6E66
:10358000746578742D3E6576616C5F74656E736FDB
:1035900072732C20256420627974657320726571C2
:1035A0007569726564004661696C656420746F209A
:1035B000696E697469616C697A652074656E736F90
:1035C00072202564004E6272206F66206F66666C02
:1035D000696E6520627566666572206F66667365E2
:1035E0007473202825642920696E206D65746164D8
:1035F000617461206E6F7420657175616C206E62FC
:10360000722074656E736F727320282564290A0016
:10361000666C6174627566666572733A3A56656384
:10362000746F723C542C2053697A65543E3A3A7256
:10363000657475726E5F7479706520666C61746212
:103640007566666572733A3A566563746F723C5478
:103650002C2053697A65543E3A3A47657428536979
:103660007A65542920636F6E7374205B7769746880
:103670002054203D206C6F6E6720696E743B205390
:10368000697A6554203D206C6F6E6720756E736992
:10369000676E656420696E743B2072657475726E26
:1036A0005F74797065203D206C6F6E6720696E7461
:1036B0005D00666C6174627566666572733A3A564F
:1036C0006563746F723C542C2053697A65543E3A9A
:1036D0003A72657475726E5F7479706520666C619C
:1036E00074627566666572733A3A566563746F7292
:1036F0003C542C2053697A65543E3A3A4765742805
:1037000053697A65542920636F6E7374205B7769FF
:1037100074682054203D20666C617462756666652D
:1037200072733A3A4F66667365743C74666C69747A
:10373000653A3A4F70657261746F723E3B2053690F
:103740007A6554203D206C6F6E6720756E736967D3
:103750006E656420696E743B2072657475726E5F6D
:1037600074797065203D20636F6E73742074666C8D
:103770006974653A3A4F70657261746F722A5D00C0
:103780004661696C656420746F20616C6C6F636165
:103790007465206D656D6F727920666F72206D653E
:1037A0006D6F727920706C616E6E696E672C20256A
:1037B00064206279746573207265717569726564DD
:1037C00000446F6573206E6F7420737570706F7234
:1037D0007420696E7465726D6564696174652074C6
:1037E000656E736F722077697468206E6F6E2D7AC4
:1037F00065726F2073697A653A20256400666C6192
:1038000074627566666572733A3A566563746F7270
:103810003C542C2053697A65543E3A3A726574756B
:10382000726E5F7479706520666C6174627566662D
:103830006572733A3A566563746F723C542C205328
:10384000697A65543E3A3A4765742853697A6554F3
:103850002920636F6E7374205B776974682054202D
:103860003D20666C6174627566666572733A3A4FA4
:1038700066667365743C74666C6974653A3A4F7039
:10388000657261746F72436F64653E3B2053697A61
:103890006554203D206C6F6E6720756E7369676E8E
:1038A000656420696E743B2072657475726E5F7416
:1038B000797065203D20636F6E73742074666C6947
:1038C00074653A3A4F70657261746F72436F6465E4
:1038D0002A5D00496E70757420696E6465782025D4
:1038E00064206F7574206F662072616E6765202892
:1038F0006C656E67746820697320256429004F75B4
:103900007470757420696E646578202564206F7505
:1039100074206F662072616E676520286C656E6723
:10392000746820697320256429004D697373696E7A
:103930006720726567697374726174696F6E20665F
:103940006F72206F70636F64655F696E6465782065
:1039500025640A004661696C656420746F206765A0
:103960007420726567697374726174696F6E206622
:10397000726F6D206F7020636F64652025730A205D
:1039800000536B697070696E67206F7020666F728C
:10399000206F70636F64655F696E6465782025646D
:1039A0000A00556E737570706F727465642062657D
:1039B000686176696F723A20666F756E6420627511
:1039C000696C74696E206F70657261746F72202506
:1039D00073207769746820637573746F6D206F70DE
:1039E00074696F6E732E0A00446964206E6F7420D0
:1039F00066696E6420612070617273657220666F03
:103A000072202573004661696C656420737461726D
:103A100074696E67206D6F64656C20616C6C6F6398
:103A20006174696F6E2E0A004661696C656420746A
:103A30006F20616C6C6F63617465206D656D6F7272
:103A40007920666F7220636F6E746578742D3E699D
:103A50006E7075745F74656E736F72735F2C202562
:103A6000642062797465732072657175697265642A
:103A7000004661696C656420746F20696E697469C1
:103A8000616C697A6520696E7075742074656E73F7
:103A90006F72202564004661696C656420746F2034
:103AA000616C6C6F63617465206D656D6F727920F8
:103AB000666F7220636F6E746578742D3E6F7574D7
:103AC0007075745F74656E736F72735F2C202564FC
:103AD000206279746573207265717569726564001E
:103AE0004661696C656420746F20696E69746961F0
:103AF0006C697A65206F75747075742074656E7367
:103B00006F7220256400496E766F6B6528292063EB
:103B1000616C6C656420616674657220696E69749D
:103B200069616C697A6174696F6E206661696C6540
:103B3000640A00415645524147455F504F4F4C5F24
:103B4000324400434F4E434154454E4154494F4E39
:103B5000004445505448574953455F434F4E565FC4
:103B600032440044455054485F544F5F53504143E2
:103B7000450044455155414E54495A4500454D4232
:103B8000454444494E475F4C4F4F4B5550004655B6
:103B90004C4C595F434F4E4E4543544544004841B9
:103BA00053485441424C455F4C4F4F4B5550004C8D
:103BB000325F4E4F524D414C495A4154494F4E008D
:103BC0004C325F504F4F4C5F3244004C4F43414C9E
:103BD0005F524553504F4E53455F4E4F524D414CEF
:103BE000495A4154494F4E004C53485F50524F4A36
:103BF000454354494F4E004D41585F504F4F4C5F25
:103C000032440052454C555F4E315F544F5F310096
:103C100052454C553600524553495A455F42494C2E
:103C2000494E4541520053504143455F544F5F4414
:103C300045505448005356444600434F4E43415468
:103C40005F454D42454444494E475300534B49500C
:103C50005F4752414D00435553544F4D00454D422F
:103C6000454444494E475F4C4F4F4B55505F53506E
:103C70004152534500554E49444952454354494FDA
:103C80004E414C5F53455155454E43455F524E4E54
:103C90000042415443485F544F5F53504143455F96
:103CA0004E440053504143455F544F5F424154439B
:103CB000485F4E44004D45414E005355420053511C
:103CC0005545455A4500554E494449524543544986
:103CD0004F4E414C5F53455155454E43455F4C5304
:103CE000544D00535452494445445F534C49434555
:103CF000004249444952454354494F4E414C5F5359
:103D0000455155454E43455F524E4E004558500073
:103D1000544F504B5F56320053504C4954004C4F57
:103D2000475F534F46544D41580044454C45474129
:103D30005445004249444952454354494F4E414C31
:103D40005F53455155454E43455F4C53544D0050CC
:103D500052454C55004152475F4D4158004C455328
:103D600053004E45470050414456320047524541AA
:103D700054455200475245415445525F45515541C3
:103D80004C004C4553535F455155414C0053494EEF
:103D9000005452414E53504F53455F434F4E5600CF
:103DA0005350415253455F544F5F44454E53450075
:103DB00054494C4500455850414E445F44494D5389
:103DC000004E4F545F455155414C00504F570041F4
:103DD00052475F4D494E0046414B455F5155414E5C
:103DE00054005245445543455F50524F440052459C
:103DF000445543455F4D4158004C4F474943414C62
:103E00005F4F52004F4E455F484F54004C4F47495B
:103E100043414C5F414E44004C4F474943414C5F46
:103E20004E4F5400554E5041434B0052454455436C
:103E3000455F4D494E00464C4F4F525F4449560036
:103E40005245445543455F414E59005351554152E7
:103E500045005A45524F535F4C494B450046494C2B
:103E60004C00464C4F4F525F4D4F440052414E471D
:103E70004500524553495A455F4E454152455354BA
:103E80005F4E45494748424F52004C45414B595FB0
:103E900052454C5500535155415245445F444946A3
:103EA000464552454E4345004D4952524F525F5090
:103EB00041440053504C49545F5600554E495155AA
:103EC00045004345494C00524556455253455F56BF
:103ED00032004144445F4E004741544845525F4ED2
:103EE0004400434F530057484552450052414E4B02
:103EF00000524556455253455F53455155454E4333
:103F000045004D41545249585F44494147004D4195
:103F1000545249585F5345545F4449414700524FFA
:103F2000554E4400484152445F5357495348004955
:103F300046004E4F4E5F4D41585F535550505245CD
:103F40005353494F4E5F5634004E4F4E5F4D4158CC
:103F50005F5355505052455353494F4E5F563500AD
:103F6000534341545445525F4E440053454C4543DE
:103F7000545F56320044454E53494659004241541D
:103F800043485F4D41544D554C00504C41434548CA
:103F90004F4C4445525F464F525F4752454154454E
:103FA000525F4F505F434F4445530043554D535567
:103FB0004D0043414C4C5F4F4E43450042524F41F0
:103FC00044434153545F544F0052464654324400D8
:103FD000434F4E565F334400494D414700524541DF
:103FE0004C00434F4D504C45585F414253004841AF
:103FF00053485441424C4500484153485441424C77
:10400000455F46494E4400484153485441424C455F
:104010005F494D504F525400484153485441424C1F
:10402000455F53495A45005245445543455F414C0D
:104030004C00434F4E565F33445F5452414E5350F1
:104040004F5345005641525F48414E444C45005243
:104050004541445F5641524941424C45004153530A
:1040600049474E5F5641524941424C450042524FEA
:104070004144434153545F415247530052414E44DF
:104080004F4D5F5354414E444152445F4E4F524D49
:10409000414C004255434B4554495A450052414E0C
:1040A000444F4D5F554E49464F524D004D554C546F
:1040B000494E4F4D49414C0047454C550052454CE7
:1040C000555F305F544F5F3100554E534F5254454A
:1040D000445F5345474D454E545F50524F44005541
:1040E0004E534F525445445F5345474D454E545FE0
:1040F0004D415800554E534F525445445F53454728
:104100004D454E545F53554D004154414E3200557C
:104110004E534F525445445F5345474D454E545FAF
:104120004D494E005349474E004249544341535470
:1041300000424954574953455F584F52005249472E
:1041400048545F534849465400535441424C4548F3
:104150004C4F5F4C4F4749535449430053544142DD
:104160004C45484C4F5F41444400535441424C45F8
:10417000484C4F5F44495649444500535441424CD2
:1041800045484C4F5F4D554C5449504C5900535481
:1041900041424C45484C4F5F4D4158494D554D00AB
:1041A000535441424C45484C4F5F5245534841504F
:1041B0004500535441424C45484C4F5F434C414DA0
:1041C0005000535441424C45484C4F5F434F4E437F
:1041D0004154454E41544500535441424C45484C8E
:1041E0004F5F42524F4144434153545F494E5F44F5
:1041F000494D00535441424C45484C4F5F434F4E4C
:10420000564F4C5554494F4E00535441424C45482B
:104210004C4F5F534C49434500535441424C454831
:104220004C4F5F435553544F4D5F43414C4C0053EB
:104230005441424C45484C4F5F524544554345001C
:10424000535441424C45484C4F5F414253005354F4
:1042500041424C45484C4F5F414E4400535441420B
:104260004C45484C4F5F434F53494E4500535441D2
:10427000424C45484C4F5F4558504F4E454E54496F
:10428000414C00535441424C45484C4F5F464C4FC3
:104290004F5200535441424C45484C4F5F4C4F479E
:1042A00000535441424C45484C4F5F4D494E494D97
:1042B000554D00535441424C45484C4F5F4E454785
:1042C00041544500535441424C45484C4F5F4F5276
:1042D00000535441424C45484C4F5F504F57455254
:1042E00000535441424C45484C4F5F52454D414963
:1042F0004E44455200535441424C45484C4F5F5246
:104300005351525400535441424C45484C4F5F5313
:10431000454C45435400535441424C45484C4F5F33
:10432000535542545241435400535441424C454822
:104330004C4F5F54414E4800535441424C45484C09
:104340004F5F5343415454455200535441424C45EE
:10435000484C4F5F434F4D504152450053544142EA
:104360004C45484C4F5F434F4E56455254005354B2
:1043700041424C45484C4F5F44594E414D49435F83
:10438000534C49434500535441424C45484C4F5FC0
:1043900044594E414D49435F5550444154455F5344
:1043A0004C49434500535441424C45484C4F5F50A3
:1043B000414400535441424C45484C4F5F494F548F
:1043C0004100535441424C45484C4F5F444F545F69
:1043D00047454E4552414C00535441424C45484C90
:1043E0004F5F5245445543455F57494E444F570030
:1043F000535441424C45484C4F5F534F5254005325
:104400005441424C45484C4F5F5748494C45005336
:104410005441424C45484C4F5F4741544845520037
:10442000535441424C45484C4F5F5452414E5350B7
:104430004F53450044494C41544500535441424C6C
:1044400045484C4F5F524E475F4249545F47454E87
:10445000455241544F5200535441424C45484C4FF1
:104460005F434F4D504F5349544500535441424CC4
:1044700045484C4F5F53484946545F4C45465400AD
:10448000535441424C45484C4F5F434252540053B1
:104490005441424C45484C4F5F43415345000D0A3F
:1044A000002F686F6D652F63792F636F64652F70C0
:1044B000726F6772616D2F4C45445F544553542FA2
:1044C000447269766572732F74666C6974652D6DBC
:1044D0006963726F2F74656E736F72666C6F772F7E
:1044E0006C6974652F6B65726E656C732F6B65728A
:1044F0006E656C5F7574696C2E6363006E6F5F69C7
:104500006E74656765725F6F766572666C6F775FF4
:1045100066726F6D5F7175616E74697A6174696FCF
:104520006E00696E7075745F70726F647563745F2E
:104530007363616C65203E3D2030007363616C6580
:104540005F64696666202F206F75747075745F7381
:1045500063616C65203C3D20302E30320066616C1A
:10456000736500696E7075742D3E7175616E746946
:104570007A6174696F6E2E74797065006166666920
:104580006E655F7175616E74697A6174696F6E00D2
:1045900066696C7465722D3E74797065203D3D20AE
:1045A0006B54664C697465496E7438207C7C206657
:1045B000696C7465722D3E74797065203D3D206B89
:1045C00054664C697465496E7434006E756D5F6332
:1045D00068616E6E656C73007175616E74697A6581
:1045E000645F6D756C7469706C696572203E3D2006
:1045F0003000696E7433325F742074666C69746560
:104600003A3A4D756C7469706C7942795175616E86
:1046100074697A65644D756C7469706C696572282B
:10462000696E7436345F742C20696E7433325F7433
:104630002C20696E7429002F686F6D652F63792FA8
:10464000636F64652F70726F6772616D2F4C4544A4
:104650005F544553542F447269766572732F7466A4
:104660006C6974652D6D6963726F2F74656E736FFD
:1046700072666C6F772F6C6974652F6B65726E65EF
:104680006C732F696E7465726E616C2F636F6D6DE4
:104690006F6E2E6363007368696674203E3D202D43
:1046A0003331202626207368696674203C20380048
:1046B00078203E3D202D287374617469635F6361C7
:1046C00073743C696E7436345F743E283129203C23
:1046D0003C203437292026262078203C202873745B
:1046E000617469635F636173743C696E7436345FCF
:1046F000743E283129203C3C2034372900546F6F08
:10470000206D616E79206275666665727320286D12
:104710006178206973202564290062756666657278
:1047200020696E646578202564206973206F757434
:10473000736964652072616E6765203020746F2034
:104740002564002563202869643D2564293A207387
:10475000697A653D25642C206F66667365743D2516
:10476000642C2066697273745F757365643D25649B
:10477000206C6173745F757365643D256400253436
:10478000643A202573202825646B2900496E7465DE
:10479000726E616C206572726F723A20656974681E
:1047A000657220627566666572206973206E6F742B
:1047B00020726573697A61626C65206F7220526540
:1047C00073657454656D70416C6C6F636174696F6F
:1047D0006E732829206973206E6F742063616C6C7E
:1047E0006564206265666F726520526573697A65DB
:1047F00042756666657228292E004661696C65649B
:1048000020746F20726573697A65206275666665CB
:10481000722E205265717565737465643A20257532
:104820002C20617661696C61626C652025752C2095
:104830006D697373696E673A202575004661696C0E
:10484000656420746F20616C6C6F636174652074A3
:10485000656D70206D656D6F72792E205265717572
:1048600065737465643A2025752C20617661696CE6
:1048700061626C652025752C206D697373696E67A4
:104880003A202575004E756D626572206F66206155
:104890006C6C6F63617465642074656D7020627503
:1048A00066666572733A2025642E20436865636BE3
:1048B00073756D2070617373696E672073746174B2
:1048C00075733A20256400416C6C2074656D70200E
:1048D00062756666657273206D75737420626520FB
:1048E0006672656564206265666F72652063616CDF
:1048F0006C696E6720526573657454656D70416CA8
:104900006C6F636174696F6E732829004661696C0E
:10491000656420746F20616C6C6F636174652074D2
:1049200061696C206D656D6F72792E2052657175AD
:1049300065737465643A2025752C20617661696C15
:1049400061626C652025752C206D697373696E67D3
:104950003A202575004E6F646520257320286E75FA
:104960006D6265722025646629206661696C6564E4
:1049700020746F2070726570617265207769746849
:1049800020737461747573202564004163636573DB
:1049900073696E6720737562677261706820256441
:1049A00020627574206F6E6C7920256420737562A7
:1049B00067726170687320666F756E64004E6F6415
:1049C0006520257320286E756D6265722025642927
:1049D000206661696C656420746F20696E766F6B08
:1049E0006520776974682073746174757320256419
:1049F00000417474656D7074696E6720746F207304
:104A000065742065787465726E616C20636F6E7476
:104A100065787420746F202578206275742069741D
:104A20002077617320257820616C7265616479005C
:104A30004F70206275696C74696E5F636F64652086
:104A40006F7574206F662072616E67653A20256409
:104A50002E004469646E27742066696E64206F704E
:104A600020666F72206275696C74696E206F706366
:104A70006F64652027257327004F70657261746F1E
:104A800072207769746820435553544F4D206275E6
:104A9000696C74696E5F636F646520686173206E12
:104AA0006F20637573746F6D5F636F64652E0A00AA
:104AB0002C2066756E6374696F6E3A2000617373A3
:104AC000657274696F6E2022257322206661696C9D
:104AD00065643A2066696C6520222573222C206C5F
:104AE000696E65202564257325730A00232D302BFC
:104AF0002000686C4C0065666745464700303132DF
:104B00003334353637383941424344454600303135
:104B10003233343536373839616263646566000094
:104B20000000000000000000D51000083710000849
:104B3000071000080510000805100008AA18020850
:104B4000BE180208D4180208E6180208FC18020869
:104B50000E1902082219020831190208A086010064
:104B6000400D0300801A060000350C0040420F0083
:104B700080841E0000093D0000127A000024F40029
:104B800000366E010048E801006CDC020000000005
:104B90000000000000000000000000000000000015
:104BA00001020304000000000000000001020304F1
:104BB00006070809010002000400060008000A00B8
:104BC0000C00100020004000800000010080004028
:104BD0000048004000080242000402420000024275
:104BE00080008000000200000000000002000000C1
:104BF00001000000000000000000000002000000B2
:104C000001000000000000000000000002000000A1
:104C100001000000000000000080AB825585FD8788
:104C2000A58A498DEB8F89922495B9974A9AD59C8C
:104C30005A9FD8A150A4C0A628A988ABDFAD2EB03A
:104C400073B2AFB4E1B609B927BB3BBD44BF43C1A2
:104C500037C320C5FEC6D1C899CA57CC09CEB1CF3B
:104C60004DD1DFD266D4E3D555D7BDD81ADA6EDB85
:104C7000B7DCF7DD2DDF59E07CE197E2A8E3B0E493
:104C8000B0E5A8E698E77FE85FE937EA08EBD2EB02
:104C900095EC51ED07EEB6EE5FEF01F09FF036F1C7
:104CA000C8F154F2DCF25EF3DCF355F4CAF43AF5E1
:104CB000A6F50EF672F6D2F62FF788F7DEF730F883
:104CC0007FF8CBF815F95BF99FF9E0F91EFA5AFA6B
:104CD00094FACCFA01FB34FB65FB95FBC2FBEEFBBF
:104CE00018FC40FC66FC8CFCAFFCD1FCF2FC12FD15
:104CF00030FD4DFD69FD84FD9EFDB6FDCEFDE5FD5B
:104D0000FBFD0FFE24FE37FE49FE5BFE6CFE7DFEC2
:104D10008CFE9BFEAAFEB8FEC5FED2FEDEFEEAFEBB
:104D2000F5FE00FF0BFF15FF1EFF27FF30FF39FFC9
:104D300041FF48FF50FF57FF5EFF65FF6BFF71FFAC
:104D400077FF7CFF82FF87FF8CFF91FF95FF99FF24
:104D50009EFFA2FFA5FFA9FFADFFB0FFB3FFB6FF07
:104D6000B9FFBCFFBFFFC2FFC4FFC7FFC9FFCBFF36
:104D7000CDFFD0FFD1FFD3FFD5FFD7FFD9FFDAFF9B
:104D8000DCFFDDFFDFFFE0FFE1FFE3FFE4FFE5FF26
:104D9000E6FFE7FFE8FFE9FFEAFFEBFFECFFEDFFCF
:104DA000EDFFEEFFEFFFF0FFF0FFF1FFF2FFF2FF8C
:104DB000F3FFF3FFF4FFF4FFF5FFF5FFF6FFF6FF57
:104DC000F6FFF7FFF7FFF8FFF8FFF8FFF9FFF9FF2D
:104DD000F9FFF9FFFAFFFAFFFAFFFAFFFBFFFBFF0B
:104DE000FBFFFBFFFBFFFCFFFCFFFCFFFCFFFCFFEE
:104DF000FCFFFDFFFDFFFDFFFDFFFDFFFDFFFDFFD4
:104E0000FDFFFEFFFEFFFEFFFEFFFEFFFEFFFEFFBB
:104E1000FEFFFEFFFEFFFFFF00000000000000009D
:104E20000000000001000000000000000000000081
:104E30000000000000000000010000000000000071
:104E40003B2E0208422E0208922E02084A2E020829
:104E50007A2E0208502E0208572E0208992E0208B8
:104E60005C2E02084B2E0208A52E0208662E0208B0
:104E70006E2E0208792E0208802E0208892E020862
:104E8000912E0208982E02089F2E0208A42E0208D6
:104E90000000000000000000F9BF000871C0000819
:104EA0003BB900080DB9000815B900081DB9000884
:104EB00025B9000803B9000801B9000801B90008C4
:104EC000A1BF000801C3000805BF00082DB90008F4
:104ED000AFC20008F5C000087FB90008000000005C
:104EE00000000000F7B80008FFB8000839B9000852
:104EF00039B90008000000004F66666C696E654DA8
:104F0000656D6F7279416C6C6F636174696F6E006F
:104F100066410208333B0208433B02085B3B020840
:104F2000513B0208633B0208723B02087D3B0208CA
:104F30008D4202088E3B02089E3B0208AF3B0208EE
:104F4000C03B0208CB3B020853410208E83B020881
:104F50004A3D0208F73B0208863F0208503D02081E
:104F6000033C0208103C0208AA410208163C020851
:104F7000083D0208223D0208263C0208353C020892
:104F8000334302083A3C02084C3C02082A42020819
:104F9000563C02085D3C0208AF430208753C02081B
:104FA00019440208913C0208A33C02083A40020856
:104FB000B53C0208BA3C02083C3E0208BE3C02086E
:104FC000C63C0208E33C0208F13C02080C3D020822
:104FD000103D0208183D02081E3D02082A3D020845
:104FE000333D02082C4102084F3D02089841020857
:104FF000553D0208AB4202085D3D0208623D0208D1
:10500000663D02086C3D0208743D0208823D0208BC
:105010000F430208804302088D3D0208913D0208BB
:10502000A03D0208B03D0208B53D02087C3D0208E3
:10503000C13D02089D420208AE3F0208004302083B
:10504000FF420208AC410208CB3D0208CF3D0208F6
:10505000D73D0208E23D0208EE3D0208263E020866
:10506000F93D0208043E02080C3E0208183E020800
:10507000243E02082B3E0208363E0208403E02084B
:105080004B3E0208523E02085D3E0208623E0208A4
:105090006C3E0208723E02088A3E0208953E0208F3
:1050A000A83E02084A420208B33E0208BB3E02087C
:1050B000C23E0208C73E0208D23E0208D83E02089D
:1050C000E23E0208E63E0208EC3E0208B940020851
:1050D000F13E0208023F0208743B02080E3F02083C
:1050E0001E3F0208243F02082F3F0208094402081D
:1050F000323F0208493F0208603F02086B3F020846
:10510000753F0208FD4002087D3F02088A3F020801
:10511000AB3F0208B23F0208BC3F0208C93F020889
:10512000D03F0208D83F0208DD3F0208E23F0208F4
:10513000EE3F0208F83F0208074002081840020844
:105140002740020832400208444002084F4002084B
:105150005D4002086D4002087C400208934002084E
:105160009D400208AC400208B84002089043020883
:10517000BD400208C9400208DF400208F4400208AE
:10518000094102080F41020824410208294102088E
:10519000314102083D410208494102085C410208D0
:1051A0006A4102087B4102088E410208A0410208C0
:1051B000B2410208C2410208D8410208F341020884
:1051C00009420208194202082F420208404202081E
:1051D0004E4202085C4202086D4202088342020805
:1051E00093420208A1420208B3420208C4420208E4
:1051F000D1420208E1420208F542020805430208D2
:105200001643020829430208384302084A430208A9
:105210005C4302086E43020886430208A543020865
:10522000B3430208C2430208D8430208F04302080D
:10523000FF4302080F4402082044020834440208D5
:105240003B440208E2430208574402086B44020848
:10525000804402088F4402080000000000000000A3
:105260000000000097DC000897DC0008A9DC0008BB
:1052700089DC000899DC0008A1DC0008DDDC0008FE
:105280008DDC000893DC000891DC000800000000C1
:10529000000000007BDD00087BDD00089DDD0008CC
:1052A0007DDD0008E3DF000899DD000855E1000816
:1052B00047DD00081DDD00081DE0000800000000BB
:1052C0000000000089E1000889E100087DE2000893
:1052D0009DE10008B9E20008DDE20008CFE1000826
:1052E00025E200088BE10008ABE10008FFE10008BF
:1052F000AFE1000839E3000801E30008BFE100085E
:10530000FCFFFFFF0000000053E3000857E3000824
:1053100031E30008C7E100080000000000000000C1
:10532000FDE30008FDE30008D5E5000829E80008D2
:10533000C9E7000843E80008F9E70008B5E50008F8
:10534000F9E30008FFE3000835E5000865E400081C
:10535000BDE40008C1E600080000000000000000F5
:1053600067E8000867E80008ABE8000807E90008FC
:10537000C3E8000869E8000885E80008D7E80008E5
:10538000EFE800088DE8000825E900085FE800085C
:1053900063E80008A1E80008A7E800080000000092
:1053A0000000000031EA000831EA000833EA000892
:1053B000000000000000803FC70F493BB1FF7F3F66
:1053C000890FC93BC4FE7F3F59CB163C39FD7F3F57
:1053D000900E493C11FB7F3F4B517B3C4AF87F3F8D
:1053E000B6C9963CE6F47F3F69EAAF3CE3F07F3F05
:1053F000B00AC93C43EC7F3F7B2AE23C05E77F3F94
:10540000B949FB3C29E17F3F2F340A3DAFDA7F3FAA
:105410002CC3163D98D37F3FCC51233DE2CB7F3F39
:1054200007E02F3D8FC37F3FD56D3C3D9EBA7F3F48
:105430002FFB483D0FB17F3F0E88553DE3A67F3FD0
:105440006814623D189C7F3F38A06E3DB1907F3F4D
:10545000742B7B3DAB847F3F0ADB833D08787F3F25
:105460000A208A3DC76A7F3FB464903DE95C7F3F74
:1054700005A9963D6D4E7F3FF9EC9C3D543F7F3F23
:105480008C30A33D9D2F7F3FBA73A93D491F7F3FBD
:1054900080B6AF3D580E7F3FDAF8B53DC9FC7E3F80
:1054A000C33ABC3D9DEA7E3F397CC23DD4D77E3FA6
:1054B00036BDC83D6DC47E3FB7FDCE3D69B07E3F71
:1054C000B93DD53DC99B7E3F377DDB3D8B867E3F19
:1054D0002EBCE13DB0707E3F9AFAE73D385A7E3FE0
:1054E0007638EE3D23437E3FC075F43D722B7E3F00
:1054F00073B2FA3D24137E3F4577003E38FA7D3F74
:105500000295033EB1E07D3F6EB2063E8CC67D3F04
:1055100086CF093ECCAB7D3F4AEC0C3E6E907D3F82
:10552000B708103E74747D3FCA24133EDE577D3F9A
:105530008340163EAC3A7D3FE05B193EDD1C7D3F6B
:10554000DE761C3E73FE7C3F7B911F3E6CDF7C3F12
:10555000B6AB223EC9BF7C3F8CC5253E8A9F7C3FAF
:10556000FCDE283EB07E7C3F04F82B3E3A5D7C3F5B
:10557000A2102F3E283B7C3FD428323E7A187C3F35
:105580009840353E31F57B3FEC57383E4DD17B3F5F
:10559000CF6E3B3ECDAC7B3F3E853E3EB2877B3FF0
:1055A000379B413EFC617B3FB9B0443EAB3B7B3F08
:1055B000C2C5473EBE147B3F4FDA4A3E37ED7A3FC5
:1055C00060EE4D3E16C57A3FF101513E599C7A3F3F
:1055D0000115543E02737A3F8F27573E10497A3F98
:1055E00097395A3E841E7A3F1A4B5D3E5EF3793FEF
:1055F000135C603E9DC7793F836C633E439B793F5C
:10560000667C663E4E6E793FBA8B693EC040793FFC
:105610007F9A6C3E9812793FB2A86F3ED6E3783FEE
:1056200051B6723E7BB4783F5AC3753E8684783F4C
:10563000CCCF783EF853783FA4DB7B3ED122783F35
:10564000E1E67E3E10F1773FC0F8803EB7BE773F7F
:10565000C07D823EC58B773F7002843E3A58773FCB
:10566000CE86853E1724773FDA0A873E5BEF763F8A
:10567000938E883E07BA763FF8118A3E1B84763FA8
:1056800007958B3E974D763FC0178D3E7A16763F35
:10569000229A8E3EC6DE753F2C1C903E7BA6753F3F
:1056A000DD9D913E976D753F351F933E1D34753FCF
:1056B00031A0943E0BFA743FD220963E62BF743FF5
:1056C00017A1973E2284743FFE20993E4B48743FB9
:1056D00086A09A3EDD0B743FAF1F9C3ED9CE733F30
:1056E000789E9D3E3F91733FDF1C9F3E0E53733F5C
:1056F000E59AA03E4714733F8718A23EEBD4723F51
:10570000C595A33EF894723F9F12A53E7054723F18
:10571000128FA63E5213723F1F0BA83E9FD1713FBE
:10572000C486A93E578F713F0102AB3E7A4C713F50
:10573000D47CAC3E0809713F3CF7AD3E02C5703FDA
:105740003A71AF3E6680703FCBEAB03E373B703F68
:10575000EF63B23E73F56F3FA5DCB33E1BAF6F3F07
:10576000EC54B53E30686F3FC3CCB63EB0206F3FBF
:105770002A44B83E9ED86E3F1EBBB93EF88F6E3F9E
:10578000A031BB3EBE466E3FAFA7BC3EF2FC6D3FB4
:105790004A1DBE3E93B26D3F6F92BF3EA1676D3F03
:1057A0001E07C13E1D1C6D3F557BC23E07D06C3F9E
:1057B00015EFC33E5E836C3F5C62C53E24366C3F92
:1057C00029D5C63E58E86B3F7C47C83EFB996B3FE6
:1057D00053B9C93E0C4B6B3FAE2ACB3E8CFB6A3FA4
:1057E0008B9BCC3E7BAB6A3FEA0BCE3ED95A6A3FDD
:1057F000CA7BCF3EA7096A3F2AEBD03EE4B7693F98
:10580000095AD23E9165693F67C8D33EAE12693FDF
:105810004136D53E3CBF683F99A3D63E396B683FC1
:105820006B10D83EA816683FB97CD93E87C1673F48
:1058300080E8DA3ED86B673FC153DC3E9915673F7D
:1058400079BEDD3ECCBE663FA928DF3E7167663F6C
:105850004F92E03E880F663F6AFBE13E10B7653F1E
:10586000FA63E33E0B5E653FFECBE43E7904653FA1
:105870007533E63E59AA643F5D9AE73EAC4F643FFC
:10588000B700E93E73F4633F8166EA3EAC98633F3C
:10589000BBCBEB3E5A3C633F6330ED3E7BDF623F68
:1058A0007994EE3E1082623FFBF7EF3E1A24623F8E
:1058B000EA5AF13E98C5613F43BDF23E8A66613FB8
:1058C000071FF43EF206613F3580F53ECFA6603FEC
:1058D000CBE0F63E2146603FC840F83EE9E45F3F3A
:1058E0002DA0F93E27835F3FF7FEFA3EDB205F3FA6
:1058F000275DFC3E05BE5E3FBBBAFD3EA65A5E3F3D
:10590000B217FF3EBEF65D3F063A003F4D925D3F47
:10591000E4E7003F532D5D3F7395013FD1C75C3FE6
:10592000B142023FC7615C3F9FEF023F34FB5B3FE8
:105930003D9C033F1A945B3F8948043F792C5B3FB1
:1059400084F4043F50C45A3F2CA0053FA05B5A3F4B
:10595000824B063F6AF2593F86F6063FAD88593FB3
:1059600036A1073F6A1E593F924B083FA1B3583FEB
:105970009BF5083F5348583F4E9F093F7FDC573FF8
:10598000AD480A3F2670573FB7F10A3F4803573FDB
:105990006B9A0B3FE595563FC9420C3FFE27563F99
:1059A000D0EA0C3F93B9553F81920D3FA44A553F31
:1059B000DA390E3F31DB543FDBE00E3F3B6B543FA7
:1059C00084870F3FC3FA533FD52D103FC789533FFC
:1059D000CDD3103F4918533F6B79113F49A6523F31
:1059E000B01E123FC633523F9AC3123FC2C0513F4E
:1059F0002A68133F3D4D513F5F0C143F37D9503F4C
:105A000039B0143FAF64503FB753153FA8EF4F3F35
:105A1000D9F6153F1F7A4F3F9F99163F17044F3F06
:105A2000073C173F908D4E3F12DE173F89164E3FC1
:105A3000C07F183F029F4D3F0F21193FFD264D3F6C
:105A400000C2193F79AE4C3F93621A3F78354C3F04
:105A5000C6021B3FF8BB4B3F99A21B3FFA414B3F8D
:105A60000C421C3F7FC74A3F1FE11C3F874C4A3F07
:105A7000D17F1D3F12D1493F221E1E3F2155493F74
:105A800012BC1E3FB3D8483F9F591F3FCA5B483FD7
:105A9000CBF61F3F65DE473F9393203F8560473F2E
:105AA000F92F213F2AE2463FFBCB213F5463463F7B
:105AB0009967223F03E4453FD302233F3964453FC2
:105AC000A99D233FF5E3443F1A38243F3763443F01
:105AD00025D2243F00E2433FCB6B253F5160433F3B
:105AE0000A05263F29DE423FE39D263F895B423F70
:105AF0005636273F70D8413F61CE273FE154413FA2
:105B00000566283FDAD0403F41FD283F5C4C403FCE
:105B10001594293F67C73F3F802A2A3FFC413F3FFA
:105B200082C02A3F1BBC3E3F1B562B3FC5353E3F24
:105B30004AEB2B3FF9AE3D3F0F802C3FB8273D3F4E
:105B400069142D3F03A03C3F59A82D3FD9173C3F76
:105B5000DE3B2E3F3B8F3B3FF7CE2E3F29063B3FA0
:105B6000A5612F3FA47C3A3FE6F32F3FACF2393FCB
:105B7000BB85303F4268393F2217313F65DD383FF2
:105B80001DA8313F1652383FAA38323F55C6373F1D
:105B9000C9C8323F233A373F7A58333F7FAD363F4B
:105BA000BCE7333F6C20363F8F76343FE792353F7A
:105BB000F304353FF304353FE792353F8F76343FAA
:105BC0006C20363FBCE7333F7FAD363F7A58333FDA
:105BD000233A373FC9C8323F55C6373FAA38323F0C
:105BE0001652383F1DA8313F65DD383F2217313F3F
:105BF0004268393FBB85303FACF2393FE6F32F3F77
:105C0000A47C3A3FA5612F3F29063B3FF7CE2E3FAC
:105C10003B8F3B3FDE3B2E3FD9173C3F59A82D3FE2
:105C200003A03C3F69142D3FB8273D3F0F802C3F18
:105C3000F9AE3D3F4AEB2B3FC5353E3F1B562B3F50
:105C40001BBC3E3F82C02A3FFC413F3F802A2A3F87
:105C500067C73F3F1594293F5C4C403F41FD283FBB
:105C6000DAD0403F0566283FE154413F61CE273FEF
:105C700070D8413F5636273F895B423FE39D263F20
:105C800029DE423F0A05263F5160433FCB6B253F4B
:105C900000E2433F25D2243F3763443F1A38243F74
:105CA000F5E3443FA99D233F3964453FD302233F99
:105CB00003E4453F9967223F5463463FFBCB213FB6
:105CC0002AE2463FF92F213F8560473F9393203FCB
:105CD00065DE473FCBF61F3FCA5B483F9F591F3FDA
:105CE000B3D8483F12BC1E3F2155493F221E1E3FDC
:105CF00012D1493FD17F1D3F874C4A3F1FE11C3FD6
:105D00007FC74A3F0C421C3FFA414B3F99A21B3FC1
:105D1000F8BB4B3FC6021B3F78354C3F93621A3F9E
:105D200079AE4C3F00C2193FFD264D3F0F21193F70
:105D3000029F4D3FC07F183F89164E3F12DE173F2E
:105D4000908D4E3F073C173F17044F3F9F99163FDA
:105D50001F7A4F3FD9F6153FA8EF4F3FB753153F76
:105D6000AF64503F39B0143F37D9503F5F0C143FF8
:105D70003D4D513F2A68133FC2C0513F9AC3123F65
:105D8000C633523FB01E123F49A6523F6B79113FB6
:105D90004918533FCDD3103FC789533FD52D103FEE
:105DA000C3FA533F84870F3F3B6B543FDBE00E3F0A
:105DB00031DB543FDA390E3FA44A553F81920D3F03
:105DC00093B9553FD0EA0C3FFE27563FC9420C3FDE
:105DD000E595563F6B9A0B3F4803573FB7F10A3F93
:105DE0002670573FAD480A3F7FDC573F4E9F093F23
:105DF0005348583F9BF5083FA1B3583F924B083F8B
:105E00006A1E593F36A1073FAD88593F86F6063FC7
:105E10006AF2593F824B063FA05B5A3F2CA0053FD8
:105E200050C45A3F84F4043F792C5B3F8948043FB7
:105E30001A945B3F3D9C033F34FB5B3F9FEF023F67
:105E4000C7615C3FB142023FD1C75C3F7395013FE0
:105E5000532D5D3FE4E7003F4D925D3F063A003F22
:105E6000BEF65D3FB217FF3EA65A5E3FBBBAFD3E8F
:105E700005BE5E3F275DFC3EDB205F3FF7FEFA3E3E
:105E800027835F3F2DA0F93EE9E45F3FC840F83E1D
:105E90002146603FCBE0F63ECFA6603F3580F53E21
:105EA000F206613F071FF43E8A66613F43BDF23E42
:105EB00098C5613FEA5AF13E1A24623FFBF7EF3E74
:105EC0001082623F7994EE3E7BDF623F6330ED3EAD
:105ED0005A3C633FBBCBEB3EAC98633F8166EA3EE6
:105EE00073F4633FB700E93EAC4F643F5D9AE73E11
:105EF00059AA643F7533E63E7904653FFECBE43E24
:105F00000B5E653FFA63E33E10B7653F6AFBE13E17
:105F1000880F663F4F92E03E7167663FA928DF3EDB
:105F2000CCBE663F79BEDD3E9915673FC153DC3E6E
:105F3000D86B673F80E8DA3E87C1673FB97CD93EBE
:105F4000A816683F6B10D83E396B683F99A3D63EC0
:105F50003CBF683F4136D53EAE12693F67C8D33E6D
:105F60009165693F095AD23EE4B7693F2AEBD03EBA
:105F7000A7096A3FCA7BCF3ED95A6A3FEA0BCE3E99
:105F80007BAB6A3F8B9BCC3E8CFB6A3FAE2ACB3E01
:105F90000C4B6B3F53B9C93EFB996B3F7C47C83EE6
:105FA00058E86B3F29D5C63E24366C3F5C62C53E3F
:105FB0005E836C3F15EFC33E07D06C3F557BC23EFE
:105FC0001D1C6D3F1E07C13EA1676D3F6F92BF3E16
:105FD00093B26D3F4A1DBE3EF2FC6D3FAFA7BC3E83
:105FE000BE466E3FA031BB3EF88F6E3F1EBBB93E32
:105FF0009ED86E3F2A44B83EB0206F3FC3CCB63E19
:1060000030686F3FEC54B53E1BAF6F3FA5DCB33E2D
:1060100073F56F3FEF63B23E373B703FCBEAB03E64
:106020006680703F3A71AF3E02C5703F3CF7AD3EAF
:106030000809713FD47CAC3E7A4C713F0102AB3E03
:10604000578F713FC486A93E9FD1713F1F0BA83E59
:106050005213723F128FA63E7054723F9F12A53E9C
:10606000F894723FC595A33EEBD4723F8718A23EC9
:106070004714733FE59AA03E0E53733FDF1C9F3ECB
:106080003F91733F789E9D3ED9CE733FAF1F9C3E9C
:10609000DD0B743F86A09A3E4B48743FFE20993E2C
:1060A0002284743F17A1973E62BF743FD220963E70
:1060B0000BFA743F31A0943E1D34753F351F933E5B
:1060C000976D753FDD9D913E7BA6753F2C1C903EE4
:1060D000C6DE753F229A8E3E7A16763FC0178D3EF9
:1060E000974D763F07958B3E1B84763FF8118A3E8D
:1060F00007BA763F938E883E5BEF763FDA0A873E9B
:106100001724773FCE86853E3A58773F7002843E0B
:10611000C58B773FC07D823EB7BE773FC0F8803EDB
:1061200010F1773FE1E67E3ED122783FA4DB7B3E53
:10613000F853783FCCCF783E8684783F5AC3753E7B
:106140007BB4783F51B6723ED6E3783FB2A86F3E3B
:106150009812793F7F9A6C3EC040793FBA8B693E76
:106160004E6E793F667C663E439B793F836C633E0F
:106170009DC7793F135C603E5EF3793F1A4B5D3EED
:10618000841E7A3F97395A3E10497A3F8F27573EEF
:1061900002737A3F0115543E599C7A3FF101513EFA
:1061A00016C57A3F60EE4D3E37ED7A3F4FDA4A3EF4
:1061B000BE147B3FC2C5473EAB3B7B3FB9B0443EBC
:1061C000FC617B3F379B413EB2877B3F3E853E3E35
:1061D000CDAC7B3FCF6E3B3E4DD17B3FEC57383E45
:1061E00031F57B3F9840353E7A187C3FD428323ECB
:1061F000283B7C3FA2102F3E3A5D7C3F04F82B3EAB
:10620000B07E7C3FFCDE283E8A9F7C3F8CC5253ECD
:10621000C9BF7C3FB6AB223E6CDF7C3F7B911F3E0B
:1062200073FE7C3FDE761C3EDD1C7D3FE05B193E4D
:10623000AC3A7D3F8340163EDE577D3FCA24133E75
:1062400074747D3FB708103E6E907D3F4AEC0C3E63
:10625000CCAB7D3F86CF093E8CC67D3F6EB2063EFD
:10626000B1E07D3F0295033E38FA7D3F4577003E21
:1062700024137E3F73B2FA3D722B7E3FC075F43D0E
:1062800023437E3F7638EE3D385A7E3F9AFAE73D0B
:10629000B0707E3F2EBCE13D8B867E3F377DDB3D7F
:1062A000C99B7E3FB93DD53D69B07E3FB7FDCE3D30
:1062B0006DC47E3F36BDC83DD4D77E3F397CC23DDC
:1062C0009DEA7E3FC33ABC3DC9FC7E3FDAF8B53D4E
:1062D000580E7F3F80B6AF3D491F7F3FBA73A93D3F
:1062E0009D2F7F3F8C30A33D543F7F3FF9EC9C3D79
:1062F0006D4E7F3F05A9963DE95C7F3FB464903DBC
:10630000C76A7F3F0A208A3D08787F3F0ADB833DCA
:10631000AB847F3F742B7B3DB1907F3F38A06E3DB7
:10632000189C7F3F6814623DE3A67F3F0E88553D71
:106330000FB17F3F2FFB483D9EBA7F3FD56D3C3D5F
:106340008FC37F3F07E02F3DE2CB7F3FCC51233D02
:1063500098D37F3F2CC3163DAFDA7F3F2F340A3DE1
:1063600029E17F3FB949FB3C05E77F3F7B2AE23CBF
:1063700043EC7F3FB00AC93CE3F07F3F69EAAF3CA2
:10638000E6F47F3FB6C9963C4AF87F3F4B517B3CD1
:1063900011FB7F3F900E493C39FD7F3F59CB163CA6
:1063A000C4FE7F3F890FC93BB1FF7F3FC70F493B09
:1063B0000000803F00000000B1FF7F3FC70F49BBD6
:1063C000C4FE7F3F890FC9BB39FD7F3F59CB16BC47
:1063D00011FB7F3F900E49BC4AF87F3F4B517BBC7D
:1063E000E6F47F3FB6C996BCE3F07F3F69EAAFBCF5
:1063F00043EC7F3FB00AC9BC05E77F3F7B2AE2BC84
:1064000029E17F3FB949FBBCAFDA7F3F2F340ABD9A
:1064100098D37F3F2CC316BDE2CB7F3FCC5123BD29
:106420008FC37F3F07E02FBD9EBA7F3FD56D3CBD38
:106430000FB17F3F2FFB48BDE3A67F3F0E8855BDC0
:10644000189C7F3F681462BDB1907F3F38A06EBD3D
:10645000AB847F3F742B7BBD08787F3F0ADB83BD15
:10646000C76A7F3F0A208ABDE95C7F3FB46490BD64
:106470006D4E7F3F05A996BD543F7F3FF9EC9CBD13
:106480009D2F7F3F8C30A3BD491F7F3FBA73A9BDAD
:10649000580E7F3F80B6AFBDC9FC7E3FDAF8B5BD70
:1064A0009DEA7E3FC33ABCBDD4D77E3F397CC2BD96
:1064B0006DC47E3F36BDC8BD69B07E3FB7FDCEBD61
:1064C000C99B7E3FB93DD5BD8B867E3F377DDBBD09
:1064D000B0707E3F2EBCE1BD385A7E3F9AFAE7BDD0
:1064E00023437E3F7638EEBD722B7E3FC075F4BDF0
:1064F00024137E3F73B2FABD38FA7D3F457700BE64
:10650000B1E07D3F029503BE8CC67D3F6EB206BEF4
:10651000CCAB7D3F86CF09BE6E907D3F4AEC0CBE72
:1065200074747D3FB70810BEDE577D3FCA2413BE8A
:10653000AC3A7D3F834016BEDD1C7D3FE05B19BE5B
:1065400073FE7C3FDE761CBE6CDF7C3F7B911FBE02
:10655000C9BF7C3FB6AB22BE8A9F7C3F8CC525BE9F
:10656000B07E7C3FFCDE28BE3A5D7C3F04F82BBE4B
:10657000283B7C3FA2102FBE7A187C3FD42832BE25
:1065800031F57B3F984035BE4DD17B3FEC5738BE4F
:10659000CDAC7B3FCF6E3BBEB2877B3F3E853EBEE0
:1065A000FC617B3F379B41BEAB3B7B3FB9B044BEF8
:1065B000BE147B3FC2C547BE37ED7A3F4FDA4ABEB5
:1065C00016C57A3F60EE4DBE599C7A3FF10151BE2F
:1065D00002737A3F011554BE10497A3F8F2757BE88
:1065E000841E7A3F97395ABE5EF3793F1A4B5DBEDF
:1065F0009DC7793F135C60BE439B793F836C63BE4C
:106600004E6E793F667C66BEC040793FBA8B69BEEC
:106610009812793F7F9A6CBED6E3783FB2A86FBEDE
:106620007BB4783F51B672BE8684783F5AC375BE3C
:10663000F853783FCCCF78BED122783FA4DB7BBE25
:1066400010F1773FE1E67EBEB7BE773FC0F880BE6F
:10665000C58B773FC07D82BE3A58773F700284BEBB
:106660001724773FCE8685BE5BEF763FDA0A87BE7A
:1066700007BA763F938E88BE1B84763FF8118ABE98
:10668000974D763F07958BBE7A16763FC0178DBE25
:10669000C6DE753F229A8EBE7BA6753F2C1C90BE2F
:1066A000976D753FDD9D91BE1D34753F351F93BEBF
:1066B0000BFA743F31A094BE62BF743FD22096BEE5
:1066C0002284743F17A197BE4B48743FFE2099BEA9
:1066D000DD0B743F86A09ABED9CE733FAF1F9CBE20
:1066E0003F91733F789E9DBE0E53733FDF1C9FBE4C
:1066F0004714733FE59AA0BEEBD4723F8718A2BE41
:10670000F894723FC595A3BE7054723F9F12A5BE08
:106710005213723F128FA6BE9FD1713F1F0BA8BEAE
:10672000578F713FC486A9BE7A4C713F0102ABBE40
:106730000809713FD47CACBE02C5703F3CF7ADBECA
:106740006680703F3A71AFBE373B703FCBEAB0BE58
:1067500073F56F3FEF63B2BE1BAF6F3FA5DCB3BEF7
:1067600030686F3FEC54B5BEB0206F3FC3CCB6BEAF
:106770009ED86E3F2A44B8BEF88F6E3F1EBBB9BE8E
:10678000BE466E3FA031BBBEF2FC6D3FAFA7BCBEA4
:1067900093B26D3F4A1DBEBEA1676D3F6F92BFBEF3
:1067A0001D1C6D3F1E07C1BE07D06C3F557BC2BE8E
:1067B0005E836C3F15EFC3BE24366C3F5C62C5BE82
:1067C00058E86B3F29D5C6BEFB996B3F7C47C8BED6
:1067D0000C4B6B3F53B9C9BE8CFB6A3FAE2ACBBE94
:1067E0007BAB6A3F8B9BCCBED95A6A3FEA0BCEBECD
:1067F000A7096A3FCA7BCFBEE4B7693F2AEBD0BE88
:106800009165693F095AD2BEAE12693F67C8D3BECF
:106810003CBF683F4136D5BE396B683F99A3D6BEB1
:10682000A816683F6B10D8BE87C1673FB97CD9BE38
:10683000D86B673F80E8DABE9915673FC153DCBE6D
:10684000CCBE663F79BEDDBE7167663FA928DFBE5C
:10685000880F663F4F92E0BE10B7653F6AFBE1BE0E
:106860000B5E653FFA63E3BE7904653FFECBE4BE91
:1068700059AA643F7533E6BEAC4F643F5D9AE7BEEC
:1068800073F4633FB700E9BEAC98633F8166EABE2C
:106890005A3C633FBBCBEBBE7BDF623F6330EDBE58
:1068A0001082623F7994EEBE1A24623FFBF7EFBE7E
:1068B00098C5613FEA5AF1BE8A66613F43BDF2BEA8
:1068C000F206613F071FF4BECFA6603F3580F5BEDC
:1068D0002146603FCBE0F6BEE9E45F3FC840F8BE2A
:1068E00027835F3F2DA0F9BEDB205F3FF7FEFABE96
:1068F00005BE5E3F275DFCBEA65A5E3FBBBAFDBE2D
:10690000BEF65D3FB217FFBE4D925D3F063A00BF37
:10691000532D5D3FE4E700BFD1C75C3F739501BFD6
:10692000C7615C3FB14202BF34FB5B3F9FEF02BFD8
:106930001A945B3F3D9C03BF792C5B3F894804BFA1
:1069400050C45A3F84F404BFA05B5A3F2CA005BF3B
:106950006AF2593F824B06BFAD88593F86F606BFA3
:106960006A1E593F36A107BFA1B3583F924B08BFDB
:106970005348583F9BF508BF7FDC573F4E9F09BFE8
:106980002670573FAD480ABF4803573FB7F10ABFCB
:10699000E595563F6B9A0BBFFE27563FC9420CBF89
:1069A00093B9553FD0EA0CBFA44A553F81920DBF21
:1069B00031DB543FDA390EBF3B6B543FDBE00EBF97
:1069C000C3FA533F84870FBFC789533FD52D10BFEC
:1069D0004918533FCDD310BF49A6523F6B7911BF21
:1069E000C633523FB01E12BFC2C0513F9AC312BF3E
:1069F0003D4D513F2A6813BF37D9503F5F0C14BF3C
:106A0000AF64503F39B014BFA8EF4F3FB75315BF25
:106A10001F7A4F3FD9F615BF17044F3F9F9916BFF6
:106A2000908D4E3F073C17BF89164E3F12DE17BFB1
:106A3000029F4D3FC07F18BFFD264D3F0F2119BF5C
:106A400079AE4C3F00C219BF78354C3F93621ABFF4
:106A5000F8BB4B3FC6021BBFFA414B3F99A21BBF7D
:106A60007FC74A3F0C421CBF874C4A3F1FE11CBFF7
:106A700012D1493FD17F1DBF2155493F221E1EBF64
:106A8000B3D8483F12BC1EBFCA5B483F9F591FBFC7
:106A900065DE473FCBF61FBF8560473F939320BF1E
:106AA0002AE2463FF92F21BF5463463FFBCB21BF6B
:106AB00003E4453F996722BF3964453FD30223BFB2
:106AC000F5E3443FA99D23BF3763443F1A3824BFF1
:106AD00000E2433F25D224BF5160433FCB6B25BF2B
:106AE00029DE423F0A0526BF895B423FE39D26BF60
:106AF00070D8413F563627BFE154413F61CE27BF92
:106B0000DAD0403F056628BF5C4C403F41FD28BFBE
:106B100067C73F3F159429BFFC413F3F802A2ABFEA
:106B20001BBC3E3F82C02ABFC5353E3F1B562BBF14
:106B3000F9AE3D3F4AEB2BBFB8273D3F0F802CBF3E
:106B400003A03C3F69142DBFD9173C3F59A82DBF66
:106B50003B8F3B3FDE3B2EBF29063B3FF7CE2EBF90
:106B6000A47C3A3FA5612FBFACF2393FE6F32FBFBB
:106B70004268393FBB8530BF65DD383F221731BFE2
:106B80001652383F1DA831BF55C6373FAA3832BF0D
:106B9000233A373FC9C832BF7FAD363F7A5833BF3B
:106BA0006C20363FBCE733BFE792353F8F7634BF6A
:106BB000F304353FF30435BF8F76343FE79235BF9A
:106BC000BCE7333F6C2036BF7A58333F7FAD36BFCA
:106BD000C9C8323F233A37BFAA38323F55C637BFFC
:106BE0001DA8313F165238BF2217313F65DD38BF2F
:106BF000BB85303F426839BFE6F32F3FACF239BF67
:106C0000A5612F3FA47C3ABFF7CE2E3F29063BBF9C
:106C1000DE3B2E3F3B8F3BBF59A82D3FD9173CBFD2
:106C200069142D3F03A03CBF0F802C3FB8273DBF08
:106C30004AEB2B3FF9AE3DBF1B562B3FC5353EBF40
:106C400082C02A3F1BBC3EBF802A2A3FFC413FBF77
:106C50001594293F67C73FBF41FD283F5C4C40BFAB
:106C60000566283FDAD040BF61CE273FE15441BFDF
:106C70005636273F70D841BFE39D263F895B42BF10
:106C80000A05263F29DE42BFCB6B253F516043BF3B
:106C900025D2243F00E243BF1A38243F376344BF64
:106CA000A99D233FF5E344BFD302233F396445BF89
:106CB0009967223F03E445BFFBCB213F546346BFA6
:106CC000F92F213F2AE246BF9393203F856047BFBB
:106CD000CBF61F3F65DE47BF9F591F3FCA5B48BFCA
:106CE00012BC1E3FB3D848BF221E1E3F215549BFCC
:106CF000D17F1D3F12D149BF1FE11C3F874C4ABFC6
:106D00000C421C3F7FC74ABF99A21B3FFA414BBFB1
:106D1000C6021B3FF8BB4BBF93621A3F78354CBF8E
:106D200000C2193F79AE4CBF0F21193FFD264DBF60
:106D3000C07F183F029F4DBF12DE173F89164EBF1E
:106D4000073C173F908D4EBF9F99163F17044FBFCA
:106D5000D9F6153F1F7A4FBFB753153FA8EF4FBF66
:106D600039B0143FAF6450BF5F0C143F37D950BFE8
:106D70002A68133F3D4D51BF9AC3123FC2C051BF55
:106D8000B01E123FC63352BF6B79113F49A652BFA6
:106D9000CDD3103F491853BFD52D103FC78953BFDE
:106DA00084870F3FC3FA53BFDBE00E3F3B6B54BFFA
:106DB000DA390E3F31DB54BF81920D3FA44A55BFF3
:106DC000D0EA0C3F93B955BFC9420C3FFE2756BFCE
:106DD0006B9A0B3FE59556BFB7F10A3F480357BF83
:106DE000AD480A3F267057BF4E9F093F7FDC57BF13
:106DF0009BF5083F534858BF924B083FA1B358BF7B
:106E000036A1073F6A1E59BF86F6063FAD8859BFB7
:106E1000824B063F6AF259BF2CA0053FA05B5ABFC8
:106E200084F4043F50C45ABF8948043F792C5BBFA7
:106E30003D9C033F1A945BBF9FEF023F34FB5BBF57
:106E4000B142023FC7615CBF7395013FD1C75CBFD0
:106E5000E4E7003F532D5DBF063A003F4D925DBF12
:106E6000B217FF3EBEF65DBFBBBAFD3EA65A5EBF7F
:106E7000275DFC3E05BE5EBFF7FEFA3EDB205FBF2E
:106E80002DA0F93E27835FBFC840F83EE9E45FBF0D
:106E9000CBE0F63E214660BF3580F53ECFA660BF11
:106EA000071FF43EF20661BF43BDF23E8A6661BF32
:106EB000EA5AF13E98C561BFFBF7EF3E1A2462BF64
:106EC0007994EE3E108262BF6330ED3E7BDF62BF9D
:106ED000BBCBEB3E5A3C63BF8166EA3EAC9863BFD6
:106EE000B700E93E73F463BF5D9AE73EAC4F64BF01
:106EF0007533E63E59AA64BFFECBE43E790465BF14
:106F0000FA63E33E0B5E65BF6AFBE13E10B765BF07
:106F10004F92E03E880F66BFA928DF3E716766BFCB
:106F200079BEDD3ECCBE66BFC153DC3E991567BF5E
:106F300080E8DA3ED86B67BFB97CD93E87C167BFAE
:106F40006B10D83EA81668BF99A3D63E396B68BFB0
:106F50004136D53E3CBF68BF67C8D33EAE1269BF5D
:106F6000095AD23E916569BF2AEBD03EE4B769BFAA
:106F7000CA7BCF3EA7096ABFEA0BCE3ED95A6ABF89
:106F80008B9BCC3E7BAB6ABFAE2ACB3E8CFB6ABFF1
:106F900053B9C93E0C4B6BBF7C47C83EFB996BBFD6
:106FA00029D5C63E58E86BBF5C62C53E24366CBF2F
:106FB00015EFC33E5E836CBF557BC23E07D06CBFEE
:106FC0001E07C13E1D1C6DBF6F92BF3EA1676DBF06
:106FD0004A1DBE3E93B26DBFAFA7BC3EF2FC6DBF73
:106FE000A031BB3EBE466EBF1EBBB93EF88F6EBF22
:106FF0002A44B83E9ED86EBFC3CCB63EB0206FBF09
:10700000EC54B53E30686FBFA5DCB33E1BAF6FBF1D
:10701000EF63B23E73F56FBFCBEAB03E373B70BF54
:107020003A71AF3E668070BF3CF7AD3E02C570BF9F
:10703000D47CAC3E080971BF0102AB3E7A4C71BFF3
:10704000C486A93E578F71BF1F0BA83E9FD171BF49
:10705000128FA63E521372BF9F12A53E705472BF8C
:10706000C595A33EF89472BF8718A23EEBD472BFB9
:10707000E59AA03E471473BFDF1C9F3E0E5373BFBB
:10708000789E9D3E3F9173BFAF1F9C3ED9CE73BF8C
:1070900086A09A3EDD0B74BFFE20993E4B4874BF1C
:1070A00017A1973E228474BFD220963E62BF74BF60
:1070B00031A0943E0BFA74BF351F933E1D3475BF4B
:1070C000DD9D913E976D75BF2C1C903E7BA675BFD4
:1070D000229A8E3EC6DE75BFC0178D3E7A1676BFE9
:1070E00007958B3E974D76BFF8118A3E1B8476BF7D
:1070F000938E883E07BA76BFDA0A873E5BEF76BF8B
:10710000CE86853E172477BF7002843E3A5877BFFB
:10711000C07D823EC58B77BFC0F8803EB7BE77BFCB
:10712000E1E67E3E10F177BFA4DB7B3ED12278BF43
:10713000CCCF783EF85378BF5AC3753E868478BF6B
:1071400051B6723E7BB478BFB2A86F3ED6E378BF2B
:107150007F9A6C3E981279BFBA8B693EC04079BF66
:10716000667C663E4E6E79BF836C633E439B79BFFF
:10717000135C603E9DC779BF1A4B5D3E5EF379BFDD
:1071800097395A3E841E7ABF8F27573E10497ABFDF
:107190000115543E02737ABFF101513E599C7ABFEA
:1071A00060EE4D3E16C57ABF4FDA4A3E37ED7ABFE4
:1071B000C2C5473EBE147BBFB9B0443EAB3B7BBFAC
:1071C000379B413EFC617BBF3E853E3EB2877BBF25
:1071D000CF6E3B3ECDAC7BBFEC57383E4DD17BBF35
:1071E0009840353E31F57BBFD428323E7A187CBFBB
:1071F000A2102F3E283B7CBF04F82B3E3A5D7CBF9B
:10720000FCDE283EB07E7CBF8CC5253E8A9F7CBFBD
:10721000B6AB223EC9BF7CBF7B911F3E6CDF7CBFFB
:10722000DE761C3E73FE7CBFE05B193EDD1C7DBF3D
:107230008340163EAC3A7DBFCA24133EDE577DBF65
:10724000B708103E74747DBF4AEC0C3E6E907DBF53
:1072500086CF093ECCAB7DBF6EB2063E8CC67DBFED
:107260000295033EB1E07DBF4577003E38FA7DBF11
:1072700073B2FA3D24137EBFC075F43D722B7EBFFE
:107280007638EE3D23437EBF9AFAE73D385A7EBFFB
:107290002EBCE13DB0707EBF377DDB3D8B867EBF6F
:1072A000B93DD53DC99B7EBFB7FDCE3D69B07EBF20
:1072B00036BDC83D6DC47EBF397CC23DD4D77EBFCC
:1072C000C33ABC3D9DEA7EBFDAF8B53DC9FC7EBF3E
:1072D00080B6AF3D580E7FBFBA73A93D491F7FBF2F
:1072E0008C30A33D9D2F7FBFF9EC9C3D543F7FBF69
:1072F00005A9963D6D4E7FBFB464903DE95C7FBFAC
:107300000A208A3DC76A7FBF0ADB833D08787FBFBA
:10731000742B7B3DAB847FBF38A06E3DB1907FBFA7
:107320006814623D189C7FBF0E88553DE3A67FBF61
:107330002FFB483D0FB17FBFD56D3C3D9EBA7FBF4F
:1073400007E02F3D8FC37FBFCC51233DE2CB7FBFF2
:107350002CC3163D98D37FBF2F340A3DAFDA7FBFD1
:10736000B949FB3C29E17FBF7B2AE23C05E77FBFAF
:10737000B00AC93C43EC7FBF69EAAF3CE3F07FBF92
:10738000B6C9963CE6F47FBF4B517B3C4AF87FBFC1
:10739000900E493C11FB7FBF59CB163C39FD7FBF96
:1073A000890FC93BC4FE7FBFC70F493BB1FF7FBFF9
:1073B0000800001010000002180000122000000455
:1073C00028000014300000063800001640000008B5
:1073D000480000185000000A5800001A6000000C15
:1073E0006800001C7000000E7800001E800000087D
:1073F000880040109000400298004012A000400415
:10740000A8004014B0004006B8004016C000400874
:10741000C8004018D000400AD800401AE000400CD4
:10742000E800401CF000400EF800401E000100087B
:1074300008018010100180021801801220018004D0
:107440002801801430018006380180164001800830
:10745000480180185001800A5801801A6001800C90
:107460006801801C7001800E7801801E8001400838
:107470008801C0109001C0029801C012A001C00490
:10748000A801C014B001C006B801C016C001C008F0
:10749000C801C018D001C00AD801C01AE001C00C50
:1074A000E801C01CF001C00EF801C01E0002000877
:1074B0000802001110020003180200132002000548
:1074C00028020015300200073802001740020009A8
:1074D000480200195002000B5802001B6002000D08
:1074E0006802001D7002000F7802001F80028008F1
:1074F000880240119002400398024013A002400508
:10750000A8024015B0024007B8024017C002400967
:10751000C8024019D002400BD802401BE002400DC7
:10752000E802401DF002400FF802401F000340082F
:1075300008038011100380031803801320038005C3
:107540002803801530038007380380174003800923
:10755000480380195003800B5803801B6003800D83
:107560006803801D7003800F7803801F8003C008AC
:107570008803C0119003C0039803C013A003C00583
:10758000A803C015B003C007B803C017C003C009E3
:10759000C803C019D003C00BD803C01BE003C00D43
:1075A000E803C01DF003C00FF803C01F0004001063
:1075B0000804081010040011180408122004081010
:1075C0002804081430040806380408164004080883
:1075D000480408185004080A5804081A6004080CE3
:1075E0006804081C7004080E7804081E8004001843
:1075F000880448109004001998044812A004081840
:10760000A8044814B0044806B8044816C004480842
:10761000C8044818D004480AD804481AE004480CA2
:10762000E804481CF004480EF804481E0005401009
:10763000080588101005401118058812200548100B
:1076400028058814300588063805881640058808FE
:10765000480588185005880A5805881A6005880C5E
:107660006805881C7005880E7805881E80054018FE
:107670008805C810900540199805C812A00548183B
:10768000A805C814B005C806B805C816C005C808BE
:10769000C805C818D005C80AD805C81AE005C80C1E
:1076A000E805C81CF005C80EF805C81E00068010C5
:1076B0000806081110068011180608132006881005
:1076C0002806081530060807380608174006080976
:1076D000480608195006080B5806081B6006080DD6
:1076E0006806081D7006080F7806081F80068018B7
:1076F000880648119006801998064813A006881835
:10770000A8064815B0064807B8064817C006480935
:10771000C8064819D006480BD806481BE006480D95
:10772000E806481DF006480FF806481F0007C0107D
:10773000080788111007C011180788132007C81000
:1077400028078815300788073807881740078809F1
:10775000480788195007880B5807881B6007880D51
:107760006807881D7007880F7807881F8007C01872
:107770008807C8119007C0199807C813A007C81830
:10778000A807C815B007C807B807C817C007C809B1
:10779000C807C819D007C80BD807C81BE007C80D11
:1077A000E807C81DF007C80FF807C81F0808101021
:1077B000100840081808101220080011280810149A
:1077C0003008801138081016480810185008100AA0
:1077D0005808101A6008100C6808101C7008100E69
:1077E0007808101E8008000A880850109008000BC6
:1077F00098085012A008080AA8085014B008080BEE
:10780000B8085016C008100AC8085018D008500A06
:10781000D808501AE008500CE808501CF008500E28
:10782000F808501E080990101009800918099012D4
:107830002009001928099014300980193809901678
:107840004009000B480990185009900A5809901AED
:107850006009900C6809901C7009900E7809901EC0
:107860008009400A8809D0109009400B9809D0126D
:10787000A009480AA809D014B009480BB809D016C5
:10788000C009500AC809D018D009D00AD809D01A9E
:10789000E009D00CE809D01CF009D00EF809D01E80
:1078A000080A1011180A1013200A4011280A10158E
:1078B000300AC011380A1017480A1019500A100B64
:1078C000580A101B600A100D680A101D700A100F6C
:1078D000780A101F880A5011900A800B980A5013DA
:1078E000A00A5011A80A5015B00A880BB80A501700
:1078F000C00A800BC80A5019D00A500BD80A501B76
:10790000E00A500DE80A501DF00A500FF80A501F07
:10791000080B9011180B9013200B4019280B901591
:10792000300BC019380B9017480B9019500B900B67
:10793000580B901B600B900D680B901D700B900FF7
:10794000780B901F880BD011900BC00B980BD013A5
:10795000A00B5019A80BD015B00BC80BB80BD01743
:10796000C80BD019D80BD01BE00BD00DE80BD01DE5
:10797000F00BD00FF80BD01F000C0012080C1810E1
:10798000100C0013180C1812200C0812280C1814D4
:10799000300C0813380C1816400C1012480C18182C
:1079A000500C1013580C181A600C1812680C181C84
:1079B000700C180E780C181E800C001A880C5810C9
:1079C000900C001B980C5812A00C081AA80C581404
:1079D000B00C081BB80C5816C00C101AC80C58185C
:1079E000D00C101BD80C581AE00C181AE80C581CB4
:1079F000F00C580EF80C581E000D4012080D98108F
:107A0000100D4013180D9812200D4812280D9814CF
:107A1000300D4813380D9816400D5012480D981827
:107A2000500D5013580D981A600D5812680D981C7F
:107A3000700D980E780D981E800D401A880DD81084
:107A4000900D401B980DD812A00D481AA80DD814FF
:107A5000B00D481BB80DD816C00D501AC80DD81857
:107A6000D00D501BD80DD81AE00D581AE80DD81CAF
:107A7000F00DD80EF80DD81E000E8012080E181149
:107A8000100E8013180E1813200E8812280E1815C9
:107A9000300E8813380E1817400E9012480E181921
:107AA000500E9013580E181B600E9812680E181D79
:107AB000700E180F780E181F800E801A880E58113D
:107AC000900E801B980E5813A00E881AA80E5815F9
:107AD000B00E881BB80E5817C00E901AC80E581951
:107AE000D00E901BD80E581BE00E981AE80E581DA9
:107AF000F00E580FF80E581F000FC012080F981103
:107B0000100FC013180F9813200FC812280F9815C4
:107B1000300FC813380F9817400FD012480F98191C
:107B2000500FD013580F981B600FD812680F981D74
:107B3000700F980F780F981F800FC01A880FD811F8
:107B4000900FC01B980FD813A00FC81AA80FD815F4
:107B5000B00FC81BB80FD817C00FD01AC80FD8194C
:107B6000D00FD01BD80FD81BE00FD81AE80FD81DA4
:107B7000F00FD81BF80FD81F08102010101040105D
:107B800018102012281020143010881038102016D9
:107B90004010001148102018501040115810201AA1
:107BA000601008126810201C701088127810201EB7
:107BB0008010001288100812901040129810601265
:107BC000A0102012A8106014B0106012B810601637
:107BD000C0100013C8106018D0104013D810601ADD
:107BE000E0101812E810601CF0109812F810601ED7
:107BF00008112012101140111811A012201108189C
:107C00002811A014301188183811A0164811A01896
:107C10005811A01A6011081A6811A01C7011881A56
:107C20007811A01E80111012881118129011501294
:107C30009811E012A0111818A811E014B0119818AA
:107C4000B811E016C0111013C811E018D01150136C
:107C5000D811E01AE011181AE811E01CF011981A76
:107C6000F811E01E0012001808120818101240182F
:107C70001812201320122018281220153012601814
:107C800038122017401200194812201950124019BA
:107C90005812201B601220196812201D7012C81281
:107CA0007812201F8012001A8812081A9012401AA7
:107CB00098126013A012201AA8126015B012601A50
:107CC000B8126017C012001BC8126019D012401BF6
:107CD000D812601BE012201BE812601DF012601B1E
:107CE000F812601F001310180813181810135018FA
:107CF0001813A013201348182813A0153013C81800
:107D00003813A017401310194813A0195013501915
:107D10005813A01B6013481A6813A01D7013C81ACB
:107D20007813A01F8013101A8813181A9013501A72
:107D30009813E013A0135818A813E015B013D8181F
:107D4000B813E017C013101BC813E019D013501B51
:107D5000D813E01BE013581AE813E01DF013D81AEB
:107D6000F813E01F0814201410140015181420151F
:107D70003014081538142816401400154814281813
:107D8000501410155814281A601420156814281C53
:107D9000701418157814281E8014001C8814201CD8
:107DA0009014001D9814201DA014081CA814281C51
:107DB000B014081DB8146816C014101CC814681834
:107DC000D014101DD814681AE014181CE814681C8C
:107DD000F014181DF814681E08152015101540150C
:107DE00018156015201528182815281C3015481559
:107DF0003815A8164815A8185815A81A6015281A75
:107E00006815A81C7015A81A7815A81E8015401CA6
:107E10008815601C9015401D9815601DA015481C04
:107E2000A815681CB015481DB815E816C015501CDB
:107E3000C815E818D015501DD815E81AE015581CBB
:107E4000E815E81CF015581DF815E81E0016001C72
:107E50000816081C1016401C1816481C2016201C5A
:107E60002816281C3016601C381628174016001DCE
:107E7000481628195016401D5816281B6016201D3C
:107E80006816281D7016601D7816281F8016801C25
:107E90008816A01C9016801D9816A01DA016881C80
:107EA000A816A81CB016881DB8166817C016901C16
:107EB000C8166819D016901DD816681BE016981CB5
:107EC000E816681DF016981DF816681F0017101C9C
:107ED0000817181C1017501C1817581C2017681862
:107EE0002817681C3017E8183817A8174017101DF6
:107EF0004817A8195017501D5817A81B6017681A63
:107F00006817A81D7017E81A7817A81F8017C01CDB
:107F10008817E01C9017C01D9817E01DA017C81CFB
:107F2000A817E81CB017C81DB817E817C017D01C51
:107F3000C817E819D017D01DD817E81BE017D81CB0
:107F4000E817E81DF017D81DF817E81F1818601873
:107F5000301848183818601C5818301A6818301C27
:107F60007018181A7818301E8018001A8818081A05
:107F70009018001B98186019A018201AA818281A21
:107F8000B018201BB818601DC018101AC818181A8D
:107F9000D018101BD818701AE018301AE818701C86
:107FA000F018581AF818701E081920191819601AB4
:107FB0002819081D301988193819881D4819201BDF
:107FC0005819B01A6019081B6819B01C7019881B61
:107FD0007819B01E8019401A8819481A9019401B48
:107FE0009819601BA019601AA819181DB019601BF8
:107FF000B819981DC019501AC819581AD019501B11
:10800000D819F01AE019181BE819F01CF019981B80
:10801000F819F01E381A701C581A301B681A301DD7
:10802000701A181B781A301F901AC01A981AC81A9A
:10803000B01AE01AB81AE81AC01A801BC81A881BAE
:10804000D01AC01BD81A701BE01AA01BE81A701DAA
:10805000F01AE01BF81A701F281B481D381BC81D9A
:10806000481B601B581BB01B681BB01D701BC81B36
:10807000781BB01F901BC01B981BC81BA81B581D4A
:10808000B01BE01BB81BD81DD81BF01BE81BF01D54
:10809000F81BF01F081C201C181C301C381C681C06
:1080A000481C601C581C701C781C381E801C001E4C
:1080B000881C201E901C001F981C201FA01C081E3E
:1080C000A81C281EB01C081FB81C281FC01C101E8E
:1080D000C81C301ED01C101FD81C301FE01C181EDE
:1080E000E81C381EF01C181FF81C781E081D201DE7
:1080F000181D301D381DA81D481D601D581D701D00
:10810000681D281F781DB81E801D401E881D601E1A
:10811000901D401F981D601FA01D481EA81D681EB1
:10812000B01D481FB81D681FC01D501EC81D701E01
:10813000D01D501FD81D701FE01D581EE81D781E51
:10814000F01D581FF81DF81E081E201E181E301E98
:10815000481E601E581E701E781E381F881EA01EE6
:10816000901E801F981EA01FB01E881FB81EA81F3B
:10817000C01E801FC81E881FD01E901FD81EB01F93
:10818000E01EA01FE81EA81FF01E981FF81E781FF3
:10819000081F201F181F301F481F601F581F701F07
:1081A000781FB81F881FA01F901FC01F981FE01FB7
:1081B000B01FC81FB81FE81FC81FE01FD81FF01F3F
:1081C0000000803F00000000C4FE7F3F890FC93BD4
:1081D00011FB7F3F900E493CE6F47F3FB6C9963CC9
:1081E00043EC7F3FB00AC93C29E17F3FB949FB3CE2
:1081F00098D37F3F2CC3163D8FC37F3F07E02F3DB1
:108200000FB17F3F2FFB483D189C7F3F6814623DB4
:10821000AB847F3F742B7B3DC76A7F3F0A208A3D3A
:108220006D4E7F3F05A9963D9D2F7F3F8C30A33D2E
:10823000580E7F3F80B6AF3D9DEA7E3FC33ABC3DBE
:108240006DC47E3F36BDC83DC99B7E3FB93DD53D1F
:10825000B0707E3F2EBCE13D23437E3F7638EE3D3D
:1082600024137E3F73B2FA3DB1E07D3F0295033E99
:10827000CCAB7D3F86CF093E74747D3FB708103E7E
:10828000AC3A7D3F8340163E73FE7C3FDE761C3E5B
:10829000C9BF7C3FB6AB223EB07E7C3FFCDE283EB1
:1082A000283B7C3FA2102F3E31F57B3F9840353E66
:1082B000CDAC7B3FCF6E3B3EFC617B3F379B413E6D
:1082C000BE147B3FC2C5473E16C57A3F60EE4D3EA9
:1082D00002737A3F0115543E841E7A3F97395A3E05
:1082E0009DC7793F135C603E4E6E793F667C663E6B
:1082F0009812793F7F9A6C3E7BB4783F51B6723EBC
:10830000F853783FCCCF783E10F1773FE1E67E3EE0
:10831000C58B773FC07D823E1724773FCE86853E52
:1083200007BA763F938E883E974D763F07958B3EF2
:10833000C6DE753F229A8E3E976D753FDD9D913E5C
:108340000BFA743F31A0943E2284743F17A1973EEC
:10835000DD0B743F86A09A3E3F91733F789E9D3E11
:108360004714733FE59AA03EF894723FC595A33E2B
:108370005213723F128FA63E578F713FC486A93E9B
:108380000809713FD47CAC3E6680703F3A71AF3EC5
:1083900073F56F3FEF63B23E30686F3FEC54B53E0C
:1083A0009ED86E3F2A44B83EBE466E3FA031BB3ECB
:1083B00093B26D3F4A1DBE3E1D1C6D3F1E07C13E60
:1083C0005E836C3F15EFC33E58E86B3F29D5C63E30
:1083D0000C4B6B3F53B9C93E7BAB6A3F8B9BCC3E8A
:1083E000A7096A3FCA7BCF3E9165693F095AD23ED1
:1083F0003CBF683F4136D53EA816683F6B10D83E5B
:10840000D86B673F80E8DA3ECCBE663F79BEDD3E82
:10841000880F663F4F92E03E0B5E653FFA63E33E96
:1084200059AA643F7533E63E73F4633FB700E93EF3
:108430005A3C633FBBCBEB3E1082623F7994EE3EE9
:1084400098C5613FEA5AF13EF206613F071FF43ECC
:108450002146603FCBE0F63E27835F3F2DA0F93EEB
:1084600005BE5E3F275DFC3EBEF65D3FB217FF3E98
:10847000532D5D3FE4E7003FC7615C3FB142023FDF
:108480001A945B3F3D9C033F50C45A3F84F4043F21
:108490006AF2593F824B063F6A1E593F36A1073F99
:1084A0005348583F9BF5083F2670573FAD480A3F59
:1084B000E595563F6B9A0B3F93B9553FD0EA0C3F79
:1084C00031DB543FDA390E3FC3FA533F84870F3F05
:1084D0004918533FCDD3103FC633523FB01E123F11
:1084E0003D4D513F2A68133FAF64503F39B0143FB0
:1084F0001F7A4F3FD9F6153F908D4E3F073C173FEF
:10850000029F4D3FC07F183F79AE4C3F00C2193FDC
:10851000F8BB4B3FC6021B3F7FC74A3F0C421C3F84
:1085200012D1493FD17F1D3FB3D8483F12BC1E3FF7
:1085300065DE473FCBF61F3F2AE2463FF92F213F3A
:1085400003E4453F9967223FF5E3443FA99D233F5C
:1085500000E2433F25D2243F29DE423F0A05263F61
:1085600070D8413F5636273FDAD0403F0566283F56
:1085700067C73F3F1594293F1BBC3E3F82C02A3F3F
:10858000F9AE3D3F4AEB2B3F03A03C3F69142D3F22
:108590003B8F3B3FDE3B2E3FA47C3A3FA5612F3F04
:1085A0004268393FBB85303F1652383F1DA8313FE6
:1085B000233A373FC9C8323F6C20363FBCE7333FD0
:1085C000F304353FF304353FBCE7333F6C20363FBF
:1085D000C9C8323F233A373F1DA8313F1652383FB2
:1085E000BB85303F4268393FA5612F3FA47C3A3FAD
:1085F000DE3B2E3F3B8F3B3F69142D3F03A03C3FAA
:108600004AEB2B3FF9AE3D3F82C02A3F1BBC3E3FA9
:108610001594293F67C73F3F0566283FDAD0403FA2
:108620005636273F70D8413F0A05263F29DE423F94
:1086300025D2243F00E2433FA99D233FF5E3443F79
:108640009967223F03E4453FF92F213F2AE2463F45
:10865000CBF61F3F65DE473F12BC1E3FB3D8483FF5
:10866000D17F1D3F12D1493F0C421C3F7FC74A3F7B
:10867000C6021B3FF8BB4B3F00C2193F79AE4C3FCF
:10868000C07F183F029F4D3F073C173F908D4E3FE4
:10869000D9F6153F1F7A4F3F39B0143FAF64503FB2
:1086A0002A68133F3D4D513FB01E123FC633523F23
:1086B000CDD3103F4918533F84870F3FC3FA533F30
:1086C000DA390E3F31DB543FD0EA0C3F93B9553FC6
:1086D0006B9A0B3FE595563FAD480A3F2670573FD2
:1086E0009BF5083F5348583F36A1073F6A1E593F44
:1086F000824B063F6AF2593F84F4043F50C45A3F0C
:108700003D9C033F1A945B3FB142023FC7615C3F0F
:10871000E4E7003F532D5D3FB217FF3EBEF65D3FDD
:10872000275DFC3E05BE5E3F2DA0F93E27835F3FDF
:10873000CBE0F63E2146603F071FF43EF206613F64
:10874000EA5AF13E98C5613F7994EE3E1082623F4D
:10875000BBCBEB3E5A3C633FB700E93E73F4633F4B
:108760007533E63E59AA643FFA63E33E0B5E653F0C
:108770004F92E03E880F663F79BEDD3ECCBE663F3D
:1087800080E8DA3ED86B673F6B10D83EA816683F8A
:108790004136D53E3CBF683F095AD23E9165693F9C
:1087A000CA7BCF3EA7096A3F8B9BCC3E7BAB6A3F1F
:1087B00053B9C93E0C4B6B3F29D5C63E58E86B3FB9
:1087C00015EFC33E5E836C3F1E07C13E1D1C6D3F0F
:1087D0004A1DBE3E93B26D3FA031BB3EBE466E3FCA
:1087E0002A44B83E9ED86E3FEC54B53E30686F3F89
:1087F000EF63B23E73F56F3F3A71AF3E6680703FF4
:10880000D47CAC3E0809713FC486A93E578F713FA6
:10881000128FA63E5213723FC595A33EF894723F45
:10882000E59AA03E4714733F789E9D3E3F91733F6B
:1088300086A09A3EDD0B743F17A1973E2284743FB9
:1088400031A0943E0BFA743FDD9D913E976D753FCC
:10885000229A8E3EC6DE753F07958B3E974D763F3A
:10886000938E883E07BA763FCE86853E1724773FA3
:10887000C07D823EC58B773FE1E67E3E10F1773FBB
:10888000CCCF783EF853783F51B6723E7BB4783FF8
:108890007F9A6C3E9812793F667C663E4E6E793FB9
:1088A000135C603E9DC7793F97395A3E841E7A3FDC
:1088B0000115543E02737A3F60EE4D3E16C57A3F75
:1088C000C2C5473EBE147B3F379B413EFC617B3FA8
:1088D000CF6E3B3ECDAC7B3F9840353E31F57B3F84
:1088E000A2102F3E283B7C3FFCDE283EB07E7C3F22
:1088F000B6AB223EC9BF7C3FDE761C3E73FE7C3F9A
:108900008340163EAC3A7D3FB708103E74747D3FFD
:1089100086CF093ECCAB7D3F0295033EB1E07D3F63
:1089200073B2FA3D24137E3F7638EE3D23437E3FFB
:108930002EBCE13DB0707E3FB93DD53DC99B7E3F29
:1089400036BDC83D6DC47E3FC33ABC3D9DEA7E3F07
:1089500080B6AF3D580E7F3F8C30A33D9D2F7F3FAB
:1089600005A9963D6D4E7F3F0A208A3DC76A7F3F2D
:10897000742B7B3DAB847F3F6814623D189C7F3F26
:108980002FFB483D0FB17F3F07E02F3D8FC37F3F57
:108990002CC3163D98D37F3FB949FB3C29E17F3F6B
:1089A000B00AC93C43EC7F3FB6C9963CE6F47F3F32
:1089B000900E493C11FB7F3F890FC93BC4FE7F3FAE
:1089C000000000000000803F890FC9BBC4FE7F3F4C
:1089D000900E49BC11FB7F3FB6C996BCE6F47F3FC1
:1089E000B00AC9BC43EC7F3FB949FBBC29E17F3FDA
:1089F0002CC316BD98D37F3F07E02FBD8FC37F3FA9
:108A00002FFB48BD0FB17F3F681462BD189C7F3FAC
:108A1000742B7BBDAB847F3F0A208ABDC76A7F3F32
:108A200005A996BD6D4E7F3F8C30A3BD9D2F7F3F26
:108A300080B6AFBD580E7F3FC33ABCBD9DEA7E3FB6
:108A400036BDC8BD6DC47E3FB93DD5BDC99B7E3F17
:108A50002EBCE1BDB0707E3F7638EEBD23437E3F35
:108A600073B2FABD24137E3F029503BEB1E07D3F91
:108A700086CF09BECCAB7D3FB70810BE74747D3F76
:108A8000834016BEAC3A7D3FDE761CBE73FE7C3F53
:108A9000B6AB22BEC9BF7C3FFCDE28BEB07E7C3FA9
:108AA000A2102FBE283B7C3F984035BE31F57B3F5E
:108AB000CF6E3BBECDAC7B3F379B41BEFC617B3F65
:108AC000C2C547BEBE147B3F60EE4DBE16C57A3FA1
:108AD000011554BE02737A3F97395ABE841E7A3FFD
:108AE000135C60BE9DC7793F667C66BE4E6E793F63
:108AF0007F9A6CBE9812793F51B672BE7BB4783FB4
:108B0000CCCF78BEF853783FE1E67EBE10F1773FD8
:108B1000C07D82BEC58B773FCE8685BE1724773F4A
:108B2000938E88BE07BA763F07958BBE974D763FEA
:108B3000229A8EBEC6DE753FDD9D91BE976D753F54
:108B400031A094BE0BFA743F17A197BE2284743FE4
:108B500086A09ABEDD0B743F789E9DBE3F91733F09
:108B6000E59AA0BE4714733FC595A3BEF894723F23
:108B7000128FA6BE5213723FC486A9BE578F713F93
:108B8000D47CACBE0809713F3A71AFBE6680703FBD
:108B9000EF63B2BE73F56F3FEC54B5BE30686F3F04
:108BA0002A44B8BE9ED86E3FA031BBBEBE466E3FC3
:108BB0004A1DBEBE93B26D3F1E07C1BE1D1C6D3F58
:108BC00015EFC3BE5E836C3F29D5C6BE58E86B3F28
:108BD00053B9C9BE0C4B6B3F8B9BCCBE7BAB6A3F82
:108BE000CA7BCFBEA7096A3F095AD2BE9165693FC9
:108BF0004136D5BE3CBF683F6B10D8BEA816683F53
:108C000080E8DABED86B673F79BEDDBECCBE663F7A
:108C10004F92E0BE880F663FFA63E3BE0B5E653F8E
:108C20007533E6BE59AA643FB700E9BE73F4633FEB
:108C3000BBCBEBBE5A3C633F7994EEBE1082623FE1
:108C4000EA5AF1BE98C5613F071FF4BEF206613FC4
:108C5000CBE0F6BE2146603F2DA0F9BE27835F3FE3
:108C6000275DFCBE05BE5E3FB217FFBEBEF65D3F90
:108C7000E4E700BF532D5D3FB14202BFC7615C3FD7
:108C80003D9C03BF1A945B3F84F404BF50C45A3F19
:108C9000824B06BF6AF2593F36A107BF6A1E593F91
:108CA0009BF508BF5348583FAD480ABF2670573F51
:108CB0006B9A0BBFE595563FD0EA0CBF93B9553F71
:108CC000DA390EBF31DB543F84870FBFC3FA533FFD
:108CD000CDD310BF4918533FB01E12BFC633523F09
:108CE0002A6813BF3D4D513F39B014BFAF64503FA8
:108CF000D9F615BF1F7A4F3F073C17BF908D4E3FE7
:108D0000C07F18BF029F4D3F00C219BF79AE4C3FD4
:108D1000C6021BBFF8BB4B3F0C421CBF7FC74A3F7C
:108D2000D17F1DBF12D1493F12BC1EBFB3D8483FEF
:108D3000CBF61FBF65DE473FF92F21BF2AE2463F32
:108D4000996722BF03E4453FA99D23BFF5E3443F54
:108D500025D224BF00E2433F0A0526BF29DE423F59
:108D6000563627BF70D8413F056628BFDAD0403F4E
:108D7000159429BF67C73F3F82C02ABF1BBC3E3F37
:108D80004AEB2BBFF9AE3D3F69142DBF03A03C3F1A
:108D9000DE3B2EBF3B8F3B3FA5612FBFA47C3A3FFC
:108DA000BB8530BF4268393F1DA831BF1652383FDE
:108DB000C9C832BF233A373FBCE733BF6C20363FC8
:108DC000F30435BFF304353F6C2036BFBCE7333FB7
:108DD000233A37BFC9C8323F165238BF1DA8313FAA
:108DE000426839BFBB85303FA47C3ABFA5612F3FA5
:108DF0003B8F3BBFDE3B2E3F03A03CBF69142D3FA2
:108E0000F9AE3DBF4AEB2B3F1BBC3EBF82C02A3FA1
:108E100067C73FBF1594293FDAD040BF0566283F9A
:108E200070D841BF5636273F29DE42BF0A05263F8C
:108E300000E243BF25D2243FF5E344BFA99D233F71
:108E400003E445BF9967223F2AE246BFF92F213F3D
:108E500065DE47BFCBF61F3FB3D848BF12BC1E3FED
:108E600012D149BFD17F1D3F7FC74ABF0C421C3F73
:108E7000F8BB4BBFC6021B3F79AE4CBF00C2193FC7
:108E8000029F4DBFC07F183F908D4EBF073C173FDC
:108E90001F7A4FBFD9F6153FAF6450BF39B0143FAA
:108EA0003D4D51BF2A68133FC63352BFB01E123F1B
:108EB000491853BFCDD3103FC3FA53BF84870F3F28
:108EC00031DB54BFDA390E3F93B955BFD0EA0C3FBE
:108ED000E59556BF6B9A0B3F267057BFAD480A3FCA
:108EE000534858BF9BF5083F6A1E59BF36A1073F3C
:108EF0006AF259BF824B063F50C45ABF84F4043F04
:108F00001A945BBF3D9C033FC7615CBFB142023F07
:108F1000532D5DBFE4E7003FBEF65DBFB217FF3ED5
:108F200005BE5EBF275DFC3E27835FBF2DA0F93ED7
:108F3000214660BFCBE0F63EF20661BF071FF43E5C
:108F400098C561BFEA5AF13E108262BF7994EE3E45
:108F50005A3C63BFBBCBEB3E73F463BFB700E93E43
:108F600059AA64BF7533E63E0B5E65BFFA63E33E04
:108F7000880F66BF4F92E03ECCBE66BF79BEDD3E35
:108F8000D86B67BF80E8DA3EA81668BF6B10D83E82
:108F90003CBF68BF4136D53E916569BF095AD23E94
:108FA000A7096ABFCA7BCF3E7BAB6ABF8B9BCC3E17
:108FB0000C4B6BBF53B9C93E58E86BBF29D5C63EB1
:108FC0005E836CBF15EFC33E1D1C6DBF1E07C13E07
:108FD00093B26DBF4A1DBE3EBE466EBFA031BB3EC2
:108FE0009ED86EBF2A44B83E30686FBFEC54B53E81
:108FF00073F56FBFEF63B23E668070BF3A71AF3EEC
:10900000080971BFD47CAC3E578F71BFC486A93E9E
:10901000521372BF128FA63EF89472BFC595A33E3D
:10902000471473BFE59AA03E3F9173BF789E9D3E63
:10903000DD0B74BF86A09A3E228474BF17A1973EB1
:109040000BFA74BF31A0943E976D75BFDD9D913EC4
:10905000C6DE75BF229A8E3E974D76BF07958B3E32
:1090600007BA76BF938E883E172477BFCE86853E9B
:10907000C58B77BFC07D823E10F177BFE1E67E3EB3
:10908000F85378BFCCCF783E7BB478BF51B6723EF0
:10909000981279BF7F9A6C3E4E6E79BF667C663EB1
:1090A0009DC779BF135C603E841E7ABF97395A3ED4
:1090B00002737ABF0115543E16C57ABF60EE4D3E6D
:1090C000BE147BBFC2C5473EFC617BBF379B413EA0
:1090D000CDAC7BBFCF6E3B3E31F57BBF9840353E7C
:1090E000283B7CBFA2102F3EB07E7CBFFCDE283E1A
:1090F000C9BF7CBFB6AB223E73FE7CBFDE761C3E92
:10910000AC3A7DBF8340163E74747DBFB708103EF5
:10911000CCAB7DBF86CF093EB1E07DBF0295033E5B
:1091200024137EBF73B2FA3D23437EBF7638EE3DF3
:10913000B0707EBF2EBCE13DC99B7EBFB93DD53D21
:109140006DC47EBF36BDC83D9DEA7EBFC33ABC3DFF
:10915000580E7FBF80B6AF3D9D2F7FBF8C30A33DA3
:109160006D4E7FBF05A9963DC76A7FBF0A208A3D25
:10917000AB847FBF742B7B3D189C7FBF6814623D1E
:109180000FB17FBF2FFB483D8FC37FBF07E02F3D4F
:1091900098D37FBF2CC3163D29E17FBFB949FB3C63
:1091A00043EC7FBFB00AC93CE6F47FBFB6C9963C2A
:1091B00011FB7FBF900E493CC4FE7FBF890FC93BA6
:1091C000000080BF00000000C4FE7FBF890FC9BB44
:1091D00011FB7FBF900E49BCE6F47FBFB6C996BCB9
:1091E00043EC7FBFB00AC9BC29E17FBFB949FBBCD2
:1091F00098D37FBF2CC316BD8FC37FBF07E02FBDA1
:109200000FB17FBF2FFB48BD189C7FBF681462BDA4
:10921000AB847FBF742B7BBDC76A7FBF0A208ABD2A
:109220006D4E7FBF05A996BD9D2F7FBF8C30A3BD1E
:10923000580E7FBF80B6AFBD9DEA7EBFC33ABCBDAE
:109240006DC47EBF36BDC8BDC99B7EBFB93DD5BD0F
:10925000B0707EBF2EBCE1BD23437EBF7638EEBD2D
:1092600024137EBF73B2FABDB1E07DBF029503BE89
:10927000CCAB7DBF86CF09BE74747DBFB70810BE6E
:10928000AC3A7DBF834016BE73FE7CBFDE761CBE4B
:10929000C9BF7CBFB6AB22BEB07E7CBFFCDE28BEA1
:1092A000283B7CBFA2102FBE31F57BBF984035BE56
:1092B000CDAC7BBFCF6E3BBEFC617BBF379B41BE5D
:1092C000BE147BBFC2C547BE16C57ABF60EE4DBE99
:1092D00002737ABF011554BE841E7ABF97395ABEF5
:1092E0009DC779BF135C60BE4E6E79BF667C66BE5B
:1092F000981279BF7F9A6CBE7BB478BF51B672BEAC
:10930000F85378BFCCCF78BE10F177BFE1E67EBED0
:10931000C58B77BFC07D82BE172477BFCE8685BE42
:1093200007BA76BF938E88BE974D76BF07958BBEE2
:10933000C6DE75BF229A8EBE976D75BFDD9D91BE4C
:109340000BFA74BF31A094BE228474BF17A197BEDC
:10935000DD0B74BF86A09ABE3F9173BF789E9DBE01
:10936000471473BFE59AA0BEF89472BFC595A3BE1B
:10937000521372BF128FA6BE578F71BFC486A9BE8B
:10938000080971BFD47CACBE668070BF3A71AFBEB5
:1093900073F56FBFEF63B2BE30686FBFEC54B5BEFC
:1093A0009ED86EBF2A44B8BEBE466EBFA031BBBEBB
:1093B00093B26DBF4A1DBEBE1D1C6DBF1E07C1BE50
:1093C0005E836CBF15EFC3BE58E86BBF29D5C6BE20
:1093D0000C4B6BBF53B9C9BE7BAB6ABF8B9BCCBE7A
:1093E000A7096ABFCA7BCFBE916569BF095AD2BEC1
:1093F0003CBF68BF4136D5BEA81668BF6B10D8BE4B
:10940000D86B67BF80E8DABECCBE66BF79BEDDBE72
:10941000880F66BF4F92E0BE0B5E65BFFA63E3BE86
:1094200059AA64BF7533E6BE73F463BFB700E9BEE3
:109430005A3C63BFBBCBEBBE108262BF7994EEBED9
:1094400098C561BFEA5AF1BEF20661BF071FF4BEBC
:10945000214660BFCBE0F6BE27835FBF2DA0F9BEDB
:1094600005BE5EBF275DFCBEBEF65DBFB217FFBE88
:10947000532D5DBFE4E700BFC7615CBFB14202BFCF
:109480001A945BBF3D9C03BF50C45ABF84F404BF11
:109490006AF259BF824B06BF6A1E59BF36A107BF89
:1094A000534858BF9BF508BF267057BFAD480ABF49
:1094B000E59556BF6B9A0BBF93B955BFD0EA0CBF69
:1094C00031DB54BFDA390EBFC3FA53BF84870FBFF5
:1094D000491853BFCDD310BFC63352BFB01E12BF01
:1094E0003D4D51BF2A6813BFAF6450BF39B014BFA0
:1094F0001F7A4FBFD9F615BF908D4EBF073C17BFDF
:10950000029F4DBFC07F18BF79AE4CBF00C219BFCC
:10951000F8BB4BBFC6021BBF7FC74ABF0C421CBF74
:1095200012D149BFD17F1DBFB3D848BF12BC1EBFE7
:1095300065DE47BFCBF61FBF2AE246BFF92F21BF2A
:1095400003E445BF996722BFF5E344BFA99D23BF4C
:1095500000E243BF25D224BF29DE42BF0A0526BF51
:1095600070D841BF563627BFDAD040BF056628BF46
:1095700067C73FBF159429BF1BBC3EBF82C02ABF2F
:10958000F9AE3DBF4AEB2BBF03A03CBF69142DBF12
:109590003B8F3BBFDE3B2EBFA47C3ABFA5612FBFF4
:1095A000426839BFBB8530BF165238BF1DA831BFD6
:1095B000233A37BFC9C832BF6C2036BFBCE733BFC0
:1095C000F30435BFF30435BFBCE733BF6C2036BFAF
:1095D000C9C832BF233A37BF1DA831BF165238BFA2
:1095E000BB8530BF426839BFA5612FBFA47C3ABF9D
:1095F000DE3B2EBF3B8F3BBF69142DBF03A03CBF9A
:109600004AEB2BBFF9AE3DBF82C02ABF1BBC3EBF99
:10961000159429BF67C73FBF056628BFDAD040BF92
:10962000563627BF70D841BF0A0526BF29DE42BF84
:1096300025D224BF00E243BFA99D23BFF5E344BF69
:10964000996722BF03E445BFF92F21BF2AE246BF35
:10965000CBF61FBF65DE47BF12BC1EBFB3D848BFE5
:10966000D17F1DBF12D149BF0C421CBF7FC74ABF6B
:10967000C6021BBFF8BB4BBF00C219BF79AE4CBFBF
:10968000C07F18BF029F4DBF073C17BF908D4EBFD4
:10969000D9F615BF1F7A4FBF39B014BFAF6450BFA2
:1096A0002A6813BF3D4D51BFB01E12BFC63352BF13
:1096B000CDD310BF491853BF84870FBFC3FA53BF20
:1096C000DA390EBF31DB54BFD0EA0CBF93B955BFB6
:1096D0006B9A0BBFE59556BFAD480ABF267057BFC2
:1096E0009BF508BF534858BF36A107BF6A1E59BF34
:1096F000824B06BF6AF259BF84F404BF50C45ABFFC
:109700003D9C03BF1A945BBFB14202BFC7615CBFFF
:10971000E4E700BF532D5DBFB217FFBEBEF65DBFCD
:10972000275DFCBE05BE5EBF2DA0F9BE27835FBFCF
:10973000CBE0F6BE214660BF071FF4BEF20661BF54
:10974000EA5AF1BE98C561BF7994EEBE108262BF3D
:10975000BBCBEBBE5A3C63BFB700E9BE73F463BF3B
:109760007533E6BE59AA64BFFA63E3BE0B5E65BFFC
:109770004F92E0BE880F66BF79BEDDBECCBE66BF2D
:1097800080E8DABED86B67BF6B10D8BEA81668BF7A
:109790004136D5BE3CBF68BF095AD2BE916569BF8C
:1097A000CA7BCFBEA7096ABF8B9BCCBE7BAB6ABF0F
:1097B00053B9C9BE0C4B6BBF29D5C6BE58E86BBFA9
:1097C00015EFC3BE5E836CBF1E07C1BE1D1C6DBFFF
:1097D0004A1DBEBE93B26DBFA031BBBEBE466EBFBA
:1097E0002A44B8BE9ED86EBFEC54B5BE30686FBF79
:1097F000EF63B2BE73F56FBF3A71AFBE668070BFE4
:10980000D47CACBE080971BFC486A9BE578F71BF96
:10981000128FA6BE521372BFC595A3BEF89472BF35
:10982000E59AA0BE471473BF789E9DBE3F9173BF5B
:1098300086A09ABEDD0B74BF17A197BE228474BFA9
:1098400031A094BE0BFA74BFDD9D91BE976D75BFBC
:10985000229A8EBEC6DE75BF07958BBE974D76BF2A
:10986000938E88BE07BA76BFCE8685BE172477BF93
:10987000C07D82BEC58B77BFE1E67EBE10F177BFAB
:10988000CCCF78BEF85378BF51B672BE7BB478BFE8
:109890007F9A6CBE981279BF667C66BE4E6E79BFA9
:1098A000135C60BE9DC779BF97395ABE841E7ABFCC
:1098B000011554BE02737ABF60EE4DBE16C57ABF65
:1098C000C2C547BEBE147BBF379B41BEFC617BBF98
:1098D000CF6E3BBECDAC7BBF984035BE31F57BBF74
:1098E000A2102FBE283B7CBFFCDE28BEB07E7CBF12
:1098F000B6AB22BEC9BF7CBFDE761CBE73FE7CBF8A
:10990000834016BEAC3A7DBFB70810BE74747DBFED
:1099100086CF09BECCAB7DBF029503BEB1E07DBF53
:1099200073B2FABD24137EBF7638EEBD23437EBFEB
:109930002EBCE1BDB0707EBFB93DD5BDC99B7EBF19
:1099400036BDC8BD6DC47EBFC33ABCBD9DEA7EBFF7
:1099500080B6AFBD580E7FBF8C30A3BD9D2F7FBF9B
:1099600005A996BD6D4E7FBF0A208ABDC76A7FBF1D
:10997000742B7BBDAB847FBF681462BD189C7FBF16
:109980002FFB48BD0FB17FBF07E02FBD8FC37FBF47
:109990002CC316BD98D37FBFB949FBBC29E17FBF5B
:1099A000B00AC9BC43EC7FBFB6C996BCE6F47FBF22
:1099B000900E49BC11FB7FBF890FC9BBC4FE7FBF9E
:1099C00000000080000080BF890FC93BC4FE7FBF3C
:1099D000900E493C11FB7FBFB6C9963CE6F47FBFB1
:1099E000B00AC93C43EC7FBFB949FB3C29E17FBFCA
:1099F0002CC3163D98D37FBF07E02F3D8FC37FBF99
:109A00002FFB483D0FB17FBF6814623D189C7FBF9C
:109A1000742B7B3DAB847FBF0A208A3DC76A7FBF22
:109A200005A9963D6D4E7FBF8C30A33D9D2F7FBF16
:109A300080B6AF3D580E7FBFC33ABC3D9DEA7EBFA6
:109A400036BDC83D6DC47EBFB93DD53DC99B7EBF07
:109A50002EBCE13DB0707EBF7638EE3D23437EBF25
:109A600073B2FA3D24137EBF0295033EB1E07DBF81
:109A700086CF093ECCAB7DBFB708103E74747DBF66
:109A80008340163EAC3A7DBFDE761C3E73FE7CBF43
:109A9000B6AB223EC9BF7CBFFCDE283EB07E7CBF99
:109AA000A2102F3E283B7CBF9840353E31F57BBF4E
:109AB000CF6E3B3ECDAC7BBF379B413EFC617BBF55
:109AC000C2C5473EBE147BBF60EE4D3E16C57ABF91
:109AD0000115543E02737ABF97395A3E841E7ABFED
:109AE000135C603E9DC779BF667C663E4E6E79BF53
:109AF0007F9A6C3E981279BF51B6723E7BB478BFA4
:109B0000CCCF783EF85378BFE1E67E3E10F177BFC8
:109B1000C07D823EC58B77BFCE86853E172477BF3A
:109B2000938E883E07BA76BF07958B3E974D76BFDA
:109B3000229A8E3EC6DE75BFDD9D913E976D75BF44
:109B400031A0943E0BFA74BF17A1973E228474BFD4
:109B500086A09A3EDD0B74BF789E9D3E3F9173BFF9
:109B6000E59AA03E471473BFC595A33EF89472BF13
:109B7000128FA63E521372BFC486A93E578F71BF83
:109B8000D47CAC3E080971BF3A71AF3E668070BFAD
:109B9000EF63B23E73F56FBFEC54B53E30686FBFF4
:109BA0002A44B83E9ED86EBFA031BB3EBE466EBFB3
:109BB0004A1DBE3E93B26DBF1E07C13E1D1C6DBF48
:109BC00015EFC33E5E836CBF29D5C63E58E86BBF18
:109BD00053B9C93E0C4B6BBF8B9BCC3E7BAB6ABF72
:109BE000CA7BCF3EA7096ABF095AD23E916569BFB9
:109BF0004136D53E3CBF68BF6B10D83EA81668BF43
:109C000080E8DA3ED86B67BF79BEDD3ECCBE66BF6A
:109C10004F92E03E880F66BFFA63E33E0B5E65BF7E
:109C20007533E63E59AA64BFB700E93E73F463BFDB
:109C3000BBCBEB3E5A3C63BF7994EE3E108262BFD1
:109C4000EA5AF13E98C561BF071FF43EF20661BFB4
:109C5000CBE0F63E214660BF2DA0F93E27835FBFD3
:109C6000275DFC3E05BE5EBFB217FF3EBEF65DBF80
:109C7000E4E7003F532D5DBFB142023FC7615CBFC7
:109C80003D9C033F1A945BBF84F4043F50C45ABF09
:109C9000824B063F6AF259BF36A1073F6A1E59BF81
:109CA0009BF5083F534858BFAD480A3F267057BF41
:109CB0006B9A0B3FE59556BFD0EA0C3F93B955BF61
:109CC000DA390E3F31DB54BF84870F3FC3FA53BFED
:109CD000CDD3103F491853BFB01E123FC63352BFF9
:109CE0002A68133F3D4D51BF39B0143FAF6450BF98
:109CF000D9F6153F1F7A4FBF073C173F908D4EBFD7
:109D0000C07F183F029F4DBF00C2193F79AE4CBFC4
:109D1000C6021B3FF8BB4BBF0C421C3F7FC74ABF6C
:109D2000D17F1D3F12D149BF12BC1E3FB3D848BFDF
:109D3000CBF61F3F65DE47BFF92F213F2AE246BF22
:109D40009967223F03E445BFA99D233FF5E344BF44
:109D500025D2243F00E243BF0A05263F29DE42BF49
:109D60005636273F70D841BF0566283FDAD040BF3E
:109D70001594293F67C73FBF82C02A3F1BBC3EBF27
:109D80004AEB2B3FF9AE3DBF69142D3F03A03CBF0A
:109D9000DE3B2E3F3B8F3BBFA5612F3FA47C3ABFEC
:109DA000BB85303F426839BF1DA8313F165238BFCE
:109DB000C9C8323F233A37BFBCE7333F6C2036BFB8
:109DC000F304353FF30435BF6C20363FBCE733BFA7
:109DD000233A373FC9C832BF1652383F1DA831BF9A
:109DE0004268393FBB8530BFA47C3A3FA5612FBF95
:109DF0003B8F3B3FDE3B2EBF03A03C3F69142DBF92
:109E0000F9AE3D3F4AEB2BBF1BBC3E3F82C02ABF91
:109E100067C73F3F159429BFDAD0403F056628BF8A
:109E200070D8413F563627BF29DE423F0A0526BF7C
:109E300000E2433F25D224BFF5E3443FA99D23BF61
:109E400003E4453F996722BF2AE2463FF92F21BF2D
:109E500065DE473FCBF61FBFB3D8483F12BC1EBFDD
:109E600012D1493FD17F1DBF7FC74A3F0C421CBF63
:109E7000F8BB4B3FC6021BBF79AE4C3F00C219BFB7
:109E8000029F4D3FC07F18BF908D4E3F073C17BFCC
:109E90001F7A4F3FD9F615BFAF64503F39B014BF9A
:109EA0003D4D513F2A6813BFC633523FB01E12BF0B
:109EB0004918533FCDD310BFC3FA533F84870FBF18
:109EC00031DB543FDA390EBF93B9553FD0EA0CBFAE
:109ED000E595563F6B9A0BBF2670573FAD480ABFBA
:109EE0005348583F9BF508BF6A1E593F36A107BF2C
:109EF0006AF2593F824B06BF50C45A3F84F404BFF4
:109F00001A945B3F3D9C03BFC7615C3FB14202BFF7
:109F1000532D5D3FE4E700BFBEF65D3FB217FFBEC5
:109F200005BE5E3F275DFCBE27835F3F2DA0F9BEC7
:109F30002146603FCBE0F6BEF206613F071FF4BE4C
:109F400098C5613FEA5AF1BE1082623F7994EEBE35
:109F50005A3C633FBBCBEBBE73F4633FB700E9BE33
:109F600059AA643F7533E6BE0B5E653FFA63E3BEF4
:109F7000880F663F4F92E0BECCBE663F79BEDDBE25
:109F8000D86B673F80E8DABEA816683F6B10D8BE72
:109F90003CBF683F4136D5BE9165693F095AD2BE84
:109FA000A7096A3FCA7BCFBE7BAB6A3F8B9BCCBE07
:109FB0000C4B6B3F53B9C9BE58E86B3F29D5C6BEA1
:109FC0005E836C3F15EFC3BE1D1C6D3F1E07C1BEF7
:109FD00093B26D3F4A1DBEBEBE466E3FA031BBBEB2
:109FE0009ED86E3F2A44B8BE30686F3FEC54B5BE71
:109FF00073F56F3FEF63B2BE6680703F3A71AFBEDC
:10A000000809713FD47CACBE578F713FC486A9BE8E
:10A010005213723F128FA6BEF894723FC595A3BE2D
:10A020004714733FE59AA0BE3F91733F789E9DBE53
:10A03000DD0B743F86A09ABE2284743F17A197BEA1
:10A040000BFA743F31A094BE976D753FDD9D91BEB4
:10A05000C6DE753F229A8EBE974D763F07958BBE22
:10A0600007BA763F938E88BE1724773FCE8685BE8B
:10A07000C58B773FC07D82BE10F1773FE1E67EBEA3
:10A08000F853783FCCCF78BE7BB4783F51B672BEE0
:10A090009812793F7F9A6CBE4E6E793F667C66BEA1
:10A0A0009DC7793F135C60BE841E7A3F97395ABEC4
:10A0B00002737A3F011554BE16C57A3F60EE4DBE5D
:10A0C000BE147B3FC2C547BEFC617B3F379B41BE90
:10A0D000CDAC7B3FCF6E3BBE31F57B3F984035BE6C
:10A0E000283B7C3FA2102FBEB07E7C3FFCDE28BE0A
:10A0F000C9BF7C3FB6AB22BE73FE7C3FDE761CBE82
:10A10000AC3A7D3F834016BE74747D3FB70810BEE5
:10A11000CCAB7D3F86CF09BEB1E07D3F029503BE4B
:10A1200024137E3F73B2FABD23437E3F7638EEBDE3
:10A13000B0707E3F2EBCE1BDC99B7E3FB93DD5BD11
:10A140006DC47E3F36BDC8BD9DEA7E3FC33ABCBDEF
:10A15000580E7F3F80B6AFBD9D2F7F3F8C30A3BD93
:10A160006D4E7F3F05A996BDC76A7F3F0A208ABD15
:10A17000AB847F3F742B7BBD189C7F3F681462BD0E
:10A180000FB17F3F2FFB48BD8FC37F3F07E02FBD3F
:10A1900098D37F3F2CC316BD29E17F3FB949FBBC53
:10A1A00043EC7F3FB00AC9BCE6F47F3FB6C996BC1A
:10A1B00011FB7F3F900E49BCC4FE7F3F890FC9BB96
:10A1C000000000000000004B000000CBD1F7173763
:10A1D000D1F717B78071313F807131BF0000003F68
:08A1E000000000BFB0AB02203B
:08A1E8001060FD7F0100000082
:08A1F000E10C00080000000072
:08A1F800BD0C0008000000008E
:10A2000000000000FF00000000093D000100000008
:10A21000080000000000000003000000D4A9022094
:10A220002400002000000000D4A902203CAA022043
:10A23000A4AA0220000000000000000000000000AE
:10A24000000000000000000000000000000000000E
:10A2500000000000000000000000000000000000FE
:10A2600000000000000000000000000000000000EE
:08A2700015AB02200000000004
:0400000508000F3DA3
:00000001FF
